475433	-7.037085e-07	1.525417e-06	1.459008e-06	11893
995644	-7.453345e-07	1.525423e-06	1.485184e-06	12150
467177	-7.038771e-07	1.525436e-06	1.458907e-06	11893
987388	-7.455068e-07	1.525443e-06	1.485078e-06	12150
458921	-7.040457e-07	1.525454e-06	1.458807e-06	11893
979132	-7.456792e-07	1.525463e-06	1.484971e-06	12150
450665	-7.042142e-07	1.525473e-06	1.458706e-06	11893
970876	-7.458515e-07	1.525482e-06	1.484864e-06	12150
442409	-7.043828e-07	1.525491e-06	1.458605e-06	11893
962620	-7.460238e-07	1.525502e-06	1.484757e-06	12150
434153	-7.045513e-07	1.525510e-06	1.458504e-06	11893
954364	-7.461961e-07	1.525522e-06	1.484650e-06	12150
425897	-7.047199e-07	1.525529e-06	1.458403e-06	11893
946108	-7.463683e-07	1.525542e-06	1.484544e-06	12150
417641	-7.048884e-07	1.525547e-06	1.458302e-06	11893
937852	-7.465405e-07	1.525561e-06	1.484437e-06	12150
409385	-7.050568e-07	1.525566e-06	1.458201e-06	11893
929596	-7.467128e-07	1.525581e-06	1.484330e-06	12150
401129	-7.052253e-07	1.525585e-06	1.458100e-06	11893
921340	-7.468850e-07	1.525601e-06	1.484223e-06	12150
392873	-7.053937e-07	1.525603e-06	1.457999e-06	11893
913084	-7.470572e-07	1.525621e-06	1.484116e-06	12150
384617	-7.055622e-07	1.525622e-06	1.457898e-06	11893
904828	-7.472294e-07	1.525640e-06	1.484009e-06	12150
376361	-7.057306e-07	1.525641e-06	1.457797e-06	11893
368105	-7.058990e-07	1.525659e-06	1.457696e-06	11893
896572	-7.474015e-07	1.525660e-06	1.483902e-06	12150
359849	-7.060675e-07	1.525678e-06	1.457595e-06	11893
888316	-7.475737e-07	1.525680e-06	1.483795e-06	12150
351593	-7.062358e-07	1.525697e-06	1.457494e-06	11893
880060	-7.477458e-07	1.525700e-06	1.483688e-06	12150
343337	-7.064042e-07	1.525715e-06	1.457393e-06	11893
871804	-7.479180e-07	1.525719e-06	1.483581e-06	12150
335081	-7.065725e-07	1.525734e-06	1.457292e-06	11893
863548	-7.480901e-07	1.525739e-06	1.483473e-06	12150
326825	-7.067409e-07	1.525753e-06	1.457190e-06	11893
855292	-7.482622e-07	1.525759e-06	1.483366e-06	12150
318569	-7.069092e-07	1.525771e-06	1.457089e-06	11893
847036	-7.484342e-07	1.525779e-06	1.483259e-06	12150
310313	-7.070775e-07	1.525790e-06	1.456988e-06	11893
838780	-7.486063e-07	1.525799e-06	1.483152e-06	12150
302057	-7.072458e-07	1.525809e-06	1.456887e-06	11893
830524	-7.487783e-07	1.525818e-06	1.483045e-06	12150
293801	-7.074141e-07	1.525827e-06	1.456785e-06	11893
822268	-7.489504e-07	1.525838e-06	1.482937e-06	12150
285545	-7.075823e-07	1.525846e-06	1.456684e-06	11893
814012	-7.491224e-07	1.525858e-06	1.482830e-06	12150
277289	-7.077505e-07	1.525865e-06	1.456583e-06	11893
805756	-7.492944e-07	1.525878e-06	1.482723e-06	12150
269033	-7.079188e-07	1.525884e-06	1.456481e-06	11893
797500	-7.494663e-07	1.525898e-06	1.482616e-06	12150
260777	-7.080870e-07	1.525902e-06	1.456380e-06	11893
789244	-7.496383e-07	1.525917e-06	1.482508e-06	12150
252521	-7.082552e-07	1.525921e-06	1.456278e-06	11893
780988	-7.498102e-07	1.525937e-06	1.482401e-06	12150
244265	-7.084234e-07	1.525940e-06	1.456177e-06	11893
772732	-7.499822e-07	1.525957e-06	1.482293e-06	12150
236009	-7.085915e-07	1.525959e-06	1.456076e-06	11893
764476	-7.501541e-07	1.525977e-06	1.482186e-06	12150
227753	-7.087597e-07	1.525977e-06	1.455974e-06	11893
219497	-7.089279e-07	1.525996e-06	1.455873e-06	11893
756220	-7.503260e-07	1.525997e-06	1.482079e-06	12150
211241	-7.090960e-07	1.526015e-06	1.455771e-06	11893
747964	-7.504979e-07	1.526017e-06	1.481971e-06	12150
202985	-7.092641e-07	1.526033e-06	1.455669e-06	11893
739708	-7.506698e-07	1.526036e-06	1.481864e-06	12150
194729	-7.094322e-07	1.526052e-06	1.455568e-06	11893
731452	-7.508416e-07	1.526056e-06	1.481756e-06	12150
186473	-7.096003e-07	1.526071e-06	1.455466e-06	11893
723196	-7.510134e-07	1.526076e-06	1.481649e-06	12150
178217	-7.097683e-07	1.526090e-06	1.455365e-06	11893
714940	-7.511852e-07	1.526096e-06	1.481541e-06	12150
169961	-7.099364e-07	1.526109e-06	1.455263e-06	11893
706684	-7.513570e-07	1.526116e-06	1.481433e-06	12150
161705	-7.101044e-07	1.526127e-06	1.455161e-06	11893
698428	-7.515288e-07	1.526136e-06	1.481326e-06	12150
153449	-7.102724e-07	1.526146e-06	1.455060e-06	11893
690172	-7.517006e-07	1.526156e-06	1.481218e-06	12150
145193	-7.104404e-07	1.526165e-06	1.454958e-06	11893
681916	-7.518723e-07	1.526176e-06	1.481110e-06	12150
136937	-7.106084e-07	1.526184e-06	1.454856e-06	11893
673660	-7.520441e-07	1.526195e-06	1.481003e-06	12150
128681	-7.107764e-07	1.526202e-06	1.454754e-06	11893
665404	-7.522158e-07	1.526215e-06	1.480895e-06	12150
120425	-7.109443e-07	1.526221e-06	1.454653e-06	11893
657148	-7.523875e-07	1.526235e-06	1.480787e-06	12150
112169	-7.111123e-07	1.526240e-06	1.454551e-06	11893
648892	-7.525592e-07	1.526255e-06	1.480680e-06	12150
103913	-7.112802e-07	1.526259e-06	1.454449e-06	11893
640636	-7.527309e-07	1.526275e-06	1.480572e-06	12150
95657	-7.114481e-07	1.526278e-06	1.454347e-06	11893
632380	-7.529026e-07	1.526295e-06	1.480464e-06	12150
87401	-7.116161e-07	1.526297e-06	1.454245e-06	11893
624124	-7.530742e-07	1.526315e-06	1.480356e-06	12150
79145	-7.117839e-07	1.526315e-06	1.454143e-06	11893
70889	-7.119518e-07	1.526334e-06	1.454041e-06	11893
615868	-7.532458e-07	1.526335e-06	1.480248e-06	12150
62633	-7.121196e-07	1.526353e-06	1.453939e-06	11893
607612	-7.534174e-07	1.526355e-06	1.480140e-06	12150
54377	-7.122875e-07	1.526372e-06	1.453837e-06	11893
599356	-7.535890e-07	1.526375e-06	1.480032e-06	12150
46121	-7.124553e-07	1.526391e-06	1.453735e-06	11893
591100	-7.537606e-07	1.526395e-06	1.479925e-06	12150
37865	-7.126231e-07	1.526410e-06	1.453633e-06	11893
582844	-7.539322e-07	1.526415e-06	1.479817e-06	12150
29609	-7.127909e-07	1.526428e-06	1.453531e-06	11893
574588	-7.541037e-07	1.526435e-06	1.479709e-06	12150
21353	-7.129587e-07	1.526447e-06	1.453429e-06	11893
566332	-7.542752e-07	1.526454e-06	1.479601e-06	12150
13097	-7.131264e-07	1.526466e-06	1.453327e-06	11893
558076	-7.544468e-07	1.526474e-06	1.479493e-06	12150
4841	-7.132942e-07	1.526485e-06	1.453225e-06	11893
549820	-7.546183e-07	1.526494e-06	1.479384e-06	12150
541564	-7.547897e-07	1.526514e-06	1.479276e-06	12150
533308	-7.549612e-07	1.526534e-06	1.479168e-06	12150
525052	-7.551326e-07	1.526554e-06	1.479060e-06	12150
516796	-7.553041e-07	1.526574e-06	1.478952e-06	12150
508540	-7.554755e-07	1.526594e-06	1.478844e-06	12150
500284	-7.556469e-07	1.526614e-06	1.478736e-06	12150
492028	-7.558183e-07	1.526634e-06	1.478627e-06	12150
483772	-7.559897e-07	1.526654e-06	1.478519e-06	12150
475516	-7.561610e-07	1.526674e-06	1.478411e-06	12150
467260	-7.563323e-07	1.526694e-06	1.478302e-06	12150
459004	-7.565037e-07	1.526714e-06	1.478194e-06	12150
450748	-7.566750e-07	1.526734e-06	1.478086e-06	12150
442492	-7.568462e-07	1.526754e-06	1.477977e-06	12150
434236	-7.570175e-07	1.526774e-06	1.477869e-06	12150
425980	-7.571888e-07	1.526794e-06	1.477761e-06	12150
417724	-7.573601e-07	1.526814e-06	1.477652e-06	12150
409468	-7.575313e-07	1.526834e-06	1.477544e-06	12150
401212	-7.577025e-07	1.526854e-06	1.477435e-06	12150
392956	-7.578736e-07	1.526874e-06	1.477327e-06	12150
384700	-7.580448e-07	1.526894e-06	1.477218e-06	12150
376444	-7.582160e-07	1.526915e-06	1.477110e-06	12150
368188	-7.583872e-07	1.526935e-06	1.477001e-06	12150
359932	-7.585583e-07	1.526955e-06	1.476892e-06	12150
351676	-7.587294e-07	1.526975e-06	1.476784e-06	12150
343420	-7.589005e-07	1.526995e-06	1.476675e-06	12150
335164	-7.590716e-07	1.527015e-06	1.476566e-06	12150
326908	-7.592427e-07	1.527035e-06	1.476458e-06	12150
318652	-7.594137e-07	1.527055e-06	1.476349e-06	12150
310396	-7.595847e-07	1.527075e-06	1.476240e-06	12150
302140	-7.597557e-07	1.527095e-06	1.476131e-06	12150
293884	-7.599267e-07	1.527115e-06	1.476022e-06	12150
285628	-7.600977e-07	1.527136e-06	1.475914e-06	12150
277372	-7.602687e-07	1.527156e-06	1.475805e-06	12150
269116	-7.604396e-07	1.527176e-06	1.475696e-06	12150
260860	-7.606106e-07	1.527196e-06	1.475587e-06	12150
252604	-7.607815e-07	1.527216e-06	1.475478e-06	12150
244348	-7.609524e-07	1.527236e-06	1.475369e-06	12150
236092	-7.611233e-07	1.527256e-06	1.475260e-06	12150
227836	-7.612941e-07	1.527276e-06	1.475151e-06	12150
219580	-7.614650e-07	1.527296e-06	1.475042e-06	12150
211324	-7.616358e-07	1.527317e-06	1.474933e-06	12150
203068	-7.618066e-07	1.527337e-06	1.474824e-06	12150
194812	-7.619774e-07	1.527357e-06	1.474715e-06	12150
186556	-7.621483e-07	1.527377e-06	1.474605e-06	12150
178300	-7.623190e-07	1.527397e-06	1.474496e-06	12150
170044	-7.624898e-07	1.527417e-06	1.474387e-06	12150
161788	-7.626605e-07	1.527438e-06	1.474278e-06	12150
153532	-7.628312e-07	1.527458e-06	1.474169e-06	12150
145276	-7.630019e-07	1.527478e-06	1.474059e-06	12150
137020	-7.631726e-07	1.527498e-06	1.473950e-06	12150
128764	-7.633433e-07	1.527518e-06	1.473841e-06	12150
120508	-7.635140e-07	1.527539e-06	1.473731e-06	12150
112252	-7.636846e-07	1.527559e-06	1.473622e-06	12150
103996	-7.638553e-07	1.527579e-06	1.473513e-06	12150
95740	-7.640259e-07	1.527599e-06	1.473403e-06	12150
87484	-7.641964e-07	1.527619e-06	1.473294e-06	12150
79228	-7.643670e-07	1.527640e-06	1.473185e-06	12150
70972	-7.645376e-07	1.527660e-06	1.473075e-06	12150
62716	-7.647081e-07	1.527680e-06	1.472965e-06	12150
54460	-7.648787e-07	1.527700e-06	1.472856e-06	12150
46204	-7.650492e-07	1.527721e-06	1.472746e-06	12150
37948	-7.652197e-07	1.527741e-06	1.472637e-06	12150
29692	-7.653902e-07	1.527761e-06	1.472527e-06	12150
21436	-7.655606e-07	1.527781e-06	1.472418e-06	12150
13180	-7.657311e-07	1.527801e-06	1.472308e-06	12150
4924	-7.659015e-07	1.527822e-06	1.472198e-06	12150
1152258	-7.158493e-07	1.528103e-06	1.480145e-06	11381
1144002	-7.160208e-07	1.528122e-06	1.480042e-06	11381
1135746	-7.161924e-07	1.528141e-06	1.479940e-06	11381
1127490	-7.163639e-07	1.528159e-06	1.479837e-06	11381
1119234	-7.165354e-07	1.528178e-06	1.479735e-06	11381
1110978	-7.167069e-07	1.528197e-06	1.479632e-06	11381
1149833	-5.935452e-07	1.528209e-06	1.434224e-06	4981
1102722	-7.168783e-07	1.528216e-06	1.479529e-06	11381
1141577	-5.937102e-07	1.528225e-06	1.434139e-06	4981
1094466	-7.170498e-07	1.528235e-06	1.479427e-06	11381
1133321	-5.938751e-07	1.528241e-06	1.434054e-06	4981
1086210	-7.172213e-07	1.528254e-06	1.479324e-06	11381
1125065	-5.940400e-07	1.528256e-06	1.433969e-06	4981
1116809	-5.942050e-07	1.528272e-06	1.433884e-06	4981
1077954	-7.173927e-07	1.528273e-06	1.479221e-06	11381
1108553	-5.943699e-07	1.528288e-06	1.433799e-06	4981
1069698	-7.175641e-07	1.528292e-06	1.479119e-06	11381
1100297	-5.945348e-07	1.528303e-06	1.433714e-06	4981
1061442	-7.177355e-07	1.528311e-06	1.479016e-06	11381
1092041	-5.946997e-07	1.528319e-06	1.433629e-06	4981
1053186	-7.179069e-07	1.528330e-06	1.478913e-06	11381
1083785	-5.948646e-07	1.528335e-06	1.433544e-06	4981
1044930	-7.180782e-07	1.528349e-06	1.478810e-06	11381
1075529	-5.950294e-07	1.528350e-06	1.433459e-06	4981
1067273	-5.951943e-07	1.528366e-06	1.433373e-06	4981
1036674	-7.182496e-07	1.528368e-06	1.478707e-06	11381
1059017	-5.953591e-07	1.528382e-06	1.433288e-06	4981
1028418	-7.184209e-07	1.528387e-06	1.478604e-06	11381
1050761	-5.955239e-07	1.528398e-06	1.433203e-06	4981
1020162	-7.185923e-07	1.528406e-06	1.478502e-06	11381
1042505	-5.956887e-07	1.528413e-06	1.433118e-06	4981
1011906	-7.187635e-07	1.528425e-06	1.478399e-06	11381
1034249	-5.958535e-07	1.528429e-06	1.433032e-06	4981
1003650	-7.189349e-07	1.528444e-06	1.478296e-06	11381
1025993	-5.960183e-07	1.528445e-06	1.432947e-06	4981
1017737	-5.961831e-07	1.528461e-06	1.432862e-06	4981
995394	-7.191061e-07	1.528463e-06	1.478193e-06	11381
1009481	-5.963479e-07	1.528476e-06	1.432776e-06	4981
987138	-7.192774e-07	1.528482e-06	1.478090e-06	11381
1001225	-5.965126e-07	1.528492e-06	1.432691e-06	4981
978882	-7.194486e-07	1.528501e-06	1.477987e-06	11381
992969	-5.966774e-07	1.528508e-06	1.432606e-06	4981
970626	-7.196198e-07	1.528520e-06	1.477884e-06	11381
984713	-5.968421e-07	1.528524e-06	1.432520e-06	4981
962370	-7.197910e-07	1.528539e-06	1.477781e-06	11381
976457	-5.970068e-07	1.528539e-06	1.432435e-06	4981
968201	-5.971715e-07	1.528555e-06	1.432349e-06	4981
954114	-7.199623e-07	1.528558e-06	1.477677e-06	11381
959945	-5.973362e-07	1.528571e-06	1.432264e-06	4981
945858	-7.201335e-07	1.528577e-06	1.477574e-06	11381
951689	-5.975008e-07	1.528587e-06	1.432178e-06	4981
937602	-7.203046e-07	1.528596e-06	1.477471e-06	11381
943433	-5.976655e-07	1.528602e-06	1.432093e-06	4981
929346	-7.204758e-07	1.528615e-06	1.477368e-06	11381
935177	-5.978301e-07	1.528618e-06	1.432007e-06	4981
926921	-5.979948e-07	1.528634e-06	1.431921e-06	4981
921090	-7.206469e-07	1.528634e-06	1.477265e-06	11381
918665	-5.981594e-07	1.528650e-06	1.431836e-06	4981
912834	-7.208180e-07	1.528654e-06	1.477162e-06	11381
910409	-5.983240e-07	1.528666e-06	1.431750e-06	4981
904578	-7.209891e-07	1.528673e-06	1.477058e-06	11381
902153	-5.984886e-07	1.528681e-06	1.431664e-06	4981
896322	-7.211602e-07	1.528692e-06	1.476955e-06	11381
893897	-5.986532e-07	1.528697e-06	1.431579e-06	4981
888066	-7.213313e-07	1.528711e-06	1.476852e-06	11381
885641	-5.988177e-07	1.528713e-06	1.431493e-06	4981
877385	-5.989823e-07	1.528729e-06	1.431407e-06	4981
879810	-7.215024e-07	1.528730e-06	1.476748e-06	11381
869129	-5.991469e-07	1.528745e-06	1.431322e-06	4981
871554	-7.216734e-07	1.528749e-06	1.476645e-06	11381
860873	-5.993114e-07	1.528761e-06	1.431236e-06	4981
863298	-7.218445e-07	1.528768e-06	1.476542e-06	11381
852617	-5.994759e-07	1.528776e-06	1.431150e-06	4981
855042	-7.220154e-07	1.528787e-06	1.476438e-06	11381
844361	-5.996404e-07	1.528792e-06	1.431064e-06	4981
846786	-7.221864e-07	1.528806e-06	1.476335e-06	11381
836105	-5.998049e-07	1.528808e-06	1.430978e-06	4981
827849	-5.999694e-07	1.528824e-06	1.430892e-06	4981
838530	-7.223574e-07	1.528825e-06	1.476232e-06	11381
819593	-6.001339e-07	1.528840e-06	1.430806e-06	4981
830274	-7.225284e-07	1.528844e-06	1.476128e-06	11381
811337	-6.002983e-07	1.528856e-06	1.430721e-06	4981
822018	-7.226993e-07	1.528863e-06	1.476025e-06	11381
803081	-6.004628e-07	1.528872e-06	1.430635e-06	4981
813762	-7.228703e-07	1.528883e-06	1.475921e-06	11381
794825	-6.006272e-07	1.528887e-06	1.430549e-06	4981
805506	-7.230412e-07	1.528902e-06	1.475818e-06	11381
786569	-6.007916e-07	1.528903e-06	1.430463e-06	4981
778313	-6.009560e-07	1.528919e-06	1.430377e-06	4981
797250	-7.232121e-07	1.528921e-06	1.475714e-06	11381
770057	-6.011204e-07	1.528935e-06	1.430290e-06	4981
788994	-7.233830e-07	1.528940e-06	1.475610e-06	11381
761801	-6.012848e-07	1.528951e-06	1.430204e-06	4981
780738	-7.235539e-07	1.528959e-06	1.475507e-06	11381
753545	-6.014491e-07	1.528967e-06	1.430118e-06	4981
772482	-7.237247e-07	1.528978e-06	1.475403e-06	11381
745289	-6.016135e-07	1.528983e-06	1.430032e-06	4981
764226	-7.238956e-07	1.528997e-06	1.475300e-06	11381
737033	-6.017779e-07	1.528998e-06	1.429946e-06	4981
728777	-6.019422e-07	1.529014e-06	1.429860e-06	4981
755970	-7.240664e-07	1.529016e-06	1.475196e-06	11381
720521	-6.021065e-07	1.529030e-06	1.429774e-06	4981
747714	-7.242372e-07	1.529036e-06	1.475092e-06	11381
712265	-6.022708e-07	1.529046e-06	1.429687e-06	4981
739458	-7.244080e-07	1.529055e-06	1.474988e-06	11381
704009	-6.024351e-07	1.529062e-06	1.429601e-06	4981
731202	-7.245788e-07	1.529074e-06	1.474885e-06	11381
695753	-6.025994e-07	1.529078e-06	1.429515e-06	4981
722946	-7.247496e-07	1.529093e-06	1.474781e-06	11381
687497	-6.027636e-07	1.529094e-06	1.429429e-06	4981
679241	-6.029279e-07	1.529110e-06	1.429342e-06	4981
714690	-7.249204e-07	1.529112e-06	1.474677e-06	11381
670985	-6.030921e-07	1.529126e-06	1.429256e-06	4981
706434	-7.250911e-07	1.529132e-06	1.474573e-06	11381
662729	-6.032564e-07	1.529142e-06	1.429170e-06	4981
698178	-7.252618e-07	1.529151e-06	1.474470e-06	11381
654473	-6.034206e-07	1.529158e-06	1.429083e-06	4981
689922	-7.254325e-07	1.529170e-06	1.474366e-06	11381
646217	-6.035847e-07	1.529174e-06	1.428997e-06	4981
681666	-7.256032e-07	1.529189e-06	1.474262e-06	11381
637961	-6.037490e-07	1.529190e-06	1.428911e-06	4981
629705	-6.039131e-07	1.529206e-06	1.428824e-06	4981
673410	-7.257739e-07	1.529208e-06	1.474158e-06	11381
621449	-6.040773e-07	1.529221e-06	1.428738e-06	4981
665154	-7.259445e-07	1.529227e-06	1.474054e-06	11381
613193	-6.042414e-07	1.529237e-06	1.428651e-06	4981
656898	-7.261152e-07	1.529247e-06	1.473950e-06	11381
604937	-6.044056e-07	1.529253e-06	1.428565e-06	4981
648642	-7.262858e-07	1.529266e-06	1.473846e-06	11381
596681	-6.045697e-07	1.529269e-06	1.428478e-06	4981
640386	-7.264564e-07	1.529285e-06	1.473742e-06	11381
588425	-6.047338e-07	1.529285e-06	1.428391e-06	4981
580169	-6.048979e-07	1.529301e-06	1.428305e-06	4981
632130	-7.266270e-07	1.529304e-06	1.473638e-06	11381
571913	-6.050620e-07	1.529317e-06	1.428218e-06	4981
623874	-7.267976e-07	1.529324e-06	1.473534e-06	11381
563657	-6.052260e-07	1.529333e-06	1.428132e-06	4981
615618	-7.269682e-07	1.529343e-06	1.473430e-06	11381
555401	-6.053901e-07	1.529349e-06	1.428045e-06	4981
607362	-7.271387e-07	1.529362e-06	1.473325e-06	11381
547145	-6.055541e-07	1.529365e-06	1.427958e-06	4981
599106	-7.273093e-07	1.529381e-06	1.473221e-06	11381
538889	-6.057182e-07	1.529381e-06	1.427872e-06	4981
530633	-6.058822e-07	1.529397e-06	1.427785e-06	4981
590850	-7.274798e-07	1.529400e-06	1.473117e-06	11381
522377	-6.060462e-07	1.529413e-06	1.427698e-06	4981
582594	-7.276503e-07	1.529420e-06	1.473013e-06	11381
514121	-6.062102e-07	1.529429e-06	1.427611e-06	4981
574338	-7.278208e-07	1.529439e-06	1.472909e-06	11381
505865	-6.063742e-07	1.529445e-06	1.427524e-06	4981
566082	-7.279913e-07	1.529458e-06	1.472805e-06	11381
497609	-6.065382e-07	1.529461e-06	1.427438e-06	4981
489353	-6.067021e-07	1.529477e-06	1.427351e-06	4981
557826	-7.281618e-07	1.529477e-06	1.472700e-06	11381
481097	-6.068661e-07	1.529493e-06	1.427264e-06	4981
549570	-7.283322e-07	1.529497e-06	1.472596e-06	11381
472841	-6.070300e-07	1.529509e-06	1.427177e-06	4981
541314	-7.285026e-07	1.529516e-06	1.472492e-06	11381
464585	-6.071939e-07	1.529525e-06	1.427090e-06	4981
533058	-7.286730e-07	1.529535e-06	1.472387e-06	11381
456329	-6.073578e-07	1.529541e-06	1.427003e-06	4981
524802	-7.288434e-07	1.529554e-06	1.472283e-06	11381
448073	-6.075217e-07	1.529558e-06	1.426916e-06	4981
439817	-6.076856e-07	1.529574e-06	1.426829e-06	4981
516546	-7.290138e-07	1.529574e-06	1.472179e-06	11381
431561	-6.078495e-07	1.529590e-06	1.426742e-06	4981
508290	-7.291841e-07	1.529593e-06	1.472074e-06	11381
423305	-6.080133e-07	1.529606e-06	1.426655e-06	4981
500034	-7.293545e-07	1.529612e-06	1.471970e-06	11381
415049	-6.081771e-07	1.529622e-06	1.426568e-06	4981
491778	-7.295249e-07	1.529632e-06	1.471865e-06	11381
406793	-6.083409e-07	1.529638e-06	1.426481e-06	4981
483522	-7.296952e-07	1.529651e-06	1.471761e-06	11381
398537	-6.085048e-07	1.529654e-06	1.426394e-06	4981
390281	-6.086686e-07	1.529670e-06	1.426307e-06	4981
475266	-7.298655e-07	1.529670e-06	1.471656e-06	11381
382025	-6.088324e-07	1.529686e-06	1.426220e-06	4981
467010	-7.300358e-07	1.529689e-06	1.471552e-06	11381
373769	-6.089962e-07	1.529702e-06	1.426132e-06	4981
458754	-7.302061e-07	1.529709e-06	1.471447e-06	11381
365513	-6.091599e-07	1.529718e-06	1.426045e-06	4981
450498	-7.303763e-07	1.529728e-06	1.471343e-06	11381
357257	-6.093236e-07	1.529734e-06	1.425958e-06	4981
442242	-7.305466e-07	1.529747e-06	1.471238e-06	11381
349001	-6.094874e-07	1.529750e-06	1.425871e-06	4981
340745	-6.096511e-07	1.529767e-06	1.425783e-06	4981
433986	-7.307167e-07	1.529767e-06	1.471133e-06	11381
332489	-6.098148e-07	1.529783e-06	1.425696e-06	4981
425730	-7.308870e-07	1.529786e-06	1.471029e-06	11381
324233	-6.099785e-07	1.529799e-06	1.425609e-06	4981
417474	-7.310572e-07	1.529805e-06	1.470924e-06	11381
315977	-6.101422e-07	1.529815e-06	1.425522e-06	4981
409218	-7.312274e-07	1.529825e-06	1.470819e-06	11381
307721	-6.103059e-07	1.529831e-06	1.425434e-06	4981
400962	-7.313975e-07	1.529844e-06	1.470715e-06	11381
299465	-6.104696e-07	1.529847e-06	1.425347e-06	4981
291209	-6.106332e-07	1.529863e-06	1.425259e-06	4981
392706	-7.315677e-07	1.529863e-06	1.470610e-06	11381
282953	-6.107968e-07	1.529879e-06	1.425172e-06	4981
384450	-7.317378e-07	1.529883e-06	1.470505e-06	11381
274697	-6.109605e-07	1.529896e-06	1.425084e-06	4981
376194	-7.319079e-07	1.529902e-06	1.470400e-06	11381
266441	-6.111241e-07	1.529912e-06	1.424997e-06	4981
367938	-7.320780e-07	1.529922e-06	1.470295e-06	11381
258185	-6.112876e-07	1.529928e-06	1.424909e-06	4981
359682	-7.322481e-07	1.529941e-06	1.470191e-06	11381
249929	-6.114512e-07	1.529944e-06	1.424822e-06	4981
241673	-6.116148e-07	1.529960e-06	1.424734e-06	4981
351426	-7.324182e-07	1.529960e-06	1.470086e-06	11381
233417	-6.117784e-07	1.529976e-06	1.424647e-06	4981
343170	-7.325883e-07	1.529980e-06	1.469981e-06	11381
225161	-6.119419e-07	1.529992e-06	1.424559e-06	4981
334914	-7.327583e-07	1.529999e-06	1.469876e-06	11381
216905	-6.121054e-07	1.530009e-06	1.424472e-06	4981
326658	-7.329283e-07	1.530018e-06	1.469771e-06	11381
208649	-6.122689e-07	1.530025e-06	1.424384e-06	4981
318402	-7.330983e-07	1.530038e-06	1.469666e-06	11381
200393	-6.124324e-07	1.530041e-06	1.424296e-06	4981
310146	-7.332683e-07	1.530057e-06	1.469561e-06	11381
192137	-6.125960e-07	1.530057e-06	1.424209e-06	4981
183881	-6.127594e-07	1.530073e-06	1.424121e-06	4981
301890	-7.334383e-07	1.530077e-06	1.469456e-06	11381
175625	-6.129229e-07	1.530090e-06	1.424033e-06	4981
293634	-7.336083e-07	1.530096e-06	1.469351e-06	11381
167369	-6.130863e-07	1.530106e-06	1.423945e-06	4981
285378	-7.337782e-07	1.530115e-06	1.469246e-06	11381
159113	-6.132498e-07	1.530122e-06	1.423857e-06	4981
277122	-7.339481e-07	1.530135e-06	1.469141e-06	11381
150857	-6.134132e-07	1.530138e-06	1.423770e-06	4981
268866	-7.341181e-07	1.530154e-06	1.469036e-06	11381
142601	-6.135766e-07	1.530154e-06	1.423682e-06	4981
134345	-6.137400e-07	1.530171e-06	1.423594e-06	4981
260610	-7.342879e-07	1.530174e-06	1.468930e-06	11381
126089	-6.139034e-07	1.530187e-06	1.423506e-06	4981
252354	-7.344578e-07	1.530193e-06	1.468825e-06	11381
117833	-6.140668e-07	1.530203e-06	1.423418e-06	4981
244098	-7.346277e-07	1.530212e-06	1.468720e-06	11381
109577	-6.142301e-07	1.530219e-06	1.423330e-06	4981
235842	-7.347976e-07	1.530232e-06	1.468615e-06	11381
101321	-6.143935e-07	1.530236e-06	1.423242e-06	4981
227586	-7.349674e-07	1.530251e-06	1.468510e-06	11381
93065	-6.145568e-07	1.530252e-06	1.423154e-06	4981
84809	-6.147201e-07	1.530268e-06	1.423066e-06	4981
219330	-7.351372e-07	1.530271e-06	1.468404e-06	11381
76553	-6.148834e-07	1.530284e-06	1.422978e-06	4981
211074	-7.353070e-07	1.530290e-06	1.468299e-06	11381
68297	-6.150467e-07	1.530300e-06	1.422890e-06	4981
202818	-7.354768e-07	1.530310e-06	1.468194e-06	11381
60041	-6.152100e-07	1.530317e-06	1.422802e-06	4981
194562	-7.356466e-07	1.530329e-06	1.468088e-06	11381
51785	-6.153733e-07	1.530333e-06	1.422714e-06	4981
186306	-7.358164e-07	1.530349e-06	1.467983e-06	11381
43529	-6.155365e-07	1.530349e-06	1.422626e-06	4981
35273	-6.156998e-07	1.530365e-06	1.422538e-06	4981
178050	-7.359861e-07	1.530368e-06	1.467878e-06	11381
27017	-6.158630e-07	1.530382e-06	1.422450e-06	4981
169794	-7.361559e-07	1.530388e-06	1.467772e-06	11381
18761	-6.160262e-07	1.530398e-06	1.422361e-06	4981
161538	-7.363255e-07	1.530407e-06	1.467667e-06	11381
10505	-6.161894e-07	1.530414e-06	1.422273e-06	4981
153282	-7.364953e-07	1.530427e-06	1.467561e-06	11381
2249	-6.163526e-07	1.530431e-06	1.422185e-06	4981
145026	-7.366650e-07	1.530446e-06	1.467456e-06	11381
136770	-7.368346e-07	1.530465e-06	1.467350e-06	11381
128514	-7.370043e-07	1.530485e-06	1.467245e-06	11381
120258	-7.371739e-07	1.530504e-06	1.467139e-06	11381
112002	-7.373435e-07	1.530524e-06	1.467034e-06	11381
103746	-7.375131e-07	1.530543e-06	1.466928e-06	11381
95490	-7.376827e-07	1.530563e-06	1.466822e-06	11381
87234	-7.378523e-07	1.530582e-06	1.466717e-06	11381
78978	-7.380218e-07	1.530602e-06	1.466611e-06	11381
70722	-7.381914e-07	1.530621e-06	1.466505e-06	11381
62466	-7.383609e-07	1.530641e-06	1.466400e-06	11381
54210	-7.385304e-07	1.530661e-06	1.466294e-06	11381
45954	-7.386999e-07	1.530680e-06	1.466188e-06	11381
37698	-7.388694e-07	1.530700e-06	1.466082e-06	11381
29442	-7.390389e-07	1.530719e-06	1.465977e-06	11381
21186	-7.392083e-07	1.530739e-06	1.465871e-06	11381
12930	-7.393778e-07	1.530758e-06	1.465765e-06	11381
4674	-7.395471e-07	1.530778e-06	1.465659e-06	11381
1154061	-9.347025e-07	1.531425e-06	1.562739e-06	17784
1145805	-9.348858e-07	1.531450e-06	1.562605e-06	17784
1137549	-9.350691e-07	1.531474e-06	1.562471e-06	17784
1129293	-9.352523e-07	1.531499e-06	1.562337e-06	17784
1149942	-6.368730e-07	1.531499e-06	1.453360e-06	5237
1141686	-6.370406e-07	1.531516e-06	1.453269e-06	5237
1121037	-9.354356e-07	1.531524e-06	1.562203e-06	17784
1133430	-6.372082e-07	1.531533e-06	1.453177e-06	5237
1112781	-9.356188e-07	1.531549e-06	1.562069e-06	17784
1125174	-6.373758e-07	1.531550e-06	1.453086e-06	5237
1116918	-6.375433e-07	1.531567e-06	1.452995e-06	5237
1104525	-9.358020e-07	1.531573e-06	1.561935e-06	17784
1108662	-6.377109e-07	1.531584e-06	1.452904e-06	5237
1096269	-9.359852e-07	1.531598e-06	1.561801e-06	17784
1100406	-6.378785e-07	1.531600e-06	1.452812e-06	5237
1092150	-6.380460e-07	1.531617e-06	1.452721e-06	5237
1088013	-9.361684e-07	1.531623e-06	1.561667e-06	17784
1083894	-6.382135e-07	1.531634e-06	1.452630e-06	5237
1079757	-9.363515e-07	1.531648e-06	1.561533e-06	17784
1075638	-6.383810e-07	1.531651e-06	1.452538e-06	5237
1067382	-6.385486e-07	1.531668e-06	1.452447e-06	5237
1071501	-9.365346e-07	1.531673e-06	1.561399e-06	17784
1059126	-6.387160e-07	1.531685e-06	1.452355e-06	5237
1063245	-9.367178e-07	1.531697e-06	1.561265e-06	17784
1050870	-6.388835e-07	1.531702e-06	1.452264e-06	5237
1042614	-6.390509e-07	1.531718e-06	1.452172e-06	5237
1054989	-9.369008e-07	1.531722e-06	1.561130e-06	17784
1034358	-6.392184e-07	1.531735e-06	1.452081e-06	5237
1046733	-9.370839e-07	1.531747e-06	1.560996e-06	17784
1026102	-6.393858e-07	1.531752e-06	1.451989e-06	5237
1017846	-6.395533e-07	1.531769e-06	1.451898e-06	5237
1038477	-9.372669e-07	1.531772e-06	1.560862e-06	17784
1009590	-6.397207e-07	1.531786e-06	1.451806e-06	5237
1030221	-9.374500e-07	1.531797e-06	1.560728e-06	17784
1001334	-6.398880e-07	1.531803e-06	1.451715e-06	5237
993078	-6.400554e-07	1.531820e-06	1.451623e-06	5237
1021965	-9.376329e-07	1.531821e-06	1.560593e-06	17784
984822	-6.402228e-07	1.531837e-06	1.451531e-06	5237
1013709	-9.378159e-07	1.531846e-06	1.560459e-06	17784
976566	-6.403901e-07	1.531854e-06	1.451440e-06	5237
968310	-6.405575e-07	1.531871e-06	1.451348e-06	5237
1005453	-9.379989e-07	1.531871e-06	1.560325e-06	17784
960054	-6.407247e-07	1.531888e-06	1.451256e-06	5237
997197	-9.381818e-07	1.531896e-06	1.560190e-06	17784
951798	-6.408921e-07	1.531904e-06	1.451164e-06	5237
988941	-9.383647e-07	1.531921e-06	1.560056e-06	17784
943542	-6.410594e-07	1.531921e-06	1.451073e-06	5237
935286	-6.412266e-07	1.531938e-06	1.450981e-06	5237
980685	-9.385477e-07	1.531946e-06	1.559921e-06	17784
927030	-6.413939e-07	1.531955e-06	1.450889e-06	5237
972429	-9.387305e-07	1.531970e-06	1.559787e-06	17784
918774	-6.415611e-07	1.531972e-06	1.450797e-06	5237
910518	-6.417284e-07	1.531989e-06	1.450705e-06	5237
964173	-9.389134e-07	1.531995e-06	1.559652e-06	17784
902262	-6.418956e-07	1.532006e-06	1.450613e-06	5237
955917	-9.390963e-07	1.532020e-06	1.559518e-06	17784
894006	-6.420628e-07	1.532023e-06	1.450521e-06	5237
885750	-6.422300e-07	1.532040e-06	1.450430e-06	5237
947661	-9.392791e-07	1.532045e-06	1.559383e-06	17784
877494	-6.423972e-07	1.532057e-06	1.450338e-06	5237
939405	-9.394619e-07	1.532070e-06	1.559249e-06	17784
869238	-6.425644e-07	1.532074e-06	1.450246e-06	5237
860982	-6.427315e-07	1.532091e-06	1.450153e-06	5237
931149	-9.396447e-07	1.532095e-06	1.559114e-06	17784
852726	-6.428987e-07	1.532108e-06	1.450062e-06	5237
922893	-9.398274e-07	1.532120e-06	1.558980e-06	17784
844470	-6.430658e-07	1.532125e-06	1.449969e-06	5237
836214	-6.432329e-07	1.532142e-06	1.449877e-06	5237
914637	-9.400102e-07	1.532145e-06	1.558845e-06	17784
827958	-6.434000e-07	1.532159e-06	1.449785e-06	5237
906381	-9.401929e-07	1.532169e-06	1.558710e-06	17784
819702	-6.435671e-07	1.532176e-06	1.449693e-06	5237
811446	-6.437342e-07	1.532193e-06	1.449601e-06	5237
898125	-9.403756e-07	1.532194e-06	1.558576e-06	17784
803190	-6.439013e-07	1.532210e-06	1.449509e-06	5237
889869	-9.405583e-07	1.532219e-06	1.558441e-06	17784
794934	-6.440683e-07	1.532227e-06	1.449417e-06	5237
786678	-6.442353e-07	1.532244e-06	1.449324e-06	5237
881613	-9.407410e-07	1.532244e-06	1.558306e-06	17784
778422	-6.444023e-07	1.532261e-06	1.449232e-06	5237
873357	-9.409236e-07	1.532269e-06	1.558171e-06	17784
770166	-6.445694e-07	1.532278e-06	1.449140e-06	5237
865101	-9.411062e-07	1.532294e-06	1.558037e-06	17784
761910	-6.447364e-07	1.532295e-06	1.449047e-06	5237
753654	-6.449034e-07	1.532312e-06	1.448955e-06	5237
856845	-9.412888e-07	1.532319e-06	1.557902e-06	17784
745398	-6.450703e-07	1.532329e-06	1.448863e-06	5237
848589	-9.414714e-07	1.532344e-06	1.557767e-06	17784
737142	-6.452373e-07	1.532346e-06	1.448770e-06	5237
728886	-6.454042e-07	1.532363e-06	1.448678e-06	5237
840333	-9.416540e-07	1.532369e-06	1.557632e-06	17784
720630	-6.455711e-07	1.532380e-06	1.448586e-06	5237
832077	-9.418365e-07	1.532394e-06	1.557497e-06	17784
712374	-6.457381e-07	1.532398e-06	1.448493e-06	5237
704118	-6.459049e-07	1.532415e-06	1.448401e-06	5237
823821	-9.420190e-07	1.532419e-06	1.557362e-06	17784
695862	-6.460718e-07	1.532432e-06	1.448308e-06	5237
815565	-9.422016e-07	1.532444e-06	1.557227e-06	17784
687606	-6.462387e-07	1.532449e-06	1.448216e-06	5237
679350	-6.464055e-07	1.532466e-06	1.448123e-06	5237
807309	-9.423840e-07	1.532469e-06	1.557092e-06	17784
671094	-6.465724e-07	1.532483e-06	1.448031e-06	5237
799053	-9.425665e-07	1.532494e-06	1.556957e-06	17784
662838	-6.467392e-07	1.532500e-06	1.447938e-06	5237
654582	-6.469060e-07	1.532517e-06	1.447845e-06	5237
790797	-9.427490e-07	1.532518e-06	1.556822e-06	17784
646326	-6.470728e-07	1.532534e-06	1.447753e-06	5237
782541	-9.429314e-07	1.532543e-06	1.556687e-06	17784
638070	-6.472396e-07	1.532551e-06	1.447660e-06	5237
629814	-6.474064e-07	1.532568e-06	1.447567e-06	5237
774285	-9.431138e-07	1.532568e-06	1.556552e-06	17784
621558	-6.475731e-07	1.532585e-06	1.447475e-06	5237
766029	-9.432961e-07	1.532593e-06	1.556417e-06	17784
613302	-6.477399e-07	1.532603e-06	1.447382e-06	5237
757773	-9.434785e-07	1.532618e-06	1.556282e-06	17784
605046	-6.479066e-07	1.532620e-06	1.447289e-06	5237
596790	-6.480734e-07	1.532637e-06	1.447196e-06	5237
749517	-9.436608e-07	1.532643e-06	1.556147e-06	17784
588534	-6.482400e-07	1.532654e-06	1.447104e-06	5237
741261	-9.438432e-07	1.532668e-06	1.556011e-06	17784
580278	-6.484067e-07	1.532671e-06	1.447011e-06	5237
572022	-6.485734e-07	1.532688e-06	1.446918e-06	5237
733005	-9.440255e-07	1.532693e-06	1.555876e-06	17784
563766	-6.487401e-07	1.532705e-06	1.446825e-06	5237
724749	-9.442078e-07	1.532718e-06	1.555741e-06	17784
555510	-6.489067e-07	1.532723e-06	1.446732e-06	5237
547254	-6.490733e-07	1.532740e-06	1.446639e-06	5237
716493	-9.443900e-07	1.532743e-06	1.555606e-06	17784
538998	-6.492400e-07	1.532757e-06	1.446546e-06	5237
708237	-9.445723e-07	1.532768e-06	1.555470e-06	17784
530742	-6.494066e-07	1.532774e-06	1.446453e-06	5237
522486	-6.495732e-07	1.532791e-06	1.446360e-06	5237
699981	-9.447545e-07	1.532793e-06	1.555335e-06	17784
514230	-6.497398e-07	1.532808e-06	1.446267e-06	5237
691725	-9.449367e-07	1.532818e-06	1.555200e-06	17784
505974	-6.499063e-07	1.532826e-06	1.446174e-06	5237
497718	-6.500729e-07	1.532843e-06	1.446081e-06	5237
683469	-9.451189e-07	1.532843e-06	1.555064e-06	17784
489462	-6.502394e-07	1.532860e-06	1.445988e-06	5237
675213	-9.453011e-07	1.532869e-06	1.554929e-06	17784
481206	-6.504059e-07	1.532877e-06	1.445895e-06	5237
666957	-9.454832e-07	1.532894e-06	1.554793e-06	17784
472950	-6.505725e-07	1.532894e-06	1.445802e-06	5237
464694	-6.507390e-07	1.532911e-06	1.445709e-06	5237
658701	-9.456653e-07	1.532919e-06	1.554658e-06	17784
456438	-6.509054e-07	1.532929e-06	1.445615e-06	5237
650445	-9.458474e-07	1.532944e-06	1.554523e-06	17784
448182	-6.510719e-07	1.532946e-06	1.445522e-06	5237
1151077	-9.297053e-07	1.532959e-06	1.562679e-06	8055
439926	-6.512383e-07	1.532963e-06	1.445429e-06	5237
642189	-9.460295e-07	1.532969e-06	1.554387e-06	17784
431670	-6.514048e-07	1.532980e-06	1.445336e-06	5237
1142821	-9.298885e-07	1.532984e-06	1.562546e-06	8055
633933	-9.462116e-07	1.532994e-06	1.554252e-06	17784
423414	-6.515712e-07	1.532997e-06	1.445242e-06	5237
1134565	-9.300717e-07	1.533009e-06	1.562413e-06	8055
415158	-6.517377e-07	1.533015e-06	1.445149e-06	5237
625677	-9.463936e-07	1.533019e-06	1.554116e-06	17784
406902	-6.519040e-07	1.533032e-06	1.445056e-06	5237
1126309	-9.302549e-07	1.533033e-06	1.562279e-06	8055
617421	-9.465756e-07	1.533044e-06	1.553980e-06	17784
398646	-6.520704e-07	1.533049e-06	1.444962e-06	5237
1118053	-9.304381e-07	1.533058e-06	1.562146e-06	8055
390390	-6.522368e-07	1.533066e-06	1.444869e-06	5237
609165	-9.467576e-07	1.533069e-06	1.553845e-06	17784
1109797	-9.306213e-07	1.533082e-06	1.562013e-06	8055
382134	-6.524032e-07	1.533084e-06	1.444776e-06	5237
600909	-9.469396e-07	1.533094e-06	1.553709e-06	17784
373878	-6.525695e-07	1.533101e-06	1.444682e-06	5237
1101541	-9.308044e-07	1.533107e-06	1.561879e-06	8055
365622	-6.527358e-07	1.533118e-06	1.444589e-06	5237
592653	-9.471216e-07	1.533119e-06	1.553573e-06	17784
1093285	-9.309876e-07	1.533132e-06	1.561746e-06	8055
357366	-6.529021e-07	1.533135e-06	1.444495e-06	5237
584397	-9.473035e-07	1.533144e-06	1.553438e-06	17784
349110	-6.530685e-07	1.533153e-06	1.444402e-06	5237
1085029	-9.311707e-07	1.533156e-06	1.561613e-06	8055
576141	-9.474854e-07	1.533169e-06	1.553302e-06	17784
340854	-6.532347e-07	1.533170e-06	1.444308e-06	5237
1076773	-9.313538e-07	1.533181e-06	1.561479e-06	8055
332598	-6.534010e-07	1.533187e-06	1.444215e-06	5237
567885	-9.476673e-07	1.533194e-06	1.553166e-06	17784
324342	-6.535673e-07	1.533204e-06	1.444121e-06	5237
1068517	-9.315369e-07	1.533206e-06	1.561346e-06	8055
559629	-9.478492e-07	1.533219e-06	1.553031e-06	17784
316086	-6.537335e-07	1.533222e-06	1.444028e-06	5237
1060261	-9.317199e-07	1.533230e-06	1.561212e-06	8055
307830	-6.538997e-07	1.533239e-06	1.443934e-06	5237
551373	-9.480311e-07	1.533244e-06	1.552895e-06	17784
1052005	-9.319029e-07	1.533255e-06	1.561079e-06	8055
299574	-6.540660e-07	1.533256e-06	1.443840e-06	5237
543117	-9.482129e-07	1.533270e-06	1.552759e-06	17784
291318	-6.542322e-07	1.533274e-06	1.443747e-06	5237
1043749	-9.320860e-07	1.533280e-06	1.560945e-06	8055
283062	-6.543984e-07	1.533291e-06	1.443653e-06	5237
534861	-9.483948e-07	1.533295e-06	1.552623e-06	17784
1035493	-9.322690e-07	1.533304e-06	1.560812e-06	8055
274806	-6.545646e-07	1.533308e-06	1.443559e-06	5237
526605	-9.485765e-07	1.533320e-06	1.552487e-06	17784
266550	-6.547307e-07	1.533326e-06	1.443466e-06	5237
1027237	-9.324519e-07	1.533329e-06	1.560678e-06	8055
258294	-6.548969e-07	1.533343e-06	1.443372e-06	5237
518349	-9.487583e-07	1.533345e-06	1.552351e-06	17784
1018981	-9.326349e-07	1.533354e-06	1.560545e-06	8055
250038	-6.550630e-07	1.533360e-06	1.443278e-06	5237
510093	-9.489401e-07	1.533370e-06	1.552215e-06	17784
241782	-6.552291e-07	1.533377e-06	1.443184e-06	5237
1010725	-9.328178e-07	1.533379e-06	1.560411e-06	8055
233526	-6.553952e-07	1.533395e-06	1.443090e-06	5237
501837	-9.491218e-07	1.533395e-06	1.552080e-06	17784
1002469	-9.330008e-07	1.533403e-06	1.560277e-06	8055
225270	-6.555613e-07	1.533412e-06	1.442996e-06	5237
493581	-9.493035e-07	1.533420e-06	1.551944e-06	17784
994213	-9.331836e-07	1.533428e-06	1.560144e-06	8055
217014	-6.557274e-07	1.533429e-06	1.442903e-06	5237
485325	-9.494852e-07	1.533445e-06	1.551807e-06	17784
208758	-6.558935e-07	1.533447e-06	1.442809e-06	5237
985957	-9.333666e-07	1.533453e-06	1.560010e-06	8055
200502	-6.560596e-07	1.533464e-06	1.442715e-06	5237
477069	-9.496669e-07	1.533471e-06	1.551672e-06	17784
977701	-9.335494e-07	1.533477e-06	1.559876e-06	8055
192246	-6.562256e-07	1.533481e-06	1.442621e-06	5237
468813	-9.498486e-07	1.533496e-06	1.551535e-06	17784
183990	-6.563916e-07	1.533499e-06	1.442527e-06	5237
969445	-9.337322e-07	1.533502e-06	1.559743e-06	8055
175734	-6.565576e-07	1.533516e-06	1.442433e-06	5237
460557	-9.500302e-07	1.533521e-06	1.551399e-06	17784
961189	-9.339150e-07	1.533527e-06	1.559609e-06	8055
167478	-6.567236e-07	1.533533e-06	1.442339e-06	5237
452301	-9.502118e-07	1.533546e-06	1.551263e-06	17784
159222	-6.568896e-07	1.533551e-06	1.442245e-06	5237
952933	-9.340978e-07	1.533552e-06	1.559475e-06	8055
150966	-6.570556e-07	1.533568e-06	1.442151e-06	5237
444045	-9.503934e-07	1.533571e-06	1.551127e-06	17784
944677	-9.342806e-07	1.533576e-06	1.559341e-06	8055
142710	-6.572216e-07	1.533586e-06	1.442057e-06	5237
435789	-9.505750e-07	1.533596e-06	1.550991e-06	17784
936421	-9.344633e-07	1.533601e-06	1.559207e-06	8055
134454	-6.573875e-07	1.533603e-06	1.441962e-06	5237
126198	-6.575534e-07	1.533620e-06	1.441868e-06	5237
427533	-9.507565e-07	1.533622e-06	1.550855e-06	17784
928165	-9.346461e-07	1.533626e-06	1.559074e-06	8055
117942	-6.577193e-07	1.533638e-06	1.441774e-06	5237
419277	-9.509381e-07	1.533647e-06	1.550719e-06	17784
919909	-9.348288e-07	1.533651e-06	1.558940e-06	8055
109686	-6.578852e-07	1.533655e-06	1.441680e-06	5237
411021	-9.511196e-07	1.533672e-06	1.550582e-06	17784
101430	-6.580511e-07	1.533673e-06	1.441586e-06	5237
911653	-9.350115e-07	1.533675e-06	1.558806e-06	8055
93174	-6.582170e-07	1.533690e-06	1.441491e-06	5237
402765	-9.513011e-07	1.533697e-06	1.550446e-06	17784
903397	-9.351942e-07	1.533700e-06	1.558672e-06	8055
84918	-6.583828e-07	1.533707e-06	1.441397e-06	5237
394509	-9.514826e-07	1.533722e-06	1.550310e-06	17784
76662	-6.585487e-07	1.533725e-06	1.441303e-06	5237
895141	-9.353769e-07	1.533725e-06	1.558538e-06	8055
68406	-6.587145e-07	1.533742e-06	1.441209e-06	5237
386253	-9.516640e-07	1.533748e-06	1.550173e-06	17784
886885	-9.355595e-07	1.533750e-06	1.558404e-06	8055
60150	-6.588803e-07	1.533759e-06	1.441114e-06	5237
377997	-9.518455e-07	1.533773e-06	1.550037e-06	17784
878629	-9.357421e-07	1.533774e-06	1.558270e-06	8055
51894	-6.590461e-07	1.533777e-06	1.441020e-06	5237
43638	-6.592119e-07	1.533794e-06	1.440926e-06	5237
369741	-9.520269e-07	1.533798e-06	1.549901e-06	17784
870373	-9.359247e-07	1.533799e-06	1.558136e-06	8055
35382	-6.593777e-07	1.533812e-06	1.440831e-06	5237
361485	-9.522083e-07	1.533823e-06	1.549764e-06	17784
862117	-9.361073e-07	1.533824e-06	1.558002e-06	8055
27126	-6.595434e-07	1.533829e-06	1.440737e-06	5237
18870	-6.597092e-07	1.533847e-06	1.440642e-06	5237
353229	-9.523897e-07	1.533848e-06	1.549628e-06	17784
853861	-9.362898e-07	1.533849e-06	1.557867e-06	8055
10614	-6.598750e-07	1.533864e-06	1.440548e-06	5237
1153940	-7.661575e-07	1.533871e-06	1.501993e-06	17272
845605	-9.364724e-07	1.533874e-06	1.557733e-06	8055
344973	-9.525710e-07	1.533874e-06	1.549491e-06	17784
2358	-6.600407e-07	1.533881e-06	1.440453e-06	5237
1145684	-7.663321e-07	1.533891e-06	1.501884e-06	17272
837349	-9.366549e-07	1.533898e-06	1.557599e-06	8055
336717	-9.527524e-07	1.533899e-06	1.549355e-06	17784
1137428	-7.665066e-07	1.533911e-06	1.501774e-06	17272
829093	-9.368374e-07	1.533923e-06	1.557465e-06	8055
328461	-9.529337e-07	1.533924e-06	1.549218e-06	17784
1129172	-7.666811e-07	1.533932e-06	1.501664e-06	17272
820837	-9.370199e-07	1.533948e-06	1.557331e-06	8055
320205	-9.531150e-07	1.533949e-06	1.549082e-06	17784
1120916	-7.668556e-07	1.533952e-06	1.501554e-06	17272
1112660	-7.670300e-07	1.533972e-06	1.501445e-06	17272
812581	-9.372023e-07	1.533973e-06	1.557197e-06	8055
311949	-9.532963e-07	1.533975e-06	1.548946e-06	17784
1104404	-7.672045e-07	1.533992e-06	1.501335e-06	17272
804325	-9.373848e-07	1.533998e-06	1.557062e-06	8055
303693	-9.534775e-07	1.534000e-06	1.548809e-06	17784
1096148	-7.673789e-07	1.534013e-06	1.501225e-06	17272
796069	-9.375672e-07	1.534022e-06	1.556928e-06	8055
295437	-9.536587e-07	1.534025e-06	1.548672e-06	17784
1087892	-7.675533e-07	1.534033e-06	1.501115e-06	17272
787813	-9.377496e-07	1.534047e-06	1.556794e-06	8055
287181	-9.538400e-07	1.534050e-06	1.548536e-06	17784
1079636	-7.677277e-07	1.534053e-06	1.501005e-06	17272
779557	-9.379320e-07	1.534072e-06	1.556659e-06	8055
1071380	-7.679021e-07	1.534074e-06	1.500895e-06	17272
278925	-9.540212e-07	1.534076e-06	1.548399e-06	17784
1063124	-7.680765e-07	1.534094e-06	1.500785e-06	17272
771301	-9.381143e-07	1.534097e-06	1.556525e-06	8055
270669	-9.542024e-07	1.534101e-06	1.548262e-06	17784
1054868	-7.682508e-07	1.534114e-06	1.500675e-06	17272
763045	-9.382967e-07	1.534122e-06	1.556391e-06	8055
262413	-9.543835e-07	1.534126e-06	1.548126e-06	17784
1046612	-7.684251e-07	1.534135e-06	1.500565e-06	17272
754789	-9.384790e-07	1.534147e-06	1.556256e-06	8055
254157	-9.545646e-07	1.534151e-06	1.547989e-06	17784
1038356	-7.685994e-07	1.534155e-06	1.500455e-06	17272
746533	-9.386613e-07	1.534171e-06	1.556122e-06	8055
1030100	-7.687738e-07	1.534175e-06	1.500345e-06	17272
245901	-9.547457e-07	1.534177e-06	1.547852e-06	17784
1021844	-7.689480e-07	1.534196e-06	1.500235e-06	17272
738277	-9.388436e-07	1.534196e-06	1.555987e-06	8055
237645	-9.549268e-07	1.534202e-06	1.547715e-06	17784
1013588	-7.691223e-07	1.534216e-06	1.500125e-06	17272
730021	-9.390258e-07	1.534221e-06	1.555853e-06	8055
229389	-9.551079e-07	1.534227e-06	1.547579e-06	17784
1005332	-7.692965e-07	1.534236e-06	1.500014e-06	17272
721765	-9.392081e-07	1.534246e-06	1.555718e-06	8055
221133	-9.552890e-07	1.534253e-06	1.547442e-06	17784
997076	-7.694708e-07	1.534257e-06	1.499904e-06	17272
713509	-9.393903e-07	1.534271e-06	1.555584e-06	8055
988820	-7.696450e-07	1.534277e-06	1.499794e-06	17272
212877	-9.554700e-07	1.534278e-06	1.547305e-06	17784
705253	-9.395725e-07	1.534296e-06	1.555449e-06	8055
980564	-7.698192e-07	1.534297e-06	1.499684e-06	17272
204621	-9.556510e-07	1.534303e-06	1.547168e-06	17784
972308	-7.699934e-07	1.534318e-06	1.499573e-06	17272
696997	-9.397547e-07	1.534321e-06	1.555314e-06	8055
196365	-9.558320e-07	1.534328e-06	1.547031e-06	17784
964052	-7.701676e-07	1.534338e-06	1.499463e-06	17272
688741	-9.399369e-07	1.534346e-06	1.555180e-06	8055
188109	-9.560130e-07	1.534354e-06	1.546894e-06	17784
955796	-7.703417e-07	1.534358e-06	1.499353e-06	17272
680485	-9.401190e-07	1.534370e-06	1.555045e-06	8055
947540	-7.705158e-07	1.534379e-06	1.499242e-06	17272
179853	-9.561940e-07	1.534379e-06	1.546757e-06	17784
672229	-9.403011e-07	1.534395e-06	1.554910e-06	8055
939284	-7.706900e-07	1.534399e-06	1.499132e-06	17272
171597	-9.563748e-07	1.534404e-06	1.546620e-06	17784
931028	-7.708641e-07	1.534420e-06	1.499022e-06	17272
663973	-9.404832e-07	1.534420e-06	1.554776e-06	8055
163341	-9.565558e-07	1.534430e-06	1.546483e-06	17784
922772	-7.710382e-07	1.534440e-06	1.498911e-06	17272
655717	-9.406652e-07	1.534445e-06	1.554641e-06	8055
155085	-9.567367e-07	1.534455e-06	1.546346e-06	17784
914516	-7.712122e-07	1.534460e-06	1.498801e-06	17272
647461	-9.408473e-07	1.534470e-06	1.554506e-06	8055
146829	-9.569176e-07	1.534480e-06	1.546209e-06	17784
906260	-7.713863e-07	1.534481e-06	1.498690e-06	17272
639205	-9.410294e-07	1.534495e-06	1.554371e-06	8055
898004	-7.715603e-07	1.534501e-06	1.498580e-06	17272
138573	-9.570983e-07	1.534506e-06	1.546072e-06	17784
630949	-9.412114e-07	1.534520e-06	1.554237e-06	8055
889748	-7.717343e-07	1.534522e-06	1.498469e-06	17272
130317	-9.572792e-07	1.534531e-06	1.545935e-06	17784
881492	-7.719083e-07	1.534542e-06	1.498359e-06	17272
622693	-9.413934e-07	1.534545e-06	1.554102e-06	8055
122061	-9.574600e-07	1.534556e-06	1.545798e-06	17784
873236	-7.720823e-07	1.534563e-06	1.498248e-06	17272
614437	-9.415754e-07	1.534570e-06	1.553967e-06	8055
113805	-9.576409e-07	1.534582e-06	1.545661e-06	17784
864980	-7.722563e-07	1.534583e-06	1.498138e-06	17272
606181	-9.417573e-07	1.534595e-06	1.553832e-06	8055
856724	-7.724303e-07	1.534603e-06	1.498027e-06	17272
105549	-9.578216e-07	1.534607e-06	1.545523e-06	17784
597925	-9.419393e-07	1.534620e-06	1.553697e-06	8055
848468	-7.726042e-07	1.534624e-06	1.497917e-06	17272
97293	-9.580024e-07	1.534633e-06	1.545386e-06	17784
840212	-7.727781e-07	1.534644e-06	1.497806e-06	17272
589669	-9.421212e-07	1.534645e-06	1.553562e-06	8055
89037	-9.581830e-07	1.534658e-06	1.545249e-06	17784
831956	-7.729520e-07	1.534665e-06	1.497695e-06	17272
581413	-9.423031e-07	1.534669e-06	1.553427e-06	8055
80781	-9.583638e-07	1.534683e-06	1.545112e-06	17784
823700	-7.731259e-07	1.534685e-06	1.497584e-06	17272
573157	-9.424850e-07	1.534694e-06	1.553292e-06	8055
815444	-7.732998e-07	1.534706e-06	1.497474e-06	17272
72525	-9.585444e-07	1.534709e-06	1.544974e-06	17784
564901	-9.426668e-07	1.534719e-06	1.553157e-06	8055
807188	-7.734736e-07	1.534726e-06	1.497363e-06	17272
64269	-9.587251e-07	1.534734e-06	1.544837e-06	17784
556645	-9.428487e-07	1.534744e-06	1.553022e-06	8055
798932	-7.736475e-07	1.534747e-06	1.497252e-06	17272
56013	-9.589057e-07	1.534759e-06	1.544700e-06	17784
790676	-7.738213e-07	1.534767e-06	1.497141e-06	17272
548389	-9.430305e-07	1.534769e-06	1.552887e-06	8055
47757	-9.590864e-07	1.534785e-06	1.544562e-06	17784
782420	-7.739951e-07	1.534787e-06	1.497030e-06	17272
540133	-9.432123e-07	1.534794e-06	1.552752e-06	8055
774164	-7.741689e-07	1.534808e-06	1.496920e-06	17272
39501	-9.592670e-07	1.534810e-06	1.544425e-06	17784
531877	-9.433941e-07	1.534819e-06	1.552617e-06	8055
765908	-7.743427e-07	1.534828e-06	1.496809e-06	17272
31245	-9.594476e-07	1.534836e-06	1.544287e-06	17784
523621	-9.435758e-07	1.534844e-06	1.552482e-06	8055
757652	-7.745164e-07	1.534849e-06	1.496698e-06	17272
22989	-9.596281e-07	1.534861e-06	1.544150e-06	17784
515365	-9.437576e-07	1.534869e-06	1.552346e-06	8055
749396	-7.746902e-07	1.534869e-06	1.496587e-06	17272
14733	-9.598086e-07	1.534887e-06	1.544012e-06	17784
741140	-7.748639e-07	1.534890e-06	1.496476e-06	17272
507109	-9.439393e-07	1.534894e-06	1.552211e-06	8055
732884	-7.750376e-07	1.534910e-06	1.496365e-06	17272
6477	-9.599892e-07	1.534912e-06	1.543875e-06	17784
498853	-9.441210e-07	1.534919e-06	1.552076e-06	8055
724628	-7.752113e-07	1.534931e-06	1.496254e-06	17272
490597	-9.443027e-07	1.534944e-06	1.551941e-06	8055
716372	-7.753850e-07	1.534951e-06	1.496143e-06	17272
482341	-9.444843e-07	1.534969e-06	1.551806e-06	8055
708116	-7.755586e-07	1.534972e-06	1.496032e-06	17272
699860	-7.757323e-07	1.534993e-06	1.495921e-06	17272
474085	-9.446659e-07	1.534994e-06	1.551670e-06	8055
691604	-7.759059e-07	1.535013e-06	1.495810e-06	17272
465829	-9.448476e-07	1.535019e-06	1.551535e-06	8055
683348	-7.760796e-07	1.535034e-06	1.495698e-06	17272
457573	-9.450292e-07	1.535044e-06	1.551400e-06	8055
675092	-7.762531e-07	1.535054e-06	1.495587e-06	17272
449317	-9.452107e-07	1.535069e-06	1.551264e-06	8055
666836	-7.764267e-07	1.535075e-06	1.495476e-06	17272
441061	-9.453923e-07	1.535094e-06	1.551129e-06	8055
658580	-7.766002e-07	1.535095e-06	1.495365e-06	17272
650324	-7.767738e-07	1.535116e-06	1.495254e-06	17272
432805	-9.455738e-07	1.535119e-06	1.550993e-06	8055
642068	-7.769473e-07	1.535136e-06	1.495142e-06	17272
424549	-9.457553e-07	1.535144e-06	1.550858e-06	8055
633812	-7.771209e-07	1.535157e-06	1.495031e-06	17272
416293	-9.459368e-07	1.535169e-06	1.550722e-06	8055
625556	-7.772944e-07	1.535177e-06	1.494920e-06	17272
408037	-9.461183e-07	1.535195e-06	1.550587e-06	8055
617300	-7.774678e-07	1.535198e-06	1.494808e-06	17272
609044	-7.776413e-07	1.535219e-06	1.494697e-06	17272
399781	-9.462998e-07	1.535220e-06	1.550451e-06	8055
600788	-7.778147e-07	1.535239e-06	1.494586e-06	17272
391525	-9.464812e-07	1.535245e-06	1.550316e-06	8055
592532	-7.779881e-07	1.535260e-06	1.494474e-06	17272
383269	-9.466627e-07	1.535270e-06	1.550180e-06	8055
584276	-7.781616e-07	1.535280e-06	1.494363e-06	17272
375013	-9.468441e-07	1.535295e-06	1.550044e-06	8055
576020	-7.783350e-07	1.535301e-06	1.494251e-06	17272
366757	-9.470255e-07	1.535320e-06	1.549909e-06	8055
567764	-7.785084e-07	1.535321e-06	1.494140e-06	17272
559508	-7.786817e-07	1.535342e-06	1.494028e-06	17272
358501	-9.472068e-07	1.535345e-06	1.549773e-06	8055
551252	-7.788551e-07	1.535363e-06	1.493917e-06	17272
350245	-9.473881e-07	1.535370e-06	1.549637e-06	8055
542996	-7.790284e-07	1.535383e-06	1.493805e-06	17272
341989	-9.475694e-07	1.535395e-06	1.549502e-06	8055
534740	-7.792017e-07	1.535404e-06	1.493694e-06	17272
333733	-9.477508e-07	1.535420e-06	1.549366e-06	8055
526484	-7.793750e-07	1.535424e-06	1.493582e-06	17272
518228	-7.795483e-07	1.535445e-06	1.493470e-06	17272
325477	-9.479321e-07	1.535445e-06	1.549230e-06	8055
509972	-7.797215e-07	1.535466e-06	1.493359e-06	17272
317221	-9.481133e-07	1.535470e-06	1.549094e-06	8055
501716	-7.798948e-07	1.535486e-06	1.493247e-06	17272
308965	-9.482945e-07	1.535495e-06	1.548959e-06	8055
493460	-7.800680e-07	1.535507e-06	1.493135e-06	17272
300709	-9.484758e-07	1.535521e-06	1.548823e-06	8055
485204	-7.802412e-07	1.535528e-06	1.493024e-06	17272
292453	-9.486569e-07	1.535546e-06	1.548687e-06	8055
476948	-7.804144e-07	1.535548e-06	1.492912e-06	17272
468692	-7.805876e-07	1.535569e-06	1.492800e-06	17272
284197	-9.488381e-07	1.535571e-06	1.548551e-06	8055
460436	-7.807608e-07	1.535590e-06	1.492688e-06	17272
275941	-9.490193e-07	1.535596e-06	1.548415e-06	8055
452180	-7.809339e-07	1.535610e-06	1.492577e-06	17272
267685	-9.492004e-07	1.535621e-06	1.548279e-06	8055
443924	-7.811071e-07	1.535631e-06	1.492465e-06	17272
259429	-9.493815e-07	1.535646e-06	1.548143e-06	8055
435668	-7.812802e-07	1.535652e-06	1.492353e-06	17272
251173	-9.495626e-07	1.535671e-06	1.548007e-06	8055
427412	-7.814533e-07	1.535672e-06	1.492241e-06	17272
419156	-7.816263e-07	1.535693e-06	1.492129e-06	17272
242917	-9.497437e-07	1.535697e-06	1.547871e-06	8055
410900	-7.817994e-07	1.535714e-06	1.492017e-06	17272
234661	-9.499248e-07	1.535722e-06	1.547735e-06	8055
402644	-7.819725e-07	1.535734e-06	1.491905e-06	17272
226405	-9.501058e-07	1.535747e-06	1.547599e-06	8055
394388	-7.821455e-07	1.535755e-06	1.491793e-06	17272
218149	-9.502868e-07	1.535772e-06	1.547463e-06	8055
386132	-7.823185e-07	1.535776e-06	1.491681e-06	17272
377876	-7.824915e-07	1.535796e-06	1.491569e-06	17272
209893	-9.504678e-07	1.535797e-06	1.547327e-06	8055
369620	-7.826645e-07	1.535817e-06	1.491457e-06	17272
201637	-9.506488e-07	1.535822e-06	1.547190e-06	8055
361364	-7.828374e-07	1.535838e-06	1.491345e-06	17272
193381	-9.508297e-07	1.535848e-06	1.547054e-06	8055
353108	-7.830104e-07	1.535858e-06	1.491233e-06	17272
185125	-9.510106e-07	1.535873e-06	1.546918e-06	8055
344852	-7.831833e-07	1.535879e-06	1.491120e-06	17272
176869	-9.511916e-07	1.535898e-06	1.546782e-06	8055
336596	-7.833563e-07	1.535900e-06	1.491008e-06	17272
328340	-7.835291e-07	1.535921e-06	1.490896e-06	17272
168613	-9.513724e-07	1.535923e-06	1.546646e-06	8055
320084	-7.837020e-07	1.535941e-06	1.490784e-06	17272
160357	-9.515533e-07	1.535948e-06	1.546509e-06	8055
311828	-7.838749e-07	1.535962e-06	1.490672e-06	17272
152101	-9.517342e-07	1.535974e-06	1.546373e-06	8055
303572	-7.840478e-07	1.535983e-06	1.490559e-06	17272
143845	-9.519150e-07	1.535999e-06	1.546236e-06	8055
295316	-7.842206e-07	1.536004e-06	1.490447e-06	17272
135589	-9.520958e-07	1.536024e-06	1.546100e-06	8055
287060	-7.843934e-07	1.536024e-06	1.490335e-06	17272
278804	-7.845662e-07	1.536045e-06	1.490222e-06	17272
127333	-9.522767e-07	1.536049e-06	1.545964e-06	8055
270548	-7.847390e-07	1.536066e-06	1.490110e-06	17272
119077	-9.524574e-07	1.536074e-06	1.545827e-06	8055
262292	-7.849117e-07	1.536087e-06	1.489998e-06	17272
110821	-9.526382e-07	1.536100e-06	1.545691e-06	8055
254036	-7.850845e-07	1.536107e-06	1.489885e-06	17272
102565	-9.528189e-07	1.536125e-06	1.545554e-06	8055
245780	-7.852572e-07	1.536128e-06	1.489773e-06	17272
237524	-7.854299e-07	1.536149e-06	1.489660e-06	17272
94309	-9.529996e-07	1.536150e-06	1.545418e-06	8055
229268	-7.856026e-07	1.536170e-06	1.489548e-06	17272
86053	-9.531803e-07	1.536175e-06	1.545281e-06	8055
221012	-7.857753e-07	1.536191e-06	1.489435e-06	17272
77797	-9.533609e-07	1.536201e-06	1.545145e-06	8055
212756	-7.859480e-07	1.536211e-06	1.489323e-06	17272
69541	-9.535416e-07	1.536226e-06	1.545008e-06	8055
204500	-7.861206e-07	1.536232e-06	1.489210e-06	17272
61285	-9.537223e-07	1.536251e-06	1.544872e-06	8055
196244	-7.862932e-07	1.536253e-06	1.489097e-06	17272
187988	-7.864659e-07	1.536274e-06	1.488985e-06	17272
53029	-9.539028e-07	1.536276e-06	1.544735e-06	8055
179732	-7.866385e-07	1.536295e-06	1.488872e-06	17272
44773	-9.540835e-07	1.536302e-06	1.544598e-06	8055
171476	-7.868110e-07	1.536315e-06	1.488759e-06	17272
36517	-9.542640e-07	1.536327e-06	1.544462e-06	8055
163220	-7.869836e-07	1.536336e-06	1.488647e-06	17272
28261	-9.544445e-07	1.536352e-06	1.544325e-06	8055
154964	-7.871561e-07	1.536357e-06	1.488534e-06	17272
20005	-9.546251e-07	1.536377e-06	1.544188e-06	8055
146708	-7.873287e-07	1.536378e-06	1.488421e-06	17272
138452	-7.875012e-07	1.536399e-06	1.488308e-06	17272
11749	-9.548056e-07	1.536403e-06	1.544051e-06	8055
130196	-7.876737e-07	1.536420e-06	1.488196e-06	17272
3493	-9.549861e-07	1.536428e-06	1.543915e-06	8055
121940	-7.878462e-07	1.536440e-06	1.488083e-06	17272
113684	-7.880187e-07	1.536461e-06	1.487970e-06	17272
105428	-7.881911e-07	1.536482e-06	1.487857e-06	17272
97172	-7.883635e-07	1.536503e-06	1.487744e-06	17272
88916	-7.885359e-07	1.536524e-06	1.487631e-06	17272
80660	-7.887083e-07	1.536545e-06	1.487518e-06	17272
72404	-7.888807e-07	1.536565e-06	1.487405e-06	17272
1148447	-7.577580e-07	1.536573e-06	1.502147e-06	1909
64148	-7.890531e-07	1.536586e-06	1.487292e-06	17272
1140191	-7.579325e-07	1.536593e-06	1.502039e-06	1909
55892	-7.892254e-07	1.536607e-06	1.487179e-06	17272
1131935	-7.581069e-07	1.536613e-06	1.501930e-06	1909
47636	-7.893977e-07	1.536628e-06	1.487066e-06	17272
1123679	-7.582814e-07	1.536633e-06	1.501822e-06	1909
39380	-7.895701e-07	1.536649e-06	1.486953e-06	17272
1115423	-7.584558e-07	1.536653e-06	1.501713e-06	1909
31124	-7.897424e-07	1.536670e-06	1.486840e-06	17272
1107167	-7.586302e-07	1.536673e-06	1.501604e-06	1909
22868	-7.899146e-07	1.536691e-06	1.486727e-06	17272
1098911	-7.588046e-07	1.536693e-06	1.501496e-06	1909
14612	-7.900869e-07	1.536712e-06	1.486614e-06	17272
1090655	-7.589790e-07	1.536713e-06	1.501387e-06	1909
6356	-7.902592e-07	1.536733e-06	1.486501e-06	17272
1082399	-7.591534e-07	1.536733e-06	1.501278e-06	1909
1074143	-7.593277e-07	1.536753e-06	1.501169e-06	1909
1065887	-7.595020e-07	1.536773e-06	1.501061e-06	1909
1057631	-7.596764e-07	1.536794e-06	1.500952e-06	1909
1049375	-7.598506e-07	1.536814e-06	1.500843e-06	1909
1041119	-7.600249e-07	1.536834e-06	1.500734e-06	1909
1032863	-7.601992e-07	1.536854e-06	1.500625e-06	1909
1024607	-7.603734e-07	1.536874e-06	1.500517e-06	1909
1016351	-7.605477e-07	1.536894e-06	1.500408e-06	1909
1008095	-7.607219e-07	1.536914e-06	1.500299e-06	1909
999839	-7.608961e-07	1.536934e-06	1.500190e-06	1909
991583	-7.610703e-07	1.536955e-06	1.500081e-06	1909
983327	-7.612445e-07	1.536975e-06	1.499972e-06	1909
975071	-7.614186e-07	1.536995e-06	1.499863e-06	1909
966815	-7.615928e-07	1.537015e-06	1.499754e-06	1909
958559	-7.617669e-07	1.537035e-06	1.499645e-06	1909
950303	-7.619410e-07	1.537055e-06	1.499535e-06	1909
942047	-7.621151e-07	1.537075e-06	1.499426e-06	1909
933791	-7.622892e-07	1.537095e-06	1.499317e-06	1909
925535	-7.624632e-07	1.537116e-06	1.499208e-06	1909
917279	-7.626373e-07	1.537136e-06	1.499099e-06	1909
909023	-7.628113e-07	1.537156e-06	1.498989e-06	1909
900767	-7.629853e-07	1.537176e-06	1.498880e-06	1909
892511	-7.631593e-07	1.537196e-06	1.498771e-06	1909
884255	-7.633333e-07	1.537217e-06	1.498662e-06	1909
875999	-7.635072e-07	1.537237e-06	1.498552e-06	1909
867743	-7.636812e-07	1.537257e-06	1.498443e-06	1909
859487	-7.638551e-07	1.537277e-06	1.498334e-06	1909
851231	-7.640290e-07	1.537297e-06	1.498224e-06	1909
842975	-7.642029e-07	1.537318e-06	1.498115e-06	1909
834719	-7.643768e-07	1.537338e-06	1.498005e-06	1909
826463	-7.645506e-07	1.537358e-06	1.497896e-06	1909
818207	-7.647245e-07	1.537378e-06	1.497786e-06	1909
809951	-7.648983e-07	1.537398e-06	1.497677e-06	1909
801695	-7.650722e-07	1.537419e-06	1.497567e-06	1909
793439	-7.652459e-07	1.537439e-06	1.497458e-06	1909
785183	-7.654197e-07	1.537459e-06	1.497348e-06	1909
776927	-7.655935e-07	1.537479e-06	1.497238e-06	1909
768671	-7.657673e-07	1.537500e-06	1.497129e-06	1909
760415	-7.659410e-07	1.537520e-06	1.497019e-06	1909
752159	-7.661147e-07	1.537540e-06	1.496909e-06	1909
743903	-7.662884e-07	1.537560e-06	1.496800e-06	1909
735647	-7.664621e-07	1.537581e-06	1.496690e-06	1909
727391	-7.666358e-07	1.537601e-06	1.496580e-06	1909
719135	-7.668094e-07	1.537621e-06	1.496470e-06	1909
710879	-7.669830e-07	1.537642e-06	1.496360e-06	1909
702623	-7.671567e-07	1.537662e-06	1.496251e-06	1909
694367	-7.673303e-07	1.537682e-06	1.496141e-06	1909
686111	-7.675039e-07	1.537702e-06	1.496031e-06	1909
677855	-7.676774e-07	1.537723e-06	1.495921e-06	1909
669599	-7.678510e-07	1.537743e-06	1.495811e-06	1909
1152667	-4.635525e-07	1.537751e-06	1.400656e-06	12660
1144411	-4.637124e-07	1.537763e-06	1.400590e-06	12660
661343	-7.680245e-07	1.537763e-06	1.495701e-06	1909
1136155	-4.638723e-07	1.537775e-06	1.400523e-06	12660
653087	-7.681980e-07	1.537784e-06	1.495591e-06	1909
1127899	-4.640322e-07	1.537788e-06	1.400457e-06	12660
1119643	-4.641921e-07	1.537800e-06	1.400390e-06	12660
644831	-7.683715e-07	1.537804e-06	1.495481e-06	1909
1111387	-4.643519e-07	1.537812e-06	1.400324e-06	12660
1103131	-4.645117e-07	1.537824e-06	1.400258e-06	12660
636575	-7.685450e-07	1.537824e-06	1.495371e-06	1909
1094875	-4.646716e-07	1.537837e-06	1.400191e-06	12660
628319	-7.687185e-07	1.537845e-06	1.495261e-06	1909
1086619	-4.648314e-07	1.537849e-06	1.400125e-06	12660
1078363	-4.649912e-07	1.537861e-06	1.400058e-06	12660
620063	-7.688919e-07	1.537865e-06	1.495151e-06	1909
1070107	-4.651510e-07	1.537873e-06	1.399991e-06	12660
611807	-7.690654e-07	1.537885e-06	1.495041e-06	1909
1061851	-4.653108e-07	1.537886e-06	1.399925e-06	12660
1053595	-4.654706e-07	1.537898e-06	1.399858e-06	12660
603551	-7.692389e-07	1.537906e-06	1.494930e-06	1909
1045339	-4.656304e-07	1.537910e-06	1.399792e-06	12660
1037083	-4.657902e-07	1.537922e-06	1.399725e-06	12660
595295	-7.694122e-07	1.537926e-06	1.494820e-06	1909
1028827	-4.659499e-07	1.537935e-06	1.399658e-06	12660
587039	-7.695856e-07	1.537946e-06	1.494710e-06	1909
1020571	-4.661097e-07	1.537947e-06	1.399592e-06	12660
1012315	-4.662694e-07	1.537959e-06	1.399525e-06	12660
578783	-7.697590e-07	1.537967e-06	1.494600e-06	1909
1004059	-4.664292e-07	1.537972e-06	1.399458e-06	12660
995803	-4.665889e-07	1.537984e-06	1.399392e-06	12660
570527	-7.699323e-07	1.537987e-06	1.494490e-06	1909
987547	-4.667486e-07	1.537996e-06	1.399325e-06	12660
562271	-7.701057e-07	1.538008e-06	1.494379e-06	1909
979291	-4.669083e-07	1.538008e-06	1.399258e-06	12660
971035	-4.670680e-07	1.538021e-06	1.399191e-06	12660
554015	-7.702790e-07	1.538028e-06	1.494269e-06	1909
962779	-4.672276e-07	1.538033e-06	1.399124e-06	12660
954523	-4.673873e-07	1.538045e-06	1.399057e-06	12660
545759	-7.704523e-07	1.538048e-06	1.494159e-06	1909
946267	-4.675470e-07	1.538058e-06	1.398990e-06	12660
537503	-7.706256e-07	1.538069e-06	1.494048e-06	1909
938011	-4.677066e-07	1.538070e-06	1.398923e-06	12660
929755	-4.678663e-07	1.538082e-06	1.398857e-06	12660
529247	-7.707989e-07	1.538089e-06	1.493938e-06	1909
921499	-4.680259e-07	1.538095e-06	1.398790e-06	12660
913243	-4.681855e-07	1.538107e-06	1.398723e-06	12660
520991	-7.709722e-07	1.538109e-06	1.493827e-06	1909
904987	-4.683451e-07	1.538119e-06	1.398656e-06	12660
512735	-7.711454e-07	1.538130e-06	1.493717e-06	1909
896731	-4.685047e-07	1.538132e-06	1.398589e-06	12660
888475	-4.686643e-07	1.538144e-06	1.398521e-06	12660
504479	-7.713186e-07	1.538150e-06	1.493607e-06	1909
880219	-4.688239e-07	1.538156e-06	1.398454e-06	12660
871963	-4.689835e-07	1.538169e-06	1.398387e-06	12660
496223	-7.714918e-07	1.538171e-06	1.493496e-06	1909
863707	-4.691430e-07	1.538181e-06	1.398320e-06	12660
487967	-7.716650e-07	1.538191e-06	1.493386e-06	1909
855451	-4.693026e-07	1.538193e-06	1.398253e-06	12660
847195	-4.694621e-07	1.538206e-06	1.398186e-06	12660
479711	-7.718382e-07	1.538212e-06	1.493275e-06	1909
838939	-4.696217e-07	1.538218e-06	1.398119e-06	12660
830683	-4.697812e-07	1.538231e-06	1.398051e-06	12660
471455	-7.720114e-07	1.538232e-06	1.493165e-06	1909
822427	-4.699407e-07	1.538243e-06	1.397984e-06	12660
463199	-7.721845e-07	1.538252e-06	1.493054e-06	1909
814171	-4.701002e-07	1.538255e-06	1.397917e-06	12660
805915	-4.702597e-07	1.538268e-06	1.397850e-06	12660
454943	-7.723577e-07	1.538273e-06	1.492943e-06	1909
797659	-4.704191e-07	1.538280e-06	1.397782e-06	12660
789403	-4.705786e-07	1.538293e-06	1.397715e-06	12660
446687	-7.725308e-07	1.538293e-06	1.492833e-06	1909
781147	-4.707381e-07	1.538305e-06	1.397648e-06	12660
438431	-7.727039e-07	1.538314e-06	1.492722e-06	1909
772891	-4.708975e-07	1.538318e-06	1.397580e-06	12660
764635	-4.710570e-07	1.538330e-06	1.397513e-06	12660
430175	-7.728769e-07	1.538334e-06	1.492611e-06	1909
756379	-4.712164e-07	1.538342e-06	1.397446e-06	12660
421919	-7.730500e-07	1.538355e-06	1.492501e-06	1909
748123	-4.713758e-07	1.538355e-06	1.397378e-06	12660
739867	-4.715352e-07	1.538367e-06	1.397311e-06	12660
413663	-7.732231e-07	1.538375e-06	1.492390e-06	1909
731611	-4.716946e-07	1.538380e-06	1.397243e-06	12660
723355	-4.718540e-07	1.538392e-06	1.397176e-06	12660
405407	-7.733961e-07	1.538396e-06	1.492279e-06	1909
715099	-4.720134e-07	1.538404e-06	1.397108e-06	12660
397151	-7.735691e-07	1.538416e-06	1.492168e-06	1909
706843	-4.721728e-07	1.538417e-06	1.397040e-06	12660
698587	-4.723321e-07	1.538429e-06	1.396973e-06	12660
388895	-7.737421e-07	1.538436e-06	1.492058e-06	1909
690331	-4.724915e-07	1.538442e-06	1.396905e-06	12660
682075	-4.726508e-07	1.538454e-06	1.396838e-06	12660
380639	-7.739151e-07	1.538457e-06	1.491947e-06	1909
673819	-4.728101e-07	1.538467e-06	1.396770e-06	12660
372383	-7.740881e-07	1.538477e-06	1.491836e-06	1909
665563	-4.729695e-07	1.538479e-06	1.396702e-06	12660
657307	-4.731288e-07	1.538492e-06	1.396635e-06	12660
364127	-7.742610e-07	1.538498e-06	1.491725e-06	1909
649051	-4.732881e-07	1.538504e-06	1.396567e-06	12660
640795	-4.734474e-07	1.538517e-06	1.396499e-06	12660
355871	-7.744339e-07	1.538518e-06	1.491614e-06	1909
632539	-4.736067e-07	1.538529e-06	1.396431e-06	12660
347615	-7.746069e-07	1.538539e-06	1.491503e-06	1909
624283	-4.737659e-07	1.538542e-06	1.396364e-06	12660
616027	-4.739252e-07	1.538554e-06	1.396296e-06	12660
339359	-7.747797e-07	1.538559e-06	1.491392e-06	1909
607771	-4.740844e-07	1.538567e-06	1.396228e-06	12660
599515	-4.742437e-07	1.538579e-06	1.396160e-06	12660
331103	-7.749526e-07	1.538580e-06	1.491281e-06	1909
591259	-4.744029e-07	1.538592e-06	1.396092e-06	12660
322847	-7.751255e-07	1.538600e-06	1.491170e-06	1909
583003	-4.745621e-07	1.538604e-06	1.396024e-06	12660
574747	-4.747213e-07	1.538617e-06	1.395956e-06	12660
314591	-7.752984e-07	1.538621e-06	1.491059e-06	1909
566491	-4.748805e-07	1.538629e-06	1.395888e-06	12660
306335	-7.754712e-07	1.538641e-06	1.490948e-06	1909
558235	-4.750397e-07	1.538642e-06	1.395821e-06	12660
549979	-4.751989e-07	1.538654e-06	1.395753e-06	12660
298079	-7.756440e-07	1.538662e-06	1.490837e-06	1909
541723	-4.753581e-07	1.538667e-06	1.395685e-06	12660
533467	-4.755172e-07	1.538679e-06	1.395616e-06	12660
289823	-7.758168e-07	1.538682e-06	1.490726e-06	1909
525211	-4.756764e-07	1.538692e-06	1.395548e-06	12660
281567	-7.759896e-07	1.538703e-06	1.490615e-06	1909
516955	-4.758355e-07	1.538704e-06	1.395480e-06	12660
508699	-4.759947e-07	1.538717e-06	1.395412e-06	12660
273311	-7.761623e-07	1.538723e-06	1.490504e-06	1909
500443	-4.761538e-07	1.538730e-06	1.395344e-06	12660
492187	-4.763129e-07	1.538742e-06	1.395276e-06	12660
265055	-7.763351e-07	1.538744e-06	1.490393e-06	1909
483931	-4.764720e-07	1.538755e-06	1.395208e-06	12660
256799	-7.765078e-07	1.538765e-06	1.490281e-06	1909
475675	-4.766311e-07	1.538767e-06	1.395140e-06	12660
467419	-4.767901e-07	1.538780e-06	1.395071e-06	12660
248543	-7.766806e-07	1.538785e-06	1.490170e-06	1909
459163	-4.769492e-07	1.538792e-06	1.395003e-06	12660
450907	-4.771082e-07	1.538805e-06	1.394935e-06	12660
240287	-7.768533e-07	1.538806e-06	1.490059e-06	1909
442651	-4.772673e-07	1.538818e-06	1.394867e-06	12660
232031	-7.770259e-07	1.538826e-06	1.489948e-06	1909
434395	-4.774263e-07	1.538830e-06	1.394798e-06	12660
426139	-4.775854e-07	1.538843e-06	1.394730e-06	12660
223775	-7.771986e-07	1.538847e-06	1.489836e-06	1909
417883	-4.777444e-07	1.538855e-06	1.394661e-06	12660
215519	-7.773713e-07	1.538867e-06	1.489725e-06	1909
409627	-4.779034e-07	1.538868e-06	1.394593e-06	12660
401371	-4.780624e-07	1.538880e-06	1.394525e-06	12660
207263	-7.775439e-07	1.538888e-06	1.489614e-06	1909
393115	-4.782214e-07	1.538893e-06	1.394456e-06	12660
384859	-4.783803e-07	1.538906e-06	1.394388e-06	12660
199007	-7.777165e-07	1.538908e-06	1.489502e-06	1909
376603	-4.785393e-07	1.538918e-06	1.394319e-06	12660
190751	-7.778891e-07	1.538929e-06	1.489391e-06	1909
368347	-4.786983e-07	1.538931e-06	1.394251e-06	12660
360091	-4.788573e-07	1.538943e-06	1.394182e-06	12660
182495	-7.780617e-07	1.538950e-06	1.489279e-06	1909
351835	-4.790162e-07	1.538956e-06	1.394114e-06	12660
343579	-4.791751e-07	1.538969e-06	1.394045e-06	12660
174239	-7.782343e-07	1.538970e-06	1.489168e-06	1909
335323	-4.793340e-07	1.538981e-06	1.393977e-06	12660
165983	-7.784068e-07	1.538991e-06	1.489057e-06	1909
327067	-4.794929e-07	1.538994e-06	1.393908e-06	12660
318811	-4.796518e-07	1.539007e-06	1.393839e-06	12660
157727	-7.785794e-07	1.539011e-06	1.488945e-06	1909
310555	-4.798107e-07	1.539019e-06	1.393771e-06	12660
149471	-7.787519e-07	1.539032e-06	1.488834e-06	1909
302299	-4.799696e-07	1.539032e-06	1.393702e-06	12660
294043	-4.801284e-07	1.539045e-06	1.393633e-06	12660
141215	-7.789243e-07	1.539053e-06	1.488722e-06	1909
285787	-4.802873e-07	1.539057e-06	1.393565e-06	12660
277531	-4.804461e-07	1.539070e-06	1.393496e-06	12660
132959	-7.790969e-07	1.539073e-06	1.488610e-06	1909
269275	-4.806050e-07	1.539083e-06	1.393427e-06	12660
124703	-7.792693e-07	1.539094e-06	1.488499e-06	1909
261019	-4.807638e-07	1.539095e-06	1.393358e-06	12660
252763	-4.809226e-07	1.539108e-06	1.393289e-06	12660
116447	-7.794418e-07	1.539114e-06	1.488387e-06	1909
244507	-4.810814e-07	1.539121e-06	1.393221e-06	12660
236251	-4.812402e-07	1.539133e-06	1.393152e-06	12660
108191	-7.796142e-07	1.539135e-06	1.488276e-06	1909
227995	-4.813990e-07	1.539146e-06	1.393083e-06	12660
99935	-7.797867e-07	1.539156e-06	1.488164e-06	1909
219739	-4.815578e-07	1.539159e-06	1.393014e-06	12660
211483	-4.817165e-07	1.539172e-06	1.392945e-06	12660
91679	-7.799591e-07	1.539176e-06	1.488052e-06	1909
203227	-4.818753e-07	1.539184e-06	1.392876e-06	12660
194971	-4.820340e-07	1.539197e-06	1.392807e-06	12660
83423	-7.801314e-07	1.539197e-06	1.487940e-06	1909
186715	-4.821928e-07	1.539210e-06	1.392738e-06	12660
75167	-7.803038e-07	1.539218e-06	1.487829e-06	1909
178459	-4.823515e-07	1.539222e-06	1.392669e-06	12660
170203	-4.825102e-07	1.539235e-06	1.392600e-06	12660
66911	-7.804762e-07	1.539238e-06	1.487717e-06	1909
161947	-4.826689e-07	1.539248e-06	1.392531e-06	12660
58655	-7.806485e-07	1.539259e-06	1.487605e-06	1909
153691	-4.828276e-07	1.539261e-06	1.392462e-06	12660
145435	-4.829863e-07	1.539273e-06	1.392393e-06	12660
50399	-7.808208e-07	1.539280e-06	1.487493e-06	1909
137179	-4.831450e-07	1.539286e-06	1.392324e-06	12660
128923	-4.833036e-07	1.539299e-06	1.392255e-06	12660
42143	-7.809931e-07	1.539300e-06	1.487382e-06	1909
120667	-4.834623e-07	1.539311e-06	1.392185e-06	12660
33887	-7.811654e-07	1.539321e-06	1.487270e-06	1909
112411	-4.836209e-07	1.539324e-06	1.392116e-06	12660
104155	-4.837796e-07	1.539337e-06	1.392047e-06	12660
25631	-7.813377e-07	1.539341e-06	1.487158e-06	1909
95899	-4.839382e-07	1.539350e-06	1.391978e-06	12660
17375	-7.815099e-07	1.539362e-06	1.487046e-06	1909
87643	-4.840967e-07	1.539363e-06	1.391908e-06	12660
79387	-4.842553e-07	1.539375e-06	1.391839e-06	12660
9119	-7.816822e-07	1.539383e-06	1.486934e-06	1909
71131	-4.844139e-07	1.539388e-06	1.391770e-06	12660
62875	-4.845725e-07	1.539401e-06	1.391700e-06	12660
863	-7.818544e-07	1.539404e-06	1.486822e-06	1909
54619	-4.847311e-07	1.539414e-06	1.391631e-06	12660
46363	-4.848897e-07	1.539426e-06	1.391562e-06	12660
38107	-4.850482e-07	1.539439e-06	1.391492e-06	12660
29851	-4.852067e-07	1.539452e-06	1.391423e-06	12660
21595	-4.853653e-07	1.539465e-06	1.391354e-06	12660
13339	-4.855238e-07	1.539478e-06	1.391284e-06	12660
5083	-4.856823e-07	1.539490e-06	1.391214e-06	12660
1148325	-7.854363e-07	1.539727e-06	1.514694e-06	1653
1140069	-7.856125e-07	1.539748e-06	1.514581e-06	1653
1131813	-7.857886e-07	1.539769e-06	1.514469e-06	1653
1123557	-7.859649e-07	1.539790e-06	1.514356e-06	1653
1115301	-7.861410e-07	1.539811e-06	1.514244e-06	1653
1107045	-7.863171e-07	1.539831e-06	1.514131e-06	1653
1098789	-7.864932e-07	1.539852e-06	1.514018e-06	1653
1090533	-7.866693e-07	1.539873e-06	1.513906e-06	1653
1082277	-7.868454e-07	1.539894e-06	1.513793e-06	1653
1074021	-7.870214e-07	1.539915e-06	1.513680e-06	1653
1065765	-7.871975e-07	1.539935e-06	1.513568e-06	1653
1057509	-7.873735e-07	1.539956e-06	1.513455e-06	1653
1049253	-7.875495e-07	1.539977e-06	1.513342e-06	1653
1040997	-7.877255e-07	1.539998e-06	1.513229e-06	1653
1032741	-7.879015e-07	1.540019e-06	1.513116e-06	1653
1024485	-7.880774e-07	1.540040e-06	1.513004e-06	1653
1016229	-7.882534e-07	1.540060e-06	1.512891e-06	1653
1007973	-7.884293e-07	1.540081e-06	1.512778e-06	1653
999717	-7.886052e-07	1.540102e-06	1.512665e-06	1653
991461	-7.887811e-07	1.540123e-06	1.512552e-06	1653
983205	-7.889570e-07	1.540144e-06	1.512439e-06	1653
974949	-7.891329e-07	1.540165e-06	1.512326e-06	1653
966693	-7.893087e-07	1.540186e-06	1.512213e-06	1653
958437	-7.894845e-07	1.540207e-06	1.512100e-06	1653
950181	-7.896603e-07	1.540227e-06	1.511987e-06	1653
941925	-7.898361e-07	1.540248e-06	1.511874e-06	1653
933669	-7.900119e-07	1.540269e-06	1.511761e-06	1653
925413	-7.901876e-07	1.540290e-06	1.511647e-06	1653
917157	-7.903634e-07	1.540311e-06	1.511534e-06	1653
908901	-7.905391e-07	1.540332e-06	1.511421e-06	1653
900645	-7.907148e-07	1.540353e-06	1.511308e-06	1653
892389	-7.908905e-07	1.540374e-06	1.511194e-06	1653
884133	-7.910662e-07	1.540395e-06	1.511081e-06	1653
875877	-7.912418e-07	1.540416e-06	1.510968e-06	1653
867621	-7.914174e-07	1.540437e-06	1.510855e-06	1653
859365	-7.915931e-07	1.540458e-06	1.510741e-06	1653
851109	-7.917687e-07	1.540478e-06	1.510628e-06	1653
842853	-7.919443e-07	1.540499e-06	1.510514e-06	1653
834597	-7.921199e-07	1.540520e-06	1.510401e-06	1653
826341	-7.922954e-07	1.540541e-06	1.510287e-06	1653
818085	-7.924709e-07	1.540562e-06	1.510174e-06	1653
809829	-7.926465e-07	1.540583e-06	1.510060e-06	1653
801573	-7.928220e-07	1.540604e-06	1.509947e-06	1653
793317	-7.929975e-07	1.540625e-06	1.509833e-06	1653
785061	-7.931729e-07	1.540646e-06	1.509720e-06	1653
776805	-7.933484e-07	1.540667e-06	1.509606e-06	1653
768549	-7.935238e-07	1.540688e-06	1.509493e-06	1653
760293	-7.936993e-07	1.540709e-06	1.509379e-06	1653
752037	-7.938747e-07	1.540730e-06	1.509265e-06	1653
743781	-7.940500e-07	1.540751e-06	1.509152e-06	1653
735525	-7.942254e-07	1.540772e-06	1.509038e-06	1653
727269	-7.944008e-07	1.540793e-06	1.508924e-06	1653
719013	-7.945761e-07	1.540814e-06	1.508810e-06	1653
710757	-7.947514e-07	1.540835e-06	1.508696e-06	1653
702501	-7.949267e-07	1.540856e-06	1.508582e-06	1653
694245	-7.951020e-07	1.540877e-06	1.508469e-06	1653
685989	-7.952773e-07	1.540898e-06	1.508355e-06	1653
677733	-7.954525e-07	1.540919e-06	1.508241e-06	1653
669477	-7.956278e-07	1.540941e-06	1.508127e-06	1653
661221	-7.958030e-07	1.540962e-06	1.508013e-06	1653
652965	-7.959782e-07	1.540983e-06	1.507899e-06	1653
644709	-7.961534e-07	1.541004e-06	1.507785e-06	1653
636453	-7.963285e-07	1.541025e-06	1.507671e-06	1653
628197	-7.965037e-07	1.541046e-06	1.507557e-06	1653
619941	-7.966788e-07	1.541067e-06	1.507443e-06	1653
611685	-7.968540e-07	1.541088e-06	1.507329e-06	1653
603429	-7.970290e-07	1.541109e-06	1.507215e-06	1653
595173	-7.972041e-07	1.541130e-06	1.507100e-06	1653
586917	-7.973792e-07	1.541151e-06	1.506986e-06	1653
578661	-7.975543e-07	1.541172e-06	1.506872e-06	1653
570405	-7.977293e-07	1.541193e-06	1.506758e-06	1653
562149	-7.979043e-07	1.541214e-06	1.506643e-06	1653
553893	-7.980793e-07	1.541236e-06	1.506529e-06	1653
545637	-7.982543e-07	1.541257e-06	1.506415e-06	1653
537381	-7.984293e-07	1.541278e-06	1.506300e-06	1653
529125	-7.986042e-07	1.541299e-06	1.506186e-06	1653
520869	-7.987791e-07	1.541320e-06	1.506072e-06	1653
512613	-7.989540e-07	1.541341e-06	1.505957e-06	1653
504357	-7.991289e-07	1.541362e-06	1.505843e-06	1653
496101	-7.993038e-07	1.541384e-06	1.505728e-06	1653
487845	-7.994787e-07	1.541405e-06	1.505614e-06	1653
479589	-7.996535e-07	1.541426e-06	1.505499e-06	1653
471333	-7.998283e-07	1.541447e-06	1.505385e-06	1653
463077	-8.000031e-07	1.541468e-06	1.505270e-06	1653
454821	-8.001780e-07	1.541489e-06	1.505156e-06	1653
446565	-8.003527e-07	1.541511e-06	1.505041e-06	1653
438309	-8.005275e-07	1.541532e-06	1.504926e-06	1653
430053	-8.007023e-07	1.541553e-06	1.504812e-06	1653
421797	-8.008770e-07	1.541574e-06	1.504697e-06	1653
413541	-8.010517e-07	1.541595e-06	1.504582e-06	1653
405285	-8.012263e-07	1.541616e-06	1.504468e-06	1653
397029	-8.014010e-07	1.541638e-06	1.504353e-06	1653
388773	-8.015757e-07	1.541659e-06	1.504238e-06	1653
380517	-8.017503e-07	1.541680e-06	1.504123e-06	1653
372261	-8.019250e-07	1.541701e-06	1.504008e-06	1653
364005	-8.020996e-07	1.541723e-06	1.503893e-06	1653
355749	-8.022741e-07	1.541744e-06	1.503779e-06	1653
347493	-8.024488e-07	1.541765e-06	1.503664e-06	1653
339237	-8.026233e-07	1.541786e-06	1.503549e-06	1653
330981	-8.027978e-07	1.541807e-06	1.503434e-06	1653
322725	-8.029724e-07	1.541829e-06	1.503319e-06	1653
314469	-8.031469e-07	1.541850e-06	1.503204e-06	1653
306213	-8.033214e-07	1.541871e-06	1.503089e-06	1653
297957	-8.034958e-07	1.541893e-06	1.502974e-06	1653
289701	-8.036703e-07	1.541914e-06	1.502859e-06	1653
1152426	-7.656609e-07	1.541926e-06	1.509315e-06	11894
281445	-8.038447e-07	1.541935e-06	1.502743e-06	1653
1144170	-7.658363e-07	1.541946e-06	1.509205e-06	11894
273189	-8.040191e-07	1.541956e-06	1.502628e-06	1653
1135914	-7.660116e-07	1.541967e-06	1.509095e-06	11894
264933	-8.041935e-07	1.541978e-06	1.502513e-06	1653
1127658	-7.661869e-07	1.541987e-06	1.508986e-06	11894
256677	-8.043679e-07	1.541999e-06	1.502398e-06	1653
1119402	-7.663622e-07	1.542007e-06	1.508876e-06	11894
248421	-8.045423e-07	1.542020e-06	1.502283e-06	1653
1111146	-7.665375e-07	1.542027e-06	1.508766e-06	11894
240165	-8.047166e-07	1.542041e-06	1.502167e-06	1653
1102890	-7.667128e-07	1.542048e-06	1.508656e-06	11894
231909	-8.048910e-07	1.542063e-06	1.502052e-06	1653
1094634	-7.668881e-07	1.542068e-06	1.508546e-06	11894
223653	-8.050653e-07	1.542084e-06	1.501937e-06	1653
1086378	-7.670633e-07	1.542088e-06	1.508437e-06	11894
215397	-8.052396e-07	1.542105e-06	1.501822e-06	1653
1078122	-7.672386e-07	1.542109e-06	1.508327e-06	11894
207141	-8.054139e-07	1.542127e-06	1.501706e-06	1653
1069866	-7.674138e-07	1.542129e-06	1.508217e-06	11894
198885	-8.055882e-07	1.542148e-06	1.501591e-06	1653
1061610	-7.675890e-07	1.542149e-06	1.508107e-06	11894
190629	-8.057624e-07	1.542169e-06	1.501475e-06	1653
1053354	-7.677642e-07	1.542169e-06	1.507997e-06	11894
1045098	-7.679394e-07	1.542190e-06	1.507887e-06	11894
182373	-8.059366e-07	1.542191e-06	1.501360e-06	1653
1036842	-7.681145e-07	1.542210e-06	1.507777e-06	11894
174117	-8.061108e-07	1.542212e-06	1.501245e-06	1653
1028586	-7.682896e-07	1.542230e-06	1.507667e-06	11894
165861	-8.062851e-07	1.542233e-06	1.501129e-06	1653
1020330	-7.684648e-07	1.542251e-06	1.507557e-06	11894
157605	-8.064592e-07	1.542255e-06	1.501014e-06	1653
1012074	-7.686398e-07	1.542271e-06	1.507447e-06	11894
149349	-8.066334e-07	1.542276e-06	1.500898e-06	1653
1003818	-7.688150e-07	1.542291e-06	1.507337e-06	11894
141093	-8.068075e-07	1.542297e-06	1.500783e-06	1653
995562	-7.689900e-07	1.542312e-06	1.507227e-06	11894
132837	-8.069817e-07	1.542319e-06	1.500667e-06	1653
987306	-7.691651e-07	1.542332e-06	1.507117e-06	11894
124581	-8.071558e-07	1.542340e-06	1.500552e-06	1653
979050	-7.693401e-07	1.542352e-06	1.507006e-06	11894
116325	-8.073299e-07	1.542361e-06	1.500436e-06	1653
970794	-7.695151e-07	1.542373e-06	1.506896e-06	11894
108069	-8.075040e-07	1.542383e-06	1.500320e-06	1653
962538	-7.696901e-07	1.542393e-06	1.506786e-06	11894
99813	-8.076780e-07	1.542404e-06	1.500205e-06	1653
954282	-7.698651e-07	1.542414e-06	1.506676e-06	11894
91557	-8.078521e-07	1.542425e-06	1.500089e-06	1653
946026	-7.700401e-07	1.542434e-06	1.506565e-06	11894
83301	-8.080261e-07	1.542447e-06	1.499973e-06	1653
937770	-7.702150e-07	1.542454e-06	1.506455e-06	11894
75045	-8.082001e-07	1.542468e-06	1.499857e-06	1653
929514	-7.703900e-07	1.542475e-06	1.506345e-06	11894
66789	-8.083741e-07	1.542490e-06	1.499742e-06	1653
921258	-7.705649e-07	1.542495e-06	1.506235e-06	11894
58533	-8.085481e-07	1.542511e-06	1.499626e-06	1653
913002	-7.707398e-07	1.542515e-06	1.506124e-06	11894
50277	-8.087220e-07	1.542532e-06	1.499510e-06	1653
904746	-7.709147e-07	1.542536e-06	1.506014e-06	11894
42021	-8.088959e-07	1.542554e-06	1.499394e-06	1653
896490	-7.710896e-07	1.542556e-06	1.505903e-06	11894
33765	-8.090699e-07	1.542575e-06	1.499278e-06	1653
888234	-7.712644e-07	1.542577e-06	1.505793e-06	11894
25509	-8.092438e-07	1.542597e-06	1.499162e-06	1653
879978	-7.714393e-07	1.542597e-06	1.505682e-06	11894
871722	-7.716141e-07	1.542617e-06	1.505572e-06	11894
17253	-8.094177e-07	1.542618e-06	1.499047e-06	1653
863466	-7.717889e-07	1.542638e-06	1.505461e-06	11894
8997	-8.095915e-07	1.542639e-06	1.498931e-06	1653
855210	-7.719637e-07	1.542658e-06	1.505351e-06	11894
741	-8.097654e-07	1.542661e-06	1.498815e-06	1653
846954	-7.721385e-07	1.542679e-06	1.505240e-06	11894
838698	-7.723132e-07	1.542699e-06	1.505130e-06	11894
830442	-7.724880e-07	1.542719e-06	1.505019e-06	11894
822186	-7.726627e-07	1.542740e-06	1.504908e-06	11894
813930	-7.728374e-07	1.542760e-06	1.504798e-06	11894
805674	-7.730121e-07	1.542781e-06	1.504687e-06	11894
797418	-7.731868e-07	1.542801e-06	1.504576e-06	11894
789162	-7.733614e-07	1.542822e-06	1.504466e-06	11894
780906	-7.735361e-07	1.542842e-06	1.504355e-06	11894
772650	-7.737107e-07	1.542863e-06	1.504244e-06	11894
764394	-7.738853e-07	1.542883e-06	1.504133e-06	11894
756138	-7.740599e-07	1.542904e-06	1.504022e-06	11894
747882	-7.742345e-07	1.542924e-06	1.503911e-06	11894
739626	-7.744090e-07	1.542945e-06	1.503801e-06	11894
731370	-7.745836e-07	1.542965e-06	1.503690e-06	11894
723114	-7.747581e-07	1.542986e-06	1.503579e-06	11894
714858	-7.749326e-07	1.543006e-06	1.503468e-06	11894
706602	-7.751071e-07	1.543027e-06	1.503357e-06	11894
698346	-7.752816e-07	1.543047e-06	1.503246e-06	11894
690090	-7.754561e-07	1.543068e-06	1.503135e-06	11894
681834	-7.756305e-07	1.543088e-06	1.503024e-06	11894
673578	-7.758049e-07	1.543109e-06	1.502912e-06	11894
665322	-7.759793e-07	1.543129e-06	1.502801e-06	11894
657066	-7.761537e-07	1.543150e-06	1.502690e-06	11894
648810	-7.763281e-07	1.543170e-06	1.502579e-06	11894
640554	-7.765025e-07	1.543191e-06	1.502468e-06	11894
1154000	-9.011889e-07	1.543207e-06	1.560094e-06	17527
632298	-7.766769e-07	1.543211e-06	1.502357e-06	11894
1145744	-9.013714e-07	1.543231e-06	1.559965e-06	17527
624042	-7.768512e-07	1.543232e-06	1.502245e-06	11894
615786	-7.770255e-07	1.543252e-06	1.502134e-06	11894
1137488	-9.015540e-07	1.543255e-06	1.559836e-06	17527
607530	-7.771998e-07	1.543273e-06	1.502023e-06	11894
1129232	-9.017366e-07	1.543279e-06	1.559706e-06	17527
599274	-7.773741e-07	1.543293e-06	1.501911e-06	11894
1120976	-9.019192e-07	1.543303e-06	1.559577e-06	17527
591018	-7.775483e-07	1.543314e-06	1.501800e-06	11894
1112720	-9.021017e-07	1.543327e-06	1.559448e-06	17527
582762	-7.777226e-07	1.543335e-06	1.501689e-06	11894
1104464	-9.022842e-07	1.543351e-06	1.559319e-06	17527
574506	-7.778968e-07	1.543355e-06	1.501577e-06	11894
1096208	-9.024667e-07	1.543375e-06	1.559190e-06	17527
566250	-7.780710e-07	1.543376e-06	1.501466e-06	11894
557994	-7.782452e-07	1.543396e-06	1.501355e-06	11894
1087952	-9.026492e-07	1.543398e-06	1.559060e-06	17527
549738	-7.784194e-07	1.543417e-06	1.501243e-06	11894
1079696	-9.028316e-07	1.543422e-06	1.558931e-06	17527
541482	-7.785936e-07	1.543438e-06	1.501132e-06	11894
1071440	-9.030141e-07	1.543446e-06	1.558802e-06	17527
533226	-7.787677e-07	1.543458e-06	1.501020e-06	11894
1063184	-9.031965e-07	1.543470e-06	1.558672e-06	17527
524970	-7.789419e-07	1.543479e-06	1.500909e-06	11894
1054928	-9.033789e-07	1.543494e-06	1.558543e-06	17527
516714	-7.791160e-07	1.543499e-06	1.500797e-06	11894
1046672	-9.035613e-07	1.543518e-06	1.558413e-06	17527
508458	-7.792901e-07	1.543520e-06	1.500685e-06	11894
500202	-7.794642e-07	1.543541e-06	1.500574e-06	11894
1038416	-9.037436e-07	1.543542e-06	1.558284e-06	17527
491946	-7.796382e-07	1.543561e-06	1.500462e-06	11894
1030160	-9.039260e-07	1.543566e-06	1.558155e-06	17527
483690	-7.798123e-07	1.543582e-06	1.500350e-06	11894
1021904	-9.041083e-07	1.543590e-06	1.558025e-06	17527
475434	-7.799863e-07	1.543602e-06	1.500239e-06	11894
1013648	-9.042906e-07	1.543614e-06	1.557896e-06	17527
467178	-7.801603e-07	1.543623e-06	1.500127e-06	11894
1005392	-9.044729e-07	1.543638e-06	1.557766e-06	17527
458922	-7.803343e-07	1.543644e-06	1.500015e-06	11894
997136	-9.046551e-07	1.543662e-06	1.557636e-06	17527
450666	-7.805083e-07	1.543664e-06	1.499903e-06	11894
442410	-7.806823e-07	1.543685e-06	1.499792e-06	11894
988880	-9.048374e-07	1.543685e-06	1.557507e-06	17527
434154	-7.808562e-07	1.543706e-06	1.499680e-06	11894
980624	-9.050196e-07	1.543709e-06	1.557377e-06	17527
425898	-7.810302e-07	1.543726e-06	1.499568e-06	11894
972368	-9.052018e-07	1.543733e-06	1.557248e-06	17527
417642	-7.812041e-07	1.543747e-06	1.499456e-06	11894
964112	-9.053840e-07	1.543757e-06	1.557118e-06	17527
409386	-7.813780e-07	1.543768e-06	1.499344e-06	11894
955856	-9.055661e-07	1.543781e-06	1.556988e-06	17527
401130	-7.815519e-07	1.543788e-06	1.499232e-06	11894
947600	-9.057483e-07	1.543805e-06	1.556858e-06	17527
392874	-7.817258e-07	1.543809e-06	1.499120e-06	11894
939344	-9.059304e-07	1.543829e-06	1.556729e-06	17527
384618	-7.818996e-07	1.543830e-06	1.499008e-06	11894
376362	-7.820734e-07	1.543850e-06	1.498896e-06	11894
931088	-9.061126e-07	1.543853e-06	1.556599e-06	17527
368106	-7.822472e-07	1.543871e-06	1.498784e-06	11894
922832	-9.062946e-07	1.543877e-06	1.556469e-06	17527
359850	-7.824211e-07	1.543892e-06	1.498672e-06	11894
914576	-9.064767e-07	1.543901e-06	1.556339e-06	17527
351594	-7.825948e-07	1.543913e-06	1.498560e-06	11894
906320	-9.066588e-07	1.543925e-06	1.556209e-06	17527
343338	-7.827686e-07	1.543933e-06	1.498448e-06	11894
898064	-9.068408e-07	1.543949e-06	1.556079e-06	17527
335082	-7.829423e-07	1.543954e-06	1.498336e-06	11894
889808	-9.070228e-07	1.543973e-06	1.555950e-06	17527
326826	-7.831161e-07	1.543975e-06	1.498224e-06	11894
318570	-7.832898e-07	1.543995e-06	1.498112e-06	11894
881552	-9.072048e-07	1.543997e-06	1.555820e-06	17527
310314	-7.834635e-07	1.544016e-06	1.498000e-06	11894
873296	-9.073868e-07	1.544021e-06	1.555690e-06	17527
302058	-7.836372e-07	1.544037e-06	1.497887e-06	11894
865040	-9.075687e-07	1.544045e-06	1.555560e-06	17527
293802	-7.838108e-07	1.544058e-06	1.497775e-06	11894
856784	-9.077507e-07	1.544069e-06	1.555430e-06	17527
285546	-7.839845e-07	1.544078e-06	1.497663e-06	11894
848528	-9.079326e-07	1.544093e-06	1.555300e-06	17527
277290	-7.841581e-07	1.544099e-06	1.497551e-06	11894
840272	-9.081145e-07	1.544117e-06	1.555170e-06	17527
269034	-7.843317e-07	1.544120e-06	1.497438e-06	11894
260778	-7.845053e-07	1.544141e-06	1.497326e-06	11894
832016	-9.082964e-07	1.544141e-06	1.555039e-06	17527
252522	-7.846789e-07	1.544161e-06	1.497213e-06	11894
823760	-9.084782e-07	1.544166e-06	1.554909e-06	17527
244266	-7.848525e-07	1.544182e-06	1.497101e-06	11894
815504	-9.086601e-07	1.544190e-06	1.554779e-06	17527
236010	-7.850261e-07	1.544203e-06	1.496989e-06	11894
807248	-9.088419e-07	1.544214e-06	1.554649e-06	17527
227754	-7.851996e-07	1.544224e-06	1.496876e-06	11894
798992	-9.090237e-07	1.544238e-06	1.554519e-06	17527
219498	-7.853731e-07	1.544244e-06	1.496764e-06	11894
790736	-9.092055e-07	1.544262e-06	1.554389e-06	17527
211242	-7.855466e-07	1.544265e-06	1.496651e-06	11894
782480	-9.093872e-07	1.544286e-06	1.554258e-06	17527
202986	-7.857201e-07	1.544286e-06	1.496539e-06	11894
194730	-7.858936e-07	1.544307e-06	1.496426e-06	11894
774224	-9.095690e-07	1.544310e-06	1.554128e-06	17527
186474	-7.860670e-07	1.544328e-06	1.496314e-06	11894
765968	-9.097507e-07	1.544334e-06	1.553998e-06	17527
178218	-7.862404e-07	1.544348e-06	1.496201e-06	11894
757712	-9.099324e-07	1.544358e-06	1.553867e-06	17527
169962	-7.864139e-07	1.544369e-06	1.496088e-06	11894
749456	-9.101141e-07	1.544382e-06	1.553737e-06	17527
161706	-7.865873e-07	1.544390e-06	1.495976e-06	11894
741200	-9.102957e-07	1.544406e-06	1.553607e-06	17527
153450	-7.867607e-07	1.544411e-06	1.495863e-06	11894
732944	-9.104774e-07	1.544430e-06	1.553476e-06	17527
145194	-7.869340e-07	1.544432e-06	1.495750e-06	11894
136938	-7.871074e-07	1.544453e-06	1.495638e-06	11894
724688	-9.106590e-07	1.544455e-06	1.553346e-06	17527
128682	-7.872807e-07	1.544473e-06	1.495525e-06	11894
716432	-9.108406e-07	1.544479e-06	1.553215e-06	17527
120426	-7.874540e-07	1.544494e-06	1.495412e-06	11894
708176	-9.110222e-07	1.544503e-06	1.553085e-06	17527
112170	-7.876274e-07	1.544515e-06	1.495299e-06	11894
699920	-9.112038e-07	1.544527e-06	1.552954e-06	17527
103914	-7.878006e-07	1.544536e-06	1.495187e-06	11894
691664	-9.113853e-07	1.544551e-06	1.552824e-06	17527
95658	-7.879739e-07	1.544557e-06	1.495074e-06	11894
683408	-9.115669e-07	1.544575e-06	1.552693e-06	17527
87402	-7.881471e-07	1.544577e-06	1.494961e-06	11894
79146	-7.883204e-07	1.544598e-06	1.494848e-06	11894
675152	-9.117484e-07	1.544599e-06	1.552563e-06	17527
70890	-7.884936e-07	1.544619e-06	1.494735e-06	11894
666896	-9.119299e-07	1.544623e-06	1.552432e-06	17527
62634	-7.886668e-07	1.544640e-06	1.494622e-06	11894
658640	-9.121113e-07	1.544648e-06	1.552302e-06	17527
54378	-7.888400e-07	1.544661e-06	1.494509e-06	11894
650384	-9.122928e-07	1.544672e-06	1.552171e-06	17527
46122	-7.890131e-07	1.544682e-06	1.494396e-06	11894
642128	-9.124742e-07	1.544696e-06	1.552040e-06	17527
37866	-7.891863e-07	1.544703e-06	1.494283e-06	11894
633872	-9.126557e-07	1.544720e-06	1.551909e-06	17527
29610	-7.893594e-07	1.544724e-06	1.494170e-06	11894
625616	-9.128370e-07	1.544744e-06	1.551779e-06	17527
21354	-7.895325e-07	1.544744e-06	1.494057e-06	11894
13098	-7.897057e-07	1.544765e-06	1.493944e-06	11894
617360	-9.130184e-07	1.544768e-06	1.551648e-06	17527
4842	-7.898787e-07	1.544786e-06	1.493831e-06	11894
609104	-9.131998e-07	1.544793e-06	1.551517e-06	17527
600848	-9.133811e-07	1.544817e-06	1.551386e-06	17527
592592	-9.135624e-07	1.544841e-06	1.551255e-06	17527
584336	-9.137437e-07	1.544865e-06	1.551125e-06	17527
576080	-9.139250e-07	1.544889e-06	1.550994e-06	17527
567824	-9.141062e-07	1.544914e-06	1.550863e-06	17527
559568	-9.142875e-07	1.544938e-06	1.550732e-06	17527
551312	-9.144687e-07	1.544962e-06	1.550601e-06	17527
543056	-9.146499e-07	1.544986e-06	1.550470e-06	17527
534800	-9.148311e-07	1.545010e-06	1.550339e-06	17527
526544	-9.150123e-07	1.545035e-06	1.550208e-06	17527
518288	-9.151934e-07	1.545059e-06	1.550077e-06	17527
510032	-9.153745e-07	1.545083e-06	1.549946e-06	17527
501776	-9.155556e-07	1.545107e-06	1.549814e-06	17527
493520	-9.157367e-07	1.545131e-06	1.549683e-06	17527
485264	-9.159178e-07	1.545156e-06	1.549552e-06	17527
477008	-9.160988e-07	1.545180e-06	1.549421e-06	17527
468752	-9.162799e-07	1.545204e-06	1.549290e-06	17527
460496	-9.164609e-07	1.545229e-06	1.549158e-06	17527
452240	-9.166419e-07	1.545253e-06	1.549027e-06	17527
443984	-9.168228e-07	1.545277e-06	1.548896e-06	17527
435728	-9.170038e-07	1.545301e-06	1.548764e-06	17527
427472	-9.171847e-07	1.545326e-06	1.548633e-06	17527
419216	-9.173656e-07	1.545350e-06	1.548502e-06	17527
410960	-9.175465e-07	1.545374e-06	1.548370e-06	17527
402704	-9.177273e-07	1.545399e-06	1.548239e-06	17527
394448	-9.179082e-07	1.545423e-06	1.548107e-06	17527
386192	-9.180890e-07	1.545447e-06	1.547976e-06	17527
377936	-9.182698e-07	1.545471e-06	1.547844e-06	17527
369680	-9.184507e-07	1.545496e-06	1.547713e-06	17527
361424	-9.186314e-07	1.545520e-06	1.547581e-06	17527
353168	-9.188122e-07	1.545544e-06	1.547450e-06	17527
344912	-9.189929e-07	1.545569e-06	1.547318e-06	17527
336656	-9.191736e-07	1.545593e-06	1.547186e-06	17527
328400	-9.193543e-07	1.545617e-06	1.547055e-06	17527
320144	-9.195350e-07	1.545642e-06	1.546923e-06	17527
311888	-9.197157e-07	1.545666e-06	1.546791e-06	17527
303632	-9.198963e-07	1.545690e-06	1.546659e-06	17527
295376	-9.200769e-07	1.545715e-06	1.546528e-06	17527
287120	-9.202575e-07	1.545739e-06	1.546396e-06	17527
278864	-9.204381e-07	1.545763e-06	1.546264e-06	17527
270608	-9.206186e-07	1.545788e-06	1.546132e-06	17527
262352	-9.207992e-07	1.545812e-06	1.546000e-06	17527
254096	-9.209797e-07	1.545837e-06	1.545868e-06	17527
245840	-9.211602e-07	1.545861e-06	1.545736e-06	17527
237584	-9.213406e-07	1.545885e-06	1.545604e-06	17527
229328	-9.215211e-07	1.545910e-06	1.545472e-06	17527
221072	-9.217015e-07	1.545934e-06	1.545340e-06	17527
212816	-9.218820e-07	1.545959e-06	1.545208e-06	17527
204560	-9.220624e-07	1.545983e-06	1.545076e-06	17527
196304	-9.222427e-07	1.546007e-06	1.544944e-06	17527
188048	-9.224231e-07	1.546032e-06	1.544812e-06	17527
179792	-9.226035e-07	1.546056e-06	1.544680e-06	17527
171536	-9.227838e-07	1.546081e-06	1.544548e-06	17527
163280	-9.229641e-07	1.546105e-06	1.544416e-06	17527
1152259	-7.916765e-07	1.546122e-06	1.522269e-06	11382
155024	-9.231443e-07	1.546130e-06	1.544283e-06	17527
1144003	-7.918537e-07	1.546143e-06	1.522156e-06	11382
146768	-9.233246e-07	1.546154e-06	1.544151e-06	17527
1135747	-7.920307e-07	1.546164e-06	1.522043e-06	11382
138512	-9.235049e-07	1.546179e-06	1.544019e-06	17527
1127491	-7.922078e-07	1.546185e-06	1.521929e-06	11382
130256	-9.236851e-07	1.546203e-06	1.543886e-06	17527
1119235	-7.923849e-07	1.546206e-06	1.521816e-06	11382
1110979	-7.925619e-07	1.546227e-06	1.521702e-06	11382
122000	-9.238653e-07	1.546227e-06	1.543754e-06	17527
1149834	-6.693725e-07	1.546229e-06	1.476349e-06	4982
1141578	-6.695430e-07	1.546247e-06	1.476253e-06	4982
1102723	-7.927389e-07	1.546248e-06	1.521589e-06	11382
113744	-9.240455e-07	1.546252e-06	1.543622e-06	17527
1133322	-6.697135e-07	1.546264e-06	1.476157e-06	4982
1094467	-7.929160e-07	1.546269e-06	1.521475e-06	11382
105488	-9.242257e-07	1.546276e-06	1.543489e-06	17527
1125066	-6.698840e-07	1.546282e-06	1.476061e-06	4982
1086211	-7.930930e-07	1.546290e-06	1.521362e-06	11382
1116810	-6.700545e-07	1.546300e-06	1.475966e-06	4982
97232	-9.244058e-07	1.546301e-06	1.543357e-06	17527
1077955	-7.932699e-07	1.546311e-06	1.521248e-06	11382
1108554	-6.702249e-07	1.546318e-06	1.475870e-06	4982
88976	-9.245859e-07	1.546325e-06	1.543225e-06	17527
1069699	-7.934469e-07	1.546332e-06	1.521134e-06	11382
1100298	-6.703954e-07	1.546335e-06	1.475774e-06	4982
80720	-9.247660e-07	1.546350e-06	1.543092e-06	17527
1092042	-6.705658e-07	1.546353e-06	1.475678e-06	4982
1061443	-7.936238e-07	1.546353e-06	1.521021e-06	11382
1083786	-6.707363e-07	1.546371e-06	1.475581e-06	4982
1053187	-7.938007e-07	1.546374e-06	1.520907e-06	11382
72464	-9.249461e-07	1.546374e-06	1.542960e-06	17527
1075530	-6.709067e-07	1.546388e-06	1.475485e-06	4982
1044931	-7.939776e-07	1.546395e-06	1.520793e-06	11382
64208	-9.251262e-07	1.546399e-06	1.542827e-06	17527
1067274	-6.710770e-07	1.546406e-06	1.475389e-06	4982
1036675	-7.941545e-07	1.546416e-06	1.520680e-06	11382
55952	-9.253062e-07	1.546423e-06	1.542695e-06	17527
1059018	-6.712474e-07	1.546424e-06	1.475293e-06	4982
1028419	-7.943314e-07	1.546437e-06	1.520566e-06	11382
1050762	-6.714178e-07	1.546442e-06	1.475197e-06	4982
47696	-9.254863e-07	1.546448e-06	1.542562e-06	17527
1020163	-7.945083e-07	1.546458e-06	1.520452e-06	11382
1042506	-6.715882e-07	1.546459e-06	1.475101e-06	4982
39440	-9.256663e-07	1.546472e-06	1.542429e-06	17527
1034250	-6.717585e-07	1.546477e-06	1.475005e-06	4982
1011907	-7.946851e-07	1.546479e-06	1.520338e-06	11382
1025994	-6.719288e-07	1.546495e-06	1.474909e-06	4982
31184	-9.258463e-07	1.546497e-06	1.542297e-06	17527
1003651	-7.948619e-07	1.546500e-06	1.520224e-06	11382
1017738	-6.720991e-07	1.546513e-06	1.474812e-06	4982
22928	-9.260262e-07	1.546521e-06	1.542164e-06	17527
995395	-7.950387e-07	1.546521e-06	1.520111e-06	11382
1009482	-6.722694e-07	1.546530e-06	1.474716e-06	4982
987139	-7.952155e-07	1.546542e-06	1.519997e-06	11382
14672	-9.262062e-07	1.546546e-06	1.542032e-06	17527
1001226	-6.724397e-07	1.546548e-06	1.474620e-06	4982
978883	-7.953923e-07	1.546563e-06	1.519883e-06	11382
992970	-6.726100e-07	1.546566e-06	1.474524e-06	4982
6416	-9.263861e-07	1.546570e-06	1.541899e-06	17527
984714	-6.727802e-07	1.546584e-06	1.474427e-06	4982
970627	-7.955691e-07	1.546584e-06	1.519769e-06	11382
976458	-6.729504e-07	1.546602e-06	1.474331e-06	4982
962371	-7.957458e-07	1.546605e-06	1.519655e-06	11382
968202	-6.731207e-07	1.546619e-06	1.474235e-06	4982
954115	-7.959225e-07	1.546627e-06	1.519541e-06	11382
959946	-6.732909e-07	1.546637e-06	1.474138e-06	4982
945859	-7.960992e-07	1.546648e-06	1.519427e-06	11382
951690	-6.734611e-07	1.546655e-06	1.474042e-06	4982
937603	-7.962759e-07	1.546669e-06	1.519313e-06	11382
943434	-6.736312e-07	1.546673e-06	1.473945e-06	4982
929347	-7.964526e-07	1.546690e-06	1.519199e-06	11382
935178	-6.738014e-07	1.546691e-06	1.473849e-06	4982
926922	-6.739716e-07	1.546708e-06	1.473752e-06	4982
921091	-7.966292e-07	1.546711e-06	1.519085e-06	11382
918666	-6.741417e-07	1.546726e-06	1.473656e-06	4982
912835	-7.968059e-07	1.546732e-06	1.518971e-06	11382
910410	-6.743118e-07	1.546744e-06	1.473559e-06	4982
904579	-7.969825e-07	1.546753e-06	1.518857e-06	11382
902154	-6.744820e-07	1.546762e-06	1.473463e-06	4982
896323	-7.971591e-07	1.546774e-06	1.518742e-06	11382
893898	-6.746520e-07	1.546780e-06	1.473366e-06	4982
888067	-7.973356e-07	1.546795e-06	1.518628e-06	11382
885642	-6.748221e-07	1.546797e-06	1.473269e-06	4982
877386	-6.749922e-07	1.546815e-06	1.473173e-06	4982
879811	-7.975122e-07	1.546816e-06	1.518514e-06	11382
869130	-6.751623e-07	1.546833e-06	1.473076e-06	4982
871555	-7.976888e-07	1.546837e-06	1.518400e-06	11382
860874	-6.753323e-07	1.546851e-06	1.472979e-06	4982
863299	-7.978653e-07	1.546858e-06	1.518286e-06	11382
852618	-6.755023e-07	1.546869e-06	1.472883e-06	4982
855043	-7.980418e-07	1.546880e-06	1.518171e-06	11382
844362	-6.756723e-07	1.546887e-06	1.472786e-06	4982
846787	-7.982183e-07	1.546901e-06	1.518057e-06	11382
836106	-6.758423e-07	1.546905e-06	1.472689e-06	4982
838531	-7.983948e-07	1.546922e-06	1.517943e-06	11382
827850	-6.760123e-07	1.546922e-06	1.472592e-06	4982
819594	-6.761823e-07	1.546940e-06	1.472496e-06	4982
830275	-7.985713e-07	1.546943e-06	1.517828e-06	11382
811338	-6.763522e-07	1.546958e-06	1.472399e-06	4982
822019	-7.987477e-07	1.546964e-06	1.517714e-06	11382
803082	-6.765221e-07	1.546976e-06	1.472302e-06	4982
813763	-7.989242e-07	1.546985e-06	1.517599e-06	11382
794826	-6.766920e-07	1.546994e-06	1.472205e-06	4982
805507	-7.991006e-07	1.547006e-06	1.517485e-06	11382
786570	-6.768619e-07	1.547012e-06	1.472108e-06	4982
797251	-7.992770e-07	1.547027e-06	1.517370e-06	11382
778314	-6.770318e-07	1.547030e-06	1.472011e-06	4982
770058	-6.772017e-07	1.547048e-06	1.471914e-06	4982
788995	-7.994533e-07	1.547049e-06	1.517256e-06	11382
761802	-6.773716e-07	1.547065e-06	1.471817e-06	4982
780739	-7.996297e-07	1.547070e-06	1.517142e-06	11382
753546	-6.775414e-07	1.547083e-06	1.471720e-06	4982
772483	-7.998061e-07	1.547091e-06	1.517027e-06	11382
745290	-6.777113e-07	1.547101e-06	1.471623e-06	4982
764227	-7.999824e-07	1.547112e-06	1.516912e-06	11382
737034	-6.778811e-07	1.547119e-06	1.471526e-06	4982
755971	-8.001587e-07	1.547133e-06	1.516798e-06	11382
728778	-6.780509e-07	1.547137e-06	1.471429e-06	4982
747715	-8.003350e-07	1.547154e-06	1.516683e-06	11382
720522	-6.782207e-07	1.547155e-06	1.471332e-06	4982
712266	-6.783905e-07	1.547173e-06	1.471235e-06	4982
739459	-8.005113e-07	1.547176e-06	1.516569e-06	11382
704010	-6.785602e-07	1.547191e-06	1.471138e-06	4982
731203	-8.006876e-07	1.547197e-06	1.516454e-06	11382
695754	-6.787300e-07	1.547209e-06	1.471041e-06	4982
722947	-8.008638e-07	1.547218e-06	1.516339e-06	11382
687498	-6.788997e-07	1.547227e-06	1.470943e-06	4982
714691	-8.010400e-07	1.547239e-06	1.516225e-06	11382
679242	-6.790694e-07	1.547245e-06	1.470846e-06	4982
706435	-8.012162e-07	1.547260e-06	1.516110e-06	11382
670986	-6.792392e-07	1.547263e-06	1.470749e-06	4982
662730	-6.794089e-07	1.547281e-06	1.470652e-06	4982
698179	-8.013924e-07	1.547281e-06	1.515995e-06	11382
654474	-6.795785e-07	1.547299e-06	1.470554e-06	4982
689923	-8.015686e-07	1.547303e-06	1.515880e-06	11382
646218	-6.797482e-07	1.547317e-06	1.470457e-06	4982
681667	-8.017448e-07	1.547324e-06	1.515765e-06	11382
637962	-6.799178e-07	1.547335e-06	1.470360e-06	4982
673411	-8.019209e-07	1.547345e-06	1.515651e-06	11382
629706	-6.800875e-07	1.547353e-06	1.470262e-06	4982
665155	-8.020971e-07	1.547366e-06	1.515536e-06	11382
621450	-6.802571e-07	1.547371e-06	1.470165e-06	4982
656899	-8.022732e-07	1.547388e-06	1.515421e-06	11382
613194	-6.804267e-07	1.547389e-06	1.470067e-06	4982
604938	-6.805963e-07	1.547407e-06	1.469970e-06	4982
648643	-8.024493e-07	1.547409e-06	1.515306e-06	11382
596682	-6.807659e-07	1.547425e-06	1.469873e-06	4982
640387	-8.026253e-07	1.547430e-06	1.515191e-06	11382
588426	-6.809354e-07	1.547443e-06	1.469775e-06	4982
632131	-8.028014e-07	1.547451e-06	1.515076e-06	11382
580170	-6.811050e-07	1.547461e-06	1.469677e-06	4982
623875	-8.029774e-07	1.547473e-06	1.514961e-06	11382
571914	-6.812745e-07	1.547479e-06	1.469580e-06	4982
615619	-8.031535e-07	1.547494e-06	1.514846e-06	11382
563658	-6.814440e-07	1.547497e-06	1.469482e-06	4982
555402	-6.816135e-07	1.547515e-06	1.469385e-06	4982
607363	-8.033294e-07	1.547515e-06	1.514731e-06	11382
547146	-6.817830e-07	1.547533e-06	1.469287e-06	4982
599107	-8.035054e-07	1.547536e-06	1.514616e-06	11382
538890	-6.819525e-07	1.547551e-06	1.469190e-06	4982
590851	-8.036814e-07	1.547558e-06	1.514501e-06	11382
530634	-6.821219e-07	1.547569e-06	1.469092e-06	4982
582595	-8.038574e-07	1.547579e-06	1.514386e-06	11382
522378	-6.822914e-07	1.547587e-06	1.468994e-06	4982
574339	-8.040333e-07	1.547600e-06	1.514270e-06	11382
514122	-6.824608e-07	1.547605e-06	1.468896e-06	4982
566083	-8.042093e-07	1.547621e-06	1.514155e-06	11382
505866	-6.826302e-07	1.547623e-06	1.468799e-06	4982
497610	-6.827996e-07	1.547641e-06	1.468701e-06	4982
557827	-8.043851e-07	1.547643e-06	1.514040e-06	11382
489354	-6.829690e-07	1.547659e-06	1.468603e-06	4982
549571	-8.045610e-07	1.547664e-06	1.513925e-06	11382
481098	-6.831384e-07	1.547677e-06	1.468505e-06	4982
541315	-8.047369e-07	1.547685e-06	1.513810e-06	11382
472842	-6.833077e-07	1.547695e-06	1.468408e-06	4982
533059	-8.049128e-07	1.547707e-06	1.513694e-06	11382
464586	-6.834771e-07	1.547713e-06	1.468310e-06	4982
524803	-8.050886e-07	1.547728e-06	1.513579e-06	11382
456330	-6.836464e-07	1.547731e-06	1.468212e-06	4982
448074	-6.838158e-07	1.547749e-06	1.468114e-06	4982
516547	-8.052644e-07	1.547749e-06	1.513464e-06	11382
439818	-6.839850e-07	1.547767e-06	1.468016e-06	4982
508291	-8.054402e-07	1.547770e-06	1.513348e-06	11382
431562	-6.841544e-07	1.547785e-06	1.467918e-06	4982
500035	-8.056160e-07	1.547792e-06	1.513233e-06	11382
423306	-6.843236e-07	1.547803e-06	1.467820e-06	4982
491779	-8.057918e-07	1.547813e-06	1.513118e-06	11382
415050	-6.844929e-07	1.547822e-06	1.467722e-06	4982
483523	-8.059675e-07	1.547834e-06	1.513002e-06	11382
406794	-6.846621e-07	1.547840e-06	1.467624e-06	4982
475267	-8.061432e-07	1.547856e-06	1.512887e-06	11382
398538	-6.848314e-07	1.547858e-06	1.467526e-06	4982
390282	-6.850005e-07	1.547876e-06	1.467428e-06	4982
467011	-8.063190e-07	1.547877e-06	1.512771e-06	11382
382026	-6.851698e-07	1.547894e-06	1.467330e-06	4982
458755	-8.064947e-07	1.547898e-06	1.512656e-06	11382
373770	-6.853389e-07	1.547912e-06	1.467232e-06	4982
450499	-8.066704e-07	1.547920e-06	1.512540e-06	11382
365514	-6.855081e-07	1.547930e-06	1.467134e-06	4982
442243	-8.068460e-07	1.547941e-06	1.512425e-06	11382
357258	-6.856773e-07	1.547948e-06	1.467035e-06	4982
433987	-8.070216e-07	1.547962e-06	1.512309e-06	11382
349002	-6.858464e-07	1.547966e-06	1.466937e-06	4982
425731	-8.071973e-07	1.547984e-06	1.512194e-06	11382
340746	-6.860155e-07	1.547985e-06	1.466839e-06	4982
332490	-6.861846e-07	1.548003e-06	1.466741e-06	4982
417475	-8.073729e-07	1.548005e-06	1.512078e-06	11382
324234	-6.863538e-07	1.548021e-06	1.466642e-06	4982
409219	-8.075485e-07	1.548026e-06	1.511962e-06	11382
315978	-6.865228e-07	1.548039e-06	1.466544e-06	4982
400963	-8.077241e-07	1.548048e-06	1.511847e-06	11382
307722	-6.866919e-07	1.548057e-06	1.466446e-06	4982
392707	-8.078997e-07	1.548069e-06	1.511731e-06	11382
299466	-6.868610e-07	1.548075e-06	1.466347e-06	4982
384451	-8.080752e-07	1.548091e-06	1.511615e-06	11382
291210	-6.870300e-07	1.548093e-06	1.466249e-06	4982
282954	-6.871990e-07	1.548112e-06	1.466151e-06	4982
376195	-8.082507e-07	1.548112e-06	1.511499e-06	11382
274698	-6.873680e-07	1.548130e-06	1.466052e-06	4982
367939	-8.084263e-07	1.548133e-06	1.511384e-06	11382
266442	-6.875370e-07	1.548148e-06	1.465954e-06	4982
359683	-8.086017e-07	1.548155e-06	1.511268e-06	11382
258186	-6.877060e-07	1.548166e-06	1.465855e-06	4982
351427	-8.087772e-07	1.548176e-06	1.511152e-06	11382
249930	-6.878749e-07	1.548184e-06	1.465757e-06	4982
343171	-8.089527e-07	1.548198e-06	1.511036e-06	11382
241674	-6.880439e-07	1.548203e-06	1.465658e-06	4982
334915	-8.091281e-07	1.548219e-06	1.510920e-06	11382
233418	-6.882129e-07	1.548221e-06	1.465560e-06	4982
225162	-6.883818e-07	1.548239e-06	1.465461e-06	4982
326659	-8.093035e-07	1.548240e-06	1.510805e-06	11382
216906	-6.885507e-07	1.548257e-06	1.465363e-06	4982
318403	-8.094789e-07	1.548262e-06	1.510689e-06	11382
208650	-6.887196e-07	1.548275e-06	1.465264e-06	4982
310147	-8.096544e-07	1.548283e-06	1.510573e-06	11382
200394	-6.888885e-07	1.548294e-06	1.465165e-06	4982
301891	-8.098297e-07	1.548305e-06	1.510457e-06	11382
192138	-6.890573e-07	1.548312e-06	1.465067e-06	4982
293635	-8.100051e-07	1.548326e-06	1.510341e-06	11382
183882	-6.892262e-07	1.548330e-06	1.464968e-06	4982
285379	-8.101804e-07	1.548348e-06	1.510225e-06	11382
175626	-6.893950e-07	1.548348e-06	1.464869e-06	4982
167370	-6.895638e-07	1.548366e-06	1.464771e-06	4982
277123	-8.103557e-07	1.548369e-06	1.510109e-06	11382
159114	-6.897326e-07	1.548385e-06	1.464672e-06	4982
268867	-8.105310e-07	1.548391e-06	1.509992e-06	11382
150858	-6.899014e-07	1.548403e-06	1.464573e-06	4982
260611	-8.107063e-07	1.548412e-06	1.509876e-06	11382
142602	-6.900702e-07	1.548421e-06	1.464474e-06	4982
252355	-8.108816e-07	1.548433e-06	1.509760e-06	11382
134346	-6.902389e-07	1.548439e-06	1.464376e-06	4982
244099	-8.110569e-07	1.548455e-06	1.509644e-06	11382
126090	-6.904077e-07	1.548458e-06	1.464277e-06	4982
117834	-6.905764e-07	1.548476e-06	1.464178e-06	4982
235843	-8.112321e-07	1.548476e-06	1.509528e-06	11382
109578	-6.907451e-07	1.548494e-06	1.464079e-06	4982
227587	-8.114073e-07	1.548498e-06	1.509412e-06	11382
101322	-6.909139e-07	1.548512e-06	1.463980e-06	4982
219331	-8.115825e-07	1.548519e-06	1.509296e-06	11382
93066	-6.910826e-07	1.548531e-06	1.463881e-06	4982
211075	-8.117577e-07	1.548541e-06	1.509179e-06	11382
84810	-6.912512e-07	1.548549e-06	1.463782e-06	4982
202819	-8.119329e-07	1.548562e-06	1.509063e-06	11382
76554	-6.914199e-07	1.548567e-06	1.463683e-06	4982
194563	-8.121080e-07	1.548584e-06	1.508947e-06	11382
68298	-6.915885e-07	1.548585e-06	1.463584e-06	4982
60042	-6.917571e-07	1.548604e-06	1.463485e-06	4982
186307	-8.122831e-07	1.548605e-06	1.508830e-06	11382
51786	-6.919258e-07	1.548622e-06	1.463386e-06	4982
178051	-8.124583e-07	1.548627e-06	1.508714e-06	11382
43530	-6.920944e-07	1.548640e-06	1.463287e-06	4982
169795	-8.126333e-07	1.548648e-06	1.508598e-06	11382
35274	-6.922630e-07	1.548659e-06	1.463188e-06	4982
161539	-8.128084e-07	1.548670e-06	1.508481e-06	11382
27018	-6.924315e-07	1.548677e-06	1.463089e-06	4982
153283	-8.129835e-07	1.548691e-06	1.508365e-06	11382
18762	-6.926001e-07	1.548695e-06	1.462989e-06	4982
145027	-8.131585e-07	1.548713e-06	1.508248e-06	11382
10506	-6.927686e-07	1.548714e-06	1.462890e-06	4982
2250	-6.929371e-07	1.548732e-06	1.462791e-06	4982
136771	-8.133335e-07	1.548734e-06	1.508132e-06	11382
128515	-8.135086e-07	1.548756e-06	1.508015e-06	11382
120259	-8.136836e-07	1.548777e-06	1.507899e-06	11382
112003	-8.138585e-07	1.548799e-06	1.507782e-06	11382
103747	-8.140335e-07	1.548820e-06	1.507666e-06	11382
95491	-8.142085e-07	1.548842e-06	1.507549e-06	11382
87235	-8.143834e-07	1.548863e-06	1.507432e-06	11382
78979	-8.145583e-07	1.548885e-06	1.507316e-06	11382
70723	-8.147332e-07	1.548907e-06	1.507199e-06	11382
62467	-8.149080e-07	1.548928e-06	1.507082e-06	11382
54211	-8.150829e-07	1.548950e-06	1.506966e-06	11382
45955	-8.152577e-07	1.548971e-06	1.506849e-06	11382
37699	-8.154325e-07	1.548993e-06	1.506732e-06	11382
29443	-8.156074e-07	1.549014e-06	1.506615e-06	11382
21187	-8.157822e-07	1.549036e-06	1.506499e-06	11382
12931	-8.159569e-07	1.549058e-06	1.506382e-06	11382
4675	-8.161317e-07	1.549079e-06	1.506265e-06	11382
1149943	-7.127002e-07	1.549519e-06	1.495485e-06	5238
1141687	-7.128734e-07	1.549538e-06	1.495382e-06	5238
1133431	-7.130466e-07	1.549557e-06	1.495280e-06	5238
1125175	-7.132197e-07	1.549576e-06	1.495178e-06	5238
1116919	-7.133929e-07	1.549594e-06	1.495076e-06	5238
1108663	-7.135660e-07	1.549613e-06	1.494974e-06	5238
1100407	-7.137390e-07	1.549632e-06	1.494872e-06	5238
1092151	-7.139121e-07	1.549651e-06	1.494769e-06	5238
1083895	-7.140852e-07	1.549670e-06	1.494667e-06	5238
1075639	-7.142583e-07	1.549689e-06	1.494565e-06	5238
1067383	-7.144313e-07	1.549708e-06	1.494463e-06	5238
1059127	-7.146044e-07	1.549727e-06	1.494360e-06	5238
1050871	-7.147773e-07	1.549746e-06	1.494258e-06	5238
1042615	-7.149504e-07	1.549764e-06	1.494156e-06	5238
1034359	-7.151233e-07	1.549783e-06	1.494053e-06	5238
1026103	-7.152963e-07	1.549802e-06	1.493951e-06	5238
1017847	-7.154692e-07	1.549821e-06	1.493848e-06	5238
1009591	-7.156422e-07	1.549840e-06	1.493746e-06	5238
1001335	-7.158151e-07	1.549859e-06	1.493643e-06	5238
993079	-7.159880e-07	1.549878e-06	1.493541e-06	5238
984823	-7.161609e-07	1.549897e-06	1.493438e-06	5238
976567	-7.163338e-07	1.549916e-06	1.493336e-06	5238
968311	-7.165066e-07	1.549935e-06	1.493233e-06	5238
960055	-7.166795e-07	1.549954e-06	1.493131e-06	5238
951799	-7.168523e-07	1.549973e-06	1.493028e-06	5238
943543	-7.170251e-07	1.549992e-06	1.492925e-06	5238
935287	-7.171979e-07	1.550011e-06	1.492823e-06	5238
927031	-7.173707e-07	1.550030e-06	1.492720e-06	5238
918775	-7.175435e-07	1.550049e-06	1.492617e-06	5238
910519	-7.177162e-07	1.550068e-06	1.492514e-06	5238
902263	-7.178890e-07	1.550086e-06	1.492412e-06	5238
894007	-7.180617e-07	1.550105e-06	1.492309e-06	5238
885751	-7.182344e-07	1.550124e-06	1.492206e-06	5238
877495	-7.184071e-07	1.550143e-06	1.492103e-06	5238
869239	-7.185798e-07	1.550162e-06	1.492000e-06	5238
860983	-7.187524e-07	1.550181e-06	1.491897e-06	5238
852727	-7.189251e-07	1.550201e-06	1.491794e-06	5238
844471	-7.190977e-07	1.550220e-06	1.491691e-06	5238
836215	-7.192703e-07	1.550238e-06	1.491588e-06	5238
827959	-7.194429e-07	1.550257e-06	1.491485e-06	5238
819703	-7.196155e-07	1.550277e-06	1.491382e-06	5238
811447	-7.197881e-07	1.550296e-06	1.491279e-06	5238
803191	-7.199606e-07	1.550315e-06	1.491176e-06	5238
794935	-7.201332e-07	1.550334e-06	1.491073e-06	5238
786679	-7.203057e-07	1.550353e-06	1.490970e-06	5238
778423	-7.204782e-07	1.550372e-06	1.490867e-06	5238
770167	-7.206507e-07	1.550391e-06	1.490763e-06	5238
761911	-7.208232e-07	1.550410e-06	1.490660e-06	5238
753655	-7.209956e-07	1.550429e-06	1.490557e-06	5238
745399	-7.211681e-07	1.550448e-06	1.490454e-06	5238
737143	-7.213405e-07	1.550467e-06	1.490351e-06	5238
728887	-7.215129e-07	1.550486e-06	1.490247e-06	5238
720631	-7.216854e-07	1.550505e-06	1.490144e-06	5238
712375	-7.218577e-07	1.550524e-06	1.490041e-06	5238
704119	-7.220301e-07	1.550543e-06	1.489937e-06	5238
695863	-7.222025e-07	1.550563e-06	1.489834e-06	5238
687607	-7.223748e-07	1.550582e-06	1.489730e-06	5238
679351	-7.225471e-07	1.550601e-06	1.489627e-06	5238
671095	-7.227194e-07	1.550620e-06	1.489523e-06	5238
662839	-7.228917e-07	1.550639e-06	1.489420e-06	5238
654583	-7.230640e-07	1.550658e-06	1.489316e-06	5238
646327	-7.232363e-07	1.550677e-06	1.489213e-06	5238
638071	-7.234085e-07	1.550696e-06	1.489109e-06	5238
629815	-7.235807e-07	1.550715e-06	1.489006e-06	5238
621559	-7.237530e-07	1.550735e-06	1.488902e-06	5238
613303	-7.239252e-07	1.550754e-06	1.488798e-06	5238
605047	-7.240973e-07	1.550773e-06	1.488695e-06	5238
596791	-7.242695e-07	1.550792e-06	1.488591e-06	5238
588535	-7.244417e-07	1.550811e-06	1.488487e-06	5238
580279	-7.246138e-07	1.550830e-06	1.488383e-06	5238
572023	-7.247859e-07	1.550849e-06	1.488280e-06	5238
563767	-7.249581e-07	1.550869e-06	1.488176e-06	5238
555511	-7.251301e-07	1.550888e-06	1.488072e-06	5238
547255	-7.253022e-07	1.550907e-06	1.487968e-06	5238
538999	-7.254743e-07	1.550926e-06	1.487864e-06	5238
530743	-7.256463e-07	1.550945e-06	1.487760e-06	5238
522487	-7.258184e-07	1.550964e-06	1.487656e-06	5238
514231	-7.259904e-07	1.550984e-06	1.487552e-06	5238
505975	-7.261624e-07	1.551003e-06	1.487448e-06	5238
497719	-7.263343e-07	1.551022e-06	1.487344e-06	5238
489463	-7.265064e-07	1.551041e-06	1.487240e-06	5238
481207	-7.266783e-07	1.551061e-06	1.487136e-06	5238
472951	-7.268503e-07	1.551080e-06	1.487032e-06	5238
464695	-7.270222e-07	1.551099e-06	1.486928e-06	5238
456439	-7.271940e-07	1.551118e-06	1.486824e-06	5238
448183	-7.273659e-07	1.551138e-06	1.486720e-06	5238
439927	-7.275378e-07	1.551157e-06	1.486616e-06	5238
431671	-7.277097e-07	1.551176e-06	1.486512e-06	5238
423415	-7.278816e-07	1.551195e-06	1.486407e-06	5238
415159	-7.280534e-07	1.551214e-06	1.486303e-06	5238
406903	-7.282252e-07	1.551234e-06	1.486199e-06	5238
398647	-7.283970e-07	1.551253e-06	1.486095e-06	5238
390391	-7.285688e-07	1.551272e-06	1.485990e-06	5238
382135	-7.287405e-07	1.551291e-06	1.485886e-06	5238
373879	-7.289123e-07	1.551311e-06	1.485781e-06	5238
365623	-7.290840e-07	1.551330e-06	1.485677e-06	5238
357367	-7.292558e-07	1.551349e-06	1.485573e-06	5238
349111	-7.294275e-07	1.551369e-06	1.485468e-06	5238
340855	-7.295992e-07	1.551388e-06	1.485364e-06	5238
332599	-7.297709e-07	1.551407e-06	1.485259e-06	5238
324343	-7.299425e-07	1.551427e-06	1.485155e-06	5238
316087	-7.301142e-07	1.551446e-06	1.485050e-06	5238
307831	-7.302858e-07	1.551465e-06	1.484946e-06	5238
299575	-7.304574e-07	1.551485e-06	1.484841e-06	5238
291319	-7.306290e-07	1.551504e-06	1.484736e-06	5238
283063	-7.308006e-07	1.551523e-06	1.484632e-06	5238
274807	-7.309721e-07	1.551542e-06	1.484527e-06	5238
266551	-7.311437e-07	1.551562e-06	1.484422e-06	5238
258295	-7.313153e-07	1.551581e-06	1.484318e-06	5238
250039	-7.314868e-07	1.551600e-06	1.484213e-06	5238
241783	-7.316583e-07	1.551620e-06	1.484108e-06	5238
233527	-7.318297e-07	1.551639e-06	1.484003e-06	5238
225271	-7.320012e-07	1.551659e-06	1.483899e-06	5238
217015	-7.321727e-07	1.551678e-06	1.483794e-06	5238
208759	-7.323441e-07	1.551697e-06	1.483689e-06	5238
200503	-7.325156e-07	1.551717e-06	1.483584e-06	5238
192247	-7.326870e-07	1.551736e-06	1.483479e-06	5238
183991	-7.328584e-07	1.551755e-06	1.483374e-06	5238
175735	-7.330298e-07	1.551775e-06	1.483269e-06	5238
167479	-7.332011e-07	1.551794e-06	1.483164e-06	5238
159223	-7.333725e-07	1.551814e-06	1.483059e-06	5238
150967	-7.335438e-07	1.551833e-06	1.482954e-06	5238
142711	-7.337151e-07	1.551852e-06	1.482849e-06	5238
134455	-7.338865e-07	1.551872e-06	1.482744e-06	5238
126199	-7.340577e-07	1.551891e-06	1.482639e-06	5238
117943	-7.342290e-07	1.551911e-06	1.482534e-06	5238
109687	-7.344003e-07	1.551930e-06	1.482429e-06	5238
101431	-7.345715e-07	1.551949e-06	1.482323e-06	5238
93175	-7.347427e-07	1.551969e-06	1.482218e-06	5238
84919	-7.349140e-07	1.551988e-06	1.482113e-06	5238
76663	-7.350851e-07	1.552008e-06	1.482008e-06	5238
68407	-7.352563e-07	1.552027e-06	1.481902e-06	5238
1153058	-7.583502e-07	1.552036e-06	1.511249e-06	13946
60151	-7.354275e-07	1.552047e-06	1.481797e-06	5238
1144802	-7.585255e-07	1.552056e-06	1.511140e-06	13946
51895	-7.355986e-07	1.552066e-06	1.481692e-06	5238
1136546	-7.587009e-07	1.552076e-06	1.511032e-06	13946
43639	-7.357698e-07	1.552086e-06	1.481586e-06	5238
1128290	-7.588762e-07	1.552096e-06	1.510923e-06	13946
35383	-7.359409e-07	1.552105e-06	1.481481e-06	5238
1120034	-7.590515e-07	1.552116e-06	1.510814e-06	13946
27127	-7.361120e-07	1.552124e-06	1.481376e-06	5238
1111778	-7.592269e-07	1.552137e-06	1.510705e-06	13946
18871	-7.362831e-07	1.552144e-06	1.481270e-06	5238
1103522	-7.594021e-07	1.552157e-06	1.510597e-06	13946
10615	-7.364541e-07	1.552163e-06	1.481165e-06	5238
1095266	-7.595774e-07	1.552177e-06	1.510488e-06	13946
2359	-7.366252e-07	1.552183e-06	1.481059e-06	5238
1087010	-7.597527e-07	1.552197e-06	1.510379e-06	13946
1078754	-7.599279e-07	1.552217e-06	1.510270e-06	13946
1070498	-7.601031e-07	1.552237e-06	1.510161e-06	13946
1062242	-7.602783e-07	1.552257e-06	1.510053e-06	13946
1053986	-7.604535e-07	1.552277e-06	1.509944e-06	13946
1045730	-7.606287e-07	1.552297e-06	1.509835e-06	13946
1037474	-7.608039e-07	1.552317e-06	1.509726e-06	13946
1029218	-7.609790e-07	1.552338e-06	1.509617e-06	13946
1020962	-7.611541e-07	1.552358e-06	1.509508e-06	13946
1012706	-7.613293e-07	1.552378e-06	1.509399e-06	13946
1004450	-7.615043e-07	1.552398e-06	1.509290e-06	13946
996194	-7.616794e-07	1.552418e-06	1.509181e-06	13946
987938	-7.618545e-07	1.552438e-06	1.509072e-06	13946
979682	-7.620296e-07	1.552458e-06	1.508963e-06	13946
971426	-7.622046e-07	1.552479e-06	1.508853e-06	13946
963170	-7.623796e-07	1.552499e-06	1.508744e-06	13946
954914	-7.625546e-07	1.552519e-06	1.508635e-06	13946
946658	-7.627296e-07	1.552539e-06	1.508526e-06	13946
938402	-7.629046e-07	1.552559e-06	1.508417e-06	13946
930146	-7.630795e-07	1.552579e-06	1.508307e-06	13946
921890	-7.632544e-07	1.552600e-06	1.508198e-06	13946
913634	-7.634293e-07	1.552620e-06	1.508089e-06	13946
905378	-7.636042e-07	1.552640e-06	1.507979e-06	13946
1152342	-6.977552e-07	1.552660e-06	1.492920e-06	11637
897122	-7.637792e-07	1.552660e-06	1.507870e-06	13946
1144086	-6.979279e-07	1.552678e-06	1.492820e-06	11637
888866	-7.639540e-07	1.552680e-06	1.507761e-06	13946
1135830	-6.981006e-07	1.552697e-06	1.492720e-06	11637
880610	-7.641289e-07	1.552701e-06	1.507651e-06	13946
1127574	-6.982733e-07	1.552715e-06	1.492620e-06	11637
872354	-7.643037e-07	1.552721e-06	1.507542e-06	13946
1119318	-6.984460e-07	1.552734e-06	1.492520e-06	11637
864098	-7.644785e-07	1.552741e-06	1.507432e-06	13946
1111062	-6.986186e-07	1.552752e-06	1.492420e-06	11637
855842	-7.646534e-07	1.552761e-06	1.507323e-06	13946
1102806	-6.987913e-07	1.552771e-06	1.492320e-06	11637
847586	-7.648281e-07	1.552782e-06	1.507213e-06	13946
1094550	-6.989640e-07	1.552789e-06	1.492220e-06	11637
839330	-7.650029e-07	1.552802e-06	1.507104e-06	13946
1086294	-6.991366e-07	1.552808e-06	1.492120e-06	11637
831074	-7.651776e-07	1.552822e-06	1.506994e-06	13946
1078038	-6.993092e-07	1.552826e-06	1.492020e-06	11637
822818	-7.653524e-07	1.552842e-06	1.506884e-06	13946
1069782	-6.994818e-07	1.552845e-06	1.491919e-06	11637
814562	-7.655271e-07	1.552862e-06	1.506775e-06	13946
1061526	-6.996544e-07	1.552863e-06	1.491819e-06	11637
1053270	-6.998269e-07	1.552882e-06	1.491719e-06	11637
806306	-7.657018e-07	1.552883e-06	1.506665e-06	13946
1045014	-6.999995e-07	1.552900e-06	1.491619e-06	11637
798050	-7.658765e-07	1.552903e-06	1.506556e-06	13946
1036758	-7.001720e-07	1.552919e-06	1.491519e-06	11637
789794	-7.660512e-07	1.552923e-06	1.506446e-06	13946
1028502	-7.003445e-07	1.552937e-06	1.491418e-06	11637
781538	-7.662259e-07	1.552944e-06	1.506336e-06	13946
1020246	-7.005170e-07	1.552956e-06	1.491318e-06	11637
773282	-7.664005e-07	1.552964e-06	1.506226e-06	13946
1011990	-7.006895e-07	1.552974e-06	1.491218e-06	11637
765026	-7.665751e-07	1.552984e-06	1.506117e-06	13946
1003734	-7.008620e-07	1.552993e-06	1.491117e-06	11637
756770	-7.667497e-07	1.553004e-06	1.506007e-06	13946
995478	-7.010344e-07	1.553011e-06	1.491017e-06	11637
748514	-7.669243e-07	1.553025e-06	1.505897e-06	13946
987222	-7.012069e-07	1.553030e-06	1.490917e-06	11637
740258	-7.670989e-07	1.553045e-06	1.505787e-06	13946
978966	-7.013793e-07	1.553048e-06	1.490816e-06	11637
732002	-7.672734e-07	1.553065e-06	1.505677e-06	13946
970710	-7.015518e-07	1.553067e-06	1.490716e-06	11637
962454	-7.017242e-07	1.553085e-06	1.490615e-06	11637
723746	-7.674480e-07	1.553086e-06	1.505567e-06	13946
954198	-7.018965e-07	1.553104e-06	1.490515e-06	11637
715490	-7.676225e-07	1.553106e-06	1.505457e-06	13946
945942	-7.020689e-07	1.553123e-06	1.490414e-06	11637
707234	-7.677970e-07	1.553126e-06	1.505348e-06	13946
937686	-7.022413e-07	1.553141e-06	1.490314e-06	11637
698978	-7.679715e-07	1.553146e-06	1.505238e-06	13946
929430	-7.024136e-07	1.553160e-06	1.490213e-06	11637
690722	-7.681460e-07	1.553167e-06	1.505128e-06	13946
921174	-7.025859e-07	1.553178e-06	1.490112e-06	11637
682466	-7.683205e-07	1.553187e-06	1.505018e-06	13946
912918	-7.027582e-07	1.553197e-06	1.490012e-06	11637
674210	-7.684949e-07	1.553207e-06	1.504907e-06	13946
904662	-7.029305e-07	1.553215e-06	1.489911e-06	11637
665954	-7.686693e-07	1.553228e-06	1.504797e-06	13946
896406	-7.031028e-07	1.553234e-06	1.489811e-06	11637
657698	-7.688438e-07	1.553248e-06	1.504687e-06	13946
888150	-7.032751e-07	1.553253e-06	1.489710e-06	11637
649442	-7.690182e-07	1.553268e-06	1.504577e-06	13946
879894	-7.034473e-07	1.553271e-06	1.489609e-06	11637
641186	-7.691925e-07	1.553289e-06	1.504467e-06	13946
871638	-7.036195e-07	1.553290e-06	1.489508e-06	11637
863382	-7.037918e-07	1.553308e-06	1.489408e-06	11637
632930	-7.693669e-07	1.553309e-06	1.504357e-06	13946
855126	-7.039640e-07	1.553327e-06	1.489307e-06	11637
624674	-7.695413e-07	1.553330e-06	1.504247e-06	13946
846870	-7.041362e-07	1.553346e-06	1.489206e-06	11637
616418	-7.697156e-07	1.553350e-06	1.504136e-06	13946
838614	-7.043084e-07	1.553364e-06	1.489105e-06	11637
608162	-7.698899e-07	1.553370e-06	1.504026e-06	13946
830358	-7.044805e-07	1.553383e-06	1.489004e-06	11637
599906	-7.700642e-07	1.553391e-06	1.503916e-06	13946
822102	-7.046527e-07	1.553401e-06	1.488903e-06	11637
591650	-7.702385e-07	1.553411e-06	1.503806e-06	13946
813846	-7.048248e-07	1.553420e-06	1.488802e-06	11637
583394	-7.704128e-07	1.553431e-06	1.503695e-06	13946
805590	-7.049969e-07	1.553439e-06	1.488702e-06	11637
575138	-7.705870e-07	1.553452e-06	1.503585e-06	13946
797334	-7.051690e-07	1.553457e-06	1.488601e-06	11637
566882	-7.707612e-07	1.553472e-06	1.503475e-06	13946
789078	-7.053411e-07	1.553476e-06	1.488500e-06	11637
558626	-7.709355e-07	1.553492e-06	1.503364e-06	13946
780822	-7.055132e-07	1.553495e-06	1.488399e-06	11637
550370	-7.711097e-07	1.553513e-06	1.503254e-06	13946
772566	-7.056852e-07	1.553513e-06	1.488298e-06	11637
764310	-7.058572e-07	1.553532e-06	1.488197e-06	11637
542114	-7.712839e-07	1.553533e-06	1.503143e-06	13946
756054	-7.060293e-07	1.553551e-06	1.488095e-06	11637
533858	-7.714580e-07	1.553554e-06	1.503033e-06	13946
747798	-7.062013e-07	1.553569e-06	1.487994e-06	11637
525602	-7.716322e-07	1.553574e-06	1.502922e-06	13946
739542	-7.063733e-07	1.553588e-06	1.487893e-06	11637
517346	-7.718063e-07	1.553595e-06	1.502812e-06	13946
731286	-7.065453e-07	1.553607e-06	1.487792e-06	11637
509090	-7.719804e-07	1.553615e-06	1.502701e-06	13946
723030	-7.067172e-07	1.553625e-06	1.487691e-06	11637
500834	-7.721545e-07	1.553635e-06	1.502591e-06	13946
714774	-7.068892e-07	1.553644e-06	1.487590e-06	11637
492578	-7.723286e-07	1.553656e-06	1.502480e-06	13946
706518	-7.070611e-07	1.553663e-06	1.487488e-06	11637
484322	-7.725027e-07	1.553676e-06	1.502370e-06	13946
698262	-7.072330e-07	1.553681e-06	1.487387e-06	11637
476066	-7.726767e-07	1.553697e-06	1.502259e-06	13946
690006	-7.074050e-07	1.553700e-06	1.487286e-06	11637
467810	-7.728508e-07	1.553717e-06	1.502148e-06	13946
681750	-7.075769e-07	1.553719e-06	1.487184e-06	11637
673494	-7.077487e-07	1.553738e-06	1.487083e-06	11637
459554	-7.730248e-07	1.553738e-06	1.502038e-06	13946
665238	-7.079206e-07	1.553756e-06	1.486982e-06	11637
451298	-7.731988e-07	1.553758e-06	1.501927e-06	13946
656982	-7.080924e-07	1.553775e-06	1.486880e-06	11637
443042	-7.733728e-07	1.553778e-06	1.501816e-06	13946
648726	-7.082643e-07	1.553794e-06	1.486779e-06	11637
434786	-7.735468e-07	1.553799e-06	1.501705e-06	13946
640470	-7.084361e-07	1.553812e-06	1.486678e-06	11637
426530	-7.737207e-07	1.553819e-06	1.501595e-06	13946
632214	-7.086079e-07	1.553831e-06	1.486576e-06	11637
418274	-7.738947e-07	1.553840e-06	1.501484e-06	13946
623958	-7.087797e-07	1.553850e-06	1.486475e-06	11637
410018	-7.740686e-07	1.553860e-06	1.501373e-06	13946
615702	-7.089515e-07	1.553869e-06	1.486373e-06	11637
401762	-7.742425e-07	1.553881e-06	1.501262e-06	13946
607446	-7.091232e-07	1.553887e-06	1.486272e-06	11637
393506	-7.744164e-07	1.553901e-06	1.501151e-06	13946
599190	-7.092950e-07	1.553906e-06	1.486170e-06	11637
385250	-7.745903e-07	1.553922e-06	1.501040e-06	13946
590934	-7.094667e-07	1.553925e-06	1.486068e-06	11637
376994	-7.747641e-07	1.553942e-06	1.500929e-06	13946
582678	-7.096384e-07	1.553944e-06	1.485967e-06	11637
574422	-7.098101e-07	1.553962e-06	1.485865e-06	11637
368738	-7.749380e-07	1.553963e-06	1.500818e-06	13946
566166	-7.099817e-07	1.553981e-06	1.485764e-06	11637
360482	-7.751118e-07	1.553983e-06	1.500707e-06	13946
557910	-7.101534e-07	1.554000e-06	1.485662e-06	11637
352226	-7.752856e-07	1.554004e-06	1.500596e-06	13946
549654	-7.103251e-07	1.554019e-06	1.485560e-06	11637
343970	-7.754594e-07	1.554024e-06	1.500485e-06	13946
541398	-7.104967e-07	1.554038e-06	1.485458e-06	11637
335714	-7.756332e-07	1.554045e-06	1.500374e-06	13946
533142	-7.106683e-07	1.554056e-06	1.485357e-06	11637
327458	-7.758069e-07	1.554065e-06	1.500263e-06	13946
524886	-7.108399e-07	1.554075e-06	1.485255e-06	11637
319202	-7.759807e-07	1.554086e-06	1.500152e-06	13946
516630	-7.110115e-07	1.554094e-06	1.485153e-06	11637
310946	-7.761544e-07	1.554106e-06	1.500041e-06	13946
508374	-7.111831e-07	1.554113e-06	1.485051e-06	11637
302690	-7.763281e-07	1.554127e-06	1.499930e-06	13946
1148202	-7.345273e-07	1.554128e-06	1.507874e-06	1397
500118	-7.113546e-07	1.554132e-06	1.484949e-06	11637
1139946	-7.347022e-07	1.554147e-06	1.507769e-06	1397
294434	-7.765018e-07	1.554148e-06	1.499818e-06	13946
491862	-7.115262e-07	1.554150e-06	1.484848e-06	11637
1131690	-7.348769e-07	1.554166e-06	1.507664e-06	1397
286178	-7.766754e-07	1.554168e-06	1.499707e-06	13946
483606	-7.116977e-07	1.554169e-06	1.484746e-06	11637
1123434	-7.350517e-07	1.554186e-06	1.507559e-06	1397
475350	-7.118692e-07	1.554188e-06	1.484644e-06	11637
277922	-7.768491e-07	1.554189e-06	1.499596e-06	13946
1115178	-7.352265e-07	1.554205e-06	1.507453e-06	1397
467094	-7.120407e-07	1.554207e-06	1.484542e-06	11637
269666	-7.770228e-07	1.554209e-06	1.499485e-06	13946
1106922	-7.354013e-07	1.554225e-06	1.507348e-06	1397
458838	-7.122122e-07	1.554226e-06	1.484440e-06	11637
261410	-7.771964e-07	1.554230e-06	1.499373e-06	13946
1098666	-7.355761e-07	1.554244e-06	1.507243e-06	1397
450582	-7.123837e-07	1.554244e-06	1.484338e-06	11637
253154	-7.773700e-07	1.554250e-06	1.499262e-06	13946
442326	-7.125552e-07	1.554263e-06	1.484236e-06	11637
1090410	-7.357508e-07	1.554264e-06	1.507137e-06	1397
244898	-7.775436e-07	1.554271e-06	1.499151e-06	13946
434070	-7.127266e-07	1.554282e-06	1.484134e-06	11637
1082154	-7.359255e-07	1.554283e-06	1.507032e-06	1397
236642	-7.777172e-07	1.554291e-06	1.499039e-06	13946
425814	-7.128980e-07	1.554301e-06	1.484032e-06	11637
1073898	-7.361002e-07	1.554303e-06	1.506927e-06	1397
228386	-7.778907e-07	1.554312e-06	1.498928e-06	13946
417558	-7.130694e-07	1.554320e-06	1.483930e-06	11637
1065642	-7.362750e-07	1.554322e-06	1.506821e-06	1397
220130	-7.780642e-07	1.554332e-06	1.498816e-06	13946
409302	-7.132408e-07	1.554339e-06	1.483827e-06	11637
1057386	-7.364496e-07	1.554341e-06	1.506716e-06	1397
211874	-7.782378e-07	1.554353e-06	1.498705e-06	13946
401046	-7.134122e-07	1.554358e-06	1.483725e-06	11637
1049130	-7.366243e-07	1.554361e-06	1.506610e-06	1397
203618	-7.784113e-07	1.554374e-06	1.498594e-06	13946
392790	-7.135836e-07	1.554376e-06	1.483623e-06	11637
1040874	-7.367989e-07	1.554380e-06	1.506505e-06	1397
195362	-7.785848e-07	1.554394e-06	1.498482e-06	13946
384534	-7.137549e-07	1.554395e-06	1.483521e-06	11637
1032618	-7.369736e-07	1.554400e-06	1.506399e-06	1397
376278	-7.139262e-07	1.554414e-06	1.483419e-06	11637
187106	-7.787583e-07	1.554415e-06	1.498370e-06	13946
1024362	-7.371482e-07	1.554419e-06	1.506294e-06	1397
368022	-7.140976e-07	1.554433e-06	1.483316e-06	11637
178850	-7.789317e-07	1.554435e-06	1.498259e-06	13946
1016106	-7.373228e-07	1.554439e-06	1.506188e-06	1397
359766	-7.142689e-07	1.554452e-06	1.483214e-06	11637
170594	-7.791052e-07	1.554456e-06	1.498147e-06	13946
1007850	-7.374973e-07	1.554458e-06	1.506083e-06	1397
351510	-7.144401e-07	1.554471e-06	1.483112e-06	11637
162338	-7.792786e-07	1.554477e-06	1.498036e-06	13946
999594	-7.376719e-07	1.554478e-06	1.505977e-06	1397
343254	-7.146114e-07	1.554490e-06	1.483009e-06	11637
154082	-7.794520e-07	1.554497e-06	1.497924e-06	13946
991338	-7.378464e-07	1.554497e-06	1.505871e-06	1397
334998	-7.147827e-07	1.554509e-06	1.482907e-06	11637
983082	-7.380210e-07	1.554517e-06	1.505766e-06	1397
145826	-7.796254e-07	1.554518e-06	1.497813e-06	13946
326742	-7.149539e-07	1.554528e-06	1.482805e-06	11637
974826	-7.381955e-07	1.554537e-06	1.505660e-06	1397
137570	-7.797988e-07	1.554539e-06	1.497701e-06	13946
318486	-7.151252e-07	1.554546e-06	1.482702e-06	11637
966570	-7.383700e-07	1.554556e-06	1.505554e-06	1397
129314	-7.799721e-07	1.554559e-06	1.497589e-06	13946
310230	-7.152964e-07	1.554565e-06	1.482600e-06	11637
958314	-7.385445e-07	1.554576e-06	1.505448e-06	1397
121058	-7.801455e-07	1.554580e-06	1.497477e-06	13946
301974	-7.154675e-07	1.554584e-06	1.482498e-06	11637
1148448	-8.335853e-07	1.554593e-06	1.544272e-06	1910
950058	-7.387190e-07	1.554595e-06	1.505343e-06	1397
112802	-7.803188e-07	1.554601e-06	1.497366e-06	13946
293718	-7.156387e-07	1.554603e-06	1.482395e-06	11637
941802	-7.388934e-07	1.554615e-06	1.505237e-06	1397
1140192	-8.337653e-07	1.554615e-06	1.544152e-06	1910
104546	-7.804921e-07	1.554621e-06	1.497254e-06	13946
285462	-7.158099e-07	1.554622e-06	1.482293e-06	11637
933546	-7.390678e-07	1.554634e-06	1.505131e-06	1397
1131936	-8.339453e-07	1.554637e-06	1.544033e-06	1910
277206	-7.159811e-07	1.554641e-06	1.482190e-06	11637
96290	-7.806655e-07	1.554642e-06	1.497142e-06	13946
925290	-7.392423e-07	1.554654e-06	1.505025e-06	1397
1123680	-8.341253e-07	1.554659e-06	1.543914e-06	1910
268950	-7.161522e-07	1.554660e-06	1.482087e-06	11637
88034	-7.808387e-07	1.554663e-06	1.497030e-06	13946
917034	-7.394167e-07	1.554673e-06	1.504919e-06	1397
260694	-7.163233e-07	1.554679e-06	1.481985e-06	11637
1115424	-8.343053e-07	1.554681e-06	1.543794e-06	1910
79778	-7.810120e-07	1.554683e-06	1.496918e-06	13946
908778	-7.395911e-07	1.554693e-06	1.504813e-06	1397
252438	-7.164944e-07	1.554698e-06	1.481882e-06	11637
1107168	-8.344853e-07	1.554703e-06	1.543675e-06	1910
71522	-7.811852e-07	1.554704e-06	1.496807e-06	13946
900522	-7.397655e-07	1.554712e-06	1.504707e-06	1397
244182	-7.166655e-07	1.554717e-06	1.481780e-06	11637
63266	-7.813584e-07	1.554724e-06	1.496695e-06	13946
1098912	-8.346652e-07	1.554725e-06	1.543555e-06	1910
892266	-7.399398e-07	1.554732e-06	1.504602e-06	1397
235926	-7.168366e-07	1.554736e-06	1.481677e-06	11637
55010	-7.815317e-07	1.554745e-06	1.496583e-06	13946
1090656	-8.348451e-07	1.554747e-06	1.543435e-06	1910
884010	-7.401142e-07	1.554752e-06	1.504495e-06	1397
227670	-7.170077e-07	1.554755e-06	1.481574e-06	11637
46754	-7.817048e-07	1.554766e-06	1.496471e-06	13946
1082400	-8.350250e-07	1.554769e-06	1.543316e-06	1910
875754	-7.402885e-07	1.554771e-06	1.504390e-06	1397
219414	-7.171787e-07	1.554774e-06	1.481472e-06	11637
38498	-7.818780e-07	1.554787e-06	1.496359e-06	13946
867498	-7.404628e-07	1.554791e-06	1.504283e-06	1397
1074144	-8.352050e-07	1.554791e-06	1.543196e-06	1910
211158	-7.173497e-07	1.554793e-06	1.481369e-06	11637
30242	-7.820512e-07	1.554807e-06	1.496247e-06	13946
859242	-7.406371e-07	1.554810e-06	1.504177e-06	1397
202902	-7.175207e-07	1.554812e-06	1.481266e-06	11637
1065888	-8.353848e-07	1.554813e-06	1.543077e-06	1910
21986	-7.822243e-07	1.554828e-06	1.496135e-06	13946
850986	-7.408114e-07	1.554830e-06	1.504071e-06	1397
194646	-7.176917e-07	1.554831e-06	1.481164e-06	11637
1057632	-8.355647e-07	1.554836e-06	1.542957e-06	1910
13730	-7.823975e-07	1.554849e-06	1.496023e-06	13946
842730	-7.409857e-07	1.554849e-06	1.503965e-06	1397
186390	-7.178627e-07	1.554850e-06	1.481061e-06	11637
1049376	-8.357445e-07	1.554858e-06	1.542837e-06	1910
178134	-7.180337e-07	1.554869e-06	1.480958e-06	11637
834474	-7.411599e-07	1.554869e-06	1.503859e-06	1397
5474	-7.825706e-07	1.554869e-06	1.495911e-06	13946
1041120	-8.359244e-07	1.554880e-06	1.542718e-06	1910
169878	-7.182046e-07	1.554888e-06	1.480855e-06	11637
826218	-7.413342e-07	1.554889e-06	1.503753e-06	1397
1032864	-8.361042e-07	1.554902e-06	1.542598e-06	1910
161622	-7.183756e-07	1.554907e-06	1.480752e-06	11637
817962	-7.415084e-07	1.554908e-06	1.503647e-06	1397
1024608	-8.362840e-07	1.554924e-06	1.542478e-06	1910
153366	-7.185465e-07	1.554926e-06	1.480649e-06	11637
809706	-7.416826e-07	1.554928e-06	1.503541e-06	1397
145110	-7.187174e-07	1.554945e-06	1.480546e-06	11637
1016352	-8.364637e-07	1.554946e-06	1.542358e-06	1910
801450	-7.418568e-07	1.554948e-06	1.503434e-06	1397
136854	-7.188883e-07	1.554964e-06	1.480443e-06	11637
793194	-7.420310e-07	1.554967e-06	1.503328e-06	1397
1008096	-8.366434e-07	1.554968e-06	1.542238e-06	1910
128598	-7.190592e-07	1.554983e-06	1.480341e-06	11637
784938	-7.422051e-07	1.554987e-06	1.503222e-06	1397
999840	-8.368232e-07	1.554990e-06	1.542119e-06	1910
120342	-7.192300e-07	1.555002e-06	1.480238e-06	11637
776682	-7.423793e-07	1.555006e-06	1.503116e-06	1397
991584	-8.370029e-07	1.555013e-06	1.541999e-06	1910
112086	-7.194009e-07	1.555021e-06	1.480135e-06	11637
768426	-7.425534e-07	1.555026e-06	1.503009e-06	1397
983328	-8.371826e-07	1.555035e-06	1.541879e-06	1910
103830	-7.195717e-07	1.555040e-06	1.480032e-06	11637
760170	-7.427275e-07	1.555046e-06	1.502903e-06	1397
975072	-8.373623e-07	1.555057e-06	1.541759e-06	1910
95574	-7.197425e-07	1.555059e-06	1.479928e-06	11637
751914	-7.429016e-07	1.555065e-06	1.502796e-06	1397
87318	-7.199133e-07	1.555078e-06	1.479825e-06	11637
966816	-8.375420e-07	1.555079e-06	1.541639e-06	1910
743658	-7.430756e-07	1.555085e-06	1.502690e-06	1397
79062	-7.200841e-07	1.555097e-06	1.479722e-06	11637
958560	-8.377216e-07	1.555101e-06	1.541519e-06	1910
735402	-7.432498e-07	1.555105e-06	1.502584e-06	1397
70806	-7.202549e-07	1.555116e-06	1.479619e-06	11637
950304	-8.379013e-07	1.555123e-06	1.541399e-06	1910
727146	-7.434238e-07	1.555124e-06	1.502477e-06	1397
62550	-7.204256e-07	1.555135e-06	1.479516e-06	11637
718890	-7.435978e-07	1.555144e-06	1.502371e-06	1397
942048	-8.380808e-07	1.555146e-06	1.541279e-06	1910
54294	-7.205963e-07	1.555154e-06	1.479413e-06	11637
710634	-7.437718e-07	1.555164e-06	1.502264e-06	1397
933792	-8.382605e-07	1.555168e-06	1.541159e-06	1910
46038	-7.207671e-07	1.555173e-06	1.479310e-06	11637
702378	-7.439458e-07	1.555183e-06	1.502158e-06	1397
925536	-8.384400e-07	1.555190e-06	1.541039e-06	1910
37782	-7.209378e-07	1.555192e-06	1.479206e-06	11637
694122	-7.441198e-07	1.555203e-06	1.502051e-06	1397
29526	-7.211085e-07	1.555211e-06	1.479103e-06	11637
917280	-8.386196e-07	1.555212e-06	1.540919e-06	1910
685866	-7.442938e-07	1.555223e-06	1.501945e-06	1397
21270	-7.212792e-07	1.555230e-06	1.479000e-06	11637
909024	-8.387991e-07	1.555234e-06	1.540799e-06	1910
677610	-7.444677e-07	1.555242e-06	1.501838e-06	1397
13014	-7.214499e-07	1.555249e-06	1.478896e-06	11637
900768	-8.389786e-07	1.555257e-06	1.540678e-06	1910
669354	-7.446417e-07	1.555262e-06	1.501731e-06	1397
4758	-7.216205e-07	1.555268e-06	1.478793e-06	11637
892512	-8.391581e-07	1.555279e-06	1.540558e-06	1910
661098	-7.448156e-07	1.555282e-06	1.501625e-06	1397
884256	-8.393376e-07	1.555301e-06	1.540438e-06	1910
652842	-7.449895e-07	1.555301e-06	1.501518e-06	1397
644586	-7.451634e-07	1.555321e-06	1.501411e-06	1397
876000	-8.395171e-07	1.555323e-06	1.540318e-06	1910
636330	-7.453373e-07	1.555341e-06	1.501305e-06	1397
867744	-8.396966e-07	1.555345e-06	1.540198e-06	1910
628074	-7.455111e-07	1.555361e-06	1.501198e-06	1397
859488	-8.398760e-07	1.555368e-06	1.540077e-06	1910
619818	-7.456849e-07	1.555380e-06	1.501091e-06	1397
851232	-8.400554e-07	1.555390e-06	1.539957e-06	1910
611562	-7.458588e-07	1.555400e-06	1.500984e-06	1397
842976	-8.402348e-07	1.555412e-06	1.539837e-06	1910
603306	-7.460326e-07	1.555420e-06	1.500877e-06	1397
834720	-8.404142e-07	1.555434e-06	1.539716e-06	1910
595050	-7.462064e-07	1.555439e-06	1.500771e-06	1397
826464	-8.405935e-07	1.555457e-06	1.539596e-06	1910
586794	-7.463802e-07	1.555459e-06	1.500664e-06	1397
818208	-8.407729e-07	1.555479e-06	1.539476e-06	1910
578538	-7.465540e-07	1.555479e-06	1.500557e-06	1397
570282	-7.467277e-07	1.555499e-06	1.500450e-06	1397
809952	-8.409522e-07	1.555501e-06	1.539355e-06	1910
562026	-7.469014e-07	1.555518e-06	1.500343e-06	1397
801696	-8.411315e-07	1.555523e-06	1.539235e-06	1910
553770	-7.470751e-07	1.555538e-06	1.500236e-06	1397
793440	-8.413108e-07	1.555546e-06	1.539114e-06	1910
545514	-7.472488e-07	1.555558e-06	1.500129e-06	1397
785184	-8.414901e-07	1.555568e-06	1.538994e-06	1910
537258	-7.474225e-07	1.555578e-06	1.500022e-06	1397
776928	-8.416694e-07	1.555590e-06	1.538873e-06	1910
529002	-7.475962e-07	1.555597e-06	1.499915e-06	1397
768672	-8.418486e-07	1.555612e-06	1.538752e-06	1910
520746	-7.477698e-07	1.555617e-06	1.499808e-06	1397
760416	-8.420278e-07	1.555635e-06	1.538632e-06	1910
512490	-7.479434e-07	1.555637e-06	1.499701e-06	1397
504234	-7.481171e-07	1.555657e-06	1.499594e-06	1397
752160	-8.422070e-07	1.555657e-06	1.538511e-06	1910
495978	-7.482907e-07	1.555677e-06	1.499486e-06	1397
743904	-8.423862e-07	1.555679e-06	1.538391e-06	1910
487722	-7.484643e-07	1.555696e-06	1.499379e-06	1397
735648	-8.425653e-07	1.555702e-06	1.538270e-06	1910
479466	-7.486378e-07	1.555716e-06	1.499272e-06	1397
727392	-8.427445e-07	1.555724e-06	1.538149e-06	1910
471210	-7.488114e-07	1.555736e-06	1.499165e-06	1397
719136	-8.429236e-07	1.555746e-06	1.538029e-06	1910
462954	-7.489849e-07	1.555756e-06	1.499058e-06	1397
710880	-8.431027e-07	1.555768e-06	1.537908e-06	1910
454698	-7.491585e-07	1.555776e-06	1.498950e-06	1397
702624	-8.432818e-07	1.555791e-06	1.537787e-06	1910
446442	-7.493319e-07	1.555795e-06	1.498843e-06	1397
694368	-8.434609e-07	1.555813e-06	1.537666e-06	1910
438186	-7.495054e-07	1.555815e-06	1.498736e-06	1397
429930	-7.496789e-07	1.555835e-06	1.498628e-06	1397
686112	-8.436400e-07	1.555835e-06	1.537545e-06	1910
421674	-7.498524e-07	1.555855e-06	1.498521e-06	1397
677856	-8.438190e-07	1.555858e-06	1.537425e-06	1910
413418	-7.500258e-07	1.555875e-06	1.498414e-06	1397
669600	-8.439980e-07	1.555880e-06	1.537304e-06	1910
405162	-7.501993e-07	1.555895e-06	1.498306e-06	1397
661344	-8.441770e-07	1.555902e-06	1.537183e-06	1910
396906	-7.503727e-07	1.555914e-06	1.498199e-06	1397
653088	-8.443560e-07	1.555925e-06	1.537062e-06	1910
388650	-7.505461e-07	1.555934e-06	1.498091e-06	1397
644832	-8.445350e-07	1.555947e-06	1.536941e-06	1910
380394	-7.507194e-07	1.555954e-06	1.497984e-06	1397
636576	-8.447140e-07	1.555969e-06	1.536820e-06	1910
372138	-7.508928e-07	1.555974e-06	1.497876e-06	1397
628320	-8.448928e-07	1.555992e-06	1.536699e-06	1910
363882	-7.510662e-07	1.555994e-06	1.497769e-06	1397
355626	-7.512395e-07	1.556014e-06	1.497661e-06	1397
620064	-8.450718e-07	1.556014e-06	1.536578e-06	1910
347370	-7.514128e-07	1.556034e-06	1.497553e-06	1397
611808	-8.452507e-07	1.556037e-06	1.536457e-06	1910
339114	-7.515861e-07	1.556053e-06	1.497446e-06	1397
603552	-8.454296e-07	1.556059e-06	1.536336e-06	1910
330858	-7.517594e-07	1.556073e-06	1.497338e-06	1397
595296	-8.456084e-07	1.556081e-06	1.536215e-06	1910
322602	-7.519327e-07	1.556093e-06	1.497231e-06	1397
587040	-8.457873e-07	1.556104e-06	1.536094e-06	1910
314346	-7.521059e-07	1.556113e-06	1.497123e-06	1397
578784	-8.459661e-07	1.556126e-06	1.535972e-06	1910
306090	-7.522792e-07	1.556133e-06	1.497015e-06	1397
570528	-8.461449e-07	1.556149e-06	1.535851e-06	1910
297834	-7.524524e-07	1.556153e-06	1.496907e-06	1397
562272	-8.463237e-07	1.556171e-06	1.535730e-06	1910
289578	-7.526256e-07	1.556173e-06	1.496800e-06	1397
281322	-7.527988e-07	1.556193e-06	1.496692e-06	1397
554016	-8.465025e-07	1.556193e-06	1.535609e-06	1910
273066	-7.529720e-07	1.556213e-06	1.496584e-06	1397
545760	-8.466812e-07	1.556216e-06	1.535488e-06	1910
264810	-7.531451e-07	1.556233e-06	1.496476e-06	1397
537504	-8.468599e-07	1.556238e-06	1.535366e-06	1910
256554	-7.533183e-07	1.556252e-06	1.496368e-06	1397
529248	-8.470387e-07	1.556260e-06	1.535245e-06	1910
248298	-7.534914e-07	1.556272e-06	1.496260e-06	1397
520992	-8.472173e-07	1.556283e-06	1.535124e-06	1910
240042	-7.536645e-07	1.556292e-06	1.496152e-06	1397
512736	-8.473961e-07	1.556305e-06	1.535002e-06	1910
231786	-7.538376e-07	1.556312e-06	1.496044e-06	1397
504480	-8.475747e-07	1.556328e-06	1.534881e-06	1910
223530	-7.540107e-07	1.556332e-06	1.495936e-06	1397
496224	-8.477533e-07	1.556350e-06	1.534759e-06	1910
215274	-7.541837e-07	1.556352e-06	1.495829e-06	1397
207018	-7.543568e-07	1.556372e-06	1.495720e-06	1397
487968	-8.479320e-07	1.556373e-06	1.534638e-06	1910
198762	-7.545298e-07	1.556392e-06	1.495612e-06	1397
479712	-8.481106e-07	1.556395e-06	1.534517e-06	1910
190506	-7.547028e-07	1.556412e-06	1.495504e-06	1397
471456	-8.482892e-07	1.556417e-06	1.534395e-06	1910
182250	-7.548758e-07	1.556432e-06	1.495396e-06	1397
463200	-8.484677e-07	1.556440e-06	1.534274e-06	1910
173994	-7.550488e-07	1.556452e-06	1.495288e-06	1397
454944	-8.486463e-07	1.556462e-06	1.534152e-06	1910
165738	-7.552218e-07	1.556472e-06	1.495180e-06	1397
446688	-8.488248e-07	1.556485e-06	1.534030e-06	1910
157482	-7.553947e-07	1.556492e-06	1.495072e-06	1397
438432	-8.490034e-07	1.556507e-06	1.533909e-06	1910
149226	-7.555676e-07	1.556512e-06	1.494964e-06	1397
430176	-8.491818e-07	1.556530e-06	1.533787e-06	1910
140970	-7.557405e-07	1.556532e-06	1.494855e-06	1397
132714	-7.559134e-07	1.556552e-06	1.494747e-06	1397
421920	-8.493603e-07	1.556552e-06	1.533666e-06	1910
124458	-7.560864e-07	1.556572e-06	1.494639e-06	1397
413664	-8.495388e-07	1.556575e-06	1.533544e-06	1910
116202	-7.562592e-07	1.556592e-06	1.494531e-06	1397
405408	-8.497173e-07	1.556597e-06	1.533422e-06	1910
107946	-7.564321e-07	1.556612e-06	1.494422e-06	1397
397152	-8.498957e-07	1.556620e-06	1.533301e-06	1910
99690	-7.566049e-07	1.556632e-06	1.494314e-06	1397
388896	-8.500741e-07	1.556642e-06	1.533179e-06	1910
91434	-7.567777e-07	1.556652e-06	1.494206e-06	1397
380640	-8.502525e-07	1.556665e-06	1.533057e-06	1910
83178	-7.569505e-07	1.556672e-06	1.494097e-06	1397
372384	-8.504309e-07	1.556687e-06	1.532935e-06	1910
74922	-7.571233e-07	1.556692e-06	1.493989e-06	1397
364128	-8.506092e-07	1.556710e-06	1.532813e-06	1910
66666	-7.572961e-07	1.556712e-06	1.493880e-06	1397
58410	-7.574689e-07	1.556732e-06	1.493772e-06	1397
355872	-8.507876e-07	1.556732e-06	1.532691e-06	1910
50154	-7.576416e-07	1.556752e-06	1.493663e-06	1397
347616	-8.509659e-07	1.556755e-06	1.532570e-06	1910
41898	-7.578143e-07	1.556772e-06	1.493555e-06	1397
339360	-8.511441e-07	1.556777e-06	1.532448e-06	1910
33642	-7.579870e-07	1.556792e-06	1.493446e-06	1397
331104	-8.513225e-07	1.556800e-06	1.532326e-06	1910
25386	-7.581597e-07	1.556812e-06	1.493338e-06	1397
322848	-8.515007e-07	1.556822e-06	1.532204e-06	1910
17130	-7.583324e-07	1.556832e-06	1.493229e-06	1397
314592	-8.516790e-07	1.556845e-06	1.532082e-06	1910
8874	-7.585051e-07	1.556852e-06	1.493121e-06	1397
306336	-8.518572e-07	1.556867e-06	1.531960e-06	1910
618	-7.586777e-07	1.556872e-06	1.493012e-06	1397
298080	-8.520354e-07	1.556890e-06	1.531838e-06	1910
289824	-8.522136e-07	1.556913e-06	1.531716e-06	1910
281568	-8.523918e-07	1.556935e-06	1.531594e-06	1910
273312	-8.525699e-07	1.556958e-06	1.531472e-06	1910
265056	-8.527481e-07	1.556980e-06	1.531350e-06	1910
256800	-8.529262e-07	1.557003e-06	1.531227e-06	1910
248544	-8.531043e-07	1.557025e-06	1.531105e-06	1910
240288	-8.532824e-07	1.557048e-06	1.530983e-06	1910
232032	-8.534604e-07	1.557071e-06	1.530861e-06	1910
223776	-8.536385e-07	1.557093e-06	1.530738e-06	1910
215520	-8.538165e-07	1.557116e-06	1.530616e-06	1910
207264	-8.539945e-07	1.557138e-06	1.530494e-06	1910
199008	-8.541725e-07	1.557161e-06	1.530372e-06	1910
190752	-8.543505e-07	1.557184e-06	1.530249e-06	1910
182496	-8.545285e-07	1.557206e-06	1.530127e-06	1910
174240	-8.547064e-07	1.557229e-06	1.530004e-06	1910
165984	-8.548843e-07	1.557251e-06	1.529882e-06	1910
157728	-8.550622e-07	1.557274e-06	1.529760e-06	1910
149472	-8.552401e-07	1.557297e-06	1.529637e-06	1910
141216	-8.554180e-07	1.557319e-06	1.529515e-06	1910
132960	-8.555958e-07	1.557342e-06	1.529392e-06	1910
124704	-8.557736e-07	1.557365e-06	1.529269e-06	1910
116448	-8.559514e-07	1.557387e-06	1.529147e-06	1910
108192	-8.561292e-07	1.557410e-06	1.529024e-06	1910
99936	-8.563071e-07	1.557433e-06	1.528902e-06	1910
91680	-8.564848e-07	1.557455e-06	1.528779e-06	1910
83424	-8.566626e-07	1.557478e-06	1.528656e-06	1910
75168	-8.568402e-07	1.557501e-06	1.528534e-06	1910
66912	-8.570179e-07	1.557523e-06	1.528411e-06	1910
58656	-8.571956e-07	1.557546e-06	1.528288e-06	1910
50400	-8.573733e-07	1.557569e-06	1.528165e-06	1910
42144	-8.575510e-07	1.557591e-06	1.528042e-06	1910
33888	-8.577286e-07	1.557614e-06	1.527920e-06	1910
25632	-8.579062e-07	1.557637e-06	1.527797e-06	1910
17376	-8.580838e-07	1.557660e-06	1.527674e-06	1910
9120	-8.582614e-07	1.557682e-06	1.527551e-06	1910
864	-8.584389e-07	1.557705e-06	1.527428e-06	1910
1148326	-8.612636e-07	1.557747e-06	1.556818e-06	1654
1140070	-8.614453e-07	1.557770e-06	1.556695e-06	1654
1131814	-8.616270e-07	1.557793e-06	1.556572e-06	1654
1123558	-8.618088e-07	1.557816e-06	1.556448e-06	1654
1115302	-8.619904e-07	1.557838e-06	1.556325e-06	1654
1107046	-8.621721e-07	1.557861e-06	1.556201e-06	1654
1098790	-8.623538e-07	1.557884e-06	1.556078e-06	1654
1090534	-8.625354e-07	1.557907e-06	1.555954e-06	1654
1082278	-8.627171e-07	1.557930e-06	1.555831e-06	1654
1074022	-8.628987e-07	1.557953e-06	1.555707e-06	1654
1065766	-8.630802e-07	1.557975e-06	1.555583e-06	1654
1057510	-8.632618e-07	1.557998e-06	1.555460e-06	1654
1049254	-8.634433e-07	1.558021e-06	1.555336e-06	1654
1040998	-8.636249e-07	1.558044e-06	1.555213e-06	1654
1032742	-8.638064e-07	1.558067e-06	1.555089e-06	1654
1024486	-8.639879e-07	1.558090e-06	1.554965e-06	1654
1016230	-8.641694e-07	1.558113e-06	1.554841e-06	1654
1007974	-8.643509e-07	1.558135e-06	1.554718e-06	1654
999718	-8.645323e-07	1.558158e-06	1.554594e-06	1654
991462	-8.647137e-07	1.558181e-06	1.554470e-06	1654
983206	-8.648951e-07	1.558204e-06	1.554346e-06	1654
974950	-8.650765e-07	1.558227e-06	1.554222e-06	1654
966694	-8.652578e-07	1.558250e-06	1.554098e-06	1654
958438	-8.654392e-07	1.558273e-06	1.553974e-06	1654
950182	-8.656206e-07	1.558296e-06	1.553850e-06	1654
941926	-8.658018e-07	1.558319e-06	1.553726e-06	1654
933670	-8.659832e-07	1.558342e-06	1.553602e-06	1654
925414	-8.661644e-07	1.558364e-06	1.553478e-06	1654
917158	-8.663457e-07	1.558387e-06	1.553354e-06	1654
908902	-8.665269e-07	1.558410e-06	1.553230e-06	1654
900646	-8.667081e-07	1.558433e-06	1.553106e-06	1654
892390	-8.668894e-07	1.558456e-06	1.552982e-06	1654
884134	-8.670705e-07	1.558479e-06	1.552857e-06	1654
875878	-8.672517e-07	1.558502e-06	1.552733e-06	1654
867622	-8.674328e-07	1.558525e-06	1.552609e-06	1654
859366	-8.676139e-07	1.558548e-06	1.552485e-06	1654
851110	-8.677951e-07	1.558571e-06	1.552361e-06	1654
842854	-8.679762e-07	1.558594e-06	1.552236e-06	1654
834598	-8.681573e-07	1.558617e-06	1.552112e-06	1654
826342	-8.683383e-07	1.558640e-06	1.551988e-06	1654
818086	-8.685194e-07	1.558663e-06	1.551863e-06	1654
809830	-8.687003e-07	1.558686e-06	1.551739e-06	1654
801574	-8.688813e-07	1.558709e-06	1.551614e-06	1654
793318	-8.690623e-07	1.558732e-06	1.551490e-06	1654
785062	-8.692433e-07	1.558755e-06	1.551365e-06	1654
776806	-8.694242e-07	1.558778e-06	1.551241e-06	1654
768550	-8.696052e-07	1.558801e-06	1.551116e-06	1654
760294	-8.697860e-07	1.558824e-06	1.550992e-06	1654
752038	-8.699670e-07	1.558847e-06	1.550867e-06	1654
743782	-8.701478e-07	1.558870e-06	1.550742e-06	1654
735526	-8.703287e-07	1.558893e-06	1.550618e-06	1654
727270	-8.705095e-07	1.558916e-06	1.550493e-06	1654
719014	-8.706903e-07	1.558939e-06	1.550368e-06	1654
710758	-8.708711e-07	1.558962e-06	1.550244e-06	1654
702502	-8.710519e-07	1.558985e-06	1.550119e-06	1654
694246	-8.712327e-07	1.559008e-06	1.549994e-06	1654
685990	-8.714134e-07	1.559031e-06	1.549869e-06	1654
677734	-8.715941e-07	1.559054e-06	1.549745e-06	1654
669478	-8.717748e-07	1.559077e-06	1.549620e-06	1654
661222	-8.719555e-07	1.559100e-06	1.549495e-06	1654
652966	-8.721362e-07	1.559124e-06	1.549370e-06	1654
644710	-8.723168e-07	1.559147e-06	1.549245e-06	1654
636454	-8.724974e-07	1.559170e-06	1.549120e-06	1654
628198	-8.726781e-07	1.559193e-06	1.548995e-06	1654
619942	-8.728587e-07	1.559216e-06	1.548870e-06	1654
611686	-8.730392e-07	1.559239e-06	1.548745e-06	1654
603430	-8.732198e-07	1.559262e-06	1.548620e-06	1654
595174	-8.734003e-07	1.559285e-06	1.548495e-06	1654
586918	-8.735809e-07	1.559308e-06	1.548370e-06	1654
578662	-8.737613e-07	1.559332e-06	1.548245e-06	1654
570406	-8.739418e-07	1.559355e-06	1.548119e-06	1654
562150	-8.741223e-07	1.559378e-06	1.547994e-06	1654
553894	-8.743027e-07	1.559401e-06	1.547869e-06	1654
545638	-8.744831e-07	1.559424e-06	1.547744e-06	1654
537382	-8.746636e-07	1.559447e-06	1.547618e-06	1654
529126	-8.748439e-07	1.559470e-06	1.547493e-06	1654
520870	-8.750243e-07	1.559494e-06	1.547368e-06	1654
512614	-8.752046e-07	1.559517e-06	1.547243e-06	1654
504358	-8.753850e-07	1.559540e-06	1.547117e-06	1654
496102	-8.755653e-07	1.559563e-06	1.546992e-06	1654
487846	-8.757456e-07	1.559586e-06	1.546866e-06	1654
479590	-8.759259e-07	1.559609e-06	1.546741e-06	1654
471334	-8.761061e-07	1.559633e-06	1.546615e-06	1654
463078	-8.762864e-07	1.559656e-06	1.546490e-06	1654
454822	-8.764666e-07	1.559679e-06	1.546364e-06	1654
446566	-8.766468e-07	1.559702e-06	1.546239e-06	1654
438310	-8.768270e-07	1.559725e-06	1.546113e-06	1654
430054	-8.770072e-07	1.559749e-06	1.545988e-06	1654
421798	-8.771873e-07	1.559772e-06	1.545862e-06	1654
413542	-8.773674e-07	1.559795e-06	1.545736e-06	1654
405286	-8.775475e-07	1.559818e-06	1.545611e-06	1654
397030	-8.777276e-07	1.559842e-06	1.545485e-06	1654
388774	-8.779077e-07	1.559865e-06	1.545359e-06	1654
380518	-8.780877e-07	1.559888e-06	1.545233e-06	1654
372262	-8.782678e-07	1.559911e-06	1.545108e-06	1654
364006	-8.784478e-07	1.559935e-06	1.544982e-06	1654
355750	-8.786278e-07	1.559958e-06	1.544856e-06	1654
347494	-8.788078e-07	1.559981e-06	1.544730e-06	1654
339238	-8.789877e-07	1.560004e-06	1.544604e-06	1654
330982	-8.791677e-07	1.560027e-06	1.544478e-06	1654
322726	-8.793476e-07	1.560051e-06	1.544352e-06	1654
314470	-8.795275e-07	1.560074e-06	1.544226e-06	1654
306214	-8.797074e-07	1.560097e-06	1.544100e-06	1654
297958	-8.798872e-07	1.560121e-06	1.543974e-06	1654
289702	-8.800671e-07	1.560144e-06	1.543848e-06	1654
281446	-8.802469e-07	1.560167e-06	1.543722e-06	1654
273190	-8.804267e-07	1.560191e-06	1.543596e-06	1654
264934	-8.806065e-07	1.560214e-06	1.543470e-06	1654
256678	-8.807863e-07	1.560237e-06	1.543344e-06	1654
248422	-8.809661e-07	1.560260e-06	1.543218e-06	1654
240166	-8.811458e-07	1.560284e-06	1.543092e-06	1654
231910	-8.813255e-07	1.560307e-06	1.542965e-06	1654
223654	-8.815052e-07	1.560330e-06	1.542839e-06	1654
215398	-8.816849e-07	1.560354e-06	1.542713e-06	1654
207142	-8.818645e-07	1.560377e-06	1.542586e-06	1654
198886	-8.820442e-07	1.560401e-06	1.542460e-06	1654
190630	-8.822238e-07	1.560424e-06	1.542334e-06	1654
182374	-8.824034e-07	1.560447e-06	1.542207e-06	1654
174118	-8.825830e-07	1.560471e-06	1.542081e-06	1654
165862	-8.827625e-07	1.560494e-06	1.541955e-06	1654
157606	-8.829421e-07	1.560517e-06	1.541828e-06	1654
149350	-8.831216e-07	1.560541e-06	1.541702e-06	1654
141094	-8.833011e-07	1.560564e-06	1.541575e-06	1654
132838	-8.834807e-07	1.560587e-06	1.541449e-06	1654
124582	-8.836601e-07	1.560611e-06	1.541322e-06	1654
116326	-8.838396e-07	1.560634e-06	1.541196e-06	1654
108070	-8.840190e-07	1.560658e-06	1.541069e-06	1654
99814	-8.841984e-07	1.560681e-06	1.540942e-06	1654
91558	-8.843778e-07	1.560704e-06	1.540816e-06	1654
83302	-8.845572e-07	1.560728e-06	1.540689e-06	1654
75046	-8.847366e-07	1.560751e-06	1.540562e-06	1654
66790	-8.849159e-07	1.560775e-06	1.540435e-06	1654
58534	-8.850952e-07	1.560798e-06	1.540309e-06	1654
50278	-8.852745e-07	1.560821e-06	1.540182e-06	1654
42022	-8.854538e-07	1.560845e-06	1.540055e-06	1654
33766	-8.856331e-07	1.560868e-06	1.539928e-06	1654
25510	-8.858123e-07	1.560892e-06	1.539801e-06	1654
17254	-8.859915e-07	1.560915e-06	1.539674e-06	1654
8998	-8.861708e-07	1.560939e-06	1.539547e-06	1654
742	-8.863499e-07	1.560962e-06	1.539421e-06	1654
1154060	-9.276964e-07	1.563879e-06	1.586318e-06	17783
1145804	-9.278822e-07	1.563904e-06	1.586185e-06	17783
1137548	-9.280680e-07	1.563928e-06	1.586052e-06	17783
1129292	-9.282538e-07	1.563953e-06	1.585919e-06	17783
1121036	-9.284395e-07	1.563977e-06	1.585786e-06	17783
1112780	-9.286253e-07	1.564002e-06	1.585653e-06	17783
1104524	-9.288110e-07	1.564027e-06	1.585520e-06	17783
1096268	-9.289967e-07	1.564051e-06	1.585387e-06	17783
1088012	-9.291824e-07	1.564076e-06	1.585254e-06	17783
1079756	-9.293681e-07	1.564100e-06	1.585121e-06	17783
1071500	-9.295537e-07	1.564125e-06	1.584988e-06	17783
1063244	-9.297393e-07	1.564150e-06	1.584855e-06	17783
1054988	-9.299249e-07	1.564174e-06	1.584722e-06	17783
1046732	-9.301105e-07	1.564199e-06	1.584588e-06	17783
1038476	-9.302960e-07	1.564223e-06	1.584455e-06	17783
1153132	-4.273906e-07	1.564226e-06	1.404479e-06	14202
1144876	-4.275504e-07	1.564237e-06	1.404417e-06	14202
1030220	-9.304816e-07	1.564248e-06	1.584322e-06	17783
1136620	-4.277101e-07	1.564248e-06	1.404356e-06	14202
1128364	-4.278698e-07	1.564260e-06	1.404295e-06	14202
1120108	-4.280296e-07	1.564271e-06	1.404234e-06	14202
1021964	-9.306671e-07	1.564273e-06	1.584189e-06	17783
1111852	-4.281893e-07	1.564282e-06	1.404173e-06	14202
1103596	-4.283490e-07	1.564293e-06	1.404111e-06	14202
1013708	-9.308527e-07	1.564297e-06	1.584055e-06	17783
1095340	-4.285086e-07	1.564305e-06	1.404050e-06	14202
1087084	-4.286683e-07	1.564316e-06	1.403989e-06	14202
1005452	-9.310381e-07	1.564322e-06	1.583922e-06	17783
1078828	-4.288280e-07	1.564327e-06	1.403927e-06	14202
1070572	-4.289876e-07	1.564339e-06	1.403866e-06	14202
997196	-9.312236e-07	1.564347e-06	1.583789e-06	17783
1062316	-4.291473e-07	1.564350e-06	1.403805e-06	14202
1054060	-4.293069e-07	1.564361e-06	1.403743e-06	14202
988940	-9.314090e-07	1.564371e-06	1.583655e-06	17783
1045804	-4.294666e-07	1.564372e-06	1.403682e-06	14202
1037548	-4.296262e-07	1.564384e-06	1.403620e-06	14202
1029292	-4.297858e-07	1.564395e-06	1.403559e-06	14202
980684	-9.315945e-07	1.564396e-06	1.583522e-06	17783
1021036	-4.299454e-07	1.564406e-06	1.403497e-06	14202
1012780	-4.301050e-07	1.564418e-06	1.403436e-06	14202
972428	-9.317798e-07	1.564421e-06	1.583388e-06	17783
1004524	-4.302646e-07	1.564429e-06	1.403374e-06	14202
996268	-4.304241e-07	1.564440e-06	1.403313e-06	14202
964172	-9.319652e-07	1.564445e-06	1.583255e-06	17783
988012	-4.305837e-07	1.564452e-06	1.403251e-06	14202
979756	-4.307433e-07	1.564463e-06	1.403189e-06	14202
955916	-9.321506e-07	1.564470e-06	1.583121e-06	17783
971500	-4.309028e-07	1.564474e-06	1.403128e-06	14202
963244	-4.310624e-07	1.564486e-06	1.403066e-06	14202
947660	-9.323359e-07	1.564495e-06	1.582988e-06	17783
954988	-4.312219e-07	1.564497e-06	1.403004e-06	14202
946732	-4.313814e-07	1.564509e-06	1.402943e-06	14202
939404	-9.325213e-07	1.564519e-06	1.582854e-06	17783
938476	-4.315409e-07	1.564520e-06	1.402881e-06	14202
930220	-4.317004e-07	1.564531e-06	1.402819e-06	14202
921964	-4.318599e-07	1.564543e-06	1.402757e-06	14202
931148	-9.327065e-07	1.564544e-06	1.582721e-06	17783
913708	-4.320194e-07	1.564554e-06	1.402696e-06	14202
905452	-4.321789e-07	1.564565e-06	1.402634e-06	14202
922892	-9.328919e-07	1.564569e-06	1.582587e-06	17783
897196	-4.323384e-07	1.564577e-06	1.402572e-06	14202
888940	-4.324978e-07	1.564588e-06	1.402510e-06	14202
914636	-9.330771e-07	1.564593e-06	1.582453e-06	17783
880684	-4.326573e-07	1.564600e-06	1.402448e-06	14202
872428	-4.328167e-07	1.564611e-06	1.402386e-06	14202
906380	-9.332624e-07	1.564618e-06	1.582320e-06	17783
864172	-4.329761e-07	1.564622e-06	1.402324e-06	14202
855916	-4.331355e-07	1.564634e-06	1.402262e-06	14202
898124	-9.334476e-07	1.564643e-06	1.582186e-06	17783
847660	-4.332950e-07	1.564645e-06	1.402200e-06	14202
839404	-4.334544e-07	1.564657e-06	1.402138e-06	14202
889868	-9.336328e-07	1.564668e-06	1.582052e-06	17783
831148	-4.336138e-07	1.564668e-06	1.402076e-06	14202
822892	-4.337732e-07	1.564680e-06	1.402014e-06	14202
814636	-4.339325e-07	1.564691e-06	1.401952e-06	14202
881612	-9.338180e-07	1.564692e-06	1.581918e-06	17783
806380	-4.340919e-07	1.564702e-06	1.401890e-06	14202
798124	-4.342512e-07	1.564714e-06	1.401828e-06	14202
873356	-9.340031e-07	1.564717e-06	1.581785e-06	17783
789868	-4.344106e-07	1.564725e-06	1.401766e-06	14202
781612	-4.345699e-07	1.564737e-06	1.401704e-06	14202
865100	-9.341883e-07	1.564742e-06	1.581651e-06	17783
773356	-4.347293e-07	1.564748e-06	1.401641e-06	14202
765100	-4.348886e-07	1.564760e-06	1.401579e-06	14202
856844	-9.343734e-07	1.564766e-06	1.581517e-06	17783
756844	-4.350479e-07	1.564771e-06	1.401517e-06	14202
748588	-4.352072e-07	1.564783e-06	1.401455e-06	14202
848588	-9.345585e-07	1.564791e-06	1.581383e-06	17783
740332	-4.353665e-07	1.564794e-06	1.401393e-06	14202
732076	-4.355257e-07	1.564805e-06	1.401330e-06	14202
1150050	-6.634267e-07	1.564809e-06	1.489940e-06	5493
840332	-9.347436e-07	1.564816e-06	1.581249e-06	17783
723820	-4.356850e-07	1.564817e-06	1.401268e-06	14202
1141794	-6.635987e-07	1.564826e-06	1.489845e-06	5493
715564	-4.358443e-07	1.564828e-06	1.401206e-06	14202
707308	-4.360035e-07	1.564840e-06	1.401143e-06	14202
832076	-9.349287e-07	1.564841e-06	1.581115e-06	17783
1133538	-6.637707e-07	1.564844e-06	1.489750e-06	5493
699052	-4.361628e-07	1.564851e-06	1.401081e-06	14202
1125282	-6.639426e-07	1.564862e-06	1.489655e-06	5493
690796	-4.363220e-07	1.564863e-06	1.401018e-06	14202
823820	-9.351137e-07	1.564865e-06	1.580981e-06	17783
682540	-4.364813e-07	1.564874e-06	1.400956e-06	14202
1117026	-6.641146e-07	1.564879e-06	1.489560e-06	5493
674284	-4.366405e-07	1.564886e-06	1.400894e-06	14202
815564	-9.352988e-07	1.564890e-06	1.580847e-06	17783
1108770	-6.642865e-07	1.564897e-06	1.489465e-06	5493
666028	-4.367997e-07	1.564897e-06	1.400831e-06	14202
657772	-4.369589e-07	1.564909e-06	1.400768e-06	14202
1100514	-6.644584e-07	1.564914e-06	1.489370e-06	5493
807308	-9.354837e-07	1.564915e-06	1.580714e-06	17783
649516	-4.371181e-07	1.564920e-06	1.400706e-06	14202
1092258	-6.646302e-07	1.564932e-06	1.489275e-06	5493
641260	-4.372773e-07	1.564932e-06	1.400643e-06	14202
799052	-9.356688e-07	1.564940e-06	1.580579e-06	17783
633004	-4.374364e-07	1.564943e-06	1.400581e-06	14202
1084002	-6.648021e-07	1.564949e-06	1.489179e-06	5493
624748	-4.375956e-07	1.564955e-06	1.400518e-06	14202
790796	-9.358537e-07	1.564964e-06	1.580445e-06	17783
616492	-4.377547e-07	1.564967e-06	1.400456e-06	14202
1075746	-6.649740e-07	1.564967e-06	1.489084e-06	5493
608236	-4.379139e-07	1.564978e-06	1.400393e-06	14202
1067490	-6.651459e-07	1.564984e-06	1.488989e-06	5493
782540	-9.360386e-07	1.564989e-06	1.580311e-06	17783
599980	-4.380730e-07	1.564990e-06	1.400330e-06	14202
591724	-4.382321e-07	1.565001e-06	1.400268e-06	14202
1059234	-6.653177e-07	1.565002e-06	1.488894e-06	5493
583468	-4.383913e-07	1.565013e-06	1.400205e-06	14202
774284	-9.362236e-07	1.565014e-06	1.580177e-06	17783
1050978	-6.654895e-07	1.565020e-06	1.488798e-06	5493
575212	-4.385504e-07	1.565024e-06	1.400142e-06	14202
566956	-4.387095e-07	1.565036e-06	1.400079e-06	14202
1042722	-6.656613e-07	1.565037e-06	1.488703e-06	5493
766028	-9.364085e-07	1.565039e-06	1.580043e-06	17783
558700	-4.388686e-07	1.565047e-06	1.400017e-06	14202
1034466	-6.658331e-07	1.565055e-06	1.488608e-06	5493
550444	-4.390276e-07	1.565059e-06	1.399954e-06	14202
757772	-9.365934e-07	1.565064e-06	1.579909e-06	17783
542188	-4.391867e-07	1.565070e-06	1.399891e-06	14202
1026210	-6.660049e-07	1.565072e-06	1.488512e-06	5493
533932	-4.393458e-07	1.565082e-06	1.399828e-06	14202
749516	-9.367782e-07	1.565088e-06	1.579775e-06	17783
1017954	-6.661767e-07	1.565090e-06	1.488417e-06	5493
525676	-4.395048e-07	1.565094e-06	1.399765e-06	14202
517420	-4.396639e-07	1.565105e-06	1.399702e-06	14202
1009698	-6.663484e-07	1.565108e-06	1.488322e-06	5493
741260	-9.369631e-07	1.565113e-06	1.579641e-06	17783
509164	-4.398229e-07	1.565117e-06	1.399639e-06	14202
1001442	-6.665201e-07	1.565125e-06	1.488226e-06	5493
500908	-4.399819e-07	1.565128e-06	1.399576e-06	14202
733004	-9.371479e-07	1.565138e-06	1.579506e-06	17783
492652	-4.401409e-07	1.565140e-06	1.399514e-06	14202
993186	-6.666918e-07	1.565143e-06	1.488131e-06	5493
484396	-4.402999e-07	1.565152e-06	1.399451e-06	14202
984930	-6.668636e-07	1.565160e-06	1.488035e-06	5493
724748	-9.373327e-07	1.565163e-06	1.579372e-06	17783
476140	-4.404589e-07	1.565163e-06	1.399388e-06	14202
467884	-4.406179e-07	1.565175e-06	1.399325e-06	14202
976674	-6.670353e-07	1.565178e-06	1.487940e-06	5493
459628	-4.407769e-07	1.565186e-06	1.399261e-06	14202
716492	-9.375175e-07	1.565188e-06	1.579238e-06	17783
968418	-6.672070e-07	1.565196e-06	1.487844e-06	5493
451372	-4.409358e-07	1.565198e-06	1.399198e-06	14202
443116	-4.410948e-07	1.565210e-06	1.399135e-06	14202
708236	-9.377023e-07	1.565213e-06	1.579104e-06	17783
960162	-6.673786e-07	1.565213e-06	1.487749e-06	5493
434860	-4.412537e-07	1.565221e-06	1.399072e-06	14202
951906	-6.675503e-07	1.565231e-06	1.487653e-06	5493
426604	-4.414127e-07	1.565233e-06	1.399009e-06	14202
699980	-9.378870e-07	1.565237e-06	1.578969e-06	17783
418348	-4.415716e-07	1.565244e-06	1.398946e-06	14202
943650	-6.677219e-07	1.565249e-06	1.487558e-06	5493
410092	-4.417305e-07	1.565256e-06	1.398883e-06	14202
691724	-9.380718e-07	1.565262e-06	1.578835e-06	17783
935394	-6.678935e-07	1.565266e-06	1.487462e-06	5493
401836	-4.418895e-07	1.565268e-06	1.398819e-06	14202
393580	-4.420484e-07	1.565279e-06	1.398756e-06	14202
927138	-6.680651e-07	1.565284e-06	1.487366e-06	5493
683468	-9.382564e-07	1.565287e-06	1.578700e-06	17783
385324	-4.422072e-07	1.565291e-06	1.398693e-06	14202
918882	-6.682367e-07	1.565302e-06	1.487271e-06	5493
377068	-4.423661e-07	1.565303e-06	1.398630e-06	14202
675212	-9.384412e-07	1.565312e-06	1.578566e-06	17783
368812	-4.425250e-07	1.565314e-06	1.398566e-06	14202
910626	-6.684083e-07	1.565319e-06	1.487175e-06	5493
360556	-4.426839e-07	1.565326e-06	1.398503e-06	14202
666956	-9.386258e-07	1.565337e-06	1.578432e-06	17783
902370	-6.685799e-07	1.565337e-06	1.487079e-06	5493
352300	-4.428427e-07	1.565338e-06	1.398440e-06	14202
344044	-4.430016e-07	1.565349e-06	1.398376e-06	14202
894114	-6.687515e-07	1.565355e-06	1.486983e-06	5493
335788	-4.431604e-07	1.565361e-06	1.398313e-06	14202
658700	-9.388105e-07	1.565362e-06	1.578297e-06	17783
885858	-6.689230e-07	1.565372e-06	1.486888e-06	5493
327532	-4.433192e-07	1.565373e-06	1.398250e-06	14202
319276	-4.434780e-07	1.565384e-06	1.398186e-06	14202
650444	-9.389951e-07	1.565386e-06	1.578163e-06	17783
877602	-6.690945e-07	1.565390e-06	1.486792e-06	5493
311020	-4.436368e-07	1.565396e-06	1.398123e-06	14202
869346	-6.692660e-07	1.565408e-06	1.486696e-06	5493
302764	-4.437956e-07	1.565408e-06	1.398059e-06	14202
642188	-9.391797e-07	1.565411e-06	1.578028e-06	17783
294508	-4.439544e-07	1.565419e-06	1.397996e-06	14202
861090	-6.694375e-07	1.565425e-06	1.486600e-06	5493
286252	-4.441132e-07	1.565431e-06	1.397932e-06	14202
633932	-9.393643e-07	1.565436e-06	1.577894e-06	17783
277996	-4.442720e-07	1.565443e-06	1.397868e-06	14202
852834	-6.696090e-07	1.565443e-06	1.486504e-06	5493
269740	-4.444307e-07	1.565455e-06	1.397805e-06	14202
844578	-6.697804e-07	1.565461e-06	1.486409e-06	5493
625676	-9.395489e-07	1.565461e-06	1.577759e-06	17783
261484	-4.445895e-07	1.565466e-06	1.397741e-06	14202
253228	-4.447482e-07	1.565478e-06	1.397678e-06	14202
836322	-6.699519e-07	1.565478e-06	1.486313e-06	5493
617420	-9.397334e-07	1.565486e-06	1.577624e-06	17783
244972	-4.449070e-07	1.565490e-06	1.397614e-06	14202
828066	-6.701234e-07	1.565496e-06	1.486217e-06	5493
236716	-4.450657e-07	1.565501e-06	1.397550e-06	14202
609164	-9.399180e-07	1.565511e-06	1.577490e-06	17783
228460	-4.452244e-07	1.565513e-06	1.397487e-06	14202
819810	-6.702948e-07	1.565514e-06	1.486121e-06	5493
220204	-4.453831e-07	1.565525e-06	1.397423e-06	14202
811554	-6.704662e-07	1.565532e-06	1.486025e-06	5493
600908	-9.401024e-07	1.565536e-06	1.577355e-06	17783
211948	-4.455418e-07	1.565537e-06	1.397359e-06	14202
203692	-4.457005e-07	1.565548e-06	1.397295e-06	14202
803298	-6.706376e-07	1.565549e-06	1.485929e-06	5493
195436	-4.458591e-07	1.565560e-06	1.397232e-06	14202
592652	-9.402870e-07	1.565561e-06	1.577220e-06	17783
795042	-6.708090e-07	1.565567e-06	1.485833e-06	5493
187180	-4.460178e-07	1.565572e-06	1.397168e-06	14202
178924	-4.461765e-07	1.565584e-06	1.397104e-06	14202
786786	-6.709803e-07	1.565585e-06	1.485737e-06	5493
584396	-9.404714e-07	1.565586e-06	1.577086e-06	17783
170668	-4.463351e-07	1.565595e-06	1.397040e-06	14202
778530	-6.711517e-07	1.565602e-06	1.485640e-06	5493
162412	-4.464937e-07	1.565607e-06	1.396976e-06	14202
576140	-9.406559e-07	1.565610e-06	1.576951e-06	17783
154156	-4.466524e-07	1.565619e-06	1.396912e-06	14202
770274	-6.713230e-07	1.565620e-06	1.485544e-06	5493
145900	-4.468110e-07	1.565631e-06	1.396848e-06	14202
567884	-9.408403e-07	1.565635e-06	1.576816e-06	17783
762018	-6.714943e-07	1.565638e-06	1.485448e-06	5493
137644	-4.469696e-07	1.565642e-06	1.396785e-06	14202
129388	-4.471282e-07	1.565654e-06	1.396721e-06	14202
753762	-6.716656e-07	1.565656e-06	1.485352e-06	5493
559628	-9.410247e-07	1.565660e-06	1.576681e-06	17783
121132	-4.472868e-07	1.565666e-06	1.396657e-06	14202
745506	-6.718370e-07	1.565674e-06	1.485256e-06	5493
112876	-4.474454e-07	1.565678e-06	1.396593e-06	14202
551372	-9.412091e-07	1.565685e-06	1.576547e-06	17783
104620	-4.476040e-07	1.565690e-06	1.396529e-06	14202
737250	-6.720082e-07	1.565691e-06	1.485160e-06	5493
96364	-4.477625e-07	1.565701e-06	1.396465e-06	14202
728994	-6.721795e-07	1.565709e-06	1.485063e-06	5493
543116	-9.413935e-07	1.565710e-06	1.576412e-06	17783
88108	-4.479211e-07	1.565713e-06	1.396400e-06	14202
79852	-4.480796e-07	1.565725e-06	1.396336e-06	14202
720738	-6.723508e-07	1.565727e-06	1.484967e-06	5493
534860	-9.415778e-07	1.565735e-06	1.576277e-06	17783
71596	-4.482381e-07	1.565737e-06	1.396272e-06	14202
712482	-6.725220e-07	1.565745e-06	1.484871e-06	5493
63340	-4.483967e-07	1.565749e-06	1.396208e-06	14202
526604	-9.417622e-07	1.565760e-06	1.576142e-06	17783
55084	-4.485552e-07	1.565760e-06	1.396144e-06	14202
704226	-6.726932e-07	1.565762e-06	1.484775e-06	5493
46828	-4.487137e-07	1.565772e-06	1.396080e-06	14202
695970	-6.728644e-07	1.565780e-06	1.484678e-06	5493
38572	-4.488722e-07	1.565784e-06	1.396015e-06	14202
518348	-9.419464e-07	1.565785e-06	1.576007e-06	17783
30316	-4.490307e-07	1.565796e-06	1.395951e-06	14202
687714	-6.730356e-07	1.565798e-06	1.484582e-06	5493
22060	-4.491891e-07	1.565808e-06	1.395887e-06	14202
510092	-9.421307e-07	1.565810e-06	1.575872e-06	17783
679458	-6.732068e-07	1.565816e-06	1.484486e-06	5493
13804	-4.493476e-07	1.565820e-06	1.395823e-06	14202
5548	-4.495060e-07	1.565831e-06	1.395758e-06	14202
671202	-6.733780e-07	1.565833e-06	1.484389e-06	5493
501836	-9.423150e-07	1.565835e-06	1.575737e-06	17783
662946	-6.735492e-07	1.565851e-06	1.484293e-06	5493
493580	-9.424992e-07	1.565860e-06	1.575602e-06	17783
654690	-6.737203e-07	1.565869e-06	1.484196e-06	5493
485324	-9.426835e-07	1.565885e-06	1.575467e-06	17783
646434	-6.738914e-07	1.565887e-06	1.484100e-06	5493
638178	-6.740625e-07	1.565905e-06	1.484003e-06	5493
477068	-9.428677e-07	1.565910e-06	1.575332e-06	17783
629922	-6.742336e-07	1.565923e-06	1.483907e-06	5493
468812	-9.430519e-07	1.565935e-06	1.575197e-06	17783
621666	-6.744047e-07	1.565940e-06	1.483810e-06	5493
613410	-6.745757e-07	1.565958e-06	1.483714e-06	5493
460556	-9.432360e-07	1.565960e-06	1.575062e-06	17783
605154	-6.747468e-07	1.565976e-06	1.483617e-06	5493
452300	-9.434202e-07	1.565985e-06	1.574927e-06	17783
596898	-6.749178e-07	1.565994e-06	1.483520e-06	5493
444044	-9.436043e-07	1.566009e-06	1.574792e-06	17783
588642	-6.750889e-07	1.566012e-06	1.483424e-06	5493
580386	-6.752599e-07	1.566030e-06	1.483327e-06	5493
435788	-9.437885e-07	1.566034e-06	1.574656e-06	17783
572130	-6.754309e-07	1.566047e-06	1.483230e-06	5493
427532	-9.439725e-07	1.566059e-06	1.574521e-06	17783
563874	-6.756018e-07	1.566065e-06	1.483134e-06	5493
555618	-6.757728e-07	1.566083e-06	1.483037e-06	5493
419276	-9.441566e-07	1.566085e-06	1.574386e-06	17783
547362	-6.759438e-07	1.566101e-06	1.482940e-06	5493
411020	-9.443406e-07	1.566110e-06	1.574251e-06	17783
539106	-6.761147e-07	1.566119e-06	1.482843e-06	5493
402764	-9.445247e-07	1.566135e-06	1.574116e-06	17783
530850	-6.762857e-07	1.566137e-06	1.482746e-06	5493
522594	-6.764565e-07	1.566155e-06	1.482650e-06	5493
394508	-9.447087e-07	1.566160e-06	1.573980e-06	17783
514338	-6.766275e-07	1.566173e-06	1.482553e-06	5493
386252	-9.448927e-07	1.566185e-06	1.573845e-06	17783
506082	-6.767983e-07	1.566190e-06	1.482456e-06	5493
497826	-6.769692e-07	1.566208e-06	1.482359e-06	5493
377996	-9.450766e-07	1.566210e-06	1.573709e-06	17783
489570	-6.771401e-07	1.566226e-06	1.482262e-06	5493
369740	-9.452606e-07	1.566235e-06	1.573574e-06	17783
481314	-6.773109e-07	1.566244e-06	1.482165e-06	5493
361484	-9.454445e-07	1.566260e-06	1.573439e-06	17783
473058	-6.774817e-07	1.566262e-06	1.482068e-06	5493
464802	-6.776525e-07	1.566280e-06	1.481971e-06	5493
353228	-9.456284e-07	1.566285e-06	1.573303e-06	17783
456546	-6.778233e-07	1.566298e-06	1.481874e-06	5493
344972	-9.458123e-07	1.566310e-06	1.573168e-06	17783
448290	-6.779941e-07	1.566316e-06	1.481777e-06	5493
1153939	-7.591514e-07	1.566325e-06	1.525573e-06	17271
440034	-6.781648e-07	1.566334e-06	1.481680e-06	5493
336716	-9.459962e-07	1.566335e-06	1.573032e-06	17783
1145683	-7.593285e-07	1.566345e-06	1.525464e-06	17271
431778	-6.783356e-07	1.566352e-06	1.481583e-06	5493
328460	-9.461800e-07	1.566360e-06	1.572897e-06	17783
1137427	-7.595055e-07	1.566365e-06	1.525355e-06	17271
423522	-6.785064e-07	1.566370e-06	1.481485e-06	5493
320204	-9.463639e-07	1.566385e-06	1.572761e-06	17783
1129171	-7.596825e-07	1.566385e-06	1.525246e-06	17271
415266	-6.786771e-07	1.566387e-06	1.481388e-06	5493
407010	-6.788478e-07	1.566405e-06	1.481291e-06	5493
1120915	-7.598595e-07	1.566405e-06	1.525138e-06	17271
311948	-9.465477e-07	1.566410e-06	1.572626e-06	17783
398754	-6.790185e-07	1.566423e-06	1.481194e-06	5493
1112659	-7.600365e-07	1.566425e-06	1.525029e-06	17271
303692	-9.467315e-07	1.566435e-06	1.572490e-06	17783
390498	-6.791892e-07	1.566441e-06	1.481097e-06	5493
1104403	-7.602135e-07	1.566446e-06	1.524920e-06	17271
382242	-6.793598e-07	1.566459e-06	1.480999e-06	5493
295436	-9.469152e-07	1.566460e-06	1.572354e-06	17783
1096147	-7.603904e-07	1.566466e-06	1.524811e-06	17271
373986	-6.795304e-07	1.566477e-06	1.480902e-06	5493
287180	-9.470990e-07	1.566485e-06	1.572219e-06	17783
1087891	-7.605673e-07	1.566486e-06	1.524702e-06	17271
365730	-6.797011e-07	1.566495e-06	1.480805e-06	5493
1079635	-7.607442e-07	1.566506e-06	1.524593e-06	17271
278924	-9.472827e-07	1.566510e-06	1.572083e-06	17783
357474	-6.798717e-07	1.566513e-06	1.480708e-06	5493
1071379	-7.609212e-07	1.566526e-06	1.524484e-06	17271
349218	-6.800423e-07	1.566531e-06	1.480610e-06	5493
270668	-9.474664e-07	1.566535e-06	1.571947e-06	17783
1063123	-7.610980e-07	1.566546e-06	1.524375e-06	17271
340962	-6.802129e-07	1.566549e-06	1.480513e-06	5493
262412	-9.476501e-07	1.566560e-06	1.571812e-06	17783
1054867	-7.612749e-07	1.566566e-06	1.524266e-06	17271
332706	-6.803835e-07	1.566567e-06	1.480415e-06	5493
324450	-6.805541e-07	1.566585e-06	1.480318e-06	5493
254156	-9.478338e-07	1.566585e-06	1.571676e-06	17783
1046611	-7.614518e-07	1.566586e-06	1.524157e-06	17271
316194	-6.807246e-07	1.566603e-06	1.480220e-06	5493
1038355	-7.616286e-07	1.566607e-06	1.524048e-06	17271
245900	-9.480174e-07	1.566611e-06	1.571540e-06	17783
307938	-6.808951e-07	1.566621e-06	1.480123e-06	5493
1030099	-7.618054e-07	1.566627e-06	1.523939e-06	17271
237644	-9.482010e-07	1.566636e-06	1.571404e-06	17783
299682	-6.810657e-07	1.566639e-06	1.480025e-06	5493
1021843	-7.619822e-07	1.566647e-06	1.523830e-06	17271
291426	-6.812361e-07	1.566657e-06	1.479928e-06	5493
229388	-9.483846e-07	1.566661e-06	1.571268e-06	17783
1013587	-7.621590e-07	1.566667e-06	1.523721e-06	17271
283170	-6.814067e-07	1.566675e-06	1.479830e-06	5493
221132	-9.485682e-07	1.566686e-06	1.571133e-06	17783
1005331	-7.623358e-07	1.566687e-06	1.523612e-06	17271
274914	-6.815771e-07	1.566693e-06	1.479733e-06	5493
997075	-7.625125e-07	1.566707e-06	1.523502e-06	17271
212876	-9.487518e-07	1.566711e-06	1.570997e-06	17783
266658	-6.817476e-07	1.566711e-06	1.479635e-06	5493
988819	-7.626892e-07	1.566728e-06	1.523393e-06	17271
258402	-6.819180e-07	1.566729e-06	1.479538e-06	5493
204620	-9.489353e-07	1.566736e-06	1.570861e-06	17783
250146	-6.820885e-07	1.566747e-06	1.479440e-06	5493
980563	-7.628660e-07	1.566748e-06	1.523284e-06	17271
196364	-9.491189e-07	1.566761e-06	1.570725e-06	17783
241890	-6.822589e-07	1.566765e-06	1.479342e-06	5493
972307	-7.630427e-07	1.566768e-06	1.523175e-06	17271
233634	-6.824293e-07	1.566783e-06	1.479244e-06	5493
188108	-9.493024e-07	1.566786e-06	1.570589e-06	17783
964051	-7.632194e-07	1.566788e-06	1.523066e-06	17271
225378	-6.825997e-07	1.566801e-06	1.479147e-06	5493
955795	-7.633960e-07	1.566808e-06	1.522956e-06	17271
179852	-9.494859e-07	1.566812e-06	1.570453e-06	17783
217122	-6.827701e-07	1.566819e-06	1.479049e-06	5493
947539	-7.635727e-07	1.566828e-06	1.522847e-06	17271
171596	-9.496693e-07	1.566837e-06	1.570317e-06	17783
208866	-6.829404e-07	1.566837e-06	1.478951e-06	5493
939283	-7.637494e-07	1.566849e-06	1.522737e-06	17271
200610	-6.831108e-07	1.566855e-06	1.478853e-06	5493
163340	-9.498528e-07	1.566862e-06	1.570181e-06	17783
931027	-7.639260e-07	1.566869e-06	1.522628e-06	17271
192354	-6.832811e-07	1.566873e-06	1.478756e-06	5493
155084	-9.500362e-07	1.566887e-06	1.570045e-06	17783
922771	-7.641026e-07	1.566889e-06	1.522519e-06	17271
184098	-6.834514e-07	1.566892e-06	1.478658e-06	5493
914515	-7.642792e-07	1.566909e-06	1.522409e-06	17271
175842	-6.836217e-07	1.566910e-06	1.478560e-06	5493
146828	-9.502196e-07	1.566912e-06	1.569909e-06	17783
167586	-6.837921e-07	1.566928e-06	1.478462e-06	5493
906259	-7.644558e-07	1.566929e-06	1.522300e-06	17271
138572	-9.504030e-07	1.566937e-06	1.569772e-06	17783
159330	-6.839623e-07	1.566946e-06	1.478364e-06	5493
898003	-7.646323e-07	1.566950e-06	1.522190e-06	17271
130316	-9.505864e-07	1.566963e-06	1.569636e-06	17783
151074	-6.841325e-07	1.566964e-06	1.478266e-06	5493
889747	-7.648089e-07	1.566970e-06	1.522081e-06	17271
142818	-6.843028e-07	1.566982e-06	1.478168e-06	5493
122060	-9.507697e-07	1.566988e-06	1.569500e-06	17783
881491	-7.649854e-07	1.566990e-06	1.521971e-06	17271
134562	-6.844730e-07	1.567000e-06	1.478070e-06	5493
873235	-7.651619e-07	1.567010e-06	1.521862e-06	17271
113804	-9.509530e-07	1.567013e-06	1.569364e-06	17783
126306	-6.846432e-07	1.567018e-06	1.477972e-06	5493
864979	-7.653384e-07	1.567031e-06	1.521752e-06	17271
118050	-6.848135e-07	1.567036e-06	1.477874e-06	5493
105548	-9.511363e-07	1.567038e-06	1.569228e-06	17783
856723	-7.655149e-07	1.567051e-06	1.521642e-06	17271
109794	-6.849837e-07	1.567054e-06	1.477776e-06	5493
97292	-9.513196e-07	1.567063e-06	1.569091e-06	17783
848467	-7.656913e-07	1.567071e-06	1.521533e-06	17271
101538	-6.851538e-07	1.567072e-06	1.477678e-06	5493
89036	-9.515028e-07	1.567088e-06	1.568955e-06	17783
93282	-6.853240e-07	1.567091e-06	1.477580e-06	5493
840211	-7.658678e-07	1.567091e-06	1.521423e-06	17271
85026	-6.854941e-07	1.567109e-06	1.477482e-06	5493
831955	-7.660442e-07	1.567112e-06	1.521313e-06	17271
80780	-9.516861e-07	1.567114e-06	1.568819e-06	17783
76770	-6.856642e-07	1.567127e-06	1.477383e-06	5493
823699	-7.662206e-07	1.567132e-06	1.521204e-06	17271
72524	-9.518693e-07	1.567139e-06	1.568682e-06	17783
68514	-6.858344e-07	1.567145e-06	1.477285e-06	5493
815443	-7.663970e-07	1.567152e-06	1.521094e-06	17271
60258	-6.860045e-07	1.567163e-06	1.477187e-06	5493
64268	-9.520525e-07	1.567164e-06	1.568546e-06	17783
807187	-7.665734e-07	1.567172e-06	1.520984e-06	17271
52002	-6.861745e-07	1.567181e-06	1.477089e-06	5493
56012	-9.522357e-07	1.567189e-06	1.568410e-06	17783
798931	-7.667497e-07	1.567193e-06	1.520874e-06	17271
43746	-6.863446e-07	1.567199e-06	1.476991e-06	5493
790675	-7.669261e-07	1.567213e-06	1.520764e-06	17271
47756	-9.524189e-07	1.567214e-06	1.568273e-06	17783
35490	-6.865147e-07	1.567218e-06	1.476892e-06	5493
782419	-7.671024e-07	1.567233e-06	1.520655e-06	17271
27234	-6.866847e-07	1.567236e-06	1.476794e-06	5493
39500	-9.526020e-07	1.567240e-06	1.568137e-06	17783
774163	-7.672787e-07	1.567254e-06	1.520545e-06	17271
18978	-6.868547e-07	1.567254e-06	1.476696e-06	5493
31244	-9.527851e-07	1.567265e-06	1.568000e-06	17783
10722	-6.870247e-07	1.567272e-06	1.476597e-06	5493
765907	-7.674550e-07	1.567274e-06	1.520435e-06	17271
2466	-6.871948e-07	1.567290e-06	1.476499e-06	5493
22988	-9.529683e-07	1.567290e-06	1.567864e-06	17783
757651	-7.676313e-07	1.567294e-06	1.520325e-06	17271
749395	-7.678076e-07	1.567314e-06	1.520215e-06	17271
14732	-9.531513e-07	1.567315e-06	1.567727e-06	17783
741139	-7.679839e-07	1.567335e-06	1.520105e-06	17271
6476	-9.533344e-07	1.567341e-06	1.567591e-06	17783
732883	-7.681601e-07	1.567355e-06	1.519995e-06	17271
724627	-7.683363e-07	1.567375e-06	1.519885e-06	17271
716371	-7.685125e-07	1.567396e-06	1.519775e-06	17271
708115	-7.686887e-07	1.567416e-06	1.519665e-06	17271
699859	-7.688648e-07	1.567436e-06	1.519555e-06	17271
691603	-7.690410e-07	1.567457e-06	1.519445e-06	17271
683347	-7.692171e-07	1.567477e-06	1.519335e-06	17271
675091	-7.693932e-07	1.567497e-06	1.519224e-06	17271
666835	-7.695693e-07	1.567518e-06	1.519114e-06	17271
658579	-7.697454e-07	1.567538e-06	1.519004e-06	17271
650323	-7.699215e-07	1.567559e-06	1.518894e-06	17271
642067	-7.700976e-07	1.567579e-06	1.518783e-06	17271
633811	-7.702736e-07	1.567599e-06	1.518673e-06	17271
625555	-7.704496e-07	1.567620e-06	1.518563e-06	17271
617299	-7.706257e-07	1.567640e-06	1.518452e-06	17271
609043	-7.708016e-07	1.567660e-06	1.518342e-06	17271
600787	-7.709776e-07	1.567681e-06	1.518232e-06	17271
592531	-7.711536e-07	1.567701e-06	1.518121e-06	17271
584275	-7.713295e-07	1.567722e-06	1.518011e-06	17271
576019	-7.715054e-07	1.567742e-06	1.517900e-06	17271
567763	-7.716813e-07	1.567762e-06	1.517790e-06	17271
559507	-7.718572e-07	1.567783e-06	1.517679e-06	17271
551251	-7.720331e-07	1.567803e-06	1.517569e-06	17271
542995	-7.722089e-07	1.567824e-06	1.517458e-06	17271
534739	-7.723848e-07	1.567844e-06	1.517348e-06	17271
526483	-7.725606e-07	1.567865e-06	1.517237e-06	17271
518227	-7.727364e-07	1.567885e-06	1.517126e-06	17271
509971	-7.729122e-07	1.567905e-06	1.517016e-06	17271
501715	-7.730880e-07	1.567926e-06	1.516905e-06	17271
493459	-7.732638e-07	1.567946e-06	1.516794e-06	17271
485203	-7.734395e-07	1.567967e-06	1.516683e-06	17271
476947	-7.736152e-07	1.567987e-06	1.516573e-06	17271
468691	-7.737909e-07	1.568008e-06	1.516462e-06	17271
460435	-7.739666e-07	1.568028e-06	1.516351e-06	17271
452179	-7.741423e-07	1.568049e-06	1.516240e-06	17271
443923	-7.743179e-07	1.568069e-06	1.516129e-06	17271
435667	-7.744936e-07	1.568090e-06	1.516018e-06	17271
427411	-7.746692e-07	1.568110e-06	1.515907e-06	17271
419155	-7.748449e-07	1.568131e-06	1.515796e-06	17271
410899	-7.750205e-07	1.568151e-06	1.515685e-06	17271
402643	-7.751960e-07	1.568172e-06	1.515574e-06	17271
394387	-7.753716e-07	1.568192e-06	1.515463e-06	17271
386131	-7.755471e-07	1.568213e-06	1.515352e-06	17271
377875	-7.757226e-07	1.568233e-06	1.515241e-06	17271
369619	-7.758982e-07	1.568254e-06	1.515130e-06	17271
361363	-7.760736e-07	1.568274e-06	1.515019e-06	17271
353107	-7.762491e-07	1.568295e-06	1.514908e-06	17271
344851	-7.764246e-07	1.568315e-06	1.514797e-06	17271
336595	-7.766000e-07	1.568336e-06	1.514686e-06	17271
328339	-7.767755e-07	1.568356e-06	1.514574e-06	17271
320083	-7.769509e-07	1.568377e-06	1.514463e-06	17271
311827	-7.771263e-07	1.568397e-06	1.514352e-06	17271
303571	-7.773016e-07	1.568418e-06	1.514240e-06	17271
295315	-7.774770e-07	1.568439e-06	1.514129e-06	17271
287059	-7.776524e-07	1.568459e-06	1.514018e-06	17271
278803	-7.778277e-07	1.568480e-06	1.513906e-06	17271
270547	-7.780030e-07	1.568500e-06	1.513795e-06	17271
262291	-7.781783e-07	1.568521e-06	1.513684e-06	17271
254035	-7.783536e-07	1.568542e-06	1.513572e-06	17271
245779	-7.785289e-07	1.568562e-06	1.513461e-06	17271
237523	-7.787041e-07	1.568583e-06	1.513349e-06	17271
229267	-7.788793e-07	1.568603e-06	1.513238e-06	17271
221011	-7.790546e-07	1.568624e-06	1.513126e-06	17271
212755	-7.792298e-07	1.568645e-06	1.513014e-06	17271
204499	-7.794050e-07	1.568665e-06	1.512903e-06	17271
196243	-7.795801e-07	1.568686e-06	1.512791e-06	17271
187987	-7.797552e-07	1.568706e-06	1.512679e-06	17271
179731	-7.799304e-07	1.568727e-06	1.512568e-06	17271
171475	-7.801055e-07	1.568748e-06	1.512456e-06	17271
163219	-7.802806e-07	1.568768e-06	1.512344e-06	17271
154963	-7.804557e-07	1.568789e-06	1.512233e-06	17271
146707	-7.806307e-07	1.568810e-06	1.512121e-06	17271
138451	-7.808058e-07	1.568830e-06	1.512009e-06	17271
130195	-7.809808e-07	1.568851e-06	1.511897e-06	17271
121939	-7.811558e-07	1.568872e-06	1.511785e-06	17271
113683	-7.813309e-07	1.568892e-06	1.511673e-06	17271
105427	-7.815058e-07	1.568913e-06	1.511561e-06	17271
97171	-7.816808e-07	1.568933e-06	1.511450e-06	17271
88915	-7.818558e-07	1.568954e-06	1.511338e-06	17271
80659	-7.820307e-07	1.568975e-06	1.511226e-06	17271
72403	-7.822056e-07	1.568996e-06	1.511114e-06	17271
64147	-7.823805e-07	1.569016e-06	1.511002e-06	17271
55891	-7.825554e-07	1.569037e-06	1.510889e-06	17271
47635	-7.827302e-07	1.569058e-06	1.510777e-06	17271
39379	-7.829051e-07	1.569078e-06	1.510665e-06	17271
31123	-7.830799e-07	1.569099e-06	1.510553e-06	17271
22867	-7.832547e-07	1.569120e-06	1.510441e-06	17271
14611	-7.834295e-07	1.569141e-06	1.510329e-06	17271
6355	-7.836043e-07	1.569161e-06	1.510217e-06	17271
1152343	-7.735824e-07	1.570680e-06	1.535045e-06	11638
1144087	-7.737607e-07	1.570700e-06	1.534934e-06	11638
1135831	-7.739390e-07	1.570721e-06	1.534823e-06	11638
1127575	-7.741172e-07	1.570741e-06	1.534712e-06	11638
1119319	-7.742955e-07	1.570762e-06	1.534601e-06	11638
1111063	-7.744737e-07	1.570782e-06	1.534490e-06	11638
1102807	-7.746519e-07	1.570803e-06	1.534379e-06	11638
1094551	-7.748301e-07	1.570823e-06	1.534268e-06	11638
1086295	-7.750082e-07	1.570844e-06	1.534157e-06	11638
1078039	-7.751864e-07	1.570864e-06	1.534046e-06	11638
1069783	-7.753645e-07	1.570885e-06	1.533935e-06	11638
1061527	-7.755427e-07	1.570905e-06	1.533824e-06	11638
1053271	-7.757208e-07	1.570926e-06	1.533713e-06	11638
1045015	-7.758989e-07	1.570946e-06	1.533602e-06	11638
1036759	-7.760769e-07	1.570967e-06	1.533491e-06	11638
1028503	-7.762550e-07	1.570987e-06	1.533380e-06	11638
1020247	-7.764330e-07	1.571008e-06	1.533269e-06	11638
1011991	-7.766110e-07	1.571028e-06	1.533158e-06	11638
1003735	-7.767891e-07	1.571049e-06	1.533046e-06	11638
995479	-7.769671e-07	1.571069e-06	1.532935e-06	11638
987223	-7.771450e-07	1.571090e-06	1.532824e-06	11638
978967	-7.773230e-07	1.571110e-06	1.532712e-06	11638
970711	-7.775009e-07	1.571131e-06	1.532601e-06	11638
962455	-7.776788e-07	1.571152e-06	1.532490e-06	11638
954199	-7.778568e-07	1.571172e-06	1.532378e-06	11638
945943	-7.780346e-07	1.571193e-06	1.532267e-06	11638
937687	-7.782126e-07	1.571213e-06	1.532155e-06	11638
929431	-7.783904e-07	1.571234e-06	1.532044e-06	11638
921175	-7.785682e-07	1.571255e-06	1.531932e-06	11638
912919	-7.787460e-07	1.571275e-06	1.531821e-06	11638
904663	-7.789238e-07	1.571296e-06	1.531709e-06	11638
896407	-7.791016e-07	1.571316e-06	1.531598e-06	11638
888151	-7.792794e-07	1.571337e-06	1.531486e-06	11638
879895	-7.794572e-07	1.571358e-06	1.531375e-06	11638
871639	-7.796349e-07	1.571378e-06	1.531263e-06	11638
863383	-7.798126e-07	1.571399e-06	1.531151e-06	11638
855127	-7.799904e-07	1.571419e-06	1.531040e-06	11638
846871	-7.801681e-07	1.571440e-06	1.530928e-06	11638
838615	-7.803457e-07	1.571461e-06	1.530816e-06	11638
830359	-7.805234e-07	1.571481e-06	1.530704e-06	11638
822103	-7.807010e-07	1.571502e-06	1.530593e-06	11638
813847	-7.808787e-07	1.571523e-06	1.530481e-06	11638
805591	-7.810563e-07	1.571543e-06	1.530369e-06	11638
797335	-7.812339e-07	1.571564e-06	1.530257e-06	11638
789079	-7.814115e-07	1.571585e-06	1.530145e-06	11638
780823	-7.815890e-07	1.571605e-06	1.530033e-06	11638
772567	-7.817666e-07	1.571626e-06	1.529921e-06	11638
764311	-7.819441e-07	1.571647e-06	1.529809e-06	11638
756055	-7.821216e-07	1.571667e-06	1.529697e-06	11638
747799	-7.822991e-07	1.571688e-06	1.529585e-06	11638
739543	-7.824765e-07	1.571709e-06	1.529473e-06	11638
731287	-7.826540e-07	1.571730e-06	1.529361e-06	11638
723031	-7.828315e-07	1.571750e-06	1.529249e-06	11638
714775	-7.830089e-07	1.571771e-06	1.529137e-06	11638
706519	-7.831863e-07	1.571792e-06	1.529025e-06	11638
698263	-7.833637e-07	1.571812e-06	1.528913e-06	11638
690007	-7.835411e-07	1.571833e-06	1.528800e-06	11638
681751	-7.837184e-07	1.571854e-06	1.528688e-06	11638
673495	-7.838958e-07	1.571874e-06	1.528576e-06	11638
665239	-7.840731e-07	1.571895e-06	1.528464e-06	11638
656983	-7.842504e-07	1.571916e-06	1.528351e-06	11638
648727	-7.844277e-07	1.571937e-06	1.528239e-06	11638
640471	-7.846050e-07	1.571957e-06	1.528127e-06	11638
632215	-7.847822e-07	1.571978e-06	1.528014e-06	11638
623959	-7.849595e-07	1.571999e-06	1.527902e-06	11638
615703	-7.851367e-07	1.572020e-06	1.527789e-06	11638
607447	-7.853139e-07	1.572041e-06	1.527677e-06	11638
599191	-7.854911e-07	1.572061e-06	1.527564e-06	11638
590935	-7.856683e-07	1.572082e-06	1.527452e-06	11638
582679	-7.858455e-07	1.572103e-06	1.527339e-06	11638
574423	-7.860226e-07	1.572124e-06	1.527227e-06	11638
566167	-7.861997e-07	1.572144e-06	1.527114e-06	11638
1148203	-8.103545e-07	1.572147e-06	1.549999e-06	1398
557911	-7.863769e-07	1.572165e-06	1.527002e-06	11638
1139947	-8.105350e-07	1.572169e-06	1.549883e-06	1398
549655	-7.865539e-07	1.572186e-06	1.526889e-06	11638
1131691	-8.107153e-07	1.572190e-06	1.549767e-06	1398
541399	-7.867310e-07	1.572207e-06	1.526776e-06	11638
1123435	-8.108957e-07	1.572212e-06	1.549651e-06	1398
533143	-7.869081e-07	1.572228e-06	1.526664e-06	11638
1115179	-8.110760e-07	1.572233e-06	1.549535e-06	1398
524887	-7.870851e-07	1.572248e-06	1.526551e-06	11638
1106923	-8.112564e-07	1.572255e-06	1.549418e-06	1398
516631	-7.872621e-07	1.572269e-06	1.526438e-06	11638
1098667	-8.114367e-07	1.572276e-06	1.549302e-06	1398
508375	-7.874391e-07	1.572290e-06	1.526325e-06	11638
1090411	-8.116169e-07	1.572298e-06	1.549186e-06	1398
500119	-7.876162e-07	1.572311e-06	1.526213e-06	11638
1082155	-8.117972e-07	1.572319e-06	1.549070e-06	1398
491863	-7.877931e-07	1.572332e-06	1.526100e-06	11638
1073899	-8.119775e-07	1.572341e-06	1.548953e-06	1398
483607	-7.879701e-07	1.572353e-06	1.525987e-06	11638
1065643	-8.121577e-07	1.572362e-06	1.548837e-06	1398
475351	-7.881470e-07	1.572374e-06	1.525874e-06	11638
1057387	-8.123379e-07	1.572384e-06	1.548721e-06	1398
467095	-7.883240e-07	1.572394e-06	1.525761e-06	11638
1049131	-8.125181e-07	1.572405e-06	1.548604e-06	1398
458839	-7.885009e-07	1.572415e-06	1.525648e-06	11638
1040875	-8.126983e-07	1.572427e-06	1.548488e-06	1398
450583	-7.886778e-07	1.572436e-06	1.525535e-06	11638
1032619	-8.128785e-07	1.572448e-06	1.548372e-06	1398
442327	-7.888546e-07	1.572457e-06	1.525422e-06	11638
1024363	-8.130586e-07	1.572470e-06	1.548255e-06	1398
434071	-7.890315e-07	1.572478e-06	1.525309e-06	11638
1016107	-8.132388e-07	1.572491e-06	1.548139e-06	1398
425815	-7.892083e-07	1.572499e-06	1.525196e-06	11638
1007851	-8.134189e-07	1.572513e-06	1.548022e-06	1398
417559	-7.893852e-07	1.572520e-06	1.525083e-06	11638
999595	-8.135990e-07	1.572534e-06	1.547906e-06	1398
409303	-7.895620e-07	1.572541e-06	1.524970e-06	11638
991339	-8.137791e-07	1.572556e-06	1.547789e-06	1398
401047	-7.897387e-07	1.572561e-06	1.524857e-06	11638
983083	-8.139591e-07	1.572577e-06	1.547673e-06	1398
392791	-7.899155e-07	1.572582e-06	1.524744e-06	11638
974827	-8.141392e-07	1.572599e-06	1.547556e-06	1398
384535	-7.900923e-07	1.572603e-06	1.524631e-06	11638
966571	-8.143192e-07	1.572620e-06	1.547439e-06	1398
376279	-7.902690e-07	1.572624e-06	1.524518e-06	11638
958315	-8.144992e-07	1.572642e-06	1.547323e-06	1398
368023	-7.904458e-07	1.572645e-06	1.524405e-06	11638
950059	-8.146792e-07	1.572663e-06	1.547206e-06	1398
359767	-7.906225e-07	1.572666e-06	1.524291e-06	11638
941803	-8.148592e-07	1.572685e-06	1.547089e-06	1398
351511	-7.907992e-07	1.572687e-06	1.524178e-06	11638
933547	-8.150391e-07	1.572706e-06	1.546973e-06	1398
343255	-7.909758e-07	1.572708e-06	1.524065e-06	11638
925291	-8.152191e-07	1.572728e-06	1.546856e-06	1398
334999	-7.911525e-07	1.572729e-06	1.523952e-06	11638
917035	-8.153990e-07	1.572750e-06	1.546739e-06	1398
326743	-7.913292e-07	1.572750e-06	1.523838e-06	11638
318487	-7.915058e-07	1.572771e-06	1.523725e-06	11638
908779	-8.155789e-07	1.572771e-06	1.546622e-06	1398
310231	-7.916824e-07	1.572791e-06	1.523612e-06	11638
900523	-8.157588e-07	1.572793e-06	1.546506e-06	1398
301975	-7.918590e-07	1.572812e-06	1.523498e-06	11638
892267	-8.159387e-07	1.572814e-06	1.546389e-06	1398
293719	-7.920356e-07	1.572833e-06	1.523385e-06	11638
884011	-8.161185e-07	1.572836e-06	1.546272e-06	1398
285463	-7.922121e-07	1.572854e-06	1.523271e-06	11638
875755	-8.162984e-07	1.572858e-06	1.546155e-06	1398
277207	-7.923886e-07	1.572875e-06	1.523158e-06	11638
867499	-8.164782e-07	1.572879e-06	1.546038e-06	1398
268951	-7.925652e-07	1.572896e-06	1.523044e-06	11638
859243	-8.166580e-07	1.572901e-06	1.545921e-06	1398
260695	-7.927417e-07	1.572917e-06	1.522931e-06	11638
850987	-8.168378e-07	1.572922e-06	1.545804e-06	1398
252439	-7.929182e-07	1.572938e-06	1.522817e-06	11638
842731	-8.170176e-07	1.572944e-06	1.545687e-06	1398
244183	-7.930946e-07	1.572959e-06	1.522704e-06	11638
834475	-8.171973e-07	1.572966e-06	1.545570e-06	1398
235927	-7.932711e-07	1.572980e-06	1.522590e-06	11638
826219	-8.173770e-07	1.572987e-06	1.545453e-06	1398
227671	-7.934476e-07	1.573001e-06	1.522477e-06	11638
817963	-8.175568e-07	1.573009e-06	1.545336e-06	1398
219415	-7.936239e-07	1.573022e-06	1.522363e-06	11638
809707	-8.177365e-07	1.573030e-06	1.545219e-06	1398
211159	-7.938004e-07	1.573043e-06	1.522249e-06	11638
801451	-8.179161e-07	1.573052e-06	1.545102e-06	1398
202903	-7.939768e-07	1.573064e-06	1.522135e-06	11638
793195	-8.180958e-07	1.573074e-06	1.544985e-06	1398
194647	-7.941531e-07	1.573085e-06	1.522022e-06	11638
784939	-8.182755e-07	1.573095e-06	1.544867e-06	1398
186391	-7.943295e-07	1.573106e-06	1.521908e-06	11638
776683	-8.184551e-07	1.573117e-06	1.544750e-06	1398
178135	-7.945058e-07	1.573127e-06	1.521794e-06	11638
768427	-8.186347e-07	1.573139e-06	1.544633e-06	1398
169879	-7.946821e-07	1.573148e-06	1.521680e-06	11638
760171	-8.188143e-07	1.573160e-06	1.544516e-06	1398
161623	-7.948585e-07	1.573169e-06	1.521567e-06	11638
751915	-8.189939e-07	1.573182e-06	1.544398e-06	1398
153367	-7.950347e-07	1.573190e-06	1.521453e-06	11638
743659	-8.191735e-07	1.573204e-06	1.544281e-06	1398
145111	-7.952110e-07	1.573211e-06	1.521339e-06	11638
735403	-8.193530e-07	1.573225e-06	1.544164e-06	1398
136855	-7.953873e-07	1.573232e-06	1.521225e-06	11638
727147	-8.195325e-07	1.573247e-06	1.544046e-06	1398
128599	-7.955635e-07	1.573253e-06	1.521111e-06	11638
718891	-8.197120e-07	1.573269e-06	1.543929e-06	1398
120343	-7.957397e-07	1.573275e-06	1.520997e-06	11638
710635	-8.198915e-07	1.573290e-06	1.543812e-06	1398
112087	-7.959159e-07	1.573296e-06	1.520883e-06	11638
702379	-8.200710e-07	1.573312e-06	1.543694e-06	1398
103831	-7.960921e-07	1.573317e-06	1.520769e-06	11638
694123	-8.202504e-07	1.573334e-06	1.543577e-06	1398
95575	-7.962683e-07	1.573338e-06	1.520655e-06	11638
685867	-8.204299e-07	1.573355e-06	1.543459e-06	1398
87319	-7.964444e-07	1.573359e-06	1.520541e-06	11638
677611	-8.206093e-07	1.573377e-06	1.543342e-06	1398
79063	-7.966206e-07	1.573380e-06	1.520427e-06	11638
669355	-8.207887e-07	1.573399e-06	1.543224e-06	1398
70807	-7.967967e-07	1.573401e-06	1.520313e-06	11638
661099	-8.209681e-07	1.573421e-06	1.543107e-06	1398
62551	-7.969728e-07	1.573422e-06	1.520199e-06	11638
652843	-8.211475e-07	1.573442e-06	1.542989e-06	1398
54295	-7.971489e-07	1.573443e-06	1.520085e-06	11638
46039	-7.973249e-07	1.573464e-06	1.519970e-06	11638
644587	-8.213268e-07	1.573464e-06	1.542871e-06	1398
37783	-7.975010e-07	1.573485e-06	1.519856e-06	11638
636331	-8.215061e-07	1.573486e-06	1.542754e-06	1398
29527	-7.976770e-07	1.573506e-06	1.519742e-06	11638
628075	-8.216855e-07	1.573508e-06	1.542636e-06	1398
21271	-7.978530e-07	1.573527e-06	1.519628e-06	11638
619819	-8.218648e-07	1.573529e-06	1.542518e-06	1398
13015	-7.980290e-07	1.573549e-06	1.519513e-06	11638
611563	-8.220441e-07	1.573551e-06	1.542401e-06	1398
4759	-7.982050e-07	1.573570e-06	1.519399e-06	11638
603307	-8.222233e-07	1.573573e-06	1.542283e-06	1398
595051	-8.224026e-07	1.573595e-06	1.542165e-06	1398
586795	-8.225818e-07	1.573616e-06	1.542047e-06	1398
578539	-8.227610e-07	1.573638e-06	1.541929e-06	1398
570283	-8.229402e-07	1.573660e-06	1.541812e-06	1398
562027	-8.231194e-07	1.573682e-06	1.541694e-06	1398
553771	-8.232985e-07	1.573703e-06	1.541576e-06	1398
545515	-8.234777e-07	1.573725e-06	1.541458e-06	1398
537259	-8.236568e-07	1.573747e-06	1.541340e-06	1398
529003	-8.238359e-07	1.573769e-06	1.541222e-06	1398
520747	-8.240150e-07	1.573791e-06	1.541104e-06	1398
512491	-8.241941e-07	1.573812e-06	1.540986e-06	1398
504235	-8.243731e-07	1.573834e-06	1.540868e-06	1398
495979	-8.245522e-07	1.573856e-06	1.540750e-06	1398
487723	-8.247312e-07	1.573878e-06	1.540632e-06	1398
479467	-8.249102e-07	1.573900e-06	1.540513e-06	1398
471211	-8.250892e-07	1.573922e-06	1.540395e-06	1398
462955	-8.252682e-07	1.573943e-06	1.540277e-06	1398
454699	-8.254471e-07	1.573965e-06	1.540159e-06	1398
446443	-8.256260e-07	1.573987e-06	1.540041e-06	1398
438187	-8.258049e-07	1.574009e-06	1.539922e-06	1398
429931	-8.259838e-07	1.574031e-06	1.539804e-06	1398
421675	-8.261627e-07	1.574053e-06	1.539686e-06	1398
413419	-8.263416e-07	1.574074e-06	1.539568e-06	1398
405163	-8.265204e-07	1.574096e-06	1.539449e-06	1398
396907	-8.266992e-07	1.574118e-06	1.539331e-06	1398
388651	-8.268781e-07	1.574140e-06	1.539212e-06	1398
380395	-8.270569e-07	1.574162e-06	1.539094e-06	1398
372139	-8.272356e-07	1.574184e-06	1.538975e-06	1398
363883	-8.274144e-07	1.574206e-06	1.538857e-06	1398
355627	-8.275931e-07	1.574228e-06	1.538738e-06	1398
347371	-8.277718e-07	1.574249e-06	1.538620e-06	1398
339115	-8.279505e-07	1.574271e-06	1.538501e-06	1398
330859	-8.281293e-07	1.574293e-06	1.538383e-06	1398
322603	-8.283079e-07	1.574315e-06	1.538264e-06	1398
314347	-8.284866e-07	1.574337e-06	1.538145e-06	1398
306091	-8.286652e-07	1.574359e-06	1.538027e-06	1398
297835	-8.288438e-07	1.574381e-06	1.537908e-06	1398
289579	-8.290224e-07	1.574403e-06	1.537789e-06	1398
281323	-8.292010e-07	1.574425e-06	1.537671e-06	1398
273067	-8.293795e-07	1.574447e-06	1.537552e-06	1398
264811	-8.295581e-07	1.574469e-06	1.537433e-06	1398
256555	-8.297366e-07	1.574491e-06	1.537314e-06	1398
248299	-8.299151e-07	1.574513e-06	1.537195e-06	1398
240043	-8.300936e-07	1.574535e-06	1.537076e-06	1398
231787	-8.302721e-07	1.574557e-06	1.536958e-06	1398
223531	-8.304506e-07	1.574579e-06	1.536839e-06	1398
215275	-8.306290e-07	1.574601e-06	1.536720e-06	1398
207019	-8.308074e-07	1.574623e-06	1.536601e-06	1398
198763	-8.309858e-07	1.574645e-06	1.536482e-06	1398
190507	-8.311642e-07	1.574667e-06	1.536363e-06	1398
182251	-8.313426e-07	1.574689e-06	1.536244e-06	1398
173995	-8.315209e-07	1.574711e-06	1.536125e-06	1398
165739	-8.316993e-07	1.574733e-06	1.536005e-06	1398
157483	-8.318776e-07	1.574755e-06	1.535886e-06	1398
149227	-8.320559e-07	1.574777e-06	1.535767e-06	1398
140971	-8.322342e-07	1.574799e-06	1.535648e-06	1398
132715	-8.324124e-07	1.574821e-06	1.535529e-06	1398
124459	-8.325907e-07	1.574843e-06	1.535410e-06	1398
116203	-8.327689e-07	1.574865e-06	1.535290e-06	1398
107947	-8.329471e-07	1.574887e-06	1.535171e-06	1398
99691	-8.331253e-07	1.574909e-06	1.535052e-06	1398
91435	-8.333035e-07	1.574931e-06	1.534932e-06	1398
83179	-8.334816e-07	1.574953e-06	1.534813e-06	1398
74923	-8.336598e-07	1.574975e-06	1.534694e-06	1398
66667	-8.338379e-07	1.574997e-06	1.534574e-06	1398
58411	-8.340160e-07	1.575019e-06	1.534455e-06	1398
50155	-8.341941e-07	1.575041e-06	1.534335e-06	1398
41899	-8.343721e-07	1.575063e-06	1.534216e-06	1398
33643	-8.345502e-07	1.575085e-06	1.534096e-06	1398
25387	-8.347282e-07	1.575107e-06	1.533977e-06	1398
17131	-8.349062e-07	1.575130e-06	1.533857e-06	1398
8875	-8.350842e-07	1.575152e-06	1.533738e-06	1398
619	-8.352622e-07	1.575174e-06	1.533618e-06	1398
1148078	-7.038285e-07	1.582424e-06	1.518863e-06	1141
1139822	-7.040042e-07	1.582442e-06	1.518763e-06	1141
1131566	-7.041798e-07	1.582461e-06	1.518662e-06	1141
1123310	-7.043554e-07	1.582479e-06	1.518561e-06	1141
1115054	-7.045310e-07	1.582498e-06	1.518460e-06	1141
1106798	-7.047066e-07	1.582517e-06	1.518359e-06	1141
1098542	-7.048822e-07	1.582535e-06	1.518258e-06	1141
1090286	-7.050578e-07	1.582554e-06	1.518157e-06	1141
1082030	-7.052333e-07	1.582573e-06	1.518056e-06	1141
1073774	-7.054089e-07	1.582591e-06	1.517955e-06	1141
1065518	-7.055844e-07	1.582610e-06	1.517854e-06	1141
1057262	-7.057599e-07	1.582629e-06	1.517753e-06	1141
1049006	-7.059354e-07	1.582647e-06	1.517652e-06	1141
1040750	-7.061109e-07	1.582666e-06	1.517551e-06	1141
1032494	-7.062863e-07	1.582684e-06	1.517450e-06	1141
1024238	-7.064618e-07	1.582703e-06	1.517349e-06	1141
1015982	-7.066372e-07	1.582722e-06	1.517248e-06	1141
1007726	-7.068126e-07	1.582741e-06	1.517146e-06	1141
999470	-7.069880e-07	1.582759e-06	1.517045e-06	1141
991214	-7.071634e-07	1.582778e-06	1.516944e-06	1141
982958	-7.073388e-07	1.582797e-06	1.516843e-06	1141
974702	-7.075141e-07	1.582815e-06	1.516741e-06	1141
1150051	-7.392539e-07	1.582829e-06	1.532065e-06	5494
966446	-7.076895e-07	1.582834e-06	1.516640e-06	1141
1141795	-7.394315e-07	1.582848e-06	1.531959e-06	5494
958190	-7.078648e-07	1.582853e-06	1.516539e-06	1141
1133539	-7.396090e-07	1.582868e-06	1.531853e-06	5494
949934	-7.080401e-07	1.582871e-06	1.516437e-06	1141
1125283	-7.397865e-07	1.582887e-06	1.531747e-06	5494
941678	-7.082154e-07	1.582890e-06	1.516336e-06	1141
1117027	-7.399640e-07	1.582907e-06	1.531641e-06	5494
933422	-7.083906e-07	1.582909e-06	1.516234e-06	1141
1108771	-7.401415e-07	1.582927e-06	1.531535e-06	5494
925166	-7.085659e-07	1.582928e-06	1.516133e-06	1141
1100515	-7.403190e-07	1.582946e-06	1.531429e-06	5494
916910	-7.087412e-07	1.582946e-06	1.516031e-06	1141
908654	-7.089164e-07	1.582965e-06	1.515930e-06	1141
1092259	-7.404964e-07	1.582966e-06	1.531323e-06	5494
900398	-7.090916e-07	1.582984e-06	1.515828e-06	1141
1084003	-7.406738e-07	1.582985e-06	1.531217e-06	5494
892142	-7.092668e-07	1.583003e-06	1.515727e-06	1141
1075747	-7.408512e-07	1.583005e-06	1.531111e-06	5494
883886	-7.094420e-07	1.583021e-06	1.515625e-06	1141
1067491	-7.410287e-07	1.583024e-06	1.531005e-06	5494
875630	-7.096172e-07	1.583040e-06	1.515524e-06	1141
1059235	-7.412060e-07	1.583044e-06	1.530899e-06	5494
867374	-7.097923e-07	1.583059e-06	1.515422e-06	1141
1050979	-7.413834e-07	1.583064e-06	1.530793e-06	5494
859118	-7.099675e-07	1.583078e-06	1.515320e-06	1141
1042723	-7.415607e-07	1.583083e-06	1.530686e-06	5494
850862	-7.101426e-07	1.583096e-06	1.515219e-06	1141
1034467	-7.417381e-07	1.583103e-06	1.530580e-06	5494
842606	-7.103177e-07	1.583115e-06	1.515117e-06	1141
1026211	-7.419154e-07	1.583123e-06	1.530474e-06	5494
834350	-7.104928e-07	1.583134e-06	1.515015e-06	1141
1017955	-7.420927e-07	1.583142e-06	1.530368e-06	5494
826094	-7.106679e-07	1.583153e-06	1.514914e-06	1141
1009699	-7.422699e-07	1.583162e-06	1.530261e-06	5494
817838	-7.108430e-07	1.583172e-06	1.514812e-06	1141
1001443	-7.424472e-07	1.583181e-06	1.530155e-06	5494
809582	-7.110181e-07	1.583190e-06	1.514710e-06	1141
993187	-7.426245e-07	1.583201e-06	1.530049e-06	5494
801326	-7.111931e-07	1.583209e-06	1.514608e-06	1141
984931	-7.428017e-07	1.583221e-06	1.529942e-06	5494
793070	-7.113681e-07	1.583228e-06	1.514506e-06	1141
976675	-7.429790e-07	1.583240e-06	1.529836e-06	5494
784814	-7.115431e-07	1.583247e-06	1.514405e-06	1141
968419	-7.431561e-07	1.583260e-06	1.529730e-06	5494
776558	-7.117181e-07	1.583266e-06	1.514303e-06	1141
960163	-7.433333e-07	1.583280e-06	1.529623e-06	5494
768302	-7.118931e-07	1.583284e-06	1.514201e-06	1141
951907	-7.435105e-07	1.583299e-06	1.529517e-06	5494
760046	-7.120681e-07	1.583303e-06	1.514099e-06	1141
943651	-7.436877e-07	1.583319e-06	1.529410e-06	5494
751790	-7.122430e-07	1.583322e-06	1.513997e-06	1141
935395	-7.438648e-07	1.583339e-06	1.529304e-06	5494
743534	-7.124179e-07	1.583341e-06	1.513895e-06	1141
927139	-7.440419e-07	1.583358e-06	1.529197e-06	5494
735278	-7.125929e-07	1.583360e-06	1.513793e-06	1141
918883	-7.442191e-07	1.583378e-06	1.529091e-06	5494
727022	-7.127678e-07	1.583379e-06	1.513691e-06	1141
718766	-7.129427e-07	1.583397e-06	1.513589e-06	1141
910627	-7.443961e-07	1.583398e-06	1.528984e-06	5494
710510	-7.131175e-07	1.583416e-06	1.513486e-06	1141
902371	-7.445732e-07	1.583417e-06	1.528877e-06	5494
702254	-7.132924e-07	1.583435e-06	1.513384e-06	1141
894115	-7.447503e-07	1.583437e-06	1.528771e-06	5494
693998	-7.134672e-07	1.583454e-06	1.513282e-06	1141
885859	-7.449273e-07	1.583457e-06	1.528664e-06	5494
685742	-7.136421e-07	1.583473e-06	1.513180e-06	1141
877603	-7.451044e-07	1.583476e-06	1.528557e-06	5494
677486	-7.138169e-07	1.583492e-06	1.513078e-06	1141
869347	-7.452814e-07	1.583496e-06	1.528451e-06	5494
669230	-7.139917e-07	1.583511e-06	1.512976e-06	1141
861091	-7.454584e-07	1.583516e-06	1.528344e-06	5494
660974	-7.141664e-07	1.583529e-06	1.512873e-06	1141
852835	-7.456354e-07	1.583536e-06	1.528237e-06	5494
652718	-7.143412e-07	1.583548e-06	1.512771e-06	1141
844579	-7.458123e-07	1.583555e-06	1.528130e-06	5494
644462	-7.145160e-07	1.583567e-06	1.512669e-06	1141
836323	-7.459893e-07	1.583575e-06	1.528024e-06	5494
636206	-7.146907e-07	1.583586e-06	1.512566e-06	1141
828067	-7.461662e-07	1.583595e-06	1.527917e-06	5494
627950	-7.148654e-07	1.583605e-06	1.512464e-06	1141
819811	-7.463432e-07	1.583614e-06	1.527810e-06	5494
619694	-7.150401e-07	1.583624e-06	1.512362e-06	1141
811555	-7.465201e-07	1.583634e-06	1.527703e-06	5494
611438	-7.152148e-07	1.583643e-06	1.512259e-06	1141
803299	-7.466970e-07	1.583654e-06	1.527596e-06	5494
603182	-7.153895e-07	1.583662e-06	1.512157e-06	1141
795043	-7.468738e-07	1.583674e-06	1.527489e-06	5494
594926	-7.155641e-07	1.583681e-06	1.512054e-06	1141
786787	-7.470506e-07	1.583693e-06	1.527382e-06	5494
586670	-7.157388e-07	1.583700e-06	1.511952e-06	1141
778531	-7.472275e-07	1.583713e-06	1.527275e-06	5494
578414	-7.159134e-07	1.583718e-06	1.511849e-06	1141
770275	-7.474043e-07	1.583733e-06	1.527168e-06	5494
570158	-7.160880e-07	1.583737e-06	1.511747e-06	1141
762019	-7.475812e-07	1.583753e-06	1.527061e-06	5494
561902	-7.162626e-07	1.583756e-06	1.511644e-06	1141
753763	-7.477580e-07	1.583772e-06	1.526954e-06	5494
553646	-7.164372e-07	1.583775e-06	1.511542e-06	1141
745507	-7.479347e-07	1.583792e-06	1.526847e-06	5494
545390	-7.166118e-07	1.583794e-06	1.511439e-06	1141
737251	-7.481115e-07	1.583812e-06	1.526740e-06	5494
537134	-7.167864e-07	1.583813e-06	1.511336e-06	1141
728995	-7.482882e-07	1.583832e-06	1.526633e-06	5494
528878	-7.169609e-07	1.583832e-06	1.511234e-06	1141
520622	-7.171354e-07	1.583851e-06	1.511131e-06	1141
720739	-7.484650e-07	1.583852e-06	1.526525e-06	5494
512366	-7.173099e-07	1.583870e-06	1.511028e-06	1141
712483	-7.486417e-07	1.583871e-06	1.526418e-06	5494
504110	-7.174844e-07	1.583889e-06	1.510926e-06	1141
704227	-7.488184e-07	1.583891e-06	1.526311e-06	5494
495854	-7.176588e-07	1.583908e-06	1.510823e-06	1141
695971	-7.489951e-07	1.583911e-06	1.526204e-06	5494
487598	-7.178334e-07	1.583927e-06	1.510720e-06	1141
687715	-7.491717e-07	1.583931e-06	1.526097e-06	5494
479342	-7.180078e-07	1.583946e-06	1.510617e-06	1141
679459	-7.493484e-07	1.583951e-06	1.525989e-06	5494
471086	-7.181822e-07	1.583965e-06	1.510514e-06	1141
671203	-7.495250e-07	1.583970e-06	1.525882e-06	5494
462830	-7.183566e-07	1.583984e-06	1.510412e-06	1141
662947	-7.497017e-07	1.583990e-06	1.525775e-06	5494
454574	-7.185311e-07	1.584003e-06	1.510309e-06	1141
654691	-7.498783e-07	1.584010e-06	1.525667e-06	5494
446318	-7.187054e-07	1.584022e-06	1.510206e-06	1141
646435	-7.500548e-07	1.584030e-06	1.525560e-06	5494
438062	-7.188798e-07	1.584041e-06	1.510103e-06	1141
638179	-7.502314e-07	1.584050e-06	1.525452e-06	5494
429806	-7.190541e-07	1.584060e-06	1.510000e-06	1141
629923	-7.504079e-07	1.584070e-06	1.525345e-06	5494
421550	-7.192285e-07	1.584079e-06	1.509897e-06	1141
621667	-7.505845e-07	1.584089e-06	1.525237e-06	5494
413294	-7.194028e-07	1.584098e-06	1.509794e-06	1141
613411	-7.507610e-07	1.584109e-06	1.525130e-06	5494
405038	-7.195771e-07	1.584117e-06	1.509691e-06	1141
605155	-7.509375e-07	1.584129e-06	1.525022e-06	5494
396782	-7.197514e-07	1.584136e-06	1.509588e-06	1141
596899	-7.511140e-07	1.584149e-06	1.524915e-06	5494
388526	-7.199257e-07	1.584155e-06	1.509485e-06	1141
588643	-7.512905e-07	1.584169e-06	1.524807e-06	5494
380270	-7.200999e-07	1.584174e-06	1.509382e-06	1141
580387	-7.514669e-07	1.584189e-06	1.524700e-06	5494
372014	-7.202742e-07	1.584193e-06	1.509279e-06	1141
572131	-7.516434e-07	1.584209e-06	1.524592e-06	5494
363758	-7.204484e-07	1.584212e-06	1.509175e-06	1141
563875	-7.518198e-07	1.584229e-06	1.524484e-06	5494
355502	-7.206227e-07	1.584231e-06	1.509072e-06	1141
555619	-7.519963e-07	1.584248e-06	1.524377e-06	5494
347246	-7.207968e-07	1.584250e-06	1.508969e-06	1141
547363	-7.521726e-07	1.584268e-06	1.524269e-06	5494
338990	-7.209711e-07	1.584269e-06	1.508866e-06	1141
539107	-7.523490e-07	1.584288e-06	1.524161e-06	5494
330734	-7.211452e-07	1.584288e-06	1.508763e-06	1141
322478	-7.213194e-07	1.584307e-06	1.508659e-06	1141
530851	-7.525254e-07	1.584308e-06	1.524054e-06	5494
314222	-7.214935e-07	1.584327e-06	1.508556e-06	1141
522595	-7.527017e-07	1.584328e-06	1.523946e-06	5494
305966	-7.216676e-07	1.584346e-06	1.508453e-06	1141
514339	-7.528781e-07	1.584348e-06	1.523838e-06	5494
297710	-7.218417e-07	1.584365e-06	1.508349e-06	1141
506083	-7.530544e-07	1.584368e-06	1.523730e-06	5494
289454	-7.220158e-07	1.584384e-06	1.508246e-06	1141
497827	-7.532307e-07	1.584388e-06	1.523622e-06	5494
281198	-7.221899e-07	1.584403e-06	1.508143e-06	1141
489571	-7.534069e-07	1.584408e-06	1.523514e-06	5494
272942	-7.223640e-07	1.584422e-06	1.508039e-06	1141
481315	-7.535832e-07	1.584428e-06	1.523406e-06	5494
264686	-7.225381e-07	1.584441e-06	1.507936e-06	1141
473059	-7.537595e-07	1.584448e-06	1.523299e-06	5494
256430	-7.227121e-07	1.584460e-06	1.507832e-06	1141
464803	-7.539357e-07	1.584467e-06	1.523191e-06	5494
248174	-7.228861e-07	1.584479e-06	1.507729e-06	1141
456547	-7.541120e-07	1.584487e-06	1.523083e-06	5494
239918	-7.230601e-07	1.584498e-06	1.507625e-06	1141
448291	-7.542881e-07	1.584507e-06	1.522975e-06	5494
231662	-7.232341e-07	1.584518e-06	1.507522e-06	1141
440035	-7.544643e-07	1.584527e-06	1.522867e-06	5494
223406	-7.234080e-07	1.584537e-06	1.507418e-06	1141
431779	-7.546405e-07	1.584547e-06	1.522759e-06	5494
215150	-7.235820e-07	1.584556e-06	1.507314e-06	1141
423523	-7.548167e-07	1.584567e-06	1.522650e-06	5494
206894	-7.237559e-07	1.584575e-06	1.507211e-06	1141
415267	-7.549928e-07	1.584587e-06	1.522542e-06	5494
198638	-7.239299e-07	1.584594e-06	1.507107e-06	1141
407011	-7.551689e-07	1.584607e-06	1.522434e-06	5494
190382	-7.241038e-07	1.584613e-06	1.507003e-06	1141
398755	-7.553450e-07	1.584627e-06	1.522326e-06	5494
182126	-7.242777e-07	1.584632e-06	1.506900e-06	1141
390499	-7.555211e-07	1.584647e-06	1.522218e-06	5494
173870	-7.244516e-07	1.584651e-06	1.506796e-06	1141
382243	-7.556972e-07	1.584667e-06	1.522110e-06	5494
165614	-7.246254e-07	1.584671e-06	1.506692e-06	1141
373987	-7.558733e-07	1.584687e-06	1.522001e-06	5494
157358	-7.247993e-07	1.584690e-06	1.506588e-06	1141
365731	-7.560493e-07	1.584707e-06	1.521893e-06	5494
149102	-7.249731e-07	1.584709e-06	1.506485e-06	1141
357475	-7.562253e-07	1.584727e-06	1.521785e-06	5494
140846	-7.251469e-07	1.584728e-06	1.506381e-06	1141
349219	-7.564013e-07	1.584747e-06	1.521676e-06	5494
132590	-7.253207e-07	1.584747e-06	1.506277e-06	1141
124334	-7.254945e-07	1.584767e-06	1.506173e-06	1141
340963	-7.565773e-07	1.584767e-06	1.521568e-06	5494
116078	-7.256683e-07	1.584786e-06	1.506069e-06	1141
332707	-7.567533e-07	1.584787e-06	1.521460e-06	5494
107822	-7.258420e-07	1.584805e-06	1.505965e-06	1141
324451	-7.569293e-07	1.584807e-06	1.521351e-06	5494
99566	-7.260158e-07	1.584824e-06	1.505861e-06	1141
316195	-7.571052e-07	1.584827e-06	1.521243e-06	5494
91310	-7.261895e-07	1.584843e-06	1.505757e-06	1141
307939	-7.572812e-07	1.584847e-06	1.521135e-06	5494
83054	-7.263632e-07	1.584863e-06	1.505653e-06	1141
299683	-7.574571e-07	1.584867e-06	1.521026e-06	5494
74798	-7.265369e-07	1.584882e-06	1.505549e-06	1141
291427	-7.576330e-07	1.584887e-06	1.520918e-06	5494
66542	-7.267106e-07	1.584901e-06	1.505445e-06	1141
283171	-7.578088e-07	1.584907e-06	1.520809e-06	5494
58286	-7.268843e-07	1.584920e-06	1.505341e-06	1141
274915	-7.579847e-07	1.584927e-06	1.520701e-06	5494
50030	-7.270579e-07	1.584939e-06	1.505237e-06	1141
266659	-7.581606e-07	1.584947e-06	1.520592e-06	5494
41774	-7.272316e-07	1.584959e-06	1.505133e-06	1141
258403	-7.583364e-07	1.584967e-06	1.520483e-06	5494
33518	-7.274052e-07	1.584978e-06	1.505029e-06	1141
250147	-7.585122e-07	1.584987e-06	1.520375e-06	5494
25262	-7.275788e-07	1.584997e-06	1.504925e-06	1141
241891	-7.586880e-07	1.585008e-06	1.520266e-06	5494
17006	-7.277524e-07	1.585016e-06	1.504820e-06	1141
233635	-7.588638e-07	1.585028e-06	1.520158e-06	5494
8750	-7.279259e-07	1.585036e-06	1.504716e-06	1141
225379	-7.590396e-07	1.585048e-06	1.520049e-06	5494
494	-7.280995e-07	1.585055e-06	1.504612e-06	1141
217123	-7.592154e-07	1.585068e-06	1.519940e-06	5494
208867	-7.593911e-07	1.585088e-06	1.519831e-06	5494
200611	-7.595668e-07	1.585108e-06	1.519723e-06	5494
192355	-7.597425e-07	1.585128e-06	1.519614e-06	5494
184099	-7.599182e-07	1.585148e-06	1.519505e-06	5494
175843	-7.600939e-07	1.585168e-06	1.519396e-06	5494
167587	-7.602695e-07	1.585188e-06	1.519287e-06	5494
159331	-7.604452e-07	1.585208e-06	1.519178e-06	5494
151075	-7.606208e-07	1.585229e-06	1.519070e-06	5494
142819	-7.607964e-07	1.585249e-06	1.518961e-06	5494
134563	-7.609720e-07	1.585269e-06	1.518852e-06	5494
126307	-7.611476e-07	1.585289e-06	1.518743e-06	5494
118051	-7.613231e-07	1.585309e-06	1.518634e-06	5494
109795	-7.614987e-07	1.585329e-06	1.518525e-06	5494
101539	-7.616742e-07	1.585349e-06	1.518416e-06	5494
93283	-7.618497e-07	1.585370e-06	1.518306e-06	5494
85027	-7.620252e-07	1.585390e-06	1.518197e-06	5494
76771	-7.622007e-07	1.585410e-06	1.518088e-06	5494
68515	-7.623761e-07	1.585430e-06	1.517979e-06	5494
60259	-7.625516e-07	1.585450e-06	1.517870e-06	5494
52003	-7.627270e-07	1.585470e-06	1.517761e-06	5494
43747	-7.629025e-07	1.585491e-06	1.517651e-06	5494
35491	-7.630779e-07	1.585511e-06	1.517542e-06	5494
27235	-7.632532e-07	1.585531e-06	1.517433e-06	5494
18979	-7.634286e-07	1.585551e-06	1.517323e-06	5494
10723	-7.636040e-07	1.585571e-06	1.517214e-06	5494
2467	-7.637793e-07	1.585591e-06	1.517105e-06	5494
1150157	-6.760371e-07	1.586697e-06	1.511994e-06	5749
1141901	-6.762116e-07	1.586715e-06	1.511897e-06	5749
1133645	-6.763862e-07	1.586733e-06	1.511800e-06	5749
1125389	-6.765607e-07	1.586751e-06	1.511703e-06	5749
1117133	-6.767352e-07	1.586769e-06	1.511606e-06	5749
1108877	-6.769097e-07	1.586786e-06	1.511509e-06	5749
1100621	-6.770842e-07	1.586804e-06	1.511412e-06	5749
1092365	-6.772586e-07	1.586822e-06	1.511315e-06	5749
1084109	-6.774331e-07	1.586840e-06	1.511218e-06	5749
1075853	-6.776075e-07	1.586858e-06	1.511121e-06	5749
1067597	-6.777820e-07	1.586876e-06	1.511024e-06	5749
1059341	-6.779564e-07	1.586894e-06	1.510927e-06	5749
1051085	-6.781308e-07	1.586912e-06	1.510830e-06	5749
1042829	-6.783052e-07	1.586930e-06	1.510733e-06	5749
1034573	-6.784795e-07	1.586948e-06	1.510636e-06	5749
1026317	-6.786539e-07	1.586966e-06	1.510539e-06	5749
1018061	-6.788283e-07	1.586984e-06	1.510442e-06	5749
1009805	-6.790025e-07	1.587001e-06	1.510344e-06	5749
1001549	-6.791769e-07	1.587019e-06	1.510247e-06	5749
993293	-6.793512e-07	1.587037e-06	1.510150e-06	5749
985037	-6.795254e-07	1.587055e-06	1.510053e-06	5749
976781	-6.796997e-07	1.587073e-06	1.509955e-06	5749
968525	-6.798739e-07	1.587091e-06	1.509858e-06	5749
960269	-6.800482e-07	1.587109e-06	1.509761e-06	5749
952013	-6.802225e-07	1.587127e-06	1.509663e-06	5749
943757	-6.803966e-07	1.587145e-06	1.509566e-06	5749
935501	-6.805708e-07	1.587163e-06	1.509468e-06	5749
927245	-6.807450e-07	1.587181e-06	1.509371e-06	5749
918989	-6.809192e-07	1.587199e-06	1.509273e-06	5749
910733	-6.810934e-07	1.587217e-06	1.509176e-06	5749
902477	-6.812675e-07	1.587235e-06	1.509078e-06	5749
894221	-6.814416e-07	1.587253e-06	1.508981e-06	5749
885965	-6.816157e-07	1.587271e-06	1.508883e-06	5749
877709	-6.817898e-07	1.587289e-06	1.508786e-06	5749
869453	-6.819639e-07	1.587307e-06	1.508688e-06	5749
861197	-6.821380e-07	1.587325e-06	1.508590e-06	5749
852941	-6.823120e-07	1.587343e-06	1.508493e-06	5749
844685	-6.824860e-07	1.587361e-06	1.508395e-06	5749
836429	-6.826601e-07	1.587379e-06	1.508297e-06	5749
828173	-6.828341e-07	1.587397e-06	1.508199e-06	5749
819917	-6.830081e-07	1.587415e-06	1.508102e-06	5749
811661	-6.831821e-07	1.587434e-06	1.508004e-06	5749
803405	-6.833560e-07	1.587451e-06	1.507906e-06	5749
795149	-6.835299e-07	1.587470e-06	1.507808e-06	5749
786893	-6.837039e-07	1.587488e-06	1.507710e-06	5749
778637	-6.838778e-07	1.587506e-06	1.507612e-06	5749
770381	-6.840517e-07	1.587524e-06	1.507514e-06	5749
762125	-6.842256e-07	1.587542e-06	1.507416e-06	5749
753869	-6.843995e-07	1.587560e-06	1.507318e-06	5749
745613	-6.845734e-07	1.587578e-06	1.507220e-06	5749
737357	-6.847472e-07	1.587596e-06	1.507122e-06	5749
729101	-6.849210e-07	1.587614e-06	1.507024e-06	5749
720845	-6.850948e-07	1.587632e-06	1.506926e-06	5749
712589	-6.852687e-07	1.587650e-06	1.506828e-06	5749
704333	-6.854424e-07	1.587669e-06	1.506730e-06	5749
696077	-6.856162e-07	1.587687e-06	1.506632e-06	5749
687821	-6.857900e-07	1.587705e-06	1.506534e-06	5749
679565	-6.859638e-07	1.587723e-06	1.506435e-06	5749
671309	-6.861375e-07	1.587741e-06	1.506337e-06	5749
663053	-6.863112e-07	1.587759e-06	1.506239e-06	5749
654797	-6.864849e-07	1.587777e-06	1.506141e-06	5749
646541	-6.866586e-07	1.587796e-06	1.506042e-06	5749
638285	-6.868323e-07	1.587814e-06	1.505944e-06	5749
630029	-6.870059e-07	1.587832e-06	1.505846e-06	5749
621773	-6.871795e-07	1.587850e-06	1.505747e-06	5749
613517	-6.873532e-07	1.587868e-06	1.505649e-06	5749
605261	-6.875268e-07	1.587886e-06	1.505550e-06	5749
597005	-6.877004e-07	1.587905e-06	1.505452e-06	5749
588749	-6.878740e-07	1.587923e-06	1.505353e-06	5749
580493	-6.880476e-07	1.587941e-06	1.505255e-06	5749
572237	-6.882211e-07	1.587959e-06	1.505156e-06	5749
563981	-6.883947e-07	1.587977e-06	1.505058e-06	5749
555725	-6.885682e-07	1.587995e-06	1.504959e-06	5749
547469	-6.887417e-07	1.588014e-06	1.504861e-06	5749
539213	-6.889152e-07	1.588032e-06	1.504762e-06	5749
530957	-6.890887e-07	1.588050e-06	1.504663e-06	5749
522701	-6.892622e-07	1.588068e-06	1.504565e-06	5749
514445	-6.894356e-07	1.588087e-06	1.504466e-06	5749
506189	-6.896090e-07	1.588105e-06	1.504367e-06	5749
497933	-6.897824e-07	1.588123e-06	1.504269e-06	5749
489677	-6.899559e-07	1.588141e-06	1.504170e-06	5749
481421	-6.901292e-07	1.588159e-06	1.504071e-06	5749
473165	-6.903027e-07	1.588178e-06	1.503972e-06	5749
464909	-6.904760e-07	1.588196e-06	1.503873e-06	5749
456653	-6.906494e-07	1.588214e-06	1.503774e-06	5749
448397	-6.908227e-07	1.588233e-06	1.503675e-06	5749
440141	-6.909960e-07	1.588251e-06	1.503577e-06	5749
431885	-6.911694e-07	1.588269e-06	1.503478e-06	5749
423629	-6.913426e-07	1.588287e-06	1.503379e-06	5749
415373	-6.915159e-07	1.588306e-06	1.503280e-06	5749
407117	-6.916892e-07	1.588324e-06	1.503181e-06	5749
398861	-6.918624e-07	1.588342e-06	1.503081e-06	5749
390605	-6.920357e-07	1.588360e-06	1.502982e-06	5749
382349	-6.922089e-07	1.588379e-06	1.502883e-06	5749
374093	-6.923821e-07	1.588397e-06	1.502784e-06	5749
365837	-6.925553e-07	1.588415e-06	1.502685e-06	5749
357581	-6.927285e-07	1.588434e-06	1.502586e-06	5749
349325	-6.929016e-07	1.588452e-06	1.502487e-06	5749
341069	-6.930748e-07	1.588470e-06	1.502387e-06	5749
332813	-6.932479e-07	1.588489e-06	1.502288e-06	5749
324557	-6.934210e-07	1.588507e-06	1.502189e-06	5749
316301	-6.935941e-07	1.588525e-06	1.502090e-06	5749
308045	-6.937672e-07	1.588544e-06	1.501990e-06	5749
299789	-6.939403e-07	1.588562e-06	1.501891e-06	5749
291533	-6.941133e-07	1.588580e-06	1.501792e-06	5749
283277	-6.942864e-07	1.588599e-06	1.501692e-06	5749
275021	-6.944594e-07	1.588617e-06	1.501593e-06	5749
266765	-6.946324e-07	1.588635e-06	1.501493e-06	5749
258509	-6.948054e-07	1.588654e-06	1.501394e-06	5749
250253	-6.949784e-07	1.588672e-06	1.501294e-06	5749
241997	-6.951514e-07	1.588690e-06	1.501195e-06	5749
233741	-6.953243e-07	1.588709e-06	1.501095e-06	5749
225485	-6.954972e-07	1.588727e-06	1.500995e-06	5749
217229	-6.956702e-07	1.588746e-06	1.500896e-06	5749
208973	-6.958431e-07	1.588764e-06	1.500796e-06	5749
200717	-6.960160e-07	1.588782e-06	1.500697e-06	5749
192461	-6.961889e-07	1.588801e-06	1.500597e-06	5749
184205	-6.963617e-07	1.588819e-06	1.500497e-06	5749
175949	-6.965346e-07	1.588838e-06	1.500398e-06	5749
167693	-6.967074e-07	1.588856e-06	1.500298e-06	5749
159437	-6.968802e-07	1.588874e-06	1.500198e-06	5749
151181	-6.970531e-07	1.588893e-06	1.500098e-06	5749
142925	-6.972259e-07	1.588911e-06	1.499998e-06	5749
134669	-6.973986e-07	1.588930e-06	1.499899e-06	5749
126413	-6.975714e-07	1.588948e-06	1.499799e-06	5749
118157	-6.977441e-07	1.588967e-06	1.499699e-06	5749
109901	-6.979168e-07	1.588985e-06	1.499599e-06	5749
101645	-6.980896e-07	1.589004e-06	1.499499e-06	5749
93389	-6.982623e-07	1.589022e-06	1.499399e-06	5749
85133	-6.984350e-07	1.589040e-06	1.499299e-06	5749
76877	-6.986076e-07	1.589059e-06	1.499199e-06	5749
68621	-6.987803e-07	1.589077e-06	1.499099e-06	5749
60365	-6.989529e-07	1.589096e-06	1.498999e-06	5749
52109	-6.991256e-07	1.589114e-06	1.498899e-06	5749
43853	-6.992982e-07	1.589133e-06	1.498799e-06	5749
35597	-6.994708e-07	1.589151e-06	1.498698e-06	5749
27341	-6.996434e-07	1.589170e-06	1.498598e-06	5749
19085	-6.998159e-07	1.589188e-06	1.498498e-06	5749
10829	-6.999885e-07	1.589207e-06	1.498398e-06	5749
2573	-7.001610e-07	1.589225e-06	1.498298e-06	5749
1147700	-9.263157e-07	1.589242e-06	1.604225e-06	373
1139444	-9.265034e-07	1.589267e-06	1.604092e-06	373
1131188	-9.266911e-07	1.589291e-06	1.603959e-06	373
1122932	-9.268788e-07	1.589316e-06	1.603826e-06	373
1114676	-9.270664e-07	1.589340e-06	1.603694e-06	373
1106420	-9.272541e-07	1.589365e-06	1.603561e-06	373
1098164	-9.274417e-07	1.589390e-06	1.603428e-06	373
1089908	-9.276293e-07	1.589414e-06	1.603295e-06	373
1081652	-9.278169e-07	1.589439e-06	1.603162e-06	373
1073396	-9.280044e-07	1.589463e-06	1.603029e-06	373
1065140	-9.281919e-07	1.589488e-06	1.602896e-06	373
1056884	-9.283794e-07	1.589512e-06	1.602764e-06	373
1048628	-9.285669e-07	1.589537e-06	1.602631e-06	373
1040372	-9.287544e-07	1.589561e-06	1.602497e-06	373
1032116	-9.289419e-07	1.589586e-06	1.602364e-06	373
1023860	-9.291293e-07	1.589611e-06	1.602231e-06	373
1015604	-9.293167e-07	1.589635e-06	1.602098e-06	373
1007348	-9.295041e-07	1.589660e-06	1.601965e-06	373
999092	-9.296915e-07	1.589684e-06	1.601832e-06	373
990836	-9.298789e-07	1.589709e-06	1.601699e-06	373
982580	-9.300662e-07	1.589734e-06	1.601566e-06	373
974324	-9.302535e-07	1.589758e-06	1.601432e-06	373
966068	-9.304408e-07	1.589783e-06	1.601299e-06	373
957812	-9.306281e-07	1.589808e-06	1.601166e-06	373
949556	-9.308153e-07	1.589832e-06	1.601032e-06	373
941300	-9.310025e-07	1.589857e-06	1.600899e-06	373
933044	-9.311898e-07	1.589882e-06	1.600766e-06	373
924788	-9.313770e-07	1.589906e-06	1.600632e-06	373
916532	-9.315642e-07	1.589931e-06	1.600499e-06	373
908276	-9.317513e-07	1.589955e-06	1.600365e-06	373
900020	-9.319385e-07	1.589980e-06	1.600232e-06	373
891764	-9.321256e-07	1.590005e-06	1.600098e-06	373
883508	-9.323127e-07	1.590029e-06	1.599965e-06	373
875252	-9.324997e-07	1.590054e-06	1.599831e-06	373
866996	-9.326868e-07	1.590079e-06	1.599698e-06	373
858740	-9.328738e-07	1.590104e-06	1.599564e-06	373
850484	-9.330608e-07	1.590128e-06	1.599431e-06	373
842228	-9.332479e-07	1.590153e-06	1.599297e-06	373
833972	-9.334349e-07	1.590178e-06	1.599163e-06	373
825716	-9.336218e-07	1.590202e-06	1.599029e-06	373
817460	-9.338087e-07	1.590227e-06	1.598896e-06	373
809204	-9.339957e-07	1.590252e-06	1.598762e-06	373
800948	-9.341826e-07	1.590277e-06	1.598628e-06	373
792692	-9.343694e-07	1.590301e-06	1.598494e-06	373
784436	-9.345563e-07	1.590326e-06	1.598360e-06	373
776180	-9.347432e-07	1.590351e-06	1.598227e-06	373
767924	-9.349300e-07	1.590376e-06	1.598093e-06	373
759668	-9.351168e-07	1.590400e-06	1.597959e-06	373
751412	-9.353035e-07	1.590425e-06	1.597825e-06	373
743156	-9.354903e-07	1.590450e-06	1.597691e-06	373
734900	-9.356771e-07	1.590475e-06	1.597557e-06	373
726644	-9.358638e-07	1.590499e-06	1.597423e-06	373
718388	-9.360505e-07	1.590524e-06	1.597289e-06	373
710132	-9.362371e-07	1.590549e-06	1.597155e-06	373
701876	-9.364238e-07	1.590574e-06	1.597020e-06	373
693620	-9.366105e-07	1.590598e-06	1.596886e-06	373
685364	-9.367971e-07	1.590623e-06	1.596752e-06	373
677108	-9.369837e-07	1.590648e-06	1.596618e-06	373
668852	-9.371703e-07	1.590673e-06	1.596484e-06	373
660596	-9.373568e-07	1.590698e-06	1.596349e-06	373
652340	-9.375434e-07	1.590723e-06	1.596215e-06	373
644084	-9.377299e-07	1.590747e-06	1.596081e-06	373
635828	-9.379164e-07	1.590772e-06	1.595946e-06	373
627572	-9.381029e-07	1.590797e-06	1.595812e-06	373
619316	-9.382894e-07	1.590822e-06	1.595678e-06	373
611060	-9.384758e-07	1.590847e-06	1.595543e-06	373
602804	-9.386623e-07	1.590872e-06	1.595409e-06	373
594548	-9.388486e-07	1.590896e-06	1.595274e-06	373
586292	-9.390350e-07	1.590921e-06	1.595140e-06	373
578036	-9.392214e-07	1.590946e-06	1.595005e-06	373
569780	-9.394077e-07	1.590971e-06	1.594871e-06	373
561524	-9.395940e-07	1.590996e-06	1.594736e-06	373
553268	-9.397804e-07	1.591021e-06	1.594602e-06	373
545012	-9.399666e-07	1.591046e-06	1.594467e-06	373
536756	-9.401529e-07	1.591070e-06	1.594332e-06	373
528500	-9.403391e-07	1.591095e-06	1.594198e-06	373
520244	-9.405254e-07	1.591120e-06	1.594063e-06	373
511988	-9.407116e-07	1.591145e-06	1.593928e-06	373
503732	-9.408977e-07	1.591170e-06	1.593793e-06	373
495476	-9.410839e-07	1.591195e-06	1.593659e-06	373
487220	-9.412701e-07	1.591220e-06	1.593524e-06	373
478964	-9.414562e-07	1.591245e-06	1.593389e-06	373
470708	-9.416423e-07	1.591270e-06	1.593254e-06	373
462452	-9.418284e-07	1.591295e-06	1.593119e-06	373
454196	-9.420144e-07	1.591320e-06	1.592984e-06	373
445940	-9.422005e-07	1.591345e-06	1.592849e-06	373
437684	-9.423865e-07	1.591370e-06	1.592714e-06	373
429428	-9.425725e-07	1.591394e-06	1.592579e-06	373
421172	-9.427585e-07	1.591420e-06	1.592444e-06	373
412916	-9.429444e-07	1.591445e-06	1.592309e-06	373
404660	-9.431304e-07	1.591469e-06	1.592174e-06	373
396404	-9.433163e-07	1.591494e-06	1.592039e-06	373
388148	-9.435022e-07	1.591519e-06	1.591904e-06	373
379892	-9.436881e-07	1.591544e-06	1.591769e-06	373
371636	-9.438739e-07	1.591569e-06	1.591634e-06	373
363380	-9.440598e-07	1.591594e-06	1.591498e-06	373
355124	-9.442456e-07	1.591619e-06	1.591363e-06	373
346868	-9.444315e-07	1.591644e-06	1.591228e-06	373
338612	-9.446172e-07	1.591669e-06	1.591093e-06	373
330356	-9.448030e-07	1.591694e-06	1.590957e-06	373
322100	-9.449887e-07	1.591719e-06	1.590822e-06	373
313844	-9.451745e-07	1.591744e-06	1.590686e-06	373
305588	-9.453602e-07	1.591769e-06	1.590551e-06	373
297332	-9.455458e-07	1.591794e-06	1.590416e-06	373
289076	-9.457315e-07	1.591819e-06	1.590280e-06	373
280820	-9.459171e-07	1.591845e-06	1.590145e-06	373
272564	-9.461028e-07	1.591870e-06	1.590009e-06	373
264308	-9.462884e-07	1.591895e-06	1.589874e-06	373
256052	-9.464740e-07	1.591920e-06	1.589738e-06	373
247796	-9.466595e-07	1.591945e-06	1.589603e-06	373
239540	-9.468450e-07	1.591970e-06	1.589467e-06	373
231284	-9.470306e-07	1.591995e-06	1.589331e-06	373
223028	-9.472161e-07	1.592020e-06	1.589196e-06	373
214772	-9.474015e-07	1.592045e-06	1.589060e-06	373
206516	-9.475870e-07	1.592070e-06	1.588924e-06	373
198260	-9.477724e-07	1.592095e-06	1.588788e-06	373
190004	-9.479579e-07	1.592120e-06	1.588653e-06	373
181748	-9.481433e-07	1.592145e-06	1.588517e-06	373
173492	-9.483286e-07	1.592171e-06	1.588381e-06	373
165236	-9.485140e-07	1.592196e-06	1.588245e-06	373
156980	-9.486994e-07	1.592221e-06	1.588109e-06	373
148724	-9.488847e-07	1.592246e-06	1.587973e-06	373
140468	-9.490700e-07	1.592271e-06	1.587837e-06	373
132212	-9.492553e-07	1.592296e-06	1.587701e-06	373
123956	-9.494405e-07	1.592321e-06	1.587566e-06	373
115700	-9.496258e-07	1.592346e-06	1.587429e-06	373
107444	-9.498110e-07	1.592372e-06	1.587293e-06	373
99188	-9.499962e-07	1.592397e-06	1.587157e-06	373
90932	-9.501813e-07	1.592422e-06	1.587021e-06	373
82676	-9.503665e-07	1.592447e-06	1.586885e-06	373
74420	-9.505517e-07	1.592472e-06	1.586749e-06	373
66164	-9.507368e-07	1.592497e-06	1.586613e-06	373
57908	-9.509219e-07	1.592523e-06	1.586477e-06	373
49652	-9.511070e-07	1.592548e-06	1.586340e-06	373
41396	-9.512920e-07	1.592573e-06	1.586204e-06	373
33140	-9.514770e-07	1.592598e-06	1.586068e-06	373
24884	-9.516621e-07	1.592623e-06	1.585931e-06	373
16628	-9.518471e-07	1.592648e-06	1.585795e-06	373
8372	-9.520321e-07	1.592674e-06	1.585659e-06	373
116	-9.522170e-07	1.592699e-06	1.585522e-06	373
1150263	-6.423568e-07	1.600174e-06	1.509992e-06	6005
1142007	-6.425308e-07	1.600191e-06	1.509900e-06	6005
1133751	-6.427047e-07	1.600208e-06	1.509808e-06	6005
1125495	-6.428785e-07	1.600225e-06	1.509716e-06	6005
1117239	-6.430524e-07	1.600242e-06	1.509624e-06	6005
1108983	-6.432263e-07	1.600259e-06	1.509532e-06	6005
1100727	-6.434001e-07	1.600276e-06	1.509440e-06	6005
1092471	-6.435740e-07	1.600293e-06	1.509348e-06	6005
1084215	-6.437477e-07	1.600310e-06	1.509256e-06	6005
1075959	-6.439216e-07	1.600327e-06	1.509163e-06	6005
1067703	-6.440953e-07	1.600344e-06	1.509071e-06	6005
1059447	-6.442691e-07	1.600361e-06	1.508979e-06	6005
1051191	-6.444429e-07	1.600378e-06	1.508887e-06	6005
1042935	-6.446166e-07	1.600395e-06	1.508794e-06	6005
1034679	-6.447904e-07	1.600412e-06	1.508702e-06	6005
1026423	-6.449641e-07	1.600429e-06	1.508610e-06	6005
1148079	-7.796557e-07	1.600443e-06	1.560988e-06	1142
1018167	-6.451378e-07	1.600446e-06	1.508517e-06	6005
1009911	-6.453115e-07	1.600463e-06	1.508425e-06	6005
1139823	-7.798370e-07	1.600464e-06	1.560876e-06	1142
1001655	-6.454852e-07	1.600480e-06	1.508333e-06	6005
1131567	-7.800182e-07	1.600485e-06	1.560765e-06	1142
993399	-6.456588e-07	1.600497e-06	1.508240e-06	6005
1123311	-7.801993e-07	1.600505e-06	1.560653e-06	1142
985143	-6.458325e-07	1.600514e-06	1.508148e-06	6005
1115055	-7.803805e-07	1.600526e-06	1.560541e-06	1142
976887	-6.460061e-07	1.600531e-06	1.508055e-06	6005
1106799	-7.805617e-07	1.600547e-06	1.560429e-06	1142
968631	-6.461797e-07	1.600548e-06	1.507963e-06	6005
960375	-6.463533e-07	1.600565e-06	1.507870e-06	6005
1098543	-7.807428e-07	1.600567e-06	1.560318e-06	1142
952119	-6.465269e-07	1.600583e-06	1.507778e-06	6005
1090287	-7.809239e-07	1.600588e-06	1.560206e-06	1142
943863	-6.467005e-07	1.600600e-06	1.507685e-06	6005
1082031	-7.811050e-07	1.600608e-06	1.560094e-06	1142
935607	-6.468741e-07	1.600617e-06	1.507593e-06	6005
1073775	-7.812861e-07	1.600629e-06	1.559982e-06	1142
927351	-6.470477e-07	1.600634e-06	1.507500e-06	6005
1065519	-7.814672e-07	1.600650e-06	1.559870e-06	1142
919095	-6.472212e-07	1.600651e-06	1.507407e-06	6005
910839	-6.473947e-07	1.600668e-06	1.507315e-06	6005
1057263	-7.816482e-07	1.600671e-06	1.559758e-06	1142
902583	-6.475682e-07	1.600685e-06	1.507222e-06	6005
1049007	-7.818292e-07	1.600691e-06	1.559646e-06	1142
894327	-6.477417e-07	1.600702e-06	1.507129e-06	6005
1040751	-7.820103e-07	1.600712e-06	1.559534e-06	1142
886071	-6.479152e-07	1.600719e-06	1.507036e-06	6005
1032495	-7.821913e-07	1.600733e-06	1.559422e-06	1142
877815	-6.480887e-07	1.600736e-06	1.506944e-06	6005
1024239	-7.823722e-07	1.600753e-06	1.559310e-06	1142
869559	-6.482621e-07	1.600754e-06	1.506851e-06	6005
861303	-6.484356e-07	1.600771e-06	1.506758e-06	6005
1015983	-7.825532e-07	1.600774e-06	1.559198e-06	1142
853047	-6.486090e-07	1.600788e-06	1.506665e-06	6005
1147953	-7.314741e-07	1.600794e-06	1.543579e-06	885
1007727	-7.827342e-07	1.600795e-06	1.559086e-06	1142
844791	-6.487824e-07	1.600805e-06	1.506572e-06	6005
1139697	-7.316528e-07	1.600813e-06	1.543474e-06	885
999471	-7.829151e-07	1.600815e-06	1.558974e-06	1142
836535	-6.489558e-07	1.600822e-06	1.506479e-06	6005
1131441	-7.318315e-07	1.600833e-06	1.543370e-06	885
991215	-7.830960e-07	1.600836e-06	1.558862e-06	1142
828279	-6.491292e-07	1.600839e-06	1.506386e-06	6005
1123185	-7.320102e-07	1.600852e-06	1.543265e-06	885
820023	-6.493026e-07	1.600856e-06	1.506293e-06	6005
982959	-7.832769e-07	1.600857e-06	1.558750e-06	1142
1114929	-7.321888e-07	1.600872e-06	1.543160e-06	885
811767	-6.494760e-07	1.600874e-06	1.506200e-06	6005
974703	-7.834578e-07	1.600877e-06	1.558638e-06	1142
803511	-6.496493e-07	1.600891e-06	1.506107e-06	6005
1106673	-7.323675e-07	1.600891e-06	1.543055e-06	885
966447	-7.836387e-07	1.600898e-06	1.558525e-06	1142
795255	-6.498227e-07	1.600908e-06	1.506014e-06	6005
1098417	-7.325461e-07	1.600910e-06	1.542950e-06	885
958191	-7.838195e-07	1.600919e-06	1.558413e-06	1142
786999	-6.499960e-07	1.600925e-06	1.505921e-06	6005
1090161	-7.327247e-07	1.600930e-06	1.542845e-06	885
949935	-7.840003e-07	1.600940e-06	1.558301e-06	1142
778743	-6.501693e-07	1.600942e-06	1.505828e-06	6005
1081905	-7.329033e-07	1.600949e-06	1.542740e-06	885
770487	-6.503426e-07	1.600959e-06	1.505735e-06	6005
941679	-7.841812e-07	1.600960e-06	1.558189e-06	1142
1073649	-7.330819e-07	1.600968e-06	1.542635e-06	885
762231	-6.505159e-07	1.600977e-06	1.505642e-06	6005
933423	-7.843619e-07	1.600981e-06	1.558076e-06	1142
1065393	-7.332605e-07	1.600988e-06	1.542530e-06	885
753975	-6.506891e-07	1.600994e-06	1.505549e-06	6005
925167	-7.845427e-07	1.601002e-06	1.557964e-06	1142
1057137	-7.334390e-07	1.601007e-06	1.542425e-06	885
745719	-6.508624e-07	1.601011e-06	1.505456e-06	6005
916911	-7.847235e-07	1.601023e-06	1.557852e-06	1142
1048881	-7.336176e-07	1.601026e-06	1.542320e-06	885
737463	-6.510356e-07	1.601028e-06	1.505363e-06	6005
908655	-7.849042e-07	1.601043e-06	1.557739e-06	1142
729207	-6.512088e-07	1.601045e-06	1.505269e-06	6005
1040625	-7.337961e-07	1.601046e-06	1.542215e-06	885
720951	-6.513820e-07	1.601063e-06	1.505176e-06	6005
900399	-7.850850e-07	1.601064e-06	1.557627e-06	1142
1032369	-7.339746e-07	1.601065e-06	1.542110e-06	885
712695	-6.515552e-07	1.601080e-06	1.505083e-06	6005
1024113	-7.341531e-07	1.601085e-06	1.542005e-06	885
892143	-7.852657e-07	1.601085e-06	1.557514e-06	1142
704439	-6.517284e-07	1.601097e-06	1.504989e-06	6005
1015857	-7.343315e-07	1.601104e-06	1.541900e-06	885
883887	-7.854464e-07	1.601106e-06	1.557402e-06	1142
696183	-6.519016e-07	1.601114e-06	1.504896e-06	6005
1007601	-7.345100e-07	1.601124e-06	1.541795e-06	885
875631	-7.856271e-07	1.601127e-06	1.557289e-06	1142
687927	-6.520747e-07	1.601132e-06	1.504803e-06	6005
999345	-7.346885e-07	1.601143e-06	1.541690e-06	885
867375	-7.858077e-07	1.601147e-06	1.557177e-06	1142
679671	-6.522479e-07	1.601149e-06	1.504709e-06	6005
991089	-7.348669e-07	1.601162e-06	1.541584e-06	885
671415	-6.524210e-07	1.601166e-06	1.504616e-06	6005
859119	-7.859884e-07	1.601168e-06	1.557064e-06	1142
982833	-7.350453e-07	1.601182e-06	1.541479e-06	885
663159	-6.525941e-07	1.601183e-06	1.504523e-06	6005
850863	-7.861690e-07	1.601189e-06	1.556952e-06	1142
654903	-6.527672e-07	1.601200e-06	1.504429e-06	6005
974577	-7.352237e-07	1.601201e-06	1.541374e-06	885
842607	-7.863496e-07	1.601210e-06	1.556839e-06	1142
646647	-6.529403e-07	1.601218e-06	1.504336e-06	6005
966321	-7.354021e-07	1.601221e-06	1.541268e-06	885
834351	-7.865302e-07	1.601230e-06	1.556726e-06	1142
638391	-6.531134e-07	1.601235e-06	1.504242e-06	6005
958065	-7.355804e-07	1.601240e-06	1.541163e-06	885
826095	-7.867108e-07	1.601251e-06	1.556614e-06	1142
630135	-6.532865e-07	1.601252e-06	1.504149e-06	6005
949809	-7.357588e-07	1.601260e-06	1.541058e-06	885
621879	-6.534595e-07	1.601269e-06	1.504055e-06	6005
817839	-7.868914e-07	1.601272e-06	1.556501e-06	1142
941553	-7.359371e-07	1.601279e-06	1.540952e-06	885
613623	-6.536325e-07	1.601287e-06	1.503962e-06	6005
809583	-7.870719e-07	1.601293e-06	1.556388e-06	1142
933297	-7.361155e-07	1.601299e-06	1.540847e-06	885
605367	-6.538056e-07	1.601304e-06	1.503868e-06	6005
801327	-7.872525e-07	1.601314e-06	1.556276e-06	1142
925041	-7.362938e-07	1.601318e-06	1.540742e-06	885
597111	-6.539785e-07	1.601321e-06	1.503774e-06	6005
793071	-7.874330e-07	1.601335e-06	1.556163e-06	1142
916785	-7.364720e-07	1.601337e-06	1.540636e-06	885
588855	-6.541515e-07	1.601339e-06	1.503681e-06	6005
784815	-7.876135e-07	1.601355e-06	1.556050e-06	1142
580599	-6.543245e-07	1.601356e-06	1.503587e-06	6005
908529	-7.366503e-07	1.601357e-06	1.540531e-06	885
572343	-6.544975e-07	1.601373e-06	1.503493e-06	6005
776559	-7.877940e-07	1.601376e-06	1.555937e-06	1142
900273	-7.368286e-07	1.601376e-06	1.540425e-06	885
564087	-6.546704e-07	1.601390e-06	1.503400e-06	6005
892017	-7.370068e-07	1.601396e-06	1.540320e-06	885
768303	-7.879744e-07	1.601397e-06	1.555824e-06	1142
555831	-6.548433e-07	1.601408e-06	1.503306e-06	6005
883761	-7.371851e-07	1.601415e-06	1.540214e-06	885
760047	-7.881549e-07	1.601418e-06	1.555711e-06	1142
547575	-6.550163e-07	1.601425e-06	1.503212e-06	6005
875505	-7.373633e-07	1.601435e-06	1.540109e-06	885
751791	-7.883353e-07	1.601439e-06	1.555599e-06	1142
539319	-6.551892e-07	1.601442e-06	1.503118e-06	6005
867249	-7.375414e-07	1.601454e-06	1.540003e-06	885
531063	-6.553620e-07	1.601460e-06	1.503024e-06	6005
743535	-7.885157e-07	1.601460e-06	1.555486e-06	1142
858993	-7.377196e-07	1.601474e-06	1.539897e-06	885
522807	-6.555349e-07	1.601477e-06	1.502931e-06	6005
735279	-7.886961e-07	1.601480e-06	1.555373e-06	1142
850737	-7.378978e-07	1.601493e-06	1.539792e-06	885
514551	-6.557078e-07	1.601494e-06	1.502837e-06	6005
727023	-7.888765e-07	1.601501e-06	1.555260e-06	1142
506295	-6.558806e-07	1.601512e-06	1.502743e-06	6005
842481	-7.380759e-07	1.601513e-06	1.539686e-06	885
718767	-7.890569e-07	1.601522e-06	1.555147e-06	1142
498039	-6.560535e-07	1.601529e-06	1.502649e-06	6005
834225	-7.382541e-07	1.601532e-06	1.539580e-06	885
710511	-7.892372e-07	1.601543e-06	1.555034e-06	1142
489783	-6.562263e-07	1.601546e-06	1.502555e-06	6005
825969	-7.384322e-07	1.601552e-06	1.539475e-06	885
481527	-6.563991e-07	1.601564e-06	1.502461e-06	6005
702255	-7.894175e-07	1.601564e-06	1.554921e-06	1142
817713	-7.386103e-07	1.601572e-06	1.539369e-06	885
473271	-6.565719e-07	1.601581e-06	1.502367e-06	6005
693999	-7.895978e-07	1.601585e-06	1.554808e-06	1142
809457	-7.387884e-07	1.601591e-06	1.539263e-06	885
465015	-6.567447e-07	1.601598e-06	1.502273e-06	6005
685743	-7.897781e-07	1.601606e-06	1.554695e-06	1142
801201	-7.389664e-07	1.601611e-06	1.539157e-06	885
456759	-6.569175e-07	1.601616e-06	1.502179e-06	6005
677487	-7.899584e-07	1.601627e-06	1.554581e-06	1142
792945	-7.391445e-07	1.601630e-06	1.539051e-06	885
448503	-6.570902e-07	1.601633e-06	1.502085e-06	6005
669231	-7.901387e-07	1.601648e-06	1.554468e-06	1142
784689	-7.393226e-07	1.601650e-06	1.538946e-06	885
440247	-6.572629e-07	1.601650e-06	1.501991e-06	6005
431991	-6.574356e-07	1.601668e-06	1.501897e-06	6005
660975	-7.903189e-07	1.601668e-06	1.554355e-06	1142
776433	-7.395005e-07	1.601669e-06	1.538840e-06	885
423735	-6.576084e-07	1.601685e-06	1.501803e-06	6005
768177	-7.396786e-07	1.601689e-06	1.538734e-06	885
652719	-7.904992e-07	1.601689e-06	1.554242e-06	1142
415479	-6.577811e-07	1.601703e-06	1.501708e-06	6005
759921	-7.398565e-07	1.601708e-06	1.538628e-06	885
644463	-7.906794e-07	1.601710e-06	1.554129e-06	1142
407223	-6.579538e-07	1.601720e-06	1.501614e-06	6005
751665	-7.400345e-07	1.601728e-06	1.538522e-06	885
636207	-7.908596e-07	1.601731e-06	1.554016e-06	1142
398967	-6.581264e-07	1.601737e-06	1.501520e-06	6005
743409	-7.402125e-07	1.601747e-06	1.538416e-06	885
627951	-7.910398e-07	1.601752e-06	1.553902e-06	1142
390711	-6.582991e-07	1.601755e-06	1.501426e-06	6005
735153	-7.403904e-07	1.601767e-06	1.538310e-06	885
382455	-6.584717e-07	1.601772e-06	1.501331e-06	6005
619695	-7.912199e-07	1.601773e-06	1.553789e-06	1142
726897	-7.405683e-07	1.601787e-06	1.538204e-06	885
374199	-6.586444e-07	1.601790e-06	1.501237e-06	6005
611439	-7.914001e-07	1.601794e-06	1.553676e-06	1142
718641	-7.407463e-07	1.601806e-06	1.538098e-06	885
365943	-6.588169e-07	1.601807e-06	1.501143e-06	6005
603183	-7.915802e-07	1.601815e-06	1.553562e-06	1142
357687	-6.589896e-07	1.601824e-06	1.501048e-06	6005
710385	-7.409242e-07	1.601826e-06	1.537992e-06	885
594927	-7.917603e-07	1.601836e-06	1.553449e-06	1142
349431	-6.591621e-07	1.601842e-06	1.500954e-06	6005
702129	-7.411020e-07	1.601845e-06	1.537886e-06	885
586671	-7.919404e-07	1.601857e-06	1.553335e-06	1142
341175	-6.593347e-07	1.601859e-06	1.500860e-06	6005
693873	-7.412799e-07	1.601865e-06	1.537779e-06	885
332919	-6.595072e-07	1.601877e-06	1.500765e-06	6005
578415	-7.921205e-07	1.601878e-06	1.553222e-06	1142
685617	-7.414578e-07	1.601885e-06	1.537673e-06	885
324663	-6.596798e-07	1.601894e-06	1.500671e-06	6005
570159	-7.923006e-07	1.601899e-06	1.553109e-06	1142
677361	-7.416356e-07	1.601904e-06	1.537567e-06	885
316407	-6.598523e-07	1.601911e-06	1.500576e-06	6005
561903	-7.924806e-07	1.601920e-06	1.552995e-06	1142
669105	-7.418134e-07	1.601924e-06	1.537461e-06	885
308151	-6.600249e-07	1.601929e-06	1.500482e-06	6005
553647	-7.926606e-07	1.601941e-06	1.552882e-06	1142
660849	-7.419912e-07	1.601943e-06	1.537355e-06	885
299895	-6.601973e-07	1.601946e-06	1.500387e-06	6005
545391	-7.928406e-07	1.601962e-06	1.552768e-06	1142
652593	-7.421690e-07	1.601963e-06	1.537248e-06	885
291639	-6.603698e-07	1.601964e-06	1.500293e-06	6005
283383	-6.605423e-07	1.601981e-06	1.500198e-06	6005
537135	-7.930207e-07	1.601982e-06	1.552654e-06	1142
644337	-7.423468e-07	1.601983e-06	1.537142e-06	885
275127	-6.607148e-07	1.601999e-06	1.500104e-06	6005
636081	-7.425245e-07	1.602002e-06	1.537036e-06	885
528879	-7.932006e-07	1.602004e-06	1.552541e-06	1142
266871	-6.608872e-07	1.602016e-06	1.500009e-06	6005
627825	-7.427022e-07	1.602022e-06	1.536929e-06	885
520623	-7.933806e-07	1.602025e-06	1.552427e-06	1142
258615	-6.610596e-07	1.602034e-06	1.499914e-06	6005
619569	-7.428800e-07	1.602042e-06	1.536823e-06	885
512367	-7.935605e-07	1.602045e-06	1.552314e-06	1142
250359	-6.612320e-07	1.602051e-06	1.499820e-06	6005
611313	-7.430577e-07	1.602061e-06	1.536717e-06	885
504111	-7.937405e-07	1.602067e-06	1.552200e-06	1142
242103	-6.614044e-07	1.602069e-06	1.499725e-06	6005
603057	-7.432354e-07	1.602081e-06	1.536610e-06	885
233847	-6.615768e-07	1.602086e-06	1.499630e-06	6005
495855	-7.939204e-07	1.602088e-06	1.552086e-06	1142
594801	-7.434131e-07	1.602100e-06	1.536504e-06	885
225591	-6.617492e-07	1.602104e-06	1.499536e-06	6005
487599	-7.941002e-07	1.602108e-06	1.551973e-06	1142
586545	-7.435907e-07	1.602120e-06	1.536397e-06	885
217335	-6.619215e-07	1.602121e-06	1.499441e-06	6005
479343	-7.942801e-07	1.602129e-06	1.551859e-06	1142
209079	-6.620939e-07	1.602139e-06	1.499346e-06	6005
578289	-7.437684e-07	1.602140e-06	1.536291e-06	885
471087	-7.944600e-07	1.602151e-06	1.551745e-06	1142
200823	-6.622662e-07	1.602156e-06	1.499251e-06	6005
570033	-7.439460e-07	1.602160e-06	1.536184e-06	885
462831	-7.946398e-07	1.602172e-06	1.551631e-06	1142
192567	-6.624385e-07	1.602174e-06	1.499156e-06	6005
561777	-7.441236e-07	1.602179e-06	1.536078e-06	885
184311	-6.626109e-07	1.602191e-06	1.499062e-06	6005
454575	-7.948196e-07	1.602193e-06	1.551517e-06	1142
553521	-7.443012e-07	1.602199e-06	1.535971e-06	885
176055	-6.627832e-07	1.602209e-06	1.498967e-06	6005
446319	-7.949995e-07	1.602214e-06	1.551404e-06	1142
545265	-7.444788e-07	1.602219e-06	1.535864e-06	885
167799	-6.629554e-07	1.602226e-06	1.498872e-06	6005
438063	-7.951793e-07	1.602235e-06	1.551290e-06	1142
537009	-7.446563e-07	1.602238e-06	1.535758e-06	885
159543	-6.631277e-07	1.602244e-06	1.498777e-06	6005
429807	-7.953590e-07	1.602256e-06	1.551176e-06	1142
528753	-7.448339e-07	1.602258e-06	1.535651e-06	885
151287	-6.632999e-07	1.602261e-06	1.498682e-06	6005
421551	-7.955388e-07	1.602277e-06	1.551062e-06	1142
520497	-7.450114e-07	1.602278e-06	1.535544e-06	885
143031	-6.634722e-07	1.602279e-06	1.498587e-06	6005
134775	-6.636444e-07	1.602296e-06	1.498492e-06	6005
512241	-7.451890e-07	1.602297e-06	1.535438e-06	885
413295	-7.957186e-07	1.602298e-06	1.550948e-06	1142
126519	-6.638166e-07	1.602314e-06	1.498397e-06	6005
503985	-7.453664e-07	1.602317e-06	1.535331e-06	885
405039	-7.958982e-07	1.602319e-06	1.550834e-06	1142
118263	-6.639888e-07	1.602331e-06	1.498302e-06	6005
495729	-7.455440e-07	1.602337e-06	1.535224e-06	885
396783	-7.960780e-07	1.602340e-06	1.550720e-06	1142
110007	-6.641610e-07	1.602349e-06	1.498207e-06	6005
487473	-7.457214e-07	1.602357e-06	1.535118e-06	885
388527	-7.962577e-07	1.602361e-06	1.550606e-06	1142
101751	-6.643331e-07	1.602366e-06	1.498112e-06	6005
479217	-7.458989e-07	1.602376e-06	1.535011e-06	885
380271	-7.964373e-07	1.602382e-06	1.550492e-06	1142
93495	-6.645053e-07	1.602384e-06	1.498017e-06	6005
470961	-7.460763e-07	1.602396e-06	1.534904e-06	885
85239	-6.646774e-07	1.602402e-06	1.497921e-06	6005
372015	-7.966170e-07	1.602403e-06	1.550378e-06	1142
462705	-7.462537e-07	1.602416e-06	1.534797e-06	885
76983	-6.648496e-07	1.602419e-06	1.497826e-06	6005
363759	-7.967967e-07	1.602424e-06	1.550264e-06	1142
454449	-7.464311e-07	1.602435e-06	1.534690e-06	885
68727	-6.650216e-07	1.602437e-06	1.497731e-06	6005
355503	-7.969763e-07	1.602445e-06	1.550150e-06	1142
60471	-6.651937e-07	1.602454e-06	1.497636e-06	6005
446193	-7.466085e-07	1.602455e-06	1.534583e-06	885
347247	-7.971558e-07	1.602466e-06	1.550036e-06	1142
52215	-6.653658e-07	1.602472e-06	1.497540e-06	6005
437937	-7.467859e-07	1.602475e-06	1.534476e-06	885
338991	-7.973355e-07	1.602487e-06	1.549921e-06	1142
43959	-6.655379e-07	1.602489e-06	1.497445e-06	6005
429681	-7.469633e-07	1.602495e-06	1.534369e-06	885
35703	-6.657099e-07	1.602507e-06	1.497350e-06	6005
330735	-7.975150e-07	1.602509e-06	1.549807e-06	1142
421425	-7.471406e-07	1.602514e-06	1.534262e-06	885
27447	-6.658819e-07	1.602525e-06	1.497255e-06	6005
322479	-7.976946e-07	1.602530e-06	1.549693e-06	1142
413169	-7.473179e-07	1.602534e-06	1.534155e-06	885
19191	-6.660540e-07	1.602542e-06	1.497159e-06	6005
314223	-7.978741e-07	1.602551e-06	1.549579e-06	1142
404913	-7.474952e-07	1.602554e-06	1.534048e-06	885
10935	-6.662260e-07	1.602560e-06	1.497064e-06	6005
305967	-7.980536e-07	1.602572e-06	1.549464e-06	1142
396657	-7.476725e-07	1.602574e-06	1.533941e-06	885
2679	-6.663980e-07	1.602577e-06	1.496968e-06	6005
297711	-7.982331e-07	1.602593e-06	1.549350e-06	1142
388401	-7.478498e-07	1.602593e-06	1.533834e-06	885
380145	-7.480271e-07	1.602613e-06	1.533727e-06	885
289455	-7.984127e-07	1.602614e-06	1.549236e-06	1142
371889	-7.482043e-07	1.602633e-06	1.533620e-06	885
281199	-7.985921e-07	1.602635e-06	1.549121e-06	1142
363633	-7.483816e-07	1.602653e-06	1.533513e-06	885
272943	-7.987716e-07	1.602656e-06	1.549007e-06	1142
355377	-7.485588e-07	1.602673e-06	1.533406e-06	885
264687	-7.989510e-07	1.602677e-06	1.548893e-06	1142
347121	-7.487360e-07	1.602692e-06	1.533298e-06	885
256431	-7.991304e-07	1.602698e-06	1.548778e-06	1142
338865	-7.489132e-07	1.602712e-06	1.533191e-06	885
248175	-7.993098e-07	1.602720e-06	1.548664e-06	1142
330609	-7.490903e-07	1.602732e-06	1.533084e-06	885
239919	-7.994892e-07	1.602741e-06	1.548549e-06	1142
322353	-7.492675e-07	1.602752e-06	1.532977e-06	885
231663	-7.996686e-07	1.602762e-06	1.548435e-06	1142
314097	-7.494446e-07	1.602772e-06	1.532869e-06	885
223407	-7.998480e-07	1.602783e-06	1.548320e-06	1142
305841	-7.496217e-07	1.602791e-06	1.532762e-06	885
215151	-8.000273e-07	1.602804e-06	1.548206e-06	1142
297585	-7.497989e-07	1.602811e-06	1.532655e-06	885
206895	-8.002066e-07	1.602825e-06	1.548091e-06	1142
289329	-7.499759e-07	1.602831e-06	1.532547e-06	885
198639	-8.003859e-07	1.602847e-06	1.547976e-06	1142
281073	-7.501530e-07	1.602851e-06	1.532440e-06	885
190383	-8.005652e-07	1.602868e-06	1.547862e-06	1142
272817	-7.503301e-07	1.602871e-06	1.532332e-06	885
182127	-8.007444e-07	1.602889e-06	1.547747e-06	1142
264561	-7.505071e-07	1.602891e-06	1.532225e-06	885
173871	-8.009237e-07	1.602910e-06	1.547632e-06	1142
256305	-7.506841e-07	1.602911e-06	1.532117e-06	885
248049	-7.508611e-07	1.602930e-06	1.532010e-06	885
165615	-8.011029e-07	1.602931e-06	1.547518e-06	1142
239793	-7.510382e-07	1.602950e-06	1.531902e-06	885
157359	-8.012822e-07	1.602953e-06	1.547403e-06	1142
231537	-7.512151e-07	1.602970e-06	1.531795e-06	885
149103	-8.014613e-07	1.602974e-06	1.547288e-06	1142
223281	-7.513921e-07	1.602990e-06	1.531687e-06	885
140847	-8.016405e-07	1.602995e-06	1.547173e-06	1142
215025	-7.515690e-07	1.603010e-06	1.531580e-06	885
132591	-8.018197e-07	1.603016e-06	1.547059e-06	1142
206769	-7.517460e-07	1.603030e-06	1.531472e-06	885
124335	-8.019989e-07	1.603037e-06	1.546944e-06	1142
198513	-7.519229e-07	1.603050e-06	1.531364e-06	885
116079	-8.021780e-07	1.603059e-06	1.546829e-06	1142
190257	-7.520998e-07	1.603069e-06	1.531257e-06	885
107823	-8.023571e-07	1.603080e-06	1.546714e-06	1142
182001	-7.522767e-07	1.603089e-06	1.531149e-06	885
99567	-8.025362e-07	1.603101e-06	1.546599e-06	1142
173745	-7.524535e-07	1.603109e-06	1.531041e-06	885
91311	-8.027152e-07	1.603122e-06	1.546484e-06	1142
165489	-7.526303e-07	1.603129e-06	1.530933e-06	885
83055	-8.028943e-07	1.603144e-06	1.546369e-06	1142
157233	-7.528072e-07	1.603149e-06	1.530826e-06	885
74799	-8.030734e-07	1.603165e-06	1.546254e-06	1142
148977	-7.529840e-07	1.603169e-06	1.530718e-06	885
66543	-8.032524e-07	1.603186e-06	1.546139e-06	1142
140721	-7.531608e-07	1.603189e-06	1.530610e-06	885
58287	-8.034314e-07	1.603207e-06	1.546024e-06	1142
132465	-7.533376e-07	1.603209e-06	1.530502e-06	885
50031	-8.036104e-07	1.603228e-06	1.545909e-06	1142
124209	-7.535144e-07	1.603229e-06	1.530394e-06	885
115953	-7.536911e-07	1.603249e-06	1.530286e-06	885
41775	-8.037894e-07	1.603250e-06	1.545794e-06	1142
107697	-7.538679e-07	1.603269e-06	1.530178e-06	885
33519	-8.039684e-07	1.603271e-06	1.545679e-06	1142
99441	-7.540445e-07	1.603289e-06	1.530070e-06	885
25263	-8.041473e-07	1.603292e-06	1.545563e-06	1142
91185	-7.542213e-07	1.603308e-06	1.529962e-06	885
17007	-8.043262e-07	1.603314e-06	1.545448e-06	1142
82929	-7.543979e-07	1.603328e-06	1.529854e-06	885
8751	-8.045051e-07	1.603335e-06	1.545333e-06	1142
74673	-7.545747e-07	1.603348e-06	1.529746e-06	885
495	-8.046840e-07	1.603356e-06	1.545218e-06	1142
66417	-7.547513e-07	1.603368e-06	1.529638e-06	885
58161	-7.549280e-07	1.603388e-06	1.529530e-06	885
49905	-7.551046e-07	1.603408e-06	1.529422e-06	885
41649	-7.552812e-07	1.603428e-06	1.529314e-06	885
33393	-7.554578e-07	1.603448e-06	1.529206e-06	885
25137	-7.556343e-07	1.603468e-06	1.529098e-06	885
16881	-7.558109e-07	1.603488e-06	1.528989e-06	885
8625	-7.559875e-07	1.603508e-06	1.528881e-06	885
369	-7.561640e-07	1.603528e-06	1.528773e-06	885
1150368	-6.122565e-07	1.604431e-06	1.502023e-06	6261
1142112	-6.124291e-07	1.604447e-06	1.501935e-06	6261
1133856	-6.126018e-07	1.604463e-06	1.501848e-06	6261
1125600	-6.127744e-07	1.604479e-06	1.501760e-06	6261
1117344	-6.129470e-07	1.604495e-06	1.501672e-06	6261
1109088	-6.131196e-07	1.604512e-06	1.501584e-06	6261
1100832	-6.132922e-07	1.604528e-06	1.501497e-06	6261
1092576	-6.134648e-07	1.604544e-06	1.501409e-06	6261
1084320	-6.136373e-07	1.604560e-06	1.501321e-06	6261
1076064	-6.138099e-07	1.604576e-06	1.501233e-06	6261
1067808	-6.139824e-07	1.604593e-06	1.501145e-06	6261
1059552	-6.141549e-07	1.604609e-06	1.501057e-06	6261
1051296	-6.143275e-07	1.604625e-06	1.500969e-06	6261
1043040	-6.145000e-07	1.604641e-06	1.500881e-06	6261
1034784	-6.146724e-07	1.604657e-06	1.500793e-06	6261
1026528	-6.148449e-07	1.604674e-06	1.500705e-06	6261
1018272	-6.150174e-07	1.604690e-06	1.500617e-06	6261
1010016	-6.151898e-07	1.604706e-06	1.500529e-06	6261
1150158	-7.518643e-07	1.604717e-06	1.554118e-06	5750
1001760	-6.153622e-07	1.604722e-06	1.500441e-06	6261
1141902	-7.520444e-07	1.604737e-06	1.554011e-06	5750
993504	-6.155347e-07	1.604739e-06	1.500353e-06	6261
985248	-6.157071e-07	1.604755e-06	1.500265e-06	6261
1133646	-7.522245e-07	1.604757e-06	1.553903e-06	5750
976992	-6.158795e-07	1.604771e-06	1.500177e-06	6261
1125390	-7.524046e-07	1.604777e-06	1.553795e-06	5750
968736	-6.160519e-07	1.604787e-06	1.500089e-06	6261
1117134	-7.525847e-07	1.604796e-06	1.553687e-06	5750
960480	-6.162242e-07	1.604804e-06	1.500000e-06	6261
1108878	-7.527647e-07	1.604816e-06	1.553580e-06	5750
952224	-6.163966e-07	1.604820e-06	1.499912e-06	6261
1100622	-7.529447e-07	1.604836e-06	1.553472e-06	5750
943968	-6.165689e-07	1.604836e-06	1.499824e-06	6261
935712	-6.167413e-07	1.604853e-06	1.499736e-06	6261
1092366	-7.531248e-07	1.604856e-06	1.553364e-06	5750
927456	-6.169136e-07	1.604869e-06	1.499647e-06	6261
1084110	-7.533048e-07	1.604876e-06	1.553256e-06	5750
919200	-6.170859e-07	1.604885e-06	1.499559e-06	6261
1075854	-7.534848e-07	1.604896e-06	1.553148e-06	5750
910944	-6.172582e-07	1.604902e-06	1.499471e-06	6261
1067598	-7.536647e-07	1.604916e-06	1.553040e-06	5750
902688	-6.174304e-07	1.604918e-06	1.499382e-06	6261
894432	-6.176027e-07	1.604934e-06	1.499294e-06	6261
1059342	-7.538447e-07	1.604936e-06	1.552932e-06	5750
886176	-6.177750e-07	1.604950e-06	1.499205e-06	6261
1051086	-7.540247e-07	1.604956e-06	1.552824e-06	5750
877920	-6.179472e-07	1.604967e-06	1.499117e-06	6261
1042830	-7.542046e-07	1.604976e-06	1.552716e-06	5750
869664	-6.181194e-07	1.604983e-06	1.499028e-06	6261
1034574	-7.543845e-07	1.604996e-06	1.552608e-06	5750
861408	-6.182916e-07	1.604999e-06	1.498940e-06	6261
853152	-6.184638e-07	1.605016e-06	1.498851e-06	6261
1026318	-7.545644e-07	1.605016e-06	1.552500e-06	5750
844896	-6.186360e-07	1.605032e-06	1.498763e-06	6261
1018062	-7.547442e-07	1.605036e-06	1.552392e-06	5750
836640	-6.188082e-07	1.605048e-06	1.498674e-06	6261
1009806	-7.549241e-07	1.605056e-06	1.552284e-06	5750
828384	-6.189803e-07	1.605065e-06	1.498586e-06	6261
1001550	-7.551039e-07	1.605076e-06	1.552176e-06	5750
820128	-6.191525e-07	1.605081e-06	1.498497e-06	6261
993294	-7.552838e-07	1.605095e-06	1.552068e-06	5750
811872	-6.193246e-07	1.605097e-06	1.498408e-06	6261
803616	-6.194967e-07	1.605114e-06	1.498320e-06	6261
985038	-7.554636e-07	1.605115e-06	1.551960e-06	5750
795360	-6.196689e-07	1.605130e-06	1.498231e-06	6261
976782	-7.556434e-07	1.605135e-06	1.551851e-06	5750
787104	-6.198409e-07	1.605147e-06	1.498142e-06	6261
968526	-7.558232e-07	1.605155e-06	1.551743e-06	5750
778848	-6.200130e-07	1.605163e-06	1.498054e-06	6261
960270	-7.560029e-07	1.605175e-06	1.551635e-06	5750
770592	-6.201851e-07	1.605179e-06	1.497965e-06	6261
952014	-7.561827e-07	1.605195e-06	1.551527e-06	5750
762336	-6.203571e-07	1.605196e-06	1.497876e-06	6261
754080	-6.205292e-07	1.605212e-06	1.497787e-06	6261
943758	-7.563624e-07	1.605215e-06	1.551418e-06	5750
745824	-6.207012e-07	1.605228e-06	1.497698e-06	6261
935502	-7.565421e-07	1.605235e-06	1.551310e-06	5750
737568	-6.208732e-07	1.605245e-06	1.497609e-06	6261
927246	-7.567218e-07	1.605255e-06	1.551202e-06	5750
729312	-6.210452e-07	1.605261e-06	1.497521e-06	6261
918990	-7.569015e-07	1.605275e-06	1.551093e-06	5750
721056	-6.212172e-07	1.605278e-06	1.497432e-06	6261
712800	-6.213892e-07	1.605294e-06	1.497343e-06	6261
910734	-7.570812e-07	1.605295e-06	1.550985e-06	5750
704544	-6.215611e-07	1.605310e-06	1.497254e-06	6261
902478	-7.572608e-07	1.605315e-06	1.550877e-06	5750
696288	-6.217331e-07	1.605327e-06	1.497165e-06	6261
894222	-7.574404e-07	1.605335e-06	1.550768e-06	5750
688032	-6.219050e-07	1.605343e-06	1.497076e-06	6261
885966	-7.576201e-07	1.605356e-06	1.550660e-06	5750
679776	-6.220769e-07	1.605360e-06	1.496987e-06	6261
877710	-7.577997e-07	1.605376e-06	1.550551e-06	5750
671520	-6.222489e-07	1.605376e-06	1.496898e-06	6261
663264	-6.224208e-07	1.605393e-06	1.496808e-06	6261
869454	-7.579793e-07	1.605396e-06	1.550443e-06	5750
655008	-6.225926e-07	1.605409e-06	1.496719e-06	6261
861198	-7.581588e-07	1.605416e-06	1.550334e-06	5750
646752	-6.227645e-07	1.605425e-06	1.496630e-06	6261
852942	-7.583384e-07	1.605436e-06	1.550225e-06	5750
638496	-6.229363e-07	1.605442e-06	1.496541e-06	6261
844686	-7.585180e-07	1.605456e-06	1.550117e-06	5750
630240	-6.231082e-07	1.605458e-06	1.496452e-06	6261
621984	-6.232800e-07	1.605475e-06	1.496363e-06	6261
836430	-7.586975e-07	1.605476e-06	1.550008e-06	5750
613728	-6.234519e-07	1.605491e-06	1.496273e-06	6261
828174	-7.588770e-07	1.605496e-06	1.549899e-06	5750
605472	-6.236236e-07	1.605508e-06	1.496184e-06	6261
819918	-7.590564e-07	1.605516e-06	1.549791e-06	5750
597216	-6.237954e-07	1.605524e-06	1.496095e-06	6261
811662	-7.592359e-07	1.605536e-06	1.549682e-06	5750
588960	-6.239672e-07	1.605541e-06	1.496005e-06	6261
803406	-7.594154e-07	1.605556e-06	1.549573e-06	5750
580704	-6.241390e-07	1.605557e-06	1.495916e-06	6261
572448	-6.243107e-07	1.605574e-06	1.495827e-06	6261
795150	-7.595948e-07	1.605576e-06	1.549465e-06	5750
564192	-6.244824e-07	1.605590e-06	1.495737e-06	6261
786894	-7.597743e-07	1.605596e-06	1.549356e-06	5750
555936	-6.246541e-07	1.605607e-06	1.495648e-06	6261
778638	-7.599537e-07	1.605616e-06	1.549247e-06	5750
547680	-6.248259e-07	1.605623e-06	1.495559e-06	6261
770382	-7.601330e-07	1.605636e-06	1.549138e-06	5750
539424	-6.249976e-07	1.605640e-06	1.495469e-06	6261
531168	-6.251693e-07	1.605656e-06	1.495380e-06	6261
762126	-7.603124e-07	1.605657e-06	1.549029e-06	5750
522912	-6.253409e-07	1.605673e-06	1.495290e-06	6261
753870	-7.604918e-07	1.605677e-06	1.548920e-06	5750
514656	-6.255126e-07	1.605689e-06	1.495201e-06	6261
745614	-7.606711e-07	1.605697e-06	1.548811e-06	5750
506400	-6.256842e-07	1.605706e-06	1.495111e-06	6261
737358	-7.608505e-07	1.605717e-06	1.548702e-06	5750
498144	-6.258559e-07	1.605722e-06	1.495021e-06	6261
729102	-7.610298e-07	1.605737e-06	1.548593e-06	5750
489888	-6.260275e-07	1.605739e-06	1.494932e-06	6261
481632	-6.261991e-07	1.605755e-06	1.494842e-06	6261
720846	-7.612091e-07	1.605757e-06	1.548485e-06	5750
473376	-6.263706e-07	1.605772e-06	1.494752e-06	6261
712590	-7.613884e-07	1.605777e-06	1.548376e-06	5750
465120	-6.265423e-07	1.605788e-06	1.494663e-06	6261
704334	-7.615676e-07	1.605797e-06	1.548266e-06	5750
456864	-6.267138e-07	1.605805e-06	1.494573e-06	6261
696078	-7.617469e-07	1.605818e-06	1.548157e-06	5750
448608	-6.268854e-07	1.605822e-06	1.494483e-06	6261
687822	-7.619261e-07	1.605838e-06	1.548048e-06	5750
440352	-6.270569e-07	1.605838e-06	1.494393e-06	6261
432096	-6.272284e-07	1.605855e-06	1.494304e-06	6261
679566	-7.621053e-07	1.605858e-06	1.547939e-06	5750
423840	-6.273999e-07	1.605871e-06	1.494214e-06	6261
671310	-7.622845e-07	1.605878e-06	1.547830e-06	5750
415584	-6.275714e-07	1.605888e-06	1.494124e-06	6261
663054	-7.624637e-07	1.605898e-06	1.547721e-06	5750
407328	-6.277429e-07	1.605904e-06	1.494034e-06	6261
654798	-7.626429e-07	1.605918e-06	1.547612e-06	5750
399072	-6.279144e-07	1.605921e-06	1.493944e-06	6261
390816	-6.280858e-07	1.605938e-06	1.493854e-06	6261
646542	-7.628220e-07	1.605939e-06	1.547502e-06	5750
382560	-6.282573e-07	1.605954e-06	1.493764e-06	6261
638286	-7.630011e-07	1.605959e-06	1.547393e-06	5750
374304	-6.284287e-07	1.605971e-06	1.493675e-06	6261
630030	-7.631803e-07	1.605979e-06	1.547284e-06	5750
366048	-6.286001e-07	1.605987e-06	1.493585e-06	6261
621774	-7.633594e-07	1.605999e-06	1.547175e-06	5750
357792	-6.287715e-07	1.606004e-06	1.493495e-06	6261
613518	-7.635385e-07	1.606019e-06	1.547065e-06	5750
349536	-6.289429e-07	1.606021e-06	1.493405e-06	6261
341280	-6.291143e-07	1.606037e-06	1.493314e-06	6261
605262	-7.637175e-07	1.606040e-06	1.546956e-06	5750
333024	-6.292856e-07	1.606054e-06	1.493224e-06	6261
597006	-7.638966e-07	1.606060e-06	1.546846e-06	5750
324768	-6.294570e-07	1.606071e-06	1.493134e-06	6261
588750	-7.640756e-07	1.606080e-06	1.546737e-06	5750
316512	-6.296283e-07	1.606087e-06	1.493044e-06	6261
580494	-7.642547e-07	1.606100e-06	1.546628e-06	5750
308256	-6.297997e-07	1.606104e-06	1.492954e-06	6261
572238	-7.644337e-07	1.606120e-06	1.546518e-06	5750
300000	-6.299710e-07	1.606120e-06	1.492864e-06	6261
291744	-6.301423e-07	1.606137e-06	1.492774e-06	6261
563982	-7.646127e-07	1.606141e-06	1.546409e-06	5750
283488	-6.303135e-07	1.606154e-06	1.492683e-06	6261
555726	-7.647916e-07	1.606161e-06	1.546299e-06	5750
275232	-6.304848e-07	1.606170e-06	1.492593e-06	6261
547470	-7.649705e-07	1.606181e-06	1.546190e-06	5750
266976	-6.306561e-07	1.606187e-06	1.492503e-06	6261
539214	-7.651495e-07	1.606201e-06	1.546080e-06	5750
258720	-6.308273e-07	1.606204e-06	1.492412e-06	6261
250464	-6.309986e-07	1.606220e-06	1.492322e-06	6261
530958	-7.653284e-07	1.606222e-06	1.545970e-06	5750
242208	-6.311698e-07	1.606237e-06	1.492232e-06	6261
522702	-7.655073e-07	1.606242e-06	1.545861e-06	5750
233952	-6.313410e-07	1.606254e-06	1.492141e-06	6261
514446	-7.656862e-07	1.606262e-06	1.545751e-06	5750
225696	-6.315122e-07	1.606270e-06	1.492051e-06	6261
506190	-7.658651e-07	1.606282e-06	1.545642e-06	5750
217440	-6.316833e-07	1.606287e-06	1.491961e-06	6261
497934	-7.660440e-07	1.606302e-06	1.545532e-06	5750
209184	-6.318545e-07	1.606304e-06	1.491870e-06	6261
200928	-6.320257e-07	1.606320e-06	1.491780e-06	6261
489678	-7.662228e-07	1.606323e-06	1.545422e-06	5750
192672	-6.321968e-07	1.606337e-06	1.491689e-06	6261
481422	-7.664016e-07	1.606343e-06	1.545312e-06	5750
184416	-6.323679e-07	1.606354e-06	1.491599e-06	6261
473166	-7.665805e-07	1.606363e-06	1.545203e-06	5750
176160	-6.325390e-07	1.606371e-06	1.491508e-06	6261
464910	-7.667592e-07	1.606384e-06	1.545093e-06	5750
167904	-6.327101e-07	1.606387e-06	1.491418e-06	6261
1154557	-5.795057e-07	1.606402e-06	1.484678e-06	20089
456654	-7.669380e-07	1.606404e-06	1.544983e-06	5750
159648	-6.328812e-07	1.606404e-06	1.491327e-06	6261
1146301	-5.796758e-07	1.606417e-06	1.484595e-06	20089
151392	-6.330523e-07	1.606421e-06	1.491236e-06	6261
448398	-7.671168e-07	1.606424e-06	1.544873e-06	5750
1138045	-5.798459e-07	1.606433e-06	1.484512e-06	20089
143136	-6.332234e-07	1.606437e-06	1.491146e-06	6261
440142	-7.672955e-07	1.606444e-06	1.544763e-06	5750
1129789	-5.800160e-07	1.606448e-06	1.484429e-06	20089
134880	-6.333944e-07	1.606454e-06	1.491055e-06	6261
1121533	-5.801861e-07	1.606463e-06	1.484346e-06	20089
431886	-7.674743e-07	1.606465e-06	1.544653e-06	5750
126624	-6.335654e-07	1.606471e-06	1.490964e-06	6261
1113277	-5.803561e-07	1.606478e-06	1.484263e-06	20089
423630	-7.676529e-07	1.606485e-06	1.544543e-06	5750
118368	-6.337364e-07	1.606488e-06	1.490874e-06	6261
1105021	-5.805262e-07	1.606494e-06	1.484180e-06	20089
110112	-6.339074e-07	1.606504e-06	1.490783e-06	6261
415374	-7.678316e-07	1.606505e-06	1.544434e-06	5750
1096765	-5.806962e-07	1.606509e-06	1.484097e-06	20089
101856	-6.340784e-07	1.606521e-06	1.490692e-06	6261
1088509	-5.808663e-07	1.606524e-06	1.484014e-06	20089
407118	-7.680103e-07	1.606526e-06	1.544324e-06	5750
93600	-6.342494e-07	1.606538e-06	1.490601e-06	6261
1080253	-5.810363e-07	1.606540e-06	1.483931e-06	20089
398862	-7.681890e-07	1.606546e-06	1.544214e-06	5750
85344	-6.344204e-07	1.606555e-06	1.490510e-06	6261
1071997	-5.812063e-07	1.606555e-06	1.483848e-06	20089
390606	-7.683676e-07	1.606566e-06	1.544103e-06	5750
1063741	-5.813763e-07	1.606570e-06	1.483764e-06	20089
77088	-6.345913e-07	1.606571e-06	1.490420e-06	6261
1055485	-5.815463e-07	1.606586e-06	1.483681e-06	20089
382350	-7.685463e-07	1.606587e-06	1.543993e-06	5750
68832	-6.347622e-07	1.606588e-06	1.490329e-06	6261
1047229	-5.817162e-07	1.606601e-06	1.483598e-06	20089
60576	-6.349331e-07	1.606605e-06	1.490238e-06	6261
374094	-7.687249e-07	1.606607e-06	1.543883e-06	5750
1038973	-5.818862e-07	1.606616e-06	1.483515e-06	20089
52320	-6.351040e-07	1.606622e-06	1.490147e-06	6261
365838	-7.689035e-07	1.606627e-06	1.543773e-06	5750
1030717	-5.820561e-07	1.606632e-06	1.483431e-06	20089
44064	-6.352749e-07	1.606639e-06	1.490056e-06	6261
1022461	-5.822261e-07	1.606647e-06	1.483348e-06	20089
357582	-7.690821e-07	1.606648e-06	1.543663e-06	5750
35808	-6.354458e-07	1.606655e-06	1.489965e-06	6261
1014205	-5.823960e-07	1.606663e-06	1.483265e-06	20089
349326	-7.692606e-07	1.606668e-06	1.543553e-06	5750
27552	-6.356167e-07	1.606672e-06	1.489874e-06	6261
1005949	-5.825659e-07	1.606678e-06	1.483181e-06	20089
341070	-7.694392e-07	1.606688e-06	1.543443e-06	5750
19296	-6.357876e-07	1.606689e-06	1.489783e-06	6261
997693	-5.827358e-07	1.606693e-06	1.483098e-06	20089
11040	-6.359584e-07	1.606706e-06	1.489692e-06	6261
332814	-7.696177e-07	1.606709e-06	1.543333e-06	5750
989437	-5.829057e-07	1.606709e-06	1.483014e-06	20089
2784	-6.361292e-07	1.606722e-06	1.489601e-06	6261
981181	-5.830755e-07	1.606724e-06	1.482931e-06	20089
324558	-7.697962e-07	1.606729e-06	1.543222e-06	5750
972925	-5.832454e-07	1.606740e-06	1.482847e-06	20089
316302	-7.699747e-07	1.606749e-06	1.543112e-06	5750
964669	-5.834152e-07	1.606755e-06	1.482764e-06	20089
308046	-7.701532e-07	1.606770e-06	1.543002e-06	5750
956413	-5.835851e-07	1.606770e-06	1.482680e-06	20089
948157	-5.837549e-07	1.606786e-06	1.482597e-06	20089
299790	-7.703317e-07	1.606790e-06	1.542892e-06	5750
939901	-5.839247e-07	1.606801e-06	1.482513e-06	20089
291534	-7.705101e-07	1.606810e-06	1.542781e-06	5750
931645	-5.840945e-07	1.606817e-06	1.482430e-06	20089
283278	-7.706885e-07	1.606831e-06	1.542671e-06	5750
923389	-5.842643e-07	1.606832e-06	1.482346e-06	20089
915133	-5.844340e-07	1.606847e-06	1.482262e-06	20089
275022	-7.708670e-07	1.606851e-06	1.542561e-06	5750
906877	-5.846038e-07	1.606863e-06	1.482179e-06	20089
266766	-7.710454e-07	1.606872e-06	1.542450e-06	5750
898621	-5.847735e-07	1.606878e-06	1.482095e-06	20089
258510	-7.712238e-07	1.606892e-06	1.542340e-06	5750
890365	-5.849433e-07	1.606894e-06	1.482011e-06	20089
882109	-5.851130e-07	1.606909e-06	1.481927e-06	20089
250254	-7.714021e-07	1.606912e-06	1.542229e-06	5750
873853	-5.852827e-07	1.606925e-06	1.481844e-06	20089
241998	-7.715805e-07	1.606933e-06	1.542119e-06	5750
865597	-5.854524e-07	1.606940e-06	1.481760e-06	20089
233742	-7.717588e-07	1.606953e-06	1.542008e-06	5750
857341	-5.856221e-07	1.606956e-06	1.481676e-06	20089
849085	-5.857917e-07	1.606971e-06	1.481592e-06	20089
225486	-7.719372e-07	1.606974e-06	1.541898e-06	5750
840829	-5.859614e-07	1.606987e-06	1.481508e-06	20089
217230	-7.721154e-07	1.606994e-06	1.541787e-06	5750
832573	-5.861311e-07	1.607002e-06	1.481425e-06	20089
208974	-7.722937e-07	1.607014e-06	1.541677e-06	5750
824317	-5.863007e-07	1.607017e-06	1.481341e-06	20089
816061	-5.864703e-07	1.607033e-06	1.481257e-06	20089
200718	-7.724720e-07	1.607035e-06	1.541566e-06	5750
807805	-5.866399e-07	1.607048e-06	1.481173e-06	20089
192462	-7.726503e-07	1.607055e-06	1.541455e-06	5750
799549	-5.868095e-07	1.607064e-06	1.481089e-06	20089
184206	-7.728285e-07	1.607076e-06	1.541345e-06	5750
791293	-5.869791e-07	1.607079e-06	1.481005e-06	20089
783037	-5.871487e-07	1.607095e-06	1.480921e-06	20089
175950	-7.730067e-07	1.607096e-06	1.541234e-06	5750
774781	-5.873182e-07	1.607110e-06	1.480837e-06	20089
167694	-7.731849e-07	1.607117e-06	1.541123e-06	5750
766525	-5.874878e-07	1.607126e-06	1.480752e-06	20089
159438	-7.733631e-07	1.607137e-06	1.541012e-06	5750
758269	-5.876573e-07	1.607141e-06	1.480668e-06	20089
750013	-5.878268e-07	1.607157e-06	1.480584e-06	20089
151182	-7.735413e-07	1.607158e-06	1.540902e-06	5750
741757	-5.879963e-07	1.607173e-06	1.480500e-06	20089
142926	-7.737194e-07	1.607178e-06	1.540791e-06	5750
733501	-5.881658e-07	1.607188e-06	1.480416e-06	20089
134670	-7.738976e-07	1.607199e-06	1.540680e-06	5750
725245	-5.883353e-07	1.607204e-06	1.480332e-06	20089
126414	-7.740757e-07	1.607219e-06	1.540569e-06	5750
716989	-5.885048e-07	1.607219e-06	1.480247e-06	20089
708733	-5.886743e-07	1.607235e-06	1.480163e-06	20089
118158	-7.742538e-07	1.607239e-06	1.540458e-06	5750
700477	-5.888437e-07	1.607250e-06	1.480079e-06	20089
109902	-7.744319e-07	1.607260e-06	1.540348e-06	5750
692221	-5.890131e-07	1.607266e-06	1.479995e-06	20089
101646	-7.746100e-07	1.607280e-06	1.540237e-06	5750
683965	-5.891825e-07	1.607281e-06	1.479910e-06	20089
675709	-5.893519e-07	1.607297e-06	1.479826e-06	20089
93390	-7.747880e-07	1.607301e-06	1.540126e-06	5750
667453	-5.895213e-07	1.607312e-06	1.479742e-06	20089
85134	-7.749661e-07	1.607321e-06	1.540015e-06	5750
659197	-5.896907e-07	1.607328e-06	1.479657e-06	20089
76878	-7.751441e-07	1.607342e-06	1.539904e-06	5750
650941	-5.898601e-07	1.607344e-06	1.479573e-06	20089
642685	-5.900295e-07	1.607359e-06	1.479488e-06	20089
68622	-7.753221e-07	1.607362e-06	1.539793e-06	5750
634429	-5.901988e-07	1.607375e-06	1.479404e-06	20089
60366	-7.755001e-07	1.607383e-06	1.539682e-06	5750
626173	-5.903681e-07	1.607390e-06	1.479319e-06	20089
52110	-7.756781e-07	1.607403e-06	1.539571e-06	5750
617917	-5.905375e-07	1.607406e-06	1.479235e-06	20089
609661	-5.907067e-07	1.607421e-06	1.479150e-06	20089
43854	-7.758560e-07	1.607424e-06	1.539459e-06	5750
601405	-5.908761e-07	1.607437e-06	1.479066e-06	20089
35598	-7.760340e-07	1.607444e-06	1.539348e-06	5750
593149	-5.910454e-07	1.607453e-06	1.478981e-06	20089
27342	-7.762119e-07	1.607465e-06	1.539237e-06	5750
584893	-5.912146e-07	1.607468e-06	1.478896e-06	20089
576637	-5.913839e-07	1.607484e-06	1.478812e-06	20089
19086	-7.763898e-07	1.607486e-06	1.539126e-06	5750
568381	-5.915531e-07	1.607499e-06	1.478727e-06	20089
10830	-7.765677e-07	1.607506e-06	1.539015e-06	5750
560125	-5.917224e-07	1.607515e-06	1.478642e-06	20089
2574	-7.767455e-07	1.607527e-06	1.538904e-06	5750
551869	-5.918916e-07	1.607531e-06	1.478558e-06	20089
543613	-5.920608e-07	1.607546e-06	1.478473e-06	20089
535357	-5.922300e-07	1.607562e-06	1.478388e-06	20089
527101	-5.923991e-07	1.607578e-06	1.478303e-06	20089
518845	-5.925683e-07	1.607593e-06	1.478219e-06	20089
510589	-5.927375e-07	1.607609e-06	1.478134e-06	20089
502333	-5.929066e-07	1.607625e-06	1.478049e-06	20089
494077	-5.930758e-07	1.607640e-06	1.477964e-06	20089
485821	-5.932449e-07	1.607656e-06	1.477879e-06	20089
477565	-5.934140e-07	1.607672e-06	1.477794e-06	20089
469309	-5.935831e-07	1.607687e-06	1.477709e-06	20089
461053	-5.937522e-07	1.607703e-06	1.477624e-06	20089
452797	-5.939212e-07	1.607719e-06	1.477539e-06	20089
444541	-5.940903e-07	1.607734e-06	1.477454e-06	20089
436285	-5.942593e-07	1.607750e-06	1.477369e-06	20089
1150977	-5.238647e-07	1.607759e-06	1.471726e-06	7797
428029	-5.944284e-07	1.607766e-06	1.477284e-06	20089
1142721	-5.240329e-07	1.607773e-06	1.471651e-06	7797
419773	-5.945974e-07	1.607781e-06	1.477199e-06	20089
1134465	-5.242012e-07	1.607787e-06	1.471576e-06	7797
411517	-5.947664e-07	1.607797e-06	1.477114e-06	20089
1126209	-5.243694e-07	1.607801e-06	1.471501e-06	7797
403261	-5.949354e-07	1.607813e-06	1.477028e-06	20089
1117953	-5.245375e-07	1.607815e-06	1.471426e-06	7797
395005	-5.951044e-07	1.607828e-06	1.476943e-06	20089
1109697	-5.247057e-07	1.607828e-06	1.471351e-06	7797
1101441	-5.248739e-07	1.607842e-06	1.471275e-06	7797
386749	-5.952733e-07	1.607844e-06	1.476858e-06	20089
1093185	-5.250421e-07	1.607856e-06	1.471200e-06	7797
378493	-5.954423e-07	1.607860e-06	1.476773e-06	20089
1084929	-5.252102e-07	1.607870e-06	1.471125e-06	7797
370237	-5.956113e-07	1.607876e-06	1.476688e-06	20089
1076673	-5.253784e-07	1.607884e-06	1.471050e-06	7797
361981	-5.957802e-07	1.607891e-06	1.476602e-06	20089
1068417	-5.255465e-07	1.607898e-06	1.470975e-06	7797
353725	-5.959491e-07	1.607907e-06	1.476517e-06	20089
1060161	-5.257146e-07	1.607912e-06	1.470899e-06	7797
345469	-5.961180e-07	1.607923e-06	1.476432e-06	20089
1051905	-5.258827e-07	1.607925e-06	1.470824e-06	7797
337213	-5.962869e-07	1.607939e-06	1.476346e-06	20089
1043649	-5.260508e-07	1.607939e-06	1.470749e-06	7797
1035393	-5.262189e-07	1.607953e-06	1.470674e-06	7797
328957	-5.964558e-07	1.607954e-06	1.476261e-06	20089
1027137	-5.263869e-07	1.607967e-06	1.470598e-06	7797
320701	-5.966247e-07	1.607970e-06	1.476176e-06	20089
1018881	-5.265550e-07	1.607981e-06	1.470523e-06	7797
312445	-5.967935e-07	1.607986e-06	1.476090e-06	20089
1010625	-5.267230e-07	1.607995e-06	1.470448e-06	7797
304189	-5.969623e-07	1.608002e-06	1.476005e-06	20089
1002369	-5.268910e-07	1.608009e-06	1.470372e-06	7797
295933	-5.971312e-07	1.608017e-06	1.475919e-06	20089
994113	-5.270591e-07	1.608023e-06	1.470297e-06	7797
287677	-5.973000e-07	1.608033e-06	1.475834e-06	20089
985857	-5.272271e-07	1.608037e-06	1.470221e-06	7797
279421	-5.974688e-07	1.608049e-06	1.475748e-06	20089
977601	-5.273951e-07	1.608051e-06	1.470146e-06	7797
969345	-5.275631e-07	1.608064e-06	1.470070e-06	7797
271165	-5.976376e-07	1.608065e-06	1.475663e-06	20089
961089	-5.277311e-07	1.608078e-06	1.469995e-06	7797
262909	-5.978064e-07	1.608081e-06	1.475577e-06	20089
952833	-5.278990e-07	1.608092e-06	1.469919e-06	7797
254653	-5.979751e-07	1.608096e-06	1.475492e-06	20089
944577	-5.280669e-07	1.608106e-06	1.469844e-06	7797
246397	-5.981439e-07	1.608112e-06	1.475406e-06	20089
936321	-5.282349e-07	1.608120e-06	1.469768e-06	7797
238141	-5.983126e-07	1.608128e-06	1.475320e-06	20089
928065	-5.284028e-07	1.608134e-06	1.469693e-06	7797
229885	-5.984813e-07	1.608144e-06	1.475235e-06	20089
919809	-5.285708e-07	1.608148e-06	1.469617e-06	7797
221629	-5.986500e-07	1.608160e-06	1.475149e-06	20089
911553	-5.287387e-07	1.608162e-06	1.469541e-06	7797
213373	-5.988188e-07	1.608175e-06	1.475063e-06	20089
903297	-5.289066e-07	1.608176e-06	1.469465e-06	7797
895041	-5.290744e-07	1.608190e-06	1.469390e-06	7797
205117	-5.989875e-07	1.608191e-06	1.474978e-06	20089
886785	-5.292424e-07	1.608204e-06	1.469314e-06	7797
196861	-5.991561e-07	1.608207e-06	1.474892e-06	20089
878529	-5.294102e-07	1.608218e-06	1.469238e-06	7797
188605	-5.993248e-07	1.608223e-06	1.474806e-06	20089
870273	-5.295781e-07	1.608232e-06	1.469162e-06	7797
180349	-5.994934e-07	1.608239e-06	1.474720e-06	20089
862017	-5.297459e-07	1.608246e-06	1.469087e-06	7797
172093	-5.996621e-07	1.608254e-06	1.474634e-06	20089
853761	-5.299137e-07	1.608260e-06	1.469011e-06	7797
163837	-5.998307e-07	1.608270e-06	1.474549e-06	20089
845505	-5.300815e-07	1.608274e-06	1.468935e-06	7797
155581	-5.999993e-07	1.608286e-06	1.474463e-06	20089
837249	-5.302493e-07	1.608288e-06	1.468859e-06	7797
828993	-5.304171e-07	1.608302e-06	1.468783e-06	7797
147325	-6.001679e-07	1.608302e-06	1.474377e-06	20089
820737	-5.305849e-07	1.608316e-06	1.468707e-06	7797
139069	-6.003365e-07	1.608318e-06	1.474291e-06	20089
812481	-5.307527e-07	1.608330e-06	1.468631e-06	7797
130813	-6.005051e-07	1.608334e-06	1.474205e-06	20089
804225	-5.309205e-07	1.608344e-06	1.468555e-06	7797
122557	-6.006737e-07	1.608350e-06	1.474119e-06	20089
795969	-5.310882e-07	1.608358e-06	1.468479e-06	7797
114301	-6.008422e-07	1.608365e-06	1.474033e-06	20089
787713	-5.312560e-07	1.608372e-06	1.468403e-06	7797
106045	-6.010108e-07	1.608381e-06	1.473947e-06	20089
779457	-5.314237e-07	1.608386e-06	1.468327e-06	7797
97789	-6.011792e-07	1.608397e-06	1.473861e-06	20089
771201	-5.315914e-07	1.608400e-06	1.468251e-06	7797
89533	-6.013478e-07	1.608413e-06	1.473775e-06	20089
762945	-5.317592e-07	1.608414e-06	1.468175e-06	7797
754689	-5.319268e-07	1.608428e-06	1.468099e-06	7797
81277	-6.015163e-07	1.608429e-06	1.473689e-06	20089
746433	-5.320945e-07	1.608442e-06	1.468023e-06	7797
73021	-6.016847e-07	1.608445e-06	1.473602e-06	20089
738177	-5.322622e-07	1.608456e-06	1.467947e-06	7797
64765	-6.018532e-07	1.608461e-06	1.473516e-06	20089
729921	-5.324299e-07	1.608470e-06	1.467870e-06	7797
56509	-6.020217e-07	1.608477e-06	1.473430e-06	20089
721665	-5.325975e-07	1.608484e-06	1.467794e-06	7797
48253	-6.021901e-07	1.608493e-06	1.473344e-06	20089
713409	-5.327652e-07	1.608498e-06	1.467718e-06	7797
39997	-6.023586e-07	1.608508e-06	1.473258e-06	20089
705153	-5.329327e-07	1.608512e-06	1.467642e-06	7797
31741	-6.025270e-07	1.608524e-06	1.473171e-06	20089
696897	-5.331004e-07	1.608526e-06	1.467565e-06	7797
688641	-5.332680e-07	1.608540e-06	1.467489e-06	7797
23485	-6.026954e-07	1.608540e-06	1.473085e-06	20089
680385	-5.334356e-07	1.608554e-06	1.467413e-06	7797
15229	-6.028638e-07	1.608556e-06	1.472999e-06	20089
672129	-5.336032e-07	1.608568e-06	1.467336e-06	7797
6973	-6.030322e-07	1.608572e-06	1.472913e-06	20089
663873	-5.337707e-07	1.608582e-06	1.467260e-06	7797
655617	-5.339383e-07	1.608596e-06	1.467184e-06	7797
647361	-5.341059e-07	1.608611e-06	1.467107e-06	7797
639105	-5.342734e-07	1.608625e-06	1.467031e-06	7797
630849	-5.344409e-07	1.608639e-06	1.466954e-06	7797
622593	-5.346084e-07	1.608653e-06	1.466878e-06	7797
614337	-5.347759e-07	1.608667e-06	1.466801e-06	7797
606081	-5.349434e-07	1.608681e-06	1.466725e-06	7797
597825	-5.351109e-07	1.608695e-06	1.466648e-06	7797
589569	-5.352784e-07	1.608709e-06	1.466571e-06	7797
581313	-5.354458e-07	1.608723e-06	1.466495e-06	7797
573057	-5.356133e-07	1.608738e-06	1.466418e-06	7797
564801	-5.357807e-07	1.608752e-06	1.466342e-06	7797
556545	-5.359482e-07	1.608766e-06	1.466265e-06	7797
548289	-5.361156e-07	1.608780e-06	1.466188e-06	7797
540033	-5.362830e-07	1.608794e-06	1.466111e-06	7797
531777	-5.364503e-07	1.608808e-06	1.466035e-06	7797
523521	-5.366177e-07	1.608822e-06	1.465958e-06	7797
515265	-5.367851e-07	1.608837e-06	1.465881e-06	7797
507009	-5.369524e-07	1.608851e-06	1.465804e-06	7797
498753	-5.371198e-07	1.608865e-06	1.465727e-06	7797
490497	-5.372871e-07	1.608879e-06	1.465650e-06	7797
482241	-5.374545e-07	1.608893e-06	1.465574e-06	7797
473985	-5.376218e-07	1.608907e-06	1.465497e-06	7797
465729	-5.377890e-07	1.608922e-06	1.465420e-06	7797
457473	-5.379563e-07	1.608936e-06	1.465343e-06	7797
449217	-5.381236e-07	1.608950e-06	1.465266e-06	7797
440961	-5.382909e-07	1.608964e-06	1.465189e-06	7797
432705	-5.384582e-07	1.608978e-06	1.465111e-06	7797
424449	-5.386254e-07	1.608993e-06	1.465034e-06	7797
416193	-5.387926e-07	1.609007e-06	1.464957e-06	7797
407937	-5.389599e-07	1.609021e-06	1.464880e-06	7797
399681	-5.391270e-07	1.609035e-06	1.464803e-06	7797
391425	-5.392943e-07	1.609050e-06	1.464726e-06	7797
383169	-5.394614e-07	1.609064e-06	1.464649e-06	7797
374913	-5.396286e-07	1.609078e-06	1.464571e-06	7797
366657	-5.397957e-07	1.609092e-06	1.464494e-06	7797
358401	-5.399629e-07	1.609107e-06	1.464417e-06	7797
350145	-5.401300e-07	1.609121e-06	1.464340e-06	7797
341889	-5.402972e-07	1.609135e-06	1.464262e-06	7797
333633	-5.404643e-07	1.609149e-06	1.464185e-06	7797
325377	-5.406314e-07	1.609164e-06	1.464108e-06	7797
317121	-5.407985e-07	1.609178e-06	1.464030e-06	7797
308865	-5.409656e-07	1.609192e-06	1.463953e-06	7797
300609	-5.411326e-07	1.609206e-06	1.463875e-06	7797
292353	-5.412997e-07	1.609221e-06	1.463798e-06	7797
284097	-5.414668e-07	1.609235e-06	1.463720e-06	7797
275841	-5.416338e-07	1.609249e-06	1.463643e-06	7797
267585	-5.418008e-07	1.609264e-06	1.463565e-06	7797
259329	-5.419678e-07	1.609278e-06	1.463488e-06	7797
251073	-5.421348e-07	1.609292e-06	1.463410e-06	7797
242817	-5.423018e-07	1.609306e-06	1.463333e-06	7797
234561	-5.424688e-07	1.609321e-06	1.463255e-06	7797
226305	-5.426357e-07	1.609335e-06	1.463177e-06	7797
218049	-5.428027e-07	1.609349e-06	1.463100e-06	7797
209793	-5.429696e-07	1.609364e-06	1.463022e-06	7797
201537	-5.431366e-07	1.609378e-06	1.462944e-06	7797
193281	-5.433035e-07	1.609392e-06	1.462866e-06	7797
185025	-5.434704e-07	1.609407e-06	1.462789e-06	7797
176769	-5.436373e-07	1.609421e-06	1.462711e-06	7797
168513	-5.438042e-07	1.609435e-06	1.462633e-06	7797
160257	-5.439711e-07	1.609450e-06	1.462555e-06	7797
152001	-5.441379e-07	1.609464e-06	1.462477e-06	7797
143745	-5.443048e-07	1.609478e-06	1.462399e-06	7797
135489	-5.444716e-07	1.609493e-06	1.462322e-06	7797
127233	-5.446385e-07	1.609507e-06	1.462244e-06	7797
118977	-5.448053e-07	1.609522e-06	1.462166e-06	7797
110721	-5.449721e-07	1.609536e-06	1.462088e-06	7797
102465	-5.451388e-07	1.609550e-06	1.462010e-06	7797
94209	-5.453056e-07	1.609565e-06	1.461932e-06	7797
85953	-5.454724e-07	1.609579e-06	1.461853e-06	7797
77697	-5.456392e-07	1.609593e-06	1.461775e-06	7797
69441	-5.458059e-07	1.609608e-06	1.461697e-06	7797
61185	-5.459727e-07	1.609622e-06	1.461619e-06	7797
52929	-5.461394e-07	1.609637e-06	1.461541e-06	7797
44673	-5.463061e-07	1.609651e-06	1.461463e-06	7797
36417	-5.464728e-07	1.609666e-06	1.461385e-06	7797
28161	-5.466395e-07	1.609680e-06	1.461306e-06	7797
19905	-5.468062e-07	1.609694e-06	1.461228e-06	7797
11649	-5.469728e-07	1.609709e-06	1.461150e-06	7797
3393	-5.471395e-07	1.609723e-06	1.461072e-06	7797
1147827	-7.513326e-07	1.610670e-06	1.558541e-06	629
1139571	-7.515132e-07	1.610690e-06	1.558433e-06	629
1131315	-7.516938e-07	1.610710e-06	1.558325e-06	629
1123059	-7.518743e-07	1.610730e-06	1.558218e-06	629
1114803	-7.520549e-07	1.610749e-06	1.558110e-06	629
1106547	-7.522354e-07	1.610769e-06	1.558003e-06	629
1098291	-7.524159e-07	1.610789e-06	1.557895e-06	629
1090035	-7.525964e-07	1.610809e-06	1.557787e-06	629
1081779	-7.527769e-07	1.610829e-06	1.557679e-06	629
1073523	-7.529574e-07	1.610849e-06	1.557571e-06	629
1065267	-7.531378e-07	1.610869e-06	1.557464e-06	629
1057011	-7.533183e-07	1.610889e-06	1.557356e-06	629
1048755	-7.534987e-07	1.610909e-06	1.557248e-06	629
1040499	-7.536790e-07	1.610929e-06	1.557140e-06	629
1032243	-7.538595e-07	1.610949e-06	1.557032e-06	629
1023987	-7.540398e-07	1.610969e-06	1.556924e-06	629
1015731	-7.542201e-07	1.610988e-06	1.556816e-06	629
1007475	-7.544005e-07	1.611008e-06	1.556708e-06	629
999219	-7.545808e-07	1.611028e-06	1.556600e-06	629
990963	-7.547611e-07	1.611048e-06	1.556492e-06	629
982707	-7.549414e-07	1.611068e-06	1.556384e-06	629
974451	-7.551217e-07	1.611088e-06	1.556276e-06	629
966195	-7.553019e-07	1.611108e-06	1.556167e-06	629
957939	-7.554822e-07	1.611128e-06	1.556059e-06	629
949683	-7.556624e-07	1.611148e-06	1.555951e-06	629
941427	-7.558426e-07	1.611168e-06	1.555843e-06	629
933171	-7.560228e-07	1.611188e-06	1.555735e-06	629
924915	-7.562030e-07	1.611208e-06	1.555626e-06	629
916659	-7.563831e-07	1.611228e-06	1.555518e-06	629
908403	-7.565633e-07	1.611248e-06	1.555410e-06	629
900147	-7.567434e-07	1.611268e-06	1.555301e-06	629
891891	-7.569235e-07	1.611288e-06	1.555193e-06	629
883635	-7.571036e-07	1.611308e-06	1.555085e-06	629
875379	-7.572837e-07	1.611328e-06	1.554976e-06	629
867123	-7.574637e-07	1.611348e-06	1.554868e-06	629
858867	-7.576438e-07	1.611368e-06	1.554759e-06	629
850611	-7.578238e-07	1.611388e-06	1.554651e-06	629
842355	-7.580039e-07	1.611408e-06	1.554542e-06	629
834099	-7.581838e-07	1.611428e-06	1.554434e-06	629
825843	-7.583638e-07	1.611449e-06	1.554325e-06	629
817587	-7.585438e-07	1.611469e-06	1.554216e-06	629
809331	-7.587237e-07	1.611489e-06	1.554108e-06	629
801075	-7.589037e-07	1.611509e-06	1.553999e-06	629
792819	-7.590836e-07	1.611529e-06	1.553890e-06	629
784563	-7.592635e-07	1.611549e-06	1.553782e-06	629
776307	-7.594434e-07	1.611569e-06	1.553673e-06	629
768051	-7.596232e-07	1.611589e-06	1.553564e-06	629
759795	-7.598031e-07	1.611609e-06	1.553455e-06	629
751539	-7.599829e-07	1.611629e-06	1.553346e-06	629
743283	-7.601628e-07	1.611649e-06	1.553238e-06	629
735027	-7.603426e-07	1.611669e-06	1.553129e-06	629
726771	-7.605224e-07	1.611689e-06	1.553020e-06	629
718515	-7.607021e-07	1.611710e-06	1.552911e-06	629
710259	-7.608819e-07	1.611730e-06	1.552802e-06	629
702003	-7.610616e-07	1.611750e-06	1.552693e-06	629
693747	-7.612413e-07	1.611770e-06	1.552584e-06	629
685491	-7.614211e-07	1.611790e-06	1.552475e-06	629
677235	-7.616007e-07	1.611810e-06	1.552366e-06	629
668979	-7.617804e-07	1.611830e-06	1.552257e-06	629
660723	-7.619601e-07	1.611851e-06	1.552148e-06	629
652467	-7.621397e-07	1.611871e-06	1.552039e-06	629
644211	-7.623194e-07	1.611891e-06	1.551929e-06	629
635955	-7.624990e-07	1.611911e-06	1.551820e-06	629
627699	-7.626786e-07	1.611931e-06	1.551711e-06	629
619443	-7.628581e-07	1.611951e-06	1.551602e-06	629
611187	-7.630377e-07	1.611971e-06	1.551493e-06	629
602931	-7.632173e-07	1.611992e-06	1.551383e-06	629
594675	-7.633968e-07	1.612012e-06	1.551274e-06	629
586419	-7.635763e-07	1.612032e-06	1.551165e-06	629
578163	-7.637558e-07	1.612052e-06	1.551055e-06	629
569907	-7.639352e-07	1.612072e-06	1.550946e-06	629
561651	-7.641148e-07	1.612093e-06	1.550836e-06	629
553395	-7.642942e-07	1.612113e-06	1.550727e-06	629
545139	-7.644736e-07	1.612133e-06	1.550618e-06	629
536883	-7.646530e-07	1.612153e-06	1.550508e-06	629
528627	-7.648324e-07	1.612173e-06	1.550399e-06	629
520371	-7.650118e-07	1.612194e-06	1.550289e-06	629
512115	-7.651912e-07	1.612214e-06	1.550179e-06	629
503859	-7.653705e-07	1.612234e-06	1.550070e-06	629
495603	-7.655499e-07	1.612254e-06	1.549960e-06	629
487347	-7.657292e-07	1.612275e-06	1.549851e-06	629
479091	-7.659085e-07	1.612295e-06	1.549741e-06	629
470835	-7.660878e-07	1.612315e-06	1.549631e-06	629
462579	-7.662670e-07	1.612335e-06	1.549521e-06	629
454323	-7.664463e-07	1.612356e-06	1.549412e-06	629
446067	-7.666255e-07	1.612376e-06	1.549302e-06	629
437811	-7.668048e-07	1.612396e-06	1.549192e-06	629
429555	-7.669840e-07	1.612417e-06	1.549082e-06	629
421299	-7.671632e-07	1.612437e-06	1.548972e-06	629
413043	-7.673423e-07	1.612457e-06	1.548863e-06	629
404787	-7.675215e-07	1.612477e-06	1.548753e-06	629
396531	-7.677006e-07	1.612498e-06	1.548643e-06	629
388275	-7.678797e-07	1.612518e-06	1.548533e-06	629
380019	-7.680588e-07	1.612538e-06	1.548423e-06	629
371763	-7.682380e-07	1.612559e-06	1.548313e-06	629
363507	-7.684170e-07	1.612579e-06	1.548203e-06	629
355251	-7.685961e-07	1.612599e-06	1.548093e-06	629
346995	-7.687751e-07	1.612620e-06	1.547983e-06	629
338739	-7.689541e-07	1.612640e-06	1.547873e-06	629
330483	-7.691331e-07	1.612660e-06	1.547763e-06	629
322227	-7.693121e-07	1.612681e-06	1.547652e-06	629
313971	-7.694911e-07	1.612701e-06	1.547542e-06	629
305715	-7.696701e-07	1.612721e-06	1.547432e-06	629
297459	-7.698490e-07	1.612742e-06	1.547322e-06	629
289203	-7.700280e-07	1.612762e-06	1.547211e-06	629
280947	-7.702068e-07	1.612783e-06	1.547101e-06	629
272691	-7.703858e-07	1.612803e-06	1.546991e-06	629
264435	-7.705646e-07	1.612823e-06	1.546881e-06	629
256179	-7.707435e-07	1.612844e-06	1.546770e-06	629
247923	-7.709223e-07	1.612864e-06	1.546660e-06	629
239667	-7.711012e-07	1.612884e-06	1.546549e-06	629
231411	-7.712800e-07	1.612905e-06	1.546439e-06	629
223155	-7.714588e-07	1.612925e-06	1.546328e-06	629
214899	-7.716376e-07	1.612946e-06	1.546218e-06	629
206643	-7.718163e-07	1.612966e-06	1.546107e-06	629
198387	-7.719951e-07	1.612986e-06	1.545997e-06	629
190131	-7.721738e-07	1.613007e-06	1.545886e-06	629
181875	-7.723525e-07	1.613027e-06	1.545776e-06	629
173619	-7.725312e-07	1.613048e-06	1.545665e-06	629
165363	-7.727099e-07	1.613068e-06	1.545554e-06	629
157107	-7.728885e-07	1.613089e-06	1.545444e-06	629
148851	-7.730672e-07	1.613109e-06	1.545333e-06	629
140595	-7.732459e-07	1.613129e-06	1.545222e-06	629
132339	-7.734245e-07	1.613150e-06	1.545112e-06	629
1155081	-4.066044e-07	1.613155e-06	1.436056e-06	23151
1146825	-4.067674e-07	1.613166e-06	1.435998e-06	23151
124083	-7.736031e-07	1.613170e-06	1.545001e-06	629
1138569	-4.069303e-07	1.613177e-06	1.435940e-06	23151
1130313	-4.070933e-07	1.613187e-06	1.435881e-06	23151
115827	-7.737817e-07	1.613191e-06	1.544890e-06	629
1122057	-4.072562e-07	1.613198e-06	1.435823e-06	23151
1113801	-4.074192e-07	1.613209e-06	1.435765e-06	23151
107571	-7.739602e-07	1.613211e-06	1.544779e-06	629
1105545	-4.075821e-07	1.613219e-06	1.435707e-06	23151
1097289	-4.077450e-07	1.613230e-06	1.435648e-06	23151
99315	-7.741388e-07	1.613232e-06	1.544668e-06	629
1089033	-4.079079e-07	1.613241e-06	1.435590e-06	23151
1080777	-4.080708e-07	1.613252e-06	1.435532e-06	23151
91059	-7.743173e-07	1.613252e-06	1.544557e-06	629
1072521	-4.082337e-07	1.613262e-06	1.435473e-06	23151
82803	-7.744958e-07	1.613273e-06	1.544446e-06	629
1064265	-4.083965e-07	1.613273e-06	1.435415e-06	23151
1056009	-4.085594e-07	1.613284e-06	1.435356e-06	23151
74547	-7.746743e-07	1.613293e-06	1.544336e-06	629
1047753	-4.087223e-07	1.613295e-06	1.435298e-06	23151
1039497	-4.088851e-07	1.613305e-06	1.435239e-06	23151
66291	-7.748528e-07	1.613314e-06	1.544225e-06	629
1031241	-4.090480e-07	1.613316e-06	1.435181e-06	23151
1022985	-4.092108e-07	1.613327e-06	1.435122e-06	23151
58035	-7.750313e-07	1.613334e-06	1.544114e-06	629
1014729	-4.093737e-07	1.613338e-06	1.435064e-06	23151
1006473	-4.095365e-07	1.613348e-06	1.435005e-06	23151
49779	-7.752097e-07	1.613355e-06	1.544003e-06	629
998217	-4.096993e-07	1.613359e-06	1.434947e-06	23151
989961	-4.098621e-07	1.613370e-06	1.434888e-06	23151
41523	-7.753882e-07	1.613375e-06	1.543892e-06	629
981705	-4.100249e-07	1.613381e-06	1.434829e-06	23151
973449	-4.101877e-07	1.613392e-06	1.434771e-06	23151
33267	-7.755665e-07	1.613396e-06	1.543781e-06	629
965193	-4.103504e-07	1.613402e-06	1.434712e-06	23151
956937	-4.105132e-07	1.613413e-06	1.434653e-06	23151
25011	-7.757450e-07	1.613416e-06	1.543670e-06	629
948681	-4.106760e-07	1.613424e-06	1.434595e-06	23151
940425	-4.108387e-07	1.613435e-06	1.434536e-06	23151
16755	-7.759234e-07	1.613437e-06	1.543558e-06	629
932169	-4.110015e-07	1.613446e-06	1.434477e-06	23151
923913	-4.111642e-07	1.613456e-06	1.434418e-06	23151
8499	-7.761017e-07	1.613457e-06	1.543447e-06	629
915657	-4.113269e-07	1.613467e-06	1.434360e-06	23151
243	-7.762801e-07	1.613478e-06	1.543336e-06	629
907401	-4.114896e-07	1.613478e-06	1.434301e-06	23151
899145	-4.116523e-07	1.613489e-06	1.434242e-06	23151
890889	-4.118150e-07	1.613500e-06	1.434183e-06	23151
882633	-4.119777e-07	1.613511e-06	1.434124e-06	23151
874377	-4.121404e-07	1.613521e-06	1.434065e-06	23151
866121	-4.123031e-07	1.613532e-06	1.434006e-06	23151
857865	-4.124657e-07	1.613543e-06	1.433947e-06	23151
849609	-4.126284e-07	1.613554e-06	1.433888e-06	23151
841353	-4.127910e-07	1.613565e-06	1.433829e-06	23151
833097	-4.129537e-07	1.613576e-06	1.433770e-06	23151
824841	-4.131163e-07	1.613587e-06	1.433711e-06	23151
816585	-4.132789e-07	1.613597e-06	1.433652e-06	23151
808329	-4.134415e-07	1.613608e-06	1.433593e-06	23151
800073	-4.136041e-07	1.613619e-06	1.433533e-06	23151
791817	-4.137667e-07	1.613630e-06	1.433474e-06	23151
783561	-4.139293e-07	1.613641e-06	1.433415e-06	23151
775305	-4.140919e-07	1.613652e-06	1.433356e-06	23151
767049	-4.142544e-07	1.613663e-06	1.433297e-06	23151
758793	-4.144170e-07	1.613674e-06	1.433237e-06	23151
750537	-4.145795e-07	1.613685e-06	1.433178e-06	23151
742281	-4.147421e-07	1.613696e-06	1.433119e-06	23151
734025	-4.149046e-07	1.613706e-06	1.433059e-06	23151
725769	-4.150671e-07	1.613717e-06	1.433000e-06	23151
717513	-4.152296e-07	1.613728e-06	1.432941e-06	23151
709257	-4.153921e-07	1.613739e-06	1.432881e-06	23151
701001	-4.155546e-07	1.613750e-06	1.432822e-06	23151
692745	-4.157171e-07	1.613761e-06	1.432762e-06	23151
684489	-4.158796e-07	1.613772e-06	1.432703e-06	23151
676233	-4.160420e-07	1.613783e-06	1.432643e-06	23151
667977	-4.162045e-07	1.613794e-06	1.432584e-06	23151
659721	-4.163670e-07	1.613805e-06	1.432524e-06	23151
651465	-4.165294e-07	1.613816e-06	1.432465e-06	23151
643209	-4.166918e-07	1.613827e-06	1.432405e-06	23151
634953	-4.168542e-07	1.613838e-06	1.432345e-06	23151
626697	-4.170167e-07	1.613849e-06	1.432286e-06	23151
618441	-4.171791e-07	1.613860e-06	1.432226e-06	23151
610185	-4.173415e-07	1.613871e-06	1.432166e-06	23151
601929	-4.175039e-07	1.613882e-06	1.432107e-06	23151
593673	-4.176663e-07	1.613893e-06	1.432047e-06	23151
585417	-4.178286e-07	1.613904e-06	1.431987e-06	23151
577161	-4.179910e-07	1.613915e-06	1.431927e-06	23151
568905	-4.181533e-07	1.613926e-06	1.431868e-06	23151
560649	-4.183157e-07	1.613937e-06	1.431808e-06	23151
552393	-4.184780e-07	1.613948e-06	1.431748e-06	23151
544137	-4.186404e-07	1.613959e-06	1.431688e-06	23151
535881	-4.188027e-07	1.613970e-06	1.431628e-06	23151
527625	-4.189650e-07	1.613981e-06	1.431568e-06	23151
519369	-4.191273e-07	1.613992e-06	1.431508e-06	23151
511113	-4.192896e-07	1.614003e-06	1.431448e-06	23151
502857	-4.194519e-07	1.614014e-06	1.431388e-06	23151
494601	-4.196141e-07	1.614025e-06	1.431328e-06	23151
486345	-4.197764e-07	1.614036e-06	1.431268e-06	23151
478089	-4.199386e-07	1.614047e-06	1.431208e-06	23151
469833	-4.201009e-07	1.614058e-06	1.431148e-06	23151
461577	-4.202631e-07	1.614069e-06	1.431088e-06	23151
453321	-4.204254e-07	1.614080e-06	1.431028e-06	23151
445065	-4.205876e-07	1.614091e-06	1.430968e-06	23151
436809	-4.207498e-07	1.614102e-06	1.430908e-06	23151
428553	-4.209120e-07	1.614113e-06	1.430847e-06	23151
420297	-4.210742e-07	1.614125e-06	1.430787e-06	23151
412041	-4.212364e-07	1.614136e-06	1.430727e-06	23151
403785	-4.213985e-07	1.614147e-06	1.430667e-06	23151
395529	-4.215607e-07	1.614158e-06	1.430606e-06	23151
387273	-4.217229e-07	1.614169e-06	1.430546e-06	23151
379017	-4.218850e-07	1.614180e-06	1.430486e-06	23151
370761	-4.220472e-07	1.614191e-06	1.430425e-06	23151
362505	-4.222093e-07	1.614202e-06	1.430365e-06	23151
354249	-4.223714e-07	1.614213e-06	1.430305e-06	23151
345993	-4.225335e-07	1.614225e-06	1.430244e-06	23151
337737	-4.226956e-07	1.614236e-06	1.430184e-06	23151
329481	-4.228577e-07	1.614247e-06	1.430123e-06	23151
321225	-4.230198e-07	1.614258e-06	1.430063e-06	23151
312969	-4.231819e-07	1.614269e-06	1.430002e-06	23151
304713	-4.233439e-07	1.614280e-06	1.429942e-06	23151
296457	-4.235060e-07	1.614291e-06	1.429881e-06	23151
288201	-4.236680e-07	1.614303e-06	1.429820e-06	23151
279945	-4.238301e-07	1.614314e-06	1.429760e-06	23151
271689	-4.239921e-07	1.614325e-06	1.429699e-06	23151
263433	-4.241541e-07	1.614336e-06	1.429638e-06	23151
255177	-4.243162e-07	1.614347e-06	1.429578e-06	23151
246921	-4.244782e-07	1.614358e-06	1.429517e-06	23151
238665	-4.246402e-07	1.614369e-06	1.429456e-06	23151
230409	-4.248022e-07	1.614381e-06	1.429396e-06	23151
222153	-4.249641e-07	1.614392e-06	1.429335e-06	23151
213897	-4.251261e-07	1.614403e-06	1.429274e-06	23151
205641	-4.252881e-07	1.614414e-06	1.429213e-06	23151
197385	-4.254500e-07	1.614425e-06	1.429152e-06	23151
189129	-4.256119e-07	1.614437e-06	1.429091e-06	23151
180873	-4.257739e-07	1.614448e-06	1.429030e-06	23151
172617	-4.259358e-07	1.614459e-06	1.428970e-06	23151
164361	-4.260977e-07	1.614470e-06	1.428909e-06	23151
156105	-4.262596e-07	1.614482e-06	1.428848e-06	23151
147849	-4.264215e-07	1.614493e-06	1.428787e-06	23151
139593	-4.265834e-07	1.614504e-06	1.428726e-06	23151
131337	-4.267453e-07	1.614515e-06	1.428665e-06	23151
123081	-4.269071e-07	1.614526e-06	1.428604e-06	23151
114825	-4.270690e-07	1.614538e-06	1.428542e-06	23151
106569	-4.272309e-07	1.614549e-06	1.428481e-06	23151
98313	-4.273927e-07	1.614560e-06	1.428420e-06	23151
90057	-4.275545e-07	1.614571e-06	1.428359e-06	23151
81801	-4.277164e-07	1.614583e-06	1.428298e-06	23151
73545	-4.278782e-07	1.614594e-06	1.428237e-06	23151
65289	-4.280400e-07	1.614605e-06	1.428175e-06	23151
57033	-4.282018e-07	1.614617e-06	1.428114e-06	23151
48777	-4.283636e-07	1.614628e-06	1.428053e-06	23151
40521	-4.285254e-07	1.614639e-06	1.427992e-06	23151
32265	-4.286871e-07	1.614650e-06	1.427930e-06	23151
24009	-4.288489e-07	1.614662e-06	1.427869e-06	23151
15753	-4.290106e-07	1.614673e-06	1.427808e-06	23151
7497	-4.291724e-07	1.614684e-06	1.427746e-06	23151
1148807	-8.903825e-07	1.616958e-06	1.613087e-06	2677
1140551	-8.905708e-07	1.616982e-06	1.612960e-06	2677
1132295	-8.907590e-07	1.617005e-06	1.612832e-06	2677
1124039	-8.909472e-07	1.617029e-06	1.612705e-06	2677
1115783	-8.911354e-07	1.617052e-06	1.612577e-06	2677
1107527	-8.913236e-07	1.617076e-06	1.612449e-06	2677
1099271	-8.915117e-07	1.617100e-06	1.612322e-06	2677
1091015	-8.916998e-07	1.617123e-06	1.612194e-06	2677
1082759	-8.918880e-07	1.617147e-06	1.612066e-06	2677
1074503	-8.920761e-07	1.617170e-06	1.611939e-06	2677
1066247	-8.922641e-07	1.617194e-06	1.611811e-06	2677
1057991	-8.924521e-07	1.617218e-06	1.611683e-06	2677
1049735	-8.926402e-07	1.617241e-06	1.611555e-06	2677
1041479	-8.928282e-07	1.617265e-06	1.611427e-06	2677
1033223	-8.930162e-07	1.617289e-06	1.611299e-06	2677
1024967	-8.932042e-07	1.617312e-06	1.611171e-06	2677
1016711	-8.933922e-07	1.617336e-06	1.611043e-06	2677
1008455	-8.935801e-07	1.617360e-06	1.610916e-06	2677
1000199	-8.937680e-07	1.617383e-06	1.610788e-06	2677
991943	-8.939559e-07	1.617407e-06	1.610660e-06	2677
983687	-8.941438e-07	1.617430e-06	1.610531e-06	2677
975431	-8.943317e-07	1.617454e-06	1.610403e-06	2677
967175	-8.945195e-07	1.617478e-06	1.610275e-06	2677
958919	-8.947073e-07	1.617502e-06	1.610147e-06	2677
950663	-8.948952e-07	1.617525e-06	1.610019e-06	2677
942407	-8.950830e-07	1.617549e-06	1.609891e-06	2677
934151	-8.952707e-07	1.617573e-06	1.609763e-06	2677
925895	-8.954585e-07	1.617596e-06	1.609634e-06	2677
917639	-8.956462e-07	1.617620e-06	1.609506e-06	2677
909383	-8.958339e-07	1.617644e-06	1.609378e-06	2677
901127	-8.960216e-07	1.617667e-06	1.609249e-06	2677
892871	-8.962093e-07	1.617691e-06	1.609121e-06	2677
884615	-8.963970e-07	1.617715e-06	1.608993e-06	2677
876359	-8.965845e-07	1.617739e-06	1.608864e-06	2677
868103	-8.967722e-07	1.617762e-06	1.608736e-06	2677
859847	-8.969598e-07	1.617786e-06	1.608607e-06	2677
851591	-8.971473e-07	1.617810e-06	1.608479e-06	2677
843335	-8.973349e-07	1.617834e-06	1.608350e-06	2677
835079	-8.975225e-07	1.617857e-06	1.608222e-06	2677
826823	-8.977100e-07	1.617881e-06	1.608093e-06	2677
818567	-8.978975e-07	1.617905e-06	1.607965e-06	2677
810311	-8.980850e-07	1.617929e-06	1.607836e-06	2677
802055	-8.982724e-07	1.617952e-06	1.607707e-06	2677
793799	-8.984599e-07	1.617976e-06	1.607579e-06	2677
785543	-8.986473e-07	1.618000e-06	1.607450e-06	2677
777287	-8.988347e-07	1.618024e-06	1.607321e-06	2677
769031	-8.990221e-07	1.618047e-06	1.607192e-06	2677
760775	-8.992095e-07	1.618071e-06	1.607064e-06	2677
752519	-8.993968e-07	1.618095e-06	1.606935e-06	2677
744263	-8.995842e-07	1.618119e-06	1.606806e-06	2677
736007	-8.997715e-07	1.618143e-06	1.606677e-06	2677
727751	-8.999588e-07	1.618166e-06	1.606548e-06	2677
719495	-9.001461e-07	1.618190e-06	1.606419e-06	2677
1150264	-7.181841e-07	1.618194e-06	1.552117e-06	6006
1142008	-7.183636e-07	1.618213e-06	1.552014e-06	6006
711239	-9.003333e-07	1.618214e-06	1.606290e-06	2677
1133752	-7.185430e-07	1.618232e-06	1.551911e-06	6006
702983	-9.005205e-07	1.618238e-06	1.606161e-06	2677
1125496	-7.187224e-07	1.618251e-06	1.551808e-06	6006
694727	-9.007077e-07	1.618262e-06	1.606032e-06	2677
1117240	-7.189019e-07	1.618270e-06	1.551705e-06	6006
686471	-9.008950e-07	1.618286e-06	1.605903e-06	2677
1108984	-7.190813e-07	1.618289e-06	1.551602e-06	6006
1100728	-7.192607e-07	1.618308e-06	1.551499e-06	6006
678215	-9.010821e-07	1.618310e-06	1.605774e-06	2677
1092472	-7.194401e-07	1.618327e-06	1.551396e-06	6006
669959	-9.012693e-07	1.618333e-06	1.605645e-06	2677
1084216	-7.196194e-07	1.618346e-06	1.551293e-06	6006
661703	-9.014564e-07	1.618357e-06	1.605516e-06	2677
1075960	-7.197988e-07	1.618365e-06	1.551190e-06	6006
653447	-9.016435e-07	1.618381e-06	1.605387e-06	2677
1067704	-7.199781e-07	1.618384e-06	1.551087e-06	6006
1150472	-6.640723e-07	1.618390e-06	1.532589e-06	6517
1059448	-7.201575e-07	1.618403e-06	1.550984e-06	6006
645191	-9.018307e-07	1.618405e-06	1.605258e-06	2677
1142216	-6.642490e-07	1.618407e-06	1.532494e-06	6517
1051192	-7.203367e-07	1.618422e-06	1.550881e-06	6006
1133960	-6.644257e-07	1.618425e-06	1.532399e-06	6517
636935	-9.020177e-07	1.618429e-06	1.605129e-06	2677
1042936	-7.205160e-07	1.618441e-06	1.550778e-06	6006
1125704	-6.646023e-07	1.618442e-06	1.532304e-06	6517
628679	-9.022048e-07	1.618453e-06	1.605000e-06	2677
1117448	-6.647790e-07	1.618460e-06	1.532209e-06	6517
1034680	-7.206953e-07	1.618460e-06	1.550674e-06	6006
620423	-9.023918e-07	1.618477e-06	1.604870e-06	2677
1109192	-6.649555e-07	1.618477e-06	1.532113e-06	6517
1026424	-7.208745e-07	1.618479e-06	1.550571e-06	6006
1100936	-6.651321e-07	1.618495e-06	1.532018e-06	6517
1018168	-7.210538e-07	1.618498e-06	1.550468e-06	6006
612167	-9.025788e-07	1.618501e-06	1.604741e-06	2677
1092680	-6.653087e-07	1.618512e-06	1.531923e-06	6517
1009912	-7.212331e-07	1.618517e-06	1.550365e-06	6006
603911	-9.027659e-07	1.618524e-06	1.604612e-06	2677
1084424	-6.654853e-07	1.618530e-06	1.531828e-06	6517
1001656	-7.214122e-07	1.618536e-06	1.550261e-06	6006
1076168	-6.656618e-07	1.618548e-06	1.531732e-06	6517
595655	-9.029529e-07	1.618548e-06	1.604482e-06	2677
993400	-7.215914e-07	1.618555e-06	1.550158e-06	6006
1067912	-6.658383e-07	1.618565e-06	1.531637e-06	6517
587399	-9.031398e-07	1.618572e-06	1.604353e-06	2677
985144	-7.217706e-07	1.618574e-06	1.550055e-06	6006
1059656	-6.660149e-07	1.618583e-06	1.531542e-06	6517
976888	-7.219498e-07	1.618594e-06	1.549951e-06	6006
579143	-9.033268e-07	1.618596e-06	1.604224e-06	2677
1051400	-6.661914e-07	1.618600e-06	1.531446e-06	6517
968632	-7.221289e-07	1.618613e-06	1.549848e-06	6006
1043144	-6.663679e-07	1.618618e-06	1.531351e-06	6517
570887	-9.035137e-07	1.618620e-06	1.604094e-06	2677
960376	-7.223081e-07	1.618632e-06	1.549745e-06	6006
1034888	-6.665444e-07	1.618636e-06	1.531255e-06	6517
562631	-9.037006e-07	1.618644e-06	1.603965e-06	2677
952120	-7.224872e-07	1.618651e-06	1.549641e-06	6006
1026632	-6.667208e-07	1.618653e-06	1.531160e-06	6517
554375	-9.038875e-07	1.618668e-06	1.603835e-06	2677
943864	-7.226663e-07	1.618670e-06	1.549538e-06	6006
1018376	-6.668973e-07	1.618671e-06	1.531065e-06	6517
1010120	-6.670737e-07	1.618689e-06	1.530969e-06	6517
935608	-7.228454e-07	1.618689e-06	1.549434e-06	6006
546119	-9.040744e-07	1.618692e-06	1.603706e-06	2677
1001864	-6.672502e-07	1.618706e-06	1.530874e-06	6517
927352	-7.230244e-07	1.618708e-06	1.549331e-06	6006
537863	-9.042612e-07	1.618716e-06	1.603576e-06	2677
993608	-6.674266e-07	1.618724e-06	1.530778e-06	6517
919096	-7.232035e-07	1.618727e-06	1.549227e-06	6006
529607	-9.044481e-07	1.618740e-06	1.603447e-06	2677
985352	-6.676030e-07	1.618741e-06	1.530682e-06	6517
910840	-7.233825e-07	1.618746e-06	1.549124e-06	6006
977096	-6.677794e-07	1.618759e-06	1.530587e-06	6517
521351	-9.046349e-07	1.618764e-06	1.603317e-06	2677
902584	-7.235616e-07	1.618766e-06	1.549020e-06	6006
968840	-6.679557e-07	1.618777e-06	1.530491e-06	6517
894328	-7.237406e-07	1.618785e-06	1.548916e-06	6006
513095	-9.048217e-07	1.618787e-06	1.603188e-06	2677
960584	-6.681321e-07	1.618794e-06	1.530395e-06	6517
886072	-7.239196e-07	1.618804e-06	1.548813e-06	6006
504839	-9.050084e-07	1.618811e-06	1.603058e-06	2677
952328	-6.683084e-07	1.618812e-06	1.530300e-06	6517
1147954	-8.073013e-07	1.618814e-06	1.585704e-06	886
877816	-7.240985e-07	1.618823e-06	1.548709e-06	6006
944072	-6.684847e-07	1.618830e-06	1.530204e-06	6517
1139698	-8.074856e-07	1.618835e-06	1.585588e-06	886
496583	-9.051952e-07	1.618835e-06	1.602928e-06	2677
869560	-7.242775e-07	1.618842e-06	1.548605e-06	6006
935816	-6.686611e-07	1.618847e-06	1.530108e-06	6517
1131442	-8.076698e-07	1.618857e-06	1.585473e-06	886
488327	-9.053820e-07	1.618859e-06	1.602799e-06	2677
861304	-7.244565e-07	1.618861e-06	1.548502e-06	6006
927560	-6.688373e-07	1.618865e-06	1.530013e-06	6517
1123186	-8.078541e-07	1.618878e-06	1.585357e-06	886
853048	-7.246354e-07	1.618880e-06	1.548398e-06	6006
919304	-6.690136e-07	1.618883e-06	1.529917e-06	6517
480071	-9.055686e-07	1.618883e-06	1.602669e-06	2677
844792	-7.248143e-07	1.618899e-06	1.548294e-06	6006
1114930	-8.080383e-07	1.618899e-06	1.585241e-06	886
911048	-6.691899e-07	1.618900e-06	1.529821e-06	6517
471815	-9.057554e-07	1.618907e-06	1.602539e-06	2677
902792	-6.693662e-07	1.618918e-06	1.529725e-06	6517
836536	-7.249932e-07	1.618919e-06	1.548190e-06	6006
1106674	-8.082225e-07	1.618921e-06	1.585125e-06	886
463559	-9.059420e-07	1.618931e-06	1.602410e-06	2677
894536	-6.695424e-07	1.618936e-06	1.529629e-06	6517
828280	-7.251721e-07	1.618938e-06	1.548086e-06	6006
1098418	-8.084067e-07	1.618942e-06	1.585010e-06	886
886280	-6.697186e-07	1.618953e-06	1.529534e-06	6517
455303	-9.061287e-07	1.618955e-06	1.602280e-06	2677
820024	-7.253510e-07	1.618957e-06	1.547983e-06	6006
1090162	-8.085909e-07	1.618964e-06	1.584894e-06	886
878024	-6.698949e-07	1.618971e-06	1.529438e-06	6517
811768	-7.255298e-07	1.618976e-06	1.547879e-06	6006
447047	-9.063153e-07	1.618979e-06	1.602150e-06	2677
1081906	-8.087750e-07	1.618985e-06	1.584778e-06	886
869768	-6.700711e-07	1.618989e-06	1.529342e-06	6517
803512	-7.257087e-07	1.618995e-06	1.547775e-06	6006
438791	-9.065020e-07	1.619003e-06	1.602020e-06	2677
1073650	-8.089591e-07	1.619006e-06	1.584662e-06	886
861512	-6.702472e-07	1.619007e-06	1.529246e-06	6517
795256	-7.258875e-07	1.619014e-06	1.547671e-06	6006
853256	-6.704234e-07	1.619024e-06	1.529150e-06	6517
430535	-9.066886e-07	1.619027e-06	1.601890e-06	2677
1065394	-8.091432e-07	1.619028e-06	1.584546e-06	886
787000	-7.260663e-07	1.619034e-06	1.547567e-06	6006
845000	-6.705995e-07	1.619042e-06	1.529054e-06	6517
1057138	-8.093273e-07	1.619049e-06	1.584430e-06	886
422279	-9.068751e-07	1.619051e-06	1.601760e-06	2677
778744	-7.262451e-07	1.619053e-06	1.547463e-06	6006
836744	-6.707757e-07	1.619060e-06	1.528958e-06	6517
1048882	-8.095114e-07	1.619071e-06	1.584315e-06	886
770488	-7.264239e-07	1.619072e-06	1.547359e-06	6006
414023	-9.070617e-07	1.619075e-06	1.601631e-06	2677
828488	-6.709518e-07	1.619077e-06	1.528862e-06	6517
762232	-7.266027e-07	1.619091e-06	1.547255e-06	6006
1040626	-8.096955e-07	1.619092e-06	1.584199e-06	886
820232	-6.711280e-07	1.619095e-06	1.528766e-06	6517
405767	-9.072482e-07	1.619099e-06	1.601501e-06	2677
753976	-7.267814e-07	1.619111e-06	1.547151e-06	6006
811976	-6.713040e-07	1.619113e-06	1.528669e-06	6517
1032370	-8.098795e-07	1.619113e-06	1.584083e-06	886
397511	-9.074348e-07	1.619123e-06	1.601371e-06	2677
745720	-7.269601e-07	1.619130e-06	1.547047e-06	6006
803720	-6.714801e-07	1.619131e-06	1.528573e-06	6517
1024114	-8.100636e-07	1.619135e-06	1.583967e-06	886
389255	-9.076213e-07	1.619147e-06	1.601241e-06	2677
795464	-6.716562e-07	1.619148e-06	1.528477e-06	6517
737464	-7.271389e-07	1.619149e-06	1.546943e-06	6006
1015858	-8.102476e-07	1.619156e-06	1.583851e-06	886
787208	-6.718323e-07	1.619166e-06	1.528381e-06	6517
729208	-7.273176e-07	1.619168e-06	1.546838e-06	6006
380999	-9.078078e-07	1.619171e-06	1.601111e-06	2677
1007602	-8.104316e-07	1.619178e-06	1.583735e-06	886
778952	-6.720083e-07	1.619184e-06	1.528285e-06	6517
720952	-7.274962e-07	1.619187e-06	1.546734e-06	6006
372743	-9.079943e-07	1.619195e-06	1.600981e-06	2677
999346	-8.106155e-07	1.619199e-06	1.583618e-06	886
770696	-6.721843e-07	1.619202e-06	1.528189e-06	6517
712696	-7.276749e-07	1.619207e-06	1.546630e-06	6006
364487	-9.081807e-07	1.619219e-06	1.600851e-06	2677
762440	-6.723603e-07	1.619219e-06	1.528092e-06	6517
991090	-8.107995e-07	1.619221e-06	1.583502e-06	886
704440	-7.278536e-07	1.619226e-06	1.546526e-06	6006
754184	-6.725363e-07	1.619237e-06	1.527996e-06	6517
982834	-8.109835e-07	1.619242e-06	1.583386e-06	886
356231	-9.083671e-07	1.619243e-06	1.600720e-06	2677
696184	-7.280322e-07	1.619245e-06	1.546422e-06	6006
745928	-6.727123e-07	1.619255e-06	1.527900e-06	6517
974578	-8.111674e-07	1.619263e-06	1.583270e-06	886
687928	-7.282109e-07	1.619264e-06	1.546317e-06	6006
347975	-9.085535e-07	1.619267e-06	1.600590e-06	2677
737672	-6.728883e-07	1.619273e-06	1.527803e-06	6517
679672	-7.283895e-07	1.619284e-06	1.546213e-06	6006
966322	-8.113513e-07	1.619285e-06	1.583154e-06	886
729416	-6.730642e-07	1.619291e-06	1.527707e-06	6517
339719	-9.087399e-07	1.619292e-06	1.600460e-06	2677
671416	-7.285681e-07	1.619303e-06	1.546109e-06	6006
958066	-8.115352e-07	1.619306e-06	1.583038e-06	886
721160	-6.732402e-07	1.619308e-06	1.527611e-06	6517
331463	-9.089263e-07	1.619316e-06	1.600330e-06	2677
663160	-7.287466e-07	1.619322e-06	1.546004e-06	6006
712904	-6.734161e-07	1.619326e-06	1.527514e-06	6517
949810	-8.117190e-07	1.619328e-06	1.582921e-06	886
323207	-9.091127e-07	1.619340e-06	1.600200e-06	2677
654904	-7.289252e-07	1.619341e-06	1.545900e-06	6006
704648	-6.735920e-07	1.619344e-06	1.527418e-06	6517
941554	-8.119029e-07	1.619349e-06	1.582805e-06	886
646648	-7.291038e-07	1.619361e-06	1.545796e-06	6006
696392	-6.737679e-07	1.619362e-06	1.527321e-06	6517
314951	-9.092990e-07	1.619364e-06	1.600069e-06	2677
933298	-8.120867e-07	1.619371e-06	1.582689e-06	886
688136	-6.739438e-07	1.619380e-06	1.527225e-06	6517
638392	-7.292823e-07	1.619380e-06	1.545691e-06	6006
306695	-9.094853e-07	1.619388e-06	1.599939e-06	2677
925042	-8.122706e-07	1.619392e-06	1.582573e-06	886
679880	-6.741197e-07	1.619397e-06	1.527128e-06	6517
630136	-7.294608e-07	1.619399e-06	1.545587e-06	6006
298439	-9.096716e-07	1.619412e-06	1.599809e-06	2677
916786	-8.124543e-07	1.619414e-06	1.582456e-06	886
671624	-6.742955e-07	1.619415e-06	1.527032e-06	6517
621880	-7.296393e-07	1.619419e-06	1.545482e-06	6006
663368	-6.744714e-07	1.619433e-06	1.526935e-06	6517
908530	-8.126382e-07	1.619435e-06	1.582340e-06	886
290183	-9.098579e-07	1.619436e-06	1.599679e-06	2677
613624	-7.298178e-07	1.619438e-06	1.545378e-06	6006
655112	-6.746472e-07	1.619451e-06	1.526839e-06	6517
900274	-8.128219e-07	1.619457e-06	1.582223e-06	886
605368	-7.299963e-07	1.619457e-06	1.545273e-06	6006
281927	-9.100441e-07	1.619460e-06	1.599548e-06	2677
646856	-6.748230e-07	1.619469e-06	1.526742e-06	6517
597112	-7.301747e-07	1.619477e-06	1.545169e-06	6006
892018	-8.130057e-07	1.619478e-06	1.582107e-06	886
273671	-9.102304e-07	1.619484e-06	1.599418e-06	2677
638600	-6.749988e-07	1.619486e-06	1.526645e-06	6517
588856	-7.303532e-07	1.619496e-06	1.545064e-06	6006
883762	-8.131894e-07	1.619500e-06	1.581991e-06	886
630344	-6.751746e-07	1.619504e-06	1.526549e-06	6517
265415	-9.104166e-07	1.619508e-06	1.599288e-06	2677
580600	-7.305316e-07	1.619515e-06	1.544960e-06	6006
875506	-8.133731e-07	1.619521e-06	1.581874e-06	886
622088	-6.753503e-07	1.619522e-06	1.526452e-06	6517
257159	-9.106028e-07	1.619532e-06	1.599157e-06	2677
572344	-7.307100e-07	1.619534e-06	1.544855e-06	6006
613832	-6.755261e-07	1.619540e-06	1.526355e-06	6517
867250	-8.135568e-07	1.619543e-06	1.581757e-06	886
564088	-7.308884e-07	1.619554e-06	1.544750e-06	6006
248903	-9.107890e-07	1.619556e-06	1.599027e-06	2677
605576	-6.757019e-07	1.619558e-06	1.526259e-06	6517
858994	-8.137405e-07	1.619564e-06	1.581641e-06	886
555832	-7.310667e-07	1.619573e-06	1.544646e-06	6006
597320	-6.758776e-07	1.619576e-06	1.526162e-06	6517
240647	-9.109751e-07	1.619581e-06	1.598896e-06	2677
850738	-8.139242e-07	1.619586e-06	1.581524e-06	886
547576	-7.312451e-07	1.619592e-06	1.544541e-06	6006
589064	-6.760533e-07	1.619594e-06	1.526065e-06	6517
232391	-9.111612e-07	1.619605e-06	1.598766e-06	2677
842482	-8.141078e-07	1.619607e-06	1.581408e-06	886
580808	-6.762290e-07	1.619611e-06	1.525968e-06	6517
539320	-7.314235e-07	1.619612e-06	1.544436e-06	6006
224135	-9.113473e-07	1.619629e-06	1.598635e-06	2677
834226	-8.142915e-07	1.619629e-06	1.581291e-06	886
572552	-6.764047e-07	1.619629e-06	1.525871e-06	6517
531064	-7.316018e-07	1.619631e-06	1.544332e-06	6006
564296	-6.765803e-07	1.619647e-06	1.525775e-06	6517
825970	-8.144751e-07	1.619650e-06	1.581175e-06	886
522808	-7.317801e-07	1.619650e-06	1.544227e-06	6006
215879	-9.115334e-07	1.619653e-06	1.598505e-06	2677
556040	-6.767560e-07	1.619665e-06	1.525678e-06	6517
514552	-7.319584e-07	1.619670e-06	1.544122e-06	6006
817714	-8.146587e-07	1.619672e-06	1.581058e-06	886
207623	-9.117196e-07	1.619677e-06	1.598374e-06	2677
547784	-6.769316e-07	1.619683e-06	1.525581e-06	6517
506296	-7.321367e-07	1.619689e-06	1.544017e-06	6006
809458	-8.148422e-07	1.619694e-06	1.580941e-06	886
539528	-6.771073e-07	1.619701e-06	1.525484e-06	6517
199367	-9.119056e-07	1.619701e-06	1.598243e-06	2677
498040	-7.323150e-07	1.619708e-06	1.543912e-06	6006
801202	-8.150258e-07	1.619715e-06	1.580825e-06	886
531272	-6.772829e-07	1.619719e-06	1.525387e-06	6517
191111	-9.120917e-07	1.619725e-06	1.598113e-06	2677
489784	-7.324932e-07	1.619728e-06	1.543807e-06	6006
523016	-6.774585e-07	1.619737e-06	1.525290e-06	6517
792946	-8.152094e-07	1.619737e-06	1.580708e-06	886
481528	-7.326715e-07	1.619747e-06	1.543703e-06	6006
182855	-9.122777e-07	1.619749e-06	1.597982e-06	2677
514760	-6.776341e-07	1.619755e-06	1.525193e-06	6517
784690	-8.153929e-07	1.619758e-06	1.580591e-06	886
473272	-7.328497e-07	1.619767e-06	1.543598e-06	6006
506504	-6.778096e-07	1.619772e-06	1.525096e-06	6517
174599	-9.124637e-07	1.619774e-06	1.597852e-06	2677
776434	-8.155764e-07	1.619780e-06	1.580474e-06	886
465016	-7.330279e-07	1.619786e-06	1.543493e-06	6006
498248	-6.779852e-07	1.619790e-06	1.524999e-06	6517
166343	-9.126497e-07	1.619798e-06	1.597721e-06	2677
768178	-8.157599e-07	1.619801e-06	1.580357e-06	886
456760	-7.332061e-07	1.619805e-06	1.543388e-06	6006
489992	-6.781607e-07	1.619808e-06	1.524902e-06	6517
158087	-9.128356e-07	1.619822e-06	1.597590e-06	2677
759922	-8.159434e-07	1.619823e-06	1.580241e-06	886
448504	-7.333842e-07	1.619825e-06	1.543283e-06	6006
481736	-6.783363e-07	1.619826e-06	1.524805e-06	6517
473480	-6.785118e-07	1.619844e-06	1.524707e-06	6517
440248	-7.335624e-07	1.619844e-06	1.543178e-06	6006
751666	-8.161268e-07	1.619845e-06	1.580124e-06	886
149831	-9.130216e-07	1.619846e-06	1.597459e-06	2677
465224	-6.786873e-07	1.619862e-06	1.524610e-06	6517
431992	-7.337405e-07	1.619863e-06	1.543072e-06	6006
743410	-8.163103e-07	1.619866e-06	1.580007e-06	886
141575	-9.132075e-07	1.619870e-06	1.597328e-06	2677
456968	-6.788628e-07	1.619880e-06	1.524513e-06	6517
423736	-7.339187e-07	1.619883e-06	1.542967e-06	6006
735154	-8.164937e-07	1.619888e-06	1.579890e-06	886
133319	-9.133934e-07	1.619894e-06	1.597198e-06	2677
448712	-6.790382e-07	1.619898e-06	1.524416e-06	6517
415480	-7.340968e-07	1.619902e-06	1.542862e-06	6006
726898	-8.166771e-07	1.619909e-06	1.579773e-06	886
440456	-6.792137e-07	1.619916e-06	1.524319e-06	6517
125063	-9.135793e-07	1.619919e-06	1.597067e-06	2677
407224	-7.342749e-07	1.619922e-06	1.542757e-06	6006
718642	-8.168605e-07	1.619931e-06	1.579656e-06	886
432200	-6.793891e-07	1.619934e-06	1.524221e-06	6517
398968	-7.344530e-07	1.619941e-06	1.542652e-06	6006
116807	-9.137652e-07	1.619943e-06	1.596936e-06	2677
423944	-6.795646e-07	1.619952e-06	1.524124e-06	6517
710386	-8.170439e-07	1.619953e-06	1.579539e-06	886
390712	-7.346310e-07	1.619961e-06	1.542547e-06	6006
108551	-9.139510e-07	1.619967e-06	1.596805e-06	2677
415688	-6.797399e-07	1.619970e-06	1.524027e-06	6517
702130	-8.172272e-07	1.619974e-06	1.579422e-06	886
382456	-7.348091e-07	1.619980e-06	1.542442e-06	6006
407432	-6.799153e-07	1.619988e-06	1.523929e-06	6517
100295	-9.141368e-07	1.619991e-06	1.596674e-06	2677
693874	-8.174106e-07	1.619996e-06	1.579305e-06	886
374200	-7.349871e-07	1.619999e-06	1.542336e-06	6006
399176	-6.800907e-07	1.620006e-06	1.523832e-06	6517
92039	-9.143226e-07	1.620015e-06	1.596543e-06	2677
685618	-8.175939e-07	1.620017e-06	1.579188e-06	886
365944	-7.351651e-07	1.620019e-06	1.542231e-06	6006
390920	-6.802661e-07	1.620024e-06	1.523735e-06	6517
357688	-7.353432e-07	1.620038e-06	1.542126e-06	6006
677362	-8.177772e-07	1.620039e-06	1.579071e-06	886
83783	-9.145085e-07	1.620040e-06	1.596412e-06	2677
382664	-6.804414e-07	1.620042e-06	1.523637e-06	6517
349432	-7.355212e-07	1.620058e-06	1.542021e-06	6006
374408	-6.806168e-07	1.620060e-06	1.523540e-06	6517
669106	-8.179605e-07	1.620061e-06	1.578954e-06	886
75527	-9.146942e-07	1.620064e-06	1.596281e-06	2677
341176	-7.356991e-07	1.620077e-06	1.541915e-06	6006
366152	-6.807921e-07	1.620078e-06	1.523442e-06	6517
660850	-8.181437e-07	1.620082e-06	1.578836e-06	886
67271	-9.148799e-07	1.620088e-06	1.596150e-06	2677
357896	-6.809674e-07	1.620096e-06	1.523345e-06	6517
332920	-7.358771e-07	1.620097e-06	1.541810e-06	6006
652594	-8.183270e-07	1.620104e-06	1.578719e-06	886
59015	-9.150657e-07	1.620112e-06	1.596019e-06	2677
349640	-6.811427e-07	1.620114e-06	1.523247e-06	6517
324664	-7.360550e-07	1.620116e-06	1.541704e-06	6006
644338	-8.185102e-07	1.620126e-06	1.578602e-06	886
341384	-6.813180e-07	1.620132e-06	1.523150e-06	6517
316408	-7.362329e-07	1.620136e-06	1.541599e-06	6006
50759	-9.152514e-07	1.620136e-06	1.595888e-06	2677
636082	-8.186934e-07	1.620147e-06	1.578485e-06	886
333128	-6.814932e-07	1.620150e-06	1.523052e-06	6517
308152	-7.364109e-07	1.620155e-06	1.541494e-06	6006
42503	-9.154371e-07	1.620161e-06	1.595757e-06	2677
324872	-6.816685e-07	1.620168e-06	1.522955e-06	6517
627826	-8.188766e-07	1.620169e-06	1.578368e-06	886
299896	-7.365887e-07	1.620175e-06	1.541388e-06	6006
34247	-9.156228e-07	1.620185e-06	1.595626e-06	2677
316616	-6.818437e-07	1.620186e-06	1.522857e-06	6517
619570	-8.190598e-07	1.620191e-06	1.578250e-06	886
291640	-7.367667e-07	1.620194e-06	1.541283e-06	6006
308360	-6.820189e-07	1.620204e-06	1.522759e-06	6517
25991	-9.158084e-07	1.620209e-06	1.595495e-06	2677
611314	-8.192430e-07	1.620212e-06	1.578133e-06	886
283384	-7.369445e-07	1.620214e-06	1.541177e-06	6006
300104	-6.821942e-07	1.620222e-06	1.522662e-06	6517
275128	-7.371223e-07	1.620233e-06	1.541072e-06	6006
17735	-9.159941e-07	1.620233e-06	1.595363e-06	2677
603058	-8.194261e-07	1.620234e-06	1.578016e-06	886
291848	-6.823694e-07	1.620240e-06	1.522564e-06	6517
266872	-7.373002e-07	1.620253e-06	1.540966e-06	6006
594802	-8.196092e-07	1.620256e-06	1.577898e-06	886
9479	-9.161797e-07	1.620258e-06	1.595232e-06	2677
283592	-6.825445e-07	1.620258e-06	1.522466e-06	6517
258616	-7.374780e-07	1.620272e-06	1.540860e-06	6006
275336	-6.827197e-07	1.620276e-06	1.522369e-06	6517
586546	-8.197924e-07	1.620277e-06	1.577781e-06	886
1223	-9.163653e-07	1.620282e-06	1.595101e-06	2677
250360	-7.376558e-07	1.620292e-06	1.540755e-06	6006
267080	-6.828948e-07	1.620294e-06	1.522271e-06	6517
578290	-8.199755e-07	1.620299e-06	1.577663e-06	886
242104	-7.378336e-07	1.620311e-06	1.540649e-06	6006
258824	-6.830700e-07	1.620312e-06	1.522173e-06	6517
570034	-8.201585e-07	1.620321e-06	1.577546e-06	886
250568	-6.832451e-07	1.620330e-06	1.522075e-06	6517
233848	-7.380114e-07	1.620331e-06	1.540544e-06	6006
561778	-8.203416e-07	1.620342e-06	1.577428e-06	886
242312	-6.834202e-07	1.620348e-06	1.521977e-06	6517
225592	-7.381891e-07	1.620350e-06	1.540438e-06	6006
553522	-8.205246e-07	1.620364e-06	1.577311e-06	886
234056	-6.835953e-07	1.620366e-06	1.521880e-06	6517
217336	-7.383669e-07	1.620370e-06	1.540332e-06	6006
225800	-6.837704e-07	1.620384e-06	1.521782e-06	6517
545266	-8.207077e-07	1.620386e-06	1.577193e-06	886
209080	-7.385445e-07	1.620389e-06	1.540226e-06	6006
217544	-6.839454e-07	1.620402e-06	1.521684e-06	6517
537010	-8.208906e-07	1.620408e-06	1.577076e-06	886
200824	-7.387223e-07	1.620409e-06	1.540121e-06	6006
209288	-6.841205e-07	1.620420e-06	1.521586e-06	6517
192568	-7.389000e-07	1.620428e-06	1.540015e-06	6006
528754	-8.210736e-07	1.620429e-06	1.576958e-06	886
201032	-6.842955e-07	1.620438e-06	1.521488e-06	6517
184312	-7.390776e-07	1.620448e-06	1.539909e-06	6006
520498	-8.212566e-07	1.620451e-06	1.576841e-06	886
192776	-6.844705e-07	1.620456e-06	1.521390e-06	6517
176056	-7.392553e-07	1.620467e-06	1.539803e-06	6006
512242	-8.214396e-07	1.620473e-06	1.576723e-06	886
184520	-6.846456e-07	1.620475e-06	1.521292e-06	6517
167800	-7.394329e-07	1.620487e-06	1.539697e-06	6006
176264	-6.848205e-07	1.620493e-06	1.521194e-06	6517
503986	-8.216225e-07	1.620494e-06	1.576605e-06	886
159544	-7.396106e-07	1.620506e-06	1.539591e-06	6006
168008	-6.849955e-07	1.620511e-06	1.521096e-06	6517
495730	-8.218054e-07	1.620516e-06	1.576488e-06	886
151288	-7.397882e-07	1.620526e-06	1.539485e-06	6006
159752	-6.851704e-07	1.620529e-06	1.520998e-06	6517
487474	-8.219884e-07	1.620538e-06	1.576370e-06	886
143032	-7.399658e-07	1.620545e-06	1.539379e-06	6006
151496	-6.853454e-07	1.620547e-06	1.520899e-06	6517
479218	-8.221712e-07	1.620560e-06	1.576252e-06	886
134776	-7.401434e-07	1.620565e-06	1.539273e-06	6006
143240	-6.855204e-07	1.620565e-06	1.520801e-06	6517
470962	-8.223541e-07	1.620582e-06	1.576135e-06	886
134984	-6.856953e-07	1.620583e-06	1.520703e-06	6517
126520	-7.403209e-07	1.620585e-06	1.539167e-06	6006
126728	-6.858702e-07	1.620601e-06	1.520605e-06	6517
462706	-8.225369e-07	1.620603e-06	1.576017e-06	886
118264	-7.404985e-07	1.620604e-06	1.539061e-06	6006
118472	-6.860450e-07	1.620620e-06	1.520507e-06	6517
110008	-7.406760e-07	1.620624e-06	1.538955e-06	6006
454450	-8.227198e-07	1.620625e-06	1.575899e-06	886
110216	-6.862199e-07	1.620638e-06	1.520408e-06	6517
101752	-7.408535e-07	1.620643e-06	1.538849e-06	6006
446194	-8.229026e-07	1.620647e-06	1.575781e-06	886
101960	-6.863948e-07	1.620656e-06	1.520310e-06	6517
1149387	-6.918694e-07	1.620659e-06	1.544806e-06	3957
93496	-7.410310e-07	1.620663e-06	1.538743e-06	6006
437938	-8.230854e-07	1.620669e-06	1.575663e-06	886
93704	-6.865696e-07	1.620674e-06	1.520212e-06	6517
1141131	-6.920478e-07	1.620677e-06	1.544707e-06	3957
85240	-7.412085e-07	1.620682e-06	1.538637e-06	6006
429682	-8.232682e-07	1.620690e-06	1.575545e-06	886
85448	-6.867444e-07	1.620692e-06	1.520114e-06	6517
1132875	-6.922261e-07	1.620696e-06	1.544607e-06	3957
76984	-7.413860e-07	1.620702e-06	1.538531e-06	6006
77192	-6.869193e-07	1.620710e-06	1.520015e-06	6517
421426	-8.234509e-07	1.620712e-06	1.575427e-06	886
1124619	-6.924044e-07	1.620714e-06	1.544508e-06	3957
68728	-7.415634e-07	1.620722e-06	1.538425e-06	6006
68936	-6.870941e-07	1.620728e-06	1.519917e-06	6517
1116363	-6.925827e-07	1.620732e-06	1.544409e-06	3957
413170	-8.236337e-07	1.620734e-06	1.575309e-06	886
60472	-7.417409e-07	1.620741e-06	1.538319e-06	6006
60680	-6.872689e-07	1.620747e-06	1.519819e-06	6517
1108107	-6.927610e-07	1.620751e-06	1.544310e-06	3957
404914	-8.238164e-07	1.620756e-06	1.575191e-06	886
52216	-7.419183e-07	1.620761e-06	1.538212e-06	6006
52424	-6.874436e-07	1.620765e-06	1.519720e-06	6517
1099851	-6.929393e-07	1.620769e-06	1.544211e-06	3957
396658	-8.239991e-07	1.620778e-06	1.575073e-06	886
43960	-7.420957e-07	1.620781e-06	1.538106e-06	6006
44168	-6.876184e-07	1.620783e-06	1.519622e-06	6517
1091595	-6.931176e-07	1.620787e-06	1.544112e-06	3957
388402	-8.241818e-07	1.620799e-06	1.574955e-06	886
35704	-7.422731e-07	1.620800e-06	1.538000e-06	6006
35912	-6.877931e-07	1.620801e-06	1.519523e-06	6517
1083339	-6.932958e-07	1.620806e-06	1.544012e-06	3957
27656	-6.879679e-07	1.620819e-06	1.519425e-06	6517
27448	-7.424505e-07	1.620820e-06	1.537893e-06	6006
380146	-8.243645e-07	1.620821e-06	1.574837e-06	886
1075083	-6.934741e-07	1.620824e-06	1.543913e-06	3957
19400	-6.881426e-07	1.620837e-06	1.519326e-06	6517
19192	-7.426278e-07	1.620839e-06	1.537787e-06	6006
1066827	-6.936523e-07	1.620842e-06	1.543814e-06	3957
371890	-8.245471e-07	1.620843e-06	1.574719e-06	886
11144	-6.883173e-07	1.620856e-06	1.519228e-06	6517
10936	-7.428052e-07	1.620859e-06	1.537681e-06	6006
1058571	-6.938305e-07	1.620861e-06	1.543714e-06	3957
363634	-8.247297e-07	1.620865e-06	1.574601e-06	886
2888	-6.884920e-07	1.620874e-06	1.519129e-06	6517
2680	-7.429825e-07	1.620879e-06	1.537574e-06	6006
1050315	-6.940087e-07	1.620879e-06	1.543615e-06	3957
355378	-8.249124e-07	1.620887e-06	1.574483e-06	886
1042059	-6.941869e-07	1.620897e-06	1.543516e-06	3957
347122	-8.250950e-07	1.620908e-06	1.574365e-06	886
1033803	-6.943650e-07	1.620916e-06	1.543416e-06	3957
338866	-8.252776e-07	1.620930e-06	1.574247e-06	886
1025547	-6.945432e-07	1.620934e-06	1.543317e-06	3957
330610	-8.254602e-07	1.620952e-06	1.574129e-06	886
1017291	-6.947213e-07	1.620952e-06	1.543217e-06	3957
1009035	-6.948994e-07	1.620971e-06	1.543118e-06	3957
322354	-8.256427e-07	1.620974e-06	1.574010e-06	886
1000779	-6.950776e-07	1.620989e-06	1.543018e-06	3957
314098	-8.258252e-07	1.620996e-06	1.573892e-06	886
992523	-6.952557e-07	1.621007e-06	1.542919e-06	3957
305842	-8.260077e-07	1.621018e-06	1.573774e-06	886
984267	-6.954338e-07	1.621026e-06	1.542819e-06	3957
297586	-8.261903e-07	1.621039e-06	1.573655e-06	886
976011	-6.956118e-07	1.621044e-06	1.542720e-06	3957
289330	-8.263727e-07	1.621061e-06	1.573537e-06	886
967755	-6.957898e-07	1.621062e-06	1.542620e-06	3957
959499	-6.959679e-07	1.621081e-06	1.542520e-06	3957
281074	-8.265552e-07	1.621083e-06	1.573419e-06	886
951243	-6.961459e-07	1.621099e-06	1.542421e-06	3957
272818	-8.267377e-07	1.621105e-06	1.573300e-06	886
942987	-6.963239e-07	1.621118e-06	1.542321e-06	3957
264562	-8.269201e-07	1.621127e-06	1.573182e-06	886
934731	-6.965019e-07	1.621136e-06	1.542221e-06	3957
256306	-8.271025e-07	1.621149e-06	1.573063e-06	886
926475	-6.966799e-07	1.621155e-06	1.542122e-06	3957
248050	-8.272849e-07	1.621171e-06	1.572945e-06	886
918219	-6.968578e-07	1.621173e-06	1.542022e-06	3957
909963	-6.970358e-07	1.621191e-06	1.541922e-06	3957
239794	-8.274673e-07	1.621193e-06	1.572826e-06	886
901707	-6.972137e-07	1.621210e-06	1.541822e-06	3957
231538	-8.276496e-07	1.621214e-06	1.572708e-06	886
893451	-6.973916e-07	1.621228e-06	1.541722e-06	3957
223282	-8.278320e-07	1.621236e-06	1.572589e-06	886
885195	-6.975695e-07	1.621247e-06	1.541622e-06	3957
215026	-8.280143e-07	1.621258e-06	1.572471e-06	886
876939	-6.977474e-07	1.621265e-06	1.541523e-06	3957
206770	-8.281966e-07	1.621280e-06	1.572352e-06	886
868683	-6.979253e-07	1.621284e-06	1.541423e-06	3957
860427	-6.981031e-07	1.621302e-06	1.541323e-06	3957
198514	-8.283789e-07	1.621302e-06	1.572234e-06	886
852171	-6.982809e-07	1.621320e-06	1.541223e-06	3957
190258	-8.285612e-07	1.621324e-06	1.572115e-06	886
843915	-6.984588e-07	1.621339e-06	1.541123e-06	3957
182002	-8.287434e-07	1.621346e-06	1.571996e-06	886
835659	-6.986366e-07	1.621357e-06	1.541023e-06	3957
173746	-8.289256e-07	1.621368e-06	1.571878e-06	886
827403	-6.988144e-07	1.621376e-06	1.540923e-06	3957
165490	-8.291079e-07	1.621390e-06	1.571759e-06	886
819147	-6.989922e-07	1.621394e-06	1.540823e-06	3957
157234	-8.292901e-07	1.621412e-06	1.571640e-06	886
810891	-6.991699e-07	1.621413e-06	1.540722e-06	3957
802635	-6.993477e-07	1.621431e-06	1.540622e-06	3957
148978	-8.294722e-07	1.621434e-06	1.571521e-06	886
794379	-6.995254e-07	1.621450e-06	1.540522e-06	3957
140722	-8.296544e-07	1.621456e-06	1.571402e-06	886
786123	-6.997032e-07	1.621468e-06	1.540422e-06	3957
132466	-8.298366e-07	1.621478e-06	1.571284e-06	886
777867	-6.998808e-07	1.621487e-06	1.540322e-06	3957
124210	-8.300187e-07	1.621500e-06	1.571165e-06	886
769611	-7.000585e-07	1.621505e-06	1.540222e-06	3957
115954	-8.302008e-07	1.621522e-06	1.571046e-06	886
761355	-7.002362e-07	1.621524e-06	1.540121e-06	3957
753099	-7.004139e-07	1.621542e-06	1.540021e-06	3957
107698	-8.303829e-07	1.621543e-06	1.570927e-06	886
744843	-7.005915e-07	1.621561e-06	1.539921e-06	3957
99442	-8.305649e-07	1.621566e-06	1.570808e-06	886
736587	-7.007691e-07	1.621579e-06	1.539820e-06	3957
91186	-8.307470e-07	1.621587e-06	1.570689e-06	886
728331	-7.009468e-07	1.621598e-06	1.539720e-06	3957
82930	-8.309291e-07	1.621609e-06	1.570570e-06	886
720075	-7.011243e-07	1.621616e-06	1.539620e-06	3957
74674	-8.311111e-07	1.621631e-06	1.570451e-06	886
711819	-7.013020e-07	1.621635e-06	1.539519e-06	3957
66418	-8.312931e-07	1.621653e-06	1.570332e-06	886
703563	-7.014795e-07	1.621653e-06	1.539419e-06	3957
695307	-7.016571e-07	1.621672e-06	1.539318e-06	3957
58162	-8.314751e-07	1.621675e-06	1.570213e-06	886
687051	-7.018346e-07	1.621690e-06	1.539218e-06	3957
49906	-8.316571e-07	1.621697e-06	1.570094e-06	886
678795	-7.020122e-07	1.621709e-06	1.539117e-06	3957
41650	-8.318390e-07	1.621719e-06	1.569975e-06	886
670539	-7.021897e-07	1.621728e-06	1.539017e-06	3957
33394	-8.320209e-07	1.621741e-06	1.569855e-06	886
662283	-7.023672e-07	1.621746e-06	1.538916e-06	3957
25138	-8.322029e-07	1.621763e-06	1.569736e-06	886
654027	-7.025446e-07	1.621765e-06	1.538816e-06	3957
645771	-7.027221e-07	1.621783e-06	1.538715e-06	3957
16882	-8.323848e-07	1.621785e-06	1.569617e-06	886
637515	-7.028996e-07	1.621802e-06	1.538614e-06	3957
8626	-8.325666e-07	1.621808e-06	1.569498e-06	886
629259	-7.030770e-07	1.621821e-06	1.538514e-06	3957
370	-8.327485e-07	1.621829e-06	1.569379e-06	886
621003	-7.032544e-07	1.621839e-06	1.538413e-06	3957
612747	-7.034319e-07	1.621858e-06	1.538312e-06	3957
604491	-7.036093e-07	1.621876e-06	1.538212e-06	3957
596235	-7.037866e-07	1.621895e-06	1.538111e-06	3957
587979	-7.039640e-07	1.621913e-06	1.538010e-06	3957
579723	-7.041413e-07	1.621932e-06	1.537909e-06	3957
571467	-7.043187e-07	1.621951e-06	1.537808e-06	3957
563211	-7.044960e-07	1.621969e-06	1.537708e-06	3957
554955	-7.046733e-07	1.621988e-06	1.537607e-06	3957
546699	-7.048505e-07	1.622006e-06	1.537506e-06	3957
538443	-7.050278e-07	1.622025e-06	1.537405e-06	3957
530187	-7.052051e-07	1.622044e-06	1.537304e-06	3957
521931	-7.053824e-07	1.622062e-06	1.537203e-06	3957
513675	-7.055596e-07	1.622081e-06	1.537102e-06	3957
1150575	-6.385581e-07	1.622095e-06	1.526070e-06	6773
505419	-7.057368e-07	1.622100e-06	1.537001e-06	3957
1142319	-6.387338e-07	1.622112e-06	1.525978e-06	6773
497163	-7.059140e-07	1.622118e-06	1.536900e-06	3957
1134063	-6.389093e-07	1.622129e-06	1.525887e-06	6773
488907	-7.060912e-07	1.622137e-06	1.536799e-06	3957
1125807	-6.390849e-07	1.622146e-06	1.525795e-06	6773
480651	-7.062683e-07	1.622156e-06	1.536698e-06	3957
1117551	-6.392605e-07	1.622163e-06	1.525704e-06	6773
472395	-7.064455e-07	1.622174e-06	1.536596e-06	3957
1109295	-6.394361e-07	1.622179e-06	1.525612e-06	6773
464139	-7.066226e-07	1.622193e-06	1.536495e-06	3957
1101039	-6.396117e-07	1.622196e-06	1.525521e-06	6773
455883	-7.067998e-07	1.622212e-06	1.536394e-06	3957
1092783	-6.397872e-07	1.622213e-06	1.525429e-06	6773
1084527	-6.399628e-07	1.622230e-06	1.525338e-06	6773
447627	-7.069769e-07	1.622230e-06	1.536293e-06	3957
1076271	-6.401383e-07	1.622247e-06	1.525246e-06	6773
439371	-7.071540e-07	1.622249e-06	1.536192e-06	3957
1068015	-6.403138e-07	1.622264e-06	1.525154e-06	6773
431115	-7.073310e-07	1.622268e-06	1.536090e-06	3957
1059759	-6.404893e-07	1.622281e-06	1.525063e-06	6773
422859	-7.075081e-07	1.622287e-06	1.535989e-06	3957
1051503	-6.406648e-07	1.622298e-06	1.524971e-06	6773
414603	-7.076852e-07	1.622305e-06	1.535888e-06	3957
1043247	-6.408403e-07	1.622315e-06	1.524879e-06	6773
406347	-7.078622e-07	1.622324e-06	1.535786e-06	3957
1034991	-6.410157e-07	1.622332e-06	1.524787e-06	6773
398091	-7.080392e-07	1.622343e-06	1.535685e-06	3957
1026735	-6.411911e-07	1.622349e-06	1.524696e-06	6773
389835	-7.082162e-07	1.622361e-06	1.535584e-06	3957
1018479	-6.413666e-07	1.622366e-06	1.524604e-06	6773
381579	-7.083932e-07	1.622380e-06	1.535482e-06	3957
1010223	-6.415420e-07	1.622382e-06	1.524512e-06	6773
373323	-7.085702e-07	1.622399e-06	1.535381e-06	3957
1001967	-6.417174e-07	1.622399e-06	1.524420e-06	6773
993711	-6.418928e-07	1.622416e-06	1.524328e-06	6773
365067	-7.087472e-07	1.622418e-06	1.535279e-06	3957
985455	-6.420682e-07	1.622433e-06	1.524236e-06	6773
356811	-7.089241e-07	1.622436e-06	1.535178e-06	3957
977199	-6.422435e-07	1.622450e-06	1.524144e-06	6773
1150369	-6.880837e-07	1.622450e-06	1.544148e-06	6262
348555	-7.091010e-07	1.622455e-06	1.535076e-06	3957
968943	-6.424189e-07	1.622467e-06	1.524052e-06	6773
1142113	-6.882619e-07	1.622469e-06	1.544049e-06	6262
340299	-7.092779e-07	1.622474e-06	1.534975e-06	3957
960687	-6.425942e-07	1.622484e-06	1.523960e-06	6773
1133857	-6.884401e-07	1.622487e-06	1.543950e-06	6262
332043	-7.094548e-07	1.622493e-06	1.534873e-06	3957
952431	-6.427695e-07	1.622501e-06	1.523868e-06	6773
1125601	-6.886183e-07	1.622505e-06	1.543852e-06	6262
323787	-7.096317e-07	1.622511e-06	1.534772e-06	3957
944175	-6.429448e-07	1.622518e-06	1.523776e-06	6773
1117345	-6.887965e-07	1.622523e-06	1.543753e-06	6262
315531	-7.098086e-07	1.622530e-06	1.534670e-06	3957
935919	-6.431201e-07	1.622535e-06	1.523684e-06	6773
1109089	-6.889746e-07	1.622541e-06	1.543655e-06	6262
307275	-7.099854e-07	1.622549e-06	1.534568e-06	3957
927663	-6.432954e-07	1.622552e-06	1.523592e-06	6773
1100833	-6.891528e-07	1.622560e-06	1.543556e-06	6262
299019	-7.101623e-07	1.622568e-06	1.534466e-06	3957
919407	-6.434707e-07	1.622569e-06	1.523500e-06	6773
1092577	-6.893309e-07	1.622578e-06	1.543457e-06	6262
911151	-6.436459e-07	1.622586e-06	1.523408e-06	6773
290763	-7.103391e-07	1.622586e-06	1.534365e-06	3957
1084321	-6.895090e-07	1.622596e-06	1.543359e-06	6262
902895	-6.438212e-07	1.622603e-06	1.523316e-06	6773
282507	-7.105159e-07	1.622605e-06	1.534263e-06	3957
1076065	-6.896871e-07	1.622614e-06	1.543260e-06	6262
894639	-6.439964e-07	1.622620e-06	1.523224e-06	6773
274251	-7.106927e-07	1.622624e-06	1.534161e-06	3957
1067809	-6.898652e-07	1.622633e-06	1.543161e-06	6262
886383	-6.441716e-07	1.622637e-06	1.523131e-06	6773
265995	-7.108695e-07	1.622643e-06	1.534060e-06	3957
1059553	-6.900433e-07	1.622651e-06	1.543062e-06	6262
878127	-6.443468e-07	1.622654e-06	1.523039e-06	6773
257739	-7.110463e-07	1.622662e-06	1.533958e-06	3957
1051297	-6.902213e-07	1.622669e-06	1.542963e-06	6262
869871	-6.445219e-07	1.622671e-06	1.522947e-06	6773
249483	-7.112230e-07	1.622680e-06	1.533856e-06	3957
1043041	-6.903994e-07	1.622687e-06	1.542865e-06	6262
861615	-6.446971e-07	1.622688e-06	1.522855e-06	6773
241227	-7.113997e-07	1.622699e-06	1.533754e-06	3957
853359	-6.448723e-07	1.622705e-06	1.522762e-06	6773
1034785	-6.905774e-07	1.622706e-06	1.542766e-06	6262
232971	-7.115764e-07	1.622718e-06	1.533652e-06	3957
845103	-6.450475e-07	1.622722e-06	1.522670e-06	6773
1026529	-6.907554e-07	1.622724e-06	1.542667e-06	6262
224715	-7.117532e-07	1.622737e-06	1.533550e-06	3957
836847	-6.452225e-07	1.622739e-06	1.522577e-06	6773
1018273	-6.909334e-07	1.622742e-06	1.542568e-06	6262
216459	-7.119298e-07	1.622756e-06	1.533448e-06	3957
828591	-6.453977e-07	1.622756e-06	1.522485e-06	6773
1010017	-6.911114e-07	1.622760e-06	1.542469e-06	6262
820335	-6.455728e-07	1.622773e-06	1.522393e-06	6773
208203	-7.121065e-07	1.622774e-06	1.533346e-06	3957
1001761	-6.912894e-07	1.622779e-06	1.542370e-06	6262
812079	-6.457479e-07	1.622790e-06	1.522300e-06	6773
199947	-7.122832e-07	1.622793e-06	1.533244e-06	3957
993505	-6.914673e-07	1.622797e-06	1.542271e-06	6262
803823	-6.459230e-07	1.622808e-06	1.522208e-06	6773
191691	-7.124598e-07	1.622812e-06	1.533142e-06	3957
985249	-6.916453e-07	1.622815e-06	1.542172e-06	6262
795567	-6.460980e-07	1.622825e-06	1.522115e-06	6773
183435	-7.126364e-07	1.622831e-06	1.533040e-06	3957
976993	-6.918232e-07	1.622833e-06	1.542073e-06	6262
787311	-6.462731e-07	1.622842e-06	1.522023e-06	6773
175179	-7.128130e-07	1.622850e-06	1.532938e-06	3957
968737	-6.920010e-07	1.622852e-06	1.541974e-06	6262
779055	-6.464481e-07	1.622859e-06	1.521930e-06	6773
166923	-7.129896e-07	1.622869e-06	1.532836e-06	3957
960481	-6.921790e-07	1.622870e-06	1.541875e-06	6262
770799	-6.466231e-07	1.622876e-06	1.521838e-06	6773
158667	-7.131662e-07	1.622887e-06	1.532734e-06	3957
952225	-6.923568e-07	1.622888e-06	1.541776e-06	6262
762543	-6.467981e-07	1.622893e-06	1.521745e-06	6773
150411	-7.133428e-07	1.622906e-06	1.532632e-06	3957
943969	-6.925347e-07	1.622907e-06	1.541677e-06	6262
754287	-6.469731e-07	1.622910e-06	1.521653e-06	6773
935713	-6.927125e-07	1.622925e-06	1.541577e-06	6262
142155	-7.135193e-07	1.622925e-06	1.532530e-06	3957
746031	-6.471481e-07	1.622927e-06	1.521560e-06	6773
927457	-6.928904e-07	1.622943e-06	1.541478e-06	6262
133899	-7.136958e-07	1.622944e-06	1.532428e-06	3957
737775	-6.473230e-07	1.622944e-06	1.521467e-06	6773
729519	-6.474980e-07	1.622961e-06	1.521374e-06	6773
919201	-6.930682e-07	1.622961e-06	1.541379e-06	6262
125643	-7.138724e-07	1.622963e-06	1.532325e-06	3957
721263	-6.476729e-07	1.622978e-06	1.521282e-06	6773
910945	-6.932460e-07	1.622980e-06	1.541280e-06	6262
117387	-7.140489e-07	1.622982e-06	1.532223e-06	3957
713007	-6.478479e-07	1.622996e-06	1.521189e-06	6773
902689	-6.934238e-07	1.622998e-06	1.541180e-06	6262
109131	-7.142254e-07	1.623001e-06	1.532121e-06	3957
704751	-6.480228e-07	1.623013e-06	1.521096e-06	6773
894433	-6.936016e-07	1.623016e-06	1.541081e-06	6262
100875	-7.144018e-07	1.623020e-06	1.532019e-06	3957
696495	-6.481977e-07	1.623030e-06	1.521003e-06	6773
886177	-6.937793e-07	1.623035e-06	1.540982e-06	6262
92619	-7.145783e-07	1.623038e-06	1.531916e-06	3957
688239	-6.483725e-07	1.623047e-06	1.520911e-06	6773
877921	-6.939571e-07	1.623053e-06	1.540882e-06	6262
84363	-7.147548e-07	1.623057e-06	1.531814e-06	3957
679983	-6.485474e-07	1.623064e-06	1.520818e-06	6773
869665	-6.941348e-07	1.623072e-06	1.540783e-06	6262
76107	-7.149312e-07	1.623076e-06	1.531712e-06	3957
671727	-6.487223e-07	1.623081e-06	1.520725e-06	6773
861409	-6.943125e-07	1.623090e-06	1.540684e-06	6262
67851	-7.151076e-07	1.623095e-06	1.531609e-06	3957
663471	-6.488971e-07	1.623098e-06	1.520632e-06	6773
853153	-6.944902e-07	1.623108e-06	1.540584e-06	6262
59595	-7.152840e-07	1.623114e-06	1.531507e-06	3957
655215	-6.490719e-07	1.623116e-06	1.520539e-06	6773
844897	-6.946679e-07	1.623127e-06	1.540485e-06	6262
646959	-6.492467e-07	1.623133e-06	1.520446e-06	6773
51339	-7.154604e-07	1.623133e-06	1.531404e-06	3957
836641	-6.948456e-07	1.623145e-06	1.540385e-06	6262
638703	-6.494215e-07	1.623150e-06	1.520353e-06	6773
43083	-7.156368e-07	1.623152e-06	1.531302e-06	3957
828385	-6.950232e-07	1.623163e-06	1.540286e-06	6262
630447	-6.495963e-07	1.623167e-06	1.520260e-06	6773
34827	-7.158131e-07	1.623171e-06	1.531199e-06	3957
820129	-6.952009e-07	1.623182e-06	1.540186e-06	6262
622191	-6.497711e-07	1.623184e-06	1.520167e-06	6773
26571	-7.159895e-07	1.623190e-06	1.531097e-06	3957
811873	-6.953785e-07	1.623200e-06	1.540087e-06	6262
613935	-6.499458e-07	1.623201e-06	1.520074e-06	6773
18315	-7.161658e-07	1.623209e-06	1.530994e-06	3957
803617	-6.955561e-07	1.623218e-06	1.539987e-06	6262
605679	-6.501206e-07	1.623219e-06	1.519981e-06	6773
10059	-7.163421e-07	1.623227e-06	1.530892e-06	3957
597423	-6.502953e-07	1.623236e-06	1.519888e-06	6773
795361	-6.957337e-07	1.623237e-06	1.539888e-06	6262
1803	-7.165184e-07	1.623246e-06	1.530789e-06	3957
589167	-6.504700e-07	1.623253e-06	1.519795e-06	6773
787105	-6.959113e-07	1.623255e-06	1.539788e-06	6262
580911	-6.506447e-07	1.623270e-06	1.519702e-06	6773
778849	-6.960889e-07	1.623274e-06	1.539688e-06	6262
572655	-6.508194e-07	1.623287e-06	1.519609e-06	6773
770593	-6.962664e-07	1.623292e-06	1.539589e-06	6262
564399	-6.509941e-07	1.623304e-06	1.519515e-06	6773
762337	-6.964440e-07	1.623310e-06	1.539489e-06	6262
556143	-6.511688e-07	1.623322e-06	1.519422e-06	6773
754081	-6.966215e-07	1.623329e-06	1.539389e-06	6262
547887	-6.513434e-07	1.623339e-06	1.519329e-06	6773
745825	-6.967990e-07	1.623347e-06	1.539289e-06	6262
539631	-6.515180e-07	1.623356e-06	1.519236e-06	6773
737569	-6.969765e-07	1.623366e-06	1.539189e-06	6262
531375	-6.516926e-07	1.623373e-06	1.519142e-06	6773
729313	-6.971540e-07	1.623384e-06	1.539090e-06	6262
523119	-6.518673e-07	1.623390e-06	1.519049e-06	6773
721057	-6.973314e-07	1.623402e-06	1.538990e-06	6262
514863	-6.520418e-07	1.623408e-06	1.518956e-06	6773
712801	-6.975089e-07	1.623421e-06	1.538890e-06	6262
506607	-6.522164e-07	1.623425e-06	1.518862e-06	6773
704545	-6.976863e-07	1.623439e-06	1.538790e-06	6262
498351	-6.523910e-07	1.623442e-06	1.518769e-06	6773
696289	-6.978637e-07	1.623458e-06	1.538690e-06	6262
490095	-6.525655e-07	1.623459e-06	1.518676e-06	6773
688033	-6.980411e-07	1.623476e-06	1.538590e-06	6262
481839	-6.527401e-07	1.623477e-06	1.518582e-06	6773
473583	-6.529146e-07	1.623494e-06	1.518489e-06	6773
679777	-6.982185e-07	1.623495e-06	1.538490e-06	6262
465327	-6.530891e-07	1.623511e-06	1.518395e-06	6773
671521	-6.983959e-07	1.623513e-06	1.538390e-06	6262
457071	-6.532636e-07	1.623528e-06	1.518302e-06	6773
663265	-6.985733e-07	1.623532e-06	1.538290e-06	6262
448815	-6.534381e-07	1.623546e-06	1.518208e-06	6773
655009	-6.987506e-07	1.623550e-06	1.538190e-06	6262
440559	-6.536125e-07	1.623563e-06	1.518114e-06	6773
646753	-6.989279e-07	1.623569e-06	1.538090e-06	6262
432303	-6.537870e-07	1.623580e-06	1.518021e-06	6773
638497	-6.991053e-07	1.623587e-06	1.537990e-06	6262
424047	-6.539614e-07	1.623597e-06	1.517927e-06	6773
630241	-6.992826e-07	1.623605e-06	1.537890e-06	6262
415791	-6.541359e-07	1.623615e-06	1.517834e-06	6773
621985	-6.994599e-07	1.623624e-06	1.537790e-06	6262
407535	-6.543103e-07	1.623632e-06	1.517740e-06	6773
613729	-6.996371e-07	1.623642e-06	1.537690e-06	6262
399279	-6.544847e-07	1.623649e-06	1.517646e-06	6773
605473	-6.998144e-07	1.623661e-06	1.537589e-06	6262
391023	-6.546591e-07	1.623667e-06	1.517553e-06	6773
597217	-6.999916e-07	1.623680e-06	1.537489e-06	6262
382767	-6.548334e-07	1.623684e-06	1.517459e-06	6773
588961	-7.001688e-07	1.623698e-06	1.537389e-06	6262
374511	-6.550078e-07	1.623701e-06	1.517365e-06	6773
580705	-7.003460e-07	1.623716e-06	1.537289e-06	6262
366255	-6.551821e-07	1.623719e-06	1.517271e-06	6773
572449	-7.005232e-07	1.623735e-06	1.537188e-06	6262
357999	-6.553564e-07	1.623736e-06	1.517177e-06	6773
349743	-6.555308e-07	1.623753e-06	1.517084e-06	6773
564193	-7.007004e-07	1.623754e-06	1.537088e-06	6262
341487	-6.557050e-07	1.623770e-06	1.516990e-06	6773
555937	-7.008776e-07	1.623772e-06	1.536988e-06	6262
333231	-6.558793e-07	1.623788e-06	1.516896e-06	6773
547681	-7.010548e-07	1.623791e-06	1.536887e-06	6262
324975	-6.560536e-07	1.623805e-06	1.516802e-06	6773
539425	-7.012319e-07	1.623809e-06	1.536787e-06	6262
316719	-6.562279e-07	1.623822e-06	1.516708e-06	6773
531169	-7.014090e-07	1.623828e-06	1.536687e-06	6262
308463	-6.564021e-07	1.623840e-06	1.516614e-06	6773
522913	-7.015861e-07	1.623846e-06	1.536586e-06	6262
300207	-6.565763e-07	1.623857e-06	1.516520e-06	6773
514657	-7.017632e-07	1.623865e-06	1.536486e-06	6262
291951	-6.567506e-07	1.623874e-06	1.516426e-06	6773
506401	-7.019403e-07	1.623883e-06	1.536385e-06	6262
283695	-6.569248e-07	1.623892e-06	1.516332e-06	6773
498145	-7.021173e-07	1.623902e-06	1.536285e-06	6262
275439	-6.570990e-07	1.623909e-06	1.516238e-06	6773
489889	-7.022944e-07	1.623920e-06	1.536184e-06	6262
267183	-6.572731e-07	1.623927e-06	1.516144e-06	6773
481633	-7.024714e-07	1.623939e-06	1.536084e-06	6262
258927	-6.574473e-07	1.623944e-06	1.516050e-06	6773
473377	-7.026484e-07	1.623957e-06	1.535983e-06	6262
250671	-6.576215e-07	1.623961e-06	1.515956e-06	6773
465121	-7.028254e-07	1.623976e-06	1.535882e-06	6262
242415	-6.577956e-07	1.623979e-06	1.515861e-06	6773
456865	-7.030025e-07	1.623995e-06	1.535782e-06	6262
234159	-6.579697e-07	1.623996e-06	1.515767e-06	6773
448609	-7.031794e-07	1.624013e-06	1.535681e-06	6262
225903	-6.581438e-07	1.624014e-06	1.515673e-06	6773
217647	-6.583179e-07	1.624031e-06	1.515579e-06	6773
440353	-7.033564e-07	1.624032e-06	1.535580e-06	6262
209391	-6.584920e-07	1.624048e-06	1.515484e-06	6773
432097	-7.035333e-07	1.624050e-06	1.535480e-06	6262
201135	-6.586660e-07	1.624066e-06	1.515390e-06	6773
423841	-7.037103e-07	1.624069e-06	1.535379e-06	6262
192879	-6.588401e-07	1.624083e-06	1.515296e-06	6773
415585	-7.038872e-07	1.624088e-06	1.535278e-06	6262
184623	-6.590141e-07	1.624100e-06	1.515201e-06	6773
407329	-7.040641e-07	1.624106e-06	1.535177e-06	6262
176367	-6.591881e-07	1.624118e-06	1.515107e-06	6773
399073	-7.042410e-07	1.624125e-06	1.535076e-06	6262
168111	-6.593621e-07	1.624135e-06	1.515013e-06	6773
390817	-7.044178e-07	1.624143e-06	1.534976e-06	6262
159855	-6.595361e-07	1.624153e-06	1.514918e-06	6773
382561	-7.045947e-07	1.624162e-06	1.534875e-06	6262
151599	-6.597101e-07	1.624170e-06	1.514824e-06	6773
374305	-7.047715e-07	1.624181e-06	1.534774e-06	6262
143343	-6.598841e-07	1.624188e-06	1.514729e-06	6773
366049	-7.049483e-07	1.624199e-06	1.534673e-06	6262
135087	-6.600580e-07	1.624205e-06	1.514635e-06	6773
357793	-7.051252e-07	1.624218e-06	1.534572e-06	6262
126831	-6.602319e-07	1.624222e-06	1.514540e-06	6773
349537	-7.053019e-07	1.624237e-06	1.534471e-06	6262
118575	-6.604059e-07	1.624240e-06	1.514446e-06	6773
341281	-7.054787e-07	1.624255e-06	1.534370e-06	6262
110319	-6.605798e-07	1.624257e-06	1.514351e-06	6773
333025	-7.056555e-07	1.624274e-06	1.534269e-06	6262
102063	-6.607537e-07	1.624275e-06	1.514257e-06	6773
93807	-6.609276e-07	1.624292e-06	1.514162e-06	6773
324769	-7.058322e-07	1.624293e-06	1.534168e-06	6262
85551	-6.611014e-07	1.624310e-06	1.514067e-06	6773
316513	-7.060090e-07	1.624311e-06	1.534067e-06	6262
77295	-6.612753e-07	1.624327e-06	1.513973e-06	6773
308257	-7.061857e-07	1.624330e-06	1.533966e-06	6262
69039	-6.614491e-07	1.624345e-06	1.513878e-06	6773
300001	-7.063624e-07	1.624349e-06	1.533865e-06	6262
60783	-6.616229e-07	1.624362e-06	1.513783e-06	6773
291745	-7.065391e-07	1.624367e-06	1.533763e-06	6262
52527	-6.617968e-07	1.624380e-06	1.513689e-06	6773
283489	-7.067158e-07	1.624386e-06	1.533662e-06	6262
44271	-6.619705e-07	1.624397e-06	1.513594e-06	6773
275233	-7.068924e-07	1.624405e-06	1.533561e-06	6262
36015	-6.621443e-07	1.624415e-06	1.513499e-06	6773
266977	-7.070690e-07	1.624423e-06	1.533460e-06	6262
27759	-6.623181e-07	1.624432e-06	1.513404e-06	6773
258721	-7.072457e-07	1.624442e-06	1.533358e-06	6262
19503	-6.624919e-07	1.624450e-06	1.513309e-06	6773
250465	-7.074223e-07	1.624461e-06	1.533257e-06	6262
11247	-6.626656e-07	1.624467e-06	1.513215e-06	6773
242209	-7.075989e-07	1.624479e-06	1.533156e-06	6262
2991	-6.628393e-07	1.624485e-06	1.513120e-06	6773
233953	-7.077755e-07	1.624498e-06	1.533055e-06	6262
225697	-7.079520e-07	1.624517e-06	1.532953e-06	6262
217441	-7.081286e-07	1.624536e-06	1.532852e-06	6262
209185	-7.083052e-07	1.624554e-06	1.532750e-06	6262
200929	-7.084817e-07	1.624573e-06	1.532649e-06	6262
192673	-7.086582e-07	1.624592e-06	1.532547e-06	6262
184417	-7.088347e-07	1.624610e-06	1.532446e-06	6262
176161	-7.090111e-07	1.624629e-06	1.532345e-06	6262
167905	-7.091876e-07	1.624648e-06	1.532243e-06	6262
159649	-7.093641e-07	1.624667e-06	1.532141e-06	6262
151393	-7.095405e-07	1.624685e-06	1.532040e-06	6262
143137	-7.097169e-07	1.624704e-06	1.531938e-06	6262
134881	-7.098934e-07	1.624723e-06	1.531837e-06	6262
126625	-7.100697e-07	1.624742e-06	1.531735e-06	6262
118369	-7.102461e-07	1.624761e-06	1.531633e-06	6262
110113	-7.104225e-07	1.624779e-06	1.531532e-06	6262
101857	-7.105988e-07	1.624798e-06	1.531430e-06	6262
93601	-7.107751e-07	1.624817e-06	1.531328e-06	6262
85345	-7.109514e-07	1.624836e-06	1.531226e-06	6262
77089	-7.111277e-07	1.624854e-06	1.531124e-06	6262
68833	-7.113040e-07	1.624873e-06	1.531023e-06	6262
60577	-7.114803e-07	1.624892e-06	1.530921e-06	6262
52321	-7.116565e-07	1.624911e-06	1.530819e-06	6262
44065	-7.118328e-07	1.624930e-06	1.530717e-06	6262
35809	-7.120090e-07	1.624948e-06	1.530615e-06	6262
27553	-7.121852e-07	1.624967e-06	1.530513e-06	6262
19297	-7.123614e-07	1.624986e-06	1.530411e-06	6262
11041	-7.125376e-07	1.625005e-06	1.530309e-06	6262
2785	-7.127138e-07	1.625024e-06	1.530207e-06	6262
1150978	-5.996920e-07	1.625779e-06	1.513850e-06	7798
1142722	-5.998658e-07	1.625795e-06	1.513764e-06	7798
1134466	-6.000395e-07	1.625811e-06	1.513679e-06	7798
1126210	-6.002133e-07	1.625827e-06	1.513593e-06	7798
1117954	-6.003871e-07	1.625843e-06	1.513507e-06	7798
1109698	-6.005608e-07	1.625858e-06	1.513421e-06	7798
1101442	-6.007345e-07	1.625874e-06	1.513335e-06	7798
1093186	-6.009082e-07	1.625890e-06	1.513249e-06	7798
1084930	-6.010819e-07	1.625906e-06	1.513163e-06	7798
1076674	-6.012556e-07	1.625922e-06	1.513077e-06	7798
1068418	-6.014292e-07	1.625938e-06	1.512991e-06	7798
1060162	-6.016029e-07	1.625954e-06	1.512905e-06	7798
1051906	-6.017765e-07	1.625970e-06	1.512818e-06	7798
1043650	-6.019501e-07	1.625985e-06	1.512732e-06	7798
1035394	-6.021238e-07	1.626001e-06	1.512646e-06	7798
1027138	-6.022974e-07	1.626017e-06	1.512560e-06	7798
1018882	-6.024710e-07	1.626033e-06	1.512474e-06	7798
1010626	-6.026445e-07	1.626049e-06	1.512387e-06	7798
1002370	-6.028181e-07	1.626065e-06	1.512301e-06	7798
994114	-6.029917e-07	1.626081e-06	1.512215e-06	7798
985858	-6.031652e-07	1.626097e-06	1.512128e-06	7798
977602	-6.033387e-07	1.626113e-06	1.512042e-06	7798
969346	-6.035123e-07	1.626129e-06	1.511956e-06	7798
961090	-6.036857e-07	1.626145e-06	1.511869e-06	7798
952834	-6.038592e-07	1.626160e-06	1.511783e-06	7798
944578	-6.040327e-07	1.626176e-06	1.511696e-06	7798
936322	-6.042062e-07	1.626192e-06	1.511610e-06	7798
928066	-6.043796e-07	1.626208e-06	1.511523e-06	7798
919810	-6.045531e-07	1.626224e-06	1.511437e-06	7798
911554	-6.047265e-07	1.626240e-06	1.511350e-06	7798
903298	-6.048999e-07	1.626256e-06	1.511264e-06	7798
895042	-6.050733e-07	1.626272e-06	1.511177e-06	7798
886786	-6.052467e-07	1.626288e-06	1.511090e-06	7798
878530	-6.054201e-07	1.626304e-06	1.511004e-06	7798
870274	-6.055934e-07	1.626320e-06	1.510917e-06	7798
862018	-6.057668e-07	1.626336e-06	1.510830e-06	7798
853762	-6.059401e-07	1.626352e-06	1.510744e-06	7798
845506	-6.061134e-07	1.626368e-06	1.510657e-06	7798
837250	-6.062867e-07	1.626384e-06	1.510570e-06	7798
828994	-6.064600e-07	1.626400e-06	1.510483e-06	7798
820738	-6.066333e-07	1.626416e-06	1.510396e-06	7798
812482	-6.068066e-07	1.626432e-06	1.510310e-06	7798
804226	-6.069798e-07	1.626448e-06	1.510223e-06	7798
795970	-6.071531e-07	1.626464e-06	1.510136e-06	7798
787714	-6.073263e-07	1.626480e-06	1.510049e-06	7798
779458	-6.074995e-07	1.626496e-06	1.509962e-06	7798
771202	-6.076727e-07	1.626512e-06	1.509875e-06	7798
762946	-6.078459e-07	1.626529e-06	1.509788e-06	7798
754690	-6.080191e-07	1.626545e-06	1.509701e-06	7798
746434	-6.081923e-07	1.626561e-06	1.509614e-06	7798
738178	-6.083654e-07	1.626577e-06	1.509527e-06	7798
729922	-6.085386e-07	1.626593e-06	1.509440e-06	7798
721666	-6.087117e-07	1.626609e-06	1.509353e-06	7798
713410	-6.088848e-07	1.626625e-06	1.509265e-06	7798
705154	-6.090580e-07	1.626641e-06	1.509178e-06	7798
696898	-6.092311e-07	1.626657e-06	1.509091e-06	7798
688642	-6.094041e-07	1.626673e-06	1.509004e-06	7798
680386	-6.095772e-07	1.626689e-06	1.508917e-06	7798
672130	-6.097502e-07	1.626705e-06	1.508829e-06	7798
663874	-6.099232e-07	1.626721e-06	1.508742e-06	7798
655618	-6.100963e-07	1.626737e-06	1.508655e-06	7798
647362	-6.102693e-07	1.626754e-06	1.508567e-06	7798
639106	-6.104423e-07	1.626770e-06	1.508480e-06	7798
630850	-6.106153e-07	1.626786e-06	1.508393e-06	7798
622594	-6.107883e-07	1.626802e-06	1.508305e-06	7798
614338	-6.109612e-07	1.626818e-06	1.508218e-06	7798
606082	-6.111342e-07	1.626834e-06	1.508130e-06	7798
597826	-6.113071e-07	1.626850e-06	1.508043e-06	7798
589570	-6.114800e-07	1.626866e-06	1.507955e-06	7798
581314	-6.116529e-07	1.626883e-06	1.507868e-06	7798
573058	-6.118258e-07	1.626899e-06	1.507780e-06	7798
564802	-6.119987e-07	1.626915e-06	1.507692e-06	7798
556546	-6.121716e-07	1.626931e-06	1.507605e-06	7798
548290	-6.123444e-07	1.626947e-06	1.507517e-06	7798
540034	-6.125173e-07	1.626963e-06	1.507429e-06	7798
531778	-6.126901e-07	1.626980e-06	1.507342e-06	7798
523522	-6.128629e-07	1.626996e-06	1.507254e-06	7798
515266	-6.130357e-07	1.627012e-06	1.507166e-06	7798
507010	-6.132085e-07	1.627028e-06	1.507078e-06	7798
498754	-6.133813e-07	1.627044e-06	1.506991e-06	7798
490498	-6.135541e-07	1.627061e-06	1.506903e-06	7798
482242	-6.137268e-07	1.627077e-06	1.506815e-06	7798
473986	-6.138995e-07	1.627093e-06	1.506727e-06	7798
465730	-6.140723e-07	1.627109e-06	1.506639e-06	7798
457474	-6.142450e-07	1.627125e-06	1.506551e-06	7798
449218	-6.144177e-07	1.627142e-06	1.506463e-06	7798
440962	-6.145904e-07	1.627158e-06	1.506375e-06	7798
432706	-6.147631e-07	1.627174e-06	1.506287e-06	7798
424450	-6.149357e-07	1.627190e-06	1.506199e-06	7798
416194	-6.151084e-07	1.627207e-06	1.506111e-06	7798
407938	-6.152810e-07	1.627223e-06	1.506023e-06	7798
399682	-6.154536e-07	1.627239e-06	1.505935e-06	7798
391426	-6.156262e-07	1.627255e-06	1.505847e-06	7798
383170	-6.157988e-07	1.627272e-06	1.505759e-06	7798
374914	-6.159714e-07	1.627288e-06	1.505671e-06	7798
366658	-6.161440e-07	1.627304e-06	1.505583e-06	7798
358402	-6.163165e-07	1.627320e-06	1.505494e-06	7798
350146	-6.164890e-07	1.627337e-06	1.505406e-06	7798
341890	-6.166616e-07	1.627353e-06	1.505318e-06	7798
333634	-6.168341e-07	1.627369e-06	1.505230e-06	7798
325378	-6.170066e-07	1.627386e-06	1.505141e-06	7798
317122	-6.171791e-07	1.627402e-06	1.505053e-06	7798
308866	-6.173516e-07	1.627418e-06	1.504964e-06	7798
300610	-6.175241e-07	1.627435e-06	1.504876e-06	7798
292354	-6.176965e-07	1.627451e-06	1.504788e-06	7798
284098	-6.178689e-07	1.627467e-06	1.504699e-06	7798
275842	-6.180414e-07	1.627483e-06	1.504611e-06	7798
267586	-6.182138e-07	1.627500e-06	1.504522e-06	7798
259330	-6.183862e-07	1.627516e-06	1.504434e-06	7798
251074	-6.185585e-07	1.627532e-06	1.504345e-06	7798
242818	-6.187310e-07	1.627549e-06	1.504257e-06	7798
234562	-6.189033e-07	1.627565e-06	1.504168e-06	7798
226306	-6.190756e-07	1.627581e-06	1.504079e-06	7798
218050	-6.192480e-07	1.627598e-06	1.503991e-06	7798
209794	-6.194203e-07	1.627614e-06	1.503902e-06	7798
201538	-6.195926e-07	1.627631e-06	1.503813e-06	7798
193282	-6.197649e-07	1.627647e-06	1.503725e-06	7798
185026	-6.199372e-07	1.627663e-06	1.503636e-06	7798
176770	-6.201095e-07	1.627680e-06	1.503547e-06	7798
168514	-6.202817e-07	1.627696e-06	1.503458e-06	7798
160258	-6.204539e-07	1.627712e-06	1.503370e-06	7798
152002	-6.206262e-07	1.627729e-06	1.503281e-06	7798
143746	-6.207984e-07	1.627745e-06	1.503192e-06	7798
135490	-6.209706e-07	1.627762e-06	1.503103e-06	7798
127234	-6.211428e-07	1.627778e-06	1.503014e-06	7798
118978	-6.213149e-07	1.627795e-06	1.502925e-06	7798
110722	-6.214871e-07	1.627811e-06	1.502836e-06	7798
102466	-6.216592e-07	1.627827e-06	1.502747e-06	7798
94210	-6.218314e-07	1.627844e-06	1.502658e-06	7798
85954	-6.220035e-07	1.627860e-06	1.502569e-06	7798
77698	-6.221756e-07	1.627877e-06	1.502480e-06	7798
69442	-6.223477e-07	1.627893e-06	1.502391e-06	7798
61186	-6.225198e-07	1.627909e-06	1.502302e-06	7798
52930	-6.226919e-07	1.627926e-06	1.502213e-06	7798
44674	-6.228639e-07	1.627942e-06	1.502124e-06	7798
36418	-6.230360e-07	1.627959e-06	1.502034e-06	7798
28162	-6.232080e-07	1.627975e-06	1.501945e-06	7798
19906	-6.233800e-07	1.627992e-06	1.501856e-06	7798
11650	-6.235520e-07	1.628008e-06	1.501767e-06	7798
3394	-6.237240e-07	1.628025e-06	1.501678e-06	7798
1147828	-8.271599e-07	1.628690e-06	1.600665e-06	630
1150778	-5.919908e-07	1.628694e-06	1.513689e-06	7285
1142522	-5.921646e-07	1.628709e-06	1.513604e-06	7285
1139572	-8.273460e-07	1.628712e-06	1.600547e-06	630
1134266	-5.923382e-07	1.628725e-06	1.513519e-06	7285
1131316	-8.275321e-07	1.628734e-06	1.600429e-06	630
1126010	-5.925119e-07	1.628741e-06	1.513434e-06	7285
1123060	-8.277183e-07	1.628756e-06	1.600310e-06	630
1117754	-5.926855e-07	1.628756e-06	1.513349e-06	7285
1109498	-5.928591e-07	1.628772e-06	1.513264e-06	7285
1114804	-8.279044e-07	1.628777e-06	1.600191e-06	630
1101242	-5.930327e-07	1.628788e-06	1.513180e-06	7285
1106548	-8.280904e-07	1.628799e-06	1.600073e-06	630
1092986	-5.932064e-07	1.628803e-06	1.513095e-06	7285
1084730	-5.933799e-07	1.628819e-06	1.513010e-06	7285
1098292	-8.282765e-07	1.628821e-06	1.599954e-06	630
1076474	-5.935535e-07	1.628835e-06	1.512925e-06	7285
1090036	-8.284625e-07	1.628843e-06	1.599836e-06	630
1068218	-5.937271e-07	1.628850e-06	1.512840e-06	7285
1081780	-8.286486e-07	1.628865e-06	1.599717e-06	630
1059962	-5.939007e-07	1.628866e-06	1.512755e-06	7285
1051706	-5.940742e-07	1.628882e-06	1.512670e-06	7285
1073524	-8.288346e-07	1.628887e-06	1.599598e-06	630
1043450	-5.942478e-07	1.628897e-06	1.512585e-06	7285
1065268	-8.290206e-07	1.628909e-06	1.599479e-06	630
1035194	-5.944212e-07	1.628913e-06	1.512500e-06	7285
1026938	-5.945948e-07	1.628929e-06	1.512415e-06	7285
1057012	-8.292066e-07	1.628931e-06	1.599361e-06	630
1018682	-5.947683e-07	1.628945e-06	1.512329e-06	7285
1048756	-8.293925e-07	1.628953e-06	1.599242e-06	630
1010426	-5.949418e-07	1.628960e-06	1.512244e-06	7285
1040500	-8.295785e-07	1.628975e-06	1.599123e-06	630
1002170	-5.951152e-07	1.628976e-06	1.512159e-06	7285
993914	-5.952887e-07	1.628992e-06	1.512074e-06	7285
1032244	-8.297644e-07	1.628997e-06	1.599004e-06	630
985658	-5.954621e-07	1.629007e-06	1.511989e-06	7285
1023988	-8.299503e-07	1.629019e-06	1.598885e-06	630
977402	-5.956355e-07	1.629023e-06	1.511903e-06	7285
969146	-5.958090e-07	1.629039e-06	1.511818e-06	7285
1015732	-8.301362e-07	1.629041e-06	1.598767e-06	630
960890	-5.959823e-07	1.629055e-06	1.511733e-06	7285
1007476	-8.303221e-07	1.629063e-06	1.598648e-06	630
952634	-5.961558e-07	1.629070e-06	1.511647e-06	7285
999220	-8.305079e-07	1.629085e-06	1.598529e-06	630
944378	-5.963291e-07	1.629086e-06	1.511562e-06	7285
936122	-5.965025e-07	1.629102e-06	1.511477e-06	7285
990964	-8.306938e-07	1.629106e-06	1.598410e-06	630
927866	-5.966758e-07	1.629117e-06	1.511391e-06	7285
982708	-8.308796e-07	1.629128e-06	1.598291e-06	630
919610	-5.968492e-07	1.629133e-06	1.511306e-06	7285
911354	-5.970225e-07	1.629149e-06	1.511220e-06	7285
974452	-8.310653e-07	1.629150e-06	1.598172e-06	630
903098	-5.971958e-07	1.629165e-06	1.511135e-06	7285
966196	-8.312511e-07	1.629172e-06	1.598053e-06	630
894842	-5.973691e-07	1.629181e-06	1.511050e-06	7285
957940	-8.314369e-07	1.629194e-06	1.597934e-06	630
886586	-5.975424e-07	1.629196e-06	1.510964e-06	7285
878330	-5.977157e-07	1.629212e-06	1.510878e-06	7285
949684	-8.316226e-07	1.629216e-06	1.597815e-06	630
870074	-5.978890e-07	1.629228e-06	1.510793e-06	7285
941428	-8.318083e-07	1.629238e-06	1.597695e-06	630
861818	-5.980622e-07	1.629244e-06	1.510707e-06	7285
853562	-5.982354e-07	1.629259e-06	1.510622e-06	7285
933172	-8.319941e-07	1.629260e-06	1.597576e-06	630
845306	-5.984087e-07	1.629275e-06	1.510536e-06	7285
924916	-8.321798e-07	1.629282e-06	1.597457e-06	630
837050	-5.985819e-07	1.629291e-06	1.510450e-06	7285
916660	-8.323655e-07	1.629305e-06	1.597338e-06	630
828794	-5.987551e-07	1.629307e-06	1.510365e-06	7285
820538	-5.989283e-07	1.629323e-06	1.510279e-06	7285
908404	-8.325511e-07	1.629326e-06	1.597219e-06	630
812282	-5.991014e-07	1.629338e-06	1.510193e-06	7285
900148	-8.327368e-07	1.629349e-06	1.597100e-06	630
804026	-5.992746e-07	1.629354e-06	1.510107e-06	7285
795770	-5.994478e-07	1.629370e-06	1.510021e-06	7285
891892	-8.329224e-07	1.629371e-06	1.596980e-06	630
787514	-5.996209e-07	1.629386e-06	1.509936e-06	7285
883636	-8.331079e-07	1.629393e-06	1.596861e-06	630
779258	-5.997940e-07	1.629402e-06	1.509850e-06	7285
875380	-8.332935e-07	1.629415e-06	1.596742e-06	630
771002	-5.999672e-07	1.629418e-06	1.509764e-06	7285
762746	-6.001403e-07	1.629434e-06	1.509678e-06	7285
867124	-8.334791e-07	1.629437e-06	1.596622e-06	630
754490	-6.003133e-07	1.629449e-06	1.509592e-06	7285
858868	-8.336647e-07	1.629459e-06	1.596503e-06	630
746234	-6.004864e-07	1.629465e-06	1.509506e-06	7285
850612	-8.338502e-07	1.629481e-06	1.596383e-06	630
737978	-6.006595e-07	1.629481e-06	1.509420e-06	7285
729722	-6.008325e-07	1.629497e-06	1.509334e-06	7285
842356	-8.340357e-07	1.629503e-06	1.596264e-06	630
721466	-6.010056e-07	1.629513e-06	1.509248e-06	7285
834100	-8.342212e-07	1.629525e-06	1.596145e-06	630
713210	-6.011786e-07	1.629529e-06	1.509162e-06	7285
704954	-6.013516e-07	1.629545e-06	1.509076e-06	7285
825844	-8.344067e-07	1.629547e-06	1.596025e-06	630
696698	-6.015246e-07	1.629560e-06	1.508990e-06	7285
817588	-8.345922e-07	1.629569e-06	1.595905e-06	630
688442	-6.016976e-07	1.629576e-06	1.508904e-06	7285
809332	-8.347776e-07	1.629591e-06	1.595786e-06	630
680186	-6.018706e-07	1.629592e-06	1.508818e-06	7285
671930	-6.020435e-07	1.629608e-06	1.508732e-06	7285
801076	-8.349630e-07	1.629613e-06	1.595666e-06	630
663674	-6.022165e-07	1.629624e-06	1.508645e-06	7285
792820	-8.351485e-07	1.629635e-06	1.595547e-06	630
655418	-6.023894e-07	1.629640e-06	1.508559e-06	7285
647162	-6.025623e-07	1.629656e-06	1.508473e-06	7285
784564	-8.353338e-07	1.629657e-06	1.595427e-06	630
638906	-6.027352e-07	1.629672e-06	1.508387e-06	7285
776308	-8.355192e-07	1.629680e-06	1.595307e-06	630
630650	-6.029081e-07	1.629688e-06	1.508300e-06	7285
768052	-8.357046e-07	1.629702e-06	1.595188e-06	630
622394	-6.030810e-07	1.629704e-06	1.508214e-06	7285
614138	-6.032539e-07	1.629719e-06	1.508128e-06	7285
759796	-8.358899e-07	1.629724e-06	1.595068e-06	630
605882	-6.034267e-07	1.629735e-06	1.508041e-06	7285
751540	-8.360752e-07	1.629746e-06	1.594948e-06	630
597626	-6.035996e-07	1.629751e-06	1.507955e-06	7285
589370	-6.037724e-07	1.629767e-06	1.507868e-06	7285
743284	-8.362605e-07	1.629768e-06	1.594829e-06	630
581114	-6.039452e-07	1.629783e-06	1.507782e-06	7285
735028	-8.364458e-07	1.629790e-06	1.594709e-06	630
572858	-6.041180e-07	1.629799e-06	1.507696e-06	7285
726772	-8.366311e-07	1.629812e-06	1.594589e-06	630
564602	-6.042908e-07	1.629815e-06	1.507609e-06	7285
556346	-6.044636e-07	1.629831e-06	1.507522e-06	7285
718516	-8.368164e-07	1.629834e-06	1.594469e-06	630
548090	-6.046363e-07	1.629847e-06	1.507436e-06	7285
710260	-8.370016e-07	1.629857e-06	1.594349e-06	630
539834	-6.048091e-07	1.629863e-06	1.507349e-06	7285
702004	-8.371868e-07	1.629879e-06	1.594230e-06	630
531578	-6.049818e-07	1.629879e-06	1.507263e-06	7285
523322	-6.051546e-07	1.629895e-06	1.507176e-06	7285
693748	-8.373720e-07	1.629901e-06	1.594110e-06	630
515066	-6.053273e-07	1.629911e-06	1.507089e-06	7285
685492	-8.375571e-07	1.629923e-06	1.593990e-06	630
506810	-6.055000e-07	1.629927e-06	1.507003e-06	7285
498554	-6.056727e-07	1.629943e-06	1.506916e-06	7285
677236	-8.377423e-07	1.629945e-06	1.593870e-06	630
490298	-6.058454e-07	1.629959e-06	1.506829e-06	7285
668980	-8.379275e-07	1.629967e-06	1.593750e-06	630
482042	-6.060180e-07	1.629975e-06	1.506743e-06	7285
660724	-8.381126e-07	1.629989e-06	1.593630e-06	630
473786	-6.061907e-07	1.629991e-06	1.506656e-06	7285
465530	-6.063634e-07	1.630007e-06	1.506569e-06	7285
652468	-8.382977e-07	1.630012e-06	1.593510e-06	630
457274	-6.065359e-07	1.630023e-06	1.506482e-06	7285
644212	-8.384828e-07	1.630034e-06	1.593389e-06	630
449018	-6.067086e-07	1.630039e-06	1.506395e-06	7285
440762	-6.068811e-07	1.630055e-06	1.506309e-06	7285
635956	-8.386679e-07	1.630056e-06	1.593269e-06	630
432506	-6.070538e-07	1.630071e-06	1.506222e-06	7285
627700	-8.388529e-07	1.630078e-06	1.593149e-06	630
424250	-6.072264e-07	1.630087e-06	1.506135e-06	7285
619444	-8.390380e-07	1.630100e-06	1.593029e-06	630
415994	-6.073989e-07	1.630103e-06	1.506048e-06	7285
407738	-6.075715e-07	1.630119e-06	1.505961e-06	7285
611188	-8.392230e-07	1.630123e-06	1.592909e-06	630
399482	-6.077440e-07	1.630135e-06	1.505874e-06	7285
602932	-8.394080e-07	1.630145e-06	1.592789e-06	630
391226	-6.079165e-07	1.630151e-06	1.505787e-06	7285
594676	-8.395929e-07	1.630167e-06	1.592668e-06	630
382970	-6.080890e-07	1.630167e-06	1.505700e-06	7285
374714	-6.082615e-07	1.630183e-06	1.505613e-06	7285
586420	-8.397779e-07	1.630189e-06	1.592548e-06	630
366458	-6.084340e-07	1.630199e-06	1.505526e-06	7285
578164	-8.399629e-07	1.630212e-06	1.592428e-06	630
358202	-6.086065e-07	1.630215e-06	1.505439e-06	7285
349946	-6.087789e-07	1.630232e-06	1.505351e-06	7285
569908	-8.401478e-07	1.630234e-06	1.592308e-06	630
341690	-6.089514e-07	1.630248e-06	1.505264e-06	7285
561652	-8.403327e-07	1.630256e-06	1.592187e-06	630
333434	-6.091238e-07	1.630264e-06	1.505177e-06	7285
553396	-8.405176e-07	1.630278e-06	1.592067e-06	630
325178	-6.092962e-07	1.630280e-06	1.505090e-06	7285
316922	-6.094686e-07	1.630296e-06	1.505003e-06	7285
545140	-8.407025e-07	1.630300e-06	1.591947e-06	630
308666	-6.096410e-07	1.630312e-06	1.504915e-06	7285
536884	-8.408873e-07	1.630323e-06	1.591826e-06	630
300410	-6.098134e-07	1.630328e-06	1.504828e-06	7285
292154	-6.099858e-07	1.630344e-06	1.504741e-06	7285
528628	-8.410722e-07	1.630345e-06	1.591706e-06	630
283898	-6.101581e-07	1.630360e-06	1.504653e-06	7285
520372	-8.412570e-07	1.630367e-06	1.591585e-06	630
275642	-6.103305e-07	1.630376e-06	1.504566e-06	7285
512116	-8.414418e-07	1.630389e-06	1.591465e-06	630
267386	-6.105028e-07	1.630393e-06	1.504479e-06	7285
259130	-6.106751e-07	1.630409e-06	1.504391e-06	7285
503860	-8.416266e-07	1.630412e-06	1.591344e-06	630
250874	-6.108474e-07	1.630425e-06	1.504304e-06	7285
495604	-8.418114e-07	1.630434e-06	1.591224e-06	630
242618	-6.110197e-07	1.630441e-06	1.504216e-06	7285
487348	-8.419961e-07	1.630456e-06	1.591103e-06	630
234362	-6.111920e-07	1.630457e-06	1.504129e-06	7285
226106	-6.113643e-07	1.630473e-06	1.504041e-06	7285
479092	-8.421808e-07	1.630479e-06	1.590982e-06	630
217850	-6.115365e-07	1.630489e-06	1.503954e-06	7285
470836	-8.423656e-07	1.630501e-06	1.590862e-06	630
209594	-6.117087e-07	1.630506e-06	1.503866e-06	7285
201338	-6.118810e-07	1.630522e-06	1.503779e-06	7285
462580	-8.425503e-07	1.630523e-06	1.590741e-06	630
193082	-6.120532e-07	1.630538e-06	1.503691e-06	7285
454324	-8.427349e-07	1.630545e-06	1.590620e-06	630
184826	-6.122254e-07	1.630554e-06	1.503603e-06	7285
446068	-8.429196e-07	1.630568e-06	1.590500e-06	630
176570	-6.123976e-07	1.630570e-06	1.503516e-06	7285
168314	-6.125697e-07	1.630586e-06	1.503428e-06	7285
437812	-8.431043e-07	1.630590e-06	1.590379e-06	630
160058	-6.127419e-07	1.630603e-06	1.503340e-06	7285
429556	-8.432889e-07	1.630612e-06	1.590258e-06	630
151802	-6.129141e-07	1.630619e-06	1.503253e-06	7285
421300	-8.434735e-07	1.630635e-06	1.590137e-06	630
143546	-6.130862e-07	1.630635e-06	1.503165e-06	7285
135290	-6.132583e-07	1.630651e-06	1.503077e-06	7285
413044	-8.436581e-07	1.630657e-06	1.590017e-06	630
127034	-6.134304e-07	1.630667e-06	1.502989e-06	7285
404788	-8.438427e-07	1.630679e-06	1.589896e-06	630
118778	-6.136025e-07	1.630684e-06	1.502901e-06	7285
110522	-6.137746e-07	1.630700e-06	1.502814e-06	7285
396532	-8.440272e-07	1.630702e-06	1.589775e-06	630
102266	-6.139467e-07	1.630716e-06	1.502726e-06	7285
388276	-8.442117e-07	1.630724e-06	1.589654e-06	630
94010	-6.141187e-07	1.630732e-06	1.502638e-06	7285
380020	-8.443963e-07	1.630746e-06	1.589533e-06	630
85754	-6.142907e-07	1.630748e-06	1.502550e-06	7285
77498	-6.144627e-07	1.630765e-06	1.502462e-06	7285
371764	-8.445808e-07	1.630769e-06	1.589412e-06	630
69242	-6.146348e-07	1.630781e-06	1.502374e-06	7285
363508	-8.447652e-07	1.630791e-06	1.589291e-06	630
60986	-6.148068e-07	1.630797e-06	1.502286e-06	7285
52730	-6.149788e-07	1.630813e-06	1.502198e-06	7285
355252	-8.449497e-07	1.630813e-06	1.589170e-06	630
44474	-6.151508e-07	1.630830e-06	1.502110e-06	7285
346996	-8.451341e-07	1.630836e-06	1.589049e-06	630
36218	-6.153227e-07	1.630846e-06	1.502022e-06	7285
338740	-8.453185e-07	1.630858e-06	1.588928e-06	630
27962	-6.154947e-07	1.630862e-06	1.501934e-06	7285
19706	-6.156666e-07	1.630878e-06	1.501846e-06	7285
330484	-8.455030e-07	1.630880e-06	1.588807e-06	630
11450	-6.158385e-07	1.630895e-06	1.501757e-06	7285
322228	-8.456873e-07	1.630903e-06	1.588686e-06	630
3194	-6.160105e-07	1.630911e-06	1.501669e-06	7285
313972	-8.458717e-07	1.630925e-06	1.588565e-06	630
305716	-8.460561e-07	1.630948e-06	1.588444e-06	630
297460	-8.462404e-07	1.630970e-06	1.588322e-06	630
289204	-8.464248e-07	1.630992e-06	1.588201e-06	630
280948	-8.466091e-07	1.631015e-06	1.588080e-06	630
272692	-8.467933e-07	1.631037e-06	1.587959e-06	630
264436	-8.469776e-07	1.631059e-06	1.587837e-06	630
256180	-8.471619e-07	1.631082e-06	1.587716e-06	630
247924	-8.473461e-07	1.631104e-06	1.587595e-06	630
239668	-8.475303e-07	1.631127e-06	1.587473e-06	630
231412	-8.477145e-07	1.631149e-06	1.587352e-06	630
223156	-8.478987e-07	1.631172e-06	1.587230e-06	630
214900	-8.480828e-07	1.631194e-06	1.587109e-06	630
206644	-8.482670e-07	1.631216e-06	1.586988e-06	630
198388	-8.484511e-07	1.631239e-06	1.586866e-06	630
190132	-8.486352e-07	1.631261e-06	1.586745e-06	630
181876	-8.488193e-07	1.631284e-06	1.586623e-06	630
173620	-8.490034e-07	1.631306e-06	1.586501e-06	630
165364	-8.491874e-07	1.631329e-06	1.586380e-06	630
157108	-8.493714e-07	1.631351e-06	1.586258e-06	630
148852	-8.495555e-07	1.631374e-06	1.586136e-06	630
140596	-8.497394e-07	1.631396e-06	1.586015e-06	630
132340	-8.499234e-07	1.631419e-06	1.585893e-06	630
124084	-8.501074e-07	1.631441e-06	1.585771e-06	630
115828	-8.502913e-07	1.631464e-06	1.585650e-06	630
107572	-8.504753e-07	1.631486e-06	1.585528e-06	630
99316	-8.506591e-07	1.631509e-06	1.585406e-06	630
91060	-8.508430e-07	1.631531e-06	1.585284e-06	630
82804	-8.510269e-07	1.631554e-06	1.585162e-06	630
74548	-8.512108e-07	1.631576e-06	1.585040e-06	630
66292	-8.513946e-07	1.631599e-06	1.584918e-06	630
58036	-8.515784e-07	1.631621e-06	1.584796e-06	630
49780	-8.517622e-07	1.631644e-06	1.584674e-06	630
41524	-8.519460e-07	1.631666e-06	1.584552e-06	630
33268	-8.521297e-07	1.631689e-06	1.584430e-06	630
25012	-8.523135e-07	1.631711e-06	1.584308e-06	630
16756	-8.524972e-07	1.631734e-06	1.584186e-06	630
8500	-8.526810e-07	1.631757e-06	1.584064e-06	630
244	-8.528646e-07	1.631779e-06	1.583942e-06	630
1149273	-7.101970e-07	1.632579e-06	1.560942e-06	3701
1141017	-7.103774e-07	1.632597e-06	1.560840e-06	3701
1132761	-7.105577e-07	1.632616e-06	1.560738e-06	3701
1124505	-7.107380e-07	1.632635e-06	1.560637e-06	3701
1116249	-7.109183e-07	1.632654e-06	1.560535e-06	3701
1107993	-7.110986e-07	1.632673e-06	1.560433e-06	3701
1099737	-7.112789e-07	1.632691e-06	1.560331e-06	3701
1091481	-7.114592e-07	1.632710e-06	1.560229e-06	3701
1083225	-7.116394e-07	1.632729e-06	1.560127e-06	3701
1074969	-7.118196e-07	1.632748e-06	1.560025e-06	3701
1066713	-7.119999e-07	1.632767e-06	1.559923e-06	3701
1058457	-7.121801e-07	1.632785e-06	1.559821e-06	3701
1050201	-7.123602e-07	1.632804e-06	1.559720e-06	3701
1041945	-7.125404e-07	1.632823e-06	1.559618e-06	3701
1033689	-7.127206e-07	1.632842e-06	1.559515e-06	3701
1025433	-7.129007e-07	1.632861e-06	1.559413e-06	3701
1017177	-7.130809e-07	1.632880e-06	1.559311e-06	3701
1008921	-7.132609e-07	1.632898e-06	1.559209e-06	3701
1000665	-7.134411e-07	1.632917e-06	1.559107e-06	3701
992409	-7.136211e-07	1.632936e-06	1.559005e-06	3701
984153	-7.138012e-07	1.632955e-06	1.558903e-06	3701
975897	-7.139813e-07	1.632974e-06	1.558800e-06	3701
967641	-7.141613e-07	1.632993e-06	1.558698e-06	3701
959385	-7.143413e-07	1.633012e-06	1.558596e-06	3701
951129	-7.145213e-07	1.633030e-06	1.558494e-06	3701
942873	-7.147013e-07	1.633049e-06	1.558391e-06	3701
934617	-7.148813e-07	1.633068e-06	1.558289e-06	3701
926361	-7.150612e-07	1.633087e-06	1.558187e-06	3701
918105	-7.152412e-07	1.633106e-06	1.558084e-06	3701
909849	-7.154211e-07	1.633125e-06	1.557982e-06	3701
901593	-7.156010e-07	1.633144e-06	1.557879e-06	3701
893337	-7.157809e-07	1.633163e-06	1.557777e-06	3701
885081	-7.159608e-07	1.633182e-06	1.557674e-06	3701
876825	-7.161407e-07	1.633201e-06	1.557572e-06	3701
868569	-7.163205e-07	1.633220e-06	1.557469e-06	3701
860313	-7.165003e-07	1.633239e-06	1.557367e-06	3701
852057	-7.166802e-07	1.633258e-06	1.557264e-06	3701
843801	-7.168600e-07	1.633276e-06	1.557161e-06	3701
835545	-7.170398e-07	1.633295e-06	1.557059e-06	3701
827289	-7.172196e-07	1.633314e-06	1.556956e-06	3701
819033	-7.173993e-07	1.633333e-06	1.556853e-06	3701
810777	-7.175790e-07	1.633352e-06	1.556751e-06	3701
802521	-7.177588e-07	1.633371e-06	1.556648e-06	3701
794265	-7.179385e-07	1.633390e-06	1.556545e-06	3701
786009	-7.181182e-07	1.633409e-06	1.556442e-06	3701
777753	-7.182979e-07	1.633428e-06	1.556339e-06	3701
769497	-7.184776e-07	1.633447e-06	1.556236e-06	3701
761241	-7.186572e-07	1.633466e-06	1.556134e-06	3701
752985	-7.188369e-07	1.633485e-06	1.556031e-06	3701
744729	-7.190165e-07	1.633504e-06	1.555928e-06	3701
736473	-7.191961e-07	1.633523e-06	1.555825e-06	3701
728217	-7.193757e-07	1.633542e-06	1.555722e-06	3701
719961	-7.195553e-07	1.633561e-06	1.555619e-06	3701
711705	-7.197348e-07	1.633580e-06	1.555516e-06	3701
703449	-7.199144e-07	1.633599e-06	1.555413e-06	3701
695193	-7.200939e-07	1.633618e-06	1.555309e-06	3701
686937	-7.202734e-07	1.633637e-06	1.555206e-06	3701
678681	-7.204529e-07	1.633656e-06	1.555103e-06	3701
670425	-7.206324e-07	1.633675e-06	1.555000e-06	3701
662169	-7.208119e-07	1.633695e-06	1.554897e-06	3701
653913	-7.209914e-07	1.633714e-06	1.554794e-06	3701
645657	-7.211708e-07	1.633733e-06	1.554690e-06	3701
637401	-7.213502e-07	1.633752e-06	1.554587e-06	3701
629145	-7.215296e-07	1.633771e-06	1.554484e-06	3701
620889	-7.217090e-07	1.633790e-06	1.554380e-06	3701
612633	-7.218884e-07	1.633809e-06	1.554277e-06	3701
604377	-7.220677e-07	1.633828e-06	1.554174e-06	3701
596121	-7.222471e-07	1.633847e-06	1.554070e-06	3701
587865	-7.224264e-07	1.633866e-06	1.553967e-06	3701
579609	-7.226058e-07	1.633885e-06	1.553863e-06	3701
571353	-7.227850e-07	1.633904e-06	1.553760e-06	3701
563097	-7.229643e-07	1.633923e-06	1.553656e-06	3701
554841	-7.231436e-07	1.633943e-06	1.553553e-06	3701
546585	-7.233229e-07	1.633962e-06	1.553449e-06	3701
538329	-7.235021e-07	1.633981e-06	1.553346e-06	3701
530073	-7.236814e-07	1.634000e-06	1.553242e-06	3701
521817	-7.238606e-07	1.634019e-06	1.553139e-06	3701
513561	-7.240398e-07	1.634038e-06	1.553035e-06	3701
505305	-7.242189e-07	1.634057e-06	1.552931e-06	3701
497049	-7.243981e-07	1.634077e-06	1.552827e-06	3701
488793	-7.245773e-07	1.634096e-06	1.552724e-06	3701
480537	-7.247564e-07	1.634115e-06	1.552620e-06	3701
472281	-7.249355e-07	1.634134e-06	1.552516e-06	3701
464025	-7.251146e-07	1.634153e-06	1.552412e-06	3701
455769	-7.252937e-07	1.634172e-06	1.552308e-06	3701
447513	-7.254728e-07	1.634192e-06	1.552205e-06	3701
439257	-7.256518e-07	1.634211e-06	1.552101e-06	3701
431001	-7.258309e-07	1.634230e-06	1.551997e-06	3701
422745	-7.260099e-07	1.634249e-06	1.551893e-06	3701
414489	-7.261889e-07	1.634268e-06	1.551789e-06	3701
406233	-7.263679e-07	1.634288e-06	1.551685e-06	3701
397977	-7.265469e-07	1.634307e-06	1.551581e-06	3701
389721	-7.267258e-07	1.634326e-06	1.551477e-06	3701
381465	-7.269048e-07	1.634345e-06	1.551373e-06	3701
373209	-7.270837e-07	1.634364e-06	1.551269e-06	3701
364953	-7.272627e-07	1.634384e-06	1.551164e-06	3701
356697	-7.274415e-07	1.634403e-06	1.551060e-06	3701
348441	-7.276204e-07	1.634422e-06	1.550956e-06	3701
340185	-7.277993e-07	1.634441e-06	1.550852e-06	3701
331929	-7.279781e-07	1.634461e-06	1.550748e-06	3701
323673	-7.281570e-07	1.634480e-06	1.550643e-06	3701
315417	-7.283358e-07	1.634499e-06	1.550539e-06	3701
307161	-7.285146e-07	1.634518e-06	1.550435e-06	3701
298905	-7.286934e-07	1.634538e-06	1.550330e-06	3701
290649	-7.288722e-07	1.634557e-06	1.550226e-06	3701
282393	-7.290510e-07	1.634576e-06	1.550122e-06	3701
274137	-7.292297e-07	1.634595e-06	1.550017e-06	3701
265881	-7.294084e-07	1.634615e-06	1.549913e-06	3701
257625	-7.295872e-07	1.634634e-06	1.549808e-06	3701
249369	-7.297659e-07	1.634653e-06	1.549704e-06	3701
241113	-7.299446e-07	1.634673e-06	1.549599e-06	3701
232857	-7.301232e-07	1.634692e-06	1.549495e-06	3701
224601	-7.303019e-07	1.634711e-06	1.549390e-06	3701
216345	-7.304805e-07	1.634730e-06	1.549286e-06	3701
208089	-7.306592e-07	1.634750e-06	1.549181e-06	3701
199833	-7.308378e-07	1.634769e-06	1.549077e-06	3701
191577	-7.310164e-07	1.634788e-06	1.548972e-06	3701
183321	-7.311949e-07	1.634808e-06	1.548867e-06	3701
175065	-7.313735e-07	1.634827e-06	1.548762e-06	3701
166809	-7.315521e-07	1.634846e-06	1.548658e-06	3701
158553	-7.317306e-07	1.634866e-06	1.548553e-06	3701
150297	-7.319091e-07	1.634885e-06	1.548448e-06	3701
142041	-7.320876e-07	1.634904e-06	1.548343e-06	3701
133785	-7.322661e-07	1.634924e-06	1.548239e-06	3701
125529	-7.324446e-07	1.634943e-06	1.548134e-06	3701
117273	-7.326230e-07	1.634963e-06	1.548029e-06	3701
109017	-7.328014e-07	1.634982e-06	1.547924e-06	3701
100761	-7.329799e-07	1.635001e-06	1.547819e-06	3701
92505	-7.331583e-07	1.635021e-06	1.547714e-06	3701
84249	-7.333367e-07	1.635040e-06	1.547609e-06	3701
75993	-7.335150e-07	1.635059e-06	1.547504e-06	3701
67737	-7.336934e-07	1.635079e-06	1.547399e-06	3701
59481	-7.338717e-07	1.635098e-06	1.547294e-06	3701
51225	-7.340500e-07	1.635118e-06	1.547189e-06	3701
42969	-7.342284e-07	1.635137e-06	1.547083e-06	3701
34713	-7.344067e-07	1.635156e-06	1.546978e-06	3701
26457	-7.345849e-07	1.635176e-06	1.546873e-06	3701
18201	-7.347632e-07	1.635195e-06	1.546768e-06	3701
9945	-7.349415e-07	1.635215e-06	1.546663e-06	3701
1689	-7.351197e-07	1.635234e-06	1.546557e-06	3701
1150878	-6.147525e-07	1.635276e-06	1.527314e-06	7541
1142622	-6.149280e-07	1.635292e-06	1.527226e-06	7541
1134366	-6.151034e-07	1.635308e-06	1.527138e-06	7541
1126110	-6.152789e-07	1.635325e-06	1.527050e-06	7541
1117854	-6.154543e-07	1.635341e-06	1.526961e-06	7541
1109598	-6.156297e-07	1.635357e-06	1.526873e-06	7541
1101342	-6.158050e-07	1.635373e-06	1.526785e-06	7541
1093086	-6.159805e-07	1.635390e-06	1.526697e-06	7541
1084830	-6.161558e-07	1.635406e-06	1.526609e-06	7541
1076574	-6.163312e-07	1.635422e-06	1.526521e-06	7541
1068318	-6.165065e-07	1.635438e-06	1.526432e-06	7541
1060062	-6.166819e-07	1.635455e-06	1.526344e-06	7541
1051806	-6.168572e-07	1.635471e-06	1.526256e-06	7541
1043550	-6.170325e-07	1.635487e-06	1.526167e-06	7541
1035294	-6.172078e-07	1.635504e-06	1.526079e-06	7541
1027038	-6.173830e-07	1.635520e-06	1.525991e-06	7541
1018782	-6.175583e-07	1.635536e-06	1.525902e-06	7541
1010526	-6.177336e-07	1.635553e-06	1.525814e-06	7541
1002270	-6.179088e-07	1.635569e-06	1.525725e-06	7541
994014	-6.180840e-07	1.635585e-06	1.525637e-06	7541
985758	-6.182592e-07	1.635601e-06	1.525549e-06	7541
977502	-6.184344e-07	1.635618e-06	1.525460e-06	7541
969246	-6.186096e-07	1.635634e-06	1.525371e-06	7541
960990	-6.187848e-07	1.635650e-06	1.525283e-06	7541
952734	-6.189599e-07	1.635667e-06	1.525194e-06	7541
944478	-6.191351e-07	1.635683e-06	1.525106e-06	7541
936222	-6.193102e-07	1.635700e-06	1.525017e-06	7541
927966	-6.194853e-07	1.635716e-06	1.524928e-06	7541
919710	-6.196605e-07	1.635732e-06	1.524840e-06	7541
911454	-6.198355e-07	1.635749e-06	1.524751e-06	7541
903198	-6.200106e-07	1.635765e-06	1.524662e-06	7541
894942	-6.201857e-07	1.635781e-06	1.524573e-06	7541
886686	-6.203608e-07	1.635798e-06	1.524485e-06	7541
878430	-6.205358e-07	1.635814e-06	1.524396e-06	7541
870174	-6.207108e-07	1.635830e-06	1.524307e-06	7541
861918	-6.208858e-07	1.635847e-06	1.524218e-06	7541
853662	-6.210608e-07	1.635863e-06	1.524129e-06	7541
845406	-6.212358e-07	1.635880e-06	1.524040e-06	7541
837150	-6.214108e-07	1.635896e-06	1.523951e-06	7541
828894	-6.215857e-07	1.635912e-06	1.523862e-06	7541
820638	-6.217607e-07	1.635929e-06	1.523773e-06	7541
812382	-6.219356e-07	1.635945e-06	1.523684e-06	7541
804126	-6.221106e-07	1.635962e-06	1.523595e-06	7541
795870	-6.222855e-07	1.635978e-06	1.523506e-06	7541
787614	-6.224603e-07	1.635995e-06	1.523417e-06	7541
779358	-6.226352e-07	1.636011e-06	1.523328e-06	7541
771102	-6.228101e-07	1.636027e-06	1.523239e-06	7541
762846	-6.229849e-07	1.636044e-06	1.523150e-06	7541
754590	-6.231598e-07	1.636060e-06	1.523060e-06	7541
746334	-6.233346e-07	1.636077e-06	1.522971e-06	7541
738078	-6.235094e-07	1.636093e-06	1.522882e-06	7541
729822	-6.236842e-07	1.636110e-06	1.522793e-06	7541
721566	-6.238590e-07	1.636126e-06	1.522703e-06	7541
713310	-6.240338e-07	1.636143e-06	1.522614e-06	7541
705054	-6.242086e-07	1.636159e-06	1.522525e-06	7541
696798	-6.243833e-07	1.636176e-06	1.522435e-06	7541
688542	-6.245581e-07	1.636192e-06	1.522346e-06	7541
680286	-6.247328e-07	1.636209e-06	1.522257e-06	7541
672030	-6.249075e-07	1.636225e-06	1.522167e-06	7541
663774	-6.250822e-07	1.636242e-06	1.522078e-06	7541
655518	-6.252569e-07	1.636258e-06	1.521988e-06	7541
647262	-6.254315e-07	1.636275e-06	1.521899e-06	7541
639006	-6.256062e-07	1.636291e-06	1.521809e-06	7541
630750	-6.257808e-07	1.636308e-06	1.521719e-06	7541
622494	-6.259555e-07	1.636324e-06	1.521630e-06	7541
614238	-6.261301e-07	1.636341e-06	1.521540e-06	7541
605982	-6.263047e-07	1.636357e-06	1.521450e-06	7541
597726	-6.264793e-07	1.636374e-06	1.521361e-06	7541
589470	-6.266539e-07	1.636390e-06	1.521271e-06	7541
581214	-6.268285e-07	1.636407e-06	1.521181e-06	7541
1150473	-7.398996e-07	1.636409e-06	1.574714e-06	6518
572958	-6.270030e-07	1.636424e-06	1.521092e-06	7541
1142217	-7.400818e-07	1.636429e-06	1.574608e-06	6518
564702	-6.271775e-07	1.636440e-06	1.521002e-06	7541
1133961	-7.402641e-07	1.636448e-06	1.574502e-06	6518
556446	-6.273521e-07	1.636457e-06	1.520912e-06	7541
1125705	-7.404462e-07	1.636468e-06	1.574396e-06	6518
1151172	-4.945992e-07	1.636470e-06	1.483610e-06	8309
548190	-6.275266e-07	1.636473e-06	1.520822e-06	7541
1142916	-4.947684e-07	1.636483e-06	1.483540e-06	8309
1117449	-7.406284e-07	1.636488e-06	1.574290e-06	6518
539934	-6.277011e-07	1.636490e-06	1.520732e-06	7541
1134660	-4.949376e-07	1.636496e-06	1.483469e-06	8309
531678	-6.278755e-07	1.636506e-06	1.520643e-06	7541
1109193	-7.408105e-07	1.636507e-06	1.574184e-06	6518
1126404	-4.951067e-07	1.636509e-06	1.483398e-06	8309
1118148	-4.952759e-07	1.636522e-06	1.483327e-06	8309
523422	-6.280500e-07	1.636523e-06	1.520553e-06	7541
1100937	-7.409927e-07	1.636527e-06	1.574078e-06	6518
1109892	-4.954450e-07	1.636535e-06	1.483256e-06	8309
515166	-6.282245e-07	1.636540e-06	1.520463e-06	7541
1092681	-7.411749e-07	1.636546e-06	1.573971e-06	6518
1101636	-4.956141e-07	1.636548e-06	1.483185e-06	8309
506910	-6.283989e-07	1.636556e-06	1.520373e-06	7541
1093380	-4.957832e-07	1.636561e-06	1.483114e-06	8309
1084425	-7.413570e-07	1.636566e-06	1.573865e-06	6518
498654	-6.285733e-07	1.636573e-06	1.520283e-06	7541
1085124	-4.959522e-07	1.636574e-06	1.483043e-06	8309
1076169	-7.415391e-07	1.636586e-06	1.573759e-06	6518
1076868	-4.961213e-07	1.636588e-06	1.482972e-06	8309
490398	-6.287478e-07	1.636589e-06	1.520193e-06	7541
1068612	-4.962904e-07	1.636601e-06	1.482901e-06	8309
1067913	-7.417211e-07	1.636605e-06	1.573653e-06	6518
482142	-6.289222e-07	1.636606e-06	1.520103e-06	7541
1060356	-4.964594e-07	1.636614e-06	1.482830e-06	8309
473886	-6.290966e-07	1.636623e-06	1.520013e-06	7541
1059657	-7.419032e-07	1.636625e-06	1.573547e-06	6518
1052100	-4.966285e-07	1.636627e-06	1.482759e-06	8309
465630	-6.292709e-07	1.636639e-06	1.519923e-06	7541
1043844	-4.967976e-07	1.636640e-06	1.482688e-06	8309
1051401	-7.420853e-07	1.636644e-06	1.573440e-06	6518
1035588	-4.969666e-07	1.636653e-06	1.482617e-06	8309
457374	-6.294453e-07	1.636656e-06	1.519832e-06	7541
1043145	-7.422673e-07	1.636664e-06	1.573334e-06	6518
1027332	-4.971356e-07	1.636666e-06	1.482546e-06	8309
449118	-6.296196e-07	1.636673e-06	1.519742e-06	7541
1019076	-4.973046e-07	1.636679e-06	1.482475e-06	8309
1034889	-7.424493e-07	1.636684e-06	1.573228e-06	6518
440862	-6.297940e-07	1.636689e-06	1.519652e-06	7541
1010820	-4.974736e-07	1.636692e-06	1.482404e-06	8309
1026633	-7.426313e-07	1.636703e-06	1.573121e-06	6518
1002564	-4.976426e-07	1.636705e-06	1.482332e-06	8309
432606	-6.299683e-07	1.636706e-06	1.519562e-06	7541
994308	-4.978115e-07	1.636718e-06	1.482261e-06	8309
424350	-6.301426e-07	1.636722e-06	1.519472e-06	7541
1018377	-7.428133e-07	1.636723e-06	1.573015e-06	6518
986052	-4.979805e-07	1.636732e-06	1.482190e-06	8309
416094	-6.303169e-07	1.636739e-06	1.519382e-06	7541
1010121	-7.429953e-07	1.636743e-06	1.572909e-06	6518
977796	-4.981495e-07	1.636745e-06	1.482119e-06	8309
407838	-6.304912e-07	1.636756e-06	1.519291e-06	7541
969540	-4.983184e-07	1.636758e-06	1.482047e-06	8309
1001865	-7.431772e-07	1.636762e-06	1.572802e-06	6518
961284	-4.984873e-07	1.636771e-06	1.481976e-06	8309
399582	-6.306655e-07	1.636772e-06	1.519201e-06	7541
993609	-7.433592e-07	1.636782e-06	1.572696e-06	6518
953028	-4.986563e-07	1.636784e-06	1.481905e-06	8309
391326	-6.308397e-07	1.636789e-06	1.519111e-06	7541
944772	-4.988252e-07	1.636797e-06	1.481833e-06	8309
985353	-7.435411e-07	1.636802e-06	1.572589e-06	6518
383070	-6.310140e-07	1.636806e-06	1.519020e-06	7541
936516	-4.989941e-07	1.636810e-06	1.481762e-06	8309
977097	-7.437230e-07	1.636821e-06	1.572483e-06	6518
374814	-6.311882e-07	1.636822e-06	1.518930e-06	7541
928260	-4.991630e-07	1.636824e-06	1.481690e-06	8309
920004	-4.993319e-07	1.636837e-06	1.481619e-06	8309
366558	-6.313624e-07	1.636839e-06	1.518840e-06	7541
968841	-7.439049e-07	1.636841e-06	1.572377e-06	6518
911748	-4.995007e-07	1.636850e-06	1.481548e-06	8309
358302	-6.315366e-07	1.636856e-06	1.518749e-06	7541
960585	-7.440868e-07	1.636861e-06	1.572270e-06	6518
903492	-4.996696e-07	1.636863e-06	1.481476e-06	8309
350046	-6.317108e-07	1.636872e-06	1.518659e-06	7541
895236	-4.998384e-07	1.636876e-06	1.481405e-06	8309
952329	-7.442687e-07	1.636880e-06	1.572163e-06	6518
341790	-6.318850e-07	1.636889e-06	1.518569e-06	7541
886980	-5.000072e-07	1.636889e-06	1.481333e-06	8309
944073	-7.444505e-07	1.636900e-06	1.572057e-06	6518
878724	-5.001760e-07	1.636903e-06	1.481262e-06	8309
333534	-6.320591e-07	1.636906e-06	1.518478e-06	7541
870468	-5.003449e-07	1.636916e-06	1.481190e-06	8309
935817	-7.446324e-07	1.636920e-06	1.571950e-06	6518
325278	-6.322333e-07	1.636923e-06	1.518388e-06	7541
862212	-5.005137e-07	1.636929e-06	1.481118e-06	8309
317022	-6.324074e-07	1.636939e-06	1.518297e-06	7541
927561	-7.448141e-07	1.636939e-06	1.571844e-06	6518
853956	-5.006825e-07	1.636942e-06	1.481047e-06	8309
845700	-5.008513e-07	1.636955e-06	1.480975e-06	8309
308766	-6.325816e-07	1.636956e-06	1.518206e-06	7541
919305	-7.449959e-07	1.636959e-06	1.571737e-06	6518
837444	-5.010201e-07	1.636969e-06	1.480903e-06	8309
300510	-6.327557e-07	1.636973e-06	1.518116e-06	7541
911049	-7.451777e-07	1.636979e-06	1.571630e-06	6518
829188	-5.011888e-07	1.636982e-06	1.480832e-06	8309
292254	-6.329298e-07	1.636989e-06	1.518025e-06	7541
820932	-5.013575e-07	1.636995e-06	1.480760e-06	8309
902793	-7.453595e-07	1.636998e-06	1.571523e-06	6518
283998	-6.331039e-07	1.637006e-06	1.517935e-06	7541
812676	-5.015263e-07	1.637008e-06	1.480688e-06	8309
894537	-7.455413e-07	1.637018e-06	1.571417e-06	6518
804420	-5.016950e-07	1.637022e-06	1.480616e-06	8309
275742	-6.332779e-07	1.637023e-06	1.517844e-06	7541
796164	-5.018637e-07	1.637035e-06	1.480544e-06	8309
886281	-7.457230e-07	1.637038e-06	1.571310e-06	6518
267486	-6.334520e-07	1.637040e-06	1.517753e-06	7541
787908	-5.020324e-07	1.637048e-06	1.480473e-06	8309
259230	-6.336260e-07	1.637056e-06	1.517663e-06	7541
878025	-7.459047e-07	1.637057e-06	1.571203e-06	6518
779652	-5.022011e-07	1.637061e-06	1.480401e-06	8309
250974	-6.338000e-07	1.637073e-06	1.517572e-06	7541
771396	-5.023699e-07	1.637074e-06	1.480329e-06	8309
869769	-7.460864e-07	1.637077e-06	1.571096e-06	6518
763140	-5.025385e-07	1.637088e-06	1.480257e-06	8309
242718	-6.339741e-07	1.637090e-06	1.517481e-06	7541
861513	-7.462681e-07	1.637097e-06	1.570989e-06	6518
754884	-5.027072e-07	1.637101e-06	1.480185e-06	8309
234462	-6.341481e-07	1.637106e-06	1.517390e-06	7541
746628	-5.028758e-07	1.637114e-06	1.480113e-06	8309
853257	-7.464498e-07	1.637117e-06	1.570883e-06	6518
226206	-6.343221e-07	1.637123e-06	1.517300e-06	7541
738372	-5.030445e-07	1.637128e-06	1.480041e-06	8309
845001	-7.466314e-07	1.637137e-06	1.570776e-06	6518
217950	-6.344960e-07	1.637140e-06	1.517209e-06	7541
730116	-5.032131e-07	1.637141e-06	1.479969e-06	8309
721860	-5.033817e-07	1.637154e-06	1.479897e-06	8309
836745	-7.468131e-07	1.637156e-06	1.570669e-06	6518
209694	-6.346700e-07	1.637157e-06	1.517118e-06	7541
713604	-5.035503e-07	1.637167e-06	1.479825e-06	8309
201438	-6.348440e-07	1.637174e-06	1.517027e-06	7541
828489	-7.469947e-07	1.637176e-06	1.570562e-06	6518
705348	-5.037189e-07	1.637181e-06	1.479753e-06	8309
193182	-6.350179e-07	1.637190e-06	1.516936e-06	7541
697092	-5.038875e-07	1.637194e-06	1.479681e-06	8309
820233	-7.471763e-07	1.637196e-06	1.570455e-06	6518
184926	-6.351918e-07	1.637207e-06	1.516845e-06	7541
688836	-5.040561e-07	1.637207e-06	1.479609e-06	8309
811977	-7.473579e-07	1.637216e-06	1.570348e-06	6518
680580	-5.042247e-07	1.637220e-06	1.479537e-06	8309
176670	-6.353657e-07	1.637224e-06	1.516754e-06	7541
672324	-5.043933e-07	1.637234e-06	1.479464e-06	8309
803721	-7.475395e-07	1.637235e-06	1.570241e-06	6518
168414	-6.355396e-07	1.637241e-06	1.516663e-06	7541
664068	-5.045618e-07	1.637247e-06	1.479392e-06	8309
795465	-7.477211e-07	1.637255e-06	1.570134e-06	6518
160158	-6.357135e-07	1.637257e-06	1.516572e-06	7541
655812	-5.047303e-07	1.637260e-06	1.479320e-06	8309
647556	-5.048989e-07	1.637274e-06	1.479248e-06	8309
151902	-6.358873e-07	1.637274e-06	1.516481e-06	7541
787209	-7.479026e-07	1.637275e-06	1.570027e-06	6518
639300	-5.050674e-07	1.637287e-06	1.479176e-06	8309
1148688	-8.651413e-07	1.637290e-06	1.619904e-06	2421
143646	-6.360612e-07	1.637291e-06	1.516390e-06	7541
778953	-7.480841e-07	1.637295e-06	1.569920e-06	6518
631044	-5.052359e-07	1.637300e-06	1.479103e-06	8309
135390	-6.362350e-07	1.637308e-06	1.516299e-06	7541
1140432	-8.653299e-07	1.637313e-06	1.619780e-06	2421
622788	-5.054044e-07	1.637314e-06	1.479031e-06	8309
770697	-7.482656e-07	1.637314e-06	1.569812e-06	6518
127134	-6.364089e-07	1.637325e-06	1.516208e-06	7541
614532	-5.055729e-07	1.637327e-06	1.478959e-06	8309
762441	-7.484471e-07	1.637334e-06	1.569705e-06	6518
1132176	-8.655186e-07	1.637336e-06	1.619656e-06	2421
606276	-5.057414e-07	1.637340e-06	1.478886e-06	8309
118878	-6.365827e-07	1.637341e-06	1.516117e-06	7541
598020	-5.059098e-07	1.637354e-06	1.478814e-06	8309
754185	-7.486286e-07	1.637354e-06	1.569598e-06	6518
110622	-6.367565e-07	1.637358e-06	1.516026e-06	7541
1123920	-8.657072e-07	1.637359e-06	1.619532e-06	2421
589764	-5.060783e-07	1.637367e-06	1.478741e-06	8309
745929	-7.488101e-07	1.637374e-06	1.569491e-06	6518
102366	-6.369303e-07	1.637375e-06	1.515935e-06	7541
581508	-5.062467e-07	1.637380e-06	1.478669e-06	8309
1115664	-8.658959e-07	1.637382e-06	1.619408e-06	2421
94110	-6.371041e-07	1.637392e-06	1.515843e-06	7541
737673	-7.489916e-07	1.637394e-06	1.569383e-06	6518
573252	-5.064151e-07	1.637394e-06	1.478597e-06	8309
1107408	-8.660845e-07	1.637405e-06	1.619284e-06	2421
564996	-5.065835e-07	1.637407e-06	1.478524e-06	8309
85854	-6.372778e-07	1.637409e-06	1.515752e-06	7541
729417	-7.491730e-07	1.637413e-06	1.569276e-06	6518
556740	-5.067519e-07	1.637420e-06	1.478452e-06	8309
77598	-6.374515e-07	1.637426e-06	1.515661e-06	7541
1099152	-8.662731e-07	1.637428e-06	1.619160e-06	2421
721161	-7.493544e-07	1.637433e-06	1.569169e-06	6518
548484	-5.069203e-07	1.637434e-06	1.478379e-06	8309
69342	-6.376252e-07	1.637442e-06	1.515570e-06	7541
540228	-5.070887e-07	1.637447e-06	1.478306e-06	8309
1090896	-8.664616e-07	1.637451e-06	1.619036e-06	2421
712905	-7.495358e-07	1.637453e-06	1.569062e-06	6518
61086	-6.377990e-07	1.637459e-06	1.515478e-06	7541
531972	-5.072571e-07	1.637461e-06	1.478234e-06	8309
704649	-7.497172e-07	1.637473e-06	1.568954e-06	6518
523716	-5.074255e-07	1.637474e-06	1.478161e-06	8309
1082640	-8.666502e-07	1.637474e-06	1.618912e-06	2421
52830	-6.379727e-07	1.637476e-06	1.515387e-06	7541
515460	-5.075938e-07	1.637487e-06	1.478089e-06	8309
696393	-7.498986e-07	1.637493e-06	1.568847e-06	6518
44574	-6.381464e-07	1.637493e-06	1.515296e-06	7541
1074384	-8.668387e-07	1.637497e-06	1.618788e-06	2421
507204	-5.077621e-07	1.637501e-06	1.478016e-06	8309
36318	-6.383200e-07	1.637510e-06	1.515204e-06	7541
688137	-7.500799e-07	1.637512e-06	1.568740e-06	6518
498948	-5.079305e-07	1.637514e-06	1.477943e-06	8309
1066128	-8.670272e-07	1.637520e-06	1.618664e-06	2421
28062	-6.384937e-07	1.637527e-06	1.515113e-06	7541
490692	-5.080988e-07	1.637527e-06	1.477871e-06	8309
679881	-7.502612e-07	1.637532e-06	1.568632e-06	6518
482436	-5.082671e-07	1.637541e-06	1.477798e-06	8309
1057872	-8.672157e-07	1.637543e-06	1.618539e-06	2421
19806	-6.386674e-07	1.637544e-06	1.515021e-06	7541
671625	-7.504426e-07	1.637552e-06	1.568525e-06	6518
474180	-5.084354e-07	1.637554e-06	1.477725e-06	8309
11550	-6.388410e-07	1.637560e-06	1.514930e-06	7541
1049616	-8.674042e-07	1.637566e-06	1.618415e-06	2421
465924	-5.086037e-07	1.637568e-06	1.477652e-06	8309
663369	-7.506239e-07	1.637572e-06	1.568417e-06	6518
3294	-6.390146e-07	1.637577e-06	1.514838e-06	7541
457668	-5.087720e-07	1.637581e-06	1.477580e-06	8309
1041360	-8.675927e-07	1.637589e-06	1.618291e-06	2421
655113	-7.508052e-07	1.637592e-06	1.568310e-06	6518
449412	-5.089403e-07	1.637594e-06	1.477507e-06	8309
441156	-5.091085e-07	1.637608e-06	1.477434e-06	8309
1033104	-8.677811e-07	1.637611e-06	1.618167e-06	2421
646857	-7.509864e-07	1.637612e-06	1.568202e-06	6518
432900	-5.092768e-07	1.637621e-06	1.477361e-06	8309
638601	-7.511677e-07	1.637631e-06	1.568095e-06	6518
1024848	-8.679696e-07	1.637634e-06	1.618042e-06	2421
424644	-5.094450e-07	1.637635e-06	1.477288e-06	8309
416388	-5.096132e-07	1.637648e-06	1.477215e-06	8309
630345	-7.513490e-07	1.637651e-06	1.567987e-06	6518
1016592	-8.681579e-07	1.637657e-06	1.617918e-06	2421
408132	-5.097814e-07	1.637662e-06	1.477142e-06	8309
622089	-7.515302e-07	1.637671e-06	1.567879e-06	6518
399876	-5.099496e-07	1.637675e-06	1.477069e-06	8309
1008336	-8.683463e-07	1.637680e-06	1.617794e-06	2421
391620	-5.101178e-07	1.637689e-06	1.476996e-06	8309
613833	-7.517114e-07	1.637691e-06	1.567772e-06	6518
383364	-5.102860e-07	1.637702e-06	1.476923e-06	8309
1000080	-8.685347e-07	1.637703e-06	1.617669e-06	2421
605577	-7.518926e-07	1.637711e-06	1.567664e-06	6518
375108	-5.104542e-07	1.637715e-06	1.476850e-06	8309
991824	-8.687230e-07	1.637726e-06	1.617545e-06	2421
366852	-5.106224e-07	1.637729e-06	1.476777e-06	8309
597321	-7.520738e-07	1.637731e-06	1.567556e-06	6518
358596	-5.107905e-07	1.637742e-06	1.476704e-06	8309
983568	-8.689113e-07	1.637749e-06	1.617420e-06	2421
589065	-7.522549e-07	1.637751e-06	1.567449e-06	6518
350340	-5.109587e-07	1.637756e-06	1.476631e-06	8309
342084	-5.111268e-07	1.637769e-06	1.476558e-06	8309
580809	-7.524361e-07	1.637771e-06	1.567341e-06	6518
975312	-8.690997e-07	1.637772e-06	1.617296e-06	2421
333828	-5.112949e-07	1.637783e-06	1.476485e-06	8309
572553	-7.526172e-07	1.637791e-06	1.567233e-06	6518
967056	-8.692880e-07	1.637795e-06	1.617172e-06	2421
325572	-5.114630e-07	1.637796e-06	1.476412e-06	8309
317316	-5.116311e-07	1.637810e-06	1.476338e-06	8309
564297	-7.527983e-07	1.637810e-06	1.567125e-06	6518
958800	-8.694763e-07	1.637818e-06	1.617047e-06	2421
309060	-5.117992e-07	1.637823e-06	1.476265e-06	8309
556041	-7.529794e-07	1.637830e-06	1.567018e-06	6518
300804	-5.119672e-07	1.637837e-06	1.476192e-06	8309
950544	-8.696645e-07	1.637841e-06	1.616922e-06	2421
292548	-5.121353e-07	1.637850e-06	1.476119e-06	8309
547785	-7.531605e-07	1.637850e-06	1.566910e-06	6518
284292	-5.123034e-07	1.637864e-06	1.476045e-06	8309
942288	-8.698527e-07	1.637864e-06	1.616798e-06	2421
539529	-7.533416e-07	1.637870e-06	1.566802e-06	6518
276036	-5.124714e-07	1.637877e-06	1.475972e-06	8309
934032	-8.700410e-07	1.637887e-06	1.616673e-06	2421
531273	-7.535226e-07	1.637890e-06	1.566694e-06	6518
267780	-5.126394e-07	1.637891e-06	1.475899e-06	8309
259524	-5.128074e-07	1.637904e-06	1.475825e-06	8309
523017	-7.537037e-07	1.637910e-06	1.566586e-06	6518
925776	-8.702291e-07	1.637910e-06	1.616549e-06	2421
251268	-5.129755e-07	1.637918e-06	1.475752e-06	8309
514761	-7.538847e-07	1.637930e-06	1.566478e-06	6518
243012	-5.131434e-07	1.637931e-06	1.475678e-06	8309
917520	-8.704174e-07	1.637933e-06	1.616424e-06	2421
234756	-5.133115e-07	1.637945e-06	1.475605e-06	8309
506505	-7.540657e-07	1.637950e-06	1.566370e-06	6518
909264	-8.706055e-07	1.637956e-06	1.616299e-06	2421
226500	-5.134794e-07	1.637958e-06	1.475531e-06	8309
498249	-7.542467e-07	1.637970e-06	1.566262e-06	6518
218244	-5.136474e-07	1.637972e-06	1.475458e-06	8309
901008	-8.707937e-07	1.637979e-06	1.616175e-06	2421
209988	-5.138153e-07	1.637986e-06	1.475384e-06	8309
489993	-7.544277e-07	1.637990e-06	1.566154e-06	6518
201732	-5.139833e-07	1.637999e-06	1.475311e-06	8309
892752	-8.709818e-07	1.638003e-06	1.616050e-06	2421
481737	-7.546086e-07	1.638010e-06	1.566046e-06	6518
193476	-5.141512e-07	1.638013e-06	1.475237e-06	8309
884496	-8.711699e-07	1.638026e-06	1.615925e-06	2421
185220	-5.143191e-07	1.638026e-06	1.475164e-06	8309
473481	-7.547895e-07	1.638030e-06	1.565938e-06	6518
176964	-5.144871e-07	1.638040e-06	1.475090e-06	8309
876240	-8.713580e-07	1.638049e-06	1.615800e-06	2421
465225	-7.549705e-07	1.638050e-06	1.565830e-06	6518
168708	-5.146550e-07	1.638053e-06	1.475016e-06	8309
160452	-5.148228e-07	1.638067e-06	1.474943e-06	8309
456969	-7.551514e-07	1.638070e-06	1.565722e-06	6518
867984	-8.715460e-07	1.638072e-06	1.615676e-06	2421
152196	-5.149907e-07	1.638081e-06	1.474869e-06	8309
448713	-7.553323e-07	1.638090e-06	1.565614e-06	6518
143940	-5.151586e-07	1.638094e-06	1.474795e-06	8309
859728	-8.717341e-07	1.638095e-06	1.615551e-06	2421
135684	-5.153265e-07	1.638108e-06	1.474722e-06	8309
440457	-7.555132e-07	1.638110e-06	1.565505e-06	6518
851472	-8.719222e-07	1.638118e-06	1.615426e-06	2421
127428	-5.154943e-07	1.638121e-06	1.474648e-06	8309
432201	-7.556940e-07	1.638130e-06	1.565397e-06	6518
119172	-5.156621e-07	1.638135e-06	1.474574e-06	8309
843216	-8.721101e-07	1.638141e-06	1.615301e-06	2421
110916	-5.158299e-07	1.638148e-06	1.474500e-06	8309
423945	-7.558749e-07	1.638150e-06	1.565289e-06	6518
102660	-5.159977e-07	1.638162e-06	1.474426e-06	8309
834960	-8.722982e-07	1.638164e-06	1.615176e-06	2421
415689	-7.560557e-07	1.638170e-06	1.565181e-06	6518
94404	-5.161655e-07	1.638176e-06	1.474353e-06	8309
826704	-8.724862e-07	1.638187e-06	1.615051e-06	2421
86148	-5.163333e-07	1.638189e-06	1.474279e-06	8309
407433	-7.562365e-07	1.638189e-06	1.565072e-06	6518
77892	-5.165011e-07	1.638203e-06	1.474205e-06	8309
399177	-7.564173e-07	1.638209e-06	1.564964e-06	6518
818448	-8.726741e-07	1.638210e-06	1.614926e-06	2421
69636	-5.166689e-07	1.638217e-06	1.474131e-06	8309
390921	-7.565981e-07	1.638229e-06	1.564856e-06	6518
61380	-5.168366e-07	1.638230e-06	1.474057e-06	8309
810192	-8.728620e-07	1.638233e-06	1.614801e-06	2421
53124	-5.170044e-07	1.638244e-06	1.473983e-06	8309
382665	-7.567788e-07	1.638250e-06	1.564747e-06	6518
801936	-8.730499e-07	1.638256e-06	1.614676e-06	2421
44868	-5.171721e-07	1.638257e-06	1.473909e-06	8309
374409	-7.569596e-07	1.638270e-06	1.564639e-06	6518
36612	-5.173399e-07	1.638271e-06	1.473835e-06	8309
793680	-8.732379e-07	1.638280e-06	1.614551e-06	2421
28356	-5.175075e-07	1.638285e-06	1.473761e-06	8309
366153	-7.571403e-07	1.638290e-06	1.564531e-06	6518
20100	-5.176753e-07	1.638298e-06	1.473687e-06	8309
785424	-8.734257e-07	1.638303e-06	1.614426e-06	2421
357897	-7.573210e-07	1.638310e-06	1.564422e-06	6518
11844	-5.178430e-07	1.638312e-06	1.473613e-06	8309
3588	-5.180107e-07	1.638326e-06	1.473539e-06	8309
777168	-8.736136e-07	1.638326e-06	1.614301e-06	2421
349641	-7.575017e-07	1.638330e-06	1.564314e-06	6518
768912	-8.738015e-07	1.638349e-06	1.614176e-06	2421
341385	-7.576824e-07	1.638350e-06	1.564205e-06	6518
333129	-7.578631e-07	1.638370e-06	1.564097e-06	6518
760656	-8.739893e-07	1.638372e-06	1.614050e-06	2421
324873	-7.580437e-07	1.638390e-06	1.563988e-06	6518
752400	-8.741771e-07	1.638395e-06	1.613925e-06	2421
1150677	-6.697023e-07	1.638407e-06	1.550565e-06	7029
316617	-7.582244e-07	1.638410e-06	1.563880e-06	6518
744144	-8.743649e-07	1.638418e-06	1.613800e-06	2421
1142421	-6.698809e-07	1.638424e-06	1.550469e-06	7029
308361	-7.584050e-07	1.638430e-06	1.563771e-06	6518
735888	-8.745527e-07	1.638441e-06	1.613675e-06	2421
1134165	-6.700596e-07	1.638442e-06	1.550373e-06	7029
300105	-7.585856e-07	1.638450e-06	1.563662e-06	6518
1125909	-6.702384e-07	1.638460e-06	1.550277e-06	7029
727632	-8.747405e-07	1.638464e-06	1.613549e-06	2421
291849	-7.587661e-07	1.638470e-06	1.563554e-06	6518
1117653	-6.704170e-07	1.638478e-06	1.550181e-06	7029
719376	-8.749282e-07	1.638488e-06	1.613424e-06	2421
283593	-7.589467e-07	1.638490e-06	1.563445e-06	6518
1109397	-6.705957e-07	1.638495e-06	1.550085e-06	7029
275337	-7.591273e-07	1.638510e-06	1.563336e-06	6518
711120	-8.751159e-07	1.638511e-06	1.613299e-06	2421
1101141	-6.707743e-07	1.638513e-06	1.549989e-06	7029
267081	-7.593078e-07	1.638530e-06	1.563228e-06	6518
1092885	-6.709529e-07	1.638531e-06	1.549893e-06	7029
702864	-8.753036e-07	1.638534e-06	1.613173e-06	2421
1084629	-6.711315e-07	1.638548e-06	1.549797e-06	7029
258825	-7.594883e-07	1.638550e-06	1.563119e-06	6518
694608	-8.754913e-07	1.638557e-06	1.613048e-06	2421
1076373	-6.713101e-07	1.638566e-06	1.549701e-06	7029
250569	-7.596689e-07	1.638570e-06	1.563010e-06	6518
686352	-8.756789e-07	1.638580e-06	1.612923e-06	2421
1068117	-6.714887e-07	1.638584e-06	1.549605e-06	7029
242313	-7.598493e-07	1.638590e-06	1.562901e-06	6518
1059861	-6.716673e-07	1.638602e-06	1.549509e-06	7029
678096	-8.758666e-07	1.638604e-06	1.612797e-06	2421
234057	-7.600298e-07	1.638611e-06	1.562793e-06	6518
1051605	-6.718458e-07	1.638619e-06	1.549412e-06	7029
669840	-8.760542e-07	1.638627e-06	1.612672e-06	2421
225801	-7.602102e-07	1.638631e-06	1.562684e-06	6518
1043349	-6.720244e-07	1.638637e-06	1.549316e-06	7029
661584	-8.762418e-07	1.638650e-06	1.612546e-06	2421
217545	-7.603907e-07	1.638651e-06	1.562575e-06	6518
1035093	-6.722029e-07	1.638655e-06	1.549220e-06	7029
209289	-7.605711e-07	1.638671e-06	1.562466e-06	6518
1026837	-6.723814e-07	1.638673e-06	1.549124e-06	7029
653328	-8.764294e-07	1.638673e-06	1.612421e-06	2421
1149388	-7.676966e-07	1.638679e-06	1.586930e-06	3958
1018581	-6.725599e-07	1.638690e-06	1.549028e-06	7029
201033	-7.607516e-07	1.638691e-06	1.562357e-06	6518
645072	-8.766170e-07	1.638696e-06	1.612295e-06	2421
1141132	-7.678806e-07	1.638699e-06	1.586820e-06	3958
1010325	-6.727384e-07	1.638708e-06	1.548931e-06	7029
192777	-7.609319e-07	1.638711e-06	1.562248e-06	6518
636816	-8.768046e-07	1.638719e-06	1.612170e-06	2421
1132876	-7.680645e-07	1.638719e-06	1.586710e-06	3958
1002069	-6.729169e-07	1.638726e-06	1.548835e-06	7029
184521	-7.611123e-07	1.638731e-06	1.562139e-06	6518
1124620	-7.682484e-07	1.638740e-06	1.586600e-06	3958
628560	-8.769921e-07	1.638743e-06	1.612044e-06	2421
993813	-6.730953e-07	1.638744e-06	1.548739e-06	7029
176265	-7.612927e-07	1.638751e-06	1.562030e-06	6518
1116364	-7.684322e-07	1.638760e-06	1.586490e-06	3958
985557	-6.732737e-07	1.638762e-06	1.548642e-06	7029
620304	-8.771796e-07	1.638766e-06	1.611918e-06	2421
168009	-7.614730e-07	1.638771e-06	1.561921e-06	6518
977301	-6.734522e-07	1.638779e-06	1.548546e-06	7029
1108108	-7.686161e-07	1.638780e-06	1.586380e-06	3958
612048	-8.773671e-07	1.638789e-06	1.611793e-06	2421
159753	-7.616533e-07	1.638792e-06	1.561812e-06	6518
969045	-6.736306e-07	1.638797e-06	1.548449e-06	7029
1099852	-7.687999e-07	1.638801e-06	1.586270e-06	3958
151497	-7.618336e-07	1.638812e-06	1.561703e-06	6518
603792	-8.775546e-07	1.638812e-06	1.611667e-06	2421
960789	-6.738090e-07	1.638815e-06	1.548353e-06	7029
1091596	-7.689837e-07	1.638821e-06	1.586160e-06	3958
143241	-7.620139e-07	1.638832e-06	1.561594e-06	6518
952533	-6.739874e-07	1.638833e-06	1.548256e-06	7029
595536	-8.777420e-07	1.638835e-06	1.611541e-06	2421
1083340	-7.691675e-07	1.638841e-06	1.586050e-06	3958
944277	-6.741657e-07	1.638851e-06	1.548160e-06	7029
134985	-7.621942e-07	1.638852e-06	1.561485e-06	6518
587280	-8.779294e-07	1.638859e-06	1.611416e-06	2421
1075084	-7.693513e-07	1.638862e-06	1.585940e-06	3958
936021	-6.743441e-07	1.638868e-06	1.548063e-06	7029
126729	-7.623745e-07	1.638872e-06	1.561375e-06	6518
579024	-8.781169e-07	1.638882e-06	1.611290e-06	2421
1066828	-7.695351e-07	1.638882e-06	1.585830e-06	3958
927765	-6.745224e-07	1.638886e-06	1.547967e-06	7029
118473	-7.625547e-07	1.638892e-06	1.561266e-06	6518
1058572	-7.697188e-07	1.638903e-06	1.585719e-06	3958
919509	-6.747007e-07	1.638904e-06	1.547870e-06	7029
570768	-8.783043e-07	1.638905e-06	1.611164e-06	2421
110217	-7.627350e-07	1.638913e-06	1.561157e-06	6518
911253	-6.748791e-07	1.638922e-06	1.547773e-06	7029
1050316	-7.699026e-07	1.638923e-06	1.585609e-06	3958
562512	-8.784917e-07	1.638928e-06	1.611038e-06	2421
101961	-7.629152e-07	1.638933e-06	1.561048e-06	6518
902997	-6.750574e-07	1.638940e-06	1.547677e-06	7029
1042060	-7.700863e-07	1.638943e-06	1.585499e-06	3958
554256	-8.786790e-07	1.638952e-06	1.610912e-06	2421
93705	-7.630954e-07	1.638953e-06	1.560939e-06	6518
894741	-6.752356e-07	1.638958e-06	1.547580e-06	7029
1033804	-7.702700e-07	1.638964e-06	1.585389e-06	3958
85449	-7.632756e-07	1.638973e-06	1.560829e-06	6518
546000	-8.788664e-07	1.638975e-06	1.610787e-06	2421
886485	-6.754139e-07	1.638975e-06	1.547483e-06	7029
1025548	-7.704537e-07	1.638984e-06	1.585278e-06	3958
77193	-7.634557e-07	1.638993e-06	1.560720e-06	6518
878229	-6.755922e-07	1.638993e-06	1.547387e-06	7029
537744	-8.790537e-07	1.638998e-06	1.610661e-06	2421
1017292	-7.706374e-07	1.639004e-06	1.585168e-06	3958
869973	-6.757704e-07	1.639011e-06	1.547290e-06	7029
68937	-7.636359e-07	1.639013e-06	1.560611e-06	6518
529488	-8.792410e-07	1.639021e-06	1.610535e-06	2421
1009036	-7.708210e-07	1.639025e-06	1.585058e-06	3958
861717	-6.759486e-07	1.639029e-06	1.547193e-06	7029
60681	-7.638160e-07	1.639034e-06	1.560501e-06	6518
521232	-8.794283e-07	1.639045e-06	1.610409e-06	2421
1000780	-7.710046e-07	1.639045e-06	1.584947e-06	3958
853461	-6.761268e-07	1.639047e-06	1.547096e-06	7029
52425	-7.639961e-07	1.639054e-06	1.560392e-06	6518
845205	-6.763050e-07	1.639065e-06	1.547000e-06	7029
992524	-7.711882e-07	1.639065e-06	1.584837e-06	3958
512976	-8.796156e-07	1.639068e-06	1.610283e-06	2421
44169	-7.641763e-07	1.639074e-06	1.560282e-06	6518
836949	-6.764832e-07	1.639083e-06	1.546903e-06	7029
984268	-7.713718e-07	1.639086e-06	1.584726e-06	3958
504720	-8.798028e-07	1.639091e-06	1.610157e-06	2421
35913	-7.643563e-07	1.639094e-06	1.560173e-06	6518
828693	-6.766614e-07	1.639100e-06	1.546806e-06	7029
976012	-7.715554e-07	1.639106e-06	1.584616e-06	3958
27657	-7.645364e-07	1.639114e-06	1.560064e-06	6518
496464	-8.799901e-07	1.639115e-06	1.610031e-06	2421
820437	-6.768395e-07	1.639118e-06	1.546709e-06	7029
967756	-7.717391e-07	1.639127e-06	1.584505e-06	3958
19401	-7.647164e-07	1.639135e-06	1.559954e-06	6518
812181	-6.770177e-07	1.639136e-06	1.546612e-06	7029
488208	-8.801773e-07	1.639138e-06	1.609905e-06	2421
959500	-7.719226e-07	1.639147e-06	1.584395e-06	3958
803925	-6.771958e-07	1.639154e-06	1.546515e-06	7029
11145	-7.648965e-07	1.639155e-06	1.559844e-06	6518
479952	-8.803645e-07	1.639161e-06	1.609779e-06	2421
951244	-7.721061e-07	1.639168e-06	1.584284e-06	3958
795669	-6.773739e-07	1.639172e-06	1.546418e-06	7029
2889	-7.650765e-07	1.639175e-06	1.559735e-06	6518
471696	-8.805517e-07	1.639184e-06	1.609653e-06	2421
942988	-7.722896e-07	1.639188e-06	1.584174e-06	3958
787413	-6.775520e-07	1.639190e-06	1.546321e-06	7029
463440	-8.807388e-07	1.639208e-06	1.609527e-06	2421
779157	-6.777301e-07	1.639208e-06	1.546224e-06	7029
934732	-7.724731e-07	1.639208e-06	1.584063e-06	3958
770901	-6.779081e-07	1.639226e-06	1.546127e-06	7029
926476	-7.726567e-07	1.639229e-06	1.583952e-06	3958
455184	-8.809260e-07	1.639231e-06	1.609400e-06	2421
762645	-6.780862e-07	1.639244e-06	1.546030e-06	7029
918220	-7.728401e-07	1.639249e-06	1.583842e-06	3958
446928	-8.811131e-07	1.639254e-06	1.609274e-06	2421
754389	-6.782643e-07	1.639262e-06	1.545933e-06	7029
909964	-7.730236e-07	1.639270e-06	1.583731e-06	3958
438672	-8.813002e-07	1.639278e-06	1.609148e-06	2421
746133	-6.784422e-07	1.639280e-06	1.545836e-06	7029
901708	-7.732070e-07	1.639290e-06	1.583620e-06	3958
737877	-6.786203e-07	1.639297e-06	1.545739e-06	7029
430416	-8.814873e-07	1.639301e-06	1.609022e-06	2421
893452	-7.733905e-07	1.639311e-06	1.583510e-06	3958
729621	-6.787982e-07	1.639315e-06	1.545641e-06	7029
422160	-8.816743e-07	1.639324e-06	1.608895e-06	2421
885196	-7.735738e-07	1.639331e-06	1.583399e-06	3958
721365	-6.789762e-07	1.639333e-06	1.545544e-06	7029
413904	-8.818614e-07	1.639348e-06	1.608769e-06	2421
713109	-6.791542e-07	1.639351e-06	1.545447e-06	7029
876940	-7.737573e-07	1.639351e-06	1.583288e-06	3958
704853	-6.793322e-07	1.639369e-06	1.545350e-06	7029
405648	-8.820484e-07	1.639371e-06	1.608643e-06	2421
868684	-7.739406e-07	1.639372e-06	1.583177e-06	3958
696597	-6.795101e-07	1.639387e-06	1.545252e-06	7029
860428	-7.741240e-07	1.639392e-06	1.583066e-06	3958
397392	-8.822354e-07	1.639394e-06	1.608517e-06	2421
688341	-6.796880e-07	1.639405e-06	1.545155e-06	7029
852172	-7.743074e-07	1.639413e-06	1.582956e-06	3958
389136	-8.824224e-07	1.639418e-06	1.608390e-06	2421
680085	-6.798659e-07	1.639423e-06	1.545058e-06	7029
843916	-7.744907e-07	1.639433e-06	1.582845e-06	3958
671829	-6.800438e-07	1.639441e-06	1.544960e-06	7029
380880	-8.826094e-07	1.639441e-06	1.608264e-06	2421
835660	-7.746740e-07	1.639454e-06	1.582734e-06	3958
663573	-6.802217e-07	1.639459e-06	1.544863e-06	7029
372624	-8.827964e-07	1.639464e-06	1.608137e-06	2421
827404	-7.748573e-07	1.639474e-06	1.582623e-06	3958
655317	-6.803996e-07	1.639477e-06	1.544766e-06	7029
364368	-8.829833e-07	1.639488e-06	1.608011e-06	2421
819148	-7.750405e-07	1.639495e-06	1.582512e-06	3958
647061	-6.805774e-07	1.639495e-06	1.544668e-06	7029
356112	-8.831702e-07	1.639511e-06	1.607884e-06	2421
638805	-6.807552e-07	1.639513e-06	1.544571e-06	7029
810892	-7.752238e-07	1.639515e-06	1.582401e-06	3958
630549	-6.809331e-07	1.639531e-06	1.544473e-06	7029
347856	-8.833571e-07	1.639535e-06	1.607758e-06	2421
802636	-7.754070e-07	1.639536e-06	1.582290e-06	3958
622293	-6.811109e-07	1.639549e-06	1.544376e-06	7029
794380	-7.755903e-07	1.639556e-06	1.582179e-06	3958
339600	-8.835440e-07	1.639558e-06	1.607631e-06	2421
614037	-6.812887e-07	1.639567e-06	1.544278e-06	7029
786124	-7.757735e-07	1.639577e-06	1.582068e-06	3958
331344	-8.837308e-07	1.639581e-06	1.607505e-06	2421
605781	-6.814665e-07	1.639585e-06	1.544181e-06	7029
777868	-7.759567e-07	1.639597e-06	1.581956e-06	3958
597525	-6.816442e-07	1.639603e-06	1.544083e-06	7029
323088	-8.839177e-07	1.639605e-06	1.607378e-06	2421
769612	-7.761399e-07	1.639618e-06	1.581845e-06	3958
589269	-6.818220e-07	1.639621e-06	1.543985e-06	7029
314832	-8.841045e-07	1.639628e-06	1.607252e-06	2421
761356	-7.763230e-07	1.639638e-06	1.581734e-06	3958
581013	-6.819997e-07	1.639639e-06	1.543888e-06	7029
306576	-8.842913e-07	1.639651e-06	1.607125e-06	2421
572757	-6.821774e-07	1.639657e-06	1.543790e-06	7029
753100	-7.765062e-07	1.639659e-06	1.581623e-06	3958
298320	-8.844781e-07	1.639675e-06	1.606998e-06	2421
564501	-6.823551e-07	1.639675e-06	1.543693e-06	7029
744844	-7.766893e-07	1.639679e-06	1.581512e-06	3958
556245	-6.825328e-07	1.639693e-06	1.543595e-06	7029
290064	-8.846649e-07	1.639698e-06	1.606871e-06	2421
736588	-7.768724e-07	1.639700e-06	1.581401e-06	3958
547989	-6.827105e-07	1.639711e-06	1.543497e-06	7029
728332	-7.770555e-07	1.639721e-06	1.581289e-06	3958
281808	-8.848516e-07	1.639722e-06	1.606745e-06	2421
539733	-6.828881e-07	1.639729e-06	1.543399e-06	7029
720076	-7.772386e-07	1.639741e-06	1.581178e-06	3958
273552	-8.850383e-07	1.639745e-06	1.606618e-06	2421
531477	-6.830658e-07	1.639747e-06	1.543302e-06	7029
711820	-7.774216e-07	1.639762e-06	1.581067e-06	3958
523221	-6.832435e-07	1.639765e-06	1.543204e-06	7029
265296	-8.852251e-07	1.639769e-06	1.606491e-06	2421
703564	-7.776047e-07	1.639782e-06	1.580955e-06	3958
514965	-6.834210e-07	1.639783e-06	1.543106e-06	7029
257040	-8.854117e-07	1.639792e-06	1.606364e-06	2421
506709	-6.835987e-07	1.639801e-06	1.543008e-06	7029
695308	-7.777877e-07	1.639803e-06	1.580844e-06	3958
248784	-8.855984e-07	1.639815e-06	1.606238e-06	2421
498453	-6.837762e-07	1.639820e-06	1.542910e-06	7029
687052	-7.779707e-07	1.639823e-06	1.580732e-06	3958
490197	-6.839538e-07	1.639838e-06	1.542812e-06	7029
240528	-8.857851e-07	1.639839e-06	1.606111e-06	2421
678796	-7.781537e-07	1.639844e-06	1.580621e-06	3958
481941	-6.841314e-07	1.639856e-06	1.542714e-06	7029
232272	-8.859717e-07	1.639862e-06	1.605984e-06	2421
670540	-7.783367e-07	1.639865e-06	1.580510e-06	3958
473685	-6.843089e-07	1.639874e-06	1.542616e-06	7029
662284	-7.785197e-07	1.639885e-06	1.580398e-06	3958
224016	-8.861583e-07	1.639886e-06	1.605857e-06	2421
465429	-6.844865e-07	1.639892e-06	1.542518e-06	7029
654028	-7.787027e-07	1.639906e-06	1.580287e-06	3958
215760	-8.863449e-07	1.639909e-06	1.605730e-06	2421
457173	-6.846640e-07	1.639910e-06	1.542420e-06	7029
645772	-7.788856e-07	1.639926e-06	1.580175e-06	3958
448917	-6.848415e-07	1.639928e-06	1.542322e-06	7029
207504	-8.865315e-07	1.639933e-06	1.605603e-06	2421
440661	-6.850190e-07	1.639946e-06	1.542224e-06	7029
637516	-7.790685e-07	1.639947e-06	1.580064e-06	3958
199248	-8.867181e-07	1.639956e-06	1.605476e-06	2421
432405	-6.851964e-07	1.639964e-06	1.542126e-06	7029
629260	-7.792514e-07	1.639968e-06	1.579952e-06	3958
190992	-8.869046e-07	1.639980e-06	1.605349e-06	2421
424149	-6.853739e-07	1.639982e-06	1.542028e-06	7029
621004	-7.794342e-07	1.639988e-06	1.579840e-06	3958
415893	-6.855514e-07	1.640000e-06	1.541930e-06	7029
182736	-8.870911e-07	1.640003e-06	1.605222e-06	2421
612748	-7.796171e-07	1.640009e-06	1.579729e-06	3958
407637	-6.857288e-07	1.640019e-06	1.541832e-06	7029
174480	-8.872776e-07	1.640027e-06	1.605095e-06	2421
604492	-7.798000e-07	1.640029e-06	1.579617e-06	3958
399381	-6.859062e-07	1.640037e-06	1.541733e-06	7029
596236	-7.799828e-07	1.640050e-06	1.579505e-06	3958
166224	-8.874641e-07	1.640050e-06	1.604968e-06	2421
391125	-6.860836e-07	1.640055e-06	1.541635e-06	7029
587980	-7.801656e-07	1.640071e-06	1.579394e-06	3958
382869	-6.862610e-07	1.640073e-06	1.541537e-06	7029
157968	-8.876506e-07	1.640074e-06	1.604841e-06	2421
374613	-6.864383e-07	1.640091e-06	1.541439e-06	7029
579724	-7.803484e-07	1.640091e-06	1.579282e-06	3958
149712	-8.878370e-07	1.640097e-06	1.604714e-06	2421
366357	-6.866157e-07	1.640109e-06	1.541340e-06	7029
571468	-7.805312e-07	1.640112e-06	1.579170e-06	3958
1150576	-7.143854e-07	1.640115e-06	1.568194e-06	6774
141456	-8.880234e-07	1.640121e-06	1.604586e-06	2421
358101	-6.867930e-07	1.640127e-06	1.541242e-06	7029
563212	-7.807139e-07	1.640132e-06	1.579058e-06	3958
1142320	-7.145665e-07	1.640134e-06	1.568092e-06	6774
133200	-8.882099e-07	1.640144e-06	1.604459e-06	2421
349845	-6.869703e-07	1.640145e-06	1.541144e-06	7029
1134064	-7.147477e-07	1.640153e-06	1.567990e-06	6774
554956	-7.808967e-07	1.640153e-06	1.578947e-06	3958
341589	-6.871477e-07	1.640164e-06	1.541045e-06	7029
124944	-8.883962e-07	1.640168e-06	1.604332e-06	2421
1125808	-7.149289e-07	1.640171e-06	1.567887e-06	6774
546700	-7.810795e-07	1.640174e-06	1.578835e-06	3958
333333	-6.873250e-07	1.640182e-06	1.540947e-06	7029
1117552	-7.151100e-07	1.640190e-06	1.567785e-06	6774
116688	-8.885826e-07	1.640191e-06	1.604205e-06	2421
538444	-7.812621e-07	1.640195e-06	1.578723e-06	3958
325077	-6.875023e-07	1.640200e-06	1.540849e-06	7029
1109296	-7.152912e-07	1.640209e-06	1.567683e-06	6774
108432	-8.887690e-07	1.640215e-06	1.604077e-06	2421
530188	-7.814448e-07	1.640215e-06	1.578611e-06	3958
316821	-6.876795e-07	1.640218e-06	1.540750e-06	7029
1101040	-7.154723e-07	1.640228e-06	1.567580e-06	6774
521932	-7.816275e-07	1.640236e-06	1.578499e-06	3958
308565	-6.878568e-07	1.640236e-06	1.540652e-06	7029
100176	-8.889553e-07	1.640238e-06	1.603950e-06	2421
1092784	-7.156534e-07	1.640247e-06	1.567478e-06	6774
300309	-6.880340e-07	1.640254e-06	1.540553e-06	7029
513676	-7.818102e-07	1.640257e-06	1.578387e-06	3958
91920	-8.891416e-07	1.640262e-06	1.603823e-06	2421
1084528	-7.158345e-07	1.640266e-06	1.567375e-06	6774
292053	-6.882112e-07	1.640273e-06	1.540454e-06	7029
505420	-7.819929e-07	1.640277e-06	1.578275e-06	3958
1076272	-7.160155e-07	1.640285e-06	1.567273e-06	6774
83664	-8.893279e-07	1.640285e-06	1.603695e-06	2421
283797	-6.883885e-07	1.640291e-06	1.540356e-06	7029
497164	-7.821755e-07	1.640298e-06	1.578163e-06	3958
1068016	-7.161966e-07	1.640304e-06	1.567170e-06	6774
75408	-8.895142e-07	1.640309e-06	1.603568e-06	2421
275541	-6.885656e-07	1.640309e-06	1.540257e-06	7029
488908	-7.823581e-07	1.640319e-06	1.578051e-06	3958
1059760	-7.163776e-07	1.640323e-06	1.567068e-06	6774
267285	-6.887428e-07	1.640327e-06	1.540159e-06	7029
67152	-8.897005e-07	1.640332e-06	1.603441e-06	2421
480652	-7.825407e-07	1.640339e-06	1.577939e-06	3958
1051504	-7.165586e-07	1.640342e-06	1.566965e-06	6774
259029	-6.889200e-07	1.640346e-06	1.540060e-06	7029
58896	-8.898867e-07	1.640356e-06	1.603313e-06	2421
472396	-7.827233e-07	1.640360e-06	1.577827e-06	3958
1043248	-7.167396e-07	1.640361e-06	1.566862e-06	6774
250773	-6.890971e-07	1.640364e-06	1.539962e-06	7029
50640	-8.900729e-07	1.640379e-06	1.603186e-06	2421
1034992	-7.169207e-07	1.640380e-06	1.566760e-06	6774
464140	-7.829058e-07	1.640381e-06	1.577715e-06	3958
242517	-6.892743e-07	1.640382e-06	1.539863e-06	7029
1026736	-7.171016e-07	1.640399e-06	1.566657e-06	6774
234261	-6.894514e-07	1.640400e-06	1.539764e-06	7029
455884	-7.830884e-07	1.640401e-06	1.577603e-06	3958
42384	-8.902591e-07	1.640403e-06	1.603058e-06	2421
1018480	-7.172826e-07	1.640418e-06	1.566554e-06	6774
226005	-6.896285e-07	1.640418e-06	1.539665e-06	7029
447628	-7.832709e-07	1.640422e-06	1.577491e-06	3958
34128	-8.904453e-07	1.640426e-06	1.602931e-06	2421
1010224	-7.174635e-07	1.640437e-06	1.566452e-06	6774
217749	-6.898056e-07	1.640437e-06	1.539567e-06	7029
439372	-7.834535e-07	1.640443e-06	1.577378e-06	3958
25872	-8.906314e-07	1.640450e-06	1.602803e-06	2421
209493	-6.899827e-07	1.640455e-06	1.539468e-06	7029
1001968	-7.176445e-07	1.640455e-06	1.566349e-06	6774
431116	-7.836359e-07	1.640464e-06	1.577266e-06	3958
201237	-6.901598e-07	1.640473e-06	1.539369e-06	7029
17616	-8.908176e-07	1.640474e-06	1.602676e-06	2421
993712	-7.178254e-07	1.640474e-06	1.566246e-06	6774
422860	-7.838185e-07	1.640484e-06	1.577154e-06	3958
192981	-6.903368e-07	1.640491e-06	1.539270e-06	7029
985456	-7.180063e-07	1.640493e-06	1.566143e-06	6774
9360	-8.910037e-07	1.640497e-06	1.602548e-06	2421
414604	-7.840009e-07	1.640505e-06	1.577042e-06	3958
184725	-6.905138e-07	1.640510e-06	1.539171e-06	7029
977200	-7.181872e-07	1.640512e-06	1.566041e-06	6774
1104	-8.911898e-07	1.640521e-06	1.602420e-06	2421
406348	-7.841833e-07	1.640526e-06	1.576929e-06	3958
176469	-6.906909e-07	1.640528e-06	1.539073e-06	7029
968944	-7.183681e-07	1.640531e-06	1.565938e-06	6774
168213	-6.908679e-07	1.640546e-06	1.538974e-06	7029
398092	-7.843658e-07	1.640546e-06	1.576817e-06	3958
960688	-7.185489e-07	1.640550e-06	1.565835e-06	6774
159957	-6.910449e-07	1.640564e-06	1.538875e-06	7029
389836	-7.845482e-07	1.640567e-06	1.576705e-06	3958
952432	-7.187298e-07	1.640569e-06	1.565732e-06	6774
151701	-6.912218e-07	1.640583e-06	1.538776e-06	7029
381580	-7.847306e-07	1.640588e-06	1.576592e-06	3958
944176	-7.189106e-07	1.640588e-06	1.565629e-06	6774
143445	-6.913988e-07	1.640601e-06	1.538677e-06	7029
935920	-7.190914e-07	1.640607e-06	1.565526e-06	6774
373324	-7.849130e-07	1.640609e-06	1.576480e-06	3958
135189	-6.915757e-07	1.640619e-06	1.538578e-06	7029
927664	-7.192722e-07	1.640626e-06	1.565423e-06	6774
365068	-7.850953e-07	1.640630e-06	1.576368e-06	3958
126933	-6.917527e-07	1.640637e-06	1.538479e-06	7029
919408	-7.194530e-07	1.640645e-06	1.565320e-06	6774
356812	-7.852777e-07	1.640650e-06	1.576255e-06	3958
118677	-6.919296e-07	1.640656e-06	1.538380e-06	7029
911152	-7.196338e-07	1.640664e-06	1.565217e-06	6774
348556	-7.854600e-07	1.640671e-06	1.576143e-06	3958
110421	-6.921065e-07	1.640674e-06	1.538280e-06	7029
902896	-7.198145e-07	1.640684e-06	1.565114e-06	6774
340300	-7.856423e-07	1.640692e-06	1.576030e-06	3958
102165	-6.922834e-07	1.640692e-06	1.538181e-06	7029
894640	-7.199952e-07	1.640703e-06	1.565011e-06	6774
93909	-6.924603e-07	1.640711e-06	1.538082e-06	7029
332044	-7.858246e-07	1.640713e-06	1.575918e-06	3958
886384	-7.201759e-07	1.640722e-06	1.564908e-06	6774
85653	-6.926371e-07	1.640729e-06	1.537983e-06	7029
323788	-7.860069e-07	1.640733e-06	1.575805e-06	3958
878128	-7.203566e-07	1.640741e-06	1.564805e-06	6774
77397	-6.928140e-07	1.640747e-06	1.537884e-06	7029
315532	-7.861892e-07	1.640754e-06	1.575693e-06	3958
869872	-7.205373e-07	1.640760e-06	1.564701e-06	6774
69141	-6.929908e-07	1.640766e-06	1.537785e-06	7029
307276	-7.863715e-07	1.640775e-06	1.575580e-06	3958
861616	-7.207180e-07	1.640779e-06	1.564598e-06	6774
60885	-6.931676e-07	1.640784e-06	1.537685e-06	7029
299020	-7.865537e-07	1.640796e-06	1.575467e-06	3958
853360	-7.208987e-07	1.640798e-06	1.564495e-06	6774
52629	-6.933444e-07	1.640802e-06	1.537586e-06	7029
290764	-7.867359e-07	1.640817e-06	1.575355e-06	3958
845104	-7.210793e-07	1.640817e-06	1.564392e-06	6774
44373	-6.935212e-07	1.640821e-06	1.537487e-06	7029
836848	-7.212599e-07	1.640836e-06	1.564288e-06	6774
282508	-7.869181e-07	1.640837e-06	1.575242e-06	3958
36117	-6.936980e-07	1.640839e-06	1.537388e-06	7029
828592	-7.214406e-07	1.640855e-06	1.564185e-06	6774
27861	-6.938747e-07	1.640857e-06	1.537288e-06	7029
274252	-7.871003e-07	1.640858e-06	1.575129e-06	3958
820336	-7.216212e-07	1.640874e-06	1.564082e-06	6774
19605	-6.940514e-07	1.640875e-06	1.537189e-06	7029
265996	-7.872824e-07	1.640879e-06	1.575016e-06	3958
812080	-7.218018e-07	1.640893e-06	1.563979e-06	6774
11349	-6.942282e-07	1.640894e-06	1.537089e-06	7029
257740	-7.874646e-07	1.640900e-06	1.574904e-06	3958
3093	-6.944049e-07	1.640912e-06	1.536990e-06	7029
803824	-7.219823e-07	1.640912e-06	1.563875e-06	6774
249484	-7.876467e-07	1.640921e-06	1.574791e-06	3958
795568	-7.221628e-07	1.640931e-06	1.563772e-06	6774
241228	-7.878289e-07	1.640941e-06	1.574678e-06	3958
787312	-7.223434e-07	1.640950e-06	1.563668e-06	6774
232972	-7.880109e-07	1.640962e-06	1.574565e-06	3958
779056	-7.225239e-07	1.640969e-06	1.563565e-06	6774
224716	-7.881930e-07	1.640983e-06	1.574452e-06	3958
770800	-7.227044e-07	1.640989e-06	1.563461e-06	6774
216460	-7.883751e-07	1.641004e-06	1.574340e-06	3958
762544	-7.228849e-07	1.641008e-06	1.563358e-06	6774
1149042	-7.383717e-07	1.641021e-06	1.577706e-06	3189
208204	-7.885571e-07	1.641025e-06	1.574227e-06	3958
754288	-7.230654e-07	1.641027e-06	1.563254e-06	6774
1140786	-7.385543e-07	1.641040e-06	1.577600e-06	3189
199948	-7.887392e-07	1.641046e-06	1.574114e-06	3958
746032	-7.232459e-07	1.641046e-06	1.563151e-06	6774
1132530	-7.387368e-07	1.641060e-06	1.577494e-06	3189
737776	-7.234263e-07	1.641065e-06	1.563047e-06	6774
191692	-7.889212e-07	1.641067e-06	1.574001e-06	3958
1124274	-7.389193e-07	1.641080e-06	1.577389e-06	3189
729520	-7.236067e-07	1.641084e-06	1.562944e-06	6774
183436	-7.891032e-07	1.641087e-06	1.573888e-06	3958
1116018	-7.391018e-07	1.641099e-06	1.577283e-06	3189
721264	-7.237871e-07	1.641103e-06	1.562840e-06	6774
175180	-7.892852e-07	1.641108e-06	1.573775e-06	3958
1107762	-7.392842e-07	1.641119e-06	1.577177e-06	3189
713008	-7.239676e-07	1.641122e-06	1.562736e-06	6774
166924	-7.894672e-07	1.641129e-06	1.573662e-06	3958
1099506	-7.394667e-07	1.641138e-06	1.577071e-06	3189
704752	-7.241479e-07	1.641142e-06	1.562633e-06	6774
158668	-7.896491e-07	1.641150e-06	1.573549e-06	3958
1091250	-7.396491e-07	1.641158e-06	1.576965e-06	3189
696496	-7.243283e-07	1.641161e-06	1.562529e-06	6774
150412	-7.898310e-07	1.641171e-06	1.573435e-06	3958
1082994	-7.398315e-07	1.641177e-06	1.576859e-06	3189
688240	-7.245087e-07	1.641180e-06	1.562425e-06	6774
142156	-7.900129e-07	1.641192e-06	1.573322e-06	3958
1074738	-7.400139e-07	1.641197e-06	1.576753e-06	3189
679984	-7.246890e-07	1.641199e-06	1.562321e-06	6774
133900	-7.901948e-07	1.641213e-06	1.573209e-06	3958
1066482	-7.401964e-07	1.641216e-06	1.576647e-06	3189
671728	-7.248693e-07	1.641218e-06	1.562218e-06	6774
125644	-7.903767e-07	1.641234e-06	1.573096e-06	3958
1058226	-7.403787e-07	1.641236e-06	1.576541e-06	3189
663472	-7.250496e-07	1.641237e-06	1.562114e-06	6774
117388	-7.905585e-07	1.641255e-06	1.572983e-06	3958
1049970	-7.405611e-07	1.641255e-06	1.576435e-06	3189
655216	-7.252299e-07	1.641257e-06	1.562010e-06	6774
1041714	-7.407434e-07	1.641275e-06	1.576329e-06	3189
109132	-7.907404e-07	1.641276e-06	1.572870e-06	3958
646960	-7.254102e-07	1.641276e-06	1.561906e-06	6774
1033458	-7.409258e-07	1.641295e-06	1.576223e-06	3189
638704	-7.255904e-07	1.641295e-06	1.561802e-06	6774
100876	-7.909222e-07	1.641296e-06	1.572756e-06	3958
630448	-7.257707e-07	1.641314e-06	1.561698e-06	6774
1025202	-7.411081e-07	1.641314e-06	1.576117e-06	3189
92620	-7.911041e-07	1.641317e-06	1.572643e-06	3958
622192	-7.259509e-07	1.641333e-06	1.561594e-06	6774
1016946	-7.412904e-07	1.641334e-06	1.576011e-06	3189
84364	-7.912859e-07	1.641338e-06	1.572530e-06	3958
613936	-7.261311e-07	1.641352e-06	1.561491e-06	6774
1008690	-7.414727e-07	1.641353e-06	1.575905e-06	3189
76108	-7.914676e-07	1.641359e-06	1.572416e-06	3958
605680	-7.263113e-07	1.641372e-06	1.561387e-06	6774
1000434	-7.416549e-07	1.641373e-06	1.575798e-06	3189
67852	-7.916494e-07	1.641380e-06	1.572303e-06	3958
597424	-7.264915e-07	1.641391e-06	1.561282e-06	6774
992178	-7.418371e-07	1.641393e-06	1.575692e-06	3189
59596	-7.918312e-07	1.641401e-06	1.572190e-06	3958
589168	-7.266717e-07	1.641410e-06	1.561178e-06	6774
983922	-7.420194e-07	1.641412e-06	1.575586e-06	3189
51340	-7.920129e-07	1.641422e-06	1.572076e-06	3958
580912	-7.268518e-07	1.641429e-06	1.561074e-06	6774
975666	-7.422016e-07	1.641432e-06	1.575480e-06	3189
43084	-7.921946e-07	1.641443e-06	1.571963e-06	3958
572656	-7.270319e-07	1.641448e-06	1.560970e-06	6774
967410	-7.423838e-07	1.641451e-06	1.575374e-06	3189
34828	-7.923763e-07	1.641464e-06	1.571849e-06	3958
564400	-7.272121e-07	1.641468e-06	1.560866e-06	6774
959154	-7.425660e-07	1.641471e-06	1.575267e-06	3189
26572	-7.925580e-07	1.641485e-06	1.571736e-06	3958
556144	-7.273921e-07	1.641487e-06	1.560762e-06	6774
950898	-7.427482e-07	1.641491e-06	1.575161e-06	3189
18316	-7.927396e-07	1.641506e-06	1.571622e-06	3958
547888	-7.275723e-07	1.641506e-06	1.560658e-06	6774
942642	-7.429303e-07	1.641510e-06	1.575055e-06	3189
539632	-7.277524e-07	1.641525e-06	1.560554e-06	6774
10060	-7.929213e-07	1.641527e-06	1.571509e-06	3958
934386	-7.431125e-07	1.641530e-06	1.574948e-06	3189
531376	-7.279324e-07	1.641545e-06	1.560449e-06	6774
1804	-7.931029e-07	1.641548e-06	1.571395e-06	3958
926130	-7.432946e-07	1.641550e-06	1.574842e-06	3189
523120	-7.281125e-07	1.641564e-06	1.560345e-06	6774
917874	-7.434767e-07	1.641569e-06	1.574735e-06	3189
514864	-7.282925e-07	1.641583e-06	1.560241e-06	6774
909618	-7.436588e-07	1.641589e-06	1.574629e-06	3189
506608	-7.284725e-07	1.641602e-06	1.560137e-06	6774
901362	-7.438409e-07	1.641609e-06	1.574522e-06	3189
498352	-7.286525e-07	1.641622e-06	1.560032e-06	6774
893106	-7.440229e-07	1.641628e-06	1.574416e-06	3189
490096	-7.288324e-07	1.641641e-06	1.559928e-06	6774
884850	-7.442050e-07	1.641648e-06	1.574309e-06	3189
481840	-7.290124e-07	1.641660e-06	1.559824e-06	6774
876594	-7.443870e-07	1.641668e-06	1.574203e-06	3189
473584	-7.291924e-07	1.641679e-06	1.559719e-06	6774
868338	-7.445690e-07	1.641687e-06	1.574096e-06	3189
465328	-7.293723e-07	1.641699e-06	1.559615e-06	6774
860082	-7.447510e-07	1.641707e-06	1.573989e-06	3189
457072	-7.295523e-07	1.641718e-06	1.559510e-06	6774
851826	-7.449329e-07	1.641727e-06	1.573883e-06	3189
448816	-7.297322e-07	1.641737e-06	1.559406e-06	6774
843570	-7.451150e-07	1.641747e-06	1.573776e-06	3189
440560	-7.299120e-07	1.641757e-06	1.559301e-06	6774
835314	-7.452969e-07	1.641766e-06	1.573669e-06	3189
432304	-7.300919e-07	1.641776e-06	1.559197e-06	6774
827058	-7.454788e-07	1.641786e-06	1.573562e-06	3189
424048	-7.302718e-07	1.641795e-06	1.559092e-06	6774
818802	-7.456607e-07	1.641806e-06	1.573456e-06	3189
415792	-7.304516e-07	1.641814e-06	1.558988e-06	6774
810546	-7.458426e-07	1.641825e-06	1.573349e-06	3189
407536	-7.306314e-07	1.641834e-06	1.558883e-06	6774
802290	-7.460245e-07	1.641845e-06	1.573242e-06	3189
399280	-7.308112e-07	1.641853e-06	1.558778e-06	6774
794034	-7.462064e-07	1.641865e-06	1.573135e-06	3189
391024	-7.309910e-07	1.641872e-06	1.558674e-06	6774
785778	-7.463883e-07	1.641885e-06	1.573028e-06	3189
382768	-7.311708e-07	1.641892e-06	1.558569e-06	6774
777522	-7.465701e-07	1.641904e-06	1.572922e-06	3189
374512	-7.313506e-07	1.641911e-06	1.558464e-06	6774
769266	-7.467519e-07	1.641924e-06	1.572815e-06	3189
366256	-7.315303e-07	1.641930e-06	1.558360e-06	6774
761010	-7.469337e-07	1.641944e-06	1.572708e-06	3189
358000	-7.317100e-07	1.641950e-06	1.558255e-06	6774
752754	-7.471155e-07	1.641964e-06	1.572601e-06	3189
349744	-7.318898e-07	1.641969e-06	1.558150e-06	6774
744498	-7.472973e-07	1.641983e-06	1.572494e-06	3189
341488	-7.320695e-07	1.641988e-06	1.558045e-06	6774
736242	-7.474790e-07	1.642003e-06	1.572387e-06	3189
333232	-7.322492e-07	1.642008e-06	1.557940e-06	6774
727986	-7.476608e-07	1.642023e-06	1.572280e-06	3189
324976	-7.324288e-07	1.642027e-06	1.557836e-06	6774
719730	-7.478425e-07	1.642043e-06	1.572173e-06	3189
316720	-7.326085e-07	1.642047e-06	1.557731e-06	6774
711474	-7.480242e-07	1.642062e-06	1.572065e-06	3189
308464	-7.327881e-07	1.642066e-06	1.557626e-06	6774
703218	-7.482059e-07	1.642082e-06	1.571958e-06	3189
300208	-7.329677e-07	1.642085e-06	1.557521e-06	6774
694962	-7.483876e-07	1.642102e-06	1.571851e-06	3189
291952	-7.331474e-07	1.642105e-06	1.557416e-06	6774
686706	-7.485693e-07	1.642122e-06	1.571744e-06	3189
283696	-7.333269e-07	1.642124e-06	1.557311e-06	6774
678450	-7.487509e-07	1.642141e-06	1.571637e-06	3189
275440	-7.335065e-07	1.642144e-06	1.557206e-06	6774
670194	-7.489325e-07	1.642161e-06	1.571530e-06	3189
267184	-7.336861e-07	1.642163e-06	1.557101e-06	6774
661938	-7.491141e-07	1.642181e-06	1.571422e-06	3189
258928	-7.338656e-07	1.642182e-06	1.556996e-06	6774
653682	-7.492957e-07	1.642201e-06	1.571315e-06	3189
250672	-7.340452e-07	1.642202e-06	1.556891e-06	6774
645426	-7.494774e-07	1.642221e-06	1.571208e-06	3189
242416	-7.342247e-07	1.642221e-06	1.556785e-06	6774
637170	-7.496589e-07	1.642240e-06	1.571100e-06	3189
234160	-7.344042e-07	1.642240e-06	1.556680e-06	6774
225904	-7.345837e-07	1.642260e-06	1.556575e-06	6774
628914	-7.498405e-07	1.642260e-06	1.570993e-06	3189
217648	-7.347631e-07	1.642279e-06	1.556470e-06	6774
620658	-7.500220e-07	1.642280e-06	1.570886e-06	3189
209392	-7.349426e-07	1.642299e-06	1.556365e-06	6774
612402	-7.502035e-07	1.642300e-06	1.570778e-06	3189
201136	-7.351221e-07	1.642318e-06	1.556259e-06	6774
604146	-7.503850e-07	1.642320e-06	1.570671e-06	3189
192880	-7.353015e-07	1.642338e-06	1.556154e-06	6774
595890	-7.505665e-07	1.642340e-06	1.570563e-06	3189
184624	-7.354809e-07	1.642357e-06	1.556049e-06	6774
587634	-7.507480e-07	1.642360e-06	1.570456e-06	3189
176368	-7.356603e-07	1.642377e-06	1.555943e-06	6774
579378	-7.509294e-07	1.642379e-06	1.570348e-06	3189
168112	-7.358396e-07	1.642396e-06	1.555838e-06	6774
571122	-7.511109e-07	1.642399e-06	1.570241e-06	3189
159856	-7.360190e-07	1.642415e-06	1.555733e-06	6774
562866	-7.512923e-07	1.642419e-06	1.570133e-06	3189
151600	-7.361983e-07	1.642435e-06	1.555627e-06	6774
554610	-7.514737e-07	1.642439e-06	1.570025e-06	3189
143344	-7.363777e-07	1.642454e-06	1.555522e-06	6774
546354	-7.516551e-07	1.642459e-06	1.569918e-06	3189
135088	-7.365570e-07	1.642474e-06	1.555416e-06	6774
538098	-7.518365e-07	1.642479e-06	1.569810e-06	3189
126832	-7.367363e-07	1.642493e-06	1.555311e-06	6774
529842	-7.520179e-07	1.642499e-06	1.569703e-06	3189
118576	-7.369156e-07	1.642513e-06	1.555205e-06	6774
521586	-7.521992e-07	1.642518e-06	1.569595e-06	3189
110320	-7.370948e-07	1.642532e-06	1.555100e-06	6774
513330	-7.523805e-07	1.642538e-06	1.569487e-06	3189
102064	-7.372741e-07	1.642552e-06	1.554994e-06	6774
505074	-7.525618e-07	1.642558e-06	1.569379e-06	3189
93808	-7.374533e-07	1.642571e-06	1.554889e-06	6774
496818	-7.527431e-07	1.642578e-06	1.569272e-06	3189
85552	-7.376325e-07	1.642591e-06	1.554783e-06	6774
488562	-7.529244e-07	1.642598e-06	1.569164e-06	3189
77296	-7.378117e-07	1.642610e-06	1.554678e-06	6774
480306	-7.531057e-07	1.642618e-06	1.569056e-06	3189
69040	-7.379909e-07	1.642630e-06	1.554572e-06	6774
472050	-7.532869e-07	1.642638e-06	1.568948e-06	3189
60784	-7.381701e-07	1.642649e-06	1.554466e-06	6774
463794	-7.534682e-07	1.642658e-06	1.568840e-06	3189
52528	-7.383492e-07	1.642669e-06	1.554360e-06	6774
455538	-7.536494e-07	1.642678e-06	1.568732e-06	3189
44272	-7.385284e-07	1.642688e-06	1.554255e-06	6774
447282	-7.538305e-07	1.642698e-06	1.568624e-06	3189
36016	-7.387075e-07	1.642708e-06	1.554149e-06	6774
439026	-7.540118e-07	1.642718e-06	1.568516e-06	3189
27760	-7.388866e-07	1.642727e-06	1.554043e-06	6774
430770	-7.541929e-07	1.642738e-06	1.568408e-06	3189
19504	-7.390657e-07	1.642747e-06	1.553937e-06	6774
422514	-7.543741e-07	1.642758e-06	1.568300e-06	3189
11248	-7.392448e-07	1.642767e-06	1.553831e-06	6774
414258	-7.545552e-07	1.642777e-06	1.568192e-06	3189
2992	-7.394239e-07	1.642786e-06	1.553726e-06	6774
406002	-7.547363e-07	1.642797e-06	1.568084e-06	3189
397746	-7.549174e-07	1.642817e-06	1.567976e-06	3189
389490	-7.550985e-07	1.642837e-06	1.567868e-06	3189
381234	-7.552796e-07	1.642857e-06	1.567760e-06	3189
372978	-7.554606e-07	1.642877e-06	1.567652e-06	3189
364722	-7.556417e-07	1.642897e-06	1.567544e-06	3189
356466	-7.558227e-07	1.642917e-06	1.567435e-06	3189
348210	-7.560037e-07	1.642937e-06	1.567327e-06	3189
339954	-7.561847e-07	1.642957e-06	1.567219e-06	3189
331698	-7.563657e-07	1.642977e-06	1.567111e-06	3189
323442	-7.565466e-07	1.642997e-06	1.567002e-06	3189
315186	-7.567276e-07	1.643017e-06	1.566894e-06	3189
306930	-7.569085e-07	1.643037e-06	1.566785e-06	3189
298674	-7.570894e-07	1.643057e-06	1.566677e-06	3189
290418	-7.572704e-07	1.643077e-06	1.566569e-06	3189
282162	-7.574512e-07	1.643097e-06	1.566460e-06	3189
273906	-7.576321e-07	1.643117e-06	1.566352e-06	3189
265650	-7.578129e-07	1.643137e-06	1.566243e-06	3189
257394	-7.579937e-07	1.643157e-06	1.566135e-06	3189
249138	-7.581746e-07	1.643177e-06	1.566026e-06	3189
240882	-7.583554e-07	1.643197e-06	1.565918e-06	3189
232626	-7.585361e-07	1.643218e-06	1.565809e-06	3189
224370	-7.587169e-07	1.643238e-06	1.565700e-06	3189
216114	-7.588977e-07	1.643258e-06	1.565592e-06	3189
207858	-7.590784e-07	1.643278e-06	1.565483e-06	3189
199602	-7.592591e-07	1.643298e-06	1.565374e-06	3189
191346	-7.594398e-07	1.643318e-06	1.565266e-06	3189
183090	-7.596205e-07	1.643338e-06	1.565157e-06	3189
174834	-7.598012e-07	1.643358e-06	1.565048e-06	3189
166578	-7.599818e-07	1.643378e-06	1.564939e-06	3189
158322	-7.601625e-07	1.643398e-06	1.564830e-06	3189
150066	-7.603431e-07	1.643418e-06	1.564721e-06	3189
141810	-7.605237e-07	1.643439e-06	1.564612e-06	3189
133554	-7.607043e-07	1.643459e-06	1.564504e-06	3189
125298	-7.608849e-07	1.643479e-06	1.564395e-06	3189
117042	-7.610655e-07	1.643499e-06	1.564286e-06	3189
108786	-7.612460e-07	1.643519e-06	1.564177e-06	3189
100530	-7.614265e-07	1.643539e-06	1.564068e-06	3189
92274	-7.616070e-07	1.643559e-06	1.563959e-06	3189
84018	-7.617875e-07	1.643579e-06	1.563849e-06	3189
75762	-7.619680e-07	1.643599e-06	1.563740e-06	3189
67506	-7.621484e-07	1.643620e-06	1.563631e-06	3189
59250	-7.623289e-07	1.643640e-06	1.563522e-06	3189
50994	-7.625093e-07	1.643660e-06	1.563413e-06	3189
42738	-7.626897e-07	1.643680e-06	1.563304e-06	3189
34482	-7.628701e-07	1.643700e-06	1.563194e-06	3189
26226	-7.630505e-07	1.643721e-06	1.563085e-06	3189
17970	-7.632308e-07	1.643741e-06	1.562976e-06	3189
9714	-7.634112e-07	1.643761e-06	1.562867e-06	3189
1458	-7.635915e-07	1.643781e-06	1.562757e-06	3189
1148925	-8.346387e-07	1.644937e-06	1.615039e-06	2933
1140669	-8.348265e-07	1.644959e-06	1.614919e-06	2933
1132413	-8.350143e-07	1.644982e-06	1.614800e-06	2933
1124157	-8.352020e-07	1.645004e-06	1.614680e-06	2933
1115901	-8.353898e-07	1.645026e-06	1.614560e-06	2933
1107645	-8.355775e-07	1.645048e-06	1.614441e-06	2933
1099389	-8.357651e-07	1.645070e-06	1.614321e-06	2933
1091133	-8.359528e-07	1.645092e-06	1.614201e-06	2933
1082877	-8.361405e-07	1.645114e-06	1.614082e-06	2933
1074621	-8.363281e-07	1.645136e-06	1.613962e-06	2933
1066365	-8.365158e-07	1.645158e-06	1.613842e-06	2933
1058109	-8.367034e-07	1.645181e-06	1.613722e-06	2933
1049853	-8.368909e-07	1.645203e-06	1.613603e-06	2933
1041597	-8.370785e-07	1.645225e-06	1.613483e-06	2933
1033341	-8.372660e-07	1.645247e-06	1.613363e-06	2933
1025085	-8.374536e-07	1.645269e-06	1.613243e-06	2933
1016829	-8.376411e-07	1.645291e-06	1.613123e-06	2933
1008573	-8.378286e-07	1.645313e-06	1.613003e-06	2933
1000317	-8.380160e-07	1.645336e-06	1.612883e-06	2933
992061	-8.382035e-07	1.645358e-06	1.612763e-06	2933
983805	-8.383910e-07	1.645380e-06	1.612643e-06	2933
975549	-8.385784e-07	1.645402e-06	1.612523e-06	2933
967293	-8.387658e-07	1.645424e-06	1.612403e-06	2933
959037	-8.389532e-07	1.645447e-06	1.612282e-06	2933
950781	-8.391406e-07	1.645469e-06	1.612162e-06	2933
942525	-8.393279e-07	1.645491e-06	1.612042e-06	2933
934269	-8.395152e-07	1.645513e-06	1.611922e-06	2933
926013	-8.397026e-07	1.645535e-06	1.611802e-06	2933
917757	-8.398899e-07	1.645558e-06	1.611681e-06	2933
909501	-8.400771e-07	1.645580e-06	1.611561e-06	2933
901245	-8.402644e-07	1.645602e-06	1.611441e-06	2933
892989	-8.404517e-07	1.645624e-06	1.611320e-06	2933
884733	-8.406389e-07	1.645647e-06	1.611200e-06	2933
876477	-8.408261e-07	1.645669e-06	1.611079e-06	2933
868221	-8.410133e-07	1.645691e-06	1.610959e-06	2933
859965	-8.412005e-07	1.645713e-06	1.610839e-06	2933
851709	-8.413876e-07	1.645736e-06	1.610718e-06	2933
843453	-8.415748e-07	1.645758e-06	1.610598e-06	2933
835197	-8.417618e-07	1.645780e-06	1.610477e-06	2933
826941	-8.419490e-07	1.645802e-06	1.610357e-06	2933
818685	-8.421360e-07	1.645825e-06	1.610236e-06	2933
810429	-8.423231e-07	1.645847e-06	1.610115e-06	2933
802173	-8.425102e-07	1.645869e-06	1.609995e-06	2933
793917	-8.426972e-07	1.645891e-06	1.609874e-06	2933
785661	-8.428842e-07	1.645914e-06	1.609753e-06	2933
777405	-8.430712e-07	1.645936e-06	1.609632e-06	2933
769149	-8.432582e-07	1.645958e-06	1.609512e-06	2933
760893	-8.434452e-07	1.645981e-06	1.609391e-06	2933
752637	-8.436321e-07	1.646003e-06	1.609270e-06	2933
744381	-8.438190e-07	1.646025e-06	1.609149e-06	2933
736125	-8.440059e-07	1.646048e-06	1.609028e-06	2933
727869	-8.441928e-07	1.646070e-06	1.608908e-06	2933
719613	-8.443797e-07	1.646092e-06	1.608787e-06	2933
711357	-8.445666e-07	1.646115e-06	1.608666e-06	2933
703101	-8.447533e-07	1.646137e-06	1.608545e-06	2933
694845	-8.449402e-07	1.646159e-06	1.608424e-06	2933
686589	-8.451270e-07	1.646182e-06	1.608303e-06	2933
678333	-8.453138e-07	1.646204e-06	1.608182e-06	2933
670077	-8.455006e-07	1.646226e-06	1.608061e-06	2933
661821	-8.456873e-07	1.646249e-06	1.607939e-06	2933
653565	-8.458740e-07	1.646271e-06	1.607818e-06	2933
645309	-8.460607e-07	1.646294e-06	1.607697e-06	2933
637053	-8.462474e-07	1.646316e-06	1.607576e-06	2933
628797	-8.464341e-07	1.646338e-06	1.607455e-06	2933
620541	-8.466207e-07	1.646361e-06	1.607334e-06	2933
612285	-8.468074e-07	1.646383e-06	1.607212e-06	2933
604029	-8.469940e-07	1.646406e-06	1.607091e-06	2933
595773	-8.471806e-07	1.646428e-06	1.606970e-06	2933
587517	-8.473672e-07	1.646450e-06	1.606848e-06	2933
579261	-8.475537e-07	1.646473e-06	1.606727e-06	2933
571005	-8.477403e-07	1.646495e-06	1.606606e-06	2933
562749	-8.479268e-07	1.646518e-06	1.606484e-06	2933
554493	-8.481133e-07	1.646540e-06	1.606363e-06	2933
546237	-8.482998e-07	1.646563e-06	1.606241e-06	2933
537981	-8.484863e-07	1.646585e-06	1.606120e-06	2933
529725	-8.486728e-07	1.646607e-06	1.605998e-06	2933
521469	-8.488592e-07	1.646630e-06	1.605876e-06	2933
513213	-8.490456e-07	1.646652e-06	1.605755e-06	2933
504957	-8.492320e-07	1.646675e-06	1.605633e-06	2933
496701	-8.494184e-07	1.646697e-06	1.605512e-06	2933
1150779	-6.678181e-07	1.646714e-06	1.555813e-06	7286
488445	-8.496048e-07	1.646720e-06	1.605390e-06	2933
1142523	-6.679973e-07	1.646731e-06	1.555718e-06	7286
480189	-8.497911e-07	1.646742e-06	1.605268e-06	2933
1134267	-6.681765e-07	1.646749e-06	1.555622e-06	7286
471933	-8.499774e-07	1.646765e-06	1.605147e-06	2933
1126011	-6.683558e-07	1.646767e-06	1.555526e-06	7286
1117755	-6.685350e-07	1.646784e-06	1.555430e-06	7286
463677	-8.501638e-07	1.646787e-06	1.605025e-06	2933
1109499	-6.687142e-07	1.646802e-06	1.555335e-06	7286
455421	-8.503500e-07	1.646810e-06	1.604903e-06	2933
1101243	-6.688933e-07	1.646820e-06	1.555239e-06	7286
447165	-8.505363e-07	1.646832e-06	1.604781e-06	2933
1092987	-6.690725e-07	1.646837e-06	1.555143e-06	7286
438909	-8.507226e-07	1.646855e-06	1.604659e-06	2933
1084731	-6.692516e-07	1.646855e-06	1.555047e-06	7286
1076475	-6.694307e-07	1.646873e-06	1.554952e-06	7286
430653	-8.509088e-07	1.646877e-06	1.604538e-06	2933
1068219	-6.696098e-07	1.646890e-06	1.554856e-06	7286
422397	-8.510950e-07	1.646900e-06	1.604416e-06	2933
1059963	-6.697890e-07	1.646908e-06	1.554760e-06	7286
414141	-8.512812e-07	1.646922e-06	1.604294e-06	2933
1051707	-6.699681e-07	1.646926e-06	1.554664e-06	7286
1043451	-6.701471e-07	1.646943e-06	1.554568e-06	7286
405885	-8.514674e-07	1.646945e-06	1.604172e-06	2933
1035195	-6.703262e-07	1.646961e-06	1.554472e-06	7286
397629	-8.516536e-07	1.646967e-06	1.604050e-06	2933
1026939	-6.705052e-07	1.646979e-06	1.554376e-06	7286
389373	-8.518397e-07	1.646990e-06	1.603928e-06	2933
1018683	-6.706842e-07	1.646997e-06	1.554280e-06	7286
381117	-8.520259e-07	1.647012e-06	1.603806e-06	2933
1010427	-6.708633e-07	1.647014e-06	1.554184e-06	7286
1002171	-6.710423e-07	1.647032e-06	1.554088e-06	7286
372861	-8.522120e-07	1.647035e-06	1.603684e-06	2933
993915	-6.712212e-07	1.647050e-06	1.553992e-06	7286
364605	-8.523981e-07	1.647058e-06	1.603562e-06	2933
985659	-6.714002e-07	1.647068e-06	1.553896e-06	7286
356349	-8.525842e-07	1.647080e-06	1.603440e-06	2933
977403	-6.715792e-07	1.647085e-06	1.553800e-06	7286
348093	-8.527702e-07	1.647103e-06	1.603318e-06	2933
969147	-6.717581e-07	1.647103e-06	1.553703e-06	7286
960891	-6.719371e-07	1.647121e-06	1.553607e-06	7286
339837	-8.529562e-07	1.647125e-06	1.603195e-06	2933
952635	-6.721160e-07	1.647139e-06	1.553511e-06	7286
331581	-8.531423e-07	1.647148e-06	1.603073e-06	2933
944379	-6.722949e-07	1.647156e-06	1.553415e-06	7286
323325	-8.533283e-07	1.647170e-06	1.602951e-06	2933
936123	-6.724738e-07	1.647174e-06	1.553318e-06	7286
927867	-6.726526e-07	1.647192e-06	1.553222e-06	7286
315069	-8.535143e-07	1.647193e-06	1.602829e-06	2933
919611	-6.728315e-07	1.647210e-06	1.553126e-06	7286
306813	-8.537003e-07	1.647216e-06	1.602707e-06	2933
911355	-6.730103e-07	1.647227e-06	1.553030e-06	7286
298557	-8.538862e-07	1.647238e-06	1.602584e-06	2933
903099	-6.731892e-07	1.647245e-06	1.552933e-06	7286
290301	-8.540721e-07	1.647261e-06	1.602462e-06	2933
894843	-6.733680e-07	1.647263e-06	1.552837e-06	7286
886587	-6.735468e-07	1.647281e-06	1.552740e-06	7286
282045	-8.542580e-07	1.647283e-06	1.602340e-06	2933
878331	-6.737255e-07	1.647299e-06	1.552644e-06	7286
273789	-8.544440e-07	1.647306e-06	1.602217e-06	2933
870075	-6.739043e-07	1.647316e-06	1.552547e-06	7286
265533	-8.546298e-07	1.647329e-06	1.602095e-06	2933
861819	-6.740831e-07	1.647334e-06	1.552451e-06	7286
257277	-8.548157e-07	1.647351e-06	1.601972e-06	2933
853563	-6.742619e-07	1.647352e-06	1.552354e-06	7286
845307	-6.744406e-07	1.647370e-06	1.552258e-06	7286
249021	-8.550015e-07	1.647374e-06	1.601850e-06	2933
837051	-6.746193e-07	1.647388e-06	1.552161e-06	7286
240765	-8.551874e-07	1.647396e-06	1.601728e-06	2933
828795	-6.747980e-07	1.647405e-06	1.552065e-06	7286
232509	-8.553732e-07	1.647419e-06	1.601605e-06	2933
820539	-6.749767e-07	1.647423e-06	1.551968e-06	7286
812283	-6.751553e-07	1.647441e-06	1.551871e-06	7286
224253	-8.555589e-07	1.647442e-06	1.601482e-06	2933
804027	-6.753340e-07	1.647459e-06	1.551775e-06	7286
215997	-8.557447e-07	1.647464e-06	1.601360e-06	2933
795771	-6.755126e-07	1.647477e-06	1.551678e-06	7286
207741	-8.559305e-07	1.647487e-06	1.601237e-06	2933
787515	-6.756912e-07	1.647495e-06	1.551581e-06	7286
199485	-8.561162e-07	1.647510e-06	1.601115e-06	2933
779259	-6.758699e-07	1.647512e-06	1.551485e-06	7286
771003	-6.760485e-07	1.647530e-06	1.551388e-06	7286
191229	-8.563019e-07	1.647532e-06	1.600992e-06	2933
762747	-6.762270e-07	1.647548e-06	1.551291e-06	7286
182973	-8.564876e-07	1.647555e-06	1.600869e-06	2933
754491	-6.764056e-07	1.647566e-06	1.551194e-06	7286
174717	-8.566733e-07	1.647578e-06	1.600747e-06	2933
746235	-6.765842e-07	1.647584e-06	1.551097e-06	7286
166461	-8.568589e-07	1.647600e-06	1.600624e-06	2933
737979	-6.767627e-07	1.647602e-06	1.551000e-06	7286
729723	-6.769413e-07	1.647620e-06	1.550903e-06	7286
158205	-8.570446e-07	1.647623e-06	1.600501e-06	2933
721467	-6.771198e-07	1.647638e-06	1.550806e-06	7286
149949	-8.572302e-07	1.647646e-06	1.600379e-06	2933
713211	-6.772983e-07	1.647655e-06	1.550709e-06	7286
141693	-8.574158e-07	1.647668e-06	1.600256e-06	2933
704955	-6.774767e-07	1.647673e-06	1.550613e-06	7286
133437	-8.576014e-07	1.647691e-06	1.600133e-06	2933
696699	-6.776552e-07	1.647691e-06	1.550515e-06	7286
688443	-6.778337e-07	1.647709e-06	1.550418e-06	7286
125181	-8.577870e-07	1.647714e-06	1.600010e-06	2933
680187	-6.780121e-07	1.647727e-06	1.550321e-06	7286
116925	-8.579725e-07	1.647736e-06	1.599887e-06	2933
671931	-6.781905e-07	1.647745e-06	1.550224e-06	7286
108669	-8.581580e-07	1.647759e-06	1.599764e-06	2933
663675	-6.783690e-07	1.647763e-06	1.550127e-06	7286
655419	-6.785473e-07	1.647781e-06	1.550030e-06	7286
100413	-8.583436e-07	1.647782e-06	1.599641e-06	2933
647163	-6.787258e-07	1.647799e-06	1.549933e-06	7286
92157	-8.585291e-07	1.647805e-06	1.599519e-06	2933
638907	-6.789041e-07	1.647817e-06	1.549836e-06	7286
1149158	-6.899128e-07	1.647825e-06	1.565403e-06	3445
83901	-8.587145e-07	1.647827e-06	1.599396e-06	2933
630651	-6.790825e-07	1.647835e-06	1.549738e-06	7286
1140902	-6.900934e-07	1.647843e-06	1.565304e-06	3445
75645	-8.589000e-07	1.647850e-06	1.599273e-06	2933
622395	-6.792608e-07	1.647853e-06	1.549641e-06	7286
1132646	-6.902740e-07	1.647861e-06	1.565205e-06	3445
614139	-6.794392e-07	1.647871e-06	1.549544e-06	7286
67389	-8.590854e-07	1.647873e-06	1.599150e-06	2933
1124390	-6.904545e-07	1.647880e-06	1.565107e-06	3445
605883	-6.796175e-07	1.647889e-06	1.549447e-06	7286
59133	-8.592709e-07	1.647895e-06	1.599027e-06	2933
1116134	-6.906351e-07	1.647898e-06	1.565008e-06	3445
597627	-6.797957e-07	1.647907e-06	1.549349e-06	7286
1107878	-6.908156e-07	1.647916e-06	1.564909e-06	3445
50877	-8.594562e-07	1.647918e-06	1.598903e-06	2933
589371	-6.799741e-07	1.647924e-06	1.549252e-06	7286
1099622	-6.909961e-07	1.647934e-06	1.564810e-06	3445
42621	-8.596417e-07	1.647941e-06	1.598780e-06	2933
581115	-6.801523e-07	1.647942e-06	1.549155e-06	7286
1091366	-6.911766e-07	1.647953e-06	1.564711e-06	3445
572859	-6.803306e-07	1.647961e-06	1.549057e-06	7286
34365	-8.598270e-07	1.647964e-06	1.598657e-06	2933
1083110	-6.913571e-07	1.647971e-06	1.564612e-06	3445
564603	-6.805088e-07	1.647978e-06	1.548960e-06	7286
26109	-8.600124e-07	1.647986e-06	1.598534e-06	2933
1074854	-6.915375e-07	1.647989e-06	1.564513e-06	3445
556347	-6.806870e-07	1.647996e-06	1.548862e-06	7286
1066598	-6.917180e-07	1.648007e-06	1.564414e-06	3445
17853	-8.601977e-07	1.648009e-06	1.598411e-06	2933
548091	-6.808652e-07	1.648014e-06	1.548765e-06	7286
1058342	-6.918984e-07	1.648026e-06	1.564315e-06	3445
9597	-8.603830e-07	1.648032e-06	1.598288e-06	2933
539835	-6.810434e-07	1.648032e-06	1.548667e-06	7286
1050086	-6.920789e-07	1.648044e-06	1.564216e-06	3445
531579	-6.812216e-07	1.648050e-06	1.548570e-06	7286
1341	-8.605683e-07	1.648055e-06	1.598164e-06	2933
1041830	-6.922593e-07	1.648062e-06	1.564117e-06	3445
523323	-6.813998e-07	1.648068e-06	1.548472e-06	7286
1033574	-6.924397e-07	1.648081e-06	1.564017e-06	3445
515067	-6.815779e-07	1.648086e-06	1.548375e-06	7286
1025318	-6.926201e-07	1.648099e-06	1.563918e-06	3445
506811	-6.817561e-07	1.648104e-06	1.548277e-06	7286
1017062	-6.928004e-07	1.648117e-06	1.563819e-06	3445
498555	-6.819342e-07	1.648122e-06	1.548180e-06	7286
1008806	-6.929808e-07	1.648135e-06	1.563720e-06	3445
490299	-6.821123e-07	1.648140e-06	1.548082e-06	7286
1000550	-6.931612e-07	1.648154e-06	1.563621e-06	3445
482043	-6.822904e-07	1.648159e-06	1.547984e-06	7286
992294	-6.933415e-07	1.648172e-06	1.563521e-06	3445
473787	-6.824685e-07	1.648177e-06	1.547886e-06	7286
984038	-6.935218e-07	1.648190e-06	1.563422e-06	3445
465531	-6.826465e-07	1.648195e-06	1.547789e-06	7286
975782	-6.937021e-07	1.648209e-06	1.563323e-06	3445
457275	-6.828246e-07	1.648213e-06	1.547691e-06	7286
967526	-6.938823e-07	1.648227e-06	1.563223e-06	3445
449019	-6.830026e-07	1.648231e-06	1.547593e-06	7286
959270	-6.940626e-07	1.648245e-06	1.563124e-06	3445
440763	-6.831806e-07	1.648249e-06	1.547495e-06	7286
951014	-6.942428e-07	1.648264e-06	1.563025e-06	3445
432507	-6.833587e-07	1.648267e-06	1.547398e-06	7286
942758	-6.944231e-07	1.648282e-06	1.562925e-06	3445
424251	-6.835367e-07	1.648285e-06	1.547300e-06	7286
934502	-6.946033e-07	1.648300e-06	1.562826e-06	3445
415995	-6.837146e-07	1.648303e-06	1.547202e-06	7286
926246	-6.947835e-07	1.648319e-06	1.562726e-06	3445
407739	-6.838926e-07	1.648321e-06	1.547104e-06	7286
917990	-6.949637e-07	1.648337e-06	1.562627e-06	3445
399483	-6.840705e-07	1.648339e-06	1.547006e-06	7286
909734	-6.951439e-07	1.648356e-06	1.562527e-06	3445
391227	-6.842485e-07	1.648357e-06	1.546908e-06	7286
901478	-6.953240e-07	1.648374e-06	1.562428e-06	3445
382971	-6.844264e-07	1.648375e-06	1.546810e-06	7286
893222	-6.955042e-07	1.648392e-06	1.562328e-06	3445
374715	-6.846043e-07	1.648393e-06	1.546712e-06	7286
884966	-6.956843e-07	1.648411e-06	1.562229e-06	3445
366459	-6.847822e-07	1.648411e-06	1.546614e-06	7286
876710	-6.958644e-07	1.648429e-06	1.562129e-06	3445
358203	-6.849601e-07	1.648429e-06	1.546516e-06	7286
349947	-6.851379e-07	1.648448e-06	1.546418e-06	7286
868454	-6.960445e-07	1.648448e-06	1.562029e-06	3445
341691	-6.853158e-07	1.648466e-06	1.546320e-06	7286
860198	-6.962246e-07	1.648466e-06	1.561930e-06	3445
333435	-6.854936e-07	1.648484e-06	1.546222e-06	7286
851942	-6.964047e-07	1.648484e-06	1.561830e-06	3445
325179	-6.856715e-07	1.648502e-06	1.546123e-06	7286
843686	-6.965847e-07	1.648503e-06	1.561730e-06	3445
316923	-6.858493e-07	1.648520e-06	1.546025e-06	7286
835430	-6.967648e-07	1.648521e-06	1.561631e-06	3445
308667	-6.860270e-07	1.648538e-06	1.545927e-06	7286
827174	-6.969448e-07	1.648540e-06	1.561531e-06	3445
300411	-6.862048e-07	1.648556e-06	1.545829e-06	7286
818918	-6.971248e-07	1.648558e-06	1.561431e-06	3445
292155	-6.863826e-07	1.648574e-06	1.545730e-06	7286
810662	-6.973048e-07	1.648576e-06	1.561331e-06	3445
283899	-6.865603e-07	1.648593e-06	1.545632e-06	7286
802406	-6.974848e-07	1.648595e-06	1.561231e-06	3445
275643	-6.867381e-07	1.648611e-06	1.545534e-06	7286
794150	-6.976647e-07	1.648613e-06	1.561131e-06	3445
267387	-6.869158e-07	1.648629e-06	1.545436e-06	7286
785894	-6.978447e-07	1.648632e-06	1.561031e-06	3445
259131	-6.870935e-07	1.648647e-06	1.545337e-06	7286
777638	-6.980247e-07	1.648650e-06	1.560932e-06	3445
250875	-6.872712e-07	1.648665e-06	1.545239e-06	7286
769382	-6.982046e-07	1.648669e-06	1.560832e-06	3445
242619	-6.874488e-07	1.648683e-06	1.545140e-06	7286
761126	-6.983845e-07	1.648687e-06	1.560732e-06	3445
234363	-6.876265e-07	1.648702e-06	1.545042e-06	7286
752870	-6.985644e-07	1.648706e-06	1.560632e-06	3445
226107	-6.878041e-07	1.648720e-06	1.544944e-06	7286
744614	-6.987443e-07	1.648724e-06	1.560532e-06	3445
217851	-6.879818e-07	1.648738e-06	1.544845e-06	7286
736358	-6.989241e-07	1.648742e-06	1.560432e-06	3445
209595	-6.881594e-07	1.648756e-06	1.544747e-06	7286
728102	-6.991040e-07	1.648761e-06	1.560331e-06	3445
201339	-6.883370e-07	1.648774e-06	1.544648e-06	7286
719846	-6.992838e-07	1.648779e-06	1.560231e-06	3445
193083	-6.885145e-07	1.648792e-06	1.544549e-06	7286
711590	-6.994636e-07	1.648798e-06	1.560131e-06	3445
184827	-6.886921e-07	1.648811e-06	1.544451e-06	7286
703334	-6.996435e-07	1.648816e-06	1.560031e-06	3445
176571	-6.888697e-07	1.648829e-06	1.544352e-06	7286
695078	-6.998233e-07	1.648835e-06	1.559931e-06	3445
168315	-6.890472e-07	1.648847e-06	1.544253e-06	7286
686822	-7.000030e-07	1.648853e-06	1.559831e-06	3445
160059	-6.892247e-07	1.648865e-06	1.544155e-06	7286
678566	-7.001828e-07	1.648872e-06	1.559730e-06	3445
151803	-6.894023e-07	1.648884e-06	1.544056e-06	7286
670310	-7.003625e-07	1.648890e-06	1.559630e-06	3445
143547	-6.895798e-07	1.648902e-06	1.543957e-06	7286
662054	-7.005422e-07	1.648909e-06	1.559530e-06	3445
135291	-6.897573e-07	1.648920e-06	1.543859e-06	7286
653798	-7.007220e-07	1.648927e-06	1.559429e-06	3445
127035	-6.899347e-07	1.648938e-06	1.543760e-06	7286
645542	-7.009016e-07	1.648946e-06	1.559329e-06	3445
118779	-6.901122e-07	1.648956e-06	1.543661e-06	7286
637286	-7.010813e-07	1.648964e-06	1.559229e-06	3445
110523	-6.902896e-07	1.648975e-06	1.543562e-06	7286
629030	-7.012610e-07	1.648983e-06	1.559128e-06	3445
102267	-6.904671e-07	1.648993e-06	1.543463e-06	7286
620774	-7.014407e-07	1.649002e-06	1.559028e-06	3445
94011	-6.906445e-07	1.649011e-06	1.543365e-06	7286
612518	-7.016203e-07	1.649020e-06	1.558927e-06	3445
85755	-6.908218e-07	1.649029e-06	1.543266e-06	7286
604262	-7.017999e-07	1.649039e-06	1.558827e-06	3445
77499	-6.909992e-07	1.649048e-06	1.543167e-06	7286
596006	-7.019796e-07	1.649057e-06	1.558726e-06	3445
69243	-6.911766e-07	1.649066e-06	1.543068e-06	7286
587750	-7.021591e-07	1.649076e-06	1.558626e-06	3445
60987	-6.913539e-07	1.649084e-06	1.542969e-06	7286
579494	-7.023388e-07	1.649094e-06	1.558525e-06	3445
52731	-6.915313e-07	1.649103e-06	1.542870e-06	7286
571238	-7.025183e-07	1.649113e-06	1.558425e-06	3445
44475	-6.917086e-07	1.649121e-06	1.542771e-06	7286
562982	-7.026978e-07	1.649131e-06	1.558324e-06	3445
36219	-6.918859e-07	1.649139e-06	1.542672e-06	7286
554726	-7.028774e-07	1.649150e-06	1.558224e-06	3445
27963	-6.920632e-07	1.649157e-06	1.542573e-06	7286
546470	-7.030569e-07	1.649169e-06	1.558123e-06	3445
19707	-6.922405e-07	1.649176e-06	1.542473e-06	7286
538214	-7.032364e-07	1.649187e-06	1.558022e-06	3445
11451	-6.924178e-07	1.649194e-06	1.542374e-06	7286
529958	-7.034159e-07	1.649206e-06	1.557922e-06	3445
3195	-6.925950e-07	1.649212e-06	1.542275e-06	7286
521702	-7.035954e-07	1.649224e-06	1.557821e-06	3445
513446	-7.037748e-07	1.649243e-06	1.557720e-06	3445
505190	-7.039543e-07	1.649262e-06	1.557619e-06	3445
496934	-7.041338e-07	1.649280e-06	1.557518e-06	3445
488678	-7.043132e-07	1.649299e-06	1.557418e-06	3445
480422	-7.044925e-07	1.649317e-06	1.557317e-06	3445
472166	-7.046719e-07	1.649336e-06	1.557216e-06	3445
463910	-7.048513e-07	1.649355e-06	1.557115e-06	3445
455654	-7.050307e-07	1.649373e-06	1.557014e-06	3445
447398	-7.052100e-07	1.649392e-06	1.556913e-06	3445
439142	-7.053893e-07	1.649410e-06	1.556812e-06	3445
430886	-7.055687e-07	1.649429e-06	1.556711e-06	3445
422630	-7.057479e-07	1.649448e-06	1.556610e-06	3445
414374	-7.059272e-07	1.649466e-06	1.556509e-06	3445
406118	-7.061065e-07	1.649485e-06	1.556408e-06	3445
397862	-7.062857e-07	1.649504e-06	1.556307e-06	3445
389606	-7.064650e-07	1.649522e-06	1.556206e-06	3445
381350	-7.066442e-07	1.649541e-06	1.556104e-06	3445
373094	-7.068234e-07	1.649560e-06	1.556003e-06	3445
364838	-7.070026e-07	1.649579e-06	1.555902e-06	3445
356582	-7.071818e-07	1.649597e-06	1.555801e-06	3445
348326	-7.073610e-07	1.649616e-06	1.555699e-06	3445
340070	-7.075401e-07	1.649635e-06	1.555598e-06	3445
331814	-7.077192e-07	1.649653e-06	1.555497e-06	3445
323558	-7.078984e-07	1.649672e-06	1.555396e-06	3445
315302	-7.080774e-07	1.649691e-06	1.555294e-06	3445
307046	-7.082566e-07	1.649709e-06	1.555193e-06	3445
298790	-7.084356e-07	1.649728e-06	1.555091e-06	3445
290534	-7.086147e-07	1.649747e-06	1.554990e-06	3445
282278	-7.087937e-07	1.649766e-06	1.554888e-06	3445
274022	-7.089727e-07	1.649784e-06	1.554787e-06	3445
265766	-7.091518e-07	1.649803e-06	1.554685e-06	3445
257510	-7.093308e-07	1.649822e-06	1.554584e-06	3445
249254	-7.095097e-07	1.649841e-06	1.554482e-06	3445
240998	-7.096887e-07	1.649859e-06	1.554381e-06	3445
232742	-7.098677e-07	1.649878e-06	1.554279e-06	3445
224486	-7.100466e-07	1.649897e-06	1.554177e-06	3445
216230	-7.102255e-07	1.649916e-06	1.554076e-06	3445
207974	-7.104044e-07	1.649934e-06	1.553974e-06	3445
199718	-7.105833e-07	1.649953e-06	1.553872e-06	3445
191462	-7.107622e-07	1.649972e-06	1.553770e-06	3445
183206	-7.109410e-07	1.649991e-06	1.553669e-06	3445
174950	-7.111199e-07	1.650010e-06	1.553567e-06	3445
166694	-7.112988e-07	1.650028e-06	1.553465e-06	3445
158438	-7.114775e-07	1.650047e-06	1.553363e-06	3445
150182	-7.116564e-07	1.650066e-06	1.553261e-06	3445
141926	-7.118351e-07	1.650085e-06	1.553159e-06	3445
133670	-7.120139e-07	1.650104e-06	1.553057e-06	3445
125414	-7.121927e-07	1.650122e-06	1.552955e-06	3445
117158	-7.123714e-07	1.650141e-06	1.552853e-06	3445
108902	-7.125501e-07	1.650160e-06	1.552751e-06	3445
100646	-7.127288e-07	1.650179e-06	1.552649e-06	3445
92390	-7.129075e-07	1.650198e-06	1.552547e-06	3445
84134	-7.130862e-07	1.650217e-06	1.552445e-06	3445
75878	-7.132649e-07	1.650236e-06	1.552343e-06	3445
67622	-7.134435e-07	1.650254e-06	1.552241e-06	3445
59366	-7.136222e-07	1.650273e-06	1.552139e-06	3445
51110	-7.138008e-07	1.650292e-06	1.552037e-06	3445
42854	-7.139794e-07	1.650311e-06	1.551934e-06	3445
34598	-7.141580e-07	1.650330e-06	1.551832e-06	3445
26342	-7.143365e-07	1.650349e-06	1.551730e-06	3445
18086	-7.145151e-07	1.650368e-06	1.551628e-06	3445
9830	-7.146937e-07	1.650386e-06	1.551525e-06	3445
1574	-7.148722e-07	1.650405e-06	1.551423e-06	3445
1149274	-7.860243e-07	1.650599e-06	1.603066e-06	3702
1141018	-7.862101e-07	1.650619e-06	1.602954e-06	3702
1132762	-7.863961e-07	1.650640e-06	1.602841e-06	3702
1124506	-7.865819e-07	1.650661e-06	1.602729e-06	3702
1116250	-7.867678e-07	1.650682e-06	1.602616e-06	3702
1107994	-7.869536e-07	1.650702e-06	1.602503e-06	3702
1099738	-7.871395e-07	1.650723e-06	1.602391e-06	3702
1091482	-7.873253e-07	1.650744e-06	1.602278e-06	3702
1083226	-7.875111e-07	1.650765e-06	1.602165e-06	3702
1074970	-7.876969e-07	1.650786e-06	1.602052e-06	3702
1066714	-7.878826e-07	1.650807e-06	1.601939e-06	3702
1058458	-7.880683e-07	1.650827e-06	1.601827e-06	3702
1050202	-7.882541e-07	1.650848e-06	1.601714e-06	3702
1041946	-7.884398e-07	1.650869e-06	1.601601e-06	3702
1033690	-7.886255e-07	1.650890e-06	1.601488e-06	3702
1025434	-7.888112e-07	1.650911e-06	1.601375e-06	3702
1017178	-7.889968e-07	1.650932e-06	1.601262e-06	3702
1008922	-7.891825e-07	1.650953e-06	1.601149e-06	3702
1000666	-7.893681e-07	1.650973e-06	1.601036e-06	3702
992410	-7.895537e-07	1.650994e-06	1.600923e-06	3702
984154	-7.897393e-07	1.651015e-06	1.600810e-06	3702
975898	-7.899249e-07	1.651036e-06	1.600697e-06	3702
967642	-7.901104e-07	1.651057e-06	1.600583e-06	3702
959386	-7.902960e-07	1.651078e-06	1.600470e-06	3702
951130	-7.904815e-07	1.651099e-06	1.600357e-06	3702
942874	-7.906671e-07	1.651120e-06	1.600244e-06	3702
934618	-7.908525e-07	1.651141e-06	1.600131e-06	3702
926362	-7.910380e-07	1.651161e-06	1.600017e-06	3702
918106	-7.912235e-07	1.651182e-06	1.599904e-06	3702
909850	-7.914089e-07	1.651203e-06	1.599791e-06	3702
901594	-7.915943e-07	1.651224e-06	1.599677e-06	3702
893338	-7.917798e-07	1.651245e-06	1.599564e-06	3702
885082	-7.919651e-07	1.651266e-06	1.599451e-06	3702
876826	-7.921505e-07	1.651287e-06	1.599337e-06	3702
868570	-7.923359e-07	1.651308e-06	1.599224e-06	3702
860314	-7.925212e-07	1.651329e-06	1.599110e-06	3702
852058	-7.927065e-07	1.651350e-06	1.598997e-06	3702
843802	-7.928919e-07	1.651371e-06	1.598883e-06	3702
835546	-7.930772e-07	1.651392e-06	1.598770e-06	3702
827290	-7.932624e-07	1.651413e-06	1.598656e-06	3702
819034	-7.934477e-07	1.651434e-06	1.598542e-06	3702
810778	-7.936329e-07	1.651455e-06	1.598429e-06	3702
802522	-7.938182e-07	1.651476e-06	1.598315e-06	3702
794266	-7.940034e-07	1.651497e-06	1.598201e-06	3702
786010	-7.941886e-07	1.651518e-06	1.598088e-06	3702
777754	-7.943738e-07	1.651539e-06	1.597974e-06	3702
769498	-7.945589e-07	1.651560e-06	1.597860e-06	3702
761242	-7.947440e-07	1.651581e-06	1.597746e-06	3702
752986	-7.949292e-07	1.651602e-06	1.597633e-06	3702
744730	-7.951143e-07	1.651623e-06	1.597519e-06	3702
736474	-7.952993e-07	1.651644e-06	1.597405e-06	3702
728218	-7.954844e-07	1.651665e-06	1.597291e-06	3702
719962	-7.956695e-07	1.651686e-06	1.597177e-06	3702
711706	-7.958545e-07	1.651707e-06	1.597063e-06	3702
703450	-7.960396e-07	1.651728e-06	1.596949e-06	3702
695194	-7.962245e-07	1.651749e-06	1.596835e-06	3702
686938	-7.964096e-07	1.651770e-06	1.596721e-06	3702
678682	-7.965945e-07	1.651791e-06	1.596607e-06	3702
670426	-7.967795e-07	1.651812e-06	1.596493e-06	3702
662170	-7.969644e-07	1.651833e-06	1.596379e-06	3702
653914	-7.971493e-07	1.651855e-06	1.596265e-06	3702
645658	-7.973342e-07	1.651876e-06	1.596150e-06	3702
637402	-7.975191e-07	1.651897e-06	1.596036e-06	3702
629146	-7.977040e-07	1.651918e-06	1.595922e-06	3702
620890	-7.978888e-07	1.651939e-06	1.595808e-06	3702
612634	-7.980736e-07	1.651960e-06	1.595693e-06	3702
604378	-7.982585e-07	1.651981e-06	1.595579e-06	3702
596122	-7.984433e-07	1.652002e-06	1.595465e-06	3702
587866	-7.986281e-07	1.652023e-06	1.595350e-06	3702
579610	-7.988128e-07	1.652044e-06	1.595236e-06	3702
571354	-7.989976e-07	1.652066e-06	1.595122e-06	3702
563098	-7.991823e-07	1.652087e-06	1.595007e-06	3702
554842	-7.993671e-07	1.652108e-06	1.594893e-06	3702
546586	-7.995517e-07	1.652129e-06	1.594778e-06	3702
538330	-7.997364e-07	1.652150e-06	1.594664e-06	3702
530074	-7.999211e-07	1.652171e-06	1.594549e-06	3702
521818	-8.001057e-07	1.652193e-06	1.594435e-06	3702
513562	-8.002904e-07	1.652214e-06	1.594320e-06	3702
505306	-8.004750e-07	1.652235e-06	1.594205e-06	3702
497050	-8.006596e-07	1.652256e-06	1.594091e-06	3702
488794	-8.008442e-07	1.652277e-06	1.593976e-06	3702
480538	-8.010288e-07	1.652298e-06	1.593861e-06	3702
472282	-8.012133e-07	1.652320e-06	1.593747e-06	3702
464026	-8.013978e-07	1.652341e-06	1.593632e-06	3702
455770	-8.015824e-07	1.652362e-06	1.593517e-06	3702
447514	-8.017668e-07	1.652383e-06	1.593402e-06	3702
439258	-8.019513e-07	1.652404e-06	1.593287e-06	3702
431002	-8.021358e-07	1.652426e-06	1.593173e-06	3702
422746	-8.023202e-07	1.652447e-06	1.593058e-06	3702
414490	-8.025046e-07	1.652468e-06	1.592943e-06	3702
406234	-8.026890e-07	1.652489e-06	1.592828e-06	3702
397978	-8.028734e-07	1.652510e-06	1.592713e-06	3702
389722	-8.030578e-07	1.652532e-06	1.592598e-06	3702
381466	-8.032422e-07	1.652553e-06	1.592483e-06	3702
373210	-8.034265e-07	1.652574e-06	1.592368e-06	3702
364954	-8.036109e-07	1.652596e-06	1.592253e-06	3702
356698	-8.037952e-07	1.652617e-06	1.592138e-06	3702
348442	-8.039794e-07	1.652638e-06	1.592022e-06	3702
340186	-8.041637e-07	1.652659e-06	1.591907e-06	3702
331930	-8.043480e-07	1.652681e-06	1.591792e-06	3702
323674	-8.045322e-07	1.652702e-06	1.591677e-06	3702
315418	-8.047165e-07	1.652723e-06	1.591562e-06	3702
307162	-8.049007e-07	1.652744e-06	1.591447e-06	3702
298906	-8.050848e-07	1.652766e-06	1.591331e-06	3702
290650	-8.052690e-07	1.652787e-06	1.591216e-06	3702
282394	-8.054532e-07	1.652808e-06	1.591101e-06	3702
274138	-8.056373e-07	1.652830e-06	1.590985e-06	3702
265882	-8.058215e-07	1.652851e-06	1.590870e-06	3702
257626	-8.060055e-07	1.652872e-06	1.590754e-06	3702
249370	-8.061896e-07	1.652894e-06	1.590639e-06	3702
241114	-8.063737e-07	1.652915e-06	1.590524e-06	3702
232858	-8.065578e-07	1.652936e-06	1.590408e-06	3702
224602	-8.067418e-07	1.652958e-06	1.590293e-06	3702
216346	-8.069258e-07	1.652979e-06	1.590177e-06	3702
208090	-8.071098e-07	1.653000e-06	1.590061e-06	3702
199834	-8.072938e-07	1.653022e-06	1.589946e-06	3702
191578	-8.074778e-07	1.653043e-06	1.589830e-06	3702
183322	-8.076617e-07	1.653064e-06	1.589714e-06	3702
175066	-8.078457e-07	1.653086e-06	1.589599e-06	3702
166810	-8.080295e-07	1.653107e-06	1.589483e-06	3702
158554	-8.082134e-07	1.653128e-06	1.589367e-06	3702
150298	-8.083973e-07	1.653150e-06	1.589252e-06	3702
142042	-8.085812e-07	1.653171e-06	1.589136e-06	3702
133786	-8.087650e-07	1.653193e-06	1.589020e-06	3702
125530	-8.089489e-07	1.653214e-06	1.588904e-06	3702
117274	-8.091327e-07	1.653235e-06	1.588788e-06	3702
109018	-8.093165e-07	1.653257e-06	1.588672e-06	3702
100762	-8.095002e-07	1.653278e-06	1.588557e-06	3702
1150879	-6.905798e-07	1.653296e-06	1.569438e-06	7542
92506	-8.096840e-07	1.653300e-06	1.588441e-06	3702
1142623	-6.907608e-07	1.653314e-06	1.569339e-06	7542
84250	-8.098677e-07	1.653321e-06	1.588325e-06	3702
1134367	-6.909418e-07	1.653332e-06	1.569241e-06	7542
75994	-8.100515e-07	1.653342e-06	1.588209e-06	3702
1126111	-6.911228e-07	1.653350e-06	1.569142e-06	7542
67738	-8.102352e-07	1.653364e-06	1.588093e-06	3702
1117855	-6.913037e-07	1.653369e-06	1.569043e-06	7542
59482	-8.104189e-07	1.653385e-06	1.587976e-06	3702
1109599	-6.914847e-07	1.653387e-06	1.568944e-06	7542
1101343	-6.916657e-07	1.653405e-06	1.568845e-06	7542
51226	-8.106026e-07	1.653407e-06	1.587860e-06	3702
1093087	-6.918466e-07	1.653424e-06	1.568746e-06	7542
42970	-8.107862e-07	1.653428e-06	1.587744e-06	3702
1084831	-6.920275e-07	1.653442e-06	1.568647e-06	7542
34714	-8.109699e-07	1.653450e-06	1.587628e-06	3702
1076575	-6.922084e-07	1.653460e-06	1.568547e-06	7542
26458	-8.111535e-07	1.653471e-06	1.587512e-06	3702
1068319	-6.923893e-07	1.653478e-06	1.568448e-06	7542
18202	-8.113371e-07	1.653493e-06	1.587396e-06	3702
1060063	-6.925702e-07	1.653497e-06	1.568349e-06	7542
9946	-8.115207e-07	1.653514e-06	1.587280e-06	3702
1051807	-6.927510e-07	1.653515e-06	1.568250e-06	7542
1043551	-6.929318e-07	1.653533e-06	1.568151e-06	7542
1690	-8.117042e-07	1.653535e-06	1.587163e-06	3702
1035295	-6.931127e-07	1.653552e-06	1.568052e-06	7542
1027039	-6.932935e-07	1.653570e-06	1.567952e-06	7542
1018783	-6.934743e-07	1.653588e-06	1.567853e-06	7542
1010527	-6.936551e-07	1.653607e-06	1.567754e-06	7542
1002271	-6.938359e-07	1.653625e-06	1.567654e-06	7542
994015	-6.940166e-07	1.653643e-06	1.567555e-06	7542
985759	-6.941974e-07	1.653662e-06	1.567456e-06	7542
977503	-6.943781e-07	1.653680e-06	1.567356e-06	7542
969247	-6.945588e-07	1.653698e-06	1.567257e-06	7542
960991	-6.947395e-07	1.653717e-06	1.567157e-06	7542
952735	-6.949202e-07	1.653735e-06	1.567058e-06	7542
944479	-6.951008e-07	1.653753e-06	1.566958e-06	7542
936223	-6.952815e-07	1.653772e-06	1.566859e-06	7542
927967	-6.954621e-07	1.653790e-06	1.566759e-06	7542
919711	-6.956428e-07	1.653808e-06	1.566660e-06	7542
911455	-6.958234e-07	1.653827e-06	1.566560e-06	7542
903199	-6.960040e-07	1.653845e-06	1.566460e-06	7542
894943	-6.961845e-07	1.653864e-06	1.566361e-06	7542
886687	-6.963651e-07	1.653882e-06	1.566261e-06	7542
878431	-6.965457e-07	1.653900e-06	1.566161e-06	7542
870175	-6.967262e-07	1.653919e-06	1.566062e-06	7542
861919	-6.969067e-07	1.653937e-06	1.565962e-06	7542
853663	-6.970872e-07	1.653956e-06	1.565862e-06	7542
845407	-6.972677e-07	1.653974e-06	1.565762e-06	7542
837151	-6.974482e-07	1.653993e-06	1.565662e-06	7542
828895	-6.976286e-07	1.654011e-06	1.565562e-06	7542
820639	-6.978091e-07	1.654029e-06	1.565463e-06	7542
812383	-6.979895e-07	1.654048e-06	1.565363e-06	7542
804127	-6.981699e-07	1.654066e-06	1.565263e-06	7542
795871	-6.983503e-07	1.654085e-06	1.565163e-06	7542
787615	-6.985307e-07	1.654103e-06	1.565063e-06	7542
779359	-6.987111e-07	1.654122e-06	1.564963e-06	7542
771103	-6.988914e-07	1.654140e-06	1.564862e-06	7542
762847	-6.990718e-07	1.654159e-06	1.564762e-06	7542
754591	-6.992521e-07	1.654177e-06	1.564662e-06	7542
746335	-6.994324e-07	1.654196e-06	1.564562e-06	7542
738079	-6.996127e-07	1.654214e-06	1.564462e-06	7542
729823	-6.997930e-07	1.654233e-06	1.564362e-06	7542
721567	-6.999733e-07	1.654251e-06	1.564262e-06	7542
713311	-7.001535e-07	1.654270e-06	1.564161e-06	7542
705055	-7.003338e-07	1.654288e-06	1.564061e-06	7542
696799	-7.005140e-07	1.654307e-06	1.563961e-06	7542
688543	-7.006942e-07	1.654325e-06	1.563861e-06	7542
680287	-7.008744e-07	1.654344e-06	1.563760e-06	7542
672031	-7.010545e-07	1.654362e-06	1.563660e-06	7542
663775	-7.012347e-07	1.654381e-06	1.563559e-06	7542
655519	-7.014149e-07	1.654399e-06	1.563459e-06	7542
647263	-7.015950e-07	1.654418e-06	1.563359e-06	7542
639007	-7.017751e-07	1.654436e-06	1.563258e-06	7542
630751	-7.019552e-07	1.654455e-06	1.563158e-06	7542
622495	-7.021353e-07	1.654473e-06	1.563057e-06	7542
1151173	-5.704265e-07	1.654490e-06	1.525735e-06	8310
614239	-7.023154e-07	1.654492e-06	1.562957e-06	7542
1142917	-5.706012e-07	1.654505e-06	1.525653e-06	8310
605983	-7.024954e-07	1.654511e-06	1.562856e-06	7542
1134661	-5.707759e-07	1.654520e-06	1.525572e-06	8310
597727	-7.026755e-07	1.654529e-06	1.562755e-06	7542
1126405	-5.709506e-07	1.654535e-06	1.525490e-06	8310
589471	-7.028555e-07	1.654548e-06	1.562655e-06	7542
1118149	-5.711253e-07	1.654550e-06	1.525408e-06	8310
1109893	-5.713000e-07	1.654565e-06	1.525326e-06	8310
581215	-7.030355e-07	1.654566e-06	1.562554e-06	7542
1101637	-5.714746e-07	1.654580e-06	1.525245e-06	8310
572959	-7.032155e-07	1.654585e-06	1.562453e-06	7542
1093381	-5.716493e-07	1.654595e-06	1.525163e-06	8310
564703	-7.033955e-07	1.654603e-06	1.562353e-06	7542
1085125	-5.718239e-07	1.654610e-06	1.525081e-06	8310
556447	-7.035755e-07	1.654622e-06	1.562252e-06	7542
1076869	-5.719986e-07	1.654625e-06	1.524999e-06	8310
1068613	-5.721732e-07	1.654641e-06	1.524917e-06	8310
548191	-7.037554e-07	1.654641e-06	1.562151e-06	7542
1060357	-5.723478e-07	1.654656e-06	1.524835e-06	8310
539935	-7.039354e-07	1.654659e-06	1.562050e-06	7542
1052101	-5.725224e-07	1.654671e-06	1.524753e-06	8310
531679	-7.041153e-07	1.654678e-06	1.561950e-06	7542
1043845	-5.726969e-07	1.654686e-06	1.524671e-06	8310
523423	-7.042952e-07	1.654696e-06	1.561849e-06	7542
1035589	-5.728715e-07	1.654701e-06	1.524589e-06	8310
515167	-7.044751e-07	1.654715e-06	1.561748e-06	7542
1027333	-5.730461e-07	1.654716e-06	1.524507e-06	8310
1019077	-5.732206e-07	1.654731e-06	1.524425e-06	8310
506911	-7.046550e-07	1.654734e-06	1.561647e-06	7542
1010821	-5.733951e-07	1.654746e-06	1.524343e-06	8310
498655	-7.048349e-07	1.654752e-06	1.561546e-06	7542
1002565	-5.735697e-07	1.654761e-06	1.524261e-06	8310
490399	-7.050147e-07	1.654771e-06	1.561445e-06	7542
994309	-5.737442e-07	1.654777e-06	1.524179e-06	8310
482143	-7.051945e-07	1.654790e-06	1.561344e-06	7542
986053	-5.739187e-07	1.654792e-06	1.524097e-06	8310
977797	-5.740931e-07	1.654807e-06	1.524015e-06	8310
473887	-7.053744e-07	1.654808e-06	1.561243e-06	7542
969541	-5.742676e-07	1.654822e-06	1.523933e-06	8310
465631	-7.055542e-07	1.654827e-06	1.561142e-06	7542
961285	-5.744420e-07	1.654837e-06	1.523850e-06	8310
457375	-7.057340e-07	1.654846e-06	1.561041e-06	7542
953029	-5.746165e-07	1.654852e-06	1.523768e-06	8310
449119	-7.059137e-07	1.654864e-06	1.560940e-06	7542
944773	-5.747909e-07	1.654868e-06	1.523686e-06	8310
936517	-5.749653e-07	1.654883e-06	1.523604e-06	8310
440863	-7.060935e-07	1.654883e-06	1.560839e-06	7542
928261	-5.751398e-07	1.654898e-06	1.523521e-06	8310
432607	-7.062732e-07	1.654901e-06	1.560738e-06	7542
920005	-5.753142e-07	1.654913e-06	1.523439e-06	8310
424351	-7.064530e-07	1.654920e-06	1.560637e-06	7542
911749	-5.754885e-07	1.654928e-06	1.523357e-06	8310
416095	-7.066326e-07	1.654939e-06	1.560536e-06	7542
903493	-5.756629e-07	1.654944e-06	1.523274e-06	8310
407839	-7.068124e-07	1.654957e-06	1.560434e-06	7542
895237	-5.758372e-07	1.654959e-06	1.523192e-06	8310
886981	-5.760116e-07	1.654974e-06	1.523109e-06	8310
399583	-7.069921e-07	1.654976e-06	1.560333e-06	7542
878725	-5.761859e-07	1.654989e-06	1.523027e-06	8310
391327	-7.071717e-07	1.654995e-06	1.560232e-06	7542
870469	-5.763603e-07	1.655004e-06	1.522944e-06	8310
383071	-7.073514e-07	1.655014e-06	1.560131e-06	7542
862213	-5.765345e-07	1.655019e-06	1.522862e-06	8310
374815	-7.075310e-07	1.655032e-06	1.560029e-06	7542
853957	-5.767089e-07	1.655035e-06	1.522779e-06	8310
845701	-5.768832e-07	1.655050e-06	1.522697e-06	8310
366559	-7.077106e-07	1.655051e-06	1.559928e-06	7542
837445	-5.770574e-07	1.655065e-06	1.522614e-06	8310
358303	-7.078903e-07	1.655070e-06	1.559827e-06	7542
829189	-5.772317e-07	1.655080e-06	1.522532e-06	8310
350047	-7.080698e-07	1.655088e-06	1.559725e-06	7542
820933	-5.774060e-07	1.655096e-06	1.522449e-06	8310
341791	-7.082494e-07	1.655107e-06	1.559624e-06	7542
812677	-5.775802e-07	1.655111e-06	1.522366e-06	8310
333535	-7.084290e-07	1.655126e-06	1.559523e-06	7542
804421	-5.777544e-07	1.655126e-06	1.522284e-06	8310
796165	-5.779286e-07	1.655141e-06	1.522201e-06	8310
325279	-7.086085e-07	1.655145e-06	1.559421e-06	7542
787909	-5.781028e-07	1.655157e-06	1.522118e-06	8310
317023	-7.087880e-07	1.655163e-06	1.559320e-06	7542
779653	-5.782770e-07	1.655172e-06	1.522035e-06	8310
308767	-7.089676e-07	1.655182e-06	1.559218e-06	7542
771397	-5.784511e-07	1.655187e-06	1.521953e-06	8310
300511	-7.091471e-07	1.655201e-06	1.559117e-06	7542
763141	-5.786253e-07	1.655202e-06	1.521870e-06	8310
754885	-5.787995e-07	1.655218e-06	1.521787e-06	8310
292255	-7.093266e-07	1.655220e-06	1.559015e-06	7542
746629	-5.789736e-07	1.655233e-06	1.521704e-06	8310
283999	-7.095060e-07	1.655238e-06	1.558913e-06	7542
738373	-5.791478e-07	1.655248e-06	1.521621e-06	8310
275743	-7.096855e-07	1.655257e-06	1.558812e-06	7542
730117	-5.793219e-07	1.655264e-06	1.521538e-06	8310
267487	-7.098649e-07	1.655276e-06	1.558710e-06	7542
721861	-5.794959e-07	1.655279e-06	1.521455e-06	8310
713605	-5.796700e-07	1.655294e-06	1.521372e-06	8310
259231	-7.100444e-07	1.655295e-06	1.558609e-06	7542
705349	-5.798441e-07	1.655309e-06	1.521290e-06	8310
1148689	-9.409685e-07	1.655310e-06	1.662029e-06	2422
250975	-7.102238e-07	1.655313e-06	1.558507e-06	7542
697093	-5.800182e-07	1.655325e-06	1.521206e-06	8310
242719	-7.104032e-07	1.655332e-06	1.558405e-06	7542
1140433	-9.411627e-07	1.655335e-06	1.661894e-06	2422
688837	-5.801922e-07	1.655340e-06	1.521123e-06	8310
234463	-7.105826e-07	1.655351e-06	1.558303e-06	7542
680581	-5.803662e-07	1.655355e-06	1.521040e-06	8310
1132177	-9.413570e-07	1.655360e-06	1.661759e-06	2422
226207	-7.107619e-07	1.655370e-06	1.558202e-06	7542
672325	-5.805403e-07	1.655371e-06	1.520957e-06	8310
1123921	-9.415511e-07	1.655385e-06	1.661624e-06	2422
664069	-5.807143e-07	1.655386e-06	1.520874e-06	8310
217951	-7.109413e-07	1.655388e-06	1.558100e-06	7542
655813	-5.808883e-07	1.655401e-06	1.520791e-06	8310
209695	-7.111207e-07	1.655407e-06	1.557998e-06	7542
1115665	-9.417453e-07	1.655410e-06	1.661489e-06	2422
647557	-5.810623e-07	1.655417e-06	1.520708e-06	8310
201439	-7.112999e-07	1.655426e-06	1.557896e-06	7542
639301	-5.812363e-07	1.655432e-06	1.520625e-06	8310
1107409	-9.419395e-07	1.655435e-06	1.661354e-06	2422
193183	-7.114793e-07	1.655445e-06	1.557794e-06	7542
631045	-5.814102e-07	1.655447e-06	1.520541e-06	8310
1099153	-9.421336e-07	1.655460e-06	1.661219e-06	2422
622789	-5.815842e-07	1.655463e-06	1.520458e-06	8310
184927	-7.116586e-07	1.655464e-06	1.557692e-06	7542
614533	-5.817581e-07	1.655478e-06	1.520375e-06	8310
176671	-7.118379e-07	1.655482e-06	1.557591e-06	7542
1090897	-9.423277e-07	1.655485e-06	1.661085e-06	2422
606277	-5.819321e-07	1.655493e-06	1.520292e-06	8310
168415	-7.120171e-07	1.655501e-06	1.557489e-06	7542
598021	-5.821060e-07	1.655509e-06	1.520208e-06	8310
1082641	-9.425219e-07	1.655510e-06	1.660950e-06	2422
160159	-7.121964e-07	1.655520e-06	1.557387e-06	7542
589765	-5.822799e-07	1.655524e-06	1.520125e-06	8310
1074385	-9.427159e-07	1.655535e-06	1.660815e-06	2422
151903	-7.123756e-07	1.655539e-06	1.557285e-06	7542
581509	-5.824538e-07	1.655540e-06	1.520042e-06	8310
573253	-5.826276e-07	1.655555e-06	1.519958e-06	8310
143647	-7.125548e-07	1.655558e-06	1.557183e-06	7542
1066129	-9.429100e-07	1.655560e-06	1.660679e-06	2422
564997	-5.828015e-07	1.655570e-06	1.519875e-06	8310
135391	-7.127340e-07	1.655577e-06	1.557081e-06	7542
1057873	-9.431041e-07	1.655585e-06	1.660544e-06	2422
556741	-5.829754e-07	1.655586e-06	1.519791e-06	8310
127135	-7.129132e-07	1.655595e-06	1.556979e-06	7542
548485	-5.831492e-07	1.655601e-06	1.519708e-06	8310
1049617	-9.432981e-07	1.655610e-06	1.660409e-06	2422
118879	-7.130923e-07	1.655614e-06	1.556876e-06	7542
540229	-5.833230e-07	1.655616e-06	1.519624e-06	8310
531973	-5.834968e-07	1.655632e-06	1.519541e-06	8310
110623	-7.132715e-07	1.655633e-06	1.556774e-06	7542
1041361	-9.434921e-07	1.655634e-06	1.660274e-06	2422
523717	-5.836707e-07	1.655647e-06	1.519457e-06	8310
102367	-7.134507e-07	1.655652e-06	1.556672e-06	7542
1033105	-9.436861e-07	1.655660e-06	1.660139e-06	2422
515461	-5.838444e-07	1.655663e-06	1.519374e-06	8310
94111	-7.136298e-07	1.655671e-06	1.556570e-06	7542
507205	-5.840182e-07	1.655678e-06	1.519290e-06	8310
1024849	-9.438800e-07	1.655685e-06	1.660004e-06	2422
85855	-7.138089e-07	1.655690e-06	1.556468e-06	7542
498949	-5.841920e-07	1.655693e-06	1.519207e-06	8310
77599	-7.139880e-07	1.655709e-06	1.556366e-06	7542
490693	-5.843658e-07	1.655709e-06	1.519123e-06	8310
1016593	-9.440740e-07	1.655710e-06	1.659869e-06	2422
482437	-5.845395e-07	1.655724e-06	1.519039e-06	8310
69343	-7.141671e-07	1.655727e-06	1.556263e-06	7542
1008337	-9.442679e-07	1.655734e-06	1.659733e-06	2422
474181	-5.847132e-07	1.655740e-06	1.518956e-06	8310
61087	-7.143461e-07	1.655746e-06	1.556161e-06	7542
465925	-5.848869e-07	1.655755e-06	1.518872e-06	8310
1000081	-9.444618e-07	1.655759e-06	1.659598e-06	2422
52831	-7.145252e-07	1.655765e-06	1.556059e-06	7542
457669	-5.850607e-07	1.655771e-06	1.518788e-06	8310
44575	-7.147042e-07	1.655784e-06	1.555956e-06	7542
991825	-9.446557e-07	1.655784e-06	1.659463e-06	2422
449413	-5.852343e-07	1.655786e-06	1.518704e-06	8310
441157	-5.854080e-07	1.655802e-06	1.518621e-06	8310
36319	-7.148832e-07	1.655803e-06	1.555854e-06	7542
983569	-9.448495e-07	1.655809e-06	1.659327e-06	2422
432901	-5.855817e-07	1.655817e-06	1.518537e-06	8310
28063	-7.150622e-07	1.655822e-06	1.555752e-06	7542
424645	-5.857553e-07	1.655832e-06	1.518453e-06	8310
975313	-9.450433e-07	1.655834e-06	1.659192e-06	2422
19807	-7.152412e-07	1.655841e-06	1.555649e-06	7542
416389	-5.859290e-07	1.655848e-06	1.518369e-06	8310
967057	-9.452372e-07	1.655859e-06	1.659057e-06	2422
11551	-7.154202e-07	1.655860e-06	1.555547e-06	7542
408133	-5.861026e-07	1.655863e-06	1.518285e-06	8310
3295	-7.155992e-07	1.655879e-06	1.555444e-06	7542
399877	-5.862762e-07	1.655879e-06	1.518201e-06	8310
958801	-9.454309e-07	1.655884e-06	1.658921e-06	2422
391621	-5.864499e-07	1.655894e-06	1.518117e-06	8310
950545	-9.456247e-07	1.655910e-06	1.658786e-06	2422
383365	-5.866234e-07	1.655910e-06	1.518034e-06	8310
375109	-5.867970e-07	1.655925e-06	1.517949e-06	8310
942289	-9.458185e-07	1.655935e-06	1.658650e-06	2422
366853	-5.869705e-07	1.655941e-06	1.517865e-06	8310
358597	-5.871441e-07	1.655956e-06	1.517781e-06	8310
934033	-9.460122e-07	1.655960e-06	1.658515e-06	2422
350341	-5.873177e-07	1.655972e-06	1.517697e-06	8310
925777	-9.462059e-07	1.655985e-06	1.658379e-06	2422
342085	-5.874912e-07	1.655987e-06	1.517613e-06	8310
333829	-5.876647e-07	1.656003e-06	1.517529e-06	8310
917521	-9.463997e-07	1.656010e-06	1.658244e-06	2422
325573	-5.878382e-07	1.656018e-06	1.517445e-06	8310
317317	-5.880117e-07	1.656034e-06	1.517361e-06	8310
909265	-9.465933e-07	1.656035e-06	1.658108e-06	2422
309061	-5.881852e-07	1.656049e-06	1.517277e-06	8310
901009	-9.467870e-07	1.656060e-06	1.657973e-06	2422
300805	-5.883587e-07	1.656065e-06	1.517193e-06	8310
292549	-5.885321e-07	1.656080e-06	1.517108e-06	8310
892753	-9.469807e-07	1.656085e-06	1.657837e-06	2422
284293	-5.887056e-07	1.656096e-06	1.517024e-06	8310
884497	-9.471743e-07	1.656110e-06	1.657701e-06	2422
276037	-5.888790e-07	1.656112e-06	1.516940e-06	8310
267781	-5.890524e-07	1.656127e-06	1.516855e-06	8310
1151075	-6.171470e-07	1.656131e-06	1.545104e-06	8053
876241	-9.473679e-07	1.656135e-06	1.657566e-06	2422
259525	-5.892258e-07	1.656143e-06	1.516771e-06	8310
1142819	-6.173245e-07	1.656147e-06	1.545015e-06	8053
251269	-5.893992e-07	1.656158e-06	1.516687e-06	8310
867985	-9.475614e-07	1.656160e-06	1.657430e-06	2422
1134563	-6.175019e-07	1.656163e-06	1.544927e-06	8053
243013	-5.895726e-07	1.656174e-06	1.516602e-06	8310
1126307	-6.176793e-07	1.656179e-06	1.544839e-06	8053
859729	-9.477550e-07	1.656185e-06	1.657294e-06	2422
234757	-5.897460e-07	1.656189e-06	1.516518e-06	8310
1118051	-6.178568e-07	1.656196e-06	1.544750e-06	8053
226501	-5.899193e-07	1.656205e-06	1.516433e-06	8310
851473	-9.479485e-07	1.656210e-06	1.657159e-06	2422
1109795	-6.180342e-07	1.656212e-06	1.544662e-06	8053
218245	-5.900927e-07	1.656220e-06	1.516349e-06	8310
1101539	-6.182115e-07	1.656228e-06	1.544573e-06	8053
843217	-9.481420e-07	1.656235e-06	1.657023e-06	2422
209989	-5.902660e-07	1.656236e-06	1.516265e-06	8310
1093283	-6.183889e-07	1.656245e-06	1.544485e-06	8053
201733	-5.904393e-07	1.656252e-06	1.516180e-06	8310
834961	-9.483355e-07	1.656260e-06	1.656887e-06	2422
1085027	-6.185663e-07	1.656261e-06	1.544396e-06	8053
193477	-5.906126e-07	1.656267e-06	1.516095e-06	8310
1076771	-6.187436e-07	1.656277e-06	1.544308e-06	8053
185221	-5.907859e-07	1.656283e-06	1.516011e-06	8310
826705	-9.485290e-07	1.656286e-06	1.656751e-06	2422
1068515	-6.189210e-07	1.656294e-06	1.544219e-06	8053
176965	-5.909592e-07	1.656298e-06	1.515926e-06	8310
1060259	-6.190983e-07	1.656310e-06	1.544130e-06	8053
818449	-9.487225e-07	1.656311e-06	1.656615e-06	2422
168709	-5.911324e-07	1.656314e-06	1.515842e-06	8310
1052003	-6.192756e-07	1.656326e-06	1.544042e-06	8053
160453	-5.913057e-07	1.656330e-06	1.515757e-06	8310
810193	-9.489159e-07	1.656336e-06	1.656479e-06	2422
1043747	-6.194529e-07	1.656343e-06	1.543953e-06	8053
152197	-5.914790e-07	1.656345e-06	1.515672e-06	8310
1035491	-6.196302e-07	1.656359e-06	1.543864e-06	8053
143941	-5.916522e-07	1.656361e-06	1.515588e-06	8310
801937	-9.491093e-07	1.656361e-06	1.656343e-06	2422
1027235	-6.198075e-07	1.656376e-06	1.543776e-06	8053
135685	-5.918254e-07	1.656377e-06	1.515503e-06	8310
793681	-9.493027e-07	1.656386e-06	1.656207e-06	2422
1018979	-6.199847e-07	1.656392e-06	1.543687e-06	8053
127429	-5.919986e-07	1.656392e-06	1.515418e-06	8310
119173	-5.921718e-07	1.656408e-06	1.515334e-06	8310
1010723	-6.201620e-07	1.656408e-06	1.543598e-06	8053
785425	-9.494961e-07	1.656411e-06	1.656071e-06	2422
110917	-5.923450e-07	1.656423e-06	1.515249e-06	8310
1002467	-6.203392e-07	1.656425e-06	1.543509e-06	8053
1150678	-7.455295e-07	1.656427e-06	1.592690e-06	7030
777169	-9.496895e-07	1.656436e-06	1.655935e-06	2422
102661	-5.925182e-07	1.656439e-06	1.515164e-06	8310
994211	-6.205164e-07	1.656441e-06	1.543420e-06	8053
1142422	-7.457137e-07	1.656446e-06	1.592583e-06	7030
94405	-5.926913e-07	1.656455e-06	1.515079e-06	8310
985955	-6.206936e-07	1.656457e-06	1.543332e-06	8053
768913	-9.498828e-07	1.656461e-06	1.655799e-06	2422
1134166	-7.458980e-07	1.656466e-06	1.592476e-06	7030
86149	-5.928645e-07	1.656470e-06	1.514994e-06	8310
977699	-6.208708e-07	1.656474e-06	1.543243e-06	8053
1125910	-7.460823e-07	1.656486e-06	1.592369e-06	7030
77893	-5.930376e-07	1.656486e-06	1.514910e-06	8310
760657	-9.500761e-07	1.656487e-06	1.655663e-06	2422
969443	-6.210480e-07	1.656490e-06	1.543154e-06	8053
69637	-5.932107e-07	1.656502e-06	1.514825e-06	8310
1117654	-7.462665e-07	1.656505e-06	1.592262e-06	7030
961187	-6.212252e-07	1.656507e-06	1.543065e-06	8053
752401	-9.502694e-07	1.656512e-06	1.655527e-06	2422
61381	-5.933838e-07	1.656517e-06	1.514740e-06	8310
952931	-6.214023e-07	1.656523e-06	1.542976e-06	8053
1109398	-7.464507e-07	1.656525e-06	1.592156e-06	7030
53125	-5.935569e-07	1.656533e-06	1.514655e-06	8310
744145	-9.504627e-07	1.656537e-06	1.655391e-06	2422
944675	-6.215794e-07	1.656539e-06	1.542887e-06	8053
1101142	-7.466349e-07	1.656545e-06	1.592049e-06	7030
44869	-5.937300e-07	1.656549e-06	1.514570e-06	8310
936419	-6.217566e-07	1.656556e-06	1.542798e-06	8053
735889	-9.506559e-07	1.656562e-06	1.655255e-06	2422
36613	-5.939031e-07	1.656564e-06	1.514485e-06	8310
1092886	-7.468191e-07	1.656565e-06	1.591942e-06	7030
928163	-6.219337e-07	1.656572e-06	1.542709e-06	8053
28357	-5.940761e-07	1.656580e-06	1.514400e-06	8310
1084630	-7.470032e-07	1.656584e-06	1.591835e-06	7030
727633	-9.508492e-07	1.656587e-06	1.655119e-06	2422
919907	-6.221108e-07	1.656589e-06	1.542620e-06	8053
20101	-5.942491e-07	1.656596e-06	1.514315e-06	8310
1076374	-7.471874e-07	1.656604e-06	1.591728e-06	7030
911651	-6.222879e-07	1.656605e-06	1.542531e-06	8053
11845	-5.944221e-07	1.656611e-06	1.514230e-06	8310
719377	-9.510424e-07	1.656612e-06	1.654982e-06	2422
903395	-6.224649e-07	1.656622e-06	1.542442e-06	8053
1068118	-7.473715e-07	1.656624e-06	1.591621e-06	7030
3589	-5.945952e-07	1.656627e-06	1.514145e-06	8310
711121	-9.512356e-07	1.656638e-06	1.654846e-06	2422
895139	-6.226420e-07	1.656638e-06	1.542353e-06	8053
1059862	-7.475556e-07	1.656644e-06	1.591514e-06	7030
886883	-6.228191e-07	1.656654e-06	1.542263e-06	8053
702865	-9.514288e-07	1.656663e-06	1.654710e-06	2422
1051606	-7.477397e-07	1.656663e-06	1.591407e-06	7030
878627	-6.229961e-07	1.656671e-06	1.542174e-06	8053
1043350	-7.479238e-07	1.656683e-06	1.591300e-06	7030
870371	-6.231732e-07	1.656687e-06	1.542085e-06	8053
694609	-9.516219e-07	1.656688e-06	1.654574e-06	2422
1035094	-7.481078e-07	1.656703e-06	1.591192e-06	7030
862115	-6.233502e-07	1.656704e-06	1.541996e-06	8053
686353	-9.518151e-07	1.656713e-06	1.654437e-06	2422
853859	-6.235271e-07	1.656720e-06	1.541907e-06	8053
1026838	-7.482919e-07	1.656723e-06	1.591085e-06	7030
845603	-6.237041e-07	1.656737e-06	1.541817e-06	8053
678097	-9.520082e-07	1.656738e-06	1.654301e-06	2422
1018582	-7.484759e-07	1.656743e-06	1.590978e-06	7030
837347	-6.238811e-07	1.656753e-06	1.541728e-06	8053
1010326	-7.486599e-07	1.656762e-06	1.590871e-06	7030
669841	-9.522013e-07	1.656764e-06	1.654165e-06	2422
829091	-6.240580e-07	1.656770e-06	1.541639e-06	8053
1002070	-7.488439e-07	1.656782e-06	1.590764e-06	7030
820835	-6.242350e-07	1.656786e-06	1.541549e-06	8053
661585	-9.523943e-07	1.656789e-06	1.654028e-06	2422
993814	-7.490279e-07	1.656802e-06	1.590656e-06	7030
812579	-6.244119e-07	1.656803e-06	1.541460e-06	8053
653329	-9.525874e-07	1.656814e-06	1.653892e-06	2422
804323	-6.245888e-07	1.656819e-06	1.541371e-06	8053
985558	-7.492119e-07	1.656822e-06	1.590549e-06	7030
796067	-6.247657e-07	1.656836e-06	1.541281e-06	8053
645073	-9.527805e-07	1.656839e-06	1.653755e-06	2422
977302	-7.493958e-07	1.656842e-06	1.590442e-06	7030
787811	-6.249426e-07	1.656852e-06	1.541192e-06	8053
969046	-7.495798e-07	1.656861e-06	1.590335e-06	7030
636817	-9.529734e-07	1.656864e-06	1.653619e-06	2422
779555	-6.251195e-07	1.656869e-06	1.541102e-06	8053
960790	-7.497637e-07	1.656881e-06	1.590227e-06	7030
771299	-6.252964e-07	1.656885e-06	1.541013e-06	8053
628561	-9.531664e-07	1.656890e-06	1.653482e-06	2422
952534	-7.499476e-07	1.656901e-06	1.590120e-06	7030
763043	-6.254732e-07	1.656902e-06	1.540923e-06	8053
620305	-9.533594e-07	1.656915e-06	1.653346e-06	2422
754787	-6.256500e-07	1.656918e-06	1.540834e-06	8053
944278	-7.501315e-07	1.656921e-06	1.590012e-06	7030
746531	-6.258268e-07	1.656935e-06	1.540744e-06	8053
612049	-9.535524e-07	1.656940e-06	1.653209e-06	2422
936022	-7.503153e-07	1.656941e-06	1.589905e-06	7030
738275	-6.260037e-07	1.656951e-06	1.540654e-06	8053
927766	-7.504992e-07	1.656961e-06	1.589798e-06	7030
603793	-9.537453e-07	1.656965e-06	1.653073e-06	2422
730019	-6.261805e-07	1.656968e-06	1.540565e-06	8053
919510	-7.506831e-07	1.656980e-06	1.589690e-06	7030
721763	-6.263572e-07	1.656984e-06	1.540475e-06	8053
595537	-9.539382e-07	1.656991e-06	1.652936e-06	2422
911254	-7.508669e-07	1.657000e-06	1.589583e-06	7030
713507	-6.265340e-07	1.657001e-06	1.540385e-06	8053
587281	-9.541311e-07	1.657016e-06	1.652799e-06	2422
705251	-6.267107e-07	1.657017e-06	1.540296e-06	8053
902998	-7.510507e-07	1.657020e-06	1.589475e-06	7030
696995	-6.268875e-07	1.657034e-06	1.540206e-06	8053
894742	-7.512345e-07	1.657040e-06	1.589367e-06	7030
579025	-9.543239e-07	1.657041e-06	1.652663e-06	2422
688739	-6.270643e-07	1.657050e-06	1.540116e-06	8053
886486	-7.514183e-07	1.657060e-06	1.589260e-06	7030
570769	-9.545168e-07	1.657066e-06	1.652526e-06	2422
680483	-6.272410e-07	1.657067e-06	1.540027e-06	8053
878230	-7.516020e-07	1.657080e-06	1.589152e-06	7030
672227	-6.274176e-07	1.657084e-06	1.539937e-06	8053
562513	-9.547097e-07	1.657092e-06	1.652389e-06	2422
869974	-7.517858e-07	1.657100e-06	1.589045e-06	7030
663971	-6.275944e-07	1.657100e-06	1.539847e-06	8053
655715	-6.277710e-07	1.657117e-06	1.539757e-06	8053
554257	-9.549025e-07	1.657117e-06	1.652252e-06	2422
861718	-7.519695e-07	1.657119e-06	1.588937e-06	7030
647459	-6.279477e-07	1.657133e-06	1.539667e-06	8053
853462	-7.521532e-07	1.657139e-06	1.588829e-06	7030
546001	-9.550953e-07	1.657142e-06	1.652116e-06	2422
639203	-6.281243e-07	1.657150e-06	1.539577e-06	8053
845206	-7.523369e-07	1.657159e-06	1.588721e-06	7030
630947	-6.283010e-07	1.657167e-06	1.539487e-06	8053
537745	-9.552880e-07	1.657168e-06	1.651979e-06	2422
836950	-7.525206e-07	1.657179e-06	1.588614e-06	7030
622691	-6.284776e-07	1.657183e-06	1.539397e-06	8053
529489	-9.554808e-07	1.657193e-06	1.651842e-06	2422
828694	-7.527042e-07	1.657199e-06	1.588506e-06	7030
614435	-6.286542e-07	1.657200e-06	1.539307e-06	8053
606179	-6.288308e-07	1.657216e-06	1.539217e-06	8053
521233	-9.556735e-07	1.657218e-06	1.651705e-06	2422
820438	-7.528879e-07	1.657219e-06	1.588398e-06	7030
597923	-6.290074e-07	1.657233e-06	1.539127e-06	8053
812182	-7.530716e-07	1.657239e-06	1.588290e-06	7030
512977	-9.558662e-07	1.657244e-06	1.651568e-06	2422
589667	-6.291839e-07	1.657250e-06	1.539037e-06	8053
803926	-7.532552e-07	1.657259e-06	1.588182e-06	7030
581411	-6.293605e-07	1.657266e-06	1.538947e-06	8053
504721	-9.560589e-07	1.657269e-06	1.651431e-06	2422
795670	-7.534388e-07	1.657279e-06	1.588075e-06	7030
573155	-6.295371e-07	1.657283e-06	1.538857e-06	8053
496465	-9.562516e-07	1.657294e-06	1.651294e-06	2422
787414	-7.536224e-07	1.657299e-06	1.587967e-06	7030
564899	-6.297136e-07	1.657299e-06	1.538767e-06	8053
556643	-6.298901e-07	1.657316e-06	1.538677e-06	8053
779158	-7.538059e-07	1.657319e-06	1.587859e-06	7030
488209	-9.564442e-07	1.657319e-06	1.651157e-06	2422
548387	-6.300666e-07	1.657333e-06	1.538587e-06	8053
770902	-7.539895e-07	1.657338e-06	1.587751e-06	7030
479953	-9.566369e-07	1.657345e-06	1.651020e-06	2422
540131	-6.302431e-07	1.657349e-06	1.538496e-06	8053
762646	-7.541730e-07	1.657358e-06	1.587643e-06	7030
531875	-6.304195e-07	1.657366e-06	1.538406e-06	8053
471697	-9.568295e-07	1.657370e-06	1.650883e-06	2422
754390	-7.543565e-07	1.657378e-06	1.587535e-06	7030
523619	-6.305960e-07	1.657383e-06	1.538316e-06	8053
463441	-9.570221e-07	1.657395e-06	1.650746e-06	2422
746134	-7.545401e-07	1.657398e-06	1.587427e-06	7030
515363	-6.307725e-07	1.657399e-06	1.538226e-06	8053
507107	-6.309489e-07	1.657416e-06	1.538135e-06	8053
737878	-7.547235e-07	1.657418e-06	1.587319e-06	7030
455185	-9.572146e-07	1.657421e-06	1.650609e-06	2422
498851	-6.311253e-07	1.657433e-06	1.538045e-06	8053
729622	-7.549070e-07	1.657438e-06	1.587211e-06	7030
446929	-9.574071e-07	1.657446e-06	1.650472e-06	2422
490595	-6.313018e-07	1.657449e-06	1.537955e-06	8053
721366	-7.550905e-07	1.657458e-06	1.587102e-06	7030
482339	-6.314781e-07	1.657466e-06	1.537864e-06	8053
438673	-9.575997e-07	1.657471e-06	1.650335e-06	2422
713110	-7.552739e-07	1.657478e-06	1.586994e-06	7030
474083	-6.316545e-07	1.657483e-06	1.537774e-06	8053
430417	-9.577922e-07	1.657497e-06	1.650198e-06	2422
704854	-7.554573e-07	1.657498e-06	1.586886e-06	7030
465827	-6.318309e-07	1.657499e-06	1.537683e-06	8053
457571	-6.320072e-07	1.657516e-06	1.537593e-06	8053
696598	-7.556407e-07	1.657518e-06	1.586778e-06	7030
422161	-9.579846e-07	1.657522e-06	1.650060e-06	2422
449315	-6.321836e-07	1.657533e-06	1.537502e-06	8053
688342	-7.558241e-07	1.657538e-06	1.586670e-06	7030
413905	-9.581771e-07	1.657548e-06	1.649923e-06	2422
441059	-6.323599e-07	1.657549e-06	1.537412e-06	8053
680086	-7.560075e-07	1.657558e-06	1.586562e-06	7030
432803	-6.325362e-07	1.657566e-06	1.537321e-06	8053
405649	-9.583696e-07	1.657573e-06	1.649786e-06	2422
671830	-7.561908e-07	1.657578e-06	1.586453e-06	7030
424547	-6.327126e-07	1.657583e-06	1.537231e-06	8053
663574	-7.563742e-07	1.657598e-06	1.586345e-06	7030
397393	-9.585621e-07	1.657598e-06	1.649649e-06	2422
416291	-6.328888e-07	1.657600e-06	1.537140e-06	8053
408035	-6.330651e-07	1.657616e-06	1.537049e-06	8053
655318	-7.565575e-07	1.657618e-06	1.586237e-06	7030
389137	-9.587544e-07	1.657624e-06	1.649511e-06	2422
399779	-6.332414e-07	1.657633e-06	1.536959e-06	8053
647062	-7.567409e-07	1.657638e-06	1.586128e-06	7030
380881	-9.589468e-07	1.657649e-06	1.649374e-06	2422
391523	-6.334176e-07	1.657650e-06	1.536868e-06	8053
638806	-7.569241e-07	1.657658e-06	1.586020e-06	7030
383267	-6.335939e-07	1.657666e-06	1.536778e-06	8053
372625	-9.591391e-07	1.657674e-06	1.649237e-06	2422
630550	-7.571074e-07	1.657678e-06	1.585911e-06	7030
375011	-6.337701e-07	1.657683e-06	1.536687e-06	8053
622294	-7.572907e-07	1.657698e-06	1.585803e-06	7030
364369	-9.593315e-07	1.657700e-06	1.649099e-06	2422
366755	-6.339463e-07	1.657700e-06	1.536596e-06	8053
358499	-6.341224e-07	1.657717e-06	1.536505e-06	8053
614038	-7.574740e-07	1.657718e-06	1.585695e-06	7030
356113	-9.595238e-07	1.657725e-06	1.648962e-06	2422
350243	-6.342987e-07	1.657733e-06	1.536414e-06	8053
605782	-7.576572e-07	1.657738e-06	1.585586e-06	7030
341987	-6.344748e-07	1.657750e-06	1.536324e-06	8053
347857	-9.597161e-07	1.657751e-06	1.648824e-06	2422
597526	-7.578404e-07	1.657758e-06	1.585478e-06	7030
333731	-6.346510e-07	1.657767e-06	1.536233e-06	8053
339601	-9.599084e-07	1.657776e-06	1.648687e-06	2422
589270	-7.580236e-07	1.657778e-06	1.585369e-06	7030
325475	-6.348271e-07	1.657784e-06	1.536142e-06	8053
581014	-7.582068e-07	1.657798e-06	1.585261e-06	7030
317219	-6.350032e-07	1.657800e-06	1.536051e-06	8053
331345	-9.601007e-07	1.657801e-06	1.648549e-06	2422
308963	-6.351793e-07	1.657817e-06	1.535960e-06	8053
572758	-7.583899e-07	1.657818e-06	1.585152e-06	7030
323089	-9.602929e-07	1.657827e-06	1.648412e-06	2422
300707	-6.353554e-07	1.657834e-06	1.535869e-06	8053
564502	-7.585731e-07	1.657838e-06	1.585043e-06	7030
292451	-6.355315e-07	1.657851e-06	1.535778e-06	8053
314833	-9.604852e-07	1.657852e-06	1.648274e-06	2422
556246	-7.587562e-07	1.657858e-06	1.584935e-06	7030
284195	-6.357076e-07	1.657868e-06	1.535687e-06	8053
306577	-9.606773e-07	1.657878e-06	1.648137e-06	2422
547990	-7.589393e-07	1.657878e-06	1.584826e-06	7030
275939	-6.358837e-07	1.657884e-06	1.535596e-06	8053
539734	-7.591224e-07	1.657899e-06	1.584717e-06	7030
267683	-6.360597e-07	1.657901e-06	1.535505e-06	8053
298321	-9.608696e-07	1.657903e-06	1.647999e-06	2422
259427	-6.362358e-07	1.657918e-06	1.535414e-06	8053
531478	-7.593055e-07	1.657919e-06	1.584609e-06	7030
290065	-9.610617e-07	1.657929e-06	1.647861e-06	2422
251171	-6.364118e-07	1.657935e-06	1.535323e-06	8053
523222	-7.594886e-07	1.657939e-06	1.584500e-06	7030
242915	-6.365877e-07	1.657952e-06	1.535232e-06	8053
281809	-9.612538e-07	1.657954e-06	1.647724e-06	2422
514966	-7.596717e-07	1.657959e-06	1.584391e-06	7030
234659	-6.367637e-07	1.657968e-06	1.535141e-06	8053
506710	-7.598547e-07	1.657979e-06	1.584282e-06	7030
273553	-9.614459e-07	1.657979e-06	1.647586e-06	2422
226403	-6.369397e-07	1.657985e-06	1.535049e-06	8053
498454	-7.600377e-07	1.657999e-06	1.584173e-06	7030
218147	-6.371157e-07	1.658002e-06	1.534958e-06	8053
265297	-9.616380e-07	1.658005e-06	1.647448e-06	2422
209891	-6.372916e-07	1.658019e-06	1.534867e-06	8053
490198	-7.602208e-07	1.658019e-06	1.584065e-06	7030
257041	-9.618301e-07	1.658030e-06	1.647310e-06	2422
201635	-6.374676e-07	1.658036e-06	1.534776e-06	8053
481942	-7.604037e-07	1.658039e-06	1.583956e-06	7030
193379	-6.376435e-07	1.658053e-06	1.534685e-06	8053
248785	-9.620221e-07	1.658056e-06	1.647173e-06	2422
473686	-7.605867e-07	1.658059e-06	1.583847e-06	7030
185123	-6.378194e-07	1.658069e-06	1.534593e-06	8053
465430	-7.607696e-07	1.658079e-06	1.583738e-06	7030
240529	-9.622142e-07	1.658081e-06	1.647035e-06	2422
176867	-6.379953e-07	1.658086e-06	1.534502e-06	8053
457174	-7.609526e-07	1.658100e-06	1.583629e-06	7030
168611	-6.381712e-07	1.658103e-06	1.534411e-06	8053
232273	-9.624063e-07	1.658107e-06	1.646897e-06	2422
448918	-7.611355e-07	1.658120e-06	1.583520e-06	7030
160355	-6.383470e-07	1.658120e-06	1.534319e-06	8053
224017	-9.625982e-07	1.658132e-06	1.646759e-06	2422
152099	-6.385229e-07	1.658137e-06	1.534228e-06	8053
440662	-7.613185e-07	1.658140e-06	1.583411e-06	7030
143843	-6.386988e-07	1.658154e-06	1.534136e-06	8053
432406	-7.615013e-07	1.658160e-06	1.583302e-06	7030
135587	-6.388746e-07	1.658171e-06	1.534045e-06	8053
424150	-7.616842e-07	1.658180e-06	1.583193e-06	7030
127331	-6.390504e-07	1.658187e-06	1.533953e-06	8053
415894	-7.618671e-07	1.658200e-06	1.583084e-06	7030
119075	-6.392262e-07	1.658204e-06	1.533862e-06	8053
407638	-7.620499e-07	1.658220e-06	1.582975e-06	7030
110819	-6.394020e-07	1.658221e-06	1.533770e-06	8053
102563	-6.395778e-07	1.658238e-06	1.533679e-06	8053
399382	-7.622327e-07	1.658240e-06	1.582865e-06	7030
94307	-6.397535e-07	1.658255e-06	1.533587e-06	8053
391126	-7.624155e-07	1.658261e-06	1.582756e-06	7030
86051	-6.399293e-07	1.658272e-06	1.533496e-06	8053
382870	-7.625983e-07	1.658281e-06	1.582647e-06	7030
77795	-6.401050e-07	1.658289e-06	1.533404e-06	8053
374614	-7.627812e-07	1.658301e-06	1.582538e-06	7030
69539	-6.402807e-07	1.658306e-06	1.533312e-06	8053
366358	-7.629639e-07	1.658321e-06	1.582429e-06	7030
61283	-6.404564e-07	1.658323e-06	1.533221e-06	8053
53027	-6.406322e-07	1.658340e-06	1.533129e-06	8053
358102	-7.631467e-07	1.658341e-06	1.582319e-06	7030
44771	-6.408079e-07	1.658356e-06	1.533037e-06	8053
349846	-7.633294e-07	1.658361e-06	1.582210e-06	7030
36515	-6.409835e-07	1.658373e-06	1.532945e-06	8053
341590	-7.635121e-07	1.658382e-06	1.582101e-06	7030
28259	-6.411591e-07	1.658390e-06	1.532854e-06	8053
333334	-7.636948e-07	1.658402e-06	1.581991e-06	7030
20003	-6.413348e-07	1.658407e-06	1.532762e-06	8053
325078	-7.638775e-07	1.658422e-06	1.581882e-06	7030
11747	-6.415104e-07	1.658424e-06	1.532670e-06	8053
3491	-6.416860e-07	1.658441e-06	1.532578e-06	8053
316822	-7.640601e-07	1.658442e-06	1.581773e-06	7030
308566	-7.642428e-07	1.658462e-06	1.581663e-06	7030
300310	-7.644254e-07	1.658483e-06	1.581554e-06	7030
292054	-7.646080e-07	1.658503e-06	1.581444e-06	7030
283798	-7.647906e-07	1.658523e-06	1.581335e-06	7030
275542	-7.649733e-07	1.658543e-06	1.581225e-06	7030
267286	-7.651558e-07	1.658564e-06	1.581116e-06	7030
259030	-7.653384e-07	1.658584e-06	1.581006e-06	7030
250774	-7.655209e-07	1.658604e-06	1.580897e-06	7030
242518	-7.657034e-07	1.658624e-06	1.580787e-06	7030
234262	-7.658859e-07	1.658645e-06	1.580677e-06	7030
226006	-7.660684e-07	1.658665e-06	1.580568e-06	7030
217750	-7.662509e-07	1.658685e-06	1.580458e-06	7030
209494	-7.664333e-07	1.658705e-06	1.580348e-06	7030
201238	-7.666158e-07	1.658726e-06	1.580238e-06	7030
192982	-7.667982e-07	1.658746e-06	1.580128e-06	7030
184726	-7.669806e-07	1.658766e-06	1.580019e-06	7030
176470	-7.671630e-07	1.658786e-06	1.579909e-06	7030
168214	-7.673454e-07	1.658807e-06	1.579799e-06	7030
159958	-7.675278e-07	1.658827e-06	1.579689e-06	7030
151702	-7.677100e-07	1.658847e-06	1.579579e-06	7030
143446	-7.678924e-07	1.658868e-06	1.579469e-06	7030
135190	-7.680747e-07	1.658888e-06	1.579359e-06	7030
126934	-7.682570e-07	1.658908e-06	1.579249e-06	7030
118678	-7.684393e-07	1.658929e-06	1.579139e-06	7030
110422	-7.686215e-07	1.658949e-06	1.579029e-06	7030
102166	-7.688038e-07	1.658969e-06	1.578919e-06	7030
93910	-7.689860e-07	1.658990e-06	1.578809e-06	7030
85654	-7.691682e-07	1.659010e-06	1.578699e-06	7030
77398	-7.693504e-07	1.659030e-06	1.578589e-06	7030
1149043	-8.141990e-07	1.659041e-06	1.619831e-06	3190
69142	-7.695326e-07	1.659051e-06	1.578478e-06	7030
1140787	-8.143871e-07	1.659062e-06	1.619714e-06	3190
60886	-7.697147e-07	1.659071e-06	1.578368e-06	7030
1132531	-8.145752e-07	1.659084e-06	1.619597e-06	3190
52630	-7.698969e-07	1.659091e-06	1.578258e-06	7030
1124275	-8.147632e-07	1.659105e-06	1.619481e-06	3190
44374	-7.700791e-07	1.659112e-06	1.578148e-06	7030
1116019	-8.149512e-07	1.659127e-06	1.619364e-06	3190
36118	-7.702611e-07	1.659132e-06	1.578037e-06	7030
1107763	-8.151393e-07	1.659148e-06	1.619247e-06	3190
27862	-7.704433e-07	1.659152e-06	1.577927e-06	7030
1099507	-8.153273e-07	1.659170e-06	1.619131e-06	3190
19606	-7.706253e-07	1.659173e-06	1.577817e-06	7030
1091251	-8.155152e-07	1.659192e-06	1.619014e-06	3190
11350	-7.708074e-07	1.659193e-06	1.577706e-06	7030
1082995	-8.157032e-07	1.659213e-06	1.618897e-06	3190
3094	-7.709895e-07	1.659214e-06	1.577596e-06	7030
1074739	-8.158912e-07	1.659235e-06	1.618780e-06	3190
1066483	-8.160791e-07	1.659256e-06	1.618663e-06	3190
1058227	-8.162671e-07	1.659278e-06	1.618546e-06	3190
1049971	-8.164549e-07	1.659300e-06	1.618429e-06	3190
1041715	-8.166429e-07	1.659321e-06	1.618312e-06	3190
1033459	-8.168307e-07	1.659343e-06	1.618195e-06	3190
1025203	-8.170185e-07	1.659364e-06	1.618078e-06	3190
1016947	-8.172064e-07	1.659386e-06	1.617962e-06	3190
1008691	-8.173942e-07	1.659408e-06	1.617844e-06	3190
1000435	-8.175820e-07	1.659429e-06	1.617727e-06	3190
992179	-8.177698e-07	1.659451e-06	1.617610e-06	3190
983923	-8.179575e-07	1.659472e-06	1.617493e-06	3190
975667	-8.181453e-07	1.659494e-06	1.617376e-06	3190
967411	-8.183330e-07	1.659516e-06	1.617259e-06	3190
959155	-8.185207e-07	1.659537e-06	1.617142e-06	3190
950899	-8.187084e-07	1.659559e-06	1.617024e-06	3190
942643	-8.188961e-07	1.659581e-06	1.616907e-06	3190
934387	-8.190837e-07	1.659602e-06	1.616790e-06	3190
926131	-8.192713e-07	1.659624e-06	1.616673e-06	3190
917875	-8.194590e-07	1.659646e-06	1.616555e-06	3190
909619	-8.196466e-07	1.659667e-06	1.616438e-06	3190
901363	-8.198342e-07	1.659689e-06	1.616320e-06	3190
893107	-8.200217e-07	1.659711e-06	1.616203e-06	3190
884851	-8.202093e-07	1.659732e-06	1.616085e-06	3190
876595	-8.203968e-07	1.659754e-06	1.615968e-06	3190
868339	-8.205844e-07	1.659776e-06	1.615850e-06	3190
860083	-8.207718e-07	1.659798e-06	1.615733e-06	3190
851827	-8.209594e-07	1.659819e-06	1.615615e-06	3190
843571	-8.211468e-07	1.659841e-06	1.615498e-06	3190
835315	-8.213343e-07	1.659863e-06	1.615380e-06	3190
827059	-8.215217e-07	1.659884e-06	1.615263e-06	3190
818803	-8.217091e-07	1.659906e-06	1.615145e-06	3190
810547	-8.218965e-07	1.659928e-06	1.615027e-06	3190
802291	-8.220839e-07	1.659950e-06	1.614909e-06	3190
1153617	-7.581136e-07	1.659960e-06	1.599479e-06	15989
794035	-8.222713e-07	1.659971e-06	1.614792e-06	3190
1145361	-7.582988e-07	1.659980e-06	1.599370e-06	15989
785779	-8.224586e-07	1.659993e-06	1.614674e-06	3190
1137105	-7.584839e-07	1.660001e-06	1.599262e-06	15989
777523	-8.226459e-07	1.660015e-06	1.614556e-06	3190
1128849	-7.586690e-07	1.660021e-06	1.599153e-06	15989
769267	-8.228332e-07	1.660037e-06	1.614438e-06	3190
1120593	-7.588541e-07	1.660041e-06	1.599044e-06	15989
761011	-8.230205e-07	1.660058e-06	1.614320e-06	3190
1112337	-7.590392e-07	1.660061e-06	1.598936e-06	15989
752755	-8.232078e-07	1.660080e-06	1.614203e-06	3190
1104081	-7.592242e-07	1.660081e-06	1.598827e-06	15989
1095825	-7.594093e-07	1.660101e-06	1.598718e-06	15989
744499	-8.233951e-07	1.660102e-06	1.614085e-06	3190
1087569	-7.595943e-07	1.660121e-06	1.598609e-06	15989
736243	-8.235823e-07	1.660124e-06	1.613967e-06	3190
1079313	-7.597794e-07	1.660141e-06	1.598501e-06	15989
727987	-8.237695e-07	1.660146e-06	1.613849e-06	3190
1071057	-7.599644e-07	1.660161e-06	1.598392e-06	15989
719731	-8.239567e-07	1.660167e-06	1.613731e-06	3190
1062801	-7.601494e-07	1.660181e-06	1.598283e-06	15989
711475	-8.241439e-07	1.660189e-06	1.613613e-06	3190
1054545	-7.603343e-07	1.660201e-06	1.598174e-06	15989
703219	-8.243311e-07	1.660211e-06	1.613495e-06	3190
1046289	-7.605193e-07	1.660221e-06	1.598065e-06	15989
694963	-8.245182e-07	1.660233e-06	1.613377e-06	3190
1038033	-7.607042e-07	1.660242e-06	1.597956e-06	15989
686707	-8.247054e-07	1.660255e-06	1.613259e-06	3190
1029777	-7.608891e-07	1.660262e-06	1.597847e-06	15989
678451	-8.248925e-07	1.660276e-06	1.613141e-06	3190
1021521	-7.610740e-07	1.660282e-06	1.597738e-06	15989
670195	-8.250796e-07	1.660298e-06	1.613022e-06	3190
1013265	-7.612589e-07	1.660302e-06	1.597629e-06	15989
661939	-8.252667e-07	1.660320e-06	1.612904e-06	3190
1005009	-7.614438e-07	1.660322e-06	1.597520e-06	15989
653683	-8.254537e-07	1.660342e-06	1.612786e-06	3190
996753	-7.616287e-07	1.660342e-06	1.597411e-06	15989
988497	-7.618135e-07	1.660362e-06	1.597302e-06	15989
645427	-8.256408e-07	1.660364e-06	1.612668e-06	3190
980241	-7.619984e-07	1.660382e-06	1.597193e-06	15989
637171	-8.258278e-07	1.660386e-06	1.612549e-06	3190
971985	-7.621832e-07	1.660403e-06	1.597084e-06	15989
628915	-8.260148e-07	1.660407e-06	1.612431e-06	3190
963729	-7.623680e-07	1.660423e-06	1.596975e-06	15989
620659	-8.262018e-07	1.660429e-06	1.612313e-06	3190
955473	-7.625527e-07	1.660443e-06	1.596866e-06	15989
612403	-8.263888e-07	1.660451e-06	1.612195e-06	3190
947217	-7.627375e-07	1.660463e-06	1.596756e-06	15989
604147	-8.265757e-07	1.660473e-06	1.612076e-06	3190
938961	-7.629222e-07	1.660483e-06	1.596647e-06	15989
595891	-8.267627e-07	1.660495e-06	1.611958e-06	3190
930705	-7.631070e-07	1.660503e-06	1.596538e-06	15989
587635	-8.269496e-07	1.660517e-06	1.611839e-06	3190
922449	-7.632917e-07	1.660524e-06	1.596429e-06	15989
579379	-8.271365e-07	1.660539e-06	1.611721e-06	3190
914193	-7.634764e-07	1.660544e-06	1.596319e-06	15989
571123	-8.273234e-07	1.660560e-06	1.611602e-06	3190
905937	-7.636610e-07	1.660564e-06	1.596210e-06	15989
562867	-8.275103e-07	1.660582e-06	1.611484e-06	3190
897681	-7.638457e-07	1.660584e-06	1.596101e-06	15989
889425	-7.640303e-07	1.660604e-06	1.595991e-06	15989
554611	-8.276971e-07	1.660604e-06	1.611365e-06	3190
881169	-7.642150e-07	1.660625e-06	1.595882e-06	15989
546355	-8.278840e-07	1.660626e-06	1.611247e-06	3190
872913	-7.643996e-07	1.660645e-06	1.595772e-06	15989
538099	-8.280708e-07	1.660648e-06	1.611128e-06	3190
864657	-7.645842e-07	1.660665e-06	1.595663e-06	15989
529843	-8.282576e-07	1.660670e-06	1.611010e-06	3190
856401	-7.647688e-07	1.660685e-06	1.595553e-06	15989
521587	-8.284443e-07	1.660692e-06	1.610891e-06	3190
848145	-7.649534e-07	1.660705e-06	1.595444e-06	15989
513331	-8.286311e-07	1.660714e-06	1.610772e-06	3190
839889	-7.651379e-07	1.660726e-06	1.595334e-06	15989
505075	-8.288179e-07	1.660736e-06	1.610654e-06	3190
831633	-7.653225e-07	1.660746e-06	1.595225e-06	15989
496819	-8.290046e-07	1.660758e-06	1.610535e-06	3190
823377	-7.655070e-07	1.660766e-06	1.595115e-06	15989
488563	-8.291913e-07	1.660780e-06	1.610416e-06	3190
815121	-7.656915e-07	1.660786e-06	1.595005e-06	15989
480307	-8.293780e-07	1.660802e-06	1.610297e-06	3190
806865	-7.658759e-07	1.660807e-06	1.594896e-06	15989
472051	-8.295647e-07	1.660824e-06	1.610179e-06	3190
798609	-7.660605e-07	1.660827e-06	1.594786e-06	15989
463795	-8.297513e-07	1.660845e-06	1.610060e-06	3190
790353	-7.662449e-07	1.660847e-06	1.594676e-06	15989
782097	-7.664293e-07	1.660867e-06	1.594567e-06	15989
455539	-8.299380e-07	1.660867e-06	1.609941e-06	3190
773841	-7.666138e-07	1.660888e-06	1.594457e-06	15989
447283	-8.301246e-07	1.660889e-06	1.609822e-06	3190
765585	-7.667982e-07	1.660908e-06	1.594347e-06	15989
439027	-8.303113e-07	1.660911e-06	1.609703e-06	3190
757329	-7.669825e-07	1.660928e-06	1.594237e-06	15989
430771	-8.304978e-07	1.660933e-06	1.609584e-06	3190
749073	-7.671669e-07	1.660948e-06	1.594127e-06	15989
422515	-8.306844e-07	1.660955e-06	1.609465e-06	3190
740817	-7.673513e-07	1.660969e-06	1.594017e-06	15989
414259	-8.308709e-07	1.660977e-06	1.609346e-06	3190
732561	-7.675356e-07	1.660989e-06	1.593908e-06	15989
406003	-8.310575e-07	1.660999e-06	1.609227e-06	3190
724305	-7.677199e-07	1.661009e-06	1.593798e-06	15989
397747	-8.312440e-07	1.661021e-06	1.609108e-06	3190
716049	-7.679042e-07	1.661030e-06	1.593688e-06	15989
389491	-8.314305e-07	1.661043e-06	1.608989e-06	3190
707793	-7.680885e-07	1.661050e-06	1.593578e-06	15989
381235	-8.316170e-07	1.661065e-06	1.608870e-06	3190
699537	-7.682728e-07	1.661070e-06	1.593468e-06	15989
372979	-8.318034e-07	1.661087e-06	1.608751e-06	3190
691281	-7.684570e-07	1.661091e-06	1.593358e-06	15989
364723	-8.319899e-07	1.661109e-06	1.608632e-06	3190
683025	-7.686413e-07	1.661111e-06	1.593248e-06	15989
356467	-8.321763e-07	1.661131e-06	1.608513e-06	3190
674769	-7.688255e-07	1.661131e-06	1.593138e-06	15989
666513	-7.690097e-07	1.661152e-06	1.593027e-06	15989
348211	-8.323627e-07	1.661153e-06	1.608394e-06	3190
658257	-7.691939e-07	1.661172e-06	1.592917e-06	15989
339955	-8.325491e-07	1.661175e-06	1.608274e-06	3190
650001	-7.693781e-07	1.661192e-06	1.592807e-06	15989
331699	-8.327355e-07	1.661197e-06	1.608155e-06	3190
641745	-7.695622e-07	1.661213e-06	1.592697e-06	15989
323443	-8.329219e-07	1.661219e-06	1.608036e-06	3190
633489	-7.697464e-07	1.661233e-06	1.592587e-06	15989
315187	-8.331082e-07	1.661241e-06	1.607916e-06	3190
625233	-7.699305e-07	1.661253e-06	1.592477e-06	15989
306931	-8.332946e-07	1.661263e-06	1.607797e-06	3190
616977	-7.701146e-07	1.661274e-06	1.592366e-06	15989
298675	-8.334808e-07	1.661285e-06	1.607678e-06	3190
608721	-7.702988e-07	1.661294e-06	1.592256e-06	15989
290419	-8.336671e-07	1.661307e-06	1.607558e-06	3190
600465	-7.704828e-07	1.661314e-06	1.592146e-06	15989
282163	-8.338534e-07	1.661330e-06	1.607439e-06	3190
592209	-7.706669e-07	1.661335e-06	1.592035e-06	15989
273907	-8.340397e-07	1.661352e-06	1.607320e-06	3190
583953	-7.708509e-07	1.661355e-06	1.591925e-06	15989
265651	-8.342259e-07	1.661374e-06	1.607200e-06	3190
575697	-7.710349e-07	1.661376e-06	1.591815e-06	15989
257395	-8.344121e-07	1.661396e-06	1.607081e-06	3190
567441	-7.712189e-07	1.661396e-06	1.591704e-06	15989
559185	-7.714029e-07	1.661416e-06	1.591594e-06	15989
249139	-8.345983e-07	1.661418e-06	1.606961e-06	3190
550929	-7.715869e-07	1.661437e-06	1.591483e-06	15989
240883	-8.347845e-07	1.661440e-06	1.606842e-06	3190
542673	-7.717709e-07	1.661457e-06	1.591373e-06	15989
232627	-8.349706e-07	1.661462e-06	1.606722e-06	3190
534417	-7.719548e-07	1.661478e-06	1.591262e-06	15989
224371	-8.351568e-07	1.661484e-06	1.606602e-06	3190
526161	-7.721388e-07	1.661498e-06	1.591152e-06	15989
216115	-8.353429e-07	1.661506e-06	1.606483e-06	3190
517905	-7.723227e-07	1.661518e-06	1.591041e-06	15989
207859	-8.355290e-07	1.661528e-06	1.606363e-06	3190
509649	-7.725066e-07	1.661539e-06	1.590930e-06	15989
199603	-8.357151e-07	1.661550e-06	1.606243e-06	3190
501393	-7.726904e-07	1.661559e-06	1.590820e-06	15989
191347	-8.359012e-07	1.661572e-06	1.606124e-06	3190
493137	-7.728743e-07	1.661580e-06	1.590709e-06	15989
183091	-8.360873e-07	1.661595e-06	1.606004e-06	3190
484881	-7.730582e-07	1.661600e-06	1.590598e-06	15989
174835	-8.362733e-07	1.661617e-06	1.605884e-06	3190
476625	-7.732420e-07	1.661621e-06	1.590488e-06	15989
166579	-8.364593e-07	1.661639e-06	1.605765e-06	3190
468369	-7.734258e-07	1.661641e-06	1.590377e-06	15989
158323	-8.366454e-07	1.661661e-06	1.605645e-06	3190
460113	-7.736097e-07	1.661661e-06	1.590266e-06	15989
451857	-7.737934e-07	1.661682e-06	1.590155e-06	15989
150067	-8.368314e-07	1.661683e-06	1.605525e-06	3190
443601	-7.739772e-07	1.661702e-06	1.590044e-06	15989
141811	-8.370173e-07	1.661705e-06	1.605405e-06	3190
435345	-7.741609e-07	1.661723e-06	1.589934e-06	15989
133555	-8.372032e-07	1.661727e-06	1.605285e-06	3190
427089	-7.743446e-07	1.661743e-06	1.589823e-06	15989
125299	-8.373892e-07	1.661750e-06	1.605165e-06	3190
418833	-7.745284e-07	1.661764e-06	1.589712e-06	15989
117043	-8.375751e-07	1.661772e-06	1.605045e-06	3190
410577	-7.747121e-07	1.661784e-06	1.589601e-06	15989
108787	-8.377610e-07	1.661794e-06	1.604925e-06	3190
402321	-7.748957e-07	1.661805e-06	1.589490e-06	15989
100531	-8.379469e-07	1.661816e-06	1.604805e-06	3190
394065	-7.750795e-07	1.661825e-06	1.589379e-06	15989
92275	-8.381327e-07	1.661838e-06	1.604685e-06	3190
385809	-7.752631e-07	1.661846e-06	1.589268e-06	15989
84019	-8.383186e-07	1.661860e-06	1.604565e-06	3190
377553	-7.754467e-07	1.661866e-06	1.589157e-06	15989
75763	-8.385044e-07	1.661883e-06	1.604445e-06	3190
369297	-7.756303e-07	1.661887e-06	1.589046e-06	15989
67507	-8.386903e-07	1.661905e-06	1.604325e-06	3190
361041	-7.758139e-07	1.661907e-06	1.588935e-06	15989
59251	-8.388760e-07	1.661927e-06	1.604205e-06	3190
352785	-7.759975e-07	1.661928e-06	1.588824e-06	15989
344529	-7.761811e-07	1.661948e-06	1.588713e-06	15989
50995	-8.390618e-07	1.661949e-06	1.604085e-06	3190
336273	-7.763646e-07	1.661969e-06	1.588601e-06	15989
42739	-8.392475e-07	1.661971e-06	1.603965e-06	3190
328017	-7.765482e-07	1.661989e-06	1.588490e-06	15989
34483	-8.394333e-07	1.661994e-06	1.603844e-06	3190
319761	-7.767317e-07	1.662010e-06	1.588379e-06	15989
26227	-8.396190e-07	1.662016e-06	1.603724e-06	3190
311505	-7.769152e-07	1.662031e-06	1.588268e-06	15989
17971	-8.398047e-07	1.662038e-06	1.603604e-06	3190
303249	-7.770987e-07	1.662051e-06	1.588156e-06	15989
9715	-8.399904e-07	1.662060e-06	1.603483e-06	3190
294993	-7.772821e-07	1.662072e-06	1.588045e-06	15989
1459	-8.401761e-07	1.662082e-06	1.603363e-06	3190
286737	-7.774656e-07	1.662092e-06	1.587934e-06	15989
278481	-7.776491e-07	1.662113e-06	1.587822e-06	15989
270225	-7.778325e-07	1.662133e-06	1.587711e-06	15989
261969	-7.780159e-07	1.662154e-06	1.587600e-06	15989
253713	-7.781993e-07	1.662174e-06	1.587488e-06	15989
245457	-7.783826e-07	1.662195e-06	1.587377e-06	15989
237201	-7.785660e-07	1.662216e-06	1.587265e-06	15989
228945	-7.787493e-07	1.662236e-06	1.587154e-06	15989
220689	-7.789326e-07	1.662257e-06	1.587042e-06	15989
212433	-7.791160e-07	1.662277e-06	1.586931e-06	15989
204177	-7.792992e-07	1.662298e-06	1.586819e-06	15989
195921	-7.794825e-07	1.662319e-06	1.586708e-06	15989
187665	-7.796658e-07	1.662339e-06	1.586596e-06	15989
179409	-7.798490e-07	1.662360e-06	1.586484e-06	15989
171153	-7.800322e-07	1.662380e-06	1.586373e-06	15989
162897	-7.802154e-07	1.662401e-06	1.586261e-06	15989
154641	-7.803986e-07	1.662422e-06	1.586149e-06	15989
146385	-7.805818e-07	1.662442e-06	1.586037e-06	15989
138129	-7.807649e-07	1.662463e-06	1.585926e-06	15989
129873	-7.809481e-07	1.662484e-06	1.585814e-06	15989
121617	-7.811312e-07	1.662504e-06	1.585702e-06	15989
113361	-7.813143e-07	1.662525e-06	1.585590e-06	15989
105105	-7.814974e-07	1.662546e-06	1.585478e-06	15989
96849	-7.816805e-07	1.662566e-06	1.585366e-06	15989
88593	-7.818635e-07	1.662587e-06	1.585254e-06	15989
80337	-7.820466e-07	1.662608e-06	1.585142e-06	15989
72081	-7.822296e-07	1.662628e-06	1.585030e-06	15989
63825	-7.824126e-07	1.662649e-06	1.584918e-06	15989
55569	-7.825956e-07	1.662670e-06	1.584806e-06	15989
47313	-7.827786e-07	1.662690e-06	1.584694e-06	15989
39057	-7.829615e-07	1.662711e-06	1.584582e-06	15989
30801	-7.831445e-07	1.662732e-06	1.584470e-06	15989
22545	-7.833274e-07	1.662753e-06	1.584358e-06	15989
14289	-7.835103e-07	1.662773e-06	1.584245e-06	15989
6033	-7.836932e-07	1.662794e-06	1.584133e-06	15989
1148926	-9.104660e-07	1.662957e-06	1.657164e-06	2934
1140670	-9.106593e-07	1.662981e-06	1.657033e-06	2934
1132414	-9.108526e-07	1.663005e-06	1.656903e-06	2934
1124158	-9.110460e-07	1.663029e-06	1.656772e-06	2934
1115902	-9.112392e-07	1.663054e-06	1.656642e-06	2934
1107646	-9.114325e-07	1.663078e-06	1.656511e-06	2934
1099390	-9.116258e-07	1.663102e-06	1.656381e-06	2934
1091134	-9.118190e-07	1.663126e-06	1.656250e-06	2934
1082878	-9.120122e-07	1.663150e-06	1.656119e-06	2934
1074622	-9.122053e-07	1.663174e-06	1.655989e-06	2934
1066366	-9.123985e-07	1.663198e-06	1.655858e-06	2934
1058110	-9.125916e-07	1.663223e-06	1.655727e-06	2934
1049854	-9.127848e-07	1.663247e-06	1.655597e-06	2934
1041598	-9.129779e-07	1.663271e-06	1.655466e-06	2934
1033342	-9.131710e-07	1.663295e-06	1.655335e-06	2934
1025086	-9.133640e-07	1.663319e-06	1.655204e-06	2934
1016830	-9.135571e-07	1.663343e-06	1.655073e-06	2934
1008574	-9.137501e-07	1.663368e-06	1.654943e-06	2934
1000318	-9.139432e-07	1.663392e-06	1.654812e-06	2934
992062	-9.141361e-07	1.663416e-06	1.654681e-06	2934
983806	-9.143291e-07	1.663440e-06	1.654550e-06	2934
975550	-9.145220e-07	1.663464e-06	1.654419e-06	2934
967294	-9.147150e-07	1.663489e-06	1.654288e-06	2934
959038	-9.149079e-07	1.663513e-06	1.654157e-06	2934
950782	-9.151008e-07	1.663537e-06	1.654026e-06	2934
942526	-9.152936e-07	1.663561e-06	1.653895e-06	2934
934270	-9.154865e-07	1.663585e-06	1.653764e-06	2934
926014	-9.156794e-07	1.663610e-06	1.653632e-06	2934
917758	-9.158722e-07	1.663634e-06	1.653501e-06	2934
909502	-9.160649e-07	1.663658e-06	1.653370e-06	2934
901246	-9.162578e-07	1.663682e-06	1.653239e-06	2934
892990	-9.164505e-07	1.663707e-06	1.653108e-06	2934
884734	-9.166432e-07	1.663731e-06	1.652976e-06	2934
876478	-9.168360e-07	1.663755e-06	1.652845e-06	2934
868222	-9.170287e-07	1.663779e-06	1.652714e-06	2934
859966	-9.172213e-07	1.663804e-06	1.652582e-06	2934
851710	-9.174140e-07	1.663828e-06	1.652451e-06	2934
843454	-9.176067e-07	1.663852e-06	1.652319e-06	2934
835198	-9.177992e-07	1.663877e-06	1.652188e-06	2934
826942	-9.179919e-07	1.663901e-06	1.652057e-06	2934
818686	-9.181844e-07	1.663925e-06	1.651925e-06	2934
810430	-9.183770e-07	1.663949e-06	1.651794e-06	2934
802174	-9.185695e-07	1.663974e-06	1.651662e-06	2934
793918	-9.187621e-07	1.663998e-06	1.651530e-06	2934
785662	-9.189546e-07	1.664022e-06	1.651399e-06	2934
777406	-9.191471e-07	1.664047e-06	1.651267e-06	2934
769150	-9.193395e-07	1.664071e-06	1.651136e-06	2934
760894	-9.195319e-07	1.664095e-06	1.651004e-06	2934
752638	-9.197244e-07	1.664120e-06	1.650872e-06	2934
744382	-9.199168e-07	1.664144e-06	1.650740e-06	2934
736126	-9.201092e-07	1.664168e-06	1.650609e-06	2934
727870	-9.203015e-07	1.664193e-06	1.650477e-06	2934
719614	-9.204939e-07	1.664217e-06	1.650345e-06	2934
711358	-9.206862e-07	1.664241e-06	1.650213e-06	2934
703102	-9.208786e-07	1.664266e-06	1.650081e-06	2934
694846	-9.210708e-07	1.664290e-06	1.649949e-06	2934
686590	-9.212631e-07	1.664315e-06	1.649817e-06	2934
678334	-9.214554e-07	1.664339e-06	1.649685e-06	2934
670078	-9.216476e-07	1.664363e-06	1.649553e-06	2934
661822	-9.218398e-07	1.664388e-06	1.649421e-06	2934
653566	-9.220320e-07	1.664412e-06	1.649289e-06	2934
645310	-9.222242e-07	1.664437e-06	1.649157e-06	2934
637054	-9.224163e-07	1.664461e-06	1.649025e-06	2934
628798	-9.226084e-07	1.664485e-06	1.648893e-06	2934
620542	-9.228006e-07	1.664510e-06	1.648761e-06	2934
612286	-9.229926e-07	1.664534e-06	1.648629e-06	2934
604030	-9.231847e-07	1.664559e-06	1.648496e-06	2934
595774	-9.233768e-07	1.664583e-06	1.648364e-06	2934
587518	-9.235688e-07	1.664608e-06	1.648232e-06	2934
579262	-9.237608e-07	1.664632e-06	1.648100e-06	2934
571006	-9.239528e-07	1.664656e-06	1.647967e-06	2934
562750	-9.241448e-07	1.664681e-06	1.647835e-06	2934
554494	-9.243367e-07	1.664705e-06	1.647703e-06	2934
546238	-9.245287e-07	1.664730e-06	1.647570e-06	2934
537982	-9.247206e-07	1.664754e-06	1.647438e-06	2934
529726	-9.249125e-07	1.664779e-06	1.647305e-06	2934
521470	-9.251044e-07	1.664803e-06	1.647173e-06	2934
513214	-9.252962e-07	1.664828e-06	1.647040e-06	2934
504958	-9.254881e-07	1.664852e-06	1.646908e-06	2934
496702	-9.256799e-07	1.664877e-06	1.646775e-06	2934
488446	-9.258717e-07	1.664901e-06	1.646642e-06	2934
480190	-9.260635e-07	1.664926e-06	1.646510e-06	2934
471934	-9.262552e-07	1.664950e-06	1.646377e-06	2934
463678	-9.264469e-07	1.664975e-06	1.646245e-06	2934
455422	-9.266387e-07	1.664999e-06	1.646112e-06	2934
447166	-9.268304e-07	1.665024e-06	1.645979e-06	2934
438910	-9.270221e-07	1.665048e-06	1.645846e-06	2934
430654	-9.272137e-07	1.665073e-06	1.645713e-06	2934
422398	-9.274054e-07	1.665097e-06	1.645581e-06	2934
414142	-9.275970e-07	1.665122e-06	1.645448e-06	2934
405886	-9.277886e-07	1.665147e-06	1.645315e-06	2934
397630	-9.279802e-07	1.665171e-06	1.645182e-06	2934
389374	-9.281717e-07	1.665196e-06	1.645049e-06	2934
381118	-9.283632e-07	1.665220e-06	1.644916e-06	2934
372862	-9.285548e-07	1.665245e-06	1.644783e-06	2934
364606	-9.287463e-07	1.665269e-06	1.644650e-06	2934
356350	-9.289378e-07	1.665294e-06	1.644517e-06	2934
348094	-9.291293e-07	1.665319e-06	1.644384e-06	2934
339838	-9.293207e-07	1.665343e-06	1.644251e-06	2934
331582	-9.295121e-07	1.665368e-06	1.644118e-06	2934
323326	-9.297035e-07	1.665392e-06	1.643985e-06	2934
315070	-9.298949e-07	1.665417e-06	1.643851e-06	2934
306814	-9.300863e-07	1.665442e-06	1.643718e-06	2934
298558	-9.302776e-07	1.665466e-06	1.643585e-06	2934
290302	-9.304690e-07	1.665491e-06	1.643452e-06	2934
282046	-9.306602e-07	1.665516e-06	1.643318e-06	2934
273790	-9.308515e-07	1.665540e-06	1.643185e-06	2934
265534	-9.310428e-07	1.665565e-06	1.643052e-06	2934
257278	-9.312340e-07	1.665589e-06	1.642918e-06	2934
249022	-9.314253e-07	1.665614e-06	1.642785e-06	2934
240766	-9.316165e-07	1.665639e-06	1.642652e-06	2934
232510	-9.318077e-07	1.665663e-06	1.642518e-06	2934
224254	-9.319988e-07	1.665688e-06	1.642385e-06	2934
215998	-9.321899e-07	1.665713e-06	1.642251e-06	2934
207742	-9.323811e-07	1.665737e-06	1.642118e-06	2934
199486	-9.325722e-07	1.665762e-06	1.641984e-06	2934
191230	-9.327633e-07	1.665787e-06	1.641850e-06	2934
182974	-9.329544e-07	1.665812e-06	1.641717e-06	2934
174718	-9.331454e-07	1.665836e-06	1.641583e-06	2934
1149159	-7.657401e-07	1.665845e-06	1.607528e-06	3446
166462	-9.333364e-07	1.665861e-06	1.641450e-06	2934
1140903	-7.659262e-07	1.665865e-06	1.607418e-06	3446
1132647	-7.661124e-07	1.665885e-06	1.607308e-06	3446
158206	-9.335275e-07	1.665886e-06	1.641316e-06	2934
1124391	-7.662985e-07	1.665905e-06	1.607199e-06	3446
149950	-9.337185e-07	1.665910e-06	1.641182e-06	2934
1116135	-7.664846e-07	1.665926e-06	1.607089e-06	3446
141694	-9.339094e-07	1.665935e-06	1.641048e-06	2934
1107879	-7.666706e-07	1.665946e-06	1.606979e-06	3446
133438	-9.341003e-07	1.665960e-06	1.640915e-06	2934
1099623	-7.668567e-07	1.665966e-06	1.606869e-06	3446
125182	-9.342913e-07	1.665985e-06	1.640781e-06	2934
1091367	-7.670428e-07	1.665986e-06	1.606759e-06	3446
1083111	-7.672288e-07	1.666007e-06	1.606650e-06	3446
116926	-9.344822e-07	1.666009e-06	1.640647e-06	2934
1074855	-7.674148e-07	1.666027e-06	1.606540e-06	3446
108670	-9.346731e-07	1.666034e-06	1.640513e-06	2934
1066599	-7.676008e-07	1.666047e-06	1.606430e-06	3446
100414	-9.348640e-07	1.666059e-06	1.640379e-06	2934
1058343	-7.677868e-07	1.666068e-06	1.606320e-06	3446
92158	-9.350548e-07	1.666083e-06	1.640245e-06	2934
1050087	-7.679727e-07	1.666088e-06	1.606210e-06	3446
83902	-9.352456e-07	1.666108e-06	1.640111e-06	2934
1041831	-7.681587e-07	1.666108e-06	1.606100e-06	3446
1033575	-7.683446e-07	1.666129e-06	1.605990e-06	3446
75646	-9.354364e-07	1.666133e-06	1.639977e-06	2934
1025319	-7.685305e-07	1.666149e-06	1.605880e-06	3446
67390	-9.356272e-07	1.666158e-06	1.639843e-06	2934
1017063	-7.687165e-07	1.666169e-06	1.605770e-06	3446
59134	-9.358180e-07	1.666182e-06	1.639709e-06	2934
1008807	-7.689023e-07	1.666190e-06	1.605660e-06	3446
50878	-9.360087e-07	1.666207e-06	1.639575e-06	2934
1000551	-7.690882e-07	1.666210e-06	1.605550e-06	3446
992295	-7.692740e-07	1.666230e-06	1.605439e-06	3446
42622	-9.361995e-07	1.666232e-06	1.639441e-06	2934
984039	-7.694599e-07	1.666251e-06	1.605329e-06	3446
34366	-9.363902e-07	1.666257e-06	1.639307e-06	2934
975783	-7.696457e-07	1.666271e-06	1.605219e-06	3446
26110	-9.365809e-07	1.666282e-06	1.639173e-06	2934
967527	-7.698315e-07	1.666291e-06	1.605109e-06	3446
17854	-9.367716e-07	1.666306e-06	1.639039e-06	2934
959271	-7.700173e-07	1.666312e-06	1.604999e-06	3446
9598	-9.369622e-07	1.666331e-06	1.638905e-06	2934
951015	-7.702031e-07	1.666332e-06	1.604888e-06	3446
942759	-7.703889e-07	1.666352e-06	1.604778e-06	3446
1342	-9.371528e-07	1.666356e-06	1.638770e-06	2934
934503	-7.705746e-07	1.666373e-06	1.604668e-06	3446
1153998	-5.886306e-07	1.666379e-06	1.542519e-06	17525
926247	-7.707603e-07	1.666393e-06	1.604557e-06	3446
1145742	-5.888074e-07	1.666394e-06	1.542434e-06	17525
1137486	-5.889842e-07	1.666410e-06	1.542350e-06	17525
917991	-7.709460e-07	1.666413e-06	1.604447e-06	3446
1129230	-5.891610e-07	1.666425e-06	1.542266e-06	17525
909735	-7.711317e-07	1.666434e-06	1.604336e-06	3446
1120974	-5.893378e-07	1.666441e-06	1.542181e-06	17525
901479	-7.713174e-07	1.666454e-06	1.604226e-06	3446
1112718	-5.895145e-07	1.666456e-06	1.542097e-06	17525
1104462	-5.896913e-07	1.666472e-06	1.542013e-06	17525
893223	-7.715030e-07	1.666475e-06	1.604116e-06	3446
1096206	-5.898680e-07	1.666487e-06	1.541928e-06	17525
884967	-7.716887e-07	1.666495e-06	1.604005e-06	3446
1087950	-5.900447e-07	1.666503e-06	1.541844e-06	17525
876711	-7.718743e-07	1.666515e-06	1.603895e-06	3446
1079694	-5.902215e-07	1.666519e-06	1.541759e-06	17525
1071438	-5.903981e-07	1.666534e-06	1.541675e-06	17525
868455	-7.720599e-07	1.666536e-06	1.603784e-06	3446
1063182	-5.905749e-07	1.666550e-06	1.541590e-06	17525
860199	-7.722455e-07	1.666556e-06	1.603673e-06	3446
1054926	-5.907515e-07	1.666565e-06	1.541506e-06	17525
851943	-7.724311e-07	1.666577e-06	1.603563e-06	3446
1046670	-5.909282e-07	1.666581e-06	1.541421e-06	17525
1038414	-5.911048e-07	1.666597e-06	1.541336e-06	17525
843687	-7.726166e-07	1.666597e-06	1.603452e-06	3446
1030158	-5.912815e-07	1.666612e-06	1.541252e-06	17525
835431	-7.728021e-07	1.666618e-06	1.603342e-06	3446
1021902	-5.914581e-07	1.666628e-06	1.541167e-06	17525
827175	-7.729877e-07	1.666638e-06	1.603231e-06	3446
1013646	-5.916347e-07	1.666643e-06	1.541083e-06	17525
818919	-7.731732e-07	1.666658e-06	1.603120e-06	3446
1005390	-5.918113e-07	1.666659e-06	1.540998e-06	17525
997134	-5.919879e-07	1.666675e-06	1.540913e-06	17525
810663	-7.733587e-07	1.666679e-06	1.603009e-06	3446
988878	-5.921645e-07	1.666690e-06	1.540828e-06	17525
802407	-7.735442e-07	1.666699e-06	1.602899e-06	3446
980622	-5.923411e-07	1.666706e-06	1.540744e-06	17525
794151	-7.737297e-07	1.666720e-06	1.602788e-06	3446
972366	-5.925176e-07	1.666721e-06	1.540659e-06	17525
964110	-5.926941e-07	1.666737e-06	1.540574e-06	17525
785895	-7.739151e-07	1.666740e-06	1.602677e-06	3446
955854	-5.928707e-07	1.666753e-06	1.540489e-06	17525
777639	-7.741005e-07	1.666761e-06	1.602566e-06	3446
947598	-5.930472e-07	1.666768e-06	1.540404e-06	17525
769383	-7.742859e-07	1.666781e-06	1.602455e-06	3446
939342	-5.932237e-07	1.666784e-06	1.540319e-06	17525
931086	-5.934002e-07	1.666800e-06	1.540234e-06	17525
761127	-7.744713e-07	1.666802e-06	1.602344e-06	3446
922830	-5.935766e-07	1.666815e-06	1.540149e-06	17525
752871	-7.746567e-07	1.666822e-06	1.602234e-06	3446
914574	-5.937531e-07	1.666831e-06	1.540064e-06	17525
744615	-7.748420e-07	1.666843e-06	1.602123e-06	3446
906318	-5.939295e-07	1.666847e-06	1.539980e-06	17525
898062	-5.941060e-07	1.666862e-06	1.539894e-06	17525
736359	-7.750274e-07	1.666863e-06	1.602012e-06	3446
889806	-5.942824e-07	1.666878e-06	1.539809e-06	17525
728103	-7.752127e-07	1.666884e-06	1.601901e-06	3446
881550	-5.944588e-07	1.666894e-06	1.539724e-06	17525
719847	-7.753980e-07	1.666904e-06	1.601790e-06	3446
873294	-5.946352e-07	1.666909e-06	1.539639e-06	17525
711591	-7.755833e-07	1.666925e-06	1.601678e-06	3446
865038	-5.948116e-07	1.666925e-06	1.539554e-06	17525
856782	-5.949880e-07	1.666941e-06	1.539469e-06	17525
703335	-7.757686e-07	1.666945e-06	1.601567e-06	3446
848526	-5.951643e-07	1.666957e-06	1.539384e-06	17525
695079	-7.759539e-07	1.666966e-06	1.601456e-06	3446
840270	-5.953407e-07	1.666972e-06	1.539299e-06	17525
686823	-7.761391e-07	1.666986e-06	1.601345e-06	3446
832014	-5.955170e-07	1.666988e-06	1.539213e-06	17525
823758	-5.956933e-07	1.667004e-06	1.539128e-06	17525
678567	-7.763243e-07	1.667007e-06	1.601234e-06	3446
815502	-5.958696e-07	1.667020e-06	1.539043e-06	17525
670311	-7.765096e-07	1.667027e-06	1.601123e-06	3446
807246	-5.960459e-07	1.667035e-06	1.538957e-06	17525
662055	-7.766948e-07	1.667048e-06	1.601012e-06	3446
798990	-5.962222e-07	1.667051e-06	1.538872e-06	17525
790734	-5.963985e-07	1.667067e-06	1.538787e-06	17525
653799	-7.768799e-07	1.667068e-06	1.600900e-06	3446
782478	-5.965748e-07	1.667083e-06	1.538701e-06	17525
645543	-7.770651e-07	1.667089e-06	1.600789e-06	3446
774222	-5.967510e-07	1.667098e-06	1.538616e-06	17525
637287	-7.772502e-07	1.667109e-06	1.600678e-06	3446
765966	-5.969272e-07	1.667114e-06	1.538530e-06	17525
757710	-5.971035e-07	1.667130e-06	1.538445e-06	17525
629031	-7.774354e-07	1.667130e-06	1.600567e-06	3446
749454	-5.972797e-07	1.667146e-06	1.538360e-06	17525
620775	-7.776205e-07	1.667151e-06	1.600455e-06	3446
741198	-5.974558e-07	1.667161e-06	1.538274e-06	17525
612519	-7.778056e-07	1.667171e-06	1.600344e-06	3446
732942	-5.976320e-07	1.667177e-06	1.538188e-06	17525
604263	-7.779907e-07	1.667192e-06	1.600232e-06	3446
724686	-5.978082e-07	1.667193e-06	1.538103e-06	17525
716430	-5.979844e-07	1.667209e-06	1.538017e-06	17525
596007	-7.781757e-07	1.667212e-06	1.600121e-06	3446
708174	-5.981605e-07	1.667224e-06	1.537932e-06	17525
587751	-7.783608e-07	1.667233e-06	1.600010e-06	3446
699918	-5.983366e-07	1.667240e-06	1.537846e-06	17525
579495	-7.785458e-07	1.667254e-06	1.599898e-06	3446
691662	-5.985128e-07	1.667256e-06	1.537760e-06	17525
683406	-5.986889e-07	1.667272e-06	1.537675e-06	17525
571239	-7.787309e-07	1.667274e-06	1.599787e-06	3446
675150	-5.988650e-07	1.667288e-06	1.537589e-06	17525
562983	-7.789158e-07	1.667295e-06	1.599675e-06	3446
666894	-5.990410e-07	1.667303e-06	1.537503e-06	17525
554727	-7.791008e-07	1.667315e-06	1.599563e-06	3446
658638	-5.992171e-07	1.667319e-06	1.537418e-06	17525
650382	-5.993932e-07	1.667335e-06	1.537332e-06	17525
546471	-7.792858e-07	1.667336e-06	1.599452e-06	3446
642126	-5.995692e-07	1.667351e-06	1.537246e-06	17525
538215	-7.794707e-07	1.667357e-06	1.599340e-06	3446
633870	-5.997452e-07	1.667367e-06	1.537160e-06	17525
529959	-7.796556e-07	1.667377e-06	1.599229e-06	3446
625614	-5.999212e-07	1.667383e-06	1.537074e-06	17525
521703	-7.798405e-07	1.667398e-06	1.599117e-06	3446
617358	-6.000973e-07	1.667398e-06	1.536988e-06	17525
609102	-6.002733e-07	1.667414e-06	1.536902e-06	17525
513447	-7.800255e-07	1.667418e-06	1.599005e-06	3446
600846	-6.004493e-07	1.667430e-06	1.536817e-06	17525
505191	-7.802104e-07	1.667439e-06	1.598894e-06	3446
592590	-6.006252e-07	1.667446e-06	1.536730e-06	17525
496935	-7.803952e-07	1.667460e-06	1.598782e-06	3446
584334	-6.008012e-07	1.667462e-06	1.536645e-06	17525
576078	-6.009771e-07	1.667478e-06	1.536558e-06	17525
488679	-7.805801e-07	1.667480e-06	1.598670e-06	3446
567822	-6.011530e-07	1.667494e-06	1.536472e-06	17525
480423	-7.807649e-07	1.667501e-06	1.598558e-06	3446
559566	-6.013290e-07	1.667509e-06	1.536386e-06	17525
472167	-7.809497e-07	1.667522e-06	1.598446e-06	3446
551310	-6.015048e-07	1.667525e-06	1.536300e-06	17525
543054	-6.016807e-07	1.667541e-06	1.536214e-06	17525
463911	-7.811345e-07	1.667542e-06	1.598335e-06	3446
534798	-6.018566e-07	1.667557e-06	1.536128e-06	17525
455655	-7.813193e-07	1.667563e-06	1.598223e-06	3446
526542	-6.020325e-07	1.667573e-06	1.536042e-06	17525
447399	-7.815041e-07	1.667584e-06	1.598111e-06	3446
518286	-6.022083e-07	1.667589e-06	1.535956e-06	17525
439143	-7.816888e-07	1.667604e-06	1.597999e-06	3446
510030	-6.023841e-07	1.667605e-06	1.535870e-06	17525
501774	-6.025600e-07	1.667621e-06	1.535783e-06	17525
430887	-7.818736e-07	1.667625e-06	1.597887e-06	3446
493518	-6.027358e-07	1.667637e-06	1.535697e-06	17525
422631	-7.820583e-07	1.667646e-06	1.597775e-06	3446
485262	-6.029116e-07	1.667652e-06	1.535611e-06	17525
414375	-7.822430e-07	1.667666e-06	1.597663e-06	3446
477006	-6.030874e-07	1.667668e-06	1.535524e-06	17525
468750	-6.032632e-07	1.667684e-06	1.535438e-06	17525
406119	-7.824277e-07	1.667687e-06	1.597551e-06	3446
460494	-6.034389e-07	1.667700e-06	1.535352e-06	17525
397863	-7.826123e-07	1.667708e-06	1.597439e-06	3446
452238	-6.036147e-07	1.667716e-06	1.535265e-06	17525
389607	-7.827970e-07	1.667728e-06	1.597327e-06	3446
443982	-6.037904e-07	1.667732e-06	1.535179e-06	17525
435726	-6.039662e-07	1.667748e-06	1.535092e-06	17525
381351	-7.829816e-07	1.667749e-06	1.597215e-06	3446
427470	-6.041419e-07	1.667764e-06	1.535006e-06	17525
373095	-7.831662e-07	1.667770e-06	1.597102e-06	3446
419214	-6.043176e-07	1.667780e-06	1.534919e-06	17525
364839	-7.833508e-07	1.667790e-06	1.596990e-06	3446
410958	-6.044933e-07	1.667796e-06	1.534833e-06	17525
356583	-7.835354e-07	1.667811e-06	1.596878e-06	3446
402702	-6.046689e-07	1.667812e-06	1.534746e-06	17525
394446	-6.048446e-07	1.667828e-06	1.534660e-06	17525
348327	-7.837200e-07	1.667832e-06	1.596766e-06	3446
386190	-6.050202e-07	1.667844e-06	1.534573e-06	17525
340071	-7.839045e-07	1.667853e-06	1.596654e-06	3446
377934	-6.051959e-07	1.667860e-06	1.534487e-06	17525
331815	-7.840891e-07	1.667873e-06	1.596541e-06	3446
369678	-6.053715e-07	1.667876e-06	1.534400e-06	17525
361422	-6.055471e-07	1.667892e-06	1.534313e-06	17525
323559	-7.842736e-07	1.667894e-06	1.596429e-06	3446
353166	-6.057227e-07	1.667908e-06	1.534226e-06	17525
315303	-7.844581e-07	1.667915e-06	1.596317e-06	3446
344910	-6.058983e-07	1.667924e-06	1.534140e-06	17525
307047	-7.846426e-07	1.667936e-06	1.596204e-06	3446
336654	-6.060739e-07	1.667940e-06	1.534053e-06	17525
328398	-6.062494e-07	1.667956e-06	1.533966e-06	17525
298791	-7.848270e-07	1.667956e-06	1.596092e-06	3446
320142	-6.064249e-07	1.667972e-06	1.533880e-06	17525
290535	-7.850115e-07	1.667977e-06	1.595980e-06	3446
311886	-6.066005e-07	1.667988e-06	1.533793e-06	17525
282279	-7.851959e-07	1.667998e-06	1.595867e-06	3446
303630	-6.067760e-07	1.668004e-06	1.533706e-06	17525
274023	-7.853803e-07	1.668019e-06	1.595755e-06	3446
295374	-6.069515e-07	1.668020e-06	1.533619e-06	17525
287118	-6.071270e-07	1.668036e-06	1.533532e-06	17525
265767	-7.855647e-07	1.668039e-06	1.595642e-06	3446
278862	-6.073025e-07	1.668052e-06	1.533445e-06	17525
257511	-7.857491e-07	1.668060e-06	1.595530e-06	3446
270606	-6.074779e-07	1.668068e-06	1.533358e-06	17525
249255	-7.859335e-07	1.668081e-06	1.595417e-06	3446
262350	-6.076534e-07	1.668084e-06	1.533271e-06	17525
254094	-6.078288e-07	1.668100e-06	1.533184e-06	17525
240999	-7.861178e-07	1.668102e-06	1.595305e-06	3446
245838	-6.080043e-07	1.668116e-06	1.533097e-06	17525
232743	-7.863022e-07	1.668123e-06	1.595192e-06	3446
237582	-6.081797e-07	1.668132e-06	1.533010e-06	17525
224487	-7.864865e-07	1.668143e-06	1.595079e-06	3446
229326	-6.083551e-07	1.668148e-06	1.532923e-06	17525
216231	-7.866708e-07	1.668164e-06	1.594967e-06	3446
221070	-6.085305e-07	1.668164e-06	1.532836e-06	17525
212814	-6.087058e-07	1.668180e-06	1.532749e-06	17525
207975	-7.868551e-07	1.668185e-06	1.594854e-06	3446
204558	-6.088812e-07	1.668196e-06	1.532662e-06	17525
199719	-7.870393e-07	1.668206e-06	1.594741e-06	3446
196302	-6.090565e-07	1.668212e-06	1.532575e-06	17525
191463	-7.872236e-07	1.668227e-06	1.594629e-06	3446
188046	-6.092319e-07	1.668228e-06	1.532487e-06	17525
179790	-6.094072e-07	1.668245e-06	1.532400e-06	17525
183207	-7.874078e-07	1.668247e-06	1.594516e-06	3446
171534	-6.095825e-07	1.668261e-06	1.532313e-06	17525
174951	-7.875921e-07	1.668268e-06	1.594403e-06	3446
163278	-6.097578e-07	1.668277e-06	1.532225e-06	17525
166695	-7.877762e-07	1.668289e-06	1.594290e-06	3446
155022	-6.099331e-07	1.668293e-06	1.532138e-06	17525
146766	-6.101084e-07	1.668309e-06	1.532051e-06	17525
158439	-7.879604e-07	1.668310e-06	1.594178e-06	3446
138510	-6.102836e-07	1.668325e-06	1.531964e-06	17525
150183	-7.881446e-07	1.668331e-06	1.594065e-06	3446
130254	-6.104589e-07	1.668341e-06	1.531876e-06	17525
141927	-7.883287e-07	1.668352e-06	1.593952e-06	3446
121998	-6.106341e-07	1.668357e-06	1.531789e-06	17525
133671	-7.885129e-07	1.668372e-06	1.593839e-06	3446
113742	-6.108094e-07	1.668374e-06	1.531701e-06	17525
105486	-6.109846e-07	1.668390e-06	1.531614e-06	17525
125415	-7.886970e-07	1.668393e-06	1.593726e-06	3446
97230	-6.111597e-07	1.668406e-06	1.531526e-06	17525
117159	-7.888811e-07	1.668414e-06	1.593613e-06	3446
88974	-6.113349e-07	1.668422e-06	1.531439e-06	17525
108903	-7.890652e-07	1.668435e-06	1.593500e-06	3446
80718	-6.115101e-07	1.668438e-06	1.531351e-06	17525
72462	-6.116853e-07	1.668454e-06	1.531264e-06	17525
100647	-7.892492e-07	1.668456e-06	1.593387e-06	3446
64206	-6.118604e-07	1.668470e-06	1.531176e-06	17525
92391	-7.894333e-07	1.668477e-06	1.593274e-06	3446
55950	-6.120355e-07	1.668487e-06	1.531089e-06	17525
84135	-7.896173e-07	1.668498e-06	1.593161e-06	3446
47694	-6.122107e-07	1.668503e-06	1.531001e-06	17525
75879	-7.898013e-07	1.668519e-06	1.593048e-06	3446
39438	-6.123857e-07	1.668519e-06	1.530913e-06	17525
31182	-6.125608e-07	1.668535e-06	1.530826e-06	17525
67623	-7.899853e-07	1.668539e-06	1.592935e-06	3446
22926	-6.127359e-07	1.668551e-06	1.530738e-06	17525
59367	-7.901693e-07	1.668560e-06	1.592822e-06	3446
14670	-6.129110e-07	1.668567e-06	1.530650e-06	17525
51111	-7.903533e-07	1.668581e-06	1.592708e-06	3446
6414	-6.130861e-07	1.668584e-06	1.530562e-06	17525
42855	-7.905372e-07	1.668602e-06	1.592595e-06	3446
34599	-7.907212e-07	1.668623e-06	1.592482e-06	3446
26343	-7.909051e-07	1.668644e-06	1.592369e-06	3446
18087	-7.910890e-07	1.668665e-06	1.592255e-06	3446
9831	-7.912728e-07	1.668686e-06	1.592142e-06	3446
1575	-7.914567e-07	1.668707e-06	1.592029e-06	3446
1151076	-6.929743e-07	1.674150e-06	1.587228e-06	8054
1142820	-6.931573e-07	1.674169e-06	1.587129e-06	8054
1134564	-6.933403e-07	1.674187e-06	1.587030e-06	8054
1126308	-6.935232e-07	1.674205e-06	1.586931e-06	8054
1118052	-6.937062e-07	1.674224e-06	1.586831e-06	8054
1109796	-6.938892e-07	1.674242e-06	1.586732e-06	8054
1101540	-6.940721e-07	1.674260e-06	1.586633e-06	8054
1093284	-6.942550e-07	1.674279e-06	1.586533e-06	8054
1085028	-6.944380e-07	1.674297e-06	1.586434e-06	8054
1076772	-6.946208e-07	1.674315e-06	1.586334e-06	8054
1068516	-6.948038e-07	1.674334e-06	1.586235e-06	8054
1060260	-6.949866e-07	1.674352e-06	1.586135e-06	8054
1052004	-6.951695e-07	1.674370e-06	1.586036e-06	8054
1043748	-6.953523e-07	1.674389e-06	1.585936e-06	8054
1035492	-6.955351e-07	1.674407e-06	1.585837e-06	8054
1027236	-6.957179e-07	1.674426e-06	1.585737e-06	8054
1018980	-6.959007e-07	1.674444e-06	1.585638e-06	8054
1010724	-6.960835e-07	1.674462e-06	1.585538e-06	8054
1002468	-6.962663e-07	1.674481e-06	1.585438e-06	8054
994212	-6.964490e-07	1.674499e-06	1.585339e-06	8054
985956	-6.966318e-07	1.674518e-06	1.585239e-06	8054
977700	-6.968145e-07	1.674536e-06	1.585139e-06	8054
969444	-6.969972e-07	1.674554e-06	1.585039e-06	8054
961188	-6.971799e-07	1.674573e-06	1.584939e-06	8054
952932	-6.973626e-07	1.674591e-06	1.584840e-06	8054
944676	-6.975452e-07	1.674610e-06	1.584740e-06	8054
936420	-6.977278e-07	1.674628e-06	1.584640e-06	8054
928164	-6.979105e-07	1.674646e-06	1.584540e-06	8054
919908	-6.980931e-07	1.674665e-06	1.584440e-06	8054
911652	-6.982757e-07	1.674683e-06	1.584340e-06	8054
903396	-6.984583e-07	1.674702e-06	1.584240e-06	8054
895140	-6.986409e-07	1.674720e-06	1.584140e-06	8054
886884	-6.988234e-07	1.674739e-06	1.584040e-06	8054
878628	-6.990060e-07	1.674757e-06	1.583940e-06	8054
870372	-6.991885e-07	1.674776e-06	1.583840e-06	8054
862116	-6.993710e-07	1.674794e-06	1.583740e-06	8054
853860	-6.995535e-07	1.674813e-06	1.583639e-06	8054
845604	-6.997360e-07	1.674831e-06	1.583539e-06	8054
837348	-6.999185e-07	1.674850e-06	1.583439e-06	8054
829092	-7.001009e-07	1.674868e-06	1.583339e-06	8054
820836	-7.002834e-07	1.674887e-06	1.583239e-06	8054
812580	-7.004658e-07	1.674905e-06	1.583138e-06	8054
804324	-7.006482e-07	1.674924e-06	1.583038e-06	8054
796068	-7.008306e-07	1.674942e-06	1.582938e-06	8054
787812	-7.010129e-07	1.674961e-06	1.582837e-06	8054
779556	-7.011953e-07	1.674979e-06	1.582737e-06	8054
771300	-7.013777e-07	1.674998e-06	1.582637e-06	8054
763044	-7.015600e-07	1.675016e-06	1.582536e-06	8054
754788	-7.017424e-07	1.675035e-06	1.582436e-06	8054
746532	-7.019246e-07	1.675053e-06	1.582335e-06	8054
738276	-7.021069e-07	1.675072e-06	1.582235e-06	8054
730020	-7.022892e-07	1.675091e-06	1.582134e-06	8054
721764	-7.024715e-07	1.675109e-06	1.582034e-06	8054
713508	-7.026537e-07	1.675128e-06	1.581933e-06	8054
705252	-7.028360e-07	1.675146e-06	1.581832e-06	8054
696996	-7.030181e-07	1.675165e-06	1.581732e-06	8054
688740	-7.032003e-07	1.675183e-06	1.581631e-06	8054
680484	-7.033825e-07	1.675202e-06	1.581530e-06	8054
672228	-7.035647e-07	1.675221e-06	1.581430e-06	8054
663972	-7.037469e-07	1.675239e-06	1.581329e-06	8054
655716	-7.039290e-07	1.675258e-06	1.581228e-06	8054
647460	-7.041111e-07	1.675276e-06	1.581127e-06	8054
639204	-7.042933e-07	1.675295e-06	1.581026e-06	8054
630948	-7.044753e-07	1.675314e-06	1.580926e-06	8054
622692	-7.046574e-07	1.675332e-06	1.580825e-06	8054
614436	-7.048395e-07	1.675351e-06	1.580724e-06	8054
606180	-7.050215e-07	1.675370e-06	1.580623e-06	8054
597924	-7.052035e-07	1.675388e-06	1.580522e-06	8054
589668	-7.053856e-07	1.675407e-06	1.580421e-06	8054
581412	-7.055676e-07	1.675425e-06	1.580320e-06	8054
573156	-7.057496e-07	1.675444e-06	1.580219e-06	8054
564900	-7.059315e-07	1.675463e-06	1.580118e-06	8054
556644	-7.061135e-07	1.675481e-06	1.580017e-06	8054
548388	-7.062955e-07	1.675500e-06	1.579916e-06	8054
540132	-7.064774e-07	1.675519e-06	1.579814e-06	8054
531876	-7.066593e-07	1.675537e-06	1.579713e-06	8054
523620	-7.068412e-07	1.675556e-06	1.579612e-06	8054
515364	-7.070231e-07	1.675575e-06	1.579511e-06	8054
507108	-7.072049e-07	1.675593e-06	1.579410e-06	8054
498852	-7.073868e-07	1.675612e-06	1.579308e-06	8054
490596	-7.075687e-07	1.675631e-06	1.579207e-06	8054
482340	-7.077505e-07	1.675650e-06	1.579106e-06	8054
474084	-7.079323e-07	1.675668e-06	1.579004e-06	8054
465828	-7.081141e-07	1.675687e-06	1.578903e-06	8054
457572	-7.082959e-07	1.675706e-06	1.578802e-06	8054
449316	-7.084777e-07	1.675724e-06	1.578700e-06	8054
441060	-7.086594e-07	1.675743e-06	1.578599e-06	8054
432804	-7.088411e-07	1.675762e-06	1.578497e-06	8054
424548	-7.090229e-07	1.675781e-06	1.578396e-06	8054
416292	-7.092046e-07	1.675799e-06	1.578294e-06	8054
408036	-7.093863e-07	1.675818e-06	1.578192e-06	8054
399780	-7.095679e-07	1.675837e-06	1.578091e-06	8054
391524	-7.097496e-07	1.675856e-06	1.577989e-06	8054
383268	-7.099312e-07	1.675874e-06	1.577888e-06	8054
375012	-7.101129e-07	1.675893e-06	1.577786e-06	8054
366756	-7.102945e-07	1.675912e-06	1.577684e-06	8054
358500	-7.104761e-07	1.675931e-06	1.577583e-06	8054
350244	-7.106577e-07	1.675949e-06	1.577481e-06	8054
341988	-7.108392e-07	1.675968e-06	1.577379e-06	8054
333732	-7.110208e-07	1.675987e-06	1.577277e-06	8054
325476	-7.112023e-07	1.676006e-06	1.577175e-06	8054
317220	-7.113838e-07	1.676025e-06	1.577074e-06	8054
308964	-7.115653e-07	1.676043e-06	1.576972e-06	8054
300708	-7.117468e-07	1.676062e-06	1.576870e-06	8054
292452	-7.119284e-07	1.676081e-06	1.576768e-06	8054
284196	-7.121098e-07	1.676100e-06	1.576666e-06	8054
275940	-7.122912e-07	1.676119e-06	1.576564e-06	8054
267684	-7.124727e-07	1.676137e-06	1.576462e-06	8054
259428	-7.126541e-07	1.676156e-06	1.576360e-06	8054
251172	-7.128355e-07	1.676175e-06	1.576258e-06	8054
242916	-7.130169e-07	1.676194e-06	1.576156e-06	8054
234660	-7.131983e-07	1.676213e-06	1.576054e-06	8054
226404	-7.133796e-07	1.676232e-06	1.575952e-06	8054
218148	-7.135610e-07	1.676251e-06	1.575849e-06	8054
209892	-7.137423e-07	1.676269e-06	1.575747e-06	8054
201636	-7.139236e-07	1.676288e-06	1.575645e-06	8054
193380	-7.141049e-07	1.676307e-06	1.575543e-06	8054
185124	-7.142862e-07	1.676326e-06	1.575441e-06	8054
176868	-7.144674e-07	1.676345e-06	1.575338e-06	8054
168612	-7.146487e-07	1.676364e-06	1.575236e-06	8054
160356	-7.148299e-07	1.676383e-06	1.575134e-06	8054
152100	-7.150111e-07	1.676402e-06	1.575031e-06	8054
143844	-7.151924e-07	1.676420e-06	1.574929e-06	8054
135588	-7.153736e-07	1.676439e-06	1.574826e-06	8054
127332	-7.155547e-07	1.676458e-06	1.574724e-06	8054
119076	-7.157359e-07	1.676477e-06	1.574621e-06	8054
110820	-7.159171e-07	1.676496e-06	1.574519e-06	8054
102564	-7.160982e-07	1.676515e-06	1.574417e-06	8054
94308	-7.162793e-07	1.676534e-06	1.574314e-06	8054
86052	-7.164604e-07	1.676553e-06	1.574211e-06	8054
77796	-7.166415e-07	1.676572e-06	1.574109e-06	8054
69540	-7.168226e-07	1.676591e-06	1.574006e-06	8054
61284	-7.170036e-07	1.676610e-06	1.573904e-06	8054
53028	-7.171847e-07	1.676629e-06	1.573801e-06	8054
44772	-7.173657e-07	1.676648e-06	1.573698e-06	8054
36516	-7.175467e-07	1.676667e-06	1.573595e-06	8054
28260	-7.177277e-07	1.676686e-06	1.573493e-06	8054
20004	-7.179086e-07	1.676705e-06	1.573390e-06	8054
11748	-7.180896e-07	1.676724e-06	1.573287e-06	8054
3492	-7.182705e-07	1.676742e-06	1.573184e-06	8054
1153618	-8.339409e-07	1.677980e-06	1.641603e-06	15990
1145362	-8.341316e-07	1.678002e-06	1.641484e-06	15990
1137106	-8.343222e-07	1.678024e-06	1.641365e-06	15990
1128850	-8.345129e-07	1.678046e-06	1.641245e-06	15990
1120594	-8.347036e-07	1.678069e-06	1.641125e-06	15990
1112338	-8.348942e-07	1.678091e-06	1.641006e-06	15990
1104082	-8.350848e-07	1.678113e-06	1.640886e-06	15990
1095826	-8.352754e-07	1.678135e-06	1.640767e-06	15990
1087570	-8.354660e-07	1.678157e-06	1.640647e-06	15990
1079314	-8.356566e-07	1.678179e-06	1.640527e-06	15990
1071058	-8.358471e-07	1.678201e-06	1.640408e-06	15990
1062802	-8.360377e-07	1.678223e-06	1.640288e-06	15990
1054546	-8.362282e-07	1.678245e-06	1.640168e-06	15990
1046290	-8.364187e-07	1.678267e-06	1.640048e-06	15990
1038034	-8.366092e-07	1.678290e-06	1.639929e-06	15990
1029778	-8.367996e-07	1.678312e-06	1.639809e-06	15990
1021522	-8.369901e-07	1.678334e-06	1.639689e-06	15990
1013266	-8.371805e-07	1.678356e-06	1.639569e-06	15990
1005010	-8.373709e-07	1.678378e-06	1.639449e-06	15990
996754	-8.375613e-07	1.678400e-06	1.639329e-06	15990
988498	-8.377517e-07	1.678422e-06	1.639209e-06	15990
980242	-8.379420e-07	1.678445e-06	1.639089e-06	15990
971986	-8.381323e-07	1.678467e-06	1.638969e-06	15990
963730	-8.383226e-07	1.678489e-06	1.638849e-06	15990
955474	-8.385130e-07	1.678511e-06	1.638729e-06	15990
947218	-8.387033e-07	1.678533e-06	1.638609e-06	15990
938962	-8.388935e-07	1.678555e-06	1.638489e-06	15990
930706	-8.390838e-07	1.678578e-06	1.638369e-06	15990
922450	-8.392740e-07	1.678600e-06	1.638249e-06	15990
914194	-8.394642e-07	1.678622e-06	1.638128e-06	15990
905938	-8.396544e-07	1.678644e-06	1.638008e-06	15990
897682	-8.398446e-07	1.678667e-06	1.637888e-06	15990
889426	-8.400347e-07	1.678689e-06	1.637768e-06	15990
881170	-8.402249e-07	1.678711e-06	1.637647e-06	15990
872914	-8.404150e-07	1.678733e-06	1.637527e-06	15990
864658	-8.406051e-07	1.678755e-06	1.637407e-06	15990
856402	-8.407952e-07	1.678778e-06	1.637286e-06	15990
848146	-8.409853e-07	1.678800e-06	1.637166e-06	15990
839890	-8.411753e-07	1.678822e-06	1.637045e-06	15990
831634	-8.413654e-07	1.678844e-06	1.636925e-06	15990
823378	-8.415553e-07	1.678867e-06	1.636804e-06	15990
815122	-8.417454e-07	1.678889e-06	1.636684e-06	15990
806866	-8.419353e-07	1.678911e-06	1.636563e-06	15990
798610	-8.421253e-07	1.678933e-06	1.636443e-06	15990
790354	-8.423152e-07	1.678956e-06	1.636322e-06	15990
782098	-8.425052e-07	1.678978e-06	1.636201e-06	15990
773842	-8.426950e-07	1.679000e-06	1.636081e-06	15990
765586	-8.428850e-07	1.679023e-06	1.635960e-06	15990
757330	-8.430748e-07	1.679045e-06	1.635839e-06	15990
749074	-8.432647e-07	1.679067e-06	1.635718e-06	15990
740818	-8.434545e-07	1.679090e-06	1.635598e-06	15990
732562	-8.436443e-07	1.679112e-06	1.635477e-06	15990
724306	-8.438341e-07	1.679134e-06	1.635356e-06	15990
716050	-8.440239e-07	1.679157e-06	1.635235e-06	15990
707794	-8.442137e-07	1.679179e-06	1.635114e-06	15990
699538	-8.444034e-07	1.679201e-06	1.634993e-06	15990
691282	-8.445932e-07	1.679223e-06	1.634872e-06	15990
683026	-8.447828e-07	1.679246e-06	1.634751e-06	15990
674770	-8.449726e-07	1.679268e-06	1.634630e-06	15990
666514	-8.451622e-07	1.679291e-06	1.634509e-06	15990
658258	-8.453519e-07	1.679313e-06	1.634388e-06	15990
650002	-8.455415e-07	1.679335e-06	1.634267e-06	15990
1153413	-6.592337e-07	1.679351e-06	1.578900e-06	15221
641746	-8.457312e-07	1.679358e-06	1.634146e-06	15990
1145157	-6.594154e-07	1.679369e-06	1.578805e-06	15221
633490	-8.459207e-07	1.679380e-06	1.634025e-06	15990
1136901	-6.595970e-07	1.679386e-06	1.578711e-06	15221
625234	-8.461104e-07	1.679402e-06	1.633904e-06	15990
1128645	-6.597787e-07	1.679404e-06	1.578616e-06	15221
1120389	-6.599604e-07	1.679421e-06	1.578522e-06	15221
616978	-8.462999e-07	1.679425e-06	1.633783e-06	15990
1112133	-6.601420e-07	1.679439e-06	1.578427e-06	15221
608722	-8.464895e-07	1.679447e-06	1.633661e-06	15990
1103877	-6.603236e-07	1.679456e-06	1.578333e-06	15221
600466	-8.466790e-07	1.679470e-06	1.633540e-06	15990
1095621	-6.605052e-07	1.679473e-06	1.578238e-06	15221
1087365	-6.606868e-07	1.679491e-06	1.578144e-06	15221
592210	-8.468685e-07	1.679492e-06	1.633419e-06	15990
1079109	-6.608684e-07	1.679508e-06	1.578049e-06	15221
583954	-8.470580e-07	1.679514e-06	1.633298e-06	15990
1070853	-6.610499e-07	1.679526e-06	1.577955e-06	15221
575698	-8.472475e-07	1.679537e-06	1.633176e-06	15990
1062597	-6.612315e-07	1.679543e-06	1.577860e-06	15221
567442	-8.474369e-07	1.679559e-06	1.633055e-06	15990
1054341	-6.614130e-07	1.679561e-06	1.577765e-06	15221
1046085	-6.615945e-07	1.679578e-06	1.577671e-06	15221
559186	-8.476264e-07	1.679582e-06	1.632934e-06	15990
1037829	-6.617760e-07	1.679596e-06	1.577576e-06	15221
550930	-8.478158e-07	1.679604e-06	1.632812e-06	15990
1029573	-6.619575e-07	1.679613e-06	1.577481e-06	15221
542674	-8.480052e-07	1.679627e-06	1.632691e-06	15990
1021317	-6.621390e-07	1.679631e-06	1.577386e-06	15221
1013061	-6.623204e-07	1.679648e-06	1.577292e-06	15221
534418	-8.481946e-07	1.679649e-06	1.632569e-06	15990
1004805	-6.625019e-07	1.679666e-06	1.577197e-06	15221
526162	-8.483839e-07	1.679671e-06	1.632448e-06	15990
996549	-6.626833e-07	1.679683e-06	1.577102e-06	15221
517906	-8.485733e-07	1.679694e-06	1.632326e-06	15990
988293	-6.628647e-07	1.679701e-06	1.577007e-06	15221
509650	-8.487626e-07	1.679716e-06	1.632205e-06	15990
980037	-6.630461e-07	1.679718e-06	1.576912e-06	15221
971781	-6.632275e-07	1.679736e-06	1.576817e-06	15221
501394	-8.489520e-07	1.679739e-06	1.632083e-06	15990
963525	-6.634089e-07	1.679753e-06	1.576722e-06	15221
493138	-8.491413e-07	1.679761e-06	1.631961e-06	15990
955269	-6.635902e-07	1.679771e-06	1.576627e-06	15221
484882	-8.493305e-07	1.679784e-06	1.631840e-06	15990
947013	-6.637716e-07	1.679788e-06	1.576532e-06	15221
938757	-6.639529e-07	1.679806e-06	1.576437e-06	15221
476626	-8.495198e-07	1.679806e-06	1.631718e-06	15990
930501	-6.641342e-07	1.679823e-06	1.576342e-06	15221
468370	-8.497091e-07	1.679829e-06	1.631597e-06	15990
922245	-6.643156e-07	1.679841e-06	1.576247e-06	15221
460114	-8.498982e-07	1.679851e-06	1.631475e-06	15990
913989	-6.644968e-07	1.679858e-06	1.576152e-06	15221
451858	-8.500875e-07	1.679874e-06	1.631353e-06	15990
905733	-6.646781e-07	1.679876e-06	1.576057e-06	15221
897477	-6.648594e-07	1.679894e-06	1.575961e-06	15221
443602	-8.502766e-07	1.679896e-06	1.631231e-06	15990
889221	-6.650406e-07	1.679911e-06	1.575866e-06	15221
435346	-8.504658e-07	1.679919e-06	1.631110e-06	15990
880965	-6.652219e-07	1.679929e-06	1.575771e-06	15221
427090	-8.506550e-07	1.679941e-06	1.630988e-06	15990
872709	-6.654031e-07	1.679946e-06	1.575676e-06	15221
418834	-8.508441e-07	1.679964e-06	1.630866e-06	15990
864453	-6.655843e-07	1.679964e-06	1.575580e-06	15221
856197	-6.657655e-07	1.679981e-06	1.575485e-06	15221
410578	-8.510332e-07	1.679986e-06	1.630744e-06	15990
847941	-6.659466e-07	1.679999e-06	1.575390e-06	15221
402322	-8.512224e-07	1.680009e-06	1.630622e-06	15990
839685	-6.661278e-07	1.680017e-06	1.575294e-06	15221
394066	-8.514114e-07	1.680031e-06	1.630500e-06	15990
831429	-6.663089e-07	1.680034e-06	1.575199e-06	15221
823173	-6.664901e-07	1.680052e-06	1.575104e-06	15221
385810	-8.516005e-07	1.680054e-06	1.630378e-06	15990
814917	-6.666712e-07	1.680069e-06	1.575008e-06	15221
377554	-8.517895e-07	1.680076e-06	1.630256e-06	15990
806661	-6.668523e-07	1.680087e-06	1.574913e-06	15221
369298	-8.519785e-07	1.680099e-06	1.630134e-06	15990
798405	-6.670334e-07	1.680105e-06	1.574817e-06	15221
361042	-8.521675e-07	1.680121e-06	1.630012e-06	15990
790149	-6.672145e-07	1.680122e-06	1.574722e-06	15221
781893	-6.673956e-07	1.680140e-06	1.574626e-06	15221
352786	-8.523565e-07	1.680144e-06	1.629890e-06	15990
773637	-6.675766e-07	1.680158e-06	1.574531e-06	15221
344530	-8.525455e-07	1.680166e-06	1.629768e-06	15990
765381	-6.677577e-07	1.680175e-06	1.574435e-06	15221
336274	-8.527344e-07	1.680189e-06	1.629646e-06	15990
757125	-6.679387e-07	1.680193e-06	1.574339e-06	15221
748869	-6.681197e-07	1.680211e-06	1.574244e-06	15221
328018	-8.529234e-07	1.680212e-06	1.629524e-06	15990
740613	-6.683007e-07	1.680228e-06	1.574148e-06	15221
319762	-8.531123e-07	1.680234e-06	1.629402e-06	15990
732357	-6.684816e-07	1.680246e-06	1.574052e-06	15221
311506	-8.533012e-07	1.680257e-06	1.629279e-06	15990
724101	-6.686626e-07	1.680263e-06	1.573957e-06	15221
303250	-8.534901e-07	1.680279e-06	1.629157e-06	15990
715845	-6.688435e-07	1.680281e-06	1.573861e-06	15221
707589	-6.690245e-07	1.680299e-06	1.573765e-06	15221
294994	-8.536790e-07	1.680302e-06	1.629035e-06	15990
699333	-6.692054e-07	1.680316e-06	1.573669e-06	15221
286738	-8.538678e-07	1.680324e-06	1.628913e-06	15990
691077	-6.693863e-07	1.680334e-06	1.573574e-06	15221
278482	-8.540566e-07	1.680347e-06	1.628790e-06	15990
682821	-6.695672e-07	1.680352e-06	1.573478e-06	15221
270226	-8.542455e-07	1.680370e-06	1.628668e-06	15990
674565	-6.697481e-07	1.680370e-06	1.573382e-06	15221
666309	-6.699290e-07	1.680387e-06	1.573286e-06	15221
261970	-8.544342e-07	1.680392e-06	1.628546e-06	15990
658053	-6.701098e-07	1.680405e-06	1.573190e-06	15221
253714	-8.546230e-07	1.680415e-06	1.628423e-06	15990
649797	-6.702907e-07	1.680423e-06	1.573094e-06	15221
245458	-8.548118e-07	1.680437e-06	1.628301e-06	15990
641541	-6.704715e-07	1.680440e-06	1.572998e-06	15221
633285	-6.706523e-07	1.680458e-06	1.572902e-06	15221
237202	-8.550005e-07	1.680460e-06	1.628178e-06	15990
625029	-6.708331e-07	1.680476e-06	1.572806e-06	15221
228946	-8.551892e-07	1.680483e-06	1.628056e-06	15990
616773	-6.710138e-07	1.680494e-06	1.572710e-06	15221
220690	-8.553779e-07	1.680505e-06	1.627933e-06	15990
608517	-6.711946e-07	1.680511e-06	1.572614e-06	15221
212434	-8.555666e-07	1.680528e-06	1.627811e-06	15990
600261	-6.713753e-07	1.680529e-06	1.572518e-06	15221
592005	-6.715561e-07	1.680547e-06	1.572422e-06	15221
204178	-8.557553e-07	1.680551e-06	1.627688e-06	15990
583749	-6.717368e-07	1.680565e-06	1.572325e-06	15221
195922	-8.559439e-07	1.680573e-06	1.627566e-06	15990
575493	-6.719175e-07	1.680582e-06	1.572229e-06	15221
187666	-8.561325e-07	1.680596e-06	1.627443e-06	15990
567237	-6.720982e-07	1.680600e-06	1.572133e-06	15221
558981	-6.722789e-07	1.680618e-06	1.572037e-06	15221
179410	-8.563212e-07	1.680619e-06	1.627321e-06	15990
550725	-6.724596e-07	1.680635e-06	1.571941e-06	15221
171154	-8.565098e-07	1.680641e-06	1.627198e-06	15990
542469	-6.726402e-07	1.680653e-06	1.571844e-06	15221
162898	-8.566983e-07	1.680664e-06	1.627075e-06	15990
534213	-6.728209e-07	1.680671e-06	1.571748e-06	15221
154642	-8.568869e-07	1.680687e-06	1.626953e-06	15990
525957	-6.730015e-07	1.680689e-06	1.571652e-06	15221
517701	-6.731821e-07	1.680707e-06	1.571555e-06	15221
146386	-8.570754e-07	1.680709e-06	1.626830e-06	15990
509445	-6.733627e-07	1.680724e-06	1.571459e-06	15221
138130	-8.572639e-07	1.680732e-06	1.626707e-06	15990
501189	-6.735432e-07	1.680742e-06	1.571362e-06	15221
129874	-8.574524e-07	1.680755e-06	1.626584e-06	15990
492933	-6.737238e-07	1.680760e-06	1.571266e-06	15221
121618	-8.576409e-07	1.680777e-06	1.626461e-06	15990
484677	-6.739044e-07	1.680778e-06	1.571169e-06	15221
476421	-6.740849e-07	1.680796e-06	1.571073e-06	15221
113362	-8.578294e-07	1.680800e-06	1.626339e-06	15990
468165	-6.742654e-07	1.680813e-06	1.570976e-06	15221
105106	-8.580178e-07	1.680823e-06	1.626216e-06	15990
459909	-6.744460e-07	1.680831e-06	1.570880e-06	15221
96850	-8.582062e-07	1.680845e-06	1.626093e-06	15990
451653	-6.746264e-07	1.680849e-06	1.570783e-06	15221
443397	-6.748069e-07	1.680867e-06	1.570687e-06	15221
88594	-8.583946e-07	1.680868e-06	1.625970e-06	15990
435141	-6.749874e-07	1.680885e-06	1.570590e-06	15221
80338	-8.585830e-07	1.680891e-06	1.625847e-06	15990
426885	-6.751678e-07	1.680903e-06	1.570494e-06	15221
72082	-8.587714e-07	1.680913e-06	1.625724e-06	15990
418629	-6.753482e-07	1.680920e-06	1.570397e-06	15221
63826	-8.589598e-07	1.680936e-06	1.625601e-06	15990
410373	-6.755287e-07	1.680938e-06	1.570300e-06	15221
402117	-6.757091e-07	1.680956e-06	1.570203e-06	15221
55570	-8.591481e-07	1.680959e-06	1.625478e-06	15990
393861	-6.758895e-07	1.680974e-06	1.570107e-06	15221
47314	-8.593364e-07	1.680982e-06	1.625355e-06	15990
385605	-6.760699e-07	1.680992e-06	1.570010e-06	15221
39058	-8.595247e-07	1.681004e-06	1.625232e-06	15990
377349	-6.762502e-07	1.681010e-06	1.569913e-06	15221
30802	-8.597130e-07	1.681027e-06	1.625109e-06	15990
369093	-6.764306e-07	1.681028e-06	1.569816e-06	15221
360837	-6.766109e-07	1.681045e-06	1.569719e-06	15221
22546	-8.599013e-07	1.681050e-06	1.624986e-06	15990
352581	-6.767913e-07	1.681063e-06	1.569622e-06	15221
14290	-8.600895e-07	1.681073e-06	1.624862e-06	15990
344325	-6.769716e-07	1.681081e-06	1.569526e-06	15221
6034	-8.602777e-07	1.681095e-06	1.624739e-06	15990
336069	-6.771518e-07	1.681099e-06	1.569429e-06	15221
327813	-6.773321e-07	1.681117e-06	1.569332e-06	15221
319557	-6.775124e-07	1.681135e-06	1.569235e-06	15221
311301	-6.776926e-07	1.681153e-06	1.569138e-06	15221
303045	-6.778729e-07	1.681171e-06	1.569041e-06	15221
294789	-6.780531e-07	1.681189e-06	1.568944e-06	15221
286533	-6.782333e-07	1.681207e-06	1.568846e-06	15221
278277	-6.784135e-07	1.681224e-06	1.568749e-06	15221
270021	-6.785937e-07	1.681242e-06	1.568652e-06	15221
261765	-6.787739e-07	1.681260e-06	1.568555e-06	15221
253509	-6.789540e-07	1.681278e-06	1.568458e-06	15221
245253	-6.791341e-07	1.681296e-06	1.568361e-06	15221
236997	-6.793142e-07	1.681314e-06	1.568263e-06	15221
228741	-6.794943e-07	1.681332e-06	1.568166e-06	15221
220485	-6.796744e-07	1.681350e-06	1.568069e-06	15221
212229	-6.798545e-07	1.681368e-06	1.567971e-06	15221
203973	-6.800346e-07	1.681386e-06	1.567874e-06	15221
195717	-6.802146e-07	1.681404e-06	1.567777e-06	15221
187461	-6.803946e-07	1.681422e-06	1.567679e-06	15221
179205	-6.805747e-07	1.681440e-06	1.567582e-06	15221
170949	-6.807547e-07	1.681458e-06	1.567484e-06	15221
162693	-6.809346e-07	1.681476e-06	1.567387e-06	15221
154437	-6.811147e-07	1.681494e-06	1.567289e-06	15221
146181	-6.812946e-07	1.681512e-06	1.567192e-06	15221
137925	-6.814745e-07	1.681530e-06	1.567094e-06	15221
129669	-6.816545e-07	1.681548e-06	1.566997e-06	15221
121413	-6.818344e-07	1.681566e-06	1.566899e-06	15221
113157	-6.820143e-07	1.681584e-06	1.566802e-06	15221
104901	-6.821942e-07	1.681602e-06	1.566704e-06	15221
96645	-6.823741e-07	1.681620e-06	1.566606e-06	15221
88389	-6.825539e-07	1.681638e-06	1.566508e-06	15221
80133	-6.827338e-07	1.681656e-06	1.566411e-06	15221
71877	-6.829136e-07	1.681674e-06	1.566313e-06	15221
63621	-6.830934e-07	1.681692e-06	1.566215e-06	15221
55365	-6.832732e-07	1.681710e-06	1.566117e-06	15221
47109	-6.834530e-07	1.681728e-06	1.566019e-06	15221
38853	-6.836328e-07	1.681746e-06	1.565922e-06	15221
30597	-6.838125e-07	1.681764e-06	1.565824e-06	15221
22341	-6.839923e-07	1.681782e-06	1.565726e-06	15221
14085	-6.841720e-07	1.681800e-06	1.565628e-06	15221
5829	-6.843517e-07	1.681819e-06	1.565530e-06	15221
1154120	-8.383371e-07	1.683199e-06	1.646951e-06	18040
1145864	-8.385284e-07	1.683221e-06	1.646831e-06	18040
1137608	-8.387197e-07	1.683243e-06	1.646711e-06	18040
1129352	-8.389110e-07	1.683265e-06	1.646590e-06	18040
1121096	-8.391023e-07	1.683287e-06	1.646470e-06	18040
1112840	-8.392936e-07	1.683310e-06	1.646350e-06	18040
1104584	-8.394848e-07	1.683332e-06	1.646230e-06	18040
1096328	-8.396760e-07	1.683354e-06	1.646110e-06	18040
1088072	-8.398673e-07	1.683376e-06	1.645989e-06	18040
1079816	-8.400585e-07	1.683399e-06	1.645869e-06	18040
1071560	-8.402496e-07	1.683421e-06	1.645749e-06	18040
1063304	-8.404408e-07	1.683443e-06	1.645628e-06	18040
1055048	-8.406319e-07	1.683465e-06	1.645508e-06	18040
1046792	-8.408231e-07	1.683487e-06	1.645388e-06	18040
1038536	-8.410142e-07	1.683510e-06	1.645267e-06	18040
1030280	-8.412052e-07	1.683532e-06	1.645147e-06	18040
1022024	-8.413963e-07	1.683554e-06	1.645026e-06	18040
1013768	-8.415874e-07	1.683576e-06	1.644906e-06	18040
1005512	-8.417784e-07	1.683599e-06	1.644785e-06	18040
997256	-8.419694e-07	1.683621e-06	1.644665e-06	18040
989000	-8.421604e-07	1.683643e-06	1.644544e-06	18040
980744	-8.423514e-07	1.683665e-06	1.644423e-06	18040
972488	-8.425424e-07	1.683688e-06	1.644303e-06	18040
964232	-8.427333e-07	1.683710e-06	1.644182e-06	18040
955976	-8.429242e-07	1.683732e-06	1.644061e-06	18040
947720	-8.431151e-07	1.683755e-06	1.643941e-06	18040
939464	-8.433061e-07	1.683777e-06	1.643820e-06	18040
931208	-8.434969e-07	1.683799e-06	1.643699e-06	18040
922952	-8.436878e-07	1.683822e-06	1.643578e-06	18040
914696	-8.438786e-07	1.683844e-06	1.643457e-06	18040
906440	-8.440694e-07	1.683866e-06	1.643336e-06	18040
898184	-8.442602e-07	1.683889e-06	1.643216e-06	18040
889928	-8.444510e-07	1.683911e-06	1.643095e-06	18040
881672	-8.446418e-07	1.683933e-06	1.642974e-06	18040
873416	-8.448325e-07	1.683956e-06	1.642853e-06	18040
865160	-8.450232e-07	1.683978e-06	1.642732e-06	18040
856904	-8.452139e-07	1.684000e-06	1.642611e-06	18040
848648	-8.454047e-07	1.684023e-06	1.642490e-06	18040
840392	-8.455953e-07	1.684045e-06	1.642368e-06	18040
832136	-8.457860e-07	1.684067e-06	1.642247e-06	18040
823880	-8.459766e-07	1.684090e-06	1.642126e-06	18040
815624	-8.461672e-07	1.684112e-06	1.642005e-06	18040
807368	-8.463579e-07	1.684135e-06	1.641884e-06	18040
799112	-8.465484e-07	1.684157e-06	1.641763e-06	18040
790856	-8.467390e-07	1.684179e-06	1.641641e-06	18040
782600	-8.469295e-07	1.684202e-06	1.641520e-06	18040
774344	-8.471201e-07	1.684224e-06	1.641399e-06	18040
766088	-8.473106e-07	1.684247e-06	1.641277e-06	18040
757832	-8.475011e-07	1.684269e-06	1.641156e-06	18040
749576	-8.476916e-07	1.684291e-06	1.641035e-06	18040
741320	-8.478820e-07	1.684314e-06	1.640913e-06	18040
733064	-8.480724e-07	1.684336e-06	1.640792e-06	18040
724808	-8.482629e-07	1.684359e-06	1.640670e-06	18040
716552	-8.484533e-07	1.684381e-06	1.640549e-06	18040
1153999	-6.644578e-07	1.684398e-06	1.584643e-06	17526
708296	-8.486437e-07	1.684404e-06	1.640427e-06	18040
1145743	-6.646402e-07	1.684416e-06	1.584548e-06	17526
700040	-8.488340e-07	1.684426e-06	1.640306e-06	18040
1137487	-6.648226e-07	1.684434e-06	1.584453e-06	17526
691784	-8.490244e-07	1.684449e-06	1.640184e-06	18040
1129231	-6.650049e-07	1.684451e-06	1.584358e-06	17526
1120975	-6.651873e-07	1.684469e-06	1.584263e-06	17526
683528	-8.492148e-07	1.684471e-06	1.640063e-06	18040
1112719	-6.653696e-07	1.684486e-06	1.584167e-06	17526
675272	-8.494051e-07	1.684493e-06	1.639941e-06	18040
1104463	-6.655519e-07	1.684504e-06	1.584072e-06	17526
667016	-8.495953e-07	1.684516e-06	1.639819e-06	18040
1096207	-6.657341e-07	1.684521e-06	1.583977e-06	17526
658760	-8.497856e-07	1.684538e-06	1.639698e-06	18040
1087951	-6.659164e-07	1.684539e-06	1.583881e-06	17526
1079695	-6.660987e-07	1.684557e-06	1.583786e-06	17526
650504	-8.499759e-07	1.684561e-06	1.639576e-06	18040
1071439	-6.662809e-07	1.684574e-06	1.583691e-06	17526
642248	-8.501661e-07	1.684583e-06	1.639454e-06	18040
1063183	-6.664632e-07	1.684592e-06	1.583595e-06	17526
633992	-8.503563e-07	1.684606e-06	1.639332e-06	18040
1054927	-6.666454e-07	1.684609e-06	1.583500e-06	17526
1046671	-6.668276e-07	1.684627e-06	1.583404e-06	17526
625736	-8.505465e-07	1.684628e-06	1.639211e-06	18040
1038415	-6.670098e-07	1.684645e-06	1.583309e-06	17526
617480	-8.507367e-07	1.684651e-06	1.639089e-06	18040
1030159	-6.671920e-07	1.684662e-06	1.583213e-06	17526
609224	-8.509269e-07	1.684673e-06	1.638967e-06	18040
1021903	-6.673741e-07	1.684680e-06	1.583118e-06	17526
600968	-8.511171e-07	1.684696e-06	1.638845e-06	18040
1013647	-6.675563e-07	1.684698e-06	1.583022e-06	17526
1005391	-6.677384e-07	1.684715e-06	1.582927e-06	17526
592712	-8.513072e-07	1.684718e-06	1.638723e-06	18040
997135	-6.679205e-07	1.684733e-06	1.582831e-06	17526
584456	-8.514973e-07	1.684741e-06	1.638601e-06	18040
988879	-6.681026e-07	1.684750e-06	1.582735e-06	17526
576200	-8.516874e-07	1.684763e-06	1.638479e-06	18040
980623	-6.682847e-07	1.684768e-06	1.582640e-06	17526
972367	-6.684668e-07	1.684786e-06	1.582544e-06	17526
567944	-8.518775e-07	1.684786e-06	1.638357e-06	18040
964111	-6.686489e-07	1.684803e-06	1.582448e-06	17526
559688	-8.520676e-07	1.684809e-06	1.638235e-06	18040
955855	-6.688309e-07	1.684821e-06	1.582353e-06	17526
551432	-8.522576e-07	1.684831e-06	1.638113e-06	18040
947599	-6.690129e-07	1.684839e-06	1.582257e-06	17526
543176	-8.524476e-07	1.684854e-06	1.637991e-06	18040
939343	-6.691949e-07	1.684856e-06	1.582161e-06	17526
931087	-6.693770e-07	1.684874e-06	1.582065e-06	17526
534920	-8.526376e-07	1.684876e-06	1.637869e-06	18040
922831	-6.695589e-07	1.684892e-06	1.581969e-06	17526
526664	-8.528276e-07	1.684899e-06	1.637747e-06	18040
914575	-6.697409e-07	1.684909e-06	1.581874e-06	17526
518408	-8.530176e-07	1.684921e-06	1.637625e-06	18040
906319	-6.699229e-07	1.684927e-06	1.581778e-06	17526
510152	-8.532076e-07	1.684944e-06	1.637502e-06	18040
898063	-6.701048e-07	1.684945e-06	1.581682e-06	17526
889807	-6.702867e-07	1.684963e-06	1.581586e-06	17526
501896	-8.533975e-07	1.684966e-06	1.637380e-06	18040
881551	-6.704686e-07	1.684980e-06	1.581490e-06	17526
493640	-8.535874e-07	1.684989e-06	1.637258e-06	18040
873295	-6.706506e-07	1.684998e-06	1.581394e-06	17526
485384	-8.537773e-07	1.685012e-06	1.637136e-06	18040
865039	-6.708324e-07	1.685016e-06	1.581298e-06	17526
856783	-6.710143e-07	1.685033e-06	1.581202e-06	17526
477128	-8.539672e-07	1.685034e-06	1.637013e-06	18040
848527	-6.711962e-07	1.685051e-06	1.581106e-06	17526
468872	-8.541571e-07	1.685057e-06	1.636891e-06	18040
840271	-6.713780e-07	1.685069e-06	1.581010e-06	17526
460616	-8.543469e-07	1.685079e-06	1.636769e-06	18040
832015	-6.715599e-07	1.685087e-06	1.580913e-06	17526
452360	-8.545367e-07	1.685102e-06	1.636647e-06	18040
823759	-6.717417e-07	1.685104e-06	1.580817e-06	17526
815503	-6.719235e-07	1.685122e-06	1.580721e-06	17526
444104	-8.547265e-07	1.685125e-06	1.636524e-06	18040
807247	-6.721053e-07	1.685140e-06	1.580625e-06	17526
435848	-8.549163e-07	1.685147e-06	1.636402e-06	18040
798991	-6.722871e-07	1.685158e-06	1.580529e-06	17526
427592	-8.551061e-07	1.685170e-06	1.636279e-06	18040
790735	-6.724688e-07	1.685175e-06	1.580432e-06	17526
419336	-8.552959e-07	1.685193e-06	1.636157e-06	18040
782479	-6.726506e-07	1.685193e-06	1.580336e-06	17526
774223	-6.728323e-07	1.685211e-06	1.580240e-06	17526
411080	-8.554856e-07	1.685215e-06	1.636034e-06	18040
765967	-6.730140e-07	1.685229e-06	1.580143e-06	17526
402824	-8.556753e-07	1.685238e-06	1.635912e-06	18040
757711	-6.731958e-07	1.685247e-06	1.580047e-06	17526
394568	-8.558650e-07	1.685260e-06	1.635789e-06	18040
749455	-6.733774e-07	1.685264e-06	1.579951e-06	17526
741199	-6.735591e-07	1.685282e-06	1.579854e-06	17526
386312	-8.560547e-07	1.685283e-06	1.635667e-06	18040
732943	-6.737408e-07	1.685300e-06	1.579758e-06	17526
378056	-8.562444e-07	1.685306e-06	1.635544e-06	18040
724687	-6.739224e-07	1.685318e-06	1.579661e-06	17526
369800	-8.564340e-07	1.685328e-06	1.635421e-06	18040
716431	-6.741041e-07	1.685335e-06	1.579565e-06	17526
361544	-8.566236e-07	1.685351e-06	1.635299e-06	18040
708175	-6.742857e-07	1.685353e-06	1.579468e-06	17526
699919	-6.744673e-07	1.685371e-06	1.579372e-06	17526
353288	-8.568132e-07	1.685374e-06	1.635176e-06	18040
691663	-6.746488e-07	1.685389e-06	1.579275e-06	17526
345032	-8.570028e-07	1.685396e-06	1.635053e-06	18040
683407	-6.748305e-07	1.685407e-06	1.579179e-06	17526
336776	-8.571924e-07	1.685419e-06	1.634930e-06	18040
675151	-6.750120e-07	1.685425e-06	1.579082e-06	17526
328520	-8.573820e-07	1.685442e-06	1.634808e-06	18040
666895	-6.751936e-07	1.685442e-06	1.578985e-06	17526
658639	-6.753751e-07	1.685460e-06	1.578888e-06	17526
320264	-8.575715e-07	1.685464e-06	1.634685e-06	18040
650383	-6.755566e-07	1.685478e-06	1.578792e-06	17526
312008	-8.577610e-07	1.685487e-06	1.634562e-06	18040
642127	-6.757381e-07	1.685496e-06	1.578695e-06	17526
303752	-8.579505e-07	1.685510e-06	1.634439e-06	18040
633871	-6.759196e-07	1.685514e-06	1.578598e-06	17526
625615	-6.761011e-07	1.685532e-06	1.578501e-06	17526
295496	-8.581400e-07	1.685532e-06	1.634316e-06	18040
617359	-6.762825e-07	1.685549e-06	1.578405e-06	17526
287240	-8.583294e-07	1.685555e-06	1.634193e-06	18040
609103	-6.764640e-07	1.685567e-06	1.578308e-06	17526
278984	-8.585189e-07	1.685578e-06	1.634070e-06	18040
600847	-6.766454e-07	1.685585e-06	1.578211e-06	17526
270728	-8.587083e-07	1.685601e-06	1.633947e-06	18040
592591	-6.768269e-07	1.685603e-06	1.578114e-06	17526
584335	-6.770082e-07	1.685621e-06	1.578017e-06	17526
262472	-8.588977e-07	1.685623e-06	1.633824e-06	18040
576079	-6.771896e-07	1.685639e-06	1.577920e-06	17526
254216	-8.590871e-07	1.685646e-06	1.633701e-06	18040
567823	-6.773710e-07	1.685657e-06	1.577823e-06	17526
245960	-8.592765e-07	1.685669e-06	1.633578e-06	18040
559567	-6.775524e-07	1.685675e-06	1.577726e-06	17526
237704	-8.594658e-07	1.685691e-06	1.633455e-06	18040
551311	-6.777337e-07	1.685693e-06	1.577629e-06	17526
543055	-6.779150e-07	1.685710e-06	1.577532e-06	17526
229448	-8.596552e-07	1.685714e-06	1.633332e-06	18040
534799	-6.780963e-07	1.685728e-06	1.577435e-06	17526
221192	-8.598445e-07	1.685737e-06	1.633209e-06	18040
526543	-6.782777e-07	1.685746e-06	1.577338e-06	17526
212936	-8.600338e-07	1.685760e-06	1.633086e-06	18040
518287	-6.784589e-07	1.685764e-06	1.577241e-06	17526
510031	-6.786402e-07	1.685782e-06	1.577144e-06	17526
204680	-8.602231e-07	1.685783e-06	1.632963e-06	18040
501775	-6.788215e-07	1.685800e-06	1.577047e-06	17526
196424	-8.604123e-07	1.685805e-06	1.632839e-06	18040
493519	-6.790027e-07	1.685818e-06	1.576949e-06	17526
188168	-8.606016e-07	1.685828e-06	1.632716e-06	18040
485263	-6.791840e-07	1.685836e-06	1.576852e-06	17526
179912	-8.607908e-07	1.685851e-06	1.632593e-06	18040
477007	-6.793652e-07	1.685854e-06	1.576755e-06	17526
468751	-6.795464e-07	1.685872e-06	1.576658e-06	17526
171656	-8.609800e-07	1.685874e-06	1.632470e-06	18040
460495	-6.797276e-07	1.685890e-06	1.576560e-06	17526
163400	-8.611692e-07	1.685896e-06	1.632346e-06	18040
452239	-6.799087e-07	1.685908e-06	1.576463e-06	17526
155144	-8.613584e-07	1.685919e-06	1.632223e-06	18040
443983	-6.800899e-07	1.685926e-06	1.576366e-06	17526
146888	-8.615475e-07	1.685942e-06	1.632100e-06	18040
435727	-6.802711e-07	1.685944e-06	1.576268e-06	17526
427471	-6.804522e-07	1.685962e-06	1.576171e-06	17526
138632	-8.617366e-07	1.685965e-06	1.631976e-06	18040
419215	-6.806333e-07	1.685980e-06	1.576073e-06	17526
130376	-8.619257e-07	1.685988e-06	1.631853e-06	18040
410959	-6.808144e-07	1.685998e-06	1.575976e-06	17526
122120	-8.621149e-07	1.686010e-06	1.631729e-06	18040
402703	-6.809955e-07	1.686016e-06	1.575878e-06	17526
113864	-8.623039e-07	1.686033e-06	1.631606e-06	18040
394447	-6.811766e-07	1.686034e-06	1.575781e-06	17526
386191	-6.813576e-07	1.686052e-06	1.575683e-06	17526
105608	-8.624930e-07	1.686056e-06	1.631482e-06	18040
377935	-6.815387e-07	1.686070e-06	1.575586e-06	17526
97352	-8.626820e-07	1.686079e-06	1.631359e-06	18040
369679	-6.817197e-07	1.686088e-06	1.575488e-06	17526
89096	-8.628710e-07	1.686102e-06	1.631235e-06	18040
361423	-6.819007e-07	1.686106e-06	1.575391e-06	17526
353167	-6.820817e-07	1.686124e-06	1.575293e-06	17526
80840	-8.630601e-07	1.686125e-06	1.631112e-06	18040
344911	-6.822627e-07	1.686142e-06	1.575195e-06	17526
72584	-8.632491e-07	1.686147e-06	1.630988e-06	18040
336655	-6.824437e-07	1.686160e-06	1.575098e-06	17526
64328	-8.634380e-07	1.686170e-06	1.630864e-06	18040
328399	-6.826246e-07	1.686178e-06	1.575000e-06	17526
56072	-8.636270e-07	1.686193e-06	1.630741e-06	18040
320143	-6.828055e-07	1.686196e-06	1.574902e-06	17526
311887	-6.829865e-07	1.686214e-06	1.574804e-06	17526
47816	-8.638159e-07	1.686216e-06	1.630617e-06	18040
303631	-6.831674e-07	1.686232e-06	1.574707e-06	17526
39560	-8.640048e-07	1.686239e-06	1.630493e-06	18040
295375	-6.833483e-07	1.686250e-06	1.574609e-06	17526
31304	-8.641937e-07	1.686262e-06	1.630369e-06	18040
1153482	-6.861852e-07	1.686266e-06	1.594229e-06	15477
287119	-6.835292e-07	1.686268e-06	1.574511e-06	17526
1145226	-6.863689e-07	1.686284e-06	1.594131e-06	15477
23048	-8.643826e-07	1.686284e-06	1.630246e-06	18040
278863	-6.837100e-07	1.686286e-06	1.574413e-06	17526
1136970	-6.865526e-07	1.686302e-06	1.594033e-06	15477
270607	-6.838909e-07	1.686304e-06	1.574315e-06	17526
14792	-8.645715e-07	1.686307e-06	1.630122e-06	18040
1128714	-6.867363e-07	1.686321e-06	1.593934e-06	15477
262351	-6.840717e-07	1.686322e-06	1.574217e-06	17526
6536	-8.647603e-07	1.686330e-06	1.629998e-06	18040
1120458	-6.869199e-07	1.686339e-06	1.593836e-06	15477
254095	-6.842525e-07	1.686340e-06	1.574119e-06	17526
1112202	-6.871036e-07	1.686357e-06	1.593738e-06	15477
245839	-6.844334e-07	1.686358e-06	1.574021e-06	17526
1103946	-6.872872e-07	1.686375e-06	1.593639e-06	15477
237583	-6.846142e-07	1.686377e-06	1.573923e-06	17526
1095690	-6.874708e-07	1.686393e-06	1.593541e-06	15477
229327	-6.847949e-07	1.686395e-06	1.573825e-06	17526
1087434	-6.876544e-07	1.686411e-06	1.593442e-06	15477
221071	-6.849757e-07	1.686413e-06	1.573727e-06	17526
1079178	-6.878380e-07	1.686429e-06	1.593344e-06	15477
212815	-6.851565e-07	1.686431e-06	1.573629e-06	17526
1070922	-6.880215e-07	1.686448e-06	1.593246e-06	15477
204559	-6.853372e-07	1.686449e-06	1.573531e-06	17526
1062666	-6.882051e-07	1.686466e-06	1.593147e-06	15477
196303	-6.855179e-07	1.686467e-06	1.573433e-06	17526
1054410	-6.883886e-07	1.686484e-06	1.593048e-06	15477
188047	-6.856986e-07	1.686485e-06	1.573335e-06	17526
1046154	-6.885722e-07	1.686502e-06	1.592950e-06	15477
179791	-6.858793e-07	1.686503e-06	1.573236e-06	17526
1037898	-6.887557e-07	1.686520e-06	1.592851e-06	15477
171535	-6.860600e-07	1.686521e-06	1.573138e-06	17526
1029642	-6.889392e-07	1.686539e-06	1.592753e-06	15477
163279	-6.862407e-07	1.686539e-06	1.573040e-06	17526
1021386	-6.891227e-07	1.686557e-06	1.592654e-06	15477
155023	-6.864213e-07	1.686558e-06	1.572942e-06	17526
1013130	-6.893061e-07	1.686575e-06	1.592555e-06	15477
146767	-6.866020e-07	1.686576e-06	1.572843e-06	17526
1004874	-6.894896e-07	1.686593e-06	1.592457e-06	15477
138511	-6.867826e-07	1.686594e-06	1.572745e-06	17526
996618	-6.896730e-07	1.686611e-06	1.592358e-06	15477
130255	-6.869632e-07	1.686612e-06	1.572647e-06	17526
988362	-6.898564e-07	1.686630e-06	1.592259e-06	15477
121999	-6.871438e-07	1.686630e-06	1.572548e-06	17526
980106	-6.900398e-07	1.686648e-06	1.592160e-06	15477
113743	-6.873244e-07	1.686648e-06	1.572450e-06	17526
971850	-6.902232e-07	1.686666e-06	1.592061e-06	15477
105487	-6.875050e-07	1.686667e-06	1.572352e-06	17526
963594	-6.904066e-07	1.686684e-06	1.591963e-06	15477
97231	-6.876855e-07	1.686685e-06	1.572253e-06	17526
955338	-6.905900e-07	1.686703e-06	1.591864e-06	15477
88975	-6.878660e-07	1.686703e-06	1.572155e-06	17526
947082	-6.907733e-07	1.686721e-06	1.591765e-06	15477
80719	-6.880466e-07	1.686721e-06	1.572056e-06	17526
938826	-6.909566e-07	1.686739e-06	1.591666e-06	15477
72463	-6.882270e-07	1.686739e-06	1.571958e-06	17526
64207	-6.884076e-07	1.686757e-06	1.571859e-06	17526
930570	-6.911399e-07	1.686757e-06	1.591567e-06	15477
922314	-6.913232e-07	1.686776e-06	1.591468e-06	15477
55951	-6.885880e-07	1.686776e-06	1.571760e-06	17526
47695	-6.887685e-07	1.686794e-06	1.571662e-06	17526
914058	-6.915065e-07	1.686794e-06	1.591369e-06	15477
39439	-6.889489e-07	1.686812e-06	1.571563e-06	17526
905802	-6.916898e-07	1.686812e-06	1.591270e-06	15477
31183	-6.891294e-07	1.686830e-06	1.571465e-06	17526
897546	-6.918731e-07	1.686831e-06	1.591171e-06	15477
22927	-6.893098e-07	1.686848e-06	1.571366e-06	17526
889290	-6.920563e-07	1.686849e-06	1.591072e-06	15477
14671	-6.894902e-07	1.686867e-06	1.571267e-06	17526
881034	-6.922396e-07	1.686867e-06	1.590973e-06	15477
6415	-6.896706e-07	1.686885e-06	1.571168e-06	17526
872778	-6.924228e-07	1.686885e-06	1.590874e-06	15477
864522	-6.926060e-07	1.686904e-06	1.590775e-06	15477
856266	-6.927891e-07	1.686922e-06	1.590675e-06	15477
848010	-6.929723e-07	1.686940e-06	1.590576e-06	15477
839754	-6.931555e-07	1.686959e-06	1.590477e-06	15477
831498	-6.933386e-07	1.686977e-06	1.590378e-06	15477
823242	-6.935217e-07	1.686995e-06	1.590278e-06	15477
814986	-6.937048e-07	1.687014e-06	1.590179e-06	15477
806730	-6.938879e-07	1.687032e-06	1.590080e-06	15477
798474	-6.940710e-07	1.687050e-06	1.589980e-06	15477
1154058	-6.151382e-07	1.687050e-06	1.568743e-06	17781
1145802	-6.153182e-07	1.687066e-06	1.568655e-06	17781
790218	-6.942541e-07	1.687069e-06	1.589881e-06	15477
1137546	-6.154982e-07	1.687083e-06	1.568567e-06	17781
781962	-6.944371e-07	1.687087e-06	1.589782e-06	15477
1129290	-6.156782e-07	1.687099e-06	1.568479e-06	17781
773706	-6.946202e-07	1.687105e-06	1.589682e-06	15477
1121034	-6.158581e-07	1.687115e-06	1.568391e-06	17781
765450	-6.948032e-07	1.687124e-06	1.589583e-06	15477
1112778	-6.160381e-07	1.687131e-06	1.568302e-06	17781
757194	-6.949862e-07	1.687142e-06	1.589483e-06	15477
1104522	-6.162181e-07	1.687148e-06	1.568214e-06	17781
748938	-6.951692e-07	1.687160e-06	1.589384e-06	15477
1096266	-6.163980e-07	1.687164e-06	1.568126e-06	17781
740682	-6.953522e-07	1.687179e-06	1.589284e-06	15477
1088010	-6.165779e-07	1.687180e-06	1.568038e-06	17781
1079754	-6.167579e-07	1.687197e-06	1.567949e-06	17781
732426	-6.955351e-07	1.687197e-06	1.589185e-06	15477
1071498	-6.169378e-07	1.687213e-06	1.567861e-06	17781
724170	-6.957181e-07	1.687215e-06	1.589085e-06	15477
1063242	-6.171177e-07	1.687229e-06	1.567773e-06	17781
715914	-6.959010e-07	1.687234e-06	1.588985e-06	15477
1054986	-6.172975e-07	1.687245e-06	1.567684e-06	17781
707658	-6.960839e-07	1.687252e-06	1.588886e-06	15477
1046730	-6.174774e-07	1.687262e-06	1.567596e-06	17781
699402	-6.962669e-07	1.687271e-06	1.588786e-06	15477
1038474	-6.176573e-07	1.687278e-06	1.567508e-06	17781
691146	-6.964497e-07	1.687289e-06	1.588686e-06	15477
1030218	-6.178371e-07	1.687294e-06	1.567419e-06	17781
682890	-6.966326e-07	1.687307e-06	1.588587e-06	15477
1021962	-6.180169e-07	1.687311e-06	1.567331e-06	17781
674634	-6.968154e-07	1.687326e-06	1.588487e-06	15477
1013706	-6.181967e-07	1.687327e-06	1.567242e-06	17781
1005450	-6.183765e-07	1.687343e-06	1.567154e-06	17781
666378	-6.969983e-07	1.687344e-06	1.588387e-06	15477
997194	-6.185563e-07	1.687360e-06	1.567065e-06	17781
658122	-6.971811e-07	1.687363e-06	1.588287e-06	15477
988938	-6.187361e-07	1.687376e-06	1.566977e-06	17781
649866	-6.973639e-07	1.687381e-06	1.588187e-06	15477
980682	-6.189159e-07	1.687392e-06	1.566888e-06	17781
641610	-6.975467e-07	1.687400e-06	1.588087e-06	15477
972426	-6.190956e-07	1.687409e-06	1.566799e-06	17781
633354	-6.977295e-07	1.687418e-06	1.587988e-06	15477
964170	-6.192753e-07	1.687425e-06	1.566711e-06	17781
625098	-6.979123e-07	1.687436e-06	1.587888e-06	15477
955914	-6.194551e-07	1.687441e-06	1.566622e-06	17781
616842	-6.980951e-07	1.687455e-06	1.587788e-06	15477
947658	-6.196348e-07	1.687458e-06	1.566533e-06	17781
608586	-6.982778e-07	1.687473e-06	1.587688e-06	15477
939402	-6.198145e-07	1.687474e-06	1.566445e-06	17781
931146	-6.199942e-07	1.687490e-06	1.566356e-06	17781
600330	-6.984606e-07	1.687492e-06	1.587588e-06	15477
922890	-6.201738e-07	1.687507e-06	1.566267e-06	17781
592074	-6.986432e-07	1.687510e-06	1.587488e-06	15477
914634	-6.203535e-07	1.687523e-06	1.566179e-06	17781
583818	-6.988259e-07	1.687529e-06	1.587388e-06	15477
906378	-6.205331e-07	1.687540e-06	1.566090e-06	17781
575562	-6.990086e-07	1.687547e-06	1.587288e-06	15477
898122	-6.207127e-07	1.687556e-06	1.566001e-06	17781
567306	-6.991913e-07	1.687566e-06	1.587188e-06	15477
889866	-6.208924e-07	1.687572e-06	1.565912e-06	17781
559050	-6.993740e-07	1.687584e-06	1.587087e-06	15477
881610	-6.210720e-07	1.687589e-06	1.565823e-06	17781
550794	-6.995566e-07	1.687603e-06	1.586987e-06	15477
873354	-6.212516e-07	1.687605e-06	1.565734e-06	17781
542538	-6.997392e-07	1.687621e-06	1.586887e-06	15477
865098	-6.214311e-07	1.687622e-06	1.565645e-06	17781
856842	-6.216107e-07	1.687638e-06	1.565556e-06	17781
534282	-6.999218e-07	1.687640e-06	1.586787e-06	15477
848586	-6.217903e-07	1.687654e-06	1.565467e-06	17781
526026	-7.001044e-07	1.687658e-06	1.586687e-06	15477
840330	-6.219698e-07	1.687671e-06	1.565378e-06	17781
517770	-7.002870e-07	1.687677e-06	1.586586e-06	15477
832074	-6.221493e-07	1.687687e-06	1.565289e-06	17781
509514	-7.004696e-07	1.687695e-06	1.586486e-06	15477
823818	-6.223288e-07	1.687704e-06	1.565200e-06	17781
501258	-7.006521e-07	1.687714e-06	1.586386e-06	15477
815562	-6.225083e-07	1.687720e-06	1.565111e-06	17781
493002	-7.008346e-07	1.687732e-06	1.586286e-06	15477
807306	-6.226878e-07	1.687737e-06	1.565022e-06	17781
484746	-7.010171e-07	1.687751e-06	1.586185e-06	15477
799050	-6.228673e-07	1.687753e-06	1.564933e-06	17781
476490	-7.011997e-07	1.687769e-06	1.586085e-06	15477
790794	-6.230467e-07	1.687769e-06	1.564844e-06	17781
782538	-6.232262e-07	1.687786e-06	1.564754e-06	17781
468234	-7.013821e-07	1.687788e-06	1.585984e-06	15477
774282	-6.234056e-07	1.687802e-06	1.564665e-06	17781
459978	-7.015646e-07	1.687806e-06	1.585884e-06	15477
766026	-6.235850e-07	1.687819e-06	1.564576e-06	17781
451722	-7.017471e-07	1.687825e-06	1.585783e-06	15477
757770	-6.237644e-07	1.687835e-06	1.564487e-06	17781
443466	-7.019295e-07	1.687843e-06	1.585683e-06	15477
749514	-6.239438e-07	1.687852e-06	1.564397e-06	17781
435210	-7.021119e-07	1.687862e-06	1.585582e-06	15477
741258	-6.241232e-07	1.687868e-06	1.564308e-06	17781
426954	-7.022944e-07	1.687880e-06	1.585482e-06	15477
733002	-6.243026e-07	1.687885e-06	1.564219e-06	17781
418698	-7.024768e-07	1.687899e-06	1.585381e-06	15477
724746	-6.244819e-07	1.687901e-06	1.564129e-06	17781
410442	-7.026591e-07	1.687918e-06	1.585281e-06	15477
716490	-6.246613e-07	1.687918e-06	1.564040e-06	17781
708234	-6.248406e-07	1.687934e-06	1.563950e-06	17781
402186	-7.028415e-07	1.687936e-06	1.585180e-06	15477
699978	-6.250199e-07	1.687951e-06	1.563861e-06	17781
393930	-7.030239e-07	1.687955e-06	1.585079e-06	15477
691722	-6.251992e-07	1.687967e-06	1.563771e-06	17781
385674	-7.032062e-07	1.687973e-06	1.584979e-06	15477
683466	-6.253784e-07	1.687984e-06	1.563682e-06	17781
377418	-7.033885e-07	1.687992e-06	1.584878e-06	15477
675210	-6.255577e-07	1.688000e-06	1.563592e-06	17781
369162	-7.035708e-07	1.688010e-06	1.584777e-06	15477
666954	-6.257370e-07	1.688017e-06	1.563503e-06	17781
360906	-7.037531e-07	1.688029e-06	1.584677e-06	15477
658698	-6.259162e-07	1.688033e-06	1.563413e-06	17781
352650	-7.039354e-07	1.688048e-06	1.584576e-06	15477
650442	-6.260955e-07	1.688050e-06	1.563324e-06	17781
642186	-6.262747e-07	1.688066e-06	1.563234e-06	17781
344394	-7.041177e-07	1.688066e-06	1.584475e-06	15477
633930	-6.264539e-07	1.688083e-06	1.563144e-06	17781
336138	-7.043000e-07	1.688085e-06	1.584374e-06	15477
625674	-6.266331e-07	1.688099e-06	1.563055e-06	17781
327882	-7.044821e-07	1.688103e-06	1.584273e-06	15477
617418	-6.268123e-07	1.688116e-06	1.562965e-06	17781
319626	-7.046644e-07	1.688122e-06	1.584172e-06	15477
609162	-6.269914e-07	1.688133e-06	1.562875e-06	17781
311370	-7.048466e-07	1.688141e-06	1.584072e-06	15477
600906	-6.271706e-07	1.688149e-06	1.562785e-06	17781
303114	-7.050288e-07	1.688159e-06	1.583971e-06	15477
592650	-6.273497e-07	1.688166e-06	1.562696e-06	17781
294858	-7.052109e-07	1.688178e-06	1.583870e-06	15477
584394	-6.275288e-07	1.688182e-06	1.562606e-06	17781
286602	-7.053931e-07	1.688197e-06	1.583769e-06	15477
576138	-6.277079e-07	1.688199e-06	1.562516e-06	17781
567882	-6.278871e-07	1.688215e-06	1.562426e-06	17781
278346	-7.055752e-07	1.688215e-06	1.583668e-06	15477
559626	-6.280661e-07	1.688232e-06	1.562336e-06	17781
270090	-7.057574e-07	1.688234e-06	1.583567e-06	15477
551370	-6.282452e-07	1.688249e-06	1.562246e-06	17781
261834	-7.059395e-07	1.688253e-06	1.583466e-06	15477
543114	-6.284243e-07	1.688265e-06	1.562156e-06	17781
253578	-7.061216e-07	1.688271e-06	1.583364e-06	15477
534858	-6.286033e-07	1.688282e-06	1.562066e-06	17781
245322	-7.063037e-07	1.688290e-06	1.583263e-06	15477
526602	-6.287823e-07	1.688298e-06	1.561976e-06	17781
237066	-7.064858e-07	1.688309e-06	1.583162e-06	15477
518346	-6.289613e-07	1.688315e-06	1.561886e-06	17781
228810	-7.066678e-07	1.688327e-06	1.583061e-06	15477
510090	-6.291404e-07	1.688332e-06	1.561796e-06	17781
220554	-7.068498e-07	1.688346e-06	1.582960e-06	15477
501834	-6.293193e-07	1.688348e-06	1.561706e-06	17781
212298	-7.070319e-07	1.688365e-06	1.582859e-06	15477
493578	-6.294983e-07	1.688365e-06	1.561616e-06	17781
485322	-6.296773e-07	1.688381e-06	1.561526e-06	17781
204042	-7.072139e-07	1.688383e-06	1.582757e-06	15477
477066	-6.298563e-07	1.688398e-06	1.561436e-06	17781
195786	-7.073959e-07	1.688402e-06	1.582656e-06	15477
468810	-6.300352e-07	1.688415e-06	1.561345e-06	17781
187530	-7.075779e-07	1.688421e-06	1.582555e-06	15477
460554	-6.302141e-07	1.688431e-06	1.561255e-06	17781
179274	-7.077599e-07	1.688439e-06	1.582453e-06	15477
452298	-6.303931e-07	1.688448e-06	1.561165e-06	17781
171018	-7.079418e-07	1.688458e-06	1.582352e-06	15477
444042	-6.305719e-07	1.688465e-06	1.561075e-06	17781
162762	-7.081237e-07	1.688477e-06	1.582251e-06	15477
435786	-6.307508e-07	1.688481e-06	1.560985e-06	17781
154506	-7.083057e-07	1.688496e-06	1.582149e-06	15477
427530	-6.309297e-07	1.688498e-06	1.560894e-06	17781
146250	-7.084876e-07	1.688514e-06	1.582048e-06	15477
419274	-6.311085e-07	1.688515e-06	1.560804e-06	17781
411018	-6.312874e-07	1.688531e-06	1.560713e-06	17781
137994	-7.086695e-07	1.688533e-06	1.581946e-06	15477
402762	-6.314662e-07	1.688548e-06	1.560623e-06	17781
129738	-7.088513e-07	1.688552e-06	1.581845e-06	15477
394506	-6.316450e-07	1.688565e-06	1.560533e-06	17781
121482	-7.090332e-07	1.688570e-06	1.581743e-06	15477
386250	-6.318239e-07	1.688581e-06	1.560442e-06	17781
113226	-7.092150e-07	1.688589e-06	1.581642e-06	15477
377994	-6.320026e-07	1.688598e-06	1.560352e-06	17781
104970	-7.093969e-07	1.688608e-06	1.581540e-06	15477
369738	-6.321814e-07	1.688615e-06	1.560261e-06	17781
96714	-7.095787e-07	1.688627e-06	1.581439e-06	15477
361482	-6.323602e-07	1.688631e-06	1.560171e-06	17781
88458	-7.097605e-07	1.688645e-06	1.581337e-06	15477
353226	-6.325390e-07	1.688648e-06	1.560080e-06	17781
80202	-7.099422e-07	1.688664e-06	1.581236e-06	15477
344970	-6.327177e-07	1.688665e-06	1.559990e-06	17781
336714	-6.328964e-07	1.688681e-06	1.559899e-06	17781
71946	-7.101240e-07	1.688683e-06	1.581134e-06	15477
328458	-6.330751e-07	1.688698e-06	1.559808e-06	17781
63690	-7.103058e-07	1.688702e-06	1.581032e-06	15477
320202	-6.332538e-07	1.688715e-06	1.559718e-06	17781
55434	-7.104875e-07	1.688721e-06	1.580930e-06	15477
311946	-6.334325e-07	1.688732e-06	1.559627e-06	17781
47178	-7.106693e-07	1.688739e-06	1.580829e-06	15477
303690	-6.336111e-07	1.688748e-06	1.559536e-06	17781
38922	-7.108509e-07	1.688758e-06	1.580727e-06	15477
295434	-6.337898e-07	1.688765e-06	1.559446e-06	17781
30666	-7.110327e-07	1.688777e-06	1.580625e-06	15477
287178	-6.339685e-07	1.688782e-06	1.559355e-06	17781
22410	-7.112143e-07	1.688796e-06	1.580523e-06	15477
278922	-6.341471e-07	1.688799e-06	1.559264e-06	17781
14154	-7.113960e-07	1.688814e-06	1.580421e-06	15477
270666	-6.343257e-07	1.688815e-06	1.559173e-06	17781
262410	-6.345043e-07	1.688832e-06	1.559083e-06	17781
5898	-7.115776e-07	1.688833e-06	1.580320e-06	15477
254154	-6.346829e-07	1.688849e-06	1.558992e-06	17781
245898	-6.348615e-07	1.688866e-06	1.558901e-06	17781
237642	-6.350401e-07	1.688882e-06	1.558810e-06	17781
229386	-6.352186e-07	1.688899e-06	1.558719e-06	17781
221130	-6.353971e-07	1.688916e-06	1.558628e-06	17781
212874	-6.355756e-07	1.688933e-06	1.558537e-06	17781
204618	-6.357541e-07	1.688950e-06	1.558446e-06	17781
196362	-6.359327e-07	1.688966e-06	1.558355e-06	17781
188106	-6.361111e-07	1.688983e-06	1.558264e-06	17781
179850	-6.362896e-07	1.689000e-06	1.558173e-06	17781
171594	-6.364680e-07	1.689017e-06	1.558082e-06	17781
163338	-6.366465e-07	1.689034e-06	1.557991e-06	17781
155082	-6.368250e-07	1.689050e-06	1.557900e-06	17781
146826	-6.370033e-07	1.689067e-06	1.557808e-06	17781
138570	-6.371818e-07	1.689084e-06	1.557717e-06	17781
130314	-6.373601e-07	1.689101e-06	1.557626e-06	17781
122058	-6.375385e-07	1.689118e-06	1.557535e-06	17781
113802	-6.377169e-07	1.689134e-06	1.557443e-06	17781
105546	-6.378952e-07	1.689151e-06	1.557352e-06	17781
97290	-6.380735e-07	1.689168e-06	1.557261e-06	17781
89034	-6.382518e-07	1.689185e-06	1.557169e-06	17781
80778	-6.384302e-07	1.689202e-06	1.557078e-06	17781
72522	-6.386085e-07	1.689219e-06	1.556987e-06	17781
64266	-6.387867e-07	1.689236e-06	1.556895e-06	17781
56010	-6.389650e-07	1.689252e-06	1.556804e-06	17781
47754	-6.391433e-07	1.689269e-06	1.556712e-06	17781
39498	-6.393215e-07	1.689286e-06	1.556621e-06	17781
31242	-6.394997e-07	1.689303e-06	1.556529e-06	17781
22986	-6.396779e-07	1.689320e-06	1.556438e-06	17781
14730	-6.398561e-07	1.689337e-06	1.556346e-06	17781
6474	-6.400343e-07	1.689354e-06	1.556254e-06	17781
1153937	-4.465932e-07	1.689496e-06	1.507998e-06	17269
1145681	-4.467644e-07	1.689508e-06	1.507934e-06	17269
1137425	-4.469357e-07	1.689520e-06	1.507870e-06	17269
1129169	-4.471069e-07	1.689531e-06	1.507806e-06	17269
1120913	-4.472781e-07	1.689543e-06	1.507742e-06	17269
1112657	-4.474493e-07	1.689555e-06	1.507678e-06	17269
1104401	-4.476205e-07	1.689567e-06	1.507614e-06	17269
1096145	-4.477917e-07	1.689579e-06	1.507550e-06	17269
1087889	-4.479629e-07	1.689590e-06	1.507486e-06	17269
1079633	-4.481341e-07	1.689602e-06	1.507422e-06	17269
1071377	-4.483052e-07	1.689614e-06	1.507357e-06	17269
1063121	-4.484764e-07	1.689626e-06	1.507293e-06	17269
1054865	-4.486475e-07	1.689638e-06	1.507229e-06	17269
1046609	-4.488187e-07	1.689649e-06	1.507165e-06	17269
1038353	-4.489898e-07	1.689661e-06	1.507101e-06	17269
1030097	-4.491609e-07	1.689673e-06	1.507036e-06	17269
1021841	-4.493320e-07	1.689685e-06	1.506972e-06	17269
1013585	-4.495031e-07	1.689697e-06	1.506908e-06	17269
1005329	-4.496742e-07	1.689708e-06	1.506844e-06	17269
997073	-4.498453e-07	1.689720e-06	1.506779e-06	17269
988817	-4.500164e-07	1.689732e-06	1.506715e-06	17269
980561	-4.501874e-07	1.689744e-06	1.506650e-06	17269
972305	-4.503585e-07	1.689756e-06	1.506586e-06	17269
964049	-4.505295e-07	1.689768e-06	1.506522e-06	17269
955793	-4.507005e-07	1.689780e-06	1.506457e-06	17269
947537	-4.508715e-07	1.689791e-06	1.506393e-06	17269
939281	-4.510426e-07	1.689803e-06	1.506328e-06	17269
931025	-4.512136e-07	1.689815e-06	1.506264e-06	17269
922769	-4.513846e-07	1.689827e-06	1.506199e-06	17269
914513	-4.515555e-07	1.689839e-06	1.506134e-06	17269
906257	-4.517265e-07	1.689851e-06	1.506070e-06	17269
898001	-4.518975e-07	1.689863e-06	1.506005e-06	17269
889745	-4.520684e-07	1.689875e-06	1.505941e-06	17269
881489	-4.522394e-07	1.689887e-06	1.505876e-06	17269
873233	-4.524103e-07	1.689899e-06	1.505811e-06	17269
864977	-4.525812e-07	1.689911e-06	1.505746e-06	17269
856721	-4.527521e-07	1.689922e-06	1.505682e-06	17269
848465	-4.529230e-07	1.689934e-06	1.505617e-06	17269
840209	-4.530939e-07	1.689946e-06	1.505552e-06	17269
831953	-4.532648e-07	1.689958e-06	1.505487e-06	17269
823697	-4.534357e-07	1.689970e-06	1.505422e-06	17269
815441	-4.536066e-07	1.689982e-06	1.505357e-06	17269
807185	-4.537774e-07	1.689994e-06	1.505293e-06	17269
798929	-4.539483e-07	1.690006e-06	1.505228e-06	17269
790673	-4.541191e-07	1.690018e-06	1.505163e-06	17269
782417	-4.542899e-07	1.690030e-06	1.505098e-06	17269
774161	-4.544607e-07	1.690042e-06	1.505033e-06	17269
765905	-4.546316e-07	1.690054e-06	1.504968e-06	17269
757649	-4.548024e-07	1.690066e-06	1.504903e-06	17269
749393	-4.549732e-07	1.690078e-06	1.504837e-06	17269
741137	-4.551439e-07	1.690090e-06	1.504772e-06	17269
732881	-4.553147e-07	1.690102e-06	1.504707e-06	17269
724625	-4.554855e-07	1.690114e-06	1.504642e-06	17269
716369	-4.556562e-07	1.690126e-06	1.504577e-06	17269
708113	-4.558269e-07	1.690138e-06	1.504512e-06	17269
699857	-4.559977e-07	1.690150e-06	1.504446e-06	17269
691601	-4.561684e-07	1.690162e-06	1.504381e-06	17269
683345	-4.563391e-07	1.690174e-06	1.504316e-06	17269
675089	-4.565098e-07	1.690186e-06	1.504251e-06	17269
666833	-4.566805e-07	1.690198e-06	1.504185e-06	17269
658577	-4.568512e-07	1.690210e-06	1.504120e-06	17269
650321	-4.570219e-07	1.690222e-06	1.504055e-06	17269
642065	-4.571926e-07	1.690234e-06	1.503989e-06	17269
633809	-4.573632e-07	1.690246e-06	1.503924e-06	17269
625553	-4.575338e-07	1.690258e-06	1.503858e-06	17269
617297	-4.577045e-07	1.690270e-06	1.503793e-06	17269
609041	-4.578751e-07	1.690282e-06	1.503727e-06	17269
600785	-4.580457e-07	1.690294e-06	1.503662e-06	17269
592529	-4.582163e-07	1.690306e-06	1.503596e-06	17269
584273	-4.583869e-07	1.690318e-06	1.503531e-06	17269
576017	-4.585575e-07	1.690330e-06	1.503465e-06	17269
567761	-4.587281e-07	1.690343e-06	1.503400e-06	17269
559505	-4.588987e-07	1.690355e-06	1.503334e-06	17269
551249	-4.590692e-07	1.690367e-06	1.503268e-06	17269
542993	-4.592397e-07	1.690379e-06	1.503202e-06	17269
534737	-4.594103e-07	1.690391e-06	1.503137e-06	17269
526481	-4.595808e-07	1.690403e-06	1.503071e-06	17269
518225	-4.597513e-07	1.690415e-06	1.503005e-06	17269
509969	-4.599218e-07	1.690427e-06	1.502940e-06	17269
501713	-4.600923e-07	1.690439e-06	1.502874e-06	17269
493457	-4.602628e-07	1.690451e-06	1.502808e-06	17269
485201	-4.604333e-07	1.690463e-06	1.502742e-06	17269
476945	-4.606038e-07	1.690476e-06	1.502676e-06	17269
468689	-4.607742e-07	1.690488e-06	1.502610e-06	17269
460433	-4.609447e-07	1.690500e-06	1.502544e-06	17269
452177	-4.611151e-07	1.690512e-06	1.502478e-06	17269
443921	-4.612856e-07	1.690524e-06	1.502412e-06	17269
435665	-4.614560e-07	1.690536e-06	1.502346e-06	17269
427409	-4.616264e-07	1.690549e-06	1.502280e-06	17269
419153	-4.617968e-07	1.690561e-06	1.502214e-06	17269
410897	-4.619672e-07	1.690573e-06	1.502148e-06	17269
402641	-4.621376e-07	1.690585e-06	1.502082e-06	17269
394385	-4.623079e-07	1.690597e-06	1.502016e-06	17269
386129	-4.624783e-07	1.690609e-06	1.501950e-06	17269
377873	-4.626486e-07	1.690622e-06	1.501884e-06	17269
369617	-4.628190e-07	1.690634e-06	1.501817e-06	17269
361361	-4.629893e-07	1.690646e-06	1.501751e-06	17269
353105	-4.631596e-07	1.690658e-06	1.501685e-06	17269
344849	-4.633300e-07	1.690670e-06	1.501619e-06	17269
336593	-4.635003e-07	1.690683e-06	1.501552e-06	17269
328337	-4.636705e-07	1.690695e-06	1.501486e-06	17269
320081	-4.638408e-07	1.690707e-06	1.501420e-06	17269
311825	-4.640111e-07	1.690719e-06	1.501353e-06	17269
303569	-4.641814e-07	1.690731e-06	1.501287e-06	17269
295313	-4.643516e-07	1.690744e-06	1.501220e-06	17269
287057	-4.645219e-07	1.690756e-06	1.501154e-06	17269
278801	-4.646921e-07	1.690768e-06	1.501087e-06	17269
270545	-4.648623e-07	1.690780e-06	1.501021e-06	17269
262289	-4.650325e-07	1.690793e-06	1.500954e-06	17269
254033	-4.652027e-07	1.690805e-06	1.500888e-06	17269
245777	-4.653729e-07	1.690817e-06	1.500821e-06	17269
237521	-4.655431e-07	1.690829e-06	1.500755e-06	17269
229265	-4.657133e-07	1.690842e-06	1.500688e-06	17269
221009	-4.658835e-07	1.690854e-06	1.500621e-06	17269
212753	-4.660536e-07	1.690866e-06	1.500555e-06	17269
204497	-4.662238e-07	1.690878e-06	1.500488e-06	17269
196241	-4.663939e-07	1.690891e-06	1.500421e-06	17269
187985	-4.665640e-07	1.690903e-06	1.500355e-06	17269
179729	-4.667341e-07	1.690915e-06	1.500288e-06	17269
171473	-4.669042e-07	1.690928e-06	1.500221e-06	17269
163217	-4.670743e-07	1.690940e-06	1.500154e-06	17269
154961	-4.672444e-07	1.690952e-06	1.500087e-06	17269
146705	-4.674145e-07	1.690964e-06	1.500021e-06	17269
138449	-4.675846e-07	1.690977e-06	1.499954e-06	17269
130193	-4.677546e-07	1.690989e-06	1.499887e-06	17269
121937	-4.679247e-07	1.691001e-06	1.499820e-06	17269
113681	-4.680947e-07	1.691014e-06	1.499753e-06	17269
105425	-4.682647e-07	1.691026e-06	1.499686e-06	17269
97169	-4.684347e-07	1.691039e-06	1.499619e-06	17269
88913	-4.686048e-07	1.691051e-06	1.499552e-06	17269
80657	-4.687747e-07	1.691063e-06	1.499485e-06	17269
72401	-4.689447e-07	1.691076e-06	1.499418e-06	17269
64145	-4.691147e-07	1.691088e-06	1.499351e-06	17269
55889	-4.692847e-07	1.691100e-06	1.499283e-06	17269
47633	-4.694546e-07	1.691113e-06	1.499216e-06	17269
39377	-4.696246e-07	1.691125e-06	1.499149e-06	17269
31121	-4.697945e-07	1.691137e-06	1.499082e-06	17269
22865	-4.699644e-07	1.691150e-06	1.499015e-06	17269
14609	-4.701344e-07	1.691162e-06	1.498948e-06	17269
6353	-4.703043e-07	1.691174e-06	1.498880e-06	17269
1153550	-7.646539e-07	1.691545e-06	1.626402e-06	15733
1145294	-7.648420e-07	1.691565e-06	1.626292e-06	15733
1137038	-7.650302e-07	1.691585e-06	1.626183e-06	15733
1128782	-7.652183e-07	1.691606e-06	1.626073e-06	15733
1120526	-7.654064e-07	1.691626e-06	1.625964e-06	15733
1112270	-7.655945e-07	1.691646e-06	1.625854e-06	15733
1104014	-7.657826e-07	1.691666e-06	1.625744e-06	15733
1095758	-7.659707e-07	1.691687e-06	1.625635e-06	15733
1087502	-7.661587e-07	1.691707e-06	1.625525e-06	15733
1079246	-7.663468e-07	1.691727e-06	1.625415e-06	15733
1070990	-7.665348e-07	1.691747e-06	1.625305e-06	15733
1062734	-7.667228e-07	1.691768e-06	1.625196e-06	15733
1054478	-7.669108e-07	1.691788e-06	1.625086e-06	15733
1046222	-7.670988e-07	1.691808e-06	1.624976e-06	15733
1037966	-7.672867e-07	1.691829e-06	1.624866e-06	15733
1029710	-7.674747e-07	1.691849e-06	1.624756e-06	15733
1021454	-7.676626e-07	1.691869e-06	1.624646e-06	15733
1013198	-7.678505e-07	1.691889e-06	1.624536e-06	15733
1004942	-7.680384e-07	1.691910e-06	1.624426e-06	15733
996686	-7.682263e-07	1.691930e-06	1.624316e-06	15733
988430	-7.684141e-07	1.691950e-06	1.624206e-06	15733
980174	-7.686020e-07	1.691971e-06	1.624096e-06	15733
971918	-7.687898e-07	1.691991e-06	1.623986e-06	15733
963662	-7.689776e-07	1.692011e-06	1.623876e-06	15733
955406	-7.691654e-07	1.692032e-06	1.623766e-06	15733
947150	-7.693532e-07	1.692052e-06	1.623656e-06	15733
938894	-7.695410e-07	1.692072e-06	1.623546e-06	15733
930638	-7.697287e-07	1.692093e-06	1.623436e-06	15733
922382	-7.699164e-07	1.692113e-06	1.623325e-06	15733
914126	-7.701041e-07	1.692133e-06	1.623215e-06	15733
905870	-7.702918e-07	1.692154e-06	1.623105e-06	15733
897614	-7.704795e-07	1.692174e-06	1.622994e-06	15733
889358	-7.706672e-07	1.692194e-06	1.622884e-06	15733
881102	-7.708548e-07	1.692215e-06	1.622774e-06	15733
872846	-7.710424e-07	1.692235e-06	1.622663e-06	15733
864590	-7.712301e-07	1.692256e-06	1.622553e-06	15733
856334	-7.714177e-07	1.692276e-06	1.622442e-06	15733
848078	-7.716052e-07	1.692296e-06	1.622332e-06	15733
839822	-7.717928e-07	1.692317e-06	1.622221e-06	15733
831566	-7.719804e-07	1.692337e-06	1.622111e-06	15733
823310	-7.721679e-07	1.692358e-06	1.622000e-06	15733
815054	-7.723554e-07	1.692378e-06	1.621890e-06	15733
806798	-7.725429e-07	1.692399e-06	1.621779e-06	15733
798542	-7.727304e-07	1.692419e-06	1.621669e-06	15733
790286	-7.729179e-07	1.692439e-06	1.621558e-06	15733
782030	-7.731053e-07	1.692460e-06	1.621447e-06	15733
773774	-7.732928e-07	1.692480e-06	1.621336e-06	15733
765518	-7.734802e-07	1.692501e-06	1.621226e-06	15733
757262	-7.736676e-07	1.692521e-06	1.621115e-06	15733
749006	-7.738549e-07	1.692542e-06	1.621004e-06	15733
740750	-7.740423e-07	1.692562e-06	1.620893e-06	15733
732494	-7.742296e-07	1.692583e-06	1.620782e-06	15733
724238	-7.744170e-07	1.692603e-06	1.620671e-06	15733
715982	-7.746043e-07	1.692624e-06	1.620561e-06	15733
707726	-7.747916e-07	1.692644e-06	1.620450e-06	15733
699470	-7.749789e-07	1.692664e-06	1.620339e-06	15733
691214	-7.751662e-07	1.692685e-06	1.620228e-06	15733
682958	-7.753534e-07	1.692705e-06	1.620117e-06	15733
674702	-7.755407e-07	1.692726e-06	1.620006e-06	15733
666446	-7.757279e-07	1.692747e-06	1.619895e-06	15733
658190	-7.759151e-07	1.692767e-06	1.619783e-06	15733
649934	-7.761023e-07	1.692788e-06	1.619672e-06	15733
641678	-7.762894e-07	1.692808e-06	1.619561e-06	15733
633422	-7.764766e-07	1.692829e-06	1.619450e-06	15733
625166	-7.766637e-07	1.692849e-06	1.619339e-06	15733
616910	-7.768509e-07	1.692870e-06	1.619228e-06	15733
608654	-7.770380e-07	1.692890e-06	1.619116e-06	15733
600398	-7.772251e-07	1.692911e-06	1.619005e-06	15733
592142	-7.774121e-07	1.692931e-06	1.618894e-06	15733
583886	-7.775992e-07	1.692952e-06	1.618782e-06	15733
575630	-7.777862e-07	1.692972e-06	1.618671e-06	15733
567374	-7.779732e-07	1.692993e-06	1.618560e-06	15733
559118	-7.781603e-07	1.693014e-06	1.618448e-06	15733
550862	-7.783473e-07	1.693034e-06	1.618337e-06	15733
542606	-7.785342e-07	1.693055e-06	1.618225e-06	15733
534350	-7.787212e-07	1.693075e-06	1.618114e-06	15733
526094	-7.789081e-07	1.693096e-06	1.618002e-06	15733
517838	-7.790950e-07	1.693116e-06	1.617891e-06	15733
509582	-7.792819e-07	1.693137e-06	1.617779e-06	15733
501326	-7.794688e-07	1.693158e-06	1.617668e-06	15733
493070	-7.796557e-07	1.693178e-06	1.617556e-06	15733
484814	-7.798425e-07	1.693199e-06	1.617444e-06	15733
476558	-7.800294e-07	1.693220e-06	1.617332e-06	15733
468302	-7.802162e-07	1.693240e-06	1.617221e-06	15733
460046	-7.804030e-07	1.693261e-06	1.617109e-06	15733
451790	-7.805898e-07	1.693281e-06	1.616997e-06	15733
443534	-7.807766e-07	1.693302e-06	1.616885e-06	15733
435278	-7.809634e-07	1.693323e-06	1.616774e-06	15733
427022	-7.811501e-07	1.693343e-06	1.616662e-06	15733
418766	-7.813368e-07	1.693364e-06	1.616550e-06	15733
410510	-7.815235e-07	1.693385e-06	1.616438e-06	15733
402254	-7.817102e-07	1.693405e-06	1.616326e-06	15733
393998	-7.818969e-07	1.693426e-06	1.616214e-06	15733
385742	-7.820835e-07	1.693447e-06	1.616102e-06	15733
377486	-7.822702e-07	1.693467e-06	1.615990e-06	15733
369230	-7.824568e-07	1.693488e-06	1.615878e-06	15733
360974	-7.826434e-07	1.693509e-06	1.615766e-06	15733
352718	-7.828300e-07	1.693529e-06	1.615654e-06	15733
344462	-7.830166e-07	1.693550e-06	1.615542e-06	15733
336206	-7.832031e-07	1.693571e-06	1.615430e-06	15733
327950	-7.833897e-07	1.693592e-06	1.615318e-06	15733
319694	-7.835762e-07	1.693612e-06	1.615205e-06	15733
311438	-7.837627e-07	1.693633e-06	1.615093e-06	15733
303182	-7.839492e-07	1.693654e-06	1.614981e-06	15733
294926	-7.841357e-07	1.693675e-06	1.614869e-06	15733
286670	-7.843221e-07	1.693695e-06	1.614756e-06	15733
278414	-7.845086e-07	1.693716e-06	1.614644e-06	15733
270158	-7.846950e-07	1.693737e-06	1.614532e-06	15733
261902	-7.848814e-07	1.693758e-06	1.614419e-06	15733
253646	-7.850678e-07	1.693778e-06	1.614307e-06	15733
245390	-7.852542e-07	1.693799e-06	1.614194e-06	15733
237134	-7.854405e-07	1.693820e-06	1.614082e-06	15733
228878	-7.856269e-07	1.693841e-06	1.613969e-06	15733
220622	-7.858132e-07	1.693861e-06	1.613857e-06	15733
212366	-7.859995e-07	1.693882e-06	1.613744e-06	15733
204110	-7.861858e-07	1.693903e-06	1.613632e-06	15733
195854	-7.863721e-07	1.693924e-06	1.613519e-06	15733
187598	-7.865584e-07	1.693945e-06	1.613407e-06	15733
179342	-7.867446e-07	1.693965e-06	1.613294e-06	15733
171086	-7.869308e-07	1.693986e-06	1.613181e-06	15733
162830	-7.871170e-07	1.694007e-06	1.613069e-06	15733
154574	-7.873032e-07	1.694028e-06	1.612956e-06	15733
146318	-7.874894e-07	1.694049e-06	1.612843e-06	15733
138062	-7.876756e-07	1.694069e-06	1.612730e-06	15733
129806	-7.878617e-07	1.694090e-06	1.612617e-06	15733
121550	-7.880478e-07	1.694111e-06	1.612505e-06	15733
113294	-7.882339e-07	1.694132e-06	1.612392e-06	15733
105038	-7.884200e-07	1.694153e-06	1.612279e-06	15733
96782	-7.886061e-07	1.694174e-06	1.612166e-06	15733
88526	-7.887921e-07	1.694194e-06	1.612053e-06	15733
80270	-7.889782e-07	1.694215e-06	1.611940e-06	15733
72014	-7.891642e-07	1.694236e-06	1.611827e-06	15733
63758	-7.893502e-07	1.694257e-06	1.611714e-06	15733
55502	-7.895362e-07	1.694278e-06	1.611601e-06	15733
47246	-7.897222e-07	1.694299e-06	1.611488e-06	15733
38990	-7.899081e-07	1.694320e-06	1.611375e-06	15733
30734	-7.900941e-07	1.694341e-06	1.611262e-06	15733
22478	-7.902800e-07	1.694362e-06	1.611148e-06	15733
14222	-7.904659e-07	1.694382e-06	1.611035e-06	15733
5966	-7.906518e-07	1.694403e-06	1.610922e-06	15733
1153414	-7.350610e-07	1.697371e-06	1.621024e-06	15222
1145158	-7.352482e-07	1.697391e-06	1.620919e-06	15222
1136902	-7.354354e-07	1.697410e-06	1.620814e-06	15222
1128646	-7.356227e-07	1.697430e-06	1.620709e-06	15222
1120390	-7.358099e-07	1.697449e-06	1.620603e-06	15222
1112134	-7.359970e-07	1.697469e-06	1.620498e-06	15222
1103878	-7.361842e-07	1.697488e-06	1.620392e-06	15222
1095622	-7.363714e-07	1.697507e-06	1.620287e-06	15222
1087366	-7.365585e-07	1.697527e-06	1.620181e-06	15222
1079110	-7.367456e-07	1.697546e-06	1.620076e-06	15222
1070854	-7.369327e-07	1.697566e-06	1.619970e-06	15222
1062598	-7.371198e-07	1.697585e-06	1.619865e-06	15222
1054342	-7.373068e-07	1.697605e-06	1.619759e-06	15222
1046086	-7.374939e-07	1.697624e-06	1.619654e-06	15222
1037830	-7.376810e-07	1.697644e-06	1.619548e-06	15222
1029574	-7.378680e-07	1.697663e-06	1.619443e-06	15222
1021318	-7.380550e-07	1.697683e-06	1.619337e-06	15222
1013062	-7.382420e-07	1.697702e-06	1.619231e-06	15222
1004806	-7.384290e-07	1.697722e-06	1.619125e-06	15222
996550	-7.386159e-07	1.697741e-06	1.619020e-06	15222
988294	-7.388028e-07	1.697761e-06	1.618914e-06	15222
980038	-7.389898e-07	1.697780e-06	1.618808e-06	15222
971782	-7.391767e-07	1.697800e-06	1.618702e-06	15222
963526	-7.393636e-07	1.697819e-06	1.618596e-06	15222
955270	-7.395505e-07	1.697839e-06	1.618491e-06	15222
947014	-7.397373e-07	1.697859e-06	1.618385e-06	15222
938758	-7.399242e-07	1.697878e-06	1.618279e-06	15222
930502	-7.401110e-07	1.697898e-06	1.618173e-06	15222
922246	-7.402979e-07	1.697917e-06	1.618067e-06	15222
913990	-7.404847e-07	1.697937e-06	1.617961e-06	15222
905734	-7.406715e-07	1.697956e-06	1.617855e-06	15222
897478	-7.408582e-07	1.697976e-06	1.617749e-06	15222
889222	-7.410450e-07	1.697996e-06	1.617643e-06	15222
880966	-7.412317e-07	1.698015e-06	1.617536e-06	15222
872710	-7.414184e-07	1.698035e-06	1.617430e-06	15222
864454	-7.416052e-07	1.698054e-06	1.617324e-06	15222
856198	-7.417918e-07	1.698074e-06	1.617218e-06	15222
847942	-7.419785e-07	1.698094e-06	1.617112e-06	15222
839686	-7.421652e-07	1.698113e-06	1.617005e-06	15222
831430	-7.423519e-07	1.698133e-06	1.616899e-06	15222
823174	-7.425385e-07	1.698152e-06	1.616793e-06	15222
814918	-7.427251e-07	1.698172e-06	1.616687e-06	15222
806662	-7.429117e-07	1.698192e-06	1.616580e-06	15222
798406	-7.430983e-07	1.698211e-06	1.616474e-06	15222
790150	-7.432848e-07	1.698231e-06	1.616367e-06	15222
781894	-7.434714e-07	1.698251e-06	1.616261e-06	15222
773638	-7.436579e-07	1.698270e-06	1.616154e-06	15222
765382	-7.438445e-07	1.698290e-06	1.616048e-06	15222
757126	-7.440310e-07	1.698310e-06	1.615941e-06	15222
748870	-7.442175e-07	1.698329e-06	1.615835e-06	15222
740614	-7.444039e-07	1.698349e-06	1.615728e-06	15222
732358	-7.445904e-07	1.698369e-06	1.615622e-06	15222
724102	-7.447768e-07	1.698388e-06	1.615515e-06	15222
715846	-7.449632e-07	1.698408e-06	1.615408e-06	15222
707590	-7.451496e-07	1.698428e-06	1.615302e-06	15222
699334	-7.453360e-07	1.698447e-06	1.615195e-06	15222
691078	-7.455224e-07	1.698467e-06	1.615088e-06	15222
682822	-7.457088e-07	1.698487e-06	1.614981e-06	15222
674566	-7.458951e-07	1.698506e-06	1.614875e-06	15222
666310	-7.460815e-07	1.698526e-06	1.614768e-06	15222
658054	-7.462678e-07	1.698546e-06	1.614661e-06	15222
649798	-7.464541e-07	1.698566e-06	1.614554e-06	15222
641542	-7.466404e-07	1.698585e-06	1.614447e-06	15222
633286	-7.468266e-07	1.698605e-06	1.614340e-06	15222
625030	-7.470129e-07	1.698625e-06	1.614233e-06	15222
616774	-7.471991e-07	1.698645e-06	1.614126e-06	15222
608518	-7.473853e-07	1.698664e-06	1.614019e-06	15222
600262	-7.475716e-07	1.698684e-06	1.613912e-06	15222
592006	-7.477577e-07	1.698704e-06	1.613805e-06	15222
583750	-7.479439e-07	1.698724e-06	1.613698e-06	15222
575494	-7.481300e-07	1.698744e-06	1.613591e-06	15222
567238	-7.483162e-07	1.698763e-06	1.613484e-06	15222
558982	-7.485023e-07	1.698783e-06	1.613377e-06	15222
550726	-7.486884e-07	1.698803e-06	1.613270e-06	15222
542470	-7.488745e-07	1.698823e-06	1.613162e-06	15222
534214	-7.490606e-07	1.698842e-06	1.613055e-06	15222
525958	-7.492467e-07	1.698862e-06	1.612948e-06	15222
517702	-7.494327e-07	1.698882e-06	1.612840e-06	15222
509446	-7.496187e-07	1.698902e-06	1.612733e-06	15222
501190	-7.498048e-07	1.698922e-06	1.612626e-06	15222
492934	-7.499908e-07	1.698942e-06	1.612518e-06	15222
484678	-7.501768e-07	1.698961e-06	1.612411e-06	15222
476422	-7.503627e-07	1.698981e-06	1.612304e-06	15222
468166	-7.505486e-07	1.699001e-06	1.612196e-06	15222
459910	-7.507346e-07	1.699021e-06	1.612089e-06	15222
451654	-7.509205e-07	1.699041e-06	1.611981e-06	15222
443398	-7.511064e-07	1.699061e-06	1.611874e-06	15222
435142	-7.512923e-07	1.699080e-06	1.611766e-06	15222
426886	-7.514782e-07	1.699100e-06	1.611658e-06	15222
418630	-7.516640e-07	1.699120e-06	1.611551e-06	15222
410374	-7.518498e-07	1.699140e-06	1.611443e-06	15222
402118	-7.520356e-07	1.699160e-06	1.611336e-06	15222
393862	-7.522215e-07	1.699180e-06	1.611228e-06	15222
385606	-7.524073e-07	1.699200e-06	1.611120e-06	15222
377350	-7.525931e-07	1.699220e-06	1.611012e-06	15222
369094	-7.527788e-07	1.699239e-06	1.610905e-06	15222
360838	-7.529645e-07	1.699259e-06	1.610797e-06	15222
352582	-7.531503e-07	1.699279e-06	1.610689e-06	15222
344326	-7.533360e-07	1.699299e-06	1.610581e-06	15222
336070	-7.535216e-07	1.699319e-06	1.610473e-06	15222
327814	-7.537074e-07	1.699339e-06	1.610365e-06	15222
319558	-7.538930e-07	1.699359e-06	1.610257e-06	15222
311302	-7.540787e-07	1.699379e-06	1.610149e-06	15222
303046	-7.542643e-07	1.699399e-06	1.610041e-06	15222
294790	-7.544499e-07	1.699419e-06	1.609933e-06	15222
286534	-7.546355e-07	1.699439e-06	1.609825e-06	15222
278278	-7.548211e-07	1.699459e-06	1.609717e-06	15222
270022	-7.550066e-07	1.699479e-06	1.609609e-06	15222
261766	-7.551922e-07	1.699499e-06	1.609501e-06	15222
253510	-7.553778e-07	1.699519e-06	1.609393e-06	15222
245254	-7.555632e-07	1.699539e-06	1.609285e-06	15222
236998	-7.557488e-07	1.699559e-06	1.609176e-06	15222
228742	-7.559343e-07	1.699579e-06	1.609068e-06	15222
220486	-7.561197e-07	1.699598e-06	1.608960e-06	15222
212230	-7.563052e-07	1.699618e-06	1.608852e-06	15222
203974	-7.564906e-07	1.699638e-06	1.608743e-06	15222
195718	-7.566760e-07	1.699658e-06	1.608635e-06	15222
187462	-7.568614e-07	1.699678e-06	1.608527e-06	15222
179206	-7.570468e-07	1.699698e-06	1.608418e-06	15222
170950	-7.572322e-07	1.699718e-06	1.608310e-06	15222
162694	-7.574175e-07	1.699739e-06	1.608201e-06	15222
154438	-7.576029e-07	1.699759e-06	1.608093e-06	15222
146182	-7.577882e-07	1.699779e-06	1.607984e-06	15222
137926	-7.579735e-07	1.699799e-06	1.607876e-06	15222
129670	-7.581588e-07	1.699819e-06	1.607767e-06	15222
121414	-7.583441e-07	1.699839e-06	1.607659e-06	15222
113158	-7.585293e-07	1.699859e-06	1.607550e-06	15222
104902	-7.587146e-07	1.699879e-06	1.607442e-06	15222
96646	-7.588998e-07	1.699899e-06	1.607333e-06	15222
88390	-7.590850e-07	1.699919e-06	1.607224e-06	15222
80134	-7.592702e-07	1.699939e-06	1.607115e-06	15222
71878	-7.594554e-07	1.699959e-06	1.607007e-06	15222
63622	-7.596406e-07	1.699979e-06	1.606898e-06	15222
55366	-7.598257e-07	1.699999e-06	1.606789e-06	15222
47110	-7.600108e-07	1.700019e-06	1.606680e-06	15222
38854	-7.601960e-07	1.700039e-06	1.606571e-06	15222
30598	-7.603811e-07	1.700060e-06	1.606463e-06	15222
22342	-7.605661e-07	1.700080e-06	1.606354e-06	15222
14086	-7.607512e-07	1.700100e-06	1.606245e-06	15222
5830	-7.609362e-07	1.700120e-06	1.606136e-06	15222
1153483	-7.620125e-07	1.704286e-06	1.636354e-06	15478
1145227	-7.622018e-07	1.704306e-06	1.636245e-06	15478
1136971	-7.623910e-07	1.704326e-06	1.636136e-06	15478
1128715	-7.625802e-07	1.704346e-06	1.636026e-06	15478
1120459	-7.627694e-07	1.704367e-06	1.635917e-06	15478
1112203	-7.629586e-07	1.704387e-06	1.635808e-06	15478
1103947	-7.631478e-07	1.704407e-06	1.635699e-06	15478
1095691	-7.633370e-07	1.704427e-06	1.635589e-06	15478
1087435	-7.635261e-07	1.704447e-06	1.635480e-06	15478
1079179	-7.637152e-07	1.704467e-06	1.635371e-06	15478
1070923	-7.639043e-07	1.704488e-06	1.635261e-06	15478
1062667	-7.640934e-07	1.704508e-06	1.635152e-06	15478
1054411	-7.642825e-07	1.704528e-06	1.635043e-06	15478
1046155	-7.644716e-07	1.704548e-06	1.634933e-06	15478
1037899	-7.646606e-07	1.704568e-06	1.634824e-06	15478
1029643	-7.648496e-07	1.704589e-06	1.634714e-06	15478
1021387	-7.650386e-07	1.704609e-06	1.634605e-06	15478
1013131	-7.652276e-07	1.704629e-06	1.634495e-06	15478
1004875	-7.654166e-07	1.704649e-06	1.634385e-06	15478
996619	-7.656056e-07	1.704670e-06	1.634276e-06	15478
988363	-7.657945e-07	1.704690e-06	1.634166e-06	15478
980107	-7.659835e-07	1.704710e-06	1.634057e-06	15478
971851	-7.661724e-07	1.704730e-06	1.633947e-06	15478
963595	-7.663613e-07	1.704751e-06	1.633837e-06	15478
955339	-7.665502e-07	1.704771e-06	1.633727e-06	15478
947083	-7.667390e-07	1.704791e-06	1.633618e-06	15478
938827	-7.669279e-07	1.704811e-06	1.633508e-06	15478
930571	-7.671167e-07	1.704832e-06	1.633398e-06	15478
922315	-7.673056e-07	1.704852e-06	1.633288e-06	15478
914059	-7.674943e-07	1.704872e-06	1.633178e-06	15478
905803	-7.676832e-07	1.704892e-06	1.633068e-06	15478
897547	-7.678719e-07	1.704913e-06	1.632958e-06	15478
889291	-7.680607e-07	1.704933e-06	1.632848e-06	15478
881035	-7.682494e-07	1.704953e-06	1.632738e-06	15478
872779	-7.684381e-07	1.704974e-06	1.632628e-06	15478
864523	-7.686268e-07	1.704994e-06	1.632518e-06	15478
856267	-7.688155e-07	1.705014e-06	1.632408e-06	15478
848011	-7.690042e-07	1.705035e-06	1.632298e-06	15478
839755	-7.691928e-07	1.705055e-06	1.632188e-06	15478
1154059	-6.909654e-07	1.705070e-06	1.610868e-06	17782
831499	-7.693815e-07	1.705075e-06	1.632078e-06	15478
1145803	-6.911510e-07	1.705088e-06	1.610769e-06	17782
823243	-7.695701e-07	1.705096e-06	1.631968e-06	15478
1137547	-6.913365e-07	1.705107e-06	1.610670e-06	17782
814987	-7.697587e-07	1.705116e-06	1.631857e-06	15478
1129291	-6.915221e-07	1.705125e-06	1.610571e-06	17782
806731	-7.699473e-07	1.705136e-06	1.631747e-06	15478
1121035	-6.917076e-07	1.705143e-06	1.610472e-06	17782
798475	-7.701358e-07	1.705157e-06	1.631637e-06	15478
1112779	-6.918931e-07	1.705161e-06	1.610373e-06	17782
790219	-7.703244e-07	1.705177e-06	1.631527e-06	15478
1104523	-6.920787e-07	1.705180e-06	1.610274e-06	17782
781963	-7.705129e-07	1.705198e-06	1.631416e-06	15478
1096267	-6.922642e-07	1.705198e-06	1.610175e-06	17782
1088011	-6.924496e-07	1.705216e-06	1.610075e-06	17782
773707	-7.707015e-07	1.705218e-06	1.631306e-06	15478
1079755	-6.926351e-07	1.705235e-06	1.609976e-06	17782
765451	-7.708900e-07	1.705238e-06	1.631195e-06	15478
1071499	-6.928205e-07	1.705253e-06	1.609877e-06	17782
757195	-7.710785e-07	1.705259e-06	1.631085e-06	15478
1063243	-6.930060e-07	1.705271e-06	1.609778e-06	17782
748939	-7.712670e-07	1.705279e-06	1.630975e-06	15478
1054987	-6.931914e-07	1.705289e-06	1.609679e-06	17782
740683	-7.714554e-07	1.705299e-06	1.630864e-06	15478
1046731	-6.933768e-07	1.705308e-06	1.609579e-06	17782
732427	-7.716438e-07	1.705320e-06	1.630754e-06	15478
1038475	-6.935622e-07	1.705326e-06	1.609480e-06	17782
