1121833	-1.370047e-06	-2.282913e-07	3.109593e-07	21852
1113577	-1.370098e-06	-2.282549e-07	3.107628e-07	21852
1105321	-1.370148e-06	-2.282184e-07	3.105663e-07	21852
1097065	-1.370199e-06	-2.281820e-07	3.103698e-07	21852
1088809	-1.370249e-06	-2.281455e-07	3.101733e-07	21852
1080553	-1.370300e-06	-2.281091e-07	3.099768e-07	21852
1072297	-1.370350e-06	-2.280726e-07	3.097803e-07	21852
1064041	-1.370401e-06	-2.280362e-07	3.095838e-07	21852
1055785	-1.370451e-06	-2.279997e-07	3.093872e-07	21852
1047529	-1.370502e-06	-2.279632e-07	3.091907e-07	21852
1039273	-1.370552e-06	-2.279268e-07	3.089942e-07	21852
1031017	-1.370602e-06	-2.278903e-07	3.087976e-07	21852
1022761	-1.370653e-06	-2.278539e-07	3.086011e-07	21852
1014505	-1.370703e-06	-2.278174e-07	3.084045e-07	21852
1006249	-1.370753e-06	-2.277809e-07	3.082079e-07	21852
997993	-1.370804e-06	-2.277445e-07	3.080114e-07	21852
989737	-1.370854e-06	-2.277080e-07	3.078148e-07	21852
981481	-1.370904e-06	-2.276715e-07	3.076182e-07	21852
973225	-1.370954e-06	-2.276350e-07	3.074216e-07	21852
964969	-1.371004e-06	-2.275986e-07	3.072250e-07	21852
956713	-1.371055e-06	-2.275621e-07	3.070284e-07	21852
948457	-1.371105e-06	-2.275256e-07	3.068317e-07	21852
940201	-1.371155e-06	-2.274891e-07	3.066351e-07	21852
931945	-1.371205e-06	-2.274527e-07	3.064385e-07	21852
923689	-1.371255e-06	-2.274162e-07	3.062418e-07	21852
915433	-1.371305e-06	-2.273797e-07	3.060452e-07	21852
907177	-1.371354e-06	-2.273432e-07	3.058485e-07	21852
898921	-1.371404e-06	-2.273067e-07	3.056519e-07	21852
890665	-1.371454e-06	-2.272702e-07	3.054552e-07	21852
882409	-1.371504e-06	-2.272338e-07	3.052585e-07	21852
874153	-1.371554e-06	-2.271973e-07	3.050618e-07	21852
865897	-1.371604e-06	-2.271608e-07	3.048652e-07	21852
857641	-1.371653e-06	-2.271243e-07	3.046684e-07	21852
849385	-1.371703e-06	-2.270878e-07	3.044717e-07	21852
841129	-1.371753e-06	-2.270513e-07	3.042750e-07	21852
832873	-1.371802e-06	-2.270148e-07	3.040783e-07	21852
824617	-1.371852e-06	-2.269783e-07	3.038816e-07	21852
816361	-1.371902e-06	-2.269418e-07	3.036848e-07	21852
808105	-1.371951e-06	-2.269053e-07	3.034881e-07	21852
799849	-1.372001e-06	-2.268688e-07	3.032914e-07	21852
791593	-1.372050e-06	-2.268323e-07	3.030946e-07	21852
783337	-1.372100e-06	-2.267958e-07	3.028978e-07	21852
775081	-1.372149e-06	-2.267593e-07	3.027011e-07	21852
766825	-1.372199e-06	-2.267228e-07	3.025043e-07	21852
758569	-1.372248e-06	-2.266863e-07	3.023075e-07	21852
750313	-1.372297e-06	-2.266498e-07	3.021107e-07	21852
742057	-1.372347e-06	-2.266133e-07	3.019139e-07	21852
733801	-1.372396e-06	-2.265768e-07	3.017171e-07	21852
725545	-1.372445e-06	-2.265403e-07	3.015203e-07	21852
717289	-1.372495e-06	-2.265037e-07	3.013235e-07	21852
709033	-1.372544e-06	-2.264672e-07	3.011266e-07	21852
700777	-1.372593e-06	-2.264307e-07	3.009298e-07	21852
692521	-1.372642e-06	-2.263942e-07	3.007329e-07	21852
684265	-1.372691e-06	-2.263577e-07	3.005361e-07	21852
676009	-1.372740e-06	-2.263211e-07	3.003393e-07	21852
667753	-1.372789e-06	-2.262846e-07	3.001424e-07	21852
659497	-1.372839e-06	-2.262481e-07	2.999455e-07	21852
651241	-1.372888e-06	-2.262116e-07	2.997486e-07	21852
642985	-1.372937e-06	-2.261751e-07	2.995518e-07	21852
634729	-1.372986e-06	-2.261385e-07	2.993549e-07	21852
626473	-1.373034e-06	-2.261020e-07	2.991580e-07	21852
618217	-1.373083e-06	-2.260655e-07	2.989611e-07	21852
609961	-1.373132e-06	-2.260289e-07	2.987641e-07	21852
601705	-1.373181e-06	-2.259924e-07	2.985672e-07	21852
593449	-1.373230e-06	-2.259559e-07	2.983703e-07	21852
585193	-1.373279e-06	-2.259193e-07	2.981734e-07	21852
576937	-1.373327e-06	-2.258828e-07	2.979764e-07	21852
568681	-1.373376e-06	-2.258463e-07	2.977795e-07	21852
560425	-1.373425e-06	-2.258097e-07	2.975825e-07	21852
552169	-1.373474e-06	-2.257732e-07	2.973856e-07	21852
543913	-1.373522e-06	-2.257366e-07	2.971886e-07	21852
535657	-1.373571e-06	-2.257001e-07	2.969916e-07	21852
527401	-1.373619e-06	-2.256636e-07	2.967947e-07	21852
519145	-1.373668e-06	-2.256270e-07	2.965977e-07	21852
510889	-1.373716e-06	-2.255905e-07	2.964007e-07	21852
502633	-1.373765e-06	-2.255539e-07	2.962037e-07	21852
494377	-1.373813e-06	-2.255174e-07	2.960067e-07	21852
486121	-1.373862e-06	-2.254808e-07	2.958097e-07	21852
477865	-1.373910e-06	-2.254443e-07	2.956126e-07	21852
469609	-1.373959e-06	-2.254077e-07	2.954156e-07	21852
461353	-1.374007e-06	-2.253712e-07	2.952186e-07	21852
453097	-1.374055e-06	-2.253346e-07	2.950215e-07	21852
444841	-1.374104e-06	-2.252981e-07	2.948245e-07	21852
436585	-1.374152e-06	-2.252615e-07	2.946274e-07	21852
428329	-1.374200e-06	-2.252249e-07	2.944304e-07	21852
420073	-1.374248e-06	-2.251884e-07	2.942333e-07	21852
411817	-1.374296e-06	-2.251518e-07	2.940362e-07	21852
403561	-1.374345e-06	-2.251152e-07	2.938391e-07	21852
395305	-1.374393e-06	-2.250787e-07	2.936420e-07	21852
387049	-1.374441e-06	-2.250421e-07	2.934449e-07	21852
378793	-1.374489e-06	-2.250056e-07	2.932478e-07	21852
370537	-1.374537e-06	-2.249690e-07	2.930507e-07	21852
362281	-1.374585e-06	-2.249324e-07	2.928536e-07	21852
354025	-1.374633e-06	-2.248958e-07	2.926564e-07	21852
345769	-1.374681e-06	-2.248593e-07	2.924593e-07	21852
337513	-1.374729e-06	-2.248227e-07	2.922622e-07	21852
329257	-1.374777e-06	-2.247861e-07	2.920650e-07	21852
321001	-1.374824e-06	-2.247495e-07	2.918679e-07	21852
312745	-1.374872e-06	-2.247130e-07	2.916707e-07	21852
304489	-1.374920e-06	-2.246764e-07	2.914736e-07	21852
296233	-1.374968e-06	-2.246398e-07	2.912764e-07	21852
287977	-1.375015e-06	-2.246032e-07	2.910792e-07	21852
279721	-1.375063e-06	-2.245666e-07	2.908820e-07	21852
271465	-1.375111e-06	-2.245300e-07	2.906848e-07	21852
263209	-1.375158e-06	-2.244935e-07	2.904876e-07	21852
254953	-1.375206e-06	-2.244569e-07	2.902904e-07	21852
246697	-1.375254e-06	-2.244203e-07	2.900932e-07	21852
238441	-1.375301e-06	-2.243837e-07	2.898960e-07	21852
230185	-1.375349e-06	-2.243471e-07	2.896987e-07	21852
221929	-1.375396e-06	-2.243105e-07	2.895015e-07	21852
213673	-1.375444e-06	-2.242739e-07	2.893042e-07	21852
205417	-1.375491e-06	-2.242373e-07	2.891070e-07	21852
197161	-1.375539e-06	-2.242007e-07	2.889097e-07	21852
188905	-1.375586e-06	-2.241641e-07	2.887125e-07	21852
180649	-1.375633e-06	-2.241275e-07	2.885152e-07	21852
172393	-1.375681e-06	-2.240909e-07	2.883179e-07	21852
164137	-1.375728e-06	-2.240543e-07	2.881206e-07	21852
155881	-1.375775e-06	-2.240177e-07	2.879233e-07	21852
147625	-1.375822e-06	-2.239811e-07	2.877261e-07	21852
139369	-1.375870e-06	-2.239445e-07	2.875288e-07	21852
131113	-1.375917e-06	-2.239079e-07	2.873314e-07	21852
122857	-1.375964e-06	-2.238713e-07	2.871341e-07	21852
114601	-1.376011e-06	-2.238347e-07	2.869368e-07	21852
106345	-1.376058e-06	-2.237981e-07	2.867395e-07	21852
98089	-1.376105e-06	-2.237615e-07	2.865421e-07	21852
89833	-1.376152e-06	-2.237249e-07	2.863448e-07	21852
81577	-1.376199e-06	-2.236882e-07	2.861474e-07	21852
73321	-1.376246e-06	-2.236516e-07	2.859501e-07	21852
65065	-1.376293e-06	-2.236150e-07	2.857527e-07	21852
56809	-1.376340e-06	-2.235784e-07	2.855553e-07	21852
48553	-1.376387e-06	-2.235418e-07	2.853580e-07	21852
40297	-1.376434e-06	-2.235052e-07	2.851606e-07	21852
32041	-1.376481e-06	-2.234685e-07	2.849632e-07	21852
23785	-1.376528e-06	-2.234319e-07	2.847658e-07	21852
15529	-1.376574e-06	-2.233953e-07	2.845684e-07	21852
7273	-1.376621e-06	-2.233587e-07	2.843710e-07	21852
1153858	-1.235488e-06	-2.137365e-07	2.938350e-07	16996
1145602	-1.235536e-06	-2.137037e-07	2.936578e-07	16996
1137346	-1.235584e-06	-2.136708e-07	2.934806e-07	16996
1129090	-1.235632e-06	-2.136379e-07	2.933034e-07	16996
1120834	-1.235679e-06	-2.136050e-07	2.931262e-07	16996
1112578	-1.235727e-06	-2.135722e-07	2.929490e-07	16996
1104322	-1.235775e-06	-2.135393e-07	2.927718e-07	16996
1096066	-1.235822e-06	-2.135064e-07	2.925946e-07	16996
1087810	-1.235870e-06	-2.134735e-07	2.924173e-07	16996
1079554	-1.235917e-06	-2.134407e-07	2.922401e-07	16996
1071298	-1.235965e-06	-2.134078e-07	2.920629e-07	16996
1063042	-1.236013e-06	-2.133749e-07	2.918856e-07	16996
1054786	-1.236060e-06	-2.133420e-07	2.917083e-07	16996
1046530	-1.236108e-06	-2.133091e-07	2.915311e-07	16996
1038274	-1.236155e-06	-2.132763e-07	2.913538e-07	16996
1030018	-1.236202e-06	-2.132434e-07	2.911765e-07	16996
1021762	-1.236250e-06	-2.132105e-07	2.909993e-07	16996
1013506	-1.236297e-06	-2.131776e-07	2.908220e-07	16996
1005250	-1.236345e-06	-2.131447e-07	2.906447e-07	16996
996994	-1.236392e-06	-2.131118e-07	2.904674e-07	16996
988738	-1.236439e-06	-2.130789e-07	2.902901e-07	16996
980482	-1.236487e-06	-2.130460e-07	2.901128e-07	16996
972226	-1.236534e-06	-2.130131e-07	2.899354e-07	16996
963970	-1.236581e-06	-2.129802e-07	2.897581e-07	16996
955714	-1.236628e-06	-2.129473e-07	2.895808e-07	16996
947458	-1.236676e-06	-2.129144e-07	2.894034e-07	16996
939202	-1.236723e-06	-2.128815e-07	2.892261e-07	16996
930946	-1.236770e-06	-2.128486e-07	2.890487e-07	16996
922690	-1.236817e-06	-2.128157e-07	2.888713e-07	16996
914434	-1.236864e-06	-2.127828e-07	2.886940e-07	16996
906178	-1.236911e-06	-2.127499e-07	2.885166e-07	16996
897922	-1.236958e-06	-2.127170e-07	2.883392e-07	16996
889666	-1.237005e-06	-2.126841e-07	2.881618e-07	16996
881410	-1.237052e-06	-2.126512e-07	2.879844e-07	16996
873154	-1.237099e-06	-2.126183e-07	2.878070e-07	16996
864898	-1.237146e-06	-2.125854e-07	2.876296e-07	16996
856642	-1.237193e-06	-2.125525e-07	2.874522e-07	16996
848386	-1.237240e-06	-2.125196e-07	2.872748e-07	16996
840130	-1.237286e-06	-2.124866e-07	2.870973e-07	16996
831874	-1.237333e-06	-2.124537e-07	2.869199e-07	16996
823618	-1.237380e-06	-2.124208e-07	2.867424e-07	16996
815362	-1.237427e-06	-2.123879e-07	2.865650e-07	16996
807106	-1.237473e-06	-2.123550e-07	2.863875e-07	16996
798850	-1.237520e-06	-2.123220e-07	2.862101e-07	16996
790594	-1.237567e-06	-2.122891e-07	2.860326e-07	16996
782338	-1.237614e-06	-2.122562e-07	2.858551e-07	16996
774082	-1.237660e-06	-2.122233e-07	2.856776e-07	16996
765826	-1.237707e-06	-2.121903e-07	2.855001e-07	16996
757570	-1.237753e-06	-2.121574e-07	2.853226e-07	16996
749314	-1.237800e-06	-2.121245e-07	2.851451e-07	16996
741058	-1.237847e-06	-2.120915e-07	2.849676e-07	16996
732802	-1.237893e-06	-2.120586e-07	2.847901e-07	16996
724546	-1.237939e-06	-2.120257e-07	2.846126e-07	16996
716290	-1.237986e-06	-2.119928e-07	2.844351e-07	16996
708034	-1.238032e-06	-2.119598e-07	2.842575e-07	16996
699778	-1.238079e-06	-2.119269e-07	2.840800e-07	16996
691522	-1.238125e-06	-2.118939e-07	2.839024e-07	16996
683266	-1.238171e-06	-2.118610e-07	2.837249e-07	16996
675010	-1.238218e-06	-2.118281e-07	2.835473e-07	16996
666754	-1.238264e-06	-2.117951e-07	2.833697e-07	16996
658498	-1.238310e-06	-2.117622e-07	2.831922e-07	16996
650242	-1.238357e-06	-2.117292e-07	2.830146e-07	16996
641986	-1.238403e-06	-2.116963e-07	2.828370e-07	16996
633730	-1.238449e-06	-2.116633e-07	2.826594e-07	16996
625474	-1.238495e-06	-2.116304e-07	2.824818e-07	16996
617218	-1.238541e-06	-2.115974e-07	2.823042e-07	16996
608962	-1.238587e-06	-2.115645e-07	2.821265e-07	16996
600706	-1.238633e-06	-2.115315e-07	2.819489e-07	16996
592450	-1.238679e-06	-2.114986e-07	2.817713e-07	16996
584194	-1.238725e-06	-2.114656e-07	2.815937e-07	16996
575938	-1.238771e-06	-2.114327e-07	2.814160e-07	16996
567682	-1.238817e-06	-2.113997e-07	2.812384e-07	16996
559426	-1.238863e-06	-2.113668e-07	2.810607e-07	16996
551170	-1.238909e-06	-2.113338e-07	2.808830e-07	16996
542914	-1.238955e-06	-2.113008e-07	2.807054e-07	16996
534658	-1.239001e-06	-2.112679e-07	2.805277e-07	16996
526402	-1.239047e-06	-2.112349e-07	2.803500e-07	16996
518146	-1.239093e-06	-2.112020e-07	2.801723e-07	16996
509890	-1.239138e-06	-2.111690e-07	2.799946e-07	16996
501634	-1.239184e-06	-2.111360e-07	2.798169e-07	16996
493378	-1.239230e-06	-2.111031e-07	2.796392e-07	16996
485122	-1.239276e-06	-2.110701e-07	2.794615e-07	16996
476866	-1.239321e-06	-2.110371e-07	2.792838e-07	16996
468610	-1.239367e-06	-2.110041e-07	2.791060e-07	16996
460354	-1.239413e-06	-2.109712e-07	2.789283e-07	16996
452098	-1.239458e-06	-2.109382e-07	2.787505e-07	16996
443842	-1.239504e-06	-2.109052e-07	2.785728e-07	16996
435586	-1.239549e-06	-2.108722e-07	2.783950e-07	16996
427330	-1.239595e-06	-2.108393e-07	2.782173e-07	16996
419074	-1.239640e-06	-2.108063e-07	2.780395e-07	16996
410818	-1.239686e-06	-2.107733e-07	2.778617e-07	16996
402562	-1.239731e-06	-2.107403e-07	2.776840e-07	16996
394306	-1.239777e-06	-2.107074e-07	2.775062e-07	16996
386050	-1.239822e-06	-2.106744e-07	2.773284e-07	16996
377794	-1.239867e-06	-2.106414e-07	2.771506e-07	16996
369538	-1.239913e-06	-2.106084e-07	2.769728e-07	16996
361282	-1.239958e-06	-2.105754e-07	2.767949e-07	16996
353026	-1.240003e-06	-2.105424e-07	2.766171e-07	16996
344770	-1.240049e-06	-2.105094e-07	2.764393e-07	16996
336514	-1.240094e-06	-2.104764e-07	2.762615e-07	16996
328258	-1.240139e-06	-2.104434e-07	2.760836e-07	16996
320002	-1.240184e-06	-2.104104e-07	2.759058e-07	16996
311746	-1.240229e-06	-2.103775e-07	2.757279e-07	16996
303490	-1.240274e-06	-2.103445e-07	2.755501e-07	16996
295234	-1.240320e-06	-2.103115e-07	2.753722e-07	16996
286978	-1.240365e-06	-2.102785e-07	2.751943e-07	16996
278722	-1.240410e-06	-2.102455e-07	2.750164e-07	16996
270466	-1.240455e-06	-2.102125e-07	2.748386e-07	16996
262210	-1.240500e-06	-2.101795e-07	2.746607e-07	16996
253954	-1.240545e-06	-2.101465e-07	2.744828e-07	16996
245698	-1.240590e-06	-2.101135e-07	2.743049e-07	16996
237442	-1.240634e-06	-2.100805e-07	2.741270e-07	16996
229186	-1.240679e-06	-2.100474e-07	2.739490e-07	16996
220930	-1.240724e-06	-2.100144e-07	2.737711e-07	16996
212674	-1.240769e-06	-2.099814e-07	2.735932e-07	16996
204418	-1.240814e-06	-2.099484e-07	2.734153e-07	16996
196162	-1.240859e-06	-2.099154e-07	2.732373e-07	16996
187906	-1.240903e-06	-2.098824e-07	2.730594e-07	16996
179650	-1.240948e-06	-2.098494e-07	2.728814e-07	16996
171394	-1.240993e-06	-2.098164e-07	2.727034e-07	16996
163138	-1.241037e-06	-2.097834e-07	2.725255e-07	16996
154882	-1.241082e-06	-2.097503e-07	2.723475e-07	16996
146626	-1.241127e-06	-2.097173e-07	2.721695e-07	16996
138370	-1.241171e-06	-2.096843e-07	2.719915e-07	16996
130114	-1.241216e-06	-2.096513e-07	2.718135e-07	16996
121858	-1.241261e-06	-2.096182e-07	2.716355e-07	16996
113602	-1.241305e-06	-2.095852e-07	2.714575e-07	16996
105346	-1.241350e-06	-2.095522e-07	2.712795e-07	16996
97090	-1.241394e-06	-2.095192e-07	2.711015e-07	16996
88834	-1.241438e-06	-2.094861e-07	2.709234e-07	16996
80578	-1.241483e-06	-2.094531e-07	2.707454e-07	16996
72322	-1.241527e-06	-2.094201e-07	2.705674e-07	16996
64066	-1.241572e-06	-2.093871e-07	2.703893e-07	16996
55810	-1.241616e-06	-2.093540e-07	2.702113e-07	16996
47554	-1.241660e-06	-2.093210e-07	2.700332e-07	16996
39298	-1.241704e-06	-2.092880e-07	2.698551e-07	16996
31042	-1.241749e-06	-2.092549e-07	2.696771e-07	16996
22786	-1.241793e-06	-2.092219e-07	2.694990e-07	16996
14530	-1.241837e-06	-2.091888e-07	2.693209e-07	16996
6274	-1.241881e-06	-2.091558e-07	2.691428e-07	16996
1153245	-1.444611e-06	-2.044328e-07	3.637668e-07	14682
1144989	-1.444669e-06	-2.043944e-07	3.635596e-07	14682
1136733	-1.444726e-06	-2.043559e-07	3.633525e-07	14682
1128477	-1.444784e-06	-2.043175e-07	3.631453e-07	14682
1120221	-1.444841e-06	-2.042791e-07	3.629381e-07	14682
1111965	-1.444899e-06	-2.042406e-07	3.627309e-07	14682
1103709	-1.444956e-06	-2.042022e-07	3.625237e-07	14682
1095453	-1.445014e-06	-2.041638e-07	3.623165e-07	14682
1087197	-1.445071e-06	-2.041253e-07	3.621092e-07	14682
1078941	-1.445129e-06	-2.040869e-07	3.619020e-07	14682
1070685	-1.445186e-06	-2.040484e-07	3.616948e-07	14682
1062429	-1.445243e-06	-2.040100e-07	3.614875e-07	14682
1054173	-1.445300e-06	-2.039715e-07	3.612803e-07	14682
1045917	-1.445357e-06	-2.039331e-07	3.610730e-07	14682
1037661	-1.445415e-06	-2.038946e-07	3.608657e-07	14682
1029405	-1.445472e-06	-2.038562e-07	3.606584e-07	14682
1021149	-1.445529e-06	-2.038177e-07	3.604511e-07	14682
1012893	-1.445586e-06	-2.037793e-07	3.602439e-07	14682
1004637	-1.445643e-06	-2.037408e-07	3.600366e-07	14682
996381	-1.445700e-06	-2.037024e-07	3.598292e-07	14682
988125	-1.445757e-06	-2.036639e-07	3.596219e-07	14682
979869	-1.445814e-06	-2.036254e-07	3.594146e-07	14682
971613	-1.445871e-06	-2.035870e-07	3.592072e-07	14682
963357	-1.445928e-06	-2.035485e-07	3.589999e-07	14682
955101	-1.445985e-06	-2.035101e-07	3.587925e-07	14682
946845	-1.446042e-06	-2.034716e-07	3.585852e-07	14682
938589	-1.446099e-06	-2.034331e-07	3.583778e-07	14682
930333	-1.446155e-06	-2.033947e-07	3.581704e-07	14682
922077	-1.446212e-06	-2.033562e-07	3.579630e-07	14682
913821	-1.446269e-06	-2.033177e-07	3.577556e-07	14682
905565	-1.446326e-06	-2.032792e-07	3.575482e-07	14682
897309	-1.446382e-06	-2.032408e-07	3.573408e-07	14682
889053	-1.446439e-06	-2.032023e-07	3.571334e-07	14682
880797	-1.446496e-06	-2.031638e-07	3.569260e-07	14682
872541	-1.446552e-06	-2.031253e-07	3.567185e-07	14682
864285	-1.446609e-06	-2.030868e-07	3.565111e-07	14682
856029	-1.446665e-06	-2.030484e-07	3.563036e-07	14682
847773	-1.446722e-06	-2.030099e-07	3.560962e-07	14682
839517	-1.446778e-06	-2.029714e-07	3.558887e-07	14682
831261	-1.446835e-06	-2.029329e-07	3.556812e-07	14682
823005	-1.446891e-06	-2.028944e-07	3.554737e-07	14682
814749	-1.446947e-06	-2.028559e-07	3.552663e-07	14682
806493	-1.447004e-06	-2.028174e-07	3.550587e-07	14682
798237	-1.447060e-06	-2.027789e-07	3.548512e-07	14682
789981	-1.447116e-06	-2.027404e-07	3.546437e-07	14682
781725	-1.447172e-06	-2.027019e-07	3.544362e-07	14682
773469	-1.447229e-06	-2.026634e-07	3.542287e-07	14682
765213	-1.447285e-06	-2.026249e-07	3.540211e-07	14682
756957	-1.447341e-06	-2.025864e-07	3.538136e-07	14682
748701	-1.447397e-06	-2.025479e-07	3.536060e-07	14682
740445	-1.447453e-06	-2.025094e-07	3.533984e-07	14682
732189	-1.447509e-06	-2.024709e-07	3.531909e-07	14682
723933	-1.447565e-06	-2.024324e-07	3.529833e-07	14682
715677	-1.447621e-06	-2.023939e-07	3.527757e-07	14682
707421	-1.447677e-06	-2.023554e-07	3.525681e-07	14682
699165	-1.447733e-06	-2.023169e-07	3.523605e-07	14682
690909	-1.447789e-06	-2.022784e-07	3.521529e-07	14682
682653	-1.447845e-06	-2.022399e-07	3.519453e-07	14682
674397	-1.447901e-06	-2.022013e-07	3.517376e-07	14682
666141	-1.447956e-06	-2.021628e-07	3.515300e-07	14682
657885	-1.448012e-06	-2.021243e-07	3.513223e-07	14682
649629	-1.448068e-06	-2.020858e-07	3.511147e-07	14682
641373	-1.448124e-06	-2.020473e-07	3.509070e-07	14682
633117	-1.448179e-06	-2.020087e-07	3.506993e-07	14682
624861	-1.448235e-06	-2.019702e-07	3.504917e-07	14682
616605	-1.448291e-06	-2.019317e-07	3.502840e-07	14682
608349	-1.448346e-06	-2.018931e-07	3.500763e-07	14682
600093	-1.448402e-06	-2.018546e-07	3.498686e-07	14682
591837	-1.448457e-06	-2.018161e-07	3.496609e-07	14682
583581	-1.448513e-06	-2.017776e-07	3.494532e-07	14682
575325	-1.448568e-06	-2.017390e-07	3.492454e-07	14682
567069	-1.448624e-06	-2.017005e-07	3.490377e-07	14682
558813	-1.448679e-06	-2.016619e-07	3.488300e-07	14682
550557	-1.448734e-06	-2.016234e-07	3.486222e-07	14682
542301	-1.448790e-06	-2.015849e-07	3.484145e-07	14682
534045	-1.448845e-06	-2.015463e-07	3.482067e-07	14682
525789	-1.448900e-06	-2.015078e-07	3.479989e-07	14682
517533	-1.448956e-06	-2.014692e-07	3.477911e-07	14682
509277	-1.449011e-06	-2.014307e-07	3.475834e-07	14682
501021	-1.449066e-06	-2.013921e-07	3.473756e-07	14682
492765	-1.449121e-06	-2.013536e-07	3.471677e-07	14682
484509	-1.449176e-06	-2.013150e-07	3.469599e-07	14682
476253	-1.449231e-06	-2.012765e-07	3.467521e-07	14682
467997	-1.449286e-06	-2.012379e-07	3.465443e-07	14682
459741	-1.449342e-06	-2.011994e-07	3.463364e-07	14682
451485	-1.449396e-06	-2.011608e-07	3.461286e-07	14682
443229	-1.449451e-06	-2.011223e-07	3.459207e-07	14682
434973	-1.449506e-06	-2.010837e-07	3.457129e-07	14682
426717	-1.449561e-06	-2.010451e-07	3.455050e-07	14682
418461	-1.449616e-06	-2.010066e-07	3.452971e-07	14682
410205	-1.449671e-06	-2.009680e-07	3.450893e-07	14682
401949	-1.449726e-06	-2.009294e-07	3.448814e-07	14682
393693	-1.449781e-06	-2.008909e-07	3.446735e-07	14682
385437	-1.449835e-06	-2.008523e-07	3.444655e-07	14682
377181	-1.449890e-06	-2.008137e-07	3.442576e-07	14682
368925	-1.449945e-06	-2.007752e-07	3.440497e-07	14682
360669	-1.449999e-06	-2.007366e-07	3.438418e-07	14682
352413	-1.450054e-06	-2.006980e-07	3.436338e-07	14682
344157	-1.450109e-06	-2.006594e-07	3.434259e-07	14682
335901	-1.450163e-06	-2.006209e-07	3.432179e-07	14682
327645	-1.450218e-06	-2.005823e-07	3.430100e-07	14682
319389	-1.450272e-06	-2.005437e-07	3.428020e-07	14682
311133	-1.450327e-06	-2.005051e-07	3.425940e-07	14682
302877	-1.450381e-06	-2.004665e-07	3.423860e-07	14682
294621	-1.450436e-06	-2.004279e-07	3.421781e-07	14682
286365	-1.450490e-06	-2.003894e-07	3.419701e-07	14682
278109	-1.450544e-06	-2.003508e-07	3.417620e-07	14682
269853	-1.450599e-06	-2.003122e-07	3.415540e-07	14682
261597	-1.450653e-06	-2.002736e-07	3.413460e-07	14682
253341	-1.450707e-06	-2.002350e-07	3.411380e-07	14682
245085	-1.450761e-06	-2.001964e-07	3.409299e-07	14682
236829	-1.450816e-06	-2.001578e-07	3.407219e-07	14682
228573	-1.450870e-06	-2.001192e-07	3.405138e-07	14682
220317	-1.450924e-06	-2.000806e-07	3.403058e-07	14682
212061	-1.450978e-06	-2.000420e-07	3.400977e-07	14682
203805	-1.451032e-06	-2.000034e-07	3.398896e-07	14682
195549	-1.451086e-06	-1.999648e-07	3.396815e-07	14682
187293	-1.451140e-06	-1.999262e-07	3.394734e-07	14682
179037	-1.451194e-06	-1.998876e-07	3.392653e-07	14682
170781	-1.451248e-06	-1.998490e-07	3.390572e-07	14682
162525	-1.451302e-06	-1.998104e-07	3.388491e-07	14682
154269	-1.451356e-06	-1.997718e-07	3.386410e-07	14682
146013	-1.451410e-06	-1.997332e-07	3.384328e-07	14682
137757	-1.451464e-06	-1.996946e-07	3.382247e-07	14682
129501	-1.451518e-06	-1.996559e-07	3.380165e-07	14682
121245	-1.451571e-06	-1.996173e-07	3.378084e-07	14682
112989	-1.451625e-06	-1.995787e-07	3.376002e-07	14682
104733	-1.451679e-06	-1.995401e-07	3.373921e-07	14682
96477	-1.451732e-06	-1.995015e-07	3.371839e-07	14682
88221	-1.451786e-06	-1.994628e-07	3.369757e-07	14682
79965	-1.451840e-06	-1.994242e-07	3.367675e-07	14682
71709	-1.451893e-06	-1.993856e-07	3.365593e-07	14682
63453	-1.451947e-06	-1.993470e-07	3.363511e-07	14682
55197	-1.452000e-06	-1.993083e-07	3.361429e-07	14682
46941	-1.452054e-06	-1.992697e-07	3.359346e-07	14682
38685	-1.452107e-06	-1.992311e-07	3.357264e-07	14682
30429	-1.452161e-06	-1.991925e-07	3.355182e-07	14682
22173	-1.452214e-06	-1.991538e-07	3.353099e-07	14682
13917	-1.452267e-06	-1.991152e-07	3.351017e-07	14682
5661	-1.452321e-06	-1.990766e-07	3.348934e-07	14682
1154899	-1.567419e-06	-1.863103e-07	4.156490e-07	22107
1146643	-1.567483e-06	-1.862686e-07	4.154242e-07	22107
1138387	-1.567548e-06	-1.862269e-07	4.151994e-07	22107
1130131	-1.567612e-06	-1.861852e-07	4.149746e-07	22107
1121875	-1.567677e-06	-1.861435e-07	4.147498e-07	22107
1113619	-1.567741e-06	-1.861018e-07	4.145250e-07	22107
1105363	-1.567805e-06	-1.860601e-07	4.143002e-07	22107
1097107	-1.567870e-06	-1.860184e-07	4.140753e-07	22107
1088851	-1.567934e-06	-1.859767e-07	4.138505e-07	22107
1080595	-1.567998e-06	-1.859350e-07	4.136257e-07	22107
1072339	-1.568063e-06	-1.858932e-07	4.134008e-07	22107
1064083	-1.568127e-06	-1.858515e-07	4.131759e-07	22107
1055827	-1.568191e-06	-1.858098e-07	4.129511e-07	22107
1047571	-1.568255e-06	-1.857681e-07	4.127262e-07	22107
1039315	-1.568319e-06	-1.857264e-07	4.125013e-07	22107
1031059	-1.568383e-06	-1.856847e-07	4.122764e-07	22107
1022803	-1.568447e-06	-1.856429e-07	4.120515e-07	22107
1014547	-1.568511e-06	-1.856012e-07	4.118265e-07	22107
1006291	-1.568575e-06	-1.855595e-07	4.116016e-07	22107
998035	-1.568639e-06	-1.855178e-07	4.113767e-07	22107
989779	-1.568703e-06	-1.854760e-07	4.111517e-07	22107
981523	-1.568767e-06	-1.854343e-07	4.109268e-07	22107
973267	-1.568831e-06	-1.853926e-07	4.107018e-07	22107
965011	-1.568895e-06	-1.853509e-07	4.104768e-07	22107
956755	-1.568959e-06	-1.853091e-07	4.102518e-07	22107
948499	-1.569022e-06	-1.852674e-07	4.100268e-07	22107
940243	-1.569086e-06	-1.852256e-07	4.098018e-07	22107
931987	-1.569150e-06	-1.851839e-07	4.095768e-07	22107
923731	-1.569213e-06	-1.851422e-07	4.093518e-07	22107
915475	-1.569277e-06	-1.851004e-07	4.091268e-07	22107
907219	-1.569340e-06	-1.850587e-07	4.089017e-07	22107
898963	-1.569404e-06	-1.850169e-07	4.086767e-07	22107
890707	-1.569467e-06	-1.849752e-07	4.084516e-07	22107
882451	-1.569531e-06	-1.849334e-07	4.082265e-07	22107
874195	-1.569594e-06	-1.848917e-07	4.080015e-07	22107
865939	-1.569658e-06	-1.848499e-07	4.077764e-07	22107
857683	-1.569721e-06	-1.848082e-07	4.075513e-07	22107
849427	-1.569785e-06	-1.847664e-07	4.073262e-07	22107
841171	-1.569848e-06	-1.847247e-07	4.071011e-07	22107
832915	-1.569911e-06	-1.846829e-07	4.068759e-07	22107
824659	-1.569974e-06	-1.846411e-07	4.066508e-07	22107
816403	-1.570038e-06	-1.845994e-07	4.064257e-07	22107
808147	-1.570101e-06	-1.845576e-07	4.062005e-07	22107
799891	-1.570164e-06	-1.845158e-07	4.059754e-07	22107
791635	-1.570227e-06	-1.844741e-07	4.057502e-07	22107
783379	-1.570290e-06	-1.844323e-07	4.055250e-07	22107
775123	-1.570353e-06	-1.843905e-07	4.052998e-07	22107
766867	-1.570416e-06	-1.843487e-07	4.050746e-07	22107
758611	-1.570479e-06	-1.843070e-07	4.048494e-07	22107
750355	-1.570542e-06	-1.842652e-07	4.046242e-07	22107
742099	-1.570605e-06	-1.842234e-07	4.043990e-07	22107
733843	-1.570668e-06	-1.841816e-07	4.041738e-07	22107
725587	-1.570731e-06	-1.841399e-07	4.039485e-07	22107
717331	-1.570794e-06	-1.840981e-07	4.037232e-07	22107
709075	-1.570856e-06	-1.840563e-07	4.034980e-07	22107
700819	-1.570919e-06	-1.840145e-07	4.032727e-07	22107
692563	-1.570982e-06	-1.839727e-07	4.030475e-07	22107
684307	-1.571044e-06	-1.839309e-07	4.028222e-07	22107
676051	-1.571107e-06	-1.838891e-07	4.025969e-07	22107
667795	-1.571170e-06	-1.838473e-07	4.023716e-07	22107
659539	-1.571232e-06	-1.838055e-07	4.021462e-07	22107
651283	-1.571295e-06	-1.837637e-07	4.019209e-07	22107
643027	-1.571357e-06	-1.837219e-07	4.016956e-07	22107
634771	-1.571420e-06	-1.836801e-07	4.014703e-07	22107
626515	-1.571482e-06	-1.836383e-07	4.012449e-07	22107
618259	-1.571545e-06	-1.835965e-07	4.010195e-07	22107
610003	-1.571607e-06	-1.835547e-07	4.007942e-07	22107
601747	-1.571669e-06	-1.835129e-07	4.005688e-07	22107
593491	-1.571732e-06	-1.834711e-07	4.003434e-07	22107
585235	-1.571794e-06	-1.834293e-07	4.001180e-07	22107
576979	-1.571856e-06	-1.833875e-07	3.998926e-07	22107
568723	-1.571918e-06	-1.833457e-07	3.996672e-07	22107
560467	-1.571981e-06	-1.833039e-07	3.994418e-07	22107
552211	-1.572043e-06	-1.832620e-07	3.992164e-07	22107
543955	-1.572105e-06	-1.832202e-07	3.989909e-07	22107
535699	-1.572167e-06	-1.831784e-07	3.987655e-07	22107
527443	-1.572229e-06	-1.831366e-07	3.985400e-07	22107
519187	-1.572291e-06	-1.830948e-07	3.983146e-07	22107
510931	-1.572353e-06	-1.830529e-07	3.980891e-07	22107
502675	-1.572415e-06	-1.830111e-07	3.978636e-07	22107
494419	-1.572477e-06	-1.829693e-07	3.976381e-07	22107
486163	-1.572539e-06	-1.829274e-07	3.974126e-07	22107
477907	-1.572600e-06	-1.828856e-07	3.971871e-07	22107
469651	-1.572662e-06	-1.828438e-07	3.969616e-07	22107
461395	-1.572724e-06	-1.828019e-07	3.967361e-07	22107
453139	-1.572786e-06	-1.827601e-07	3.965105e-07	22107
444883	-1.572847e-06	-1.827183e-07	3.962850e-07	22107
436627	-1.572909e-06	-1.826764e-07	3.960594e-07	22107
428371	-1.572971e-06	-1.826346e-07	3.958339e-07	22107
420115	-1.573032e-06	-1.825927e-07	3.956083e-07	22107
411859	-1.573094e-06	-1.825509e-07	3.953827e-07	22107
403603	-1.573155e-06	-1.825090e-07	3.951571e-07	22107
395347	-1.573217e-06	-1.824672e-07	3.949315e-07	22107
387091	-1.573278e-06	-1.824253e-07	3.947059e-07	22107
378835	-1.573340e-06	-1.823835e-07	3.944803e-07	22107
370579	-1.573401e-06	-1.823416e-07	3.942547e-07	22107
362323	-1.573463e-06	-1.822998e-07	3.940291e-07	22107
354067	-1.573524e-06	-1.822579e-07	3.938034e-07	22107
345811	-1.573585e-06	-1.822161e-07	3.935778e-07	22107
337555	-1.573647e-06	-1.821742e-07	3.933521e-07	22107
329299	-1.573708e-06	-1.821323e-07	3.931264e-07	22107
321043	-1.573769e-06	-1.820905e-07	3.929008e-07	22107
312787	-1.573830e-06	-1.820486e-07	3.926751e-07	22107
304531	-1.573891e-06	-1.820067e-07	3.924494e-07	22107
296275	-1.573952e-06	-1.819649e-07	3.922237e-07	22107
288019	-1.574013e-06	-1.819230e-07	3.919980e-07	22107
279763	-1.574075e-06	-1.818811e-07	3.917723e-07	22107
271507	-1.574135e-06	-1.818392e-07	3.915465e-07	22107
263251	-1.574197e-06	-1.817974e-07	3.913208e-07	22107
254995	-1.574257e-06	-1.817555e-07	3.910950e-07	22107
246739	-1.574318e-06	-1.817136e-07	3.908693e-07	22107
238483	-1.574379e-06	-1.816717e-07	3.906435e-07	22107
230227	-1.574440e-06	-1.816298e-07	3.904177e-07	22107
221971	-1.574501e-06	-1.815880e-07	3.901920e-07	22107
213715	-1.574562e-06	-1.815461e-07	3.899662e-07	22107
205459	-1.574622e-06	-1.815042e-07	3.897404e-07	22107
197203	-1.574683e-06	-1.814623e-07	3.895146e-07	22107
188947	-1.574744e-06	-1.814204e-07	3.892887e-07	22107
180691	-1.574804e-06	-1.813785e-07	3.890629e-07	22107
172435	-1.574865e-06	-1.813366e-07	3.888371e-07	22107
164179	-1.574925e-06	-1.812947e-07	3.886113e-07	22107
155923	-1.574986e-06	-1.812528e-07	3.883854e-07	22107
147667	-1.575047e-06	-1.812109e-07	3.881595e-07	22107
139411	-1.575107e-06	-1.811690e-07	3.879337e-07	22107
131155	-1.575167e-06	-1.811271e-07	3.877078e-07	22107
122899	-1.575228e-06	-1.810852e-07	3.874819e-07	22107
114643	-1.575288e-06	-1.810433e-07	3.872560e-07	22107
106387	-1.575349e-06	-1.810014e-07	3.870301e-07	22107
98131	-1.575409e-06	-1.809595e-07	3.868042e-07	22107
89875	-1.575469e-06	-1.809176e-07	3.865783e-07	22107
81619	-1.575529e-06	-1.808757e-07	3.863524e-07	22107
73363	-1.575590e-06	-1.808338e-07	3.861264e-07	22107
65107	-1.575650e-06	-1.807919e-07	3.859005e-07	22107
56851	-1.575710e-06	-1.807499e-07	3.856745e-07	22107
48595	-1.575770e-06	-1.807080e-07	3.854485e-07	22107
40339	-1.575830e-06	-1.806661e-07	3.852226e-07	22107
32083	-1.575890e-06	-1.806242e-07	3.849966e-07	22107
23827	-1.575950e-06	-1.805823e-07	3.847706e-07	22107
15571	-1.576010e-06	-1.805403e-07	3.845446e-07	22107
7315	-1.576070e-06	-1.804984e-07	3.843186e-07	22107
1154768	-1.293513e-06	-1.746102e-07	3.270571e-07	21340
1146512	-1.293565e-06	-1.745758e-07	3.268716e-07	21340
1138256	-1.293616e-06	-1.745414e-07	3.266861e-07	21340
1130000	-1.293668e-06	-1.745070e-07	3.265006e-07	21340
1121744	-1.293719e-06	-1.744726e-07	3.263151e-07	21340
1113488	-1.293771e-06	-1.744381e-07	3.261296e-07	21340
1105232	-1.293822e-06	-1.744037e-07	3.259440e-07	21340
1096976	-1.293873e-06	-1.743693e-07	3.257585e-07	21340
1088720	-1.293925e-06	-1.743349e-07	3.255730e-07	21340
1080464	-1.293976e-06	-1.743005e-07	3.253874e-07	21340
1072208	-1.294027e-06	-1.742660e-07	3.252018e-07	21340
1063952	-1.294079e-06	-1.742316e-07	3.250163e-07	21340
1055696	-1.294130e-06	-1.741972e-07	3.248307e-07	21340
1047440	-1.294181e-06	-1.741628e-07	3.246451e-07	21340
1039184	-1.294232e-06	-1.741283e-07	3.244595e-07	21340
1030928	-1.294283e-06	-1.740939e-07	3.242739e-07	21340
1022672	-1.294334e-06	-1.740595e-07	3.240883e-07	21340
1014416	-1.294385e-06	-1.740250e-07	3.239027e-07	21340
1006160	-1.294437e-06	-1.739906e-07	3.237170e-07	21340
997904	-1.294488e-06	-1.739562e-07	3.235314e-07	21340
989648	-1.294539e-06	-1.739217e-07	3.233458e-07	21340
1151357	-1.061668e-06	-1.739086e-07	2.595162e-07	8815
981392	-1.294590e-06	-1.738873e-07	3.231602e-07	21340
1143101	-1.061710e-06	-1.738804e-07	2.593639e-07	8815
973136	-1.294640e-06	-1.738529e-07	3.229745e-07	21340
1134845	-1.061752e-06	-1.738522e-07	2.592117e-07	8815
1126589	-1.061793e-06	-1.738239e-07	2.590594e-07	8815
964880	-1.294691e-06	-1.738184e-07	3.227888e-07	21340
1118333	-1.061835e-06	-1.737957e-07	2.589071e-07	8815
956624	-1.294742e-06	-1.737840e-07	3.226032e-07	21340
1110077	-1.061877e-06	-1.737674e-07	2.587549e-07	8815
948368	-1.294793e-06	-1.737495e-07	3.224175e-07	21340
1101821	-1.061919e-06	-1.737392e-07	2.586026e-07	8815
940112	-1.294844e-06	-1.737151e-07	3.222318e-07	21340
1093565	-1.061960e-06	-1.737109e-07	2.584503e-07	8815
1085309	-1.062002e-06	-1.736827e-07	2.582980e-07	8815
931856	-1.294895e-06	-1.736806e-07	3.220461e-07	21340
1077053	-1.062043e-06	-1.736544e-07	2.581457e-07	8815
923600	-1.294946e-06	-1.736462e-07	3.218604e-07	21340
1068797	-1.062085e-06	-1.736262e-07	2.579934e-07	8815
915344	-1.294996e-06	-1.736118e-07	3.216747e-07	21340
1060541	-1.062127e-06	-1.735979e-07	2.578411e-07	8815
907088	-1.295047e-06	-1.735773e-07	3.214890e-07	21340
1052285	-1.062168e-06	-1.735697e-07	2.576888e-07	8815
898832	-1.295098e-06	-1.735428e-07	3.213033e-07	21340
1044029	-1.062210e-06	-1.735414e-07	2.575364e-07	8815
1035773	-1.062251e-06	-1.735131e-07	2.573841e-07	8815
890576	-1.295149e-06	-1.735084e-07	3.211176e-07	21340
1027517	-1.062293e-06	-1.734849e-07	2.572318e-07	8815
882320	-1.295199e-06	-1.734739e-07	3.209318e-07	21340
1019261	-1.062334e-06	-1.734566e-07	2.570794e-07	8815
874064	-1.295250e-06	-1.734395e-07	3.207461e-07	21340
1011005	-1.062376e-06	-1.734284e-07	2.569271e-07	8815
865808	-1.295300e-06	-1.734050e-07	3.205604e-07	21340
1002749	-1.062417e-06	-1.734001e-07	2.567747e-07	8815
994493	-1.062459e-06	-1.733718e-07	2.566224e-07	8815
857552	-1.295351e-06	-1.733706e-07	3.203746e-07	21340
986237	-1.062500e-06	-1.733436e-07	2.564700e-07	8815
849296	-1.295401e-06	-1.733361e-07	3.201888e-07	21340
977981	-1.062542e-06	-1.733153e-07	2.563176e-07	8815
841040	-1.295452e-06	-1.733017e-07	3.200031e-07	21340
969725	-1.062583e-06	-1.732870e-07	2.561652e-07	8815
832784	-1.295503e-06	-1.732672e-07	3.198173e-07	21340
961469	-1.062624e-06	-1.732588e-07	2.560129e-07	8815
824528	-1.295553e-06	-1.732327e-07	3.196315e-07	21340
953213	-1.062666e-06	-1.732305e-07	2.558605e-07	8815
944957	-1.062707e-06	-1.732022e-07	2.557081e-07	8815
816272	-1.295603e-06	-1.731983e-07	3.194457e-07	21340
936701	-1.062748e-06	-1.731740e-07	2.555557e-07	8815
808016	-1.295654e-06	-1.731638e-07	3.192599e-07	21340
928445	-1.062789e-06	-1.731457e-07	2.554033e-07	8815
799760	-1.295704e-06	-1.731293e-07	3.190741e-07	21340
920189	-1.062831e-06	-1.731174e-07	2.552509e-07	8815
791504	-1.295754e-06	-1.730949e-07	3.188883e-07	21340
911933	-1.062872e-06	-1.730891e-07	2.550984e-07	8815
903677	-1.062913e-06	-1.730609e-07	2.549460e-07	8815
783248	-1.295805e-06	-1.730604e-07	3.187025e-07	21340
895421	-1.062954e-06	-1.730326e-07	2.547936e-07	8815
774992	-1.295855e-06	-1.730259e-07	3.185167e-07	21340
887165	-1.062995e-06	-1.730043e-07	2.546412e-07	8815
766736	-1.295905e-06	-1.729914e-07	3.183308e-07	21340
878909	-1.063036e-06	-1.729760e-07	2.544887e-07	8815
758480	-1.295956e-06	-1.729570e-07	3.181450e-07	21340
870653	-1.063077e-06	-1.729478e-07	2.543363e-07	8815
750224	-1.296006e-06	-1.729225e-07	3.179591e-07	21340
862397	-1.063118e-06	-1.729195e-07	2.541838e-07	8815
854141	-1.063160e-06	-1.728912e-07	2.540313e-07	8815
741968	-1.296056e-06	-1.728880e-07	3.177733e-07	21340
845885	-1.063201e-06	-1.728629e-07	2.538789e-07	8815
733712	-1.296106e-06	-1.728535e-07	3.175874e-07	21340
837629	-1.063241e-06	-1.728346e-07	2.537264e-07	8815
725456	-1.296156e-06	-1.728191e-07	3.174015e-07	21340
829373	-1.063283e-06	-1.728063e-07	2.535739e-07	8815
717200	-1.296206e-06	-1.727846e-07	3.172157e-07	21340
821117	-1.063323e-06	-1.727780e-07	2.534214e-07	8815
708944	-1.296257e-06	-1.727501e-07	3.170298e-07	21340
812861	-1.063364e-06	-1.727498e-07	2.532690e-07	8815
804605	-1.063405e-06	-1.727215e-07	2.531165e-07	8815
700688	-1.296307e-06	-1.727156e-07	3.168439e-07	21340
796349	-1.063446e-06	-1.726932e-07	2.529640e-07	8815
692432	-1.296357e-06	-1.726811e-07	3.166580e-07	21340
788093	-1.063487e-06	-1.726649e-07	2.528114e-07	8815
684176	-1.296407e-06	-1.726466e-07	3.164721e-07	21340
779837	-1.063528e-06	-1.726366e-07	2.526589e-07	8815
675920	-1.296457e-06	-1.726121e-07	3.162862e-07	21340
771581	-1.063569e-06	-1.726083e-07	2.525064e-07	8815
763325	-1.063609e-06	-1.725800e-07	2.523539e-07	8815
667664	-1.296506e-06	-1.725777e-07	3.161003e-07	21340
755069	-1.063650e-06	-1.725517e-07	2.522014e-07	8815
659408	-1.296556e-06	-1.725432e-07	3.159143e-07	21340
746813	-1.063691e-06	-1.725234e-07	2.520488e-07	8815
651152	-1.296606e-06	-1.725087e-07	3.157284e-07	21340
738557	-1.063732e-06	-1.724951e-07	2.518963e-07	8815
642896	-1.296656e-06	-1.724742e-07	3.155425e-07	21340
730301	-1.063772e-06	-1.724668e-07	2.517437e-07	8815
634640	-1.296706e-06	-1.724397e-07	3.153565e-07	21340
722045	-1.063813e-06	-1.724385e-07	2.515912e-07	8815
713789	-1.063854e-06	-1.724102e-07	2.514386e-07	8815
626384	-1.296756e-06	-1.724052e-07	3.151706e-07	21340
705533	-1.063894e-06	-1.723819e-07	2.512861e-07	8815
618128	-1.296806e-06	-1.723707e-07	3.149846e-07	21340
697277	-1.063935e-06	-1.723536e-07	2.511335e-07	8815
609872	-1.296855e-06	-1.723362e-07	3.147986e-07	21340
689021	-1.063976e-06	-1.723253e-07	2.509809e-07	8815
601616	-1.296905e-06	-1.723017e-07	3.146127e-07	21340
680765	-1.064016e-06	-1.722970e-07	2.508283e-07	8815
672509	-1.064057e-06	-1.722687e-07	2.506757e-07	8815
593360	-1.296955e-06	-1.722672e-07	3.144267e-07	21340
664253	-1.064097e-06	-1.722404e-07	2.505232e-07	8815
585104	-1.297004e-06	-1.722327e-07	3.142407e-07	21340
655997	-1.064138e-06	-1.722121e-07	2.503705e-07	8815
576848	-1.297054e-06	-1.721982e-07	3.140547e-07	21340
647741	-1.064178e-06	-1.721838e-07	2.502179e-07	8815
568592	-1.297103e-06	-1.721637e-07	3.138687e-07	21340
639485	-1.064219e-06	-1.721555e-07	2.500653e-07	8815
560336	-1.297153e-06	-1.721292e-07	3.136827e-07	21340
631229	-1.064259e-06	-1.721271e-07	2.499127e-07	8815
622973	-1.064299e-06	-1.720988e-07	2.497601e-07	8815
552080	-1.297203e-06	-1.720947e-07	3.134967e-07	21340
614717	-1.064340e-06	-1.720705e-07	2.496075e-07	8815
543824	-1.297252e-06	-1.720602e-07	3.133106e-07	21340
606461	-1.064380e-06	-1.720422e-07	2.494548e-07	8815
535568	-1.297302e-06	-1.720257e-07	3.131246e-07	21340
598205	-1.064421e-06	-1.720139e-07	2.493022e-07	8815
527312	-1.297351e-06	-1.719911e-07	3.129385e-07	21340
589949	-1.064461e-06	-1.719856e-07	2.491495e-07	8815
581693	-1.064501e-06	-1.719573e-07	2.489969e-07	8815
519056	-1.297401e-06	-1.719566e-07	3.127525e-07	21340
573437	-1.064541e-06	-1.719289e-07	2.488442e-07	8815
510800	-1.297450e-06	-1.719221e-07	3.125664e-07	21340
565181	-1.064582e-06	-1.719006e-07	2.486915e-07	8815
502544	-1.297499e-06	-1.718876e-07	3.123804e-07	21340
556925	-1.064622e-06	-1.718723e-07	2.485389e-07	8815
494288	-1.297549e-06	-1.718531e-07	3.121943e-07	21340
548669	-1.064662e-06	-1.718440e-07	2.483862e-07	8815
486032	-1.297598e-06	-1.718186e-07	3.120082e-07	21340
540413	-1.064702e-06	-1.718156e-07	2.482335e-07	8815
532157	-1.064742e-06	-1.717873e-07	2.480809e-07	8815
477776	-1.297647e-06	-1.717840e-07	3.118222e-07	21340
523901	-1.064783e-06	-1.717590e-07	2.479281e-07	8815
469520	-1.297697e-06	-1.717495e-07	3.116361e-07	21340
515645	-1.064823e-06	-1.717307e-07	2.477755e-07	8815
461264	-1.297746e-06	-1.717150e-07	3.114500e-07	21340
507389	-1.064863e-06	-1.717023e-07	2.476228e-07	8815
453008	-1.297795e-06	-1.716805e-07	3.112639e-07	21340
499133	-1.064903e-06	-1.716740e-07	2.474700e-07	8815
444752	-1.297844e-06	-1.716459e-07	3.110777e-07	21340
490877	-1.064943e-06	-1.716457e-07	2.473173e-07	8815
482621	-1.064983e-06	-1.716173e-07	2.471646e-07	8815
436496	-1.297893e-06	-1.716114e-07	3.108916e-07	21340
474365	-1.065023e-06	-1.715890e-07	2.470119e-07	8815
428240	-1.297943e-06	-1.715769e-07	3.107055e-07	21340
466109	-1.065063e-06	-1.715607e-07	2.468591e-07	8815
419984	-1.297992e-06	-1.715424e-07	3.105194e-07	21340
457853	-1.065103e-06	-1.715323e-07	2.467064e-07	8815
411728	-1.298041e-06	-1.715078e-07	3.103332e-07	21340
449597	-1.065143e-06	-1.715040e-07	2.465537e-07	8815
441341	-1.065183e-06	-1.714757e-07	2.464009e-07	8815
403472	-1.298090e-06	-1.714733e-07	3.101471e-07	21340
433085	-1.065223e-06	-1.714473e-07	2.462482e-07	8815
395216	-1.298139e-06	-1.714388e-07	3.099609e-07	21340
424829	-1.065262e-06	-1.714190e-07	2.460954e-07	8815
386960	-1.298188e-06	-1.714042e-07	3.097748e-07	21340
416573	-1.065302e-06	-1.713907e-07	2.459426e-07	8815
378704	-1.298237e-06	-1.713697e-07	3.095886e-07	21340
408317	-1.065342e-06	-1.713623e-07	2.457899e-07	8815
370448	-1.298286e-06	-1.713351e-07	3.094024e-07	21340
400061	-1.065382e-06	-1.713340e-07	2.456371e-07	8815
391805	-1.065422e-06	-1.713056e-07	2.454843e-07	8815
362192	-1.298335e-06	-1.713006e-07	3.092163e-07	21340
383549	-1.065461e-06	-1.712773e-07	2.453315e-07	8815
353936	-1.298383e-06	-1.712661e-07	3.090301e-07	21340
375293	-1.065501e-06	-1.712489e-07	2.451787e-07	8815
345680	-1.298432e-06	-1.712315e-07	3.088439e-07	21340
367037	-1.065541e-06	-1.712206e-07	2.450259e-07	8815
337424	-1.298481e-06	-1.711970e-07	3.086577e-07	21340
358781	-1.065580e-06	-1.711922e-07	2.448731e-07	8815
350525	-1.065620e-06	-1.711639e-07	2.447203e-07	8815
329168	-1.298530e-06	-1.711624e-07	3.084715e-07	21340
342269	-1.065660e-06	-1.711355e-07	2.445675e-07	8815
320912	-1.298579e-06	-1.711279e-07	3.082853e-07	21340
334013	-1.065699e-06	-1.711072e-07	2.444146e-07	8815
312656	-1.298627e-06	-1.710933e-07	3.080990e-07	21340
325757	-1.065739e-06	-1.710788e-07	2.442618e-07	8815
304400	-1.298676e-06	-1.710588e-07	3.079128e-07	21340
317501	-1.065779e-06	-1.710505e-07	2.441090e-07	8815
296144	-1.298725e-06	-1.710243e-07	3.077265e-07	21340
309245	-1.065818e-06	-1.710221e-07	2.439561e-07	8815
300989	-1.065858e-06	-1.709938e-07	2.438033e-07	8815
287888	-1.298774e-06	-1.709897e-07	3.075403e-07	21340
292733	-1.065897e-06	-1.709654e-07	2.436504e-07	8815
279632	-1.298822e-06	-1.709551e-07	3.073540e-07	21340
284477	-1.065937e-06	-1.709371e-07	2.434976e-07	8815
271376	-1.298871e-06	-1.709206e-07	3.071678e-07	21340
276221	-1.065976e-06	-1.709087e-07	2.433447e-07	8815
263120	-1.298919e-06	-1.708860e-07	3.069815e-07	21340
267965	-1.066016e-06	-1.708804e-07	2.431918e-07	8815
259709	-1.066055e-06	-1.708520e-07	2.430390e-07	8815
254864	-1.298968e-06	-1.708515e-07	3.067953e-07	21340
251453	-1.066094e-06	-1.708236e-07	2.428861e-07	8815
246608	-1.299017e-06	-1.708169e-07	3.066090e-07	21340
243197	-1.066134e-06	-1.707953e-07	2.427332e-07	8815
238352	-1.299065e-06	-1.707824e-07	3.064227e-07	21340
234941	-1.066173e-06	-1.707669e-07	2.425803e-07	8815
230096	-1.299113e-06	-1.707478e-07	3.062364e-07	21340
226685	-1.066212e-06	-1.707385e-07	2.424274e-07	8815
221840	-1.299162e-06	-1.707132e-07	3.060501e-07	21340
218429	-1.066252e-06	-1.707102e-07	2.422745e-07	8815
210173	-1.066291e-06	-1.706818e-07	2.421216e-07	8815
213584	-1.299210e-06	-1.706787e-07	3.058638e-07	21340
201917	-1.066330e-06	-1.706534e-07	2.419687e-07	8815
205328	-1.299259e-06	-1.706441e-07	3.056775e-07	21340
193661	-1.066369e-06	-1.706251e-07	2.418158e-07	8815
197072	-1.299307e-06	-1.706096e-07	3.054912e-07	21340
185405	-1.066409e-06	-1.705967e-07	2.416628e-07	8815
188816	-1.299355e-06	-1.705750e-07	3.053048e-07	21340
177149	-1.066448e-06	-1.705683e-07	2.415099e-07	8815
180560	-1.299404e-06	-1.705404e-07	3.051185e-07	21340
168893	-1.066487e-06	-1.705399e-07	2.413570e-07	8815
160637	-1.066526e-06	-1.705116e-07	2.412040e-07	8815
172304	-1.299452e-06	-1.705059e-07	3.049321e-07	21340
152381	-1.066565e-06	-1.704832e-07	2.410511e-07	8815
164048	-1.299500e-06	-1.704713e-07	3.047458e-07	21340
144125	-1.066604e-06	-1.704548e-07	2.408981e-07	8815
155792	-1.299548e-06	-1.704367e-07	3.045594e-07	21340
135869	-1.066643e-06	-1.704265e-07	2.407452e-07	8815
147536	-1.299597e-06	-1.704021e-07	3.043731e-07	21340
127613	-1.066682e-06	-1.703981e-07	2.405922e-07	8815
119357	-1.066721e-06	-1.703697e-07	2.404392e-07	8815
139280	-1.299645e-06	-1.703676e-07	3.041867e-07	21340
111101	-1.066760e-06	-1.703413e-07	2.402863e-07	8815
131024	-1.299693e-06	-1.703330e-07	3.040003e-07	21340
102845	-1.066799e-06	-1.703129e-07	2.401333e-07	8815
122768	-1.299741e-06	-1.702984e-07	3.038139e-07	21340
94589	-1.066838e-06	-1.702846e-07	2.399803e-07	8815
114512	-1.299789e-06	-1.702638e-07	3.036276e-07	21340
86333	-1.066877e-06	-1.702562e-07	2.398273e-07	8815
106256	-1.299837e-06	-1.702293e-07	3.034412e-07	21340
78077	-1.066916e-06	-1.702278e-07	2.396743e-07	8815
69821	-1.066955e-06	-1.701994e-07	2.395213e-07	8815
98000	-1.299885e-06	-1.701947e-07	3.032548e-07	21340
61565	-1.066994e-06	-1.701710e-07	2.393683e-07	8815
89744	-1.299933e-06	-1.701601e-07	3.030684e-07	21340
53309	-1.067033e-06	-1.701426e-07	2.392153e-07	8815
81488	-1.299981e-06	-1.701255e-07	3.028819e-07	21340
45053	-1.067072e-06	-1.701142e-07	2.390622e-07	8815
73232	-1.300029e-06	-1.700909e-07	3.026955e-07	21340
36797	-1.067110e-06	-1.700859e-07	2.389092e-07	8815
28541	-1.067149e-06	-1.700575e-07	2.387562e-07	8815
64976	-1.300077e-06	-1.700564e-07	3.025091e-07	21340
20285	-1.067188e-06	-1.700291e-07	2.386031e-07	8815
56720	-1.300125e-06	-1.700218e-07	3.023226e-07	21340
12029	-1.067227e-06	-1.700007e-07	2.384501e-07	8815
48464	-1.300173e-06	-1.699872e-07	3.021362e-07	21340
3773	-1.067265e-06	-1.699723e-07	2.382970e-07	8815
40208	-1.300221e-06	-1.699526e-07	3.019497e-07	21340
31952	-1.300269e-06	-1.699180e-07	3.017633e-07	21340
23696	-1.300316e-06	-1.698834e-07	3.015768e-07	21340
15440	-1.300364e-06	-1.698488e-07	3.013903e-07	21340
7184	-1.300412e-06	-1.698142e-07	3.012039e-07	21340
1154218	-1.414284e-06	-1.445021e-07	4.173504e-07	18535
1145962	-1.414348e-06	-1.444645e-07	4.171476e-07	18535
1137706	-1.414411e-06	-1.444268e-07	4.169447e-07	18535
1129450	-1.414475e-06	-1.443892e-07	4.167419e-07	18535
1121194	-1.414538e-06	-1.443516e-07	4.165391e-07	18535
1112938	-1.414602e-06	-1.443140e-07	4.163362e-07	18535
1104682	-1.414665e-06	-1.442763e-07	4.161334e-07	18535
1096426	-1.414729e-06	-1.442387e-07	4.159305e-07	18535
1088170	-1.414792e-06	-1.442011e-07	4.157276e-07	18535
1079914	-1.414856e-06	-1.441635e-07	4.155247e-07	18535
1071658	-1.414919e-06	-1.441258e-07	4.153218e-07	18535
1063402	-1.414983e-06	-1.440882e-07	4.151189e-07	18535
1055146	-1.415046e-06	-1.440505e-07	4.149160e-07	18535
1046890	-1.415109e-06	-1.440129e-07	4.147131e-07	18535
1038634	-1.415173e-06	-1.439753e-07	4.145102e-07	18535
1030378	-1.415236e-06	-1.439376e-07	4.143072e-07	18535
1022122	-1.415299e-06	-1.439000e-07	4.141043e-07	18535
1013866	-1.415362e-06	-1.438623e-07	4.139013e-07	18535
1005610	-1.415425e-06	-1.438247e-07	4.136984e-07	18535
997354	-1.415489e-06	-1.437870e-07	4.134954e-07	18535
989098	-1.415552e-06	-1.437494e-07	4.132924e-07	18535
980842	-1.415615e-06	-1.437117e-07	4.130894e-07	18535
972586	-1.415678e-06	-1.436741e-07	4.128864e-07	18535
964330	-1.415741e-06	-1.436364e-07	4.126834e-07	18535
956074	-1.415804e-06	-1.435988e-07	4.124803e-07	18535
947818	-1.415867e-06	-1.435611e-07	4.122773e-07	18535
939562	-1.415930e-06	-1.435235e-07	4.120743e-07	18535
931306	-1.415993e-06	-1.434858e-07	4.118712e-07	18535
923050	-1.416056e-06	-1.434481e-07	4.116682e-07	18535
914794	-1.416118e-06	-1.434105e-07	4.114651e-07	18535
906538	-1.416181e-06	-1.433728e-07	4.112621e-07	18535
898282	-1.416244e-06	-1.433351e-07	4.110589e-07	18535
890026	-1.416307e-06	-1.432975e-07	4.108558e-07	18535
881770	-1.416369e-06	-1.432598e-07	4.106527e-07	18535
873514	-1.416432e-06	-1.432221e-07	4.104496e-07	18535
865258	-1.416495e-06	-1.431844e-07	4.102465e-07	18535
857002	-1.416557e-06	-1.431467e-07	4.100434e-07	18535
848746	-1.416620e-06	-1.431091e-07	4.098403e-07	18535
840490	-1.416682e-06	-1.430714e-07	4.096371e-07	18535
832234	-1.416745e-06	-1.430337e-07	4.094339e-07	18535
823978	-1.416807e-06	-1.429960e-07	4.092308e-07	18535
815722	-1.416870e-06	-1.429583e-07	4.090276e-07	18535
807466	-1.416932e-06	-1.429207e-07	4.088244e-07	18535
799210	-1.416995e-06	-1.428830e-07	4.086212e-07	18535
790954	-1.417057e-06	-1.428453e-07	4.084180e-07	18535
782698	-1.417120e-06	-1.428076e-07	4.082148e-07	18535
774442	-1.417182e-06	-1.427699e-07	4.080116e-07	18535
766186	-1.417244e-06	-1.427322e-07	4.078084e-07	18535
757930	-1.417306e-06	-1.426945e-07	4.076051e-07	18535
749674	-1.417369e-06	-1.426568e-07	4.074019e-07	18535
741418	-1.417431e-06	-1.426191e-07	4.071986e-07	18535
733162	-1.417493e-06	-1.425814e-07	4.069954e-07	18535
724906	-1.417555e-06	-1.425437e-07	4.067921e-07	18535
716650	-1.417617e-06	-1.425060e-07	4.065888e-07	18535
708394	-1.417679e-06	-1.424683e-07	4.063855e-07	18535
700138	-1.417741e-06	-1.424306e-07	4.061822e-07	18535
691882	-1.417803e-06	-1.423929e-07	4.059789e-07	18535
683626	-1.417865e-06	-1.423551e-07	4.057756e-07	18535
675370	-1.417927e-06	-1.423174e-07	4.055723e-07	18535
667114	-1.417989e-06	-1.422797e-07	4.053689e-07	18535
658858	-1.418051e-06	-1.422420e-07	4.051656e-07	18535
650602	-1.418113e-06	-1.422043e-07	4.049622e-07	18535
642346	-1.418175e-06	-1.421666e-07	4.047589e-07	18535
634090	-1.418237e-06	-1.421288e-07	4.045555e-07	18535
625834	-1.418299e-06	-1.420911e-07	4.043521e-07	18535
617578	-1.418360e-06	-1.420534e-07	4.041487e-07	18535
609322	-1.418422e-06	-1.420157e-07	4.039453e-07	18535
601066	-1.418484e-06	-1.419779e-07	4.037419e-07	18535
592810	-1.418545e-06	-1.419402e-07	4.035385e-07	18535
584554	-1.418607e-06	-1.419025e-07	4.033351e-07	18535
576298	-1.418668e-06	-1.418647e-07	4.031317e-07	18535
568042	-1.418730e-06	-1.418270e-07	4.029282e-07	18535
559786	-1.418792e-06	-1.417893e-07	4.027248e-07	18535
551530	-1.418853e-06	-1.417515e-07	4.025213e-07	18535
543274	-1.418915e-06	-1.417138e-07	4.023178e-07	18535
535018	-1.418976e-06	-1.416760e-07	4.021144e-07	18535
526762	-1.419038e-06	-1.416383e-07	4.019109e-07	18535
518506	-1.419099e-06	-1.416006e-07	4.017074e-07	18535
510250	-1.419160e-06	-1.415628e-07	4.015039e-07	18535
501994	-1.419222e-06	-1.415250e-07	4.013004e-07	18535
493738	-1.419283e-06	-1.414873e-07	4.010968e-07	18535
485482	-1.419344e-06	-1.414495e-07	4.008933e-07	18535
477226	-1.419405e-06	-1.414118e-07	4.006898e-07	18535
468970	-1.419467e-06	-1.413740e-07	4.004862e-07	18535
460714	-1.419528e-06	-1.413363e-07	4.002827e-07	18535
452458	-1.419589e-06	-1.412985e-07	4.000791e-07	18535
444202	-1.419650e-06	-1.412608e-07	3.998755e-07	18535
435946	-1.419711e-06	-1.412230e-07	3.996720e-07	18535
427690	-1.419772e-06	-1.411852e-07	3.994683e-07	18535
419434	-1.419833e-06	-1.411475e-07	3.992648e-07	18535
411178	-1.419894e-06	-1.411097e-07	3.990612e-07	18535
402922	-1.419955e-06	-1.410719e-07	3.988575e-07	18535
394666	-1.420016e-06	-1.410342e-07	3.986539e-07	18535
386410	-1.420077e-06	-1.409964e-07	3.984503e-07	18535
378154	-1.420138e-06	-1.409586e-07	3.982466e-07	18535
369898	-1.420199e-06	-1.409208e-07	3.980430e-07	18535
361642	-1.420260e-06	-1.408831e-07	3.978393e-07	18535
353386	-1.420320e-06	-1.408453e-07	3.976356e-07	18535
345130	-1.420381e-06	-1.408075e-07	3.974320e-07	18535
336874	-1.420442e-06	-1.407697e-07	3.972283e-07	18535
328618	-1.420502e-06	-1.407319e-07	3.970246e-07	18535
320362	-1.420563e-06	-1.406942e-07	3.968209e-07	18535
312106	-1.420624e-06	-1.406564e-07	3.966172e-07	18535
303850	-1.420684e-06	-1.406186e-07	3.964134e-07	18535
295594	-1.420745e-06	-1.405808e-07	3.962097e-07	18535
287338	-1.420805e-06	-1.405430e-07	3.960060e-07	18535
279082	-1.420866e-06	-1.405052e-07	3.958022e-07	18535
270826	-1.420926e-06	-1.404674e-07	3.955985e-07	18535
262570	-1.420987e-06	-1.404296e-07	3.953947e-07	18535
254314	-1.421047e-06	-1.403918e-07	3.951909e-07	18535
246058	-1.421108e-06	-1.403540e-07	3.949872e-07	18535
237802	-1.421168e-06	-1.403162e-07	3.947833e-07	18535
229546	-1.421228e-06	-1.402784e-07	3.945796e-07	18535
221290	-1.421289e-06	-1.402406e-07	3.943757e-07	18535
213034	-1.421349e-06	-1.402028e-07	3.941719e-07	18535
204778	-1.421409e-06	-1.401650e-07	3.939681e-07	18535
196522	-1.421469e-06	-1.401272e-07	3.937643e-07	18535
188266	-1.421530e-06	-1.400894e-07	3.935604e-07	18535
180010	-1.421590e-06	-1.400516e-07	3.933566e-07	18535
171754	-1.421650e-06	-1.400138e-07	3.931527e-07	18535
163498	-1.421710e-06	-1.399759e-07	3.929488e-07	18535
155242	-1.421770e-06	-1.399381e-07	3.927450e-07	18535
146986	-1.421830e-06	-1.399003e-07	3.925411e-07	18535
138730	-1.421890e-06	-1.398625e-07	3.923372e-07	18535
130474	-1.421950e-06	-1.398246e-07	3.921333e-07	18535
122218	-1.422010e-06	-1.397868e-07	3.919294e-07	18535
113962	-1.422070e-06	-1.397490e-07	3.917255e-07	18535
105706	-1.422130e-06	-1.397112e-07	3.915215e-07	18535
97450	-1.422189e-06	-1.396733e-07	3.913176e-07	18535
89194	-1.422249e-06	-1.396355e-07	3.911136e-07	18535
80938	-1.422309e-06	-1.395977e-07	3.909097e-07	18535
72682	-1.422369e-06	-1.395599e-07	3.907057e-07	18535
64426	-1.422429e-06	-1.395220e-07	3.905018e-07	18535
56170	-1.422488e-06	-1.394842e-07	3.902978e-07	18535
47914	-1.422548e-06	-1.394463e-07	3.900938e-07	18535
39658	-1.422608e-06	-1.394085e-07	3.898898e-07	18535
31402	-1.422667e-06	-1.393707e-07	3.896858e-07	18535
23146	-1.422727e-06	-1.393328e-07	3.894818e-07	18535
14890	-1.422786e-06	-1.392950e-07	3.892777e-07	18535
6634	-1.422846e-06	-1.392571e-07	3.890737e-07	18535
1153150	-1.178732e-06	-1.365286e-07	3.147837e-07	14403
1144894	-1.178780e-06	-1.364972e-07	3.146147e-07	14403
1136638	-1.178829e-06	-1.364659e-07	3.144456e-07	14403
1128382	-1.178878e-06	-1.364345e-07	3.142766e-07	14403
1120126	-1.178926e-06	-1.364032e-07	3.141075e-07	14403
1111870	-1.178975e-06	-1.363718e-07	3.139385e-07	14403
1103614	-1.179024e-06	-1.363404e-07	3.137694e-07	14403
1095358	-1.179072e-06	-1.363091e-07	3.136003e-07	14403
1087102	-1.179121e-06	-1.362777e-07	3.134312e-07	14403
1078846	-1.179169e-06	-1.362463e-07	3.132621e-07	14403
1070590	-1.179218e-06	-1.362150e-07	3.130930e-07	14403
1062334	-1.179266e-06	-1.361836e-07	3.129240e-07	14403
1054078	-1.179315e-06	-1.361522e-07	3.127548e-07	14403
1045822	-1.179363e-06	-1.361209e-07	3.125857e-07	14403
1037566	-1.179412e-06	-1.360895e-07	3.124166e-07	14403
1029310	-1.179460e-06	-1.360581e-07	3.122475e-07	14403
1021054	-1.179509e-06	-1.360267e-07	3.120783e-07	14403
1012798	-1.179557e-06	-1.359954e-07	3.119092e-07	14403
1004542	-1.179605e-06	-1.359640e-07	3.117400e-07	14403
996286	-1.179654e-06	-1.359326e-07	3.115709e-07	14403
988030	-1.179702e-06	-1.359012e-07	3.114017e-07	14403
979774	-1.179750e-06	-1.358699e-07	3.112325e-07	14403
971518	-1.179798e-06	-1.358385e-07	3.110633e-07	14403
963262	-1.179847e-06	-1.358071e-07	3.108941e-07	14403
955006	-1.179895e-06	-1.357757e-07	3.107249e-07	14403
946750	-1.179943e-06	-1.357443e-07	3.105557e-07	14403
938494	-1.179991e-06	-1.357129e-07	3.103865e-07	14403
930238	-1.180039e-06	-1.356815e-07	3.102173e-07	14403
921982	-1.180087e-06	-1.356501e-07	3.100481e-07	14403
913726	-1.180135e-06	-1.356187e-07	3.098789e-07	14403
905470	-1.180183e-06	-1.355874e-07	3.097096e-07	14403
897214	-1.180231e-06	-1.355560e-07	3.095404e-07	14403
888958	-1.180279e-06	-1.355246e-07	3.093711e-07	14403
880702	-1.180327e-06	-1.354932e-07	3.092019e-07	14403
872446	-1.180375e-06	-1.354618e-07	3.090326e-07	14403
864190	-1.180423e-06	-1.354304e-07	3.088633e-07	14403
855934	-1.180471e-06	-1.353990e-07	3.086941e-07	14403
847678	-1.180519e-06	-1.353676e-07	3.085248e-07	14403
839422	-1.180567e-06	-1.353362e-07	3.083555e-07	14403
831166	-1.180615e-06	-1.353048e-07	3.081862e-07	14403
822910	-1.180662e-06	-1.352734e-07	3.080169e-07	14403
814654	-1.180710e-06	-1.352419e-07	3.078476e-07	14403
806398	-1.180758e-06	-1.352105e-07	3.076782e-07	14403
798142	-1.180805e-06	-1.351791e-07	3.075089e-07	14403
789886	-1.180853e-06	-1.351477e-07	3.073396e-07	14403
781630	-1.180901e-06	-1.351163e-07	3.071703e-07	14403
773374	-1.180948e-06	-1.350849e-07	3.070009e-07	14403
765118	-1.180996e-06	-1.350535e-07	3.068316e-07	14403
756862	-1.181044e-06	-1.350221e-07	3.066622e-07	14403
748606	-1.181091e-06	-1.349906e-07	3.064928e-07	14403
740350	-1.181139e-06	-1.349592e-07	3.063235e-07	14403
732094	-1.181186e-06	-1.349278e-07	3.061541e-07	14403
723838	-1.181234e-06	-1.348964e-07	3.059847e-07	14403
715582	-1.181281e-06	-1.348650e-07	3.058153e-07	14403
707326	-1.181329e-06	-1.348335e-07	3.056459e-07	14403
699070	-1.181376e-06	-1.348021e-07	3.054765e-07	14403
690814	-1.181423e-06	-1.347707e-07	3.053071e-07	14403
682558	-1.181471e-06	-1.347393e-07	3.051377e-07	14403
674302	-1.181518e-06	-1.347078e-07	3.049682e-07	14403
666046	-1.181565e-06	-1.346764e-07	3.047988e-07	14403
657790	-1.181613e-06	-1.346450e-07	3.046293e-07	14403
649534	-1.181660e-06	-1.346135e-07	3.044599e-07	14403
641278	-1.181707e-06	-1.345821e-07	3.042904e-07	14403
633022	-1.181754e-06	-1.345507e-07	3.041210e-07	14403
624766	-1.181802e-06	-1.345192e-07	3.039515e-07	14403
616510	-1.181849e-06	-1.344878e-07	3.037820e-07	14403
608254	-1.181896e-06	-1.344564e-07	3.036126e-07	14403
599998	-1.181943e-06	-1.344249e-07	3.034431e-07	14403
591742	-1.181990e-06	-1.343935e-07	3.032736e-07	14403
583486	-1.182037e-06	-1.343620e-07	3.031041e-07	14403
575230	-1.182084e-06	-1.343306e-07	3.029346e-07	14403
566974	-1.182131e-06	-1.342991e-07	3.027650e-07	14403
558718	-1.182178e-06	-1.342677e-07	3.025955e-07	14403
550462	-1.182225e-06	-1.342362e-07	3.024260e-07	14403
542206	-1.182272e-06	-1.342048e-07	3.022565e-07	14403
533950	-1.182319e-06	-1.341733e-07	3.020869e-07	14403
525694	-1.182366e-06	-1.341419e-07	3.019174e-07	14403
517438	-1.182412e-06	-1.341104e-07	3.017478e-07	14403
1153152	-1.010186e-06	-1.340827e-07	2.540382e-07	14405
509182	-1.182459e-06	-1.340790e-07	3.015782e-07	14403
1144896	-1.010226e-06	-1.340558e-07	2.538933e-07	14405
500926	-1.182506e-06	-1.340475e-07	3.014087e-07	14403
1136640	-1.010266e-06	-1.340289e-07	2.537485e-07	14405
492670	-1.182553e-06	-1.340161e-07	3.012391e-07	14403
1128384	-1.010306e-06	-1.340020e-07	2.536036e-07	14405
484414	-1.182600e-06	-1.339846e-07	3.010695e-07	14403
1120128	-1.010346e-06	-1.339752e-07	2.534587e-07	14405
476158	-1.182646e-06	-1.339532e-07	3.008999e-07	14403
1111872	-1.010386e-06	-1.339483e-07	2.533138e-07	14405
467902	-1.182693e-06	-1.339217e-07	3.007303e-07	14403
1103616	-1.010426e-06	-1.339214e-07	2.531689e-07	14405
1095360	-1.010466e-06	-1.338945e-07	2.530240e-07	14405
459646	-1.182740e-06	-1.338902e-07	3.005607e-07	14403
1087104	-1.010506e-06	-1.338676e-07	2.528791e-07	14405
451390	-1.182786e-06	-1.338588e-07	3.003911e-07	14403
1078848	-1.010546e-06	-1.338408e-07	2.527342e-07	14405
443134	-1.182833e-06	-1.338273e-07	3.002215e-07	14403
1070592	-1.010585e-06	-1.338139e-07	2.525893e-07	14405
434878	-1.182880e-06	-1.337958e-07	3.000519e-07	14403
1062336	-1.010625e-06	-1.337870e-07	2.524444e-07	14405
426622	-1.182926e-06	-1.337644e-07	2.998823e-07	14403
1054080	-1.010665e-06	-1.337601e-07	2.522995e-07	14405
1045824	-1.010705e-06	-1.337332e-07	2.521545e-07	14405
418366	-1.182973e-06	-1.337329e-07	2.997126e-07	14403
1037568	-1.010744e-06	-1.337063e-07	2.520096e-07	14405
410110	-1.183019e-06	-1.337014e-07	2.995430e-07	14403
1029312	-1.010784e-06	-1.336794e-07	2.518646e-07	14405
401854	-1.183066e-06	-1.336700e-07	2.993733e-07	14403
1021056	-1.010824e-06	-1.336526e-07	2.517197e-07	14405
393598	-1.183112e-06	-1.336385e-07	2.992037e-07	14403
1012800	-1.010863e-06	-1.336257e-07	2.515747e-07	14405
385342	-1.183159e-06	-1.336070e-07	2.990340e-07	14403
1004544	-1.010903e-06	-1.335988e-07	2.514298e-07	14405
377086	-1.183205e-06	-1.335755e-07	2.988643e-07	14403
996288	-1.010943e-06	-1.335719e-07	2.512848e-07	14405
988032	-1.010982e-06	-1.335450e-07	2.511398e-07	14405
368830	-1.183252e-06	-1.335441e-07	2.986947e-07	14403
979776	-1.011022e-06	-1.335181e-07	2.509948e-07	14405
360574	-1.183298e-06	-1.335126e-07	2.985250e-07	14403
971520	-1.011061e-06	-1.334912e-07	2.508498e-07	14405
352318	-1.183344e-06	-1.334811e-07	2.983553e-07	14403
963264	-1.011101e-06	-1.334643e-07	2.507049e-07	14405
344062	-1.183391e-06	-1.334496e-07	2.981856e-07	14403
955008	-1.011140e-06	-1.334374e-07	2.505599e-07	14405
335806	-1.183437e-06	-1.334182e-07	2.980159e-07	14403
946752	-1.011180e-06	-1.334105e-07	2.504148e-07	14405
327550	-1.183483e-06	-1.333867e-07	2.978462e-07	14403
938496	-1.011219e-06	-1.333836e-07	2.502698e-07	14405
930240	-1.011259e-06	-1.333567e-07	2.501248e-07	14405
319294	-1.183529e-06	-1.333552e-07	2.976765e-07	14403
921984	-1.011298e-06	-1.333298e-07	2.499798e-07	14405
311038	-1.183576e-06	-1.333237e-07	2.975067e-07	14403
913728	-1.011337e-06	-1.333029e-07	2.498348e-07	14405
302782	-1.183622e-06	-1.332922e-07	2.973370e-07	14403
905472	-1.011377e-06	-1.332760e-07	2.496897e-07	14405
294526	-1.183668e-06	-1.332607e-07	2.971673e-07	14403
897216	-1.011416e-06	-1.332491e-07	2.495447e-07	14405
286270	-1.183714e-06	-1.332292e-07	2.969975e-07	14403
888960	-1.011455e-06	-1.332222e-07	2.493997e-07	14405
278014	-1.183760e-06	-1.331978e-07	2.968278e-07	14403
880704	-1.011495e-06	-1.331953e-07	2.492546e-07	14405
872448	-1.011534e-06	-1.331684e-07	2.491096e-07	14405
269758	-1.183806e-06	-1.331663e-07	2.966580e-07	14403
864192	-1.011573e-06	-1.331415e-07	2.489645e-07	14405
261502	-1.183852e-06	-1.331348e-07	2.964883e-07	14403
855936	-1.011612e-06	-1.331146e-07	2.488194e-07	14405
253246	-1.183898e-06	-1.331033e-07	2.963185e-07	14403
847680	-1.011652e-06	-1.330876e-07	2.486744e-07	14405
244990	-1.183945e-06	-1.330718e-07	2.961487e-07	14403
839424	-1.011691e-06	-1.330607e-07	2.485293e-07	14405
236734	-1.183990e-06	-1.330403e-07	2.959789e-07	14403
831168	-1.011730e-06	-1.330338e-07	2.483842e-07	14405
228478	-1.184036e-06	-1.330088e-07	2.958091e-07	14403
822912	-1.011769e-06	-1.330069e-07	2.482391e-07	14405
814656	-1.011808e-06	-1.329800e-07	2.480940e-07	14405
220222	-1.184082e-06	-1.329773e-07	2.956394e-07	14403
806400	-1.011847e-06	-1.329531e-07	2.479489e-07	14405
211966	-1.184128e-06	-1.329458e-07	2.954695e-07	14403
798144	-1.011887e-06	-1.329261e-07	2.478038e-07	14405
203710	-1.184174e-06	-1.329143e-07	2.952997e-07	14403
789888	-1.011926e-06	-1.328992e-07	2.476587e-07	14405
195454	-1.184220e-06	-1.328828e-07	2.951299e-07	14403
781632	-1.011965e-06	-1.328723e-07	2.475136e-07	14405
187198	-1.184266e-06	-1.328513e-07	2.949601e-07	14403
773376	-1.012004e-06	-1.328454e-07	2.473685e-07	14405
178942	-1.184312e-06	-1.328198e-07	2.947903e-07	14403
765120	-1.012043e-06	-1.328185e-07	2.472233e-07	14405
756864	-1.012082e-06	-1.327915e-07	2.470782e-07	14405
170686	-1.184358e-06	-1.327883e-07	2.946204e-07	14403
748608	-1.012120e-06	-1.327646e-07	2.469331e-07	14405
162430	-1.184403e-06	-1.327568e-07	2.944506e-07	14403
740352	-1.012159e-06	-1.327377e-07	2.467879e-07	14405
154174	-1.184449e-06	-1.327253e-07	2.942807e-07	14403
732096	-1.012198e-06	-1.327108e-07	2.466428e-07	14405
145918	-1.184495e-06	-1.326938e-07	2.941109e-07	14403
723840	-1.012237e-06	-1.326838e-07	2.464976e-07	14405
137662	-1.184540e-06	-1.326622e-07	2.939410e-07	14403
715584	-1.012276e-06	-1.326569e-07	2.463525e-07	14405
129406	-1.184586e-06	-1.326307e-07	2.937712e-07	14403
707328	-1.012315e-06	-1.326300e-07	2.462073e-07	14405
699072	-1.012354e-06	-1.326030e-07	2.460621e-07	14405
121150	-1.184632e-06	-1.325992e-07	2.936013e-07	14403
690816	-1.012393e-06	-1.325761e-07	2.459170e-07	14405
112894	-1.184677e-06	-1.325677e-07	2.934314e-07	14403
682560	-1.012431e-06	-1.325492e-07	2.457718e-07	14405
104638	-1.184723e-06	-1.325362e-07	2.932615e-07	14403
674304	-1.012470e-06	-1.325223e-07	2.456266e-07	14405
96382	-1.184769e-06	-1.325047e-07	2.930916e-07	14403
666048	-1.012509e-06	-1.324953e-07	2.454814e-07	14405
88126	-1.184814e-06	-1.324732e-07	2.929217e-07	14403
657792	-1.012548e-06	-1.324684e-07	2.453362e-07	14405
79870	-1.184860e-06	-1.324416e-07	2.927518e-07	14403
649536	-1.012586e-06	-1.324414e-07	2.451910e-07	14405
641280	-1.012625e-06	-1.324145e-07	2.450458e-07	14405
71614	-1.184905e-06	-1.324101e-07	2.925819e-07	14403
633024	-1.012664e-06	-1.323876e-07	2.449005e-07	14405
63358	-1.184951e-06	-1.323786e-07	2.924120e-07	14403
624768	-1.012702e-06	-1.323606e-07	2.447553e-07	14405
55102	-1.184996e-06	-1.323471e-07	2.922420e-07	14403
616512	-1.012741e-06	-1.323337e-07	2.446101e-07	14405
46846	-1.185041e-06	-1.323155e-07	2.920721e-07	14403
608256	-1.012779e-06	-1.323068e-07	2.444649e-07	14405
38590	-1.185087e-06	-1.322840e-07	2.919022e-07	14403
600000	-1.012818e-06	-1.322798e-07	2.443196e-07	14405
591744	-1.012857e-06	-1.322529e-07	2.441744e-07	14405
30334	-1.185132e-06	-1.322525e-07	2.917322e-07	14403
583488	-1.012895e-06	-1.322259e-07	2.440291e-07	14405
22078	-1.185178e-06	-1.322210e-07	2.915623e-07	14403
575232	-1.012934e-06	-1.321990e-07	2.438839e-07	14405
13822	-1.185223e-06	-1.321894e-07	2.913923e-07	14403
566976	-1.012972e-06	-1.321720e-07	2.437386e-07	14405
5566	-1.185268e-06	-1.321579e-07	2.912224e-07	14403
558720	-1.013011e-06	-1.321451e-07	2.435934e-07	14405
550464	-1.013049e-06	-1.321181e-07	2.434481e-07	14405
542208	-1.013087e-06	-1.320912e-07	2.433028e-07	14405
533952	-1.013126e-06	-1.320642e-07	2.431575e-07	14405
525696	-1.013164e-06	-1.320373e-07	2.430122e-07	14405
517440	-1.013202e-06	-1.320103e-07	2.428669e-07	14405
509184	-1.013241e-06	-1.319834e-07	2.427217e-07	14405
500928	-1.013279e-06	-1.319564e-07	2.425764e-07	14405
492672	-1.013317e-06	-1.319295e-07	2.424310e-07	14405
484416	-1.013356e-06	-1.319025e-07	2.422857e-07	14405
476160	-1.013394e-06	-1.318755e-07	2.421404e-07	14405
467904	-1.013432e-06	-1.318486e-07	2.419951e-07	14405
459648	-1.013470e-06	-1.318216e-07	2.418498e-07	14405
451392	-1.013508e-06	-1.317946e-07	2.417044e-07	14405
443136	-1.013547e-06	-1.317677e-07	2.415591e-07	14405
434880	-1.013585e-06	-1.317407e-07	2.414137e-07	14405
426624	-1.013623e-06	-1.317138e-07	2.412684e-07	14405
418368	-1.013661e-06	-1.316868e-07	2.411230e-07	14405
410112	-1.013699e-06	-1.316598e-07	2.409776e-07	14405
401856	-1.013737e-06	-1.316329e-07	2.408323e-07	14405
393600	-1.013775e-06	-1.316059e-07	2.406869e-07	14405
385344	-1.013813e-06	-1.315789e-07	2.405415e-07	14405
377088	-1.013851e-06	-1.315520e-07	2.403961e-07	14405
368832	-1.013889e-06	-1.315250e-07	2.402507e-07	14405
360576	-1.013927e-06	-1.314980e-07	2.401054e-07	14405
352320	-1.013965e-06	-1.314710e-07	2.399599e-07	14405
344064	-1.014003e-06	-1.314441e-07	2.398145e-07	14405
335808	-1.014041e-06	-1.314171e-07	2.396691e-07	14405
327552	-1.014079e-06	-1.313901e-07	2.395237e-07	14405
319296	-1.014116e-06	-1.313631e-07	2.393783e-07	14405
311040	-1.014154e-06	-1.313362e-07	2.392328e-07	14405
302784	-1.014192e-06	-1.313092e-07	2.390874e-07	14405
294528	-1.014230e-06	-1.312822e-07	2.389420e-07	14405
286272	-1.014268e-06	-1.312552e-07	2.387965e-07	14405
278016	-1.014305e-06	-1.312282e-07	2.386511e-07	14405
269760	-1.014343e-06	-1.312012e-07	2.385056e-07	14405
261504	-1.014381e-06	-1.311743e-07	2.383601e-07	14405
253248	-1.014418e-06	-1.311473e-07	2.382147e-07	14405
244992	-1.014456e-06	-1.311203e-07	2.380692e-07	14405
236736	-1.014494e-06	-1.310933e-07	2.379237e-07	14405
228480	-1.014531e-06	-1.310663e-07	2.377783e-07	14405
220224	-1.014569e-06	-1.310393e-07	2.376328e-07	14405
211968	-1.014606e-06	-1.310123e-07	2.374873e-07	14405
203712	-1.014644e-06	-1.309853e-07	2.373418e-07	14405
195456	-1.014681e-06	-1.309583e-07	2.371963e-07	14405
187200	-1.014719e-06	-1.309313e-07	2.370507e-07	14405
178944	-1.014756e-06	-1.309044e-07	2.369052e-07	14405
170688	-1.014794e-06	-1.308774e-07	2.367597e-07	14405
162432	-1.014831e-06	-1.308504e-07	2.366142e-07	14405
154176	-1.014869e-06	-1.308234e-07	2.364687e-07	14405
145920	-1.014906e-06	-1.307964e-07	2.363231e-07	14405
137664	-1.014943e-06	-1.307694e-07	2.361776e-07	14405
129408	-1.014981e-06	-1.307424e-07	2.360320e-07	14405
121152	-1.015018e-06	-1.307153e-07	2.358865e-07	14405
112896	-1.015055e-06	-1.306883e-07	2.357409e-07	14405
104640	-1.015092e-06	-1.306613e-07	2.355954e-07	14405
96384	-1.015130e-06	-1.306343e-07	2.354498e-07	14405
88128	-1.015167e-06	-1.306073e-07	2.353042e-07	14405
79872	-1.015204e-06	-1.305803e-07	2.351586e-07	14405
71616	-1.015241e-06	-1.305533e-07	2.350130e-07	14405
63360	-1.015278e-06	-1.305263e-07	2.348674e-07	14405
55104	-1.015316e-06	-1.304993e-07	2.347219e-07	14405
46848	-1.015353e-06	-1.304723e-07	2.345762e-07	14405
38592	-1.015390e-06	-1.304453e-07	2.344306e-07	14405
30336	-1.015427e-06	-1.304183e-07	2.342850e-07	14405
22080	-1.015464e-06	-1.303912e-07	2.341394e-07	14405
13824	-1.015501e-06	-1.303642e-07	2.339938e-07	14405
5568	-1.015538e-06	-1.303372e-07	2.338482e-07	14405
1153142	-9.660910e-07	-1.263839e-07	2.438815e-07	14395
1144886	-9.661293e-07	-1.263582e-07	2.437430e-07	14395
1136630	-9.661676e-07	-1.263325e-07	2.436044e-07	14395
1128374	-9.662058e-07	-1.263068e-07	2.434659e-07	14395
1120118	-9.662441e-07	-1.262811e-07	2.433273e-07	14395
1111862	-9.662823e-07	-1.262554e-07	2.431887e-07	14395
1103606	-9.663206e-07	-1.262297e-07	2.430502e-07	14395
1095350	-9.663588e-07	-1.262040e-07	2.429116e-07	14395
1087094	-9.663969e-07	-1.261783e-07	2.427730e-07	14395
1078838	-9.664351e-07	-1.261526e-07	2.426344e-07	14395
1070582	-9.664733e-07	-1.261269e-07	2.424958e-07	14395
1062326	-9.665114e-07	-1.261012e-07	2.423572e-07	14395
1054070	-9.665495e-07	-1.260754e-07	2.422186e-07	14395
1045814	-9.665875e-07	-1.260497e-07	2.420800e-07	14395
1037558	-9.666256e-07	-1.260240e-07	2.419414e-07	14395
1029302	-9.666636e-07	-1.259983e-07	2.418028e-07	14395
1021046	-9.667017e-07	-1.259726e-07	2.416642e-07	14395
1012790	-9.667397e-07	-1.259469e-07	2.415256e-07	14395
1004534	-9.667776e-07	-1.259211e-07	2.413869e-07	14395
996278	-9.668156e-07	-1.258954e-07	2.412483e-07	14395
988022	-9.668535e-07	-1.258697e-07	2.411096e-07	14395
979766	-9.668914e-07	-1.258440e-07	2.409710e-07	14395
971510	-9.669293e-07	-1.258183e-07	2.408323e-07	14395
963254	-9.669671e-07	-1.257926e-07	2.406937e-07	14395
954998	-9.670050e-07	-1.257668e-07	2.405550e-07	14395
946742	-9.670429e-07	-1.257411e-07	2.404163e-07	14395
938486	-9.670807e-07	-1.257154e-07	2.402776e-07	14395
930230	-9.671185e-07	-1.256897e-07	2.401389e-07	14395
921974	-9.671562e-07	-1.256639e-07	2.400002e-07	14395
913718	-9.671940e-07	-1.256382e-07	2.398615e-07	14395
905462	-9.672317e-07	-1.256125e-07	2.397229e-07	14395
897206	-9.672694e-07	-1.255867e-07	2.395842e-07	14395
888950	-9.673071e-07	-1.255610e-07	2.394454e-07	14395
880694	-9.673448e-07	-1.255353e-07	2.393067e-07	14395
872438	-9.673824e-07	-1.255095e-07	2.391680e-07	14395
864182	-9.674201e-07	-1.254838e-07	2.390293e-07	14395
855926	-9.674577e-07	-1.254581e-07	2.388905e-07	14395
847670	-9.674952e-07	-1.254323e-07	2.387518e-07	14395
839414	-9.675329e-07	-1.254066e-07	2.386130e-07	14395
831158	-9.675704e-07	-1.253809e-07	2.384743e-07	14395
822902	-9.676079e-07	-1.253551e-07	2.383355e-07	14395
814646	-9.676454e-07	-1.253294e-07	2.381968e-07	14395
806390	-9.676829e-07	-1.253036e-07	2.380580e-07	14395
798134	-9.677203e-07	-1.252779e-07	2.379193e-07	14395
789878	-9.677577e-07	-1.252521e-07	2.377805e-07	14395
781622	-9.677952e-07	-1.252264e-07	2.376417e-07	14395
773366	-9.678326e-07	-1.252006e-07	2.375029e-07	14395
765110	-9.678699e-07	-1.251749e-07	2.373641e-07	14395
756854	-9.679073e-07	-1.251492e-07	2.372253e-07	14395
748598	-9.679446e-07	-1.251234e-07	2.370865e-07	14395
740342	-9.679820e-07	-1.250977e-07	2.369477e-07	14395
732086	-9.680193e-07	-1.250719e-07	2.368089e-07	14395
723830	-9.680566e-07	-1.250462e-07	2.366701e-07	14395
715574	-9.680938e-07	-1.250204e-07	2.365312e-07	14395
707318	-9.681311e-07	-1.249946e-07	2.363924e-07	14395
699062	-9.681683e-07	-1.249689e-07	2.362536e-07	14395
690806	-9.682054e-07	-1.249431e-07	2.361147e-07	14395
682550	-9.682426e-07	-1.249174e-07	2.359759e-07	14395
674294	-9.682798e-07	-1.248916e-07	2.358370e-07	14395
666038	-9.683170e-07	-1.248659e-07	2.356982e-07	14395
657782	-9.683540e-07	-1.248401e-07	2.355593e-07	14395
649526	-9.683911e-07	-1.248143e-07	2.354205e-07	14395
641270	-9.684281e-07	-1.247886e-07	2.352816e-07	14395
633014	-9.684652e-07	-1.247628e-07	2.351427e-07	14395
624758	-9.685023e-07	-1.247370e-07	2.350038e-07	14395
616502	-9.685393e-07	-1.247113e-07	2.348649e-07	14395
608246	-9.685763e-07	-1.246855e-07	2.347260e-07	14395
599990	-9.686132e-07	-1.246597e-07	2.345871e-07	14395
591734	-9.686502e-07	-1.246340e-07	2.344482e-07	14395
583478	-9.686871e-07	-1.246082e-07	2.343093e-07	14395
575222	-9.687240e-07	-1.245824e-07	2.341704e-07	14395
566966	-9.687609e-07	-1.245567e-07	2.340315e-07	14395
558710	-9.687977e-07	-1.245309e-07	2.338926e-07	14395
550454	-9.688346e-07	-1.245051e-07	2.337536e-07	14395
542198	-9.688714e-07	-1.244794e-07	2.336147e-07	14395
533942	-9.689082e-07	-1.244536e-07	2.334758e-07	14395
525686	-9.689450e-07	-1.244278e-07	2.333368e-07	14395
517430	-9.689818e-07	-1.244020e-07	2.331979e-07	14395
509174	-9.690185e-07	-1.243762e-07	2.330589e-07	14395
500918	-9.690552e-07	-1.243505e-07	2.329199e-07	14395
492662	-9.690920e-07	-1.243247e-07	2.327810e-07	14395
484406	-9.691286e-07	-1.242989e-07	2.326420e-07	14395
476150	-9.691653e-07	-1.242731e-07	2.325030e-07	14395
467894	-9.692019e-07	-1.242474e-07	2.323640e-07	14395
459638	-9.692385e-07	-1.242216e-07	2.322250e-07	14395
451382	-9.692751e-07	-1.241958e-07	2.320861e-07	14395
443126	-9.693117e-07	-1.241700e-07	2.319471e-07	14395
434870	-9.693482e-07	-1.241442e-07	2.318080e-07	14395
426614	-9.693848e-07	-1.241184e-07	2.316690e-07	14395
418358	-9.694213e-07	-1.240926e-07	2.315300e-07	14395
410102	-9.694578e-07	-1.240668e-07	2.313910e-07	14395
401846	-9.694943e-07	-1.240411e-07	2.312520e-07	14395
393590	-9.695307e-07	-1.240153e-07	2.311129e-07	14395
385334	-9.695672e-07	-1.239895e-07	2.309739e-07	14395
377078	-9.696035e-07	-1.239637e-07	2.308349e-07	14395
368822	-9.696399e-07	-1.239379e-07	2.306958e-07	14395
360566	-9.696763e-07	-1.239121e-07	2.305568e-07	14395
352310	-9.697127e-07	-1.238863e-07	2.304177e-07	14395
344054	-9.697490e-07	-1.238605e-07	2.302787e-07	14395
335798	-9.697853e-07	-1.238347e-07	2.301396e-07	14395
327542	-9.698216e-07	-1.238089e-07	2.300005e-07	14395
319286	-9.698579e-07	-1.237831e-07	2.298614e-07	14395
311030	-9.698941e-07	-1.237573e-07	2.297224e-07	14395
302774	-9.699303e-07	-1.237315e-07	2.295833e-07	14395
294518	-9.699665e-07	-1.237057e-07	2.294442e-07	14395
286262	-9.700027e-07	-1.236799e-07	2.293051e-07	14395
278006	-9.700389e-07	-1.236541e-07	2.291660e-07	14395
269750	-9.700750e-07	-1.236283e-07	2.290269e-07	14395
261494	-9.701112e-07	-1.236024e-07	2.288878e-07	14395
253238	-9.701472e-07	-1.235766e-07	2.287486e-07	14395
244982	-9.701834e-07	-1.235508e-07	2.286095e-07	14395
236726	-9.702194e-07	-1.235250e-07	2.284704e-07	14395
228470	-9.702554e-07	-1.234992e-07	2.283312e-07	14395
220214	-9.702915e-07	-1.234734e-07	2.281921e-07	14395
211958	-9.703274e-07	-1.234476e-07	2.280530e-07	14395
203702	-9.703634e-07	-1.234218e-07	2.279138e-07	14395
195446	-9.703994e-07	-1.233960e-07	2.277746e-07	14395
187190	-9.704353e-07	-1.233701e-07	2.276355e-07	14395
178934	-9.704712e-07	-1.233443e-07	2.274963e-07	14395
170678	-9.705071e-07	-1.233185e-07	2.273572e-07	14395
162422	-9.705429e-07	-1.232927e-07	2.272180e-07	14395
154166	-9.705789e-07	-1.232669e-07	2.270788e-07	14395
145910	-9.706147e-07	-1.232411e-07	2.269396e-07	14395
137654	-9.706505e-07	-1.232152e-07	2.268004e-07	14395
129398	-9.706863e-07	-1.231894e-07	2.266612e-07	14395
121142	-9.707220e-07	-1.231636e-07	2.265220e-07	14395
112886	-9.707578e-07	-1.231378e-07	2.263828e-07	14395
104630	-9.707935e-07	-1.231119e-07	2.262436e-07	14395
96374	-9.708292e-07	-1.230861e-07	2.261044e-07	14395
88118	-9.708649e-07	-1.230603e-07	2.259652e-07	14395
79862	-9.709006e-07	-1.230344e-07	2.258259e-07	14395
71606	-9.709362e-07	-1.230086e-07	2.256867e-07	14395
63350	-9.709719e-07	-1.229828e-07	2.255475e-07	14395
55094	-9.710075e-07	-1.229570e-07	2.254082e-07	14395
46838	-9.710431e-07	-1.229311e-07	2.252690e-07	14395
38582	-9.710786e-07	-1.229053e-07	2.251297e-07	14395
30326	-9.711141e-07	-1.228795e-07	2.249905e-07	14395
22070	-9.711497e-07	-1.228536e-07	2.248512e-07	14395
13814	-9.711852e-07	-1.228278e-07	2.247119e-07	14395
5558	-9.712206e-07	-1.228019e-07	2.245727e-07	14395
1153151	-1.036694e-06	-1.134110e-07	2.802626e-07	14404
1144895	-1.036737e-06	-1.133834e-07	2.801139e-07	14404
1136639	-1.036780e-06	-1.133558e-07	2.799653e-07	14404
1128383	-1.036824e-06	-1.133283e-07	2.798166e-07	14404
1120127	-1.036867e-06	-1.133007e-07	2.796679e-07	14404
1111871	-1.036910e-06	-1.132731e-07	2.795192e-07	14404
1103615	-1.036953e-06	-1.132455e-07	2.793705e-07	14404
1095359	-1.036996e-06	-1.132179e-07	2.792218e-07	14404
1087103	-1.037039e-06	-1.131904e-07	2.790731e-07	14404
1078847	-1.037082e-06	-1.131628e-07	2.789244e-07	14404
1070591	-1.037125e-06	-1.131352e-07	2.787757e-07	14404
1062335	-1.037168e-06	-1.131076e-07	2.786269e-07	14404
1054079	-1.037211e-06	-1.130800e-07	2.784782e-07	14404
1045823	-1.037254e-06	-1.130524e-07	2.783295e-07	14404
1037567	-1.037297e-06	-1.130248e-07	2.781807e-07	14404
1029311	-1.037340e-06	-1.129972e-07	2.780320e-07	14404
1021055	-1.037383e-06	-1.129696e-07	2.778832e-07	14404
1012799	-1.037425e-06	-1.129420e-07	2.777344e-07	14404
1004543	-1.037468e-06	-1.129144e-07	2.775857e-07	14404
996287	-1.037511e-06	-1.128869e-07	2.774369e-07	14404
988031	-1.037554e-06	-1.128592e-07	2.772881e-07	14404
979775	-1.037597e-06	-1.128316e-07	2.771393e-07	14404
971519	-1.037639e-06	-1.128041e-07	2.769905e-07	14404
963263	-1.037682e-06	-1.127764e-07	2.768417e-07	14404
955007	-1.037725e-06	-1.127488e-07	2.766929e-07	14404
946751	-1.037767e-06	-1.127212e-07	2.765441e-07	14404
938495	-1.037810e-06	-1.126936e-07	2.763953e-07	14404
930239	-1.037853e-06	-1.126660e-07	2.762465e-07	14404
921983	-1.037895e-06	-1.126384e-07	2.760976e-07	14404
913727	-1.037938e-06	-1.126108e-07	2.759488e-07	14404
905471	-1.037980e-06	-1.125832e-07	2.757999e-07	14404
897215	-1.038023e-06	-1.125556e-07	2.756511e-07	14404
888959	-1.038065e-06	-1.125280e-07	2.755022e-07	14404
880703	-1.038108e-06	-1.125004e-07	2.753534e-07	14404
872447	-1.038150e-06	-1.124727e-07	2.752045e-07	14404
864191	-1.038193e-06	-1.124451e-07	2.750556e-07	14404
855935	-1.038235e-06	-1.124175e-07	2.749068e-07	14404
847679	-1.038278e-06	-1.123899e-07	2.747579e-07	14404
839423	-1.038320e-06	-1.123623e-07	2.746090e-07	14404
831167	-1.038362e-06	-1.123347e-07	2.744601e-07	14404
822911	-1.038405e-06	-1.123070e-07	2.743112e-07	14404
814655	-1.038447e-06	-1.122794e-07	2.741623e-07	14404
806399	-1.038489e-06	-1.122518e-07	2.740133e-07	14404
798143	-1.038532e-06	-1.122242e-07	2.738644e-07	14404
789887	-1.038574e-06	-1.121965e-07	2.737155e-07	14404
781631	-1.038616e-06	-1.121689e-07	2.735665e-07	14404
773375	-1.038658e-06	-1.121413e-07	2.734176e-07	14404
765119	-1.038700e-06	-1.121137e-07	2.732687e-07	14404
756863	-1.038743e-06	-1.120860e-07	2.731197e-07	14404
748607	-1.038785e-06	-1.120584e-07	2.729708e-07	14404
740351	-1.038827e-06	-1.120308e-07	2.728218e-07	14404
732095	-1.038869e-06	-1.120031e-07	2.726728e-07	14404
723839	-1.038911e-06	-1.119755e-07	2.725238e-07	14404
715583	-1.038953e-06	-1.119479e-07	2.723748e-07	14404
707327	-1.038995e-06	-1.119202e-07	2.722259e-07	14404
699071	-1.039037e-06	-1.118926e-07	2.720769e-07	14404
690815	-1.039079e-06	-1.118649e-07	2.719279e-07	14404
682559	-1.039121e-06	-1.118373e-07	2.717788e-07	14404
674303	-1.039163e-06	-1.118097e-07	2.716299e-07	14404
666047	-1.039205e-06	-1.117820e-07	2.714808e-07	14404
657791	-1.039247e-06	-1.117544e-07	2.713318e-07	14404
649535	-1.039289e-06	-1.117267e-07	2.711828e-07	14404
641279	-1.039330e-06	-1.116991e-07	2.710337e-07	14404
633023	-1.039372e-06	-1.116714e-07	2.708847e-07	14404
624767	-1.039414e-06	-1.116438e-07	2.707356e-07	14404
616511	-1.039456e-06	-1.116161e-07	2.705866e-07	14404
608255	-1.039498e-06	-1.115885e-07	2.704375e-07	14404
599999	-1.039539e-06	-1.115608e-07	2.702884e-07	14404
591743	-1.039581e-06	-1.115332e-07	2.701394e-07	14404
583487	-1.039623e-06	-1.115055e-07	2.699903e-07	14404
575231	-1.039664e-06	-1.114779e-07	2.698412e-07	14404
566975	-1.039706e-06	-1.114502e-07	2.696921e-07	14404
558719	-1.039748e-06	-1.114226e-07	2.695430e-07	14404
550463	-1.039789e-06	-1.113949e-07	2.693939e-07	14404
542207	-1.039831e-06	-1.113672e-07	2.692448e-07	14404
533951	-1.039872e-06	-1.113396e-07	2.690957e-07	14404
525695	-1.039914e-06	-1.113119e-07	2.689466e-07	14404
517439	-1.039956e-06	-1.112842e-07	2.687974e-07	14404
509183	-1.039997e-06	-1.112566e-07	2.686483e-07	14404
500927	-1.040038e-06	-1.112289e-07	2.684992e-07	14404
492671	-1.040080e-06	-1.112012e-07	2.683500e-07	14404
484415	-1.040121e-06	-1.111736e-07	2.682009e-07	14404
476159	-1.040163e-06	-1.111459e-07	2.680517e-07	14404
467903	-1.040204e-06	-1.111182e-07	2.679025e-07	14404
459647	-1.040245e-06	-1.110906e-07	2.677534e-07	14404
451391	-1.040287e-06	-1.110629e-07	2.676042e-07	14404
443135	-1.040328e-06	-1.110352e-07	2.674550e-07	14404
434879	-1.040370e-06	-1.110076e-07	2.673058e-07	14404
426623	-1.040411e-06	-1.109799e-07	2.671567e-07	14404
418367	-1.040452e-06	-1.109522e-07	2.670075e-07	14404
410111	-1.040493e-06	-1.109245e-07	2.668583e-07	14404
401855	-1.040534e-06	-1.108968e-07	2.667090e-07	14404
393599	-1.040576e-06	-1.108692e-07	2.665598e-07	14404
385343	-1.040617e-06	-1.108415e-07	2.664106e-07	14404
377087	-1.040658e-06	-1.108138e-07	2.662614e-07	14404
368831	-1.040699e-06	-1.107861e-07	2.661121e-07	14404
360575	-1.040740e-06	-1.107584e-07	2.659629e-07	14404
352319	-1.040781e-06	-1.107307e-07	2.658136e-07	14404
344063	-1.040822e-06	-1.107031e-07	2.656644e-07	14404
335807	-1.040863e-06	-1.106754e-07	2.655152e-07	14404
327551	-1.040904e-06	-1.106477e-07	2.653659e-07	14404
319295	-1.040945e-06	-1.106200e-07	2.652166e-07	14404
311039	-1.040986e-06	-1.105923e-07	2.650673e-07	14404
302783	-1.041027e-06	-1.105646e-07	2.649180e-07	14404
294527	-1.041068e-06	-1.105369e-07	2.647688e-07	14404
286271	-1.041109e-06	-1.105092e-07	2.646195e-07	14404
278015	-1.041150e-06	-1.104815e-07	2.644702e-07	14404
269759	-1.041191e-06	-1.104538e-07	2.643209e-07	14404
261503	-1.041232e-06	-1.104261e-07	2.641715e-07	14404
253247	-1.041272e-06	-1.103984e-07	2.640222e-07	14404
244991	-1.041313e-06	-1.103707e-07	2.638729e-07	14404
236735	-1.041354e-06	-1.103430e-07	2.637236e-07	14404
228479	-1.041395e-06	-1.103153e-07	2.635743e-07	14404
220223	-1.041435e-06	-1.102876e-07	2.634249e-07	14404
211967	-1.041476e-06	-1.102599e-07	2.632756e-07	14404
203711	-1.041517e-06	-1.102322e-07	2.631262e-07	14404
195455	-1.041557e-06	-1.102045e-07	2.629769e-07	14404
187199	-1.041598e-06	-1.101768e-07	2.628275e-07	14404
178943	-1.041639e-06	-1.101491e-07	2.626781e-07	14404
170687	-1.041679e-06	-1.101214e-07	2.625288e-07	14404
162431	-1.041720e-06	-1.100937e-07	2.623794e-07	14404
154175	-1.041760e-06	-1.100660e-07	2.622300e-07	14404
145919	-1.041801e-06	-1.100382e-07	2.620806e-07	14404
137663	-1.041841e-06	-1.100105e-07	2.619312e-07	14404
129407	-1.041882e-06	-1.099828e-07	2.617818e-07	14404
121151	-1.041922e-06	-1.099551e-07	2.616324e-07	14404
112895	-1.041963e-06	-1.099274e-07	2.614830e-07	14404
104639	-1.042003e-06	-1.098997e-07	2.613336e-07	14404
96383	-1.042044e-06	-1.098719e-07	2.611841e-07	14404
88127	-1.042084e-06	-1.098442e-07	2.610347e-07	14404
79871	-1.042124e-06	-1.098165e-07	2.608853e-07	14404
71615	-1.042165e-06	-1.097888e-07	2.607358e-07	14404
63359	-1.042205e-06	-1.097611e-07	2.605863e-07	14404
55103	-1.042245e-06	-1.097333e-07	2.604369e-07	14404
46847	-1.042285e-06	-1.097056e-07	2.602874e-07	14404
38591	-1.042326e-06	-1.096779e-07	2.601380e-07	14404
30335	-1.042366e-06	-1.096502e-07	2.599885e-07	14404
22079	-1.042406e-06	-1.096224e-07	2.598390e-07	14404
13823	-1.042446e-06	-1.095947e-07	2.596895e-07	14404
5567	-1.042486e-06	-1.095670e-07	2.595401e-07	14404
1154161	-1.516891e-06	-1.053791e-07	4.851889e-07	18279
1145905	-1.516963e-06	-1.053388e-07	4.849714e-07	18279
1137649	-1.517035e-06	-1.052984e-07	4.847539e-07	18279
1129393	-1.517108e-06	-1.052581e-07	4.845363e-07	18279
1121137	-1.517180e-06	-1.052177e-07	4.843188e-07	18279
1112881	-1.517252e-06	-1.051774e-07	4.841012e-07	18279
1104625	-1.517324e-06	-1.051370e-07	4.838836e-07	18279
1096369	-1.517397e-06	-1.050967e-07	4.836660e-07	18279
1088113	-1.517469e-06	-1.050563e-07	4.834484e-07	18279
1079857	-1.517541e-06	-1.050160e-07	4.832308e-07	18279
1071601	-1.517613e-06	-1.049756e-07	4.830132e-07	18279
1063345	-1.517685e-06	-1.049352e-07	4.827956e-07	18279
1055089	-1.517757e-06	-1.048949e-07	4.825779e-07	18279
1046833	-1.517829e-06	-1.048545e-07	4.823603e-07	18279
1038577	-1.517901e-06	-1.048141e-07	4.821426e-07	18279
1030321	-1.517973e-06	-1.047738e-07	4.819250e-07	18279
1022065	-1.518045e-06	-1.047334e-07	4.817073e-07	18279
1013809	-1.518117e-06	-1.046930e-07	4.814896e-07	18279
1005553	-1.518188e-06	-1.046526e-07	4.812719e-07	18279
997297	-1.518260e-06	-1.046123e-07	4.810542e-07	18279
989041	-1.518332e-06	-1.045719e-07	4.808365e-07	18279
980785	-1.518404e-06	-1.045315e-07	4.806187e-07	18279
972529	-1.518475e-06	-1.044911e-07	4.804010e-07	18279
964273	-1.518547e-06	-1.044507e-07	4.801832e-07	18279
956017	-1.518619e-06	-1.044103e-07	4.799655e-07	18279
947761	-1.518690e-06	-1.043699e-07	4.797477e-07	18279
939505	-1.518762e-06	-1.043296e-07	4.795299e-07	18279
931249	-1.518833e-06	-1.042892e-07	4.793122e-07	18279
922993	-1.518905e-06	-1.042488e-07	4.790944e-07	18279
914737	-1.518976e-06	-1.042084e-07	4.788765e-07	18279
906481	-1.519048e-06	-1.041680e-07	4.786587e-07	18279
898225	-1.519119e-06	-1.041276e-07	4.784409e-07	18279
889969	-1.519190e-06	-1.040872e-07	4.782231e-07	18279
881713	-1.519262e-06	-1.040468e-07	4.780052e-07	18279
873457	-1.519333e-06	-1.040063e-07	4.777873e-07	18279
865201	-1.519404e-06	-1.039659e-07	4.775695e-07	18279
856945	-1.519475e-06	-1.039255e-07	4.773516e-07	18279
848689	-1.519547e-06	-1.038851e-07	4.771337e-07	18279
840433	-1.519618e-06	-1.038447e-07	4.769158e-07	18279
832177	-1.519689e-06	-1.038043e-07	4.766979e-07	18279
823921	-1.519760e-06	-1.037639e-07	4.764799e-07	18279
815665	-1.519831e-06	-1.037234e-07	4.762620e-07	18279
807409	-1.519902e-06	-1.036830e-07	4.760441e-07	18279
799153	-1.519973e-06	-1.036426e-07	4.758261e-07	18279
790897	-1.520044e-06	-1.036022e-07	4.756081e-07	18279
782641	-1.520115e-06	-1.035617e-07	4.753902e-07	18279
774385	-1.520186e-06	-1.035213e-07	4.751722e-07	18279
766129	-1.520257e-06	-1.034809e-07	4.749542e-07	18279
757873	-1.520328e-06	-1.034404e-07	4.747362e-07	18279
749617	-1.520398e-06	-1.034000e-07	4.745181e-07	18279
741361	-1.520469e-06	-1.033596e-07	4.743001e-07	18279
733105	-1.520540e-06	-1.033191e-07	4.740821e-07	18279
724849	-1.520611e-06	-1.032787e-07	4.738640e-07	18279
716593	-1.520681e-06	-1.032382e-07	4.736460e-07	18279
708337	-1.520752e-06	-1.031978e-07	4.734279e-07	18279
700081	-1.520823e-06	-1.031573e-07	4.732098e-07	18279
691825	-1.520893e-06	-1.031169e-07	4.729918e-07	18279
683569	-1.520964e-06	-1.030765e-07	4.727736e-07	18279
675313	-1.521034e-06	-1.030360e-07	4.725555e-07	18279
667057	-1.521105e-06	-1.029955e-07	4.723374e-07	18279
658801	-1.521175e-06	-1.029551e-07	4.721193e-07	18279
650545	-1.521246e-06	-1.029146e-07	4.719012e-07	18279
642289	-1.521316e-06	-1.028742e-07	4.716830e-07	18279
634033	-1.521386e-06	-1.028337e-07	4.714649e-07	18279
625777	-1.521457e-06	-1.027932e-07	4.712467e-07	18279
617521	-1.521527e-06	-1.027528e-07	4.710285e-07	18279
609265	-1.521597e-06	-1.027123e-07	4.708103e-07	18279
601009	-1.521668e-06	-1.026718e-07	4.705921e-07	18279
592753	-1.521738e-06	-1.026314e-07	4.703739e-07	18279
584497	-1.521808e-06	-1.025909e-07	4.701557e-07	18279
576241	-1.521878e-06	-1.025504e-07	4.699375e-07	18279
567985	-1.521948e-06	-1.025099e-07	4.697192e-07	18279
559729	-1.522018e-06	-1.024695e-07	4.695010e-07	18279
551473	-1.522088e-06	-1.024290e-07	4.692827e-07	18279
543217	-1.522158e-06	-1.023885e-07	4.690645e-07	18279
534961	-1.522228e-06	-1.023480e-07	4.688462e-07	18279
526705	-1.522298e-06	-1.023075e-07	4.686279e-07	18279
518449	-1.522368e-06	-1.022670e-07	4.684096e-07	18279
510193	-1.522438e-06	-1.022265e-07	4.681913e-07	18279
501937	-1.522508e-06	-1.021860e-07	4.679730e-07	18279
493681	-1.522578e-06	-1.021455e-07	4.677546e-07	18279
485425	-1.522647e-06	-1.021051e-07	4.675363e-07	18279
477169	-1.522717e-06	-1.020646e-07	4.673180e-07	18279
468913	-1.522787e-06	-1.020241e-07	4.670996e-07	18279
460657	-1.522856e-06	-1.019836e-07	4.668812e-07	18279
452401	-1.522926e-06	-1.019430e-07	4.666628e-07	18279
444145	-1.522996e-06	-1.019025e-07	4.664445e-07	18279
435889	-1.523065e-06	-1.018620e-07	4.662261e-07	18279
427633	-1.523135e-06	-1.018215e-07	4.660077e-07	18279
419377	-1.523204e-06	-1.017810e-07	4.657892e-07	18279
411121	-1.523274e-06	-1.017405e-07	4.655708e-07	18279
402865	-1.523343e-06	-1.017000e-07	4.653524e-07	18279
394609	-1.523413e-06	-1.016595e-07	4.651339e-07	18279
386353	-1.523482e-06	-1.016189e-07	4.649155e-07	18279
378097	-1.523552e-06	-1.015784e-07	4.646970e-07	18279
369841	-1.523621e-06	-1.015379e-07	4.644785e-07	18279
361585	-1.523690e-06	-1.014974e-07	4.642600e-07	18279
353329	-1.523759e-06	-1.014569e-07	4.640415e-07	18279
345073	-1.523829e-06	-1.014163e-07	4.638230e-07	18279
336817	-1.523898e-06	-1.013758e-07	4.636045e-07	18279
328561	-1.523967e-06	-1.013353e-07	4.633860e-07	18279
320305	-1.524036e-06	-1.012947e-07	4.631675e-07	18279
312049	-1.524105e-06	-1.012542e-07	4.629489e-07	18279
303793	-1.524174e-06	-1.012137e-07	4.627303e-07	18279
295537	-1.524243e-06	-1.011731e-07	4.625118e-07	18279
287281	-1.524312e-06	-1.011326e-07	4.622932e-07	18279
279025	-1.524381e-06	-1.010920e-07	4.620746e-07	18279
270769	-1.524450e-06	-1.010515e-07	4.618560e-07	18279
262513	-1.524519e-06	-1.010109e-07	4.616374e-07	18279
254257	-1.524588e-06	-1.009704e-07	4.614188e-07	18279
246001	-1.524657e-06	-1.009298e-07	4.612002e-07	18279
237745	-1.524726e-06	-1.008893e-07	4.609815e-07	18279
229489	-1.524794e-06	-1.008487e-07	4.607629e-07	18279
221233	-1.524863e-06	-1.008082e-07	4.605442e-07	18279
212977	-1.524932e-06	-1.007676e-07	4.603256e-07	18279
204721	-1.525000e-06	-1.007271e-07	4.601069e-07	18279
196465	-1.525069e-06	-1.006865e-07	4.598882e-07	18279
188209	-1.525138e-06	-1.006459e-07	4.596695e-07	18279
179953	-1.525206e-06	-1.006054e-07	4.594508e-07	18279
171697	-1.525275e-06	-1.005648e-07	4.592321e-07	18279
163441	-1.525343e-06	-1.005242e-07	4.590134e-07	18279
155185	-1.525412e-06	-1.004837e-07	4.587946e-07	18279
146929	-1.525480e-06	-1.004431e-07	4.585759e-07	18279
138673	-1.525549e-06	-1.004025e-07	4.583571e-07	18279
130417	-1.525617e-06	-1.003619e-07	4.581383e-07	18279
122161	-1.525685e-06	-1.003214e-07	4.579196e-07	18279
113905	-1.525754e-06	-1.002808e-07	4.577008e-07	18279
105649	-1.525822e-06	-1.002402e-07	4.574820e-07	18279
97393	-1.525890e-06	-1.001996e-07	4.572632e-07	18279
89137	-1.525958e-06	-1.001590e-07	4.570444e-07	18279
80881	-1.526027e-06	-1.001184e-07	4.568256e-07	18279
72625	-1.526095e-06	-1.000778e-07	4.566067e-07	18279
64369	-1.526163e-06	-1.000373e-07	4.563879e-07	18279
56113	-1.526231e-06	-9.999667e-08	4.561690e-07	18279
47857	-1.526299e-06	-9.995607e-08	4.559502e-07	18279
39601	-1.526367e-06	-9.991548e-08	4.557313e-07	18279
31345	-1.526435e-06	-9.987487e-08	4.555124e-07	18279
23089	-1.526503e-06	-9.983427e-08	4.552935e-07	18279
14833	-1.526571e-06	-9.979367e-08	4.550746e-07	18279
1151815	-1.550124e-06	-9.976088e-08	4.943408e-07	10093
6577	-1.526639e-06	-9.975307e-08	4.548557e-07	18279
1143559	-1.550198e-06	-9.971965e-08	4.941185e-07	10093
1135303	-1.550271e-06	-9.967842e-08	4.938962e-07	10093
1127047	-1.550345e-06	-9.963718e-08	4.936739e-07	10093
1118791	-1.550418e-06	-9.959595e-08	4.934516e-07	10093
1110535	-1.550491e-06	-9.955472e-08	4.932293e-07	10093
1102279	-1.550565e-06	-9.951348e-08	4.930069e-07	10093
1094023	-1.550638e-06	-9.947224e-08	4.927846e-07	10093
1085767	-1.550711e-06	-9.943100e-08	4.925622e-07	10093
1077511	-1.550785e-06	-9.938976e-08	4.923398e-07	10093
1069255	-1.550858e-06	-9.934851e-08	4.921175e-07	10093
1060999	-1.550931e-06	-9.930726e-08	4.918950e-07	10093
1052743	-1.551004e-06	-9.926601e-08	4.916727e-07	10093
1044487	-1.551077e-06	-9.922476e-08	4.914502e-07	10093
1036231	-1.551150e-06	-9.918351e-08	4.912278e-07	10093
1027975	-1.551223e-06	-9.914226e-08	4.910054e-07	10093
1019719	-1.551297e-06	-9.910099e-08	4.907829e-07	10093
1011463	-1.551370e-06	-9.905974e-08	4.905605e-07	10093
1003207	-1.551442e-06	-9.901848e-08	4.903380e-07	10093
994951	-1.551515e-06	-9.897721e-08	4.901155e-07	10093
986695	-1.551588e-06	-9.893595e-08	4.898930e-07	10093
978439	-1.551661e-06	-9.889468e-08	4.896705e-07	10093
970183	-1.551734e-06	-9.885341e-08	4.894480e-07	10093
961927	-1.551807e-06	-9.881214e-08	4.892255e-07	10093
953671	-1.551880e-06	-9.877087e-08	4.890030e-07	10093
945415	-1.551952e-06	-9.872959e-08	4.887804e-07	10093
937159	-1.552025e-06	-9.868832e-08	4.885579e-07	10093
928903	-1.552098e-06	-9.864704e-08	4.883353e-07	10093
920647	-1.552170e-06	-9.860575e-08	4.881127e-07	10093
912391	-1.552243e-06	-9.856447e-08	4.878902e-07	10093
904135	-1.552315e-06	-9.852319e-08	4.876676e-07	10093
895879	-1.552388e-06	-9.848191e-08	4.874450e-07	10093
887623	-1.552461e-06	-9.844062e-08	4.872223e-07	10093
879367	-1.552533e-06	-9.839933e-08	4.869997e-07	10093
871111	-1.552605e-06	-9.835803e-08	4.867771e-07	10093
862855	-1.552678e-06	-9.831674e-08	4.865545e-07	10093
854599	-1.552750e-06	-9.827544e-08	4.863318e-07	10093
846343	-1.552822e-06	-9.823414e-08	4.861091e-07	10093
838087	-1.552895e-06	-9.819284e-08	4.858865e-07	10093
829831	-1.552967e-06	-9.815154e-08	4.856638e-07	10093
821575	-1.553039e-06	-9.811023e-08	4.854411e-07	10093
813319	-1.553111e-06	-9.806893e-08	4.852184e-07	10093
805063	-1.553184e-06	-9.802762e-08	4.849957e-07	10093
796807	-1.553256e-06	-9.798631e-08	4.847730e-07	10093
788551	-1.553328e-06	-9.794500e-08	4.845502e-07	10093
780295	-1.553400e-06	-9.790369e-08	4.843275e-07	10093
772039	-1.553472e-06	-9.786237e-08	4.841047e-07	10093
763783	-1.553544e-06	-9.782105e-08	4.838819e-07	10093
755527	-1.553616e-06	-9.777973e-08	4.836592e-07	10093
747271	-1.553688e-06	-9.773841e-08	4.834363e-07	10093
739015	-1.553760e-06	-9.769709e-08	4.832136e-07	10093
730759	-1.553832e-06	-9.765576e-08	4.829907e-07	10093
722503	-1.553904e-06	-9.761443e-08	4.827679e-07	10093
714247	-1.553975e-06	-9.757311e-08	4.825451e-07	10093
705991	-1.554047e-06	-9.753177e-08	4.823223e-07	10093
697735	-1.554119e-06	-9.749044e-08	4.820994e-07	10093
689479	-1.554191e-06	-9.744910e-08	4.818766e-07	10093
681223	-1.554262e-06	-9.740777e-08	4.816537e-07	10093
672967	-1.554334e-06	-9.736643e-08	4.814308e-07	10093
664711	-1.554406e-06	-9.732509e-08	4.812079e-07	10093
656455	-1.554477e-06	-9.728375e-08	4.809850e-07	10093
648199	-1.554549e-06	-9.724240e-08	4.807621e-07	10093
639943	-1.554620e-06	-9.720105e-08	4.805391e-07	10093
631687	-1.554692e-06	-9.715971e-08	4.803163e-07	10093
623431	-1.554763e-06	-9.711836e-08	4.800933e-07	10093
615175	-1.554835e-06	-9.707701e-08	4.798703e-07	10093
606919	-1.554906e-06	-9.703565e-08	4.796474e-07	10093
598663	-1.554977e-06	-9.699429e-08	4.794244e-07	10093
590407	-1.555048e-06	-9.695294e-08	4.792014e-07	10093
582151	-1.555120e-06	-9.691158e-08	4.789784e-07	10093
573895	-1.555191e-06	-9.687021e-08	4.787554e-07	10093
565639	-1.555262e-06	-9.682885e-08	4.785324e-07	10093
557383	-1.555333e-06	-9.678748e-08	4.783094e-07	10093
549127	-1.555405e-06	-9.674611e-08	4.780863e-07	10093
540871	-1.555476e-06	-9.670475e-08	4.778633e-07	10093
532615	-1.555547e-06	-9.666337e-08	4.776402e-07	10093
524359	-1.555618e-06	-9.662200e-08	4.774172e-07	10093
516103	-1.555689e-06	-9.658063e-08	4.771941e-07	10093
507847	-1.555760e-06	-9.653925e-08	4.769710e-07	10093
499591	-1.555831e-06	-9.649787e-08	4.767479e-07	10093
491335	-1.555902e-06	-9.645649e-08	4.765248e-07	10093
483079	-1.555973e-06	-9.641511e-08	4.763017e-07	10093
474823	-1.556043e-06	-9.637372e-08	4.760786e-07	10093
466567	-1.556114e-06	-9.633234e-08	4.758554e-07	10093
458311	-1.556185e-06	-9.629095e-08	4.756323e-07	10093
450055	-1.556256e-06	-9.624955e-08	4.754091e-07	10093
441799	-1.556326e-06	-9.620816e-08	4.751860e-07	10093
433543	-1.556397e-06	-9.616677e-08	4.749628e-07	10093
425287	-1.556468e-06	-9.612537e-08	4.747396e-07	10093
417031	-1.556538e-06	-9.608397e-08	4.745164e-07	10093
408775	-1.556609e-06	-9.604257e-08	4.742932e-07	10093
400519	-1.556680e-06	-9.600117e-08	4.740700e-07	10093
392263	-1.556750e-06	-9.595976e-08	4.738467e-07	10093
384007	-1.556821e-06	-9.591836e-08	4.736235e-07	10093
375751	-1.556891e-06	-9.587695e-08	4.734003e-07	10093
367495	-1.556961e-06	-9.583555e-08	4.731770e-07	10093
359239	-1.557032e-06	-9.579413e-08	4.729537e-07	10093
350983	-1.557102e-06	-9.575272e-08	4.727304e-07	10093
342727	-1.557172e-06	-9.571130e-08	4.725072e-07	10093
334471	-1.557243e-06	-9.566988e-08	4.722839e-07	10093
326215	-1.557313e-06	-9.562847e-08	4.720605e-07	10093
317959	-1.557383e-06	-9.558705e-08	4.718372e-07	10093
309703	-1.557453e-06	-9.554562e-08	4.716139e-07	10093
301447	-1.557524e-06	-9.550420e-08	4.713906e-07	10093
293191	-1.557594e-06	-9.546277e-08	4.711672e-07	10093
284935	-1.557664e-06	-9.542134e-08	4.709439e-07	10093
276679	-1.557734e-06	-9.537991e-08	4.707205e-07	10093
268423	-1.557804e-06	-9.533848e-08	4.704971e-07	10093
260167	-1.557874e-06	-9.529705e-08	4.702737e-07	10093
251911	-1.557944e-06	-9.525561e-08	4.700503e-07	10093
243655	-1.558014e-06	-9.521417e-08	4.698269e-07	10093
235399	-1.558084e-06	-9.517273e-08	4.696035e-07	10093
227143	-1.558153e-06	-9.513129e-08	4.693801e-07	10093
218887	-1.558223e-06	-9.508985e-08	4.691566e-07	10093
210631	-1.558293e-06	-9.504840e-08	4.689332e-07	10093
202375	-1.558363e-06	-9.500695e-08	4.687097e-07	10093
194119	-1.558433e-06	-9.496551e-08	4.684863e-07	10093
185863	-1.558502e-06	-9.492405e-08	4.682628e-07	10093
177607	-1.558572e-06	-9.488260e-08	4.680393e-07	10093
169351	-1.558642e-06	-9.484115e-08	4.678158e-07	10093
161095	-1.558711e-06	-9.479969e-08	4.675923e-07	10093
152839	-1.558781e-06	-9.475823e-08	4.673687e-07	10093
144583	-1.558850e-06	-9.471677e-08	4.671452e-07	10093
136327	-1.558920e-06	-9.467531e-08	4.669217e-07	10093
128071	-1.558989e-06	-9.463384e-08	4.666981e-07	10093
119815	-1.559059e-06	-9.459238e-08	4.664746e-07	10093
111559	-1.559128e-06	-9.455091e-08	4.662510e-07	10093
103303	-1.559197e-06	-9.450944e-08	4.660274e-07	10093
95047	-1.559267e-06	-9.446797e-08	4.658039e-07	10093
86791	-1.559336e-06	-9.442650e-08	4.655803e-07	10093
78535	-1.559405e-06	-9.438502e-08	4.653566e-07	10093
70279	-1.559474e-06	-9.434354e-08	4.651330e-07	10093
62023	-1.559544e-06	-9.430206e-08	4.649094e-07	10093
53767	-1.559613e-06	-9.426059e-08	4.646857e-07	10093
45511	-1.559682e-06	-9.421910e-08	4.644621e-07	10093
37255	-1.559751e-06	-9.417762e-08	4.642384e-07	10093
28999	-1.559820e-06	-9.413613e-08	4.640148e-07	10093
20743	-1.559889e-06	-9.409464e-08	4.637911e-07	10093
12487	-1.559958e-06	-9.405315e-08	4.635674e-07	10093
4231	-1.560027e-06	-9.401165e-08	4.633437e-07	10093
1154856	-1.379437e-06	-9.331160e-08	4.219903e-07	21851
1146600	-1.379500e-06	-9.327491e-08	4.217924e-07	21851
1138344	-1.379563e-06	-9.323822e-08	4.215946e-07	21851
1130088	-1.379626e-06	-9.320153e-08	4.213968e-07	21851
1121832	-1.379689e-06	-9.316483e-08	4.211989e-07	21851
1113576	-1.379752e-06	-9.312814e-08	4.210011e-07	21851
1105320	-1.379815e-06	-9.309144e-08	4.208032e-07	21851
1097064	-1.379877e-06	-9.305474e-08	4.206054e-07	21851
1088808	-1.379940e-06	-9.301804e-08	4.204075e-07	21851
1080552	-1.380003e-06	-9.298133e-08	4.202096e-07	21851
1072296	-1.380066e-06	-9.294462e-08	4.200117e-07	21851
1064040	-1.380128e-06	-9.290792e-08	4.198138e-07	21851
1055784	-1.380191e-06	-9.287121e-08	4.196159e-07	21851
1047528	-1.380254e-06	-9.283450e-08	4.194180e-07	21851
1039272	-1.380316e-06	-9.279779e-08	4.192200e-07	21851
1031016	-1.380379e-06	-9.276108e-08	4.190221e-07	21851
1022760	-1.380441e-06	-9.272436e-08	4.188242e-07	21851
1014504	-1.380504e-06	-9.268765e-08	4.186262e-07	21851
1006248	-1.380566e-06	-9.265093e-08	4.184282e-07	21851
997992	-1.380629e-06	-9.261421e-08	4.182303e-07	21851
989736	-1.380691e-06	-9.257749e-08	4.180323e-07	21851
981480	-1.380754e-06	-9.254077e-08	4.178343e-07	21851
973224	-1.380816e-06	-9.250404e-08	4.176363e-07	21851
964968	-1.380878e-06	-9.246731e-08	4.174383e-07	21851
956712	-1.380941e-06	-9.243058e-08	4.172403e-07	21851
948456	-1.381003e-06	-9.239385e-08	4.170422e-07	21851
940200	-1.381065e-06	-9.235712e-08	4.168442e-07	21851
931944	-1.381127e-06	-9.232039e-08	4.166461e-07	21851
923688	-1.381190e-06	-9.228366e-08	4.164481e-07	21851
915432	-1.381252e-06	-9.224691e-08	4.162500e-07	21851
907176	-1.381314e-06	-9.221018e-08	4.160520e-07	21851
898920	-1.381376e-06	-9.217344e-08	4.158539e-07	21851
890664	-1.381438e-06	-9.213669e-08	4.156558e-07	21851
882408	-1.381500e-06	-9.209995e-08	4.154577e-07	21851
874152	-1.381562e-06	-9.206321e-08	4.152596e-07	21851
865896	-1.381624e-06	-9.202646e-08	4.150615e-07	21851
857640	-1.381686e-06	-9.198971e-08	4.148633e-07	21851
849384	-1.381748e-06	-9.195296e-08	4.146652e-07	21851
841128	-1.381810e-06	-9.191621e-08	4.144671e-07	21851
832872	-1.381872e-06	-9.187946e-08	4.142689e-07	21851
824616	-1.381933e-06	-9.184270e-08	4.140707e-07	21851
816360	-1.381995e-06	-9.180594e-08	4.138726e-07	21851
808104	-1.382057e-06	-9.176919e-08	4.136744e-07	21851
799848	-1.382119e-06	-9.173243e-08	4.134762e-07	21851
791592	-1.382180e-06	-9.169567e-08	4.132780e-07	21851
783336	-1.382242e-06	-9.165890e-08	4.130798e-07	21851
775080	-1.382304e-06	-9.162214e-08	4.128816e-07	21851
766824	-1.382365e-06	-9.158537e-08	4.126834e-07	21851
758568	-1.382427e-06	-9.154861e-08	4.124852e-07	21851
750312	-1.382489e-06	-9.151184e-08	4.122869e-07	21851
742056	-1.382550e-06	-9.147506e-08	4.120887e-07	21851
733800	-1.382612e-06	-9.143829e-08	4.118904e-07	21851
725544	-1.382673e-06	-9.140151e-08	4.116921e-07	21851
717288	-1.382735e-06	-9.136474e-08	4.114939e-07	21851
709032	-1.382796e-06	-9.132796e-08	4.112956e-07	21851
700776	-1.382857e-06	-9.129118e-08	4.110973e-07	21851
692520	-1.382919e-06	-9.125440e-08	4.108990e-07	21851
684264	-1.382980e-06	-9.121761e-08	4.107007e-07	21851
676008	-1.383041e-06	-9.118083e-08	4.105023e-07	21851
667752	-1.383103e-06	-9.114405e-08	4.103040e-07	21851
659496	-1.383164e-06	-9.110725e-08	4.101057e-07	21851
651240	-1.383225e-06	-9.107046e-08	4.099073e-07	21851
642984	-1.383286e-06	-9.103368e-08	4.097090e-07	21851
634728	-1.383348e-06	-9.099688e-08	4.095106e-07	21851
626472	-1.383409e-06	-9.096009e-08	4.093122e-07	21851
618216	-1.383470e-06	-9.092329e-08	4.091139e-07	21851
609960	-1.383531e-06	-9.088649e-08	4.089155e-07	21851
601704	-1.383592e-06	-9.084969e-08	4.087171e-07	21851
593448	-1.383653e-06	-9.081289e-08	4.085187e-07	21851
585192	-1.383714e-06	-9.077609e-08	4.083203e-07	21851
576936	-1.383775e-06	-9.073928e-08	4.081218e-07	21851
568680	-1.383836e-06	-9.070248e-08	4.079234e-07	21851
560424	-1.383897e-06	-9.066567e-08	4.077249e-07	21851
552168	-1.383958e-06	-9.062886e-08	4.075265e-07	21851
543912	-1.384018e-06	-9.059205e-08	4.073280e-07	21851
535656	-1.384079e-06	-9.055523e-08	4.071296e-07	21851
527400	-1.384140e-06	-9.051842e-08	4.069311e-07	21851
519144	-1.384201e-06	-9.048161e-08	4.067326e-07	21851
510888	-1.384261e-06	-9.044479e-08	4.065341e-07	21851
502632	-1.384322e-06	-9.040797e-08	4.063356e-07	21851
494376	-1.384383e-06	-9.037115e-08	4.061371e-07	21851
486120	-1.384443e-06	-9.033432e-08	4.059386e-07	21851
477864	-1.384504e-06	-9.029750e-08	4.057401e-07	21851
469608	-1.384564e-06	-9.026068e-08	4.055415e-07	21851
461352	-1.384625e-06	-9.022385e-08	4.053429e-07	21851
453096	-1.384686e-06	-9.018702e-08	4.051444e-07	21851
444840	-1.384746e-06	-9.015019e-08	4.049458e-07	21851
436584	-1.384807e-06	-9.011335e-08	4.047473e-07	21851
428328	-1.384867e-06	-9.007652e-08	4.045487e-07	21851
420072	-1.384927e-06	-9.003968e-08	4.043501e-07	21851
411816	-1.384988e-06	-9.000285e-08	4.041515e-07	21851
403560	-1.385048e-06	-8.996601e-08	4.039529e-07	21851
395304	-1.385108e-06	-8.992917e-08	4.037543e-07	21851
387048	-1.385169e-06	-8.989232e-08	4.035556e-07	21851
378792	-1.385229e-06	-8.985548e-08	4.033570e-07	21851
370536	-1.385289e-06	-8.981863e-08	4.031584e-07	21851
362280	-1.385349e-06	-8.978179e-08	4.029597e-07	21851
354024	-1.385409e-06	-8.974494e-08	4.027611e-07	21851
345768	-1.385470e-06	-8.970809e-08	4.025624e-07	21851
337512	-1.385530e-06	-8.967124e-08	4.023637e-07	21851
329256	-1.385590e-06	-8.963438e-08	4.021650e-07	21851
321000	-1.385650e-06	-8.959753e-08	4.019663e-07	21851
312744	-1.385710e-06	-8.956067e-08	4.017676e-07	21851
304488	-1.385770e-06	-8.952382e-08	4.015689e-07	21851
296232	-1.385830e-06	-8.948695e-08	4.013702e-07	21851
287976	-1.385890e-06	-8.945010e-08	4.011715e-07	21851
279720	-1.385949e-06	-8.941323e-08	4.009727e-07	21851
271464	-1.386009e-06	-8.937636e-08	4.007740e-07	21851
263208	-1.386069e-06	-8.933950e-08	4.005752e-07	21851
254952	-1.386129e-06	-8.930263e-08	4.003765e-07	21851
246696	-1.386189e-06	-8.926576e-08	4.001777e-07	21851
238440	-1.386249e-06	-8.922889e-08	3.999789e-07	21851
230184	-1.386308e-06	-8.919202e-08	3.997801e-07	21851
221928	-1.386368e-06	-8.915514e-08	3.995814e-07	21851
213672	-1.386428e-06	-8.911827e-08	3.993825e-07	21851
205416	-1.386487e-06	-8.908139e-08	3.991837e-07	21851
197160	-1.386547e-06	-8.904451e-08	3.989849e-07	21851
188904	-1.386606e-06	-8.900763e-08	3.987861e-07	21851
180648	-1.386666e-06	-8.897075e-08	3.985872e-07	21851
172392	-1.386725e-06	-8.893387e-08	3.983884e-07	21851
164136	-1.386785e-06	-8.889698e-08	3.981895e-07	21851
155880	-1.386844e-06	-8.886009e-08	3.979906e-07	21851
147624	-1.386904e-06	-8.882321e-08	3.977918e-07	21851
139368	-1.386963e-06	-8.878632e-08	3.975929e-07	21851
131112	-1.387023e-06	-8.874942e-08	3.973940e-07	21851
122856	-1.387082e-06	-8.871253e-08	3.971951e-07	21851
114600	-1.387141e-06	-8.867563e-08	3.969962e-07	21851
106344	-1.387200e-06	-8.863874e-08	3.967973e-07	21851
98088	-1.387260e-06	-8.860184e-08	3.965984e-07	21851
89832	-1.387319e-06	-8.856494e-08	3.963994e-07	21851
81576	-1.387378e-06	-8.852803e-08	3.962005e-07	21851
73320	-1.387437e-06	-8.849113e-08	3.960016e-07	21851
65064	-1.387496e-06	-8.845423e-08	3.958026e-07	21851
56808	-1.387555e-06	-8.841732e-08	3.956036e-07	21851
48552	-1.387614e-06	-8.838041e-08	3.954046e-07	21851
40296	-1.387673e-06	-8.834350e-08	3.952057e-07	21851
32040	-1.387732e-06	-8.830659e-08	3.950067e-07	21851
23784	-1.387791e-06	-8.826968e-08	3.948077e-07	21851
15528	-1.387850e-06	-8.823277e-08	3.946087e-07	21851
7272	-1.387909e-06	-8.819585e-08	3.944096e-07	21851
1152617	-1.172239e-06	-8.427251e-08	3.705246e-07	12610
1144361	-1.172294e-06	-8.424134e-08	3.703565e-07	12610
1136105	-1.172349e-06	-8.421016e-08	3.701884e-07	12610
1127849	-1.172405e-06	-8.417898e-08	3.700203e-07	12610
1119593	-1.172460e-06	-8.414779e-08	3.698522e-07	12610
1111337	-1.172515e-06	-8.411661e-08	3.696840e-07	12610
1103081	-1.172570e-06	-8.408543e-08	3.695159e-07	12610
1094825	-1.172626e-06	-8.405424e-08	3.693478e-07	12610
1086569	-1.172681e-06	-8.402305e-08	3.691796e-07	12610
1078313	-1.172736e-06	-8.399186e-08	3.690114e-07	12610
1070057	-1.172791e-06	-8.396067e-08	3.688433e-07	12610
1061801	-1.172846e-06	-8.392948e-08	3.686751e-07	12610
1053545	-1.172901e-06	-8.389829e-08	3.685069e-07	12610
1045289	-1.172956e-06	-8.386709e-08	3.683387e-07	12610
1037033	-1.173011e-06	-8.383589e-08	3.681705e-07	12610
1028777	-1.173066e-06	-8.380469e-08	3.680023e-07	12610
1020521	-1.173122e-06	-8.377349e-08	3.678341e-07	12610
1012265	-1.173176e-06	-8.374229e-08	3.676658e-07	12610
1004009	-1.173231e-06	-8.371109e-08	3.674976e-07	12610
995753	-1.173286e-06	-8.367989e-08	3.673294e-07	12610
987497	-1.173341e-06	-8.364868e-08	3.671611e-07	12610
979241	-1.173396e-06	-8.361747e-08	3.669929e-07	12610
970985	-1.173451e-06	-8.358627e-08	3.668246e-07	12610
962729	-1.173506e-06	-8.355505e-08	3.666563e-07	12610
954473	-1.173560e-06	-8.352384e-08	3.664881e-07	12610
946217	-1.173615e-06	-8.349263e-08	3.663197e-07	12610
937961	-1.173670e-06	-8.346142e-08	3.661515e-07	12610
929705	-1.173725e-06	-8.343020e-08	3.659831e-07	12610
921449	-1.173779e-06	-8.339898e-08	3.658148e-07	12610
913193	-1.173834e-06	-8.336776e-08	3.656465e-07	12610
904937	-1.173889e-06	-8.333654e-08	3.654782e-07	12610
896681	-1.173943e-06	-8.330532e-08	3.653099e-07	12610
888425	-1.173998e-06	-8.327410e-08	3.651415e-07	12610
880169	-1.174052e-06	-8.324287e-08	3.649731e-07	12610
871913	-1.174107e-06	-8.321165e-08	3.648048e-07	12610
863657	-1.174162e-06	-8.318042e-08	3.646364e-07	12610
855401	-1.174216e-06	-8.314919e-08	3.644680e-07	12610
847145	-1.174270e-06	-8.311796e-08	3.642997e-07	12610
838889	-1.174325e-06	-8.308673e-08	3.641313e-07	12610
830633	-1.174379e-06	-8.305549e-08	3.639629e-07	12610
822377	-1.174434e-06	-8.302425e-08	3.637945e-07	12610
814121	-1.174488e-06	-8.299302e-08	3.636260e-07	12610
805865	-1.174542e-06	-8.296178e-08	3.634576e-07	12610
797609	-1.174597e-06	-8.293054e-08	3.632892e-07	12610
789353	-1.174651e-06	-8.289930e-08	3.631208e-07	12610
781097	-1.174705e-06	-8.286806e-08	3.629523e-07	12610
772841	-1.174760e-06	-8.283681e-08	3.627839e-07	12610
764585	-1.174814e-06	-8.280557e-08	3.626154e-07	12610
756329	-1.174868e-06	-8.277432e-08	3.624469e-07	12610
748073	-1.174922e-06	-8.274307e-08	3.622785e-07	12610
739817	-1.174976e-06	-8.271182e-08	3.621100e-07	12610
731561	-1.175030e-06	-8.268057e-08	3.619415e-07	12610
723305	-1.175084e-06	-8.264932e-08	3.617730e-07	12610
715049	-1.175138e-06	-8.261807e-08	3.616045e-07	12610
706793	-1.175193e-06	-8.258681e-08	3.614360e-07	12610
698537	-1.175247e-06	-8.255555e-08	3.612674e-07	12610
690281	-1.175301e-06	-8.252429e-08	3.610989e-07	12610
682025	-1.175354e-06	-8.249304e-08	3.609304e-07	12610
673769	-1.175408e-06	-8.246177e-08	3.607618e-07	12610
665513	-1.175462e-06	-8.243051e-08	3.605932e-07	12610
657257	-1.175516e-06	-8.239925e-08	3.604247e-07	12610
649001	-1.175570e-06	-8.236798e-08	3.602561e-07	12610
640745	-1.175624e-06	-8.233671e-08	3.600875e-07	12610
632489	-1.175678e-06	-8.230545e-08	3.599190e-07	12610
624233	-1.175732e-06	-8.227418e-08	3.597504e-07	12610
615977	-1.175785e-06	-8.224291e-08	3.595818e-07	12610
607721	-1.175839e-06	-8.221163e-08	3.594131e-07	12610
599465	-1.175893e-06	-8.218036e-08	3.592446e-07	12610
591209	-1.175946e-06	-8.214908e-08	3.590759e-07	12610
582953	-1.176000e-06	-8.211780e-08	3.589073e-07	12610
574697	-1.176054e-06	-8.208652e-08	3.587386e-07	12610
566441	-1.176107e-06	-8.205524e-08	3.585700e-07	12610
558185	-1.176161e-06	-8.202397e-08	3.584013e-07	12610
549929	-1.176214e-06	-8.199268e-08	3.582327e-07	12610
541673	-1.176268e-06	-8.196140e-08	3.580640e-07	12610
533417	-1.176322e-06	-8.193011e-08	3.578953e-07	12610
525161	-1.176375e-06	-8.189883e-08	3.577267e-07	12610
516905	-1.176428e-06	-8.186753e-08	3.575580e-07	12610
508649	-1.176482e-06	-8.183624e-08	3.573893e-07	12610
500393	-1.176535e-06	-8.180495e-08	3.572206e-07	12610
492137	-1.176589e-06	-8.177366e-08	3.570518e-07	12610
483881	-1.176642e-06	-8.174236e-08	3.568831e-07	12610
475625	-1.176695e-06	-8.171107e-08	3.567144e-07	12610
467369	-1.176749e-06	-8.167977e-08	3.565456e-07	12610
459113	-1.176802e-06	-8.164847e-08	3.563769e-07	12610
450857	-1.176855e-06	-8.161717e-08	3.562081e-07	12610
442601	-1.176909e-06	-8.158587e-08	3.560394e-07	12610
434345	-1.176962e-06	-8.155457e-08	3.558706e-07	12610
426089	-1.177015e-06	-8.152326e-08	3.557018e-07	12610
417833	-1.177068e-06	-8.149195e-08	3.555330e-07	12610
409577	-1.177121e-06	-8.146065e-08	3.553643e-07	12610
401321	-1.177174e-06	-8.142934e-08	3.551955e-07	12610
393065	-1.177227e-06	-8.139803e-08	3.550266e-07	12610
384809	-1.177281e-06	-8.136672e-08	3.548578e-07	12610
376553	-1.177334e-06	-8.133541e-08	3.546890e-07	12610
368297	-1.177386e-06	-8.130409e-08	3.545202e-07	12610
360041	-1.177440e-06	-8.127277e-08	3.543513e-07	12610
351785	-1.177492e-06	-8.124146e-08	3.541825e-07	12610
343529	-1.177545e-06	-8.121014e-08	3.540137e-07	12610
335273	-1.177598e-06	-8.117882e-08	3.538448e-07	12610
327017	-1.177651e-06	-8.114750e-08	3.536759e-07	12610
318761	-1.177704e-06	-8.111617e-08	3.535070e-07	12610
310505	-1.177757e-06	-8.108485e-08	3.533382e-07	12610
302249	-1.177810e-06	-8.105352e-08	3.531693e-07	12610
293993	-1.177862e-06	-8.102219e-08	3.530004e-07	12610
285737	-1.177915e-06	-8.099087e-08	3.528314e-07	12610
277481	-1.177968e-06	-8.095954e-08	3.526625e-07	12610
269225	-1.178021e-06	-8.092820e-08	3.524936e-07	12610
260969	-1.178073e-06	-8.089687e-08	3.523247e-07	12610
252713	-1.178126e-06	-8.086554e-08	3.521558e-07	12610
244457	-1.178179e-06	-8.083420e-08	3.519868e-07	12610
236201	-1.178231e-06	-8.080286e-08	3.518178e-07	12610
227945	-1.178284e-06	-8.077153e-08	3.516489e-07	12610
219689	-1.178336e-06	-8.074019e-08	3.514799e-07	12610
211433	-1.178389e-06	-8.070884e-08	3.513109e-07	12610
203177	-1.178441e-06	-8.067750e-08	3.511420e-07	12610
194921	-1.178494e-06	-8.064615e-08	3.509730e-07	12610
186665	-1.178546e-06	-8.061481e-08	3.508040e-07	12610
178409	-1.178599e-06	-8.058346e-08	3.506350e-07	12610
170153	-1.178651e-06	-8.055211e-08	3.504660e-07	12610
161897	-1.178704e-06	-8.052076e-08	3.502969e-07	12610
153641	-1.178756e-06	-8.048941e-08	3.501279e-07	12610
145385	-1.178808e-06	-8.045806e-08	3.499589e-07	12610
137129	-1.178861e-06	-8.042671e-08	3.497898e-07	12610
128873	-1.178913e-06	-8.039535e-08	3.496208e-07	12610
120617	-1.178965e-06	-8.036400e-08	3.494517e-07	12610
112361	-1.179017e-06	-8.033263e-08	3.492827e-07	12610
104105	-1.179070e-06	-8.030128e-08	3.491136e-07	12610
95849	-1.179122e-06	-8.026991e-08	3.489445e-07	12610
87593	-1.179174e-06	-8.023855e-08	3.487754e-07	12610
79337	-1.179226e-06	-8.020719e-08	3.486063e-07	12610
71081	-1.179278e-06	-8.017582e-08	3.484373e-07	12610
62825	-1.179330e-06	-8.014445e-08	3.482681e-07	12610
54569	-1.179382e-06	-8.011309e-08	3.480990e-07	12610
46313	-1.179434e-06	-8.008172e-08	3.479299e-07	12610
38057	-1.179487e-06	-8.005035e-08	3.477608e-07	12610
29801	-1.179538e-06	-8.001897e-08	3.475916e-07	12610
21545	-1.179590e-06	-7.998760e-08	3.474225e-07	12610
13289	-1.179642e-06	-7.995622e-08	3.472533e-07	12610
5033	-1.179694e-06	-7.992485e-08	3.470842e-07	12610
1149560	-1.108422e-06	-7.737126e-08	3.559330e-07	4417
1141304	-1.108475e-06	-7.734178e-08	3.557740e-07	4417
1133048	-1.108528e-06	-7.731230e-08	3.556151e-07	4417
1124792	-1.108581e-06	-7.728282e-08	3.554561e-07	4417
1116536	-1.108634e-06	-7.725333e-08	3.552971e-07	4417
1108280	-1.108687e-06	-7.722385e-08	3.551382e-07	4417
1100024	-1.108740e-06	-7.719436e-08	3.549792e-07	4417
1091768	-1.108793e-06	-7.716488e-08	3.548202e-07	4417
1083512	-1.108846e-06	-7.713538e-08	3.546612e-07	4417
1075256	-1.108899e-06	-7.710590e-08	3.545022e-07	4417
1067000	-1.108952e-06	-7.707640e-08	3.543431e-07	4417
1058744	-1.109005e-06	-7.704691e-08	3.541841e-07	4417
1050488	-1.109057e-06	-7.701741e-08	3.540251e-07	4417
1042232	-1.109110e-06	-7.698792e-08	3.538661e-07	4417
1033976	-1.109163e-06	-7.695841e-08	3.537070e-07	4417
1025720	-1.109216e-06	-7.692892e-08	3.535480e-07	4417
1017464	-1.109269e-06	-7.689942e-08	3.533889e-07	4417
1009208	-1.109321e-06	-7.686991e-08	3.532298e-07	4417
1000952	-1.109374e-06	-7.684041e-08	3.530707e-07	4417
992696	-1.109427e-06	-7.681091e-08	3.529117e-07	4417
984440	-1.109479e-06	-7.678140e-08	3.527526e-07	4417
976184	-1.109532e-06	-7.675189e-08	3.525934e-07	4417
967928	-1.109584e-06	-7.672238e-08	3.524343e-07	4417
959672	-1.109637e-06	-7.669287e-08	3.522752e-07	4417
951416	-1.109689e-06	-7.666335e-08	3.521161e-07	4417
943160	-1.109742e-06	-7.663384e-08	3.519570e-07	4417
934904	-1.109795e-06	-7.660432e-08	3.517978e-07	4417
926648	-1.109847e-06	-7.657481e-08	3.516387e-07	4417
918392	-1.109899e-06	-7.654529e-08	3.514795e-07	4417
910136	-1.109952e-06	-7.651578e-08	3.513204e-07	4417
901880	-1.110004e-06	-7.648625e-08	3.511612e-07	4417
893624	-1.110057e-06	-7.645673e-08	3.510020e-07	4417
885368	-1.110109e-06	-7.642721e-08	3.508429e-07	4417
877112	-1.110161e-06	-7.639768e-08	3.506837e-07	4417
868856	-1.110214e-06	-7.636815e-08	3.505245e-07	4417
860600	-1.110266e-06	-7.633862e-08	3.503653e-07	4417
852344	-1.110318e-06	-7.630910e-08	3.502061e-07	4417
844088	-1.110370e-06	-7.627956e-08	3.500468e-07	4417
835832	-1.110423e-06	-7.625003e-08	3.498876e-07	4417
827576	-1.110475e-06	-7.622050e-08	3.497284e-07	4417
819320	-1.110527e-06	-7.619096e-08	3.495691e-07	4417
811064	-1.110579e-06	-7.616143e-08	3.494099e-07	4417
802808	-1.110631e-06	-7.613189e-08	3.492506e-07	4417
794552	-1.110683e-06	-7.610235e-08	3.490914e-07	4417
786296	-1.110735e-06	-7.607281e-08	3.489321e-07	4417
778040	-1.110787e-06	-7.604327e-08	3.487728e-07	4417
769784	-1.110839e-06	-7.601373e-08	3.486135e-07	4417
761528	-1.110892e-06	-7.598418e-08	3.484542e-07	4417
753272	-1.110943e-06	-7.595463e-08	3.482949e-07	4417
745016	-1.110995e-06	-7.592509e-08	3.481356e-07	4417
736760	-1.111047e-06	-7.589554e-08	3.479763e-07	4417
728504	-1.111099e-06	-7.586599e-08	3.478170e-07	4417
720248	-1.111151e-06	-7.583643e-08	3.476576e-07	4417
711992	-1.111203e-06	-7.580688e-08	3.474983e-07	4417
703736	-1.111255e-06	-7.577733e-08	3.473390e-07	4417
695480	-1.111307e-06	-7.574777e-08	3.471796e-07	4417
687224	-1.111358e-06	-7.571821e-08	3.470202e-07	4417
678968	-1.111410e-06	-7.568865e-08	3.468608e-07	4417
670712	-1.111462e-06	-7.565909e-08	3.467015e-07	4417
662456	-1.111514e-06	-7.562954e-08	3.465421e-07	4417
654200	-1.111565e-06	-7.559997e-08	3.463827e-07	4417
645944	-1.111617e-06	-7.557041e-08	3.462233e-07	4417
637688	-1.111669e-06	-7.554084e-08	3.460639e-07	4417
629432	-1.111720e-06	-7.551127e-08	3.459045e-07	4417
621176	-1.111772e-06	-7.548171e-08	3.457451e-07	4417
612920	-1.111823e-06	-7.545214e-08	3.455856e-07	4417
604664	-1.111875e-06	-7.542256e-08	3.454262e-07	4417
596408	-1.111927e-06	-7.539299e-08	3.452668e-07	4417
588152	-1.111978e-06	-7.536342e-08	3.451073e-07	4417
579896	-1.112030e-06	-7.533384e-08	3.449478e-07	4417
571640	-1.112081e-06	-7.530426e-08	3.447884e-07	4417
563384	-1.112132e-06	-7.527468e-08	3.446289e-07	4417
555128	-1.112184e-06	-7.524511e-08	3.444694e-07	4417
546872	-1.112235e-06	-7.521552e-08	3.443099e-07	4417
538616	-1.112287e-06	-7.518594e-08	3.441504e-07	4417
530360	-1.112338e-06	-7.515636e-08	3.439909e-07	4417
522104	-1.112389e-06	-7.512678e-08	3.438314e-07	4417
513848	-1.112440e-06	-7.509719e-08	3.436719e-07	4417
505592	-1.112492e-06	-7.506760e-08	3.435124e-07	4417
497336	-1.112543e-06	-7.503801e-08	3.433529e-07	4417
489080	-1.112594e-06	-7.500842e-08	3.431933e-07	4417
480824	-1.112645e-06	-7.497883e-08	3.430338e-07	4417
472568	-1.112697e-06	-7.494923e-08	3.428742e-07	4417
464312	-1.112748e-06	-7.491964e-08	3.427147e-07	4417
456056	-1.112799e-06	-7.489005e-08	3.425551e-07	4417
447800	-1.112850e-06	-7.486045e-08	3.423955e-07	4417
439544	-1.112901e-06	-7.483085e-08	3.422359e-07	4417
431288	-1.112952e-06	-7.480125e-08	3.420763e-07	4417
423032	-1.113003e-06	-7.477165e-08	3.419167e-07	4417
414776	-1.113054e-06	-7.474205e-08	3.417571e-07	4417
406520	-1.113105e-06	-7.471244e-08	3.415975e-07	4417
398264	-1.113156e-06	-7.468284e-08	3.414379e-07	4417
390008	-1.113207e-06	-7.465323e-08	3.412783e-07	4417
381752	-1.113258e-06	-7.462362e-08	3.411186e-07	4417
373496	-1.113309e-06	-7.459401e-08	3.409590e-07	4417
365240	-1.113360e-06	-7.456440e-08	3.407993e-07	4417
356984	-1.113410e-06	-7.453479e-08	3.406397e-07	4417
348728	-1.113461e-06	-7.450517e-08	3.404800e-07	4417
340472	-1.113512e-06	-7.447556e-08	3.403204e-07	4417
332216	-1.113563e-06	-7.444594e-08	3.401607e-07	4417
323960	-1.113614e-06	-7.441632e-08	3.400010e-07	4417
315704	-1.113664e-06	-7.438670e-08	3.398413e-07	4417
307448	-1.113715e-06	-7.435708e-08	3.396816e-07	4417
299192	-1.113766e-06	-7.432746e-08	3.395219e-07	4417
290936	-1.113816e-06	-7.429784e-08	3.393622e-07	4417
282680	-1.113867e-06	-7.426821e-08	3.392024e-07	4417
274424	-1.113918e-06	-7.423859e-08	3.390427e-07	4417
266168	-1.113968e-06	-7.420896e-08	3.388830e-07	4417
257912	-1.114019e-06	-7.417933e-08	3.387233e-07	4417
249656	-1.114069e-06	-7.414970e-08	3.385635e-07	4417
241400	-1.114120e-06	-7.412007e-08	3.384037e-07	4417
233144	-1.114170e-06	-7.409044e-08	3.382440e-07	4417
224888	-1.114221e-06	-7.406080e-08	3.380842e-07	4417
216632	-1.114271e-06	-7.403116e-08	3.379244e-07	4417
208376	-1.114322e-06	-7.400153e-08	3.377646e-07	4417
200120	-1.114372e-06	-7.397189e-08	3.376048e-07	4417
191864	-1.114422e-06	-7.394225e-08	3.374450e-07	4417
183608	-1.114473e-06	-7.391261e-08	3.372852e-07	4417
175352	-1.114523e-06	-7.388297e-08	3.371254e-07	4417
167096	-1.114573e-06	-7.385332e-08	3.369656e-07	4417
158840	-1.114624e-06	-7.382368e-08	3.368058e-07	4417
150584	-1.114674e-06	-7.379403e-08	3.366459e-07	4417
142328	-1.114724e-06	-7.376438e-08	3.364861e-07	4417
134072	-1.114774e-06	-7.373473e-08	3.363262e-07	4417
125816	-1.114824e-06	-7.370508e-08	3.361664e-07	4417
117560	-1.114875e-06	-7.367543e-08	3.360065e-07	4417
109304	-1.114925e-06	-7.364578e-08	3.358466e-07	4417
101048	-1.114975e-06	-7.361612e-08	3.356867e-07	4417
92792	-1.115025e-06	-7.358646e-08	3.355269e-07	4417
84536	-1.115075e-06	-7.355681e-08	3.353670e-07	4417
76280	-1.115125e-06	-7.352715e-08	3.352071e-07	4417
68024	-1.115175e-06	-7.349749e-08	3.350472e-07	4417
59768	-1.115225e-06	-7.346783e-08	3.348872e-07	4417
51512	-1.115275e-06	-7.343817e-08	3.347273e-07	4417
43256	-1.115325e-06	-7.340850e-08	3.345674e-07	4417
35000	-1.115375e-06	-7.337884e-08	3.344074e-07	4417
26744	-1.115425e-06	-7.334917e-08	3.342475e-07	4417
18488	-1.115475e-06	-7.331950e-08	3.340875e-07	4417
10232	-1.115524e-06	-7.328983e-08	3.339276e-07	4417
1976	-1.115574e-06	-7.326016e-08	3.337676e-07	4417
1151543	-1.428660e-06	-6.321768e-08	4.844069e-07	9326
1143287	-1.428731e-06	-6.317969e-08	4.842021e-07	9326
1135031	-1.428802e-06	-6.314170e-08	4.839972e-07	9326
1126775	-1.428873e-06	-6.310370e-08	4.837923e-07	9326
1118519	-1.428944e-06	-6.306570e-08	4.835874e-07	9326
1110263	-1.429015e-06	-6.302769e-08	4.833825e-07	9326
1102007	-1.429086e-06	-6.298969e-08	4.831776e-07	9326
1093751	-1.429157e-06	-6.295168e-08	4.829726e-07	9326
1085495	-1.429228e-06	-6.291368e-08	4.827677e-07	9326
1077239	-1.429299e-06	-6.287566e-08	4.825628e-07	9326
1068983	-1.429370e-06	-6.283766e-08	4.823578e-07	9326
1060727	-1.429440e-06	-6.279964e-08	4.821528e-07	9326
1052471	-1.429511e-06	-6.276162e-08	4.819478e-07	9326
1044215	-1.429582e-06	-6.272361e-08	4.817429e-07	9326
1035959	-1.429653e-06	-6.268559e-08	4.815378e-07	9326
1027703	-1.429723e-06	-6.264757e-08	4.813328e-07	9326
1019447	-1.429794e-06	-6.260954e-08	4.811278e-07	9326
1011191	-1.429865e-06	-6.257152e-08	4.809228e-07	9326
1002935	-1.429935e-06	-6.253349e-08	4.807177e-07	9326
994679	-1.430006e-06	-6.249546e-08	4.805127e-07	9326
986423	-1.430077e-06	-6.245743e-08	4.803076e-07	9326
978167	-1.430147e-06	-6.241940e-08	4.801025e-07	9326
969911	-1.430217e-06	-6.238136e-08	4.798975e-07	9326
961655	-1.430288e-06	-6.234333e-08	4.796924e-07	9326
953399	-1.430358e-06	-6.230529e-08	4.794873e-07	9326
945143	-1.430429e-06	-6.226725e-08	4.792822e-07	9326
936887	-1.430499e-06	-6.222920e-08	4.790771e-07	9326
928631	-1.430569e-06	-6.219116e-08	4.788719e-07	9326
920375	-1.430640e-06	-6.215311e-08	4.786668e-07	9326
912119	-1.430710e-06	-6.211507e-08	4.784616e-07	9326
903863	-1.430780e-06	-6.207702e-08	4.782565e-07	9326
895607	-1.430850e-06	-6.203896e-08	4.780513e-07	9326
887351	-1.430921e-06	-6.200091e-08	4.778461e-07	9326
879095	-1.430991e-06	-6.196286e-08	4.776409e-07	9326
870839	-1.431061e-06	-6.192480e-08	4.774357e-07	9326
862583	-1.431131e-06	-6.188674e-08	4.772305e-07	9326
854327	-1.431201e-06	-6.184868e-08	4.770253e-07	9326
846071	-1.431271e-06	-6.181062e-08	4.768200e-07	9326
837815	-1.431341e-06	-6.177255e-08	4.766148e-07	9326
829559	-1.431411e-06	-6.173448e-08	4.764096e-07	9326
821303	-1.431481e-06	-6.169642e-08	4.762043e-07	9326
813047	-1.431551e-06	-6.165835e-08	4.759990e-07	9326
804791	-1.431621e-06	-6.162027e-08	4.757937e-07	9326
796535	-1.431691e-06	-6.158220e-08	4.755885e-07	9326
788279	-1.431761e-06	-6.154412e-08	4.753831e-07	9326
780023	-1.431830e-06	-6.150604e-08	4.751778e-07	9326
771767	-1.431900e-06	-6.146796e-08	4.749725e-07	9326
763511	-1.431970e-06	-6.142988e-08	4.747672e-07	9326
755255	-1.432040e-06	-6.139180e-08	4.745618e-07	9326
746999	-1.432109e-06	-6.135372e-08	4.743565e-07	9326
738743	-1.432179e-06	-6.131562e-08	4.741511e-07	9326
730487	-1.432248e-06	-6.127754e-08	4.739457e-07	9326
722231	-1.432318e-06	-6.123945e-08	4.737404e-07	9326
713975	-1.432388e-06	-6.120136e-08	4.735350e-07	9326
705719	-1.432457e-06	-6.116326e-08	4.733295e-07	9326
697463	-1.432527e-06	-6.112516e-08	4.731241e-07	9326
689207	-1.432596e-06	-6.108706e-08	4.729187e-07	9326
680951	-1.432665e-06	-6.104896e-08	4.727133e-07	9326
672695	-1.432735e-06	-6.101086e-08	4.725078e-07	9326
664439	-1.432804e-06	-6.097275e-08	4.723024e-07	9326
656183	-1.432874e-06	-6.093465e-08	4.720969e-07	9326
647927	-1.432943e-06	-6.089654e-08	4.718915e-07	9326
639671	-1.433012e-06	-6.085843e-08	4.716860e-07	9326
631415	-1.433081e-06	-6.082032e-08	4.714805e-07	9326
623159	-1.433151e-06	-6.078221e-08	4.712750e-07	9326
614903	-1.433220e-06	-6.074409e-08	4.710695e-07	9326
606647	-1.433289e-06	-6.070597e-08	4.708640e-07	9326
598391	-1.433358e-06	-6.066786e-08	4.706584e-07	9326
590135	-1.433427e-06	-6.062973e-08	4.704529e-07	9326
581879	-1.433496e-06	-6.059161e-08	4.702473e-07	9326
573623	-1.433565e-06	-6.055349e-08	4.700418e-07	9326
565367	-1.433634e-06	-6.051536e-08	4.698362e-07	9326
557111	-1.433703e-06	-6.047723e-08	4.696306e-07	9326
548855	-1.433772e-06	-6.043910e-08	4.694250e-07	9326
540599	-1.433841e-06	-6.040097e-08	4.692194e-07	9326
532343	-1.433910e-06	-6.036284e-08	4.690138e-07	9326
524087	-1.433979e-06	-6.032470e-08	4.688082e-07	9326
515831	-1.434047e-06	-6.028656e-08	4.686026e-07	9326
507575	-1.434116e-06	-6.024842e-08	4.683969e-07	9326
499319	-1.434185e-06	-6.021028e-08	4.681913e-07	9326
491063	-1.434254e-06	-6.017214e-08	4.679856e-07	9326
482807	-1.434322e-06	-6.013399e-08	4.677800e-07	9326
474551	-1.434391e-06	-6.009584e-08	4.675743e-07	9326
466295	-1.434460e-06	-6.005769e-08	4.673686e-07	9326
458039	-1.434528e-06	-6.001954e-08	4.671629e-07	9326
449783	-1.434597e-06	-5.998140e-08	4.669572e-07	9326
441527	-1.434665e-06	-5.994324e-08	4.667515e-07	9326
433271	-1.434734e-06	-5.990508e-08	4.665457e-07	9326
425015	-1.434802e-06	-5.986693e-08	4.663400e-07	9326
416759	-1.434871e-06	-5.982876e-08	4.661342e-07	9326
408503	-1.434939e-06	-5.979061e-08	4.659285e-07	9326
400247	-1.435008e-06	-5.975244e-08	4.657227e-07	9326
391991	-1.435076e-06	-5.971427e-08	4.655169e-07	9326
383735	-1.435144e-06	-5.967611e-08	4.653111e-07	9326
375479	-1.435213e-06	-5.963794e-08	4.651053e-07	9326
367223	-1.435281e-06	-5.959977e-08	4.648995e-07	9326
358967	-1.435349e-06	-5.956160e-08	4.646937e-07	9326
350711	-1.435417e-06	-5.952342e-08	4.644879e-07	9326
342455	-1.435486e-06	-5.948525e-08	4.642821e-07	9326
334199	-1.435554e-06	-5.944707e-08	4.640762e-07	9326
325943	-1.435622e-06	-5.940889e-08	4.638704e-07	9326
317687	-1.435690e-06	-5.937071e-08	4.636645e-07	9326
309431	-1.435758e-06	-5.933252e-08	4.634586e-07	9326
301175	-1.435826e-06	-5.929434e-08	4.632527e-07	9326
1151632	-1.089632e-06	-5.928630e-08	3.651481e-07	9579
1143376	-1.089686e-06	-5.925732e-08	3.649919e-07	9579
292919	-1.435894e-06	-5.925615e-08	4.630468e-07	9326
1135120	-1.089740e-06	-5.922834e-08	3.648356e-07	9579
284663	-1.435962e-06	-5.921796e-08	4.628409e-07	9326
1126864	-1.089794e-06	-5.919937e-08	3.646794e-07	9579
276407	-1.436030e-06	-5.917977e-08	4.626350e-07	9326
1118608	-1.089848e-06	-5.917038e-08	3.645231e-07	9579
268151	-1.436098e-06	-5.914158e-08	4.624291e-07	9326
1110352	-1.089902e-06	-5.914140e-08	3.643668e-07	9579
1102096	-1.089956e-06	-5.911241e-08	3.642105e-07	9579
259895	-1.436166e-06	-5.910338e-08	4.622231e-07	9326
1093840	-1.090009e-06	-5.908342e-08	3.640542e-07	9579
251639	-1.436233e-06	-5.906519e-08	4.620172e-07	9326
1085584	-1.090063e-06	-5.905443e-08	3.638979e-07	9579
243383	-1.436301e-06	-5.902699e-08	4.618113e-07	9326
1077328	-1.090117e-06	-5.902544e-08	3.637416e-07	9579
1069072	-1.090171e-06	-5.899645e-08	3.635853e-07	9579
235127	-1.436369e-06	-5.898879e-08	4.616053e-07	9326
1060816	-1.090224e-06	-5.896746e-08	3.634289e-07	9579
226871	-1.436437e-06	-5.895059e-08	4.613993e-07	9326
1052560	-1.090278e-06	-5.893846e-08	3.632726e-07	9579
218615	-1.436504e-06	-5.891238e-08	4.611933e-07	9326
1044304	-1.090332e-06	-5.890947e-08	3.631163e-07	9579
1036048	-1.090385e-06	-5.888047e-08	3.629599e-07	9579
210359	-1.436572e-06	-5.887417e-08	4.609873e-07	9326
1027792	-1.090439e-06	-5.885147e-08	3.628035e-07	9579
202103	-1.436640e-06	-5.883597e-08	4.607813e-07	9326
1019536	-1.090492e-06	-5.882247e-08	3.626472e-07	9579
193847	-1.436707e-06	-5.879776e-08	4.605753e-07	9326
1011280	-1.090546e-06	-5.879347e-08	3.624908e-07	9579
1003024	-1.090600e-06	-5.876447e-08	3.623344e-07	9579
185591	-1.436775e-06	-5.875955e-08	4.603693e-07	9326
994768	-1.090653e-06	-5.873546e-08	3.621780e-07	9579
177335	-1.436843e-06	-5.872134e-08	4.601633e-07	9326
986512	-1.090707e-06	-5.870645e-08	3.620216e-07	9579
169079	-1.436910e-06	-5.868312e-08	4.599572e-07	9326
978256	-1.090760e-06	-5.867745e-08	3.618652e-07	9579
970000	-1.090813e-06	-5.864844e-08	3.617088e-07	9579
160823	-1.436978e-06	-5.864490e-08	4.597512e-07	9326
961744	-1.090867e-06	-5.861943e-08	3.615524e-07	9579
152567	-1.437045e-06	-5.860669e-08	4.595451e-07	9326
953488	-1.090920e-06	-5.859042e-08	3.613960e-07	9579
144311	-1.437113e-06	-5.856847e-08	4.593390e-07	9326
945232	-1.090974e-06	-5.856140e-08	3.612395e-07	9579
936976	-1.091027e-06	-5.853239e-08	3.610831e-07	9579
136055	-1.437180e-06	-5.853024e-08	4.591330e-07	9326
928720	-1.091080e-06	-5.850337e-08	3.609266e-07	9579
127799	-1.437247e-06	-5.849202e-08	4.589269e-07	9326
920464	-1.091134e-06	-5.847435e-08	3.607701e-07	9579
119543	-1.437315e-06	-5.845380e-08	4.587208e-07	9326
912208	-1.091187e-06	-5.844533e-08	3.606137e-07	9579
903952	-1.091240e-06	-5.841632e-08	3.604572e-07	9579
111287	-1.437382e-06	-5.841557e-08	4.585147e-07	9326
895696	-1.091293e-06	-5.838729e-08	3.603007e-07	9579
103031	-1.437449e-06	-5.837734e-08	4.583086e-07	9326
887440	-1.091347e-06	-5.835827e-08	3.601442e-07	9579
94775	-1.437517e-06	-5.833911e-08	4.581024e-07	9326
879184	-1.091400e-06	-5.832925e-08	3.599878e-07	9579
86519	-1.437584e-06	-5.830087e-08	4.578963e-07	9326
870928	-1.091453e-06	-5.830022e-08	3.598312e-07	9579
862672	-1.091506e-06	-5.827119e-08	3.596747e-07	9579
78263	-1.437651e-06	-5.826264e-08	4.576902e-07	9326
854416	-1.091559e-06	-5.824216e-08	3.595182e-07	9579
70007	-1.437718e-06	-5.822440e-08	4.574840e-07	9326
846160	-1.091612e-06	-5.821313e-08	3.593617e-07	9579
61751	-1.437785e-06	-5.818617e-08	4.572778e-07	9326
837904	-1.091665e-06	-5.818410e-08	3.592051e-07	9579
829648	-1.091718e-06	-5.815507e-08	3.590486e-07	9579
53495	-1.437852e-06	-5.814793e-08	4.570716e-07	9326
821392	-1.091771e-06	-5.812603e-08	3.588920e-07	9579
45239	-1.437919e-06	-5.810968e-08	4.568655e-07	9326
813136	-1.091824e-06	-5.809699e-08	3.587355e-07	9579
36983	-1.437986e-06	-5.807144e-08	4.566593e-07	9326
804880	-1.091877e-06	-5.806796e-08	3.585789e-07	9579
796624	-1.091930e-06	-5.803892e-08	3.584223e-07	9579
28727	-1.438053e-06	-5.803319e-08	4.564531e-07	9326
788368	-1.091983e-06	-5.800988e-08	3.582657e-07	9579
20471	-1.438121e-06	-5.799495e-08	4.562469e-07	9326
780112	-1.092036e-06	-5.798083e-08	3.581092e-07	9579
12215	-1.438187e-06	-5.795670e-08	4.560406e-07	9326
771856	-1.092089e-06	-5.795179e-08	3.579526e-07	9579
1151814	-1.325097e-06	-5.793615e-08	4.441004e-07	10092
763600	-1.092142e-06	-5.792275e-08	3.577960e-07	9579
3959	-1.438254e-06	-5.791845e-08	4.558344e-07	9326
1143558	-1.325163e-06	-5.790091e-08	4.439104e-07	10092
755344	-1.092195e-06	-5.789370e-08	3.576394e-07	9579
1135302	-1.325228e-06	-5.786567e-08	4.437204e-07	10092
747088	-1.092248e-06	-5.786465e-08	3.574827e-07	9579
738832	-1.092300e-06	-5.783560e-08	3.573261e-07	9579
1127046	-1.325293e-06	-5.783042e-08	4.435303e-07	10092
730576	-1.092353e-06	-5.780655e-08	3.571695e-07	9579
1118790	-1.325358e-06	-5.779517e-08	4.433403e-07	10092
722320	-1.092406e-06	-5.777750e-08	3.570128e-07	9579
1110534	-1.325423e-06	-5.775993e-08	4.431502e-07	10092
714064	-1.092459e-06	-5.774845e-08	3.568562e-07	9579
1102278	-1.325488e-06	-5.772468e-08	4.429602e-07	10092
705808	-1.092511e-06	-5.771939e-08	3.566995e-07	9579
697552	-1.092564e-06	-5.769034e-08	3.565428e-07	9579
1094022	-1.325553e-06	-5.768943e-08	4.427701e-07	10092
689296	-1.092617e-06	-5.766128e-08	3.563862e-07	9579
1085766	-1.325618e-06	-5.765417e-08	4.425800e-07	10092
681040	-1.092669e-06	-5.763222e-08	3.562295e-07	9579
1077510	-1.325683e-06	-5.761892e-08	4.423899e-07	10092
672784	-1.092722e-06	-5.760316e-08	3.560728e-07	9579
1069254	-1.325748e-06	-5.758366e-08	4.421998e-07	10092
664528	-1.092774e-06	-5.757410e-08	3.559161e-07	9579
1060998	-1.325813e-06	-5.754840e-08	4.420097e-07	10092
656272	-1.092827e-06	-5.754504e-08	3.557594e-07	9579
648016	-1.092879e-06	-5.751597e-08	3.556027e-07	9579
1052742	-1.325878e-06	-5.751314e-08	4.418196e-07	10092
639760	-1.092932e-06	-5.748690e-08	3.554460e-07	9579
1044486	-1.325943e-06	-5.747788e-08	4.416294e-07	10092
631504	-1.092984e-06	-5.745784e-08	3.552892e-07	9579
1036230	-1.326008e-06	-5.744262e-08	4.414393e-07	10092
623248	-1.093037e-06	-5.742877e-08	3.551325e-07	9579
1027974	-1.326072e-06	-5.740735e-08	4.412491e-07	10092
614992	-1.093089e-06	-5.739970e-08	3.549758e-07	9579
1019718	-1.326137e-06	-5.737208e-08	4.410590e-07	10092
606736	-1.093142e-06	-5.737063e-08	3.548190e-07	9579
598480	-1.093194e-06	-5.734155e-08	3.546623e-07	9579
1011462	-1.326202e-06	-5.733682e-08	4.408688e-07	10092
590224	-1.093247e-06	-5.731248e-08	3.545055e-07	9579
1003206	-1.326267e-06	-5.730154e-08	4.406787e-07	10092
581968	-1.093299e-06	-5.728340e-08	3.543487e-07	9579
994950	-1.326331e-06	-5.726627e-08	4.404885e-07	10092
573712	-1.093351e-06	-5.725433e-08	3.541920e-07	9579
986694	-1.326396e-06	-5.723100e-08	4.402983e-07	10092
565456	-1.093404e-06	-5.722525e-08	3.540352e-07	9579
557200	-1.093456e-06	-5.719617e-08	3.538784e-07	9579
978438	-1.326461e-06	-5.719572e-08	4.401081e-07	10092
548944	-1.093508e-06	-5.716709e-08	3.537216e-07	9579
970182	-1.326525e-06	-5.716045e-08	4.399179e-07	10092
540688	-1.093560e-06	-5.713800e-08	3.535648e-07	9579
961926	-1.326590e-06	-5.712517e-08	4.397276e-07	10092
532432	-1.093612e-06	-5.710892e-08	3.534080e-07	9579
953670	-1.326655e-06	-5.708988e-08	4.395374e-07	10092
524176	-1.093665e-06	-5.707983e-08	3.532511e-07	9579
945414	-1.326719e-06	-5.705460e-08	4.393472e-07	10092
515920	-1.093717e-06	-5.705074e-08	3.530943e-07	9579
507664	-1.093769e-06	-5.702166e-08	3.529375e-07	9579
937158	-1.326784e-06	-5.701932e-08	4.391569e-07	10092
499408	-1.093821e-06	-5.699257e-08	3.527806e-07	9579
928902	-1.326848e-06	-5.698403e-08	4.389667e-07	10092
491152	-1.093873e-06	-5.696348e-08	3.526238e-07	9579
920646	-1.326913e-06	-5.694874e-08	4.387764e-07	10092
482896	-1.093925e-06	-5.693438e-08	3.524669e-07	9579
912390	-1.326977e-06	-5.691345e-08	4.385861e-07	10092
474640	-1.093977e-06	-5.690529e-08	3.523100e-07	9579
904134	-1.327041e-06	-5.687816e-08	4.383958e-07	10092
466384	-1.094029e-06	-5.687619e-08	3.521532e-07	9579
458128	-1.094081e-06	-5.684710e-08	3.519963e-07	9579
895878	-1.327106e-06	-5.684287e-08	4.382055e-07	10092
449872	-1.094133e-06	-5.681800e-08	3.518394e-07	9579
887622	-1.327170e-06	-5.680757e-08	4.380152e-07	10092
441616	-1.094185e-06	-5.678890e-08	3.516825e-07	9579
879366	-1.327234e-06	-5.677228e-08	4.378249e-07	10092
433360	-1.094237e-06	-5.675980e-08	3.515256e-07	9579
871110	-1.327299e-06	-5.673698e-08	4.376346e-07	10092
425104	-1.094289e-06	-5.673069e-08	3.513687e-07	9579
862854	-1.327363e-06	-5.670168e-08	4.374442e-07	10092
416848	-1.094341e-06	-5.670159e-08	3.512118e-07	9579
408592	-1.094393e-06	-5.667249e-08	3.510548e-07	9579
854598	-1.327427e-06	-5.666638e-08	4.372539e-07	10092
400336	-1.094445e-06	-5.664338e-08	3.508979e-07	9579
846342	-1.327491e-06	-5.663107e-08	4.370636e-07	10092
392080	-1.094496e-06	-5.661427e-08	3.507409e-07	9579
838086	-1.327555e-06	-5.659577e-08	4.368732e-07	10092
383824	-1.094548e-06	-5.658516e-08	3.505840e-07	9579
829830	-1.327620e-06	-5.656046e-08	4.366828e-07	10092
375568	-1.094600e-06	-5.655605e-08	3.504270e-07	9579
367312	-1.094652e-06	-5.652694e-08	3.502701e-07	9579
821574	-1.327684e-06	-5.652515e-08	4.364925e-07	10092
359056	-1.094703e-06	-5.649783e-08	3.501131e-07	9579
813318	-1.327748e-06	-5.648984e-08	4.363021e-07	10092
350800	-1.094755e-06	-5.646871e-08	3.499561e-07	9579
805062	-1.327812e-06	-5.645453e-08	4.361117e-07	10092
342544	-1.094807e-06	-5.643959e-08	3.497991e-07	9579
796806	-1.327876e-06	-5.641921e-08	4.359213e-07	10092
334288	-1.094858e-06	-5.641047e-08	3.496421e-07	9579
788550	-1.327940e-06	-5.638390e-08	4.357308e-07	10092
326032	-1.094910e-06	-5.638136e-08	3.494851e-07	9579
317776	-1.094962e-06	-5.635223e-08	3.493281e-07	9579
780294	-1.328004e-06	-5.634858e-08	4.355404e-07	10092
309520	-1.095013e-06	-5.632311e-08	3.491711e-07	9579
772038	-1.328068e-06	-5.631327e-08	4.353500e-07	10092
301264	-1.095065e-06	-5.629399e-08	3.490141e-07	9579
763782	-1.328132e-06	-5.627794e-08	4.351595e-07	10092
293008	-1.095116e-06	-5.626487e-08	3.488570e-07	9579
755526	-1.328195e-06	-5.624262e-08	4.349691e-07	10092
284752	-1.095168e-06	-5.623574e-08	3.487000e-07	9579
747270	-1.328259e-06	-5.620729e-08	4.347786e-07	10092
276496	-1.095219e-06	-5.620661e-08	3.485430e-07	9579
268240	-1.095271e-06	-5.617748e-08	3.483859e-07	9579
739014	-1.328323e-06	-5.617197e-08	4.345881e-07	10092
259984	-1.095322e-06	-5.614835e-08	3.482288e-07	9579
730758	-1.328387e-06	-5.613664e-08	4.343977e-07	10092
251728	-1.095374e-06	-5.611922e-08	3.480718e-07	9579
722502	-1.328451e-06	-5.610131e-08	4.342072e-07	10092
243472	-1.095425e-06	-5.609009e-08	3.479147e-07	9579
714246	-1.328514e-06	-5.606598e-08	4.340167e-07	10092
235216	-1.095476e-06	-5.606095e-08	3.477576e-07	9579
226960	-1.095528e-06	-5.603182e-08	3.476005e-07	9579
705990	-1.328578e-06	-5.603065e-08	4.338262e-07	10092
218704	-1.095579e-06	-5.600268e-08	3.474434e-07	9579
697734	-1.328642e-06	-5.599532e-08	4.336357e-07	10092
210448	-1.095630e-06	-5.597354e-08	3.472863e-07	9579
689478	-1.328706e-06	-5.595998e-08	4.334451e-07	10092
202192	-1.095682e-06	-5.594440e-08	3.471292e-07	9579
681222	-1.328769e-06	-5.592464e-08	4.332546e-07	10092
193936	-1.095733e-06	-5.591526e-08	3.469721e-07	9579
672966	-1.328833e-06	-5.588930e-08	4.330641e-07	10092
185680	-1.095784e-06	-5.588612e-08	3.468150e-07	9579
177424	-1.095835e-06	-5.585697e-08	3.466578e-07	9579
664710	-1.328896e-06	-5.585396e-08	4.328735e-07	10092
169168	-1.095887e-06	-5.582783e-08	3.465007e-07	9579
656454	-1.328960e-06	-5.581862e-08	4.326830e-07	10092
160912	-1.095938e-06	-5.579868e-08	3.463435e-07	9579
648198	-1.329023e-06	-5.578327e-08	4.324924e-07	10092
152656	-1.095989e-06	-5.576953e-08	3.461864e-07	9579
639942	-1.329087e-06	-5.574793e-08	4.323018e-07	10092
144400	-1.096040e-06	-5.574038e-08	3.460292e-07	9579
631686	-1.329150e-06	-5.571258e-08	4.321112e-07	10092
136144	-1.096091e-06	-5.571123e-08	3.458721e-07	9579
127888	-1.096142e-06	-5.568208e-08	3.457149e-07	9579
623430	-1.329214e-06	-5.567723e-08	4.319206e-07	10092
119632	-1.096193e-06	-5.565293e-08	3.455577e-07	9579
615174	-1.329277e-06	-5.564188e-08	4.317300e-07	10092
111376	-1.096244e-06	-5.562377e-08	3.454005e-07	9579
606918	-1.329341e-06	-5.560652e-08	4.315394e-07	10092
103120	-1.096295e-06	-5.559462e-08	3.452433e-07	9579
598662	-1.329404e-06	-5.557117e-08	4.313488e-07	10092
94864	-1.096346e-06	-5.556546e-08	3.450861e-07	9579
86608	-1.096397e-06	-5.553630e-08	3.449289e-07	9579
590406	-1.329467e-06	-5.553581e-08	4.311581e-07	10092
78352	-1.096448e-06	-5.550714e-08	3.447716e-07	9579
582150	-1.329531e-06	-5.550045e-08	4.309675e-07	10092
70096	-1.096499e-06	-5.547798e-08	3.446144e-07	9579
573894	-1.329594e-06	-5.546509e-08	4.307768e-07	10092
61840	-1.096550e-06	-5.544881e-08	3.444572e-07	9579
565638	-1.329657e-06	-5.542973e-08	4.305862e-07	10092
53584	-1.096601e-06	-5.541965e-08	3.442999e-07	9579
557382	-1.329720e-06	-5.539437e-08	4.303955e-07	10092
45328	-1.096652e-06	-5.539048e-08	3.441427e-07	9579
37072	-1.096702e-06	-5.536131e-08	3.439854e-07	9579
549126	-1.329783e-06	-5.535900e-08	4.302048e-07	10092
28816	-1.096753e-06	-5.533214e-08	3.438282e-07	9579
540870	-1.329847e-06	-5.532364e-08	4.300141e-07	10092
20560	-1.096804e-06	-5.530298e-08	3.436709e-07	9579
532614	-1.329910e-06	-5.528827e-08	4.298234e-07	10092
12304	-1.096855e-06	-5.527380e-08	3.435136e-07	9579
524358	-1.329973e-06	-5.525290e-08	4.296327e-07	10092
4048	-1.096905e-06	-5.524463e-08	3.433563e-07	9579
516102	-1.330036e-06	-5.521752e-08	4.294420e-07	10092
507846	-1.330099e-06	-5.518215e-08	4.292513e-07	10092
499590	-1.330162e-06	-5.514677e-08	4.290605e-07	10092
491334	-1.330225e-06	-5.511140e-08	4.288698e-07	10092
483078	-1.330288e-06	-5.507602e-08	4.286790e-07	10092
474822	-1.330351e-06	-5.504064e-08	4.284883e-07	10092
466566	-1.330414e-06	-5.500526e-08	4.282975e-07	10092
458310	-1.330476e-06	-5.496987e-08	4.281067e-07	10092
450054	-1.330539e-06	-5.493449e-08	4.279159e-07	10092
441798	-1.330602e-06	-5.489910e-08	4.277252e-07	10092
433542	-1.330665e-06	-5.486371e-08	4.275344e-07	10092
425286	-1.330728e-06	-5.482832e-08	4.273435e-07	10092
417030	-1.330790e-06	-5.479293e-08	4.271527e-07	10092
408774	-1.330853e-06	-5.475754e-08	4.269619e-07	10092
400518	-1.330916e-06	-5.472214e-08	4.267710e-07	10092
392262	-1.330978e-06	-5.468674e-08	4.265802e-07	10092
384006	-1.331041e-06	-5.465134e-08	4.263893e-07	10092
375750	-1.331104e-06	-5.461594e-08	4.261985e-07	10092
367494	-1.331166e-06	-5.458054e-08	4.260076e-07	10092
359238	-1.331229e-06	-5.454514e-08	4.258167e-07	10092
350982	-1.331291e-06	-5.450973e-08	4.256258e-07	10092
342726	-1.331354e-06	-5.447432e-08	4.254349e-07	10092
334470	-1.331416e-06	-5.443891e-08	4.252440e-07	10092
326214	-1.331478e-06	-5.440350e-08	4.250531e-07	10092
317958	-1.331541e-06	-5.436809e-08	4.248621e-07	10092
309702	-1.331603e-06	-5.433268e-08	4.246712e-07	10092
301446	-1.331666e-06	-5.429726e-08	4.244802e-07	10092
293190	-1.331728e-06	-5.426184e-08	4.242893e-07	10092
284934	-1.331790e-06	-5.422642e-08	4.240983e-07	10092
276678	-1.331852e-06	-5.419100e-08	4.239073e-07	10092
268422	-1.331915e-06	-5.415558e-08	4.237164e-07	10092
260166	-1.331977e-06	-5.412016e-08	4.235254e-07	10092
251910	-1.332039e-06	-5.408473e-08	4.233343e-07	10092
243654	-1.332101e-06	-5.404930e-08	4.231433e-07	10092
235398	-1.332163e-06	-5.401387e-08	4.229523e-07	10092
227142	-1.332225e-06	-5.397844e-08	4.227613e-07	10092
218886	-1.332287e-06	-5.394301e-08	4.225703e-07	10092
210630	-1.332349e-06	-5.390758e-08	4.223792e-07	10092
202374	-1.332411e-06	-5.387214e-08	4.221882e-07	10092
194118	-1.332473e-06	-5.383670e-08	4.219971e-07	10092
185862	-1.332535e-06	-5.380126e-08	4.218060e-07	10092
177606	-1.332597e-06	-5.376582e-08	4.216149e-07	10092
169350	-1.332659e-06	-5.373038e-08	4.214238e-07	10092
161094	-1.332721e-06	-5.369494e-08	4.212327e-07	10092
152838	-1.332783e-06	-5.365949e-08	4.210416e-07	10092
144582	-1.332844e-06	-5.362404e-08	4.208505e-07	10092
136326	-1.332906e-06	-5.358859e-08	4.206594e-07	10092
128070	-1.332968e-06	-5.355314e-08	4.204682e-07	10092
119814	-1.333030e-06	-5.351769e-08	4.202771e-07	10092
111558	-1.333091e-06	-5.348224e-08	4.200859e-07	10092
103302	-1.333153e-06	-5.344678e-08	4.198948e-07	10092
95046	-1.333215e-06	-5.341132e-08	4.197036e-07	10092
86790	-1.333276e-06	-5.337586e-08	4.195124e-07	10092
78534	-1.333338e-06	-5.334040e-08	4.193212e-07	10092
70278	-1.333399e-06	-5.330494e-08	4.191300e-07	10092
62022	-1.333461e-06	-5.326948e-08	4.189388e-07	10092
53766	-1.333522e-06	-5.323401e-08	4.187476e-07	10092
45510	-1.333584e-06	-5.319854e-08	4.185564e-07	10092
37254	-1.333645e-06	-5.316307e-08	4.183651e-07	10092
28998	-1.333706e-06	-5.312760e-08	4.181739e-07	10092
20742	-1.333768e-06	-5.309213e-08	4.179826e-07	10092
12486	-1.333829e-06	-5.305666e-08	4.177914e-07	10092
4230	-1.333890e-06	-5.302118e-08	4.176001e-07	10092
1151948	-1.360010e-06	-5.197861e-08	4.698532e-07	10561
1143692	-1.360079e-06	-5.194244e-08	4.696582e-07	10561
1135436	-1.360147e-06	-5.190627e-08	4.694631e-07	10561
1127180	-1.360216e-06	-5.187010e-08	4.692681e-07	10561
1118924	-1.360285e-06	-5.183393e-08	4.690731e-07	10561
1110668	-1.360353e-06	-5.179775e-08	4.688780e-07	10561
1148516	-1.495260e-06	-5.178947e-08	5.191837e-07	2113
1102412	-1.360422e-06	-5.176157e-08	4.686829e-07	10561
1140260	-1.495336e-06	-5.174970e-08	5.189693e-07	2113
1094156	-1.360490e-06	-5.172540e-08	4.684878e-07	10561
1132004	-1.495412e-06	-5.170994e-08	5.187549e-07	2113
1085900	-1.360559e-06	-5.168922e-08	4.682927e-07	10561
1123748	-1.495487e-06	-5.167017e-08	5.185404e-07	2113
1077644	-1.360627e-06	-5.165303e-08	4.680976e-07	10561
1115492	-1.495563e-06	-5.163039e-08	5.183260e-07	2113
1069388	-1.360696e-06	-5.161685e-08	4.679025e-07	10561
1107236	-1.495639e-06	-5.159062e-08	5.181115e-07	2113
1061132	-1.360764e-06	-5.158066e-08	4.677074e-07	10561
1098980	-1.495714e-06	-5.155085e-08	5.178970e-07	2113
1052876	-1.360833e-06	-5.154447e-08	4.675123e-07	10561
1090724	-1.495790e-06	-5.151107e-08	5.176826e-07	2113
1044620	-1.360901e-06	-5.150828e-08	4.673171e-07	10561
1036364	-1.360970e-06	-5.147209e-08	4.671220e-07	10561
1082468	-1.495866e-06	-5.147129e-08	5.174681e-07	2113
1028108	-1.361038e-06	-5.143590e-08	4.669268e-07	10561
1074212	-1.495941e-06	-5.143151e-08	5.172536e-07	2113
1019852	-1.361106e-06	-5.139970e-08	4.667316e-07	10561
1065956	-1.496017e-06	-5.139173e-08	5.170390e-07	2113
1011596	-1.361175e-06	-5.136350e-08	4.665365e-07	10561
1057700	-1.496092e-06	-5.135194e-08	5.168245e-07	2113
1003340	-1.361243e-06	-5.132730e-08	4.663413e-07	10561
1049444	-1.496168e-06	-5.131215e-08	5.166100e-07	2113
995084	-1.361311e-06	-5.129110e-08	4.661461e-07	10561
1041188	-1.496243e-06	-5.127237e-08	5.163955e-07	2113
986828	-1.361379e-06	-5.125490e-08	4.659509e-07	10561
1032932	-1.496318e-06	-5.123257e-08	5.161809e-07	2113
978572	-1.361447e-06	-5.121870e-08	4.657556e-07	10561
1024676	-1.496394e-06	-5.119278e-08	5.159663e-07	2113
970316	-1.361516e-06	-5.118249e-08	4.655604e-07	10561
1016420	-1.496469e-06	-5.115298e-08	5.157518e-07	2113
962060	-1.361584e-06	-5.114628e-08	4.653652e-07	10561
1008164	-1.496544e-06	-5.111319e-08	5.155372e-07	2113
953804	-1.361652e-06	-5.111007e-08	4.651699e-07	10561
945548	-1.361720e-06	-5.107385e-08	4.649747e-07	10561
999908	-1.496620e-06	-5.107339e-08	5.153225e-07	2113
937292	-1.361788e-06	-5.103764e-08	4.647794e-07	10561
991652	-1.496695e-06	-5.103359e-08	5.151080e-07	2113
929036	-1.361856e-06	-5.100143e-08	4.645841e-07	10561
983396	-1.496770e-06	-5.099378e-08	5.148933e-07	2113
920780	-1.361924e-06	-5.096521e-08	4.643888e-07	10561
975140	-1.496845e-06	-5.095398e-08	5.146787e-07	2113
912524	-1.361992e-06	-5.092899e-08	4.641935e-07	10561
966884	-1.496921e-06	-5.091417e-08	5.144640e-07	2113
904268	-1.362059e-06	-5.089277e-08	4.639982e-07	10561
958628	-1.496996e-06	-5.087436e-08	5.142494e-07	2113
896012	-1.362127e-06	-5.085654e-08	4.638029e-07	10561
950372	-1.497071e-06	-5.083455e-08	5.140347e-07	2113
887756	-1.362195e-06	-5.082032e-08	4.636076e-07	10561
942116	-1.497146e-06	-5.079474e-08	5.138201e-07	2113
879500	-1.362263e-06	-5.078409e-08	4.634122e-07	10561
933860	-1.497221e-06	-5.075492e-08	5.136054e-07	2113
871244	-1.362331e-06	-5.074786e-08	4.632169e-07	10561
925604	-1.497296e-06	-5.071510e-08	5.133907e-07	2113
862988	-1.362399e-06	-5.071163e-08	4.630216e-07	10561
854732	-1.362466e-06	-5.067540e-08	4.628262e-07	10561
917348	-1.497371e-06	-5.067528e-08	5.131760e-07	2113
846476	-1.362534e-06	-5.063917e-08	4.626308e-07	10561
909092	-1.497446e-06	-5.063546e-08	5.129612e-07	2113
838220	-1.362602e-06	-5.060293e-08	4.624354e-07	10561
900836	-1.497520e-06	-5.059564e-08	5.127465e-07	2113
829964	-1.362669e-06	-5.056669e-08	4.622400e-07	10561
892580	-1.497595e-06	-5.055581e-08	5.125318e-07	2113
821708	-1.362737e-06	-5.053045e-08	4.620446e-07	10561
884324	-1.497670e-06	-5.051599e-08	5.123170e-07	2113
813452	-1.362804e-06	-5.049421e-08	4.618492e-07	10561
876068	-1.497745e-06	-5.047616e-08	5.121022e-07	2113
805196	-1.362872e-06	-5.045797e-08	4.616538e-07	10561
867812	-1.497820e-06	-5.043632e-08	5.118875e-07	2113
796940	-1.362940e-06	-5.042172e-08	4.614583e-07	10561
859556	-1.497894e-06	-5.039649e-08	5.116727e-07	2113
788684	-1.363007e-06	-5.038547e-08	4.612629e-07	10561
851300	-1.497969e-06	-5.035665e-08	5.114579e-07	2113
780428	-1.363075e-06	-5.034923e-08	4.610675e-07	10561
843044	-1.498044e-06	-5.031682e-08	5.112431e-07	2113
772172	-1.363142e-06	-5.031297e-08	4.608720e-07	10561
834788	-1.498118e-06	-5.027698e-08	5.110282e-07	2113
763916	-1.363209e-06	-5.027672e-08	4.606765e-07	10561
755660	-1.363277e-06	-5.024047e-08	4.604810e-07	10561
826532	-1.498193e-06	-5.023714e-08	5.108134e-07	2113
747404	-1.363344e-06	-5.020421e-08	4.602855e-07	10561
818276	-1.498268e-06	-5.019729e-08	5.105986e-07	2113
739148	-1.363411e-06	-5.016796e-08	4.600901e-07	10561
810020	-1.498342e-06	-5.015745e-08	5.103838e-07	2113
730892	-1.363479e-06	-5.013170e-08	4.598946e-07	10561
801764	-1.498417e-06	-5.011760e-08	5.101689e-07	2113
722636	-1.363546e-06	-5.009543e-08	4.596990e-07	10561
793508	-1.498491e-06	-5.007775e-08	5.099540e-07	2113
714380	-1.363613e-06	-5.005917e-08	4.595035e-07	10561
785252	-1.498566e-06	-5.003790e-08	5.097392e-07	2113
706124	-1.363680e-06	-5.002290e-08	4.593080e-07	10561
776996	-1.498640e-06	-4.999804e-08	5.095242e-07	2113
697868	-1.363748e-06	-4.998664e-08	4.591124e-07	10561
768740	-1.498714e-06	-4.995819e-08	5.093094e-07	2113
689612	-1.363815e-06	-4.995037e-08	4.589168e-07	10561
760484	-1.498789e-06	-4.991833e-08	5.090944e-07	2113
681356	-1.363882e-06	-4.991410e-08	4.587213e-07	10561
752228	-1.498863e-06	-4.987847e-08	5.088795e-07	2113
673100	-1.363949e-06	-4.987783e-08	4.585257e-07	10561
664844	-1.364016e-06	-4.984155e-08	4.583301e-07	10561
743972	-1.498937e-06	-4.983861e-08	5.086646e-07	2113
656588	-1.364083e-06	-4.980528e-08	4.581345e-07	10561
735716	-1.499011e-06	-4.979875e-08	5.084497e-07	2113
648332	-1.364150e-06	-4.976900e-08	4.579389e-07	10561
727460	-1.499086e-06	-4.975888e-08	5.082347e-07	2113
640076	-1.364217e-06	-4.973272e-08	4.577433e-07	10561
719204	-1.499160e-06	-4.971901e-08	5.080197e-07	2113
631820	-1.364284e-06	-4.969644e-08	4.575477e-07	10561
710948	-1.499234e-06	-4.967914e-08	5.078047e-07	2113
623564	-1.364351e-06	-4.966016e-08	4.573520e-07	10561
702692	-1.499308e-06	-4.963927e-08	5.075897e-07	2113
615308	-1.364418e-06	-4.962387e-08	4.571564e-07	10561
694436	-1.499382e-06	-4.959940e-08	5.073748e-07	2113
607052	-1.364485e-06	-4.958758e-08	4.569607e-07	10561
686180	-1.499456e-06	-4.955952e-08	5.071598e-07	2113
598796	-1.364552e-06	-4.955130e-08	4.567651e-07	10561
677924	-1.499530e-06	-4.951965e-08	5.069447e-07	2113
590540	-1.364618e-06	-4.951501e-08	4.565694e-07	10561
669668	-1.499604e-06	-4.947976e-08	5.067297e-07	2113
582284	-1.364685e-06	-4.947871e-08	4.563737e-07	10561
574028	-1.364752e-06	-4.944242e-08	4.561780e-07	10561
661412	-1.499678e-06	-4.943988e-08	5.065147e-07	2113
565772	-1.364819e-06	-4.940613e-08	4.559823e-07	10561
653156	-1.499752e-06	-4.940000e-08	5.062996e-07	2113
557516	-1.364885e-06	-4.936983e-08	4.557866e-07	10561
644900	-1.499826e-06	-4.936011e-08	5.060846e-07	2113
549260	-1.364952e-06	-4.933353e-08	4.555909e-07	10561
636644	-1.499900e-06	-4.932022e-08	5.058695e-07	2113
541004	-1.365019e-06	-4.929723e-08	4.553951e-07	10561
628388	-1.499974e-06	-4.928034e-08	5.056544e-07	2113
532748	-1.365085e-06	-4.926092e-08	4.551994e-07	10561
620132	-1.500048e-06	-4.924044e-08	5.054393e-07	2113
524492	-1.365152e-06	-4.922462e-08	4.550037e-07	10561
611876	-1.500121e-06	-4.920055e-08	5.052242e-07	2113
516236	-1.365218e-06	-4.918831e-08	4.548079e-07	10561
603620	-1.500195e-06	-4.916065e-08	5.050091e-07	2113
507980	-1.365285e-06	-4.915200e-08	4.546121e-07	10561
595364	-1.500269e-06	-4.912076e-08	5.047939e-07	2113
499724	-1.365351e-06	-4.911569e-08	4.544164e-07	10561
587108	-1.500342e-06	-4.908086e-08	5.045788e-07	2113
491468	-1.365418e-06	-4.907938e-08	4.542206e-07	10561
483212	-1.365484e-06	-4.904307e-08	4.540248e-07	10561
578852	-1.500416e-06	-4.904096e-08	5.043637e-07	2113
474956	-1.365550e-06	-4.900675e-08	4.538289e-07	10561
570596	-1.500490e-06	-4.900106e-08	5.041485e-07	2113
466700	-1.365617e-06	-4.897043e-08	4.536331e-07	10561
562340	-1.500563e-06	-4.896115e-08	5.039333e-07	2113
458444	-1.365683e-06	-4.893412e-08	4.534373e-07	10561
554084	-1.500637e-06	-4.892124e-08	5.037182e-07	2113
450188	-1.365750e-06	-4.889780e-08	4.532415e-07	10561
545828	-1.500710e-06	-4.888133e-08	5.035030e-07	2113
441932	-1.365816e-06	-4.886147e-08	4.530456e-07	10561
537572	-1.500784e-06	-4.884142e-08	5.032878e-07	2113
433676	-1.365882e-06	-4.882515e-08	4.528498e-07	10561
529316	-1.500857e-06	-4.880151e-08	5.030726e-07	2113
425420	-1.365948e-06	-4.878882e-08	4.526539e-07	10561
521060	-1.500931e-06	-4.876159e-08	5.028573e-07	2113
417164	-1.366014e-06	-4.875250e-08	4.524580e-07	10561
512804	-1.501004e-06	-4.872167e-08	5.026421e-07	2113
408908	-1.366081e-06	-4.871617e-08	4.522621e-07	10561
504548	-1.501077e-06	-4.868176e-08	5.024269e-07	2113
400652	-1.366147e-06	-4.867984e-08	4.520662e-07	10561
392396	-1.366213e-06	-4.864350e-08	4.518703e-07	10561
496292	-1.501151e-06	-4.864183e-08	5.022117e-07	2113
384140	-1.366279e-06	-4.860717e-08	4.516744e-07	10561
488036	-1.501224e-06	-4.860191e-08	5.019964e-07	2113
375884	-1.366345e-06	-4.857083e-08	4.514785e-07	10561
479780	-1.501297e-06	-4.856199e-08	5.017811e-07	2113
367628	-1.366411e-06	-4.853449e-08	4.512826e-07	10561
471524	-1.501371e-06	-4.852206e-08	5.015658e-07	2113
359372	-1.366477e-06	-4.849815e-08	4.510866e-07	10561
463268	-1.501444e-06	-4.848213e-08	5.013505e-07	2113
351116	-1.366543e-06	-4.846181e-08	4.508907e-07	10561
455012	-1.501517e-06	-4.844220e-08	5.011352e-07	2113
342860	-1.366609e-06	-4.842547e-08	4.506947e-07	10561
446756	-1.501590e-06	-4.840227e-08	5.009199e-07	2113
334604	-1.366675e-06	-4.838912e-08	4.504988e-07	10561
438500	-1.501663e-06	-4.836233e-08	5.007046e-07	2113
326348	-1.366741e-06	-4.835277e-08	4.503028e-07	10561
430244	-1.501736e-06	-4.832239e-08	5.004893e-07	2113
318092	-1.366806e-06	-4.831642e-08	4.501068e-07	10561
421988	-1.501809e-06	-4.828246e-08	5.002739e-07	2113
309836	-1.366872e-06	-4.828008e-08	4.499108e-07	10561
301580	-1.366938e-06	-4.824372e-08	4.497148e-07	10561
413732	-1.501882e-06	-4.824252e-08	5.000585e-07	2113
293324	-1.367004e-06	-4.820737e-08	4.495188e-07	10561
405476	-1.501955e-06	-4.820257e-08	4.998432e-07	2113
285068	-1.367070e-06	-4.817101e-08	4.493228e-07	10561
397220	-1.502028e-06	-4.816263e-08	4.996278e-07	2113
276812	-1.367135e-06	-4.813465e-08	4.491267e-07	10561
388964	-1.502101e-06	-4.812268e-08	4.994124e-07	2113
268556	-1.367201e-06	-4.809829e-08	4.489307e-07	10561
380708	-1.502174e-06	-4.808273e-08	4.991970e-07	2113
260300	-1.367267e-06	-4.806193e-08	4.487346e-07	10561
372452	-1.502247e-06	-4.804278e-08	4.989816e-07	2113
252044	-1.367332e-06	-4.802557e-08	4.485385e-07	10561
364196	-1.502320e-06	-4.800283e-08	4.987662e-07	2113
243788	-1.367398e-06	-4.798920e-08	4.483425e-07	10561
355940	-1.502392e-06	-4.796287e-08	4.985508e-07	2113
235532	-1.367463e-06	-4.795283e-08	4.481464e-07	10561
347684	-1.502465e-06	-4.792292e-08	4.983353e-07	2113
227276	-1.367529e-06	-4.791647e-08	4.479503e-07	10561
339428	-1.502538e-06	-4.788296e-08	4.981199e-07	2113
219020	-1.367594e-06	-4.788010e-08	4.477542e-07	10561
210764	-1.367660e-06	-4.784372e-08	4.475581e-07	10561
331172	-1.502611e-06	-4.784300e-08	4.979044e-07	2113
202508	-1.367725e-06	-4.780735e-08	4.473620e-07	10561
322916	-1.502683e-06	-4.780303e-08	4.976890e-07	2113
194252	-1.367791e-06	-4.777097e-08	4.471659e-07	10561
314660	-1.502756e-06	-4.776307e-08	4.974735e-07	2113
185996	-1.367856e-06	-4.773460e-08	4.469697e-07	10561
306404	-1.502828e-06	-4.772311e-08	4.972580e-07	2113
177740	-1.367921e-06	-4.769822e-08	4.467736e-07	10561
298148	-1.502901e-06	-4.768314e-08	4.970425e-07	2113
169484	-1.367987e-06	-4.766184e-08	4.465774e-07	10561
289892	-1.502974e-06	-4.764317e-08	4.968269e-07	2113
161228	-1.368052e-06	-4.762546e-08	4.463813e-07	10561
281636	-1.503046e-06	-4.760319e-08	4.966114e-07	2113
152972	-1.368117e-06	-4.758907e-08	4.461851e-07	10561
273380	-1.503118e-06	-4.756322e-08	4.963959e-07	2113
144716	-1.368182e-06	-4.755269e-08	4.459889e-07	10561
265124	-1.503191e-06	-4.752324e-08	4.961803e-07	2113
136460	-1.368248e-06	-4.751630e-08	4.457927e-07	10561
256868	-1.503263e-06	-4.748327e-08	4.959648e-07	2113
128204	-1.368313e-06	-4.747991e-08	4.455965e-07	10561
119948	-1.368378e-06	-4.744352e-08	4.454003e-07	10561
248612	-1.503336e-06	-4.744329e-08	4.957492e-07	2113
111692	-1.368443e-06	-4.740712e-08	4.452041e-07	10561
240356	-1.503408e-06	-4.740330e-08	4.955336e-07	2113
103436	-1.368508e-06	-4.737073e-08	4.450078e-07	10561
232100	-1.503480e-06	-4.736332e-08	4.953181e-07	2113
95180	-1.368573e-06	-4.733433e-08	4.448116e-07	10561
223844	-1.503553e-06	-4.732334e-08	4.951025e-07	2113
86924	-1.368638e-06	-4.729793e-08	4.446153e-07	10561
215588	-1.503625e-06	-4.728335e-08	4.948869e-07	2113
78668	-1.368703e-06	-4.726153e-08	4.444191e-07	10561
207332	-1.503697e-06	-4.724336e-08	4.946713e-07	2113
70412	-1.368768e-06	-4.722513e-08	4.442228e-07	10561
199076	-1.503769e-06	-4.720337e-08	4.944557e-07	2113
62156	-1.368833e-06	-4.718873e-08	4.440265e-07	10561
190820	-1.503841e-06	-4.716337e-08	4.942400e-07	2113
53900	-1.368898e-06	-4.715232e-08	4.438302e-07	10561
182564	-1.503913e-06	-4.712338e-08	4.940243e-07	2113
45644	-1.368963e-06	-4.711591e-08	4.436339e-07	10561
174308	-1.503986e-06	-4.708338e-08	4.938087e-07	2113
37388	-1.369028e-06	-4.707951e-08	4.434376e-07	10561
166052	-1.504058e-06	-4.704338e-08	4.935930e-07	2113
29132	-1.369093e-06	-4.704309e-08	4.432413e-07	10561
20876	-1.369157e-06	-4.700668e-08	4.430450e-07	10561
157796	-1.504130e-06	-4.700338e-08	4.933773e-07	2113
12620	-1.369222e-06	-4.697027e-08	4.428487e-07	10561
149540	-1.504202e-06	-4.696338e-08	4.931617e-07	2113
4364	-1.369287e-06	-4.693386e-08	4.426523e-07	10561
141284	-1.504274e-06	-4.692337e-08	4.929460e-07	2113
133028	-1.504345e-06	-4.688336e-08	4.927302e-07	2113
124772	-1.504417e-06	-4.684335e-08	4.925145e-07	2113
116516	-1.504489e-06	-4.680334e-08	4.922988e-07	2113
108260	-1.504561e-06	-4.676333e-08	4.920831e-07	2113
100004	-1.504633e-06	-4.672331e-08	4.918673e-07	2113
91748	-1.504705e-06	-4.668330e-08	4.916516e-07	2113
83492	-1.504776e-06	-4.664328e-08	4.914358e-07	2113
75236	-1.504848e-06	-4.660326e-08	4.912200e-07	2113
66980	-1.504920e-06	-4.656324e-08	4.910042e-07	2113
58724	-1.504991e-06	-4.652322e-08	4.907884e-07	2113
50468	-1.505063e-06	-4.648319e-08	4.905726e-07	2113
42212	-1.505134e-06	-4.644316e-08	4.903568e-07	2113
33956	-1.505206e-06	-4.640313e-08	4.901410e-07	2113
25700	-1.505277e-06	-4.636310e-08	4.899251e-07	2113
17444	-1.505349e-06	-4.632306e-08	4.897092e-07	2113
9188	-1.505420e-06	-4.628303e-08	4.894934e-07	2113
932	-1.505492e-06	-4.624299e-08	4.892775e-07	2113
1151725	-1.381831e-06	-4.370393e-08	4.778418e-07	9837
1143469	-1.381901e-06	-4.366718e-08	4.776437e-07	9837
1135213	-1.381970e-06	-4.363043e-08	4.774455e-07	9837
1126957	-1.382040e-06	-4.359368e-08	4.772473e-07	9837
1118701	-1.382110e-06	-4.355693e-08	4.770492e-07	9837
1110445	-1.382179e-06	-4.352017e-08	4.768510e-07	9837
1102189	-1.382249e-06	-4.348341e-08	4.766528e-07	9837
1093933	-1.382318e-06	-4.344665e-08	4.764545e-07	9837
1085677	-1.382388e-06	-4.340989e-08	4.762563e-07	9837
1077421	-1.382457e-06	-4.337313e-08	4.760581e-07	9837
1069165	-1.382526e-06	-4.333636e-08	4.758598e-07	9837
1060909	-1.382596e-06	-4.329960e-08	4.756616e-07	9837
1052653	-1.382665e-06	-4.326283e-08	4.754633e-07	9837
1044397	-1.382734e-06	-4.322606e-08	4.752651e-07	9837
1036141	-1.382804e-06	-4.318928e-08	4.750668e-07	9837
1027885	-1.382873e-06	-4.315251e-08	4.748685e-07	9837
1019629	-1.382942e-06	-4.311573e-08	4.746702e-07	9837
1011373	-1.383011e-06	-4.307895e-08	4.744719e-07	9837
1003117	-1.383081e-06	-4.304217e-08	4.742736e-07	9837
994861	-1.383150e-06	-4.300539e-08	4.740753e-07	9837
986605	-1.383219e-06	-4.296861e-08	4.738769e-07	9837
978349	-1.383288e-06	-4.293182e-08	4.736785e-07	9837
970093	-1.383357e-06	-4.289503e-08	4.734802e-07	9837
961837	-1.383426e-06	-4.285824e-08	4.732818e-07	9837
953581	-1.383495e-06	-4.282145e-08	4.730834e-07	9837
945325	-1.383564e-06	-4.278466e-08	4.728851e-07	9837
937069	-1.383633e-06	-4.274786e-08	4.726867e-07	9837
928813	-1.383702e-06	-4.271107e-08	4.724882e-07	9837
920557	-1.383771e-06	-4.267427e-08	4.722898e-07	9837
912301	-1.383840e-06	-4.263747e-08	4.720914e-07	9837
904045	-1.383908e-06	-4.260066e-08	4.718929e-07	9837
895789	-1.383977e-06	-4.256386e-08	4.716945e-07	9837
887533	-1.384046e-06	-4.252706e-08	4.714960e-07	9837
879277	-1.384115e-06	-4.249025e-08	4.712976e-07	9837
871021	-1.384183e-06	-4.245344e-08	4.710991e-07	9837
862765	-1.384252e-06	-4.241663e-08	4.709006e-07	9837
854509	-1.384321e-06	-4.237981e-08	4.707021e-07	9837
846253	-1.384389e-06	-4.234300e-08	4.705036e-07	9837
837997	-1.384458e-06	-4.230618e-08	4.703051e-07	9837
829741	-1.384526e-06	-4.226936e-08	4.701066e-07	9837
821485	-1.384595e-06	-4.223254e-08	4.699080e-07	9837
813229	-1.384663e-06	-4.219572e-08	4.697095e-07	9837
804973	-1.384732e-06	-4.215889e-08	4.695109e-07	9837
796717	-1.384800e-06	-4.212206e-08	4.693123e-07	9837
788461	-1.384869e-06	-4.208524e-08	4.691138e-07	9837
780205	-1.384937e-06	-4.204841e-08	4.689152e-07	9837
771949	-1.385005e-06	-4.201157e-08	4.687166e-07	9837
763693	-1.385074e-06	-4.197474e-08	4.685180e-07	9837
755437	-1.385142e-06	-4.193791e-08	4.683194e-07	9837
747181	-1.385210e-06	-4.190107e-08	4.681207e-07	9837
738925	-1.385278e-06	-4.186423e-08	4.679221e-07	9837
730669	-1.385347e-06	-4.182739e-08	4.677235e-07	9837
722413	-1.385415e-06	-4.179055e-08	4.675248e-07	9837
714157	-1.385483e-06	-4.175370e-08	4.673261e-07	9837
705901	-1.385551e-06	-4.171685e-08	4.671274e-07	9837
697645	-1.385619e-06	-4.168000e-08	4.669288e-07	9837
689389	-1.385687e-06	-4.164315e-08	4.667301e-07	9837
681133	-1.385755e-06	-4.160630e-08	4.665314e-07	9837
672877	-1.385823e-06	-4.156945e-08	4.663327e-07	9837
664621	-1.385891e-06	-4.153259e-08	4.661339e-07	9837
656365	-1.385959e-06	-4.149573e-08	4.659352e-07	9837
648109	-1.386027e-06	-4.145888e-08	4.657365e-07	9837
639853	-1.386095e-06	-4.142202e-08	4.655377e-07	9837
631597	-1.386163e-06	-4.138515e-08	4.653390e-07	9837
623341	-1.386230e-06	-4.134829e-08	4.651402e-07	9837
615085	-1.386298e-06	-4.131142e-08	4.649414e-07	9837
606829	-1.386366e-06	-4.127455e-08	4.647426e-07	9837
598573	-1.386434e-06	-4.123768e-08	4.645438e-07	9837
590317	-1.386501e-06	-4.120081e-08	4.643450e-07	9837
582061	-1.386569e-06	-4.116394e-08	4.641462e-07	9837
573805	-1.386637e-06	-4.112706e-08	4.639473e-07	9837
565549	-1.386704e-06	-4.109018e-08	4.637485e-07	9837
557293	-1.386772e-06	-4.105330e-08	4.635496e-07	9837
549037	-1.386839e-06	-4.101642e-08	4.633508e-07	9837
540781	-1.386907e-06	-4.097954e-08	4.631519e-07	9837
532525	-1.386974e-06	-4.094265e-08	4.629530e-07	9837
524269	-1.387042e-06	-4.090577e-08	4.627541e-07	9837
516013	-1.387109e-06	-4.086888e-08	4.625552e-07	9837
507757	-1.387177e-06	-4.083199e-08	4.623564e-07	9837
499501	-1.387244e-06	-4.079509e-08	4.621574e-07	9837
491245	-1.387311e-06	-4.075820e-08	4.619585e-07	9837
482989	-1.387379e-06	-4.072130e-08	4.617596e-07	9837
474733	-1.387446e-06	-4.068441e-08	4.615606e-07	9837
466477	-1.387513e-06	-4.064751e-08	4.613617e-07	9837
458221	-1.387580e-06	-4.061061e-08	4.611627e-07	9837
449965	-1.387648e-06	-4.057370e-08	4.609637e-07	9837
441709	-1.387715e-06	-4.053680e-08	4.607647e-07	9837
433453	-1.387782e-06	-4.049989e-08	4.605657e-07	9837
425197	-1.387849e-06	-4.046299e-08	4.603667e-07	9837
416941	-1.387916e-06	-4.042607e-08	4.601677e-07	9837
408685	-1.387983e-06	-4.038916e-08	4.599687e-07	9837
400429	-1.388050e-06	-4.035225e-08	4.597697e-07	9837
392173	-1.388117e-06	-4.031533e-08	4.595706e-07	9837
383917	-1.388184e-06	-4.027842e-08	4.593716e-07	9837
375661	-1.388251e-06	-4.024150e-08	4.591725e-07	9837
367405	-1.388318e-06	-4.020458e-08	4.589734e-07	9837
359149	-1.388385e-06	-4.016765e-08	4.587743e-07	9837
350893	-1.388452e-06	-4.013073e-08	4.585753e-07	9837
342637	-1.388519e-06	-4.009380e-08	4.583761e-07	9837
334381	-1.388585e-06	-4.005687e-08	4.581771e-07	9837
326125	-1.388652e-06	-4.001994e-08	4.579779e-07	9837
317869	-1.388719e-06	-3.998301e-08	4.577788e-07	9837
309613	-1.388785e-06	-3.994608e-08	4.575797e-07	9837
301357	-1.388852e-06	-3.990914e-08	4.573805e-07	9837
293101	-1.388919e-06	-3.987221e-08	4.571814e-07	9837
284845	-1.388985e-06	-3.983527e-08	4.569822e-07	9837
276589	-1.389052e-06	-3.979833e-08	4.567830e-07	9837
268333	-1.389118e-06	-3.976138e-08	4.565838e-07	9837
260077	-1.389185e-06	-3.972444e-08	4.563846e-07	9837
251821	-1.389251e-06	-3.968749e-08	4.561854e-07	9837
243565	-1.389318e-06	-3.965054e-08	4.559862e-07	9837
235309	-1.389384e-06	-3.961360e-08	4.557870e-07	9837
227053	-1.389451e-06	-3.957664e-08	4.555878e-07	9837
218797	-1.389517e-06	-3.953969e-08	4.553885e-07	9837
210541	-1.389583e-06	-3.950273e-08	4.551893e-07	9837
1154767	-1.303106e-06	-3.948468e-08	4.373023e-07	21339
202285	-1.389650e-06	-3.946578e-08	4.549900e-07	9837
1146511	-1.303170e-06	-3.945003e-08	4.371154e-07	21339
194029	-1.389716e-06	-3.942882e-08	4.547907e-07	9837
1138255	-1.303234e-06	-3.941537e-08	4.369285e-07	21339
185773	-1.389782e-06	-3.939186e-08	4.545914e-07	9837
1129999	-1.303297e-06	-3.938071e-08	4.367417e-07	21339
177517	-1.389849e-06	-3.935490e-08	4.543921e-07	9837
1121743	-1.303361e-06	-3.934605e-08	4.365548e-07	21339
169261	-1.389915e-06	-3.931793e-08	4.541928e-07	9837
1113487	-1.303425e-06	-3.931138e-08	4.363679e-07	21339
161005	-1.389981e-06	-3.928097e-08	4.539936e-07	9837
1105231	-1.303488e-06	-3.927672e-08	4.361810e-07	21339
152749	-1.390047e-06	-3.924400e-08	4.537942e-07	9837
1096975	-1.303552e-06	-3.924205e-08	4.359940e-07	21339
1088719	-1.303615e-06	-3.920739e-08	4.358071e-07	21339
144493	-1.390113e-06	-3.920703e-08	4.535949e-07	9837
1080463	-1.303679e-06	-3.917272e-08	4.356202e-07	21339
136237	-1.390179e-06	-3.917006e-08	4.533956e-07	9837
1072207	-1.303742e-06	-3.913804e-08	4.354332e-07	21339
127981	-1.390245e-06	-3.913309e-08	4.531962e-07	9837
1063951	-1.303806e-06	-3.910337e-08	4.352463e-07	21339
119725	-1.390311e-06	-3.909611e-08	4.529969e-07	9837
1055695	-1.303869e-06	-3.906870e-08	4.350593e-07	21339
111469	-1.390377e-06	-3.905913e-08	4.527975e-07	9837
1047439	-1.303933e-06	-3.903402e-08	4.348723e-07	21339
103213	-1.390443e-06	-3.902216e-08	4.525981e-07	9837
1039183	-1.303996e-06	-3.899934e-08	4.346854e-07	21339
94957	-1.390509e-06	-3.898518e-08	4.523987e-07	9837
1030927	-1.304060e-06	-3.896466e-08	4.344984e-07	21339
86701	-1.390575e-06	-3.894819e-08	4.521993e-07	9837
1022671	-1.304123e-06	-3.892998e-08	4.343114e-07	21339
78445	-1.390641e-06	-3.891121e-08	4.519999e-07	9837
1014415	-1.304186e-06	-3.889530e-08	4.341244e-07	21339
70189	-1.390707e-06	-3.887423e-08	4.518005e-07	9837
1006159	-1.304249e-06	-3.886061e-08	4.339373e-07	21339
61933	-1.390772e-06	-3.883724e-08	4.516011e-07	9837
997903	-1.304313e-06	-3.882593e-08	4.337503e-07	21339
53677	-1.390838e-06	-3.880025e-08	4.514016e-07	9837
989647	-1.304376e-06	-3.879124e-08	4.335633e-07	21339
45421	-1.390904e-06	-3.876326e-08	4.512022e-07	9837
981391	-1.304439e-06	-3.875655e-08	4.333762e-07	21339
37165	-1.390970e-06	-3.872627e-08	4.510028e-07	9837
973135	-1.304502e-06	-3.872185e-08	4.331892e-07	21339
28909	-1.391035e-06	-3.868928e-08	4.508033e-07	9837
964879	-1.304565e-06	-3.868716e-08	4.330021e-07	21339
956623	-1.304628e-06	-3.865247e-08	4.328151e-07	21339
20653	-1.391101e-06	-3.865228e-08	4.506038e-07	9837
948367	-1.304692e-06	-3.861777e-08	4.326280e-07	21339
12397	-1.391167e-06	-3.861528e-08	4.504043e-07	9837
940111	-1.304755e-06	-3.858307e-08	4.324409e-07	21339
4141	-1.391232e-06	-3.857828e-08	4.502049e-07	9837
931855	-1.304818e-06	-3.854837e-08	4.322538e-07	21339
923599	-1.304881e-06	-3.851367e-08	4.320667e-07	21339
915343	-1.304944e-06	-3.847897e-08	4.318796e-07	21339
907087	-1.305007e-06	-3.844426e-08	4.316924e-07	21339
898831	-1.305069e-06	-3.840955e-08	4.315053e-07	21339
890575	-1.305132e-06	-3.837484e-08	4.313182e-07	21339
882319	-1.305195e-06	-3.834013e-08	4.311310e-07	21339
874063	-1.305258e-06	-3.830542e-08	4.309439e-07	21339
865807	-1.305321e-06	-3.827071e-08	4.307567e-07	21339
857551	-1.305384e-06	-3.823599e-08	4.305695e-07	21339
849295	-1.305446e-06	-3.820128e-08	4.303823e-07	21339
841039	-1.305509e-06	-3.816655e-08	4.301951e-07	21339
832783	-1.305572e-06	-3.813183e-08	4.300079e-07	21339
824527	-1.305634e-06	-3.809711e-08	4.298207e-07	21339
816271	-1.305697e-06	-3.806239e-08	4.296335e-07	21339
808015	-1.305760e-06	-3.802766e-08	4.294462e-07	21339
799759	-1.305822e-06	-3.799294e-08	4.292590e-07	21339
791503	-1.305885e-06	-3.795821e-08	4.290717e-07	21339
783247	-1.305947e-06	-3.792348e-08	4.288845e-07	21339
774991	-1.306010e-06	-3.788874e-08	4.286972e-07	21339
766735	-1.306072e-06	-3.785401e-08	4.285099e-07	21339
758479	-1.306135e-06	-3.781927e-08	4.283226e-07	21339
750223	-1.306197e-06	-3.778454e-08	4.281353e-07	21339
741967	-1.306259e-06	-3.774980e-08	4.279480e-07	21339
733711	-1.306322e-06	-3.771506e-08	4.277607e-07	21339
725455	-1.306384e-06	-3.768032e-08	4.275734e-07	21339
717199	-1.306446e-06	-3.764557e-08	4.273861e-07	21339
708943	-1.306509e-06	-3.761082e-08	4.271987e-07	21339
700687	-1.306571e-06	-3.757608e-08	4.270114e-07	21339
692431	-1.306633e-06	-3.754133e-08	4.268240e-07	21339
684175	-1.306695e-06	-3.750658e-08	4.266367e-07	21339
675919	-1.306758e-06	-3.747182e-08	4.264493e-07	21339
667663	-1.306820e-06	-3.743707e-08	4.262619e-07	21339
659407	-1.306882e-06	-3.740232e-08	4.260745e-07	21339
651151	-1.306944e-06	-3.736756e-08	4.258871e-07	21339
642895	-1.307006e-06	-3.733280e-08	4.256997e-07	21339
634639	-1.307068e-06	-3.729804e-08	4.255123e-07	21339
626383	-1.307130e-06	-3.726327e-08	4.253248e-07	21339
618127	-1.307192e-06	-3.722851e-08	4.251374e-07	21339
609871	-1.307254e-06	-3.719374e-08	4.249499e-07	21339
601615	-1.307316e-06	-3.715898e-08	4.247625e-07	21339
593359	-1.307378e-06	-3.712421e-08	4.245750e-07	21339
585103	-1.307439e-06	-3.708944e-08	4.243875e-07	21339
576847	-1.307501e-06	-3.705467e-08	4.242001e-07	21339
568591	-1.307563e-06	-3.701989e-08	4.240126e-07	21339
560335	-1.307625e-06	-3.698511e-08	4.238251e-07	21339
552079	-1.307687e-06	-3.695034e-08	4.236375e-07	21339
543823	-1.307748e-06	-3.691556e-08	4.234500e-07	21339
535567	-1.307810e-06	-3.688078e-08	4.232625e-07	21339
527311	-1.307872e-06	-3.684599e-08	4.230750e-07	21339
519055	-1.307933e-06	-3.681121e-08	4.228874e-07	21339
510799	-1.307995e-06	-3.677642e-08	4.226999e-07	21339
502543	-1.308056e-06	-3.674164e-08	4.225123e-07	21339
494287	-1.308118e-06	-3.670685e-08	4.223247e-07	21339
486031	-1.308180e-06	-3.667206e-08	4.221372e-07	21339
477775	-1.308241e-06	-3.663726e-08	4.219496e-07	21339
469519	-1.308302e-06	-3.660247e-08	4.217620e-07	21339
461263	-1.308364e-06	-3.656768e-08	4.215744e-07	21339
453007	-1.308425e-06	-3.653288e-08	4.213867e-07	21339
444751	-1.308487e-06	-3.649808e-08	4.211991e-07	21339
436495	-1.308548e-06	-3.646328e-08	4.210115e-07	21339
428239	-1.308609e-06	-3.642847e-08	4.208239e-07	21339
419983	-1.308671e-06	-3.639367e-08	4.206362e-07	21339
411727	-1.308732e-06	-3.635887e-08	4.204485e-07	21339
403471	-1.308793e-06	-3.632406e-08	4.202609e-07	21339
395215	-1.308854e-06	-3.628925e-08	4.200732e-07	21339
386959	-1.308916e-06	-3.625444e-08	4.198855e-07	21339
378703	-1.308977e-06	-3.621963e-08	4.196978e-07	21339
370447	-1.309038e-06	-3.618482e-08	4.195101e-07	21339
362191	-1.309099e-06	-3.615000e-08	4.193224e-07	21339
353935	-1.309160e-06	-3.611518e-08	4.191347e-07	21339
345679	-1.309221e-06	-3.608036e-08	4.189469e-07	21339
337423	-1.309282e-06	-3.604554e-08	4.187592e-07	21339
329167	-1.309343e-06	-3.601072e-08	4.185715e-07	21339
320911	-1.309404e-06	-3.597590e-08	4.183837e-07	21339
312655	-1.309465e-06	-3.594107e-08	4.181960e-07	21339
304399	-1.309526e-06	-3.590624e-08	4.180082e-07	21339
296143	-1.309587e-06	-3.587142e-08	4.178204e-07	21339
287887	-1.309648e-06	-3.583659e-08	4.176326e-07	21339
279631	-1.309709e-06	-3.580175e-08	4.174448e-07	21339
271375	-1.309769e-06	-3.576692e-08	4.172570e-07	21339
263119	-1.309830e-06	-3.573209e-08	4.170692e-07	21339
254863	-1.309891e-06	-3.569725e-08	4.168813e-07	21339
246607	-1.309951e-06	-3.566241e-08	4.166935e-07	21339
238351	-1.310012e-06	-3.562757e-08	4.165057e-07	21339
230095	-1.310073e-06	-3.559273e-08	4.163178e-07	21339
221839	-1.310133e-06	-3.555789e-08	4.161300e-07	21339
213583	-1.310194e-06	-3.552304e-08	4.159421e-07	21339
205327	-1.310255e-06	-3.548819e-08	4.157542e-07	21339
197071	-1.310315e-06	-3.545334e-08	4.155663e-07	21339
188815	-1.310376e-06	-3.541849e-08	4.153784e-07	21339
180559	-1.310436e-06	-3.538364e-08	4.151905e-07	21339
172303	-1.310497e-06	-3.534879e-08	4.150026e-07	21339
164047	-1.310557e-06	-3.531393e-08	4.148147e-07	21339
155791	-1.310618e-06	-3.527908e-08	4.146268e-07	21339
147535	-1.310678e-06	-3.524422e-08	4.144388e-07	21339
139279	-1.310738e-06	-3.520936e-08	4.142509e-07	21339
131023	-1.310799e-06	-3.517450e-08	4.140629e-07	21339
122767	-1.310859e-06	-3.513964e-08	4.138749e-07	21339
114511	-1.310919e-06	-3.510477e-08	4.136870e-07	21339
106255	-1.310979e-06	-3.506991e-08	4.134990e-07	21339
97999	-1.311040e-06	-3.503504e-08	4.133110e-07	21339
89743	-1.311100e-06	-3.500017e-08	4.131230e-07	21339
81487	-1.311160e-06	-3.496530e-08	4.129350e-07	21339
73231	-1.311220e-06	-3.493043e-08	4.127470e-07	21339
64975	-1.311280e-06	-3.489555e-08	4.125590e-07	21339
56719	-1.311340e-06	-3.486068e-08	4.123709e-07	21339
48463	-1.311400e-06	-3.482580e-08	4.121829e-07	21339
40207	-1.311460e-06	-3.479092e-08	4.119948e-07	21339
31951	-1.311520e-06	-3.475604e-08	4.118068e-07	21339
23695	-1.311580e-06	-3.472116e-08	4.116187e-07	21339
15439	-1.311640e-06	-3.468627e-08	4.114306e-07	21339
7183	-1.311700e-06	-3.465139e-08	4.112425e-07	21339
1152536	-1.184749e-06	-2.873713e-08	4.235082e-07	12353
1144280	-1.184810e-06	-2.870562e-08	4.233383e-07	12353
1136024	-1.184872e-06	-2.867411e-08	4.231684e-07	12353
1127768	-1.184933e-06	-2.864260e-08	4.229985e-07	12353
1119512	-1.184995e-06	-2.861109e-08	4.228285e-07	12353
1111256	-1.185056e-06	-2.857958e-08	4.226586e-07	12353
1103000	-1.185118e-06	-2.854807e-08	4.224887e-07	12353
1094744	-1.185179e-06	-2.851655e-08	4.223187e-07	12353
1086488	-1.185240e-06	-2.848503e-08	4.221488e-07	12353
1078232	-1.185301e-06	-2.845351e-08	4.219789e-07	12353
1069976	-1.185363e-06	-2.842199e-08	4.218089e-07	12353
1061720	-1.185424e-06	-2.839047e-08	4.216389e-07	12353
1053464	-1.185485e-06	-2.835895e-08	4.214689e-07	12353
1045208	-1.185546e-06	-2.832742e-08	4.212989e-07	12353
1036952	-1.185607e-06	-2.829589e-08	4.211289e-07	12353
1028696	-1.185669e-06	-2.826436e-08	4.209589e-07	12353
1020440	-1.185730e-06	-2.823283e-08	4.207889e-07	12353
1012184	-1.185791e-06	-2.820130e-08	4.206188e-07	12353
1003928	-1.185852e-06	-2.816977e-08	4.204488e-07	12353
995672	-1.185913e-06	-2.813823e-08	4.202788e-07	12353
987416	-1.185974e-06	-2.810669e-08	4.201087e-07	12353
979160	-1.186035e-06	-2.807515e-08	4.199387e-07	12353
970904	-1.186096e-06	-2.804361e-08	4.197686e-07	12353
962648	-1.186157e-06	-2.801207e-08	4.195985e-07	12353
954392	-1.186218e-06	-2.798053e-08	4.194284e-07	12353
946136	-1.186278e-06	-2.794898e-08	4.192583e-07	12353
937880	-1.186339e-06	-2.791743e-08	4.190882e-07	12353
929624	-1.186400e-06	-2.788589e-08	4.189181e-07	12353
921368	-1.186461e-06	-2.785433e-08	4.187479e-07	12353
913112	-1.186522e-06	-2.782278e-08	4.185778e-07	12353
904856	-1.186582e-06	-2.779123e-08	4.184077e-07	12353
896600	-1.186643e-06	-2.775967e-08	4.182375e-07	12353
888344	-1.186704e-06	-2.772812e-08	4.180673e-07	12353
880088	-1.186765e-06	-2.769656e-08	4.178972e-07	12353
871832	-1.186825e-06	-2.766500e-08	4.177270e-07	12353
863576	-1.186886e-06	-2.763344e-08	4.175568e-07	12353
855320	-1.186946e-06	-2.760187e-08	4.173866e-07	12353
847064	-1.187007e-06	-2.757031e-08	4.172164e-07	12353
838808	-1.187067e-06	-2.753874e-08	4.170462e-07	12353
830552	-1.187128e-06	-2.750717e-08	4.168760e-07	12353
822296	-1.187189e-06	-2.747560e-08	4.167057e-07	12353
814040	-1.187249e-06	-2.744403e-08	4.165355e-07	12353
805784	-1.187310e-06	-2.741246e-08	4.163653e-07	12353
797528	-1.187370e-06	-2.738088e-08	4.161950e-07	12353
789272	-1.187430e-06	-2.734931e-08	4.160247e-07	12353
781016	-1.187491e-06	-2.731773e-08	4.158545e-07	12353
772760	-1.187551e-06	-2.728615e-08	4.156842e-07	12353
764504	-1.187611e-06	-2.725457e-08	4.155139e-07	12353
756248	-1.187672e-06	-2.722298e-08	4.153436e-07	12353
747992	-1.187732e-06	-2.719140e-08	4.151733e-07	12353
739736	-1.187792e-06	-2.715981e-08	4.150030e-07	12353
731480	-1.187852e-06	-2.712822e-08	4.148326e-07	12353
723224	-1.187913e-06	-2.709664e-08	4.146623e-07	12353
714968	-1.187973e-06	-2.706504e-08	4.144920e-07	12353
706712	-1.188033e-06	-2.703345e-08	4.143216e-07	12353
698456	-1.188093e-06	-2.700186e-08	4.141513e-07	12353
690200	-1.188153e-06	-2.697026e-08	4.139809e-07	12353
681944	-1.188213e-06	-2.693866e-08	4.138105e-07	12353
673688	-1.188273e-06	-2.690707e-08	4.136401e-07	12353
665432	-1.188333e-06	-2.687546e-08	4.134697e-07	12353
657176	-1.188393e-06	-2.684386e-08	4.132993e-07	12353
648920	-1.188453e-06	-2.681226e-08	4.131289e-07	12353
640664	-1.188513e-06	-2.678065e-08	4.129585e-07	12353
632408	-1.188573e-06	-2.674904e-08	4.127881e-07	12353
624152	-1.188633e-06	-2.671744e-08	4.126176e-07	12353
615896	-1.188693e-06	-2.668583e-08	4.124472e-07	12353
607640	-1.188753e-06	-2.665421e-08	4.122767e-07	12353
599384	-1.188812e-06	-2.662260e-08	4.121063e-07	12353
591128	-1.188872e-06	-2.659099e-08	4.119358e-07	12353
582872	-1.188932e-06	-2.655937e-08	4.117653e-07	12353
574616	-1.188992e-06	-2.652775e-08	4.115948e-07	12353
566360	-1.189051e-06	-2.649613e-08	4.114243e-07	12353
558104	-1.189111e-06	-2.646451e-08	4.112538e-07	12353
549848	-1.189171e-06	-2.643288e-08	4.110833e-07	12353
541592	-1.189230e-06	-2.640126e-08	4.109128e-07	12353
533336	-1.189290e-06	-2.636963e-08	4.107422e-07	12353
525080	-1.189350e-06	-2.633801e-08	4.105717e-07	12353
516824	-1.189409e-06	-2.630638e-08	4.104012e-07	12353
508568	-1.189469e-06	-2.627474e-08	4.102306e-07	12353
500312	-1.189528e-06	-2.624311e-08	4.100600e-07	12353
492056	-1.189588e-06	-2.621148e-08	4.098895e-07	12353
483800	-1.189647e-06	-2.617984e-08	4.097189e-07	12353
475544	-1.189707e-06	-2.614820e-08	4.095483e-07	12353
467288	-1.189766e-06	-2.611656e-08	4.093777e-07	12353
459032	-1.189825e-06	-2.608492e-08	4.092071e-07	12353
450776	-1.189885e-06	-2.605328e-08	4.090365e-07	12353
442520	-1.189944e-06	-2.602164e-08	4.088658e-07	12353
434264	-1.190003e-06	-2.598999e-08	4.086952e-07	12353
426008	-1.190063e-06	-2.595834e-08	4.085246e-07	12353
417752	-1.190122e-06	-2.592669e-08	4.083539e-07	12353
409496	-1.190181e-06	-2.589504e-08	4.081832e-07	12353
401240	-1.190240e-06	-2.586339e-08	4.080126e-07	12353
392984	-1.190299e-06	-2.583174e-08	4.078419e-07	12353
384728	-1.190359e-06	-2.580008e-08	4.076712e-07	12353
376472	-1.190418e-06	-2.576843e-08	4.075005e-07	12353
368216	-1.190477e-06	-2.573677e-08	4.073298e-07	12353
359960	-1.190536e-06	-2.570511e-08	4.071591e-07	12353
351704	-1.190595e-06	-2.567345e-08	4.069884e-07	12353
343448	-1.190654e-06	-2.564178e-08	4.068177e-07	12353
335192	-1.190713e-06	-2.561012e-08	4.066469e-07	12353
326936	-1.190772e-06	-2.557845e-08	4.064762e-07	12353
318680	-1.190831e-06	-2.554678e-08	4.063054e-07	12353
310424	-1.190890e-06	-2.551511e-08	4.061347e-07	12353
302168	-1.190949e-06	-2.548344e-08	4.059639e-07	12353
293912	-1.191008e-06	-2.545177e-08	4.057931e-07	12353
285656	-1.191067e-06	-2.542010e-08	4.056223e-07	12353
277400	-1.191125e-06	-2.538842e-08	4.054515e-07	12353
269144	-1.191184e-06	-2.535674e-08	4.052807e-07	12353
260888	-1.191243e-06	-2.532506e-08	4.051099e-07	12353
252632	-1.191302e-06	-2.529338e-08	4.049391e-07	12353
244376	-1.191360e-06	-2.526170e-08	4.047683e-07	12353
236120	-1.191419e-06	-2.523002e-08	4.045974e-07	12353
227864	-1.191478e-06	-2.519833e-08	4.044266e-07	12353
219608	-1.191537e-06	-2.516665e-08	4.042557e-07	12353
211352	-1.191595e-06	-2.513496e-08	4.040849e-07	12353
203096	-1.191654e-06	-2.510327e-08	4.039140e-07	12353
194840	-1.191712e-06	-2.507158e-08	4.037431e-07	12353
186584	-1.191771e-06	-2.503988e-08	4.035722e-07	12353
178328	-1.191829e-06	-2.500819e-08	4.034013e-07	12353
170072	-1.191888e-06	-2.497649e-08	4.032304e-07	12353
161816	-1.191946e-06	-2.494479e-08	4.030595e-07	12353
153560	-1.192005e-06	-2.491309e-08	4.028886e-07	12353
145304	-1.192063e-06	-2.488139e-08	4.027177e-07	12353
137048	-1.192122e-06	-2.484969e-08	4.025467e-07	12353
128792	-1.192180e-06	-2.481799e-08	4.023758e-07	12353
120536	-1.192238e-06	-2.478628e-08	4.022048e-07	12353
112280	-1.192297e-06	-2.475457e-08	4.020339e-07	12353
104024	-1.192355e-06	-2.472286e-08	4.018629e-07	12353
95768	-1.192413e-06	-2.469115e-08	4.016919e-07	12353
87512	-1.192471e-06	-2.465944e-08	4.015209e-07	12353
79256	-1.192530e-06	-2.462773e-08	4.013499e-07	12353
71000	-1.192588e-06	-2.459601e-08	4.011789e-07	12353
62744	-1.192646e-06	-2.456430e-08	4.010079e-07	12353
54488	-1.192704e-06	-2.453258e-08	4.008369e-07	12353
46232	-1.192762e-06	-2.450086e-08	4.006658e-07	12353
37976	-1.192820e-06	-2.446914e-08	4.004948e-07	12353
29720	-1.192878e-06	-2.443741e-08	4.003238e-07	12353
21464	-1.192936e-06	-2.440569e-08	4.001527e-07	12353
13208	-1.192994e-06	-2.437396e-08	3.999816e-07	12353
4952	-1.193053e-06	-2.434223e-08	3.998106e-07	12353
1149671	-1.099381e-06	-2.199037e-08	3.967819e-07	4673
1141415	-1.099438e-06	-2.196113e-08	3.966243e-07	4673
1133159	-1.099496e-06	-2.193189e-08	3.964666e-07	4673
1124903	-1.099553e-06	-2.190266e-08	3.963089e-07	4673
1116647	-1.099610e-06	-2.187342e-08	3.961513e-07	4673
1108391	-1.099668e-06	-2.184417e-08	3.959936e-07	4673
1100135	-1.099725e-06	-2.181493e-08	3.958359e-07	4673
1091879	-1.099782e-06	-2.178568e-08	3.956782e-07	4673
1083623	-1.099840e-06	-2.175644e-08	3.955205e-07	4673
1075367	-1.099897e-06	-2.172719e-08	3.953628e-07	4673
1067111	-1.099954e-06	-2.169794e-08	3.952051e-07	4673
1058855	-1.100012e-06	-2.166869e-08	3.950474e-07	4673
1050599	-1.100069e-06	-2.163944e-08	3.948896e-07	4673
1042343	-1.100126e-06	-2.161018e-08	3.947318e-07	4673
1034087	-1.100183e-06	-2.158093e-08	3.945741e-07	4673
1025831	-1.100240e-06	-2.155167e-08	3.944163e-07	4673
1017575	-1.100297e-06	-2.152241e-08	3.942586e-07	4673
1009319	-1.100354e-06	-2.149315e-08	3.941008e-07	4673
1001063	-1.100412e-06	-2.146389e-08	3.939430e-07	4673
992807	-1.100469e-06	-2.143463e-08	3.937852e-07	4673
984551	-1.100526e-06	-2.140536e-08	3.936274e-07	4673
976295	-1.100583e-06	-2.137610e-08	3.934696e-07	4673
968039	-1.100640e-06	-2.134683e-08	3.933118e-07	4673
959783	-1.100697e-06	-2.131756e-08	3.931539e-07	4673
951527	-1.100753e-06	-2.128829e-08	3.929961e-07	4673
943271	-1.100810e-06	-2.125902e-08	3.928382e-07	4673
935015	-1.100867e-06	-2.122974e-08	3.926804e-07	4673
926759	-1.100924e-06	-2.120047e-08	3.925225e-07	4673
918503	-1.100981e-06	-2.117119e-08	3.923647e-07	4673
910247	-1.101038e-06	-2.114191e-08	3.922068e-07	4673
901991	-1.101095e-06	-2.111263e-08	3.920489e-07	4673
893735	-1.101151e-06	-2.108335e-08	3.918910e-07	4673
885479	-1.101208e-06	-2.105407e-08	3.917331e-07	4673
877223	-1.101265e-06	-2.102478e-08	3.915752e-07	4673
868967	-1.101321e-06	-2.099550e-08	3.914173e-07	4673
860711	-1.101378e-06	-2.096621e-08	3.912594e-07	4673
852455	-1.101435e-06	-2.093692e-08	3.911014e-07	4673
844199	-1.101491e-06	-2.090763e-08	3.909435e-07	4673
835943	-1.101548e-06	-2.087834e-08	3.907855e-07	4673
827687	-1.101605e-06	-2.084904e-08	3.906276e-07	4673
819431	-1.101661e-06	-2.081975e-08	3.904696e-07	4673
811175	-1.101718e-06	-2.079045e-08	3.903116e-07	4673
802919	-1.101774e-06	-2.076115e-08	3.901536e-07	4673
794663	-1.101831e-06	-2.073185e-08	3.899957e-07	4673
786407	-1.101887e-06	-2.070255e-08	3.898377e-07	4673
778151	-1.101944e-06	-2.067325e-08	3.896797e-07	4673
769895	-1.102000e-06	-2.064394e-08	3.895216e-07	4673
761639	-1.102056e-06	-2.061464e-08	3.893636e-07	4673
753383	-1.102113e-06	-2.058533e-08	3.892056e-07	4673
745127	-1.102169e-06	-2.055602e-08	3.890476e-07	4673
736871	-1.102225e-06	-2.052671e-08	3.888895e-07	4673
728615	-1.102282e-06	-2.049740e-08	3.887315e-07	4673
720359	-1.102338e-06	-2.046808e-08	3.885734e-07	4673
712103	-1.102394e-06	-2.043877e-08	3.884153e-07	4673
703847	-1.102450e-06	-2.040945e-08	3.882572e-07	4673
695591	-1.102507e-06	-2.038013e-08	3.880992e-07	4673
687335	-1.102563e-06	-2.035081e-08	3.879410e-07	4673
679079	-1.102619e-06	-2.032149e-08	3.877829e-07	4673
670823	-1.102675e-06	-2.029217e-08	3.876248e-07	4673
662567	-1.102731e-06	-2.026285e-08	3.874667e-07	4673
654311	-1.102787e-06	-2.023352e-08	3.873086e-07	4673
646055	-1.102843e-06	-2.020419e-08	3.871504e-07	4673
637799	-1.102899e-06	-2.017487e-08	3.869923e-07	4673
629543	-1.102955e-06	-2.014554e-08	3.868342e-07	4673
621287	-1.103011e-06	-2.011620e-08	3.866760e-07	4673
613031	-1.103067e-06	-2.008687e-08	3.865178e-07	4673
604775	-1.103123e-06	-2.005754e-08	3.863597e-07	4673
596519	-1.103179e-06	-2.002820e-08	3.862015e-07	4673
588263	-1.103235e-06	-1.999886e-08	3.860433e-07	4673
580007	-1.103291e-06	-1.996952e-08	3.858851e-07	4673
571751	-1.103347e-06	-1.994018e-08	3.857268e-07	4673
563495	-1.103403e-06	-1.991084e-08	3.855687e-07	4673
555239	-1.103459e-06	-1.988150e-08	3.854104e-07	4673
546983	-1.103514e-06	-1.985215e-08	3.852522e-07	4673
538727	-1.103570e-06	-1.982280e-08	3.850940e-07	4673
530471	-1.103626e-06	-1.979346e-08	3.849357e-07	4673
522215	-1.103681e-06	-1.976411e-08	3.847775e-07	4673
513959	-1.103737e-06	-1.973476e-08	3.846192e-07	4673
505703	-1.103793e-06	-1.970540e-08	3.844609e-07	4673
497447	-1.103848e-06	-1.967605e-08	3.843026e-07	4673
489191	-1.103904e-06	-1.964669e-08	3.841443e-07	4673
480935	-1.103960e-06	-1.961734e-08	3.839860e-07	4673
472679	-1.104015e-06	-1.958798e-08	3.838277e-07	4673
464423	-1.104071e-06	-1.955862e-08	3.836694e-07	4673
456167	-1.104126e-06	-1.952926e-08	3.835111e-07	4673
447911	-1.104182e-06	-1.949989e-08	3.833528e-07	4673
439655	-1.104237e-06	-1.947053e-08	3.831944e-07	4673
431399	-1.104293e-06	-1.944116e-08	3.830361e-07	4673
423143	-1.104348e-06	-1.941180e-08	3.828777e-07	4673
414887	-1.104404e-06	-1.938243e-08	3.827194e-07	4673
406631	-1.104459e-06	-1.935306e-08	3.825610e-07	4673
398375	-1.104514e-06	-1.932368e-08	3.824026e-07	4673
390119	-1.104570e-06	-1.929431e-08	3.822443e-07	4673
381863	-1.104625e-06	-1.926494e-08	3.820859e-07	4673
373607	-1.104680e-06	-1.923556e-08	3.819275e-07	4673
365351	-1.104736e-06	-1.920618e-08	3.817691e-07	4673
357095	-1.104791e-06	-1.917680e-08	3.816106e-07	4673
348839	-1.104846e-06	-1.914742e-08	3.814522e-07	4673
340583	-1.104901e-06	-1.911804e-08	3.812938e-07	4673
332327	-1.104956e-06	-1.908865e-08	3.811354e-07	4673
324071	-1.105012e-06	-1.905927e-08	3.809769e-07	4673
315815	-1.105067e-06	-1.902988e-08	3.808184e-07	4673
307559	-1.105122e-06	-1.900049e-08	3.806600e-07	4673
299303	-1.105177e-06	-1.897111e-08	3.805015e-07	4673
291047	-1.105232e-06	-1.894171e-08	3.803430e-07	4673
282791	-1.105287e-06	-1.891232e-08	3.801846e-07	4673
274535	-1.105342e-06	-1.888293e-08	3.800261e-07	4673
266279	-1.105397e-06	-1.885353e-08	3.798676e-07	4673
258023	-1.105452e-06	-1.882413e-08	3.797091e-07	4673
249767	-1.105507e-06	-1.879473e-08	3.795505e-07	4673
241511	-1.105562e-06	-1.876533e-08	3.793920e-07	4673
233255	-1.105617e-06	-1.873593e-08	3.792335e-07	4673
224999	-1.105671e-06	-1.870653e-08	3.790749e-07	4673
216743	-1.105726e-06	-1.867713e-08	3.789164e-07	4673
208487	-1.105781e-06	-1.864772e-08	3.787578e-07	4673
200231	-1.105836e-06	-1.861831e-08	3.785993e-07	4673
191975	-1.105891e-06	-1.858890e-08	3.784407e-07	4673
183719	-1.105945e-06	-1.855949e-08	3.782821e-07	4673
175463	-1.106000e-06	-1.853008e-08	3.781235e-07	4673
167207	-1.106055e-06	-1.850067e-08	3.779649e-07	4673
158951	-1.106110e-06	-1.847125e-08	3.778063e-07	4673
150695	-1.106164e-06	-1.844184e-08	3.776477e-07	4673
142439	-1.106219e-06	-1.841242e-08	3.774891e-07	4673
134183	-1.106273e-06	-1.838300e-08	3.773305e-07	4673
125927	-1.106328e-06	-1.835358e-08	3.771718e-07	4673
117671	-1.106383e-06	-1.832416e-08	3.770132e-07	4673
109415	-1.106437e-06	-1.829473e-08	3.768545e-07	4673
101159	-1.106492e-06	-1.826531e-08	3.766959e-07	4673
92903	-1.106546e-06	-1.823588e-08	3.765372e-07	4673
84647	-1.106601e-06	-1.820645e-08	3.763785e-07	4673
76391	-1.106655e-06	-1.817702e-08	3.762198e-07	4673
68135	-1.106710e-06	-1.814759e-08	3.760612e-07	4673
59879	-1.106764e-06	-1.811816e-08	3.759025e-07	4673
51623	-1.106818e-06	-1.808873e-08	3.757438e-07	4673
43367	-1.106873e-06	-1.805929e-08	3.755850e-07	4673
35111	-1.106927e-06	-1.802985e-08	3.754263e-07	4673
26855	-1.106981e-06	-1.800042e-08	3.752676e-07	4673
18599	-1.107035e-06	-1.797098e-08	3.751088e-07	4673
10343	-1.107090e-06	-1.794153e-08	3.749501e-07	4673
2087	-1.107144e-06	-1.791209e-08	3.747913e-07	4673
1152035	-1.332615e-06	-1.605306e-08	4.883240e-07	10817
1143779	-1.332686e-06	-1.601762e-08	4.881329e-07	10817
1135523	-1.332756e-06	-1.598218e-08	4.879418e-07	10817
1127267	-1.332827e-06	-1.594674e-08	4.877507e-07	10817
1119011	-1.332897e-06	-1.591130e-08	4.875596e-07	10817
1110755	-1.332967e-06	-1.587585e-08	4.873685e-07	10817
1102499	-1.333037e-06	-1.584040e-08	4.871773e-07	10817
1094243	-1.333108e-06	-1.580496e-08	4.869862e-07	10817
1085987	-1.333178e-06	-1.576950e-08	4.867950e-07	10817
1077731	-1.333248e-06	-1.573405e-08	4.866038e-07	10817
1069475	-1.333318e-06	-1.569860e-08	4.864127e-07	10817
1061219	-1.333388e-06	-1.566314e-08	4.862214e-07	10817
1052963	-1.333459e-06	-1.562768e-08	4.860302e-07	10817
1044707	-1.333529e-06	-1.559222e-08	4.858391e-07	10817
1036451	-1.333599e-06	-1.555676e-08	4.856478e-07	10817
1028195	-1.333669e-06	-1.552130e-08	4.854566e-07	10817
1019939	-1.333739e-06	-1.548583e-08	4.852653e-07	10817
1011683	-1.333809e-06	-1.545037e-08	4.850741e-07	10817
1003427	-1.333879e-06	-1.541490e-08	4.848828e-07	10817
995171	-1.333949e-06	-1.537943e-08	4.846916e-07	10817
986915	-1.334019e-06	-1.534395e-08	4.845003e-07	10817
978659	-1.334088e-06	-1.530848e-08	4.843089e-07	10817
970403	-1.334158e-06	-1.527300e-08	4.841177e-07	10817
962147	-1.334228e-06	-1.523752e-08	4.839263e-07	10817
953891	-1.334298e-06	-1.520204e-08	4.837351e-07	10817
945635	-1.334368e-06	-1.516656e-08	4.835437e-07	10817
937379	-1.334437e-06	-1.513108e-08	4.833523e-07	10817
1152121	-1.280029e-06	-1.511873e-08	4.699155e-07	11073
929123	-1.334507e-06	-1.509559e-08	4.831610e-07	10817
1143865	-1.280097e-06	-1.508469e-08	4.697320e-07	11073
920867	-1.334577e-06	-1.506010e-08	4.829697e-07	10817
1135609	-1.280164e-06	-1.505065e-08	4.695484e-07	11073
912611	-1.334646e-06	-1.502461e-08	4.827783e-07	10817
1127353	-1.280232e-06	-1.501661e-08	4.693649e-07	11073
904355	-1.334716e-06	-1.498912e-08	4.825869e-07	10817
1119097	-1.280300e-06	-1.498257e-08	4.691813e-07	11073
896099	-1.334786e-06	-1.495362e-08	4.823955e-07	10817
1110841	-1.280367e-06	-1.494852e-08	4.689977e-07	11073
887843	-1.334855e-06	-1.491813e-08	4.822041e-07	10817
1102585	-1.280435e-06	-1.491447e-08	4.688141e-07	11073
879587	-1.334925e-06	-1.488263e-08	4.820127e-07	10817
1094329	-1.280503e-06	-1.488042e-08	4.686305e-07	11073
871331	-1.334994e-06	-1.484713e-08	4.818212e-07	10817
1086073	-1.280570e-06	-1.484637e-08	4.684469e-07	11073
1077817	-1.280638e-06	-1.481232e-08	4.682632e-07	11073
863075	-1.335064e-06	-1.481163e-08	4.816298e-07	10817
1069561	-1.280705e-06	-1.477826e-08	4.680796e-07	11073
854819	-1.335133e-06	-1.477613e-08	4.814383e-07	10817
1061305	-1.280773e-06	-1.474420e-08	4.678959e-07	11073
846563	-1.335202e-06	-1.474062e-08	4.812469e-07	10817
1053049	-1.280840e-06	-1.471015e-08	4.677123e-07	11073
838307	-1.335272e-06	-1.470512e-08	4.810555e-07	10817
1044793	-1.280908e-06	-1.467609e-08	4.675286e-07	11073
830051	-1.335341e-06	-1.466961e-08	4.808640e-07	10817
1036537	-1.280975e-06	-1.464202e-08	4.673449e-07	11073
821795	-1.335411e-06	-1.463410e-08	4.806725e-07	10817
1028281	-1.281043e-06	-1.460796e-08	4.671613e-07	11073
813539	-1.335480e-06	-1.459858e-08	4.804810e-07	10817
1020025	-1.281110e-06	-1.457389e-08	4.669776e-07	11073
805283	-1.335549e-06	-1.456307e-08	4.802895e-07	10817
1011769	-1.281177e-06	-1.453982e-08	4.667939e-07	11073
797027	-1.335618e-06	-1.452755e-08	4.800980e-07	10817
1003513	-1.281245e-06	-1.450575e-08	4.666101e-07	11073
788771	-1.335688e-06	-1.449204e-08	4.799065e-07	10817
995257	-1.281312e-06	-1.447168e-08	4.664264e-07	11073
780515	-1.335757e-06	-1.445652e-08	4.797149e-07	10817
987001	-1.281379e-06	-1.443761e-08	4.662427e-07	11073
772259	-1.335826e-06	-1.442100e-08	4.795234e-07	10817
978745	-1.281446e-06	-1.440354e-08	4.660589e-07	11073
764003	-1.335895e-06	-1.438547e-08	4.793318e-07	10817
970489	-1.281514e-06	-1.436946e-08	4.658752e-07	11073
755747	-1.335964e-06	-1.434995e-08	4.791403e-07	10817
962233	-1.281581e-06	-1.433538e-08	4.656914e-07	11073
747491	-1.336033e-06	-1.431442e-08	4.789487e-07	10817
953977	-1.281648e-06	-1.430130e-08	4.655076e-07	11073
739235	-1.336102e-06	-1.427889e-08	4.787571e-07	10817
945721	-1.281715e-06	-1.426722e-08	4.653239e-07	11073
730979	-1.336171e-06	-1.424336e-08	4.785655e-07	10817
937465	-1.281782e-06	-1.423313e-08	4.651401e-07	11073
722723	-1.336240e-06	-1.420783e-08	4.783739e-07	10817
929209	-1.281849e-06	-1.419905e-08	4.649563e-07	11073
714467	-1.336309e-06	-1.417229e-08	4.781823e-07	10817
920953	-1.281916e-06	-1.416496e-08	4.647725e-07	11073
706211	-1.336378e-06	-1.413675e-08	4.779907e-07	10817
912697	-1.281983e-06	-1.413087e-08	4.645886e-07	11073
697955	-1.336447e-06	-1.410122e-08	4.777991e-07	10817
904441	-1.282050e-06	-1.409678e-08	4.644048e-07	11073
689699	-1.336516e-06	-1.406568e-08	4.776074e-07	10817
896185	-1.282117e-06	-1.406269e-08	4.642210e-07	11073
681443	-1.336585e-06	-1.403013e-08	4.774158e-07	10817
887929	-1.282184e-06	-1.402859e-08	4.640371e-07	11073
673187	-1.336654e-06	-1.399459e-08	4.772241e-07	10817
879673	-1.282251e-06	-1.399449e-08	4.638532e-07	11073
871417	-1.282318e-06	-1.396039e-08	4.636694e-07	11073
664931	-1.336722e-06	-1.395904e-08	4.770325e-07	10817
863161	-1.282385e-06	-1.392629e-08	4.634855e-07	11073
656675	-1.336791e-06	-1.392350e-08	4.768407e-07	10817
854905	-1.282451e-06	-1.389219e-08	4.633016e-07	11073
648419	-1.336860e-06	-1.388795e-08	4.766491e-07	10817
846649	-1.282518e-06	-1.385809e-08	4.631177e-07	11073
640163	-1.336929e-06	-1.385240e-08	4.764574e-07	10817
838393	-1.282585e-06	-1.382398e-08	4.629338e-07	11073
631907	-1.336997e-06	-1.381684e-08	4.762657e-07	10817
830137	-1.282652e-06	-1.378988e-08	4.627499e-07	11073
623651	-1.337066e-06	-1.378129e-08	4.760740e-07	10817
821881	-1.282718e-06	-1.375577e-08	4.625660e-07	11073
615395	-1.337134e-06	-1.374573e-08	4.758822e-07	10817
813625	-1.282785e-06	-1.372165e-08	4.623820e-07	11073
607139	-1.337203e-06	-1.371017e-08	4.756905e-07	10817
805369	-1.282852e-06	-1.368754e-08	4.621981e-07	11073
598883	-1.337272e-06	-1.367461e-08	4.754987e-07	10817
797113	-1.282918e-06	-1.365343e-08	4.620141e-07	11073
590627	-1.337340e-06	-1.363905e-08	4.753070e-07	10817
788857	-1.282985e-06	-1.361931e-08	4.618302e-07	11073
582371	-1.337409e-06	-1.360349e-08	4.751152e-07	10817
780601	-1.283052e-06	-1.358519e-08	4.616462e-07	11073
574115	-1.337477e-06	-1.356792e-08	4.749234e-07	10817
772345	-1.283118e-06	-1.355107e-08	4.614622e-07	11073
565859	-1.337546e-06	-1.353235e-08	4.747316e-07	10817
764089	-1.283185e-06	-1.351695e-08	4.612782e-07	11073
557603	-1.337614e-06	-1.349678e-08	4.745398e-07	10817
755833	-1.283251e-06	-1.348283e-08	4.610942e-07	11073
549347	-1.337682e-06	-1.346121e-08	4.743480e-07	10817
747577	-1.283318e-06	-1.344870e-08	4.609102e-07	11073
541091	-1.337751e-06	-1.342564e-08	4.741562e-07	10817
739321	-1.283384e-06	-1.341458e-08	4.607262e-07	11073
532835	-1.337819e-06	-1.339006e-08	4.739644e-07	10817
731065	-1.283451e-06	-1.338045e-08	4.605421e-07	11073
524579	-1.337887e-06	-1.335448e-08	4.737725e-07	10817
722809	-1.283517e-06	-1.334632e-08	4.603581e-07	11073
516323	-1.337956e-06	-1.331891e-08	4.735807e-07	10817
714553	-1.283583e-06	-1.331218e-08	4.601740e-07	11073
508067	-1.338024e-06	-1.328332e-08	4.733888e-07	10817
706297	-1.283650e-06	-1.327805e-08	4.599900e-07	11073
499811	-1.338092e-06	-1.324774e-08	4.731970e-07	10817
698041	-1.283716e-06	-1.324391e-08	4.598059e-07	11073
491555	-1.338160e-06	-1.321216e-08	4.730051e-07	10817
689785	-1.283782e-06	-1.320977e-08	4.596218e-07	11073
483299	-1.338228e-06	-1.317657e-08	4.728132e-07	10817
681529	-1.283848e-06	-1.317563e-08	4.594377e-07	11073
673273	-1.283915e-06	-1.314149e-08	4.592536e-07	11073
475043	-1.338297e-06	-1.314098e-08	4.726213e-07	10817
665017	-1.283981e-06	-1.310735e-08	4.590695e-07	11073
466787	-1.338365e-06	-1.310539e-08	4.724294e-07	10817
656761	-1.284047e-06	-1.307321e-08	4.588854e-07	11073
458531	-1.338433e-06	-1.306980e-08	4.722375e-07	10817
648505	-1.284113e-06	-1.303906e-08	4.587013e-07	11073
450275	-1.338501e-06	-1.303421e-08	4.720455e-07	10817
640249	-1.284179e-06	-1.300491e-08	4.585171e-07	11073
442019	-1.338569e-06	-1.299861e-08	4.718536e-07	10817
631993	-1.284245e-06	-1.297076e-08	4.583330e-07	11073
433763	-1.338637e-06	-1.296302e-08	4.716617e-07	10817
623737	-1.284311e-06	-1.293661e-08	4.581488e-07	11073
425507	-1.338705e-06	-1.292742e-08	4.714697e-07	10817
615481	-1.284377e-06	-1.290245e-08	4.579647e-07	11073
417251	-1.338773e-06	-1.289182e-08	4.712778e-07	10817
607225	-1.284443e-06	-1.286830e-08	4.577805e-07	11073
408995	-1.338841e-06	-1.285621e-08	4.710858e-07	10817
598969	-1.284509e-06	-1.283414e-08	4.575963e-07	11073
400739	-1.338909e-06	-1.282061e-08	4.708938e-07	10817
590713	-1.284575e-06	-1.279998e-08	4.574121e-07	11073
392483	-1.338976e-06	-1.278500e-08	4.707018e-07	10817
582457	-1.284641e-06	-1.276582e-08	4.572279e-07	11073
384227	-1.339044e-06	-1.274939e-08	4.705098e-07	10817
574201	-1.284707e-06	-1.273166e-08	4.570437e-07	11073
375971	-1.339112e-06	-1.271378e-08	4.703178e-07	10817
565945	-1.284773e-06	-1.269749e-08	4.568595e-07	11073
367715	-1.339180e-06	-1.267817e-08	4.701258e-07	10817
557689	-1.284839e-06	-1.266333e-08	4.566753e-07	11073
359459	-1.339248e-06	-1.264256e-08	4.699337e-07	10817
549433	-1.284905e-06	-1.262916e-08	4.564910e-07	11073
351203	-1.339315e-06	-1.260694e-08	4.697417e-07	10817
541177	-1.284970e-06	-1.259499e-08	4.563068e-07	11073
342947	-1.339383e-06	-1.257133e-08	4.695496e-07	10817
532921	-1.285036e-06	-1.256082e-08	4.561225e-07	11073
334691	-1.339451e-06	-1.253571e-08	4.693576e-07	10817
524665	-1.285102e-06	-1.252664e-08	4.559382e-07	11073
326435	-1.339518e-06	-1.250009e-08	4.691655e-07	10817
516409	-1.285168e-06	-1.249247e-08	4.557540e-07	11073
318179	-1.339586e-06	-1.246446e-08	4.689734e-07	10817
508153	-1.285233e-06	-1.245829e-08	4.555697e-07	11073
309923	-1.339653e-06	-1.242884e-08	4.687813e-07	10817
499897	-1.285299e-06	-1.242411e-08	4.553854e-07	11073
301667	-1.339721e-06	-1.239321e-08	4.685892e-07	10817
491641	-1.285364e-06	-1.238993e-08	4.552011e-07	11073
293411	-1.339788e-06	-1.235758e-08	4.683971e-07	10817
483385	-1.285430e-06	-1.235575e-08	4.550168e-07	11073
285155	-1.339856e-06	-1.232196e-08	4.682050e-07	10817
475129	-1.285496e-06	-1.232157e-08	4.548324e-07	11073
466873	-1.285561e-06	-1.228738e-08	4.546481e-07	11073
1152455	-1.219059e-06	-1.228643e-08	4.496404e-07	12097
276899	-1.339923e-06	-1.228632e-08	4.680129e-07	10817
1144199	-1.219123e-06	-1.225401e-08	4.494656e-07	12097
458617	-1.285627e-06	-1.225319e-08	4.544638e-07	11073
268643	-1.339991e-06	-1.225069e-08	4.678207e-07	10817
1135943	-1.219188e-06	-1.222159e-08	4.492908e-07	12097
450361	-1.285692e-06	-1.221901e-08	4.542794e-07	11073
260387	-1.340058e-06	-1.221505e-08	4.676286e-07	10817
1127687	-1.219253e-06	-1.218917e-08	4.491160e-07	12097
442105	-1.285758e-06	-1.218481e-08	4.540950e-07	11073
252131	-1.340125e-06	-1.217942e-08	4.674364e-07	10817
1119431	-1.219318e-06	-1.215675e-08	4.489411e-07	12097
433849	-1.285823e-06	-1.215062e-08	4.539107e-07	11073
243875	-1.340193e-06	-1.214378e-08	4.672443e-07	10817
1111175	-1.219382e-06	-1.212432e-08	4.487663e-07	12097
425593	-1.285888e-06	-1.211643e-08	4.537263e-07	11073
235619	-1.340260e-06	-1.210814e-08	4.670521e-07	10817
1102919	-1.219447e-06	-1.209190e-08	4.485914e-07	12097
417337	-1.285954e-06	-1.208223e-08	4.535419e-07	11073
227363	-1.340327e-06	-1.207249e-08	4.668599e-07	10817
1094663	-1.219512e-06	-1.205947e-08	4.484166e-07	12097
409081	-1.286019e-06	-1.204803e-08	4.533575e-07	11073
219107	-1.340395e-06	-1.203685e-08	4.666677e-07	10817
1086407	-1.219576e-06	-1.202704e-08	4.482417e-07	12097
400825	-1.286084e-06	-1.201383e-08	4.531731e-07	11073
210851	-1.340462e-06	-1.200120e-08	4.664755e-07	10817
1078151	-1.219641e-06	-1.199461e-08	4.480668e-07	12097
392569	-1.286150e-06	-1.197963e-08	4.529886e-07	11073
202595	-1.340529e-06	-1.196556e-08	4.662833e-07	10817
1069895	-1.219705e-06	-1.196217e-08	4.478919e-07	12097
384313	-1.286215e-06	-1.194543e-08	4.528042e-07	11073
194339	-1.340596e-06	-1.192991e-08	4.660911e-07	10817
1061639	-1.219770e-06	-1.192974e-08	4.477170e-07	12097
376057	-1.286280e-06	-1.191122e-08	4.526198e-07	11073
1053383	-1.219834e-06	-1.189730e-08	4.475421e-07	12097
186083	-1.340663e-06	-1.189425e-08	4.658988e-07	10817
367801	-1.286345e-06	-1.187702e-08	4.524353e-07	11073
1045127	-1.219899e-06	-1.186486e-08	4.473672e-07	12097
177827	-1.340730e-06	-1.185860e-08	4.657066e-07	10817
359545	-1.286411e-06	-1.184281e-08	4.522509e-07	11073
1036871	-1.219963e-06	-1.183242e-08	4.471923e-07	12097
169571	-1.340798e-06	-1.182295e-08	4.655143e-07	10817
351289	-1.286476e-06	-1.180860e-08	4.520664e-07	11073
1028615	-1.220028e-06	-1.179998e-08	4.470173e-07	12097
161315	-1.340865e-06	-1.178729e-08	4.653220e-07	10817
343033	-1.286541e-06	-1.177439e-08	4.518819e-07	11073
1020359	-1.220092e-06	-1.176754e-08	4.468424e-07	12097
153059	-1.340932e-06	-1.175163e-08	4.651298e-07	10817
334777	-1.286606e-06	-1.174017e-08	4.516975e-07	11073
1012103	-1.220157e-06	-1.173509e-08	4.466674e-07	12097
144803	-1.340999e-06	-1.171597e-08	4.649375e-07	10817
326521	-1.286671e-06	-1.170596e-08	4.515130e-07	11073
1003847	-1.220221e-06	-1.170265e-08	4.464925e-07	12097
136547	-1.341066e-06	-1.168031e-08	4.647452e-07	10817
318265	-1.286736e-06	-1.167174e-08	4.513285e-07	11073
995591	-1.220285e-06	-1.167020e-08	4.463175e-07	12097
128291	-1.341133e-06	-1.164464e-08	4.645529e-07	10817
987335	-1.220350e-06	-1.163775e-08	4.461425e-07	12097
310009	-1.286801e-06	-1.163752e-08	4.511440e-07	11073
120035	-1.341199e-06	-1.160898e-08	4.643606e-07	10817
979079	-1.220414e-06	-1.160530e-08	4.459675e-07	12097
301753	-1.286866e-06	-1.160330e-08	4.509594e-07	11073
111779	-1.341266e-06	-1.157331e-08	4.641682e-07	10817
970823	-1.220478e-06	-1.157284e-08	4.457925e-07	12097
293497	-1.286931e-06	-1.156908e-08	4.507749e-07	11073
962567	-1.220542e-06	-1.154039e-08	4.456175e-07	12097
103523	-1.341333e-06	-1.153764e-08	4.639759e-07	10817
285241	-1.286996e-06	-1.153485e-08	4.505904e-07	11073
954311	-1.220606e-06	-1.150793e-08	4.454425e-07	12097
95267	-1.341400e-06	-1.150197e-08	4.637836e-07	10817
276985	-1.287061e-06	-1.150063e-08	4.504058e-07	11073
946055	-1.220671e-06	-1.147547e-08	4.452674e-07	12097
268729	-1.287126e-06	-1.146640e-08	4.502213e-07	11073
87011	-1.341467e-06	-1.146629e-08	4.635912e-07	10817
937799	-1.220735e-06	-1.144301e-08	4.450924e-07	12097
260473	-1.287191e-06	-1.143217e-08	4.500367e-07	11073
78755	-1.341534e-06	-1.143062e-08	4.633989e-07	10817
929543	-1.220799e-06	-1.141055e-08	4.449173e-07	12097
252217	-1.287255e-06	-1.139794e-08	4.498521e-07	11073
70499	-1.341600e-06	-1.139494e-08	4.632065e-07	10817
921287	-1.220863e-06	-1.137809e-08	4.447423e-07	12097
243961	-1.287320e-06	-1.136371e-08	4.496675e-07	11073
62243	-1.341667e-06	-1.135926e-08	4.630141e-07	10817
913031	-1.220927e-06	-1.134562e-08	4.445672e-07	12097
235705	-1.287385e-06	-1.132947e-08	4.494829e-07	11073
53987	-1.341734e-06	-1.132358e-08	4.628217e-07	10817
904775	-1.220991e-06	-1.131315e-08	4.443922e-07	12097
227449	-1.287450e-06	-1.129523e-08	4.492983e-07	11073
45731	-1.341800e-06	-1.128790e-08	4.626293e-07	10817
896519	-1.221055e-06	-1.128068e-08	4.442171e-07	12097
219193	-1.287514e-06	-1.126100e-08	4.491137e-07	11073
37475	-1.341867e-06	-1.125222e-08	4.624369e-07	10817
888263	-1.221119e-06	-1.124821e-08	4.440420e-07	12097
210937	-1.287579e-06	-1.122676e-08	4.489291e-07	11073
29219	-1.341934e-06	-1.121653e-08	4.622445e-07	10817
880007	-1.221183e-06	-1.121574e-08	4.438669e-07	12097
202681	-1.287644e-06	-1.119252e-08	4.487444e-07	11073
871751	-1.221247e-06	-1.118326e-08	4.436918e-07	12097
20963	-1.342000e-06	-1.118084e-08	4.620521e-07	10817
194425	-1.287708e-06	-1.115827e-08	4.485598e-07	11073
863495	-1.221311e-06	-1.115079e-08	4.435166e-07	12097
12707	-1.342067e-06	-1.114515e-08	4.618596e-07	10817
186169	-1.287773e-06	-1.112403e-08	4.483751e-07	11073
855239	-1.221375e-06	-1.111831e-08	4.433415e-07	12097
4451	-1.342133e-06	-1.110946e-08	4.616672e-07	10817
177913	-1.287838e-06	-1.108978e-08	4.481905e-07	11073
846983	-1.221439e-06	-1.108583e-08	4.431664e-07	12097
169657	-1.287902e-06	-1.105553e-08	4.480058e-07	11073
838727	-1.221502e-06	-1.105335e-08	4.429912e-07	12097
161401	-1.287967e-06	-1.102128e-08	4.478211e-07	11073
830471	-1.221566e-06	-1.102087e-08	4.428161e-07	12097
822215	-1.221630e-06	-1.098838e-08	4.426409e-07	12097
153145	-1.288031e-06	-1.098703e-08	4.476364e-07	11073
813959	-1.221694e-06	-1.095590e-08	4.424657e-07	12097
144889	-1.288096e-06	-1.095278e-08	4.474518e-07	11073
805703	-1.221757e-06	-1.092341e-08	4.422905e-07	12097
136633	-1.288160e-06	-1.091852e-08	4.472670e-07	11073
797447	-1.221821e-06	-1.089092e-08	4.421153e-07	12097
128377	-1.288224e-06	-1.088426e-08	4.470823e-07	11073
789191	-1.221885e-06	-1.085843e-08	4.419401e-07	12097
120121	-1.288289e-06	-1.085000e-08	4.468976e-07	11073
780935	-1.221948e-06	-1.082593e-08	4.417649e-07	12097
111865	-1.288353e-06	-1.081574e-08	4.467129e-07	11073
772679	-1.222012e-06	-1.079344e-08	4.415897e-07	12097
103609	-1.288417e-06	-1.078148e-08	4.465281e-07	11073
764423	-1.222076e-06	-1.076094e-08	4.414144e-07	12097
95353	-1.288482e-06	-1.074722e-08	4.463434e-07	11073
756167	-1.222139e-06	-1.072844e-08	4.412392e-07	12097
87097	-1.288546e-06	-1.071295e-08	4.461586e-07	11073
747911	-1.222203e-06	-1.069594e-08	4.410640e-07	12097
78841	-1.288610e-06	-1.067868e-08	4.459738e-07	11073
739655	-1.222266e-06	-1.066344e-08	4.408887e-07	12097
70585	-1.288675e-06	-1.064441e-08	4.457891e-07	11073
731399	-1.222330e-06	-1.063094e-08	4.407134e-07	12097
62329	-1.288739e-06	-1.061014e-08	4.456043e-07	11073
723143	-1.222393e-06	-1.059843e-08	4.405381e-07	12097
54073	-1.288803e-06	-1.057587e-08	4.454195e-07	11073
714887	-1.222457e-06	-1.056593e-08	4.403629e-07	12097
45817	-1.288867e-06	-1.054160e-08	4.452347e-07	11073
706631	-1.222520e-06	-1.053342e-08	4.401876e-07	12097
37561	-1.288931e-06	-1.050732e-08	4.450498e-07	11073
698375	-1.222583e-06	-1.050091e-08	4.400123e-07	12097
29305	-1.288995e-06	-1.047304e-08	4.448650e-07	11073
690119	-1.222647e-06	-1.046840e-08	4.398370e-07	12097
21049	-1.289059e-06	-1.043876e-08	4.446802e-07	11073
681863	-1.222710e-06	-1.043588e-08	4.396616e-07	12097
12793	-1.289123e-06	-1.040448e-08	4.444953e-07	11073
673607	-1.222774e-06	-1.040337e-08	4.394863e-07	12097
665351	-1.222837e-06	-1.037085e-08	4.393110e-07	12097
4537	-1.289187e-06	-1.037020e-08	4.443105e-07	11073
657095	-1.222900e-06	-1.033833e-08	4.391356e-07	12097
648839	-1.222963e-06	-1.030581e-08	4.389603e-07	12097
640583	-1.223027e-06	-1.027329e-08	4.387849e-07	12097
632327	-1.223090e-06	-1.024076e-08	4.386095e-07	12097
624071	-1.223153e-06	-1.020824e-08	4.384341e-07	12097
615815	-1.223216e-06	-1.017571e-08	4.382587e-07	12097
607559	-1.223279e-06	-1.014318e-08	4.380833e-07	12097
599303	-1.223342e-06	-1.011065e-08	4.379079e-07	12097
591047	-1.223405e-06	-1.007812e-08	4.377325e-07	12097
582791	-1.223468e-06	-1.004559e-08	4.375570e-07	12097
574535	-1.223531e-06	-1.001305e-08	4.373816e-07	12097
566279	-1.223594e-06	-9.980512e-09	4.372062e-07	12097
558023	-1.223657e-06	-9.947973e-09	4.370307e-07	12097
549767	-1.223720e-06	-9.915432e-09	4.368552e-07	12097
541511	-1.223783e-06	-9.882890e-09	4.366798e-07	12097
1153636	-1.141165e-06	-9.868958e-09	3.977856e-07	16198
533255	-1.223846e-06	-9.850345e-09	4.365043e-07	12097
1145380	-1.141222e-06	-9.838610e-09	3.976219e-07	16198
524999	-1.223909e-06	-9.817800e-09	4.363288e-07	12097
1137124	-1.141279e-06	-9.808260e-09	3.974583e-07	16198
516743	-1.223971e-06	-9.785252e-09	4.361533e-07	12097
1128868	-1.141337e-06	-9.777909e-09	3.972946e-07	16198
508487	-1.224034e-06	-9.752703e-09	4.359778e-07	12097
1120612	-1.141394e-06	-9.747557e-09	3.971309e-07	16198
500231	-1.224097e-06	-9.720152e-09	4.358023e-07	12097
1112356	-1.141451e-06	-9.717203e-09	3.969673e-07	16198
491975	-1.224160e-06	-9.687599e-09	4.356267e-07	12097
1104100	-1.141508e-06	-9.686847e-09	3.968036e-07	16198
1095844	-1.141565e-06	-9.656490e-09	3.966399e-07	16198
483719	-1.224222e-06	-9.655045e-09	4.354512e-07	12097
1087588	-1.141623e-06	-9.626131e-09	3.964762e-07	16198
475463	-1.224285e-06	-9.622489e-09	4.352756e-07	12097
1079332	-1.141680e-06	-9.595771e-09	3.963125e-07	16198
467207	-1.224348e-06	-9.589932e-09	4.351001e-07	12097
1071076	-1.141737e-06	-9.565409e-09	3.961488e-07	16198
458951	-1.224410e-06	-9.557372e-09	4.349245e-07	12097
1062820	-1.141794e-06	-9.535046e-09	3.959851e-07	16198
450695	-1.224473e-06	-9.524811e-09	4.347489e-07	12097
1054564	-1.141851e-06	-9.504681e-09	3.958214e-07	16198
442439	-1.224536e-06	-9.492248e-09	4.345733e-07	12097
1046308	-1.141908e-06	-9.474315e-09	3.956576e-07	16198
434183	-1.224598e-06	-9.459684e-09	4.343977e-07	12097
1038052	-1.141965e-06	-9.443947e-09	3.954939e-07	16198
425927	-1.224661e-06	-9.427118e-09	4.342222e-07	12097
1029796	-1.142022e-06	-9.413577e-09	3.953301e-07	16198
417671	-1.224723e-06	-9.394550e-09	4.340465e-07	12097
1021540	-1.142079e-06	-9.383206e-09	3.951664e-07	16198
409415	-1.224786e-06	-9.361981e-09	4.338709e-07	12097
1013284	-1.142136e-06	-9.352834e-09	3.950026e-07	16198
401159	-1.224848e-06	-9.329409e-09	4.336953e-07	12097
1005028	-1.142192e-06	-9.322460e-09	3.948388e-07	16198
392903	-1.224911e-06	-9.296836e-09	4.335197e-07	12097
996772	-1.142249e-06	-9.292084e-09	3.946750e-07	16198
384647	-1.224973e-06	-9.264262e-09	4.333440e-07	12097
988516	-1.142306e-06	-9.261707e-09	3.945112e-07	16198
376391	-1.225035e-06	-9.231686e-09	4.331684e-07	12097
980260	-1.142363e-06	-9.231329e-09	3.943474e-07	16198
972004	-1.142420e-06	-9.200948e-09	3.941836e-07	16198
368135	-1.225098e-06	-9.199108e-09	4.329927e-07	12097
963748	-1.142476e-06	-9.170567e-09	3.940198e-07	16198
359879	-1.225160e-06	-9.166529e-09	4.328170e-07	12097
955492	-1.142533e-06	-9.140184e-09	3.938560e-07	16198
351623	-1.225222e-06	-9.133947e-09	4.326413e-07	12097
947236	-1.142590e-06	-9.109799e-09	3.936921e-07	16198
343367	-1.225285e-06	-9.101364e-09	4.324656e-07	12097
938980	-1.142647e-06	-9.079413e-09	3.935283e-07	16198
335111	-1.225347e-06	-9.068780e-09	4.322899e-07	12097
930724	-1.142703e-06	-9.049026e-09	3.933644e-07	16198
326855	-1.225409e-06	-9.036194e-09	4.321142e-07	12097
922468	-1.142760e-06	-9.018636e-09	3.932006e-07	16198
318599	-1.225471e-06	-9.003606e-09	4.319385e-07	12097
914212	-1.142816e-06	-8.988245e-09	3.930367e-07	16198
310343	-1.225533e-06	-8.971016e-09	4.317628e-07	12097
905956	-1.142873e-06	-8.957853e-09	3.928729e-07	16198
302087	-1.225595e-06	-8.938425e-09	4.315870e-07	12097
897700	-1.142930e-06	-8.927459e-09	3.927090e-07	16198
293831	-1.225658e-06	-8.905833e-09	4.314113e-07	12097
889444	-1.142986e-06	-8.897064e-09	3.925451e-07	16198
285575	-1.225720e-06	-8.873237e-09	4.312355e-07	12097
881188	-1.143043e-06	-8.866667e-09	3.923812e-07	16198
277319	-1.225782e-06	-8.840641e-09	4.310598e-07	12097
872932	-1.143099e-06	-8.836269e-09	3.922173e-07	16198
269063	-1.225844e-06	-8.808043e-09	4.308840e-07	12097
864676	-1.143156e-06	-8.805869e-09	3.920534e-07	16198
856420	-1.143212e-06	-8.775467e-09	3.918894e-07	16198
260807	-1.225906e-06	-8.775443e-09	4.307082e-07	12097
848164	-1.143268e-06	-8.745064e-09	3.917255e-07	16198
252551	-1.225968e-06	-8.742843e-09	4.305325e-07	12097
839908	-1.143325e-06	-8.714660e-09	3.915616e-07	16198
244295	-1.226030e-06	-8.710240e-09	4.303566e-07	12097
831652	-1.143381e-06	-8.684253e-09	3.913976e-07	16198
236039	-1.226092e-06	-8.677635e-09	4.301808e-07	12097
823396	-1.143438e-06	-8.653847e-09	3.912337e-07	16198
227783	-1.226153e-06	-8.645029e-09	4.300050e-07	12097
815140	-1.143494e-06	-8.623437e-09	3.910697e-07	16198
219527	-1.226215e-06	-8.612421e-09	4.298292e-07	12097
806884	-1.143550e-06	-8.593027e-09	3.909057e-07	16198
211271	-1.226277e-06	-8.579812e-09	4.296534e-07	12097
798628	-1.143606e-06	-8.562615e-09	3.907417e-07	16198
203015	-1.226339e-06	-8.547200e-09	4.294775e-07	12097
790372	-1.143663e-06	-8.532202e-09	3.905778e-07	16198
194759	-1.226401e-06	-8.514587e-09	4.293017e-07	12097
782116	-1.143719e-06	-8.501786e-09	3.904138e-07	16198
186503	-1.226463e-06	-8.481973e-09	4.291258e-07	12097
773860	-1.143775e-06	-8.471369e-09	3.902498e-07	16198
178247	-1.226524e-06	-8.449357e-09	4.289499e-07	12097
765604	-1.143831e-06	-8.440952e-09	3.900857e-07	16198
169991	-1.226586e-06	-8.416739e-09	4.287741e-07	12097
757348	-1.143887e-06	-8.410532e-09	3.899217e-07	16198
161735	-1.226648e-06	-8.384119e-09	4.285982e-07	12097
749092	-1.143944e-06	-8.380111e-09	3.897577e-07	16198
153479	-1.226710e-06	-8.351498e-09	4.284223e-07	12097
740836	-1.144000e-06	-8.349688e-09	3.895937e-07	16198
732580	-1.144056e-06	-8.319264e-09	3.894296e-07	16198
145223	-1.226771e-06	-8.318875e-09	4.282464e-07	12097
724324	-1.144112e-06	-8.288839e-09	3.892656e-07	16198
136967	-1.226833e-06	-8.286251e-09	4.280705e-07	12097
716068	-1.144168e-06	-8.258412e-09	3.891015e-07	16198
128711	-1.226894e-06	-8.253625e-09	4.278945e-07	12097
707812	-1.144224e-06	-8.227983e-09	3.889374e-07	16198
120455	-1.226956e-06	-8.220997e-09	4.277186e-07	12097
699556	-1.144280e-06	-8.197553e-09	3.887733e-07	16198
112199	-1.227017e-06	-8.188367e-09	4.275427e-07	12097
691300	-1.144336e-06	-8.167121e-09	3.886093e-07	16198
103943	-1.227079e-06	-8.155737e-09	4.273667e-07	12097
683044	-1.144392e-06	-8.136688e-09	3.884452e-07	16198
95687	-1.227140e-06	-8.123104e-09	4.271908e-07	12097
674788	-1.144448e-06	-8.106253e-09	3.882811e-07	16198
87431	-1.227202e-06	-8.090470e-09	4.270148e-07	12097
666532	-1.144503e-06	-8.075817e-09	3.881170e-07	16198
79175	-1.227263e-06	-8.057834e-09	4.268388e-07	12097
658276	-1.144559e-06	-8.045379e-09	3.879529e-07	16198
70919	-1.227325e-06	-8.025196e-09	4.266628e-07	12097
650020	-1.144615e-06	-8.014941e-09	3.877887e-07	16198
62663	-1.227386e-06	-7.992556e-09	4.264868e-07	12097
641764	-1.144671e-06	-7.984500e-09	3.876246e-07	16198
54407	-1.227447e-06	-7.959915e-09	4.263108e-07	12097
633508	-1.144727e-06	-7.954058e-09	3.874605e-07	16198
46151	-1.227509e-06	-7.927273e-09	4.261348e-07	12097
625252	-1.144782e-06	-7.923614e-09	3.872963e-07	16198
37895	-1.227570e-06	-7.894628e-09	4.259588e-07	12097
616996	-1.144838e-06	-7.893169e-09	3.871322e-07	16198
608740	-1.144894e-06	-7.862722e-09	3.869680e-07	16198
29639	-1.227631e-06	-7.861982e-09	4.257828e-07	12097
600484	-1.144950e-06	-7.832274e-09	3.868038e-07	16198
21383	-1.227693e-06	-7.829335e-09	4.256067e-07	12097
592228	-1.145005e-06	-7.801824e-09	3.866396e-07	16198
13127	-1.227754e-06	-7.796686e-09	4.254307e-07	12097
583972	-1.145061e-06	-7.771373e-09	3.864754e-07	16198
4871	-1.227815e-06	-7.764035e-09	4.252547e-07	12097
575716	-1.145116e-06	-7.740921e-09	3.863113e-07	16198
567460	-1.145172e-06	-7.710467e-09	3.861470e-07	16198
559204	-1.145228e-06	-7.680011e-09	3.859828e-07	16198
550948	-1.145283e-06	-7.649554e-09	3.858186e-07	16198
542692	-1.145339e-06	-7.619096e-09	3.856544e-07	16198
534436	-1.145394e-06	-7.588635e-09	3.854902e-07	16198
526180	-1.145450e-06	-7.558174e-09	3.853259e-07	16198
517924	-1.145505e-06	-7.527711e-09	3.851617e-07	16198
509668	-1.145561e-06	-7.497246e-09	3.849974e-07	16198
501412	-1.145616e-06	-7.466780e-09	3.848331e-07	16198
493156	-1.145671e-06	-7.436312e-09	3.846689e-07	16198
484900	-1.145727e-06	-7.405843e-09	3.845045e-07	16198
476644	-1.145782e-06	-7.375373e-09	3.843403e-07	16198
468388	-1.145837e-06	-7.344901e-09	3.841760e-07	16198
460132	-1.145892e-06	-7.314427e-09	3.840117e-07	16198
451876	-1.145948e-06	-7.283953e-09	3.838474e-07	16198
443620	-1.146003e-06	-7.253476e-09	3.836830e-07	16198
435364	-1.146058e-06	-7.222998e-09	3.835187e-07	16198
427108	-1.146113e-06	-7.192519e-09	3.833543e-07	16198
418852	-1.146169e-06	-7.162038e-09	3.831900e-07	16198
410596	-1.146224e-06	-7.131555e-09	3.830257e-07	16198
402340	-1.146279e-06	-7.101071e-09	3.828613e-07	16198
394084	-1.146334e-06	-7.070586e-09	3.826969e-07	16198
385828	-1.146389e-06	-7.040099e-09	3.825325e-07	16198
377572	-1.146444e-06	-7.009611e-09	3.823681e-07	16198
369316	-1.146499e-06	-6.979121e-09	3.822038e-07	16198
361060	-1.146554e-06	-6.948630e-09	3.820394e-07	16198
352804	-1.146609e-06	-6.918137e-09	3.818749e-07	16198
344548	-1.146664e-06	-6.887643e-09	3.817105e-07	16198
336292	-1.146719e-06	-6.857147e-09	3.815461e-07	16198
328036	-1.146774e-06	-6.826650e-09	3.813817e-07	16198
319780	-1.146828e-06	-6.796151e-09	3.812172e-07	16198
311524	-1.146883e-06	-6.765651e-09	3.810528e-07	16198
303268	-1.146938e-06	-6.735150e-09	3.808883e-07	16198
295012	-1.146993e-06	-6.704647e-09	3.807238e-07	16198
286756	-1.147048e-06	-6.674142e-09	3.805594e-07	16198
278500	-1.147102e-06	-6.643636e-09	3.803949e-07	16198
270244	-1.147157e-06	-6.613128e-09	3.802304e-07	16198
261988	-1.147212e-06	-6.582619e-09	3.800659e-07	16198
253732	-1.147266e-06	-6.552109e-09	3.799014e-07	16198
245476	-1.147321e-06	-6.521597e-09	3.797369e-07	16198
237220	-1.147376e-06	-6.491084e-09	3.795724e-07	16198
228964	-1.147430e-06	-6.460569e-09	3.794078e-07	16198
220708	-1.147485e-06	-6.430052e-09	3.792433e-07	16198
212452	-1.147539e-06	-6.399535e-09	3.790788e-07	16198
204196	-1.147594e-06	-6.369016e-09	3.789142e-07	16198
195940	-1.147648e-06	-6.338495e-09	3.787496e-07	16198
187684	-1.147703e-06	-6.307973e-09	3.785851e-07	16198
179428	-1.147757e-06	-6.277449e-09	3.784205e-07	16198
171172	-1.147812e-06	-6.246924e-09	3.782559e-07	16198
162916	-1.147866e-06	-6.216398e-09	3.780913e-07	16198
154660	-1.147920e-06	-6.185870e-09	3.779267e-07	16198
146404	-1.147975e-06	-6.155340e-09	3.777621e-07	16198
138148	-1.148029e-06	-6.124809e-09	3.775975e-07	16198
129892	-1.148083e-06	-6.094277e-09	3.774329e-07	16198
121636	-1.148138e-06	-6.063743e-09	3.772683e-07	16198
113380	-1.148192e-06	-6.033207e-09	3.771036e-07	16198
105124	-1.148246e-06	-6.002671e-09	3.769390e-07	16198
96868	-1.148300e-06	-5.972133e-09	3.767743e-07	16198
88612	-1.148354e-06	-5.941593e-09	3.766096e-07	16198
80356	-1.148409e-06	-5.911052e-09	3.764450e-07	16198
72100	-1.148463e-06	-5.880509e-09	3.762803e-07	16198
63844	-1.148517e-06	-5.849965e-09	3.761156e-07	16198
55588	-1.148571e-06	-5.819420e-09	3.759509e-07	16198
47332	-1.148625e-06	-5.788872e-09	3.757862e-07	16198
39076	-1.148679e-06	-5.758324e-09	3.756215e-07	16198
30820	-1.148733e-06	-5.727774e-09	3.754568e-07	16198
22564	-1.148787e-06	-5.697223e-09	3.752921e-07	16198
14308	-1.148841e-06	-5.666670e-09	3.751274e-07	16198
6052	-1.148895e-06	-5.636116e-09	3.749626e-07	16198
1151724	-1.156804e-06	-1.879205e-09	4.276014e-07	9836
1143468	-1.156866e-06	-1.848443e-09	4.274355e-07	9836
1135212	-1.156927e-06	-1.817680e-09	4.272696e-07	9836
1126956	-1.156988e-06	-1.786915e-09	4.271037e-07	9836
1118700	-1.157050e-06	-1.756148e-09	4.269378e-07	9836
1110444	-1.157111e-06	-1.725380e-09	4.267719e-07	9836
1102188	-1.157172e-06	-1.694610e-09	4.266060e-07	9836
1093932	-1.157233e-06	-1.663838e-09	4.264401e-07	9836
1085676	-1.157294e-06	-1.633065e-09	4.262741e-07	9836
1077420	-1.157356e-06	-1.602290e-09	4.261082e-07	9836
1069164	-1.157417e-06	-1.571513e-09	4.259422e-07	9836
1060908	-1.157478e-06	-1.540735e-09	4.257762e-07	9836
1052652	-1.157539e-06	-1.509955e-09	4.256103e-07	9836
1044396	-1.157600e-06	-1.479174e-09	4.254443e-07	9836
1036140	-1.157661e-06	-1.448391e-09	4.252783e-07	9836
1027884	-1.157722e-06	-1.417606e-09	4.251123e-07	9836
1019628	-1.157783e-06	-1.386820e-09	4.249463e-07	9836
1011372	-1.157844e-06	-1.356032e-09	4.247803e-07	9836
1003116	-1.157905e-06	-1.325242e-09	4.246142e-07	9836
994860	-1.157966e-06	-1.294451e-09	4.244482e-07	9836
986604	-1.158027e-06	-1.263658e-09	4.242821e-07	9836
978348	-1.158088e-06	-1.232863e-09	4.241161e-07	9836
970092	-1.158148e-06	-1.202067e-09	4.239500e-07	9836
961836	-1.158209e-06	-1.171269e-09	4.237839e-07	9836
953580	-1.158270e-06	-1.140469e-09	4.236179e-07	9836
945324	-1.158331e-06	-1.109668e-09	4.234518e-07	9836
937068	-1.158391e-06	-1.078866e-09	4.232857e-07	9836
928812	-1.158452e-06	-1.048061e-09	4.231196e-07	9836
920556	-1.158513e-06	-1.017255e-09	4.229535e-07	9836
912300	-1.158573e-06	-9.864476e-10	4.227873e-07	9836
904044	-1.158634e-06	-9.556383e-10	4.226212e-07	9836
895788	-1.158695e-06	-9.248274e-10	4.224551e-07	9836
887532	-1.158755e-06	-8.940149e-10	4.222889e-07	9836
879276	-1.158816e-06	-8.632008e-10	4.221228e-07	9836
871020	-1.158876e-06	-8.323850e-10	4.219566e-07	9836
862764	-1.158937e-06	-8.015676e-10	4.217904e-07	9836
854508	-1.158998e-06	-7.707486e-10	4.216242e-07	9836
846252	-1.159058e-06	-7.399279e-10	4.214580e-07	9836
837996	-1.159118e-06	-7.091056e-10	4.212918e-07	9836
829740	-1.159179e-06	-6.782817e-10	4.211256e-07	9836
821484	-1.159239e-06	-6.474562e-10	4.209594e-07	9836
813228	-1.159300e-06	-6.166290e-10	4.207932e-07	9836
804972	-1.159360e-06	-5.858002e-10	4.206269e-07	9836
796716	-1.159420e-06	-5.549698e-10	4.204607e-07	9836
788460	-1.159480e-06	-5.241378e-10	4.202944e-07	9836
780204	-1.159541e-06	-4.933042e-10	4.201281e-07	9836
771948	-1.159601e-06	-4.624690e-10	4.199619e-07	9836
763692	-1.159661e-06	-4.316321e-10	4.197956e-07	9836
755436	-1.159721e-06	-4.007936e-10	4.196293e-07	9836
747180	-1.159782e-06	-3.699535e-10	4.194630e-07	9836
738924	-1.159842e-06	-3.391118e-10	4.192967e-07	9836
730668	-1.159902e-06	-3.082685e-10	4.191304e-07	9836
722412	-1.159962e-06	-2.774235e-10	4.189640e-07	9836
714156	-1.160022e-06	-2.465770e-10	4.187977e-07	9836
705900	-1.160082e-06	-2.157288e-10	4.186314e-07	9836
697644	-1.160142e-06	-1.848790e-10	4.184650e-07	9836
689388	-1.160202e-06	-1.540276e-10	4.182987e-07	9836
681132	-1.160262e-06	-1.231746e-10	4.181323e-07	9836
672876	-1.160322e-06	-9.231995e-11	4.179659e-07	9836
664620	-1.160382e-06	-6.146373e-11	4.177996e-07	9836
656364	-1.160442e-06	-3.060588e-11	4.176331e-07	9836
648108	-1.160502e-06	2.535798e-13	4.174668e-07	9836
639852	-1.160562e-06	3.111463e-11	4.173004e-07	9836
631596	-1.160621e-06	6.197730e-11	4.171339e-07	9836
623340	-1.160681e-06	9.284157e-11	4.169675e-07	9836
615084	-1.160741e-06	1.237075e-10	4.168011e-07	9836
606828	-1.160801e-06	1.545750e-10	4.166346e-07	9836
598572	-1.160860e-06	1.854440e-10	4.164682e-07	9836
590316	-1.160920e-06	2.163147e-10	4.163017e-07	9836
582060	-1.160980e-06	2.471870e-10	4.161352e-07	9836
573804	-1.161039e-06	2.780609e-10	4.159687e-07	9836
565548	-1.161099e-06	3.089364e-10	4.158023e-07	9836
557292	-1.161159e-06	3.398135e-10	4.156358e-07	9836
549036	-1.161218e-06	3.706923e-10	4.154693e-07	9836
540780	-1.161278e-06	4.015726e-10	4.153028e-07	9836
532524	-1.161337e-06	4.324545e-10	4.151362e-07	9836
524268	-1.161397e-06	4.633380e-10	4.149697e-07	9836
516012	-1.161456e-06	4.942231e-10	4.148032e-07	9836
507756	-1.161516e-06	5.251098e-10	4.146366e-07	9836
499500	-1.161575e-06	5.559981e-10	4.144701e-07	9836
491244	-1.161635e-06	5.868880e-10	4.143035e-07	9836
482988	-1.161694e-06	6.177795e-10	4.141369e-07	9836
474732	-1.161753e-06	6.486726e-10	4.139703e-07	9836
466476	-1.161813e-06	6.795672e-10	4.138037e-07	9836
458220	-1.161872e-06	7.104635e-10	4.136371e-07	9836
449964	-1.161931e-06	7.413614e-10	4.134706e-07	9836
441708	-1.161991e-06	7.722609e-10	4.133039e-07	9836
433452	-1.162050e-06	8.031619e-10	4.131373e-07	9836
425196	-1.162109e-06	8.340645e-10	4.129707e-07	9836
416940	-1.162168e-06	8.649688e-10	4.128040e-07	9836
408684	-1.162227e-06	8.958746e-10	4.126374e-07	9836
400428	-1.162286e-06	9.267820e-10	4.124707e-07	9836
392172	-1.162346e-06	9.576910e-10	4.123041e-07	9836
383916	-1.162405e-06	9.886016e-10	4.121374e-07	9836
375660	-1.162464e-06	1.019514e-09	4.119707e-07	9836
367404	-1.162523e-06	1.050428e-09	4.118040e-07	9836
359148	-1.162582e-06	1.081343e-09	4.116373e-07	9836
350892	-1.162641e-06	1.112260e-09	4.114706e-07	9836
342636	-1.162700e-06	1.143178e-09	4.113039e-07	9836
334380	-1.162759e-06	1.174098e-09	4.111372e-07	9836
326124	-1.162818e-06	1.205020e-09	4.109704e-07	9836
317868	-1.162876e-06	1.235943e-09	4.108037e-07	9836
309612	-1.162935e-06	1.266868e-09	4.106369e-07	9836
301356	-1.162994e-06	1.297795e-09	4.104702e-07	9836
293100	-1.163053e-06	1.328723e-09	4.103034e-07	9836
284844	-1.163112e-06	1.359652e-09	4.101366e-07	9836
276588	-1.163171e-06	1.390583e-09	4.099699e-07	9836
268332	-1.163229e-06	1.421516e-09	4.098031e-07	9836
260076	-1.163288e-06	1.452451e-09	4.096362e-07	9836
251820	-1.163347e-06	1.483386e-09	4.094694e-07	9836
243564	-1.163405e-06	1.514324e-09	4.093026e-07	9836
235308	-1.163464e-06	1.545263e-09	4.091358e-07	9836
227052	-1.163522e-06	1.576204e-09	4.089690e-07	9836
218796	-1.163581e-06	1.607146e-09	4.088021e-07	9836
210540	-1.163640e-06	1.638090e-09	4.086353e-07	9836
202284	-1.163698e-06	1.669035e-09	4.084684e-07	9836
194028	-1.163757e-06	1.699982e-09	4.083015e-07	9836
185772	-1.163815e-06	1.730930e-09	4.081347e-07	9836
177516	-1.163874e-06	1.761881e-09	4.079678e-07	9836
169260	-1.163932e-06	1.792832e-09	4.078009e-07	9836
161004	-1.163991e-06	1.823785e-09	4.076340e-07	9836
152748	-1.164049e-06	1.854740e-09	4.074671e-07	9836
144492	-1.164107e-06	1.885696e-09	4.073001e-07	9836
136236	-1.164166e-06	1.916654e-09	4.071332e-07	9836
127980	-1.164224e-06	1.947614e-09	4.069663e-07	9836
119724	-1.164282e-06	1.978575e-09	4.067994e-07	9836
111468	-1.164340e-06	2.009538e-09	4.066324e-07	9836
103212	-1.164399e-06	2.040502e-09	4.064654e-07	9836
94956	-1.164457e-06	2.071467e-09	4.062985e-07	9836
86700	-1.164515e-06	2.102435e-09	4.061315e-07	9836
78444	-1.164573e-06	2.133404e-09	4.059645e-07	9836
70188	-1.164631e-06	2.164374e-09	4.057975e-07	9836
61932	-1.164690e-06	2.195346e-09	4.056305e-07	9836
53676	-1.164748e-06	2.226320e-09	4.054635e-07	9836
45420	-1.164806e-06	2.257295e-09	4.052965e-07	9836
37164	-1.164864e-06	2.288272e-09	4.051294e-07	9836
28908	-1.164922e-06	2.319250e-09	4.049624e-07	9836
20652	-1.164980e-06	2.350230e-09	4.047954e-07	9836
12396	-1.165038e-06	2.381211e-09	4.046283e-07	9836
4140	-1.165096e-06	2.412194e-09	4.044613e-07	9836
1152373	-1.242663e-06	4.590277e-09	4.717470e-07	11841
1144117	-1.242730e-06	4.623321e-09	4.715688e-07	11841
1135861	-1.242798e-06	4.656367e-09	4.713906e-07	11841
1127605	-1.242865e-06	4.689415e-09	4.712124e-07	11841
1119349	-1.242933e-06	4.722464e-09	4.710342e-07	11841
1111093	-1.243000e-06	4.755515e-09	4.708560e-07	11841
1102837	-1.243067e-06	4.788568e-09	4.706777e-07	11841
1094581	-1.243135e-06	4.821623e-09	4.704995e-07	11841
1086325	-1.243202e-06	4.854679e-09	4.703212e-07	11841
1078069	-1.243269e-06	4.887737e-09	4.701430e-07	11841
1069813	-1.243336e-06	4.920798e-09	4.699647e-07	11841
1061557	-1.243404e-06	4.953860e-09	4.697864e-07	11841
1053301	-1.243471e-06	4.986923e-09	4.696081e-07	11841
1045045	-1.243538e-06	5.019989e-09	4.694298e-07	11841
1036789	-1.243605e-06	5.053056e-09	4.692515e-07	11841
1028533	-1.243673e-06	5.086125e-09	4.690731e-07	11841
1020277	-1.243740e-06	5.119196e-09	4.688948e-07	11841
1012021	-1.243807e-06	5.152269e-09	4.687165e-07	11841
1003765	-1.243874e-06	5.185343e-09	4.685381e-07	11841
995509	-1.243941e-06	5.218420e-09	4.683597e-07	11841
987253	-1.244008e-06	5.251498e-09	4.681814e-07	11841
978997	-1.244075e-06	5.284578e-09	4.680030e-07	11841
970741	-1.244142e-06	5.317660e-09	4.678246e-07	11841
962485	-1.244209e-06	5.350743e-09	4.676462e-07	11841
954229	-1.244275e-06	5.383828e-09	4.674678e-07	11841
945973	-1.244342e-06	5.416916e-09	4.672893e-07	11841
937717	-1.244409e-06	5.450005e-09	4.671109e-07	11841
929461	-1.244476e-06	5.483095e-09	4.669325e-07	11841
921205	-1.244543e-06	5.516188e-09	4.667540e-07	11841
912949	-1.244610e-06	5.549282e-09	4.665756e-07	11841
904693	-1.244676e-06	5.582379e-09	4.663971e-07	11841
896437	-1.244743e-06	5.615476e-09	4.662186e-07	11841
888181	-1.244810e-06	5.648576e-09	4.660401e-07	11841
879925	-1.244876e-06	5.681677e-09	4.658616e-07	11841
871669	-1.244943e-06	5.714781e-09	4.656831e-07	11841
863413	-1.245010e-06	5.747886e-09	4.655046e-07	11841
855157	-1.245076e-06	5.780993e-09	4.653261e-07	11841
846901	-1.245143e-06	5.814101e-09	4.651475e-07	11841
838645	-1.245209e-06	5.847212e-09	4.649690e-07	11841
830389	-1.245276e-06	5.880324e-09	4.647904e-07	11841
822133	-1.245342e-06	5.913438e-09	4.646118e-07	11841
813877	-1.245409e-06	5.946554e-09	4.644333e-07	11841
805621	-1.245475e-06	5.979671e-09	4.642547e-07	11841
1148517	-1.006956e-06	5.999345e-09	3.819156e-07	2114
797365	-1.245542e-06	6.012791e-09	4.640761e-07	11841
1140261	-1.007011e-06	6.026121e-09	3.817712e-07	2114
789109	-1.245608e-06	6.045912e-09	4.638975e-07	11841
1132005	-1.007065e-06	6.052899e-09	3.816268e-07	2114
780853	-1.245674e-06	6.079035e-09	4.637189e-07	11841
1123749	-1.007120e-06	6.079678e-09	3.814824e-07	2114
1115493	-1.007174e-06	6.106458e-09	3.813380e-07	2114
772597	-1.245741e-06	6.112160e-09	4.635403e-07	11841
1107237	-1.007229e-06	6.133240e-09	3.811936e-07	2114
764341	-1.245807e-06	6.145286e-09	4.633616e-07	11841
1098981	-1.007283e-06	6.160024e-09	3.810492e-07	2114
756085	-1.245873e-06	6.178414e-09	4.631830e-07	11841
1090725	-1.007338e-06	6.186808e-09	3.809047e-07	2114
747829	-1.245939e-06	6.211544e-09	4.630043e-07	11841
1082469	-1.007392e-06	6.213595e-09	3.807603e-07	2114
1074213	-1.007447e-06	6.240383e-09	3.806158e-07	2114
739573	-1.246006e-06	6.244676e-09	4.628257e-07	11841
1065957	-1.007501e-06	6.267172e-09	3.804714e-07	2114
731317	-1.246072e-06	6.277810e-09	4.626470e-07	11841
1057701	-1.007555e-06	6.293963e-09	3.803269e-07	2114
723061	-1.246138e-06	6.310945e-09	4.624683e-07	11841
1049445	-1.007610e-06	6.320755e-09	3.801824e-07	2114
714805	-1.246204e-06	6.344082e-09	4.622896e-07	11841
1041189	-1.007664e-06	6.347549e-09	3.800379e-07	2114
1032933	-1.007718e-06	6.374344e-09	3.798934e-07	2114
706549	-1.246270e-06	6.377221e-09	4.621109e-07	11841
1024677	-1.007773e-06	6.401141e-09	3.797489e-07	2114
698293	-1.246336e-06	6.410362e-09	4.619322e-07	11841
1016421	-1.007827e-06	6.427939e-09	3.796044e-07	2114
690037	-1.246402e-06	6.443504e-09	4.617535e-07	11841
1008165	-1.007881e-06	6.454739e-09	3.794599e-07	2114
681781	-1.246468e-06	6.476649e-09	4.615748e-07	11841
999909	-1.007935e-06	6.481539e-09	3.793154e-07	2114
991653	-1.007990e-06	6.508342e-09	3.791708e-07	2114
673525	-1.246534e-06	6.509795e-09	4.613960e-07	11841
983397	-1.008044e-06	6.535146e-09	3.790263e-07	2114
665269	-1.246600e-06	6.542943e-09	4.612173e-07	11841
975141	-1.008098e-06	6.561951e-09	3.788818e-07	2114
657013	-1.246666e-06	6.576092e-09	4.610386e-07	11841
966885	-1.008152e-06	6.588758e-09	3.787372e-07	2114
648757	-1.246732e-06	6.609243e-09	4.608598e-07	11841
958629	-1.008206e-06	6.615566e-09	3.785926e-07	2114
950373	-1.008260e-06	6.642376e-09	3.784481e-07	2114
640501	-1.246798e-06	6.642396e-09	4.606810e-07	11841
942117	-1.008314e-06	6.669187e-09	3.783035e-07	2114
632245	-1.246864e-06	6.675551e-09	4.605022e-07	11841
933861	-1.008368e-06	6.696000e-09	3.781589e-07	2114
623989	-1.246930e-06	6.708708e-09	4.603234e-07	11841
925605	-1.008422e-06	6.722814e-09	3.780143e-07	2114
615733	-1.246996e-06	6.741867e-09	4.601446e-07	11841
917349	-1.008476e-06	6.749629e-09	3.778697e-07	2114
607477	-1.247061e-06	6.775027e-09	4.599658e-07	11841
909093	-1.008530e-06	6.776446e-09	3.777251e-07	2114
900837	-1.008584e-06	6.803265e-09	3.775805e-07	2114
599221	-1.247127e-06	6.808189e-09	4.597870e-07	11841
892581	-1.008638e-06	6.830084e-09	3.774358e-07	2114
590965	-1.247193e-06	6.841352e-09	4.596081e-07	11841
884325	-1.008692e-06	6.856906e-09	3.772912e-07	2114
582709	-1.247259e-06	6.874518e-09	4.594293e-07	11841
876069	-1.008746e-06	6.883729e-09	3.771466e-07	2114
574453	-1.247324e-06	6.907685e-09	4.592505e-07	11841
867813	-1.008800e-06	6.910553e-09	3.770019e-07	2114
859557	-1.008854e-06	6.937379e-09	3.768573e-07	2114
566197	-1.247390e-06	6.940854e-09	4.590716e-07	11841
851301	-1.008908e-06	6.964206e-09	3.767126e-07	2114
557941	-1.247456e-06	6.974025e-09	4.588927e-07	11841
843045	-1.008962e-06	6.991034e-09	3.765679e-07	2114
549685	-1.247521e-06	7.007197e-09	4.587139e-07	11841
834789	-1.009015e-06	7.017865e-09	3.764233e-07	2114
541429	-1.247587e-06	7.040372e-09	4.585350e-07	11841
826533	-1.009069e-06	7.044696e-09	3.762786e-07	2114
818277	-1.009123e-06	7.071529e-09	3.761339e-07	2114
533173	-1.247652e-06	7.073548e-09	4.583561e-07	11841
810021	-1.009177e-06	7.098363e-09	3.759892e-07	2114
524917	-1.247718e-06	7.106725e-09	4.581772e-07	11841
801765	-1.009230e-06	7.125199e-09	3.758445e-07	2114
516661	-1.247783e-06	7.139905e-09	4.579983e-07	11841
793509	-1.009284e-06	7.152036e-09	3.756998e-07	2114
508405	-1.247849e-06	7.173087e-09	4.578193e-07	11841
785253	-1.009338e-06	7.178875e-09	3.755550e-07	2114
776997	-1.009391e-06	7.205715e-09	3.754103e-07	2114
500149	-1.247914e-06	7.206270e-09	4.576404e-07	11841
768741	-1.009445e-06	7.232556e-09	3.752655e-07	2114
491893	-1.247980e-06	7.239454e-09	4.574615e-07	11841
760485	-1.009499e-06	7.259399e-09	3.751208e-07	2114
483637	-1.248045e-06	7.272641e-09	4.572825e-07	11841
752229	-1.009552e-06	7.286244e-09	3.749760e-07	2114
475381	-1.248110e-06	7.305830e-09	4.571035e-07	11841
743973	-1.009606e-06	7.313090e-09	3.748313e-07	2114
467125	-1.248176e-06	7.339020e-09	4.569245e-07	11841
735717	-1.009659e-06	7.339937e-09	3.746865e-07	2114
727461	-1.009713e-06	7.366786e-09	3.745417e-07	2114
458869	-1.248241e-06	7.372212e-09	4.567456e-07	11841
719205	-1.009766e-06	7.393636e-09	3.743969e-07	2114
450613	-1.248306e-06	7.405405e-09	4.565666e-07	11841
710949	-1.009820e-06	7.420487e-09	3.742521e-07	2114
442357	-1.248372e-06	7.438600e-09	4.563876e-07	11841
702693	-1.009873e-06	7.447341e-09	3.741073e-07	2114
434101	-1.248437e-06	7.471797e-09	4.562086e-07	11841
694437	-1.009927e-06	7.474195e-09	3.739625e-07	2114
686181	-1.009980e-06	7.501051e-09	3.738177e-07	2114
425845	-1.248502e-06	7.504997e-09	4.560295e-07	11841
677925	-1.010034e-06	7.527908e-09	3.736729e-07	2114
417589	-1.248567e-06	7.538198e-09	4.558505e-07	11841
669669	-1.010087e-06	7.554767e-09	3.735281e-07	2114
409333	-1.248632e-06	7.571400e-09	4.556715e-07	11841
661413	-1.010140e-06	7.581628e-09	3.733832e-07	2114
401077	-1.248697e-06	7.604604e-09	4.554924e-07	11841
653157	-1.010194e-06	7.608489e-09	3.732384e-07	2114
644901	-1.010247e-06	7.635352e-09	3.730935e-07	2114
392821	-1.248763e-06	7.637809e-09	4.553134e-07	11841
636645	-1.010300e-06	7.662217e-09	3.729486e-07	2114
384565	-1.248828e-06	7.671018e-09	4.551343e-07	11841
628389	-1.010353e-06	7.689082e-09	3.728038e-07	2114
376309	-1.248893e-06	7.704227e-09	4.549552e-07	11841
620133	-1.010407e-06	7.715950e-09	3.726589e-07	2114
368053	-1.248958e-06	7.737438e-09	4.547761e-07	11841
611877	-1.010460e-06	7.742819e-09	3.725140e-07	2114
603621	-1.010513e-06	7.769689e-09	3.723691e-07	2114
359797	-1.249023e-06	7.770651e-09	4.545971e-07	11841
595365	-1.010566e-06	7.796561e-09	3.722242e-07	2114
351541	-1.249088e-06	7.803865e-09	4.544179e-07	11841
587109	-1.010619e-06	7.823433e-09	3.720793e-07	2114
343285	-1.249153e-06	7.837082e-09	4.542389e-07	11841
578853	-1.010673e-06	7.850309e-09	3.719344e-07	2114
335029	-1.249218e-06	7.870300e-09	4.540597e-07	11841
570597	-1.010726e-06	7.877184e-09	3.717894e-07	2114
326773	-1.249282e-06	7.903520e-09	4.538806e-07	11841
562341	-1.010779e-06	7.904061e-09	3.716445e-07	2114
554085	-1.010832e-06	7.930940e-09	3.714996e-07	2114
318517	-1.249347e-06	7.936741e-09	4.537015e-07	11841
545829	-1.010885e-06	7.957821e-09	3.713546e-07	2114
310261	-1.249412e-06	7.969965e-09	4.535223e-07	11841
537573	-1.010938e-06	7.984703e-09	3.712097e-07	2114
302005	-1.249477e-06	8.003190e-09	4.533431e-07	11841
529317	-1.010991e-06	8.011585e-09	3.710647e-07	2114
293749	-1.249542e-06	8.036417e-09	4.531640e-07	11841
521061	-1.011044e-06	8.038470e-09	3.709197e-07	2114
512805	-1.011097e-06	8.065356e-09	3.707748e-07	2114
285493	-1.249606e-06	8.069645e-09	4.529848e-07	11841
504549	-1.011150e-06	8.092243e-09	3.706298e-07	2114
277237	-1.249671e-06	8.102876e-09	4.528056e-07	11841
496293	-1.011203e-06	8.119132e-09	3.704848e-07	2114
268981	-1.249736e-06	8.136108e-09	4.526264e-07	11841
488037	-1.011256e-06	8.146023e-09	3.703398e-07	2114
260725	-1.249801e-06	8.169342e-09	4.524472e-07	11841
479781	-1.011309e-06	8.172914e-09	3.701948e-07	2114
471525	-1.011361e-06	8.199807e-09	3.700497e-07	2114
252469	-1.249865e-06	8.202577e-09	4.522680e-07	11841
463269	-1.011414e-06	8.226701e-09	3.699047e-07	2114
244213	-1.249930e-06	8.235814e-09	4.520888e-07	11841
455013	-1.011467e-06	8.253597e-09	3.697597e-07	2114
235957	-1.249994e-06	8.269053e-09	4.519095e-07	11841
446757	-1.011520e-06	8.280495e-09	3.696147e-07	2114
227701	-1.250059e-06	8.302294e-09	4.517303e-07	11841
438501	-1.011573e-06	8.307393e-09	3.694696e-07	2114
430245	-1.011625e-06	8.334293e-09	3.693246e-07	2114
219445	-1.250124e-06	8.335537e-09	4.515510e-07	11841
421989	-1.011678e-06	8.361195e-09	3.691795e-07	2114
211189	-1.250188e-06	8.368780e-09	4.513718e-07	11841
413733	-1.011731e-06	8.388098e-09	3.690344e-07	2114
202933	-1.250252e-06	8.402027e-09	4.511925e-07	11841
405477	-1.011783e-06	8.415002e-09	3.688893e-07	2114
194677	-1.250317e-06	8.435274e-09	4.510132e-07	11841
397221	-1.011836e-06	8.441909e-09	3.687443e-07	2114
186421	-1.250381e-06	8.468524e-09	4.508339e-07	11841
388965	-1.011889e-06	8.468815e-09	3.685992e-07	2114
380709	-1.011941e-06	8.495724e-09	3.684541e-07	2114
178165	-1.250446e-06	8.501774e-09	4.506547e-07	11841
372453	-1.011994e-06	8.522634e-09	3.683090e-07	2114
169909	-1.250510e-06	8.535028e-09	4.504753e-07	11841
364197	-1.012047e-06	8.549545e-09	3.681639e-07	2114
161653	-1.250575e-06	8.568282e-09	4.502960e-07	11841
355941	-1.012099e-06	8.576459e-09	3.680187e-07	2114
153397	-1.250639e-06	8.601538e-09	4.501167e-07	11841
347685	-1.012152e-06	8.603372e-09	3.678736e-07	2114
339429	-1.012204e-06	8.630288e-09	3.677285e-07	2114
145141	-1.250703e-06	8.634797e-09	4.499374e-07	11841
331173	-1.012257e-06	8.657206e-09	3.675833e-07	2114
136885	-1.250767e-06	8.668056e-09	4.497580e-07	11841
322917	-1.012309e-06	8.684124e-09	3.674382e-07	2114
128629	-1.250832e-06	8.701318e-09	4.495787e-07	11841
314661	-1.012362e-06	8.711043e-09	3.672930e-07	2114
120373	-1.250896e-06	8.734581e-09	4.493993e-07	11841
306405	-1.012414e-06	8.737965e-09	3.671479e-07	2114
298149	-1.012466e-06	8.764887e-09	3.670027e-07	2114
112117	-1.250960e-06	8.767846e-09	4.492199e-07	11841
1152206	-1.268678e-06	8.786641e-09	4.847018e-07	11329
289893	-1.012519e-06	8.791812e-09	3.668575e-07	2114
103861	-1.251024e-06	8.801113e-09	4.490406e-07	11841
281637	-1.012571e-06	8.818738e-09	3.667123e-07	2114
1143950	-1.268747e-06	8.820376e-09	4.845199e-07	11329
95605	-1.251088e-06	8.834381e-09	4.488612e-07	11841
273381	-1.012623e-06	8.845665e-09	3.665671e-07	2114
1135694	-1.268817e-06	8.854113e-09	4.843380e-07	11329
87349	-1.251153e-06	8.867652e-09	4.486818e-07	11841
265125	-1.012676e-06	8.872592e-09	3.664219e-07	2114
1127438	-1.268886e-06	8.887852e-09	4.841560e-07	11329
1149781	-1.146374e-06	8.893142e-09	4.387814e-07	4929
256869	-1.012728e-06	8.899523e-09	3.662767e-07	2114
79093	-1.251217e-06	8.900923e-09	4.485024e-07	11841
1119182	-1.268955e-06	8.921593e-09	4.839741e-07	11329
1141525	-1.146437e-06	8.923625e-09	4.386170e-07	4929
248613	-1.012780e-06	8.926453e-09	3.661315e-07	2114
70837	-1.251281e-06	8.934196e-09	4.483229e-07	11841
240357	-1.012833e-06	8.953386e-09	3.659862e-07	2114
1133269	-1.146499e-06	8.954109e-09	4.384526e-07	4929
1110926	-1.269024e-06	8.955336e-09	4.837921e-07	11329
62581	-1.251345e-06	8.967472e-09	4.481435e-07	11841
232101	-1.012885e-06	8.980320e-09	3.658410e-07	2114
1125013	-1.146562e-06	8.984596e-09	4.382882e-07	4929
1102670	-1.269093e-06	8.989081e-09	4.836102e-07	11329
54325	-1.251409e-06	9.000749e-09	4.479641e-07	11841
223845	-1.012937e-06	9.007255e-09	3.656958e-07	2114
1116757	-1.146625e-06	9.015085e-09	4.381238e-07	4929
1094414	-1.269162e-06	9.022827e-09	4.834282e-07	11329
46069	-1.251473e-06	9.034028e-09	4.477846e-07	11841
215589	-1.012989e-06	9.034192e-09	3.655505e-07	2114
1108501	-1.146687e-06	9.045574e-09	4.379594e-07	4929
1086158	-1.269231e-06	9.056576e-09	4.832462e-07	11329
207333	-1.013041e-06	9.061131e-09	3.654053e-07	2114
37813	-1.251537e-06	9.067308e-09	4.476052e-07	11841
1100245	-1.146750e-06	9.076066e-09	4.377950e-07	4929
199077	-1.013094e-06	9.088070e-09	3.652600e-07	2114
1077902	-1.269301e-06	9.090326e-09	4.830642e-07	11329
29557	-1.251601e-06	9.100591e-09	4.474257e-07	11841
1091989	-1.146812e-06	9.106559e-09	4.376305e-07	4929
190821	-1.013146e-06	9.115011e-09	3.651147e-07	2114
1069646	-1.269370e-06	9.124077e-09	4.828822e-07	11329
21301	-1.251664e-06	9.133874e-09	4.472462e-07	11841
1083733	-1.146875e-06	9.137054e-09	4.374661e-07	4929
182565	-1.013198e-06	9.141954e-09	3.649695e-07	2114
1061390	-1.269439e-06	9.157832e-09	4.827002e-07	11329
13045	-1.251728e-06	9.167159e-09	4.470668e-07	11841
1075477	-1.146937e-06	9.167550e-09	4.373016e-07	4929
174309	-1.013250e-06	9.168898e-09	3.648242e-07	2114
1053134	-1.269507e-06	9.191588e-09	4.825181e-07	11329
166053	-1.013302e-06	9.195842e-09	3.646789e-07	2114
1067221	-1.147000e-06	9.198049e-09	4.371372e-07	4929
4789	-1.251792e-06	9.200447e-09	4.468873e-07	11841
157797	-1.013354e-06	9.222789e-09	3.645336e-07	2114
1044878	-1.269576e-06	9.225345e-09	4.823361e-07	11329
1058965	-1.147062e-06	9.228549e-09	4.369727e-07	4929
149541	-1.013406e-06	9.249737e-09	3.643883e-07	2114
1050709	-1.147125e-06	9.259050e-09	4.368082e-07	4929
1036622	-1.269645e-06	9.259105e-09	4.821541e-07	11329
141285	-1.013458e-06	9.276686e-09	3.642429e-07	2114
1042453	-1.147187e-06	9.289553e-09	4.366437e-07	4929
1028366	-1.269714e-06	9.292866e-09	4.819720e-07	11329
133029	-1.013510e-06	9.303637e-09	3.640976e-07	2114
1034197	-1.147249e-06	9.320059e-09	4.364792e-07	4929
1020110	-1.269783e-06	9.326629e-09	4.817899e-07	11329
124773	-1.013562e-06	9.330590e-09	3.639523e-07	2114
1025941	-1.147312e-06	9.350565e-09	4.363147e-07	4929
116517	-1.013614e-06	9.357543e-09	3.638069e-07	2114
1011854	-1.269852e-06	9.360394e-09	4.816078e-07	11329
1017685	-1.147374e-06	9.381073e-09	4.361502e-07	4929
108261	-1.013666e-06	9.384498e-09	3.636616e-07	2114
1003598	-1.269921e-06	9.394161e-09	4.814257e-07	11329
100005	-1.013718e-06	9.411454e-09	3.635162e-07	2114
1009429	-1.147436e-06	9.411584e-09	4.359857e-07	4929
995342	-1.269989e-06	9.427930e-09	4.812437e-07	11329
91749	-1.013769e-06	9.438412e-09	3.633709e-07	2114
1001173	-1.147498e-06	9.442095e-09	4.358211e-07	4929
987086	-1.270058e-06	9.461701e-09	4.810615e-07	11329
83493	-1.013821e-06	9.465371e-09	3.632255e-07	2114
992917	-1.147561e-06	9.472608e-09	4.356566e-07	4929
75237	-1.013873e-06	9.492331e-09	3.630801e-07	2114
978830	-1.270127e-06	9.495473e-09	4.808794e-07	11329
984661	-1.147623e-06	9.503123e-09	4.354920e-07	4929
66981	-1.013925e-06	9.519294e-09	3.629347e-07	2114
970574	-1.270196e-06	9.529247e-09	4.806973e-07	11329
976405	-1.147685e-06	9.533640e-09	4.353275e-07	4929
58725	-1.013977e-06	9.546257e-09	3.627894e-07	2114
962318	-1.270264e-06	9.563023e-09	4.805152e-07	11329
968149	-1.147747e-06	9.564157e-09	4.351629e-07	4929
50469	-1.014028e-06	9.573221e-09	3.626440e-07	2114
959893	-1.147809e-06	9.594678e-09	4.349983e-07	4929
954062	-1.270333e-06	9.596801e-09	4.803330e-07	11329
42213	-1.014080e-06	9.600187e-09	3.624986e-07	2114
951637	-1.147871e-06	9.625199e-09	4.348337e-07	4929
33957	-1.014132e-06	9.627155e-09	3.623531e-07	2114
945806	-1.270402e-06	9.630581e-09	4.801508e-07	11329
25701	-1.014184e-06	9.654124e-09	3.622077e-07	2114
943381	-1.147934e-06	9.655722e-09	4.346691e-07	4929
937550	-1.270470e-06	9.664363e-09	4.799687e-07	11329
17445	-1.014235e-06	9.681094e-09	3.620623e-07	2114
935125	-1.147996e-06	9.686248e-09	4.345045e-07	4929
929294	-1.270539e-06	9.698146e-09	4.797865e-07	11329
9189	-1.014287e-06	9.708066e-09	3.619169e-07	2114
926869	-1.148058e-06	9.716774e-09	4.343399e-07	4929
921038	-1.270607e-06	9.731932e-09	4.796043e-07	11329
933	-1.014339e-06	9.735039e-09	3.617714e-07	2114
918613	-1.148120e-06	9.747303e-09	4.341753e-07	4929
912782	-1.270676e-06	9.765718e-09	4.794221e-07	11329
910357	-1.148182e-06	9.777833e-09	4.340106e-07	4929
904526	-1.270744e-06	9.799508e-09	4.792399e-07	11329
902101	-1.148244e-06	9.808365e-09	4.338460e-07	4929
896270	-1.270813e-06	9.833299e-09	4.790577e-07	11329
893845	-1.148306e-06	9.838898e-09	4.336814e-07	4929
888014	-1.270881e-06	9.867091e-09	4.788754e-07	11329
885589	-1.148367e-06	9.869432e-09	4.335167e-07	4929
877333	-1.148429e-06	9.899969e-09	4.333520e-07	4929
879758	-1.270949e-06	9.900885e-09	4.786932e-07	11329
869077	-1.148491e-06	9.930508e-09	4.331873e-07	4929
871502	-1.271018e-06	9.934682e-09	4.785110e-07	11329
860821	-1.148553e-06	9.961047e-09	4.330226e-07	4929
863246	-1.271086e-06	9.968480e-09	4.783287e-07	11329
852565	-1.148615e-06	9.991589e-09	4.328579e-07	4929
854990	-1.271154e-06	1.000228e-08	4.781464e-07	11329
844309	-1.148677e-06	1.002213e-08	4.326932e-07	4929
846734	-1.271223e-06	1.003608e-08	4.779641e-07	11329
836053	-1.148738e-06	1.005268e-08	4.325285e-07	4929
838478	-1.271291e-06	1.006989e-08	4.777819e-07	11329
827797	-1.148800e-06	1.008322e-08	4.323638e-07	4929
830222	-1.271359e-06	1.010369e-08	4.775996e-07	11329
819541	-1.148862e-06	1.011377e-08	4.321991e-07	4929
821966	-1.271427e-06	1.013750e-08	4.774172e-07	11329
811285	-1.148924e-06	1.014432e-08	4.320343e-07	4929
813710	-1.271496e-06	1.017131e-08	4.772349e-07	11329
803029	-1.148985e-06	1.017487e-08	4.318696e-07	4929
805454	-1.271564e-06	1.020512e-08	4.770527e-07	11329
794773	-1.149047e-06	1.020543e-08	4.317048e-07	4929
786517	-1.149108e-06	1.023598e-08	4.315401e-07	4929
797198	-1.271632e-06	1.023893e-08	4.768703e-07	11329
778261	-1.149170e-06	1.026654e-08	4.313753e-07	4929
788942	-1.271700e-06	1.027275e-08	4.766879e-07	11329
770005	-1.149232e-06	1.029710e-08	4.312105e-07	4929
780686	-1.271768e-06	1.030656e-08	4.765056e-07	11329
761749	-1.149293e-06	1.032766e-08	4.310457e-07	4929
772430	-1.271836e-06	1.034038e-08	4.763232e-07	11329
753493	-1.149355e-06	1.035822e-08	4.308809e-07	4929
764174	-1.271904e-06	1.037420e-08	4.761409e-07	11329
745237	-1.149416e-06	1.038878e-08	4.307161e-07	4929
755918	-1.271972e-06	1.040802e-08	4.759585e-07	11329
736981	-1.149478e-06	1.041935e-08	4.305513e-07	4929
747662	-1.272040e-06	1.044185e-08	4.757761e-07	11329
728725	-1.149539e-06	1.044991e-08	4.303865e-07	4929
739406	-1.272108e-06	1.047567e-08	4.755937e-07	11329
720469	-1.149601e-06	1.048048e-08	4.302216e-07	4929
731150	-1.272176e-06	1.050950e-08	4.754113e-07	11329
712213	-1.149662e-06	1.051105e-08	4.300568e-07	4929
703957	-1.149723e-06	1.054162e-08	4.298919e-07	4929
722894	-1.272244e-06	1.054333e-08	4.752288e-07	11329
695701	-1.149785e-06	1.057219e-08	4.297270e-07	4929
714638	-1.272311e-06	1.057716e-08	4.750464e-07	11329
687445	-1.149846e-06	1.060277e-08	4.295622e-07	4929
706382	-1.272379e-06	1.061099e-08	4.748640e-07	11329
679189	-1.149907e-06	1.063335e-08	4.293973e-07	4929
698126	-1.272447e-06	1.064483e-08	4.746815e-07	11329
670933	-1.149969e-06	1.066392e-08	4.292324e-07	4929
689870	-1.272515e-06	1.067866e-08	4.744990e-07	11329
662677	-1.150030e-06	1.069450e-08	4.290675e-07	4929
681614	-1.272583e-06	1.071250e-08	4.743166e-07	11329
654421	-1.150091e-06	1.072508e-08	4.289026e-07	4929
673358	-1.272650e-06	1.074634e-08	4.741341e-07	11329
646165	-1.150152e-06	1.075567e-08	4.287377e-07	4929
665102	-1.272718e-06	1.078018e-08	4.739516e-07	11329
637909	-1.150213e-06	1.078625e-08	4.285727e-07	4929
656846	-1.272786e-06	1.081403e-08	4.737691e-07	11329
629653	-1.150275e-06	1.081684e-08	4.284078e-07	4929
621397	-1.150336e-06	1.084743e-08	4.282429e-07	4929
648590	-1.272853e-06	1.084787e-08	4.735866e-07	11329
613141	-1.150397e-06	1.087801e-08	4.280779e-07	4929
640334	-1.272921e-06	1.088172e-08	4.734041e-07	11329
604885	-1.150458e-06	1.090861e-08	4.279130e-07	4929
632078	-1.272988e-06	1.091557e-08	4.732215e-07	11329
596629	-1.150519e-06	1.093920e-08	4.277480e-07	4929
623822	-1.273056e-06	1.094942e-08	4.730390e-07	11329
588373	-1.150580e-06	1.096979e-08	4.275830e-07	4929
615566	-1.273124e-06	1.098328e-08	4.728564e-07	11329
580117	-1.150641e-06	1.100039e-08	4.274180e-07	4929
607310	-1.273191e-06	1.101713e-08	4.726739e-07	11329
571861	-1.150702e-06	1.103099e-08	4.272530e-07	4929
599054	-1.273259e-06	1.105099e-08	4.724913e-07	11329
563605	-1.150763e-06	1.106159e-08	4.270880e-07	4929
590798	-1.273326e-06	1.108485e-08	4.723088e-07	11329
555349	-1.150824e-06	1.109219e-08	4.269230e-07	4929
582542	-1.273393e-06	1.111871e-08	4.721261e-07	11329
547093	-1.150885e-06	1.112279e-08	4.267580e-07	4929
574286	-1.273461e-06	1.115257e-08	4.719436e-07	11329
538837	-1.150946e-06	1.115339e-08	4.265929e-07	4929
530581	-1.151007e-06	1.118400e-08	4.264279e-07	4929
566030	-1.273528e-06	1.118643e-08	4.717610e-07	11329
522325	-1.151067e-06	1.121461e-08	4.262629e-07	4929
557774	-1.273596e-06	1.122030e-08	4.715783e-07	11329
514069	-1.151128e-06	1.124522e-08	4.260978e-07	4929
549518	-1.273663e-06	1.125416e-08	4.713957e-07	11329
505813	-1.151189e-06	1.127583e-08	4.259327e-07	4929
541262	-1.273730e-06	1.128803e-08	4.712131e-07	11329
497557	-1.151250e-06	1.130644e-08	4.257677e-07	4929
533006	-1.273797e-06	1.132190e-08	4.710304e-07	11329
489301	-1.151310e-06	1.133705e-08	4.256026e-07	4929
524750	-1.273865e-06	1.135578e-08	4.708478e-07	11329
481045	-1.151371e-06	1.136767e-08	4.254375e-07	4929
516494	-1.273932e-06	1.138965e-08	4.706651e-07	11329
472789	-1.151432e-06	1.139829e-08	4.252724e-07	4929
508238	-1.273999e-06	1.142353e-08	4.704824e-07	11329
464533	-1.151493e-06	1.142891e-08	4.251073e-07	4929
499982	-1.274066e-06	1.145741e-08	4.702997e-07	11329
456277	-1.151553e-06	1.145953e-08	4.249422e-07	4929
448021	-1.151614e-06	1.149015e-08	4.247771e-07	4929
491726	-1.274133e-06	1.149129e-08	4.701170e-07	11329
439765	-1.151674e-06	1.152077e-08	4.246119e-07	4929
483470	-1.274200e-06	1.152517e-08	4.699343e-07	11329
431509	-1.151735e-06	1.155140e-08	4.244468e-07	4929
475214	-1.274267e-06	1.155905e-08	4.697516e-07	11329
423253	-1.151795e-06	1.158203e-08	4.242816e-07	4929
466958	-1.274334e-06	1.159294e-08	4.695689e-07	11329
414997	-1.151856e-06	1.161265e-08	4.241165e-07	4929
458702	-1.274401e-06	1.162682e-08	4.693862e-07	11329
406741	-1.151917e-06	1.164328e-08	4.239513e-07	4929
450446	-1.274468e-06	1.166071e-08	4.692034e-07	11329
398485	-1.151977e-06	1.167392e-08	4.237861e-07	4929
442190	-1.274535e-06	1.169460e-08	4.690207e-07	11329
390229	-1.152037e-06	1.170455e-08	4.236209e-07	4929
433934	-1.274602e-06	1.172850e-08	4.688379e-07	11329
381973	-1.152098e-06	1.173518e-08	4.234557e-07	4929
425678	-1.274669e-06	1.176239e-08	4.686551e-07	11329
373717	-1.152158e-06	1.176582e-08	4.232905e-07	4929
417422	-1.274736e-06	1.179629e-08	4.684724e-07	11329
365461	-1.152219e-06	1.179646e-08	4.231253e-07	4929
357205	-1.152279e-06	1.182710e-08	4.229601e-07	4929
409166	-1.274803e-06	1.183019e-08	4.682896e-07	11329
348949	-1.152339e-06	1.185774e-08	4.227949e-07	4929
400910	-1.274870e-06	1.186408e-08	4.681068e-07	11329
340693	-1.152400e-06	1.188838e-08	4.226296e-07	4929
392654	-1.274936e-06	1.189799e-08	4.679240e-07	11329
332437	-1.152460e-06	1.191903e-08	4.224644e-07	4929
384398	-1.275003e-06	1.193189e-08	4.677412e-07	11329
324181	-1.152520e-06	1.194968e-08	4.222991e-07	4929
376142	-1.275070e-06	1.196580e-08	4.675583e-07	11329
315925	-1.152580e-06	1.198032e-08	4.221339e-07	4929
367886	-1.275137e-06	1.199970e-08	4.673755e-07	11329
307669	-1.152640e-06	1.201097e-08	4.219686e-07	4929
359630	-1.275203e-06	1.203361e-08	4.671926e-07	11329
299413	-1.152701e-06	1.204163e-08	4.218033e-07	4929
351374	-1.275270e-06	1.206752e-08	4.670098e-07	11329
291157	-1.152761e-06	1.207228e-08	4.216380e-07	4929
343118	-1.275337e-06	1.210143e-08	4.668269e-07	11329
282901	-1.152821e-06	1.210293e-08	4.214727e-07	4929
274645	-1.152881e-06	1.213359e-08	4.213074e-07	4929
334862	-1.275403e-06	1.213535e-08	4.666441e-07	11329
266389	-1.152941e-06	1.216425e-08	4.211421e-07	4929
326606	-1.275470e-06	1.216926e-08	4.664612e-07	11329
1149890	-1.189702e-06	1.218326e-08	4.579168e-07	5185
258133	-1.153001e-06	1.219491e-08	4.209768e-07	4929
318350	-1.275536e-06	1.220318e-08	4.662783e-07	11329
1141634	-1.189767e-06	1.221490e-08	4.577462e-07	5185
249877	-1.153061e-06	1.222557e-08	4.208114e-07	4929
310094	-1.275603e-06	1.223710e-08	4.660954e-07	11329
1133378	-1.189833e-06	1.224654e-08	4.575756e-07	5185
241621	-1.153121e-06	1.225623e-08	4.206461e-07	4929
301838	-1.275669e-06	1.227102e-08	4.659124e-07	11329
1125122	-1.189898e-06	1.227817e-08	4.574050e-07	5185
233365	-1.153181e-06	1.228689e-08	4.204807e-07	4929
293582	-1.275736e-06	1.230495e-08	4.657295e-07	11329
1116866	-1.189963e-06	1.230981e-08	4.572344e-07	5185
225109	-1.153241e-06	1.231756e-08	4.203154e-07	4929
285326	-1.275802e-06	1.233887e-08	4.655466e-07	11329
1108610	-1.190028e-06	1.234146e-08	4.570637e-07	5185
216853	-1.153301e-06	1.234823e-08	4.201500e-07	4929
277070	-1.275869e-06	1.237280e-08	4.653637e-07	11329
1100354	-1.190093e-06	1.237310e-08	4.568931e-07	5185
208597	-1.153361e-06	1.237890e-08	4.199846e-07	4929
1092098	-1.190159e-06	1.240474e-08	4.567225e-07	5185
268814	-1.275935e-06	1.240673e-08	4.651807e-07	11329
200341	-1.153421e-06	1.240957e-08	4.198192e-07	4929
1083842	-1.190224e-06	1.243639e-08	4.565518e-07	5185
192085	-1.153481e-06	1.244024e-08	4.196538e-07	4929
260558	-1.276002e-06	1.244066e-08	4.649977e-07	11329
1075586	-1.190289e-06	1.246804e-08	4.563811e-07	5185
183829	-1.153541e-06	1.247091e-08	4.194885e-07	4929
252302	-1.276068e-06	1.247459e-08	4.648148e-07	11329
1067330	-1.190354e-06	1.249969e-08	4.562104e-07	5185
175573	-1.153600e-06	1.250159e-08	4.193230e-07	4929
244046	-1.276134e-06	1.250852e-08	4.646318e-07	11329
1059074	-1.190419e-06	1.253134e-08	4.560397e-07	5185
167317	-1.153660e-06	1.253227e-08	4.191576e-07	4929
235790	-1.276200e-06	1.254246e-08	4.644488e-07	11329
159061	-1.153720e-06	1.256295e-08	4.189922e-07	4929
1050818	-1.190484e-06	1.256300e-08	4.558690e-07	5185
227534	-1.276267e-06	1.257640e-08	4.642658e-07	11329
150805	-1.153780e-06	1.259363e-08	4.188267e-07	4929
1042562	-1.190549e-06	1.259466e-08	4.556983e-07	5185
219278	-1.276333e-06	1.261033e-08	4.640828e-07	11329
142549	-1.153839e-06	1.262431e-08	4.186613e-07	4929
1034306	-1.190614e-06	1.262631e-08	4.555276e-07	5185
211022	-1.276399e-06	1.264427e-08	4.638998e-07	11329
134293	-1.153899e-06	1.265499e-08	4.184959e-07	4929
1026050	-1.190679e-06	1.265797e-08	4.553569e-07	5185
202766	-1.276465e-06	1.267822e-08	4.637167e-07	11329
126037	-1.153959e-06	1.268568e-08	4.183304e-07	4929
1017794	-1.190744e-06	1.268963e-08	4.551862e-07	5185
194510	-1.276531e-06	1.271216e-08	4.635337e-07	11329
117781	-1.154018e-06	1.271636e-08	4.181649e-07	4929
1009538	-1.190809e-06	1.272130e-08	4.550154e-07	5185
186254	-1.276598e-06	1.274611e-08	4.633507e-07	11329
109525	-1.154078e-06	1.274705e-08	4.179994e-07	4929
1001282	-1.190874e-06	1.275296e-08	4.548447e-07	5185
101269	-1.154138e-06	1.277774e-08	4.178339e-07	4929
177998	-1.276664e-06	1.278006e-08	4.631676e-07	11329
993026	-1.190939e-06	1.278463e-08	4.546739e-07	5185
93013	-1.154197e-06	1.280843e-08	4.176684e-07	4929
169742	-1.276730e-06	1.281401e-08	4.629845e-07	11329
984770	-1.191004e-06	1.281630e-08	4.545031e-07	5185
84757	-1.154257e-06	1.283913e-08	4.175029e-07	4929
161486	-1.276796e-06	1.284796e-08	4.628014e-07	11329
976514	-1.191068e-06	1.284797e-08	4.543323e-07	5185
76501	-1.154316e-06	1.286982e-08	4.173374e-07	4929
968258	-1.191133e-06	1.287964e-08	4.541616e-07	5185
153230	-1.276862e-06	1.288191e-08	4.626184e-07	11329
68245	-1.154376e-06	1.290052e-08	4.171719e-07	4929
960002	-1.191198e-06	1.291131e-08	4.539907e-07	5185
144974	-1.276928e-06	1.291587e-08	4.624353e-07	11329
59989	-1.154435e-06	1.293122e-08	4.170064e-07	4929
951746	-1.191263e-06	1.294299e-08	4.538199e-07	5185
136718	-1.276994e-06	1.294982e-08	4.622522e-07	11329
51733	-1.154494e-06	1.296192e-08	4.168408e-07	4929
943490	-1.191327e-06	1.297466e-08	4.536491e-07	5185
128462	-1.277060e-06	1.298378e-08	4.620691e-07	11329
43477	-1.154554e-06	1.299262e-08	4.166753e-07	4929
935234	-1.191392e-06	1.300634e-08	4.534783e-07	5185
120206	-1.277125e-06	1.301774e-08	4.618859e-07	11329
35221	-1.154613e-06	1.302332e-08	4.165097e-07	4929
926978	-1.191457e-06	1.303802e-08	4.533075e-07	5185
111950	-1.277191e-06	1.305170e-08	4.617028e-07	11329
26965	-1.154673e-06	1.305402e-08	4.163442e-07	4929
918722	-1.191521e-06	1.306970e-08	4.531366e-07	5185
18709	-1.154732e-06	1.308473e-08	4.161786e-07	4929
103694	-1.277257e-06	1.308567e-08	4.615196e-07	11329
910466	-1.191586e-06	1.310139e-08	4.529657e-07	5185
10453	-1.154791e-06	1.311544e-08	4.160130e-07	4929
95438	-1.277323e-06	1.311963e-08	4.613365e-07	11329
902210	-1.191651e-06	1.313307e-08	4.527949e-07	5185
2197	-1.154851e-06	1.314615e-08	4.158474e-07	4929
87182	-1.277389e-06	1.315360e-08	4.611533e-07	11329
893954	-1.191715e-06	1.316476e-08	4.526240e-07	5185
78926	-1.277455e-06	1.318757e-08	4.609702e-07	11329
885698	-1.191780e-06	1.319645e-08	4.524531e-07	5185
70670	-1.277520e-06	1.322154e-08	4.607870e-07	11329
877442	-1.191844e-06	1.322814e-08	4.522822e-07	5185
62414	-1.277586e-06	1.325551e-08	4.606038e-07	11329
869186	-1.191909e-06	1.325983e-08	4.521113e-07	5185
54158	-1.277652e-06	1.328949e-08	4.604206e-07	11329
860930	-1.191973e-06	1.329153e-08	4.519404e-07	5185
852674	-1.192038e-06	1.332322e-08	4.517695e-07	5185
45902	-1.277717e-06	1.332347e-08	4.602374e-07	11329
844418	-1.192102e-06	1.335492e-08	4.515985e-07	5185
37646	-1.277783e-06	1.335744e-08	4.600542e-07	11329
836162	-1.192166e-06	1.338662e-08	4.514276e-07	5185
29390	-1.277849e-06	1.339142e-08	4.598710e-07	11329
827906	-1.192231e-06	1.341832e-08	4.512567e-07	5185
21134	-1.277914e-06	1.342541e-08	4.596877e-07	11329
819650	-1.192295e-06	1.345003e-08	4.510857e-07	5185
12878	-1.277980e-06	1.345939e-08	4.595045e-07	11329
811394	-1.192359e-06	1.348173e-08	4.509147e-07	5185
4622	-1.278045e-06	1.349337e-08	4.593212e-07	11329
803138	-1.192424e-06	1.351344e-08	4.507438e-07	5185
794882	-1.192488e-06	1.354514e-08	4.505728e-07	5185
786626	-1.192552e-06	1.357685e-08	4.504018e-07	5185
778370	-1.192616e-06	1.360857e-08	4.502307e-07	5185
770114	-1.192681e-06	1.364028e-08	4.500597e-07	5185
761858	-1.192745e-06	1.367199e-08	4.498887e-07	5185
753602	-1.192809e-06	1.370371e-08	4.497177e-07	5185
745346	-1.192873e-06	1.373543e-08	4.495466e-07	5185
737090	-1.192937e-06	1.376715e-08	4.493756e-07	5185
728834	-1.193001e-06	1.379887e-08	4.492045e-07	5185
720578	-1.193065e-06	1.383059e-08	4.490335e-07	5185
712322	-1.193129e-06	1.386232e-08	4.488624e-07	5185
704066	-1.193193e-06	1.389405e-08	4.486913e-07	5185
695810	-1.193257e-06	1.392578e-08	4.485202e-07	5185
687554	-1.193321e-06	1.395751e-08	4.483491e-07	5185
679298	-1.193385e-06	1.398924e-08	4.481780e-07	5185
671042	-1.193449e-06	1.402097e-08	4.480069e-07	5185
662786	-1.193513e-06	1.405271e-08	4.478357e-07	5185
654530	-1.193577e-06	1.408444e-08	4.476646e-07	5185
646274	-1.193640e-06	1.411618e-08	4.474934e-07	5185
638018	-1.193704e-06	1.414792e-08	4.473223e-07	5185
629762	-1.193768e-06	1.417967e-08	4.471511e-07	5185
621506	-1.193832e-06	1.421141e-08	4.469799e-07	5185
613250	-1.193895e-06	1.424316e-08	4.468087e-07	5185
604994	-1.193959e-06	1.427490e-08	4.466375e-07	5185
596738	-1.194023e-06	1.430665e-08	4.464663e-07	5185
588482	-1.194086e-06	1.433841e-08	4.462951e-07	5185
580226	-1.194150e-06	1.437016e-08	4.461239e-07	5185
571970	-1.194213e-06	1.440191e-08	4.459527e-07	5185
563714	-1.194277e-06	1.443367e-08	4.457814e-07	5185
555458	-1.194340e-06	1.446543e-08	4.456101e-07	5185
547202	-1.194404e-06	1.449719e-08	4.454389e-07	5185
538946	-1.194467e-06	1.452895e-08	4.452676e-07	5185
530690	-1.194531e-06	1.456071e-08	4.450963e-07	5185
522434	-1.194594e-06	1.459247e-08	4.449251e-07	5185
514178	-1.194658e-06	1.462424e-08	4.447538e-07	5185
505922	-1.194721e-06	1.465601e-08	4.445824e-07	5185
497666	-1.194784e-06	1.468778e-08	4.444111e-07	5185
489410	-1.194848e-06	1.471955e-08	4.442398e-07	5185
481154	-1.194911e-06	1.475132e-08	4.440685e-07	5185
472898	-1.194974e-06	1.478310e-08	4.438971e-07	5185
464642	-1.195038e-06	1.481488e-08	4.437258e-07	5185
456386	-1.195101e-06	1.484665e-08	4.435544e-07	5185
448130	-1.195164e-06	1.487843e-08	4.433830e-07	5185
439874	-1.195227e-06	1.491022e-08	4.432117e-07	5185
431618	-1.195290e-06	1.494200e-08	4.430403e-07	5185
423362	-1.195353e-06	1.497378e-08	4.428689e-07	5185
415106	-1.195417e-06	1.500557e-08	4.426975e-07	5185
406850	-1.195480e-06	1.503736e-08	4.425260e-07	5185
398594	-1.195543e-06	1.506915e-08	4.423546e-07	5185
390338	-1.195606e-06	1.510094e-08	4.421832e-07	5185
382082	-1.195669e-06	1.513273e-08	4.420118e-07	5185
373826	-1.195732e-06	1.516453e-08	4.418403e-07	5185
365570	-1.195795e-06	1.519633e-08	4.416688e-07	5185
357314	-1.195857e-06	1.522812e-08	4.414974e-07	5185
349058	-1.195920e-06	1.525992e-08	4.413259e-07	5185
340802	-1.195983e-06	1.529173e-08	4.411544e-07	5185
332546	-1.196046e-06	1.532353e-08	4.409829e-07	5185
324290	-1.196109e-06	1.535534e-08	4.408114e-07	5185
316034	-1.196172e-06	1.538714e-08	4.406399e-07	5185
307778	-1.196234e-06	1.541895e-08	4.404684e-07	5185
299522	-1.196297e-06	1.545076e-08	4.402968e-07	5185
291266	-1.196360e-06	1.548258e-08	4.401253e-07	5185
283010	-1.196423e-06	1.551439e-08	4.399537e-07	5185
274754	-1.196485e-06	1.554620e-08	4.397822e-07	5185
266498	-1.196548e-06	1.557802e-08	4.396106e-07	5185
258242	-1.196610e-06	1.560984e-08	4.394390e-07	5185
249986	-1.196673e-06	1.564166e-08	4.392674e-07	5185
241730	-1.196736e-06	1.567348e-08	4.390959e-07	5185
233474	-1.196798e-06	1.570531e-08	4.389242e-07	5185
225218	-1.196861e-06	1.573713e-08	4.387526e-07	5185
216962	-1.196923e-06	1.576896e-08	4.385810e-07	5185
208706	-1.196986e-06	1.580079e-08	4.384094e-07	5185
200450	-1.197048e-06	1.583262e-08	4.382377e-07	5185
192194	-1.197110e-06	1.586445e-08	4.380661e-07	5185
183938	-1.197173e-06	1.589629e-08	4.378944e-07	5185
175682	-1.197235e-06	1.592812e-08	4.377227e-07	5185
167426	-1.197297e-06	1.595996e-08	4.375511e-07	5185
159170	-1.197360e-06	1.599180e-08	4.373794e-07	5185
150914	-1.197422e-06	1.602364e-08	4.372077e-07	5185
142658	-1.197484e-06	1.605548e-08	4.370360e-07	5185
134402	-1.197547e-06	1.608732e-08	4.368643e-07	5185
126146	-1.197609e-06	1.611917e-08	4.366926e-07	5185
117890	-1.197671e-06	1.615102e-08	4.365208e-07	5185
109634	-1.197733e-06	1.618287e-08	4.363491e-07	5185
101378	-1.197795e-06	1.621472e-08	4.361773e-07	5185
93122	-1.197857e-06	1.624657e-08	4.360056e-07	5185
84866	-1.197919e-06	1.627842e-08	4.358338e-07	5185
76610	-1.197981e-06	1.631028e-08	4.356621e-07	5185
68354	-1.198043e-06	1.634214e-08	4.354903e-07	5185
60098	-1.198105e-06	1.637400e-08	4.353185e-07	5185
51842	-1.198167e-06	1.640586e-08	4.351467e-07	5185
43586	-1.198229e-06	1.643772e-08	4.349749e-07	5185
35330	-1.198291e-06	1.646958e-08	4.348030e-07	5185
27074	-1.198353e-06	1.650145e-08	4.346312e-07	5185
18818	-1.198415e-06	1.653332e-08	4.344594e-07	5185
10562	-1.198477e-06	1.656518e-08	4.342875e-07	5185
2306	-1.198539e-06	1.659705e-08	4.341157e-07	5185
1148395	-1.310587e-06	1.725681e-08	5.067042e-07	1857
1140139	-1.310659e-06	1.729166e-08	5.065162e-07	1857
1131883	-1.310731e-06	1.732651e-08	5.063283e-07	1857
1123627	-1.310803e-06	1.736136e-08	5.061403e-07	1857
1115371	-1.310876e-06	1.739622e-08	5.059524e-07	1857
1107115	-1.310948e-06	1.743108e-08	5.057644e-07	1857
1098859	-1.311020e-06	1.746594e-08	5.055765e-07	1857
1090603	-1.311092e-06	1.750080e-08	5.053885e-07	1857
1082347	-1.311164e-06	1.753566e-08	5.052004e-07	1857
1074091	-1.311236e-06	1.757052e-08	5.050125e-07	1857
1065835	-1.311308e-06	1.760539e-08	5.048244e-07	1857
1057579	-1.311379e-06	1.764026e-08	5.046364e-07	1857
1049323	-1.311451e-06	1.767513e-08	5.044483e-07	1857
1041067	-1.311523e-06	1.771000e-08	5.042603e-07	1857
1032811	-1.311595e-06	1.774488e-08	5.040722e-07	1857
1024555	-1.311667e-06	1.777975e-08	5.038842e-07	1857
1016299	-1.311739e-06	1.781463e-08	5.036961e-07	1857
1008043	-1.311810e-06	1.784951e-08	5.035080e-07	1857
999787	-1.311882e-06	1.788439e-08	5.033199e-07	1857
991531	-1.311954e-06	1.791928e-08	5.031317e-07	1857
983275	-1.312025e-06	1.795416e-08	5.029436e-07	1857
975019	-1.312097e-06	1.798905e-08	5.027555e-07	1857
966763	-1.312168e-06	1.802394e-08	5.025673e-07	1857
958507	-1.312240e-06	1.805883e-08	5.023792e-07	1857
950251	-1.312312e-06	1.809373e-08	5.021910e-07	1857
941995	-1.312383e-06	1.812862e-08	5.020028e-07	1857
933739	-1.312455e-06	1.816352e-08	5.018146e-07	1857
925483	-1.312526e-06	1.819842e-08	5.016265e-07	1857
917227	-1.312598e-06	1.823332e-08	5.014383e-07	1857
908971	-1.312669e-06	1.826822e-08	5.012500e-07	1857
900715	-1.312740e-06	1.830313e-08	5.010618e-07	1857
892459	-1.312812e-06	1.833804e-08	5.008736e-07	1857
884203	-1.312883e-06	1.837294e-08	5.006853e-07	1857
875947	-1.312954e-06	1.840785e-08	5.004970e-07	1857
867691	-1.313026e-06	1.844277e-08	5.003088e-07	1857
859435	-1.313097e-06	1.847768e-08	5.001205e-07	1857
851179	-1.313168e-06	1.851260e-08	4.999322e-07	1857
842923	-1.313239e-06	1.854752e-08	4.997439e-07	1857
834667	-1.313310e-06	1.858244e-08	4.995556e-07	1857
826411	-1.313381e-06	1.861736e-08	4.993673e-07	1857
818155	-1.313452e-06	1.865229e-08	4.991790e-07	1857
809899	-1.313524e-06	1.868721e-08	4.989906e-07	1857
801643	-1.313595e-06	1.872214e-08	4.988023e-07	1857
793387	-1.313666e-06	1.875707e-08	4.986139e-07	1857
785131	-1.313737e-06	1.879200e-08	4.984255e-07	1857
776875	-1.313808e-06	1.882693e-08	4.982371e-07	1857
768619	-1.313878e-06	1.886187e-08	4.980487e-07	1857
760363	-1.313949e-06	1.889681e-08	4.978604e-07	1857
752107	-1.314020e-06	1.893175e-08	4.976719e-07	1857
743851	-1.314091e-06	1.896669e-08	4.974835e-07	1857
735595	-1.314162e-06	1.900163e-08	4.972950e-07	1857
727339	-1.314233e-06	1.903658e-08	4.971066e-07	1857
719083	-1.314304e-06	1.907152e-08	4.969182e-07	1857
710827	-1.314374e-06	1.910647e-08	4.967297e-07	1857
702571	-1.314445e-06	1.914142e-08	4.965412e-07	1857
694315	-1.314516e-06	1.917638e-08	4.963528e-07	1857
686059	-1.314586e-06	1.921133e-08	4.961643e-07	1857
677803	-1.314657e-06	1.924629e-08	4.959758e-07	1857
669547	-1.314727e-06	1.928125e-08	4.957872e-07	1857
661291	-1.314798e-06	1.931621e-08	4.955987e-07	1857
653035	-1.314869e-06	1.935117e-08	4.954102e-07	1857
644779	-1.314939e-06	1.938613e-08	4.952216e-07	1857
636523	-1.315010e-06	1.942110e-08	4.950331e-07	1857
628267	-1.315080e-06	1.945607e-08	4.948445e-07	1857
620011	-1.315150e-06	1.949104e-08	4.946559e-07	1857
611755	-1.315221e-06	1.952601e-08	4.944674e-07	1857
603499	-1.315291e-06	1.956098e-08	4.942788e-07	1857
595243	-1.315361e-06	1.959596e-08	4.940902e-07	1857
586987	-1.315432e-06	1.963094e-08	4.939016e-07	1857
578731	-1.315502e-06	1.966592e-08	4.937129e-07	1857
570475	-1.315572e-06	1.970090e-08	4.935243e-07	1857
562219	-1.315643e-06	1.973588e-08	4.933356e-07	1857
553963	-1.315713e-06	1.977086e-08	4.931470e-07	1857
545707	-1.315783e-06	1.980585e-08	4.929583e-07	1857
537451	-1.315853e-06	1.984084e-08	4.927696e-07	1857
529195	-1.315923e-06	1.987583e-08	4.925810e-07	1857
520939	-1.315993e-06	1.991082e-08	4.923922e-07	1857
512683	-1.316063e-06	1.994582e-08	4.922035e-07	1857
504427	-1.316133e-06	1.998082e-08	4.920149e-07	1857
496171	-1.316203e-06	2.001581e-08	4.918261e-07	1857
487915	-1.316273e-06	2.005081e-08	4.916374e-07	1857
479659	-1.316343e-06	2.008581e-08	4.914486e-07	1857
471403	-1.316413e-06	2.012082e-08	4.912599e-07	1857
463147	-1.316483e-06	2.015582e-08	4.910711e-07	1857
454891	-1.316553e-06	2.019083e-08	4.908823e-07	1857
446635	-1.316623e-06	2.022584e-08	4.906935e-07	1857
438379	-1.316693e-06	2.026085e-08	4.905048e-07	1857
430123	-1.316762e-06	2.029586e-08	4.903159e-07	1857
421867	-1.316832e-06	2.033088e-08	4.901271e-07	1857
413611	-1.316902e-06	2.036590e-08	4.899383e-07	1857
405355	-1.316972e-06	2.040092e-08	4.897495e-07	1857
1148273	-1.338265e-06	2.041141e-08	5.192508e-07	1601
397099	-1.317041e-06	2.043594e-08	4.895606e-07	1857
1140017	-1.338339e-06	2.044699e-08	5.190589e-07	1601
388843	-1.317111e-06	2.047096e-08	4.893718e-07	1857
1131761	-1.338413e-06	2.048258e-08	5.188670e-07	1601
380587	-1.317181e-06	2.050598e-08	4.891829e-07	1857
1123505	-1.338487e-06	2.051817e-08	5.186751e-07	1601
372331	-1.317250e-06	2.054101e-08	4.889940e-07	1857
1115249	-1.338561e-06	2.055376e-08	5.184831e-07	1601
364075	-1.317320e-06	2.057604e-08	4.888051e-07	1857
1106993	-1.338634e-06	2.058935e-08	5.182912e-07	1601
355819	-1.317389e-06	2.061107e-08	4.886163e-07	1857
1098737	-1.338708e-06	2.062495e-08	5.180992e-07	1601
347563	-1.317459e-06	2.064610e-08	4.884274e-07	1857
1090481	-1.338782e-06	2.066054e-08	5.179073e-07	1601
339307	-1.317528e-06	2.068113e-08	4.882384e-07	1857
1082225	-1.338856e-06	2.069614e-08	5.177153e-07	1601
331051	-1.317598e-06	2.071617e-08	4.880495e-07	1857
1073969	-1.338929e-06	2.073174e-08	5.175233e-07	1601
322795	-1.317667e-06	2.075121e-08	4.878606e-07	1857
1065713	-1.339003e-06	2.076735e-08	5.173313e-07	1601
314539	-1.317736e-06	2.078625e-08	4.876716e-07	1857
1057457	-1.339077e-06	2.080295e-08	5.171393e-07	1601
306283	-1.317806e-06	2.082129e-08	4.874827e-07	1857
1049201	-1.339150e-06	2.083856e-08	5.169473e-07	1601
298027	-1.317875e-06	2.085633e-08	4.872937e-07	1857
1040945	-1.339224e-06	2.087417e-08	5.167553e-07	1601
289771	-1.317944e-06	2.089138e-08	4.871047e-07	1857
1032689	-1.339297e-06	2.090978e-08	5.165632e-07	1601
281515	-1.318014e-06	2.092642e-08	4.869157e-07	1857
1024433	-1.339371e-06	2.094539e-08	5.163712e-07	1601
273259	-1.318083e-06	2.096147e-08	4.867267e-07	1857
1016177	-1.339444e-06	2.098101e-08	5.161791e-07	1601
265003	-1.318152e-06	2.099652e-08	4.865377e-07	1857
1007921	-1.339518e-06	2.101662e-08	5.159870e-07	1601
256747	-1.318221e-06	2.103157e-08	4.863487e-07	1857
999665	-1.339591e-06	2.105224e-08	5.157950e-07	1601
248491	-1.318291e-06	2.106663e-08	4.861597e-07	1857
991409	-1.339664e-06	2.108786e-08	5.156029e-07	1601
240235	-1.318360e-06	2.110168e-08	4.859706e-07	1857
983153	-1.339738e-06	2.112348e-08	5.154108e-07	1601
231979	-1.318429e-06	2.113674e-08	4.857816e-07	1857
974897	-1.339811e-06	2.115911e-08	5.152187e-07	1601
223723	-1.318498e-06	2.117180e-08	4.855926e-07	1857
966641	-1.339884e-06	2.119473e-08	5.150266e-07	1601
215467	-1.318567e-06	2.120686e-08	4.854035e-07	1857
958385	-1.339958e-06	2.123036e-08	5.148344e-07	1601
207211	-1.318636e-06	2.124193e-08	4.852144e-07	1857
950129	-1.340031e-06	2.126599e-08	5.146423e-07	1601
198955	-1.318705e-06	2.127699e-08	4.850253e-07	1857
941873	-1.340104e-06	2.130163e-08	5.144501e-07	1601
190699	-1.318774e-06	2.131206e-08	4.848362e-07	1857
933617	-1.340177e-06	2.133726e-08	5.142580e-07	1601
182443	-1.318843e-06	2.134713e-08	4.846472e-07	1857
925361	-1.340250e-06	2.137290e-08	5.140658e-07	1601
174187	-1.318912e-06	2.138220e-08	4.844580e-07	1857
917105	-1.340324e-06	2.140854e-08	5.138736e-07	1601
165931	-1.318981e-06	2.141727e-08	4.842689e-07	1857
908849	-1.340397e-06	2.144418e-08	5.136814e-07	1601
157675	-1.319049e-06	2.145235e-08	4.840797e-07	1857
900593	-1.340470e-06	2.147982e-08	5.134892e-07	1601
149419	-1.319118e-06	2.148742e-08	4.838906e-07	1857
892337	-1.340543e-06	2.151546e-08	5.132970e-07	1601
141163	-1.319187e-06	2.152250e-08	4.837015e-07	1857
884081	-1.340616e-06	2.155111e-08	5.131047e-07	1601
132907	-1.319256e-06	2.155758e-08	4.835123e-07	1857
875825	-1.340689e-06	2.158676e-08	5.129125e-07	1601
124651	-1.319325e-06	2.159266e-08	4.833232e-07	1857
867569	-1.340762e-06	2.162241e-08	5.127202e-07	1601
116395	-1.319393e-06	2.162775e-08	4.831339e-07	1857
859313	-1.340835e-06	2.165806e-08	5.125280e-07	1601
108139	-1.319462e-06	2.166283e-08	4.829448e-07	1857
851057	-1.340908e-06	2.169371e-08	5.123358e-07	1601
99883	-1.319531e-06	2.169792e-08	4.827556e-07	1857
842801	-1.340980e-06	2.172937e-08	5.121435e-07	1601
91627	-1.319599e-06	2.173301e-08	4.825663e-07	1857
834545	-1.341053e-06	2.176503e-08	5.119512e-07	1601
83371	-1.319668e-06	2.176810e-08	4.823771e-07	1857
826289	-1.341126e-06	2.180069e-08	5.117589e-07	1601
75115	-1.319736e-06	2.180320e-08	4.821879e-07	1857
818033	-1.341199e-06	2.183635e-08	5.115666e-07	1601
66859	-1.319805e-06	2.183829e-08	4.819987e-07	1857
809777	-1.341272e-06	2.187201e-08	5.113743e-07	1601
58603	-1.319874e-06	2.187339e-08	4.818094e-07	1857
801521	-1.341345e-06	2.190768e-08	5.111820e-07	1601
50347	-1.319942e-06	2.190849e-08	4.816201e-07	1857
793265	-1.341417e-06	2.194335e-08	5.109896e-07	1601
42091	-1.320010e-06	2.194359e-08	4.814308e-07	1857
33835	-1.320079e-06	2.197869e-08	4.812416e-07	1857
785009	-1.341490e-06	2.197902e-08	5.107972e-07	1601
25579	-1.320147e-06	2.201379e-08	4.810523e-07	1857
776753	-1.341562e-06	2.201469e-08	5.106049e-07	1601
17323	-1.320216e-06	2.204890e-08	4.808630e-07	1857
768497	-1.341635e-06	2.205036e-08	5.104125e-07	1601
9067	-1.320284e-06	2.208401e-08	4.806737e-07	1857
760241	-1.341708e-06	2.208604e-08	5.102201e-07	1601
811	-1.320352e-06	2.211912e-08	4.804843e-07	1857
751985	-1.341780e-06	2.212171e-08	5.100277e-07	1601
743729	-1.341853e-06	2.215739e-08	5.098353e-07	1601
735473	-1.341925e-06	2.219307e-08	5.096429e-07	1601
727217	-1.341998e-06	2.222876e-08	5.094505e-07	1601
718961	-1.342070e-06	2.226444e-08	5.092580e-07	1601
710705	-1.342143e-06	2.230013e-08	5.090656e-07	1601
702449	-1.342215e-06	2.233582e-08	5.088731e-07	1601
694193	-1.342287e-06	2.237151e-08	5.086807e-07	1601
685937	-1.342360e-06	2.240720e-08	5.084882e-07	1601
677681	-1.342432e-06	2.244290e-08	5.082957e-07	1601
669425	-1.342504e-06	2.247860e-08	5.081033e-07	1601
661169	-1.342577e-06	2.251429e-08	5.079107e-07	1601
652913	-1.342649e-06	2.255000e-08	5.077182e-07	1601
644657	-1.342721e-06	2.258570e-08	5.075257e-07	1601
636401	-1.342793e-06	2.262140e-08	5.073331e-07	1601
628145	-1.342865e-06	2.265711e-08	5.071406e-07	1601
619889	-1.342937e-06	2.269282e-08	5.069480e-07	1601
611633	-1.343009e-06	2.272853e-08	5.067554e-07	1601
603377	-1.343081e-06	2.276424e-08	5.065629e-07	1601
595121	-1.343153e-06	2.279996e-08	5.063703e-07	1601
586865	-1.343225e-06	2.283567e-08	5.061777e-07	1601
578609	-1.343297e-06	2.287139e-08	5.059851e-07	1601
570353	-1.343369e-06	2.290711e-08	5.057925e-07	1601
562097	-1.343441e-06	2.294283e-08	5.055998e-07	1601
553841	-1.343513e-06	2.297856e-08	5.054072e-07	1601
545585	-1.343585e-06	2.301428e-08	5.052145e-07	1601
537329	-1.343657e-06	2.305001e-08	5.050219e-07	1601
529073	-1.343729e-06	2.308574e-08	5.048292e-07	1601
520817	-1.343800e-06	2.312147e-08	5.046365e-07	1601
512561	-1.343872e-06	2.315721e-08	5.044438e-07	1601
504305	-1.343944e-06	2.319294e-08	5.042511e-07	1601
496049	-1.344015e-06	2.322868e-08	5.040584e-07	1601
487793	-1.344087e-06	2.326442e-08	5.038657e-07	1601
479537	-1.344159e-06	2.330016e-08	5.036729e-07	1601
471281	-1.344230e-06	2.333590e-08	5.034802e-07	1601
463025	-1.344302e-06	2.337165e-08	5.032875e-07	1601
454769	-1.344373e-06	2.340740e-08	5.030947e-07	1601
446513	-1.344445e-06	2.344314e-08	5.029019e-07	1601
438257	-1.344516e-06	2.347890e-08	5.027092e-07	1601
430001	-1.344588e-06	2.351465e-08	5.025163e-07	1601
421745	-1.344659e-06	2.355040e-08	5.023235e-07	1601
413489	-1.344731e-06	2.358616e-08	5.021307e-07	1601
405233	-1.344802e-06	2.362192e-08	5.019379e-07	1601
396977	-1.344873e-06	2.365768e-08	5.017450e-07	1601
388721	-1.344945e-06	2.369344e-08	5.015522e-07	1601
380465	-1.345016e-06	2.372921e-08	5.013594e-07	1601
372209	-1.345087e-06	2.376497e-08	5.011665e-07	1601
363953	-1.345158e-06	2.380074e-08	5.009736e-07	1601
355697	-1.345230e-06	2.383651e-08	5.007807e-07	1601
347441	-1.345301e-06	2.387228e-08	5.005878e-07	1601
339185	-1.345372e-06	2.390806e-08	5.003949e-07	1601
330929	-1.345443e-06	2.394383e-08	5.002020e-07	1601
322673	-1.345514e-06	2.397961e-08	5.000091e-07	1601
314417	-1.345585e-06	2.401539e-08	4.998161e-07	1601
306161	-1.345656e-06	2.405117e-08	4.996232e-07	1601
297905	-1.345727e-06	2.408695e-08	4.994303e-07	1601
289649	-1.345798e-06	2.412274e-08	4.992373e-07	1601
281393	-1.345869e-06	2.415853e-08	4.990443e-07	1601
273137	-1.345940e-06	2.419432e-08	4.988513e-07	1601
264881	-1.346011e-06	2.423011e-08	4.986583e-07	1601
256625	-1.346081e-06	2.426590e-08	4.984653e-07	1601
248369	-1.346152e-06	2.430169e-08	4.982722e-07	1601
240113	-1.346223e-06	2.433749e-08	4.980793e-07	1601
231857	-1.346294e-06	2.437329e-08	4.978862e-07	1601
223601	-1.346365e-06	2.440909e-08	4.976931e-07	1601
215345	-1.346435e-06	2.444489e-08	4.975001e-07	1601
207089	-1.346506e-06	2.448070e-08	4.973070e-07	1601
198833	-1.346577e-06	2.451650e-08	4.971139e-07	1601
190577	-1.346647e-06	2.455231e-08	4.969208e-07	1601
182321	-1.346718e-06	2.458812e-08	4.967278e-07	1601
174065	-1.346788e-06	2.462393e-08	4.965347e-07	1601
165809	-1.346859e-06	2.465975e-08	4.963415e-07	1601
157553	-1.346929e-06	2.469556e-08	4.961484e-07	1601
149297	-1.347000e-06	2.473138e-08	4.959552e-07	1601
141041	-1.347070e-06	2.476720e-08	4.957621e-07	1601
132785	-1.347141e-06	2.480302e-08	4.955689e-07	1601
124529	-1.347211e-06	2.483885e-08	4.953757e-07	1601
116273	-1.347281e-06	2.487467e-08	4.951826e-07	1601
108017	-1.347352e-06	2.491050e-08	4.949894e-07	1601
99761	-1.347422e-06	2.494633e-08	4.947962e-07	1601
91505	-1.347492e-06	2.498216e-08	4.946029e-07	1601
83249	-1.347563e-06	2.501799e-08	4.944097e-07	1601
74993	-1.347633e-06	2.505383e-08	4.942165e-07	1601
66737	-1.347703e-06	2.508966e-08	4.940233e-07	1601
58481	-1.347773e-06	2.512550e-08	4.938300e-07	1601
50225	-1.347843e-06	2.516134e-08	4.936368e-07	1601
41969	-1.347913e-06	2.519718e-08	4.934435e-07	1601
33713	-1.347983e-06	2.523303e-08	4.932502e-07	1601
25457	-1.348054e-06	2.526887e-08	4.930569e-07	1601
17201	-1.348124e-06	2.530472e-08	4.928636e-07	1601
8945	-1.348193e-06	2.534057e-08	4.926703e-07	1601
689	-1.348263e-06	2.537642e-08	4.924770e-07	1601
1152290	-1.250584e-06	3.334393e-08	4.974769e-07	11585
1144034	-1.250655e-06	3.337719e-08	4.972975e-07	11585
1135778	-1.250725e-06	3.341044e-08	4.971182e-07	11585
1127522	-1.250795e-06	3.344370e-08	4.969389e-07	11585
1119266	-1.250866e-06	3.347695e-08	4.967595e-07	11585
1111010	-1.250936e-06	3.351022e-08	4.965801e-07	11585
1102754	-1.251006e-06	3.354348e-08	4.964008e-07	11585
1094498	-1.251077e-06	3.357674e-08	4.962214e-07	11585
1086242	-1.251147e-06	3.361001e-08	4.960420e-07	11585
1077986	-1.251217e-06	3.364327e-08	4.958626e-07	11585
1069730	-1.251287e-06	3.367654e-08	4.956832e-07	11585
1061474	-1.251357e-06	3.370981e-08	4.955037e-07	11585
1053218	-1.251428e-06	3.374309e-08	4.953243e-07	11585
1044962	-1.251498e-06	3.377636e-08	4.951449e-07	11585
1036706	-1.251568e-06	3.380964e-08	4.949654e-07	11585
1028450	-1.251638e-06	3.384292e-08	4.947859e-07	11585
1020194	-1.251708e-06	3.387620e-08	4.946065e-07	11585
1011938	-1.251778e-06	3.390948e-08	4.944270e-07	11585
1003682	-1.251848e-06	3.394277e-08	4.942475e-07	11585
995426	-1.251918e-06	3.397605e-08	4.940680e-07	11585
987170	-1.251988e-06	3.400934e-08	4.938885e-07	11585
978914	-1.252058e-06	3.404263e-08	4.937089e-07	11585
970658	-1.252128e-06	3.407592e-08	4.935294e-07	11585
962402	-1.252197e-06	3.410922e-08	4.933498e-07	11585
954146	-1.252267e-06	3.414251e-08	4.931703e-07	11585
945890	-1.252337e-06	3.417581e-08	4.929908e-07	11585
937634	-1.252407e-06	3.420911e-08	4.928111e-07	11585
929378	-1.252476e-06	3.424241e-08	4.926316e-07	11585
921122	-1.252546e-06	3.427571e-08	4.924520e-07	11585
912866	-1.252616e-06	3.430902e-08	4.922724e-07	11585
904610	-1.252685e-06	3.434233e-08	4.920927e-07	11585
896354	-1.252755e-06	3.437564e-08	4.919131e-07	11585
888098	-1.252825e-06	3.440895e-08	4.917335e-07	11585
879842	-1.252894e-06	3.444226e-08	4.915539e-07	11585
871586	-1.252964e-06	3.447558e-08	4.913742e-07	11585
863330	-1.253033e-06	3.450889e-08	4.911945e-07	11585
855074	-1.253103e-06	3.454221e-08	4.910148e-07	11585
846818	-1.253172e-06	3.457553e-08	4.908351e-07	11585
838562	-1.253242e-06	3.460885e-08	4.906555e-07	11585
830306	-1.253311e-06	3.464218e-08	4.904758e-07	11585
822050	-1.253381e-06	3.467550e-08	4.902960e-07	11585
813794	-1.253450e-06	3.470883e-08	4.901163e-07	11585
805538	-1.253519e-06	3.474216e-08	4.899366e-07	11585
797282	-1.253589e-06	3.477549e-08	4.897568e-07	11585
789026	-1.253658e-06	3.480882e-08	4.895771e-07	11585
1148150	-1.287356e-06	3.481155e-08	5.124314e-07	1345
780770	-1.253727e-06	3.484216e-08	4.893973e-07	11585
1139894	-1.287429e-06	3.484577e-08	5.122468e-07	1345
772514	-1.253796e-06	3.487549e-08	4.892175e-07	11585
1131638	-1.287501e-06	3.488001e-08	5.120622e-07	1345
764258	-1.253866e-06	3.490883e-08	4.890377e-07	11585
1123382	-1.287574e-06	3.491424e-08	5.118775e-07	1345
756002	-1.253935e-06	3.494218e-08	4.888579e-07	11585
1115126	-1.287646e-06	3.494848e-08	5.116929e-07	1345
747746	-1.254004e-06	3.497552e-08	4.886782e-07	11585
1106870	-1.287719e-06	3.498272e-08	5.115083e-07	1345
739490	-1.254073e-06	3.500886e-08	4.884983e-07	11585
1098614	-1.287791e-06	3.501696e-08	5.113237e-07	1345
731234	-1.254142e-06	3.504221e-08	4.883185e-07	11585
1090358	-1.287863e-06	3.505120e-08	5.111390e-07	1345
722978	-1.254211e-06	3.507555e-08	4.881387e-07	11585
1082102	-1.287936e-06	3.508544e-08	5.109543e-07	1345
714722	-1.254280e-06	3.510890e-08	4.879588e-07	11585
1073846	-1.288008e-06	3.511969e-08	5.107696e-07	1345
706466	-1.254349e-06	3.514226e-08	4.877789e-07	11585
1065590	-1.288080e-06	3.515393e-08	5.105849e-07	1345
698210	-1.254418e-06	3.517561e-08	4.875991e-07	11585
1057334	-1.288153e-06	3.518818e-08	5.104002e-07	1345
689954	-1.254487e-06	3.520897e-08	4.874192e-07	11585
1049078	-1.288225e-06	3.522243e-08	5.102155e-07	1345
681698	-1.254556e-06	3.524232e-08	4.872393e-07	11585
1040822	-1.288297e-06	3.525669e-08	5.100308e-07	1345
673442	-1.254625e-06	3.527568e-08	4.870594e-07	11585
1032566	-1.288369e-06	3.529095e-08	5.098461e-07	1345
665186	-1.254694e-06	3.530904e-08	4.868795e-07	11585
1024310	-1.288441e-06	3.532520e-08	5.096613e-07	1345
656930	-1.254763e-06	3.534241e-08	4.866996e-07	11585
1016054	-1.288514e-06	3.535946e-08	5.094766e-07	1345
648674	-1.254832e-06	3.537577e-08	4.865197e-07	11585
1007798	-1.288586e-06	3.539372e-08	5.092918e-07	1345
640418	-1.254901e-06	3.540914e-08	4.863398e-07	11585
999542	-1.288658e-06	3.542799e-08	5.091071e-07	1345
632162	-1.254969e-06	3.544251e-08	4.861598e-07	11585
991286	-1.288730e-06	3.546225e-08	5.089223e-07	1345
623906	-1.255038e-06	3.547588e-08	4.859799e-07	11585
983030	-1.288802e-06	3.549652e-08	5.087375e-07	1345
615650	-1.255107e-06	3.550925e-08	4.857999e-07	11585
974774	-1.288874e-06	3.553079e-08	5.085527e-07	1345
607394	-1.255176e-06	3.554262e-08	4.856199e-07	11585
966518	-1.288946e-06	3.556506e-08	5.083678e-07	1345
599138	-1.255244e-06	3.557600e-08	4.854400e-07	11585
958262	-1.289018e-06	3.559933e-08	5.081830e-07	1345
590882	-1.255313e-06	3.560938e-08	4.852599e-07	11585
950006	-1.289090e-06	3.563360e-08	5.079982e-07	1345
582626	-1.255381e-06	3.564276e-08	4.850800e-07	11585
941750	-1.289161e-06	3.566788e-08	5.078133e-07	1345
574370	-1.255450e-06	3.567614e-08	4.848999e-07	11585
933494	-1.289233e-06	3.570216e-08	5.076284e-07	1345
566114	-1.255519e-06	3.570952e-08	4.847199e-07	11585
925238	-1.289305e-06	3.573644e-08	5.074436e-07	1345
557858	-1.255587e-06	3.574290e-08	4.845399e-07	11585
916982	-1.289377e-06	3.577073e-08	5.072587e-07	1345
549602	-1.255656e-06	3.577629e-08	4.843599e-07	11585
908726	-1.289449e-06	3.580501e-08	5.070738e-07	1345
541346	-1.255724e-06	3.580968e-08	4.841798e-07	11585
900470	-1.289520e-06	3.583930e-08	5.068889e-07	1345
533090	-1.255793e-06	3.584307e-08	4.839997e-07	11585
892214	-1.289592e-06	3.587358e-08	5.067040e-07	1345
524834	-1.255861e-06	3.587646e-08	4.838196e-07	11585
883958	-1.289664e-06	3.590787e-08	5.065191e-07	1345
516578	-1.255930e-06	3.590986e-08	4.836396e-07	11585
875702	-1.289736e-06	3.594216e-08	5.063342e-07	1345
508322	-1.255998e-06	3.594325e-08	4.834595e-07	11585
867446	-1.289807e-06	3.597646e-08	5.061493e-07	1345
500066	-1.256066e-06	3.597665e-08	4.832794e-07	11585
491810	-1.256135e-06	3.601005e-08	4.830993e-07	11585
859190	-1.289879e-06	3.601076e-08	5.059643e-07	1345
483554	-1.256203e-06	3.604345e-08	4.829192e-07	11585
850934	-1.289950e-06	3.604505e-08	5.057793e-07	1345
475298	-1.256271e-06	3.607686e-08	4.827390e-07	11585
842678	-1.290022e-06	3.607935e-08	5.055944e-07	1345
467042	-1.256339e-06	3.611026e-08	4.825589e-07	11585
834422	-1.290093e-06	3.611366e-08	5.054094e-07	1345
458786	-1.256408e-06	3.614367e-08	4.823787e-07	11585
826166	-1.290165e-06	3.614796e-08	5.052244e-07	1345
450530	-1.256476e-06	3.617708e-08	4.821986e-07	11585
817910	-1.290236e-06	3.618226e-08	5.050394e-07	1345
442274	-1.256544e-06	3.621049e-08	4.820184e-07	11585
809654	-1.290308e-06	3.621657e-08	5.048544e-07	1345
434018	-1.256612e-06	3.624390e-08	4.818382e-07	11585
801398	-1.290379e-06	3.625088e-08	5.046693e-07	1345
425762	-1.256680e-06	3.627731e-08	4.816580e-07	11585
793142	-1.290451e-06	3.628519e-08	5.044843e-07	1345
417506	-1.256748e-06	3.631073e-08	4.814779e-07	11585
784886	-1.290522e-06	3.631951e-08	5.042993e-07	1345
409250	-1.256816e-06	3.634415e-08	4.812976e-07	11585
776630	-1.290593e-06	3.635382e-08	5.041142e-07	1345
400994	-1.256884e-06	3.637757e-08	4.811174e-07	11585
768374	-1.290665e-06	3.638814e-08	5.039292e-07	1345
392738	-1.256952e-06	3.641099e-08	4.809372e-07	11585
760118	-1.290736e-06	3.642246e-08	5.037441e-07	1345
384482	-1.257020e-06	3.644442e-08	4.807570e-07	11585
751862	-1.290807e-06	3.645678e-08	5.035590e-07	1345
376226	-1.257088e-06	3.647784e-08	4.805767e-07	11585
743606	-1.290878e-06	3.649110e-08	5.033739e-07	1345
367970	-1.257156e-06	3.651127e-08	4.803965e-07	11585
735350	-1.290950e-06	3.652543e-08	5.031888e-07	1345
359714	-1.257224e-06	3.654469e-08	4.802162e-07	11585
727094	-1.291021e-06	3.655975e-08	5.030037e-07	1345
351458	-1.257292e-06	3.657813e-08	4.800359e-07	11585
718838	-1.291092e-06	3.659408e-08	5.028186e-07	1345
343202	-1.257360e-06	3.661156e-08	4.798556e-07	11585
710582	-1.291163e-06	3.662841e-08	5.026334e-07	1345
334946	-1.257428e-06	3.664499e-08	4.796753e-07	11585
702326	-1.291234e-06	3.666275e-08	5.024483e-07	1345
326690	-1.257495e-06	3.667843e-08	4.794950e-07	11585
694070	-1.291305e-06	3.669708e-08	5.022632e-07	1345
318434	-1.257563e-06	3.671187e-08	4.793147e-07	11585
685814	-1.291376e-06	3.673142e-08	5.020780e-07	1345
310178	-1.257631e-06	3.674531e-08	4.791344e-07	11585
677558	-1.291447e-06	3.676575e-08	5.018928e-07	1345
301922	-1.257699e-06	3.677875e-08	4.789540e-07	11585
669302	-1.291518e-06	3.680010e-08	5.017076e-07	1345
293666	-1.257766e-06	3.681219e-08	4.787737e-07	11585
661046	-1.291589e-06	3.683444e-08	5.015224e-07	1345
285410	-1.257834e-06	3.684564e-08	4.785933e-07	11585
652790	-1.291660e-06	3.686878e-08	5.013372e-07	1345
277154	-1.257902e-06	3.687909e-08	4.784130e-07	11585
644534	-1.291731e-06	3.690313e-08	5.011520e-07	1345
268898	-1.257969e-06	3.691254e-08	4.782326e-07	11585
636278	-1.291802e-06	3.693748e-08	5.009668e-07	1345
260642	-1.258037e-06	3.694598e-08	4.780522e-07	11585
628022	-1.291873e-06	3.697182e-08	5.007815e-07	1345
252386	-1.258104e-06	3.697944e-08	4.778718e-07	11585
619766	-1.291943e-06	3.700617e-08	5.005963e-07	1345
244130	-1.258172e-06	3.701289e-08	4.776914e-07	11585
611510	-1.292014e-06	3.704053e-08	5.004110e-07	1345
235874	-1.258239e-06	3.704635e-08	4.775110e-07	11585
603254	-1.292085e-06	3.707488e-08	5.002258e-07	1345
227618	-1.258307e-06	3.707981e-08	4.773306e-07	11585
594998	-1.292156e-06	3.710924e-08	5.000405e-07	1345
219362	-1.258374e-06	3.711327e-08	4.771501e-07	11585
586742	-1.292226e-06	3.714360e-08	4.998552e-07	1345
211106	-1.258442e-06	3.714673e-08	4.769697e-07	11585
578486	-1.292297e-06	3.717796e-08	4.996699e-07	1345
202850	-1.258509e-06	3.718019e-08	4.767893e-07	11585
570230	-1.292368e-06	3.721232e-08	4.994846e-07	1345
194594	-1.258577e-06	3.721366e-08	4.766088e-07	11585
561974	-1.292438e-06	3.724669e-08	4.992993e-07	1345
186338	-1.258644e-06	3.724712e-08	4.764283e-07	11585
178082	-1.258711e-06	3.728059e-08	4.762478e-07	11585
553718	-1.292509e-06	3.728105e-08	4.991140e-07	1345
169826	-1.258778e-06	3.731406e-08	4.760674e-07	11585
545462	-1.292579e-06	3.731542e-08	4.989287e-07	1345
161570	-1.258846e-06	3.734754e-08	4.758868e-07	11585
537206	-1.292650e-06	3.734980e-08	4.987433e-07	1345
153314	-1.258913e-06	3.738101e-08	4.757063e-07	11585
528950	-1.292721e-06	3.738417e-08	4.985579e-07	1345
145058	-1.258980e-06	3.741449e-08	4.755258e-07	11585
520694	-1.292791e-06	3.741854e-08	4.983726e-07	1345
136802	-1.259047e-06	3.744796e-08	4.753453e-07	11585
512438	-1.292861e-06	3.745292e-08	4.981872e-07	1345
128546	-1.259114e-06	3.748145e-08	4.751648e-07	11585
504182	-1.292932e-06	3.748730e-08	4.980018e-07	1345
120290	-1.259182e-06	3.751493e-08	4.749842e-07	11585
495926	-1.293002e-06	3.752168e-08	4.978164e-07	1345
112034	-1.259249e-06	3.754841e-08	4.748036e-07	11585
487670	-1.293073e-06	3.755606e-08	4.976310e-07	1345
103778	-1.259316e-06	3.758189e-08	4.746231e-07	11585
479414	-1.293143e-06	3.759044e-08	4.974456e-07	1345
95522	-1.259383e-06	3.761538e-08	4.744425e-07	11585
471158	-1.293213e-06	3.762483e-08	4.972601e-07	1345
87266	-1.259450e-06	3.764887e-08	4.742619e-07	11585
462902	-1.293284e-06	3.765921e-08	4.970747e-07	1345
79010	-1.259517e-06	3.768236e-08	4.740813e-07	11585
454646	-1.293354e-06	3.769360e-08	4.968893e-07	1345
70754	-1.259584e-06	3.771585e-08	4.739007e-07	11585
446390	-1.293424e-06	3.772799e-08	4.967038e-07	1345
62498	-1.259651e-06	3.774934e-08	4.737201e-07	11585
438134	-1.293494e-06	3.776239e-08	4.965183e-07	1345
54242	-1.259718e-06	3.778284e-08	4.735395e-07	11585
429878	-1.293564e-06	3.779678e-08	4.963329e-07	1345
45986	-1.259785e-06	3.781634e-08	4.733589e-07	11585
421622	-1.293635e-06	3.783118e-08	4.961474e-07	1345
37730	-1.259851e-06	3.784984e-08	4.731782e-07	11585
413366	-1.293705e-06	3.786558e-08	4.959619e-07	1345
29474	-1.259918e-06	3.788334e-08	4.729976e-07	11585
405110	-1.293775e-06	3.789998e-08	4.957764e-07	1345
21218	-1.259985e-06	3.791684e-08	4.728169e-07	11585
396854	-1.293845e-06	3.793438e-08	4.955909e-07	1345
12962	-1.260052e-06	3.795035e-08	4.726362e-07	11585
388598	-1.293915e-06	3.796879e-08	4.954053e-07	1345
4706	-1.260119e-06	3.798386e-08	4.724555e-07	11585
380342	-1.293985e-06	3.800319e-08	4.952198e-07	1345
372086	-1.294055e-06	3.803760e-08	4.950343e-07	1345
363830	-1.294125e-06	3.807201e-08	4.948487e-07	1345
355574	-1.294195e-06	3.810642e-08	4.946631e-07	1345
347318	-1.294265e-06	3.814084e-08	4.944775e-07	1345
339062	-1.294335e-06	3.817525e-08	4.942920e-07	1345
330806	-1.294404e-06	3.820967e-08	4.941064e-07	1345
322550	-1.294474e-06	3.824409e-08	4.939208e-07	1345
314294	-1.294544e-06	3.827851e-08	4.937351e-07	1345
306038	-1.294614e-06	3.831293e-08	4.935495e-07	1345
297782	-1.294684e-06	3.834736e-08	4.933639e-07	1345
289526	-1.294753e-06	3.838178e-08	4.931782e-07	1345
281270	-1.294823e-06	3.841621e-08	4.929926e-07	1345
273014	-1.294893e-06	3.845065e-08	4.928069e-07	1345
264758	-1.294962e-06	3.848508e-08	4.926212e-07	1345
256502	-1.295032e-06	3.851951e-08	4.924355e-07	1345
248246	-1.295101e-06	3.855395e-08	4.922499e-07	1345
239990	-1.295171e-06	3.858839e-08	4.920641e-07	1345
231734	-1.295240e-06	3.862283e-08	4.918784e-07	1345
223478	-1.295310e-06	3.865727e-08	4.916927e-07	1345
215222	-1.295379e-06	3.869171e-08	4.915069e-07	1345
206966	-1.295449e-06	3.872616e-08	4.913212e-07	1345
198710	-1.295518e-06	3.876061e-08	4.911354e-07	1345
190454	-1.295588e-06	3.879505e-08	4.909497e-07	1345
182198	-1.295657e-06	3.882950e-08	4.907639e-07	1345
173942	-1.295726e-06	3.886396e-08	4.905781e-07	1345
165686	-1.295796e-06	3.889841e-08	4.903923e-07	1345
157430	-1.295865e-06	3.893287e-08	4.902065e-07	1345
149174	-1.295934e-06	3.896733e-08	4.900207e-07	1345
140918	-1.296003e-06	3.900179e-08	4.898349e-07	1345
132662	-1.296072e-06	3.903625e-08	4.896490e-07	1345
124406	-1.296142e-06	3.907072e-08	4.894632e-07	1345
116150	-1.296211e-06	3.910518e-08	4.892773e-07	1345
107894	-1.296280e-06	3.913965e-08	4.890915e-07	1345
99638	-1.296349e-06	3.917412e-08	4.889056e-07	1345
91382	-1.296418e-06	3.920859e-08	4.887196e-07	1345
83126	-1.296487e-06	3.924307e-08	4.885338e-07	1345
74870	-1.296556e-06	3.927754e-08	4.883479e-07	1345
66614	-1.296625e-06	3.931202e-08	4.881620e-07	1345
58358	-1.296694e-06	3.934650e-08	4.879760e-07	1345
50102	-1.296763e-06	3.938098e-08	4.877901e-07	1345
41846	-1.296832e-06	3.941546e-08	4.876042e-07	1345
33590	-1.296901e-06	3.944995e-08	4.874182e-07	1345
25334	-1.296969e-06	3.948443e-08	4.872322e-07	1345
17078	-1.297038e-06	3.951892e-08	4.870462e-07	1345
8822	-1.297107e-06	3.955341e-08	4.868602e-07	1345
566	-1.297176e-06	3.958790e-08	4.866743e-07	1345
1149998	-1.216256e-06	4.549290e-08	4.944972e-07	5441
1141742	-1.216325e-06	4.552524e-08	4.943228e-07	5441
1133486	-1.216395e-06	4.555758e-08	4.941483e-07	5441
1125230	-1.216465e-06	4.558992e-08	4.939739e-07	5441
1116974	-1.216534e-06	4.562227e-08	4.937995e-07	5441
1108718	-1.216604e-06	4.565461e-08	4.936250e-07	5441
1100462	-1.216673e-06	4.568696e-08	4.934506e-07	5441
1092206	-1.216743e-06	4.571931e-08	4.932761e-07	5441
1083950	-1.216812e-06	4.575166e-08	4.931017e-07	5441
1075694	-1.216882e-06	4.578402e-08	4.929271e-07	5441
1067438	-1.216951e-06	4.581637e-08	4.927527e-07	5441
1059182	-1.217021e-06	4.584873e-08	4.925782e-07	5441
1050926	-1.217090e-06	4.588109e-08	4.924037e-07	5441
1042670	-1.217159e-06	4.591345e-08	4.922292e-07	5441
1034414	-1.217229e-06	4.594581e-08	4.920546e-07	5441
1026158	-1.217298e-06	4.597818e-08	4.918801e-07	5441
1017902	-1.217368e-06	4.601054e-08	4.917055e-07	5441
1009646	-1.217437e-06	4.604291e-08	4.915310e-07	5441
1001390	-1.217506e-06	4.607528e-08	4.913564e-07	5441
993134	-1.217575e-06	4.610765e-08	4.911818e-07	5441
984878	-1.217644e-06	4.614003e-08	4.910072e-07	5441
976622	-1.217714e-06	4.617241e-08	4.908326e-07	5441
968366	-1.217783e-06	4.620479e-08	4.906580e-07	5441
960110	-1.217852e-06	4.623717e-08	4.904834e-07	5441
951854	-1.217921e-06	4.626954e-08	4.903088e-07	5441
943598	-1.217990e-06	4.630193e-08	4.901341e-07	5441
935342	-1.218059e-06	4.633431e-08	4.899595e-07	5441
927086	-1.218128e-06	4.636670e-08	4.897848e-07	5441
918830	-1.218197e-06	4.639909e-08	4.896102e-07	5441
910574	-1.218266e-06	4.643148e-08	4.894355e-07	5441
902318	-1.218335e-06	4.646387e-08	4.892607e-07	5441
894062	-1.218404e-06	4.649627e-08	4.890861e-07	5441
885806	-1.218473e-06	4.652867e-08	4.889114e-07	5441
877550	-1.218542e-06	4.656106e-08	4.887366e-07	5441
869294	-1.218610e-06	4.659346e-08	4.885619e-07	5441
861038	-1.218679e-06	4.662587e-08	4.883872e-07	5441
852782	-1.218748e-06	4.665827e-08	4.882124e-07	5441
844526	-1.218817e-06	4.669068e-08	4.880376e-07	5441
836270	-1.218885e-06	4.672308e-08	4.878629e-07	5441
828014	-1.218954e-06	4.675549e-08	4.876881e-07	5441
819758	-1.219023e-06	4.678790e-08	4.875133e-07	5441
811502	-1.219091e-06	4.682032e-08	4.873385e-07	5441
803246	-1.219160e-06	4.685273e-08	4.871637e-07	5441
794990	-1.219229e-06	4.688515e-08	4.869889e-07	5441
786734	-1.219297e-06	4.691757e-08	4.868141e-07	5441
778478	-1.219366e-06	4.694999e-08	4.866392e-07	5441
770222	-1.219434e-06	4.698241e-08	4.864644e-07	5441
761966	-1.219503e-06	4.701483e-08	4.862895e-07	5441
753710	-1.219571e-06	4.704726e-08	4.861147e-07	5441
745454	-1.219640e-06	4.707969e-08	4.859398e-07	5441
737198	-1.219708e-06	4.711212e-08	4.857649e-07	5441
728942	-1.219776e-06	4.714455e-08	4.855900e-07	5441
720686	-1.219845e-06	4.717698e-08	4.854151e-07	5441
712430	-1.219913e-06	4.720942e-08	4.852402e-07	5441
704174	-1.219981e-06	4.724185e-08	4.850652e-07	5441
695918	-1.220050e-06	4.727429e-08	4.848903e-07	5441
687662	-1.220118e-06	4.730673e-08	4.847154e-07	5441
679406	-1.220186e-06	4.733918e-08	4.845404e-07	5441
671150	-1.220254e-06	4.737162e-08	4.843654e-07	5441
662894	-1.220323e-06	4.740407e-08	4.841905e-07	5441
654638	-1.220391e-06	4.743652e-08	4.840155e-07	5441
646382	-1.220459e-06	4.746897e-08	4.838405e-07	5441
638126	-1.220527e-06	4.750142e-08	4.836655e-07	5441
629870	-1.220595e-06	4.753387e-08	4.834905e-07	5441
621614	-1.220663e-06	4.756632e-08	4.833154e-07	5441
613358	-1.220731e-06	4.759878e-08	4.831404e-07	5441
605102	-1.220799e-06	4.763124e-08	4.829654e-07	5441
596846	-1.220867e-06	4.766370e-08	4.827903e-07	5441
588590	-1.220935e-06	4.769617e-08	4.826153e-07	5441
580334	-1.221003e-06	4.772863e-08	4.824402e-07	5441
572078	-1.221071e-06	4.776109e-08	4.822651e-07	5441
563822	-1.221139e-06	4.779356e-08	4.820900e-07	5441
555566	-1.221207e-06	4.782603e-08	4.819149e-07	5441
547310	-1.221274e-06	4.785851e-08	4.817398e-07	5441
539054	-1.221342e-06	4.789098e-08	4.815647e-07	5441
530798	-1.221410e-06	4.792345e-08	4.813896e-07	5441
522542	-1.221478e-06	4.795593e-08	4.812144e-07	5441
514286	-1.221545e-06	4.798841e-08	4.810393e-07	5441
506030	-1.221613e-06	4.802089e-08	4.808641e-07	5441
497774	-1.221681e-06	4.805337e-08	4.806889e-07	5441
489518	-1.221748e-06	4.808586e-08	4.805137e-07	5441
481262	-1.221816e-06	4.811834e-08	4.803385e-07	5441
473006	-1.221884e-06	4.815083e-08	4.801634e-07	5441
464750	-1.221951e-06	4.818332e-08	4.799882e-07	5441
456494	-1.222019e-06	4.821581e-08	4.798130e-07	5441
448238	-1.222086e-06	4.824831e-08	4.796377e-07	5441
439982	-1.222154e-06	4.828080e-08	4.794625e-07	5441
431726	-1.222221e-06	4.831330e-08	4.792872e-07	5441
423470	-1.222289e-06	4.834580e-08	4.791120e-07	5441
415214	-1.222356e-06	4.837830e-08	4.789367e-07	5441
406958	-1.222423e-06	4.841080e-08	4.787614e-07	5441
398702	-1.222491e-06	4.844331e-08	4.785862e-07	5441
390446	-1.222558e-06	4.847581e-08	4.784109e-07	5441
382190	-1.222625e-06	4.850832e-08	4.782356e-07	5441
373934	-1.222693e-06	4.854083e-08	4.780603e-07	5441
365678	-1.222760e-06	4.857334e-08	4.778849e-07	5441
357422	-1.222827e-06	4.860586e-08	4.777096e-07	5441
349166	-1.222894e-06	4.863837e-08	4.775342e-07	5441
340910	-1.222961e-06	4.867089e-08	4.773589e-07	5441
332654	-1.223029e-06	4.870341e-08	4.771835e-07	5441
324398	-1.223096e-06	4.873593e-08	4.770081e-07	5441
316142	-1.223163e-06	4.876845e-08	4.768328e-07	5441
307886	-1.223230e-06	4.880097e-08	4.766574e-07	5441
299630	-1.223297e-06	4.883350e-08	4.764820e-07	5441
291374	-1.223364e-06	4.886603e-08	4.763066e-07	5441
283118	-1.223431e-06	4.889856e-08	4.761311e-07	5441
274862	-1.223498e-06	4.893109e-08	4.759557e-07	5441
266606	-1.223565e-06	4.896362e-08	4.757803e-07	5441
258350	-1.223632e-06	4.899616e-08	4.756048e-07	5441
250094	-1.223699e-06	4.902870e-08	4.754293e-07	5441
241838	-1.223765e-06	4.906123e-08	4.752539e-07	5441
233582	-1.223832e-06	4.909377e-08	4.750784e-07	5441
225326	-1.223899e-06	4.912632e-08	4.749029e-07	5441
217070	-1.223966e-06	4.915886e-08	4.747274e-07	5441
208814	-1.224033e-06	4.919141e-08	4.745519e-07	5441
200558	-1.224099e-06	4.922395e-08	4.743764e-07	5441
192302	-1.224166e-06	4.925650e-08	4.742009e-07	5441
184046	-1.224233e-06	4.928905e-08	4.740253e-07	5441
175790	-1.224299e-06	4.932161e-08	4.738498e-07	5441
167534	-1.224366e-06	4.935416e-08	4.736742e-07	5441
159278	-1.224432e-06	4.938672e-08	4.734987e-07	5441
151022	-1.224499e-06	4.941928e-08	4.733231e-07	5441
142766	-1.224566e-06	4.945183e-08	4.731475e-07	5441
134510	-1.224632e-06	4.948440e-08	4.729719e-07	5441
126254	-1.224699e-06	4.951696e-08	4.727963e-07	5441
117998	-1.224765e-06	4.954953e-08	4.726207e-07	5441
109742	-1.224832e-06	4.958209e-08	4.724451e-07	5441
101486	-1.224898e-06	4.961466e-08	4.722695e-07	5441
93230	-1.224964e-06	4.964723e-08	4.720938e-07	5441
84974	-1.225031e-06	4.967981e-08	4.719182e-07	5441
76718	-1.225097e-06	4.971238e-08	4.717425e-07	5441
68462	-1.225163e-06	4.974496e-08	4.715668e-07	5441
60206	-1.225230e-06	4.977754e-08	4.713912e-07	5441
51950	-1.225296e-06	4.981012e-08	4.712155e-07	5441
43694	-1.225362e-06	4.984270e-08	4.710398e-07	5441
35438	-1.225428e-06	4.987528e-08	4.708641e-07	5441
27182	-1.225494e-06	4.990786e-08	4.706883e-07	5441
18926	-1.225561e-06	4.994045e-08	4.705126e-07	5441
10670	-1.225627e-06	4.997304e-08	4.703369e-07	5441
2414	-1.225693e-06	5.000563e-08	4.701612e-07	5441
1151356	-1.140403e-06	5.377274e-08	4.684967e-07	8814
1143100	-1.140468e-06	5.380306e-08	4.683332e-07	8814
1134844	-1.140534e-06	5.383339e-08	4.681697e-07	8814
1126588	-1.140600e-06	5.386371e-08	4.680061e-07	8814
1118332	-1.140665e-06	5.389404e-08	4.678426e-07	8814
1110076	-1.140731e-06	5.392437e-08	4.676790e-07	8814
1101820	-1.140797e-06	5.395470e-08	4.675154e-07	8814
1093564	-1.140862e-06	5.398503e-08	4.673519e-07	8814
1085308	-1.140928e-06	5.401536e-08	4.671883e-07	8814
1077052	-1.140993e-06	5.404570e-08	4.670247e-07	8814
1068796	-1.141059e-06	5.407604e-08	4.668611e-07	8814
1060540	-1.141124e-06	5.410637e-08	4.666974e-07	8814
1052284	-1.141190e-06	5.413672e-08	4.665338e-07	8814
1044028	-1.141255e-06	5.416706e-08	4.663702e-07	8814
1035772	-1.141321e-06	5.419740e-08	4.662065e-07	8814
1027516	-1.141386e-06	5.422775e-08	4.660429e-07	8814
1019260	-1.141451e-06	5.425809e-08	4.658792e-07	8814
1011004	-1.141517e-06	5.428845e-08	4.657155e-07	8814
1002748	-1.141582e-06	5.431880e-08	4.655519e-07	8814
994492	-1.141647e-06	5.434915e-08	4.653882e-07	8814
986236	-1.141713e-06	5.437951e-08	4.652244e-07	8814
977980	-1.141778e-06	5.440986e-08	4.650607e-07	8814
969724	-1.141843e-06	5.444022e-08	4.648970e-07	8814
961468	-1.141908e-06	5.447058e-08	4.647333e-07	8814
953212	-1.141973e-06	5.450094e-08	4.645696e-07	8814
944956	-1.142039e-06	5.453131e-08	4.644058e-07	8814
936700	-1.142104e-06	5.456167e-08	4.642420e-07	8814
928444	-1.142169e-06	5.459204e-08	4.640783e-07	8814
920188	-1.142234e-06	5.462241e-08	4.639145e-07	8814
911932	-1.142299e-06	5.465278e-08	4.637507e-07	8814
903676	-1.142364e-06	5.468315e-08	4.635869e-07	8814
895420	-1.142429e-06	5.471352e-08	4.634231e-07	8814
887164	-1.142494e-06	5.474390e-08	4.632593e-07	8814
878908	-1.142559e-06	5.477428e-08	4.630955e-07	8814
870652	-1.142624e-06	5.480466e-08	4.629316e-07	8814
862396	-1.142689e-06	5.483504e-08	4.627678e-07	8814
854140	-1.142754e-06	5.486542e-08	4.626039e-07	8814
845884	-1.142819e-06	5.489581e-08	4.624401e-07	8814
837628	-1.142883e-06	5.492619e-08	4.622762e-07	8814
829372	-1.142948e-06	5.495658e-08	4.621123e-07	8814
821116	-1.143013e-06	5.498697e-08	4.619484e-07	8814
812860	-1.143078e-06	5.501736e-08	4.617845e-07	8814
804604	-1.143143e-06	5.504776e-08	4.616206e-07	8814
796348	-1.143207e-06	5.507815e-08	4.614567e-07	8814
788092	-1.143272e-06	5.510855e-08	4.612928e-07	8814
779836	-1.143337e-06	5.513895e-08	4.611289e-07	8814
771580	-1.143401e-06	5.516935e-08	4.609649e-07	8814
763324	-1.143466e-06	5.519975e-08	4.608010e-07	8814
755068	-1.143530e-06	5.523015e-08	4.606370e-07	8814
746812	-1.143595e-06	5.526056e-08	4.604730e-07	8814
738556	-1.143660e-06	5.529097e-08	4.603091e-07	8814
730300	-1.143724e-06	5.532138e-08	4.601451e-07	8814
722044	-1.143788e-06	5.535179e-08	4.599811e-07	8814
713788	-1.143853e-06	5.538220e-08	4.598170e-07	8814
705532	-1.143917e-06	5.541261e-08	4.596530e-07	8814
697276	-1.143982e-06	5.544303e-08	4.594890e-07	8814
689020	-1.144046e-06	5.547345e-08	4.593250e-07	8814
680764	-1.144111e-06	5.550386e-08	4.591609e-07	8814
672508	-1.144175e-06	5.553429e-08	4.589969e-07	8814
664252	-1.144239e-06	5.556471e-08	4.588328e-07	8814
655996	-1.144304e-06	5.559513e-08	4.586687e-07	8814
647740	-1.144368e-06	5.562556e-08	4.585046e-07	8814
639484	-1.144432e-06	5.565599e-08	4.583406e-07	8814
631228	-1.144496e-06	5.568642e-08	4.581765e-07	8814
622972	-1.144561e-06	5.571685e-08	4.580124e-07	8814
614716	-1.144625e-06	5.574728e-08	4.578482e-07	8814
606460	-1.144689e-06	5.577772e-08	4.576841e-07	8814
598204	-1.144753e-06	5.580815e-08	4.575199e-07	8814
589948	-1.144817e-06	5.583859e-08	4.573558e-07	8814
581692	-1.144881e-06	5.586903e-08	4.571916e-07	8814
573436	-1.144945e-06	5.589947e-08	4.570275e-07	8814
565180	-1.145009e-06	5.592992e-08	4.568633e-07	8814
556924	-1.145073e-06	5.596036e-08	4.566991e-07	8814
548668	-1.145137e-06	5.599081e-08	4.565349e-07	8814
540412	-1.145201e-06	5.602126e-08	4.563707e-07	8814
532156	-1.145265e-06	5.605171e-08	4.562065e-07	8814
523900	-1.145329e-06	5.608216e-08	4.560423e-07	8814
515644	-1.145393e-06	5.611261e-08	4.558781e-07	8814
507388	-1.145457e-06	5.614307e-08	4.557138e-07	8814
499132	-1.145521e-06	5.617353e-08	4.555496e-07	8814
490876	-1.145585e-06	5.620399e-08	4.553853e-07	8814
482620	-1.145648e-06	5.623445e-08	4.552211e-07	8814
474364	-1.145712e-06	5.626491e-08	4.550568e-07	8814
466108	-1.145776e-06	5.629537e-08	4.548925e-07	8814
457852	-1.145840e-06	5.632584e-08	4.547282e-07	8814
449596	-1.145903e-06	5.635631e-08	4.545639e-07	8814
441340	-1.145967e-06	5.638678e-08	4.543996e-07	8814
433084	-1.146031e-06	5.641725e-08	4.542352e-07	8814
424828	-1.146094e-06	5.644772e-08	4.540709e-07	8814
416572	-1.146158e-06	5.647819e-08	4.539066e-07	8814
408316	-1.146221e-06	5.650867e-08	4.537422e-07	8814
400060	-1.146285e-06	5.653915e-08	4.535779e-07	8814
391804	-1.146348e-06	5.656963e-08	4.534135e-07	8814
383548	-1.146412e-06	5.660011e-08	4.532491e-07	8814
375292	-1.146475e-06	5.663059e-08	4.530848e-07	8814
367036	-1.146539e-06	5.666108e-08	4.529203e-07	8814
358780	-1.146602e-06	5.669156e-08	4.527560e-07	8814
350524	-1.146666e-06	5.672205e-08	4.525915e-07	8814
342268	-1.146729e-06	5.675254e-08	4.524271e-07	8814
334012	-1.146792e-06	5.678303e-08	4.522627e-07	8814
325756	-1.146856e-06	5.681352e-08	4.520982e-07	8814
317500	-1.146919e-06	5.684402e-08	4.519338e-07	8814
309244	-1.146982e-06	5.687452e-08	4.517694e-07	8814
300988	-1.147046e-06	5.690501e-08	4.516049e-07	8814
292732	-1.147109e-06	5.693551e-08	4.514404e-07	8814
284476	-1.147172e-06	5.696602e-08	4.512759e-07	8814
276220	-1.147235e-06	5.699652e-08	4.511114e-07	8814
267964	-1.147298e-06	5.702702e-08	4.509469e-07	8814
259708	-1.147361e-06	5.705753e-08	4.507824e-07	8814
251452	-1.147425e-06	5.708804e-08	4.506179e-07	8814
243196	-1.147488e-06	5.711855e-08	4.504534e-07	8814
234940	-1.147551e-06	5.714906e-08	4.502888e-07	8814
226684	-1.147614e-06	5.717957e-08	4.501243e-07	8814
218428	-1.147677e-06	5.721009e-08	4.499597e-07	8814
210172	-1.147740e-06	5.724061e-08	4.497952e-07	8814
201916	-1.147803e-06	5.727112e-08	4.496306e-07	8814
193660	-1.147866e-06	5.730164e-08	4.494660e-07	8814
185404	-1.147929e-06	5.733217e-08	4.493014e-07	8814
177148	-1.147991e-06	5.736269e-08	4.491368e-07	8814
168892	-1.148054e-06	5.739322e-08	4.489722e-07	8814
160636	-1.148117e-06	5.742374e-08	4.488076e-07	8814
152380	-1.148180e-06	5.745427e-08	4.486429e-07	8814
144124	-1.148243e-06	5.748480e-08	4.484783e-07	8814
135868	-1.148306e-06	5.751533e-08	4.483136e-07	8814
127612	-1.148368e-06	5.754587e-08	4.481490e-07	8814
119356	-1.148431e-06	5.757640e-08	4.479843e-07	8814
111100	-1.148494e-06	5.760694e-08	4.478196e-07	8814
102844	-1.148556e-06	5.763748e-08	4.476550e-07	8814
94588	-1.148619e-06	5.766802e-08	4.474903e-07	8814
86332	-1.148682e-06	5.769856e-08	4.473256e-07	8814
78076	-1.148744e-06	5.772910e-08	4.471609e-07	8814
69820	-1.148807e-06	5.775965e-08	4.469961e-07	8814
61564	-1.148869e-06	5.779020e-08	4.468314e-07	8814
53308	-1.148932e-06	5.782075e-08	4.466667e-07	8814
45052	-1.148994e-06	5.785130e-08	4.465019e-07	8814
36796	-1.149057e-06	5.788185e-08	4.463372e-07	8814
28540	-1.149119e-06	5.791240e-08	4.461724e-07	8814
20284	-1.149182e-06	5.794296e-08	4.460076e-07	8814
12028	-1.149244e-06	5.797352e-08	4.458429e-07	8814
3772	-1.149306e-06	5.800407e-08	4.456781e-07	8814
1148026	-1.256657e-06	6.310755e-08	5.234203e-07	1089
1139770	-1.256731e-06	6.314096e-08	5.232401e-07	1089
1131514	-1.256804e-06	6.317438e-08	5.230600e-07	1089
1123258	-1.256877e-06	6.320779e-08	5.228798e-07	1089
1115002	-1.256951e-06	6.324121e-08	5.226995e-07	1089
1106746	-1.257024e-06	6.327463e-08	5.225193e-07	1089
1098490	-1.257097e-06	6.330805e-08	5.223391e-07	1089
1090234	-1.257170e-06	6.334147e-08	5.221588e-07	1089
1081978	-1.257244e-06	6.337490e-08	5.219785e-07	1089
1073722	-1.257317e-06	6.340833e-08	5.217983e-07	1089
1065466	-1.257390e-06	6.344176e-08	5.216179e-07	1089
1057210	-1.257463e-06	6.347519e-08	5.214376e-07	1089
1048954	-1.257536e-06	6.350862e-08	5.212573e-07	1089
1040698	-1.257609e-06	6.354206e-08	5.210770e-07	1089
1032442	-1.257682e-06	6.357550e-08	5.208967e-07	1089
1024186	-1.257755e-06	6.360894e-08	5.207164e-07	1089
1015930	-1.257828e-06	6.364237e-08	5.205360e-07	1089
1007674	-1.257901e-06	6.367582e-08	5.203556e-07	1089
999418	-1.257974e-06	6.370927e-08	5.201753e-07	1089
991162	-1.258047e-06	6.374271e-08	5.199949e-07	1089
982906	-1.258120e-06	6.377616e-08	5.198145e-07	1089
974650	-1.258192e-06	6.380962e-08	5.196341e-07	1089
966394	-1.258265e-06	6.384307e-08	5.194537e-07	1089
958138	-1.258338e-06	6.387652e-08	5.192733e-07	1089
949882	-1.258411e-06	6.390998e-08	5.190929e-07	1089
941626	-1.258483e-06	6.394344e-08	5.189124e-07	1089
933370	-1.258556e-06	6.397690e-08	5.187319e-07	1089
925114	-1.258629e-06	6.401037e-08	5.185515e-07	1089
916858	-1.258701e-06	6.404382e-08	5.183710e-07	1089
908602	-1.258774e-06	6.407729e-08	5.181905e-07	1089
900346	-1.258847e-06	6.411076e-08	5.180100e-07	1089
892090	-1.258919e-06	6.414423e-08	5.178295e-07	1089
883834	-1.258992e-06	6.417770e-08	5.176490e-07	1089
875578	-1.259064e-06	6.421118e-08	5.174684e-07	1089
867322	-1.259137e-06	6.424466e-08	5.172879e-07	1089
859066	-1.259209e-06	6.427813e-08	5.171074e-07	1089
850810	-1.259282e-06	6.431161e-08	5.169268e-07	1089
842554	-1.259354e-06	6.434509e-08	5.167462e-07	1089
834298	-1.259426e-06	6.437858e-08	5.165656e-07	1089
826042	-1.259499e-06	6.441207e-08	5.163851e-07	1089
817786	-1.259571e-06	6.444556e-08	5.162045e-07	1089
809530	-1.259643e-06	6.447905e-08	5.160238e-07	1089
801274	-1.259716e-06	6.451254e-08	5.158432e-07	1089
793018	-1.259788e-06	6.454604e-08	5.156626e-07	1089
784762	-1.259860e-06	6.457953e-08	5.154819e-07	1089
776506	-1.259932e-06	6.461303e-08	5.153013e-07	1089
768250	-1.260004e-06	6.464653e-08	5.151206e-07	1089
759994	-1.260076e-06	6.468003e-08	5.149400e-07	1089
751738	-1.260149e-06	6.471353e-08	5.147593e-07	1089
743482	-1.260221e-06	6.474704e-08	5.145786e-07	1089
735226	-1.260293e-06	6.478054e-08	5.143979e-07	1089
726970	-1.260365e-06	6.481405e-08	5.142172e-07	1089
718714	-1.260437e-06	6.484757e-08	5.140365e-07	1089
710458	-1.260509e-06	6.488108e-08	5.138557e-07	1089
702202	-1.260581e-06	6.491459e-08	5.136749e-07	1089
693946	-1.260653e-06	6.494811e-08	5.134942e-07	1089
685690	-1.260724e-06	6.498163e-08	5.133134e-07	1089
677434	-1.260796e-06	6.501515e-08	5.131326e-07	1089
669178	-1.260868e-06	6.504867e-08	5.129519e-07	1089
660922	-1.260940e-06	6.508220e-08	5.127711e-07	1089
652666	-1.261012e-06	6.511573e-08	5.125902e-07	1089
644410	-1.261084e-06	6.514926e-08	5.124094e-07	1089
636154	-1.261155e-06	6.518279e-08	5.122286e-07	1089
627898	-1.261227e-06	6.521632e-08	5.120478e-07	1089
619642	-1.261299e-06	6.524986e-08	5.118669e-07	1089
611386	-1.261370e-06	6.528339e-08	5.116861e-07	1089
603130	-1.261442e-06	6.531693e-08	5.115052e-07	1089
594874	-1.261513e-06	6.535047e-08	5.113243e-07	1089
586618	-1.261585e-06	6.538401e-08	5.111434e-07	1089
578362	-1.261657e-06	6.541756e-08	5.109625e-07	1089
570106	-1.261728e-06	6.545110e-08	5.107816e-07	1089
561850	-1.261800e-06	6.548465e-08	5.106007e-07	1089
553594	-1.261871e-06	6.551820e-08	5.104198e-07	1089
545338	-1.261942e-06	6.555175e-08	5.102389e-07	1089
537082	-1.262014e-06	6.558530e-08	5.100579e-07	1089
528826	-1.262085e-06	6.561886e-08	5.098769e-07	1089
520570	-1.262157e-06	6.565242e-08	5.096960e-07	1089
512314	-1.262228e-06	6.568598e-08	5.095150e-07	1089
504058	-1.262299e-06	6.571954e-08	5.093340e-07	1089
495802	-1.262370e-06	6.575311e-08	5.091530e-07	1089
487546	-1.262442e-06	6.578667e-08	5.089719e-07	1089
479290	-1.262513e-06	6.582024e-08	5.087909e-07	1089
471034	-1.262584e-06	6.585380e-08	5.086099e-07	1089
462778	-1.262655e-06	6.588738e-08	5.084289e-07	1089
454522	-1.262726e-06	6.592095e-08	5.082478e-07	1089
446266	-1.262797e-06	6.595452e-08	5.080668e-07	1089
438010	-1.262869e-06	6.598810e-08	5.078857e-07	1089
429754	-1.262940e-06	6.602168e-08	5.077046e-07	1089
421498	-1.263011e-06	6.605526e-08	5.075235e-07	1089
413242	-1.263082e-06	6.608884e-08	5.073424e-07	1089
404986	-1.263153e-06	6.612243e-08	5.071613e-07	1089
396730	-1.263224e-06	6.615601e-08	5.069801e-07	1089
388474	-1.263295e-06	6.618960e-08	5.067990e-07	1089
380218	-1.263365e-06	6.622319e-08	5.066179e-07	1089
371962	-1.263436e-06	6.625679e-08	5.064367e-07	1089
363706	-1.263507e-06	6.629038e-08	5.062556e-07	1089
355450	-1.263578e-06	6.632398e-08	5.060744e-07	1089
347194	-1.263649e-06	6.635757e-08	5.058932e-07	1089
338938	-1.263719e-06	6.639117e-08	5.057120e-07	1089
330682	-1.263790e-06	6.642478e-08	5.055308e-07	1089
322426	-1.263861e-06	6.645838e-08	5.053496e-07	1089
314170	-1.263932e-06	6.649199e-08	5.051684e-07	1089
305914	-1.264002e-06	6.652559e-08	5.049871e-07	1089
297658	-1.264073e-06	6.655920e-08	5.048059e-07	1089
289402	-1.264144e-06	6.659281e-08	5.046246e-07	1089
281146	-1.264214e-06	6.662642e-08	5.044433e-07	1089
272890	-1.264285e-06	6.666004e-08	5.042621e-07	1089
264634	-1.264355e-06	6.669365e-08	5.040808e-07	1089
256378	-1.264426e-06	6.672727e-08	5.038995e-07	1089
248122	-1.264496e-06	6.676089e-08	5.037182e-07	1089
239866	-1.264567e-06	6.679451e-08	5.035369e-07	1089
231610	-1.264637e-06	6.682814e-08	5.033555e-07	1089
223354	-1.264707e-06	6.686177e-08	5.031742e-07	1089
215098	-1.264778e-06	6.689540e-08	5.029929e-07	1089
206842	-1.264848e-06	6.692903e-08	5.028115e-07	1089
198586	-1.264918e-06	6.696266e-08	5.026301e-07	1089
190330	-1.264989e-06	6.699629e-08	5.024488e-07	1089
182074	-1.265059e-06	6.702992e-08	5.022674e-07	1089
173818	-1.265129e-06	6.706356e-08	5.020860e-07	1089
165562	-1.265199e-06	6.709720e-08	5.019045e-07	1089
157306	-1.265269e-06	6.713084e-08	5.017232e-07	1089
149050	-1.265340e-06	6.716449e-08	5.015417e-07	1089
140794	-1.265410e-06	6.719813e-08	5.013603e-07	1089
132538	-1.265480e-06	6.723178e-08	5.011788e-07	1089
124282	-1.265550e-06	6.726543e-08	5.009974e-07	1089
116026	-1.265620e-06	6.729908e-08	5.008159e-07	1089
107770	-1.265690e-06	6.733273e-08	5.006344e-07	1089
99514	-1.265760e-06	6.736639e-08	5.004529e-07	1089
1150105	-1.228866e-06	6.738104e-08	5.165506e-07	5697
91258	-1.265830e-06	6.740004e-08	5.002714e-07	1089
1141849	-1.228938e-06	6.741372e-08	5.163744e-07	5697
83002	-1.265900e-06	6.743370e-08	5.000899e-07	1089
1133593	-1.229011e-06	6.744639e-08	5.161982e-07	5697
74746	-1.265970e-06	6.746736e-08	4.999084e-07	1089
1125337	-1.229083e-06	6.747906e-08	5.160219e-07	5697
66490	-1.266039e-06	6.750102e-08	4.997269e-07	1089
1117081	-1.229155e-06	6.751174e-08	5.158457e-07	5697
58234	-1.266109e-06	6.753469e-08	4.995453e-07	1089
1108825	-1.229227e-06	6.754443e-08	5.156695e-07	5697
49978	-1.266179e-06	6.756835e-08	4.993638e-07	1089
1100569	-1.229299e-06	6.757710e-08	5.154932e-07	5697
41722	-1.266249e-06	6.760202e-08	4.991822e-07	1089
1092313	-1.229371e-06	6.760979e-08	5.153169e-07	5697
33466	-1.266319e-06	6.763569e-08	4.990006e-07	1089
1084057	-1.229443e-06	6.764247e-08	5.151406e-07	5697
25210	-1.266388e-06	6.766936e-08	4.988191e-07	1089
1075801	-1.229515e-06	6.767517e-08	5.149643e-07	5697
16954	-1.266458e-06	6.770303e-08	4.986375e-07	1089
1067545	-1.229587e-06	6.770786e-08	5.147880e-07	5697
8698	-1.266528e-06	6.773671e-08	4.984559e-07	1089
1059289	-1.229659e-06	6.774055e-08	5.146117e-07	5697
442	-1.266598e-06	6.777039e-08	4.982743e-07	1089
1051033	-1.229731e-06	6.777324e-08	5.144354e-07	5697
1042777	-1.229803e-06	6.780594e-08	5.142591e-07	5697
1034521	-1.229875e-06	6.783863e-08	5.140827e-07	5697
1026265	-1.229947e-06	6.787133e-08	5.139063e-07	5697
1018009	-1.230019e-06	6.790404e-08	5.137300e-07	5697
1009753	-1.230091e-06	6.793674e-08	5.135536e-07	5697
1001497	-1.230163e-06	6.796945e-08	5.133772e-07	5697
993241	-1.230234e-06	6.800215e-08	5.132009e-07	5697
984985	-1.230306e-06	6.803486e-08	5.130245e-07	5697
976729	-1.230378e-06	6.806757e-08	5.128480e-07	5697
968473	-1.230450e-06	6.810028e-08	5.126716e-07	5697
960217	-1.230521e-06	6.813301e-08	5.124951e-07	5697
951961	-1.230593e-06	6.816572e-08	5.123187e-07	5697
943705	-1.230665e-06	6.819844e-08	5.121423e-07	5697
935449	-1.230736e-06	6.823116e-08	5.119658e-07	5697
927193	-1.230808e-06	6.826388e-08	5.117893e-07	5697
918937	-1.230879e-06	6.829661e-08	5.116128e-07	5697
910681	-1.230951e-06	6.832934e-08	5.114363e-07	5697
902425	-1.231022e-06	6.836206e-08	5.112598e-07	5697
894169	-1.231094e-06	6.839479e-08	5.110833e-07	5697
885913	-1.231165e-06	6.842752e-08	5.109068e-07	5697
877657	-1.231237e-06	6.846026e-08	5.107303e-07	5697
869401	-1.231308e-06	6.849299e-08	5.105537e-07	5697
861145	-1.231380e-06	6.852574e-08	5.103772e-07	5697
852889	-1.231451e-06	6.855847e-08	5.102006e-07	5697
844633	-1.231522e-06	6.859122e-08	5.100240e-07	5697
836377	-1.231594e-06	6.862396e-08	5.098474e-07	5697
828121	-1.231665e-06	6.865670e-08	5.096708e-07	5697
819865	-1.231736e-06	6.868945e-08	5.094942e-07	5697
811609	-1.231807e-06	6.872220e-08	5.093176e-07	5697
803353	-1.231879e-06	6.875496e-08	5.091409e-07	5697
795097	-1.231950e-06	6.878771e-08	5.089643e-07	5697
786841	-1.232021e-06	6.882046e-08	5.087877e-07	5697
778585	-1.232092e-06	6.885322e-08	5.086110e-07	5697
770329	-1.232163e-06	6.888598e-08	5.084343e-07	5697
762073	-1.232234e-06	6.891874e-08	5.082576e-07	5697
753817	-1.232305e-06	6.895151e-08	5.080810e-07	5697
745561	-1.232376e-06	6.898427e-08	5.079042e-07	5697
737305	-1.232447e-06	6.901703e-08	5.077276e-07	5697
729049	-1.232518e-06	6.904980e-08	5.075509e-07	5697
720793	-1.232589e-06	6.908257e-08	5.073741e-07	5697
712537	-1.232660e-06	6.911535e-08	5.071973e-07	5697
704281	-1.232731e-06	6.914812e-08	5.070206e-07	5697
696025	-1.232802e-06	6.918090e-08	5.068438e-07	5697
687769	-1.232872e-06	6.921368e-08	5.066670e-07	5697
679513	-1.232943e-06	6.924646e-08	5.064903e-07	5697
671257	-1.233014e-06	6.927924e-08	5.063135e-07	5697
663001	-1.233085e-06	6.931202e-08	5.061367e-07	5697
654745	-1.233155e-06	6.934481e-08	5.059599e-07	5697
646489	-1.233226e-06	6.937760e-08	5.057831e-07	5697
638233	-1.233297e-06	6.941039e-08	5.056062e-07	5697
629977	-1.233367e-06	6.944318e-08	5.054294e-07	5697
621721	-1.233438e-06	6.947597e-08	5.052526e-07	5697
613465	-1.233509e-06	6.950876e-08	5.050757e-07	5697
605209	-1.233579e-06	6.954156e-08	5.048988e-07	5697
596953	-1.233650e-06	6.957436e-08	5.047219e-07	5697
588697	-1.233720e-06	6.960717e-08	5.045450e-07	5697
580441	-1.233791e-06	6.963997e-08	5.043681e-07	5697
572185	-1.233861e-06	6.967277e-08	5.041912e-07	5697
563929	-1.233932e-06	6.970558e-08	5.040143e-07	5697
555673	-1.234002e-06	6.973839e-08	5.038373e-07	5697
547417	-1.234072e-06	6.977120e-08	5.036604e-07	5697
539161	-1.234143e-06	6.980401e-08	5.034834e-07	5697
530905	-1.234213e-06	6.983682e-08	5.033065e-07	5697
522649	-1.234283e-06	6.986964e-08	5.031295e-07	5697
514393	-1.234354e-06	6.990246e-08	5.029525e-07	5697
1147648	-1.479145e-06	6.992624e-08	6.087816e-07	321
506137	-1.234424e-06	6.993528e-08	5.027755e-07	5697
1139392	-1.479230e-06	6.996557e-08	6.085696e-07	321
497881	-1.234494e-06	6.996810e-08	5.025985e-07	5697
489625	-1.234564e-06	7.000092e-08	5.024215e-07	5697
1131136	-1.479315e-06	7.000490e-08	6.083575e-07	321
481369	-1.234634e-06	7.003375e-08	5.022445e-07	5697
1122880	-1.479401e-06	7.004424e-08	6.081453e-07	321
473113	-1.234705e-06	7.006658e-08	5.020675e-07	5697
1114624	-1.479486e-06	7.008357e-08	6.079332e-07	321
464857	-1.234775e-06	7.009941e-08	5.018904e-07	5697
1106368	-1.479571e-06	7.012291e-08	6.077211e-07	321
456601	-1.234845e-06	7.013224e-08	5.017134e-07	5697
1098112	-1.479657e-06	7.016225e-08	6.075089e-07	321
448345	-1.234915e-06	7.016507e-08	5.015363e-07	5697
440089	-1.234985e-06	7.019791e-08	5.013592e-07	5697
1089856	-1.479742e-06	7.020159e-08	6.072967e-07	321
431833	-1.235055e-06	7.023074e-08	5.011821e-07	5697
1081600	-1.479827e-06	7.024094e-08	6.070845e-07	321
423577	-1.235125e-06	7.026358e-08	5.010050e-07	5697
1073344	-1.479912e-06	7.028028e-08	6.068723e-07	321
415321	-1.235195e-06	7.029642e-08	5.008279e-07	5697
1065088	-1.479997e-06	7.031963e-08	6.066601e-07	321
407065	-1.235265e-06	7.032926e-08	5.006508e-07	5697
1056832	-1.480082e-06	7.035898e-08	6.064479e-07	321
398809	-1.235335e-06	7.036211e-08	5.004737e-07	5697
390553	-1.235405e-06	7.039495e-08	5.002966e-07	5697
1048576	-1.480168e-06	7.039834e-08	6.062357e-07	321
382297	-1.235474e-06	7.042780e-08	5.001194e-07	5697
1040320	-1.480253e-06	7.043769e-08	6.060234e-07	321
374041	-1.235544e-06	7.046066e-08	4.999422e-07	5697
1032064	-1.480338e-06	7.047705e-08	6.058112e-07	321
365785	-1.235614e-06	7.049351e-08	4.997651e-07	5697
1023808	-1.480423e-06	7.051641e-08	6.055989e-07	321
357529	-1.235684e-06	7.052636e-08	4.995879e-07	5697
1015552	-1.480508e-06	7.055577e-08	6.053867e-07	321
349273	-1.235754e-06	7.055922e-08	4.994107e-07	5697
341017	-1.235823e-06	7.059207e-08	4.992335e-07	5697
1007296	-1.480592e-06	7.059514e-08	6.051744e-07	321
332761	-1.235893e-06	7.062494e-08	4.990563e-07	5697
999040	-1.480677e-06	7.063450e-08	6.049621e-07	321
324505	-1.235963e-06	7.065779e-08	4.988791e-07	5697
990784	-1.480762e-06	7.067387e-08	6.047497e-07	321
316249	-1.236032e-06	7.069066e-08	4.987019e-07	5697
982528	-1.480847e-06	7.071324e-08	6.045374e-07	321
307993	-1.236102e-06	7.072352e-08	4.985246e-07	5697
974272	-1.480932e-06	7.075262e-08	6.043251e-07	321
299737	-1.236171e-06	7.075639e-08	4.983474e-07	5697
291481	-1.236241e-06	7.078926e-08	4.981702e-07	5697
966016	-1.481017e-06	7.079199e-08	6.041127e-07	321
283225	-1.236310e-06	7.082213e-08	4.979929e-07	5697
957760	-1.481101e-06	7.083137e-08	6.039003e-07	321
274969	-1.236380e-06	7.085500e-08	4.978156e-07	5697
949504	-1.481186e-06	7.087075e-08	6.036880e-07	321
266713	-1.236450e-06	7.088787e-08	4.976383e-07	5697
941248	-1.481271e-06	7.091013e-08	6.034756e-07	321
258457	-1.236519e-06	7.092075e-08	4.974610e-07	5697
932992	-1.481355e-06	7.094952e-08	6.032632e-07	321
250201	-1.236588e-06	7.095363e-08	4.972837e-07	5697
241945	-1.236658e-06	7.098651e-08	4.971064e-07	5697
924736	-1.481440e-06	7.098890e-08	6.030508e-07	321
233689	-1.236727e-06	7.101939e-08	4.969291e-07	5697
916480	-1.481524e-06	7.102830e-08	6.028383e-07	321
225433	-1.236796e-06	7.105228e-08	4.967517e-07	5697
908224	-1.481609e-06	7.106769e-08	6.026259e-07	321
217177	-1.236866e-06	7.108516e-08	4.965744e-07	5697
899968	-1.481693e-06	7.110708e-08	6.024135e-07	321
208921	-1.236935e-06	7.111804e-08	4.963970e-07	5697
891712	-1.481778e-06	7.114648e-08	6.022010e-07	321
200665	-1.237004e-06	7.115094e-08	4.962197e-07	5697
192409	-1.237074e-06	7.118383e-08	4.960423e-07	5697
883456	-1.481862e-06	7.118588e-08	6.019885e-07	321
184153	-1.237143e-06	7.121672e-08	4.958649e-07	5697
875200	-1.481947e-06	7.122528e-08	6.017760e-07	321
175897	-1.237212e-06	7.124962e-08	4.956875e-07	5697
866944	-1.482031e-06	7.126468e-08	6.015636e-07	321
167641	-1.237281e-06	7.128251e-08	4.955101e-07	5697
858688	-1.482116e-06	7.130409e-08	6.013510e-07	321
159385	-1.237350e-06	7.131541e-08	4.953327e-07	5697
850432	-1.482200e-06	7.134349e-08	6.011385e-07	321
151129	-1.237419e-06	7.134831e-08	4.951553e-07	5697
142873	-1.237489e-06	7.138122e-08	4.949778e-07	5697
842176	-1.482284e-06	7.138291e-08	6.009259e-07	321
134617	-1.237558e-06	7.141412e-08	4.948004e-07	5697
833920	-1.482368e-06	7.142232e-08	6.007134e-07	321
126361	-1.237627e-06	7.144703e-08	4.946230e-07	5697
825664	-1.482453e-06	7.146173e-08	6.005009e-07	321
118105	-1.237696e-06	7.147993e-08	4.944455e-07	5697
817408	-1.482537e-06	7.150115e-08	6.002883e-07	321
109849	-1.237765e-06	7.151284e-08	4.942680e-07	5697
809152	-1.482621e-06	7.154057e-08	6.000757e-07	321
101593	-1.237834e-06	7.154575e-08	4.940906e-07	5697
93337	-1.237903e-06	7.157867e-08	4.939130e-07	5697
800896	-1.482705e-06	7.157999e-08	5.998631e-07	321
85081	-1.237971e-06	7.161158e-08	4.937355e-07	5697
792640	-1.482789e-06	7.161941e-08	5.996505e-07	321
76825	-1.238040e-06	7.164450e-08	4.935580e-07	5697
784384	-1.482873e-06	7.165884e-08	5.994379e-07	321
68569	-1.238109e-06	7.167742e-08	4.933805e-07	5697
776128	-1.482957e-06	7.169827e-08	5.992252e-07	321
60313	-1.238178e-06	7.171034e-08	4.932029e-07	5697
767872	-1.483041e-06	7.173770e-08	5.990126e-07	321
52057	-1.238247e-06	7.174326e-08	4.930254e-07	5697
43801	-1.238316e-06	7.177618e-08	4.928478e-07	5697
759616	-1.483125e-06	7.177713e-08	5.987999e-07	321
35545	-1.238384e-06	7.180911e-08	4.926703e-07	5697
751360	-1.483209e-06	7.181657e-08	5.985873e-07	321
27289	-1.238453e-06	7.184204e-08	4.924927e-07	5697
743104	-1.483293e-06	7.185600e-08	5.983746e-07	321
19033	-1.238522e-06	7.187497e-08	4.923152e-07	5697
734848	-1.483377e-06	7.189544e-08	5.981619e-07	321
10777	-1.238590e-06	7.190790e-08	4.921375e-07	5697
726592	-1.483461e-06	7.193488e-08	5.979492e-07	321
2521	-1.238659e-06	7.194083e-08	4.919600e-07	5697
718336	-1.483545e-06	7.197433e-08	5.977365e-07	321
710080	-1.483628e-06	7.201378e-08	5.975238e-07	321
701824	-1.483712e-06	7.205323e-08	5.973110e-07	321
693568	-1.483796e-06	7.209267e-08	5.970983e-07	321
685312	-1.483879e-06	7.213212e-08	5.968855e-07	321
677056	-1.483963e-06	7.217158e-08	5.966727e-07	321
668800	-1.484047e-06	7.221104e-08	5.964600e-07	321
660544	-1.484130e-06	7.225050e-08	5.962472e-07	321
652288	-1.484214e-06	7.228996e-08	5.960343e-07	321
644032	-1.484297e-06	7.232943e-08	5.958215e-07	321
635776	-1.484381e-06	7.236889e-08	5.956087e-07	321
627520	-1.484464e-06	7.240836e-08	5.953959e-07	321
619264	-1.484548e-06	7.244783e-08	5.951830e-07	321
611008	-1.484631e-06	7.248730e-08	5.949701e-07	321
602752	-1.484715e-06	7.252678e-08	5.947572e-07	321
594496	-1.484798e-06	7.256626e-08	5.945444e-07	321
586240	-1.484881e-06	7.260574e-08	5.943314e-07	321
577984	-1.484965e-06	7.264522e-08	5.941185e-07	321
569728	-1.485048e-06	7.268471e-08	5.939056e-07	321
561472	-1.485131e-06	7.272419e-08	5.936926e-07	321
553216	-1.485214e-06	7.276368e-08	5.934797e-07	321
544960	-1.485297e-06	7.280317e-08	5.932667e-07	321
536704	-1.485380e-06	7.284266e-08	5.930538e-07	321
528448	-1.485463e-06	7.288216e-08	5.928408e-07	321
520192	-1.485546e-06	7.292166e-08	5.926278e-07	321
511936	-1.485630e-06	7.296116e-08	5.924147e-07	321
503680	-1.485713e-06	7.300066e-08	5.922017e-07	321
495424	-1.485795e-06	7.304016e-08	5.919887e-07	321
487168	-1.485878e-06	7.307967e-08	5.917756e-07	321
478912	-1.485961e-06	7.311917e-08	5.915626e-07	321
470656	-1.486044e-06	7.315869e-08	5.913495e-07	321
462400	-1.486127e-06	7.319820e-08	5.911364e-07	321
454144	-1.486210e-06	7.323771e-08	5.909233e-07	321
445888	-1.486293e-06	7.327723e-08	5.907102e-07	321
437632	-1.486375e-06	7.331676e-08	5.904971e-07	321
429376	-1.486458e-06	7.335628e-08	5.902839e-07	321
421120	-1.486541e-06	7.339580e-08	5.900708e-07	321
412864	-1.486623e-06	7.343533e-08	5.898576e-07	321
404608	-1.486706e-06	7.347486e-08	5.896445e-07	321
396352	-1.486789e-06	7.351439e-08	5.894313e-07	321
388096	-1.486871e-06	7.355392e-08	5.892181e-07	321
379840	-1.486954e-06	7.359345e-08	5.890049e-07	321
371584	-1.487036e-06	7.363300e-08	5.887917e-07	321
363328	-1.487119e-06	7.367254e-08	5.885785e-07	321
355072	-1.487201e-06	7.371208e-08	5.883652e-07	321
346816	-1.487283e-06	7.375162e-08	5.881520e-07	321
338560	-1.487366e-06	7.379117e-08	5.879387e-07	321
330304	-1.487448e-06	7.383072e-08	5.877254e-07	321
322048	-1.487530e-06	7.387027e-08	5.875121e-07	321
313792	-1.487613e-06	7.390982e-08	5.872988e-07	321
305536	-1.487695e-06	7.394938e-08	5.870855e-07	321
297280	-1.487777e-06	7.398894e-08	5.868722e-07	321
289024	-1.487859e-06	7.402849e-08	5.866589e-07	321
280768	-1.487941e-06	7.406805e-08	5.864455e-07	321
272512	-1.488023e-06	7.410762e-08	5.862321e-07	321
264256	-1.488105e-06	7.414719e-08	5.860188e-07	321
256000	-1.488188e-06	7.418676e-08	5.858054e-07	321
247744	-1.488270e-06	7.422633e-08	5.855920e-07	321
239488	-1.488351e-06	7.426590e-08	5.853786e-07	321
231232	-1.488433e-06	7.430548e-08	5.851652e-07	321
222976	-1.488515e-06	7.434505e-08	5.849517e-07	321
214720	-1.488597e-06	7.438463e-08	5.847384e-07	321
206464	-1.488679e-06	7.442421e-08	5.845249e-07	321
198208	-1.488761e-06	7.446380e-08	5.843114e-07	321
189952	-1.488843e-06	7.450338e-08	5.840980e-07	321
181696	-1.488924e-06	7.454297e-08	5.838845e-07	321
173440	-1.489006e-06	7.458256e-08	5.836710e-07	321
165184	-1.489088e-06	7.462216e-08	5.834574e-07	321
156928	-1.489170e-06	7.466175e-08	5.832439e-07	321
148672	-1.489251e-06	7.470135e-08	5.830304e-07	321
140416	-1.489333e-06	7.474095e-08	5.828168e-07	321
132160	-1.489414e-06	7.478055e-08	5.826033e-07	321
123904	-1.489496e-06	7.482015e-08	5.823897e-07	321
115648	-1.489577e-06	7.485976e-08	5.821761e-07	321
107392	-1.489659e-06	7.489937e-08	5.819625e-07	321
99136	-1.489740e-06	7.493897e-08	5.817490e-07	321
90880	-1.489822e-06	7.497859e-08	5.815353e-07	321
82624	-1.489903e-06	7.501821e-08	5.813217e-07	321
74368	-1.489984e-06	7.505782e-08	5.811081e-07	321
66112	-1.490066e-06	7.509744e-08	5.808944e-07	321
57856	-1.490147e-06	7.513706e-08	5.806808e-07	321
49600	-1.490228e-06	7.517669e-08	5.804671e-07	321
41344	-1.490309e-06	7.521631e-08	5.802534e-07	321
33088	-1.490391e-06	7.525594e-08	5.800397e-07	321
24832	-1.490472e-06	7.529557e-08	5.798260e-07	321
16576	-1.490553e-06	7.533520e-08	5.796123e-07	321
8320	-1.490634e-06	7.537484e-08	5.793985e-07	321
64	-1.490715e-06	7.541447e-08	5.791848e-07	321
1150211	-1.195186e-06	8.085792e-08	5.145491e-07	5953
1141955	-1.195257e-06	8.088970e-08	5.143777e-07	5953
1133699	-1.195329e-06	8.092147e-08	5.142063e-07	5953
1125443	-1.195401e-06	8.095326e-08	5.140349e-07	5953
1117187	-1.195472e-06	8.098504e-08	5.138635e-07	5953
1108931	-1.195544e-06	8.101682e-08	5.136921e-07	5953
1100675	-1.195615e-06	8.104860e-08	5.135207e-07	5953
1092419	-1.195687e-06	8.108039e-08	5.133492e-07	5953
1084163	-1.195758e-06	8.111218e-08	5.131778e-07	5953
1075907	-1.195829e-06	8.114397e-08	5.130063e-07	5953
1067651	-1.195901e-06	8.117577e-08	5.128348e-07	5953
1059395	-1.195972e-06	8.120757e-08	5.126634e-07	5953
1051139	-1.196044e-06	8.123936e-08	5.124919e-07	5953
1042883	-1.196115e-06	8.127116e-08	5.123204e-07	5953
1034627	-1.196186e-06	8.130296e-08	5.121489e-07	5953
1026371	-1.196257e-06	8.133476e-08	5.119774e-07	5953
1018115	-1.196329e-06	8.136657e-08	5.118058e-07	5953
1009859	-1.196400e-06	8.139838e-08	5.116343e-07	5953
1001603	-1.196471e-06	8.143019e-08	5.114628e-07	5953
993347	-1.196542e-06	8.146200e-08	5.112911e-07	5953
1147901	-1.284303e-06	8.147808e-08	5.481361e-07	833
985091	-1.196613e-06	8.149381e-08	5.111196e-07	5953
1139645	-1.284379e-06	8.151223e-08	5.479520e-07	833
976835	-1.196684e-06	8.152562e-08	5.109480e-07	5953
1131389	-1.284456e-06	8.154638e-08	5.477679e-07	833
968579	-1.196756e-06	8.155744e-08	5.107764e-07	5953
1123133	-1.284532e-06	8.158053e-08	5.475837e-07	833
960323	-1.196827e-06	8.158926e-08	5.106048e-07	5953
1114877	-1.284609e-06	8.161468e-08	5.473995e-07	833
952067	-1.196898e-06	8.162107e-08	5.104332e-07	5953
1106621	-1.284685e-06	8.164884e-08	5.472153e-07	833
943811	-1.196969e-06	8.165290e-08	5.102616e-07	5953
1098365	-1.284761e-06	8.168299e-08	5.470310e-07	833
935555	-1.197040e-06	8.168472e-08	5.100899e-07	5953
927299	-1.197110e-06	8.171655e-08	5.099183e-07	5953
1090109	-1.284837e-06	8.171715e-08	5.468468e-07	833
919043	-1.197181e-06	8.174838e-08	5.097467e-07	5953
1081853	-1.284914e-06	8.175131e-08	5.466626e-07	833
910787	-1.197252e-06	8.178021e-08	5.095750e-07	5953
1073597	-1.284990e-06	8.178547e-08	5.464784e-07	833
902531	-1.197323e-06	8.181204e-08	5.094033e-07	5953
1065341	-1.285066e-06	8.181964e-08	5.462941e-07	833
894275	-1.197394e-06	8.184387e-08	5.092317e-07	5953
1057085	-1.285142e-06	8.185381e-08	5.461098e-07	833
886019	-1.197465e-06	8.187570e-08	5.090599e-07	5953
1048829	-1.285218e-06	8.188797e-08	5.459256e-07	833
877763	-1.197536e-06	8.190754e-08	5.088883e-07	5953
1040573	-1.285294e-06	8.192214e-08	5.457413e-07	833
869507	-1.197606e-06	8.193938e-08	5.087165e-07	5953
1032317	-1.285370e-06	8.195632e-08	5.455570e-07	833
861251	-1.197677e-06	8.197122e-08	5.085448e-07	5953
1024061	-1.285446e-06	8.199049e-08	5.453726e-07	833
852995	-1.197748e-06	8.200307e-08	5.083731e-07	5953
1015805	-1.285522e-06	8.202466e-08	5.451884e-07	833
844739	-1.197819e-06	8.203492e-08	5.082013e-07	5953
1007549	-1.285598e-06	8.205885e-08	5.450040e-07	833
836483	-1.197889e-06	8.206676e-08	5.080296e-07	5953
999293	-1.285674e-06	8.209302e-08	5.448197e-07	833
828227	-1.197960e-06	8.209861e-08	5.078578e-07	5953
991037	-1.285750e-06	8.212721e-08	5.446353e-07	833
819971	-1.198031e-06	8.213046e-08	5.076860e-07	5953
982781	-1.285826e-06	8.216139e-08	5.444510e-07	833
811715	-1.198101e-06	8.216231e-08	5.075142e-07	5953
803459	-1.198172e-06	8.219416e-08	5.073425e-07	5953
974525	-1.285902e-06	8.219558e-08	5.442666e-07	833
795203	-1.198242e-06	8.222602e-08	5.071706e-07	5953
966269	-1.285978e-06	8.222977e-08	5.440822e-07	833
786947	-1.198313e-06	8.225788e-08	5.069988e-07	5953
958013	-1.286054e-06	8.226396e-08	5.438978e-07	833
778691	-1.198383e-06	8.228974e-08	5.068270e-07	5953
949757	-1.286129e-06	8.229815e-08	5.437134e-07	833
770435	-1.198454e-06	8.232160e-08	5.066552e-07	5953
941501	-1.286205e-06	8.233235e-08	5.435290e-07	833
762179	-1.198524e-06	8.235347e-08	5.064833e-07	5953
933245	-1.286281e-06	8.236654e-08	5.433445e-07	833
753923	-1.198595e-06	8.238533e-08	5.063114e-07	5953
924989	-1.286357e-06	8.240074e-08	5.431601e-07	833
745667	-1.198665e-06	8.241720e-08	5.061396e-07	5953
916733	-1.286432e-06	8.243494e-08	5.429757e-07	833
737411	-1.198736e-06	8.244907e-08	5.059677e-07	5953
908477	-1.286508e-06	8.246914e-08	5.427912e-07	833
729155	-1.198806e-06	8.248094e-08	5.057958e-07	5953
900221	-1.286584e-06	8.250335e-08	5.426067e-07	833
720899	-1.198876e-06	8.251281e-08	5.056239e-07	5953
891965	-1.286659e-06	8.253756e-08	5.424222e-07	833
712643	-1.198946e-06	8.254469e-08	5.054520e-07	5953
883709	-1.286735e-06	8.257177e-08	5.422377e-07	833
704387	-1.199017e-06	8.257656e-08	5.052801e-07	5953
875453	-1.286810e-06	8.260598e-08	5.420532e-07	833
696131	-1.199087e-06	8.260844e-08	5.051082e-07	5953
867197	-1.286886e-06	8.264019e-08	5.418687e-07	833
687875	-1.199157e-06	8.264033e-08	5.049362e-07	5953
679619	-1.199227e-06	8.267221e-08	5.047643e-07	5953
858941	-1.286961e-06	8.267440e-08	5.416842e-07	833
671363	-1.199297e-06	8.270409e-08	5.045923e-07	5953
850685	-1.287037e-06	8.270862e-08	5.414997e-07	833
663107	-1.199368e-06	8.273598e-08	5.044204e-07	5953
842429	-1.287112e-06	8.274284e-08	5.413151e-07	833
654851	-1.199438e-06	8.276787e-08	5.042484e-07	5953
834173	-1.287188e-06	8.277706e-08	5.411305e-07	833
646595	-1.199508e-06	8.279976e-08	5.040764e-07	5953
825917	-1.287263e-06	8.281129e-08	5.409460e-07	833
638339	-1.199578e-06	8.283165e-08	5.039044e-07	5953
817661	-1.287338e-06	8.284551e-08	5.407614e-07	833
630083	-1.199648e-06	8.286354e-08	5.037324e-07	5953
809405	-1.287414e-06	8.287974e-08	5.405768e-07	833
621827	-1.199718e-06	8.289544e-08	5.035604e-07	5953
801149	-1.287489e-06	8.291397e-08	5.403922e-07	833
613571	-1.199788e-06	8.292734e-08	5.033884e-07	5953
792893	-1.287564e-06	8.294820e-08	5.402076e-07	833
605315	-1.199858e-06	8.295924e-08	5.032163e-07	5953
784637	-1.287639e-06	8.298243e-08	5.400230e-07	833
597059	-1.199928e-06	8.299114e-08	5.030443e-07	5953
776381	-1.287715e-06	8.301667e-08	5.398383e-07	833
588803	-1.199998e-06	8.302304e-08	5.028722e-07	5953
768125	-1.287790e-06	8.305091e-08	5.396537e-07	833
580547	-1.200068e-06	8.305495e-08	5.027002e-07	5953
759869	-1.287865e-06	8.308515e-08	5.394691e-07	833
572291	-1.200137e-06	8.308685e-08	5.025281e-07	5953
564035	-1.200207e-06	8.311876e-08	5.023560e-07	5953
751613	-1.287940e-06	8.311939e-08	5.392844e-07	833
555779	-1.200277e-06	8.315067e-08	5.021839e-07	5953
743357	-1.288015e-06	8.315363e-08	5.390997e-07	833
547523	-1.200347e-06	8.318258e-08	5.020118e-07	5953
735101	-1.288090e-06	8.318788e-08	5.389150e-07	833
539267	-1.200417e-06	8.321450e-08	5.018397e-07	5953
726845	-1.288165e-06	8.322213e-08	5.387303e-07	833
531011	-1.200486e-06	8.324642e-08	5.016676e-07	5953
718589	-1.288240e-06	8.325637e-08	5.385456e-07	833
522755	-1.200556e-06	8.327834e-08	5.014954e-07	5953
710333	-1.288315e-06	8.329062e-08	5.383609e-07	833
514499	-1.200626e-06	8.331025e-08	5.013233e-07	5953
702077	-1.288390e-06	8.332488e-08	5.381762e-07	833
506243	-1.200695e-06	8.334218e-08	5.011511e-07	5953
693821	-1.288465e-06	8.335913e-08	5.379914e-07	833
497987	-1.200765e-06	8.337410e-08	5.009790e-07	5953
685565	-1.288540e-06	8.339340e-08	5.378067e-07	833
489731	-1.200835e-06	8.340603e-08	5.008068e-07	5953
677309	-1.288615e-06	8.342765e-08	5.376219e-07	833
481475	-1.200904e-06	8.343795e-08	5.006346e-07	5953
669053	-1.288690e-06	8.346191e-08	5.374371e-07	833
473219	-1.200974e-06	8.346989e-08	5.004624e-07	5953
660797	-1.288765e-06	8.349618e-08	5.372523e-07	833
464963	-1.201043e-06	8.350182e-08	5.002902e-07	5953
652541	-1.288839e-06	8.353044e-08	5.370675e-07	833
456707	-1.201113e-06	8.353375e-08	5.001179e-07	5953
644285	-1.288914e-06	8.356471e-08	5.368827e-07	833
448451	-1.201182e-06	8.356569e-08	4.999457e-07	5953
440195	-1.201252e-06	8.359762e-08	4.997735e-07	5953
636029	-1.288989e-06	8.359898e-08	5.366979e-07	833
431939	-1.201321e-06	8.362956e-08	4.996012e-07	5953
627773	-1.289064e-06	8.363325e-08	5.365131e-07	833
423683	-1.201391e-06	8.366150e-08	4.994290e-07	5953
619517	-1.289138e-06	8.366752e-08	5.363282e-07	833
415427	-1.201460e-06	8.369344e-08	4.992567e-07	5953
611261	-1.289213e-06	8.370180e-08	5.361434e-07	833
407171	-1.201529e-06	8.372539e-08	4.990844e-07	5953
603005	-1.289288e-06	8.373608e-08	5.359585e-07	833
398915	-1.201599e-06	8.375734e-08	4.989121e-07	5953
594749	-1.289362e-06	8.377036e-08	5.357737e-07	833
390659	-1.201668e-06	8.378928e-08	4.987398e-07	5953
586493	-1.289437e-06	8.380464e-08	5.355888e-07	833
382403	-1.201737e-06	8.382123e-08	4.985675e-07	5953
578237	-1.289511e-06	8.383893e-08	5.354039e-07	833
374147	-1.201806e-06	8.385319e-08	4.983953e-07	5953
569981	-1.289586e-06	8.387321e-08	5.352190e-07	833
365891	-1.201876e-06	8.388514e-08	4.982229e-07	5953
561725	-1.289661e-06	8.390749e-08	5.350341e-07	833
357635	-1.201945e-06	8.391709e-08	4.980506e-07	5953
553469	-1.289735e-06	8.394179e-08	5.348492e-07	833
349379	-1.202014e-06	8.394905e-08	4.978782e-07	5953
545213	-1.289809e-06	8.397608e-08	5.346642e-07	833
341123	-1.202083e-06	8.398101e-08	4.977059e-07	5953
536957	-1.289884e-06	8.401037e-08	5.344793e-07	833
332867	-1.202152e-06	8.401297e-08	4.975335e-07	5953
528701	-1.289958e-06	8.404466e-08	5.342943e-07	833
324611	-1.202221e-06	8.404493e-08	4.973612e-07	5953
316355	-1.202290e-06	8.407690e-08	4.971888e-07	5953
520445	-1.290033e-06	8.407896e-08	5.341093e-07	833
308099	-1.202359e-06	8.410887e-08	4.970163e-07	5953
512189	-1.290107e-06	8.411327e-08	5.339244e-07	833
299843	-1.202429e-06	8.414084e-08	4.968439e-07	5953
503933	-1.290181e-06	8.414757e-08	5.337394e-07	833
291587	-1.202498e-06	8.417281e-08	4.966715e-07	5953
495677	-1.290256e-06	8.418187e-08	5.335544e-07	833
283331	-1.202566e-06	8.420478e-08	4.964991e-07	5953
487421	-1.290330e-06	8.421618e-08	5.333694e-07	833
275075	-1.202635e-06	8.423675e-08	4.963267e-07	5953
479165	-1.290404e-06	8.425048e-08	5.331843e-07	833
266819	-1.202704e-06	8.426873e-08	4.961542e-07	5953
470909	-1.290478e-06	8.428479e-08	5.329993e-07	833
258563	-1.202773e-06	8.430071e-08	4.959818e-07	5953
462653	-1.290552e-06	8.431910e-08	5.328143e-07	833
250307	-1.202842e-06	8.433269e-08	4.958093e-07	5953
454397	-1.290627e-06	8.435342e-08	5.326292e-07	833
242051	-1.202911e-06	8.436467e-08	4.956368e-07	5953
446141	-1.290701e-06	8.438774e-08	5.324442e-07	833
233795	-1.202980e-06	8.439665e-08	4.954643e-07	5953
437885	-1.290775e-06	8.442205e-08	5.322591e-07	833
225539	-1.203048e-06	8.442863e-08	4.952918e-07	5953
429629	-1.290849e-06	8.445637e-08	5.320740e-07	833
217283	-1.203117e-06	8.446062e-08	4.951194e-07	5953
421373	-1.290923e-06	8.449069e-08	5.318889e-07	833
209027	-1.203186e-06	8.449261e-08	4.949468e-07	5953
200771	-1.203255e-06	8.452461e-08	4.947743e-07	5953
413117	-1.290997e-06	8.452501e-08	5.317038e-07	833
192515	-1.203323e-06	8.455660e-08	4.946017e-07	5953
404861	-1.291071e-06	8.455934e-08	5.315187e-07	833
184259	-1.203392e-06	8.458859e-08	4.944292e-07	5953
396605	-1.291145e-06	8.459367e-08	5.313336e-07	833
176003	-1.203461e-06	8.462059e-08	4.942567e-07	5953
388349	-1.291219e-06	8.462800e-08	5.311484e-07	833
167747	-1.203529e-06	8.465258e-08	4.940841e-07	5953
380093	-1.291293e-06	8.466233e-08	5.309633e-07	833
159491	-1.203598e-06	8.468459e-08	4.939116e-07	5953
371837	-1.291366e-06	8.469667e-08	5.307781e-07	833
151235	-1.203666e-06	8.471659e-08	4.937390e-07	5953
363581	-1.291440e-06	8.473100e-08	5.305930e-07	833
142979	-1.203735e-06	8.474859e-08	4.935663e-07	5953
355325	-1.291514e-06	8.476534e-08	5.304078e-07	833
134723	-1.203803e-06	8.478059e-08	4.933938e-07	5953
347069	-1.291588e-06	8.479967e-08	5.302226e-07	833
126467	-1.203872e-06	8.481260e-08	4.932211e-07	5953
338813	-1.291662e-06	8.483401e-08	5.300374e-07	833
118211	-1.203940e-06	8.484461e-08	4.930485e-07	5953
330557	-1.291735e-06	8.486836e-08	5.298522e-07	833
109955	-1.204009e-06	8.487662e-08	4.928759e-07	5953
322301	-1.291809e-06	8.490271e-08	5.296669e-07	833
101699	-1.204077e-06	8.490864e-08	4.927032e-07	5953
314045	-1.291883e-06	8.493706e-08	5.294817e-07	833
93443	-1.204146e-06	8.494065e-08	4.925306e-07	5953
305789	-1.291956e-06	8.497140e-08	5.292965e-07	833
85187	-1.204214e-06	8.497267e-08	4.923579e-07	5953
76931	-1.204282e-06	8.500469e-08	4.921853e-07	5953
297533	-1.292030e-06	8.500575e-08	5.291112e-07	833
68675	-1.204350e-06	8.503671e-08	4.920126e-07	5953
289277	-1.292104e-06	8.504011e-08	5.289260e-07	833
60419	-1.204419e-06	8.506873e-08	4.918399e-07	5953
281021	-1.292177e-06	8.507446e-08	5.287407e-07	833
52163	-1.204487e-06	8.510075e-08	4.916672e-07	5953
272765	-1.292251e-06	8.510882e-08	5.285554e-07	833
1150316	-1.165085e-06	8.511463e-08	5.065800e-07	6209
43907	-1.204555e-06	8.513278e-08	4.914945e-07	5953
264509	-1.292324e-06	8.514318e-08	5.283701e-07	833
1142060	-1.165156e-06	8.514560e-08	5.064129e-07	6209
35651	-1.204623e-06	8.516481e-08	4.913218e-07	5953
1133804	-1.165226e-06	8.517658e-08	5.062458e-07	6209
256253	-1.292398e-06	8.517754e-08	5.281848e-07	833
27395	-1.204692e-06	8.519684e-08	4.911490e-07	5953
1125548	-1.165296e-06	8.520756e-08	5.060787e-07	6209
247997	-1.292471e-06	8.521190e-08	5.279995e-07	833
19139	-1.204760e-06	8.522887e-08	4.909763e-07	5953
1117292	-1.165367e-06	8.523854e-08	5.059117e-07	6209
239741	-1.292545e-06	8.524627e-08	5.278142e-07	833
10883	-1.204828e-06	8.526090e-08	4.908035e-07	5953
1109036	-1.165437e-06	8.526952e-08	5.057445e-07	6209
231485	-1.292618e-06	8.528063e-08	5.276288e-07	833
2627	-1.204896e-06	8.529294e-08	4.906308e-07	5953
1100780	-1.165507e-06	8.530051e-08	5.055774e-07	6209
223229	-1.292691e-06	8.531500e-08	5.274435e-07	833
1092524	-1.165577e-06	8.533149e-08	5.054103e-07	6209
214973	-1.292765e-06	8.534938e-08	5.272581e-07	833
1084268	-1.165648e-06	8.536248e-08	5.052432e-07	6209
206717	-1.292838e-06	8.538375e-08	5.270728e-07	833
1076012	-1.165718e-06	8.539347e-08	5.050761e-07	6209
198461	-1.292911e-06	8.541812e-08	5.268873e-07	833
1067756	-1.165788e-06	8.542447e-08	5.049089e-07	6209
190205	-1.292985e-06	8.545250e-08	5.267020e-07	833
1059500	-1.165858e-06	8.545546e-08	5.047417e-07	6209
1051244	-1.165928e-06	8.548646e-08	5.045745e-07	6209
181949	-1.293058e-06	8.548688e-08	5.265165e-07	833
1042988	-1.165998e-06	8.551746e-08	5.044074e-07	6209
173693	-1.293131e-06	8.552126e-08	5.263312e-07	833
1034732	-1.166068e-06	8.554845e-08	5.042402e-07	6209
165437	-1.293204e-06	8.555564e-08	5.261458e-07	833
1026476	-1.166138e-06	8.557946e-08	5.040730e-07	6209
157181	-1.293277e-06	8.559002e-08	5.259603e-07	833
1018220	-1.166208e-06	8.561046e-08	5.039058e-07	6209
148925	-1.293350e-06	8.562441e-08	5.257749e-07	833
1009964	-1.166278e-06	8.564147e-08	5.037385e-07	6209
140669	-1.293424e-06	8.565880e-08	5.255894e-07	833
1001708	-1.166348e-06	8.567248e-08	5.035713e-07	6209
132413	-1.293497e-06	8.569319e-08	5.254039e-07	833
993452	-1.166418e-06	8.570348e-08	5.034041e-07	6209
124157	-1.293570e-06	8.572759e-08	5.252185e-07	833
985196	-1.166488e-06	8.573449e-08	5.032368e-07	6209
115901	-1.293643e-06	8.576198e-08	5.250330e-07	833
976940	-1.166558e-06	8.576551e-08	5.030695e-07	6209
107645	-1.293716e-06	8.579638e-08	5.248475e-07	833
968684	-1.166628e-06	8.579652e-08	5.029023e-07	6209
960428	-1.166697e-06	8.582754e-08	5.027350e-07	6209
99389	-1.293789e-06	8.583078e-08	5.246620e-07	833
952172	-1.166767e-06	8.585856e-08	5.025677e-07	6209
91133	-1.293862e-06	8.586517e-08	5.244765e-07	833
943916	-1.166837e-06	8.588957e-08	5.024004e-07	6209
82877	-1.293934e-06	8.589958e-08	5.242910e-07	833
935660	-1.166907e-06	8.592060e-08	5.022331e-07	6209
74621	-1.294007e-06	8.593398e-08	5.241054e-07	833
927404	-1.166976e-06	8.595163e-08	5.020658e-07	6209
66365	-1.294080e-06	8.596839e-08	5.239199e-07	833
919148	-1.167046e-06	8.598265e-08	5.018985e-07	6209
58109	-1.294153e-06	8.600280e-08	5.237343e-07	833
910892	-1.167116e-06	8.601368e-08	5.017311e-07	6209
49853	-1.294226e-06	8.603720e-08	5.235487e-07	833
902636	-1.167185e-06	8.604471e-08	5.015638e-07	6209
41597	-1.294299e-06	8.607162e-08	5.233632e-07	833
894380	-1.167255e-06	8.607574e-08	5.013964e-07	6209
33341	-1.294371e-06	8.610603e-08	5.231776e-07	833
886124	-1.167325e-06	8.610677e-08	5.012290e-07	6209
877868	-1.167394e-06	8.613781e-08	5.010617e-07	6209
25085	-1.294444e-06	8.614045e-08	5.229920e-07	833
869612	-1.167464e-06	8.616885e-08	5.008943e-07	6209
16829	-1.294517e-06	8.617486e-08	5.228064e-07	833
861356	-1.167533e-06	8.619988e-08	5.007269e-07	6209
8573	-1.294589e-06	8.620929e-08	5.226207e-07	833
853100	-1.167603e-06	8.623093e-08	5.005595e-07	6209
317	-1.294662e-06	8.624371e-08	5.224351e-07	833
844844	-1.167672e-06	8.626197e-08	5.003920e-07	6209
836588	-1.167742e-06	8.629301e-08	5.002246e-07	6209
828332	-1.167811e-06	8.632406e-08	5.000571e-07	6209
820076	-1.167880e-06	8.635511e-08	4.998897e-07	6209
811820	-1.167950e-06	8.638616e-08	4.997222e-07	6209
803564	-1.168019e-06	8.641721e-08	4.995547e-07	6209
795308	-1.168088e-06	8.644827e-08	4.993873e-07	6209
787052	-1.168158e-06	8.647933e-08	4.992198e-07	6209
778796	-1.168227e-06	8.651038e-08	4.990523e-07	6209
770540	-1.168296e-06	8.654144e-08	4.988848e-07	6209
762284	-1.168366e-06	8.657250e-08	4.987173e-07	6209
754028	-1.168435e-06	8.660356e-08	4.985497e-07	6209
745772	-1.168504e-06	8.663463e-08	4.983822e-07	6209
737516	-1.168573e-06	8.666570e-08	4.982146e-07	6209
729260	-1.168642e-06	8.669677e-08	4.980471e-07	6209
721004	-1.168711e-06	8.672784e-08	4.978795e-07	6209
712748	-1.168780e-06	8.675891e-08	4.977119e-07	6209
704492	-1.168849e-06	8.678998e-08	4.975443e-07	6209
696236	-1.168918e-06	8.682106e-08	4.973767e-07	6209
687980	-1.168987e-06	8.685214e-08	4.972091e-07	6209
679724	-1.169056e-06	8.688322e-08	4.970415e-07	6209
671468	-1.169125e-06	8.691431e-08	4.968738e-07	6209
663212	-1.169194e-06	8.694538e-08	4.967062e-07	6209
654956	-1.169263e-06	8.697647e-08	4.965386e-07	6209
646700	-1.169332e-06	8.700756e-08	4.963709e-07	6209
638444	-1.169401e-06	8.703865e-08	4.962033e-07	6209
630188	-1.169470e-06	8.706974e-08	4.960356e-07	6209
621932	-1.169538e-06	8.710083e-08	4.958679e-07	6209
613676	-1.169607e-06	8.713193e-08	4.957002e-07	6209
605420	-1.169676e-06	8.716302e-08	4.955324e-07	6209
597164	-1.169745e-06	8.719412e-08	4.953648e-07	6209
588908	-1.169813e-06	8.722522e-08	4.951970e-07	6209
580652	-1.169882e-06	8.725632e-08	4.950293e-07	6209
572396	-1.169951e-06	8.728743e-08	4.948615e-07	6209
564140	-1.170019e-06	8.731853e-08	4.946938e-07	6209
555884	-1.170088e-06	8.734964e-08	4.945260e-07	6209
547628	-1.170157e-06	8.738076e-08	4.943582e-07	6209
539372	-1.170225e-06	8.741186e-08	4.941904e-07	6209
531116	-1.170294e-06	8.744298e-08	4.940226e-07	6209
522860	-1.170362e-06	8.747409e-08	4.938548e-07	6209
514604	-1.170431e-06	8.750521e-08	4.936870e-07	6209
506348	-1.170499e-06	8.753633e-08	4.935192e-07	6209
498092	-1.170567e-06	8.756745e-08	4.933514e-07	6209
489836	-1.170636e-06	8.759857e-08	4.931835e-07	6209
481580	-1.170704e-06	8.762969e-08	4.930156e-07	6209
473324	-1.170773e-06	8.766082e-08	4.928478e-07	6209
465068	-1.170841e-06	8.769195e-08	4.926799e-07	6209
456812	-1.170909e-06	8.772308e-08	4.925120e-07	6209
448556	-1.170977e-06	8.775421e-08	4.923442e-07	6209
440300	-1.171046e-06	8.778535e-08	4.921762e-07	6209
432044	-1.171114e-06	8.781648e-08	4.920083e-07	6209
423788	-1.171182e-06	8.784762e-08	4.918404e-07	6209
415532	-1.171250e-06	8.787876e-08	4.916724e-07	6209
407276	-1.171318e-06	8.790990e-08	4.915045e-07	6209
399020	-1.171387e-06	8.794104e-08	4.913366e-07	6209
390764	-1.171455e-06	8.797218e-08	4.911686e-07	6209
382508	-1.171523e-06	8.800333e-08	4.910006e-07	6209
374252	-1.171591e-06	8.803448e-08	4.908326e-07	6209
365996	-1.171659e-06	8.806563e-08	4.906647e-07	6209
357740	-1.171727e-06	8.809678e-08	4.904966e-07	6209
349484	-1.171795e-06	8.812793e-08	4.903286e-07	6209
341228	-1.171863e-06	8.815909e-08	4.901606e-07	6209
332972	-1.171931e-06	8.819025e-08	4.899925e-07	6209
324716	-1.171999e-06	8.822141e-08	4.898245e-07	6209
316460	-1.172067e-06	8.825257e-08	4.896565e-07	6209
308204	-1.172134e-06	8.828373e-08	4.894884e-07	6209
299948	-1.172202e-06	8.831490e-08	4.893203e-07	6209
291692	-1.172270e-06	8.834606e-08	4.891523e-07	6209
283436	-1.172338e-06	8.837723e-08	4.889841e-07	6209
275180	-1.172405e-06	8.840840e-08	4.888161e-07	6209
266924	-1.172473e-06	8.843957e-08	4.886480e-07	6209
1150925	-1.076694e-06	8.844332e-08	4.762827e-07	7745
258668	-1.172541e-06	8.847075e-08	4.884798e-07	6209
1142669	-1.076760e-06	8.847194e-08	4.761283e-07	7745
1134413	-1.076825e-06	8.850057e-08	4.759739e-07	7745
250412	-1.172609e-06	8.850192e-08	4.883117e-07	6209
1126157	-1.076891e-06	8.852920e-08	4.758195e-07	7745
242156	-1.172676e-06	8.853310e-08	4.881435e-07	6209
1117901	-1.076957e-06	8.855783e-08	4.756650e-07	7745
233900	-1.172744e-06	8.856428e-08	4.879754e-07	6209
1109645	-1.077023e-06	8.858646e-08	4.755106e-07	7745
225644	-1.172811e-06	8.859546e-08	4.878073e-07	6209
1101389	-1.077089e-06	8.861510e-08	4.753562e-07	7745
217388	-1.172879e-06	8.862664e-08	4.876391e-07	6209
1093133	-1.077155e-06	8.864373e-08	4.752017e-07	7745
209132	-1.172947e-06	8.865783e-08	4.874709e-07	6209
1084877	-1.077220e-06	8.867237e-08	4.750473e-07	7745
200876	-1.173014e-06	8.868901e-08	4.873027e-07	6209
1076621	-1.077286e-06	8.870101e-08	4.748928e-07	7745
192620	-1.173082e-06	8.872020e-08	4.871345e-07	6209
1068365	-1.077352e-06	8.872964e-08	4.747384e-07	7745
184364	-1.173149e-06	8.875139e-08	4.869663e-07	6209
1060109	-1.077418e-06	8.875829e-08	4.745839e-07	7745
176108	-1.173217e-06	8.878258e-08	4.867981e-07	6209
1051853	-1.077483e-06	8.878693e-08	4.744294e-07	7745
167852	-1.173284e-06	8.881378e-08	4.866299e-07	6209
1043597	-1.077549e-06	8.881558e-08	4.742749e-07	7745
1035341	-1.077615e-06	8.884422e-08	4.741204e-07	7745
159596	-1.173351e-06	8.884497e-08	4.864617e-07	6209
1027085	-1.077680e-06	8.887287e-08	4.739659e-07	7745
151340	-1.173419e-06	8.887617e-08	4.862934e-07	6209
1018829	-1.077746e-06	8.890153e-08	4.738114e-07	7745
143084	-1.173486e-06	8.890737e-08	4.861251e-07	6209
1010573	-1.077811e-06	8.893018e-08	4.736568e-07	7745
134828	-1.173553e-06	8.893857e-08	4.859569e-07	6209
1002317	-1.077877e-06	8.895883e-08	4.735023e-07	7745
126572	-1.173621e-06	8.896977e-08	4.857886e-07	6209
994061	-1.077942e-06	8.898749e-08	4.733477e-07	7745
118316	-1.173688e-06	8.900098e-08	4.856203e-07	6209
985805	-1.078008e-06	8.901615e-08	4.731932e-07	7745
110060	-1.173755e-06	8.903218e-08	4.854520e-07	6209
977549	-1.078073e-06	8.904481e-08	4.730386e-07	7745
101804	-1.173823e-06	8.906339e-08	4.852837e-07	6209
969293	-1.078139e-06	8.907347e-08	4.728840e-07	7745
93548	-1.173890e-06	8.909460e-08	4.851154e-07	6209
961037	-1.078204e-06	8.910214e-08	4.727294e-07	7745
85292	-1.173957e-06	8.912581e-08	4.849471e-07	6209
952781	-1.078270e-06	8.913080e-08	4.725748e-07	7745
77036	-1.174024e-06	8.915703e-08	4.847788e-07	6209
944525	-1.078335e-06	8.915946e-08	4.724202e-07	7745
936269	-1.078400e-06	8.918813e-08	4.722656e-07	7745
68780	-1.174091e-06	8.918824e-08	4.846104e-07	6209
928013	-1.078466e-06	8.921680e-08	4.721109e-07	7745
60524	-1.174158e-06	8.921945e-08	4.844421e-07	6209
919757	-1.078531e-06	8.924548e-08	4.719563e-07	7745
52268	-1.174225e-06	8.925068e-08	4.842737e-07	6209
911501	-1.078596e-06	8.927415e-08	4.718017e-07	7745
44012	-1.174292e-06	8.928190e-08	4.841053e-07	6209
903245	-1.078662e-06	8.930283e-08	4.716470e-07	7745
35756	-1.174359e-06	8.931312e-08	4.839370e-07	6209
894989	-1.078727e-06	8.933151e-08	4.714923e-07	7745
27500	-1.174426e-06	8.934435e-08	4.837686e-07	6209
886733	-1.078792e-06	8.936019e-08	4.713376e-07	7745
19244	-1.174493e-06	8.937557e-08	4.836002e-07	6209
878477	-1.078857e-06	8.938886e-08	4.711829e-07	7745
10988	-1.174560e-06	8.940680e-08	4.834317e-07	6209
870221	-1.078922e-06	8.941755e-08	4.710283e-07	7745
2732	-1.174627e-06	8.943802e-08	4.832633e-07	6209
861965	-1.078988e-06	8.944623e-08	4.708735e-07	7745
853709	-1.079053e-06	8.947492e-08	4.707188e-07	7745
845453	-1.079118e-06	8.950361e-08	4.705641e-07	7745
837197	-1.079183e-06	8.953230e-08	4.704094e-07	7745
828941	-1.079248e-06	8.956099e-08	4.702546e-07	7745
820685	-1.079313e-06	8.958968e-08	4.700999e-07	7745
812429	-1.079378e-06	8.961837e-08	4.699451e-07	7745
804173	-1.079443e-06	8.964707e-08	4.697904e-07	7745
795917	-1.079508e-06	8.967577e-08	4.696356e-07	7745
787661	-1.079573e-06	8.970447e-08	4.694808e-07	7745
779405	-1.079638e-06	8.973317e-08	4.693260e-07	7745
771149	-1.079703e-06	8.976188e-08	4.691712e-07	7745
762893	-1.079768e-06	8.979058e-08	4.690164e-07	7745
754637	-1.079832e-06	8.981929e-08	4.688615e-07	7745
746381	-1.079897e-06	8.984800e-08	4.687067e-07	7745
738125	-1.079962e-06	8.987671e-08	4.685519e-07	7745
729869	-1.080027e-06	8.990542e-08	4.683970e-07	7745
721613	-1.080092e-06	8.993413e-08	4.682421e-07	7745
713357	-1.080156e-06	8.996285e-08	4.680873e-07	7745
705101	-1.080221e-06	8.999157e-08	4.679324e-07	7745
696845	-1.080286e-06	9.002029e-08	4.677775e-07	7745
688589	-1.080350e-06	9.004901e-08	4.676226e-07	7745
680333	-1.080415e-06	9.007773e-08	4.674677e-07	7745
672077	-1.080480e-06	9.010646e-08	4.673128e-07	7745
663821	-1.080544e-06	9.013518e-08	4.671578e-07	7745
655565	-1.080609e-06	9.016392e-08	4.670029e-07	7745
647309	-1.080673e-06	9.019264e-08	4.668480e-07	7745
639053	-1.080738e-06	9.022137e-08	4.666930e-07	7745
630797	-1.080802e-06	9.025010e-08	4.665380e-07	7745
622541	-1.080867e-06	9.027884e-08	4.663831e-07	7745
614285	-1.080931e-06	9.030758e-08	4.662281e-07	7745
606029	-1.080996e-06	9.033631e-08	4.660731e-07	7745
597773	-1.081060e-06	9.036506e-08	4.659181e-07	7745
589517	-1.081125e-06	9.039380e-08	4.657631e-07	7745
581261	-1.081189e-06	9.042254e-08	4.656081e-07	7745
573005	-1.081253e-06	9.045129e-08	4.654530e-07	7745
564749	-1.081318e-06	9.048004e-08	4.652980e-07	7745
556493	-1.081382e-06	9.050878e-08	4.651429e-07	7745
548237	-1.081446e-06	9.053753e-08	4.649879e-07	7745
539981	-1.081511e-06	9.056629e-08	4.648328e-07	7745
531725	-1.081575e-06	9.059504e-08	4.646777e-07	7745
523469	-1.081639e-06	9.062379e-08	4.645227e-07	7745
515213	-1.081703e-06	9.065256e-08	4.643676e-07	7745
506957	-1.081767e-06	9.068131e-08	4.642124e-07	7745
498701	-1.081831e-06	9.071007e-08	4.640573e-07	7745
490445	-1.081895e-06	9.073884e-08	4.639022e-07	7745
482189	-1.081960e-06	9.076760e-08	4.637471e-07	7745
473933	-1.082024e-06	9.079636e-08	4.635919e-07	7745
465677	-1.082088e-06	9.082513e-08	4.634368e-07	7745
457421	-1.082152e-06	9.085390e-08	4.632816e-07	7745
449165	-1.082216e-06	9.088267e-08	4.631265e-07	7745
440909	-1.082280e-06	9.091145e-08	4.629713e-07	7745
432653	-1.082344e-06	9.094022e-08	4.628161e-07	7745
424397	-1.082408e-06	9.096900e-08	4.626609e-07	7745
416141	-1.082471e-06	9.099777e-08	4.625057e-07	7745
407885	-1.082535e-06	9.102656e-08	4.623505e-07	7745
399629	-1.082599e-06	9.105533e-08	4.621953e-07	7745
391373	-1.082663e-06	9.108412e-08	4.620400e-07	7745
383117	-1.082727e-06	9.111290e-08	4.618848e-07	7745
374861	-1.082791e-06	9.114169e-08	4.617295e-07	7745
366605	-1.082855e-06	9.117048e-08	4.615743e-07	7745
358349	-1.082918e-06	9.119927e-08	4.614190e-07	7745
350093	-1.082982e-06	9.122806e-08	4.612637e-07	7745
341837	-1.083046e-06	9.125686e-08	4.611084e-07	7745
333581	-1.083109e-06	9.128565e-08	4.609531e-07	7745
325325	-1.083173e-06	9.131445e-08	4.607978e-07	7745
317069	-1.083237e-06	9.134325e-08	4.606425e-07	7745
1147775	-1.304162e-06	9.135398e-08	5.630978e-07	577
308813	-1.083300e-06	9.137204e-08	4.604872e-07	7745
1139519	-1.304240e-06	9.138865e-08	5.629108e-07	577
300557	-1.083364e-06	9.140085e-08	4.603319e-07	7745
1131263	-1.304318e-06	9.142332e-08	5.627238e-07	577
292301	-1.083427e-06	9.142965e-08	4.601765e-07	7745
1123007	-1.304396e-06	9.145801e-08	5.625367e-07	577
284045	-1.083491e-06	9.145846e-08	4.600212e-07	7745
275789	-1.083554e-06	9.148727e-08	4.598658e-07	7745
1114751	-1.304475e-06	9.149268e-08	5.623497e-07	577
267533	-1.083618e-06	9.151607e-08	4.597105e-07	7745
1106495	-1.304553e-06	9.152736e-08	5.621627e-07	577
259277	-1.083681e-06	9.154488e-08	4.595551e-07	7745
1098239	-1.304631e-06	9.156205e-08	5.619756e-07	577
251021	-1.083745e-06	9.157370e-08	4.593997e-07	7745
1089983	-1.304709e-06	9.159673e-08	5.617885e-07	577
242765	-1.083808e-06	9.160251e-08	4.592443e-07	7745
234509	-1.083872e-06	9.163133e-08	4.590889e-07	7745
1081727	-1.304787e-06	9.163142e-08	5.616014e-07	577
226253	-1.083935e-06	9.166014e-08	4.589335e-07	7745
1073471	-1.304865e-06	9.166611e-08	5.614144e-07	577
217997	-1.083998e-06	9.168896e-08	4.587781e-07	7745
1065215	-1.304943e-06	9.170081e-08	5.612272e-07	577
209741	-1.084062e-06	9.171778e-08	4.586226e-07	7745
1056959	-1.305021e-06	9.173550e-08	5.610402e-07	577
201485	-1.084125e-06	9.174661e-08	4.584672e-07	7745
1048703	-1.305099e-06	9.177020e-08	5.608530e-07	577
193229	-1.084188e-06	9.177543e-08	4.583117e-07	7745
184973	-1.084252e-06	9.180425e-08	4.581563e-07	7745
1040447	-1.305177e-06	9.180489e-08	5.606659e-07	577
176717	-1.084315e-06	9.183308e-08	4.580008e-07	7745
1032191	-1.305255e-06	9.183960e-08	5.604787e-07	577
168461	-1.084378e-06	9.186191e-08	4.578453e-07	7745
1023935	-1.305333e-06	9.187430e-08	5.602916e-07	577
160205	-1.084441e-06	9.189074e-08	4.576898e-07	7745
1015679	-1.305411e-06	9.190900e-08	5.601044e-07	577
151949	-1.084504e-06	9.191957e-08	4.575343e-07	7745
1007423	-1.305489e-06	9.194371e-08	5.599172e-07	577
143693	-1.084568e-06	9.194841e-08	4.573788e-07	7745
135437	-1.084631e-06	9.197724e-08	4.572233e-07	7745
999167	-1.305567e-06	9.197841e-08	5.597300e-07	577
127181	-1.084694e-06	9.200608e-08	4.570678e-07	7745
990911	-1.305644e-06	9.201313e-08	5.595428e-07	577
118925	-1.084757e-06	9.203492e-08	4.569123e-07	7745
982655	-1.305722e-06	9.204784e-08	5.593556e-07	577
110669	-1.084820e-06	9.206376e-08	4.567567e-07	7745
974399	-1.305800e-06	9.208256e-08	5.591684e-07	577
102413	-1.084883e-06	9.209261e-08	4.566012e-07	7745
966143	-1.305878e-06	9.211728e-08	5.589811e-07	577
94157	-1.084946e-06	9.212145e-08	4.564456e-07	7745
85901	-1.085009e-06	9.215029e-08	4.562901e-07	7745
957887	-1.305955e-06	9.215199e-08	5.587939e-07	577
77645	-1.085072e-06	9.217914e-08	4.561345e-07	7745
949631	-1.306033e-06	9.218672e-08	5.586066e-07	577
69389	-1.085135e-06	9.220799e-08	4.559789e-07	7745
941375	-1.306111e-06	9.222144e-08	5.584193e-07	577
61133	-1.085198e-06	9.223685e-08	4.558233e-07	7745
933119	-1.306188e-06	9.225617e-08	5.582320e-07	577
52877	-1.085261e-06	9.226570e-08	4.556677e-07	7745
924863	-1.306266e-06	9.229089e-08	5.580448e-07	577
44621	-1.085324e-06	9.229455e-08	4.555121e-07	7745
36365	-1.085386e-06	9.232341e-08	4.553564e-07	7745
916607	-1.306343e-06	9.232562e-08	5.578574e-07	577
28109	-1.085449e-06	9.235227e-08	4.552008e-07	7745
908351	-1.306421e-06	9.236035e-08	5.576701e-07	577
19853	-1.085512e-06	9.238113e-08	4.550452e-07	7745
900095	-1.306498e-06	9.239509e-08	5.574828e-07	577
11597	-1.085575e-06	9.240999e-08	4.548895e-07	7745
891839	-1.306576e-06	9.242982e-08	5.572955e-07	577
3341	-1.085638e-06	9.243885e-08	4.547339e-07	7745
883583	-1.306653e-06	9.246456e-08	5.571081e-07	577
875327	-1.306731e-06	9.249930e-08	5.569208e-07	577
867071	-1.306808e-06	9.253404e-08	5.567334e-07	577
858815	-1.306885e-06	9.256879e-08	5.565460e-07	577
850559	-1.306963e-06	9.260354e-08	5.563587e-07	577
842303	-1.307040e-06	9.263828e-08	5.561712e-07	577
834047	-1.307117e-06	9.267303e-08	5.559838e-07	577
825791	-1.307195e-06	9.270779e-08	5.557964e-07	577
817535	-1.307272e-06	9.274254e-08	5.556089e-07	577
809279	-1.307349e-06	9.277730e-08	5.554215e-07	577
801023	-1.307426e-06	9.281206e-08	5.552341e-07	577
792767	-1.307503e-06	9.284682e-08	5.550466e-07	577
784511	-1.307580e-06	9.288158e-08	5.548591e-07	577
776255	-1.307657e-06	9.291634e-08	5.546716e-07	577
767999	-1.307734e-06	9.295111e-08	5.544841e-07	577
759743	-1.307812e-06	9.298588e-08	5.542965e-07	577
751487	-1.307889e-06	9.302065e-08	5.541090e-07	577
743231	-1.307965e-06	9.305543e-08	5.539215e-07	577
734975	-1.308042e-06	9.309020e-08	5.537340e-07	577
726719	-1.308119e-06	9.312498e-08	5.535464e-07	577
718463	-1.308196e-06	9.315976e-08	5.533589e-07	577
710207	-1.308273e-06	9.319454e-08	5.531713e-07	577
701951	-1.308350e-06	9.322932e-08	5.529836e-07	577
693695	-1.308427e-06	9.326411e-08	5.527961e-07	577
685439	-1.308503e-06	9.329889e-08	5.526085e-07	577
677183	-1.308580e-06	9.333369e-08	5.524208e-07	577
668927	-1.308657e-06	9.336848e-08	5.522332e-07	577
660671	-1.308734e-06	9.340327e-08	5.520455e-07	577
652415	-1.308810e-06	9.343807e-08	5.518579e-07	577
644159	-1.308887e-06	9.347287e-08	5.516702e-07	577
635903	-1.308963e-06	9.350767e-08	5.514825e-07	577
627647	-1.309040e-06	9.354247e-08	5.512948e-07	577
619391	-1.309117e-06	9.357727e-08	5.511071e-07	577
611135	-1.309193e-06	9.361208e-08	5.509194e-07	577
602879	-1.309270e-06	9.364689e-08	5.507317e-07	577
594623	-1.309346e-06	9.368170e-08	5.505440e-07	577
586367	-1.309422e-06	9.371651e-08	5.503562e-07	577
578111	-1.309499e-06	9.375132e-08	5.501685e-07	577
569855	-1.309575e-06	9.378614e-08	5.499807e-07	577
561599	-1.309652e-06	9.382096e-08	5.497929e-07	577
553343	-1.309728e-06	9.385578e-08	5.496051e-07	577
545087	-1.309804e-06	9.389061e-08	5.494173e-07	577
536831	-1.309881e-06	9.392543e-08	5.492295e-07	577
528575	-1.309957e-06	9.396025e-08	5.490417e-07	577
520319	-1.310033e-06	9.399508e-08	5.488538e-07	577
512063	-1.310109e-06	9.402991e-08	5.486660e-07	577
503807	-1.310185e-06	9.406475e-08	5.484782e-07	577
495551	-1.310261e-06	9.409958e-08	5.482903e-07	577
487295	-1.310338e-06	9.413442e-08	5.481024e-07	577
479039	-1.310414e-06	9.416926e-08	5.479145e-07	577
470783	-1.310490e-06	9.420410e-08	5.477266e-07	577
462527	-1.310566e-06	9.423894e-08	5.475387e-07	577
454271	-1.310642e-06	9.427379e-08	5.473508e-07	577
446015	-1.310718e-06	9.430863e-08	5.471629e-07	577
437759	-1.310794e-06	9.434348e-08	5.469749e-07	577
429503	-1.310869e-06	9.437834e-08	5.467870e-07	577
421247	-1.310945e-06	9.441319e-08	5.465990e-07	577
412991	-1.311021e-06	9.444805e-08	5.464110e-07	577
404735	-1.311097e-06	9.448290e-08	5.462230e-07	577
396479	-1.311173e-06	9.451776e-08	5.460350e-07	577
388223	-1.311249e-06	9.455263e-08	5.458470e-07	577
379967	-1.311324e-06	9.458748e-08	5.456590e-07	577
371711	-1.311400e-06	9.462235e-08	5.454710e-07	577
363455	-1.311476e-06	9.465722e-08	5.452829e-07	577
355199	-1.311551e-06	9.469209e-08	5.450949e-07	577
346943	-1.311627e-06	9.472696e-08	5.449068e-07	577
338687	-1.311703e-06	9.476184e-08	5.447188e-07	577
330431	-1.311778e-06	9.479671e-08	5.445307e-07	577
322175	-1.311854e-06	9.483158e-08	5.443426e-07	577
313919	-1.311929e-06	9.486646e-08	5.441545e-07	577
305663	-1.312005e-06	9.490135e-08	5.439663e-07	577
297407	-1.312080e-06	9.493623e-08	5.437782e-07	577
289151	-1.312156e-06	9.497112e-08	5.435901e-07	577
280895	-1.312231e-06	9.500601e-08	5.434019e-07	577
272639	-1.312306e-06	9.504090e-08	5.432138e-07	577
264383	-1.312382e-06	9.507579e-08	5.430256e-07	577
256127	-1.312457e-06	9.511068e-08	5.428374e-07	577
247871	-1.312532e-06	9.514558e-08	5.426492e-07	577
239615	-1.312608e-06	9.518048e-08	5.424610e-07	577
231359	-1.312683e-06	9.521538e-08	5.422728e-07	577
223103	-1.312758e-06	9.525028e-08	5.420846e-07	577
214847	-1.312833e-06	9.528518e-08	5.418963e-07	577
206591	-1.312908e-06	9.532009e-08	5.417081e-07	577
198335	-1.312983e-06	9.535500e-08	5.415199e-07	577
190079	-1.313059e-06	9.538991e-08	5.413316e-07	577
181823	-1.313134e-06	9.542482e-08	5.411433e-07	577
173567	-1.313209e-06	9.545973e-08	5.409550e-07	577
165311	-1.313284e-06	9.549465e-08	5.407667e-07	577
157055	-1.313359e-06	9.552956e-08	5.405784e-07	577
148799	-1.313434e-06	9.556449e-08	5.403901e-07	577
140543	-1.313509e-06	9.559941e-08	5.402018e-07	577
132287	-1.313584e-06	9.563433e-08	5.400134e-07	577
124031	-1.313658e-06	9.566926e-08	5.398251e-07	577
115775	-1.313733e-06	9.570419e-08	5.396367e-07	577
107519	-1.313808e-06	9.573912e-08	5.394483e-07	577
99263	-1.313883e-06	9.577405e-08	5.392599e-07	577
91007	-1.313958e-06	9.580899e-08	5.390716e-07	577
82751	-1.314032e-06	9.584392e-08	5.388831e-07	577
74495	-1.314107e-06	9.587886e-08	5.386947e-07	577
66239	-1.314182e-06	9.591380e-08	5.385063e-07	577
57983	-1.314256e-06	9.594874e-08	5.383179e-07	577
49727	-1.314331e-06	9.598369e-08	5.381294e-07	577
41471	-1.314406e-06	9.601863e-08	5.379409e-07	577
33215	-1.314480e-06	9.605358e-08	5.377524e-07	577
24959	-1.314555e-06	9.608853e-08	5.375639e-07	577
16703	-1.314629e-06	9.612348e-08	5.373755e-07	577
8447	-1.314704e-06	9.615844e-08	5.371870e-07	577
191	-1.314778e-06	9.619339e-08	5.369985e-07	577
1148755	-1.443211e-06	9.764219e-08	6.176444e-07	2625
1140499	-1.443297e-06	9.768057e-08	6.174375e-07	2625
1132243	-1.443383e-06	9.771894e-08	6.172306e-07	2625
1123987	-1.443469e-06	9.775732e-08	6.170236e-07	2625
1115731	-1.443555e-06	9.779569e-08	6.168166e-07	2625
1107475	-1.443641e-06	9.783408e-08	6.166096e-07	2625
1099219	-1.443727e-06	9.787245e-08	6.164026e-07	2625
1090963	-1.443812e-06	9.791084e-08	6.161956e-07	2625
1082707	-1.443898e-06	9.794923e-08	6.159886e-07	2625
1074451	-1.443984e-06	9.798762e-08	6.157815e-07	2625
1066195	-1.444070e-06	9.802601e-08	6.155745e-07	2625
1057939	-1.444155e-06	9.806440e-08	6.153674e-07	2625
1049683	-1.444241e-06	9.810280e-08	6.151603e-07	2625
1041427	-1.444326e-06	9.814119e-08	6.149533e-07	2625
1033171	-1.444412e-06	9.817960e-08	6.147462e-07	2625
1024915	-1.444497e-06	9.821800e-08	6.145390e-07	2625
1016659	-1.444583e-06	9.825640e-08	6.143319e-07	2625
1008403	-1.444668e-06	9.829481e-08	6.141248e-07	2625
1000147	-1.444754e-06	9.833322e-08	6.139176e-07	2625
991891	-1.444839e-06	9.837163e-08	6.137105e-07	2625
983635	-1.444925e-06	9.841005e-08	6.135033e-07	2625
975379	-1.445010e-06	9.844846e-08	6.132961e-07	2625
967123	-1.445095e-06	9.848688e-08	6.130889e-07	2625
958867	-1.445180e-06	9.852531e-08	6.128817e-07	2625
950611	-1.445266e-06	9.856372e-08	6.126745e-07	2625
942355	-1.445351e-06	9.860215e-08	6.124672e-07	2625
934099	-1.445436e-06	9.864058e-08	6.122600e-07	2625
925843	-1.445521e-06	9.867901e-08	6.120527e-07	2625
917587	-1.445606e-06	9.871744e-08	6.118455e-07	2625
909331	-1.445692e-06	9.875588e-08	6.116381e-07	2625
901075	-1.445777e-06	9.879432e-08	6.114309e-07	2625
892819	-1.445862e-06	9.883276e-08	6.112235e-07	2625
884563	-1.445947e-06	9.887120e-08	6.110162e-07	2625
876307	-1.446032e-06	9.890964e-08	6.108089e-07	2625
868051	-1.446116e-06	9.894809e-08	6.106015e-07	2625
859795	-1.446201e-06	9.898653e-08	6.103942e-07	2625
851539	-1.446286e-06	9.902499e-08	6.101868e-07	2625
843283	-1.446371e-06	9.906344e-08	6.099795e-07	2625
1150420	-1.216901e-06	9.907355e-08	5.371461e-07	6465
835027	-1.446456e-06	9.910190e-08	6.097720e-07	2625
1142164	-1.216976e-06	9.910590e-08	5.369716e-07	6465
1133908	-1.217050e-06	9.913825e-08	5.367971e-07	6465
826771	-1.446541e-06	9.914035e-08	6.095647e-07	2625
1125652	-1.217124e-06	9.917061e-08	5.366226e-07	6465
818515	-1.446625e-06	9.917881e-08	6.093572e-07	2625
1117396	-1.217199e-06	9.920296e-08	5.364481e-07	6465
810259	-1.446710e-06	9.921727e-08	6.091498e-07	2625
1109140	-1.217273e-06	9.923532e-08	5.362735e-07	6465
802003	-1.446795e-06	9.925574e-08	6.089423e-07	2625
1100884	-1.217347e-06	9.926769e-08	5.360990e-07	6465
793747	-1.446880e-06	9.929420e-08	6.087349e-07	2625
1092628	-1.217421e-06	9.930005e-08	5.359244e-07	6465
1084372	-1.217496e-06	9.933242e-08	5.357498e-07	6465
785491	-1.446964e-06	9.933267e-08	6.085274e-07	2625
1076116	-1.217570e-06	9.936478e-08	5.355753e-07	6465
777235	-1.447049e-06	9.937115e-08	6.083200e-07	2625
1067860	-1.217644e-06	9.939716e-08	5.354007e-07	6465
768979	-1.447133e-06	9.940962e-08	6.081124e-07	2625
1059604	-1.217718e-06	9.942953e-08	5.352261e-07	6465
760723	-1.447218e-06	9.944809e-08	6.079050e-07	2625
1051348	-1.217792e-06	9.946190e-08	5.350515e-07	6465
752467	-1.447302e-06	9.948658e-08	6.076974e-07	2625
1043092	-1.217866e-06	9.949428e-08	5.348768e-07	6465
744211	-1.447387e-06	9.952505e-08	6.074899e-07	2625
1034836	-1.217940e-06	9.952666e-08	5.347022e-07	6465
1026580	-1.218014e-06	9.955904e-08	5.345276e-07	6465
735955	-1.447471e-06	9.956354e-08	6.072823e-07	2625
1018324	-1.218088e-06	9.959142e-08	5.343530e-07	6465
727699	-1.447556e-06	9.960203e-08	6.070748e-07	2625
1010068	-1.218162e-06	9.962380e-08	5.341783e-07	6465
719443	-1.447640e-06	9.964051e-08	6.068673e-07	2625
1001812	-1.218236e-06	9.965619e-08	5.340036e-07	6465
711187	-1.447724e-06	9.967900e-08	6.066597e-07	2625
993556	-1.218310e-06	9.968858e-08	5.338289e-07	6465
702931	-1.447809e-06	9.971749e-08	6.064521e-07	2625
985300	-1.218384e-06	9.972097e-08	5.336543e-07	6465
977044	-1.218458e-06	9.975336e-08	5.334796e-07	6465
694675	-1.447893e-06	9.975599e-08	6.062445e-07	2625
968788	-1.218531e-06	9.978575e-08	5.333048e-07	6465
686419	-1.447977e-06	9.979448e-08	6.060368e-07	2625
960532	-1.218605e-06	9.981815e-08	5.331301e-07	6465
678163	-1.448062e-06	9.983298e-08	6.058293e-07	2625
952276	-1.218679e-06	9.985055e-08	5.329554e-07	6465
669907	-1.448146e-06	9.987148e-08	6.056216e-07	2625
944020	-1.218753e-06	9.988295e-08	5.327806e-07	6465
661651	-1.448230e-06	9.990998e-08	6.054140e-07	2625
935764	-1.218827e-06	9.991535e-08	5.326059e-07	6465
927508	-1.218900e-06	9.994775e-08	5.324311e-07	6465
653395	-1.448314e-06	9.994849e-08	6.052063e-07	2625
919252	-1.218974e-06	9.998016e-08	5.322564e-07	6465
645139	-1.448398e-06	9.998700e-08	6.049986e-07	2625
910996	-1.219048e-06	1.000126e-07	5.320816e-07	6465
636883	-1.448482e-06	1.000255e-07	6.047910e-07	2625
902740	-1.219121e-06	1.000450e-07	5.319068e-07	6465
628627	-1.448566e-06	1.000640e-07	6.045832e-07	2625
894484	-1.219195e-06	1.000774e-07	5.317319e-07	6465
620371	-1.448650e-06	1.001025e-07	6.043755e-07	2625
886228	-1.219268e-06	1.001098e-07	5.315571e-07	6465
612115	-1.448734e-06	1.001411e-07	6.041678e-07	2625
877972	-1.219342e-06	1.001422e-07	5.313823e-07	6465
869716	-1.219415e-06	1.001746e-07	5.312074e-07	6465
603859	-1.448818e-06	1.001796e-07	6.039601e-07	2625
861460	-1.219489e-06	1.002071e-07	5.310326e-07	6465
595603	-1.448902e-06	1.002181e-07	6.037523e-07	2625
853204	-1.219562e-06	1.002395e-07	5.308577e-07	6465
587347	-1.448986e-06	1.002566e-07	6.035445e-07	2625
844948	-1.219636e-06	1.002719e-07	5.306829e-07	6465
579091	-1.449070e-06	1.002951e-07	6.033368e-07	2625
836692	-1.219709e-06	1.003043e-07	5.305080e-07	6465
570835	-1.449154e-06	1.003337e-07	6.031290e-07	2625
828436	-1.219783e-06	1.003368e-07	5.303331e-07	6465
820180	-1.219856e-06	1.003692e-07	5.301582e-07	6465
562579	-1.449238e-06	1.003722e-07	6.029212e-07	2625
811924	-1.219929e-06	1.004016e-07	5.299833e-07	6465
554323	-1.449321e-06	1.004107e-07	6.027134e-07	2625
803668	-1.220003e-06	1.004341e-07	5.298083e-07	6465
546067	-1.449405e-06	1.004493e-07	6.025056e-07	2625
795412	-1.220076e-06	1.004665e-07	5.296334e-07	6465
537811	-1.449489e-06	1.004878e-07	6.022978e-07	2625
787156	-1.220149e-06	1.004989e-07	5.294585e-07	6465
529555	-1.449572e-06	1.005263e-07	6.020899e-07	2625
778900	-1.220222e-06	1.005314e-07	5.292835e-07	6465
770644	-1.220296e-06	1.005638e-07	5.291085e-07	6465
521299	-1.449656e-06	1.005649e-07	6.018821e-07	2625
762388	-1.220369e-06	1.005962e-07	5.289336e-07	6465
513043	-1.449740e-06	1.006034e-07	6.016742e-07	2625
754132	-1.220442e-06	1.006287e-07	5.287586e-07	6465
504787	-1.449823e-06	1.006420e-07	6.014664e-07	2625
745876	-1.220515e-06	1.006611e-07	5.285836e-07	6465
496531	-1.449907e-06	1.006805e-07	6.012585e-07	2625
737620	-1.220588e-06	1.006936e-07	5.284086e-07	6465
488275	-1.449990e-06	1.007191e-07	6.010505e-07	2625
729364	-1.220661e-06	1.007260e-07	5.282336e-07	6465
480019	-1.450074e-06	1.007576e-07	6.008426e-07	2625
721108	-1.220734e-06	1.007585e-07	5.280585e-07	6465
712852	-1.220807e-06	1.007909e-07	5.278835e-07	6465
471763	-1.450157e-06	1.007962e-07	6.006347e-07	2625
704596	-1.220880e-06	1.008234e-07	5.277084e-07	6465
463507	-1.450241e-06	1.008347e-07	6.004268e-07	2625
696340	-1.220953e-06	1.008559e-07	5.275334e-07	6465
455251	-1.450324e-06	1.008733e-07	6.002188e-07	2625
688084	-1.221026e-06	1.008883e-07	5.273583e-07	6465
446995	-1.450407e-06	1.009119e-07	6.000109e-07	2625
679828	-1.221099e-06	1.009208e-07	5.271833e-07	6465
438739	-1.450491e-06	1.009504e-07	5.998029e-07	2625
671572	-1.221172e-06	1.009533e-07	5.270081e-07	6465
663316	-1.221245e-06	1.009857e-07	5.268330e-07	6465
430483	-1.450574e-06	1.009890e-07	5.995949e-07	2625
655060	-1.221318e-06	1.010182e-07	5.266579e-07	6465
422227	-1.450657e-06	1.010276e-07	5.993869e-07	2625
646804	-1.221391e-06	1.010507e-07	5.264828e-07	6465
413971	-1.450741e-06	1.010661e-07	5.991789e-07	2625
638548	-1.221463e-06	1.010831e-07	5.263077e-07	6465
405715	-1.450824e-06	1.011047e-07	5.989709e-07	2625
630292	-1.221536e-06	1.011156e-07	5.261326e-07	6465
397459	-1.450907e-06	1.011433e-07	5.987628e-07	2625
622036	-1.221609e-06	1.011481e-07	5.259574e-07	6465
613780	-1.221681e-06	1.011806e-07	5.257822e-07	6465
389203	-1.450990e-06	1.011818e-07	5.985548e-07	2625
605524	-1.221754e-06	1.012130e-07	5.256070e-07	6465
380947	-1.451073e-06	1.012204e-07	5.983467e-07	2625
597268	-1.221827e-06	1.012455e-07	5.254319e-07	6465
372691	-1.451156e-06	1.012590e-07	5.981387e-07	2625
589012	-1.221900e-06	1.012780e-07	5.252567e-07	6465
364435	-1.451239e-06	1.012976e-07	5.979306e-07	2625
580756	-1.221972e-06	1.013105e-07	5.250815e-07	6465
356179	-1.451322e-06	1.013362e-07	5.977225e-07	2625
572500	-1.222045e-06	1.013430e-07	5.249062e-07	6465
1149335	-1.244698e-06	1.013431e-07	5.493627e-07	3905
347923	-1.451405e-06	1.013748e-07	5.975144e-07	2625
564244	-1.222117e-06	1.013755e-07	5.247310e-07	6465
1141079	-1.244774e-06	1.013762e-07	5.491842e-07	3905
555988	-1.222190e-06	1.014080e-07	5.245558e-07	6465
1132823	-1.244850e-06	1.014092e-07	5.490057e-07	3905
339667	-1.451488e-06	1.014134e-07	5.973063e-07	2625
547732	-1.222262e-06	1.014405e-07	5.243805e-07	6465
1124567	-1.244926e-06	1.014423e-07	5.488272e-07	3905
331411	-1.451571e-06	1.014520e-07	5.970982e-07	2625
539476	-1.222335e-06	1.014730e-07	5.242053e-07	6465
1116311	-1.245002e-06	1.014754e-07	5.486487e-07	3905
323155	-1.451654e-06	1.014905e-07	5.968900e-07	2625
531220	-1.222407e-06	1.015055e-07	5.240300e-07	6465
1108055	-1.245078e-06	1.015085e-07	5.484702e-07	3905
314899	-1.451737e-06	1.015291e-07	5.966818e-07	2625
522964	-1.222480e-06	1.015380e-07	5.238547e-07	6465
1099799	-1.245154e-06	1.015416e-07	5.482917e-07	3905
306643	-1.451820e-06	1.015677e-07	5.964737e-07	2625
514708	-1.222552e-06	1.015705e-07	5.236794e-07	6465
1091543	-1.245230e-06	1.015747e-07	5.481131e-07	3905
506452	-1.222624e-06	1.016030e-07	5.235041e-07	6465
298387	-1.451903e-06	1.016063e-07	5.962655e-07	2625
1083287	-1.245306e-06	1.016078e-07	5.479346e-07	3905
498196	-1.222697e-06	1.016355e-07	5.233288e-07	6465
1075031	-1.245382e-06	1.016409e-07	5.477560e-07	3905
290131	-1.451986e-06	1.016450e-07	5.960574e-07	2625
489940	-1.222769e-06	1.016680e-07	5.231535e-07	6465
1066775	-1.245458e-06	1.016741e-07	5.475774e-07	3905
281875	-1.452068e-06	1.016836e-07	5.958491e-07	2625
481684	-1.222841e-06	1.017005e-07	5.229782e-07	6465
1058519	-1.245534e-06	1.017072e-07	5.473988e-07	3905
273619	-1.452151e-06	1.017222e-07	5.956409e-07	2625
473428	-1.222914e-06	1.017330e-07	5.228028e-07	6465
1050263	-1.245609e-06	1.017403e-07	5.472202e-07	3905
265363	-1.452234e-06	1.017608e-07	5.954327e-07	2625
465172	-1.222986e-06	1.017655e-07	5.226275e-07	6465
1042007	-1.245685e-06	1.017734e-07	5.470416e-07	3905
456916	-1.223058e-06	1.017980e-07	5.224521e-07	6465
257107	-1.452316e-06	1.017994e-07	5.952245e-07	2625
1033751	-1.245761e-06	1.018065e-07	5.468630e-07	3905
448660	-1.223130e-06	1.018305e-07	5.222768e-07	6465
248851	-1.452399e-06	1.018380e-07	5.950162e-07	2625
1025495	-1.245837e-06	1.018396e-07	5.466844e-07	3905
440404	-1.223203e-06	1.018631e-07	5.221013e-07	6465
1017239	-1.245912e-06	1.018728e-07	5.465058e-07	3905
240595	-1.452482e-06	1.018766e-07	5.948079e-07	2625
432148	-1.223275e-06	1.018956e-07	5.219260e-07	6465
1008983	-1.245988e-06	1.019059e-07	5.463271e-07	3905
232339	-1.452564e-06	1.019152e-07	5.945997e-07	2625
423892	-1.223347e-06	1.019281e-07	5.217506e-07	6465
1000727	-1.246063e-06	1.019390e-07	5.461484e-07	3905
224083	-1.452647e-06	1.019539e-07	5.943914e-07	2625
415636	-1.223419e-06	1.019606e-07	5.215751e-07	6465
992471	-1.246139e-06	1.019721e-07	5.459698e-07	3905
215827	-1.452729e-06	1.019925e-07	5.941831e-07	2625
407380	-1.223491e-06	1.019932e-07	5.213997e-07	6465
984215	-1.246215e-06	1.020053e-07	5.457911e-07	3905
399124	-1.223563e-06	1.020257e-07	5.212243e-07	6465
207571	-1.452812e-06	1.020311e-07	5.939748e-07	2625
975959	-1.246290e-06	1.020384e-07	5.456124e-07	3905
390868	-1.223635e-06	1.020582e-07	5.210488e-07	6465
199315	-1.452894e-06	1.020697e-07	5.937665e-07	2625
967703	-1.246366e-06	1.020715e-07	5.454337e-07	3905
382612	-1.223707e-06	1.020908e-07	5.208734e-07	6465
959447	-1.246441e-06	1.021047e-07	5.452550e-07	3905
191059	-1.452976e-06	1.021084e-07	5.935582e-07	2625
374356	-1.223779e-06	1.021233e-07	5.206979e-07	6465
951191	-1.246516e-06	1.021378e-07	5.450763e-07	3905
182803	-1.453059e-06	1.021470e-07	5.933498e-07	2625
366100	-1.223851e-06	1.021558e-07	5.205225e-07	6465
942935	-1.246592e-06	1.021710e-07	5.448975e-07	3905
174547	-1.453141e-06	1.021856e-07	5.931415e-07	2625
357844	-1.223923e-06	1.021884e-07	5.203470e-07	6465
934679	-1.246667e-06	1.022041e-07	5.447188e-07	3905
349588	-1.223995e-06	1.022209e-07	5.201715e-07	6465
166291	-1.453223e-06	1.022243e-07	5.929331e-07	2625
926423	-1.246743e-06	1.022372e-07	5.445400e-07	3905
341332	-1.224066e-06	1.022535e-07	5.199960e-07	6465
158035	-1.453306e-06	1.022629e-07	5.927247e-07	2625
918167	-1.246818e-06	1.022704e-07	5.443612e-07	3905
333076	-1.224138e-06	1.022860e-07	5.198204e-07	6465
149779	-1.453388e-06	1.023016e-07	5.925164e-07	2625
909911	-1.246893e-06	1.023035e-07	5.441825e-07	3905
324820	-1.224210e-06	1.023185e-07	5.196449e-07	6465
901655	-1.246969e-06	1.023367e-07	5.440037e-07	3905
141523	-1.453470e-06	1.023402e-07	5.923079e-07	2625
316564	-1.224282e-06	1.023511e-07	5.194694e-07	6465
893399	-1.247044e-06	1.023698e-07	5.438249e-07	3905
133267	-1.453552e-06	1.023788e-07	5.920995e-07	2625
308308	-1.224354e-06	1.023836e-07	5.192938e-07	6465
885143	-1.247119e-06	1.024030e-07	5.436460e-07	3905
300052	-1.224425e-06	1.024162e-07	5.191183e-07	6465
125011	-1.453635e-06	1.024175e-07	5.918911e-07	2625
876887	-1.247194e-06	1.024361e-07	5.434673e-07	3905
291796	-1.224497e-06	1.024487e-07	5.189427e-07	6465
116755	-1.453717e-06	1.024561e-07	5.916827e-07	2625
868631	-1.247270e-06	1.024693e-07	5.432884e-07	3905
283540	-1.224569e-06	1.024813e-07	5.187671e-07	6465
108499	-1.453799e-06	1.024948e-07	5.914742e-07	2625
860375	-1.247345e-06	1.025025e-07	5.431095e-07	3905
275284	-1.224640e-06	1.025139e-07	5.185915e-07	6465
100243	-1.453881e-06	1.025334e-07	5.912657e-07	2625
852119	-1.247420e-06	1.025356e-07	5.429307e-07	3905
267028	-1.224712e-06	1.025464e-07	5.184160e-07	6465
843863	-1.247495e-06	1.025688e-07	5.427518e-07	3905
91987	-1.453963e-06	1.025721e-07	5.910573e-07	2625
258772	-1.224784e-06	1.025790e-07	5.182403e-07	6465
835607	-1.247570e-06	1.026020e-07	5.425729e-07	3905
83731	-1.454045e-06	1.026108e-07	5.908488e-07	2625
250516	-1.224855e-06	1.026115e-07	5.180647e-07	6465
827351	-1.247645e-06	1.026351e-07	5.423940e-07	3905
242260	-1.224927e-06	1.026441e-07	5.178891e-07	6465
75475	-1.454127e-06	1.026494e-07	5.906403e-07	2625
819095	-1.247720e-06	1.026683e-07	5.422152e-07	3905
234004	-1.224998e-06	1.026767e-07	5.177134e-07	6465
67219	-1.454209e-06	1.026881e-07	5.904318e-07	2625
810839	-1.247795e-06	1.027015e-07	5.420363e-07	3905
225748	-1.225070e-06	1.027093e-07	5.175378e-07	6465
58963	-1.454291e-06	1.027268e-07	5.902233e-07	2625
802583	-1.247870e-06	1.027346e-07	5.418573e-07	3905
217492	-1.225141e-06	1.027418e-07	5.173621e-07	6465
50707	-1.454373e-06	1.027654e-07	5.900147e-07	2625
794327	-1.247945e-06	1.027678e-07	5.416784e-07	3905
209236	-1.225213e-06	1.027744e-07	5.171864e-07	6465
1150523	-1.191387e-06	1.027790e-07	5.306267e-07	6721
786071	-1.248020e-06	1.028010e-07	5.414994e-07	3905
42451	-1.454454e-06	1.028041e-07	5.898062e-07	2625
200980	-1.225284e-06	1.028070e-07	5.170108e-07	6465
1142267	-1.191460e-06	1.028107e-07	5.304558e-07	6721
777815	-1.248095e-06	1.028342e-07	5.413205e-07	3905
192724	-1.225355e-06	1.028396e-07	5.168351e-07	6465
1134011	-1.191534e-06	1.028424e-07	5.302850e-07	6721
34195	-1.454536e-06	1.028428e-07	5.895977e-07	2625
769559	-1.248170e-06	1.028674e-07	5.411416e-07	3905
184468	-1.225427e-06	1.028721e-07	5.166594e-07	6465
1125755	-1.191607e-06	1.028740e-07	5.301142e-07	6721
25939	-1.454618e-06	1.028814e-07	5.893891e-07	2625
761303	-1.248245e-06	1.029005e-07	5.409626e-07	3905
176212	-1.225498e-06	1.029047e-07	5.164837e-07	6465
1117499	-1.191680e-06	1.029057e-07	5.299433e-07	6721
17683	-1.454700e-06	1.029201e-07	5.891805e-07	2625
753047	-1.248319e-06	1.029337e-07	5.407836e-07	3905
167956	-1.225569e-06	1.029373e-07	5.163080e-07	6465
1109243	-1.191753e-06	1.029374e-07	5.297724e-07	6721
9427	-1.454782e-06	1.029588e-07	5.889719e-07	2625
744791	-1.248394e-06	1.029669e-07	5.406046e-07	3905
1100987	-1.191827e-06	1.029691e-07	5.296016e-07	6721
159700	-1.225641e-06	1.029699e-07	5.161322e-07	6465
1171	-1.454863e-06	1.029975e-07	5.887633e-07	2625
736535	-1.248469e-06	1.030001e-07	5.404256e-07	3905
1092731	-1.191900e-06	1.030008e-07	5.294307e-07	6721
151444	-1.225712e-06	1.030025e-07	5.159565e-07	6465
1084475	-1.191973e-06	1.030325e-07	5.292598e-07	6721
728279	-1.248544e-06	1.030333e-07	5.402466e-07	3905
143188	-1.225783e-06	1.030350e-07	5.157808e-07	6465
1076219	-1.192046e-06	1.030642e-07	5.290888e-07	6721
720023	-1.248618e-06	1.030665e-07	5.400676e-07	3905
134932	-1.225854e-06	1.030676e-07	5.156049e-07	6465
1067963	-1.192119e-06	1.030958e-07	5.289179e-07	6721
711767	-1.248693e-06	1.030997e-07	5.398885e-07	3905
126676	-1.225926e-06	1.031002e-07	5.154292e-07	6465
1059707	-1.192192e-06	1.031275e-07	5.287470e-07	6721
118420	-1.225997e-06	1.031328e-07	5.152534e-07	6465
703511	-1.248768e-06	1.031329e-07	5.397094e-07	3905
1051451	-1.192265e-06	1.031592e-07	5.285760e-07	6721
110164	-1.226068e-06	1.031654e-07	5.150776e-07	6465
695255	-1.248842e-06	1.031661e-07	5.395304e-07	3905
1043195	-1.192338e-06	1.031909e-07	5.284051e-07	6721
101908	-1.226139e-06	1.031980e-07	5.149018e-07	6465
686999	-1.248917e-06	1.031993e-07	5.393513e-07	3905
1034939	-1.192411e-06	1.032226e-07	5.282341e-07	6721
93652	-1.226210e-06	1.032306e-07	5.147260e-07	6465
678743	-1.248992e-06	1.032325e-07	5.391723e-07	3905
1026683	-1.192484e-06	1.032543e-07	5.280631e-07	6721
85396	-1.226281e-06	1.032632e-07	5.145502e-07	6465
670487	-1.249066e-06	1.032657e-07	5.389932e-07	3905
1018427	-1.192557e-06	1.032860e-07	5.278922e-07	6721
77140	-1.226352e-06	1.032958e-07	5.143743e-07	6465
662231	-1.249141e-06	1.032989e-07	5.388140e-07	3905
1010171	-1.192630e-06	1.033177e-07	5.277211e-07	6721
68884	-1.226423e-06	1.033284e-07	5.141985e-07	6465
653975	-1.249215e-06	1.033321e-07	5.386349e-07	3905
1001915	-1.192703e-06	1.033494e-07	5.275501e-07	6721
60628	-1.226494e-06	1.033610e-07	5.140226e-07	6465
645719	-1.249290e-06	1.033653e-07	5.384558e-07	3905
993659	-1.192776e-06	1.033812e-07	5.273791e-07	6721
52372	-1.226565e-06	1.033937e-07	5.138468e-07	6465
637463	-1.249364e-06	1.033986e-07	5.382767e-07	3905
985403	-1.192849e-06	1.034129e-07	5.272081e-07	6721
44116	-1.226636e-06	1.034263e-07	5.136709e-07	6465
629207	-1.249438e-06	1.034318e-07	5.380975e-07	3905
977147	-1.192922e-06	1.034446e-07	5.270371e-07	6721
35860	-1.226707e-06	1.034589e-07	5.134950e-07	6465
620951	-1.249513e-06	1.034650e-07	5.379184e-07	3905
968891	-1.192995e-06	1.034763e-07	5.268660e-07	6721
27604	-1.226778e-06	1.034915e-07	5.133191e-07	6465
612695	-1.249587e-06	1.034982e-07	5.377393e-07	3905
960635	-1.193067e-06	1.035080e-07	5.266949e-07	6721
19348	-1.226848e-06	1.035241e-07	5.131432e-07	6465
604439	-1.249662e-06	1.035314e-07	5.375601e-07	3905
952379	-1.193140e-06	1.035397e-07	5.265239e-07	6721
11092	-1.226919e-06	1.035567e-07	5.129673e-07	6465
596183	-1.249736e-06	1.035647e-07	5.373809e-07	3905
944123	-1.193213e-06	1.035714e-07	5.263528e-07	6721
2836	-1.226990e-06	1.035894e-07	5.127914e-07	6465
587927	-1.249810e-06	1.035979e-07	5.372017e-07	3905
935867	-1.193286e-06	1.036032e-07	5.261817e-07	6721
579671	-1.249884e-06	1.036311e-07	5.370225e-07	3905
927611	-1.193358e-06	1.036349e-07	5.260106e-07	6721
571415	-1.249959e-06	1.036643e-07	5.368432e-07	3905
919355	-1.193431e-06	1.036666e-07	5.258395e-07	6721
563159	-1.250033e-06	1.036976e-07	5.366640e-07	3905
911099	-1.193504e-06	1.036983e-07	5.256683e-07	6721
902843	-1.193576e-06	1.037301e-07	5.254972e-07	6721
554903	-1.250107e-06	1.037308e-07	5.364848e-07	3905
894587	-1.193649e-06	1.037618e-07	5.253261e-07	6721
546647	-1.250181e-06	1.037640e-07	5.363055e-07	3905
886331	-1.193721e-06	1.037935e-07	5.251549e-07	6721
538391	-1.250255e-06	1.037973e-07	5.361263e-07	3905
878075	-1.193794e-06	1.038253e-07	5.249838e-07	6721
530135	-1.250329e-06	1.038305e-07	5.359470e-07	3905
869819	-1.193866e-06	1.038570e-07	5.248125e-07	6721
521879	-1.250404e-06	1.038638e-07	5.357677e-07	3905
861563	-1.193939e-06	1.038888e-07	5.246414e-07	6721
513623	-1.250478e-06	1.038970e-07	5.355884e-07	3905
853307	-1.194011e-06	1.039205e-07	5.244702e-07	6721
505367	-1.250552e-06	1.039303e-07	5.354091e-07	3905
845051	-1.194084e-06	1.039522e-07	5.242990e-07	6721
497111	-1.250626e-06	1.039635e-07	5.352298e-07	3905
836795	-1.194156e-06	1.039840e-07	5.241278e-07	6721
488855	-1.250700e-06	1.039968e-07	5.350504e-07	3905
828539	-1.194228e-06	1.040157e-07	5.239565e-07	6721
480599	-1.250773e-06	1.040300e-07	5.348712e-07	3905
820283	-1.194301e-06	1.040475e-07	5.237853e-07	6721
472343	-1.250847e-06	1.040633e-07	5.346918e-07	3905
812027	-1.194373e-06	1.040792e-07	5.236141e-07	6721
464087	-1.250921e-06	1.040965e-07	5.345124e-07	3905
803771	-1.194445e-06	1.041110e-07	5.234428e-07	6721
455831	-1.250995e-06	1.041298e-07	5.343331e-07	3905
795515	-1.194518e-06	1.041427e-07	5.232715e-07	6721
447575	-1.251069e-06	1.041630e-07	5.341537e-07	3905
787259	-1.194590e-06	1.041745e-07	5.231003e-07	6721
439319	-1.251143e-06	1.041963e-07	5.339743e-07	3905
779003	-1.194662e-06	1.042063e-07	5.229289e-07	6721
431063	-1.251217e-06	1.042296e-07	5.337949e-07	3905
770747	-1.194734e-06	1.042380e-07	5.227577e-07	6721
422807	-1.251290e-06	1.042628e-07	5.336155e-07	3905
762491	-1.194806e-06	1.042698e-07	5.225863e-07	6721
414551	-1.251364e-06	1.042961e-07	5.334361e-07	3905
754235	-1.194879e-06	1.043016e-07	5.224150e-07	6721
406295	-1.251438e-06	1.043294e-07	5.332566e-07	3905
745979	-1.194951e-06	1.043333e-07	5.222437e-07	6721
398039	-1.251511e-06	1.043626e-07	5.330772e-07	3905
737723	-1.195023e-06	1.043651e-07	5.220724e-07	6721
389783	-1.251585e-06	1.043959e-07	5.328977e-07	3905
729467	-1.195095e-06	1.043969e-07	5.219010e-07	6721
721211	-1.195167e-06	1.044286e-07	5.217296e-07	6721
381527	-1.251659e-06	1.044292e-07	5.327183e-07	3905
712955	-1.195239e-06	1.044604e-07	5.215583e-07	6721
373271	-1.251732e-06	1.044625e-07	5.325388e-07	3905
704699	-1.195311e-06	1.044922e-07	5.213869e-07	6721
365015	-1.251806e-06	1.044957e-07	5.323593e-07	3905
696443	-1.195383e-06	1.045240e-07	5.212155e-07	6721
356759	-1.251879e-06	1.045290e-07	5.321799e-07	3905
688187	-1.195455e-06	1.045558e-07	5.210441e-07	6721
348503	-1.251953e-06	1.045623e-07	5.320003e-07	3905
679931	-1.195527e-06	1.045875e-07	5.208727e-07	6721
340247	-1.252026e-06	1.045956e-07	5.318208e-07	3905
671675	-1.195599e-06	1.046193e-07	5.207012e-07	6721
331991	-1.252100e-06	1.046289e-07	5.316413e-07	3905
663419	-1.195671e-06	1.046511e-07	5.205298e-07	6721
323735	-1.252173e-06	1.046622e-07	5.314618e-07	3905
655163	-1.195742e-06	1.046829e-07	5.203584e-07	6721
315479	-1.252247e-06	1.046955e-07	5.312822e-07	3905
646907	-1.195814e-06	1.047147e-07	5.201869e-07	6721
307223	-1.252320e-06	1.047288e-07	5.311026e-07	3905
638651	-1.195886e-06	1.047465e-07	5.200154e-07	6721
298967	-1.252393e-06	1.047621e-07	5.309230e-07	3905
630395	-1.195958e-06	1.047783e-07	5.198440e-07	6721
290711	-1.252467e-06	1.047954e-07	5.307435e-07	3905
622139	-1.196030e-06	1.048101e-07	5.196725e-07	6721
282455	-1.252540e-06	1.048287e-07	5.305639e-07	3905
613883	-1.196101e-06	1.048419e-07	5.195010e-07	6721
274199	-1.252613e-06	1.048620e-07	5.303843e-07	3905
605627	-1.196173e-06	1.048737e-07	5.193295e-07	6721
265943	-1.252687e-06	1.048953e-07	5.302047e-07	3905
597371	-1.196245e-06	1.049055e-07	5.191579e-07	6721
257687	-1.252760e-06	1.049286e-07	5.300251e-07	3905
589115	-1.196316e-06	1.049373e-07	5.189864e-07	6721
249431	-1.252833e-06	1.049619e-07	5.298455e-07	3905
580859	-1.196388e-06	1.049691e-07	5.188149e-07	6721
241175	-1.252906e-06	1.049952e-07	5.296658e-07	3905
572603	-1.196459e-06	1.050009e-07	5.186433e-07	6721
232919	-1.252979e-06	1.050285e-07	5.294862e-07	3905
564347	-1.196531e-06	1.050327e-07	5.184718e-07	6721
224663	-1.253052e-06	1.050618e-07	5.293065e-07	3905
556091	-1.196603e-06	1.050645e-07	5.183002e-07	6721
216407	-1.253125e-06	1.050951e-07	5.291268e-07	3905
547835	-1.196674e-06	1.050963e-07	5.181286e-07	6721
539579	-1.196746e-06	1.051281e-07	5.179571e-07	6721
208151	-1.253199e-06	1.051284e-07	5.289471e-07	3905
531323	-1.196817e-06	1.051600e-07	5.177855e-07	6721
199895	-1.253272e-06	1.051618e-07	5.287674e-07	3905
523067	-1.196888e-06	1.051918e-07	5.176138e-07	6721
191639	-1.253345e-06	1.051951e-07	5.285877e-07	3905
514811	-1.196960e-06	1.052236e-07	5.174422e-07	6721
183383	-1.253418e-06	1.052284e-07	5.284080e-07	3905
506555	-1.197031e-06	1.052554e-07	5.172706e-07	6721
175127	-1.253490e-06	1.052617e-07	5.282283e-07	3905
498299	-1.197103e-06	1.052872e-07	5.170990e-07	6721
166871	-1.253563e-06	1.052951e-07	5.280485e-07	3905
490043	-1.197174e-06	1.053191e-07	5.169273e-07	6721
158615	-1.253636e-06	1.053284e-07	5.278688e-07	3905
481787	-1.197245e-06	1.053509e-07	5.167556e-07	6721
150359	-1.253709e-06	1.053617e-07	5.276891e-07	3905
473531	-1.197316e-06	1.053827e-07	5.165840e-07	6721
142103	-1.253782e-06	1.053951e-07	5.275093e-07	3905
465275	-1.197388e-06	1.054146e-07	5.164123e-07	6721
133847	-1.253855e-06	1.054284e-07	5.273295e-07	3905
457019	-1.197459e-06	1.054464e-07	5.162406e-07	6721
125591	-1.253928e-06	1.054617e-07	5.271497e-07	3905
448763	-1.197530e-06	1.054782e-07	5.160689e-07	6721
117335	-1.254000e-06	1.054951e-07	5.269699e-07	3905
440507	-1.197601e-06	1.055101e-07	5.158972e-07	6721
109079	-1.254073e-06	1.055284e-07	5.267901e-07	3905
432251	-1.197673e-06	1.055419e-07	5.157254e-07	6721
100823	-1.254146e-06	1.055618e-07	5.266103e-07	3905
423995	-1.197744e-06	1.055738e-07	5.155537e-07	6721
92567	-1.254219e-06	1.055951e-07	5.264305e-07	3905
415739	-1.197815e-06	1.056056e-07	5.153820e-07	6721
84311	-1.254291e-06	1.056284e-07	5.262506e-07	3905
407483	-1.197886e-06	1.056374e-07	5.152102e-07	6721
76055	-1.254364e-06	1.056618e-07	5.260708e-07	3905
399227	-1.197957e-06	1.056693e-07	5.150385e-07	6721
67799	-1.254436e-06	1.056951e-07	5.258909e-07	3905
390971	-1.198028e-06	1.057011e-07	5.148667e-07	6721
59543	-1.254509e-06	1.057285e-07	5.257110e-07	3905
382715	-1.198099e-06	1.057330e-07	5.146949e-07	6721
1154813	-1.507660e-06	1.057341e-07	6.239906e-07	21596
51287	-1.254582e-06	1.057618e-07	5.255312e-07	3905
374459	-1.198170e-06	1.057648e-07	5.145232e-07	6721
1146557	-1.507747e-06	1.057742e-07	6.237744e-07	21596
43031	-1.254654e-06	1.057952e-07	5.253513e-07	3905
366203	-1.198241e-06	1.057967e-07	5.143513e-07	6721
1138301	-1.507834e-06	1.058143e-07	6.235582e-07	21596
34775	-1.254727e-06	1.058286e-07	5.251713e-07	3905
357947	-1.198312e-06	1.058286e-07	5.141795e-07	6721
1130045	-1.507920e-06	1.058544e-07	6.233420e-07	21596
349691	-1.198383e-06	1.058604e-07	5.140077e-07	6721
26519	-1.254799e-06	1.058619e-07	5.249914e-07	3905
341435	-1.198454e-06	1.058923e-07	5.138359e-07	6721
1121789	-1.508007e-06	1.058945e-07	6.231258e-07	21596
18263	-1.254872e-06	1.058953e-07	5.248115e-07	3905
333179	-1.198524e-06	1.059241e-07	5.136640e-07	6721
10007	-1.254944e-06	1.059286e-07	5.246316e-07	3905
1113533	-1.508093e-06	1.059345e-07	6.229096e-07	21596
324923	-1.198595e-06	1.059560e-07	5.134922e-07	6721
1751	-1.255016e-06	1.059620e-07	5.244517e-07	3905
1105277	-1.508180e-06	1.059746e-07	6.226933e-07	21596
316667	-1.198666e-06	1.059879e-07	5.133203e-07	6721
1097021	-1.508266e-06	1.060147e-07	6.224770e-07	21596
308411	-1.198737e-06	1.060197e-07	5.131484e-07	6721
300155	-1.198807e-06	1.060516e-07	5.129766e-07	6721
1088765	-1.508353e-06	1.060548e-07	6.222608e-07	21596
291899	-1.198878e-06	1.060835e-07	5.128047e-07	6721
1080509	-1.508439e-06	1.060950e-07	6.220445e-07	21596
283643	-1.198949e-06	1.061154e-07	5.126327e-07	6721
1072253	-1.508526e-06	1.061351e-07	6.218282e-07	21596
275387	-1.199020e-06	1.061472e-07	5.124608e-07	6721
1063997	-1.508612e-06	1.061752e-07	6.216119e-07	21596
267131	-1.199090e-06	1.061791e-07	5.122889e-07	6721
258875	-1.199161e-06	1.062110e-07	5.121170e-07	6721
1055741	-1.508698e-06	1.062153e-07	6.213955e-07	21596
250619	-1.199231e-06	1.062429e-07	5.119450e-07	6721
1047485	-1.508784e-06	1.062554e-07	6.211793e-07	21596
242363	-1.199302e-06	1.062748e-07	5.117731e-07	6721
1039229	-1.508871e-06	1.062955e-07	6.209629e-07	21596
234107	-1.199372e-06	1.063067e-07	5.116011e-07	6721
1030973	-1.508957e-06	1.063356e-07	6.207466e-07	21596
225851	-1.199443e-06	1.063385e-07	5.114291e-07	6721
217595	-1.199514e-06	1.063704e-07	5.112572e-07	6721
1022717	-1.509043e-06	1.063757e-07	6.205302e-07	21596
209339	-1.199584e-06	1.064023e-07	5.110851e-07	6721
1014461	-1.509129e-06	1.064159e-07	6.203138e-07	21596
201083	-1.199654e-06	1.064342e-07	5.109131e-07	6721
1006205	-1.509215e-06	1.064560e-07	6.200974e-07	21596
192827	-1.199725e-06	1.064661e-07	5.107411e-07	6721
997949	-1.509301e-06	1.064961e-07	6.198810e-07	21596
184571	-1.199795e-06	1.064980e-07	5.105691e-07	6721
176315	-1.199866e-06	1.065299e-07	5.103971e-07	6721
989693	-1.509387e-06	1.065363e-07	6.196645e-07	21596
168059	-1.199936e-06	1.065618e-07	5.102250e-07	6721
981437	-1.509473e-06	1.065764e-07	6.194481e-07	21596
159803	-1.200006e-06	1.065937e-07	5.100529e-07	6721
973181	-1.509559e-06	1.066165e-07	6.192317e-07	21596
151547	-1.200077e-06	1.066256e-07	5.098809e-07	6721
964925	-1.509645e-06	1.066567e-07	6.190152e-07	21596
143291	-1.200147e-06	1.066575e-07	5.097088e-07	6721
135035	-1.200217e-06	1.066894e-07	5.095367e-07	6721
956669	-1.509731e-06	1.066968e-07	6.187988e-07	21596
126779	-1.200287e-06	1.067213e-07	5.093646e-07	6721
948413	-1.509817e-06	1.067369e-07	6.185823e-07	21596
118523	-1.200357e-06	1.067532e-07	5.091925e-07	6721
940157	-1.509903e-06	1.067771e-07	6.183658e-07	21596
110267	-1.200428e-06	1.067852e-07	5.090204e-07	6721
102011	-1.200498e-06	1.068171e-07	5.088482e-07	6721
931901	-1.509989e-06	1.068172e-07	6.181493e-07	21596
93755	-1.200568e-06	1.068490e-07	5.086761e-07	6721
923645	-1.510074e-06	1.068574e-07	6.179328e-07	21596
85499	-1.200638e-06	1.068809e-07	5.085040e-07	6721
915389	-1.510160e-06	1.068975e-07	6.177162e-07	21596
77243	-1.200708e-06	1.069128e-07	5.083318e-07	6721
907133	-1.510246e-06	1.069377e-07	6.174997e-07	21596
68987	-1.200778e-06	1.069448e-07	5.081596e-07	6721
60731	-1.200848e-06	1.069767e-07	5.079875e-07	6721
898877	-1.510332e-06	1.069778e-07	6.172831e-07	21596
52475	-1.200918e-06	1.070086e-07	5.078153e-07	6721
890621	-1.510417e-06	1.070180e-07	6.170666e-07	21596
44219	-1.200988e-06	1.070405e-07	5.076431e-07	6721
882365	-1.510503e-06	1.070582e-07	6.168500e-07	21596
35963	-1.201058e-06	1.070725e-07	5.074709e-07	6721
874109	-1.510588e-06	1.070983e-07	6.166334e-07	21596
27707	-1.201128e-06	1.071044e-07	5.072987e-07	6721
19451	-1.201198e-06	1.071363e-07	5.071265e-07	6721
865853	-1.510674e-06	1.071385e-07	6.164169e-07	21596
11195	-1.201268e-06	1.071683e-07	5.069542e-07	6721
857597	-1.510759e-06	1.071786e-07	6.162002e-07	21596
2939	-1.201337e-06	1.072002e-07	5.067820e-07	6721
849341	-1.510845e-06	1.072188e-07	6.159836e-07	21596
841085	-1.510930e-06	1.072590e-07	6.157670e-07	21596
832829	-1.511016e-06	1.072992e-07	6.155503e-07	21596
824573	-1.511101e-06	1.073393e-07	6.153336e-07	21596
816317	-1.511187e-06	1.073795e-07	6.151170e-07	21596
808061	-1.511272e-06	1.074197e-07	6.149003e-07	21596
799805	-1.511357e-06	1.074599e-07	6.146836e-07	21596
791549	-1.511443e-06	1.075001e-07	6.144668e-07	21596
783293	-1.511528e-06	1.075403e-07	6.142502e-07	21596
775037	-1.511613e-06	1.075804e-07	6.140334e-07	21596
766781	-1.511698e-06	1.076206e-07	6.138167e-07	21596
758525	-1.511783e-06	1.076608e-07	6.135999e-07	21596
750269	-1.511868e-06	1.077010e-07	6.133831e-07	21596
742013	-1.511953e-06	1.077412e-07	6.131663e-07	21596
733757	-1.512038e-06	1.077814e-07	6.129495e-07	21596
725501	-1.512123e-06	1.078216e-07	6.127327e-07	21596
717245	-1.512208e-06	1.078618e-07	6.125159e-07	21596
708989	-1.512293e-06	1.079020e-07	6.122991e-07	21596
700733	-1.512378e-06	1.079422e-07	6.120822e-07	21596
692477	-1.512463e-06	1.079825e-07	6.118653e-07	21596
684221	-1.512548e-06	1.080227e-07	6.116485e-07	21596
675965	-1.512633e-06	1.080629e-07	6.114316e-07	21596
667709	-1.512718e-06	1.081031e-07	6.112147e-07	21596
659453	-1.512802e-06	1.081433e-07	6.109978e-07	21596
651197	-1.512887e-06	1.081836e-07	6.107809e-07	21596
642941	-1.512972e-06	1.082238e-07	6.105640e-07	21596
634685	-1.513056e-06	1.082640e-07	6.103470e-07	21596
626429	-1.513141e-06	1.083042e-07	6.101300e-07	21596
618173	-1.513226e-06	1.083445e-07	6.099131e-07	21596
609917	-1.513310e-06	1.083847e-07	6.096961e-07	21596
601661	-1.513395e-06	1.084250e-07	6.094791e-07	21596
593405	-1.513479e-06	1.084652e-07	6.092621e-07	21596
585149	-1.513564e-06	1.085054e-07	6.090451e-07	21596
576893	-1.513648e-06	1.085457e-07	6.088281e-07	21596
568637	-1.513732e-06	1.085859e-07	6.086110e-07	21596
560381	-1.513817e-06	1.086262e-07	6.083940e-07	21596
552125	-1.513901e-06	1.086664e-07	6.081769e-07	21596
543869	-1.513985e-06	1.087067e-07	6.079598e-07	21596
535613	-1.514070e-06	1.087469e-07	6.077427e-07	21596
527357	-1.514154e-06	1.087872e-07	6.075256e-07	21596
519101	-1.514238e-06	1.088275e-07	6.073086e-07	21596
510845	-1.514322e-06	1.088677e-07	6.070914e-07	21596
502589	-1.514406e-06	1.089080e-07	6.068743e-07	21596
494333	-1.514491e-06	1.089482e-07	6.066571e-07	21596
486077	-1.514575e-06	1.089885e-07	6.064399e-07	21596
477821	-1.514659e-06	1.090288e-07	6.062228e-07	21596
469565	-1.514743e-06	1.090691e-07	6.060056e-07	21596
461309	-1.514827e-06	1.091093e-07	6.057884e-07	21596
453053	-1.514911e-06	1.091496e-07	6.055712e-07	21596
444797	-1.514995e-06	1.091899e-07	6.053540e-07	21596
436541	-1.515078e-06	1.092302e-07	6.051367e-07	21596
428285	-1.515162e-06	1.092705e-07	6.049195e-07	21596
420029	-1.515246e-06	1.093108e-07	6.047022e-07	21596
411773	-1.515330e-06	1.093510e-07	6.044850e-07	21596
1150726	-1.144820e-06	1.093779e-07	5.182455e-07	7233
403517	-1.515414e-06	1.093913e-07	6.042677e-07	21596
1142470	-1.144891e-06	1.094083e-07	5.180813e-07	7233
395261	-1.515497e-06	1.094316e-07	6.040504e-07	21596
1134214	-1.144963e-06	1.094387e-07	5.179172e-07	7233
1125958	-1.145034e-06	1.094692e-07	5.177530e-07	7233
387005	-1.515581e-06	1.094719e-07	6.038331e-07	21596
1117702	-1.145105e-06	1.094996e-07	5.175888e-07	7233
378749	-1.515665e-06	1.095122e-07	6.036158e-07	21596
1109446	-1.145176e-06	1.095301e-07	5.174246e-07	7233
370493	-1.515748e-06	1.095525e-07	6.033984e-07	21596
1101190	-1.145248e-06	1.095605e-07	5.172604e-07	7233
1092934	-1.145319e-06	1.095910e-07	5.170962e-07	7233
362237	-1.515832e-06	1.095928e-07	6.031811e-07	21596
1084678	-1.145390e-06	1.096214e-07	5.169319e-07	7233
353981	-1.515915e-06	1.096331e-07	6.029637e-07	21596
1076422	-1.145461e-06	1.096519e-07	5.167677e-07	7233
345725	-1.515999e-06	1.096734e-07	6.027464e-07	21596
1068166	-1.145533e-06	1.096823e-07	5.166035e-07	7233
1059910	-1.145604e-06	1.097128e-07	5.164392e-07	7233
337469	-1.516082e-06	1.097138e-07	6.025290e-07	21596
1051654	-1.145675e-06	1.097432e-07	5.162750e-07	7233
329213	-1.516166e-06	1.097541e-07	6.023116e-07	21596
1043398	-1.145746e-06	1.097737e-07	5.161107e-07	7233
320957	-1.516249e-06	1.097944e-07	6.020942e-07	21596
1035142	-1.145817e-06	1.098041e-07	5.159464e-07	7233
1026886	-1.145888e-06	1.098346e-07	5.157821e-07	7233
312701	-1.516333e-06	1.098347e-07	6.018768e-07	21596
1018630	-1.145959e-06	1.098651e-07	5.156178e-07	7233
304445	-1.516416e-06	1.098750e-07	6.016593e-07	21596
1010374	-1.146030e-06	1.098955e-07	5.154535e-07	7233
296189	-1.516499e-06	1.099153e-07	6.014419e-07	21596
1002118	-1.146101e-06	1.099260e-07	5.152892e-07	7233
287933	-1.516583e-06	1.099557e-07	6.012245e-07	21596
993862	-1.146172e-06	1.099565e-07	5.151248e-07	7233
985606	-1.146243e-06	1.099869e-07	5.149605e-07	7233
279677	-1.516666e-06	1.099960e-07	6.010070e-07	21596
977350	-1.146314e-06	1.100174e-07	5.147961e-07	7233
271421	-1.516749e-06	1.100363e-07	6.007895e-07	21596
969094	-1.146385e-06	1.100479e-07	5.146318e-07	7233
263165	-1.516832e-06	1.100766e-07	6.005720e-07	21596
960838	-1.146456e-06	1.100784e-07	5.144674e-07	7233
952582	-1.146526e-06	1.101088e-07	5.143030e-07	7233
254909	-1.516916e-06	1.101170e-07	6.003546e-07	21596
944326	-1.146597e-06	1.101393e-07	5.141386e-07	7233
246653	-1.516999e-06	1.101573e-07	6.001371e-07	21596
936070	-1.146668e-06	1.101698e-07	5.139742e-07	7233
238397	-1.517082e-06	1.101976e-07	5.999195e-07	21596
927814	-1.146739e-06	1.102003e-07	5.138098e-07	7233
919558	-1.146809e-06	1.102308e-07	5.136453e-07	7233
230141	-1.517165e-06	1.102380e-07	5.997020e-07	21596
911302	-1.146880e-06	1.102613e-07	5.134809e-07	7233
221885	-1.517248e-06	1.102783e-07	5.994845e-07	21596
903046	-1.146951e-06	1.102918e-07	5.133165e-07	7233
213629	-1.517331e-06	1.103187e-07	5.992669e-07	21596
894790	-1.147022e-06	1.103222e-07	5.131520e-07	7233
886534	-1.147092e-06	1.103527e-07	5.129875e-07	7233
205373	-1.517414e-06	1.103590e-07	5.990493e-07	21596
878278	-1.147163e-06	1.103832e-07	5.128231e-07	7233
197117	-1.517497e-06	1.103994e-07	5.988317e-07	21596
870022	-1.147233e-06	1.104137e-07	5.126586e-07	7233
188861	-1.517580e-06	1.104397e-07	5.986141e-07	21596
861766	-1.147304e-06	1.104442e-07	5.124941e-07	7233
853510	-1.147374e-06	1.104747e-07	5.123296e-07	7233
180605	-1.517663e-06	1.104801e-07	5.983965e-07	21596
845254	-1.147445e-06	1.105052e-07	5.121651e-07	7233
172349	-1.517746e-06	1.105204e-07	5.981789e-07	21596
836998	-1.147515e-06	1.105357e-07	5.120005e-07	7233
164093	-1.517828e-06	1.105608e-07	5.979613e-07	21596
828742	-1.147586e-06	1.105662e-07	5.118360e-07	7233
820486	-1.147656e-06	1.105968e-07	5.116714e-07	7233
155837	-1.517911e-06	1.106011e-07	5.977437e-07	21596
812230	-1.147727e-06	1.106273e-07	5.115069e-07	7233
147581	-1.517994e-06	1.106415e-07	5.975260e-07	21596
803974	-1.147797e-06	1.106578e-07	5.113423e-07	7233
139325	-1.518077e-06	1.106819e-07	5.973084e-07	21596
795718	-1.147867e-06	1.106883e-07	5.111777e-07	7233
787462	-1.147938e-06	1.107188e-07	5.110131e-07	7233
131069	-1.518159e-06	1.107222e-07	5.970907e-07	21596
779206	-1.148008e-06	1.107493e-07	5.108485e-07	7233
122813	-1.518242e-06	1.107626e-07	5.968730e-07	21596
770950	-1.148078e-06	1.107799e-07	5.106839e-07	7233
114557	-1.518325e-06	1.108030e-07	5.966553e-07	21596
762694	-1.148149e-06	1.108104e-07	5.105193e-07	7233
754438	-1.148219e-06	1.108409e-07	5.103547e-07	7233
106301	-1.518407e-06	1.108433e-07	5.964376e-07	21596
746182	-1.148289e-06	1.108714e-07	5.101900e-07	7233
98045	-1.518490e-06	1.108837e-07	5.962199e-07	21596
737926	-1.148359e-06	1.109020e-07	5.100254e-07	7233
89789	-1.518572e-06	1.109241e-07	5.960021e-07	21596
729670	-1.148430e-06	1.109325e-07	5.098607e-07	7233
721414	-1.148500e-06	1.109630e-07	5.096961e-07	7233
81533	-1.518655e-06	1.109645e-07	5.957843e-07	21596
713158	-1.148570e-06	1.109935e-07	5.095313e-07	7233
73277	-1.518737e-06	1.110048e-07	5.955666e-07	21596
704902	-1.148640e-06	1.110241e-07	5.093667e-07	7233
65021	-1.518820e-06	1.110452e-07	5.953489e-07	21596
696646	-1.148710e-06	1.110546e-07	5.092020e-07	7233
688390	-1.148780e-06	1.110852e-07	5.090372e-07	7233
56765	-1.518902e-06	1.110856e-07	5.951310e-07	21596
680134	-1.148850e-06	1.111157e-07	5.088725e-07	7233
48509	-1.518984e-06	1.111260e-07	5.949133e-07	21596
671878	-1.148920e-06	1.111462e-07	5.087078e-07	7233
40253	-1.519067e-06	1.111664e-07	5.946955e-07	21596
663622	-1.148990e-06	1.111768e-07	5.085431e-07	7233
31997	-1.519149e-06	1.112068e-07	5.944776e-07	21596
655366	-1.149060e-06	1.112073e-07	5.083783e-07	7233
647110	-1.149130e-06	1.112379e-07	5.082135e-07	7233
23741	-1.519231e-06	1.112472e-07	5.942598e-07	21596
638854	-1.149200e-06	1.112684e-07	5.080488e-07	7233
15485	-1.519314e-06	1.112876e-07	5.940420e-07	21596
630598	-1.149270e-06	1.112990e-07	5.078840e-07	7233
7229	-1.519396e-06	1.113280e-07	5.938241e-07	21596
622342	-1.149339e-06	1.113295e-07	5.077192e-07	7233
614086	-1.149409e-06	1.113601e-07	5.075544e-07	7233
605830	-1.149479e-06	1.113907e-07	5.073896e-07	7233
597574	-1.149549e-06	1.114212e-07	5.072248e-07	7233
589318	-1.149619e-06	1.114518e-07	5.070600e-07	7233
581062	-1.149688e-06	1.114823e-07	5.068951e-07	7233
572806	-1.149758e-06	1.115129e-07	5.067303e-07	7233
564550	-1.149828e-06	1.115435e-07	5.065654e-07	7233
556294	-1.149897e-06	1.115740e-07	5.064005e-07	7233
548038	-1.149967e-06	1.116046e-07	5.062357e-07	7233
539782	-1.150037e-06	1.116352e-07	5.060708e-07	7233
531526	-1.150106e-06	1.116658e-07	5.059059e-07	7233
523270	-1.150176e-06	1.116963e-07	5.057410e-07	7233
515014	-1.150245e-06	1.117269e-07	5.055760e-07	7233
506758	-1.150315e-06	1.117575e-07	5.054111e-07	7233
498502	-1.150384e-06	1.117881e-07	5.052461e-07	7233
490246	-1.150454e-06	1.118187e-07	5.050812e-07	7233
481990	-1.150523e-06	1.118492e-07	5.049162e-07	7233
473734	-1.150593e-06	1.118798e-07	5.047513e-07	7233
465478	-1.150662e-06	1.119104e-07	5.045863e-07	7233
457222	-1.150731e-06	1.119410e-07	5.044213e-07	7233
448966	-1.150801e-06	1.119716e-07	5.042563e-07	7233
440710	-1.150870e-06	1.120022e-07	5.040913e-07	7233
432454	-1.150939e-06	1.120328e-07	5.039263e-07	7233
424198	-1.151009e-06	1.120634e-07	5.037612e-07	7233
415942	-1.151078e-06	1.120940e-07	5.035962e-07	7233
407686	-1.151147e-06	1.121246e-07	5.034311e-07	7233
399430	-1.151216e-06	1.121552e-07	5.032661e-07	7233
391174	-1.151285e-06	1.121858e-07	5.031010e-07	7233
382918	-1.151354e-06	1.122164e-07	5.029360e-07	7233
374662	-1.151424e-06	1.122470e-07	5.027708e-07	7233
366406	-1.151493e-06	1.122776e-07	5.026058e-07	7233
358150	-1.151562e-06	1.123083e-07	5.024406e-07	7233
349894	-1.151631e-06	1.123389e-07	5.022755e-07	7233
341638	-1.151700e-06	1.123695e-07	5.021104e-07	7233
333382	-1.151769e-06	1.124001e-07	5.019452e-07	7233
325126	-1.151838e-06	1.124307e-07	5.017801e-07	7233
316870	-1.151907e-06	1.124614e-07	5.016150e-07	7233
308614	-1.151976e-06	1.124920e-07	5.014498e-07	7233
300358	-1.152045e-06	1.125226e-07	5.012846e-07	7233
292102	-1.152113e-06	1.125532e-07	5.011194e-07	7233
283846	-1.152182e-06	1.125839e-07	5.009542e-07	7233
275590	-1.152251e-06	1.126145e-07	5.007890e-07	7233
267334	-1.152320e-06	1.126451e-07	5.006238e-07	7233
259078	-1.152389e-06	1.126758e-07	5.004586e-07	7233
250822	-1.152457e-06	1.127064e-07	5.002933e-07	7233
242566	-1.152526e-06	1.127370e-07	5.001281e-07	7233
234310	-1.152595e-06	1.127677e-07	4.999628e-07	7233
226054	-1.152664e-06	1.127983e-07	4.997976e-07	7233
217798	-1.152732e-06	1.128290e-07	4.996323e-07	7233
209542	-1.152801e-06	1.128596e-07	4.994670e-07	7233
201286	-1.152869e-06	1.128903e-07	4.993017e-07	7233
193030	-1.152938e-06	1.129209e-07	4.991364e-07	7233
184774	-1.153007e-06	1.129516e-07	4.989711e-07	7233
176518	-1.153075e-06	1.129822e-07	4.988057e-07	7233
168262	-1.153144e-06	1.130129e-07	4.986404e-07	7233
160006	-1.153212e-06	1.130435e-07	4.984751e-07	7233
151750	-1.153281e-06	1.130742e-07	4.983097e-07	7233
143494	-1.153349e-06	1.131049e-07	4.981443e-07	7233
135238	-1.153417e-06	1.131355e-07	4.979790e-07	7233
126982	-1.153486e-06	1.131662e-07	4.978136e-07	7233
118726	-1.153554e-06	1.131969e-07	4.976482e-07	7233
110470	-1.153622e-06	1.132275e-07	4.974828e-07	7233
102214	-1.153691e-06	1.132582e-07	4.973174e-07	7233
1149221	-1.263026e-06	1.132626e-07	5.654987e-07	3649
93958	-1.153759e-06	1.132889e-07	4.971519e-07	7233
1140965	-1.263104e-06	1.132962e-07	5.653176e-07	3649
85702	-1.153827e-06	1.133196e-07	4.969865e-07	7233
1132709	-1.263182e-06	1.133298e-07	5.651365e-07	3649
77446	-1.153895e-06	1.133502e-07	4.968211e-07	7233
1124453	-1.263260e-06	1.133634e-07	5.649554e-07	3649
69190	-1.153964e-06	1.133809e-07	4.966556e-07	7233
1116197	-1.263338e-06	1.133970e-07	5.647743e-07	3649
60934	-1.154032e-06	1.134116e-07	4.964901e-07	7233
1107941	-1.263416e-06	1.134305e-07	5.645931e-07	3649
52678	-1.154100e-06	1.134423e-07	4.963247e-07	7233
1099685	-1.263494e-06	1.134641e-07	5.644119e-07	3649
44422	-1.154168e-06	1.134730e-07	4.961592e-07	7233
1091429	-1.263572e-06	1.134977e-07	5.642308e-07	3649
36166	-1.154236e-06	1.135036e-07	4.959937e-07	7233
1083173	-1.263650e-06	1.135313e-07	5.640496e-07	3649
27910	-1.154304e-06	1.135343e-07	4.958282e-07	7233
1074917	-1.263728e-06	1.135649e-07	5.638684e-07	3649
19654	-1.154372e-06	1.135650e-07	4.956627e-07	7233
11398	-1.154440e-06	1.135957e-07	4.954971e-07	7233
1066661	-1.263805e-06	1.135985e-07	5.636872e-07	3649
3142	-1.154508e-06	1.136264e-07	4.953316e-07	7233
1058405	-1.263883e-06	1.136321e-07	5.635060e-07	3649
1050149	-1.263961e-06	1.136657e-07	5.633248e-07	3649
1041893	-1.264039e-06	1.136993e-07	5.631435e-07	3649
1033637	-1.264116e-06	1.137329e-07	5.629623e-07	3649
1025381	-1.264194e-06	1.137665e-07	5.627810e-07	3649
1017125	-1.264272e-06	1.138001e-07	5.625997e-07	3649
1008869	-1.264349e-06	1.138337e-07	5.624184e-07	3649
1000613	-1.264427e-06	1.138673e-07	5.622372e-07	3649
992357	-1.264504e-06	1.139010e-07	5.620558e-07	3649
984101	-1.264582e-06	1.139346e-07	5.618745e-07	3649
975845	-1.264660e-06	1.139682e-07	5.616932e-07	3649
967589	-1.264737e-06	1.140018e-07	5.615119e-07	3649
959333	-1.264815e-06	1.140354e-07	5.613305e-07	3649
951077	-1.264892e-06	1.140691e-07	5.611492e-07	3649
942821	-1.264969e-06	1.141027e-07	5.609678e-07	3649
934565	-1.265047e-06	1.141363e-07	5.607864e-07	3649
926309	-1.265124e-06	1.141700e-07	5.606050e-07	3649
918053	-1.265201e-06	1.142036e-07	5.604236e-07	3649
909797	-1.265279e-06	1.142372e-07	5.602422e-07	3649
901541	-1.265356e-06	1.142709e-07	5.600608e-07	3649
893285	-1.265433e-06	1.143045e-07	5.598794e-07	3649
885029	-1.265510e-06	1.143381e-07	5.596979e-07	3649
876773	-1.265588e-06	1.143718e-07	5.595164e-07	3649
868517	-1.265665e-06	1.144054e-07	5.593350e-07	3649
860261	-1.265742e-06	1.144391e-07	5.591535e-07	3649
852005	-1.265819e-06	1.144727e-07	5.589720e-07	3649
843749	-1.265896e-06	1.145064e-07	5.587905e-07	3649
835493	-1.265973e-06	1.145401e-07	5.586090e-07	3649
827237	-1.266050e-06	1.145737e-07	5.584275e-07	3649
818981	-1.266127e-06	1.146074e-07	5.582459e-07	3649
810725	-1.266204e-06	1.146410e-07	5.580644e-07	3649
802469	-1.266281e-06	1.146747e-07	5.578828e-07	3649
794213	-1.266358e-06	1.147084e-07	5.577012e-07	3649
785957	-1.266435e-06	1.147420e-07	5.575197e-07	3649
777701	-1.266512e-06	1.147757e-07	5.573381e-07	3649
769445	-1.266589e-06	1.148094e-07	5.571565e-07	3649
761189	-1.266666e-06	1.148430e-07	5.569748e-07	3649
752933	-1.266742e-06	1.148767e-07	5.567932e-07	3649
744677	-1.266819e-06	1.149104e-07	5.566116e-07	3649
736421	-1.266896e-06	1.149441e-07	5.564299e-07	3649
728165	-1.266973e-06	1.149778e-07	5.562483e-07	3649
719909	-1.267049e-06	1.150114e-07	5.560667e-07	3649
711653	-1.267126e-06	1.150451e-07	5.558849e-07	3649
703397	-1.267203e-06	1.150788e-07	5.557033e-07	3649
695141	-1.267279e-06	1.151125e-07	5.555216e-07	3649
686885	-1.267356e-06	1.151462e-07	5.553399e-07	3649
678629	-1.267432e-06	1.151799e-07	5.551581e-07	3649
670373	-1.267509e-06	1.152136e-07	5.549764e-07	3649
662117	-1.267585e-06	1.152473e-07	5.547946e-07	3649
653861	-1.267662e-06	1.152810e-07	5.546129e-07	3649
645605	-1.267738e-06	1.153147e-07	5.544311e-07	3649
637349	-1.267815e-06	1.153484e-07	5.542493e-07	3649
629093	-1.267891e-06	1.153821e-07	5.540675e-07	3649
620837	-1.267967e-06	1.154158e-07	5.538857e-07	3649
612581	-1.268044e-06	1.154495e-07	5.537040e-07	3649
604325	-1.268120e-06	1.154832e-07	5.535221e-07	3649
596069	-1.268196e-06	1.155169e-07	5.533403e-07	3649
587813	-1.268273e-06	1.155507e-07	5.531584e-07	3649
579557	-1.268349e-06	1.155844e-07	5.529766e-07	3649
571301	-1.268425e-06	1.156181e-07	5.527947e-07	3649
563045	-1.268501e-06	1.156518e-07	5.526128e-07	3649
554789	-1.268577e-06	1.156855e-07	5.524309e-07	3649
546533	-1.268653e-06	1.157193e-07	5.522490e-07	3649
538277	-1.268730e-06	1.157530e-07	5.520671e-07	3649
530021	-1.268806e-06	1.157867e-07	5.518853e-07	3649
521765	-1.268882e-06	1.158205e-07	5.517033e-07	3649
513509	-1.268958e-06	1.158542e-07	5.515213e-07	3649
505253	-1.269034e-06	1.158879e-07	5.513394e-07	3649
496997	-1.269110e-06	1.159217e-07	5.511574e-07	3649
488741	-1.269186e-06	1.159554e-07	5.509755e-07	3649
1150826	-1.167581e-06	1.159598e-07	5.318707e-07	7489
480485	-1.269261e-06	1.159892e-07	5.507935e-07	3649
1142570	-1.167655e-06	1.159908e-07	5.317033e-07	7489
1134314	-1.167728e-06	1.160219e-07	5.315359e-07	7489
472229	-1.269337e-06	1.160229e-07	5.506115e-07	3649
1126058	-1.167801e-06	1.160529e-07	5.313684e-07	7489
463973	-1.269413e-06	1.160567e-07	5.504295e-07	3649
1117802	-1.167874e-06	1.160840e-07	5.312010e-07	7489
455717	-1.269489e-06	1.160904e-07	5.502475e-07	3649
1109546	-1.167947e-06	1.161150e-07	5.310335e-07	7489
447461	-1.269565e-06	1.161241e-07	5.500654e-07	3649
1101290	-1.168020e-06	1.161461e-07	5.308660e-07	7489
439205	-1.269641e-06	1.161579e-07	5.498834e-07	3649
1093034	-1.168093e-06	1.161771e-07	5.306986e-07	7489
430949	-1.269716e-06	1.161917e-07	5.497013e-07	3649
1084778	-1.168166e-06	1.162082e-07	5.305311e-07	7489
422693	-1.269792e-06	1.162254e-07	5.495193e-07	3649
1076522	-1.168239e-06	1.162392e-07	5.303636e-07	7489
414437	-1.269868e-06	1.162592e-07	5.493372e-07	3649
1068266	-1.168312e-06	1.162703e-07	5.301961e-07	7489
406181	-1.269943e-06	1.162929e-07	5.491551e-07	3649
1060010	-1.168385e-06	1.163013e-07	5.300286e-07	7489
397925	-1.270019e-06	1.163267e-07	5.489730e-07	3649
1051754	-1.168458e-06	1.163324e-07	5.298610e-07	7489
389669	-1.270095e-06	1.163605e-07	5.487909e-07	3649
1043498	-1.168531e-06	1.163635e-07	5.296935e-07	7489
381413	-1.270170e-06	1.163942e-07	5.486088e-07	3649
1035242	-1.168603e-06	1.163945e-07	5.295259e-07	7489
1026986	-1.168676e-06	1.164256e-07	5.293584e-07	7489
373157	-1.270246e-06	1.164280e-07	5.484267e-07	3649
1018730	-1.168749e-06	1.164567e-07	5.291908e-07	7489
364901	-1.270321e-06	1.164618e-07	5.482445e-07	3649
1010474	-1.168822e-06	1.164877e-07	5.290232e-07	7489
356645	-1.270397e-06	1.164955e-07	5.480624e-07	3649
1002218	-1.168895e-06	1.165188e-07	5.288556e-07	7489
348389	-1.270472e-06	1.165293e-07	5.478802e-07	3649
993962	-1.168967e-06	1.165499e-07	5.286880e-07	7489
340133	-1.270548e-06	1.165631e-07	5.476981e-07	3649
985706	-1.169040e-06	1.165810e-07	5.285204e-07	7489
331877	-1.270623e-06	1.165969e-07	5.475159e-07	3649
977450	-1.169113e-06	1.166120e-07	5.283528e-07	7489
323621	-1.270699e-06	1.166307e-07	5.473337e-07	3649
969194	-1.169185e-06	1.166431e-07	5.281851e-07	7489
315365	-1.270774e-06	1.166644e-07	5.471515e-07	3649
960938	-1.169258e-06	1.166742e-07	5.280175e-07	7489
307109	-1.270849e-06	1.166982e-07	5.469693e-07	3649
952682	-1.169331e-06	1.167053e-07	5.278499e-07	7489
298853	-1.270925e-06	1.167320e-07	5.467870e-07	3649
944426	-1.169403e-06	1.167364e-07	5.276822e-07	7489
290597	-1.271000e-06	1.167658e-07	5.466048e-07	3649
936170	-1.169476e-06	1.167675e-07	5.275145e-07	7489
927914	-1.169548e-06	1.167986e-07	5.273468e-07	7489
282341	-1.271075e-06	1.167996e-07	5.464225e-07	3649
919658	-1.169621e-06	1.168297e-07	5.271791e-07	7489
274085	-1.271150e-06	1.168334e-07	5.462403e-07	3649
911402	-1.169693e-06	1.168607e-07	5.270114e-07	7489
265829	-1.271226e-06	1.168672e-07	5.460581e-07	3649
903146	-1.169766e-06	1.168918e-07	5.268437e-07	7489
257573	-1.271301e-06	1.169010e-07	5.458758e-07	3649
894890	-1.169838e-06	1.169229e-07	5.266759e-07	7489
249317	-1.271376e-06	1.169348e-07	5.456935e-07	3649
886634	-1.169910e-06	1.169540e-07	5.265082e-07	7489
241061	-1.271451e-06	1.169686e-07	5.455112e-07	3649
878378	-1.169983e-06	1.169851e-07	5.263404e-07	7489
232805	-1.271526e-06	1.170024e-07	5.453289e-07	3649
870122	-1.170055e-06	1.170162e-07	5.261727e-07	7489
224549	-1.271601e-06	1.170362e-07	5.451465e-07	3649
861866	-1.170127e-06	1.170473e-07	5.260050e-07	7489
216293	-1.271676e-06	1.170700e-07	5.449642e-07	3649
853610	-1.170200e-06	1.170785e-07	5.258372e-07	7489
208037	-1.271751e-06	1.171038e-07	5.447819e-07	3649
845354	-1.170272e-06	1.171096e-07	5.256693e-07	7489
199781	-1.271826e-06	1.171376e-07	5.445995e-07	3649
837098	-1.170344e-06	1.171407e-07	5.255015e-07	7489
1151120	-1.047428e-06	1.171539e-07	4.881674e-07	8257
191525	-1.271901e-06	1.171714e-07	5.444172e-07	3649
828842	-1.170416e-06	1.171718e-07	5.253337e-07	7489
1142864	-1.047495e-06	1.171818e-07	4.880172e-07	8257
820586	-1.170489e-06	1.172029e-07	5.251659e-07	7489
183269	-1.271976e-06	1.172053e-07	5.442348e-07	3649
1134608	-1.047562e-06	1.172096e-07	4.878669e-07	8257
812330	-1.170561e-06	1.172340e-07	5.249981e-07	7489
1126352	-1.047629e-06	1.172375e-07	4.877168e-07	8257
175013	-1.272051e-06	1.172391e-07	5.440524e-07	3649
804074	-1.170633e-06	1.172652e-07	5.248302e-07	7489
1118096	-1.047695e-06	1.172653e-07	4.875665e-07	8257
166757	-1.272126e-06	1.172729e-07	5.438700e-07	3649
1109840	-1.047762e-06	1.172932e-07	4.874163e-07	8257
795818	-1.170705e-06	1.172963e-07	5.246624e-07	7489
158501	-1.272201e-06	1.173067e-07	5.436876e-07	3649
1101584	-1.047829e-06	1.173210e-07	4.872661e-07	8257
787562	-1.170777e-06	1.173274e-07	5.244945e-07	7489
150245	-1.272276e-06	1.173405e-07	5.435052e-07	3649
1093328	-1.047896e-06	1.173489e-07	4.871159e-07	8257
779306	-1.170849e-06	1.173585e-07	5.243267e-07	7489
141989	-1.272350e-06	1.173744e-07	5.433228e-07	3649
1085072	-1.047963e-06	1.173767e-07	4.869656e-07	8257
771050	-1.170921e-06	1.173896e-07	5.241588e-07	7489
1076816	-1.048029e-06	1.174046e-07	4.868153e-07	8257
133733	-1.272425e-06	1.174082e-07	5.431403e-07	3649
762794	-1.170993e-06	1.174208e-07	5.239909e-07	7489
1068560	-1.048096e-06	1.174324e-07	4.866650e-07	8257
125477	-1.272500e-06	1.174420e-07	5.429579e-07	3649
754538	-1.171065e-06	1.174519e-07	5.238230e-07	7489
1060304	-1.048163e-06	1.174603e-07	4.865148e-07	8257
117221	-1.272575e-06	1.174759e-07	5.427754e-07	3649
746282	-1.171137e-06	1.174830e-07	5.236550e-07	7489
1052048	-1.048229e-06	1.174882e-07	4.863645e-07	8257
108965	-1.272649e-06	1.175097e-07	5.425929e-07	3649
738026	-1.171209e-06	1.175142e-07	5.234871e-07	7489
1043792	-1.048296e-06	1.175160e-07	4.862142e-07	8257
100709	-1.272724e-06	1.175435e-07	5.424104e-07	3649
1035536	-1.048362e-06	1.175439e-07	4.860639e-07	8257
729770	-1.171281e-06	1.175453e-07	5.233192e-07	7489
1027280	-1.048429e-06	1.175718e-07	4.859135e-07	8257
721514	-1.171353e-06	1.175764e-07	5.231512e-07	7489
92453	-1.272798e-06	1.175774e-07	5.422280e-07	3649
1019024	-1.048495e-06	1.175997e-07	4.857632e-07	8257
713258	-1.171425e-06	1.176076e-07	5.229833e-07	7489
84197	-1.272873e-06	1.176112e-07	5.420454e-07	3649
1010768	-1.048562e-06	1.176275e-07	4.856129e-07	8257
705002	-1.171497e-06	1.176387e-07	5.228153e-07	7489
75941	-1.272948e-06	1.176451e-07	5.418629e-07	3649
1002512	-1.048628e-06	1.176554e-07	4.854625e-07	8257
696746	-1.171569e-06	1.176699e-07	5.226473e-07	7489
67685	-1.273022e-06	1.176789e-07	5.416804e-07	3649
994256	-1.048695e-06	1.176833e-07	4.853122e-07	8257
688490	-1.171640e-06	1.177010e-07	5.224794e-07	7489
986000	-1.048761e-06	1.177112e-07	4.851618e-07	8257
59429	-1.273097e-06	1.177127e-07	5.414979e-07	3649
680234	-1.171712e-06	1.177322e-07	5.223114e-07	7489
977744	-1.048828e-06	1.177390e-07	4.850114e-07	8257
51173	-1.273171e-06	1.177466e-07	5.413153e-07	3649
671978	-1.171784e-06	1.177633e-07	5.221434e-07	7489
969488	-1.048894e-06	1.177669e-07	4.848610e-07	8257
42917	-1.273246e-06	1.177804e-07	5.411327e-07	3649
663722	-1.171856e-06	1.177945e-07	5.219753e-07	7489
961232	-1.048960e-06	1.177948e-07	4.847107e-07	8257
34661	-1.273320e-06	1.178143e-07	5.409502e-07	3649
952976	-1.049027e-06	1.178227e-07	4.845602e-07	8257
655466	-1.171927e-06	1.178256e-07	5.218073e-07	7489
26405	-1.273395e-06	1.178481e-07	5.407676e-07	3649
944720	-1.049093e-06	1.178506e-07	4.844098e-07	8257
647210	-1.171999e-06	1.178568e-07	5.216393e-07	7489
936464	-1.049160e-06	1.178785e-07	4.842594e-07	8257
18149	-1.273469e-06	1.178820e-07	5.405850e-07	3649
638954	-1.172071e-06	1.178880e-07	5.214712e-07	7489
928208	-1.049226e-06	1.179064e-07	4.841090e-07	8257
9893	-1.273543e-06	1.179159e-07	5.404024e-07	3649
630698	-1.172142e-06	1.179191e-07	5.213031e-07	7489
919952	-1.049292e-06	1.179342e-07	4.839585e-07	8257
1637	-1.273618e-06	1.179497e-07	5.402198e-07	3649
622442	-1.172214e-06	1.179503e-07	5.211351e-07	7489
911696	-1.049358e-06	1.179621e-07	4.838080e-07	8257
1148636	-1.417970e-06	1.179745e-07	6.244611e-07	2369
614186	-1.172285e-06	1.179814e-07	5.209670e-07	7489
903440	-1.049425e-06	1.179900e-07	4.836576e-07	8257
1140380	-1.418057e-06	1.180122e-07	6.242577e-07	2369
605930	-1.172357e-06	1.180126e-07	5.207989e-07	7489
895184	-1.049491e-06	1.180179e-07	4.835071e-07	8257
597674	-1.172429e-06	1.180438e-07	5.206308e-07	7489
886928	-1.049557e-06	1.180458e-07	4.833566e-07	8257
1132124	-1.418143e-06	1.180499e-07	6.240544e-07	2369
878672	-1.049623e-06	1.180737e-07	4.832061e-07	8257
589418	-1.172500e-06	1.180749e-07	5.204627e-07	7489
1123868	-1.418229e-06	1.180876e-07	6.238511e-07	2369
870416	-1.049689e-06	1.181016e-07	4.830557e-07	8257
581162	-1.172572e-06	1.181061e-07	5.202946e-07	7489
1115612	-1.418316e-06	1.181253e-07	6.236477e-07	2369
862160	-1.049755e-06	1.181295e-07	4.829051e-07	8257
572906	-1.172643e-06	1.181373e-07	5.201264e-07	7489
853904	-1.049821e-06	1.181575e-07	4.827546e-07	8257
1107356	-1.418402e-06	1.181630e-07	6.234444e-07	2369
564650	-1.172714e-06	1.181685e-07	5.199583e-07	7489
845648	-1.049887e-06	1.181854e-07	4.826041e-07	8257
556394	-1.172786e-06	1.181996e-07	5.197901e-07	7489
1099100	-1.418488e-06	1.182007e-07	6.232410e-07	2369
837392	-1.049954e-06	1.182133e-07	4.824535e-07	8257
548138	-1.172857e-06	1.182308e-07	5.196220e-07	7489
1090844	-1.418574e-06	1.182384e-07	6.230375e-07	2369
829136	-1.050020e-06	1.182412e-07	4.823030e-07	8257
539882	-1.172929e-06	1.182620e-07	5.194538e-07	7489
820880	-1.050086e-06	1.182691e-07	4.821524e-07	8257
1082588	-1.418660e-06	1.182761e-07	6.228341e-07	2369
531626	-1.173000e-06	1.182932e-07	5.192856e-07	7489
812624	-1.050152e-06	1.182970e-07	4.820019e-07	8257
1074332	-1.418747e-06	1.183138e-07	6.226307e-07	2369
523370	-1.173071e-06	1.183244e-07	5.191175e-07	7489
804368	-1.050218e-06	1.183249e-07	4.818513e-07	8257
1066076	-1.418833e-06	1.183516e-07	6.224273e-07	2369
796112	-1.050283e-06	1.183529e-07	4.817007e-07	8257
515114	-1.173142e-06	1.183556e-07	5.189493e-07	7489
787856	-1.050349e-06	1.183808e-07	4.815501e-07	8257
506858	-1.173214e-06	1.183867e-07	5.187810e-07	7489
1057820	-1.418919e-06	1.183893e-07	6.222239e-07	2369
779600	-1.050415e-06	1.184087e-07	4.813995e-07	8257
498602	-1.173285e-06	1.184179e-07	5.186128e-07	7489
1049564	-1.419005e-06	1.184270e-07	6.220204e-07	2369
771344	-1.050481e-06	1.184366e-07	4.812489e-07	8257
490346	-1.173356e-06	1.184491e-07	5.184446e-07	7489
763088	-1.050547e-06	1.184645e-07	4.810983e-07	8257
1041308	-1.419091e-06	1.184647e-07	6.218169e-07	2369
482090	-1.173427e-06	1.184803e-07	5.182763e-07	7489
754832	-1.050613e-06	1.184925e-07	4.809476e-07	8257
1033052	-1.419177e-06	1.185025e-07	6.216134e-07	2369
473834	-1.173499e-06	1.185115e-07	5.181081e-07	7489
746576	-1.050679e-06	1.185204e-07	4.807970e-07	8257
1024796	-1.419263e-06	1.185402e-07	6.214099e-07	2369
465578	-1.173570e-06	1.185427e-07	5.179398e-07	7489
738320	-1.050744e-06	1.185483e-07	4.806463e-07	8257
457322	-1.173641e-06	1.185739e-07	5.177715e-07	7489
730064	-1.050810e-06	1.185763e-07	4.804957e-07	8257
1016540	-1.419349e-06	1.185779e-07	6.212064e-07	2369
721808	-1.050876e-06	1.186042e-07	4.803450e-07	8257
449066	-1.173712e-06	1.186051e-07	5.176033e-07	7489
1008284	-1.419435e-06	1.186157e-07	6.210029e-07	2369
713552	-1.050941e-06	1.186321e-07	4.801943e-07	8257
440810	-1.173783e-06	1.186363e-07	5.174350e-07	7489
1000028	-1.419521e-06	1.186534e-07	6.207994e-07	2369
705296	-1.051007e-06	1.186601e-07	4.800436e-07	8257
432554	-1.173854e-06	1.186675e-07	5.172666e-07	7489
697040	-1.051073e-06	1.186880e-07	4.798929e-07	8257
991772	-1.419606e-06	1.186911e-07	6.205959e-07	2369
424298	-1.173925e-06	1.186987e-07	5.170983e-07	7489
688784	-1.051138e-06	1.187160e-07	4.797422e-07	8257
983516	-1.419692e-06	1.187289e-07	6.203923e-07	2369
416042	-1.173996e-06	1.187299e-07	5.169300e-07	7489
680528	-1.051204e-06	1.187439e-07	4.795915e-07	8257
407786	-1.174067e-06	1.187612e-07	5.167616e-07	7489
975260	-1.419778e-06	1.187666e-07	6.201887e-07	2369
672272	-1.051270e-06	1.187719e-07	4.794408e-07	8257
399530	-1.174138e-06	1.187924e-07	5.165933e-07	7489
664016	-1.051335e-06	1.187998e-07	4.792900e-07	8257
967004	-1.419864e-06	1.188044e-07	6.199851e-07	2369
391274	-1.174209e-06	1.188236e-07	5.164250e-07	7489
655760	-1.051401e-06	1.188277e-07	4.791393e-07	8257
958748	-1.419949e-06	1.188421e-07	6.197815e-07	2369
383018	-1.174279e-06	1.188548e-07	5.162566e-07	7489
647504	-1.051466e-06	1.188557e-07	4.789885e-07	8257
950492	-1.420035e-06	1.188799e-07	6.195780e-07	2369
639248	-1.051532e-06	1.188837e-07	4.788378e-07	8257
374762	-1.174350e-06	1.188860e-07	5.160882e-07	7489
630992	-1.051597e-06	1.189116e-07	4.786870e-07	8257
366506	-1.174421e-06	1.189172e-07	5.159199e-07	7489
942236	-1.420121e-06	1.189176e-07	6.193743e-07	2369
622736	-1.051663e-06	1.189396e-07	4.785362e-07	8257
358250	-1.174492e-06	1.189485e-07	5.157514e-07	7489
933980	-1.420206e-06	1.189554e-07	6.191707e-07	2369
614480	-1.051728e-06	1.189675e-07	4.783854e-07	8257
349994	-1.174563e-06	1.189797e-07	5.155831e-07	7489
925724	-1.420292e-06	1.189931e-07	6.189671e-07	2369
606224	-1.051794e-06	1.189955e-07	4.782346e-07	8257
341738	-1.174633e-06	1.190109e-07	5.154146e-07	7489
597968	-1.051859e-06	1.190234e-07	4.780838e-07	8257
917468	-1.420378e-06	1.190309e-07	6.187634e-07	2369
333482	-1.174704e-06	1.190421e-07	5.152462e-07	7489
589712	-1.051924e-06	1.190514e-07	4.779330e-07	8257
909212	-1.420463e-06	1.190687e-07	6.185597e-07	2369
325226	-1.174775e-06	1.190734e-07	5.150778e-07	7489
581456	-1.051990e-06	1.190794e-07	4.777821e-07	8257
1150625	-1.222531e-06	1.190908e-07	5.551219e-07	6977
316970	-1.174846e-06	1.191046e-07	5.149093e-07	7489
900956	-1.420549e-06	1.191064e-07	6.183561e-07	2369
573200	-1.052055e-06	1.191073e-07	4.776313e-07	8257
1142369	-1.222608e-06	1.191233e-07	5.549466e-07	6977
564944	-1.052120e-06	1.191353e-07	4.774805e-07	8257
308714	-1.174916e-06	1.191358e-07	5.147409e-07	7489
892700	-1.420634e-06	1.191442e-07	6.181524e-07	2369
1134113	-1.222684e-06	1.191558e-07	5.547713e-07	6977
556688	-1.052186e-06	1.191633e-07	4.773296e-07	8257
300458	-1.174987e-06	1.191671e-07	5.145724e-07	7489
884444	-1.420720e-06	1.191820e-07	6.179487e-07	2369
1125857	-1.222760e-06	1.191883e-07	5.545960e-07	6977
548432	-1.052251e-06	1.191912e-07	4.771787e-07	8257
292202	-1.175057e-06	1.191983e-07	5.144039e-07	7489
540176	-1.052316e-06	1.192192e-07	4.770279e-07	8257
876188	-1.420805e-06	1.192197e-07	6.177449e-07	2369
1117601	-1.222837e-06	1.192208e-07	5.544207e-07	6977
283946	-1.175128e-06	1.192296e-07	5.142354e-07	7489
531920	-1.052381e-06	1.192472e-07	4.768769e-07	8257
1109345	-1.222913e-06	1.192533e-07	5.542453e-07	6977
867932	-1.420890e-06	1.192575e-07	6.175412e-07	2369
275690	-1.175199e-06	1.192608e-07	5.140669e-07	7489
523664	-1.052447e-06	1.192752e-07	4.767261e-07	8257
1101089	-1.222989e-06	1.192858e-07	5.540700e-07	6977
267434	-1.175269e-06	1.192920e-07	5.138984e-07	7489
859676	-1.420976e-06	1.192953e-07	6.173375e-07	2369
515408	-1.052512e-06	1.193032e-07	4.765752e-07	8257
1092833	-1.223066e-06	1.193183e-07	5.538946e-07	6977
259178	-1.175340e-06	1.193233e-07	5.137299e-07	7489
507152	-1.052577e-06	1.193311e-07	4.764242e-07	8257
851420	-1.421061e-06	1.193331e-07	6.171338e-07	2369
1084577	-1.223142e-06	1.193508e-07	5.537192e-07	6977
250922	-1.175410e-06	1.193545e-07	5.135614e-07	7489
498896	-1.052642e-06	1.193591e-07	4.762733e-07	8257
843164	-1.421146e-06	1.193708e-07	6.169300e-07	2369
1076321	-1.223218e-06	1.193834e-07	5.535439e-07	6977
242666	-1.175481e-06	1.193858e-07	5.133928e-07	7489
490640	-1.052707e-06	1.193871e-07	4.761224e-07	8257
834908	-1.421232e-06	1.194086e-07	6.167262e-07	2369
482384	-1.052772e-06	1.194151e-07	4.759714e-07	8257
1068065	-1.223294e-06	1.194159e-07	5.533685e-07	6977
234410	-1.175551e-06	1.194170e-07	5.132243e-07	7489
474128	-1.052837e-06	1.194431e-07	4.758205e-07	8257
826652	-1.421317e-06	1.194464e-07	6.165224e-07	2369
226154	-1.175621e-06	1.194483e-07	5.130557e-07	7489
1059809	-1.223370e-06	1.194484e-07	5.531931e-07	6977
465872	-1.052902e-06	1.194711e-07	4.756695e-07	8257
217898	-1.175692e-06	1.194796e-07	5.128871e-07	7489
1051553	-1.223446e-06	1.194809e-07	5.530177e-07	6977
818396	-1.421402e-06	1.194842e-07	6.163186e-07	2369
457616	-1.052967e-06	1.194991e-07	4.755186e-07	8257
209642	-1.175762e-06	1.195108e-07	5.127185e-07	7489
1043297	-1.223523e-06	1.195134e-07	5.528422e-07	6977
810140	-1.421487e-06	1.195220e-07	6.161148e-07	2369
449360	-1.053032e-06	1.195271e-07	4.753676e-07	8257
201386	-1.175832e-06	1.195421e-07	5.125500e-07	7489
1035041	-1.223599e-06	1.195460e-07	5.526668e-07	6977
441104	-1.053097e-06	1.195551e-07	4.752166e-07	8257
801884	-1.421572e-06	1.195598e-07	6.159109e-07	2369
193130	-1.175903e-06	1.195733e-07	5.123814e-07	7489
1026785	-1.223675e-06	1.195785e-07	5.524914e-07	6977
432848	-1.053162e-06	1.195830e-07	4.750656e-07	8257
793628	-1.421658e-06	1.195976e-07	6.157072e-07	2369
184874	-1.175973e-06	1.196046e-07	5.122128e-07	7489
1018529	-1.223751e-06	1.196110e-07	5.523159e-07	6977
424592	-1.053227e-06	1.196110e-07	4.749146e-07	8257
785372	-1.421743e-06	1.196354e-07	6.155033e-07	2369
176618	-1.176043e-06	1.196359e-07	5.120442e-07	7489
416336	-1.053292e-06	1.196390e-07	4.747636e-07	8257
1010273	-1.223827e-06	1.196436e-07	5.521404e-07	6977
408080	-1.053357e-06	1.196670e-07	4.746125e-07	8257
168362	-1.176113e-06	1.196671e-07	5.118755e-07	7489
777116	-1.421828e-06	1.196732e-07	6.152994e-07	2369
1002017	-1.223903e-06	1.196761e-07	5.519649e-07	6977
399824	-1.053422e-06	1.196950e-07	4.744615e-07	8257
160106	-1.176184e-06	1.196984e-07	5.117069e-07	7489
993761	-1.223979e-06	1.197086e-07	5.517895e-07	6977
768860	-1.421913e-06	1.197110e-07	6.150955e-07	2369
391568	-1.053487e-06	1.197231e-07	4.743104e-07	8257
151850	-1.176254e-06	1.197297e-07	5.115382e-07	7489
985505	-1.224055e-06	1.197412e-07	5.516139e-07	6977
760604	-1.421998e-06	1.197488e-07	6.148917e-07	2369
383312	-1.053552e-06	1.197511e-07	4.741594e-07	8257
143594	-1.176324e-06	1.197609e-07	5.113696e-07	7489
977249	-1.224130e-06	1.197737e-07	5.514384e-07	6977
375056	-1.053616e-06	1.197791e-07	4.740083e-07	8257
752348	-1.422083e-06	1.197866e-07	6.146878e-07	2369
135338	-1.176394e-06	1.197922e-07	5.112009e-07	7489
968993	-1.224206e-06	1.198063e-07	5.512629e-07	6977
366800	-1.053681e-06	1.198071e-07	4.738573e-07	8257
127082	-1.176464e-06	1.198235e-07	5.110322e-07	7489
744092	-1.422168e-06	1.198244e-07	6.144838e-07	2369
358544	-1.053746e-06	1.198351e-07	4.737062e-07	8257
960737	-1.224282e-06	1.198388e-07	5.510874e-07	6977
118826	-1.176534e-06	1.198548e-07	5.108635e-07	7489
735836	-1.422253e-06	1.198622e-07	6.142799e-07	2369
350288	-1.053810e-06	1.198631e-07	4.735551e-07	8257
952481	-1.224358e-06	1.198714e-07	5.509118e-07	6977
110570	-1.176604e-06	1.198860e-07	5.106949e-07	7489
342032	-1.053875e-06	1.198911e-07	4.734040e-07	8257
727580	-1.422337e-06	1.199000e-07	6.140760e-07	2369
944225	-1.224434e-06	1.199039e-07	5.507363e-07	6977
102314	-1.176674e-06	1.199173e-07	5.105261e-07	7489
333776	-1.053940e-06	1.199191e-07	4.732529e-07	8257
935969	-1.224510e-06	1.199365e-07	5.505607e-07	6977
719324	-1.422422e-06	1.199378e-07	6.138720e-07	2369
325520	-1.054005e-06	1.199472e-07	4.731017e-07	8257
94058	-1.176744e-06	1.199486e-07	5.103574e-07	7489
927713	-1.224585e-06	1.199690e-07	5.503851e-07	6977
317264	-1.054069e-06	1.199752e-07	4.729506e-07	8257
711068	-1.422507e-06	1.199756e-07	6.136681e-07	2369
85802	-1.176814e-06	1.199799e-07	5.101887e-07	7489
919457	-1.224661e-06	1.200016e-07	5.502095e-07	6977
309008	-1.054134e-06	1.200032e-07	4.727995e-07	8257
77546	-1.176884e-06	1.200112e-07	5.100200e-07	7489
702812	-1.422592e-06	1.200135e-07	6.134641e-07	2369
300752	-1.054198e-06	1.200312e-07	4.726483e-07	8257
911201	-1.224737e-06	1.200341e-07	5.500339e-07	6977
69290	-1.176954e-06	1.200425e-07	5.098512e-07	7489
694556	-1.422677e-06	1.200513e-07	6.132602e-07	2369
292496	-1.054263e-06	1.200593e-07	4.724972e-07	8257
902945	-1.224812e-06	1.200667e-07	5.498583e-07	6977
61034	-1.177024e-06	1.200738e-07	5.096824e-07	7489
284240	-1.054328e-06	1.200873e-07	4.723460e-07	8257
686300	-1.422761e-06	1.200891e-07	6.130562e-07	2369
894689	-1.224888e-06	1.200992e-07	5.496827e-07	6977
52778	-1.177094e-06	1.201051e-07	5.095137e-07	7489
275984	-1.054392e-06	1.201153e-07	4.721948e-07	8257
678044	-1.422846e-06	1.201269e-07	6.128521e-07	2369
886433	-1.224964e-06	1.201318e-07	5.495070e-07	6977
44522	-1.177164e-06	1.201363e-07	5.093449e-07	7489
267728	-1.054457e-06	1.201433e-07	4.720436e-07	8257
878177	-1.225039e-06	1.201644e-07	5.493314e-07	6977
669788	-1.422931e-06	1.201648e-07	6.126481e-07	2369
36266	-1.177234e-06	1.201676e-07	5.091761e-07	7489
259472	-1.054521e-06	1.201714e-07	4.718925e-07	8257
869921	-1.225115e-06	1.201969e-07	5.491557e-07	6977
28010	-1.177303e-06	1.201989e-07	5.090073e-07	7489
251216	-1.054585e-06	1.201994e-07	4.717413e-07	8257
661532	-1.423015e-06	1.202026e-07	6.124441e-07	2369
242960	-1.054650e-06	1.202274e-07	4.715900e-07	8257
861665	-1.225190e-06	1.202295e-07	5.489801e-07	6977
19754	-1.177373e-06	1.202302e-07	5.088385e-07	7489
653276	-1.423100e-06	1.202404e-07	6.122401e-07	2369
234704	-1.054714e-06	1.202555e-07	4.714388e-07	8257
11498	-1.177443e-06	1.202615e-07	5.086696e-07	7489
853409	-1.225266e-06	1.202621e-07	5.488044e-07	6977
645020	-1.423184e-06	1.202783e-07	6.120360e-07	2369
226448	-1.054779e-06	1.202835e-07	4.712876e-07	8257
3242	-1.177513e-06	1.202929e-07	5.085008e-07	7489
845153	-1.225341e-06	1.202947e-07	5.486287e-07	6977
218192	-1.054843e-06	1.203116e-07	4.711363e-07	8257
636764	-1.423269e-06	1.203161e-07	6.118319e-07	2369
836897	-1.225417e-06	1.203272e-07	5.484530e-07	6977
209936	-1.054907e-06	1.203396e-07	4.709851e-07	8257
628508	-1.423354e-06	1.203539e-07	6.116279e-07	2369
828641	-1.225492e-06	1.203598e-07	5.482773e-07	6977
201680	-1.054972e-06	1.203677e-07	4.708338e-07	8257
620252	-1.423438e-06	1.203918e-07	6.114237e-07	2369
820385	-1.225568e-06	1.203924e-07	5.481016e-07	6977
193424	-1.055036e-06	1.203957e-07	4.706826e-07	8257
185168	-1.055100e-06	1.204237e-07	4.705313e-07	8257
812129	-1.225643e-06	1.204250e-07	5.479259e-07	6977
611996	-1.423522e-06	1.204296e-07	6.112197e-07	2369
176912	-1.055165e-06	1.204518e-07	4.703800e-07	8257
803873	-1.225718e-06	1.204576e-07	5.477501e-07	6977
603740	-1.423607e-06	1.204675e-07	6.110155e-07	2369
168656	-1.055229e-06	1.204799e-07	4.702287e-07	8257
795617	-1.225794e-06	1.204901e-07	5.475744e-07	6977
595484	-1.423691e-06	1.205053e-07	6.108114e-07	2369
160400	-1.055293e-06	1.205079e-07	4.700774e-07	8257
787361	-1.225869e-06	1.205227e-07	5.473986e-07	6977
152144	-1.055357e-06	1.205360e-07	4.699261e-07	8257
587228	-1.423776e-06	1.205432e-07	6.106073e-07	2369
779105	-1.225944e-06	1.205553e-07	5.472228e-07	6977
143888	-1.055421e-06	1.205640e-07	4.697748e-07	8257
578972	-1.423860e-06	1.205810e-07	6.104031e-07	2369
770849	-1.226019e-06	1.205879e-07	5.470471e-07	6977
135632	-1.055485e-06	1.205921e-07	4.696234e-07	8257
570716	-1.423944e-06	1.206189e-07	6.101989e-07	2369
127376	-1.055550e-06	1.206201e-07	4.694721e-07	8257
762593	-1.226095e-06	1.206205e-07	5.468713e-07	6977
119120	-1.055614e-06	1.206482e-07	4.693208e-07	8257
754337	-1.226170e-06	1.206531e-07	5.466954e-07	6977
562460	-1.424029e-06	1.206568e-07	6.099947e-07	2369
110864	-1.055678e-06	1.206763e-07	4.691694e-07	8257
746081	-1.226245e-06	1.206857e-07	5.465196e-07	6977
554204	-1.424113e-06	1.206946e-07	6.097906e-07	2369
102608	-1.055742e-06	1.207043e-07	4.690180e-07	8257
737825	-1.226320e-06	1.207183e-07	5.463438e-07	6977
94352	-1.055806e-06	1.207324e-07	4.688666e-07	8257
545948	-1.424197e-06	1.207325e-07	6.095864e-07	2369
729569	-1.226395e-06	1.207509e-07	5.461680e-07	6977
86096	-1.055870e-06	1.207605e-07	4.687153e-07	8257
537692	-1.424281e-06	1.207703e-07	6.093821e-07	2369
721313	-1.226470e-06	1.207835e-07	5.459921e-07	6977
77840	-1.055934e-06	1.207885e-07	4.685639e-07	8257
529436	-1.424365e-06	1.208082e-07	6.091780e-07	2369
713057	-1.226545e-06	1.208161e-07	5.458162e-07	6977
69584	-1.055998e-06	1.208166e-07	4.684125e-07	8257
61328	-1.056062e-06	1.208447e-07	4.682610e-07	8257
521180	-1.424449e-06	1.208461e-07	6.089737e-07	2369
704801	-1.226620e-06	1.208487e-07	5.456404e-07	6977
53072	-1.056126e-06	1.208728e-07	4.681096e-07	8257
696545	-1.226695e-06	1.208813e-07	5.454645e-07	6977
512924	-1.424534e-06	1.208839e-07	6.087694e-07	2369
44816	-1.056190e-06	1.209008e-07	4.679582e-07	8257
688289	-1.226770e-06	1.209140e-07	5.452886e-07	6977
504668	-1.424618e-06	1.209218e-07	6.085652e-07	2369
36560	-1.056253e-06	1.209289e-07	4.678067e-07	8257
680033	-1.226845e-06	1.209466e-07	5.451127e-07	6977
28304	-1.056317e-06	1.209570e-07	4.676553e-07	8257
496412	-1.424702e-06	1.209597e-07	6.083609e-07	2369
671777	-1.226920e-06	1.209792e-07	5.449368e-07	6977
20048	-1.056381e-06	1.209851e-07	4.675038e-07	8257
488156	-1.424786e-06	1.209976e-07	6.081567e-07	2369
663521	-1.226995e-06	1.210118e-07	5.447609e-07	6977
11792	-1.056445e-06	1.210132e-07	4.673524e-07	8257
479900	-1.424870e-06	1.210355e-07	6.079524e-07	2369
3536	-1.056509e-06	1.210413e-07	4.672009e-07	8257
655265	-1.227070e-06	1.210444e-07	5.445850e-07	6977
471644	-1.424954e-06	1.210733e-07	6.077480e-07	2369
647009	-1.227145e-06	1.210770e-07	5.444090e-07	6977
638753	-1.227220e-06	1.211097e-07	5.442330e-07	6977
463388	-1.425037e-06	1.211112e-07	6.075437e-07	2369
630497	-1.227295e-06	1.211423e-07	5.440571e-07	6977
455132	-1.425121e-06	1.211491e-07	6.073394e-07	2369
622241	-1.227369e-06	1.211749e-07	5.438811e-07	6977
446876	-1.425205e-06	1.211870e-07	6.071350e-07	2369
613985	-1.227444e-06	1.212075e-07	5.437051e-07	6977
438620	-1.425289e-06	1.212249e-07	6.069307e-07	2369
605729	-1.227519e-06	1.212402e-07	5.435291e-07	6977
430364	-1.425373e-06	1.212628e-07	6.067263e-07	2369
597473	-1.227594e-06	1.212728e-07	5.433531e-07	6977
422108	-1.425457e-06	1.213007e-07	6.065219e-07	2369
589217	-1.227668e-06	1.213055e-07	5.431771e-07	6977
580961	-1.227743e-06	1.213381e-07	5.430010e-07	6977
413852	-1.425540e-06	1.213386e-07	6.063175e-07	2369
572705	-1.227817e-06	1.213707e-07	5.428250e-07	6977
405596	-1.425624e-06	1.213765e-07	6.061131e-07	2369
564449	-1.227892e-06	1.214034e-07	5.426489e-07	6977
397340	-1.425708e-06	1.214144e-07	6.059087e-07	2369
556193	-1.227967e-06	1.214360e-07	5.424729e-07	6977
389084	-1.425791e-06	1.214523e-07	6.057043e-07	2369
547937	-1.228041e-06	1.214687e-07	5.422968e-07	6977
380828	-1.425875e-06	1.214902e-07	6.054998e-07	2369
539681	-1.228116e-06	1.215013e-07	5.421207e-07	6977
372572	-1.425958e-06	1.215281e-07	6.052954e-07	2369
531425	-1.228190e-06	1.215340e-07	5.419446e-07	6977
364316	-1.426042e-06	1.215660e-07	6.050909e-07	2369
523169	-1.228265e-06	1.215666e-07	5.417685e-07	6977
514913	-1.228339e-06	1.215993e-07	5.415924e-07	6977
356060	-1.426126e-06	1.216039e-07	6.048865e-07	2369
506657	-1.228413e-06	1.216319e-07	5.414163e-07	6977
347804	-1.426209e-06	1.216419e-07	6.046819e-07	2369
498401	-1.228488e-06	1.216646e-07	5.412401e-07	6977
339548	-1.426292e-06	1.216798e-07	6.044775e-07	2369
490145	-1.228562e-06	1.216973e-07	5.410640e-07	6977
1148990	-1.291201e-06	1.217049e-07	5.822629e-07	3137
331292	-1.426376e-06	1.217177e-07	6.042729e-07	2369
481889	-1.228637e-06	1.217299e-07	5.408878e-07	6977
1140734	-1.291281e-06	1.217392e-07	5.820778e-07	3137
323036	-1.426459e-06	1.217556e-07	6.040684e-07	2369
473633	-1.228711e-06	1.217626e-07	5.407117e-07	6977
1132478	-1.291361e-06	1.217736e-07	5.818927e-07	3137
314780	-1.426543e-06	1.217935e-07	6.038638e-07	2369
465377	-1.228785e-06	1.217952e-07	5.405355e-07	6977
1124222	-1.291441e-06	1.218079e-07	5.817075e-07	3137
457121	-1.228859e-06	1.218279e-07	5.403593e-07	6977
306524	-1.426626e-06	1.218315e-07	6.036593e-07	2369
1115966	-1.291521e-06	1.218422e-07	5.815223e-07	3137
448865	-1.228934e-06	1.218606e-07	5.401831e-07	6977
298268	-1.426709e-06	1.218694e-07	6.034547e-07	2369
1107710	-1.291602e-06	1.218766e-07	5.813371e-07	3137
440609	-1.229008e-06	1.218933e-07	5.400069e-07	6977
290012	-1.426793e-06	1.219073e-07	6.032502e-07	2369
1099454	-1.291682e-06	1.219109e-07	5.811519e-07	3137
432353	-1.229082e-06	1.219259e-07	5.398306e-07	6977
1091198	-1.291762e-06	1.219452e-07	5.809667e-07	3137
281756	-1.426876e-06	1.219453e-07	6.030456e-07	2369
424097	-1.229156e-06	1.219586e-07	5.396544e-07	6977
1082942	-1.291842e-06	1.219796e-07	5.807815e-07	3137
273500	-1.426959e-06	1.219832e-07	6.028410e-07	2369
415841	-1.229230e-06	1.219913e-07	5.394782e-07	6977
1074686	-1.291922e-06	1.220139e-07	5.805963e-07	3137
265244	-1.427042e-06	1.220211e-07	6.026364e-07	2369
407585	-1.229304e-06	1.220240e-07	5.393019e-07	6977
1066430	-1.292002e-06	1.220483e-07	5.804110e-07	3137
399329	-1.229378e-06	1.220566e-07	5.391257e-07	6977
256988	-1.427125e-06	1.220591e-07	6.024318e-07	2369
1058174	-1.292082e-06	1.220826e-07	5.802258e-07	3137
391073	-1.229452e-06	1.220893e-07	5.389493e-07	6977
248732	-1.427208e-06	1.220970e-07	6.022271e-07	2369
1049918	-1.292162e-06	1.221170e-07	5.800405e-07	3137
382817	-1.229526e-06	1.221220e-07	5.387731e-07	6977
240476	-1.427292e-06	1.221350e-07	6.020225e-07	2369
1041662	-1.292242e-06	1.221513e-07	5.798552e-07	3137
374561	-1.229600e-06	1.221547e-07	5.385968e-07	6977
232220	-1.427375e-06	1.221729e-07	6.018178e-07	2369
1033406	-1.292321e-06	1.221857e-07	5.796699e-07	3137
366305	-1.229674e-06	1.221874e-07	5.384205e-07	6977
223964	-1.427458e-06	1.222109e-07	6.016132e-07	2369
1025150	-1.292401e-06	1.222200e-07	5.794846e-07	3137
358049	-1.229748e-06	1.222201e-07	5.382441e-07	6977
215708	-1.427541e-06	1.222488e-07	6.014085e-07	2369
349793	-1.229822e-06	1.222528e-07	5.380678e-07	6977
1016894	-1.292481e-06	1.222544e-07	5.792993e-07	3137
341537	-1.229896e-06	1.222855e-07	5.378915e-07	6977
207452	-1.427624e-06	1.222868e-07	6.012038e-07	2369
1008638	-1.292561e-06	1.222888e-07	5.791140e-07	3137
333281	-1.229970e-06	1.223182e-07	5.377152e-07	6977
1000382	-1.292641e-06	1.223231e-07	5.789287e-07	3137
199196	-1.427706e-06	1.223247e-07	6.009991e-07	2369
325025	-1.230044e-06	1.223509e-07	5.375388e-07	6977
992126	-1.292721e-06	1.223575e-07	5.787433e-07	3137
190940	-1.427789e-06	1.223627e-07	6.007944e-07	2369
316769	-1.230118e-06	1.223836e-07	5.373624e-07	6977
983870	-1.292800e-06	1.223918e-07	5.785579e-07	3137
182684	-1.427872e-06	1.224007e-07	6.005897e-07	2369
308513	-1.230191e-06	1.224163e-07	5.371860e-07	6977
975614	-1.292880e-06	1.224262e-07	5.783726e-07	3137
174428	-1.427955e-06	1.224386e-07	6.003849e-07	2369
300257	-1.230265e-06	1.224490e-07	5.370096e-07	6977
967358	-1.292960e-06	1.224606e-07	5.781872e-07	3137
166172	-1.428038e-06	1.224766e-07	6.001802e-07	2369
292001	-1.230339e-06	1.224817e-07	5.368332e-07	6977
959102	-1.293039e-06	1.224950e-07	5.780018e-07	3137
283745	-1.230413e-06	1.225144e-07	5.366568e-07	6977
157916	-1.428121e-06	1.225146e-07	5.999754e-07	2369
950846	-1.293119e-06	1.225293e-07	5.778164e-07	3137
275489	-1.230486e-06	1.225471e-07	5.364804e-07	6977
149660	-1.428204e-06	1.225525e-07	5.997706e-07	2369
942590	-1.293198e-06	1.225637e-07	5.776310e-07	3137
267233	-1.230560e-06	1.225798e-07	5.363040e-07	6977
141404	-1.428286e-06	1.225905e-07	5.995659e-07	2369
934334	-1.293278e-06	1.225981e-07	5.774455e-07	3137
258977	-1.230634e-06	1.226125e-07	5.361275e-07	6977
133148	-1.428369e-06	1.226285e-07	5.993610e-07	2369
926078	-1.293357e-06	1.226325e-07	5.772601e-07	3137
250721	-1.230707e-06	1.226453e-07	5.359510e-07	6977
124892	-1.428452e-06	1.226664e-07	5.991562e-07	2369
917822	-1.293437e-06	1.226669e-07	5.770747e-07	3137
242465	-1.230781e-06	1.226780e-07	5.357746e-07	6977
909566	-1.293516e-06	1.227013e-07	5.768892e-07	3137
116636	-1.428534e-06	1.227044e-07	5.989514e-07	2369
234209	-1.230854e-06	1.227107e-07	5.355981e-07	6977
901310	-1.293596e-06	1.227356e-07	5.767037e-07	3137
108380	-1.428617e-06	1.227424e-07	5.987466e-07	2369
225953	-1.230928e-06	1.227434e-07	5.354216e-07	6977
893054	-1.293675e-06	1.227700e-07	5.765182e-07	3137
217697	-1.231001e-06	1.227762e-07	5.352451e-07	6977
100124	-1.428699e-06	1.227804e-07	5.985417e-07	2369
884798	-1.293755e-06	1.228044e-07	5.763328e-07	3137
209441	-1.231075e-06	1.228089e-07	5.350686e-07	6977
91868	-1.428782e-06	1.228184e-07	5.983368e-07	2369
876542	-1.293834e-06	1.228388e-07	5.761472e-07	3137
201185	-1.231148e-06	1.228416e-07	5.348921e-07	6977
83612	-1.428864e-06	1.228564e-07	5.981320e-07	2369
868286	-1.293913e-06	1.228732e-07	5.759617e-07	3137
192929	-1.231222e-06	1.228744e-07	5.347155e-07	6977
75356	-1.428947e-06	1.228944e-07	5.979271e-07	2369
184673	-1.231295e-06	1.229071e-07	5.345390e-07	6977
860030	-1.293993e-06	1.229076e-07	5.757762e-07	3137
67100	-1.429029e-06	1.229324e-07	5.977222e-07	2369
176417	-1.231368e-06	1.229398e-07	5.343625e-07	6977
851774	-1.294072e-06	1.229420e-07	5.755906e-07	3137
58844	-1.429112e-06	1.229703e-07	5.975173e-07	2369
168161	-1.231442e-06	1.229726e-07	5.341859e-07	6977
843518	-1.294151e-06	1.229764e-07	5.754051e-07	3137
159905	-1.231515e-06	1.230053e-07	5.340093e-07	6977
50588	-1.429194e-06	1.230083e-07	5.973124e-07	2369
835262	-1.294230e-06	1.230108e-07	5.752195e-07	3137
151649	-1.231588e-06	1.230380e-07	5.338327e-07	6977
827006	-1.294310e-06	1.230452e-07	5.750339e-07	3137
42332	-1.429276e-06	1.230463e-07	5.971074e-07	2369
143393	-1.231662e-06	1.230708e-07	5.336561e-07	6977
818750	-1.294389e-06	1.230796e-07	5.748483e-07	3137
34076	-1.429359e-06	1.230843e-07	5.969025e-07	2369
135137	-1.231735e-06	1.231035e-07	5.334795e-07	6977
810494	-1.294468e-06	1.231140e-07	5.746627e-07	3137
25820	-1.429441e-06	1.231223e-07	5.966975e-07	2369
126881	-1.231808e-06	1.231363e-07	5.333029e-07	6977
802238	-1.294547e-06	1.231485e-07	5.744772e-07	3137
17564	-1.429523e-06	1.231604e-07	5.964926e-07	2369
118625	-1.231881e-06	1.231690e-07	5.331263e-07	6977
793982	-1.294626e-06	1.231829e-07	5.742915e-07	3137
9308	-1.429606e-06	1.231984e-07	5.962876e-07	2369
110369	-1.231954e-06	1.232018e-07	5.329496e-07	6977
785726	-1.294705e-06	1.232173e-07	5.741059e-07	3137
102113	-1.232027e-06	1.232345e-07	5.327730e-07	6977
1052	-1.429688e-06	1.232364e-07	5.960827e-07	2369
777470	-1.294784e-06	1.232517e-07	5.739203e-07	3137
93857	-1.232101e-06	1.232673e-07	5.325963e-07	6977
769214	-1.294863e-06	1.232861e-07	5.737346e-07	3137
85601	-1.232174e-06	1.233000e-07	5.324197e-07	6977
760958	-1.294942e-06	1.233206e-07	5.735489e-07	3137
77345	-1.232247e-06	1.233328e-07	5.322430e-07	6977
752702	-1.295021e-06	1.233550e-07	5.733633e-07	3137
69089	-1.232320e-06	1.233656e-07	5.320663e-07	6977
744446	-1.295100e-06	1.233894e-07	5.731775e-07	3137
60833	-1.232393e-06	1.233983e-07	5.318896e-07	6977
736190	-1.295179e-06	1.234239e-07	5.729918e-07	3137
52577	-1.232466e-06	1.234311e-07	5.317129e-07	6977
727934	-1.295258e-06	1.234583e-07	5.728061e-07	3137
44321	-1.232539e-06	1.234639e-07	5.315362e-07	6977
719678	-1.295337e-06	1.234927e-07	5.726204e-07	3137
36065	-1.232612e-06	1.234966e-07	5.313595e-07	6977
711422	-1.295415e-06	1.235272e-07	5.724347e-07	3137
27809	-1.232684e-06	1.235294e-07	5.311827e-07	6977
703166	-1.295494e-06	1.235616e-07	5.722490e-07	3137
19553	-1.232757e-06	1.235622e-07	5.310060e-07	6977
11297	-1.232830e-06	1.235949e-07	5.308292e-07	6977
694910	-1.295573e-06	1.235960e-07	5.720632e-07	3137
3041	-1.232903e-06	1.236277e-07	5.306524e-07	6977
686654	-1.295652e-06	1.236305e-07	5.718774e-07	3137
678398	-1.295730e-06	1.236649e-07	5.716916e-07	3137
670142	-1.295809e-06	1.236994e-07	5.715058e-07	3137
661886	-1.295888e-06	1.237338e-07	5.713200e-07	3137
653630	-1.295966e-06	1.237683e-07	5.711342e-07	3137
645374	-1.296045e-06	1.238027e-07	5.709484e-07	3137
637118	-1.296123e-06	1.238372e-07	5.707626e-07	3137
628862	-1.296202e-06	1.238717e-07	5.705767e-07	3137
620606	-1.296280e-06	1.239061e-07	5.703909e-07	3137
612350	-1.296359e-06	1.239406e-07	5.702050e-07	3137
604094	-1.296437e-06	1.239750e-07	5.700191e-07	3137
595838	-1.296516e-06	1.240095e-07	5.698332e-07	3137
587582	-1.296594e-06	1.240440e-07	5.696473e-07	3137
579326	-1.296673e-06	1.240785e-07	5.694614e-07	3137
571070	-1.296751e-06	1.241129e-07	5.692755e-07	3137
562814	-1.296829e-06	1.241474e-07	5.690895e-07	3137
554558	-1.296907e-06	1.241819e-07	5.689035e-07	3137
546302	-1.296986e-06	1.242164e-07	5.687176e-07	3137
538046	-1.297064e-06	1.242508e-07	5.685316e-07	3137
529790	-1.297142e-06	1.242853e-07	5.683456e-07	3137
521534	-1.297220e-06	1.243198e-07	5.681596e-07	3137
513278	-1.297298e-06	1.243543e-07	5.679736e-07	3137
505022	-1.297377e-06	1.243888e-07	5.677877e-07	3137
496766	-1.297455e-06	1.244233e-07	5.676016e-07	3137
488510	-1.297533e-06	1.244578e-07	5.674156e-07	3137
480254	-1.297611e-06	1.244923e-07	5.672295e-07	3137
471998	-1.297689e-06	1.245268e-07	5.670435e-07	3137
463742	-1.297767e-06	1.245613e-07	5.668574e-07	3137
455486	-1.297845e-06	1.245958e-07	5.666713e-07	3137
447230	-1.297923e-06	1.246303e-07	5.664852e-07	3137
438974	-1.298001e-06	1.246648e-07	5.662991e-07	3137
430718	-1.298078e-06	1.246993e-07	5.661130e-07	3137
422462	-1.298156e-06	1.247338e-07	5.659269e-07	3137
414206	-1.298234e-06	1.247683e-07	5.657407e-07	3137
405950	-1.298312e-06	1.248028e-07	5.655546e-07	3137
397694	-1.298390e-06	1.248374e-07	5.653684e-07	3137
389438	-1.298467e-06	1.248719e-07	5.651822e-07	3137
381182	-1.298545e-06	1.249064e-07	5.649961e-07	3137
372926	-1.298623e-06	1.249409e-07	5.648099e-07	3137
364670	-1.298700e-06	1.249754e-07	5.646236e-07	3137
356414	-1.298778e-06	1.250100e-07	5.644374e-07	3137
348158	-1.298856e-06	1.250445e-07	5.642512e-07	3137
339902	-1.298933e-06	1.250790e-07	5.640650e-07	3137
331646	-1.299011e-06	1.251136e-07	5.638787e-07	3137
323390	-1.299088e-06	1.251481e-07	5.636925e-07	3137
315134	-1.299166e-06	1.251826e-07	5.635062e-07	3137
306878	-1.299243e-06	1.252172e-07	5.633199e-07	3137
298622	-1.299321e-06	1.252517e-07	5.631336e-07	3137
290366	-1.299398e-06	1.252863e-07	5.629473e-07	3137
282110	-1.299475e-06	1.253208e-07	5.627610e-07	3137
273854	-1.299553e-06	1.253554e-07	5.625747e-07	3137
265598	-1.299630e-06	1.253899e-07	5.623883e-07	3137
257342	-1.299707e-06	1.254245e-07	5.622020e-07	3137
249086	-1.299785e-06	1.254590e-07	5.620156e-07	3137
240830	-1.299862e-06	1.254936e-07	5.618292e-07	3137
232574	-1.299939e-06	1.255281e-07	5.616428e-07	3137
224318	-1.300016e-06	1.255627e-07	5.614564e-07	3137
216062	-1.300093e-06	1.255973e-07	5.612700e-07	3137
1148873	-1.387468e-06	1.256214e-07	6.195959e-07	2881
207806	-1.300170e-06	1.256318e-07	5.610837e-07	3137
1140617	-1.387553e-06	1.256583e-07	6.193969e-07	2881
199550	-1.300248e-06	1.256664e-07	5.608972e-07	3137
1132361	-1.387639e-06	1.256952e-07	6.191980e-07	2881
191294	-1.300325e-06	1.257010e-07	5.607108e-07	3137
1124105	-1.387724e-06	1.257320e-07	6.189990e-07	2881
183038	-1.300402e-06	1.257355e-07	5.605243e-07	3137
1115849	-1.387809e-06	1.257689e-07	6.188000e-07	2881
174782	-1.300479e-06	1.257701e-07	5.603379e-07	3137
166526	-1.300556e-06	1.258047e-07	5.601514e-07	3137
1107593	-1.387895e-06	1.258058e-07	6.186010e-07	2881
158270	-1.300633e-06	1.258393e-07	5.599649e-07	3137
1099337	-1.387980e-06	1.258427e-07	6.184020e-07	2881
150014	-1.300710e-06	1.258738e-07	5.597784e-07	3137
1091081	-1.388065e-06	1.258796e-07	6.182030e-07	2881
141758	-1.300786e-06	1.259084e-07	5.595919e-07	3137
1082825	-1.388151e-06	1.259165e-07	6.180040e-07	2881
133502	-1.300863e-06	1.259430e-07	5.594054e-07	3137
1074569	-1.388236e-06	1.259534e-07	6.178049e-07	2881
125246	-1.300940e-06	1.259776e-07	5.592188e-07	3137
1066313	-1.388321e-06	1.259903e-07	6.176058e-07	2881
116990	-1.301017e-06	1.260122e-07	5.590323e-07	3137
1058057	-1.388406e-06	1.260272e-07	6.174068e-07	2881
108734	-1.301094e-06	1.260468e-07	5.588458e-07	3137
1049801	-1.388492e-06	1.260642e-07	6.172077e-07	2881
100478	-1.301171e-06	1.260814e-07	5.586592e-07	3137
1041545	-1.388577e-06	1.261011e-07	6.170087e-07	2881
92222	-1.301247e-06	1.261159e-07	5.584727e-07	3137
1033289	-1.388662e-06	1.261380e-07	6.168095e-07	2881
83966	-1.301324e-06	1.261506e-07	5.582860e-07	3137
1025033	-1.388747e-06	1.261749e-07	6.166104e-07	2881
75710	-1.301401e-06	1.261851e-07	5.580995e-07	3137
1016777	-1.388832e-06	1.262118e-07	6.164113e-07	2881
67454	-1.301477e-06	1.262197e-07	5.579129e-07	3137
1008521	-1.388917e-06	1.262488e-07	6.162122e-07	2881
59198	-1.301554e-06	1.262543e-07	5.577263e-07	3137
1000265	-1.389002e-06	1.262857e-07	6.160130e-07	2881
50942	-1.301631e-06	1.262890e-07	5.575396e-07	3137
992009	-1.389087e-06	1.263226e-07	6.158138e-07	2881
42686	-1.301707e-06	1.263236e-07	5.573530e-07	3137
34430	-1.301784e-06	1.263582e-07	5.571663e-07	3137
983753	-1.389172e-06	1.263595e-07	6.156146e-07	2881
26174	-1.301860e-06	1.263928e-07	5.569797e-07	3137
975497	-1.389257e-06	1.263965e-07	6.154154e-07	2881
17918	-1.301937e-06	1.264274e-07	5.567930e-07	3137
967241	-1.389341e-06	1.264334e-07	6.152163e-07	2881
9662	-1.302013e-06	1.264620e-07	5.566063e-07	3137
958985	-1.389426e-06	1.264703e-07	6.150170e-07	2881
1406	-1.302090e-06	1.264966e-07	5.564196e-07	3137
950729	-1.389511e-06	1.265073e-07	6.148178e-07	2881
942473	-1.389596e-06	1.265442e-07	6.146186e-07	2881
934217	-1.389681e-06	1.265812e-07	6.144193e-07	2881
925961	-1.389765e-06	1.266181e-07	6.142200e-07	2881
917705	-1.389850e-06	1.266551e-07	6.140208e-07	2881
909449	-1.389935e-06	1.266920e-07	6.138215e-07	2881
901193	-1.390019e-06	1.267290e-07	6.136222e-07	2881
892937	-1.390104e-06	1.267659e-07	6.134229e-07	2881
884681	-1.390189e-06	1.268029e-07	6.132236e-07	2881
876425	-1.390273e-06	1.268398e-07	6.130242e-07	2881
868169	-1.390358e-06	1.268768e-07	6.128249e-07	2881
859913	-1.390442e-06	1.269138e-07	6.126255e-07	2881
851657	-1.390527e-06	1.269507e-07	6.124261e-07	2881
843401	-1.390611e-06	1.269877e-07	6.122268e-07	2881
835145	-1.390695e-06	1.270247e-07	6.120273e-07	2881
826889	-1.390780e-06	1.270616e-07	6.118279e-07	2881
818633	-1.390864e-06	1.270986e-07	6.116285e-07	2881
810377	-1.390948e-06	1.271356e-07	6.114291e-07	2881
802121	-1.391033e-06	1.271726e-07	6.112297e-07	2881
793865	-1.391117e-06	1.272095e-07	6.110302e-07	2881
785609	-1.391201e-06	1.272465e-07	6.108307e-07	2881
777353	-1.391285e-06	1.272835e-07	6.106312e-07	2881
1154722	-1.410077e-06	1.273195e-07	6.063615e-07	21084
769097	-1.391369e-06	1.273205e-07	6.104318e-07	2881
1146466	-1.410161e-06	1.273570e-07	6.061593e-07	21084
760841	-1.391454e-06	1.273575e-07	6.102322e-07	2881
752585	-1.391538e-06	1.273945e-07	6.100327e-07	2881
1138210	-1.410245e-06	1.273945e-07	6.059572e-07	21084
744329	-1.391622e-06	1.274315e-07	6.098332e-07	2881
1129954	-1.410328e-06	1.274320e-07	6.057550e-07	21084
736073	-1.391706e-06	1.274685e-07	6.096337e-07	2881
1121698	-1.410411e-06	1.274695e-07	6.055527e-07	21084
727817	-1.391790e-06	1.275055e-07	6.094341e-07	2881
1113442	-1.410495e-06	1.275070e-07	6.053505e-07	21084
719561	-1.391874e-06	1.275425e-07	6.092345e-07	2881
1105186	-1.410578e-06	1.275445e-07	6.051482e-07	21084
711305	-1.391958e-06	1.275795e-07	6.090349e-07	2881
1096930	-1.410662e-06	1.275820e-07	6.049460e-07	21084
703049	-1.392042e-06	1.276165e-07	6.088354e-07	2881
1088674	-1.410745e-06	1.276195e-07	6.047437e-07	21084
694793	-1.392126e-06	1.276535e-07	6.086358e-07	2881
1080418	-1.410828e-06	1.276570e-07	6.045414e-07	21084
686537	-1.392209e-06	1.276905e-07	6.084362e-07	2881
1072162	-1.410912e-06	1.276945e-07	6.043391e-07	21084
1147649	-9.908407e-07	1.277151e-07	4.715136e-07	322
678281	-1.392293e-06	1.277275e-07	6.082365e-07	2881
1063906	-1.410995e-06	1.277320e-07	6.041368e-07	21084
1139393	-9.909048e-07	1.277414e-07	4.713715e-07	322
670025	-1.392377e-06	1.277646e-07	6.080369e-07	2881
1131137	-9.909691e-07	1.277677e-07	4.712294e-07	322
1055650	-1.411078e-06	1.277695e-07	6.039345e-07	21084
1122881	-9.910332e-07	1.277941e-07	4.710873e-07	322
661769	-1.392461e-06	1.278016e-07	6.078373e-07	2881
1047394	-1.411161e-06	1.278071e-07	6.037322e-07	21084
1114625	-9.910973e-07	1.278204e-07	4.709452e-07	322
653513	-1.392545e-06	1.278386e-07	6.076376e-07	2881
1039138	-1.411244e-06	1.278446e-07	6.035298e-07	21084
1106369	-9.911614e-07	1.278468e-07	4.708031e-07	322
1098113	-9.912255e-07	1.278731e-07	4.706610e-07	322
645257	-1.392628e-06	1.278756e-07	6.074379e-07	2881
1030882	-1.411327e-06	1.278821e-07	6.033275e-07	21084
1089857	-9.912897e-07	1.278995e-07	4.705189e-07	322
637001	-1.392712e-06	1.279126e-07	6.072382e-07	2881
1022626	-1.411410e-06	1.279196e-07	6.031251e-07	21084
1081601	-9.913537e-07	1.279258e-07	4.703767e-07	322
628745	-1.392796e-06	1.279497e-07	6.070385e-07	2881
1073345	-9.914177e-07	1.279522e-07	4.702346e-07	322
1014370	-1.411494e-06	1.279572e-07	6.029227e-07	21084
1065089	-9.914817e-07	1.279785e-07	4.700925e-07	322
620489	-1.392879e-06	1.279867e-07	6.068388e-07	2881
1006114	-1.411577e-06	1.279947e-07	6.027203e-07	21084
1056833	-9.915457e-07	1.280049e-07	4.699503e-07	322
612233	-1.392963e-06	1.280237e-07	6.066391e-07	2881
1048577	-9.916097e-07	1.280312e-07	4.698081e-07	322
997858	-1.411660e-06	1.280322e-07	6.025179e-07	21084
1040321	-9.916736e-07	1.280576e-07	4.696659e-07	322
603977	-1.393046e-06	1.280608e-07	6.064394e-07	2881
989602	-1.411743e-06	1.280697e-07	6.023155e-07	21084
1032065	-9.917376e-07	1.280840e-07	4.695237e-07	322
595721	-1.393130e-06	1.280978e-07	6.062396e-07	2881
981346	-1.411826e-06	1.281073e-07	6.021131e-07	21084
1023809	-9.918015e-07	1.281103e-07	4.693815e-07	322
587465	-1.393213e-06	1.281348e-07	6.060399e-07	2881
1015553	-9.918654e-07	1.281367e-07	4.692393e-07	322
973090	-1.411908e-06	1.281448e-07	6.019106e-07	21084
1007297	-9.919291e-07	1.281631e-07	4.690971e-07	322
579209	-1.393297e-06	1.281719e-07	6.058401e-07	2881
964834	-1.411991e-06	1.281824e-07	6.017082e-07	21084
999041	-9.919930e-07	1.281894e-07	4.689549e-07	322
570953	-1.393380e-06	1.282089e-07	6.056403e-07	2881
990785	-9.920568e-07	1.282158e-07	4.688127e-07	322
956578	-1.412074e-06	1.282199e-07	6.015057e-07	21084
982529	-9.921207e-07	1.282422e-07	4.686704e-07	322
562697	-1.393464e-06	1.282460e-07	6.054405e-07	2881
948322	-1.412157e-06	1.282574e-07	6.013033e-07	21084
974273	-9.921845e-07	1.282685e-07	4.685282e-07	322
554441	-1.393547e-06	1.282830e-07	6.052407e-07	2881
966017	-9.922481e-07	1.282949e-07	4.683859e-07	322
940066	-1.412240e-06	1.282950e-07	6.011008e-07	21084
546185	-1.393630e-06	1.283201e-07	6.050409e-07	2881
957761	-9.923119e-07	1.283213e-07	4.682436e-07	322
931810	-1.412322e-06	1.283325e-07	6.008983e-07	21084
949505	-9.923757e-07	1.283477e-07	4.681013e-07	322
537929	-1.393714e-06	1.283571e-07	6.048410e-07	2881
923554	-1.412405e-06	1.283701e-07	6.006958e-07	21084
941249	-9.924394e-07	1.283741e-07	4.679590e-07	322
529673	-1.393797e-06	1.283942e-07	6.046412e-07	2881
932993	-9.925030e-07	1.284004e-07	4.678167e-07	322
915298	-1.412488e-06	1.284076e-07	6.004933e-07	21084
924737	-9.925667e-07	1.284268e-07	4.676744e-07	322
521417	-1.393880e-06	1.284312e-07	6.044414e-07	2881
907042	-1.412571e-06	1.284452e-07	6.002907e-07	21084
916481	-9.926302e-07	1.284532e-07	4.675321e-07	322
513161	-1.393964e-06	1.284683e-07	6.042415e-07	2881
908225	-9.926939e-07	1.284796e-07	4.673898e-07	322
898786	-1.412653e-06	1.284827e-07	6.000882e-07	21084
504905	-1.394047e-06	1.285053e-07	6.040416e-07	2881
899969	-9.927575e-07	1.285060e-07	4.672474e-07	322
1149106	-1.242742e-06	1.285088e-07	5.699600e-07	3393
890530	-1.412736e-06	1.285203e-07	5.998856e-07	21084
891713	-9.928210e-07	1.285324e-07	4.671051e-07	322
1140850	-1.242820e-06	1.285419e-07	5.697818e-07	3393
496649	-1.394130e-06	1.285424e-07	6.038417e-07	2881
882274	-1.412819e-06	1.285579e-07	5.996831e-07	21084
883457	-9.928846e-07	1.285588e-07	4.669627e-07	322
1132594	-1.242898e-06	1.285749e-07	5.696036e-07	3393
488393	-1.394213e-06	1.285795e-07	6.036418e-07	2881
875201	-9.929481e-07	1.285852e-07	4.668204e-07	322
874018	-1.412901e-06	1.285954e-07	5.994805e-07	21084
1124338	-1.242977e-06	1.286080e-07	5.694254e-07	3393
866945	-9.930117e-07	1.286116e-07	4.666780e-07	322
480137	-1.394296e-06	1.286165e-07	6.034419e-07	2881
865762	-1.412984e-06	1.286330e-07	5.992779e-07	21084
858689	-9.930751e-07	1.286380e-07	4.665356e-07	322
1116082	-1.243055e-06	1.286410e-07	5.692472e-07	3393
471881	-1.394379e-06	1.286536e-07	6.032420e-07	2881
850433	-9.931385e-07	1.286644e-07	4.663932e-07	322
857506	-1.413066e-06	1.286705e-07	5.990752e-07	21084
1107826	-1.243133e-06	1.286741e-07	5.690689e-07	3393
463625	-1.394462e-06	1.286907e-07	6.030421e-07	2881
842177	-9.932020e-07	1.286908e-07	4.662508e-07	322
1099570	-1.243211e-06	1.287071e-07	5.688907e-07	3393
849250	-1.413149e-06	1.287081e-07	5.988726e-07	21084
833921	-9.932654e-07	1.287172e-07	4.661084e-07	322
455369	-1.394545e-06	1.287277e-07	6.028421e-07	2881
1091314	-1.243289e-06	1.287402e-07	5.687124e-07	3393
825665	-9.933289e-07	1.287436e-07	4.659660e-07	322
840994	-1.413231e-06	1.287457e-07	5.986700e-07	21084
447113	-1.394628e-06	1.287648e-07	6.026422e-07	2881
817409	-9.933922e-07	1.287700e-07	4.658236e-07	322
1083058	-1.243367e-06	1.287732e-07	5.685341e-07	3393
832738	-1.413313e-06	1.287833e-07	5.984674e-07	21084
809153	-9.934556e-07	1.287964e-07	4.656811e-07	322
438857	-1.394711e-06	1.288019e-07	6.024422e-07	2881
1074802	-1.243445e-06	1.288063e-07	5.683559e-07	3393
824482	-1.413396e-06	1.288208e-07	5.982647e-07	21084
800897	-9.935189e-07	1.288228e-07	4.655387e-07	322
430601	-1.394794e-06	1.288390e-07	6.022422e-07	2881
1066546	-1.243523e-06	1.288393e-07	5.681776e-07	3393
792641	-9.935823e-07	1.288492e-07	4.653962e-07	322
816226	-1.413478e-06	1.288584e-07	5.980621e-07	21084
1058290	-1.243602e-06	1.288724e-07	5.679993e-07	3393
784385	-9.936455e-07	1.288756e-07	4.652538e-07	322
422345	-1.394877e-06	1.288761e-07	6.020422e-07	2881
807970	-1.413560e-06	1.288960e-07	5.978594e-07	21084
776129	-9.937088e-07	1.289020e-07	4.651113e-07	322
1050034	-1.243680e-06	1.289054e-07	5.678210e-07	3393
414089	-1.394960e-06	1.289132e-07	6.018422e-07	2881
767873	-9.937720e-07	1.289284e-07	4.649688e-07	322
799714	-1.413643e-06	1.289336e-07	5.976567e-07	21084
1041778	-1.243758e-06	1.289385e-07	5.676426e-07	3393
405833	-1.395043e-06	1.289502e-07	6.016422e-07	2881
759617	-9.938352e-07	1.289549e-07	4.648263e-07	322
791458	-1.413725e-06	1.289712e-07	5.974540e-07	21084
1033522	-1.243835e-06	1.289716e-07	5.674643e-07	3393
751361	-9.938984e-07	1.289813e-07	4.646838e-07	322
397577	-1.395126e-06	1.289873e-07	6.014421e-07	2881
1025266	-1.243913e-06	1.290046e-07	5.672860e-07	3393
743105	-9.939616e-07	1.290077e-07	4.645413e-07	322
783202	-1.413807e-06	1.290088e-07	5.972513e-07	21084
389321	-1.395209e-06	1.290244e-07	6.012421e-07	2881
734849	-9.940248e-07	1.290341e-07	4.643988e-07	322
1017010	-1.243991e-06	1.290377e-07	5.671076e-07	3393
774946	-1.413889e-06	1.290463e-07	5.970486e-07	21084
726593	-9.940879e-07	1.290606e-07	4.642563e-07	322
381065	-1.395291e-06	1.290615e-07	6.010420e-07	2881
1008754	-1.244069e-06	1.290708e-07	5.669292e-07	3393
766690	-1.413971e-06	1.290839e-07	5.968458e-07	21084
718337	-9.941512e-07	1.290870e-07	4.641137e-07	322
372809	-1.395374e-06	1.290986e-07	6.008420e-07	2881
1000498	-1.244147e-06	1.291038e-07	5.667508e-07	3393
710081	-9.942142e-07	1.291134e-07	4.639712e-07	322
758434	-1.414054e-06	1.291215e-07	5.966431e-07	21084
364553	-1.395457e-06	1.291357e-07	6.006419e-07	2881
992242	-1.244225e-06	1.291369e-07	5.665724e-07	3393
701825	-9.942772e-07	1.291398e-07	4.638286e-07	322
750178	-1.414136e-06	1.291591e-07	5.964403e-07	21084
693569	-9.943403e-07	1.291663e-07	4.636861e-07	322
983986	-1.244303e-06	1.291700e-07	5.663940e-07	3393
356297	-1.395539e-06	1.291728e-07	6.004418e-07	2881
685313	-9.944034e-07	1.291927e-07	4.635435e-07	322
741922	-1.414218e-06	1.291967e-07	5.962376e-07	21084
975730	-1.244380e-06	1.292031e-07	5.662156e-07	3393
348041	-1.395622e-06	1.292099e-07	6.002417e-07	2881
677057	-9.944664e-07	1.292191e-07	4.634009e-07	322
733666	-1.414300e-06	1.292343e-07	5.960348e-07	21084
967474	-1.244458e-06	1.292362e-07	5.660372e-07	3393
668801	-9.945294e-07	1.292456e-07	4.632583e-07	322
339785	-1.395705e-06	1.292470e-07	6.000416e-07	2881
959218	-1.244536e-06	1.292692e-07	5.658587e-07	3393
725410	-1.414382e-06	1.292719e-07	5.958320e-07	21084
660545	-9.945924e-07	1.292720e-07	4.631157e-07	322
331529	-1.395787e-06	1.292841e-07	5.998414e-07	2881
652289	-9.946554e-07	1.292984e-07	4.629731e-07	322
950962	-1.244613e-06	1.293023e-07	5.656803e-07	3393
717154	-1.414464e-06	1.293095e-07	5.956292e-07	21084
323273	-1.395870e-06	1.293212e-07	5.996413e-07	2881
644033	-9.947182e-07	1.293249e-07	4.628305e-07	322
942706	-1.244691e-06	1.293354e-07	5.655018e-07	3393
708898	-1.414546e-06	1.293471e-07	5.954263e-07	21084
635777	-9.947812e-07	1.293513e-07	4.626879e-07	322
315017	-1.395952e-06	1.293583e-07	5.994411e-07	2881
934450	-1.244769e-06	1.293685e-07	5.653234e-07	3393
627521	-9.948441e-07	1.293778e-07	4.625452e-07	322
700642	-1.414628e-06	1.293847e-07	5.952235e-07	21084
306761	-1.396035e-06	1.293955e-07	5.992410e-07	2881
926194	-1.244846e-06	1.294016e-07	5.651449e-07	3393
619265	-9.949069e-07	1.294042e-07	4.624026e-07	322
692386	-1.414710e-06	1.294224e-07	5.950207e-07	21084
611009	-9.949698e-07	1.294307e-07	4.622599e-07	322
298505	-1.396117e-06	1.294326e-07	5.990408e-07	2881
917938	-1.244924e-06	1.294347e-07	5.649664e-07	3393
602753	-9.950326e-07	1.294571e-07	4.621172e-07	322
684130	-1.414791e-06	1.294600e-07	5.948178e-07	21084
909682	-1.245001e-06	1.294678e-07	5.647879e-07	3393
290249	-1.396200e-06	1.294697e-07	5.988406e-07	2881
594497	-9.950954e-07	1.294836e-07	4.619746e-07	322
675874	-1.414873e-06	1.294976e-07	5.946150e-07	21084
901426	-1.245079e-06	1.295009e-07	5.646094e-07	3393
281993	-1.396282e-06	1.295068e-07	5.986404e-07	2881
586241	-9.951582e-07	1.295100e-07	4.618319e-07	322
893170	-1.245157e-06	1.295340e-07	5.644308e-07	3393
667618	-1.414955e-06	1.295352e-07	5.944121e-07	21084
577985	-9.952209e-07	1.295365e-07	4.616892e-07	322
273737	-1.396365e-06	1.295439e-07	5.984402e-07	2881
569729	-9.952837e-07	1.295629e-07	4.615465e-07	322
884914	-1.245234e-06	1.295671e-07	5.642523e-07	3393
659362	-1.415037e-06	1.295728e-07	5.942092e-07	21084
265481	-1.396447e-06	1.295811e-07	5.982400e-07	2881
561473	-9.953465e-07	1.295894e-07	4.614038e-07	322
876658	-1.245311e-06	1.296002e-07	5.640737e-07	3393
651106	-1.415119e-06	1.296105e-07	5.940063e-07	21084
553217	-9.954091e-07	1.296159e-07	4.612611e-07	322
257225	-1.396529e-06	1.296182e-07	5.980398e-07	2881
868402	-1.245389e-06	1.296333e-07	5.638952e-07	3393
544961	-9.954719e-07	1.296423e-07	4.611184e-07	322
642850	-1.415200e-06	1.296481e-07	5.938034e-07	21084
248969	-1.396612e-06	1.296553e-07	5.978395e-07	2881
860146	-1.245466e-06	1.296664e-07	5.637166e-07	3393
536705	-9.955345e-07	1.296688e-07	4.609756e-07	322
634594	-1.415282e-06	1.296857e-07	5.936005e-07	21084
240713	-1.396694e-06	1.296925e-07	5.976393e-07	2881
528449	-9.955971e-07	1.296953e-07	4.608329e-07	322
851890	-1.245544e-06	1.296995e-07	5.635380e-07	3393
520193	-9.956598e-07	1.297217e-07	4.606901e-07	322
626338	-1.415364e-06	1.297233e-07	5.933975e-07	21084
232457	-1.396776e-06	1.297296e-07	5.974390e-07	2881
843634	-1.245621e-06	1.297326e-07	5.633594e-07	3393
511937	-9.957223e-07	1.297482e-07	4.605474e-07	322
618082	-1.415445e-06	1.297610e-07	5.931946e-07	21084
835378	-1.245698e-06	1.297658e-07	5.631808e-07	3393
224201	-1.396858e-06	1.297667e-07	5.972387e-07	2881
503681	-9.957849e-07	1.297747e-07	4.604046e-07	322
609826	-1.415527e-06	1.297986e-07	5.929916e-07	21084
827122	-1.245776e-06	1.297989e-07	5.630022e-07	3393
495425	-9.958475e-07	1.298011e-07	4.602618e-07	322
215945	-1.396940e-06	1.298039e-07	5.970384e-07	2881
487169	-9.959100e-07	1.298276e-07	4.601190e-07	322
818866	-1.245853e-06	1.298320e-07	5.628236e-07	3393
601570	-1.415608e-06	1.298362e-07	5.927887e-07	21084
207689	-1.397023e-06	1.298410e-07	5.968381e-07	2881
478913	-9.959725e-07	1.298541e-07	4.599762e-07	322
810610	-1.245930e-06	1.298651e-07	5.626449e-07	3393
593314	-1.415690e-06	1.298739e-07	5.925857e-07	21084
199433	-1.397105e-06	1.298781e-07	5.966378e-07	2881
470657	-9.960349e-07	1.298806e-07	4.598334e-07	322
802354	-1.246007e-06	1.298982e-07	5.624663e-07	3393
462401	-9.960975e-07	1.299070e-07	4.596906e-07	322
585058	-1.415771e-06	1.299115e-07	5.923827e-07	21084
191177	-1.397187e-06	1.299153e-07	5.964375e-07	2881
794098	-1.246084e-06	1.299314e-07	5.622876e-07	3393
454145	-9.961599e-07	1.299335e-07	4.595478e-07	322
576802	-1.415853e-06	1.299492e-07	5.921797e-07	21084
182921	-1.397269e-06	1.299524e-07	5.962372e-07	2881
445889	-9.962223e-07	1.299600e-07	4.594050e-07	322
785842	-1.246162e-06	1.299645e-07	5.621089e-07	3393
437633	-9.962847e-07	1.299865e-07	4.592621e-07	322
568546	-1.415934e-06	1.299868e-07	5.919767e-07	21084
174665	-1.397351e-06	1.299896e-07	5.960368e-07	2881
777586	-1.246239e-06	1.299976e-07	5.619303e-07	3393
429377	-9.963471e-07	1.300130e-07	4.591193e-07	322
560290	-1.416016e-06	1.300244e-07	5.917736e-07	21084
166409	-1.397433e-06	1.300267e-07	5.958364e-07	2881
769330	-1.246316e-06	1.300307e-07	5.617516e-07	3393
421121	-9.964094e-07	1.300395e-07	4.589764e-07	322
1149448	-1.551658e-06	1.300487e-07	6.811364e-07	4161
552034	-1.416097e-06	1.300621e-07	5.915706e-07	21084
761074	-1.246393e-06	1.300639e-07	5.615728e-07	3393
158153	-1.397515e-06	1.300639e-07	5.956360e-07	2881
412865	-9.964718e-07	1.300659e-07	4.588335e-07	322
1141192	-1.551752e-06	1.300899e-07	6.809139e-07	4161
404609	-9.965341e-07	1.300924e-07	4.586906e-07	322
752818	-1.246470e-06	1.300970e-07	5.613941e-07	3393
543778	-1.416178e-06	1.300997e-07	5.913676e-07	21084
149897	-1.397597e-06	1.301010e-07	5.954357e-07	2881
396353	-9.965964e-07	1.301189e-07	4.585478e-07	322
744562	-1.246547e-06	1.301301e-07	5.612154e-07	3393
1132936	-1.551846e-06	1.301312e-07	6.806914e-07	4161
535522	-1.416260e-06	1.301374e-07	5.911645e-07	21084
141641	-1.397679e-06	1.301382e-07	5.952353e-07	2881
388097	-9.966587e-07	1.301454e-07	4.584049e-07	322
736306	-1.246624e-06	1.301633e-07	5.610367e-07	3393
379841	-9.967209e-07	1.301719e-07	4.582620e-07	322
1124680	-1.551940e-06	1.301724e-07	6.804689e-07	4161
527266	-1.416341e-06	1.301751e-07	5.909615e-07	21084
133385	-1.397760e-06	1.301754e-07	5.950349e-07	2881
728050	-1.246701e-06	1.301964e-07	5.608579e-07	3393
371585	-9.967832e-07	1.301984e-07	4.581190e-07	322
125129	-1.397842e-06	1.302125e-07	5.948344e-07	2881
519010	-1.416422e-06	1.302127e-07	5.907584e-07	21084
1116424	-1.552035e-06	1.302137e-07	6.802463e-07	4161
363329	-9.968454e-07	1.302249e-07	4.579761e-07	322
719794	-1.246778e-06	1.302296e-07	5.606792e-07	3393
116873	-1.397924e-06	1.302497e-07	5.946340e-07	2881
510754	-1.416504e-06	1.302504e-07	5.905553e-07	21084
355073	-9.969076e-07	1.302514e-07	4.578332e-07	322
1108168	-1.552129e-06	1.302549e-07	6.800238e-07	4161
711538	-1.246855e-06	1.302627e-07	5.605004e-07	3393
346817	-9.969698e-07	1.302779e-07	4.576902e-07	322
108617	-1.398006e-06	1.302869e-07	5.944336e-07	2881
502498	-1.416585e-06	1.302880e-07	5.903522e-07	21084
703282	-1.246932e-06	1.302959e-07	5.603216e-07	3393
1099912	-1.552223e-06	1.302962e-07	6.798012e-07	4161
338561	-9.970319e-07	1.303044e-07	4.575473e-07	322
100361	-1.398088e-06	1.303240e-07	5.942331e-07	2881
494242	-1.416666e-06	1.303257e-07	5.901490e-07	21084
695026	-1.247009e-06	1.303290e-07	5.601428e-07	3393
330305	-9.970940e-07	1.303309e-07	4.574043e-07	322
1091656	-1.552317e-06	1.303375e-07	6.795787e-07	4161
322049	-9.971561e-07	1.303574e-07	4.572614e-07	322
92105	-1.398169e-06	1.303612e-07	5.940327e-07	2881
686770	-1.247085e-06	1.303622e-07	5.599640e-07	3393
485986	-1.416747e-06	1.303634e-07	5.899459e-07	21084
1083400	-1.552411e-06	1.303788e-07	6.793561e-07	4161
313793	-9.972182e-07	1.303839e-07	4.571184e-07	322
678514	-1.247162e-06	1.303953e-07	5.597852e-07	3393
83849	-1.398251e-06	1.303984e-07	5.938322e-07	2881
477730	-1.416828e-06	1.304010e-07	5.897427e-07	21084
305537	-9.972803e-07	1.304104e-07	4.569754e-07	322
1075144	-1.552505e-06	1.304200e-07	6.791335e-07	4161
670258	-1.247239e-06	1.304285e-07	5.596064e-07	3393
75593	-1.398333e-06	1.304356e-07	5.936317e-07	2881
297281	-9.973423e-07	1.304370e-07	4.568324e-07	322
469474	-1.416909e-06	1.304387e-07	5.895396e-07	21084
1066888	-1.552598e-06	1.304613e-07	6.789109e-07	4161
662002	-1.247316e-06	1.304616e-07	5.594275e-07	3393
289025	-9.974044e-07	1.304635e-07	4.566894e-07	322
67337	-1.398414e-06	1.304727e-07	5.934311e-07	2881
461218	-1.416990e-06	1.304764e-07	5.893364e-07	21084
280769	-9.974664e-07	1.304900e-07	4.565464e-07	322
653746	-1.247392e-06	1.304948e-07	5.592487e-07	3393
1058632	-1.552692e-06	1.305026e-07	6.786883e-07	4161
59081	-1.398496e-06	1.305099e-07	5.932307e-07	2881
452962	-1.417071e-06	1.305141e-07	5.891333e-07	21084
272513	-9.975283e-07	1.305165e-07	4.564034e-07	322
645490	-1.247469e-06	1.305280e-07	5.590699e-07	3393
264257	-9.975903e-07	1.305430e-07	4.562604e-07	322
1050376	-1.552786e-06	1.305439e-07	6.784657e-07	4161
50825	-1.398578e-06	1.305471e-07	5.930301e-07	2881
444706	-1.417152e-06	1.305517e-07	5.889300e-07	21084
637234	-1.247546e-06	1.305611e-07	5.588910e-07	3393
256001	-9.976523e-07	1.305695e-07	4.561173e-07	322
42569	-1.398659e-06	1.305843e-07	5.928296e-07	2881
1042120	-1.552880e-06	1.305851e-07	6.782430e-07	4161
436450	-1.417233e-06	1.305894e-07	5.887268e-07	21084
628978	-1.247623e-06	1.305943e-07	5.587121e-07	3393
247745	-9.977142e-07	1.305961e-07	4.559743e-07	322
34313	-1.398741e-06	1.306215e-07	5.926290e-07	2881
239489	-9.977761e-07	1.306226e-07	4.558312e-07	322
1033864	-1.552974e-06	1.306264e-07	6.780203e-07	4161
428194	-1.417314e-06	1.306271e-07	5.885236e-07	21084
620722	-1.247699e-06	1.306275e-07	5.585332e-07	3393
231233	-9.978379e-07	1.306491e-07	4.556881e-07	322
26057	-1.398822e-06	1.306586e-07	5.924285e-07	2881
612466	-1.247776e-06	1.306606e-07	5.583543e-07	3393
419938	-1.417395e-06	1.306648e-07	5.883204e-07	21084
1025608	-1.553067e-06	1.306677e-07	6.777976e-07	4161
222977	-9.978997e-07	1.306756e-07	4.555451e-07	322
604210	-1.247852e-06	1.306938e-07	5.581754e-07	3393
17801	-1.398904e-06	1.306958e-07	5.922279e-07	2881
214721	-9.979616e-07	1.307022e-07	4.554020e-07	322
411682	-1.417476e-06	1.307025e-07	5.881172e-07	21084
1017352	-1.553161e-06	1.307090e-07	6.775749e-07	4161
595954	-1.247929e-06	1.307270e-07	5.579964e-07	3393
206465	-9.980234e-07	1.307287e-07	4.552589e-07	322
9545	-1.398985e-06	1.307330e-07	5.920273e-07	2881
403426	-1.417557e-06	1.307401e-07	5.879139e-07	21084
1009096	-1.553255e-06	1.307503e-07	6.773523e-07	4161
198209	-9.980852e-07	1.307552e-07	4.551158e-07	322
587698	-1.248005e-06	1.307601e-07	5.578175e-07	3393
1289	-1.399066e-06	1.307702e-07	5.918267e-07	2881
395170	-1.417638e-06	1.307778e-07	5.877107e-07	21084
189953	-9.981470e-07	1.307818e-07	4.549727e-07	322
1000840	-1.553348e-06	1.307916e-07	6.771295e-07	4161
579442	-1.248082e-06	1.307933e-07	5.576385e-07	3393
181697	-9.982087e-07	1.308083e-07	4.548295e-07	322
386914	-1.417718e-06	1.308155e-07	5.875074e-07	21084
571186	-1.248158e-06	1.308265e-07	5.574596e-07	3393
992584	-1.553442e-06	1.308329e-07	6.769068e-07	4161
173441	-9.982705e-07	1.308348e-07	4.546864e-07	322
378658	-1.417799e-06	1.308532e-07	5.873041e-07	21084
562930	-1.248235e-06	1.308597e-07	5.572807e-07	3393
165185	-9.983322e-07	1.308614e-07	4.545433e-07	322
984328	-1.553536e-06	1.308742e-07	6.766841e-07	4161
156929	-9.983938e-07	1.308879e-07	4.544002e-07	322
370402	-1.417880e-06	1.308909e-07	5.871008e-07	21084
554674	-1.248311e-06	1.308929e-07	5.571017e-07	3393
148673	-9.984554e-07	1.309145e-07	4.542570e-07	322
976072	-1.553629e-06	1.309155e-07	6.764613e-07	4161
546418	-1.248388e-06	1.309261e-07	5.569227e-07	3393
362146	-1.417960e-06	1.309286e-07	5.868975e-07	21084
140417	-9.985172e-07	1.309410e-07	4.541138e-07	322
967816	-1.553723e-06	1.309568e-07	6.762385e-07	4161
538162	-1.248464e-06	1.309593e-07	5.567437e-07	3393
353890	-1.418041e-06	1.309663e-07	5.866942e-07	21084
132161	-9.985788e-07	1.309675e-07	4.539706e-07	322
529906	-1.248540e-06	1.309924e-07	5.565647e-07	3393
123905	-9.986404e-07	1.309941e-07	4.538275e-07	322
959560	-1.553816e-06	1.309981e-07	6.760157e-07	4161
345634	-1.418122e-06	1.310040e-07	5.864909e-07	21084
115649	-9.987019e-07	1.310206e-07	4.536843e-07	322
521650	-1.248617e-06	1.310256e-07	5.563856e-07	3393
951304	-1.553909e-06	1.310394e-07	6.757929e-07	4161
337378	-1.418202e-06	1.310417e-07	5.862875e-07	21084
107393	-9.987635e-07	1.310472e-07	4.535411e-07	322
513394	-1.248693e-06	1.310588e-07	5.562066e-07	3393
99137	-9.988250e-07	1.310737e-07	4.533979e-07	322
329122	-1.418283e-06	1.310794e-07	5.860842e-07	21084
943048	-1.554003e-06	1.310807e-07	6.755701e-07	4161
505138	-1.248769e-06	1.310920e-07	5.560275e-07	3393
90881	-9.988865e-07	1.311003e-07	4.532547e-07	322
320866	-1.418363e-06	1.311171e-07	5.858808e-07	21084
934792	-1.554096e-06	1.311220e-07	6.753473e-07	4161
496882	-1.248845e-06	1.311252e-07	5.558485e-07	3393
82625	-9.989481e-07	1.311269e-07	4.531114e-07	322
74369	-9.990096e-07	1.311534e-07	4.529682e-07	322
312610	-1.418444e-06	1.311549e-07	5.856774e-07	21084
488626	-1.248922e-06	1.311584e-07	5.556694e-07	3393
926536	-1.554189e-06	1.311634e-07	6.751245e-07	4161
66113	-9.990709e-07	1.311800e-07	4.528250e-07	322
480370	-1.248998e-06	1.311916e-07	5.554903e-07	3393
304354	-1.418524e-06	1.311926e-07	5.854740e-07	21084
918280	-1.554283e-06	1.312047e-07	6.749016e-07	4161
57857	-9.991323e-07	1.312065e-07	4.526817e-07	322
472114	-1.249074e-06	1.312248e-07	5.553113e-07	3393
296098	-1.418605e-06	1.312303e-07	5.852706e-07	21084
49601	-9.991938e-07	1.312331e-07	4.525384e-07	322
910024	-1.554376e-06	1.312460e-07	6.746787e-07	4161
463858	-1.249150e-06	1.312580e-07	5.551321e-07	3393
41345	-9.992551e-07	1.312597e-07	4.523952e-07	322
287842	-1.418685e-06	1.312680e-07	5.850673e-07	21084
33089	-9.993165e-07	1.312862e-07	4.522519e-07	322
901768	-1.554469e-06	1.312873e-07	6.744559e-07	4161
455602	-1.249226e-06	1.312913e-07	5.549530e-07	3393
279586	-1.418766e-06	1.313057e-07	5.848638e-07	21084
24833	-9.993779e-07	1.313128e-07	4.521086e-07	322
447346	-1.249302e-06	1.313245e-07	5.547739e-07	3393
893512	-1.554562e-06	1.313287e-07	6.742330e-07	4161
16577	-9.994392e-07	1.313394e-07	4.519653e-07	322
271330	-1.418846e-06	1.313435e-07	5.846604e-07	21084
439090	-1.249378e-06	1.313577e-07	5.545948e-07	3393
8321	-9.995005e-07	1.313659e-07	4.518220e-07	322
885256	-1.554656e-06	1.313700e-07	6.740100e-07	4161
263074	-1.418926e-06	1.313812e-07	5.844569e-07	21084
430834	-1.249454e-06	1.313909e-07	5.544156e-07	3393
65	-9.995617e-07	1.313925e-07	4.516787e-07	322
877000	-1.554749e-06	1.314113e-07	6.737872e-07	4161
254818	-1.419007e-06	1.314189e-07	5.842535e-07	21084
422578	-1.249530e-06	1.314241e-07	5.542365e-07	3393
868744	-1.554842e-06	1.314527e-07	6.735642e-07	4161
246562	-1.419087e-06	1.314566e-07	5.840500e-07	21084
414322	-1.249606e-06	1.314573e-07	5.540573e-07	3393
406066	-1.249682e-06	1.314906e-07	5.538781e-07	3393
860488	-1.554935e-06	1.314940e-07	6.733413e-07	4161
238306	-1.419167e-06	1.314944e-07	5.838465e-07	21084
397810	-1.249758e-06	1.315238e-07	5.536990e-07	3393
230050	-1.419247e-06	1.315321e-07	5.836430e-07	21084
852232	-1.555028e-06	1.315353e-07	6.731183e-07	4161
389554	-1.249834e-06	1.315570e-07	5.535198e-07	3393
221794	-1.419328e-06	1.315698e-07	5.834395e-07	21084
843976	-1.555121e-06	1.315767e-07	6.728953e-07	4161
381298	-1.249910e-06	1.315902e-07	5.533406e-07	3393
213538	-1.419408e-06	1.316076e-07	5.832360e-07	21084
835720	-1.555214e-06	1.316180e-07	6.726723e-07	4161
373042	-1.249986e-06	1.316235e-07	5.531613e-07	3393
205282	-1.419488e-06	1.316453e-07	5.830325e-07	21084
364786	-1.250061e-06	1.316567e-07	5.529821e-07	3393
827464	-1.555307e-06	1.316594e-07	6.724493e-07	4161
197026	-1.419568e-06	1.316831e-07	5.828290e-07	21084
356530	-1.250137e-06	1.316899e-07	5.528029e-07	3393
819208	-1.555400e-06	1.317007e-07	6.722263e-07	4161
188770	-1.419648e-06	1.317208e-07	5.826254e-07	21084
348274	-1.250213e-06	1.317232e-07	5.526236e-07	3393
810952	-1.555493e-06	1.317421e-07	6.720033e-07	4161
340018	-1.250289e-06	1.317564e-07	5.524444e-07	3393
180514	-1.419728e-06	1.317585e-07	5.824219e-07	21084
802696	-1.555586e-06	1.317834e-07	6.717802e-07	4161
331762	-1.250364e-06	1.317896e-07	5.522651e-07	3393
172258	-1.419808e-06	1.317963e-07	5.822183e-07	21084
323506	-1.250440e-06	1.318229e-07	5.520858e-07	3393
794440	-1.555678e-06	1.318248e-07	6.715572e-07	4161
164002	-1.419888e-06	1.318340e-07	5.820147e-07	21084
315250	-1.250516e-06	1.318561e-07	5.519065e-07	3393
786184	-1.555771e-06	1.318661e-07	6.713341e-07	4161
155746	-1.419968e-06	1.318718e-07	5.818111e-07	21084
306994	-1.250591e-06	1.318894e-07	5.517272e-07	3393
777928	-1.555864e-06	1.319075e-07	6.711111e-07	4161
147490	-1.420048e-06	1.319095e-07	5.816075e-07	21084
298738	-1.250667e-06	1.319226e-07	5.515479e-07	3393
139234	-1.420128e-06	1.319473e-07	5.814039e-07	21084
769672	-1.555956e-06	1.319489e-07	6.708880e-07	4161
290482	-1.250742e-06	1.319559e-07	5.513685e-07	3393
130978	-1.420207e-06	1.319851e-07	5.812003e-07	21084
282226	-1.250818e-06	1.319891e-07	5.511892e-07	3393
761416	-1.556049e-06	1.319902e-07	6.706649e-07	4161
273970	-1.250893e-06	1.320224e-07	5.510099e-07	3393
122722	-1.420287e-06	1.320228e-07	5.809966e-07	21084
753160	-1.556142e-06	1.320316e-07	6.704418e-07	4161
265714	-1.250969e-06	1.320556e-07	5.508305e-07	3393
114466	-1.420367e-06	1.320606e-07	5.807930e-07	21084
744904	-1.556234e-06	1.320730e-07	6.702186e-07	4161
257458	-1.251044e-06	1.320889e-07	5.506511e-07	3393
106210	-1.420447e-06	1.320984e-07	5.805893e-07	21084
736648	-1.556327e-06	1.321144e-07	6.699955e-07	4161
249202	-1.251120e-06	1.321222e-07	5.504717e-07	3393
97954	-1.420526e-06	1.321361e-07	5.803856e-07	21084
240946	-1.251195e-06	1.321554e-07	5.502923e-07	3393
728392	-1.556420e-06	1.321557e-07	6.697723e-07	4161
89698	-1.420606e-06	1.321739e-07	5.801820e-07	21084
232690	-1.251271e-06	1.321887e-07	5.501129e-07	3393
720136	-1.556512e-06	1.321971e-07	6.695491e-07	4161
81442	-1.420686e-06	1.322117e-07	5.799782e-07	21084
224434	-1.251346e-06	1.322219e-07	5.499335e-07	3393
711880	-1.556605e-06	1.322385e-07	6.693260e-07	4161
73186	-1.420765e-06	1.322494e-07	5.797746e-07	21084
216178	-1.251421e-06	1.322552e-07	5.497541e-07	3393
703624	-1.556697e-06	1.322799e-07	6.691027e-07	4161
64930	-1.420845e-06	1.322872e-07	5.795708e-07	21084
207922	-1.251496e-06	1.322885e-07	5.495746e-07	3393
695368	-1.556789e-06	1.323213e-07	6.688795e-07	4161
199666	-1.251572e-06	1.323218e-07	5.493952e-07	3393
56674	-1.420925e-06	1.323250e-07	5.793671e-07	21084
191410	-1.251647e-06	1.323550e-07	5.492158e-07	3393
687112	-1.556882e-06	1.323627e-07	6.686563e-07	4161
48418	-1.421004e-06	1.323628e-07	5.791633e-07	21084
183154	-1.251722e-06	1.323883e-07	5.490363e-07	3393
40162	-1.421084e-06	1.324006e-07	5.789596e-07	21084
678856	-1.556974e-06	1.324041e-07	6.684331e-07	4161
174898	-1.251797e-06	1.324216e-07	5.488568e-07	3393
31906	-1.421163e-06	1.324383e-07	5.787558e-07	21084
670600	-1.557066e-06	1.324455e-07	6.682098e-07	4161
166642	-1.251873e-06	1.324549e-07	5.486773e-07	3393
23650	-1.421243e-06	1.324761e-07	5.785520e-07	21084
662344	-1.557159e-06	1.324868e-07	6.679866e-07	4161
158386	-1.251948e-06	1.324881e-07	5.484978e-07	3393
15394	-1.421322e-06	1.325139e-07	5.783482e-07	21084
150130	-1.252023e-06	1.325214e-07	5.483183e-07	3393
654088	-1.557251e-06	1.325282e-07	6.677633e-07	4161
7138	-1.421401e-06	1.325517e-07	5.781445e-07	21084
141874	-1.252098e-06	1.325547e-07	5.481388e-07	3393
645832	-1.557343e-06	1.325697e-07	6.675400e-07	4161
133618	-1.252173e-06	1.325880e-07	5.479592e-07	3393
637576	-1.557435e-06	1.326111e-07	6.673167e-07	4161
125362	-1.252248e-06	1.326213e-07	5.477797e-07	3393
629320	-1.557527e-06	1.326525e-07	6.670934e-07	4161
117106	-1.252323e-06	1.326546e-07	5.476001e-07	3393
108850	-1.252398e-06	1.326879e-07	5.474205e-07	3393
621064	-1.557619e-06	1.326939e-07	6.668701e-07	4161
100594	-1.252473e-06	1.327212e-07	5.472410e-07	3393
612808	-1.557712e-06	1.327353e-07	6.666467e-07	4161
92338	-1.252548e-06	1.327545e-07	5.470614e-07	3393
604552	-1.557804e-06	1.327767e-07	6.664233e-07	4161
84082	-1.252623e-06	1.327878e-07	5.468818e-07	3393
596296	-1.557896e-06	1.328181e-07	6.662000e-07	4161
75826	-1.252698e-06	1.328211e-07	5.467022e-07	3393
67570	-1.252772e-06	1.328544e-07	5.465226e-07	3393
588040	-1.557988e-06	1.328595e-07	6.659766e-07	4161
59314	-1.252847e-06	1.328877e-07	5.463430e-07	3393
579784	-1.558080e-06	1.329010e-07	6.657532e-07	4161
51058	-1.252922e-06	1.329210e-07	5.461633e-07	3393
571528	-1.558171e-06	1.329424e-07	6.655297e-07	4161
42802	-1.252997e-06	1.329543e-07	5.459837e-07	3393
563272	-1.558263e-06	1.329838e-07	6.653063e-07	4161
34546	-1.253072e-06	1.329876e-07	5.458040e-07	3393
26290	-1.253146e-06	1.330209e-07	5.456243e-07	3393
555016	-1.558355e-06	1.330252e-07	6.650829e-07	4161
18034	-1.253221e-06	1.330543e-07	5.454446e-07	3393
546760	-1.558447e-06	1.330667e-07	6.648594e-07	4161
9778	-1.253296e-06	1.330876e-07	5.452649e-07	3393
538504	-1.558539e-06	1.331081e-07	6.646360e-07	4161
1522	-1.253370e-06	1.331209e-07	5.450852e-07	3393
530248	-1.558631e-06	1.331495e-07	6.644125e-07	4161
521992	-1.558722e-06	1.331910e-07	6.641890e-07	4161
513736	-1.558814e-06	1.332324e-07	6.639655e-07	4161
505480	-1.558906e-06	1.332739e-07	6.637420e-07	4161
497224	-1.558997e-06	1.333153e-07	6.635185e-07	4161
488968	-1.559089e-06	1.333568e-07	6.632949e-07	4161
480712	-1.559180e-06	1.333982e-07	6.630714e-07	4161
472456	-1.559272e-06	1.334397e-07	6.628478e-07	4161
464200	-1.559363e-06	1.334811e-07	6.626242e-07	4161
455944	-1.559455e-06	1.335226e-07	6.624006e-07	4161
447688	-1.559546e-06	1.335641e-07	6.621771e-07	4161
439432	-1.559637e-06	1.336055e-07	6.619534e-07	4161
431176	-1.559729e-06	1.336470e-07	6.617298e-07	4161
422920	-1.559820e-06	1.336884e-07	6.615061e-07	4161
414664	-1.559911e-06	1.337299e-07	6.612825e-07	4161
406408	-1.560003e-06	1.337714e-07	6.610588e-07	4161
398152	-1.560094e-06	1.338129e-07	6.608351e-07	4161
389896	-1.560185e-06	1.338544e-07	6.606114e-07	4161
381640	-1.560276e-06	1.338958e-07	6.603877e-07	4161
373384	-1.560367e-06	1.339373e-07	6.601640e-07	4161
365128	-1.560458e-06	1.339788e-07	6.599403e-07	4161
356872	-1.560549e-06	1.340203e-07	6.597165e-07	4161
348616	-1.560640e-06	1.340618e-07	6.594927e-07	4161
340360	-1.560731e-06	1.341033e-07	6.592689e-07	4161
332104	-1.560822e-06	1.341448e-07	6.590452e-07	4161
323848	-1.560913e-06	1.341863e-07	6.588214e-07	4161
315592	-1.561004e-06	1.342278e-07	6.585975e-07	4161
307336	-1.561095e-06	1.342693e-07	6.583737e-07	4161
299080	-1.561186e-06	1.343108e-07	6.581499e-07	4161
290824	-1.561277e-06	1.343523e-07	6.579260e-07	4161
282568	-1.561367e-06	1.343938e-07	6.577021e-07	4161
274312	-1.561458e-06	1.344353e-07	6.574783e-07	4161
266056	-1.561549e-06	1.344768e-07	6.572544e-07	4161
257800	-1.561639e-06	1.345183e-07	6.570305e-07	4161
249544	-1.561730e-06	1.345599e-07	6.568065e-07	4161
241288	-1.561821e-06	1.346014e-07	6.565826e-07	4161
233032	-1.561911e-06	1.346429e-07	6.563587e-07	4161
224776	-1.562002e-06	1.346844e-07	6.561347e-07	4161
216520	-1.562092e-06	1.347260e-07	6.559108e-07	4161
208264	-1.562183e-06	1.347675e-07	6.556867e-07	4161
200008	-1.562273e-06	1.348090e-07	6.554628e-07	4161
191752	-1.562363e-06	1.348506e-07	6.552388e-07	4161
183496	-1.562454e-06	1.348921e-07	6.550147e-07	4161
175240	-1.562544e-06	1.349337e-07	6.547907e-07	4161
166984	-1.562634e-06	1.349752e-07	6.545666e-07	4161
158728	-1.562725e-06	1.350167e-07	6.543426e-07	4161
150472	-1.562815e-06	1.350583e-07	6.541185e-07	4161
142216	-1.562905e-06	1.350999e-07	6.538944e-07	4161
133960	-1.562995e-06	1.351414e-07	6.536703e-07	4161
125704	-1.563085e-06	1.351830e-07	6.534462e-07	4161
117448	-1.563175e-06	1.352245e-07	6.532221e-07	4161
109192	-1.563265e-06	1.352661e-07	6.529979e-07	4161
100936	-1.563355e-06	1.353076e-07	6.527737e-07	4161
92680	-1.563445e-06	1.353492e-07	6.525496e-07	4161
84424	-1.563535e-06	1.353908e-07	6.523254e-07	4161
76168	-1.563625e-06	1.354324e-07	6.521012e-07	4161
67912	-1.563715e-06	1.354739e-07	6.518770e-07	4161
59656	-1.563805e-06	1.355155e-07	6.516528e-07	4161
51400	-1.563895e-06	1.355571e-07	6.514286e-07	4161
43144	-1.563985e-06	1.355987e-07	6.512043e-07	4161
34888	-1.564074e-06	1.356402e-07	6.509800e-07	4161
26632	-1.564164e-06	1.356818e-07	6.507558e-07	4161
18376	-1.564254e-06	1.357234e-07	6.505315e-07	4161
10120	-1.564343e-06	1.357650e-07	6.503072e-07	4161
1864	-1.564433e-06	1.358066e-07	6.500829e-07	4161
1151023	-1.169976e-06	1.368145e-07	5.496607e-07	8001
1142767	-1.170051e-06	1.368456e-07	5.494929e-07	8001
1134511	-1.170126e-06	1.368767e-07	5.493252e-07	8001
1126255	-1.170201e-06	1.369078e-07	5.491574e-07	8001
1117999	-1.170276e-06	1.369389e-07	5.489896e-07	8001
1109743	-1.170352e-06	1.369700e-07	5.488218e-07	8001
1101487	-1.170427e-06	1.370012e-07	5.486540e-07	8001
1093231	-1.170501e-06	1.370323e-07	5.484862e-07	8001
1084975	-1.170577e-06	1.370634e-07	5.483183e-07	8001
1076719	-1.170651e-06	1.370945e-07	5.481505e-07	8001
1068463	-1.170726e-06	1.371256e-07	5.479827e-07	8001
1060207	-1.170801e-06	1.371567e-07	5.478148e-07	8001
1051951	-1.170876e-06	1.371879e-07	5.476469e-07	8001
1043695	-1.170951e-06	1.372190e-07	5.474790e-07	8001
1035439	-1.171026e-06	1.372501e-07	5.473111e-07	8001
1027183	-1.171101e-06	1.372812e-07	5.471432e-07	8001
1018927	-1.171176e-06	1.373124e-07	5.469753e-07	8001
1010671	-1.171250e-06	1.373435e-07	5.468074e-07	8001
1002415	-1.171325e-06	1.373747e-07	5.466394e-07	8001
994159	-1.171400e-06	1.374058e-07	5.464715e-07	8001
985903	-1.171474e-06	1.374369e-07	5.463035e-07	8001
977647	-1.171549e-06	1.374681e-07	5.461355e-07	8001
969391	-1.171624e-06	1.374992e-07	5.459676e-07	8001
961135	-1.171698e-06	1.375304e-07	5.457995e-07	8001
952879	-1.171773e-06	1.375615e-07	5.456316e-07	8001
944623	-1.171848e-06	1.375927e-07	5.454635e-07	8001
936367	-1.171922e-06	1.376238e-07	5.452955e-07	8001
928111	-1.171997e-06	1.376550e-07	5.451275e-07	8001
919855	-1.172071e-06	1.376861e-07	5.449594e-07	8001
911599	-1.172146e-06	1.377173e-07	5.447914e-07	8001
903343	-1.172220e-06	1.377484e-07	5.446233e-07	8001
895087	-1.172294e-06	1.377796e-07	5.444552e-07	8001
886831	-1.172369e-06	1.378108e-07	5.442871e-07	8001
878575	-1.172443e-06	1.378419e-07	5.441190e-07	8001
870319	-1.172517e-06	1.378731e-07	5.439509e-07	8001
862063	-1.172592e-06	1.379043e-07	5.437828e-07	8001
853807	-1.172666e-06	1.379354e-07	5.436146e-07	8001
845551	-1.172740e-06	1.379666e-07	5.434465e-07	8001
837295	-1.172815e-06	1.379978e-07	5.432784e-07	8001
829039	-1.172889e-06	1.380290e-07	5.431102e-07	8001
820783	-1.172963e-06	1.380601e-07	5.429420e-07	8001
812527	-1.173037e-06	1.380913e-07	5.427738e-07	8001
804271	-1.173111e-06	1.381225e-07	5.426056e-07	8001
796015	-1.173185e-06	1.381537e-07	5.424374e-07	8001
787759	-1.173260e-06	1.381849e-07	5.422692e-07	8001
779503	-1.173334e-06	1.382161e-07	5.421010e-07	8001
771247	-1.173408e-06	1.382473e-07	5.419328e-07	8001
762991	-1.173482e-06	1.382785e-07	5.417645e-07	8001
754735	-1.173556e-06	1.383097e-07	5.415963e-07	8001
746479	-1.173630e-06	1.383409e-07	5.414280e-07	8001
738223	-1.173703e-06	1.383721e-07	5.412597e-07	8001
729967	-1.173777e-06	1.384033e-07	5.410914e-07	8001
721711	-1.173851e-06	1.384345e-07	5.409231e-07	8001
713455	-1.173925e-06	1.384657e-07	5.407548e-07	8001
705199	-1.173999e-06	1.384969e-07	5.405865e-07	8001
696943	-1.174073e-06	1.385281e-07	5.404181e-07	8001
688687	-1.174147e-06	1.385593e-07	5.402498e-07	8001
680431	-1.174220e-06	1.385905e-07	5.400814e-07	8001
672175	-1.174294e-06	1.386217e-07	5.399131e-07	8001
663919	-1.174368e-06	1.386530e-07	5.397447e-07	8001
655663	-1.174442e-06	1.386842e-07	5.395763e-07	8001
647407	-1.174515e-06	1.387154e-07	5.394079e-07	8001
639151	-1.174589e-06	1.387466e-07	5.392395e-07	8001
630895	-1.174662e-06	1.387778e-07	5.390710e-07	8001
622639	-1.174736e-06	1.388091e-07	5.389026e-07	8001
614383	-1.174810e-06	1.388403e-07	5.387342e-07	8001
606127	-1.174883e-06	1.388715e-07	5.385658e-07	8001
597871	-1.174957e-06	1.389028e-07	5.383973e-07	8001
589615	-1.175030e-06	1.389340e-07	5.382288e-07	8001
581359	-1.175104e-06	1.389652e-07	5.380603e-07	8001
573103	-1.175177e-06	1.389965e-07	5.378918e-07	8001
564847	-1.175251e-06	1.390277e-07	5.377233e-07	8001
556591	-1.175324e-06	1.390590e-07	5.375548e-07	8001
548335	-1.175397e-06	1.390902e-07	5.373863e-07	8001
540079	-1.175471e-06	1.391215e-07	5.372178e-07	8001
531823	-1.175544e-06	1.391527e-07	5.370492e-07	8001
523567	-1.175617e-06	1.391840e-07	5.368806e-07	8001
515311	-1.175690e-06	1.392152e-07	5.367121e-07	8001
507055	-1.175764e-06	1.392465e-07	5.365435e-07	8001
498799	-1.175837e-06	1.392777e-07	5.363749e-07	8001
490543	-1.175910e-06	1.393090e-07	5.362063e-07	8001
482287	-1.175983e-06	1.393402e-07	5.360377e-07	8001
474031	-1.176056e-06	1.393715e-07	5.358691e-07	8001
465775	-1.176130e-06	1.394028e-07	5.357005e-07	8001
457519	-1.176203e-06	1.394340e-07	5.355319e-07	8001
1153633	-1.213344e-06	1.394590e-07	5.427428e-07	16195
449263	-1.176276e-06	1.394653e-07	5.353632e-07	8001
1145377	-1.213418e-06	1.394912e-07	5.425688e-07	16195
441007	-1.176349e-06	1.394966e-07	5.351945e-07	8001
1137121	-1.213493e-06	1.395235e-07	5.423948e-07	16195
432751	-1.176422e-06	1.395278e-07	5.350258e-07	8001
1128865	-1.213567e-06	1.395557e-07	5.422208e-07	16195
424495	-1.176495e-06	1.395591e-07	5.348572e-07	8001
1120609	-1.213641e-06	1.395880e-07	5.420468e-07	16195
416239	-1.176568e-06	1.395904e-07	5.346885e-07	8001
1112353	-1.213715e-06	1.396203e-07	5.418728e-07	16195
407983	-1.176641e-06	1.396217e-07	5.345198e-07	8001
1104097	-1.213789e-06	1.396525e-07	5.416988e-07	16195
399727	-1.176714e-06	1.396530e-07	5.343510e-07	8001
391471	-1.176786e-06	1.396842e-07	5.341823e-07	8001
1095841	-1.213863e-06	1.396848e-07	5.415247e-07	16195
383215	-1.176859e-06	1.397155e-07	5.340136e-07	8001
1087585	-1.213937e-06	1.397171e-07	5.413507e-07	16195
374959	-1.176932e-06	1.397468e-07	5.338449e-07	8001
1079329	-1.214010e-06	1.397493e-07	5.411766e-07	16195
366703	-1.177005e-06	1.397781e-07	5.336761e-07	8001
1071073	-1.214084e-06	1.397816e-07	5.410026e-07	16195
358447	-1.177078e-06	1.398094e-07	5.335073e-07	8001
1062817	-1.214158e-06	1.398139e-07	5.408285e-07	16195
350191	-1.177151e-06	1.398407e-07	5.333386e-07	8001
1054561	-1.214232e-06	1.398462e-07	5.406544e-07	16195
341935	-1.177223e-06	1.398720e-07	5.331698e-07	8001
1046305	-1.214306e-06	1.398785e-07	5.404803e-07	16195
333679	-1.177296e-06	1.399033e-07	5.330010e-07	8001
1038049	-1.214379e-06	1.399107e-07	5.403062e-07	16195
325423	-1.177369e-06	1.399346e-07	5.328322e-07	8001
1029793	-1.214453e-06	1.399430e-07	5.401320e-07	16195
317167	-1.177441e-06	1.399659e-07	5.326634e-07	8001
1021537	-1.214527e-06	1.399753e-07	5.399579e-07	16195
308911	-1.177514e-06	1.399972e-07	5.324945e-07	8001
1013281	-1.214601e-06	1.400076e-07	5.397837e-07	16195
300655	-1.177587e-06	1.400285e-07	5.323257e-07	8001
1005025	-1.214674e-06	1.400399e-07	5.396096e-07	16195
292399	-1.177659e-06	1.400598e-07	5.321568e-07	8001
996769	-1.214748e-06	1.400722e-07	5.394355e-07	16195
284143	-1.177732e-06	1.400911e-07	5.319880e-07	8001
988513	-1.214822e-06	1.401045e-07	5.392612e-07	16195
275887	-1.177804e-06	1.401224e-07	5.318191e-07	8001
980257	-1.214895e-06	1.401368e-07	5.390871e-07	16195
267631	-1.177877e-06	1.401537e-07	5.316502e-07	8001
972001	-1.214969e-06	1.401691e-07	5.389129e-07	16195
259375	-1.177949e-06	1.401850e-07	5.314814e-07	8001
963745	-1.215042e-06	1.402014e-07	5.387387e-07	16195
251119	-1.178022e-06	1.402163e-07	5.313124e-07	8001
955489	-1.215116e-06	1.402337e-07	5.385644e-07	16195
242863	-1.178094e-06	1.402477e-07	5.311435e-07	8001
947233	-1.215189e-06	1.402660e-07	5.383902e-07	16195
234607	-1.178167e-06	1.402790e-07	5.309746e-07	8001
938977	-1.215263e-06	1.402983e-07	5.382160e-07	16195
226351	-1.178239e-06	1.403103e-07	5.308057e-07	8001
930721	-1.215336e-06	1.403306e-07	5.380417e-07	16195
218095	-1.178311e-06	1.403416e-07	5.306367e-07	8001
922465	-1.215409e-06	1.403629e-07	5.378675e-07	16195
209839	-1.178384e-06	1.403729e-07	5.304678e-07	8001
914209	-1.215483e-06	1.403952e-07	5.376932e-07	16195
201583	-1.178456e-06	1.404043e-07	5.302988e-07	8001
905953	-1.215556e-06	1.404275e-07	5.375189e-07	16195
193327	-1.178528e-06	1.404356e-07	5.301299e-07	8001
897697	-1.215629e-06	1.404598e-07	5.373446e-07	16195
185071	-1.178601e-06	1.404669e-07	5.299609e-07	8001
889441	-1.215703e-06	1.404922e-07	5.371703e-07	16195
176815	-1.178673e-06	1.404983e-07	5.297919e-07	8001
881185	-1.215776e-06	1.405245e-07	5.369960e-07	16195
168559	-1.178745e-06	1.405296e-07	5.296229e-07	8001
872929	-1.215849e-06	1.405568e-07	5.368217e-07	16195
160303	-1.178817e-06	1.405609e-07	5.294539e-07	8001
864673	-1.215923e-06	1.405891e-07	5.366473e-07	16195
152047	-1.178889e-06	1.405923e-07	5.292848e-07	8001
856417	-1.215996e-06	1.406215e-07	5.364730e-07	16195
143791	-1.178961e-06	1.406236e-07	5.291158e-07	8001
1153565	-1.310943e-06	1.406444e-07	6.040358e-07	15937
848161	-1.216069e-06	1.406538e-07	5.362986e-07	16195
135535	-1.179034e-06	1.406550e-07	5.289467e-07	8001
1145309	-1.311025e-06	1.406792e-07	6.038478e-07	15937
839905	-1.216142e-06	1.406861e-07	5.361243e-07	16195
127279	-1.179106e-06	1.406863e-07	5.287777e-07	8001
1137053	-1.311108e-06	1.407141e-07	6.036598e-07	15937
119023	-1.179178e-06	1.407177e-07	5.286086e-07	8001
831649	-1.216215e-06	1.407185e-07	5.359499e-07	16195
1128797	-1.311191e-06	1.407489e-07	6.034718e-07	15937
110767	-1.179250e-06	1.407490e-07	5.284396e-07	8001
823393	-1.216288e-06	1.407508e-07	5.357755e-07	16195
102511	-1.179322e-06	1.407804e-07	5.282704e-07	8001
815137	-1.216361e-06	1.407831e-07	5.356011e-07	16195
1120541	-1.311274e-06	1.407838e-07	6.032838e-07	15937
94255	-1.179394e-06	1.408117e-07	5.281013e-07	8001
806881	-1.216434e-06	1.408155e-07	5.354267e-07	16195
1112285	-1.311357e-06	1.408187e-07	6.030958e-07	15937
85999	-1.179466e-06	1.408431e-07	5.279322e-07	8001
798625	-1.216507e-06	1.408478e-07	5.352523e-07	16195
1104029	-1.311439e-06	1.408535e-07	6.029078e-07	15937
77743	-1.179538e-06	1.408744e-07	5.277631e-07	8001
790369	-1.216580e-06	1.408801e-07	5.350778e-07	16195
1095773	-1.311522e-06	1.408884e-07	6.027197e-07	15937
69487	-1.179610e-06	1.409058e-07	5.275940e-07	8001
782113	-1.216653e-06	1.409125e-07	5.349034e-07	16195
1087517	-1.311605e-06	1.409232e-07	6.025317e-07	15937
61231	-1.179682e-06	1.409371e-07	5.274248e-07	8001
773857	-1.216726e-06	1.409448e-07	5.347289e-07	16195
1079261	-1.311687e-06	1.409581e-07	6.023436e-07	15937
52975	-1.179753e-06	1.409685e-07	5.272557e-07	8001
765601	-1.216799e-06	1.409772e-07	5.345545e-07	16195
1071005	-1.311770e-06	1.409930e-07	6.021555e-07	15937
44719	-1.179825e-06	1.409999e-07	5.270866e-07	8001
757345	-1.216872e-06	1.410095e-07	5.343800e-07	16195
1062749	-1.311852e-06	1.410279e-07	6.019674e-07	15937
36463	-1.179897e-06	1.410312e-07	5.269174e-07	8001
749089	-1.216945e-06	1.410419e-07	5.342055e-07	16195
28207	-1.179969e-06	1.410626e-07	5.267482e-07	8001
1054493	-1.311935e-06	1.410627e-07	6.017793e-07	15937
740833	-1.217018e-06	1.410742e-07	5.340311e-07	16195
19951	-1.180041e-06	1.410940e-07	5.265790e-07	8001
1046237	-1.312018e-06	1.410976e-07	6.015912e-07	15937
732577	-1.217091e-06	1.411066e-07	5.338566e-07	16195
11695	-1.180112e-06	1.411253e-07	5.264098e-07	8001
1037981	-1.312100e-06	1.411325e-07	6.014031e-07	15937
724321	-1.217163e-06	1.411390e-07	5.336821e-07	16195
3439	-1.180184e-06	1.411567e-07	5.262406e-07	8001
1029725	-1.312182e-06	1.411674e-07	6.012149e-07	15937
716065	-1.217236e-06	1.411713e-07	5.335075e-07	16195
1021469	-1.312265e-06	1.412022e-07	6.010268e-07	15937
707809	-1.217309e-06	1.412037e-07	5.333330e-07	16195
699553	-1.217382e-06	1.412360e-07	5.331584e-07	16195
1013213	-1.312347e-06	1.412371e-07	6.008386e-07	15937
691297	-1.217454e-06	1.412684e-07	5.329839e-07	16195
1004957	-1.312430e-06	1.412720e-07	6.006505e-07	15937
683041	-1.217527e-06	1.413008e-07	5.328093e-07	16195
996701	-1.312512e-06	1.413069e-07	6.004623e-07	15937
674785	-1.217599e-06	1.413331e-07	5.326347e-07	16195
988445	-1.312594e-06	1.413418e-07	6.002741e-07	15937
666529	-1.217672e-06	1.413655e-07	5.324601e-07	16195
980189	-1.312677e-06	1.413767e-07	6.000859e-07	15937
658273	-1.217745e-06	1.413979e-07	5.322855e-07	16195
971933	-1.312759e-06	1.414116e-07	5.998976e-07	15937
650017	-1.217817e-06	1.414303e-07	5.321110e-07	16195
963677	-1.312841e-06	1.414465e-07	5.997094e-07	15937
641761	-1.217890e-06	1.414626e-07	5.319363e-07	16195
955421	-1.312923e-06	1.414814e-07	5.995212e-07	15937
633505	-1.217962e-06	1.414950e-07	5.317617e-07	16195
947165	-1.313006e-06	1.415163e-07	5.993329e-07	15937
625249	-1.218035e-06	1.415274e-07	5.315871e-07	16195
938909	-1.313088e-06	1.415512e-07	5.991446e-07	15937
616993	-1.218107e-06	1.415598e-07	5.314124e-07	16195
930653	-1.313170e-06	1.415861e-07	5.989564e-07	15937
608737	-1.218180e-06	1.415922e-07	5.312377e-07	16195
922397	-1.313252e-06	1.416210e-07	5.987681e-07	15937
600481	-1.218252e-06	1.416246e-07	5.310631e-07	16195
914141	-1.313334e-06	1.416559e-07	5.985798e-07	15937
592225	-1.218324e-06	1.416569e-07	5.308884e-07	16195
583969	-1.218397e-06	1.416893e-07	5.307137e-07	16195
905885	-1.313416e-06	1.416909e-07	5.983915e-07	15937
575713	-1.218469e-06	1.417217e-07	5.305390e-07	16195
897629	-1.313498e-06	1.417258e-07	5.982031e-07	15937
567457	-1.218541e-06	1.417541e-07	5.303643e-07	16195
889373	-1.313580e-06	1.417607e-07	5.980148e-07	15937
559201	-1.218614e-06	1.417865e-07	5.301896e-07	16195
881117	-1.313662e-06	1.417956e-07	5.978264e-07	15937
550945	-1.218686e-06	1.418189e-07	5.300149e-07	16195
872861	-1.313744e-06	1.418305e-07	5.976381e-07	15937
542689	-1.218758e-06	1.418513e-07	5.298401e-07	16195
864605	-1.313826e-06	1.418655e-07	5.974497e-07	15937
534433	-1.218830e-06	1.418837e-07	5.296654e-07	16195
856349	-1.313908e-06	1.419004e-07	5.972614e-07	15937
1153635	-1.044800e-06	1.419049e-07	4.819973e-07	16197
526177	-1.218902e-06	1.419161e-07	5.294906e-07	16195
1145379	-1.044865e-06	1.419327e-07	4.818475e-07	16197
848093	-1.313990e-06	1.419353e-07	5.970729e-07	15937
517921	-1.218974e-06	1.419485e-07	5.293158e-07	16195
1137123	-1.044930e-06	1.419604e-07	4.816977e-07	16197
839837	-1.314071e-06	1.419702e-07	5.968845e-07	15937
509665	-1.219047e-06	1.419809e-07	5.291411e-07	16195
1128867	-1.044995e-06	1.419882e-07	4.815479e-07	16197
831581	-1.314153e-06	1.420052e-07	5.966961e-07	15937
501409	-1.219119e-06	1.420133e-07	5.289663e-07	16195
1120611	-1.045061e-06	1.420160e-07	4.813980e-07	16197
823325	-1.314235e-06	1.420401e-07	5.965077e-07	15937
1112355	-1.045126e-06	1.420438e-07	4.812482e-07	16197
493153	-1.219191e-06	1.420457e-07	5.287914e-07	16195
1104099	-1.045191e-06	1.420716e-07	4.810983e-07	16197
815069	-1.314317e-06	1.420751e-07	5.963192e-07	15937
484897	-1.219263e-06	1.420782e-07	5.286166e-07	16195
1095843	-1.045256e-06	1.420993e-07	4.809485e-07	16197
806813	-1.314398e-06	1.421100e-07	5.961308e-07	15937
476641	-1.219335e-06	1.421106e-07	5.284418e-07	16195
1087587	-1.045321e-06	1.421271e-07	4.807986e-07	16197
468385	-1.219407e-06	1.421430e-07	5.282670e-07	16195
798557	-1.314480e-06	1.421449e-07	5.959423e-07	15937
1079331	-1.045387e-06	1.421549e-07	4.806487e-07	16197
460129	-1.219479e-06	1.421754e-07	5.280921e-07	16195
790301	-1.314562e-06	1.421799e-07	5.957538e-07	15937
1071075	-1.045452e-06	1.421827e-07	4.804988e-07	16197
451873	-1.219551e-06	1.422078e-07	5.279173e-07	16195
1062819	-1.045517e-06	1.422105e-07	4.803489e-07	16197
782045	-1.314643e-06	1.422148e-07	5.955653e-07	15937
1054563	-1.045582e-06	1.422383e-07	4.801990e-07	16197
443617	-1.219623e-06	1.422403e-07	5.277424e-07	16195
773789	-1.314725e-06	1.422498e-07	5.953768e-07	15937
1046307	-1.045647e-06	1.422661e-07	4.800491e-07	16197
435361	-1.219694e-06	1.422727e-07	5.275675e-07	16195
765533	-1.314807e-06	1.422847e-07	5.951883e-07	15937
1038051	-1.045712e-06	1.422939e-07	4.798991e-07	16197
427105	-1.219766e-06	1.423051e-07	5.273926e-07	16195
757277	-1.314888e-06	1.423197e-07	5.949998e-07	15937
1029795	-1.045777e-06	1.423217e-07	4.797492e-07	16197
418849	-1.219838e-06	1.423376e-07	5.272178e-07	16195
1021539	-1.045842e-06	1.423495e-07	4.795993e-07	16197
749021	-1.314970e-06	1.423547e-07	5.948113e-07	15937
410593	-1.219910e-06	1.423700e-07	5.270429e-07	16195
1013283	-1.045907e-06	1.423773e-07	4.794493e-07	16197
740765	-1.315051e-06	1.423896e-07	5.946227e-07	15937
402337	-1.219982e-06	1.424024e-07	5.268679e-07	16195
1005027	-1.045972e-06	1.424051e-07	4.792993e-07	16197
732509	-1.315133e-06	1.424246e-07	5.944341e-07	15937
996771	-1.046037e-06	1.424329e-07	4.791494e-07	16197
394081	-1.220053e-06	1.424349e-07	5.266930e-07	16195
724253	-1.315214e-06	1.424595e-07	5.942456e-07	15937
988515	-1.046102e-06	1.424607e-07	4.789994e-07	16197
385825	-1.220125e-06	1.424673e-07	5.265181e-07	16195
980259	-1.046167e-06	1.424885e-07	4.788494e-07	16197
715997	-1.315295e-06	1.424945e-07	5.940570e-07	15937
377569	-1.220197e-06	1.424997e-07	5.263431e-07	16195
972003	-1.046232e-06	1.425163e-07	4.786994e-07	16197
707741	-1.315377e-06	1.425295e-07	5.938684e-07	15937
369313	-1.220268e-06	1.425322e-07	5.261682e-07	16195
963747	-1.046296e-06	1.425442e-07	4.785494e-07	16197
699485	-1.315458e-06	1.425644e-07	5.936798e-07	15937
361057	-1.220340e-06	1.425646e-07	5.259932e-07	16195
955491	-1.046361e-06	1.425720e-07	4.783993e-07	16197
352801	-1.220412e-06	1.425971e-07	5.258182e-07	16195
691229	-1.315539e-06	1.425994e-07	5.934912e-07	15937
947235	-1.046426e-06	1.425998e-07	4.782493e-07	16197
938979	-1.046491e-06	1.426276e-07	4.780993e-07	16197
344545	-1.220483e-06	1.426295e-07	5.256432e-07	16195
682973	-1.315621e-06	1.426344e-07	5.933026e-07	15937
930723	-1.046555e-06	1.426554e-07	4.779492e-07	16197
336289	-1.220555e-06	1.426619e-07	5.254682e-07	16195
674717	-1.315702e-06	1.426694e-07	5.931139e-07	15937
922467	-1.046620e-06	1.426832e-07	4.777992e-07	16197
328033	-1.220626e-06	1.426944e-07	5.252932e-07	16195
666461	-1.315783e-06	1.427043e-07	5.929252e-07	15937
914211	-1.046685e-06	1.427111e-07	4.776491e-07	16197
319777	-1.220698e-06	1.427269e-07	5.251182e-07	16195
905955	-1.046750e-06	1.427389e-07	4.774990e-07	16197
658205	-1.315864e-06	1.427393e-07	5.927366e-07	15937
311521	-1.220769e-06	1.427593e-07	5.249432e-07	16195
897699	-1.046814e-06	1.427667e-07	4.773489e-07	16197
649949	-1.315946e-06	1.427743e-07	5.925479e-07	15937
303265	-1.220841e-06	1.427918e-07	5.247681e-07	16195
889443	-1.046879e-06	1.427945e-07	4.771989e-07	16197
641693	-1.316027e-06	1.428093e-07	5.923592e-07	15937
881187	-1.046943e-06	1.428224e-07	4.770487e-07	16197
295009	-1.220912e-06	1.428242e-07	5.245931e-07	16195
633437	-1.316108e-06	1.428443e-07	5.921705e-07	15937
872931	-1.047008e-06	1.428502e-07	4.768986e-07	16197
286753	-1.220984e-06	1.428567e-07	5.244180e-07	16195
864675	-1.047073e-06	1.428781e-07	4.767485e-07	16197
625181	-1.316189e-06	1.428793e-07	5.919818e-07	15937
278497	-1.221055e-06	1.428891e-07	5.242429e-07	16195
856419	-1.047137e-06	1.429059e-07	4.765984e-07	16197
616925	-1.316270e-06	1.429142e-07	5.917931e-07	15937
270241	-1.221126e-06	1.429216e-07	5.240678e-07	16195
848163	-1.047202e-06	1.429337e-07	4.764482e-07	16197
608669	-1.316351e-06	1.429492e-07	5.916044e-07	15937
261985	-1.221198e-06	1.429541e-07	5.238928e-07	16195
839907	-1.047266e-06	1.429616e-07	4.762981e-07	16197
600413	-1.316432e-06	1.429842e-07	5.914156e-07	15937
253729	-1.221269e-06	1.429866e-07	5.237176e-07	16195
831651	-1.047331e-06	1.429894e-07	4.761479e-07	16197
823395	-1.047395e-06	1.430172e-07	4.759977e-07	16197
245473	-1.221340e-06	1.430190e-07	5.235426e-07	16195
592157	-1.316513e-06	1.430192e-07	5.912269e-07	15937
815139	-1.047460e-06	1.430451e-07	4.758475e-07	16197
237217	-1.221411e-06	1.430515e-07	5.233674e-07	16195
583901	-1.316594e-06	1.430542e-07	5.910381e-07	15937
806883	-1.047524e-06	1.430729e-07	4.756974e-07	16197
228961	-1.221483e-06	1.430840e-07	5.231923e-07	16195
575645	-1.316675e-06	1.430892e-07	5.908493e-07	15937
798627	-1.047588e-06	1.431008e-07	4.755472e-07	16197
220705	-1.221554e-06	1.431164e-07	5.230171e-07	16195
567389	-1.316756e-06	1.431242e-07	5.906605e-07	15937
790371	-1.047653e-06	1.431286e-07	4.753970e-07	16197
212449	-1.221625e-06	1.431489e-07	5.228420e-07	16195
782115	-1.047717e-06	1.431565e-07	4.752467e-07	16197
559133	-1.316837e-06	1.431592e-07	5.904717e-07	15937
204193	-1.221696e-06	1.431814e-07	5.226668e-07	16195
773859	-1.047781e-06	1.431843e-07	4.750965e-07	16197
550877	-1.316918e-06	1.431943e-07	5.902829e-07	15937
765603	-1.047846e-06	1.432122e-07	4.749463e-07	16197
195937	-1.221767e-06	1.432139e-07	5.224916e-07	16195
542621	-1.316998e-06	1.432293e-07	5.900940e-07	15937
757347	-1.047910e-06	1.432400e-07	4.747961e-07	16197
187681	-1.221838e-06	1.432464e-07	5.223165e-07	16195
534365	-1.317079e-06	1.432643e-07	5.899052e-07	15937
749091	-1.047974e-06	1.432679e-07	4.746458e-07	16197
179425	-1.221910e-06	1.432788e-07	5.221412e-07	16195
740835	-1.048038e-06	1.432958e-07	4.744955e-07	16197
526109	-1.317160e-06	1.432993e-07	5.897164e-07	15937
171169	-1.221981e-06	1.433113e-07	5.219661e-07	16195
732579	-1.048103e-06	1.433236e-07	4.743453e-07	16197
517853	-1.317241e-06	1.433343e-07	5.895275e-07	15937
162913	-1.222052e-06	1.433438e-07	5.217909e-07	16195
724323	-1.048167e-06	1.433515e-07	4.741950e-07	16197
509597	-1.317321e-06	1.433693e-07	5.893386e-07	15937
154657	-1.222123e-06	1.433763e-07	5.216156e-07	16195
716067	-1.048231e-06	1.433794e-07	4.740447e-07	16197
501341	-1.317402e-06	1.434043e-07	5.891497e-07	15937
707811	-1.048295e-06	1.434072e-07	4.738944e-07	16197
146401	-1.222194e-06	1.434088e-07	5.214404e-07	16195
699555	-1.048359e-06	1.434351e-07	4.737441e-07	16197
493085	-1.317483e-06	1.434394e-07	5.889609e-07	15937
138145	-1.222264e-06	1.434413e-07	5.212652e-07	16195
691299	-1.048423e-06	1.434630e-07	4.735938e-07	16197
129889	-1.222335e-06	1.434738e-07	5.210899e-07	16195
484829	-1.317563e-06	1.434744e-07	5.887719e-07	15937
683043	-1.048488e-06	1.434908e-07	4.734434e-07	16197
121633	-1.222406e-06	1.435063e-07	5.209146e-07	16195
476573	-1.317644e-06	1.435094e-07	5.885830e-07	15937
674787	-1.048552e-06	1.435187e-07	4.732931e-07	16197
113377	-1.222477e-06	1.435388e-07	5.207394e-07	16195
468317	-1.317724e-06	1.435445e-07	5.883941e-07	15937
666531	-1.048616e-06	1.435466e-07	4.731427e-07	16197
105121	-1.222548e-06	1.435713e-07	5.205641e-07	16195
658275	-1.048680e-06	1.435745e-07	4.729924e-07	16197
460061	-1.317805e-06	1.435795e-07	5.882051e-07	15937
650019	-1.048744e-06	1.436023e-07	4.728420e-07	16197
96865	-1.222619e-06	1.436038e-07	5.203888e-07	16195
451805	-1.317886e-06	1.436145e-07	5.880162e-07	15937
641763	-1.048808e-06	1.436302e-07	4.726917e-07	16197
88609	-1.222690e-06	1.436363e-07	5.202135e-07	16195
443549	-1.317966e-06	1.436496e-07	5.878272e-07	15937
633507	-1.048871e-06	1.436581e-07	4.725413e-07	16197
80353	-1.222760e-06	1.436688e-07	5.200382e-07	16195
435293	-1.318046e-06	1.436846e-07	5.876382e-07	15937
625251	-1.048935e-06	1.436860e-07	4.723909e-07	16197
72097	-1.222831e-06	1.437013e-07	5.198629e-07	16195
616995	-1.048999e-06	1.437139e-07	4.722405e-07	16197
427037	-1.318127e-06	1.437196e-07	5.874493e-07	15937
63841	-1.222902e-06	1.437338e-07	5.196875e-07	16195
608739	-1.049063e-06	1.437418e-07	4.720901e-07	16197
418781	-1.318207e-06	1.437547e-07	5.872603e-07	15937
55585	-1.222973e-06	1.437663e-07	5.195121e-07	16195
600483	-1.049127e-06	1.437697e-07	4.719396e-07	16197
410525	-1.318288e-06	1.437897e-07	5.870712e-07	15937
592227	-1.049191e-06	1.437975e-07	4.717892e-07	16197
47329	-1.223043e-06	1.437989e-07	5.193368e-07	16195
402269	-1.318368e-06	1.438248e-07	5.868822e-07	15937
583971	-1.049255e-06	1.438254e-07	4.716388e-07	16197
39073	-1.223114e-06	1.438314e-07	5.191614e-07	16195
575715	-1.049318e-06	1.438533e-07	4.714883e-07	16197
394013	-1.318448e-06	1.438598e-07	5.866932e-07	15937
30817	-1.223184e-06	1.438639e-07	5.189860e-07	16195
567459	-1.049382e-06	1.438812e-07	4.713379e-07	16197
385757	-1.318529e-06	1.438949e-07	5.865041e-07	15937
22561	-1.223255e-06	1.438964e-07	5.188107e-07	16195
559203	-1.049446e-06	1.439091e-07	4.711874e-07	16197
14305	-1.223326e-06	1.439289e-07	5.186353e-07	16195
377501	-1.318609e-06	1.439299e-07	5.863151e-07	15937
550947	-1.049510e-06	1.439370e-07	4.710369e-07	16197
6049	-1.223396e-06	1.439615e-07	5.184598e-07	16195
542691	-1.049573e-06	1.439649e-07	4.708865e-07	16197
369245	-1.318689e-06	1.439650e-07	5.861260e-07	15937
534435	-1.049637e-06	1.439928e-07	4.707360e-07	16197
360989	-1.318769e-06	1.440000e-07	5.859369e-07	15937
526179	-1.049701e-06	1.440207e-07	4.705855e-07	16197
352733	-1.318849e-06	1.440351e-07	5.857478e-07	15937
517923	-1.049764e-06	1.440486e-07	4.704350e-07	16197
344477	-1.318930e-06	1.440702e-07	5.855587e-07	15937
509667	-1.049828e-06	1.440766e-07	4.702844e-07	16197
501411	-1.049892e-06	1.441045e-07	4.701339e-07	16197
336221	-1.319010e-06	1.441052e-07	5.853696e-07	15937
493155	-1.049955e-06	1.441324e-07	4.699834e-07	16197
327965	-1.319090e-06	1.441403e-07	5.851805e-07	15937
484899	-1.050019e-06	1.441603e-07	4.698328e-07	16197
319709	-1.319170e-06	1.441754e-07	5.849913e-07	15937
476643	-1.050082e-06	1.441882e-07	4.696823e-07	16197
311453	-1.319250e-06	1.442104e-07	5.848022e-07	15937
468387	-1.050146e-06	1.442161e-07	4.695317e-07	16197
460131	-1.050209e-06	1.442440e-07	4.693811e-07	16197
303197	-1.319330e-06	1.442455e-07	5.846130e-07	15937
451875	-1.050273e-06	1.442720e-07	4.692305e-07	16197
294941	-1.319410e-06	1.442806e-07	5.844238e-07	15937
443619	-1.050336e-06	1.442999e-07	4.690800e-07	16197
286685	-1.319490e-06	1.443157e-07	5.842347e-07	15937
435363	-1.050400e-06	1.443278e-07	4.689294e-07	16197
278429	-1.319570e-06	1.443508e-07	5.840455e-07	15937
427107	-1.050463e-06	1.443557e-07	4.687788e-07	16197
418851	-1.050526e-06	1.443837e-07	4.686281e-07	16197
270173	-1.319650e-06	1.443858e-07	5.838563e-07	15937
410595	-1.050590e-06	1.444116e-07	4.684775e-07	16197
261917	-1.319729e-06	1.444209e-07	5.836670e-07	15937
402339	-1.050653e-06	1.444395e-07	4.683269e-07	16197
253661	-1.319809e-06	1.444560e-07	5.834778e-07	15937
394083	-1.050716e-06	1.444674e-07	4.681762e-07	16197
245405	-1.319889e-06	1.444911e-07	5.832886e-07	15937
385827	-1.050779e-06	1.444954e-07	4.680256e-07	16197
377571	-1.050843e-06	1.445233e-07	4.678749e-07	16197
237149	-1.319969e-06	1.445262e-07	5.830993e-07	15937
369315	-1.050906e-06	1.445513e-07	4.677242e-07	16197
228893	-1.320049e-06	1.445613e-07	5.829100e-07	15937
361059	-1.050969e-06	1.445792e-07	4.675736e-07	16197
220637	-1.320128e-06	1.445964e-07	5.827208e-07	15937
352803	-1.051032e-06	1.446071e-07	4.674229e-07	16197
212381	-1.320208e-06	1.446315e-07	5.825315e-07	15937
344547	-1.051096e-06	1.446351e-07	4.672721e-07	16197
336291	-1.051159e-06	1.446630e-07	4.671215e-07	16197
204125	-1.320288e-06	1.446666e-07	5.823422e-07	15937
328035	-1.051222e-06	1.446910e-07	4.669707e-07	16197
195869	-1.320367e-06	1.447017e-07	5.821529e-07	15937
319779	-1.051285e-06	1.447189e-07	4.668200e-07	16197
187613	-1.320447e-06	1.447368e-07	5.819635e-07	15937
311523	-1.051348e-06	1.447469e-07	4.666693e-07	16197
179357	-1.320527e-06	1.447719e-07	5.817742e-07	15937
303267	-1.051411e-06	1.447748e-07	4.665185e-07	16197
295011	-1.051474e-06	1.448028e-07	4.663678e-07	16197
171101	-1.320606e-06	1.448070e-07	5.815849e-07	15937
286755	-1.051537e-06	1.448307e-07	4.662170e-07	16197
162845	-1.320686e-06	1.448421e-07	5.813955e-07	15937
278499	-1.051600e-06	1.448587e-07	4.660662e-07	16197
154589	-1.320765e-06	1.448772e-07	5.812062e-07	15937
270243	-1.051663e-06	1.448866e-07	4.659154e-07	16197
146333	-1.320845e-06	1.449123e-07	5.810168e-07	15937
261987	-1.051726e-06	1.449146e-07	4.657647e-07	16197
253731	-1.051789e-06	1.449425e-07	4.656139e-07	16197
138077	-1.320924e-06	1.449474e-07	5.808274e-07	15937
245475	-1.051852e-06	1.449705e-07	4.654630e-07	16197
129821	-1.321003e-06	1.449825e-07	5.806380e-07	15937
237219	-1.051915e-06	1.449985e-07	4.653122e-07	16197
121565	-1.321083e-06	1.450177e-07	5.804486e-07	15937
228963	-1.051978e-06	1.450264e-07	4.651614e-07	16197
113309	-1.321162e-06	1.450528e-07	5.802592e-07	15937
220707	-1.052040e-06	1.450544e-07	4.650105e-07	16197
212451	-1.052103e-06	1.450824e-07	4.648597e-07	16197
105053	-1.321241e-06	1.450879e-07	5.800697e-07	15937
204195	-1.052166e-06	1.451103e-07	4.647088e-07	16197
96797	-1.321321e-06	1.451230e-07	5.798802e-07	15937
195939	-1.052229e-06	1.451383e-07	4.645580e-07	16197
88541	-1.321400e-06	1.451582e-07	5.796908e-07	15937
187683	-1.052291e-06	1.451663e-07	4.644071e-07	16197
80285	-1.321479e-06	1.451933e-07	5.795013e-07	15937
179427	-1.052354e-06	1.451943e-07	4.642562e-07	16197
171171	-1.052417e-06	1.452223e-07	4.641053e-07	16197
72029	-1.321559e-06	1.452284e-07	5.793119e-07	15937
162915	-1.052479e-06	1.452502e-07	4.639544e-07	16197
63773	-1.321638e-06	1.452636e-07	5.791223e-07	15937
154659	-1.052542e-06	1.452782e-07	4.638035e-07	16197
55517	-1.321717e-06	1.452987e-07	5.789328e-07	15937
146403	-1.052605e-06	1.453062e-07	4.636526e-07	16197
47261	-1.321796e-06	1.453338e-07	5.787433e-07	15937
138147	-1.052667e-06	1.453342e-07	4.635017e-07	16197
129891	-1.052730e-06	1.453622e-07	4.633508e-07	16197
39005	-1.321875e-06	1.453690e-07	5.785538e-07	15937
121635	-1.052793e-06	1.453902e-07	4.631998e-07	16197
30749	-1.321954e-06	1.454041e-07	5.783643e-07	15937
113379	-1.052855e-06	1.454181e-07	4.630488e-07	16197
22493	-1.322033e-06	1.454393e-07	5.781747e-07	15937
105123	-1.052918e-06	1.454461e-07	4.628979e-07	16197
96867	-1.052980e-06	1.454741e-07	4.627469e-07	16197
14237	-1.322112e-06	1.454744e-07	5.779851e-07	15937
88611	-1.053043e-06	1.455021e-07	4.625959e-07	16197
5981	-1.322191e-06	1.455096e-07	5.777956e-07	15937
80355	-1.053105e-06	1.455301e-07	4.624450e-07	16197
72099	-1.053167e-06	1.455581e-07	4.622940e-07	16197
63843	-1.053230e-06	1.455861e-07	4.621430e-07	16197
55587	-1.053292e-06	1.456141e-07	4.619919e-07	16197
47331	-1.053354e-06	1.456421e-07	4.618409e-07	16197
39075	-1.053417e-06	1.456701e-07	4.616899e-07	16197
30819	-1.053479e-06	1.456981e-07	4.615388e-07	16197
22563	-1.053541e-06	1.457261e-07	4.613878e-07	16197
14307	-1.053604e-06	1.457541e-07	4.612367e-07	16197
6051	-1.053666e-06	1.457822e-07	4.610856e-07	16197
1154814	-9.775953e-07	1.496572e-07	4.641925e-07	21597
1146558	-9.776579e-07	1.496832e-07	4.640523e-07	21597
1138302	-9.777204e-07	1.497092e-07	4.639121e-07	21597
1130046	-9.777830e-07	1.497352e-07	4.637719e-07	21597
1121790	-9.778455e-07	1.497612e-07	4.636317e-07	21597
1113534	-9.779079e-07	1.497872e-07	4.634915e-07	21597
1105278	-9.779704e-07	1.498132e-07	4.633513e-07	21597
1097022	-9.780329e-07	1.498392e-07	4.632111e-07	21597
1088766	-9.780953e-07	1.498652e-07	4.630708e-07	21597
1080510	-9.781577e-07	1.498912e-07	4.629306e-07	21597
1072254	-9.782201e-07	1.499172e-07	4.627903e-07	21597
1063998	-9.782824e-07	1.499432e-07	4.626501e-07	21597
1055742	-9.783447e-07	1.499692e-07	4.625098e-07	21597
1047486	-9.784071e-07	1.499952e-07	4.623695e-07	21597
1039230	-9.784694e-07	1.500212e-07	4.622293e-07	21597
1030974	-9.785316e-07	1.500472e-07	4.620889e-07	21597
1022718	-9.785939e-07	1.500732e-07	4.619486e-07	21597
1014462	-9.786561e-07	1.500992e-07	4.618083e-07	21597
1006206	-9.787184e-07	1.501253e-07	4.616680e-07	21597
997950	-9.787806e-07	1.501513e-07	4.615277e-07	21597
989694	-9.788428e-07	1.501773e-07	4.613873e-07	21597
981438	-9.789048e-07	1.502033e-07	4.612470e-07	21597
973182	-9.789670e-07	1.502293e-07	4.611066e-07	21597
964926	-9.790291e-07	1.502554e-07	4.609663e-07	21597
956670	-9.790912e-07	1.502814e-07	4.608259e-07	21597
948414	-9.791532e-07	1.503074e-07	4.606855e-07	21597
940158	-9.792153e-07	1.503334e-07	4.605451e-07	21597
931902	-9.792773e-07	1.503595e-07	4.604047e-07	21597
923646	-9.793393e-07	1.503855e-07	4.602643e-07	21597
915390	-9.794013e-07	1.504116e-07	4.601239e-07	21597
907134	-9.794633e-07	1.504376e-07	4.599835e-07	21597
898878	-9.795252e-07	1.504636e-07	4.598430e-07	21597
890622	-9.795872e-07	1.504897e-07	4.597026e-07	21597
882366	-9.796490e-07	1.505157e-07	4.595621e-07	21597
874110	-9.797109e-07	1.505417e-07	4.594216e-07	21597
865854	-9.797727e-07	1.505678e-07	4.592812e-07	21597
857598	-9.798346e-07	1.505938e-07	4.591407e-07	21597
849342	-9.798964e-07	1.506199e-07	4.590002e-07	21597
841086	-9.799583e-07	1.506459e-07	4.588597e-07	21597
832830	-9.800200e-07	1.506720e-07	4.587192e-07	21597
824574	-9.800817e-07	1.506980e-07	4.585787e-07	21597
816318	-9.801435e-07	1.507241e-07	4.584381e-07	21597
808062	-9.802052e-07	1.507501e-07	4.582976e-07	21597
799806	-9.802669e-07	1.507762e-07	4.581571e-07	21597
791550	-9.803285e-07	1.508023e-07	4.580165e-07	21597
783294	-9.803903e-07	1.508283e-07	4.578760e-07	21597
775038	-9.804519e-07	1.508544e-07	4.577354e-07	21597
766782	-9.805135e-07	1.508804e-07	4.575948e-07	21597
758526	-9.805750e-07	1.509065e-07	4.574542e-07	21597
750270	-9.806366e-07	1.509326e-07	4.573136e-07	21597
742014	-9.806981e-07	1.509586e-07	4.571730e-07	21597
733758	-9.807596e-07	1.509847e-07	4.570324e-07	21597
725502	-9.808211e-07	1.510108e-07	4.568918e-07	21597
717246	-9.808826e-07	1.510369e-07	4.567511e-07	21597
708990	-9.809442e-07	1.510629e-07	4.566105e-07	21597
700734	-9.810055e-07	1.510890e-07	4.564698e-07	21597
692478	-9.810670e-07	1.511151e-07	4.563292e-07	21597
684222	-9.811284e-07	1.511412e-07	4.561885e-07	21597
675966	-9.811898e-07	1.511673e-07	4.560478e-07	21597
667710	-9.812511e-07	1.511933e-07	4.559072e-07	21597
659454	-9.813125e-07	1.512194e-07	4.557665e-07	21597
651198	-9.813738e-07	1.512455e-07	4.556258e-07	21597
642942	-9.814351e-07	1.512716e-07	4.554850e-07	21597
634686	-9.814963e-07	1.512977e-07	4.553443e-07	21597
626430	-9.815576e-07	1.513238e-07	4.552036e-07	21597
618174	-9.816189e-07	1.513499e-07	4.550629e-07	21597
609918	-9.816800e-07	1.513760e-07	4.549221e-07	21597
601662	-9.817412e-07	1.514021e-07	4.547813e-07	21597
593406	-9.818024e-07	1.514282e-07	4.546406e-07	21597
585150	-9.818635e-07	1.514543e-07	4.544998e-07	21597
576894	-9.819247e-07	1.514804e-07	4.543590e-07	21597
568638	-9.819857e-07	1.515065e-07	4.542183e-07	21597
560382	-9.820469e-07	1.515326e-07	4.540775e-07	21597
552126	-9.821080e-07	1.515587e-07	4.539366e-07	21597
543870	-9.821690e-07	1.515848e-07	4.537958e-07	21597
535614	-9.822301e-07	1.516109e-07	4.536550e-07	21597
527358	-9.822910e-07	1.516370e-07	4.535142e-07	21597
519102	-9.823520e-07	1.516631e-07	4.533733e-07	21597
510846	-9.824130e-07	1.516892e-07	4.532325e-07	21597
502590	-9.824739e-07	1.517154e-07	4.530916e-07	21597
494334	-9.825349e-07	1.517415e-07	4.529507e-07	21597
486078	-9.825957e-07	1.517676e-07	4.528098e-07	21597
477822	-9.826566e-07	1.517937e-07	4.526690e-07	21597
469566	-9.827174e-07	1.518198e-07	4.525281e-07	21597
461310	-9.827783e-07	1.518460e-07	4.523872e-07	21597
453054	-9.828391e-07	1.518721e-07	4.522463e-07	21597
444798	-9.828999e-07	1.518982e-07	4.521053e-07	21597
436542	-9.829607e-07	1.519244e-07	4.519644e-07	21597
428286	-9.830214e-07	1.519505e-07	4.518235e-07	21597
420030	-9.830821e-07	1.519766e-07	4.516825e-07	21597
411774	-9.831429e-07	1.520028e-07	4.515416e-07	21597
403518	-9.832036e-07	1.520289e-07	4.514006e-07	21597
395262	-9.832643e-07	1.520550e-07	4.512596e-07	21597
387006	-9.833249e-07	1.520812e-07	4.511186e-07	21597
378750	-9.833855e-07	1.521073e-07	4.509776e-07	21597
370494	-9.834462e-07	1.521335e-07	4.508366e-07	21597
362238	-9.835067e-07	1.521596e-07	4.506956e-07	21597
353982	-9.835672e-07	1.521857e-07	4.505546e-07	21597
345726	-9.836278e-07	1.522119e-07	4.504136e-07	21597
337470	-9.836883e-07	1.522380e-07	4.502726e-07	21597
329214	-9.837488e-07	1.522642e-07	4.501315e-07	21597
320958	-9.838093e-07	1.522903e-07	4.499905e-07	21597
312702	-9.838698e-07	1.523165e-07	4.498494e-07	21597
304446	-9.839302e-07	1.523427e-07	4.497083e-07	21597
296190	-9.839906e-07	1.523688e-07	4.495673e-07	21597
287934	-9.840510e-07	1.523950e-07	4.494262e-07	21597
279678	-9.841115e-07	1.524211e-07	4.492851e-07	21597
271422	-9.841717e-07	1.524473e-07	4.491440e-07	21597
263166	-9.842321e-07	1.524734e-07	4.490028e-07	21597
254910	-9.842925e-07	1.524996e-07	4.488617e-07	21597
246654	-9.843527e-07	1.525258e-07	4.487206e-07	21597
238398	-9.844130e-07	1.525519e-07	4.485795e-07	21597
230142	-9.844732e-07	1.525781e-07	4.484383e-07	21597
221886	-9.845335e-07	1.526043e-07	4.482972e-07	21597
213630	-9.845936e-07	1.526305e-07	4.481560e-07	21597
205374	-9.846539e-07	1.526566e-07	4.480148e-07	21597
197118	-9.847140e-07	1.526828e-07	4.478736e-07	21597
188862	-9.847741e-07	1.527090e-07	4.477324e-07	21597
180606	-9.848343e-07	1.527352e-07	4.475912e-07	21597
172350	-9.848944e-07	1.527614e-07	4.474500e-07	21597
164094	-9.849545e-07	1.527875e-07	4.473088e-07	21597
155838	-9.850146e-07	1.528137e-07	4.471676e-07	21597
147582	-9.850746e-07	1.528399e-07	4.470264e-07	21597
139326	-9.851346e-07	1.528661e-07	4.468851e-07	21597
131070	-9.851946e-07	1.528923e-07	4.467439e-07	21597
122814	-9.852546e-07	1.529185e-07	4.466026e-07	21597
114558	-9.853145e-07	1.529447e-07	4.464613e-07	21597
106302	-9.853745e-07	1.529709e-07	4.463201e-07	21597
98046	-9.854344e-07	1.529971e-07	4.461788e-07	21597
89790	-9.854942e-07	1.530233e-07	4.460375e-07	21597
81534	-9.855542e-07	1.530495e-07	4.458962e-07	21597
73278	-9.856140e-07	1.530757e-07	4.457549e-07	21597
65022	-9.856739e-07	1.531019e-07	4.456136e-07	21597
56766	-9.857337e-07	1.531281e-07	4.454722e-07	21597
48510	-9.857935e-07	1.531543e-07	4.453309e-07	21597
40254	-9.858533e-07	1.531805e-07	4.451896e-07	21597
31998	-9.859129e-07	1.532067e-07	4.450482e-07	21597
23742	-9.859726e-07	1.532329e-07	4.449068e-07	21597
15486	-9.860324e-07	1.532591e-07	4.447655e-07	21597
7230	-9.860921e-07	1.532853e-07	4.446241e-07	21597
116756	-9.628413e-07	1.586170e-07	4.631908e-07	2626
108500	-9.629035e-07	1.586426e-07	4.630527e-07	2626
100244	-9.629657e-07	1.586682e-07	4.629147e-07	2626
91988	-9.630278e-07	1.586938e-07	4.627766e-07	2626
83732	-9.630900e-07	1.587194e-07	4.626386e-07	2626
75476	-9.631520e-07	1.587450e-07	4.625005e-07	2626
67220	-9.632141e-07	1.587706e-07	4.623624e-07	2626
58964	-9.632762e-07	1.587962e-07	4.622242e-07	2626
50708	-9.633383e-07	1.588218e-07	4.620861e-07	2626
42452	-9.634002e-07	1.588474e-07	4.619480e-07	2626
34196	-9.634623e-07	1.588730e-07	4.618099e-07	2626
25940	-9.635243e-07	1.588987e-07	4.616717e-07	2626
17684	-9.635862e-07	1.589243e-07	4.615336e-07	2626
9428	-9.636482e-07	1.589499e-07	4.613954e-07	2626
1172	-9.637100e-07	1.589755e-07	4.612573e-07	2626
1153361	-1.212063e-06	1.600355e-07	5.834567e-07	15169
1145105	-1.212142e-06	1.600677e-07	5.832829e-07	15169
1136849	-1.212221e-06	1.600999e-07	5.831092e-07	15169
1128593	-1.212301e-06	1.601321e-07	5.829353e-07	15169
1120337	-1.212380e-06	1.601643e-07	5.827615e-07	15169
1112081	-1.212459e-06	1.601966e-07	5.825877e-07	15169
1103825	-1.212539e-06	1.602288e-07	5.824138e-07	15169
1095569	-1.212618e-06	1.602610e-07	5.822400e-07	15169
1087313	-1.212697e-06	1.602933e-07	5.820661e-07	15169
1079057	-1.212776e-06	1.603255e-07	5.818922e-07	15169
1070801	-1.212855e-06	1.603577e-07	5.817183e-07	15169
1062545	-1.212935e-06	1.603900e-07	5.815444e-07	15169
1054289	-1.213014e-06	1.604222e-07	5.813705e-07	15169
1046033	-1.213093e-06	1.604545e-07	5.811966e-07	15169
1037777	-1.213172e-06	1.604867e-07	5.810226e-07	15169
1029521	-1.213251e-06	1.605190e-07	5.808487e-07	15169
1021265	-1.213330e-06	1.605512e-07	5.806747e-07	15169
1013009	-1.213409e-06	1.605835e-07	5.805007e-07	15169
1004753	-1.213488e-06	1.606157e-07	5.803267e-07	15169
996497	-1.213567e-06	1.606480e-07	5.801527e-07	15169
988241	-1.213646e-06	1.606802e-07	5.799787e-07	15169
979985	-1.213724e-06	1.607125e-07	5.798047e-07	15169
971729	-1.213803e-06	1.607448e-07	5.796307e-07	15169
963473	-1.213882e-06	1.607770e-07	5.794567e-07	15169
955217	-1.213961e-06	1.608093e-07	5.792826e-07	15169
946961	-1.214040e-06	1.608416e-07	5.791085e-07	15169
938705	-1.214118e-06	1.608739e-07	5.789345e-07	15169
930449	-1.214197e-06	1.609061e-07	5.787604e-07	15169
922193	-1.214276e-06	1.609384e-07	5.785863e-07	15169
913937	-1.214354e-06	1.609707e-07	5.784122e-07	15169
905681	-1.214433e-06	1.610030e-07	5.782381e-07	15169
897425	-1.214512e-06	1.610352e-07	5.780639e-07	15169
889169	-1.214590e-06	1.610675e-07	5.778898e-07	15169
880913	-1.214669e-06	1.610998e-07	5.777156e-07	15169
872657	-1.214747e-06	1.611321e-07	5.775415e-07	15169
864401	-1.214826e-06	1.611644e-07	5.773673e-07	15169
856145	-1.214904e-06	1.611967e-07	5.771931e-07	15169
847889	-1.214983e-06	1.612290e-07	5.770189e-07	15169
839633	-1.215061e-06	1.612613e-07	5.768447e-07	15169
831377	-1.215140e-06	1.612936e-07	5.766705e-07	15169
823121	-1.215218e-06	1.613259e-07	5.764962e-07	15169
814865	-1.215296e-06	1.613582e-07	5.763220e-07	15169
806609	-1.215375e-06	1.613905e-07	5.761478e-07	15169
798353	-1.215453e-06	1.614228e-07	5.759735e-07	15169
790097	-1.215531e-06	1.614551e-07	5.757992e-07	15169
781841	-1.215610e-06	1.614874e-07	5.756249e-07	15169
773585	-1.215688e-06	1.615198e-07	5.754506e-07	15169
765329	-1.215766e-06	1.615521e-07	5.752763e-07	15169
757073	-1.215844e-06	1.615844e-07	5.751020e-07	15169
748817	-1.215922e-06	1.616167e-07	5.749276e-07	15169
740561	-1.216001e-06	1.616490e-07	5.747533e-07	15169
732305	-1.216079e-06	1.616814e-07	5.745790e-07	15169
724049	-1.216157e-06	1.617137e-07	5.744046e-07	15169
715793	-1.216235e-06	1.617460e-07	5.742302e-07	15169
707537	-1.216313e-06	1.617783e-07	5.740558e-07	15169
699281	-1.216391e-06	1.618107e-07	5.738814e-07	15169
691025	-1.216469e-06	1.618430e-07	5.737070e-07	15169
682769	-1.216547e-06	1.618753e-07	5.735326e-07	15169
674513	-1.216625e-06	1.619077e-07	5.733581e-07	15169
666257	-1.216702e-06	1.619400e-07	5.731837e-07	15169
658001	-1.216780e-06	1.619724e-07	5.730092e-07	15169
649745	-1.216858e-06	1.620047e-07	5.728348e-07	15169
641489	-1.216936e-06	1.620371e-07	5.726603e-07	15169
633233	-1.217014e-06	1.620694e-07	5.724858e-07	15169
624977	-1.217091e-06	1.621018e-07	5.723113e-07	15169
616721	-1.217169e-06	1.621341e-07	5.721368e-07	15169
608465	-1.217247e-06	1.621665e-07	5.719623e-07	15169
600209	-1.217325e-06	1.621988e-07	5.717877e-07	15169
591953	-1.217402e-06	1.622312e-07	5.716132e-07	15169
583697	-1.217480e-06	1.622636e-07	5.714386e-07	15169
575441	-1.217557e-06	1.622959e-07	5.712641e-07	15169
567185	-1.217635e-06	1.623283e-07	5.710895e-07	15169
558929	-1.217713e-06	1.623607e-07	5.709149e-07	15169
550673	-1.217790e-06	1.623930e-07	5.707403e-07	15169
542417	-1.217868e-06	1.624254e-07	5.705657e-07	15169
534161	-1.217945e-06	1.624578e-07	5.703911e-07	15169
525905	-1.218023e-06	1.624902e-07	5.702165e-07	15169
517649	-1.218100e-06	1.625225e-07	5.700418e-07	15169
509393	-1.218177e-06	1.625549e-07	5.698672e-07	15169
1153634	-1.071307e-06	1.625765e-07	5.082217e-07	16196
501137	-1.218255e-06	1.625873e-07	5.696925e-07	15169
1145378	-1.071376e-06	1.626050e-07	5.080681e-07	16196
492881	-1.218332e-06	1.626197e-07	5.695178e-07	15169
1137122	-1.071444e-06	1.626335e-07	5.079145e-07	16196
484625	-1.218409e-06	1.626521e-07	5.693431e-07	15169
1128866	-1.071513e-06	1.626620e-07	5.077608e-07	16196
476369	-1.218487e-06	1.626845e-07	5.691684e-07	15169
1120610	-1.071581e-06	1.626905e-07	5.076072e-07	16196
468113	-1.218564e-06	1.627169e-07	5.689937e-07	15169
1112354	-1.071650e-06	1.627189e-07	5.074535e-07	16196
1104098	-1.071718e-06	1.627474e-07	5.072999e-07	16196
459857	-1.218641e-06	1.627493e-07	5.688190e-07	15169
1095842	-1.071786e-06	1.627759e-07	5.071462e-07	16196
451601	-1.218719e-06	1.627816e-07	5.686442e-07	15169
1087586	-1.071855e-06	1.628044e-07	5.069925e-07	16196
443345	-1.218796e-06	1.628140e-07	5.684695e-07	15169
1079330	-1.071923e-06	1.628329e-07	5.068389e-07	16196
435089	-1.218873e-06	1.628464e-07	5.682948e-07	15169
1071074	-1.071991e-06	1.628614e-07	5.066852e-07	16196
426833	-1.218950e-06	1.628788e-07	5.681200e-07	15169
1062818	-1.072060e-06	1.628899e-07	5.065315e-07	16196
418577	-1.219027e-06	1.629112e-07	5.679452e-07	15169
1054562	-1.072128e-06	1.629184e-07	5.063778e-07	16196
410321	-1.219104e-06	1.629437e-07	5.677704e-07	15169
1046306	-1.072196e-06	1.629469e-07	5.062240e-07	16196
1038050	-1.072264e-06	1.629754e-07	5.060703e-07	16196
402065	-1.219181e-06	1.629761e-07	5.675956e-07	15169
1029794	-1.072333e-06	1.630039e-07	5.059165e-07	16196
393809	-1.219258e-06	1.630085e-07	5.674208e-07	15169
1021538	-1.072401e-06	1.630324e-07	5.057628e-07	16196
385553	-1.219335e-06	1.630409e-07	5.672460e-07	15169
1013282	-1.072469e-06	1.630609e-07	5.056090e-07	16196
377297	-1.219412e-06	1.630733e-07	5.670711e-07	15169
1005026	-1.072537e-06	1.630894e-07	5.054553e-07	16196
369041	-1.219489e-06	1.631057e-07	5.668963e-07	15169
996770	-1.072605e-06	1.631179e-07	5.053015e-07	16196
360785	-1.219566e-06	1.631381e-07	5.667214e-07	15169
988514	-1.072673e-06	1.631465e-07	5.051477e-07	16196
352529	-1.219643e-06	1.631706e-07	5.665466e-07	15169
980258	-1.072741e-06	1.631750e-07	5.049939e-07	16196
344273	-1.219720e-06	1.632030e-07	5.663717e-07	15169
972002	-1.072810e-06	1.632035e-07	5.048401e-07	16196
963746	-1.072878e-06	1.632320e-07	5.046862e-07	16196
336017	-1.219797e-06	1.632354e-07	5.661968e-07	15169
955490	-1.072946e-06	1.632605e-07	5.045324e-07	16196
327761	-1.219874e-06	1.632678e-07	5.660219e-07	15169
947234	-1.073014e-06	1.632890e-07	5.043786e-07	16196
319505	-1.219950e-06	1.633003e-07	5.658470e-07	15169
938978	-1.073082e-06	1.633176e-07	5.042247e-07	16196
311249	-1.220027e-06	1.633327e-07	5.656721e-07	15169
930722	-1.073150e-06	1.633461e-07	5.040708e-07	16196
302993	-1.220104e-06	1.633651e-07	5.654971e-07	15169
922466	-1.073217e-06	1.633746e-07	5.039170e-07	16196
294737	-1.220181e-06	1.633976e-07	5.653222e-07	15169
914210	-1.073285e-06	1.634032e-07	5.037631e-07	16196
286481	-1.220257e-06	1.634300e-07	5.651472e-07	15169
905954	-1.073353e-06	1.634317e-07	5.036092e-07	16196
897698	-1.073421e-06	1.634602e-07	5.034553e-07	16196
278225	-1.220334e-06	1.634624e-07	5.649723e-07	15169
889442	-1.073489e-06	1.634888e-07	5.033014e-07	16196
269969	-1.220411e-06	1.634949e-07	5.647973e-07	15169
881186	-1.073557e-06	1.635173e-07	5.031475e-07	16196
261713	-1.220487e-06	1.635273e-07	5.646223e-07	15169
872930	-1.073624e-06	1.635458e-07	5.029935e-07	16196
253457	-1.220564e-06	1.635598e-07	5.644473e-07	15169
864674	-1.073692e-06	1.635744e-07	5.028396e-07	16196
245201	-1.220641e-06	1.635922e-07	5.642723e-07	15169
856418	-1.073760e-06	1.636029e-07	5.026857e-07	16196
236945	-1.220717e-06	1.636247e-07	5.640973e-07	15169
848162	-1.073828e-06	1.636315e-07	5.025317e-07	16196
228689	-1.220794e-06	1.636571e-07	5.639222e-07	15169
839906	-1.073895e-06	1.636600e-07	5.023778e-07	16196
831650	-1.073963e-06	1.636886e-07	5.022238e-07	16196
220433	-1.220870e-06	1.636896e-07	5.637472e-07	15169
823394	-1.074031e-06	1.637171e-07	5.020698e-07	16196
212177	-1.220947e-06	1.637220e-07	5.635721e-07	15169
815138	-1.074098e-06	1.637457e-07	5.019158e-07	16196
203921	-1.221023e-06	1.637545e-07	5.633971e-07	15169
806882	-1.074166e-06	1.637742e-07	5.017618e-07	16196
195665	-1.221099e-06	1.637870e-07	5.632220e-07	15169
798626	-1.074233e-06	1.638028e-07	5.016078e-07	16196
187409	-1.221176e-06	1.638194e-07	5.630469e-07	15169
790370	-1.074301e-06	1.638313e-07	5.014537e-07	16196
179153	-1.221252e-06	1.638519e-07	5.628718e-07	15169
782114	-1.074369e-06	1.638599e-07	5.012997e-07	16196
170897	-1.221328e-06	1.638843e-07	5.626967e-07	15169
773858	-1.074436e-06	1.638884e-07	5.011457e-07	16196
162641	-1.221405e-06	1.639168e-07	5.625216e-07	15169
765602	-1.074504e-06	1.639170e-07	5.009916e-07	16196
757346	-1.074571e-06	1.639456e-07	5.008375e-07	16196
154385	-1.221481e-06	1.639493e-07	5.623465e-07	15169
749090	-1.074638e-06	1.639741e-07	5.006835e-07	16196
146129	-1.221557e-06	1.639818e-07	5.621714e-07	15169
740834	-1.074706e-06	1.640027e-07	5.005294e-07	16196
137873	-1.221634e-06	1.640142e-07	5.619962e-07	15169
732578	-1.074773e-06	1.640313e-07	5.003753e-07	16196
129617	-1.221710e-06	1.640467e-07	5.618210e-07	15169
724322	-1.074841e-06	1.640598e-07	5.002212e-07	16196
121361	-1.221786e-06	1.640792e-07	5.616458e-07	15169
716066	-1.074908e-06	1.640884e-07	5.000671e-07	16196
113105	-1.221862e-06	1.641117e-07	5.614706e-07	15169
707810	-1.074975e-06	1.641170e-07	4.999129e-07	16196
104849	-1.221938e-06	1.641441e-07	5.612955e-07	15169
699554	-1.075043e-06	1.641456e-07	4.997588e-07	16196
691298	-1.075110e-06	1.641742e-07	4.996047e-07	16196
96593	-1.222014e-06	1.641766e-07	5.611203e-07	15169
683042	-1.075177e-06	1.642027e-07	4.994505e-07	16196
88337	-1.222090e-06	1.642091e-07	5.609450e-07	15169
674786	-1.075244e-06	1.642313e-07	4.992963e-07	16196
80081	-1.222166e-06	1.642416e-07	5.607698e-07	15169
666530	-1.075312e-06	1.642599e-07	4.991422e-07	16196
71825	-1.222243e-06	1.642741e-07	5.605946e-07	15169
658274	-1.075379e-06	1.642885e-07	4.989880e-07	16196
63569	-1.222318e-06	1.643066e-07	5.604193e-07	15169
650018	-1.075446e-06	1.643171e-07	4.988338e-07	16196
55313	-1.222395e-06	1.643391e-07	5.602441e-07	15169
641762	-1.075513e-06	1.643457e-07	4.986796e-07	16196
47057	-1.222470e-06	1.643716e-07	5.600688e-07	15169
633506	-1.075580e-06	1.643743e-07	4.985254e-07	16196
625250	-1.075647e-06	1.644028e-07	4.983712e-07	16196
38801	-1.222546e-06	1.644041e-07	5.598935e-07	15169
616994	-1.075714e-06	1.644314e-07	4.982169e-07	16196
30545	-1.222622e-06	1.644366e-07	5.597182e-07	15169
608738	-1.075781e-06	1.644600e-07	4.980627e-07	16196
22289	-1.222698e-06	1.644691e-07	5.595429e-07	15169
600482	-1.075848e-06	1.644886e-07	4.979084e-07	16196
14033	-1.222774e-06	1.645016e-07	5.593676e-07	15169
592226	-1.075915e-06	1.645172e-07	4.977542e-07	16196
5777	-1.222850e-06	1.645341e-07	5.591922e-07	15169
583970	-1.075982e-06	1.645458e-07	4.976000e-07	16196
575714	-1.076049e-06	1.645744e-07	4.974457e-07	16196
567458	-1.076116e-06	1.646031e-07	4.972914e-07	16196
559202	-1.076183e-06	1.646317e-07	4.971371e-07	16196
550946	-1.076250e-06	1.646603e-07	4.969828e-07	16196
542690	-1.076317e-06	1.646889e-07	4.968285e-07	16196
534434	-1.076384e-06	1.647175e-07	4.966741e-07	16196
526178	-1.076451e-06	1.647461e-07	4.965198e-07	16196
517922	-1.076517e-06	1.647747e-07	4.963654e-07	16196
509666	-1.076584e-06	1.648033e-07	4.962111e-07	16196
501410	-1.076651e-06	1.648320e-07	4.960567e-07	16196
493154	-1.076718e-06	1.648606e-07	4.959024e-07	16196
484898	-1.076784e-06	1.648892e-07	4.957480e-07	16196
476642	-1.076851e-06	1.649178e-07	4.955936e-07	16196
468386	-1.076918e-06	1.649465e-07	4.954392e-07	16196
460130	-1.076984e-06	1.649751e-07	4.952848e-07	16196
451874	-1.077051e-06	1.650037e-07	4.951303e-07	16196
443618	-1.077118e-06	1.650323e-07	4.949760e-07	16196
435362	-1.077184e-06	1.650610e-07	4.948215e-07	16196
427106	-1.077251e-06	1.650896e-07	4.946671e-07	16196
418850	-1.077317e-06	1.651183e-07	4.945126e-07	16196
410594	-1.077384e-06	1.651469e-07	4.943581e-07	16196
402338	-1.077450e-06	1.651755e-07	4.942036e-07	16196
394082	-1.077517e-06	1.652042e-07	4.940491e-07	16196
385826	-1.077583e-06	1.652328e-07	4.938947e-07	16196
377570	-1.077650e-06	1.652615e-07	4.937401e-07	16196
369314	-1.077716e-06	1.652901e-07	4.935856e-07	16196
361058	-1.077782e-06	1.653188e-07	4.934311e-07	16196
352802	-1.077849e-06	1.653474e-07	4.932766e-07	16196
344546	-1.077915e-06	1.653761e-07	4.931220e-07	16196
336290	-1.077981e-06	1.654047e-07	4.929674e-07	16196
328034	-1.078047e-06	1.654334e-07	4.928129e-07	16196
319778	-1.078114e-06	1.654621e-07	4.926583e-07	16196
311522	-1.078180e-06	1.654907e-07	4.925038e-07	16196
303266	-1.078246e-06	1.655194e-07	4.923492e-07	16196
295010	-1.078312e-06	1.655480e-07	4.921945e-07	16196
286754	-1.078379e-06	1.655767e-07	4.920399e-07	16196
278498	-1.078445e-06	1.656054e-07	4.918853e-07	16196
270242	-1.078511e-06	1.656340e-07	4.917307e-07	16196
261986	-1.078577e-06	1.656627e-07	4.915760e-07	16196
253730	-1.078643e-06	1.656914e-07	4.914214e-07	16196
245474	-1.078709e-06	1.657201e-07	4.912667e-07	16196
237218	-1.078775e-06	1.657487e-07	4.911121e-07	16196
228962	-1.078841e-06	1.657774e-07	4.909574e-07	16196
220706	-1.078907e-06	1.658061e-07	4.908027e-07	16196
212450	-1.078973e-06	1.658348e-07	4.906480e-07	16196
204194	-1.079039e-06	1.658635e-07	4.904933e-07	16196
195938	-1.079105e-06	1.658922e-07	4.903386e-07	16196
187682	-1.079171e-06	1.659208e-07	4.901839e-07	16196
179426	-1.079237e-06	1.659495e-07	4.900292e-07	16196
171170	-1.079302e-06	1.659782e-07	4.898744e-07	16196
162914	-1.079368e-06	1.660069e-07	4.897196e-07	16196
154658	-1.079434e-06	1.660356e-07	4.895649e-07	16196
146402	-1.079500e-06	1.660643e-07	4.894101e-07	16196
138146	-1.079565e-06	1.660930e-07	4.892553e-07	16196
129890	-1.079631e-06	1.661217e-07	4.891006e-07	16196
121634	-1.079697e-06	1.661504e-07	4.889457e-07	16196
113378	-1.079763e-06	1.661791e-07	4.887909e-07	16196
105122	-1.079828e-06	1.662078e-07	4.886361e-07	16196
96866	-1.079894e-06	1.662365e-07	4.884813e-07	16196
88610	-1.079959e-06	1.662652e-07	4.883265e-07	16196
80354	-1.080025e-06	1.662939e-07	4.881716e-07	16196
72098	-1.080091e-06	1.663226e-07	4.880167e-07	16196
63842	-1.080156e-06	1.663514e-07	4.878619e-07	16196
55586	-1.080222e-06	1.663801e-07	4.877070e-07	16196
47330	-1.080287e-06	1.664088e-07	4.875521e-07	16196
39074	-1.080353e-06	1.664375e-07	4.873972e-07	16196
30818	-1.080418e-06	1.664662e-07	4.872423e-07	16196
22562	-1.080483e-06	1.664950e-07	4.870874e-07	16196
14306	-1.080549e-06	1.665237e-07	4.869325e-07	16196
6050	-1.080614e-06	1.665524e-07	4.867775e-07	16196
1153430	-1.239014e-06	1.669501e-07	5.987862e-07	15425
1145174	-1.239096e-06	1.669830e-07	5.986086e-07	15425
1136918	-1.239177e-06	1.670160e-07	5.984310e-07	15425
1128662	-1.239258e-06	1.670489e-07	5.982533e-07	15425
1120406	-1.239340e-06	1.670819e-07	5.980756e-07	15425
1112150	-1.239421e-06	1.671148e-07	5.978979e-07	15425
1103894	-1.239502e-06	1.671477e-07	5.977201e-07	15425
1095638	-1.239583e-06	1.671807e-07	5.975425e-07	15425
1087382	-1.239665e-06	1.672136e-07	5.973647e-07	15425
1079126	-1.239746e-06	1.672466e-07	5.971870e-07	15425
1070870	-1.239827e-06	1.672796e-07	5.970092e-07	15425
1062614	-1.239908e-06	1.673125e-07	5.968314e-07	15425
1054358	-1.239989e-06	1.673455e-07	5.966536e-07	15425
1046102	-1.240070e-06	1.673784e-07	5.964758e-07	15425
1037846	-1.240151e-06	1.674114e-07	5.962980e-07	15425
1029590	-1.240232e-06	1.674444e-07	5.961202e-07	15425
1021334	-1.240314e-06	1.674773e-07	5.959424e-07	15425
1013078	-1.240394e-06	1.675103e-07	5.957646e-07	15425
1004822	-1.240475e-06	1.675433e-07	5.955867e-07	15425
996566	-1.240556e-06	1.675762e-07	5.954088e-07	15425
988310	-1.240637e-06	1.676092e-07	5.952310e-07	15425
980054	-1.240718e-06	1.676422e-07	5.950531e-07	15425
971798	-1.240799e-06	1.676752e-07	5.948752e-07	15425
963542	-1.240880e-06	1.677082e-07	5.946973e-07	15425
955286	-1.240961e-06	1.677411e-07	5.945193e-07	15425
947030	-1.241041e-06	1.677741e-07	5.943414e-07	15425
938774	-1.241122e-06	1.678071e-07	5.941635e-07	15425
930518	-1.241203e-06	1.678401e-07	5.939855e-07	15425
922262	-1.241283e-06	1.678731e-07	5.938075e-07	15425
914006	-1.241364e-06	1.679061e-07	5.936295e-07	15425
905750	-1.241445e-06	1.679391e-07	5.934515e-07	15425
897494	-1.241525e-06	1.679721e-07	5.932736e-07	15425
889238	-1.241606e-06	1.680051e-07	5.930955e-07	15425
880982	-1.241687e-06	1.680381e-07	5.929175e-07	15425
872726	-1.241767e-06	1.680711e-07	5.927395e-07	15425
864470	-1.241848e-06	1.681041e-07	5.925614e-07	15425
856214	-1.241928e-06	1.681371e-07	5.923833e-07	15425
847958	-1.242008e-06	1.681702e-07	5.922053e-07	15425
839702	-1.242089e-06	1.682032e-07	5.920272e-07	15425
831446	-1.242169e-06	1.682362e-07	5.918491e-07	15425
823190	-1.242250e-06	1.682692e-07	5.916710e-07	15425
1154217	-1.235851e-06	1.682898e-07	5.991175e-07	18534
814934	-1.242330e-06	1.683022e-07	5.914929e-07	15425
1145961	-1.235933e-06	1.683227e-07	5.989403e-07	18534
806678	-1.242410e-06	1.683353e-07	5.913147e-07	15425
1137705	-1.236014e-06	1.683556e-07	5.987631e-07	18534
798422	-1.242491e-06	1.683683e-07	5.911366e-07	15425
1129449	-1.236095e-06	1.683884e-07	5.985859e-07	18534
790166	-1.242571e-06	1.684013e-07	5.909585e-07	15425
1121193	-1.236177e-06	1.684213e-07	5.984086e-07	18534
781910	-1.242651e-06	1.684344e-07	5.907803e-07	15425
1112937	-1.236258e-06	1.684541e-07	5.982314e-07	18534
773654	-1.242731e-06	1.684674e-07	5.906021e-07	15425
1104681	-1.236339e-06	1.684870e-07	5.980541e-07	18534
765398	-1.242812e-06	1.685004e-07	5.904239e-07	15425
1096425	-1.236421e-06	1.685198e-07	5.978769e-07	18534
757142	-1.242892e-06	1.685335e-07	5.902457e-07	15425
1088169	-1.236502e-06	1.685527e-07	5.976996e-07	18534
748886	-1.242972e-06	1.685665e-07	5.900675e-07	15425
1079913	-1.236583e-06	1.685856e-07	5.975223e-07	18534
740630	-1.243052e-06	1.685995e-07	5.898893e-07	15425
1071657	-1.236664e-06	1.686185e-07	5.973450e-07	18534
732374	-1.243132e-06	1.686326e-07	5.897111e-07	15425
1063401	-1.236745e-06	1.686513e-07	5.971676e-07	18534
724118	-1.243212e-06	1.686656e-07	5.895328e-07	15425
1055145	-1.236827e-06	1.686842e-07	5.969903e-07	18534
715862	-1.243292e-06	1.686987e-07	5.893546e-07	15425
1046889	-1.236908e-06	1.687171e-07	5.968130e-07	18534
707606	-1.243372e-06	1.687317e-07	5.891763e-07	15425
1038633	-1.236989e-06	1.687500e-07	5.966356e-07	18534
699350	-1.243452e-06	1.687648e-07	5.889980e-07	15425
1030377	-1.237070e-06	1.687828e-07	5.964582e-07	18534
691094	-1.243532e-06	1.687978e-07	5.888197e-07	15425
1022121	-1.237151e-06	1.688157e-07	5.962809e-07	18534
682838	-1.243612e-06	1.688309e-07	5.886414e-07	15425
1013865	-1.237232e-06	1.688486e-07	5.961035e-07	18534
674582	-1.243692e-06	1.688639e-07	5.884631e-07	15425
1005609	-1.237313e-06	1.688815e-07	5.959261e-07	18534
666326	-1.243772e-06	1.688970e-07	5.882848e-07	15425
997353	-1.237394e-06	1.689144e-07	5.957486e-07	18534
658070	-1.243852e-06	1.689301e-07	5.881064e-07	15425
989097	-1.237475e-06	1.689473e-07	5.955712e-07	18534
649814	-1.243931e-06	1.689631e-07	5.879281e-07	15425
980841	-1.237555e-06	1.689802e-07	5.953938e-07	18534
641558	-1.244011e-06	1.689962e-07	5.877497e-07	15425
972585	-1.237636e-06	1.690131e-07	5.952164e-07	18534
633302	-1.244091e-06	1.690293e-07	5.875714e-07	15425
964329	-1.237717e-06	1.690460e-07	5.950389e-07	18534
625046	-1.244171e-06	1.690624e-07	5.873929e-07	15425
956073	-1.237798e-06	1.690789e-07	5.948614e-07	18534
616790	-1.244250e-06	1.690954e-07	5.872146e-07	15425
947817	-1.237879e-06	1.691118e-07	5.946840e-07	18534
608534	-1.244330e-06	1.691285e-07	5.870361e-07	15425
939561	-1.237960e-06	1.691447e-07	5.945064e-07	18534
600278	-1.244410e-06	1.691616e-07	5.868578e-07	15425
931305	-1.238040e-06	1.691776e-07	5.943290e-07	18534
592022	-1.244489e-06	1.691947e-07	5.866793e-07	15425
923049	-1.238121e-06	1.692105e-07	5.941515e-07	18534
583766	-1.244569e-06	1.692277e-07	5.865009e-07	15425
914793	-1.238202e-06	1.692434e-07	5.939739e-07	18534
575510	-1.244649e-06	1.692608e-07	5.863224e-07	15425
906537	-1.238282e-06	1.692763e-07	5.937964e-07	18534
567254	-1.244728e-06	1.692939e-07	5.861440e-07	15425
898281	-1.238363e-06	1.693093e-07	5.936188e-07	18534
558998	-1.244808e-06	1.693270e-07	5.859655e-07	15425
890025	-1.238443e-06	1.693422e-07	5.934413e-07	18534
550742	-1.244887e-06	1.693601e-07	5.857870e-07	15425
881769	-1.238524e-06	1.693751e-07	5.932637e-07	18534
542486	-1.244967e-06	1.693932e-07	5.856085e-07	15425
873513	-1.238605e-06	1.694080e-07	5.930861e-07	18534
534230	-1.245046e-06	1.694263e-07	5.854300e-07	15425
865257	-1.238685e-06	1.694410e-07	5.929085e-07	18534
525974	-1.245126e-06	1.694594e-07	5.852515e-07	15425
857001	-1.238766e-06	1.694739e-07	5.927309e-07	18534
517718	-1.245205e-06	1.694925e-07	5.850729e-07	15425
848745	-1.238846e-06	1.695068e-07	5.925533e-07	18534
509462	-1.245284e-06	1.695256e-07	5.848944e-07	15425
840489	-1.238927e-06	1.695397e-07	5.923757e-07	18534
501206	-1.245364e-06	1.695587e-07	5.847158e-07	15425
832233	-1.239007e-06	1.695727e-07	5.921980e-07	18534
492950	-1.245443e-06	1.695918e-07	5.845373e-07	15425
823977	-1.239087e-06	1.696056e-07	5.920203e-07	18534
484694	-1.245522e-06	1.696249e-07	5.843587e-07	15425
815721	-1.239168e-06	1.696385e-07	5.918427e-07	18534
476438	-1.245602e-06	1.696580e-07	5.841801e-07	15425
807465	-1.239248e-06	1.696715e-07	5.916650e-07	18534
468182	-1.245681e-06	1.696911e-07	5.840015e-07	15425
799209	-1.239328e-06	1.697044e-07	5.914873e-07	18534
459926	-1.245760e-06	1.697242e-07	5.838229e-07	15425
790953	-1.239409e-06	1.697374e-07	5.913096e-07	18534
451670	-1.245839e-06	1.697574e-07	5.836443e-07	15425
782697	-1.239489e-06	1.697703e-07	5.911319e-07	18534
443414	-1.245918e-06	1.697905e-07	5.834656e-07	15425
774441	-1.239569e-06	1.698033e-07	5.909542e-07	18534
435158	-1.245998e-06	1.698236e-07	5.832870e-07	15425
766185	-1.239649e-06	1.698362e-07	5.907764e-07	18534
426902	-1.246077e-06	1.698567e-07	5.831084e-07	15425
757929	-1.239729e-06	1.698692e-07	5.905987e-07	18534
418646	-1.246156e-06	1.698898e-07	5.829297e-07	15425
749673	-1.239810e-06	1.699021e-07	5.904209e-07	18534
410390	-1.246235e-06	1.699230e-07	5.827510e-07	15425
741417	-1.239890e-06	1.699351e-07	5.902432e-07	18534
402134	-1.246314e-06	1.699561e-07	5.825723e-07	15425
733161	-1.239970e-06	1.699680e-07	5.900654e-07	18534
393878	-1.246393e-06	1.699892e-07	5.823936e-07	15425
724905	-1.240050e-06	1.700010e-07	5.898876e-07	18534
385622	-1.246472e-06	1.700224e-07	5.822149e-07	15425
716649	-1.240130e-06	1.700340e-07	5.897098e-07	18534
377366	-1.246551e-06	1.700555e-07	5.820362e-07	15425
708393	-1.240210e-06	1.700669e-07	5.895320e-07	18534
369110	-1.246629e-06	1.700886e-07	5.818574e-07	15425
700137	-1.240290e-06	1.700999e-07	5.893542e-07	18534
360854	-1.246708e-06	1.701218e-07	5.816787e-07	15425
691881	-1.240370e-06	1.701329e-07	5.891764e-07	18534
352598	-1.246787e-06	1.701549e-07	5.814999e-07	15425
683625	-1.240450e-06	1.701658e-07	5.889985e-07	18534
344342	-1.246866e-06	1.701881e-07	5.813212e-07	15425
675369	-1.240530e-06	1.701988e-07	5.888206e-07	18534
336086	-1.246945e-06	1.702212e-07	5.811424e-07	15425
667113	-1.240610e-06	1.702318e-07	5.886428e-07	18534
327830	-1.247024e-06	1.702544e-07	5.809636e-07	15425
658857	-1.240690e-06	1.702648e-07	5.884649e-07	18534
319574	-1.247103e-06	1.702875e-07	5.807848e-07	15425
650601	-1.240769e-06	1.702978e-07	5.882870e-07	18534
311318	-1.247181e-06	1.703207e-07	5.806060e-07	15425
642345	-1.240849e-06	1.703308e-07	5.881091e-07	18534
303062	-1.247260e-06	1.703538e-07	5.804272e-07	15425
634089	-1.240929e-06	1.703637e-07	5.879311e-07	18534
294806	-1.247339e-06	1.703870e-07	5.802483e-07	15425
625833	-1.241009e-06	1.703967e-07	5.877532e-07	18534
286550	-1.247417e-06	1.704201e-07	5.800695e-07	15425
617577	-1.241088e-06	1.704297e-07	5.875753e-07	18534
278294	-1.247496e-06	1.704533e-07	5.798906e-07	15425
609321	-1.241168e-06	1.704627e-07	5.873973e-07	18534
270038	-1.247574e-06	1.704865e-07	5.797118e-07	15425
601065	-1.241248e-06	1.704957e-07	5.872193e-07	18534
261782	-1.247653e-06	1.705196e-07	5.795329e-07	15425
592809	-1.241327e-06	1.705287e-07	5.870414e-07	18534
253526	-1.247732e-06	1.705528e-07	5.793540e-07	15425
584553	-1.241407e-06	1.705617e-07	5.868634e-07	18534
245270	-1.247810e-06	1.705860e-07	5.791750e-07	15425
576297	-1.241487e-06	1.705947e-07	5.866854e-07	18534
237014	-1.247889e-06	1.706191e-07	5.789962e-07	15425
568041	-1.241566e-06	1.706277e-07	5.865074e-07	18534
228758	-1.247967e-06	1.706523e-07	5.788172e-07	15425
559785	-1.241646e-06	1.706607e-07	5.863293e-07	18534
220502	-1.248046e-06	1.706855e-07	5.786383e-07	15425
551529	-1.241725e-06	1.706937e-07	5.861514e-07	18534
212246	-1.248124e-06	1.707187e-07	5.784593e-07	15425
543273	-1.241805e-06	1.707267e-07	5.859733e-07	18534
203990	-1.248202e-06	1.707518e-07	5.782804e-07	15425
535017	-1.241884e-06	1.707597e-07	5.857952e-07	18534
195734	-1.248281e-06	1.707850e-07	5.781014e-07	15425
526761	-1.241964e-06	1.707927e-07	5.856172e-07	18534
187478	-1.248359e-06	1.708182e-07	5.779224e-07	15425
518505	-1.242043e-06	1.708258e-07	5.854391e-07	18534
179222	-1.248437e-06	1.708514e-07	5.777434e-07	15425
510249	-1.242122e-06	1.708588e-07	5.852610e-07	18534
170966	-1.248516e-06	1.708846e-07	5.775644e-07	15425
501993	-1.242202e-06	1.708918e-07	5.850829e-07	18534
162710	-1.248594e-06	1.709178e-07	5.773854e-07	15425
493737	-1.242281e-06	1.709248e-07	5.849048e-07	18534
154454	-1.248672e-06	1.709510e-07	5.772064e-07	15425
485481	-1.242361e-06	1.709578e-07	5.847266e-07	18534
146198	-1.248750e-06	1.709842e-07	5.770273e-07	15425
477225	-1.242440e-06	1.709909e-07	5.845486e-07	18534
137942	-1.248829e-06	1.710174e-07	5.768483e-07	15425
468969	-1.242519e-06	1.710239e-07	5.843704e-07	18534
129686	-1.248907e-06	1.710506e-07	5.766692e-07	15425
460713	-1.242598e-06	1.710569e-07	5.841923e-07	18534
121430	-1.248985e-06	1.710838e-07	5.764902e-07	15425
452457	-1.242678e-06	1.710900e-07	5.840141e-07	18534
113174	-1.249063e-06	1.711170e-07	5.763110e-07	15425
444201	-1.242757e-06	1.711230e-07	5.838359e-07	18534
104918	-1.249141e-06	1.711502e-07	5.761320e-07	15425
435945	-1.242836e-06	1.711560e-07	5.836577e-07	18534
96662	-1.249219e-06	1.711834e-07	5.759529e-07	15425
427689	-1.242915e-06	1.711891e-07	5.834795e-07	18534
88406	-1.249297e-06	1.712166e-07	5.757738e-07	15425
419433	-1.242994e-06	1.712221e-07	5.833013e-07	18534
80150	-1.249375e-06	1.712498e-07	5.755946e-07	15425
411177	-1.243073e-06	1.712552e-07	5.831230e-07	18534
71894	-1.249453e-06	1.712830e-07	5.754155e-07	15425
402921	-1.243152e-06	1.712882e-07	5.829448e-07	18534
63638	-1.249531e-06	1.713162e-07	5.752363e-07	15425
394665	-1.243231e-06	1.713212e-07	5.827666e-07	18534
55382	-1.249609e-06	1.713494e-07	5.750571e-07	15425
386409	-1.243310e-06	1.713543e-07	5.825883e-07	18534
47126	-1.249687e-06	1.713827e-07	5.748780e-07	15425
378153	-1.243389e-06	1.713873e-07	5.824101e-07	18534
38870	-1.249765e-06	1.714159e-07	5.746988e-07	15425
369897	-1.243468e-06	1.714204e-07	5.822317e-07	18534
30614	-1.249842e-06	1.714491e-07	5.745196e-07	15425
361641	-1.243547e-06	1.714535e-07	5.820535e-07	18534
22358	-1.249920e-06	1.714823e-07	5.743404e-07	15425
353385	-1.243626e-06	1.714865e-07	5.818752e-07	18534
14102	-1.249998e-06	1.715156e-07	5.741612e-07	15425
345129	-1.243705e-06	1.715196e-07	5.816968e-07	18534
5846	-1.250076e-06	1.715488e-07	5.739819e-07	15425
336873	-1.243784e-06	1.715526e-07	5.815185e-07	18534
328617	-1.243862e-06	1.715857e-07	5.813402e-07	18534
320361	-1.243941e-06	1.716188e-07	5.811618e-07	18534
312105	-1.244020e-06	1.716518e-07	5.809835e-07	18534
303849	-1.244099e-06	1.716849e-07	5.808051e-07	18534
295593	-1.244177e-06	1.717180e-07	5.806267e-07	18534
287337	-1.244256e-06	1.717510e-07	5.804483e-07	18534
279081	-1.244335e-06	1.717841e-07	5.802699e-07	18534
270825	-1.244413e-06	1.718172e-07	5.800915e-07	18534
262569	-1.244492e-06	1.718503e-07	5.799131e-07	18534
254313	-1.244570e-06	1.718834e-07	5.797346e-07	18534
246057	-1.244649e-06	1.719165e-07	5.795562e-07	18534
237801	-1.244727e-06	1.719495e-07	5.793777e-07	18534
229545	-1.244806e-06	1.719826e-07	5.791993e-07	18534
221289	-1.244884e-06	1.720157e-07	5.790208e-07	18534
213033	-1.244963e-06	1.720488e-07	5.788423e-07	18534
204777	-1.245041e-06	1.720819e-07	5.786637e-07	18534
196521	-1.245120e-06	1.721150e-07	5.784852e-07	18534
188265	-1.245198e-06	1.721481e-07	5.783067e-07	18534
180009	-1.245276e-06	1.721812e-07	5.781282e-07	18534
171753	-1.245355e-06	1.722143e-07	5.779496e-07	18534
1153498	-1.317483e-06	1.722290e-07	6.309588e-07	15681
163497	-1.245433e-06	1.722474e-07	5.777711e-07	18534
1145242	-1.317569e-06	1.722641e-07	6.307698e-07	15681
155241	-1.245511e-06	1.722805e-07	5.775925e-07	18534
1136986	-1.317655e-06	1.722991e-07	6.305809e-07	15681
146985	-1.245589e-06	1.723136e-07	5.774139e-07	18534
1128730	-1.317740e-06	1.723341e-07	6.303920e-07	15681
138729	-1.245667e-06	1.723468e-07	5.772353e-07	18534
1120474	-1.317826e-06	1.723691e-07	6.302030e-07	15681
130473	-1.245746e-06	1.723799e-07	5.770567e-07	18534
1112218	-1.317912e-06	1.724042e-07	6.300141e-07	15681
122217	-1.245824e-06	1.724130e-07	5.768781e-07	18534
1103962	-1.317998e-06	1.724392e-07	6.298251e-07	15681
113961	-1.245902e-06	1.724461e-07	5.766994e-07	18534
1095706	-1.318083e-06	1.724742e-07	6.296361e-07	15681
105705	-1.245980e-06	1.724792e-07	5.765208e-07	18534
1087450	-1.318169e-06	1.725093e-07	6.294471e-07	15681
97449	-1.246058e-06	1.725123e-07	5.763421e-07	18534
1079194	-1.318255e-06	1.725443e-07	6.292581e-07	15681
89193	-1.246136e-06	1.725455e-07	5.761635e-07	18534
80937	-1.246214e-06	1.725786e-07	5.759848e-07	18534
1070938	-1.318340e-06	1.725794e-07	6.290691e-07	15681
72681	-1.246292e-06	1.726117e-07	5.758061e-07	18534
1062682	-1.318426e-06	1.726144e-07	6.288801e-07	15681
64425	-1.246370e-06	1.726449e-07	5.756274e-07	18534
1054426	-1.318511e-06	1.726495e-07	6.286911e-07	15681
56169	-1.246448e-06	1.726780e-07	5.754487e-07	18534
1046170	-1.318597e-06	1.726845e-07	6.285020e-07	15681
47913	-1.246526e-06	1.727111e-07	5.752700e-07	18534
1037914	-1.318683e-06	1.727196e-07	6.283129e-07	15681
39657	-1.246604e-06	1.727443e-07	5.750912e-07	18534
1029658	-1.318768e-06	1.727546e-07	6.281239e-07	15681
31401	-1.246682e-06	1.727774e-07	5.749125e-07	18534
1021402	-1.318853e-06	1.727897e-07	6.279348e-07	15681
23145	-1.246759e-06	1.728105e-07	5.747337e-07	18534
1013146	-1.318939e-06	1.728247e-07	6.277456e-07	15681
14889	-1.246837e-06	1.728437e-07	5.745550e-07	18534
1004890	-1.319024e-06	1.728598e-07	6.275565e-07	15681
6633	-1.246915e-06	1.728768e-07	5.743762e-07	18534
996634	-1.319110e-06	1.728948e-07	6.273674e-07	15681
988378	-1.319195e-06	1.729299e-07	6.271783e-07	15681
980122	-1.319280e-06	1.729650e-07	6.269891e-07	15681
971866	-1.319366e-06	1.730000e-07	6.267999e-07	15681
963610	-1.319451e-06	1.730351e-07	6.266108e-07	15681
955354	-1.319536e-06	1.730702e-07	6.264216e-07	15681
947098	-1.319621e-06	1.731053e-07	6.262324e-07	15681
938842	-1.319706e-06	1.731404e-07	6.260432e-07	15681
930586	-1.319792e-06	1.731754e-07	6.258539e-07	15681
922330	-1.319877e-06	1.732105e-07	6.256647e-07	15681
914074	-1.319962e-06	1.732456e-07	6.254755e-07	15681
905818	-1.320047e-06	1.732807e-07	6.252862e-07	15681
897562	-1.320132e-06	1.733158e-07	6.250969e-07	15681
889306	-1.320217e-06	1.733509e-07	6.249077e-07	15681
881050	-1.320302e-06	1.733860e-07	6.247183e-07	15681
872794	-1.320387e-06	1.734211e-07	6.245290e-07	15681
864538	-1.320472e-06	1.734562e-07	6.243397e-07	15681
856282	-1.320557e-06	1.734913e-07	6.241504e-07	15681
848026	-1.320641e-06	1.735264e-07	6.239610e-07	15681
839770	-1.320726e-06	1.735615e-07	6.237717e-07	15681
831514	-1.320811e-06	1.735966e-07	6.235823e-07	15681
823258	-1.320896e-06	1.736317e-07	6.233929e-07	15681
815002	-1.320981e-06	1.736668e-07	6.232035e-07	15681
806746	-1.321065e-06	1.737019e-07	6.230141e-07	15681
798490	-1.321150e-06	1.737370e-07	6.228247e-07	15681
790234	-1.321235e-06	1.737722e-07	6.226352e-07	15681
781978	-1.321319e-06	1.738073e-07	6.224458e-07	15681
773722	-1.321404e-06	1.738424e-07	6.222564e-07	15681
765466	-1.321489e-06	1.738776e-07	6.220669e-07	15681
757210	-1.321573e-06	1.739127e-07	6.218774e-07	15681
748954	-1.321658e-06	1.739478e-07	6.216879e-07	15681
740698	-1.321742e-06	1.739830e-07	6.214984e-07	15681
732442	-1.321827e-06	1.740181e-07	6.213089e-07	15681
724186	-1.321911e-06	1.740532e-07	6.211193e-07	15681
715930	-1.321995e-06	1.740884e-07	6.209298e-07	15681
707674	-1.322080e-06	1.741235e-07	6.207403e-07	15681
699418	-1.322164e-06	1.741587e-07	6.205507e-07	15681
691162	-1.322249e-06	1.741938e-07	6.203611e-07	15681
682906	-1.322333e-06	1.742289e-07	6.201715e-07	15681
674650	-1.322417e-06	1.742641e-07	6.199819e-07	15681
666394	-1.322501e-06	1.742993e-07	6.197923e-07	15681
658138	-1.322586e-06	1.743344e-07	6.196027e-07	15681
649882	-1.322670e-06	1.743696e-07	6.194131e-07	15681
641626	-1.322754e-06	1.744047e-07	6.192234e-07	15681
633370	-1.322838e-06	1.744399e-07	6.190338e-07	15681
625114	-1.322922e-06	1.744751e-07	6.188441e-07	15681
616858	-1.323006e-06	1.745102e-07	6.186544e-07	15681
608602	-1.323090e-06	1.745454e-07	6.184647e-07	15681
600346	-1.323174e-06	1.745806e-07	6.182750e-07	15681
592090	-1.323258e-06	1.746157e-07	6.180853e-07	15681
583834	-1.323342e-06	1.746509e-07	6.178955e-07	15681
575578	-1.323426e-06	1.746861e-07	6.177058e-07	15681
567322	-1.323510e-06	1.747213e-07	6.175160e-07	15681
559066	-1.323594e-06	1.747565e-07	6.173262e-07	15681
550810	-1.323678e-06	1.747917e-07	6.171364e-07	15681
542554	-1.323762e-06	1.748268e-07	6.169466e-07	15681
534298	-1.323845e-06	1.748620e-07	6.167568e-07	15681
526042	-1.323929e-06	1.748972e-07	6.165670e-07	15681
517786	-1.324013e-06	1.749324e-07	6.163772e-07	15681
509530	-1.324097e-06	1.749676e-07	6.161874e-07	15681
501274	-1.324180e-06	1.750028e-07	6.159975e-07	15681
493018	-1.324264e-06	1.750380e-07	6.158076e-07	15681
484762	-1.324348e-06	1.750732e-07	6.156178e-07	15681
476506	-1.324431e-06	1.751084e-07	6.154279e-07	15681
468250	-1.324515e-06	1.751436e-07	6.152380e-07	15681
459994	-1.324598e-06	1.751789e-07	6.150481e-07	15681
451738	-1.324682e-06	1.752141e-07	6.148581e-07	15681
443482	-1.324765e-06	1.752493e-07	6.146682e-07	15681
435226	-1.324849e-06	1.752845e-07	6.144782e-07	15681
426970	-1.324932e-06	1.753197e-07	6.142883e-07	15681
418714	-1.325016e-06	1.753549e-07	6.140983e-07	15681
410458	-1.325099e-06	1.753902e-07	6.139083e-07	15681
402202	-1.325182e-06	1.754254e-07	6.137183e-07	15681
393946	-1.325266e-06	1.754606e-07	6.135283e-07	15681
385690	-1.325349e-06	1.754958e-07	6.133383e-07	15681
377434	-1.325432e-06	1.755311e-07	6.131482e-07	15681
369178	-1.325516e-06	1.755663e-07	6.129582e-07	15681
360922	-1.325599e-06	1.756016e-07	6.127681e-07	15681
352666	-1.325682e-06	1.756368e-07	6.125780e-07	15681
344410	-1.325765e-06	1.756720e-07	6.123880e-07	15681
336154	-1.325848e-06	1.757073e-07	6.121979e-07	15681
327898	-1.325931e-06	1.757425e-07	6.120078e-07	15681
319642	-1.326014e-06	1.757778e-07	6.118177e-07	15681
311386	-1.326097e-06	1.758130e-07	6.116275e-07	15681
303130	-1.326180e-06	1.758483e-07	6.114374e-07	15681
294874	-1.326263e-06	1.758835e-07	6.112472e-07	15681
286618	-1.326346e-06	1.759188e-07	6.110571e-07	15681
278362	-1.326429e-06	1.759541e-07	6.108669e-07	15681
270106	-1.326512e-06	1.759893e-07	6.106767e-07	15681
261850	-1.326595e-06	1.760246e-07	6.104865e-07	15681
253594	-1.326678e-06	1.760598e-07	6.102963e-07	15681
245338	-1.326761e-06	1.760951e-07	6.101061e-07	15681
237082	-1.326843e-06	1.761304e-07	6.099158e-07	15681
228826	-1.326926e-06	1.761657e-07	6.097256e-07	15681
220570	-1.327009e-06	1.762009e-07	6.095353e-07	15681
212314	-1.327092e-06	1.762362e-07	6.093451e-07	15681
204058	-1.327174e-06	1.762715e-07	6.091548e-07	15681
195802	-1.327257e-06	1.763068e-07	6.089645e-07	15681
187546	-1.327340e-06	1.763421e-07	6.087741e-07	15681
179290	-1.327422e-06	1.763773e-07	6.085838e-07	15681
171034	-1.327505e-06	1.764126e-07	6.083935e-07	15681
162778	-1.327587e-06	1.764479e-07	6.082032e-07	15681
154522	-1.327670e-06	1.764832e-07	6.080128e-07	15681
146266	-1.327752e-06	1.765185e-07	6.078225e-07	15681
138010	-1.327835e-06	1.765538e-07	6.076320e-07	15681
129754	-1.327917e-06	1.765891e-07	6.074417e-07	15681
121498	-1.327999e-06	1.766244e-07	6.072513e-07	15681
113242	-1.328082e-06	1.766597e-07	6.070609e-07	15681
104986	-1.328164e-06	1.766950e-07	6.068705e-07	15681
96730	-1.328246e-06	1.767303e-07	6.066800e-07	15681
88474	-1.328329e-06	1.767656e-07	6.064896e-07	15681
80218	-1.328411e-06	1.768010e-07	6.062991e-07	15681
71962	-1.328493e-06	1.768363e-07	6.061086e-07	15681
63706	-1.328575e-06	1.768716e-07	6.059182e-07	15681
55450	-1.328658e-06	1.769069e-07	6.057276e-07	15681
47194	-1.328740e-06	1.769422e-07	6.055371e-07	15681
38938	-1.328822e-06	1.769776e-07	6.053466e-07	15681
30682	-1.328904e-06	1.770129e-07	6.051561e-07	15681
22426	-1.328986e-06	1.770482e-07	6.049655e-07	15681
14170	-1.329068e-06	1.770835e-07	6.047750e-07	15681
5914	-1.329150e-06	1.771189e-07	6.045844e-07	15681
1149449	-1.063354e-06	1.878375e-07	5.438683e-07	4162
1141193	-1.063427e-06	1.878657e-07	5.437158e-07	4162
1132937	-1.063500e-06	1.878940e-07	5.435634e-07	4162
1124681	-1.063573e-06	1.879223e-07	5.434109e-07	4162
1116425	-1.063646e-06	1.879505e-07	5.432584e-07	4162
1108169	-1.063719e-06	1.879788e-07	5.431059e-07	4162
1099913	-1.063792e-06	1.880071e-07	5.429534e-07	4162
1091657	-1.063864e-06	1.880354e-07	5.428008e-07	4162
1083401	-1.063937e-06	1.880636e-07	5.426483e-07	4162
1075145	-1.064010e-06	1.880919e-07	5.424957e-07	4162
1066889	-1.064083e-06	1.881202e-07	5.423432e-07	4162
1058633	-1.064155e-06	1.881485e-07	5.421906e-07	4162
1050377	-1.064228e-06	1.881768e-07	5.420380e-07	4162
1042121	-1.064301e-06	1.882050e-07	5.418855e-07	4162
1033865	-1.064374e-06	1.882333e-07	5.417328e-07	4162
1025609	-1.064446e-06	1.882616e-07	5.415802e-07	4162
1017353	-1.064519e-06	1.882899e-07	5.414276e-07	4162
1009097	-1.064591e-06	1.883182e-07	5.412750e-07	4162
1000841	-1.064664e-06	1.883465e-07	5.411223e-07	4162
992585	-1.064737e-06	1.883748e-07	5.409697e-07	4162
984329	-1.064809e-06	1.884031e-07	5.408170e-07	4162
976073	-1.064882e-06	1.884314e-07	5.406644e-07	4162
967817	-1.064954e-06	1.884597e-07	5.405117e-07	4162
959561	-1.065027e-06	1.884880e-07	5.403590e-07	4162
951305	-1.065099e-06	1.885163e-07	5.402063e-07	4162
943049	-1.065172e-06	1.885446e-07	5.400536e-07	4162
934793	-1.065244e-06	1.885730e-07	5.399008e-07	4162
926537	-1.065316e-06	1.886013e-07	5.397481e-07	4162
918281	-1.065389e-06	1.886296e-07	5.395954e-07	4162
910025	-1.065461e-06	1.886579e-07	5.394426e-07	4162
901769	-1.065533e-06	1.886862e-07	5.392898e-07	4162
893513	-1.065606e-06	1.887146e-07	5.391370e-07	4162
885257	-1.065678e-06	1.887429e-07	5.389842e-07	4162
877001	-1.065750e-06	1.887712e-07	5.388314e-07	4162
868745	-1.065822e-06	1.887995e-07	5.386786e-07	4162
860489	-1.065895e-06	1.888279e-07	5.385259e-07	4162
852233	-1.065967e-06	1.888562e-07	5.383730e-07	4162
843977	-1.066039e-06	1.888845e-07	5.382201e-07	4162
835721	-1.066111e-06	1.889129e-07	5.380673e-07	4162
827465	-1.066183e-06	1.889412e-07	5.379144e-07	4162
819209	-1.066255e-06	1.889695e-07	5.377616e-07	4162
810953	-1.066327e-06	1.889979e-07	5.376087e-07	4162
802697	-1.066399e-06	1.890262e-07	5.374558e-07	4162
794441	-1.066471e-06	1.890546e-07	5.373029e-07	4162
786185	-1.066543e-06	1.890829e-07	5.371500e-07	4162
777929	-1.066615e-06	1.891113e-07	5.369971e-07	4162
769673	-1.066687e-06	1.891396e-07	5.368441e-07	4162
761417	-1.066759e-06	1.891680e-07	5.366912e-07	4162
753161	-1.066831e-06	1.891963e-07	5.365383e-07	4162
744905	-1.066903e-06	1.892247e-07	5.363853e-07	4162
736649	-1.066975e-06	1.892530e-07	5.362323e-07	4162
728393	-1.067047e-06	1.892814e-07	5.360793e-07	4162
720137	-1.067119e-06	1.893098e-07	5.359263e-07	4162
711881	-1.067190e-06	1.893381e-07	5.357733e-07	4162
703625	-1.067262e-06	1.893665e-07	5.356203e-07	4162
695369	-1.067334e-06	1.893949e-07	5.354673e-07	4162
687113	-1.067406e-06	1.894232e-07	5.353143e-07	4162
678857	-1.067477e-06	1.894516e-07	5.351612e-07	4162
670601	-1.067549e-06	1.894800e-07	5.350082e-07	4162
662345	-1.067621e-06	1.895084e-07	5.348551e-07	4162
654089	-1.067692e-06	1.895367e-07	5.347020e-07	4162
645833	-1.067764e-06	1.895651e-07	5.345489e-07	4162
637577	-1.067835e-06	1.895935e-07	5.343958e-07	4162
629321	-1.067907e-06	1.896219e-07	5.342428e-07	4162
621065	-1.067979e-06	1.896503e-07	5.340896e-07	4162
612809	-1.068050e-06	1.896787e-07	5.339365e-07	4162
604553	-1.068122e-06	1.897071e-07	5.337833e-07	4162
596297	-1.068193e-06	1.897354e-07	5.336302e-07	4162
588041	-1.068265e-06	1.897638e-07	5.334770e-07	4162
579785	-1.068336e-06	1.897922e-07	5.333239e-07	4162
571529	-1.068407e-06	1.898206e-07	5.331707e-07	4162
563273	-1.068479e-06	1.898490e-07	5.330175e-07	4162
555017	-1.068550e-06	1.898774e-07	5.328643e-07	4162
546761	-1.068621e-06	1.899058e-07	5.327111e-07	4162
538505	-1.068693e-06	1.899342e-07	5.325579e-07	4162
530249	-1.068764e-06	1.899626e-07	5.324047e-07	4162
521993	-1.068835e-06	1.899910e-07	5.322514e-07	4162
513737	-1.068907e-06	1.900195e-07	5.320982e-07	4162
505481	-1.068978e-06	1.900479e-07	5.319449e-07	4162
497225	-1.069049e-06	1.900763e-07	5.317916e-07	4162
488969	-1.069120e-06	1.901047e-07	5.316384e-07	4162
480713	-1.069191e-06	1.901331e-07	5.314851e-07	4162
472457	-1.069263e-06	1.901615e-07	5.313318e-07	4162
464201	-1.069334e-06	1.901900e-07	5.311784e-07	4162
455945	-1.069405e-06	1.902184e-07	5.310251e-07	4162
447689	-1.069476e-06	1.902468e-07	5.308718e-07	4162
439433	-1.069547e-06	1.902752e-07	5.307185e-07	4162
431177	-1.069618e-06	1.903037e-07	5.305651e-07	4162
422921	-1.069689e-06	1.903321e-07	5.304117e-07	4162
414665	-1.069760e-06	1.903605e-07	5.302584e-07	4162
406409	-1.069831e-06	1.903890e-07	5.301050e-07	4162
398153	-1.069902e-06	1.904174e-07	5.299516e-07	4162
389897	-1.069973e-06	1.904458e-07	5.297982e-07	4162
381641	-1.070044e-06	1.904743e-07	5.296448e-07	4162
373385	-1.070114e-06	1.905027e-07	5.294913e-07	4162
365129	-1.070185e-06	1.905312e-07	5.293379e-07	4162
356873	-1.070256e-06	1.905596e-07	5.291845e-07	4162
348617	-1.070327e-06	1.905881e-07	5.290310e-07	4162
340361	-1.070398e-06	1.906165e-07	5.288775e-07	4162
332105	-1.070468e-06	1.906450e-07	5.287241e-07	4162
323849	-1.070539e-06	1.906734e-07	5.285706e-07	4162
315593	-1.070610e-06	1.907019e-07	5.284171e-07	4162
307337	-1.070681e-06	1.907303e-07	5.282636e-07	4162
299081	-1.070751e-06	1.907588e-07	5.281101e-07	4162
290825	-1.070822e-06	1.907873e-07	5.279566e-07	4162
282569	-1.070892e-06	1.908157e-07	5.278030e-07	4162
274313	-1.070963e-06	1.908442e-07	5.276495e-07	4162
266057	-1.071034e-06	1.908727e-07	5.274959e-07	4162
257801	-1.071104e-06	1.909011e-07	5.273424e-07	4162
249545	-1.071175e-06	1.909296e-07	5.271888e-07	4162
241289	-1.071245e-06	1.909581e-07	5.270352e-07	4162
233033	-1.071316e-06	1.909866e-07	5.268816e-07	4162
224777	-1.071386e-06	1.910150e-07	5.267280e-07	4162
216521	-1.071456e-06	1.910435e-07	5.265744e-07	4162
208265	-1.071527e-06	1.910720e-07	5.264208e-07	4162
200009	-1.071597e-06	1.911005e-07	5.262671e-07	4162
191753	-1.071668e-06	1.911290e-07	5.261135e-07	4162
183497	-1.071738e-06	1.911574e-07	5.259598e-07	4162
175241	-1.071808e-06	1.911859e-07	5.258061e-07	4162
166985	-1.071879e-06	1.912144e-07	5.256525e-07	4162
158729	-1.071949e-06	1.912429e-07	5.254988e-07	4162
150473	-1.072019e-06	1.912714e-07	5.253451e-07	4162
142217	-1.072089e-06	1.912999e-07	5.251914e-07	4162
133961	-1.072160e-06	1.913284e-07	5.250376e-07	4162
125705	-1.072230e-06	1.913569e-07	5.248839e-07	4162
117449	-1.072300e-06	1.913854e-07	5.247302e-07	4162
109193	-1.072370e-06	1.914139e-07	5.245764e-07	4162
100937	-1.072440e-06	1.914424e-07	5.244227e-07	4162
92681	-1.072510e-06	1.914709e-07	5.242689e-07	4162
84425	-1.072580e-06	1.914994e-07	5.241151e-07	4162
76169	-1.072650e-06	1.915279e-07	5.239614e-07	4162
67913	-1.072720e-06	1.915565e-07	5.238076e-07	4162
59657	-1.072790e-06	1.915850e-07	5.236537e-07	4162
51401	-1.072860e-06	1.916135e-07	5.234999e-07	4162
43145	-1.072930e-06	1.916420e-07	5.233461e-07	4162
34889	-1.073000e-06	1.916705e-07	5.231923e-07	4162
26633	-1.073070e-06	1.916990e-07	5.230384e-07	4162
18377	-1.073140e-06	1.917276e-07	5.228846e-07	4162
10121	-1.073210e-06	1.917561e-07	5.227307e-07	4162
1865	-1.073280e-06	1.917846e-07	5.225768e-07	4162
1154160	-1.338458e-06	2.074128e-07	6.669560e-07	18278
1145904	-1.338548e-06	2.074484e-07	6.667641e-07	18278
1137648	-1.338638e-06	2.074840e-07	6.665722e-07	18278
1129392	-1.338728e-06	2.075195e-07	6.663802e-07	18278
1121136	-1.338818e-06	2.075551e-07	6.661883e-07	18278
1112880	-1.338908e-06	2.075907e-07	6.659963e-07	18278
1104624	-1.338998e-06	2.076263e-07	6.658044e-07	18278
1096368	-1.339088e-06	2.076619e-07	6.656124e-07	18278
1088112	-1.339178e-06	2.076975e-07	6.654204e-07	18278
1079856	-1.339268e-06	2.077331e-07	6.652284e-07	18278
1071600	-1.339358e-06	2.077687e-07	6.650363e-07	18278
1063344	-1.339448e-06	2.078043e-07	6.648443e-07	18278
1055088	-1.339537e-06	2.078399e-07	6.646522e-07	18278
1046832	-1.339627e-06	2.078755e-07	6.644602e-07	18278
1038576	-1.339717e-06	2.079111e-07	6.642681e-07	18278
1030320	-1.339807e-06	2.079467e-07	6.640760e-07	18278
1022064	-1.339896e-06	2.079823e-07	6.638839e-07	18278
1013808	-1.339986e-06	2.080179e-07	6.636918e-07	18278
1005552	-1.340076e-06	2.080536e-07	6.634996e-07	18278
997296	-1.340165e-06	2.080892e-07	6.633075e-07	18278
989040	-1.340255e-06	2.081248e-07	6.631153e-07	18278
980784	-1.340344e-06	2.081604e-07	6.629232e-07	18278
972528	-1.340434e-06	2.081961e-07	6.627310e-07	18278
964272	-1.340523e-06	2.082317e-07	6.625388e-07	18278
956016	-1.340613e-06	2.082673e-07	6.623466e-07	18278
947760	-1.340702e-06	2.083029e-07	6.621544e-07	18278
939504	-1.340791e-06	2.083386e-07	6.619621e-07	18278
931248	-1.340881e-06	2.083742e-07	6.617699e-07	18278
922992	-1.340970e-06	2.084099e-07	6.615776e-07	18278
914736	-1.341059e-06	2.084455e-07	6.613853e-07	18278
906480	-1.341149e-06	2.084812e-07	6.611930e-07	18278
898224	-1.341238e-06	2.085168e-07	6.610007e-07	18278
889968	-1.341327e-06	2.085525e-07	6.608084e-07	18278
881712	-1.341416e-06	2.085881e-07	6.606161e-07	18278
873456	-1.341505e-06	2.086238e-07	6.604238e-07	18278
865200	-1.341595e-06	2.086594e-07	6.602314e-07	18278
856944	-1.341684e-06	2.086951e-07	6.600391e-07	18278
848688	-1.341773e-06	2.087308e-07	6.598467e-07	18278
840432	-1.341862e-06	2.087664e-07	6.596543e-07	18278
832176	-1.341951e-06	2.088021e-07	6.594619e-07	18278
823920	-1.342040e-06	2.088378e-07	6.592695e-07	18278
815664	-1.342129e-06	2.088734e-07	6.590771e-07	18278
807408	-1.342218e-06	2.089091e-07	6.588846e-07	18278
799152	-1.342307e-06	2.089448e-07	6.586922e-07	18278
790896	-1.342396e-06	2.089805e-07	6.584997e-07	18278
782640	-1.342484e-06	2.090162e-07	6.583073e-07	18278
774384	-1.342573e-06	2.090518e-07	6.581148e-07	18278
766128	-1.342662e-06	2.090875e-07	6.579223e-07	18278
757872	-1.342751e-06	2.091232e-07	6.577297e-07	18278
749616	-1.342839e-06	2.091589e-07	6.575372e-07	18278
741360	-1.342928e-06	2.091946e-07	6.573447e-07	18278
733104	-1.343017e-06	2.092303e-07	6.571522e-07	18278
724848	-1.343106e-06	2.092660e-07	6.569596e-07	18278
716592	-1.343194e-06	2.093017e-07	6.567670e-07	18278
708336	-1.343283e-06	2.093374e-07	6.565744e-07	18278
700080	-1.343371e-06	2.093731e-07	6.563818e-07	18278
691824	-1.343460e-06	2.094088e-07	6.561892e-07	18278
683568	-1.343548e-06	2.094446e-07	6.559965e-07	18278
675312	-1.343637e-06	2.094803e-07	6.558039e-07	18278
667056	-1.343725e-06	2.095160e-07	6.556112e-07	18278
658800	-1.343814e-06	2.095517e-07	6.554186e-07	18278
650544	-1.343902e-06	2.095874e-07	6.552259e-07	18278
642288	-1.343990e-06	2.096231e-07	6.550332e-07	18278
634032	-1.344079e-06	2.096589e-07	6.548405e-07	18278
625776	-1.344167e-06	2.096946e-07	6.546478e-07	18278
617520	-1.344255e-06	2.097303e-07	6.544551e-07	18278
609264	-1.344344e-06	2.097661e-07	6.542624e-07	18278
601008	-1.344432e-06	2.098018e-07	6.540696e-07	18278
592752	-1.344520e-06	2.098375e-07	6.538768e-07	18278
584496	-1.344608e-06	2.098733e-07	6.536840e-07	18278
576240	-1.344696e-06	2.099090e-07	6.534912e-07	18278
567984	-1.344784e-06	2.099448e-07	6.532984e-07	18278
559728	-1.344872e-06	2.099805e-07	6.531056e-07	18278
551472	-1.344960e-06	2.100163e-07	6.529128e-07	18278
543216	-1.345048e-06	2.100520e-07	6.527199e-07	18278
534960	-1.345136e-06	2.100878e-07	6.525271e-07	18278
526704	-1.345224e-06	2.101235e-07	6.523342e-07	18278
518448	-1.345312e-06	2.101593e-07	6.521414e-07	18278
510192	-1.345400e-06	2.101950e-07	6.519484e-07	18278
501936	-1.345488e-06	2.102308e-07	6.517555e-07	18278
493680	-1.345576e-06	2.102666e-07	6.515626e-07	18278
485424	-1.345664e-06	2.103023e-07	6.513696e-07	18278
477168	-1.345752e-06	2.103381e-07	6.511767e-07	18278
468912	-1.345839e-06	2.103739e-07	6.509838e-07	18278
460656	-1.345927e-06	2.104097e-07	6.507908e-07	18278
452400	-1.346015e-06	2.104454e-07	6.505978e-07	18278
444144	-1.346102e-06	2.104812e-07	6.504048e-07	18278
435888	-1.346190e-06	2.105170e-07	6.502118e-07	18278
427632	-1.346278e-06	2.105528e-07	6.500188e-07	18278
419376	-1.346365e-06	2.105886e-07	6.498258e-07	18278
411120	-1.346453e-06	2.106243e-07	6.496327e-07	18278
402864	-1.346540e-06	2.106601e-07	6.494396e-07	18278
394608	-1.346628e-06	2.106959e-07	6.492466e-07	18278
386352	-1.346715e-06	2.107317e-07	6.490535e-07	18278
378096	-1.346803e-06	2.107675e-07	6.488604e-07	18278
369840	-1.346890e-06	2.108033e-07	6.486673e-07	18278
361584	-1.346978e-06	2.108391e-07	6.484742e-07	18278
353328	-1.347065e-06	2.108749e-07	6.482811e-07	18278
345072	-1.347152e-06	2.109108e-07	6.480879e-07	18278
336816	-1.347240e-06	2.109466e-07	6.478948e-07	18278
328560	-1.347327e-06	2.109824e-07	6.477016e-07	18278
320304	-1.347414e-06	2.110182e-07	6.475084e-07	18278
312048	-1.347501e-06	2.110540e-07	6.473152e-07	18278
303792	-1.347588e-06	2.110898e-07	6.471220e-07	18278
295536	-1.347676e-06	2.111257e-07	6.469288e-07	18278
287280	-1.347763e-06	2.111615e-07	6.467355e-07	18278
279024	-1.347850e-06	2.111973e-07	6.465423e-07	18278
270768	-1.347937e-06	2.112331e-07	6.463490e-07	18278
262512	-1.348024e-06	2.112690e-07	6.461557e-07	18278
254256	-1.348111e-06	2.113048e-07	6.459625e-07	18278
246000	-1.348198e-06	2.113406e-07	6.457692e-07	18278
237744	-1.348285e-06	2.113765e-07	6.455759e-07	18278
229488	-1.348372e-06	2.114123e-07	6.453826e-07	18278
221232	-1.348459e-06	2.114482e-07	6.451892e-07	18278
212976	-1.348546e-06	2.114840e-07	6.449959e-07	18278
204720	-1.348633e-06	2.115198e-07	6.448025e-07	18278
196464	-1.348719e-06	2.115557e-07	6.446091e-07	18278
188208	-1.348806e-06	2.115916e-07	6.444158e-07	18278
179952	-1.348893e-06	2.116274e-07	6.442224e-07	18278
171696	-1.348980e-06	2.116633e-07	6.440289e-07	18278
163440	-1.349066e-06	2.116991e-07	6.438356e-07	18278
155184	-1.349153e-06	2.117350e-07	6.436421e-07	18278
146928	-1.349240e-06	2.117709e-07	6.434487e-07	18278
138672	-1.349326e-06	2.118067e-07	6.432552e-07	18278
130416	-1.349413e-06	2.118426e-07	6.430618e-07	18278
122160	-1.349499e-06	2.118785e-07	6.428683e-07	18278
113904	-1.349586e-06	2.119143e-07	6.426748e-07	18278
105648	-1.349672e-06	2.119502e-07	6.424813e-07	18278
97392	-1.349759e-06	2.119861e-07	6.422877e-07	18278
89136	-1.349845e-06	2.120220e-07	6.420942e-07	18278
80880	-1.349932e-06	2.120579e-07	6.419007e-07	18278
72624	-1.350018e-06	2.120937e-07	6.417071e-07	18278
64368	-1.350104e-06	2.121296e-07	6.415136e-07	18278
56112	-1.350191e-06	2.121655e-07	6.413200e-07	18278
47856	-1.350277e-06	2.122014e-07	6.411263e-07	18278
39600	-1.350363e-06	2.122373e-07	6.409327e-07	18278
31344	-1.350450e-06	2.122732e-07	6.407391e-07	18278
23088	-1.350536e-06	2.123091e-07	6.405455e-07	18278
14832	-1.350622e-06	2.123450e-07	6.403519e-07	18278
6576	-1.350708e-06	2.123809e-07	6.401582e-07	18278
1151449	-1.190435e-06	2.299033e-07	6.254168e-07	9069
1143193	-1.190518e-06	2.299349e-07	6.252461e-07	9069
1134937	-1.190602e-06	2.299666e-07	6.250754e-07	9069
1126681	-1.190685e-06	2.299982e-07	6.249047e-07	9069
1118425	-1.190769e-06	2.300299e-07	6.247340e-07	9069
1110169	-1.190852e-06	2.300615e-07	6.245633e-07	9069
1101913	-1.190936e-06	2.300931e-07	6.243926e-07	9069
1093657	-1.191019e-06	2.301248e-07	6.242218e-07	9069
1085401	-1.191102e-06	2.301565e-07	6.240510e-07	9069
1077145	-1.191186e-06	2.301881e-07	6.238802e-07	9069
1068889	-1.191269e-06	2.302198e-07	6.237094e-07	9069
1060633	-1.191352e-06	2.302514e-07	6.235387e-07	9069
1052377	-1.191436e-06	2.302831e-07	6.233678e-07	9069
1044121	-1.191519e-06	2.303148e-07	6.231970e-07	9069
1035865	-1.191602e-06	2.303464e-07	6.230262e-07	9069
1027609	-1.191685e-06	2.303781e-07	6.228553e-07	9069
1019353	-1.191769e-06	2.304098e-07	6.226844e-07	9069
1011097	-1.191852e-06	2.304415e-07	6.225135e-07	9069
1002841	-1.191935e-06	2.304731e-07	6.223427e-07	9069
994585	-1.192018e-06	2.305048e-07	6.221718e-07	9069
986329	-1.192101e-06	2.305365e-07	6.220009e-07	9069
978073	-1.192184e-06	2.305682e-07	6.218299e-07	9069
969817	-1.192267e-06	2.305999e-07	6.216590e-07	9069
961561	-1.192350e-06	2.306316e-07	6.214880e-07	9069
953305	-1.192433e-06	2.306633e-07	6.213171e-07	9069
945049	-1.192516e-06	2.306950e-07	6.211461e-07	9069
936793	-1.192599e-06	2.307266e-07	6.209751e-07	9069
928537	-1.192682e-06	2.307583e-07	6.208041e-07	9069
920281	-1.192765e-06	2.307901e-07	6.206332e-07	9069
912025	-1.192847e-06	2.308217e-07	6.204621e-07	9069
903769	-1.192930e-06	2.308534e-07	6.202911e-07	9069
895513	-1.193013e-06	2.308852e-07	6.201200e-07	9069
887257	-1.193096e-06	2.309169e-07	6.199490e-07	9069
879001	-1.193178e-06	2.309486e-07	6.197779e-07	9069
870745	-1.193261e-06	2.309803e-07	6.196069e-07	9069
862489	-1.193344e-06	2.310120e-07	6.194358e-07	9069
854233	-1.193426e-06	2.310437e-07	6.192647e-07	9069
845977	-1.193509e-06	2.310754e-07	6.190936e-07	9069
837721	-1.193592e-06	2.311072e-07	6.189225e-07	9069
829465	-1.193674e-06	2.311389e-07	6.187513e-07	9069
821209	-1.193757e-06	2.311706e-07	6.185801e-07	9069
812953	-1.193839e-06	2.312023e-07	6.184090e-07	9069
804697	-1.193922e-06	2.312341e-07	6.182378e-07	9069
796441	-1.194004e-06	2.312658e-07	6.180666e-07	9069
788185	-1.194087e-06	2.312975e-07	6.178954e-07	9069
779929	-1.194169e-06	2.313293e-07	6.177242e-07	9069
771673	-1.194252e-06	2.313610e-07	6.175530e-07	9069
763417	-1.194334e-06	2.313928e-07	6.173818e-07	9069
755161	-1.194416e-06	2.314245e-07	6.172106e-07	9069
746905	-1.194499e-06	2.314563e-07	6.170393e-07	9069
738649	-1.194581e-06	2.314880e-07	6.168680e-07	9069
730393	-1.194663e-06	2.315198e-07	6.166968e-07	9069
722137	-1.194746e-06	2.315515e-07	6.165254e-07	9069
713881	-1.194828e-06	2.315833e-07	6.163542e-07	9069
705625	-1.194910e-06	2.316150e-07	6.161828e-07	9069
697369	-1.194992e-06	2.316468e-07	6.160115e-07	9069
689113	-1.195074e-06	2.316786e-07	6.158402e-07	9069
680857	-1.195156e-06	2.317103e-07	6.156688e-07	9069
672601	-1.195239e-06	2.317421e-07	6.154975e-07	9069
664345	-1.195321e-06	2.317739e-07	6.153261e-07	9069
656089	-1.195403e-06	2.318056e-07	6.151547e-07	9069
647833	-1.195485e-06	2.318374e-07	6.149833e-07	9069
639577	-1.195567e-06	2.318692e-07	6.148119e-07	9069
631321	-1.195649e-06	2.319010e-07	6.146405e-07	9069
623065	-1.195731e-06	2.319327e-07	6.144691e-07	9069
614809	-1.195813e-06	2.319645e-07	6.142976e-07	9069
606553	-1.195894e-06	2.319963e-07	6.141261e-07	9069
598297	-1.195976e-06	2.320281e-07	6.139547e-07	9069
590041	-1.196058e-06	2.320599e-07	6.137832e-07	9069
581785	-1.196140e-06	2.320917e-07	6.136117e-07	9069
573529	-1.196222e-06	2.321235e-07	6.134402e-07	9069
565273	-1.196304e-06	2.321552e-07	6.132687e-07	9069
557017	-1.196385e-06	2.321870e-07	6.130971e-07	9069
548761	-1.196467e-06	2.322189e-07	6.129256e-07	9069
540505	-1.196549e-06	2.322507e-07	6.127541e-07	9069
532249	-1.196630e-06	2.322825e-07	6.125825e-07	9069
523993	-1.196712e-06	2.323143e-07	6.124109e-07	9069
515737	-1.196794e-06	2.323461e-07	6.122394e-07	9069
507481	-1.196875e-06	2.323779e-07	6.120678e-07	9069
499225	-1.196957e-06	2.324097e-07	6.118962e-07	9069
490969	-1.197038e-06	2.324415e-07	6.117245e-07	9069
482713	-1.197120e-06	2.324733e-07	6.115529e-07	9069
474457	-1.197201e-06	2.325051e-07	6.113813e-07	9069
466201	-1.197283e-06	2.325370e-07	6.112096e-07	9069
457945	-1.197364e-06	2.325688e-07	6.110379e-07	9069
449689	-1.197446e-06	2.326006e-07	6.108663e-07	9069
441433	-1.197527e-06	2.326324e-07	6.106946e-07	9069
433177	-1.197608e-06	2.326643e-07	6.105229e-07	9069
424921	-1.197690e-06	2.326961e-07	6.103512e-07	9069
416665	-1.197771e-06	2.327279e-07	6.101794e-07	9069
408409	-1.197852e-06	2.327598e-07	6.100077e-07	9069
400153	-1.197934e-06	2.327916e-07	6.098360e-07	9069
391897	-1.198015e-06	2.328235e-07	6.096642e-07	9069
383641	-1.198096e-06	2.328553e-07	6.094924e-07	9069
375385	-1.198177e-06	2.328871e-07	6.093206e-07	9069
367129	-1.198258e-06	2.329190e-07	6.091489e-07	9069
358873	-1.198340e-06	2.329508e-07	6.089771e-07	9069
350617	-1.198421e-06	2.329827e-07	6.088052e-07	9069
342361	-1.198502e-06	2.330145e-07	6.086334e-07	9069
334105	-1.198583e-06	2.330464e-07	6.084616e-07	9069
325849	-1.198664e-06	2.330783e-07	6.082897e-07	9069
317593	-1.198745e-06	2.331101e-07	6.081178e-07	9069
309337	-1.198826e-06	2.331420e-07	6.079460e-07	9069
301081	-1.198907e-06	2.331739e-07	6.077741e-07	9069
292825	-1.198988e-06	2.332057e-07	6.076022e-07	9069
284569	-1.199069e-06	2.332376e-07	6.074303e-07	9069
276313	-1.199149e-06	2.332695e-07	6.072584e-07	9069
268057	-1.199230e-06	2.333013e-07	6.070864e-07	9069
259801	-1.199311e-06	2.333332e-07	6.069145e-07	9069
251545	-1.199392e-06	2.333651e-07	6.067425e-07	9069
243289	-1.199473e-06	2.333970e-07	6.065706e-07	9069
235033	-1.199553e-06	2.334288e-07	6.063986e-07	9069
226777	-1.199634e-06	2.334607e-07	6.062266e-07	9069
218521	-1.199715e-06	2.334926e-07	6.060546e-07	9069
210265	-1.199796e-06	2.335245e-07	6.058826e-07	9069
202009	-1.199876e-06	2.335564e-07	6.057106e-07	9069
193753	-1.199957e-06	2.335883e-07	6.055385e-07	9069
185497	-1.200037e-06	2.336202e-07	6.053664e-07	9069
177241	-1.200118e-06	2.336521e-07	6.051944e-07	9069
168985	-1.200199e-06	2.336840e-07	6.050223e-07	9069
160729	-1.200279e-06	2.337159e-07	6.048502e-07	9069
152473	-1.200360e-06	2.337478e-07	6.046782e-07	9069
144217	-1.200440e-06	2.337797e-07	6.045061e-07	9069
135961	-1.200521e-06	2.338116e-07	6.043339e-07	9069
127705	-1.200601e-06	2.338435e-07	6.041618e-07	9069
119449	-1.200681e-06	2.338754e-07	6.039896e-07	9069
111193	-1.200762e-06	2.339073e-07	6.038175e-07	9069
102937	-1.200842e-06	2.339393e-07	6.036453e-07	9069
94681	-1.200922e-06	2.339712e-07	6.034732e-07	9069
86425	-1.201003e-06	2.340031e-07	6.033010e-07	9069
78169	-1.201083e-06	2.340350e-07	6.031288e-07	9069
69913	-1.201163e-06	2.340669e-07	6.029566e-07	9069
61657	-1.201243e-06	2.340989e-07	6.027843e-07	9069
53401	-1.201323e-06	2.341308e-07	6.026121e-07	9069
45145	-1.201404e-06	2.341627e-07	6.024399e-07	9069
36889	-1.201484e-06	2.341947e-07	6.022676e-07	9069
28633	-1.201564e-06	2.342266e-07	6.020953e-07	9069
20377	-1.201644e-06	2.342586e-07	6.019230e-07	9069
12121	-1.201724e-06	2.342905e-07	6.017508e-07	9069
3865	-1.201804e-06	2.343224e-07	6.015784e-07	9069
1154812	-1.517254e-06	2.408596e-07	7.342357e-07	21595
1146556	-1.517353e-06	2.408999e-07	7.340182e-07	21595
1138300	-1.517451e-06	2.409403e-07	7.338006e-07	21595
1130044	-1.517550e-06	2.409806e-07	7.335830e-07	21595
1121788	-1.517649e-06	2.410210e-07	7.333654e-07	21595
1113532	-1.517748e-06	2.410613e-07	7.331478e-07	21595
1105276	-1.517846e-06	2.411016e-07	7.329302e-07	21595
1097020	-1.517945e-06	2.411420e-07	7.327126e-07	21595
1088764	-1.518044e-06	2.411823e-07	7.324949e-07	21595
1080508	-1.518142e-06	2.412227e-07	7.322773e-07	21595
1072252	-1.518241e-06	2.412631e-07	7.320596e-07	21595
1063996	-1.518339e-06	2.413034e-07	7.318419e-07	21595
1055740	-1.518438e-06	2.413438e-07	7.316242e-07	21595
1047484	-1.518536e-06	2.413841e-07	7.314065e-07	21595
1039228	-1.518635e-06	2.414245e-07	7.311888e-07	21595
1030972	-1.518733e-06	2.414649e-07	7.309710e-07	21595
1022716	-1.518831e-06	2.415052e-07	7.307532e-07	21595
1014460	-1.518930e-06	2.415456e-07	7.305355e-07	21595
1006204	-1.519028e-06	2.415860e-07	7.303177e-07	21595
997948	-1.519126e-06	2.416264e-07	7.300999e-07	21595
989692	-1.519225e-06	2.416668e-07	7.298821e-07	21595
981436	-1.519323e-06	2.417071e-07	7.296642e-07	21595
973180	-1.519421e-06	2.417475e-07	7.294464e-07	21595
964924	-1.519519e-06	2.417879e-07	7.292285e-07	21595
956668	-1.519617e-06	2.418283e-07	7.290107e-07	21595
948412	-1.519715e-06	2.418687e-07	7.287928e-07	21595
940156	-1.519813e-06	2.419091e-07	7.285749e-07	21595
931900	-1.519911e-06	2.419495e-07	7.283570e-07	21595
923644	-1.520009e-06	2.419899e-07	7.281391e-07	21595
915388	-1.520107e-06	2.420303e-07	7.279211e-07	21595
907132	-1.520205e-06	2.420707e-07	7.277031e-07	21595
898876	-1.520303e-06	2.421111e-07	7.274852e-07	21595
890620	-1.520401e-06	2.421515e-07	7.272672e-07	21595
882364	-1.520499e-06	2.421920e-07	7.270492e-07	21595
874108	-1.520597e-06	2.422324e-07	7.268312e-07	21595
865852	-1.520694e-06	2.422728e-07	7.266132e-07	21595
857596	-1.520792e-06	2.423132e-07	7.263951e-07	21595
849340	-1.520890e-06	2.423537e-07	7.261771e-07	21595
841084	-1.520987e-06	2.423941e-07	7.259590e-07	21595
832828	-1.521085e-06	2.424345e-07	7.257409e-07	21595
824572	-1.521183e-06	2.424750e-07	7.255228e-07	21595
816316	-1.521280e-06	2.425154e-07	7.253047e-07	21595
808060	-1.521378e-06	2.425558e-07	7.250866e-07	21595
799804	-1.521475e-06	2.425963e-07	7.248684e-07	21595
791548	-1.521573e-06	2.426367e-07	7.246503e-07	21595
783292	-1.521670e-06	2.426772e-07	7.244321e-07	21595
775036	-1.521768e-06	2.427176e-07	7.242139e-07	21595
766780	-1.521865e-06	2.427581e-07	7.239958e-07	21595
758524	-1.521962e-06	2.427985e-07	7.237775e-07	21595
750268	-1.522060e-06	2.428390e-07	7.235593e-07	21595
742012	-1.522157e-06	2.428795e-07	7.233411e-07	21595
733756	-1.522254e-06	2.429199e-07	7.231228e-07	21595
725500	-1.522351e-06	2.429604e-07	7.229046e-07	21595
717244	-1.522448e-06	2.430008e-07	7.226863e-07	21595
708988	-1.522546e-06	2.430413e-07	7.224680e-07	21595
700732	-1.522643e-06	2.430818e-07	7.222497e-07	21595
692476	-1.522740e-06	2.431223e-07	7.220314e-07	21595
684220	-1.522837e-06	2.431627e-07	7.218130e-07	21595
675964	-1.522934e-06	2.432032e-07	7.215947e-07	21595
667708	-1.523031e-06	2.432437e-07	7.213764e-07	21595
659452	-1.523128e-06	2.432842e-07	7.211580e-07	21595
651196	-1.523225e-06	2.433247e-07	7.209396e-07	21595
642940	-1.523322e-06	2.433652e-07	7.207212e-07	21595
634684	-1.523418e-06	2.434057e-07	7.205027e-07	21595
626428	-1.523515e-06	2.434462e-07	7.202843e-07	21595
618172	-1.523612e-06	2.434867e-07	7.200659e-07	21595
609916	-1.523709e-06	2.435272e-07	7.198474e-07	21595
601660	-1.523805e-06	2.435677e-07	7.196289e-07	21595
593404	-1.523902e-06	2.436082e-07	7.194105e-07	21595
585148	-1.523999e-06	2.436487e-07	7.191920e-07	21595
576892	-1.524095e-06	2.436892e-07	7.189735e-07	21595
568636	-1.524192e-06	2.437297e-07	7.187549e-07	21595
560380	-1.524289e-06	2.437702e-07	7.185364e-07	21595
552124	-1.524385e-06	2.438107e-07	7.183178e-07	21595
543868	-1.524482e-06	2.438513e-07	7.180993e-07	21595
535612	-1.524578e-06	2.438918e-07	7.178807e-07	21595
527356	-1.524674e-06	2.439323e-07	7.176621e-07	21595
519100	-1.524771e-06	2.439729e-07	7.174435e-07	21595
510844	-1.524867e-06	2.440134e-07	7.172249e-07	21595
502588	-1.524964e-06	2.440539e-07	7.170062e-07	21595
494332	-1.525060e-06	2.440945e-07	7.167876e-07	21595
486076	-1.525156e-06	2.441350e-07	7.165689e-07	21595
477820	-1.525252e-06	2.441756e-07	7.163502e-07	21595
1153870	-1.055348e-06	2.442053e-07	5.892445e-07	17008
469564	-1.525349e-06	2.442161e-07	7.161315e-07	21595
1145614	-1.055426e-06	2.442333e-07	5.890932e-07	17008
461308	-1.525445e-06	2.442567e-07	7.159128e-07	21595
1137358	-1.055504e-06	2.442614e-07	5.889419e-07	17008
1129102	-1.055582e-06	2.442895e-07	5.887906e-07	17008
453052	-1.525541e-06	2.442972e-07	7.156941e-07	21595
1120846	-1.055660e-06	2.443175e-07	5.886392e-07	17008
444796	-1.525637e-06	2.443378e-07	7.154753e-07	21595
1112590	-1.055738e-06	2.443456e-07	5.884879e-07	17008
1104334	-1.055816e-06	2.443736e-07	5.883365e-07	17008
436540	-1.525733e-06	2.443783e-07	7.152566e-07	21595
1096078	-1.055894e-06	2.444017e-07	5.881851e-07	17008
428284	-1.525829e-06	2.444189e-07	7.150378e-07	21595
1087822	-1.055971e-06	2.444297e-07	5.880337e-07	17008
1079566	-1.056049e-06	2.444578e-07	5.878823e-07	17008
420028	-1.525925e-06	2.444594e-07	7.148191e-07	21595
1071310	-1.056127e-06	2.444858e-07	5.877309e-07	17008
411772	-1.526021e-06	2.445000e-07	7.146003e-07	21595
1063054	-1.056205e-06	2.445139e-07	5.875794e-07	17008
403516	-1.526117e-06	2.445406e-07	7.143814e-07	21595
1054798	-1.056282e-06	2.445420e-07	5.874280e-07	17008
1046542	-1.056360e-06	2.445701e-07	5.872766e-07	17008
395260	-1.526213e-06	2.445811e-07	7.141626e-07	21595
1038286	-1.056438e-06	2.445981e-07	5.871252e-07	17008
387004	-1.526309e-06	2.446217e-07	7.139438e-07	21595
1030030	-1.056516e-06	2.446262e-07	5.869737e-07	17008
1021774	-1.056593e-06	2.446543e-07	5.868222e-07	17008
378748	-1.526405e-06	2.446623e-07	7.137249e-07	21595
1013518	-1.056671e-06	2.446824e-07	5.866707e-07	17008
370492	-1.526500e-06	2.447029e-07	7.135061e-07	21595
1005262	-1.056748e-06	2.447105e-07	5.865192e-07	17008
997006	-1.056826e-06	2.447385e-07	5.863677e-07	17008
362236	-1.526596e-06	2.447434e-07	7.132872e-07	21595
988750	-1.056904e-06	2.447666e-07	5.862162e-07	17008
353980	-1.526692e-06	2.447840e-07	7.130683e-07	21595
980494	-1.056981e-06	2.447947e-07	5.860646e-07	17008
972238	-1.057059e-06	2.448228e-07	5.859131e-07	17008
345724	-1.526788e-06	2.448246e-07	7.128494e-07	21595
963982	-1.057136e-06	2.448509e-07	5.857615e-07	17008
337468	-1.526883e-06	2.448652e-07	7.126305e-07	21595
955726	-1.057214e-06	2.448790e-07	5.856099e-07	17008
329212	-1.526979e-06	2.449058e-07	7.124116e-07	21595
947470	-1.057291e-06	2.449071e-07	5.854584e-07	17008
939214	-1.057368e-06	2.449352e-07	5.853068e-07	17008
320956	-1.527075e-06	2.449464e-07	7.121927e-07	21595
930958	-1.057446e-06	2.449633e-07	5.851552e-07	17008
312700	-1.527170e-06	2.449870e-07	7.119737e-07	21595
922702	-1.057523e-06	2.449914e-07	5.850036e-07	17008
914446	-1.057600e-06	2.450195e-07	5.848519e-07	17008
304444	-1.527266e-06	2.450276e-07	7.117548e-07	21595
906190	-1.057678e-06	2.450476e-07	5.847003e-07	17008
296188	-1.527361e-06	2.450682e-07	7.115357e-07	21595
897934	-1.057755e-06	2.450757e-07	5.845487e-07	17008
889678	-1.057832e-06	2.451038e-07	5.843970e-07	17008
287932	-1.527457e-06	2.451088e-07	7.113168e-07	21595
881422	-1.057910e-06	2.451319e-07	5.842454e-07	17008
279676	-1.527552e-06	2.451494e-07	7.110978e-07	21595
873166	-1.057987e-06	2.451600e-07	5.840936e-07	17008
864910	-1.058064e-06	2.451882e-07	5.839420e-07	17008
271420	-1.527648e-06	2.451900e-07	7.108787e-07	21595
856654	-1.058141e-06	2.452163e-07	5.837903e-07	17008
263164	-1.527743e-06	2.452306e-07	7.106597e-07	21595
848398	-1.058218e-06	2.452444e-07	5.836386e-07	17008
254908	-1.527838e-06	2.452712e-07	7.104406e-07	21595
840142	-1.058296e-06	2.452725e-07	5.834868e-07	17008
831886	-1.058373e-06	2.453007e-07	5.833351e-07	17008
246652	-1.527934e-06	2.453118e-07	7.102216e-07	21595
823630	-1.058450e-06	2.453288e-07	5.831834e-07	17008
238396	-1.528029e-06	2.453525e-07	7.100025e-07	21595
815374	-1.058527e-06	2.453569e-07	5.830316e-07	17008
807118	-1.058604e-06	2.453851e-07	5.828798e-07	17008
230140	-1.528124e-06	2.453931e-07	7.097834e-07	21595
798862	-1.058681e-06	2.454132e-07	5.827280e-07	17008
221884	-1.528220e-06	2.454337e-07	7.095643e-07	21595
790606	-1.058758e-06	2.454413e-07	5.825763e-07	17008
782350	-1.058835e-06	2.454695e-07	5.824244e-07	17008
213628	-1.528315e-06	2.454743e-07	7.093452e-07	21595
774094	-1.058912e-06	2.454976e-07	5.822727e-07	17008
205372	-1.528410e-06	2.455149e-07	7.091260e-07	21595
765838	-1.058989e-06	2.455257e-07	5.821208e-07	17008
757582	-1.059066e-06	2.455539e-07	5.819690e-07	17008
197116	-1.528505e-06	2.455556e-07	7.089069e-07	21595
749326	-1.059143e-06	2.455820e-07	5.818171e-07	17008
188860	-1.528600e-06	2.455962e-07	7.086878e-07	21595
741070	-1.059220e-06	2.456102e-07	5.816653e-07	17008
180604	-1.528695e-06	2.456368e-07	7.084686e-07	21595
732814	-1.059297e-06	2.456383e-07	5.815134e-07	17008
724558	-1.059373e-06	2.456665e-07	5.813615e-07	17008
172348	-1.528790e-06	2.456775e-07	7.082494e-07	21595
716302	-1.059450e-06	2.456946e-07	5.812096e-07	17008
164092	-1.528885e-06	2.457181e-07	7.080302e-07	21595
708046	-1.059527e-06	2.457228e-07	5.810577e-07	17008
699790	-1.059604e-06	2.457510e-07	5.809059e-07	17008
155836	-1.528980e-06	2.457588e-07	7.078110e-07	21595
691534	-1.059680e-06	2.457791e-07	5.807539e-07	17008
147580	-1.529075e-06	2.457994e-07	7.075918e-07	21595
683278	-1.059757e-06	2.458073e-07	5.806020e-07	17008
675022	-1.059834e-06	2.458355e-07	5.804500e-07	17008
139324	-1.529170e-06	2.458401e-07	7.073725e-07	21595
666766	-1.059911e-06	2.458636e-07	5.802981e-07	17008
131068	-1.529265e-06	2.458807e-07	7.071532e-07	21595
658510	-1.059987e-06	2.458918e-07	5.801461e-07	17008
650254	-1.060064e-06	2.459199e-07	5.799942e-07	17008
122812	-1.529360e-06	2.459214e-07	7.069340e-07	21595
641998	-1.060140e-06	2.459481e-07	5.798422e-07	17008
114556	-1.529454e-06	2.459620e-07	7.067147e-07	21595
633742	-1.060217e-06	2.459763e-07	5.796902e-07	17008
106300	-1.529549e-06	2.460027e-07	7.064954e-07	21595
625486	-1.060294e-06	2.460045e-07	5.795382e-07	17008
617230	-1.060370e-06	2.460326e-07	5.793862e-07	17008
98044	-1.529644e-06	2.460434e-07	7.062761e-07	21595
608974	-1.060447e-06	2.460608e-07	5.792341e-07	17008
89788	-1.529739e-06	2.460840e-07	7.060568e-07	21595
600718	-1.060523e-06	2.460890e-07	5.790820e-07	17008
592462	-1.060600e-06	2.461172e-07	5.789300e-07	17008
81532	-1.529833e-06	2.461247e-07	7.058374e-07	21595
584206	-1.060676e-06	2.461454e-07	5.787779e-07	17008
73276	-1.529928e-06	2.461653e-07	7.056180e-07	21595
575950	-1.060753e-06	2.461736e-07	5.786259e-07	17008
567694	-1.060829e-06	2.462018e-07	5.784738e-07	17008
65020	-1.530023e-06	2.462060e-07	7.053987e-07	21595
559438	-1.060905e-06	2.462300e-07	5.783216e-07	17008
56764	-1.530117e-06	2.462467e-07	7.051793e-07	21595
551182	-1.060982e-06	2.462582e-07	5.781696e-07	17008
542926	-1.061058e-06	2.462864e-07	5.780174e-07	17008
48508	-1.530212e-06	2.462874e-07	7.049599e-07	21595
534670	-1.061134e-06	2.463146e-07	5.778653e-07	17008
40252	-1.530306e-06	2.463281e-07	7.047406e-07	21595
526414	-1.061211e-06	2.463428e-07	5.777132e-07	17008
31996	-1.530401e-06	2.463687e-07	7.045211e-07	21595
518158	-1.061287e-06	2.463710e-07	5.775610e-07	17008
509902	-1.061363e-06	2.463992e-07	5.774089e-07	17008
23740	-1.530495e-06	2.464094e-07	7.043017e-07	21595
501646	-1.061439e-06	2.464274e-07	5.772567e-07	17008
15484	-1.530590e-06	2.464501e-07	7.040823e-07	21595
493390	-1.061515e-06	2.464556e-07	5.771045e-07	17008
485134	-1.061592e-06	2.464838e-07	5.769523e-07	17008
7228	-1.530684e-06	2.464908e-07	7.038628e-07	21595
476878	-1.061668e-06	2.465120e-07	5.768001e-07	17008
468622	-1.061744e-06	2.465402e-07	5.766479e-07	17008
460366	-1.061820e-06	2.465684e-07	5.764957e-07	17008
452110	-1.061896e-06	2.465967e-07	5.763434e-07	17008
443854	-1.061972e-06	2.466249e-07	5.761912e-07	17008
435598	-1.062048e-06	2.466531e-07	5.760389e-07	17008
427342	-1.062124e-06	2.466813e-07	5.758866e-07	17008
419086	-1.062200e-06	2.467096e-07	5.757344e-07	17008
410830	-1.062276e-06	2.467378e-07	5.755820e-07	17008
402574	-1.062352e-06	2.467660e-07	5.754297e-07	17008
394318	-1.062428e-06	2.467943e-07	5.752774e-07	17008
386062	-1.062504e-06	2.468225e-07	5.751251e-07	17008
377806	-1.062580e-06	2.468507e-07	5.749728e-07	17008
369550	-1.062656e-06	2.468790e-07	5.748204e-07	17008
361294	-1.062732e-06	2.469072e-07	5.746680e-07	17008
353038	-1.062808e-06	2.469355e-07	5.745157e-07	17008
344782	-1.062883e-06	2.469637e-07	5.743633e-07	17008
336526	-1.062959e-06	2.469920e-07	5.742109e-07	17008
328270	-1.063035e-06	2.470202e-07	5.740585e-07	17008
320014	-1.063111e-06	2.470485e-07	5.739061e-07	17008
311758	-1.063186e-06	2.470767e-07	5.737537e-07	17008
303502	-1.063262e-06	2.471050e-07	5.736013e-07	17008
295246	-1.063338e-06	2.471332e-07	5.734488e-07	17008
286990	-1.063413e-06	2.471615e-07	5.732963e-07	17008
278734	-1.063489e-06	2.471897e-07	5.731438e-07	17008
270478	-1.063564e-06	2.472180e-07	5.729914e-07	17008
262222	-1.063640e-06	2.472463e-07	5.728389e-07	17008
253966	-1.063716e-06	2.472746e-07	5.726864e-07	17008
245710	-1.063791e-06	2.473028e-07	5.725338e-07	17008
237454	-1.063867e-06	2.473311e-07	5.723813e-07	17008
229198	-1.063942e-06	2.473594e-07	5.722288e-07	17008
220942	-1.064018e-06	2.473876e-07	5.720763e-07	17008
212686	-1.064093e-06	2.474159e-07	5.719237e-07	17008
204430	-1.064168e-06	2.474442e-07	5.717712e-07	17008
196174	-1.064244e-06	2.474725e-07	5.716186e-07	17008
187918	-1.064319e-06	2.475008e-07	5.714660e-07	17008
179662	-1.064394e-06	2.475291e-07	5.713134e-07	17008
171406	-1.064470e-06	2.475574e-07	5.711608e-07	17008
163150	-1.064545e-06	2.475857e-07	5.710082e-07	17008
154894	-1.064620e-06	2.476139e-07	5.708555e-07	17008
146638	-1.064696e-06	2.476422e-07	5.707029e-07	17008
138382	-1.064771e-06	2.476705e-07	5.705502e-07	17008
130126	-1.064846e-06	2.476988e-07	5.703976e-07	17008
121870	-1.064921e-06	2.477271e-07	5.702449e-07	17008
113614	-1.064996e-06	2.477555e-07	5.700922e-07	17008
105358	-1.065072e-06	2.477837e-07	5.699395e-07	17008
97102	-1.065147e-06	2.478120e-07	5.697868e-07	17008
88846	-1.065222e-06	2.478403e-07	5.696341e-07	17008
80590	-1.065297e-06	2.478687e-07	5.694814e-07	17008
72334	-1.065372e-06	2.478970e-07	5.693286e-07	17008
64078	-1.065447e-06	2.479253e-07	5.691759e-07	17008
55822	-1.065522e-06	2.479536e-07	5.690231e-07	17008
47566	-1.065597e-06	2.479819e-07	5.688703e-07	17008
39310	-1.065672e-06	2.480103e-07	5.687176e-07	17008
31054	-1.065747e-06	2.480386e-07	5.685648e-07	17008
22798	-1.065822e-06	2.480669e-07	5.684120e-07	17008
14542	-1.065897e-06	2.480952e-07	5.682592e-07	17008
6286	-1.065971e-06	2.481236e-07	5.681064e-07	17008
1154721	-1.419671e-06	2.624450e-07	7.166067e-07	21083
1146465	-1.419766e-06	2.624828e-07	7.164031e-07	21083
1138209	-1.419862e-06	2.625205e-07	7.161996e-07	21083
1129953	-1.419958e-06	2.625582e-07	7.159960e-07	21083
1121697	-1.420053e-06	2.625960e-07	7.157924e-07	21083
1113441	-1.420149e-06	2.626337e-07	7.155888e-07	21083
1105185	-1.420245e-06	2.626715e-07	7.153852e-07	21083
1096929	-1.420340e-06	2.627092e-07	7.151815e-07	21083
1088673	-1.420436e-06	2.627470e-07	7.149779e-07	21083
1080417	-1.420531e-06	2.627848e-07	7.147742e-07	21083
1072161	-1.420627e-06	2.628225e-07	7.145705e-07	21083
1063905	-1.420722e-06	2.628603e-07	7.143668e-07	21083
1055649	-1.420818e-06	2.628980e-07	7.141631e-07	21083
1047393	-1.420913e-06	2.629358e-07	7.139594e-07	21083
1039137	-1.421008e-06	2.629736e-07	7.137557e-07	21083
1030881	-1.421104e-06	2.630113e-07	7.135519e-07	21083
1022625	-1.421199e-06	2.630491e-07	7.133482e-07	21083
1014369	-1.421294e-06	2.630869e-07	7.131444e-07	21083
1006113	-1.421389e-06	2.631247e-07	7.129406e-07	21083
997857	-1.421485e-06	2.631625e-07	7.127368e-07	21083
989601	-1.421580e-06	2.632002e-07	7.125330e-07	21083
981345	-1.421675e-06	2.632380e-07	7.123292e-07	21083
973089	-1.421770e-06	2.632758e-07	7.121254e-07	21083
964833	-1.421865e-06	2.633136e-07	7.119215e-07	21083
956577	-1.421960e-06	2.633514e-07	7.117176e-07	21083
948321	-1.422055e-06	2.633892e-07	7.115137e-07	21083
940065	-1.422150e-06	2.634270e-07	7.113098e-07	21083
931809	-1.422245e-06	2.634648e-07	7.111059e-07	21083
923553	-1.422340e-06	2.635026e-07	7.109020e-07	21083
915297	-1.422435e-06	2.635404e-07	7.106981e-07	21083
907041	-1.422530e-06	2.635782e-07	7.104941e-07	21083
898785	-1.422625e-06	2.636160e-07	7.102902e-07	21083
890529	-1.422720e-06	2.636538e-07	7.100862e-07	21083
882273	-1.422814e-06	2.636917e-07	7.098822e-07	21083
874017	-1.422909e-06	2.637295e-07	7.096782e-07	21083
865761	-1.423004e-06	2.637673e-07	7.094742e-07	21083
857505	-1.423099e-06	2.638051e-07	7.092702e-07	21083
849249	-1.423193e-06	2.638430e-07	7.090661e-07	21083
840993	-1.423288e-06	2.638808e-07	7.088620e-07	21083
832737	-1.423383e-06	2.639186e-07	7.086580e-07	21083
824481	-1.423477e-06	2.639565e-07	7.084539e-07	21083
816225	-1.423572e-06	2.639943e-07	7.082498e-07	21083
807969	-1.423666e-06	2.640321e-07	7.080457e-07	21083
799713	-1.423761e-06	2.640700e-07	7.078416e-07	21083
791457	-1.423855e-06	2.641078e-07	7.076374e-07	21083
783201	-1.423949e-06	2.641457e-07	7.074333e-07	21083
774945	-1.424044e-06	2.641835e-07	7.072291e-07	21083
766689	-1.424138e-06	2.642214e-07	7.070249e-07	21083
758433	-1.424233e-06	2.642592e-07	7.068207e-07	21083
750177	-1.424327e-06	2.642971e-07	7.066166e-07	21083
741921	-1.424421e-06	2.643349e-07	7.064123e-07	21083
733665	-1.424515e-06	2.643728e-07	7.062081e-07	21083
725409	-1.424610e-06	2.644107e-07	7.060038e-07	21083
717153	-1.424704e-06	2.644485e-07	7.057996e-07	21083
708897	-1.424798e-06	2.644864e-07	7.055953e-07	21083
700641	-1.424892e-06	2.645243e-07	7.053910e-07	21083
692385	-1.424986e-06	2.645621e-07	7.051867e-07	21083
684129	-1.425080e-06	2.646000e-07	7.049824e-07	21083
675873	-1.425174e-06	2.646379e-07	7.047781e-07	21083
667617	-1.425268e-06	2.646758e-07	7.045737e-07	21083
659361	-1.425362e-06	2.647137e-07	7.043694e-07	21083
651105	-1.425456e-06	2.647516e-07	7.041650e-07	21083
642849	-1.425550e-06	2.647895e-07	7.039606e-07	21083
634593	-1.425644e-06	2.648273e-07	7.037562e-07	21083
626337	-1.425738e-06	2.648653e-07	7.035518e-07	21083
618081	-1.425832e-06	2.649032e-07	7.033474e-07	21083
609825	-1.425925e-06	2.649410e-07	7.031430e-07	21083
601569	-1.426019e-06	2.649790e-07	7.029385e-07	21083
593313	-1.426113e-06	2.650169e-07	7.027340e-07	21083
585057	-1.426207e-06	2.650548e-07	7.025296e-07	21083
576801	-1.426300e-06	2.650927e-07	7.023251e-07	21083
568545	-1.426394e-06	2.651306e-07	7.021206e-07	21083
560289	-1.426487e-06	2.651685e-07	7.019161e-07	21083
552033	-1.426581e-06	2.652064e-07	7.017115e-07	21083
543777	-1.426675e-06	2.652444e-07	7.015070e-07	21083
535521	-1.426768e-06	2.652823e-07	7.013024e-07	21083
527265	-1.426862e-06	2.653202e-07	7.010979e-07	21083
519009	-1.426955e-06	2.653581e-07	7.008933e-07	21083
510753	-1.427048e-06	2.653960e-07	7.006887e-07	21083
502497	-1.427142e-06	2.654340e-07	7.004841e-07	21083
494241	-1.427235e-06	2.654719e-07	7.002794e-07	21083
485985	-1.427329e-06	2.655099e-07	7.000748e-07	21083
477729	-1.427422e-06	2.655478e-07	6.998702e-07	21083
469473	-1.427515e-06	2.655858e-07	6.996655e-07	21083
461217	-1.427608e-06	2.656237e-07	6.994608e-07	21083
452961	-1.427702e-06	2.656616e-07	6.992561e-07	21083
444705	-1.427795e-06	2.656996e-07	6.990514e-07	21083
436449	-1.427888e-06	2.657376e-07	6.988467e-07	21083
428193	-1.427981e-06	2.657755e-07	6.986420e-07	21083
419937	-1.428074e-06	2.658135e-07	6.984372e-07	21083
411681	-1.428167e-06	2.658514e-07	6.982325e-07	21083
403425	-1.428260e-06	2.658894e-07	6.980277e-07	21083
395169	-1.428353e-06	2.659274e-07	6.978229e-07	21083
386913	-1.428446e-06	2.659653e-07	6.976181e-07	21083
378657	-1.428539e-06	2.660033e-07	6.974133e-07	21083
370401	-1.428632e-06	2.660413e-07	6.972085e-07	21083
362145	-1.428725e-06	2.660792e-07	6.970037e-07	21083
353889	-1.428818e-06	2.661172e-07	6.967988e-07	21083
345633	-1.428911e-06	2.661552e-07	6.965939e-07	21083
337377	-1.429003e-06	2.661932e-07	6.963891e-07	21083
329121	-1.429096e-06	2.662312e-07	6.961842e-07	21083
320865	-1.429189e-06	2.662692e-07	6.959793e-07	21083
312609	-1.429281e-06	2.663071e-07	6.957744e-07	21083
304353	-1.429374e-06	2.663451e-07	6.955694e-07	21083
296097	-1.429467e-06	2.663831e-07	6.953645e-07	21083
287841	-1.429559e-06	2.664211e-07	6.951595e-07	21083
279585	-1.429652e-06	2.664591e-07	6.949546e-07	21083
271329	-1.429744e-06	2.664971e-07	6.947496e-07	21083
263073	-1.429837e-06	2.665351e-07	6.945446e-07	21083
254817	-1.429930e-06	2.665732e-07	6.943396e-07	21083
246561	-1.430022e-06	2.666112e-07	6.941345e-07	21083
238305	-1.430114e-06	2.666492e-07	6.939295e-07	21083
230049	-1.430207e-06	2.666872e-07	6.937245e-07	21083
221793	-1.430299e-06	2.667252e-07	6.935194e-07	21083
213537	-1.430391e-06	2.667632e-07	6.933143e-07	21083
205281	-1.430484e-06	2.668012e-07	6.931093e-07	21083
197025	-1.430576e-06	2.668393e-07	6.929041e-07	21083
188769	-1.430668e-06	2.668773e-07	6.926990e-07	21083
180513	-1.430760e-06	2.669153e-07	6.924939e-07	21083
172257	-1.430853e-06	2.669534e-07	6.922887e-07	21083
164001	-1.430945e-06	2.669914e-07	6.920836e-07	21083
155745	-1.431037e-06	2.670294e-07	6.918784e-07	21083
147489	-1.431129e-06	2.670675e-07	6.916732e-07	21083
139233	-1.431221e-06	2.671055e-07	6.914681e-07	21083
130977	-1.431313e-06	2.671435e-07	6.912628e-07	21083
122721	-1.431405e-06	2.671816e-07	6.910576e-07	21083
114465	-1.431497e-06	2.672197e-07	6.908524e-07	21083
106209	-1.431589e-06	2.672577e-07	6.906471e-07	21083
97953	-1.431681e-06	2.672958e-07	6.904419e-07	21083
89697	-1.431773e-06	2.673338e-07	6.902366e-07	21083
81441	-1.431865e-06	2.673719e-07	6.900313e-07	21083
73185	-1.431956e-06	2.674099e-07	6.898260e-07	21083
64929	-1.432048e-06	2.674480e-07	6.896207e-07	21083
56673	-1.432140e-06	2.674861e-07	6.894153e-07	21083
48417	-1.432232e-06	2.675241e-07	6.892100e-07	21083
40161	-1.432323e-06	2.675622e-07	6.890047e-07	21083
31905	-1.432415e-06	2.676003e-07	6.887993e-07	21083
23649	-1.432507e-06	2.676384e-07	6.885940e-07	21083
15393	-1.432598e-06	2.676765e-07	6.883885e-07	21083
7137	-1.432690e-06	2.677145e-07	6.881831e-07	21083
1151448	-9.654080e-07	2.717280e-07	5.751764e-07	9068
1143192	-9.654833e-07	2.717537e-07	5.750380e-07	9068
1134936	-9.655585e-07	2.717793e-07	5.748996e-07	9068
1126680	-9.656337e-07	2.718050e-07	5.747611e-07	9068
1118424	-9.657089e-07	2.718306e-07	5.746227e-07	9068
1110168	-9.657840e-07	2.718563e-07	5.744843e-07	9068
1101912	-9.658592e-07	2.718820e-07	5.743458e-07	9068
1093656	-9.659342e-07	2.719076e-07	5.742073e-07	9068
1085400	-9.660093e-07	2.719333e-07	5.740688e-07	9068
1077144	-9.660844e-07	2.719590e-07	5.739303e-07	9068
1068888	-9.661594e-07	2.719846e-07	5.737918e-07	9068
1060632	-9.662344e-07	2.720103e-07	5.736533e-07	9068
1052376	-9.663095e-07	2.720360e-07	5.735147e-07	9068
1044120	-9.663844e-07	2.720616e-07	5.733762e-07	9068
1035864	-9.664594e-07	2.720873e-07	5.732376e-07	9068
1027608	-9.665343e-07	2.721130e-07	5.730991e-07	9068
1019352	-9.666093e-07	2.721387e-07	5.729605e-07	9068
1011096	-9.666842e-07	2.721644e-07	5.728219e-07	9068
1002840	-9.667591e-07	2.721901e-07	5.726833e-07	9068
994584	-9.668339e-07	2.722158e-07	5.725447e-07	9068
986328	-9.669087e-07	2.722415e-07	5.724061e-07	9068
978072	-9.669835e-07	2.722672e-07	5.722675e-07	9068
969816	-9.670583e-07	2.722929e-07	5.721288e-07	9068
961560	-9.671331e-07	2.723185e-07	5.719902e-07	9068
953304	-9.672079e-07	2.723442e-07	5.718515e-07	9068
945048	-9.672826e-07	2.723699e-07	5.717129e-07	9068
936792	-9.673573e-07	2.723957e-07	5.715742e-07	9068
928536	-9.674320e-07	2.724213e-07	5.714355e-07	9068
920280	-9.675067e-07	2.724471e-07	5.712968e-07	9068
912024	-9.675814e-07	2.724728e-07	5.711581e-07	9068
903768	-9.676560e-07	2.724985e-07	5.710193e-07	9068
895512	-9.677307e-07	2.725242e-07	5.708806e-07	9068
887256	-9.678052e-07	2.725499e-07	5.707419e-07	9068
879000	-9.678798e-07	2.725756e-07	5.706031e-07	9068
870744	-9.679544e-07	2.726013e-07	5.704644e-07	9068
862488	-9.680289e-07	2.726271e-07	5.703255e-07	9068
854232	-9.681034e-07	2.726528e-07	5.701868e-07	9068
845976	-9.681779e-07	2.726785e-07	5.700480e-07	9068
837720	-9.682524e-07	2.727043e-07	5.699092e-07	9068
829464	-9.683268e-07	2.727300e-07	5.697704e-07	9068
821208	-9.684012e-07	2.727557e-07	5.696315e-07	9068
812952	-9.684757e-07	2.727814e-07	5.694927e-07	9068
804696	-9.685500e-07	2.728072e-07	5.693538e-07	9068
796440	-9.686244e-07	2.728329e-07	5.692149e-07	9068
788184	-9.686987e-07	2.728586e-07	5.690761e-07	9068
779928	-9.687731e-07	2.728844e-07	5.689372e-07	9068
771672	-9.688474e-07	2.729101e-07	5.687983e-07	9068
763416	-9.689217e-07	2.729359e-07	5.686594e-07	9068
755160	-9.689959e-07	2.729616e-07	5.685205e-07	9068
746904	-9.690701e-07	2.729874e-07	5.683816e-07	9068
738648	-9.691444e-07	2.730131e-07	5.682426e-07	9068
730392	-9.692186e-07	2.730389e-07	5.681036e-07	9068
722136	-9.692927e-07	2.730646e-07	5.679647e-07	9068
713880	-9.693670e-07	2.730904e-07	5.678257e-07	9068
705624	-9.694411e-07	2.731161e-07	5.676868e-07	9068
697368	-9.695152e-07	2.731419e-07	5.675478e-07	9068
689112	-9.695893e-07	2.731677e-07	5.674087e-07	9068
680856	-9.696633e-07	2.731935e-07	5.672698e-07	9068
672600	-9.697375e-07	2.732192e-07	5.671307e-07	9068
664344	-9.698115e-07	2.732450e-07	5.669917e-07	9068
656088	-9.698855e-07	2.732708e-07	5.668526e-07	9068
647832	-9.699595e-07	2.732965e-07	5.667136e-07	9068
639576	-9.700335e-07	2.733223e-07	5.665745e-07	9068
631320	-9.701074e-07	2.733481e-07	5.664355e-07	9068
623064	-9.701813e-07	2.733739e-07	5.662964e-07	9068
614808	-9.702553e-07	2.733996e-07	5.661573e-07	9068
606552	-9.703292e-07	2.734254e-07	5.660182e-07	9068
598296	-9.704030e-07	2.734512e-07	5.658790e-07	9068
