620858	3.295452e-07	-1.188525e-06	-1.039713e-06	3670
629114	3.294278e-07	-1.188516e-06	-1.039760e-06	3670
637370	3.293103e-07	-1.188508e-06	-1.039807e-06	3670
645626	3.291929e-07	-1.188499e-06	-1.039855e-06	3670
653882	3.290754e-07	-1.188490e-06	-1.039902e-06	3670
662138	3.289579e-07	-1.188482e-06	-1.039949e-06	3670
670394	3.288404e-07	-1.188473e-06	-1.039996e-06	3670
678650	3.287230e-07	-1.188464e-06	-1.040043e-06	3670
686906	3.286055e-07	-1.188456e-06	-1.040090e-06	3670
695162	3.284879e-07	-1.188447e-06	-1.040137e-06	3670
703418	3.283704e-07	-1.188438e-06	-1.040184e-06	3670
711674	3.282529e-07	-1.188430e-06	-1.040231e-06	3670
719930	3.281354e-07	-1.188421e-06	-1.040278e-06	3670
728186	3.280179e-07	-1.188413e-06	-1.040325e-06	3670
736442	3.279003e-07	-1.188404e-06	-1.040372e-06	3670
744698	3.277828e-07	-1.188395e-06	-1.040419e-06	3670
752954	3.276652e-07	-1.188387e-06	-1.040465e-06	3670
761210	3.275477e-07	-1.188378e-06	-1.040512e-06	3670
769466	3.274301e-07	-1.188369e-06	-1.040559e-06	3670
777722	3.273125e-07	-1.188361e-06	-1.040606e-06	3670
785978	3.271950e-07	-1.188352e-06	-1.040653e-06	3670
794234	3.270774e-07	-1.188344e-06	-1.040700e-06	3670
802490	3.269598e-07	-1.188335e-06	-1.040746e-06	3670
810746	3.268422e-07	-1.188326e-06	-1.040793e-06	3670
819002	3.267246e-07	-1.188318e-06	-1.040840e-06	3670
827258	3.266070e-07	-1.188309e-06	-1.040887e-06	3670
835514	3.264894e-07	-1.188300e-06	-1.040933e-06	3670
843770	3.263717e-07	-1.188292e-06	-1.040980e-06	3670
852026	3.262541e-07	-1.188283e-06	-1.041027e-06	3670
860282	3.261364e-07	-1.188275e-06	-1.041073e-06	3670
868538	3.260188e-07	-1.188266e-06	-1.041120e-06	3670
876794	3.259011e-07	-1.188257e-06	-1.041167e-06	3670
885050	3.257835e-07	-1.188249e-06	-1.041213e-06	3670
893306	3.256658e-07	-1.188240e-06	-1.041260e-06	3670
901562	3.255481e-07	-1.188232e-06	-1.041307e-06	3670
909818	3.254304e-07	-1.188223e-06	-1.041353e-06	3670
918074	3.253128e-07	-1.188215e-06	-1.041400e-06	3670
926330	3.251951e-07	-1.188206e-06	-1.041446e-06	3670
934586	3.250774e-07	-1.188197e-06	-1.041493e-06	3670
942842	3.249596e-07	-1.188189e-06	-1.041539e-06	3670
951098	3.248419e-07	-1.188180e-06	-1.041586e-06	3670
959354	3.247242e-07	-1.188172e-06	-1.041632e-06	3670
967610	3.246065e-07	-1.188163e-06	-1.041679e-06	3670
975866	3.244887e-07	-1.188155e-06	-1.041725e-06	3670
984122	3.243710e-07	-1.188146e-06	-1.041771e-06	3670
992378	3.242533e-07	-1.188138e-06	-1.041818e-06	3670
1000634	3.241355e-07	-1.188129e-06	-1.041864e-06	3670
1008890	3.240177e-07	-1.188120e-06	-1.041911e-06	3670
1017146	3.238999e-07	-1.188112e-06	-1.041957e-06	3670
1025402	3.237822e-07	-1.188103e-06	-1.042003e-06	3670
1033658	3.236644e-07	-1.188095e-06	-1.042050e-06	3670
1041914	3.235466e-07	-1.188086e-06	-1.042096e-06	3670
1050170	3.234288e-07	-1.188078e-06	-1.042142e-06	3670
1058426	3.233110e-07	-1.188069e-06	-1.042188e-06	3670
1066682	3.231932e-07	-1.188061e-06	-1.042235e-06	3670
1074938	3.230753e-07	-1.188052e-06	-1.042281e-06	3670
1083194	3.229575e-07	-1.188044e-06	-1.042327e-06	3670
1091450	3.228397e-07	-1.188035e-06	-1.042373e-06	3670
1099706	3.227218e-07	-1.188027e-06	-1.042420e-06	3670
1107962	3.226040e-07	-1.188018e-06	-1.042466e-06	3670
1116218	3.224861e-07	-1.188010e-06	-1.042512e-06	3670
1124474	3.223683e-07	-1.188001e-06	-1.042558e-06	3670
1132730	3.222504e-07	-1.187993e-06	-1.042604e-06	3670
1140986	3.221325e-07	-1.187984e-06	-1.042650e-06	3670
1149242	3.220146e-07	-1.187976e-06	-1.042696e-06	3670
1073	1.822635e-07	-1.183898e-06	-9.802668e-07	2390
9329	1.821545e-07	-1.183894e-06	-9.802928e-07	2390
17585	1.820454e-07	-1.183889e-06	-9.803188e-07	2390
25841	1.819364e-07	-1.183884e-06	-9.803448e-07	2390
34097	1.818273e-07	-1.183879e-06	-9.803707e-07	2390
42353	1.817182e-07	-1.183875e-06	-9.803967e-07	2390
50609	1.816092e-07	-1.183870e-06	-9.804227e-07	2390
58865	1.815001e-07	-1.183865e-06	-9.804486e-07	2390
67121	1.813910e-07	-1.183860e-06	-9.804745e-07	2390
75377	1.812820e-07	-1.183856e-06	-9.805004e-07	2390
83633	1.811729e-07	-1.183851e-06	-9.805264e-07	2390
91889	1.810638e-07	-1.183846e-06	-9.805522e-07	2390
100145	1.809547e-07	-1.183842e-06	-9.805780e-07	2390
108401	1.808456e-07	-1.183837e-06	-9.806039e-07	2390
116657	1.807365e-07	-1.183832e-06	-9.806297e-07	2390
124913	1.806274e-07	-1.183827e-06	-9.806555e-07	2390
133169	1.805183e-07	-1.183823e-06	-9.806813e-07	2390
141425	1.804092e-07	-1.183818e-06	-9.807070e-07	2390
149681	1.803001e-07	-1.183813e-06	-9.807328e-07	2390
157937	1.801910e-07	-1.183808e-06	-9.807585e-07	2390
166193	1.800819e-07	-1.183804e-06	-9.807843e-07	2390
174449	1.799728e-07	-1.183799e-06	-9.808100e-07	2390
182705	1.798636e-07	-1.183794e-06	-9.808357e-07	2390
190961	1.797545e-07	-1.183790e-06	-9.808614e-07	2390
199217	1.796454e-07	-1.183785e-06	-9.808870e-07	2390
207473	1.795363e-07	-1.183780e-06	-9.809127e-07	2390
215729	1.794271e-07	-1.183776e-06	-9.809384e-07	2390
223985	1.793180e-07	-1.183771e-06	-9.809639e-07	2390
232241	1.792088e-07	-1.183766e-06	-9.809895e-07	2390
240497	1.790997e-07	-1.183761e-06	-9.810151e-07	2390
248753	1.789905e-07	-1.183757e-06	-9.810407e-07	2390
257009	1.788814e-07	-1.183752e-06	-9.810663e-07	2390
265265	1.787722e-07	-1.183747e-06	-9.810917e-07	2390
273521	1.786630e-07	-1.183743e-06	-9.811173e-07	2390
281777	1.785539e-07	-1.183738e-06	-9.811428e-07	2390
290033	1.784447e-07	-1.183733e-06	-9.811683e-07	2390
298289	1.783355e-07	-1.183729e-06	-9.811938e-07	2390
306545	1.782263e-07	-1.183724e-06	-9.812193e-07	2390
314801	1.781171e-07	-1.183719e-06	-9.812446e-07	2390
323057	1.780080e-07	-1.183715e-06	-9.812701e-07	2390
331313	1.778988e-07	-1.183710e-06	-9.812956e-07	2390
339569	1.777896e-07	-1.183706e-06	-9.813209e-07	2390
347825	1.776804e-07	-1.183701e-06	-9.813463e-07	2390
356081	1.775712e-07	-1.183696e-06	-9.813716e-07	2390
364337	1.774619e-07	-1.183692e-06	-9.813970e-07	2390
372593	1.773527e-07	-1.183687e-06	-9.814223e-07	2390
380849	1.772435e-07	-1.183682e-06	-9.814477e-07	2390
389105	1.771343e-07	-1.183678e-06	-9.814730e-07	2390
397361	1.770251e-07	-1.183673e-06	-9.814983e-07	2390
405617	1.769158e-07	-1.183668e-06	-9.815235e-07	2390
413873	1.768066e-07	-1.183664e-06	-9.815487e-07	2390
422129	1.766974e-07	-1.183659e-06	-9.815740e-07	2390
430385	1.765881e-07	-1.183654e-06	-9.815992e-07	2390
438641	1.764789e-07	-1.183650e-06	-9.816245e-07	2390
446897	1.763697e-07	-1.183645e-06	-9.816497e-07	2390
455153	1.762604e-07	-1.183641e-06	-9.816748e-07	2390
463409	1.761512e-07	-1.183636e-06	-9.817001e-07	2390
471665	1.760419e-07	-1.183632e-06	-9.817252e-07	2390
479921	1.759326e-07	-1.183627e-06	-9.817503e-07	2390
488177	1.758234e-07	-1.183622e-06	-9.817754e-07	2390
496433	1.757141e-07	-1.183618e-06	-9.818004e-07	2390
504689	1.756048e-07	-1.183613e-06	-9.818256e-07	2390
512945	1.754956e-07	-1.183609e-06	-9.818507e-07	2390
521201	1.753863e-07	-1.183604e-06	-9.818757e-07	2390
529457	1.752770e-07	-1.183599e-06	-9.819007e-07	2390
537713	1.751677e-07	-1.183595e-06	-9.819257e-07	2390
545969	1.750584e-07	-1.183590e-06	-9.819507e-07	2390
554225	1.749491e-07	-1.183586e-06	-9.819757e-07	2390
562481	1.748398e-07	-1.183581e-06	-9.820008e-07	2390
570737	1.747305e-07	-1.183577e-06	-9.820257e-07	2390
578993	1.746212e-07	-1.183572e-06	-9.820507e-07	2390
587249	1.745119e-07	-1.183567e-06	-9.820756e-07	2390
595505	1.744026e-07	-1.183563e-06	-9.821005e-07	2390
603761	1.742933e-07	-1.183558e-06	-9.821254e-07	2390
612017	1.741840e-07	-1.183554e-06	-9.821503e-07	2390
620273	1.740746e-07	-1.183549e-06	-9.821752e-07	2390
628529	1.739653e-07	-1.183545e-06	-9.821999e-07	2390
636785	1.738560e-07	-1.183540e-06	-9.822248e-07	2390
645041	1.737467e-07	-1.183535e-06	-9.822496e-07	2390
653297	1.736373e-07	-1.183531e-06	-9.822744e-07	2390
661553	1.735280e-07	-1.183526e-06	-9.822992e-07	2390
669809	1.734186e-07	-1.183522e-06	-9.823240e-07	2390
678065	1.733093e-07	-1.183517e-06	-9.823488e-07	2390
686321	1.731999e-07	-1.183513e-06	-9.823734e-07	2390
694577	1.730906e-07	-1.183508e-06	-9.823982e-07	2390
3062	3.790484e-07	-1.183507e-06	-1.045697e-06	6998
702833	1.729812e-07	-1.183504e-06	-9.824229e-07	2390
711089	1.728719e-07	-1.183499e-06	-9.824477e-07	2390
11318	3.789300e-07	-1.183497e-06	-1.045751e-06	6998
719345	1.727625e-07	-1.183495e-06	-9.824723e-07	2390
727601	1.726531e-07	-1.183490e-06	-9.824969e-07	2390
19574	3.788115e-07	-1.183487e-06	-1.045805e-06	6998
735857	1.725437e-07	-1.183486e-06	-9.825216e-07	2390
744113	1.724344e-07	-1.183481e-06	-9.825462e-07	2390
27830	3.786931e-07	-1.183477e-06	-1.045860e-06	6998
752369	1.723250e-07	-1.183477e-06	-9.825708e-07	2390
760625	1.722156e-07	-1.183472e-06	-9.825955e-07	2390
768881	1.721062e-07	-1.183468e-06	-9.826200e-07	2390
36086	3.785746e-07	-1.183467e-06	-1.045914e-06	6998
777137	1.719968e-07	-1.183463e-06	-9.826446e-07	2390
785393	1.718874e-07	-1.183459e-06	-9.826691e-07	2390
44342	3.784561e-07	-1.183457e-06	-1.045968e-06	6998
793649	1.717780e-07	-1.183454e-06	-9.826937e-07	2390
801905	1.716686e-07	-1.183450e-06	-9.827182e-07	2390
52598	3.783377e-07	-1.183447e-06	-1.046022e-06	6998
810161	1.715592e-07	-1.183445e-06	-9.827427e-07	2390
818417	1.714498e-07	-1.183441e-06	-9.827672e-07	2390
60854	3.782192e-07	-1.183437e-06	-1.046076e-06	6998
826673	1.713404e-07	-1.183436e-06	-9.827917e-07	2390
834929	1.712310e-07	-1.183432e-06	-9.828161e-07	2390
843185	1.711215e-07	-1.183427e-06	-9.828406e-07	2390
69110	3.781007e-07	-1.183427e-06	-1.046130e-06	6998
851441	1.710121e-07	-1.183423e-06	-9.828650e-07	2390
859697	1.709027e-07	-1.183418e-06	-9.828894e-07	2390
77366	3.779822e-07	-1.183417e-06	-1.046184e-06	6998
867953	1.707932e-07	-1.183414e-06	-9.829138e-07	2390
876209	1.706838e-07	-1.183409e-06	-9.829382e-07	2390
85622	3.778637e-07	-1.183407e-06	-1.046239e-06	6998
884465	1.705744e-07	-1.183405e-06	-9.829625e-07	2390
892721	1.704649e-07	-1.183401e-06	-9.829869e-07	2390
93878	3.777452e-07	-1.183397e-06	-1.046293e-06	6998
900977	1.703555e-07	-1.183396e-06	-9.830112e-07	2390
909233	1.702460e-07	-1.183392e-06	-9.830355e-07	2390
917489	1.701366e-07	-1.183387e-06	-9.830599e-07	2390
102134	3.776266e-07	-1.183387e-06	-1.046347e-06	6998
925745	1.700271e-07	-1.183383e-06	-9.830841e-07	2390
934001	1.699177e-07	-1.183378e-06	-9.831084e-07	2390
110390	3.775081e-07	-1.183377e-06	-1.046401e-06	6998
942257	1.698082e-07	-1.183374e-06	-9.831326e-07	2390
950513	1.696987e-07	-1.183369e-06	-9.831568e-07	2390
118646	3.773895e-07	-1.183367e-06	-1.046455e-06	6998
958769	1.695892e-07	-1.183365e-06	-9.831811e-07	2390
967025	1.694798e-07	-1.183361e-06	-9.832053e-07	2390
126902	3.772710e-07	-1.183357e-06	-1.046509e-06	6998
975281	1.693703e-07	-1.183356e-06	-9.832295e-07	2390
983537	1.692608e-07	-1.183352e-06	-9.832537e-07	2390
135158	3.771524e-07	-1.183348e-06	-1.046563e-06	6998
991793	1.691513e-07	-1.183347e-06	-9.832778e-07	2390
1000049	1.690418e-07	-1.183343e-06	-9.833020e-07	2390
1008305	1.689323e-07	-1.183339e-06	-9.833261e-07	2390
143414	3.770339e-07	-1.183338e-06	-1.046617e-06	6998
1016561	1.688228e-07	-1.183334e-06	-9.833502e-07	2390
1024817	1.687133e-07	-1.183330e-06	-9.833743e-07	2390
151670	3.769153e-07	-1.183328e-06	-1.046671e-06	6998
1033073	1.686038e-07	-1.183325e-06	-9.833984e-07	2390
1041329	1.684943e-07	-1.183321e-06	-9.834224e-07	2390
159926	3.767967e-07	-1.183318e-06	-1.046725e-06	6998
1049585	1.683848e-07	-1.183316e-06	-9.834465e-07	2390
1057841	1.682753e-07	-1.183312e-06	-9.834705e-07	2390
168182	3.766781e-07	-1.183308e-06	-1.046778e-06	6998
1066097	1.681658e-07	-1.183308e-06	-9.834946e-07	2390
1074353	1.680563e-07	-1.183303e-06	-9.835186e-07	2390
1082609	1.679467e-07	-1.183299e-06	-9.835426e-07	2390
176438	3.765595e-07	-1.183298e-06	-1.046832e-06	6998
1090865	1.678372e-07	-1.183295e-06	-9.835666e-07	2390
1099121	1.677277e-07	-1.183290e-06	-9.835904e-07	2390
184694	3.764409e-07	-1.183288e-06	-1.046886e-06	6998
1107377	1.676181e-07	-1.183286e-06	-9.836144e-07	2390
1115633	1.675086e-07	-1.183281e-06	-9.836383e-07	2390
192950	3.763223e-07	-1.183278e-06	-1.046940e-06	6998
1123889	1.673991e-07	-1.183277e-06	-9.836623e-07	2390
1132145	1.672895e-07	-1.183273e-06	-9.836862e-07	2390
1140401	1.671799e-07	-1.183268e-06	-9.837100e-07	2390
201206	3.762037e-07	-1.183268e-06	-1.046994e-06	6998
1148657	1.670704e-07	-1.183264e-06	-9.837339e-07	2390
209462	3.760850e-07	-1.183258e-06	-1.047048e-06	6998
217718	3.759664e-07	-1.183248e-06	-1.047102e-06	6998
225974	3.758477e-07	-1.183238e-06	-1.047155e-06	6998
234230	3.757291e-07	-1.183228e-06	-1.047209e-06	6998
242486	3.756104e-07	-1.183219e-06	-1.047263e-06	6998
250742	3.754918e-07	-1.183208e-06	-1.047317e-06	6998
258998	3.753731e-07	-1.183199e-06	-1.047370e-06	6998
267254	3.752544e-07	-1.183189e-06	-1.047424e-06	6998
275510	3.751357e-07	-1.183179e-06	-1.047478e-06	6998
283766	3.750170e-07	-1.183169e-06	-1.047532e-06	6998
292022	3.748983e-07	-1.183159e-06	-1.047585e-06	6998
300278	3.747796e-07	-1.183149e-06	-1.047639e-06	6998
308534	3.746609e-07	-1.183139e-06	-1.047693e-06	6998
316790	3.745421e-07	-1.183129e-06	-1.047746e-06	6998
325046	3.744234e-07	-1.183119e-06	-1.047800e-06	6998
333302	3.743046e-07	-1.183110e-06	-1.047853e-06	6998
341558	3.741859e-07	-1.183100e-06	-1.047907e-06	6998
349814	3.740671e-07	-1.183090e-06	-1.047960e-06	6998
358070	3.739483e-07	-1.183080e-06	-1.048014e-06	6998
366326	3.738296e-07	-1.183070e-06	-1.048067e-06	6998
374582	3.737107e-07	-1.183060e-06	-1.048121e-06	6998
382838	3.735919e-07	-1.183050e-06	-1.048174e-06	6998
391094	3.734731e-07	-1.183041e-06	-1.048228e-06	6998
399350	3.733543e-07	-1.183031e-06	-1.048281e-06	6998
407606	3.732355e-07	-1.183021e-06	-1.048335e-06	6998
415862	3.731167e-07	-1.183011e-06	-1.048388e-06	6998
424118	3.729978e-07	-1.183001e-06	-1.048442e-06	6998
432374	3.728790e-07	-1.182991e-06	-1.048495e-06	6998
440630	3.727602e-07	-1.182982e-06	-1.048548e-06	6998
448886	3.726413e-07	-1.182972e-06	-1.048602e-06	6998
457142	3.725224e-07	-1.182962e-06	-1.048655e-06	6998
465398	3.724035e-07	-1.182952e-06	-1.048708e-06	6998
473654	3.722847e-07	-1.182942e-06	-1.048762e-06	6998
481910	3.721657e-07	-1.182932e-06	-1.048815e-06	6998
490166	3.720469e-07	-1.182923e-06	-1.048868e-06	6998
498422	3.719279e-07	-1.182913e-06	-1.048921e-06	6998
506678	3.718090e-07	-1.182903e-06	-1.048974e-06	6998
514934	3.716901e-07	-1.182893e-06	-1.049028e-06	6998
523190	3.715712e-07	-1.182883e-06	-1.049081e-06	6998
531446	3.714522e-07	-1.182874e-06	-1.049134e-06	6998
539702	3.713333e-07	-1.182864e-06	-1.049187e-06	6998
547958	3.712143e-07	-1.182854e-06	-1.049240e-06	6998
556214	3.710954e-07	-1.182844e-06	-1.049293e-06	6998
564470	3.709764e-07	-1.182834e-06	-1.049347e-06	6998
572726	3.708574e-07	-1.182825e-06	-1.049400e-06	6998
580982	3.707384e-07	-1.182815e-06	-1.049453e-06	6998
589238	3.706194e-07	-1.182805e-06	-1.049506e-06	6998
597494	3.705004e-07	-1.182795e-06	-1.049559e-06	6998
605750	3.703814e-07	-1.182786e-06	-1.049612e-06	6998
614006	3.702624e-07	-1.182776e-06	-1.049665e-06	6998
622262	3.701434e-07	-1.182766e-06	-1.049718e-06	6998
630518	3.700243e-07	-1.182756e-06	-1.049771e-06	6998
638774	3.699053e-07	-1.182746e-06	-1.049824e-06	6998
647030	3.697862e-07	-1.182737e-06	-1.049877e-06	6998
655286	3.696672e-07	-1.182727e-06	-1.049930e-06	6998
663542	3.695481e-07	-1.182717e-06	-1.049982e-06	6998
671798	3.694290e-07	-1.182707e-06	-1.050035e-06	6998
680054	3.693100e-07	-1.182698e-06	-1.050088e-06	6998
688310	3.691909e-07	-1.182688e-06	-1.050141e-06	6998
696566	3.690718e-07	-1.182678e-06	-1.050194e-06	6998
704822	3.689527e-07	-1.182668e-06	-1.050247e-06	6998
713078	3.688336e-07	-1.182659e-06	-1.050299e-06	6998
721334	3.687144e-07	-1.182649e-06	-1.050352e-06	6998
729590	3.685953e-07	-1.182639e-06	-1.050405e-06	6998
737846	3.684762e-07	-1.182630e-06	-1.050458e-06	6998
746102	3.683570e-07	-1.182620e-06	-1.050510e-06	6998
754358	3.682379e-07	-1.182610e-06	-1.050563e-06	6998
762614	3.681187e-07	-1.182600e-06	-1.050616e-06	6998
770870	3.679995e-07	-1.182591e-06	-1.050669e-06	6998
779126	3.678803e-07	-1.182581e-06	-1.050721e-06	6998
787382	3.677612e-07	-1.182571e-06	-1.050774e-06	6998
795638	3.676420e-07	-1.182562e-06	-1.050826e-06	6998
803894	3.675228e-07	-1.182552e-06	-1.050879e-06	6998
812150	3.674036e-07	-1.182542e-06	-1.050932e-06	6998
820406	3.672844e-07	-1.182533e-06	-1.050984e-06	6998
828662	3.671651e-07	-1.182523e-06	-1.051037e-06	6998
836918	3.670459e-07	-1.182513e-06	-1.051089e-06	6998
845174	3.669267e-07	-1.182504e-06	-1.051142e-06	6998
853430	3.668074e-07	-1.182494e-06	-1.051194e-06	6998
861686	3.666882e-07	-1.182484e-06	-1.051247e-06	6998
869942	3.665689e-07	-1.182475e-06	-1.051299e-06	6998
878198	3.664496e-07	-1.182465e-06	-1.051352e-06	6998
886454	3.663304e-07	-1.182455e-06	-1.051404e-06	6998
894710	3.662111e-07	-1.182446e-06	-1.051457e-06	6998
902966	3.660918e-07	-1.182436e-06	-1.051509e-06	6998
911222	3.659725e-07	-1.182426e-06	-1.051561e-06	6998
919478	3.658532e-07	-1.182417e-06	-1.051614e-06	6998
927734	3.657339e-07	-1.182407e-06	-1.051666e-06	6998
935990	3.656145e-07	-1.182397e-06	-1.051718e-06	6998
944246	3.654952e-07	-1.182388e-06	-1.051771e-06	6998
952502	3.653759e-07	-1.182378e-06	-1.051823e-06	6998
960758	3.652565e-07	-1.182368e-06	-1.051875e-06	6998
969014	3.651372e-07	-1.182359e-06	-1.051927e-06	6998
977270	3.650178e-07	-1.182349e-06	-1.051980e-06	6998
985526	3.648984e-07	-1.182339e-06	-1.052032e-06	6998
993782	3.647791e-07	-1.182330e-06	-1.052084e-06	6998
1002038	3.646597e-07	-1.182320e-06	-1.052136e-06	6998
1010294	3.645403e-07	-1.182311e-06	-1.052189e-06	6998
1018550	3.644209e-07	-1.182301e-06	-1.052241e-06	6998
1026806	3.643015e-07	-1.182291e-06	-1.052293e-06	6998
1035062	3.641821e-07	-1.182282e-06	-1.052345e-06	6998
1043318	3.640626e-07	-1.182272e-06	-1.052397e-06	6998
1051574	3.639432e-07	-1.182263e-06	-1.052449e-06	6998
1059830	3.638237e-07	-1.182253e-06	-1.052501e-06	6998
1068086	3.637043e-07	-1.182243e-06	-1.052553e-06	6998
1076342	3.635848e-07	-1.182234e-06	-1.052605e-06	6998
1084598	3.634654e-07	-1.182224e-06	-1.052657e-06	6998
1092854	3.633459e-07	-1.182215e-06	-1.052709e-06	6998
1101110	3.632264e-07	-1.182205e-06	-1.052761e-06	6998
1109366	3.631069e-07	-1.182196e-06	-1.052813e-06	6998
1117622	3.629875e-07	-1.182186e-06	-1.052865e-06	6998
1125878	3.628680e-07	-1.182176e-06	-1.052917e-06	6998
1134134	3.627484e-07	-1.182167e-06	-1.052969e-06	6998
1142390	3.626289e-07	-1.182157e-06	-1.053021e-06	6998
1150646	3.625094e-07	-1.182148e-06	-1.053073e-06	6998
3624	1.438517e-07	-1.181803e-06	-9.707337e-07	8505
11880	1.437440e-07	-1.181799e-06	-9.707543e-07	8505
20136	1.436362e-07	-1.181796e-06	-9.707747e-07	8505
28392	1.435285e-07	-1.181792e-06	-9.707952e-07	8505
36648	1.434208e-07	-1.181788e-06	-9.708157e-07	8505
44904	1.433130e-07	-1.181784e-06	-9.708361e-07	8505
53160	1.432053e-07	-1.181781e-06	-9.708566e-07	8505
61416	1.430975e-07	-1.181777e-06	-9.708771e-07	8505
69672	1.429898e-07	-1.181773e-06	-9.708974e-07	8505
77928	1.428820e-07	-1.181770e-06	-9.709178e-07	8505
86184	1.427742e-07	-1.181766e-06	-9.709382e-07	8505
94440	1.426665e-07	-1.181762e-06	-9.709586e-07	8505
102696	1.425587e-07	-1.181758e-06	-9.709789e-07	8505
110952	1.424509e-07	-1.181755e-06	-9.709993e-07	8505
119208	1.423432e-07	-1.181751e-06	-9.710195e-07	8505
127464	1.422354e-07	-1.181747e-06	-9.710399e-07	8505
135720	1.421276e-07	-1.181744e-06	-9.710601e-07	8505
143976	1.420198e-07	-1.181740e-06	-9.710805e-07	8505
152232	1.419121e-07	-1.181736e-06	-9.711007e-07	8505
160488	1.418043e-07	-1.181733e-06	-9.711209e-07	8505
168744	1.416965e-07	-1.181729e-06	-9.711412e-07	8505
177000	1.415887e-07	-1.181725e-06	-9.711613e-07	8505
185256	1.414809e-07	-1.181721e-06	-9.711815e-07	8505
193512	1.413731e-07	-1.181718e-06	-9.712016e-07	8505
201768	1.412653e-07	-1.181714e-06	-9.712219e-07	8505
210024	1.411575e-07	-1.181710e-06	-9.712420e-07	8505
218280	1.410497e-07	-1.181707e-06	-9.712621e-07	8505
226536	1.409419e-07	-1.181703e-06	-9.712822e-07	8505
234792	1.408341e-07	-1.181699e-06	-9.713024e-07	8505
243048	1.407262e-07	-1.181696e-06	-9.713224e-07	8505
251304	1.406184e-07	-1.181692e-06	-9.713425e-07	8505
259560	1.405106e-07	-1.181688e-06	-9.713625e-07	8505
267816	1.404028e-07	-1.181685e-06	-9.713826e-07	8505
276072	1.402949e-07	-1.181681e-06	-9.714026e-07	8505
284328	1.401871e-07	-1.181677e-06	-9.714227e-07	8505
292584	1.400793e-07	-1.181674e-06	-9.714425e-07	8505
300840	1.399714e-07	-1.181670e-06	-9.714626e-07	8505
309096	1.398636e-07	-1.181667e-06	-9.714826e-07	8505
317352	1.397558e-07	-1.181663e-06	-9.715025e-07	8505
325608	1.396479e-07	-1.181659e-06	-9.715224e-07	8505
333864	1.395401e-07	-1.181656e-06	-9.715424e-07	8505
342120	1.394322e-07	-1.181652e-06	-9.715623e-07	8505
350376	1.393243e-07	-1.181648e-06	-9.715822e-07	8505
358632	1.392165e-07	-1.181645e-06	-9.716019e-07	8505
366888	1.391086e-07	-1.181641e-06	-9.716218e-07	8505
375144	1.390008e-07	-1.181637e-06	-9.716416e-07	8505
383400	1.388929e-07	-1.181634e-06	-9.716615e-07	8505
391656	1.387850e-07	-1.181630e-06	-9.716813e-07	8505
399912	1.386772e-07	-1.181627e-06	-9.717011e-07	8505
408168	1.385693e-07	-1.181623e-06	-9.717209e-07	8505
416424	1.384614e-07	-1.181619e-06	-9.717406e-07	8505
424680	1.383535e-07	-1.181616e-06	-9.717603e-07	8505
432936	1.382456e-07	-1.181612e-06	-9.717801e-07	8505
441192	1.381378e-07	-1.181609e-06	-9.717998e-07	8505
449448	1.380299e-07	-1.181605e-06	-9.718195e-07	8505
457704	1.379220e-07	-1.181601e-06	-9.718392e-07	8505
465960	1.378141e-07	-1.181598e-06	-9.718589e-07	8505
474216	1.377062e-07	-1.181594e-06	-9.718785e-07	8505
482472	1.375983e-07	-1.181591e-06	-9.718981e-07	8505
490728	1.374904e-07	-1.181587e-06	-9.719178e-07	8505
498984	1.373825e-07	-1.181584e-06	-9.719373e-07	8505
507240	1.372745e-07	-1.181580e-06	-9.719570e-07	8505
515496	1.371666e-07	-1.181576e-06	-9.719765e-07	8505
523752	1.370587e-07	-1.181573e-06	-9.719961e-07	8505
532008	1.369508e-07	-1.181569e-06	-9.720156e-07	8505
540264	1.368429e-07	-1.181566e-06	-9.720351e-07	8505
548520	1.367349e-07	-1.181562e-06	-9.720546e-07	8505
556776	1.366270e-07	-1.181559e-06	-9.720742e-07	8505
565032	1.365191e-07	-1.181555e-06	-9.720936e-07	8505
573288	1.364111e-07	-1.181552e-06	-9.721131e-07	8505
581544	1.363032e-07	-1.181548e-06	-9.721325e-07	8505
589800	1.361953e-07	-1.181544e-06	-9.721520e-07	8505
598056	1.360873e-07	-1.181541e-06	-9.721714e-07	8505
606312	1.359794e-07	-1.181537e-06	-9.721908e-07	8505
614568	1.358714e-07	-1.181534e-06	-9.722102e-07	8505
622824	1.357635e-07	-1.181530e-06	-9.722295e-07	8505
631080	1.356555e-07	-1.181527e-06	-9.722489e-07	8505
639336	1.355476e-07	-1.181523e-06	-9.722683e-07	8505
647592	1.354396e-07	-1.181520e-06	-9.722876e-07	8505
655848	1.353316e-07	-1.181516e-06	-9.723069e-07	8505
664104	1.352237e-07	-1.181513e-06	-9.723261e-07	8505
672360	1.351157e-07	-1.181509e-06	-9.723454e-07	8505
680616	1.350077e-07	-1.181506e-06	-9.723647e-07	8505
688872	1.348998e-07	-1.181502e-06	-9.723840e-07	8505
697128	1.347918e-07	-1.181499e-06	-9.724032e-07	8505
705384	1.346838e-07	-1.181495e-06	-9.724224e-07	8505
713640	1.345758e-07	-1.181492e-06	-9.724416e-07	8505
721896	1.344678e-07	-1.181488e-06	-9.724608e-07	8505
730152	1.343599e-07	-1.181485e-06	-9.724799e-07	8505
738408	1.342519e-07	-1.181481e-06	-9.724992e-07	8505
746664	1.341439e-07	-1.181478e-06	-9.725183e-07	8505
754920	1.340359e-07	-1.181474e-06	-9.725374e-07	8505
763176	1.339279e-07	-1.181471e-06	-9.725564e-07	8505
771432	1.338199e-07	-1.181467e-06	-9.725755e-07	8505
779688	1.337119e-07	-1.181464e-06	-9.725946e-07	8505
787944	1.336039e-07	-1.181460e-06	-9.726137e-07	8505
796200	1.334958e-07	-1.181457e-06	-9.726327e-07	8505
804456	1.333878e-07	-1.181453e-06	-9.726518e-07	8505
812712	1.332798e-07	-1.181450e-06	-9.726708e-07	8505
820968	1.331718e-07	-1.181446e-06	-9.726898e-07	8505
829224	1.330638e-07	-1.181443e-06	-9.727088e-07	8505
837480	1.329557e-07	-1.181440e-06	-9.727278e-07	8505
845736	1.328477e-07	-1.181436e-06	-9.727468e-07	8505
853992	1.327397e-07	-1.181433e-06	-9.727656e-07	8505
862248	1.326317e-07	-1.181429e-06	-9.727846e-07	8505
870504	1.325236e-07	-1.181426e-06	-9.728035e-07	8505
878760	1.324156e-07	-1.181422e-06	-9.728224e-07	8505
887016	1.323075e-07	-1.181419e-06	-9.728412e-07	8505
895272	1.321995e-07	-1.181415e-06	-9.728601e-07	8505
903528	1.320914e-07	-1.181412e-06	-9.728790e-07	8505
911784	1.319834e-07	-1.181408e-06	-9.728979e-07	8505
920040	1.318753e-07	-1.181405e-06	-9.729166e-07	8505
928296	1.317673e-07	-1.181402e-06	-9.729354e-07	8505
936552	1.316592e-07	-1.181398e-06	-9.729542e-07	8505
944808	1.315512e-07	-1.181395e-06	-9.729730e-07	8505
953064	1.314431e-07	-1.181391e-06	-9.729918e-07	8505
961320	1.313350e-07	-1.181388e-06	-9.730104e-07	8505
969576	1.312270e-07	-1.181385e-06	-9.730292e-07	8505
977832	1.311189e-07	-1.181381e-06	-9.730479e-07	8505
986088	1.310108e-07	-1.181378e-06	-9.730666e-07	8505
994344	1.309027e-07	-1.181374e-06	-9.730852e-07	8505
1002600	1.307947e-07	-1.181371e-06	-9.731039e-07	8505
1010856	1.306866e-07	-1.181368e-06	-9.731225e-07	8505
1019112	1.305785e-07	-1.181364e-06	-9.731411e-07	8505
1027368	1.304704e-07	-1.181361e-06	-9.731598e-07	8505
1035624	1.303623e-07	-1.181357e-06	-9.731784e-07	8505
1043880	1.302542e-07	-1.181354e-06	-9.731970e-07	8505
1052136	1.301461e-07	-1.181351e-06	-9.732155e-07	8505
1060392	1.300380e-07	-1.181347e-06	-9.732341e-07	8505
1068648	1.299299e-07	-1.181344e-06	-9.732527e-07	8505
1076904	1.298218e-07	-1.181341e-06	-9.732712e-07	8505
1085160	1.297137e-07	-1.181337e-06	-9.732896e-07	8505
1093416	1.296056e-07	-1.181334e-06	-9.733081e-07	8505
1101672	1.294975e-07	-1.181330e-06	-9.733266e-07	8505
1109928	1.293893e-07	-1.181327e-06	-9.733451e-07	8505
1118184	1.292812e-07	-1.181324e-06	-9.733635e-07	8505
1126440	1.291731e-07	-1.181320e-06	-9.733819e-07	8505
1134696	1.290650e-07	-1.181317e-06	-9.734003e-07	8505
1142952	1.289569e-07	-1.181314e-06	-9.734188e-07	8505
1151208	1.288487e-07	-1.181310e-06	-9.734372e-07	8505
1427	3.098618e-07	-1.180638e-06	-1.019930e-06	3158
9683	3.097470e-07	-1.180630e-06	-1.019974e-06	3158
17939	3.096322e-07	-1.180622e-06	-1.020018e-06	3158
26195	3.095173e-07	-1.180614e-06	-1.020063e-06	3158
34451	3.094025e-07	-1.180606e-06	-1.020107e-06	3158
42707	3.092876e-07	-1.180597e-06	-1.020151e-06	3158
50963	3.091728e-07	-1.180589e-06	-1.020195e-06	3158
59219	3.090579e-07	-1.180581e-06	-1.020240e-06	3158
67475	3.089430e-07	-1.180573e-06	-1.020284e-06	3158
75731	3.088282e-07	-1.180565e-06	-1.020328e-06	3158
83987	3.087133e-07	-1.180557e-06	-1.020372e-06	3158
92243	3.085984e-07	-1.180549e-06	-1.020416e-06	3158
100499	3.084835e-07	-1.180540e-06	-1.020461e-06	3158
108755	3.083686e-07	-1.180532e-06	-1.020505e-06	3158
117011	3.082537e-07	-1.180524e-06	-1.020549e-06	3158
125267	3.081388e-07	-1.180516e-06	-1.020593e-06	3158
133523	3.080239e-07	-1.180508e-06	-1.020637e-06	3158
141779	3.079090e-07	-1.180500e-06	-1.020681e-06	3158
150035	3.077940e-07	-1.180492e-06	-1.020725e-06	3158
158291	3.076791e-07	-1.180484e-06	-1.020769e-06	3158
166547	3.075642e-07	-1.180476e-06	-1.020813e-06	3158
174803	3.074492e-07	-1.180468e-06	-1.020857e-06	3158
183059	3.073343e-07	-1.180459e-06	-1.020901e-06	3158
191315	3.072193e-07	-1.180451e-06	-1.020945e-06	3158
199571	3.071043e-07	-1.180443e-06	-1.020989e-06	3158
207827	3.069893e-07	-1.180435e-06	-1.021033e-06	3158
216083	3.068743e-07	-1.180427e-06	-1.021077e-06	3158
224339	3.067594e-07	-1.180419e-06	-1.021121e-06	3158
232595	3.066444e-07	-1.180411e-06	-1.021165e-06	3158
240851	3.065294e-07	-1.180403e-06	-1.021208e-06	3158
249107	3.064144e-07	-1.180395e-06	-1.021252e-06	3158
257363	3.062993e-07	-1.180387e-06	-1.021296e-06	3158
265619	3.061843e-07	-1.180379e-06	-1.021340e-06	3158
273875	3.060693e-07	-1.180371e-06	-1.021384e-06	3158
282131	3.059542e-07	-1.180363e-06	-1.021427e-06	3158
290387	3.058392e-07	-1.180355e-06	-1.021471e-06	3158
298643	3.057242e-07	-1.180346e-06	-1.021515e-06	3158
306899	3.056091e-07	-1.180338e-06	-1.021559e-06	3158
315155	3.054940e-07	-1.180330e-06	-1.021602e-06	3158
323411	3.053790e-07	-1.180322e-06	-1.021646e-06	3158
331667	3.052639e-07	-1.180314e-06	-1.021690e-06	3158
339923	3.051488e-07	-1.180306e-06	-1.021733e-06	3158
348179	3.050338e-07	-1.180298e-06	-1.021777e-06	3158
356435	3.049186e-07	-1.180290e-06	-1.021821e-06	3158
364691	3.048035e-07	-1.180282e-06	-1.021864e-06	3158
372947	3.046884e-07	-1.180274e-06	-1.021908e-06	3158
381203	3.045733e-07	-1.180266e-06	-1.021951e-06	3158
389459	3.044582e-07	-1.180258e-06	-1.021995e-06	3158
397715	3.043431e-07	-1.180250e-06	-1.022039e-06	3158
405971	3.042279e-07	-1.180242e-06	-1.022082e-06	3158
414227	3.041128e-07	-1.180234e-06	-1.022126e-06	3158
422483	3.039977e-07	-1.180226e-06	-1.022169e-06	3158
430739	3.038825e-07	-1.180218e-06	-1.022213e-06	3158
438995	3.037674e-07	-1.180210e-06	-1.022256e-06	3158
447251	3.036522e-07	-1.180202e-06	-1.022299e-06	3158
455507	3.035370e-07	-1.180194e-06	-1.022343e-06	3158
463763	3.034218e-07	-1.180186e-06	-1.022386e-06	3158
472019	3.033066e-07	-1.180178e-06	-1.022430e-06	3158
480275	3.031915e-07	-1.180170e-06	-1.022473e-06	3158
488531	3.030763e-07	-1.180162e-06	-1.022516e-06	3158
496787	3.029611e-07	-1.180154e-06	-1.022560e-06	3158
505043	3.028458e-07	-1.180146e-06	-1.022603e-06	3158
513299	3.027307e-07	-1.180138e-06	-1.022646e-06	3158
521555	3.026154e-07	-1.180130e-06	-1.022690e-06	3158
529811	3.025002e-07	-1.180122e-06	-1.022733e-06	3158
538067	3.023850e-07	-1.180114e-06	-1.022776e-06	3158
546323	3.022697e-07	-1.180106e-06	-1.022820e-06	3158
554579	3.021545e-07	-1.180098e-06	-1.022863e-06	3158
562835	3.020392e-07	-1.180090e-06	-1.022906e-06	3158
571091	3.019240e-07	-1.180082e-06	-1.022949e-06	3158
579347	3.018087e-07	-1.180074e-06	-1.022992e-06	3158
587603	3.016934e-07	-1.180067e-06	-1.023036e-06	3158
595859	3.015781e-07	-1.180059e-06	-1.023079e-06	3158
604115	3.014628e-07	-1.180051e-06	-1.023122e-06	3158
612371	3.013475e-07	-1.180043e-06	-1.023165e-06	3158
620627	3.012323e-07	-1.180035e-06	-1.023208e-06	3158
628883	3.011170e-07	-1.180027e-06	-1.023251e-06	3158
637139	3.010016e-07	-1.180019e-06	-1.023294e-06	3158
645395	3.008863e-07	-1.180011e-06	-1.023337e-06	3158
653651	3.007710e-07	-1.180003e-06	-1.023380e-06	3158
661907	3.006557e-07	-1.179995e-06	-1.023423e-06	3158
670163	3.005403e-07	-1.179987e-06	-1.023466e-06	3158
678419	3.004250e-07	-1.179979e-06	-1.023509e-06	3158
686675	3.003096e-07	-1.179971e-06	-1.023552e-06	3158
694931	3.001943e-07	-1.179964e-06	-1.023595e-06	3158
703187	3.000789e-07	-1.179956e-06	-1.023638e-06	3158
711443	2.999635e-07	-1.179948e-06	-1.023681e-06	3158
719699	2.998482e-07	-1.179940e-06	-1.023724e-06	3158
727955	2.997328e-07	-1.179932e-06	-1.023767e-06	3158
736211	2.996174e-07	-1.179924e-06	-1.023810e-06	3158
744467	2.995020e-07	-1.179916e-06	-1.023853e-06	3158
752723	2.993866e-07	-1.179908e-06	-1.023895e-06	3158
760979	2.992712e-07	-1.179900e-06	-1.023938e-06	3158
769235	2.991558e-07	-1.179893e-06	-1.023981e-06	3158
777491	2.990404e-07	-1.179885e-06	-1.024024e-06	3158
785747	2.989249e-07	-1.179877e-06	-1.024067e-06	3158
794003	2.988095e-07	-1.179869e-06	-1.024109e-06	3158
802259	2.986941e-07	-1.179861e-06	-1.024152e-06	3158
810515	2.985786e-07	-1.179853e-06	-1.024195e-06	3158
818771	2.984632e-07	-1.179845e-06	-1.024237e-06	3158
827027	2.983477e-07	-1.179837e-06	-1.024280e-06	3158
835283	2.982322e-07	-1.179830e-06	-1.024323e-06	3158
843539	2.981168e-07	-1.179822e-06	-1.024365e-06	3158
851795	2.980013e-07	-1.179814e-06	-1.024408e-06	3158
860051	2.978858e-07	-1.179806e-06	-1.024451e-06	3158
868307	2.977703e-07	-1.179798e-06	-1.024493e-06	3158
876563	2.976548e-07	-1.179790e-06	-1.024536e-06	3158
884819	2.975393e-07	-1.179783e-06	-1.024579e-06	3158
893075	2.974238e-07	-1.179775e-06	-1.024621e-06	3158
901331	2.973083e-07	-1.179767e-06	-1.024664e-06	3158
909587	2.971928e-07	-1.179759e-06	-1.024706e-06	3158
917843	2.970772e-07	-1.179751e-06	-1.024749e-06	3158
926099	2.969617e-07	-1.179743e-06	-1.024791e-06	3158
934355	2.968462e-07	-1.179736e-06	-1.024834e-06	3158
942611	2.967306e-07	-1.179728e-06	-1.024876e-06	3158
950867	2.966151e-07	-1.179720e-06	-1.024918e-06	3158
959123	2.964995e-07	-1.179712e-06	-1.024961e-06	3158
967379	2.963839e-07	-1.179704e-06	-1.025003e-06	3158
975635	2.962684e-07	-1.179697e-06	-1.025046e-06	3158
983891	2.961528e-07	-1.179689e-06	-1.025088e-06	3158
992147	2.960372e-07	-1.179681e-06	-1.025130e-06	3158
1000403	2.959216e-07	-1.179673e-06	-1.025173e-06	3158
1008659	2.958060e-07	-1.179665e-06	-1.025215e-06	3158
1016915	2.956904e-07	-1.179658e-06	-1.025257e-06	3158
1025171	2.955748e-07	-1.179650e-06	-1.025300e-06	3158
1033427	2.954592e-07	-1.179642e-06	-1.025342e-06	3158
1041683	2.953436e-07	-1.179634e-06	-1.025384e-06	3158
1049939	2.952279e-07	-1.179627e-06	-1.025426e-06	3158
1058195	2.951123e-07	-1.179619e-06	-1.025469e-06	3158
1066451	2.949967e-07	-1.179611e-06	-1.025511e-06	3158
1074707	2.948810e-07	-1.179603e-06	-1.025553e-06	3158
1082963	2.947654e-07	-1.179596e-06	-1.025595e-06	3158
1091219	2.946497e-07	-1.179588e-06	-1.025637e-06	3158
1099475	2.945340e-07	-1.179580e-06	-1.025679e-06	3158
1107731	2.944184e-07	-1.179572e-06	-1.025722e-06	3158
1115987	2.943027e-07	-1.179564e-06	-1.025764e-06	3158
1124243	2.941870e-07	-1.179557e-06	-1.025806e-06	3158
1132499	2.940713e-07	-1.179549e-06	-1.025848e-06	3158
1140755	2.939556e-07	-1.179541e-06	-1.025890e-06	3158
1149011	2.938399e-07	-1.179534e-06	-1.025932e-06	3158
5499	2.996562e-07	-1.178046e-06	-1.015837e-06	14153
13755	2.995419e-07	-1.178038e-06	-1.015880e-06	14153
22011	2.994276e-07	-1.178031e-06	-1.015923e-06	14153
30267	2.993133e-07	-1.178023e-06	-1.015966e-06	14153
38523	2.991990e-07	-1.178015e-06	-1.016008e-06	14153
46779	2.990846e-07	-1.178007e-06	-1.016051e-06	14153
55035	2.989703e-07	-1.177999e-06	-1.016094e-06	14153
63291	2.988560e-07	-1.177991e-06	-1.016137e-06	14153
71547	2.987416e-07	-1.177983e-06	-1.016179e-06	14153
79803	2.986273e-07	-1.177975e-06	-1.016222e-06	14153
88059	2.985129e-07	-1.177968e-06	-1.016265e-06	14153
96315	2.983986e-07	-1.177960e-06	-1.016308e-06	14153
104571	2.982842e-07	-1.177952e-06	-1.016350e-06	14153
112827	2.981698e-07	-1.177944e-06	-1.016393e-06	14153
121083	2.980554e-07	-1.177936e-06	-1.016436e-06	14153
129339	2.979410e-07	-1.177928e-06	-1.016478e-06	14153
137595	2.978266e-07	-1.177920e-06	-1.016521e-06	14153
145851	2.977122e-07	-1.177913e-06	-1.016563e-06	14153
154107	2.975978e-07	-1.177905e-06	-1.016606e-06	14153
162363	2.974834e-07	-1.177897e-06	-1.016649e-06	14153
170619	2.973690e-07	-1.177889e-06	-1.016691e-06	14153
178875	2.972546e-07	-1.177881e-06	-1.016734e-06	14153
187131	2.971401e-07	-1.177874e-06	-1.016776e-06	14153
195387	2.970257e-07	-1.177866e-06	-1.016819e-06	14153
203643	2.969112e-07	-1.177858e-06	-1.016861e-06	14153
211899	2.967968e-07	-1.177850e-06	-1.016904e-06	14153
220155	2.966823e-07	-1.177842e-06	-1.016946e-06	14153
228411	2.965679e-07	-1.177834e-06	-1.016988e-06	14153
236667	2.964534e-07	-1.177827e-06	-1.017031e-06	14153
244923	2.963389e-07	-1.177819e-06	-1.017073e-06	14153
253179	2.962244e-07	-1.177811e-06	-1.017116e-06	14153
261435	2.961099e-07	-1.177803e-06	-1.017158e-06	14153
269691	2.959954e-07	-1.177795e-06	-1.017200e-06	14153
277947	2.958809e-07	-1.177788e-06	-1.017243e-06	14153
286203	2.957664e-07	-1.177780e-06	-1.017285e-06	14153
294459	2.956519e-07	-1.177772e-06	-1.017327e-06	14153
302715	2.955374e-07	-1.177764e-06	-1.017370e-06	14153
310971	2.954228e-07	-1.177757e-06	-1.017412e-06	14153
319227	2.953083e-07	-1.177749e-06	-1.017454e-06	14153
327483	2.951938e-07	-1.177741e-06	-1.017496e-06	14153
335739	2.950792e-07	-1.177733e-06	-1.017539e-06	14153
343995	2.949647e-07	-1.177725e-06	-1.017581e-06	14153
352251	2.948501e-07	-1.177718e-06	-1.017623e-06	14153
360507	2.947355e-07	-1.177710e-06	-1.017665e-06	14153
368763	2.946210e-07	-1.177702e-06	-1.017707e-06	14153
377019	2.945064e-07	-1.177694e-06	-1.017749e-06	14153
385275	2.943918e-07	-1.177687e-06	-1.017792e-06	14153
393531	2.942772e-07	-1.177679e-06	-1.017834e-06	14153
401787	2.941626e-07	-1.177671e-06	-1.017876e-06	14153
410043	2.940480e-07	-1.177663e-06	-1.017918e-06	14153
418299	2.939334e-07	-1.177656e-06	-1.017960e-06	14153
426555	2.938188e-07	-1.177648e-06	-1.018002e-06	14153
434811	2.937041e-07	-1.177640e-06	-1.018044e-06	14153
443067	2.935895e-07	-1.177632e-06	-1.018086e-06	14153
451323	2.934749e-07	-1.177625e-06	-1.018128e-06	14153
459579	2.933602e-07	-1.177617e-06	-1.018170e-06	14153
467835	2.932456e-07	-1.177609e-06	-1.018212e-06	14153
476091	2.931309e-07	-1.177602e-06	-1.018254e-06	14153
484347	2.930163e-07	-1.177594e-06	-1.018296e-06	14153
492603	2.929016e-07	-1.177586e-06	-1.018338e-06	14153
500859	2.927870e-07	-1.177578e-06	-1.018379e-06	14153
509115	2.926723e-07	-1.177571e-06	-1.018421e-06	14153
517371	2.925576e-07	-1.177563e-06	-1.018463e-06	14153
525627	2.924429e-07	-1.177555e-06	-1.018505e-06	14153
533883	2.923282e-07	-1.177548e-06	-1.018547e-06	14153
542139	2.922135e-07	-1.177540e-06	-1.018589e-06	14153
550395	2.920988e-07	-1.177532e-06	-1.018630e-06	14153
558651	2.919841e-07	-1.177525e-06	-1.018672e-06	14153
566907	2.918694e-07	-1.177517e-06	-1.018714e-06	14153
575163	2.917546e-07	-1.177509e-06	-1.018756e-06	14153
583419	2.916399e-07	-1.177502e-06	-1.018797e-06	14153
591675	2.915251e-07	-1.177494e-06	-1.018839e-06	14153
599931	2.914104e-07	-1.177486e-06	-1.018881e-06	14153
608187	2.912956e-07	-1.177479e-06	-1.018922e-06	14153
616443	2.911809e-07	-1.177471e-06	-1.018964e-06	14153
624699	2.910661e-07	-1.177463e-06	-1.019006e-06	14153
632955	2.909514e-07	-1.177455e-06	-1.019047e-06	14153
641211	2.908366e-07	-1.177448e-06	-1.019089e-06	14153
649467	2.907218e-07	-1.177440e-06	-1.019131e-06	14153
657723	2.906070e-07	-1.177433e-06	-1.019172e-06	14153
665979	2.904922e-07	-1.177425e-06	-1.019214e-06	14153
674235	2.903774e-07	-1.177417e-06	-1.019255e-06	14153
682491	2.902626e-07	-1.177410e-06	-1.019297e-06	14153
690747	2.901478e-07	-1.177402e-06	-1.019338e-06	14153
699003	2.900330e-07	-1.177394e-06	-1.019380e-06	14153
707259	2.899181e-07	-1.177387e-06	-1.019421e-06	14153
715515	2.898033e-07	-1.177379e-06	-1.019463e-06	14153
723771	2.896885e-07	-1.177371e-06	-1.019504e-06	14153
732027	2.895736e-07	-1.177364e-06	-1.019546e-06	14153
740283	2.894588e-07	-1.177356e-06	-1.019587e-06	14153
748539	2.893439e-07	-1.177349e-06	-1.019628e-06	14153
756795	2.892290e-07	-1.177341e-06	-1.019670e-06	14153
765051	2.891142e-07	-1.177333e-06	-1.019711e-06	14153
773307	2.889993e-07	-1.177326e-06	-1.019753e-06	14153
781563	2.888844e-07	-1.177318e-06	-1.019794e-06	14153
789819	2.887695e-07	-1.177311e-06	-1.019835e-06	14153
798075	2.886546e-07	-1.177303e-06	-1.019876e-06	14153
806331	2.885397e-07	-1.177295e-06	-1.019918e-06	14153
814587	2.884248e-07	-1.177288e-06	-1.019959e-06	14153
822843	2.883099e-07	-1.177280e-06	-1.020000e-06	14153
831099	2.881950e-07	-1.177273e-06	-1.020042e-06	14153
839355	2.880801e-07	-1.177265e-06	-1.020083e-06	14153
847611	2.879651e-07	-1.177257e-06	-1.020124e-06	14153
855867	2.878502e-07	-1.177250e-06	-1.020165e-06	14153
864123	2.877352e-07	-1.177242e-06	-1.020206e-06	14153
872379	2.876203e-07	-1.177235e-06	-1.020247e-06	14153
880635	2.875053e-07	-1.177227e-06	-1.020289e-06	14153
888891	2.873904e-07	-1.177220e-06	-1.020330e-06	14153
897147	2.872754e-07	-1.177212e-06	-1.020371e-06	14153
905403	2.871604e-07	-1.177204e-06	-1.020412e-06	14153
913659	2.870455e-07	-1.177197e-06	-1.020453e-06	14153
921915	2.869305e-07	-1.177189e-06	-1.020494e-06	14153
930171	2.868155e-07	-1.177182e-06	-1.020535e-06	14153
938427	2.867005e-07	-1.177174e-06	-1.020576e-06	14153
946683	2.865855e-07	-1.177167e-06	-1.020617e-06	14153
954939	2.864705e-07	-1.177159e-06	-1.020658e-06	14153
963195	2.863555e-07	-1.177152e-06	-1.020699e-06	14153
971451	2.862404e-07	-1.177144e-06	-1.020740e-06	14153
979707	2.861254e-07	-1.177137e-06	-1.020781e-06	14153
987963	2.860104e-07	-1.177129e-06	-1.020822e-06	14153
996219	2.858953e-07	-1.177122e-06	-1.020863e-06	14153
1004475	2.857803e-07	-1.177114e-06	-1.020903e-06	14153
1012731	2.856652e-07	-1.177107e-06	-1.020944e-06	14153
1020987	2.855502e-07	-1.177099e-06	-1.020985e-06	14153
1029243	2.854351e-07	-1.177092e-06	-1.021026e-06	14153
1037499	2.853200e-07	-1.177084e-06	-1.021067e-06	14153
1045755	2.852049e-07	-1.177076e-06	-1.021108e-06	14153
1054011	2.850899e-07	-1.177069e-06	-1.021148e-06	14153
1062267	2.849748e-07	-1.177062e-06	-1.021189e-06	14153
1070523	2.848597e-07	-1.177054e-06	-1.021230e-06	14153
1078779	2.847446e-07	-1.177047e-06	-1.021271e-06	14153
1087035	2.846295e-07	-1.177039e-06	-1.021312e-06	14153
1095291	2.845144e-07	-1.177032e-06	-1.021352e-06	14153
1103547	2.843992e-07	-1.177024e-06	-1.021393e-06	14153
1111803	2.842841e-07	-1.177017e-06	-1.021433e-06	14153
1120059	2.841690e-07	-1.177009e-06	-1.021474e-06	14153
1128315	2.840539e-07	-1.177002e-06	-1.021515e-06	14153
1136571	2.839387e-07	-1.176994e-06	-1.021555e-06	14153
1144827	2.838236e-07	-1.176987e-06	-1.021596e-06	14153
1153083	2.837084e-07	-1.176979e-06	-1.021637e-06	14153
1310	2.128850e-07	-1.176365e-06	-9.845227e-07	2902
9566	2.127752e-07	-1.176359e-06	-9.845531e-07	2902
17822	2.126653e-07	-1.176354e-06	-9.845835e-07	2902
26078	2.125554e-07	-1.176348e-06	-9.846138e-07	2902
34334	2.124456e-07	-1.176342e-06	-9.846442e-07	2902
42590	2.123357e-07	-1.176337e-06	-9.846746e-07	2902
50846	2.122258e-07	-1.176331e-06	-9.847049e-07	2902
59102	2.121159e-07	-1.176326e-06	-9.847353e-07	2902
67358	2.120060e-07	-1.176320e-06	-9.847655e-07	2902
75614	2.118962e-07	-1.176315e-06	-9.847959e-07	2902
83870	2.117863e-07	-1.176309e-06	-9.848261e-07	2902
92126	2.116764e-07	-1.176303e-06	-9.848563e-07	2902
100382	2.115665e-07	-1.176298e-06	-9.848866e-07	2902
108638	2.114565e-07	-1.176292e-06	-9.849168e-07	2902
116894	2.113466e-07	-1.176287e-06	-9.849471e-07	2902
125150	2.112367e-07	-1.176281e-06	-9.849773e-07	2902
133406	2.111268e-07	-1.176276e-06	-9.850074e-07	2902
141662	2.110169e-07	-1.176270e-06	-9.850376e-07	2902
149918	2.109069e-07	-1.176265e-06	-9.850677e-07	2902
158174	2.107970e-07	-1.176259e-06	-9.850979e-07	2902
166430	2.106870e-07	-1.176254e-06	-9.851279e-07	2902
174686	2.105771e-07	-1.176248e-06	-9.851581e-07	2902
182942	2.104672e-07	-1.176243e-06	-9.851882e-07	2902
191198	2.103572e-07	-1.176237e-06	-9.852182e-07	2902
199454	2.102473e-07	-1.176232e-06	-9.852483e-07	2902
207710	2.101373e-07	-1.176226e-06	-9.852783e-07	2902
215966	2.100273e-07	-1.176221e-06	-9.853084e-07	2902
224222	2.099173e-07	-1.176215e-06	-9.853384e-07	2902
232478	2.098074e-07	-1.176209e-06	-9.853684e-07	2902
240734	2.096974e-07	-1.176204e-06	-9.853983e-07	2902
248990	2.095874e-07	-1.176198e-06	-9.854283e-07	2902
257246	2.094774e-07	-1.176193e-06	-9.854582e-07	2902
265502	2.093674e-07	-1.176188e-06	-9.854881e-07	2902
273758	2.092574e-07	-1.176182e-06	-9.855181e-07	2902
282014	2.091474e-07	-1.176177e-06	-9.855479e-07	2902
290270	2.090374e-07	-1.176171e-06	-9.855778e-07	2902
298526	2.089274e-07	-1.176166e-06	-9.856077e-07	2902
306782	2.088174e-07	-1.176160e-06	-9.856376e-07	2902
315038	2.087074e-07	-1.176155e-06	-9.856674e-07	2902
323294	2.085973e-07	-1.176149e-06	-9.856972e-07	2902
331550	2.084873e-07	-1.176144e-06	-9.857270e-07	2902
339806	2.083773e-07	-1.176138e-06	-9.857567e-07	2902
348062	2.082672e-07	-1.176133e-06	-9.857865e-07	2902
356318	2.081572e-07	-1.176127e-06	-9.858163e-07	2902
364574	2.080471e-07	-1.176122e-06	-9.858460e-07	2902
372830	2.079371e-07	-1.176116e-06	-9.858758e-07	2902
381086	2.078270e-07	-1.176111e-06	-9.859054e-07	2902
389342	2.077170e-07	-1.176106e-06	-9.859351e-07	2902
397598	2.076069e-07	-1.176100e-06	-9.859648e-07	2902
405854	2.074968e-07	-1.176095e-06	-9.859945e-07	2902
414110	2.073868e-07	-1.176089e-06	-9.860241e-07	2902
422366	2.072767e-07	-1.176084e-06	-9.860538e-07	2902
430622	2.071666e-07	-1.176078e-06	-9.860834e-07	2902
438878	2.070565e-07	-1.176073e-06	-9.861129e-07	2902
447134	2.069464e-07	-1.176067e-06	-9.861426e-07	2902
455390	2.068363e-07	-1.176062e-06	-9.861722e-07	2902
463646	2.067262e-07	-1.176057e-06	-9.862016e-07	2902
471902	2.066161e-07	-1.176051e-06	-9.862312e-07	2902
480158	2.065060e-07	-1.176046e-06	-9.862607e-07	2902
488414	2.063959e-07	-1.176040e-06	-9.862902e-07	2902
496670	2.062858e-07	-1.176035e-06	-9.863197e-07	2902
504926	2.061757e-07	-1.176030e-06	-9.863492e-07	2902
513182	2.060656e-07	-1.176024e-06	-9.863786e-07	2902
521438	2.059554e-07	-1.176019e-06	-9.864081e-07	2902
529694	2.058453e-07	-1.176013e-06	-9.864375e-07	2902
537950	2.057351e-07	-1.176008e-06	-9.864668e-07	2902
546206	2.056250e-07	-1.176003e-06	-9.864963e-07	2902
554462	2.055149e-07	-1.175997e-06	-9.865256e-07	2902
562718	2.054047e-07	-1.175992e-06	-9.865551e-07	2902
570974	2.052945e-07	-1.175986e-06	-9.865844e-07	2902
579230	2.051844e-07	-1.175981e-06	-9.866137e-07	2902
587486	2.050742e-07	-1.175976e-06	-9.866429e-07	2902
595742	2.049640e-07	-1.175970e-06	-9.866723e-07	2902
603998	2.048539e-07	-1.175965e-06	-9.867016e-07	2902
612254	2.047437e-07	-1.175960e-06	-9.867308e-07	2902
620510	2.046335e-07	-1.175954e-06	-9.867600e-07	2902
628766	2.045233e-07	-1.175949e-06	-9.867892e-07	2902
637022	2.044131e-07	-1.175944e-06	-9.868185e-07	2902
645278	2.043029e-07	-1.175938e-06	-9.868477e-07	2902
653534	2.041927e-07	-1.175933e-06	-9.868769e-07	2902
661790	2.040825e-07	-1.175927e-06	-9.869061e-07	2902
670046	2.039723e-07	-1.175922e-06	-9.869352e-07	2902
678302	2.038621e-07	-1.175917e-06	-9.869643e-07	2902
686558	2.037519e-07	-1.175911e-06	-9.869934e-07	2902
694814	2.036417e-07	-1.175906e-06	-9.870225e-07	2902
703070	2.035314e-07	-1.175901e-06	-9.870516e-07	2902
711326	2.034212e-07	-1.175895e-06	-9.870807e-07	2902
719582	2.033110e-07	-1.175890e-06	-9.871098e-07	2902
727838	2.032007e-07	-1.175885e-06	-9.871388e-07	2902
736094	2.030905e-07	-1.175879e-06	-9.871678e-07	2902
744350	2.029802e-07	-1.175874e-06	-9.871969e-07	2902
752606	2.028700e-07	-1.175869e-06	-9.872259e-07	2902
760862	2.027598e-07	-1.175864e-06	-9.872549e-07	2902
769118	2.026495e-07	-1.175858e-06	-9.872838e-07	2902
777374	2.025392e-07	-1.175853e-06	-9.873128e-07	2902
785630	2.024290e-07	-1.175848e-06	-9.873417e-07	2902
793886	2.023187e-07	-1.175842e-06	-9.873706e-07	2902
802142	2.022084e-07	-1.175837e-06	-9.873995e-07	2902
810398	2.020981e-07	-1.175832e-06	-9.874284e-07	2902
818654	2.019878e-07	-1.175826e-06	-9.874573e-07	2902
826910	2.018775e-07	-1.175821e-06	-9.874861e-07	2902
835166	2.017673e-07	-1.175816e-06	-9.875149e-07	2902
843422	2.016569e-07	-1.175811e-06	-9.875438e-07	2902
851678	2.015466e-07	-1.175805e-06	-9.875725e-07	2902
859934	2.014363e-07	-1.175800e-06	-9.876014e-07	2902
868190	2.013260e-07	-1.175795e-06	-9.876302e-07	2902
876446	2.012157e-07	-1.175789e-06	-9.876590e-07	2902
884702	2.011054e-07	-1.175784e-06	-9.876876e-07	2902
892958	2.009951e-07	-1.175779e-06	-9.877164e-07	2902
901214	2.008847e-07	-1.175774e-06	-9.877451e-07	2902
909470	2.007744e-07	-1.175768e-06	-9.877738e-07	2902
917726	2.006641e-07	-1.175763e-06	-9.878024e-07	2902
925982	2.005537e-07	-1.175758e-06	-9.878311e-07	2902
934238	2.004434e-07	-1.175753e-06	-9.878597e-07	2902
942494	2.003330e-07	-1.175747e-06	-9.878884e-07	2902
950750	2.002227e-07	-1.175742e-06	-9.879170e-07	2902
959006	2.001123e-07	-1.175737e-06	-9.879457e-07	2902
967262	2.000019e-07	-1.175732e-06	-9.879742e-07	2902
975518	1.998916e-07	-1.175726e-06	-9.880027e-07	2902
983774	1.997812e-07	-1.175721e-06	-9.880313e-07	2902
992030	1.996708e-07	-1.175716e-06	-9.880598e-07	2902
1000286	1.995605e-07	-1.175711e-06	-9.880883e-07	2902
1008542	1.994501e-07	-1.175706e-06	-9.881169e-07	2902
1016798	1.993397e-07	-1.175700e-06	-9.881454e-07	2902
1025054	1.992293e-07	-1.175695e-06	-9.881738e-07	2902
1033310	1.991189e-07	-1.175690e-06	-9.882023e-07	2902
1041566	1.990085e-07	-1.175685e-06	-9.882308e-07	2902
1049822	1.988981e-07	-1.175679e-06	-9.882592e-07	2902
1058078	1.987877e-07	-1.175674e-06	-9.882875e-07	2902
1066334	1.986773e-07	-1.175669e-06	-9.883159e-07	2902
1074590	1.985669e-07	-1.175664e-06	-9.883444e-07	2902
1082846	1.984564e-07	-1.175659e-06	-9.883727e-07	2902
1091102	1.983460e-07	-1.175653e-06	-9.884011e-07	2902
1099358	1.982356e-07	-1.175648e-06	-9.884294e-07	2902
1107614	1.981251e-07	-1.175643e-06	-9.884577e-07	2902
1115870	1.980147e-07	-1.175638e-06	-9.884860e-07	2902
1124126	1.979043e-07	-1.175633e-06	-9.885143e-07	2902
1132382	1.977938e-07	-1.175627e-06	-9.885425e-07	2902
1140638	1.976834e-07	-1.175622e-06	-9.885708e-07	2902
1148894	1.975729e-07	-1.175617e-06	-9.885990e-07	2902
1543	3.585811e-07	-1.174014e-06	-1.031264e-06	3414
9799	3.584645e-07	-1.174005e-06	-1.031315e-06	3414
18055	3.583479e-07	-1.173995e-06	-1.031367e-06	3414
26311	3.582313e-07	-1.173986e-06	-1.031418e-06	3414
34567	3.581146e-07	-1.173976e-06	-1.031469e-06	3414
42823	3.579979e-07	-1.173967e-06	-1.031521e-06	3414
51079	3.578813e-07	-1.173957e-06	-1.031572e-06	3414
59335	3.577646e-07	-1.173948e-06	-1.031623e-06	3414
67591	3.576480e-07	-1.173938e-06	-1.031674e-06	3414
75847	3.575313e-07	-1.173929e-06	-1.031725e-06	3414
84103	3.574146e-07	-1.173920e-06	-1.031776e-06	3414
92359	3.572979e-07	-1.173910e-06	-1.031828e-06	3414
100615	3.571812e-07	-1.173901e-06	-1.031879e-06	3414
108871	3.570645e-07	-1.173891e-06	-1.031930e-06	3414
117127	3.569477e-07	-1.173882e-06	-1.031981e-06	3414
125383	3.568310e-07	-1.173872e-06	-1.032032e-06	3414
133639	3.567143e-07	-1.173863e-06	-1.032083e-06	3414
141895	3.565975e-07	-1.173854e-06	-1.032134e-06	3414
150151	3.564808e-07	-1.173844e-06	-1.032185e-06	3414
158407	3.563640e-07	-1.173835e-06	-1.032236e-06	3414
166663	3.562473e-07	-1.173825e-06	-1.032287e-06	3414
174919	3.561305e-07	-1.173816e-06	-1.032338e-06	3414
183175	3.560137e-07	-1.173807e-06	-1.032389e-06	3414
191431	3.558969e-07	-1.173797e-06	-1.032440e-06	3414
199687	3.557801e-07	-1.173788e-06	-1.032491e-06	3414
207943	3.556633e-07	-1.173779e-06	-1.032542e-06	3414
216199	3.555465e-07	-1.173769e-06	-1.032593e-06	3414
224455	3.554297e-07	-1.173760e-06	-1.032644e-06	3414
232711	3.553129e-07	-1.173750e-06	-1.032694e-06	3414
240967	3.551960e-07	-1.173741e-06	-1.032745e-06	3414
249223	3.550792e-07	-1.173732e-06	-1.032796e-06	3414
257479	3.549623e-07	-1.173722e-06	-1.032847e-06	3414
265735	3.548455e-07	-1.173713e-06	-1.032898e-06	3414
273991	3.547286e-07	-1.173704e-06	-1.032948e-06	3414
282247	3.546118e-07	-1.173694e-06	-1.032999e-06	3414
290503	3.544949e-07	-1.173685e-06	-1.033050e-06	3414
298759	3.543780e-07	-1.173676e-06	-1.033101e-06	3414
307015	3.542611e-07	-1.173666e-06	-1.033151e-06	3414
315271	3.541442e-07	-1.173657e-06	-1.033202e-06	3414
323527	3.540273e-07	-1.173648e-06	-1.033253e-06	3414
331783	3.539104e-07	-1.173638e-06	-1.033303e-06	3414
340039	3.537934e-07	-1.173629e-06	-1.033354e-06	3414
348295	3.536765e-07	-1.173620e-06	-1.033405e-06	3414
356551	3.535596e-07	-1.173610e-06	-1.033455e-06	3414
364807	3.534426e-07	-1.173601e-06	-1.033506e-06	3414
373063	3.533257e-07	-1.173592e-06	-1.033556e-06	3414
381319	3.532087e-07	-1.173582e-06	-1.033607e-06	3414
389575	3.530917e-07	-1.173573e-06	-1.033657e-06	3414
397831	3.529748e-07	-1.173564e-06	-1.033708e-06	3414
406087	3.528578e-07	-1.173554e-06	-1.033759e-06	3414
414343	3.527408e-07	-1.173545e-06	-1.033809e-06	3414
422599	3.526238e-07	-1.173536e-06	-1.033859e-06	3414
430855	3.525068e-07	-1.173526e-06	-1.033910e-06	3414
439111	3.523898e-07	-1.173517e-06	-1.033960e-06	3414
447367	3.522727e-07	-1.173508e-06	-1.034011e-06	3414
455623	3.521557e-07	-1.173499e-06	-1.034061e-06	3414
463879	3.520387e-07	-1.173489e-06	-1.034112e-06	3414
472135	3.519216e-07	-1.173480e-06	-1.034162e-06	3414
480391	3.518046e-07	-1.173471e-06	-1.034212e-06	3414
488647	3.516875e-07	-1.173461e-06	-1.034263e-06	3414
496903	3.515705e-07	-1.173452e-06	-1.034313e-06	3414
505159	3.514534e-07	-1.173443e-06	-1.034363e-06	3414
513415	3.513363e-07	-1.173434e-06	-1.034413e-06	3414
521671	3.512192e-07	-1.173424e-06	-1.034464e-06	3414
529927	3.511021e-07	-1.173415e-06	-1.034514e-06	3414
538183	3.509850e-07	-1.173406e-06	-1.034564e-06	3414
546439	3.508679e-07	-1.173397e-06	-1.034614e-06	3414
554695	3.507508e-07	-1.173387e-06	-1.034665e-06	3414
562951	3.506337e-07	-1.173378e-06	-1.034715e-06	3414
571207	3.505165e-07	-1.173369e-06	-1.034765e-06	3414
579463	3.503994e-07	-1.173360e-06	-1.034815e-06	3414
587719	3.502822e-07	-1.173350e-06	-1.034865e-06	3414
595975	3.501651e-07	-1.173341e-06	-1.034915e-06	3414
604231	3.500479e-07	-1.173332e-06	-1.034966e-06	3414
612487	3.499307e-07	-1.173323e-06	-1.035016e-06	3414
620743	3.498136e-07	-1.173313e-06	-1.035066e-06	3414
628999	3.496964e-07	-1.173304e-06	-1.035116e-06	3414
637255	3.495792e-07	-1.173295e-06	-1.035166e-06	3414
645511	3.494620e-07	-1.173286e-06	-1.035216e-06	3414
653767	3.493448e-07	-1.173277e-06	-1.035266e-06	3414
662023	3.492276e-07	-1.173267e-06	-1.035316e-06	3414
670279	3.491103e-07	-1.173258e-06	-1.035366e-06	3414
678535	3.489931e-07	-1.173249e-06	-1.035416e-06	3414
686791	3.488759e-07	-1.173240e-06	-1.035466e-06	3414
695047	3.487586e-07	-1.173231e-06	-1.035516e-06	3414
703303	3.486414e-07	-1.173221e-06	-1.035565e-06	3414
711559	3.485241e-07	-1.173212e-06	-1.035615e-06	3414
719815	3.484068e-07	-1.173203e-06	-1.035665e-06	3414
728071	3.482896e-07	-1.173194e-06	-1.035715e-06	3414
736327	3.481723e-07	-1.173185e-06	-1.035765e-06	3414
744583	3.480550e-07	-1.173176e-06	-1.035815e-06	3414
752839	3.479377e-07	-1.173166e-06	-1.035864e-06	3414
761095	3.478204e-07	-1.173157e-06	-1.035914e-06	3414
769351	3.477031e-07	-1.173148e-06	-1.035964e-06	3414
777607	3.475858e-07	-1.173139e-06	-1.036014e-06	3414
785863	3.474684e-07	-1.173130e-06	-1.036064e-06	3414
794119	3.473511e-07	-1.173120e-06	-1.036113e-06	3414
802375	3.472338e-07	-1.173111e-06	-1.036163e-06	3414
810631	3.471164e-07	-1.173102e-06	-1.036213e-06	3414
818887	3.469991e-07	-1.173093e-06	-1.036262e-06	3414
827143	3.468817e-07	-1.173084e-06	-1.036312e-06	3414
835399	3.467644e-07	-1.173075e-06	-1.036361e-06	3414
843655	3.466470e-07	-1.173066e-06	-1.036411e-06	3414
851911	3.465296e-07	-1.173056e-06	-1.036461e-06	3414
860167	3.464122e-07	-1.173047e-06	-1.036510e-06	3414
868423	3.462948e-07	-1.173038e-06	-1.036560e-06	3414
876679	3.461774e-07	-1.173029e-06	-1.036609e-06	3414
884935	3.460599e-07	-1.173020e-06	-1.036659e-06	3414
893191	3.459425e-07	-1.173011e-06	-1.036708e-06	3414
901447	3.458251e-07	-1.173002e-06	-1.036758e-06	3414
909703	3.457077e-07	-1.172993e-06	-1.036807e-06	3414
917959	3.455902e-07	-1.172984e-06	-1.036857e-06	3414
926215	3.454728e-07	-1.172974e-06	-1.036906e-06	3414
934471	3.453553e-07	-1.172965e-06	-1.036956e-06	3414
942727	3.452379e-07	-1.172956e-06	-1.037005e-06	3414
950983	3.451204e-07	-1.172947e-06	-1.037055e-06	3414
959239	3.450029e-07	-1.172938e-06	-1.037104e-06	3414
967495	3.448854e-07	-1.172929e-06	-1.037153e-06	3414
975751	3.447679e-07	-1.172920e-06	-1.037203e-06	3414
984007	3.446504e-07	-1.172911e-06	-1.037252e-06	3414
992263	3.445329e-07	-1.172902e-06	-1.037301e-06	3414
1000519	3.444154e-07	-1.172893e-06	-1.037351e-06	3414
1008775	3.442979e-07	-1.172883e-06	-1.037400e-06	3414
1017031	3.441803e-07	-1.172874e-06	-1.037449e-06	3414
1025287	3.440628e-07	-1.172865e-06	-1.037498e-06	3414
1033543	3.439453e-07	-1.172856e-06	-1.037548e-06	3414
1041799	3.438277e-07	-1.172847e-06	-1.037597e-06	3414
1050055	3.437101e-07	-1.172838e-06	-1.037646e-06	3414
1058311	3.435926e-07	-1.172829e-06	-1.037695e-06	3414
1066567	3.434750e-07	-1.172820e-06	-1.037744e-06	3414
1074823	3.433574e-07	-1.172811e-06	-1.037793e-06	3414
1083079	3.432398e-07	-1.172802e-06	-1.037842e-06	3414
1091335	3.431222e-07	-1.172793e-06	-1.037892e-06	3414
1099591	3.430046e-07	-1.172784e-06	-1.037941e-06	3414
1107847	3.428870e-07	-1.172775e-06	-1.037990e-06	3414
1116103	3.427694e-07	-1.172766e-06	-1.038039e-06	3414
1124359	3.426518e-07	-1.172757e-06	-1.038088e-06	3414
1132615	3.425341e-07	-1.172748e-06	-1.038137e-06	3414
1140871	3.424165e-07	-1.172739e-06	-1.038186e-06	3414
1149127	3.422988e-07	-1.172730e-06	-1.038235e-06	3414
6002	2.897601e-07	-1.161625e-06	-9.985538e-07	15958
14258	2.896479e-07	-1.161618e-06	-9.985953e-07	15958
22514	2.895356e-07	-1.161610e-06	-9.986367e-07	15958
30770	2.894233e-07	-1.161602e-06	-9.986780e-07	15958
39026	2.893111e-07	-1.161595e-06	-9.987194e-07	15958
47282	2.891988e-07	-1.161587e-06	-9.987608e-07	15958
55538	2.890865e-07	-1.161580e-06	-9.988022e-07	15958
63794	2.889742e-07	-1.161572e-06	-9.988436e-07	15958
72050	2.888619e-07	-1.161564e-06	-9.988848e-07	15958
80306	2.887496e-07	-1.161557e-06	-9.989262e-07	15958
88562	2.886373e-07	-1.161549e-06	-9.989675e-07	15958
96818	2.885249e-07	-1.161542e-06	-9.990088e-07	15958
105074	2.884126e-07	-1.161534e-06	-9.990500e-07	15958
113330	2.883003e-07	-1.161526e-06	-9.990913e-07	15958
121586	2.881879e-07	-1.161519e-06	-9.991325e-07	15958
129842	2.880756e-07	-1.161511e-06	-9.991737e-07	15958
138098	2.879632e-07	-1.161504e-06	-9.992149e-07	15958
146354	2.878509e-07	-1.161496e-06	-9.992561e-07	15958
154610	2.877385e-07	-1.161489e-06	-9.992973e-07	15958
162866	2.876261e-07	-1.161481e-06	-9.993385e-07	15958
171122	2.875138e-07	-1.161473e-06	-9.993795e-07	15958
179378	2.874014e-07	-1.161466e-06	-9.994206e-07	15958
187634	2.872890e-07	-1.161458e-06	-9.994618e-07	15958
195890	2.871766e-07	-1.161451e-06	-9.995028e-07	15958
204146	2.870642e-07	-1.161443e-06	-9.995439e-07	15958
212402	2.869518e-07	-1.161436e-06	-9.995849e-07	15958
220658	2.868394e-07	-1.161428e-06	-9.996260e-07	15958
228914	2.867270e-07	-1.161420e-06	-9.996670e-07	15958
237170	2.866145e-07	-1.161413e-06	-9.997080e-07	15958
245426	2.865021e-07	-1.161405e-06	-9.997490e-07	15958
253682	2.863896e-07	-1.161398e-06	-9.997900e-07	15958
261938	2.862772e-07	-1.161390e-06	-9.998309e-07	15958
270194	2.861648e-07	-1.161383e-06	-9.998719e-07	15958
278450	2.860523e-07	-1.161375e-06	-9.999128e-07	15958
286706	2.859398e-07	-1.161368e-06	-9.999537e-07	15958
294962	2.858274e-07	-1.161360e-06	-9.999947e-07	15958
303218	2.857149e-07	-1.161353e-06	-1.000035e-06	15958
311474	2.856024e-07	-1.161345e-06	-1.000076e-06	15958
319730	2.854899e-07	-1.161338e-06	-1.000117e-06	15958
327986	2.853774e-07	-1.161330e-06	-1.000158e-06	15958
336242	2.852649e-07	-1.161323e-06	-1.000199e-06	15958
344498	2.851525e-07	-1.161315e-06	-1.000240e-06	15958
352754	2.850399e-07	-1.161308e-06	-1.000280e-06	15958
361010	2.849274e-07	-1.161300e-06	-1.000321e-06	15958
369266	2.848149e-07	-1.161293e-06	-1.000362e-06	15958
377522	2.847024e-07	-1.161285e-06	-1.000403e-06	15958
385778	2.845898e-07	-1.161278e-06	-1.000443e-06	15958
394034	2.844773e-07	-1.161270e-06	-1.000484e-06	15958
402290	2.843647e-07	-1.161263e-06	-1.000525e-06	15958
410546	2.842522e-07	-1.161255e-06	-1.000565e-06	15958
418802	2.841396e-07	-1.161248e-06	-1.000606e-06	15958
427058	2.840271e-07	-1.161240e-06	-1.000647e-06	15958
435314	2.839145e-07	-1.161233e-06	-1.000687e-06	15958
443570	2.838019e-07	-1.161225e-06	-1.000728e-06	15958
451826	2.836893e-07	-1.161218e-06	-1.000769e-06	15958
460082	2.835768e-07	-1.161210e-06	-1.000809e-06	15958
468338	2.834641e-07	-1.161203e-06	-1.000850e-06	15958
476594	2.833516e-07	-1.161195e-06	-1.000890e-06	15958
484850	2.832390e-07	-1.161188e-06	-1.000931e-06	15958
493106	2.831263e-07	-1.161181e-06	-1.000971e-06	15958
501362	2.830137e-07	-1.161173e-06	-1.001012e-06	15958
509618	2.829011e-07	-1.161166e-06	-1.001052e-06	15958
517874	2.827884e-07	-1.161158e-06	-1.001093e-06	15958
526130	2.826758e-07	-1.161151e-06	-1.001133e-06	15958
534386	2.825632e-07	-1.161143e-06	-1.001173e-06	15958
542642	2.824505e-07	-1.161136e-06	-1.001214e-06	15958
550898	2.823379e-07	-1.161128e-06	-1.001254e-06	15958
559154	2.822252e-07	-1.161121e-06	-1.001295e-06	15958
567410	2.821126e-07	-1.161114e-06	-1.001335e-06	15958
575666	2.819999e-07	-1.161106e-06	-1.001375e-06	15958
583922	2.818872e-07	-1.161099e-06	-1.001416e-06	15958
592178	2.817745e-07	-1.161091e-06	-1.001456e-06	15958
600434	2.816618e-07	-1.161084e-06	-1.001496e-06	15958
608690	2.815491e-07	-1.161077e-06	-1.001537e-06	15958
616946	2.814364e-07	-1.161069e-06	-1.001577e-06	15958
625202	2.813237e-07	-1.161062e-06	-1.001617e-06	15958
633458	2.812110e-07	-1.161054e-06	-1.001657e-06	15958
641714	2.810983e-07	-1.161047e-06	-1.001697e-06	15958
649970	2.809855e-07	-1.161039e-06	-1.001738e-06	15958
658226	2.808728e-07	-1.161032e-06	-1.001778e-06	15958
666482	2.807601e-07	-1.161025e-06	-1.001818e-06	15958
674738	2.806473e-07	-1.161017e-06	-1.001858e-06	15958
682994	2.805346e-07	-1.161010e-06	-1.001898e-06	15958
691250	2.804218e-07	-1.161003e-06	-1.001938e-06	15958
699506	2.803091e-07	-1.160995e-06	-1.001978e-06	15958
707762	2.801963e-07	-1.160988e-06	-1.002019e-06	15958
716018	2.800835e-07	-1.160980e-06	-1.002059e-06	15958
724274	2.799707e-07	-1.160973e-06	-1.002099e-06	15958
732530	2.798580e-07	-1.160966e-06	-1.002139e-06	15958
740786	2.797452e-07	-1.160958e-06	-1.002179e-06	15958
749042	2.796324e-07	-1.160951e-06	-1.002219e-06	15958
757298	2.795196e-07	-1.160944e-06	-1.002259e-06	15958
765554	2.794067e-07	-1.160936e-06	-1.002299e-06	15958
773810	2.792939e-07	-1.160929e-06	-1.002339e-06	15958
782066	2.791811e-07	-1.160922e-06	-1.002379e-06	15958
790322	2.790683e-07	-1.160914e-06	-1.002419e-06	15958
798578	2.789555e-07	-1.160907e-06	-1.002458e-06	15958
806834	2.788426e-07	-1.160900e-06	-1.002498e-06	15958
815090	2.787298e-07	-1.160892e-06	-1.002538e-06	15958
823346	2.786169e-07	-1.160885e-06	-1.002578e-06	15958
831602	2.785041e-07	-1.160878e-06	-1.002618e-06	15958
839858	2.783912e-07	-1.160870e-06	-1.002658e-06	15958
848114	2.782783e-07	-1.160863e-06	-1.002698e-06	15958
856370	2.781655e-07	-1.160856e-06	-1.002737e-06	15958
864626	2.780526e-07	-1.160848e-06	-1.002777e-06	15958
872882	2.779397e-07	-1.160841e-06	-1.002817e-06	15958
881138	2.778268e-07	-1.160834e-06	-1.002857e-06	15958
889394	2.777139e-07	-1.160826e-06	-1.002896e-06	15958
897650	2.776010e-07	-1.160819e-06	-1.002936e-06	15958
905906	2.774881e-07	-1.160812e-06	-1.002976e-06	15958
914162	2.773752e-07	-1.160804e-06	-1.003015e-06	15958
922418	2.772622e-07	-1.160797e-06	-1.003055e-06	15958
930674	2.771493e-07	-1.160790e-06	-1.003095e-06	15958
938930	2.770364e-07	-1.160783e-06	-1.003134e-06	15958
947186	2.769235e-07	-1.160775e-06	-1.003174e-06	15958
955442	2.768105e-07	-1.160768e-06	-1.003214e-06	15958
963698	2.766975e-07	-1.160761e-06	-1.003253e-06	15958
971954	2.765846e-07	-1.160753e-06	-1.003293e-06	15958
980210	2.764716e-07	-1.160746e-06	-1.003332e-06	15958
988466	2.763587e-07	-1.160739e-06	-1.003372e-06	15958
996722	2.762457e-07	-1.160732e-06	-1.003411e-06	15958
1004978	2.761327e-07	-1.160724e-06	-1.003451e-06	15958
1013234	2.760197e-07	-1.160717e-06	-1.003490e-06	15958
1021490	2.759067e-07	-1.160710e-06	-1.003530e-06	15958
1029746	2.757937e-07	-1.160703e-06	-1.003569e-06	15958
1038002	2.756807e-07	-1.160695e-06	-1.003609e-06	15958
1046258	2.755677e-07	-1.160688e-06	-1.003648e-06	15958
1054514	2.754547e-07	-1.160681e-06	-1.003688e-06	15958
1062770	2.753417e-07	-1.160674e-06	-1.003727e-06	15958
1071026	2.752286e-07	-1.160666e-06	-1.003766e-06	15958
1079282	2.751156e-07	-1.160659e-06	-1.003806e-06	15958
1087538	2.750026e-07	-1.160652e-06	-1.003845e-06	15958
1095794	2.748895e-07	-1.160645e-06	-1.003884e-06	15958
1104050	2.747765e-07	-1.160637e-06	-1.003924e-06	15958
1112306	2.746634e-07	-1.160630e-06	-1.003963e-06	15958
1120562	2.745504e-07	-1.160623e-06	-1.004002e-06	15958
1128818	2.744373e-07	-1.160616e-06	-1.004041e-06	15958
1137074	2.743242e-07	-1.160608e-06	-1.004081e-06	15958
1145330	2.742111e-07	-1.160601e-06	-1.004120e-06	15958
1153586	2.740981e-07	-1.160594e-06	-1.004159e-06	15958
86	2.963154e-07	-1.150168e-06	-9.911548e-07	343
8342	2.962039e-07	-1.150161e-06	-9.911972e-07	343
16598	2.960924e-07	-1.150153e-06	-9.912396e-07	343
24854	2.959809e-07	-1.150145e-06	-9.912819e-07	343
33110	2.958694e-07	-1.150137e-06	-9.913243e-07	343
41366	2.957578e-07	-1.150129e-06	-9.913666e-07	343
49622	2.956463e-07	-1.150122e-06	-9.914089e-07	343
57878	2.955348e-07	-1.150114e-06	-9.914512e-07	343
66134	2.954232e-07	-1.150106e-06	-9.914935e-07	343
74390	2.953117e-07	-1.150098e-06	-9.915357e-07	343
82646	2.952001e-07	-1.150090e-06	-9.915780e-07	343
90902	2.950885e-07	-1.150083e-06	-9.916201e-07	343
99158	2.949769e-07	-1.150075e-06	-9.916623e-07	343
107414	2.948654e-07	-1.150067e-06	-9.917045e-07	343
115670	2.947538e-07	-1.150059e-06	-9.917467e-07	343
123926	2.946422e-07	-1.150052e-06	-9.917889e-07	343
132182	2.945306e-07	-1.150044e-06	-9.918310e-07	343
140438	2.944190e-07	-1.150036e-06	-9.918731e-07	343
148694	2.943074e-07	-1.150028e-06	-9.919153e-07	343
156950	2.941958e-07	-1.150021e-06	-9.919573e-07	343
165206	2.940841e-07	-1.150013e-06	-9.919994e-07	343
173462	2.939725e-07	-1.150005e-06	-9.920415e-07	343
181718	2.938609e-07	-1.149998e-06	-9.920835e-07	343
189974	2.937492e-07	-1.149990e-06	-9.921256e-07	343
198230	2.936376e-07	-1.149982e-06	-9.921675e-07	343
206486	2.935259e-07	-1.149974e-06	-9.922096e-07	343
214742	2.934142e-07	-1.149966e-06	-9.922516e-07	343
222998	2.933026e-07	-1.149959e-06	-9.922935e-07	343
231254	2.931909e-07	-1.149951e-06	-9.923355e-07	343
239510	2.930792e-07	-1.149943e-06	-9.923774e-07	343
247766	2.929675e-07	-1.149936e-06	-9.924194e-07	343
256022	2.928558e-07	-1.149928e-06	-9.924612e-07	343
264278	2.927441e-07	-1.149920e-06	-9.925031e-07	343
272534	2.926324e-07	-1.149912e-06	-9.925450e-07	343
280790	2.925208e-07	-1.149905e-06	-9.925868e-07	343
289046	2.924090e-07	-1.149897e-06	-9.926287e-07	343
297302	2.922973e-07	-1.149889e-06	-9.926705e-07	343
305558	2.921856e-07	-1.149882e-06	-9.927123e-07	343
313814	2.920738e-07	-1.149874e-06	-9.927541e-07	343
322070	2.919621e-07	-1.149866e-06	-9.927959e-07	343
330326	2.918503e-07	-1.149859e-06	-9.928376e-07	343
338582	2.917386e-07	-1.149851e-06	-9.928793e-07	343
346838	2.916268e-07	-1.149843e-06	-9.929211e-07	343
355094	2.915151e-07	-1.149836e-06	-9.929628e-07	343
363350	2.914033e-07	-1.149828e-06	-9.930045e-07	343
371606	2.912915e-07	-1.149820e-06	-9.930461e-07	343
379862	2.911797e-07	-1.149813e-06	-9.930878e-07	343
388118	2.910679e-07	-1.149805e-06	-9.931294e-07	343
396374	2.909561e-07	-1.149797e-06	-9.931711e-07	343
404630	2.908443e-07	-1.149790e-06	-9.932127e-07	343
412886	2.907325e-07	-1.149782e-06	-9.932543e-07	343
421142	2.906207e-07	-1.149774e-06	-9.932959e-07	343
429398	2.905089e-07	-1.149767e-06	-9.933374e-07	343
437654	2.903971e-07	-1.149759e-06	-9.933790e-07	343
445910	2.902852e-07	-1.149751e-06	-9.934205e-07	343
454166	2.901734e-07	-1.149744e-06	-9.934620e-07	343
462422	2.900615e-07	-1.149736e-06	-9.935035e-07	343
470678	2.899497e-07	-1.149729e-06	-9.935450e-07	343
478934	2.898378e-07	-1.149721e-06	-9.935865e-07	343
487190	2.897260e-07	-1.149713e-06	-9.936280e-07	343
495446	2.896141e-07	-1.149706e-06	-9.936693e-07	343
503702	2.895022e-07	-1.149698e-06	-9.937107e-07	343
511958	2.893903e-07	-1.149690e-06	-9.937522e-07	343
520214	2.892784e-07	-1.149683e-06	-9.937936e-07	343
528470	2.891665e-07	-1.149675e-06	-9.938350e-07	343
536726	2.890546e-07	-1.149667e-06	-9.938763e-07	343
544982	2.889427e-07	-1.149660e-06	-9.939176e-07	343
553238	2.888308e-07	-1.149652e-06	-9.939589e-07	343
561494	2.887189e-07	-1.149645e-06	-9.940003e-07	343
569750	2.886070e-07	-1.149637e-06	-9.940416e-07	343
578006	2.884950e-07	-1.149629e-06	-9.940828e-07	343
586262	2.883831e-07	-1.149622e-06	-9.941241e-07	343
594518	2.882712e-07	-1.149614e-06	-9.941654e-07	343
602774	2.881592e-07	-1.149607e-06	-9.942065e-07	343
611030	2.880473e-07	-1.149599e-06	-9.942478e-07	343
619286	2.879353e-07	-1.149592e-06	-9.942889e-07	343
627542	2.878233e-07	-1.149584e-06	-9.943301e-07	343
635798	2.877113e-07	-1.149576e-06	-9.943714e-07	343
644054	2.875994e-07	-1.149569e-06	-9.944124e-07	343
652310	2.874874e-07	-1.149561e-06	-9.944536e-07	343
660566	2.873754e-07	-1.149554e-06	-9.944947e-07	343
668822	2.872634e-07	-1.149546e-06	-9.945358e-07	343
677078	2.871514e-07	-1.149539e-06	-9.945769e-07	343
685334	2.870394e-07	-1.149531e-06	-9.946179e-07	343
693590	2.869273e-07	-1.149523e-06	-9.946590e-07	343
701846	2.868153e-07	-1.149516e-06	-9.947000e-07	343
710102	2.867033e-07	-1.149508e-06	-9.947411e-07	343
718358	2.865912e-07	-1.149501e-06	-9.947821e-07	343
726614	2.864792e-07	-1.149493e-06	-9.948230e-07	343
734870	2.863672e-07	-1.149486e-06	-9.948640e-07	343
743126	2.862551e-07	-1.149478e-06	-9.949050e-07	343
751382	2.861430e-07	-1.149471e-06	-9.949459e-07	343
759638	2.860310e-07	-1.149463e-06	-9.949869e-07	343
767894	2.859189e-07	-1.149456e-06	-9.950278e-07	343
776150	2.858068e-07	-1.149448e-06	-9.950686e-07	343
784406	2.856947e-07	-1.149441e-06	-9.951095e-07	343
792662	2.855826e-07	-1.149433e-06	-9.951503e-07	343
800918	2.854705e-07	-1.149426e-06	-9.951912e-07	343
809174	2.853585e-07	-1.149418e-06	-9.952320e-07	343
817430	2.852464e-07	-1.149411e-06	-9.952728e-07	343
825686	2.851342e-07	-1.149403e-06	-9.953136e-07	343
833942	2.850221e-07	-1.149396e-06	-9.953544e-07	343
842198	2.849100e-07	-1.149388e-06	-9.953951e-07	343
850454	2.847978e-07	-1.149381e-06	-9.954359e-07	343
858710	2.846857e-07	-1.149373e-06	-9.954766e-07	343
866966	2.845736e-07	-1.149366e-06	-9.955173e-07	343
875222	2.844614e-07	-1.149358e-06	-9.955580e-07	343
883478	2.843493e-07	-1.149351e-06	-9.955987e-07	343
891734	2.842371e-07	-1.149343e-06	-9.956394e-07	343
899990	2.841249e-07	-1.149336e-06	-9.956800e-07	343
908246	2.840127e-07	-1.149328e-06	-9.957207e-07	343
916502	2.839006e-07	-1.149321e-06	-9.957613e-07	343
924758	2.837884e-07	-1.149313e-06	-9.958019e-07	343
933014	2.836762e-07	-1.149306e-06	-9.958425e-07	343
941270	2.835640e-07	-1.149298e-06	-9.958831e-07	343
949526	2.834518e-07	-1.149291e-06	-9.959236e-07	343
957782	2.833396e-07	-1.149283e-06	-9.959641e-07	343
966038	2.832273e-07	-1.149276e-06	-9.960047e-07	343
974294	2.831151e-07	-1.149268e-06	-9.960452e-07	343
982550	2.830029e-07	-1.149261e-06	-9.960856e-07	343
990806	2.828907e-07	-1.149254e-06	-9.961261e-07	343
999062	2.827784e-07	-1.149246e-06	-9.961666e-07	343
1007318	2.826662e-07	-1.149239e-06	-9.962071e-07	343
1015574	2.825539e-07	-1.149231e-06	-9.962474e-07	343
1023830	2.824416e-07	-1.149224e-06	-9.962879e-07	343
1032086	2.823294e-07	-1.149216e-06	-9.963283e-07	343
1040342	2.822171e-07	-1.149209e-06	-9.963686e-07	343
1048598	2.821048e-07	-1.149201e-06	-9.964090e-07	343
1056854	2.819926e-07	-1.149194e-06	-9.964493e-07	343
1065110	2.818803e-07	-1.149187e-06	-9.964897e-07	343
1073366	2.817680e-07	-1.149179e-06	-9.965299e-07	343
1081622	2.816557e-07	-1.149172e-06	-9.965703e-07	343
1089878	2.815434e-07	-1.149164e-06	-9.966105e-07	343
1098134	2.814311e-07	-1.149157e-06	-9.966508e-07	343
1106390	2.813187e-07	-1.149150e-06	-9.966910e-07	343
1114646	2.812064e-07	-1.149142e-06	-9.967313e-07	343
1122902	2.810941e-07	-1.149135e-06	-9.967715e-07	343
1131158	2.809817e-07	-1.149127e-06	-9.968117e-07	343
1139414	2.808694e-07	-1.149120e-06	-9.968519e-07	343
1147670	2.807570e-07	-1.149113e-06	-9.968920e-07	343
5798	3.891016e-07	-1.142601e-06	-1.017157e-06	15190
14054	3.889862e-07	-1.142590e-06	-1.017213e-06	15190
22310	3.888707e-07	-1.142580e-06	-1.017268e-06	15190
30566	3.887553e-07	-1.142570e-06	-1.017324e-06	15190
38822	3.886398e-07	-1.142560e-06	-1.017380e-06	15190
47078	3.885243e-07	-1.142549e-06	-1.017435e-06	15190
55334	3.884089e-07	-1.142539e-06	-1.017491e-06	15190
63590	3.882934e-07	-1.142529e-06	-1.017547e-06	15190
71846	3.881779e-07	-1.142519e-06	-1.017602e-06	15190
80102	3.880624e-07	-1.142508e-06	-1.017658e-06	15190
88358	3.879469e-07	-1.142498e-06	-1.017713e-06	15190
96614	3.878313e-07	-1.142488e-06	-1.017769e-06	15190
104870	3.877158e-07	-1.142478e-06	-1.017824e-06	15190
113126	3.876003e-07	-1.142468e-06	-1.017880e-06	15190
121382	3.874847e-07	-1.142457e-06	-1.017935e-06	15190
129638	3.873692e-07	-1.142447e-06	-1.017991e-06	15190
137894	3.872536e-07	-1.142437e-06	-1.018046e-06	15190
146150	3.871381e-07	-1.142427e-06	-1.018102e-06	15190
154406	3.870225e-07	-1.142416e-06	-1.018157e-06	15190
162662	3.869069e-07	-1.142406e-06	-1.018212e-06	15190
170918	3.867913e-07	-1.142396e-06	-1.018268e-06	15190
179174	3.866757e-07	-1.142386e-06	-1.018323e-06	15190
187430	3.865601e-07	-1.142376e-06	-1.018378e-06	15190
195686	3.864445e-07	-1.142365e-06	-1.018434e-06	15190
203942	3.863288e-07	-1.142355e-06	-1.018489e-06	15190
212198	3.862132e-07	-1.142345e-06	-1.018544e-06	15190
220454	3.860976e-07	-1.142335e-06	-1.018600e-06	15190
228710	3.859819e-07	-1.142325e-06	-1.018655e-06	15190
236966	3.858663e-07	-1.142314e-06	-1.018710e-06	15190
245222	3.857506e-07	-1.142304e-06	-1.018765e-06	15190
253478	3.856349e-07	-1.142294e-06	-1.018821e-06	15190
261734	3.855193e-07	-1.142284e-06	-1.018876e-06	15190
269990	3.854036e-07	-1.142274e-06	-1.018931e-06	15190
278246	3.852879e-07	-1.142263e-06	-1.018986e-06	15190
286502	3.851722e-07	-1.142253e-06	-1.019041e-06	15190
294758	3.850564e-07	-1.142243e-06	-1.019096e-06	15190
303014	3.849407e-07	-1.142233e-06	-1.019151e-06	15190
311270	3.848250e-07	-1.142223e-06	-1.019206e-06	15190
319526	3.847092e-07	-1.142213e-06	-1.019262e-06	15190
327782	3.845935e-07	-1.142203e-06	-1.019317e-06	15190
336038	3.844777e-07	-1.142192e-06	-1.019372e-06	15190
344294	3.843620e-07	-1.142182e-06	-1.019427e-06	15190
352550	3.842462e-07	-1.142172e-06	-1.019482e-06	15190
360806	3.841304e-07	-1.142162e-06	-1.019537e-06	15190
369062	3.840146e-07	-1.142152e-06	-1.019592e-06	15190
377318	3.838989e-07	-1.142142e-06	-1.019647e-06	15190
385574	3.837830e-07	-1.142132e-06	-1.019701e-06	15190
393830	3.836672e-07	-1.142122e-06	-1.019756e-06	15190
402086	3.835514e-07	-1.142111e-06	-1.019811e-06	15190
410342	3.834356e-07	-1.142101e-06	-1.019866e-06	15190
418598	3.833197e-07	-1.142091e-06	-1.019921e-06	15190
426854	3.832039e-07	-1.142081e-06	-1.019976e-06	15190
435110	3.830880e-07	-1.142071e-06	-1.020031e-06	15190
443366	3.829722e-07	-1.142061e-06	-1.020086e-06	15190
451622	3.828563e-07	-1.142051e-06	-1.020140e-06	15190
459878	3.827404e-07	-1.142041e-06	-1.020195e-06	15190
468134	3.826245e-07	-1.142030e-06	-1.020250e-06	15190
476390	3.825087e-07	-1.142020e-06	-1.020305e-06	15190
484646	3.823928e-07	-1.142010e-06	-1.020359e-06	15190
492902	3.822769e-07	-1.142000e-06	-1.020414e-06	15190
501158	3.821609e-07	-1.141990e-06	-1.020469e-06	15190
509414	3.820450e-07	-1.141980e-06	-1.020524e-06	15190
517670	3.819291e-07	-1.141970e-06	-1.020578e-06	15190
525926	3.818131e-07	-1.141960e-06	-1.020633e-06	15190
534182	3.816972e-07	-1.141950e-06	-1.020688e-06	15190
542438	3.815812e-07	-1.141940e-06	-1.020742e-06	15190
550694	3.814652e-07	-1.141930e-06	-1.020797e-06	15190
558950	3.813493e-07	-1.141920e-06	-1.020851e-06	15190
567206	3.812333e-07	-1.141909e-06	-1.020906e-06	15190
575462	3.811173e-07	-1.141899e-06	-1.020961e-06	15190
583718	3.810013e-07	-1.141889e-06	-1.021015e-06	15190
591974	3.808853e-07	-1.141879e-06	-1.021070e-06	15190
600230	3.807693e-07	-1.141869e-06	-1.021124e-06	15190
608486	3.806532e-07	-1.141859e-06	-1.021179e-06	15190
616742	3.805372e-07	-1.141849e-06	-1.021233e-06	15190
624998	3.804212e-07	-1.141839e-06	-1.021288e-06	15190
633254	3.803051e-07	-1.141829e-06	-1.021342e-06	15190
641510	3.801891e-07	-1.141819e-06	-1.021396e-06	15190
649766	3.800730e-07	-1.141809e-06	-1.021451e-06	15190
658022	3.799569e-07	-1.141799e-06	-1.021505e-06	15190
666278	3.798409e-07	-1.141789e-06	-1.021560e-06	15190
674534	3.797248e-07	-1.141779e-06	-1.021614e-06	15190
682790	3.796087e-07	-1.141769e-06	-1.021668e-06	15190
691046	3.794925e-07	-1.141759e-06	-1.021723e-06	15190
699302	3.793764e-07	-1.141749e-06	-1.021777e-06	15190
707558	3.792603e-07	-1.141739e-06	-1.021831e-06	15190
715814	3.791442e-07	-1.141729e-06	-1.021886e-06	15190
724070	3.790281e-07	-1.141719e-06	-1.021940e-06	15190
732326	3.789119e-07	-1.141709e-06	-1.021994e-06	15190
740582	3.787958e-07	-1.141699e-06	-1.022048e-06	15190
748838	3.786796e-07	-1.141689e-06	-1.022102e-06	15190
757094	3.785634e-07	-1.141679e-06	-1.022157e-06	15190
765350	3.784473e-07	-1.141669e-06	-1.022211e-06	15190
773606	3.783311e-07	-1.141659e-06	-1.022265e-06	15190
781862	3.782149e-07	-1.141649e-06	-1.022319e-06	15190
790118	3.780987e-07	-1.141639e-06	-1.022373e-06	15190
798374	3.779825e-07	-1.141629e-06	-1.022427e-06	15190
806630	3.778663e-07	-1.141619e-06	-1.022481e-06	15190
814886	3.777500e-07	-1.141609e-06	-1.022535e-06	15190
823142	3.776338e-07	-1.141599e-06	-1.022590e-06	15190
831398	3.775176e-07	-1.141589e-06	-1.022644e-06	15190
839654	3.774013e-07	-1.141579e-06	-1.022698e-06	15190
847910	3.772850e-07	-1.141569e-06	-1.022752e-06	15190
856166	3.771688e-07	-1.141559e-06	-1.022806e-06	15190
864422	3.770525e-07	-1.141549e-06	-1.022860e-06	15190
872678	3.769362e-07	-1.141539e-06	-1.022914e-06	15190
880934	3.768199e-07	-1.141529e-06	-1.022967e-06	15190
889190	3.767036e-07	-1.141520e-06	-1.023021e-06	15190
897446	3.765873e-07	-1.141510e-06	-1.023075e-06	15190
905702	3.764710e-07	-1.141500e-06	-1.023129e-06	15190
913958	3.763547e-07	-1.141490e-06	-1.023183e-06	15190
922214	3.762384e-07	-1.141480e-06	-1.023237e-06	15190
930470	3.761220e-07	-1.141470e-06	-1.023291e-06	15190
938726	3.760057e-07	-1.141460e-06	-1.023345e-06	15190
946982	3.758893e-07	-1.141450e-06	-1.023398e-06	15190
955238	3.757730e-07	-1.141440e-06	-1.023452e-06	15190
963494	3.756566e-07	-1.141430e-06	-1.023506e-06	15190
971750	3.755402e-07	-1.141420e-06	-1.023560e-06	15190
980006	3.754238e-07	-1.141410e-06	-1.023613e-06	15190
988262	3.753075e-07	-1.141400e-06	-1.023667e-06	15190
996518	3.751911e-07	-1.141390e-06	-1.023721e-06	15190
1004774	3.750746e-07	-1.141381e-06	-1.023775e-06	15190
1013030	3.749582e-07	-1.141371e-06	-1.023828e-06	15190
1021286	3.748418e-07	-1.141361e-06	-1.023882e-06	15190
1029542	3.747254e-07	-1.141351e-06	-1.023936e-06	15190
1037798	3.746089e-07	-1.141341e-06	-1.023989e-06	15190
1046054	3.744925e-07	-1.141331e-06	-1.024043e-06	15190
1054310	3.743760e-07	-1.141321e-06	-1.024096e-06	15190
1062566	3.742596e-07	-1.141311e-06	-1.024150e-06	15190
1070822	3.741431e-07	-1.141302e-06	-1.024203e-06	15190
1079078	3.740266e-07	-1.141292e-06	-1.024257e-06	15190
1087334	3.739101e-07	-1.141282e-06	-1.024311e-06	15190
1095590	3.737936e-07	-1.141272e-06	-1.024364e-06	15190
1103846	3.736771e-07	-1.141262e-06	-1.024418e-06	15190
1112102	3.735606e-07	-1.141252e-06	-1.024471e-06	15190
1120358	3.734441e-07	-1.141242e-06	-1.024525e-06	15190
1128614	3.733276e-07	-1.141233e-06	-1.024578e-06	15190
1136870	3.732110e-07	-1.141223e-06	-1.024631e-06	15190
1145126	3.730945e-07	-1.141213e-06	-1.024685e-06	15190
1153382	3.729779e-07	-1.141203e-06	-1.024738e-06	15190
5867	3.618757e-07	-1.135586e-06	-1.002367e-06	15446
14123	3.617622e-07	-1.135577e-06	-1.002419e-06	15446
22379	3.616487e-07	-1.135567e-06	-1.002471e-06	15446
30635	3.615351e-07	-1.135557e-06	-1.002523e-06	15446
38891	3.614216e-07	-1.135548e-06	-1.002574e-06	15446
47147	3.613081e-07	-1.135538e-06	-1.002626e-06	15446
55403	3.611946e-07	-1.135529e-06	-1.002678e-06	15446
63659	3.610810e-07	-1.135519e-06	-1.002730e-06	15446
71915	3.609674e-07	-1.135510e-06	-1.002781e-06	15446
80171	3.608539e-07	-1.135500e-06	-1.002833e-06	15446
88427	3.607403e-07	-1.135491e-06	-1.002885e-06	15446
96683	3.606267e-07	-1.135481e-06	-1.002936e-06	15446
104939	3.605132e-07	-1.135472e-06	-1.002988e-06	15446
113195	3.603996e-07	-1.135462e-06	-1.003039e-06	15446
121451	3.602860e-07	-1.135453e-06	-1.003091e-06	15446
129707	3.601724e-07	-1.135443e-06	-1.003143e-06	15446
137963	3.600587e-07	-1.135434e-06	-1.003194e-06	15446
146219	3.599451e-07	-1.135424e-06	-1.003246e-06	15446
154475	3.598315e-07	-1.135415e-06	-1.003297e-06	15446
162731	3.597178e-07	-1.135405e-06	-1.003349e-06	15446
170987	3.596042e-07	-1.135396e-06	-1.003400e-06	15446
179243	3.594905e-07	-1.135386e-06	-1.003451e-06	15446
187499	3.593769e-07	-1.135377e-06	-1.003503e-06	15446
195755	3.592632e-07	-1.135367e-06	-1.003554e-06	15446
204011	3.591495e-07	-1.135358e-06	-1.003606e-06	15446
212267	3.590359e-07	-1.135348e-06	-1.003657e-06	15446
220523	3.589222e-07	-1.135339e-06	-1.003708e-06	15446
228779	3.588084e-07	-1.135329e-06	-1.003760e-06	15446
237035	3.586947e-07	-1.135320e-06	-1.003811e-06	15446
245291	3.585810e-07	-1.135311e-06	-1.003863e-06	15446
253547	3.584673e-07	-1.135301e-06	-1.003914e-06	15446
261803	3.583536e-07	-1.135292e-06	-1.003965e-06	15446
270059	3.582398e-07	-1.135282e-06	-1.004016e-06	15446
278315	3.581261e-07	-1.135273e-06	-1.004068e-06	15446
286571	3.580123e-07	-1.135263e-06	-1.004119e-06	15446
294827	3.578986e-07	-1.135254e-06	-1.004170e-06	15446
303083	3.577848e-07	-1.135244e-06	-1.004221e-06	15446
311339	3.576710e-07	-1.135235e-06	-1.004273e-06	15446
319595	3.575572e-07	-1.135225e-06	-1.004324e-06	15446
327851	3.574435e-07	-1.135216e-06	-1.004375e-06	15446
336107	3.573297e-07	-1.135207e-06	-1.004426e-06	15446
344363	3.572158e-07	-1.135197e-06	-1.004477e-06	15446
352619	3.571020e-07	-1.135188e-06	-1.004528e-06	15446
360875	3.569882e-07	-1.135178e-06	-1.004579e-06	15446
369131	3.568744e-07	-1.135169e-06	-1.004630e-06	15446
377387	3.567606e-07	-1.135160e-06	-1.004682e-06	15446
385643	3.566467e-07	-1.135150e-06	-1.004733e-06	15446
393899	3.565329e-07	-1.135141e-06	-1.004784e-06	15446
402155	3.564190e-07	-1.135131e-06	-1.004835e-06	15446
410411	3.563051e-07	-1.135122e-06	-1.004886e-06	15446
418667	3.561912e-07	-1.135112e-06	-1.004937e-06	15446
426923	3.560774e-07	-1.135103e-06	-1.004988e-06	15446
435179	3.559635e-07	-1.135094e-06	-1.005038e-06	15446
443435	3.558496e-07	-1.135084e-06	-1.005089e-06	15446
451691	3.557357e-07	-1.135075e-06	-1.005140e-06	15446
459947	3.556218e-07	-1.135066e-06	-1.005191e-06	15446
468203	3.555078e-07	-1.135056e-06	-1.005242e-06	15446
476459	3.553939e-07	-1.135047e-06	-1.005293e-06	15446
484715	3.552800e-07	-1.135037e-06	-1.005344e-06	15446
492971	3.551660e-07	-1.135028e-06	-1.005395e-06	15446
501227	3.550521e-07	-1.135019e-06	-1.005446e-06	15446
509483	3.549381e-07	-1.135009e-06	-1.005496e-06	15446
517739	3.548242e-07	-1.135000e-06	-1.005547e-06	15446
525995	3.547102e-07	-1.134991e-06	-1.005598e-06	15446
534251	3.545962e-07	-1.134981e-06	-1.005649e-06	15446
542507	3.544822e-07	-1.134972e-06	-1.005699e-06	15446
550763	3.543682e-07	-1.134963e-06	-1.005750e-06	15446
559019	3.542542e-07	-1.134953e-06	-1.005801e-06	15446
567275	3.541402e-07	-1.134944e-06	-1.005852e-06	15446
575531	3.540262e-07	-1.134935e-06	-1.005902e-06	15446
583787	3.539122e-07	-1.134925e-06	-1.005953e-06	15446
592043	3.537981e-07	-1.134916e-06	-1.006003e-06	15446
600299	3.536841e-07	-1.134907e-06	-1.006054e-06	15446
608555	3.535700e-07	-1.134897e-06	-1.006105e-06	15446
616811	3.534560e-07	-1.134888e-06	-1.006155e-06	15446
625067	3.533419e-07	-1.134879e-06	-1.006206e-06	15446
633323	3.532279e-07	-1.134869e-06	-1.006256e-06	15446
641579	3.531138e-07	-1.134860e-06	-1.006307e-06	15446
649835	3.529997e-07	-1.134851e-06	-1.006357e-06	15446
658091	3.528856e-07	-1.134841e-06	-1.006408e-06	15446
666347	3.527715e-07	-1.134832e-06	-1.006459e-06	15446
674603	3.526574e-07	-1.134823e-06	-1.006509e-06	15446
682859	3.525433e-07	-1.134813e-06	-1.006560e-06	15446
691115	3.524292e-07	-1.134804e-06	-1.006610e-06	15446
699371	3.523150e-07	-1.134795e-06	-1.006660e-06	15446
707627	3.522009e-07	-1.134786e-06	-1.006711e-06	15446
715883	3.520867e-07	-1.134776e-06	-1.006761e-06	15446
724139	3.519726e-07	-1.134767e-06	-1.006812e-06	15446
732395	3.518584e-07	-1.134758e-06	-1.006862e-06	15446
740651	3.517443e-07	-1.134748e-06	-1.006912e-06	15446
748907	3.516301e-07	-1.134739e-06	-1.006963e-06	15446
757163	3.515159e-07	-1.134730e-06	-1.007013e-06	15446
765419	3.514017e-07	-1.134721e-06	-1.007063e-06	15446
773675	3.512875e-07	-1.134711e-06	-1.007113e-06	15446
781931	3.511733e-07	-1.134702e-06	-1.007164e-06	15446
790187	3.510591e-07	-1.134693e-06	-1.007214e-06	15446
798443	3.509449e-07	-1.134684e-06	-1.007264e-06	15446
806699	3.508306e-07	-1.134674e-06	-1.007314e-06	15446
814955	3.507164e-07	-1.134665e-06	-1.007365e-06	15446
823211	3.506022e-07	-1.134656e-06	-1.007415e-06	15446
831467	3.504879e-07	-1.134647e-06	-1.007465e-06	15446
839723	3.503737e-07	-1.134637e-06	-1.007515e-06	15446
847979	3.502594e-07	-1.134628e-06	-1.007565e-06	15446
856235	3.501451e-07	-1.134619e-06	-1.007615e-06	15446
864491	3.500309e-07	-1.134610e-06	-1.007665e-06	15446
872747	3.499166e-07	-1.134600e-06	-1.007716e-06	15446
881003	3.498023e-07	-1.134591e-06	-1.007766e-06	15446
889259	3.496880e-07	-1.134582e-06	-1.007816e-06	15446
897515	3.495737e-07	-1.134573e-06	-1.007866e-06	15446
905771	3.494594e-07	-1.134563e-06	-1.007916e-06	15446
914027	3.493450e-07	-1.134554e-06	-1.007966e-06	15446
922283	3.492307e-07	-1.134545e-06	-1.008016e-06	15446
930539	3.491164e-07	-1.134536e-06	-1.008066e-06	15446
938795	3.490020e-07	-1.134527e-06	-1.008116e-06	15446
947051	3.488877e-07	-1.134517e-06	-1.008166e-06	15446
955307	3.487733e-07	-1.134508e-06	-1.008215e-06	15446
963563	3.486589e-07	-1.134499e-06	-1.008265e-06	15446
971819	3.485445e-07	-1.134490e-06	-1.008315e-06	15446
980075	3.484301e-07	-1.134481e-06	-1.008365e-06	15446
988331	3.483158e-07	-1.134472e-06	-1.008415e-06	15446
996587	3.482014e-07	-1.134462e-06	-1.008465e-06	15446
1004843	3.480870e-07	-1.134453e-06	-1.008515e-06	15446
1013099	3.479726e-07	-1.134444e-06	-1.008564e-06	15446
1021355	3.478581e-07	-1.134435e-06	-1.008614e-06	15446
1029611	3.477437e-07	-1.134426e-06	-1.008664e-06	15446
1037867	3.476293e-07	-1.134416e-06	-1.008714e-06	15446
1046123	3.475148e-07	-1.134407e-06	-1.008764e-06	15446
1054379	3.474004e-07	-1.134398e-06	-1.008813e-06	15446
1062635	3.472859e-07	-1.134389e-06	-1.008863e-06	15446
1070891	3.471715e-07	-1.134380e-06	-1.008913e-06	15446
1079147	3.470570e-07	-1.134371e-06	-1.008962e-06	15446
1087403	3.469425e-07	-1.134361e-06	-1.009012e-06	15446
1095659	3.468280e-07	-1.134352e-06	-1.009062e-06	15446
1103915	3.467135e-07	-1.134343e-06	-1.009111e-06	15446
1112171	3.465990e-07	-1.134334e-06	-1.009161e-06	15446
1120427	3.464845e-07	-1.134325e-06	-1.009210e-06	15446
1128683	3.463700e-07	-1.134316e-06	-1.009260e-06	15446
1136939	3.462555e-07	-1.134307e-06	-1.009310e-06	15446
1145195	3.461410e-07	-1.134297e-06	-1.009359e-06	15446
1153451	3.460264e-07	-1.134288e-06	-1.009409e-06	15446
5352	2.084994e-07	-1.131434e-06	-9.543074e-07	13643
13608	2.083927e-07	-1.131428e-06	-9.543373e-07	13643
21864	2.082860e-07	-1.131423e-06	-9.543670e-07	13643
30120	2.081792e-07	-1.131418e-06	-9.543968e-07	13643
38376	2.080725e-07	-1.131412e-06	-9.544266e-07	13643
46632	2.079658e-07	-1.131407e-06	-9.544563e-07	13643
54888	2.078590e-07	-1.131401e-06	-9.544860e-07	13643
63144	2.077523e-07	-1.131396e-06	-9.545157e-07	13643
71400	2.076455e-07	-1.131390e-06	-9.545454e-07	13643
79656	2.075388e-07	-1.131385e-06	-9.545751e-07	13643
87912	2.074320e-07	-1.131379e-06	-9.546047e-07	13643
96168	2.073253e-07	-1.131374e-06	-9.546344e-07	13643
104424	2.072185e-07	-1.131369e-06	-9.546640e-07	13643
112680	2.071117e-07	-1.131363e-06	-9.546935e-07	13643
120936	2.070049e-07	-1.131358e-06	-9.547232e-07	13643
129192	2.068982e-07	-1.131352e-06	-9.547527e-07	13643
137448	2.067914e-07	-1.131347e-06	-9.547823e-07	13643
145704	2.066846e-07	-1.131341e-06	-9.548119e-07	13643
153960	2.065778e-07	-1.131336e-06	-9.548414e-07	13643
162216	2.064710e-07	-1.131331e-06	-9.548709e-07	13643
170472	2.063642e-07	-1.131325e-06	-9.549004e-07	13643
178728	2.062574e-07	-1.131320e-06	-9.549299e-07	13643
186984	2.061506e-07	-1.131314e-06	-9.549593e-07	13643
195240	2.060438e-07	-1.131309e-06	-9.549888e-07	13643
203496	2.059369e-07	-1.131304e-06	-9.550182e-07	13643
211752	2.058301e-07	-1.131298e-06	-9.550477e-07	13643
220008	2.057233e-07	-1.131293e-06	-9.550771e-07	13643
228264	2.056165e-07	-1.131287e-06	-9.551064e-07	13643
236520	2.055096e-07	-1.131282e-06	-9.551359e-07	13643
244776	2.054028e-07	-1.131277e-06	-9.551652e-07	13643
253032	2.052959e-07	-1.131271e-06	-9.551945e-07	13643
261288	2.051891e-07	-1.131266e-06	-9.552239e-07	13643
269544	2.050822e-07	-1.131260e-06	-9.552532e-07	13643
277800	2.049754e-07	-1.131255e-06	-9.552825e-07	13643
286056	2.048685e-07	-1.131250e-06	-9.553117e-07	13643
294312	2.047616e-07	-1.131244e-06	-9.553411e-07	13643
302568	2.046548e-07	-1.131239e-06	-9.553703e-07	13643
310824	2.045479e-07	-1.131234e-06	-9.553995e-07	13643
319080	2.044410e-07	-1.131228e-06	-9.554287e-07	13643
327336	2.043341e-07	-1.131223e-06	-9.554579e-07	13643
335592	2.042272e-07	-1.131217e-06	-9.554872e-07	13643
343848	2.041203e-07	-1.131212e-06	-9.555164e-07	13643
352104	2.040134e-07	-1.131207e-06	-9.555455e-07	13643
360360	2.039065e-07	-1.131201e-06	-9.555747e-07	13643
368616	2.037996e-07	-1.131196e-06	-9.556038e-07	13643
376872	2.036927e-07	-1.131191e-06	-9.556329e-07	13643
385128	2.035858e-07	-1.131185e-06	-9.556620e-07	13643
393384	2.034789e-07	-1.131180e-06	-9.556911e-07	13643
401640	2.033720e-07	-1.131175e-06	-9.557201e-07	13643
409896	2.032650e-07	-1.131169e-06	-9.557492e-07	13643
418152	2.031581e-07	-1.131164e-06	-9.557782e-07	13643
426408	2.030512e-07	-1.131159e-06	-9.558073e-07	13643
434664	2.029442e-07	-1.131153e-06	-9.558363e-07	13643
442920	2.028373e-07	-1.131148e-06	-9.558653e-07	13643
451176	2.027303e-07	-1.131143e-06	-9.558943e-07	13643
459432	2.026234e-07	-1.131138e-06	-9.559233e-07	13643
467688	2.025164e-07	-1.131132e-06	-9.559521e-07	13643
475944	2.024095e-07	-1.131127e-06	-9.559811e-07	13643
484200	2.023025e-07	-1.131122e-06	-9.560100e-07	13643
492456	2.021955e-07	-1.131116e-06	-9.560389e-07	13643
500712	2.020885e-07	-1.131111e-06	-9.560678e-07	13643
508968	2.019815e-07	-1.131106e-06	-9.560966e-07	13643
517224	2.018746e-07	-1.131100e-06	-9.561255e-07	13643
525480	2.017676e-07	-1.131095e-06	-9.561544e-07	13643
533736	2.016606e-07	-1.131090e-06	-9.561832e-07	13643
541992	2.015536e-07	-1.131085e-06	-9.562120e-07	13643
550248	2.014466e-07	-1.131079e-06	-9.562408e-07	13643
558504	2.013396e-07	-1.131074e-06	-9.562696e-07	13643
566760	2.012326e-07	-1.131069e-06	-9.562983e-07	13643
575016	2.011256e-07	-1.131063e-06	-9.563271e-07	13643
583272	2.010186e-07	-1.131058e-06	-9.563558e-07	13643
591528	2.009115e-07	-1.131053e-06	-9.563846e-07	13643
599784	2.008045e-07	-1.131048e-06	-9.564133e-07	13643
608040	2.006975e-07	-1.131042e-06	-9.564419e-07	13643
616296	2.005904e-07	-1.131037e-06	-9.564707e-07	13643
624552	2.004834e-07	-1.131032e-06	-9.564993e-07	13643
632808	2.003763e-07	-1.131027e-06	-9.565280e-07	13643
641064	2.002693e-07	-1.131021e-06	-9.565565e-07	13643
649320	2.001622e-07	-1.131016e-06	-9.565852e-07	13643
657576	2.000552e-07	-1.131011e-06	-9.566138e-07	13643
665832	1.999481e-07	-1.131006e-06	-9.566423e-07	13643
674088	1.998411e-07	-1.131000e-06	-9.566709e-07	13643
682344	1.997340e-07	-1.130995e-06	-9.566994e-07	13643
690600	1.996269e-07	-1.130990e-06	-9.567279e-07	13643
698856	1.995198e-07	-1.130985e-06	-9.567565e-07	13643
707112	1.994128e-07	-1.130979e-06	-9.567850e-07	13643
715368	1.993057e-07	-1.130974e-06	-9.568134e-07	13643
723624	1.991986e-07	-1.130969e-06	-9.568420e-07	13643
731880	1.990915e-07	-1.130964e-06	-9.568704e-07	13643
740136	1.989844e-07	-1.130959e-06	-9.568988e-07	13643
748392	1.988773e-07	-1.130953e-06	-9.569272e-07	13643
756648	1.987702e-07	-1.130948e-06	-9.569557e-07	13643
764904	1.986631e-07	-1.130943e-06	-9.569841e-07	13643
773160	1.985560e-07	-1.130938e-06	-9.570125e-07	13643
781416	1.984488e-07	-1.130933e-06	-9.570408e-07	13643
789672	1.983417e-07	-1.130927e-06	-9.570692e-07	13643
797928	1.982346e-07	-1.130922e-06	-9.570975e-07	13643
806184	1.981275e-07	-1.130917e-06	-9.571258e-07	13643
814440	1.980203e-07	-1.130912e-06	-9.571542e-07	13643
822696	1.979132e-07	-1.130907e-06	-9.571825e-07	13643
830952	1.978060e-07	-1.130901e-06	-9.572107e-07	13643
839208	1.976989e-07	-1.130896e-06	-9.572390e-07	13643
847464	1.975917e-07	-1.130891e-06	-9.572672e-07	13643
855720	1.974846e-07	-1.130886e-06	-9.572955e-07	13643
863976	1.973774e-07	-1.130881e-06	-9.573237e-07	13643
872232	1.972702e-07	-1.130875e-06	-9.573519e-07	13643
880488	1.971631e-07	-1.130870e-06	-9.573801e-07	13643
888744	1.970559e-07	-1.130865e-06	-9.574081e-07	13643
897000	1.969487e-07	-1.130860e-06	-9.574363e-07	13643
905256	1.968415e-07	-1.130855e-06	-9.574644e-07	13643
913512	1.967343e-07	-1.130850e-06	-9.574926e-07	13643
921768	1.966272e-07	-1.130845e-06	-9.575207e-07	13643
930024	1.965200e-07	-1.130839e-06	-9.575488e-07	13643
938280	1.964128e-07	-1.130834e-06	-9.575768e-07	13643
946536	1.963056e-07	-1.130829e-06	-9.576049e-07	13643
954792	1.961984e-07	-1.130824e-06	-9.576329e-07	13643
963048	1.960911e-07	-1.130819e-06	-9.576610e-07	13643
971304	1.959839e-07	-1.130814e-06	-9.576889e-07	13643
979560	1.958767e-07	-1.130809e-06	-9.577170e-07	13643
987816	1.957695e-07	-1.130803e-06	-9.577450e-07	13643
996072	1.956623e-07	-1.130798e-06	-9.577730e-07	13643
1004328	1.955550e-07	-1.130793e-06	-9.578009e-07	13643
1012584	1.954478e-07	-1.130788e-06	-9.578288e-07	13643
1020840	1.953405e-07	-1.130783e-06	-9.578567e-07	13643
1029096	1.952333e-07	-1.130778e-06	-9.578846e-07	13643
1037352	1.951260e-07	-1.130773e-06	-9.579126e-07	13643
1045608	1.950188e-07	-1.130768e-06	-9.579404e-07	13643
1053864	1.949115e-07	-1.130762e-06	-9.579683e-07	13643
1062120	1.948043e-07	-1.130757e-06	-9.579961e-07	13643
1070376	1.946970e-07	-1.130752e-06	-9.580239e-07	13643
1078632	1.945897e-07	-1.130747e-06	-9.580517e-07	13643
1086888	1.944825e-07	-1.130742e-06	-9.580796e-07	13643
1095144	1.943752e-07	-1.130737e-06	-9.581073e-07	13643
1103400	1.942679e-07	-1.130732e-06	-9.581350e-07	13643
1111656	1.941606e-07	-1.130727e-06	-9.581628e-07	13643
1119912	1.940533e-07	-1.130722e-06	-9.581905e-07	13643
1128168	1.939460e-07	-1.130717e-06	-9.582183e-07	13643
1136424	1.938387e-07	-1.130712e-06	-9.582460e-07	13643
1144680	1.937314e-07	-1.130707e-06	-9.582736e-07	13643
1152936	1.936241e-07	-1.130701e-06	-9.583014e-07	13643
5935	2.828015e-07	-1.130016e-06	-9.717650e-07	15702
14191	2.826923e-07	-1.130009e-06	-9.718054e-07	15702
22447	2.825830e-07	-1.130001e-06	-9.718459e-07	15702
30703	2.824737e-07	-1.129994e-06	-9.718863e-07	15702
38959	2.823645e-07	-1.129986e-06	-9.719266e-07	15702
47215	2.822552e-07	-1.129979e-06	-9.719671e-07	15702
55471	2.821459e-07	-1.129971e-06	-9.720075e-07	15702
63727	2.820366e-07	-1.129964e-06	-9.720478e-07	15702
71983	2.819273e-07	-1.129957e-06	-9.720881e-07	15702
80239	2.818180e-07	-1.129949e-06	-9.721284e-07	15702
88495	2.817087e-07	-1.129942e-06	-9.721688e-07	15702
96751	2.815993e-07	-1.129934e-06	-9.722090e-07	15702
105007	2.814900e-07	-1.129927e-06	-9.722493e-07	15702
113263	2.813807e-07	-1.129919e-06	-9.722895e-07	15702
121519	2.812713e-07	-1.129912e-06	-9.723298e-07	15702
129775	2.811620e-07	-1.129905e-06	-9.723700e-07	15702
138031	2.810526e-07	-1.129897e-06	-9.724102e-07	15702
146287	2.809433e-07	-1.129890e-06	-9.724504e-07	15702
154543	2.808339e-07	-1.129882e-06	-9.724906e-07	15702
162799	2.807245e-07	-1.129875e-06	-9.725308e-07	15702
171055	2.806152e-07	-1.129868e-06	-9.725709e-07	15702
179311	2.805058e-07	-1.129860e-06	-9.726110e-07	15702
187567	2.803964e-07	-1.129853e-06	-9.726512e-07	15702
195823	2.802870e-07	-1.129845e-06	-9.726913e-07	15702
204079	2.801776e-07	-1.129838e-06	-9.727313e-07	15702
212335	2.800682e-07	-1.129831e-06	-9.727714e-07	15702
220591	2.799588e-07	-1.129823e-06	-9.728114e-07	15702
228847	2.798494e-07	-1.129816e-06	-9.728515e-07	15702
237103	2.797400e-07	-1.129809e-06	-9.728915e-07	15702
245359	2.796305e-07	-1.129801e-06	-9.729315e-07	15702
253615	2.795211e-07	-1.129794e-06	-9.729715e-07	15702
261871	2.794117e-07	-1.129787e-06	-9.730115e-07	15702
270127	2.793022e-07	-1.129779e-06	-9.730514e-07	15702
278383	2.791928e-07	-1.129772e-06	-9.730913e-07	15702
286639	2.790833e-07	-1.129765e-06	-9.731314e-07	15702
294895	2.789739e-07	-1.129757e-06	-9.731713e-07	15702
303151	2.788644e-07	-1.129750e-06	-9.732112e-07	15702
311407	2.787549e-07	-1.129742e-06	-9.732510e-07	15702
319663	2.786454e-07	-1.129735e-06	-9.732909e-07	15702
327919	2.785359e-07	-1.129728e-06	-9.733307e-07	15702
336175	2.784265e-07	-1.129721e-06	-9.733706e-07	15702
344431	2.783169e-07	-1.129713e-06	-9.734104e-07	15702
352687	2.782074e-07	-1.129706e-06	-9.734501e-07	15702
360943	2.780979e-07	-1.129699e-06	-9.734899e-07	15702
369199	2.779884e-07	-1.129691e-06	-9.735297e-07	15702
377455	2.778789e-07	-1.129684e-06	-9.735695e-07	15702
385711	2.777694e-07	-1.129677e-06	-9.736092e-07	15702
393967	2.776598e-07	-1.129669e-06	-9.736490e-07	15702
402223	2.775503e-07	-1.129662e-06	-9.736887e-07	15702
410479	2.774407e-07	-1.129655e-06	-9.737283e-07	15702
418735	2.773312e-07	-1.129647e-06	-9.737680e-07	15702
426991	2.772216e-07	-1.129640e-06	-9.738077e-07	15702
435247	2.771121e-07	-1.129633e-06	-9.738474e-07	15702
443503	2.770025e-07	-1.129626e-06	-9.738869e-07	15702
451759	2.768929e-07	-1.129618e-06	-9.739266e-07	15702
460015	2.767833e-07	-1.129611e-06	-9.739662e-07	15702
468271	2.766738e-07	-1.129604e-06	-9.740057e-07	15702
476527	2.765642e-07	-1.129596e-06	-9.740453e-07	15702
484783	2.764546e-07	-1.129589e-06	-9.740849e-07	15702
493039	2.763450e-07	-1.129582e-06	-9.741244e-07	15702
501295	2.762353e-07	-1.129575e-06	-9.741639e-07	15702
509551	2.761257e-07	-1.129567e-06	-9.742034e-07	15702
517807	2.760161e-07	-1.129560e-06	-9.742429e-07	15702
526063	2.759065e-07	-1.129553e-06	-9.742823e-07	15702
534319	2.757969e-07	-1.129545e-06	-9.743218e-07	15702
542575	2.756872e-07	-1.129538e-06	-9.743612e-07	15702
550831	2.755776e-07	-1.129531e-06	-9.744007e-07	15702
559087	2.754679e-07	-1.129524e-06	-9.744401e-07	15702
567343	2.753582e-07	-1.129516e-06	-9.744795e-07	15702
575599	2.752486e-07	-1.129509e-06	-9.745189e-07	15702
583855	2.751389e-07	-1.129502e-06	-9.745582e-07	15702
592111	2.750293e-07	-1.129495e-06	-9.745976e-07	15702
6499	2.642781e-07	-1.129494e-06	-9.672335e-07	18003
600367	2.749196e-07	-1.129488e-06	-9.746369e-07	15702
14755	2.641695e-07	-1.129487e-06	-9.672713e-07	18003
608623	2.748099e-07	-1.129480e-06	-9.746763e-07	15702
23011	2.640609e-07	-1.129480e-06	-9.673091e-07	18003
31267	2.639522e-07	-1.129473e-06	-9.673469e-07	18003
616879	2.747002e-07	-1.129473e-06	-9.747155e-07	15702
39523	2.638436e-07	-1.129466e-06	-9.673846e-07	18003
625135	2.745905e-07	-1.129466e-06	-9.747548e-07	15702
47779	2.637349e-07	-1.129460e-06	-9.674224e-07	18003
633391	2.744808e-07	-1.129459e-06	-9.747940e-07	15702
56035	2.636263e-07	-1.129453e-06	-9.674600e-07	18003
641647	2.743711e-07	-1.129451e-06	-9.748334e-07	15702
64291	2.635176e-07	-1.129446e-06	-9.674977e-07	18003
649903	2.742614e-07	-1.129444e-06	-9.748726e-07	15702
72547	2.634090e-07	-1.129439e-06	-9.675354e-07	18003
658159	2.741516e-07	-1.129437e-06	-9.749118e-07	15702
80803	2.633003e-07	-1.129432e-06	-9.675731e-07	18003
666415	2.740419e-07	-1.129430e-06	-9.749510e-07	15702
89059	2.631916e-07	-1.129425e-06	-9.676107e-07	18003
674671	2.739322e-07	-1.129423e-06	-9.749901e-07	15702
97315	2.630829e-07	-1.129418e-06	-9.676484e-07	18003
682927	2.738225e-07	-1.129415e-06	-9.750294e-07	15702
105571	2.629743e-07	-1.129411e-06	-9.676860e-07	18003
691183	2.737127e-07	-1.129408e-06	-9.750685e-07	15702
113827	2.628656e-07	-1.129404e-06	-9.677235e-07	18003
699439	2.736030e-07	-1.129401e-06	-9.751077e-07	15702
122083	2.627569e-07	-1.129397e-06	-9.677611e-07	18003
707695	2.734932e-07	-1.129394e-06	-9.751468e-07	15702
130339	2.626482e-07	-1.129390e-06	-9.677988e-07	18003
715951	2.733834e-07	-1.129387e-06	-9.751859e-07	15702
138595	2.625395e-07	-1.129383e-06	-9.678363e-07	18003
724207	2.732737e-07	-1.129379e-06	-9.752250e-07	15702
146851	2.624307e-07	-1.129377e-06	-9.678738e-07	18003
732463	2.731639e-07	-1.129372e-06	-9.752640e-07	15702
155107	2.623220e-07	-1.129370e-06	-9.679113e-07	18003
740719	2.730541e-07	-1.129365e-06	-9.753031e-07	15702
163363	2.622133e-07	-1.129363e-06	-9.679488e-07	18003
748975	2.729443e-07	-1.129358e-06	-9.753421e-07	15702
171619	2.621046e-07	-1.129356e-06	-9.679864e-07	18003
757231	2.728345e-07	-1.129351e-06	-9.753812e-07	15702
179875	2.619958e-07	-1.129349e-06	-9.680239e-07	18003
765487	2.727247e-07	-1.129343e-06	-9.754202e-07	15702
188131	2.618871e-07	-1.129342e-06	-9.680613e-07	18003
773743	2.726149e-07	-1.129336e-06	-9.754592e-07	15702
196387	2.617784e-07	-1.129335e-06	-9.680987e-07	18003
781999	2.725051e-07	-1.129329e-06	-9.754982e-07	15702
204643	2.616696e-07	-1.129328e-06	-9.681362e-07	18003
790255	2.723953e-07	-1.129322e-06	-9.755372e-07	15702
212899	2.615608e-07	-1.129321e-06	-9.681736e-07	18003
798511	2.722855e-07	-1.129315e-06	-9.755761e-07	15702
221155	2.614521e-07	-1.129314e-06	-9.682110e-07	18003
229411	2.613433e-07	-1.129308e-06	-9.682484e-07	18003
806767	2.721757e-07	-1.129308e-06	-9.756151e-07	15702
237667	2.612345e-07	-1.129301e-06	-9.682857e-07	18003
815023	2.720658e-07	-1.129300e-06	-9.756540e-07	15702
245923	2.611257e-07	-1.129294e-06	-9.683231e-07	18003
823279	2.719560e-07	-1.129293e-06	-9.756928e-07	15702
254179	2.610170e-07	-1.129287e-06	-9.683604e-07	18003
831535	2.718461e-07	-1.129286e-06	-9.757317e-07	15702
262435	2.609082e-07	-1.129280e-06	-9.683977e-07	18003
839791	2.717363e-07	-1.129279e-06	-9.757706e-07	15702
270691	2.607994e-07	-1.129273e-06	-9.684351e-07	18003
848047	2.716264e-07	-1.129272e-06	-9.758095e-07	15702
278947	2.606906e-07	-1.129266e-06	-9.684724e-07	18003
856303	2.715166e-07	-1.129265e-06	-9.758484e-07	15702
287203	2.605817e-07	-1.129260e-06	-9.685097e-07	18003
864559	2.714067e-07	-1.129258e-06	-9.758871e-07	15702
295459	2.604729e-07	-1.129253e-06	-9.685468e-07	18003
872815	2.712968e-07	-1.129250e-06	-9.759260e-07	15702
303715	2.603641e-07	-1.129246e-06	-9.685841e-07	18003
881071	2.711870e-07	-1.129243e-06	-9.759648e-07	15702
311971	2.602553e-07	-1.129239e-06	-9.686213e-07	18003
889327	2.710771e-07	-1.129236e-06	-9.760035e-07	15702
320227	2.601465e-07	-1.129232e-06	-9.686586e-07	18003
897583	2.709672e-07	-1.129229e-06	-9.760423e-07	15702
328483	2.600376e-07	-1.129225e-06	-9.686958e-07	18003
905839	2.708573e-07	-1.129222e-06	-9.760811e-07	15702
336739	2.599288e-07	-1.129219e-06	-9.687329e-07	18003
914095	2.707474e-07	-1.129215e-06	-9.761198e-07	15702
344995	2.598200e-07	-1.129212e-06	-9.687701e-07	18003
922351	2.706375e-07	-1.129208e-06	-9.761585e-07	15702
353251	2.597111e-07	-1.129205e-06	-9.688073e-07	18003
930607	2.705276e-07	-1.129201e-06	-9.761973e-07	15702
361507	2.596022e-07	-1.129198e-06	-9.688443e-07	18003
938863	2.704177e-07	-1.129193e-06	-9.762359e-07	15702
369763	2.594934e-07	-1.129191e-06	-9.688815e-07	18003
947119	2.703077e-07	-1.129186e-06	-9.762746e-07	15702
378019	2.593845e-07	-1.129184e-06	-9.689186e-07	18003
955375	2.701978e-07	-1.129179e-06	-9.763132e-07	15702
386275	2.592756e-07	-1.129178e-06	-9.689556e-07	18003
963631	2.700879e-07	-1.129172e-06	-9.763519e-07	15702
394531	2.591667e-07	-1.129171e-06	-9.689927e-07	18003
971887	2.699779e-07	-1.129165e-06	-9.763905e-07	15702
402787	2.590579e-07	-1.129164e-06	-9.690298e-07	18003
980143	2.698680e-07	-1.129158e-06	-9.764291e-07	15702
411043	2.589490e-07	-1.129157e-06	-9.690668e-07	18003
988399	2.697580e-07	-1.129151e-06	-9.764677e-07	15702
419299	2.588401e-07	-1.129150e-06	-9.691039e-07	18003
996655	2.696481e-07	-1.129144e-06	-9.765063e-07	15702
427555	2.587312e-07	-1.129143e-06	-9.691408e-07	18003
435811	2.586223e-07	-1.129137e-06	-9.691779e-07	18003
1004911	2.695381e-07	-1.129137e-06	-9.765448e-07	15702
444067	2.585134e-07	-1.129130e-06	-9.692149e-07	18003
1013167	2.694281e-07	-1.129129e-06	-9.765834e-07	15702
452323	2.584044e-07	-1.129123e-06	-9.692518e-07	18003
1021423	2.693182e-07	-1.129122e-06	-9.766219e-07	15702
460579	2.582955e-07	-1.129116e-06	-9.692887e-07	18003
1029679	2.692082e-07	-1.129115e-06	-9.766604e-07	15702
468835	2.581866e-07	-1.129109e-06	-9.693257e-07	18003
1037935	2.690982e-07	-1.129108e-06	-9.766989e-07	15702
477091	2.580776e-07	-1.129103e-06	-9.693626e-07	18003
1046191	2.689882e-07	-1.129101e-06	-9.767374e-07	15702
485347	2.579687e-07	-1.129096e-06	-9.693995e-07	18003
1054447	2.688782e-07	-1.129094e-06	-9.767758e-07	15702
493603	2.578598e-07	-1.129089e-06	-9.694364e-07	18003
1062703	2.687682e-07	-1.129087e-06	-9.768142e-07	15702
501859	2.577508e-07	-1.129082e-06	-9.694733e-07	18003
1070959	2.686582e-07	-1.129080e-06	-9.768527e-07	15702
510115	2.576419e-07	-1.129076e-06	-9.695101e-07	18003
1079215	2.685482e-07	-1.129073e-06	-9.768911e-07	15702
518371	2.575329e-07	-1.129069e-06	-9.695469e-07	18003
1087471	2.684382e-07	-1.129066e-06	-9.769295e-07	15702
526627	2.574239e-07	-1.129062e-06	-9.695838e-07	18003
1095727	2.683281e-07	-1.129059e-06	-9.769680e-07	15702
534883	2.573150e-07	-1.129055e-06	-9.696206e-07	18003
1103983	2.682181e-07	-1.129052e-06	-9.770063e-07	15702
543139	2.572060e-07	-1.129049e-06	-9.696573e-07	18003
1112239	2.681081e-07	-1.129045e-06	-9.770447e-07	15702
551395	2.570970e-07	-1.129042e-06	-9.696942e-07	18003
1120495	2.679980e-07	-1.129038e-06	-9.770830e-07	15702
559651	2.569880e-07	-1.129035e-06	-9.697309e-07	18003
1128751	2.678880e-07	-1.129031e-06	-9.771213e-07	15702
567907	2.568790e-07	-1.129028e-06	-9.697676e-07	18003
1137007	2.677779e-07	-1.129024e-06	-9.771596e-07	15702
576163	2.567700e-07	-1.129021e-06	-9.698043e-07	18003
1145263	2.676679e-07	-1.129016e-06	-9.771979e-07	15702
584419	2.566610e-07	-1.129015e-06	-9.698410e-07	18003
1153519	2.675578e-07	-1.129009e-06	-9.772361e-07	15702
592675	2.565520e-07	-1.129008e-06	-9.698778e-07	18003
600931	2.564430e-07	-1.129001e-06	-9.699145e-07	18003
609187	2.563339e-07	-1.128995e-06	-9.699511e-07	18003
617443	2.562249e-07	-1.128988e-06	-9.699878e-07	18003
625699	2.561159e-07	-1.128981e-06	-9.700244e-07	18003
633955	2.560068e-07	-1.128974e-06	-9.700610e-07	18003
642211	2.558978e-07	-1.128968e-06	-9.700976e-07	18003
650467	2.557888e-07	-1.128961e-06	-9.701342e-07	18003
658723	2.556797e-07	-1.128954e-06	-9.701707e-07	18003
666979	2.555706e-07	-1.128947e-06	-9.702073e-07	18003
675235	2.554616e-07	-1.128941e-06	-9.702438e-07	18003
683491	2.553525e-07	-1.128934e-06	-9.702804e-07	18003
691747	2.552434e-07	-1.128927e-06	-9.703169e-07	18003
700003	2.551344e-07	-1.128921e-06	-9.703534e-07	18003
708259	2.550253e-07	-1.128914e-06	-9.703899e-07	18003
716515	2.549162e-07	-1.128907e-06	-9.704263e-07	18003
724771	2.548071e-07	-1.128900e-06	-9.704628e-07	18003
733027	2.546980e-07	-1.128894e-06	-9.704992e-07	18003
741283	2.545889e-07	-1.128887e-06	-9.705357e-07	18003
749539	2.544797e-07	-1.128880e-06	-9.705720e-07	18003
757795	2.543706e-07	-1.128874e-06	-9.706084e-07	18003
766051	2.542615e-07	-1.128867e-06	-9.706448e-07	18003
774307	2.541524e-07	-1.128860e-06	-9.706812e-07	18003
782563	2.540432e-07	-1.128854e-06	-9.707175e-07	18003
790819	2.539341e-07	-1.128847e-06	-9.707538e-07	18003
799075	2.538249e-07	-1.128840e-06	-9.707901e-07	18003
807331	2.537158e-07	-1.128834e-06	-9.708264e-07	18003
815587	2.536066e-07	-1.128827e-06	-9.708626e-07	18003
823843	2.534975e-07	-1.128820e-06	-9.708989e-07	18003
832099	2.533883e-07	-1.128814e-06	-9.709352e-07	18003
840355	2.532791e-07	-1.128807e-06	-9.709714e-07	18003
848611	2.531700e-07	-1.128800e-06	-9.710076e-07	18003
856867	2.530608e-07	-1.128794e-06	-9.710438e-07	18003
865123	2.529516e-07	-1.128787e-06	-9.710800e-07	18003
873379	2.528424e-07	-1.128780e-06	-9.711162e-07	18003
881635	2.527332e-07	-1.128774e-06	-9.711523e-07	18003
889891	2.526240e-07	-1.128767e-06	-9.711885e-07	18003
898147	2.525148e-07	-1.128760e-06	-9.712245e-07	18003
906403	2.524056e-07	-1.128754e-06	-9.712606e-07	18003
914659	2.522963e-07	-1.128747e-06	-9.712967e-07	18003
922915	2.521871e-07	-1.128740e-06	-9.713328e-07	18003
931171	2.520779e-07	-1.128734e-06	-9.713689e-07	18003
939427	2.519686e-07	-1.128727e-06	-9.714049e-07	18003
947683	2.518594e-07	-1.128721e-06	-9.714410e-07	18003
955939	2.517502e-07	-1.128714e-06	-9.714769e-07	18003
964195	2.516409e-07	-1.128707e-06	-9.715129e-07	18003
972451	2.515316e-07	-1.128701e-06	-9.715490e-07	18003
980707	2.514224e-07	-1.128694e-06	-9.715849e-07	18003
988963	2.513131e-07	-1.128688e-06	-9.716208e-07	18003
997219	2.512038e-07	-1.128681e-06	-9.716567e-07	18003
1005475	2.510945e-07	-1.128674e-06	-9.716927e-07	18003
1013731	2.509852e-07	-1.128668e-06	-9.717286e-07	18003
1021987	2.508760e-07	-1.128661e-06	-9.717644e-07	18003
1030243	2.507667e-07	-1.128655e-06	-9.718003e-07	18003
1038499	2.506574e-07	-1.128648e-06	-9.718361e-07	18003
1046755	2.505481e-07	-1.128641e-06	-9.718719e-07	18003
1055011	2.504387e-07	-1.128635e-06	-9.719078e-07	18003
1063267	2.503294e-07	-1.128628e-06	-9.719436e-07	18003
1071523	2.502201e-07	-1.128622e-06	-9.719794e-07	18003
1079779	2.501108e-07	-1.128615e-06	-9.720152e-07	18003
1088035	2.500014e-07	-1.128608e-06	-9.720509e-07	18003
1096291	2.498921e-07	-1.128602e-06	-9.720867e-07	18003
1104547	2.497827e-07	-1.128595e-06	-9.721224e-07	18003
1112803	2.496734e-07	-1.128589e-06	-9.721581e-07	18003
1121059	2.495641e-07	-1.128582e-06	-9.721938e-07	18003
1129315	2.494547e-07	-1.128576e-06	-9.722295e-07	18003
1137571	2.493453e-07	-1.128569e-06	-9.722652e-07	18003
1145827	2.492360e-07	-1.128563e-06	-9.723008e-07	18003
1154083	2.491266e-07	-1.128556e-06	-9.723365e-07	18003
3919	2.141126e-07	-1.126869e-06	-9.655960e-07	9286
12175	2.140042e-07	-1.126864e-06	-9.656266e-07	9286
20431	2.138957e-07	-1.126858e-06	-9.656571e-07	9286
28687	2.137872e-07	-1.126852e-06	-9.656877e-07	9286
36943	2.136787e-07	-1.126847e-06	-9.657183e-07	9286
45199	2.135703e-07	-1.126841e-06	-9.657488e-07	9286
53455	2.134618e-07	-1.126836e-06	-9.657793e-07	9286
61711	2.133533e-07	-1.126830e-06	-9.658098e-07	9286
69967	2.132448e-07	-1.126824e-06	-9.658403e-07	9286
78223	2.131363e-07	-1.126819e-06	-9.658708e-07	9286
86479	2.130278e-07	-1.126813e-06	-9.659012e-07	9286
94735	2.129193e-07	-1.126808e-06	-9.659317e-07	9286
102991	2.128108e-07	-1.126802e-06	-9.659620e-07	9286
111247	2.127023e-07	-1.126797e-06	-9.659925e-07	9286
119503	2.125938e-07	-1.126791e-06	-9.660229e-07	9286
127759	2.124852e-07	-1.126785e-06	-9.660532e-07	9286
136015	2.123767e-07	-1.126780e-06	-9.660837e-07	9286
144271	2.122682e-07	-1.126774e-06	-9.661139e-07	9286
152527	2.121597e-07	-1.126769e-06	-9.661443e-07	9286
160783	2.120511e-07	-1.126763e-06	-9.661746e-07	9286
169039	2.119426e-07	-1.126758e-06	-9.662049e-07	9286
177295	2.118340e-07	-1.126752e-06	-9.662352e-07	9286
185551	2.117255e-07	-1.126746e-06	-9.662655e-07	9286
193807	2.116169e-07	-1.126741e-06	-9.662957e-07	9286
202063	2.115084e-07	-1.126735e-06	-9.663260e-07	9286
210319	2.113998e-07	-1.126730e-06	-9.663562e-07	9286
218575	2.112912e-07	-1.126724e-06	-9.663864e-07	9286
226831	2.111826e-07	-1.126719e-06	-9.664166e-07	9286
235087	2.110741e-07	-1.126713e-06	-9.664468e-07	9286
243343	2.109655e-07	-1.126708e-06	-9.664769e-07	9286
251599	2.108569e-07	-1.126702e-06	-9.665071e-07	9286
259855	2.107483e-07	-1.126697e-06	-9.665372e-07	9286
268111	2.106397e-07	-1.126691e-06	-9.665673e-07	9286
276367	2.105311e-07	-1.126686e-06	-9.665974e-07	9286
284623	2.104225e-07	-1.126680e-06	-9.666275e-07	9286
292879	2.103139e-07	-1.126675e-06	-9.666576e-07	9286
301135	2.102052e-07	-1.126669e-06	-9.666876e-07	9286
309391	2.100966e-07	-1.126664e-06	-9.667176e-07	9286
317647	2.099880e-07	-1.126658e-06	-9.667476e-07	9286
325903	2.098794e-07	-1.126652e-06	-9.667776e-07	9286
334159	2.097707e-07	-1.126647e-06	-9.668076e-07	9286
342415	2.096621e-07	-1.126641e-06	-9.668377e-07	9286
350671	2.095534e-07	-1.126636e-06	-9.668676e-07	9286
358927	2.094448e-07	-1.126630e-06	-9.668976e-07	9286
367183	2.093362e-07	-1.126625e-06	-9.669275e-07	9286
375439	2.092275e-07	-1.126620e-06	-9.669574e-07	9286
383695	2.091188e-07	-1.126614e-06	-9.669873e-07	9286
391951	2.090102e-07	-1.126608e-06	-9.670172e-07	9286
400207	2.089015e-07	-1.126603e-06	-9.670470e-07	9286
408463	2.087928e-07	-1.126598e-06	-9.670769e-07	9286
416719	2.086841e-07	-1.126592e-06	-9.671066e-07	9286
424975	2.085755e-07	-1.126587e-06	-9.671365e-07	9286
433231	2.084668e-07	-1.126581e-06	-9.671663e-07	9286
441487	2.083581e-07	-1.126576e-06	-9.671961e-07	9286
449743	2.082494e-07	-1.126570e-06	-9.672259e-07	9286
457999	2.081407e-07	-1.126565e-06	-9.672556e-07	9286
466255	2.080320e-07	-1.126559e-06	-9.672854e-07	9286
474511	2.079233e-07	-1.126554e-06	-9.673150e-07	9286
482767	2.078146e-07	-1.126548e-06	-9.673448e-07	9286
491023	2.077058e-07	-1.126543e-06	-9.673745e-07	9286
499279	2.075971e-07	-1.126538e-06	-9.674042e-07	9286
507535	2.074884e-07	-1.126532e-06	-9.674338e-07	9286
515791	2.073797e-07	-1.126527e-06	-9.674635e-07	9286
524047	2.072709e-07	-1.126521e-06	-9.674931e-07	9286
532303	2.071622e-07	-1.126516e-06	-9.675227e-07	9286
540559	2.070534e-07	-1.126510e-06	-9.675523e-07	9286
548815	2.069447e-07	-1.126505e-06	-9.675819e-07	9286
557071	2.068359e-07	-1.126499e-06	-9.676114e-07	9286
565327	2.067272e-07	-1.126494e-06	-9.676410e-07	9286
573583	2.066184e-07	-1.126489e-06	-9.676705e-07	9286
581839	2.065097e-07	-1.126483e-06	-9.677001e-07	9286
590095	2.064009e-07	-1.126478e-06	-9.677295e-07	9286
598351	2.062921e-07	-1.126472e-06	-9.677591e-07	9286
606607	2.061833e-07	-1.126467e-06	-9.677885e-07	9286
614863	2.060745e-07	-1.126462e-06	-9.678180e-07	9286
623119	2.059657e-07	-1.126456e-06	-9.678474e-07	9286
631375	2.058569e-07	-1.126451e-06	-9.678769e-07	9286
639631	2.057482e-07	-1.126445e-06	-9.679063e-07	9286
647887	2.056394e-07	-1.126440e-06	-9.679356e-07	9286
656143	2.055306e-07	-1.126435e-06	-9.679651e-07	9286
664399	2.054217e-07	-1.126429e-06	-9.679944e-07	9286
672655	2.053129e-07	-1.126424e-06	-9.680238e-07	9286
680911	2.052041e-07	-1.126419e-06	-9.680531e-07	9286
689167	2.050953e-07	-1.126413e-06	-9.680824e-07	9286
697423	2.049864e-07	-1.126408e-06	-9.681117e-07	9286
705679	2.048776e-07	-1.126402e-06	-9.681410e-07	9286
713935	2.047688e-07	-1.126397e-06	-9.681703e-07	9286
722191	2.046599e-07	-1.126392e-06	-9.681995e-07	9286
730447	2.045511e-07	-1.126386e-06	-9.682287e-07	9286
738703	2.044423e-07	-1.126381e-06	-9.682581e-07	9286
746959	2.043334e-07	-1.126376e-06	-9.682872e-07	9286
755215	2.042245e-07	-1.126370e-06	-9.683164e-07	9286
763471	2.041157e-07	-1.126365e-06	-9.683456e-07	9286
771727	2.040068e-07	-1.126360e-06	-9.683747e-07	9286
779983	2.038979e-07	-1.126354e-06	-9.684039e-07	9286
788239	2.037891e-07	-1.126349e-06	-9.684330e-07	9286
796495	2.036802e-07	-1.126343e-06	-9.684621e-07	9286
804751	2.035713e-07	-1.126338e-06	-9.684912e-07	9286
813007	2.034624e-07	-1.126333e-06	-9.685203e-07	9286
821263	2.033535e-07	-1.126327e-06	-9.685494e-07	9286
829519	2.032446e-07	-1.126322e-06	-9.685784e-07	9286
837775	2.031357e-07	-1.126317e-06	-9.686075e-07	9286
846031	2.030268e-07	-1.126312e-06	-9.686365e-07	9286
854287	2.029179e-07	-1.126306e-06	-9.686655e-07	9286
862543	2.028090e-07	-1.126301e-06	-9.686945e-07	9286
870799	2.027001e-07	-1.126296e-06	-9.687235e-07	9286
879055	2.025912e-07	-1.126290e-06	-9.687525e-07	9286
887311	2.024822e-07	-1.126285e-06	-9.687814e-07	9286
895567	2.023733e-07	-1.126280e-06	-9.688104e-07	9286
903823	2.022644e-07	-1.126274e-06	-9.688392e-07	9286
912079	2.021554e-07	-1.126269e-06	-9.688681e-07	9286
920335	2.020465e-07	-1.126264e-06	-9.688970e-07	9286
928591	2.019375e-07	-1.126258e-06	-9.689259e-07	9286
936847	2.018286e-07	-1.126253e-06	-9.689547e-07	9286
945103	2.017196e-07	-1.126248e-06	-9.689835e-07	9286
953359	2.016107e-07	-1.126243e-06	-9.690124e-07	9286
961615	2.015017e-07	-1.126237e-06	-9.690411e-07	9286
969871	2.013927e-07	-1.126232e-06	-9.690700e-07	9286
978127	2.012837e-07	-1.126227e-06	-9.690988e-07	9286
986383	2.011748e-07	-1.126221e-06	-9.691275e-07	9286
994639	2.010658e-07	-1.126216e-06	-9.691562e-07	9286
1002895	2.009568e-07	-1.126211e-06	-9.691850e-07	9286
1011151	2.008478e-07	-1.126206e-06	-9.692137e-07	9286
1019407	2.007388e-07	-1.126200e-06	-9.692424e-07	9286
1027663	2.006298e-07	-1.126195e-06	-9.692710e-07	9286
1035919	2.005208e-07	-1.126190e-06	-9.692997e-07	9286
1044175	2.004118e-07	-1.126185e-06	-9.693283e-07	9286
1052431	2.003028e-07	-1.126179e-06	-9.693570e-07	9286
1060687	2.001938e-07	-1.126174e-06	-9.693856e-07	9286
1068943	2.000847e-07	-1.126169e-06	-9.694141e-07	9286
1077199	1.999757e-07	-1.126164e-06	-9.694428e-07	9286
1085455	1.998667e-07	-1.126158e-06	-9.694713e-07	9286
1093711	1.997577e-07	-1.126153e-06	-9.694999e-07	9286
1101967	1.996486e-07	-1.126148e-06	-9.695284e-07	9286
1110223	1.995396e-07	-1.126143e-06	-9.695569e-07	9286
1118479	1.994305e-07	-1.126137e-06	-9.695855e-07	9286
1126735	1.993215e-07	-1.126132e-06	-9.696140e-07	9286
1134991	1.992124e-07	-1.126127e-06	-9.696424e-07	9286
1143247	1.991034e-07	-1.126122e-06	-9.696709e-07	9286
1151503	1.989943e-07	-1.126117e-06	-9.696994e-07	9286
1193	3.321671e-07	-1.122585e-06	-9.815764e-07	2647
9449	3.320563e-07	-1.122577e-06	-9.816239e-07	2647
17705	3.319454e-07	-1.122568e-06	-9.816713e-07	2647
25961	3.318345e-07	-1.122559e-06	-9.817188e-07	2647
34217	3.317236e-07	-1.122550e-06	-9.817663e-07	2647
42473	3.316127e-07	-1.122542e-06	-9.818137e-07	2647
50729	3.315018e-07	-1.122533e-06	-9.818613e-07	2647
58985	3.313909e-07	-1.122524e-06	-9.819087e-07	2647
67241	3.312800e-07	-1.122515e-06	-9.819561e-07	2647
75497	3.311691e-07	-1.122507e-06	-9.820035e-07	2647
83753	3.310582e-07	-1.122498e-06	-9.820509e-07	2647
92009	3.309472e-07	-1.122489e-06	-9.820982e-07	2647
100265	3.308363e-07	-1.122481e-06	-9.821456e-07	2647
108521	3.307253e-07	-1.122472e-06	-9.821929e-07	2647
116777	3.306144e-07	-1.122463e-06	-9.822402e-07	2647
125033	3.305034e-07	-1.122454e-06	-9.822875e-07	2647
133289	3.303925e-07	-1.122446e-06	-9.823348e-07	2647
141545	3.302815e-07	-1.122437e-06	-9.823821e-07	2647
149801	3.301705e-07	-1.122428e-06	-9.824294e-07	2647
158057	3.300595e-07	-1.122419e-06	-9.824765e-07	2647
166313	3.299485e-07	-1.122411e-06	-9.825237e-07	2647
174569	3.298375e-07	-1.122402e-06	-9.825710e-07	2647
182825	3.297265e-07	-1.122393e-06	-9.826182e-07	2647
191081	3.296155e-07	-1.122385e-06	-9.826654e-07	2647
199337	3.295044e-07	-1.122376e-06	-9.827125e-07	2647
207593	3.293934e-07	-1.122367e-06	-9.827596e-07	2647
215849	3.292824e-07	-1.122359e-06	-9.828068e-07	2647
224105	3.291713e-07	-1.122350e-06	-9.828539e-07	2647
232361	3.290602e-07	-1.122341e-06	-9.829009e-07	2647
240617	3.289492e-07	-1.122333e-06	-9.829480e-07	2647
248873	3.288381e-07	-1.122324e-06	-9.829951e-07	2647
257129	3.287270e-07	-1.122315e-06	-9.830421e-07	2647
265385	3.286160e-07	-1.122307e-06	-9.830892e-07	2647
273641	3.285049e-07	-1.122298e-06	-9.831361e-07	2647
281897	3.283938e-07	-1.122289e-06	-9.831832e-07	2647
290153	3.282827e-07	-1.122281e-06	-9.832302e-07	2647
298409	3.281716e-07	-1.122272e-06	-9.832771e-07	2647
306665	3.280604e-07	-1.122263e-06	-9.833241e-07	2647
314921	3.279493e-07	-1.122255e-06	-9.833710e-07	2647
323177	3.278382e-07	-1.122246e-06	-9.834180e-07	2647
331433	3.277270e-07	-1.122237e-06	-9.834648e-07	2647
339689	3.276159e-07	-1.122229e-06	-9.835118e-07	2647
347945	3.275048e-07	-1.122220e-06	-9.835586e-07	2647
356201	3.273936e-07	-1.122212e-06	-9.836054e-07	2647
364457	3.272824e-07	-1.122203e-06	-9.836523e-07	2647
372713	3.271713e-07	-1.122194e-06	-9.836991e-07	2647
380969	3.270601e-07	-1.122186e-06	-9.837460e-07	2647
389225	3.269489e-07	-1.122177e-06	-9.837927e-07	2647
397481	3.268377e-07	-1.122168e-06	-9.838395e-07	2647
405737	3.267265e-07	-1.122160e-06	-9.838863e-07	2647
413993	3.266153e-07	-1.122151e-06	-9.839330e-07	2647
422249	3.265041e-07	-1.122143e-06	-9.839797e-07	2647
430505	3.263928e-07	-1.122134e-06	-9.840264e-07	2647
438761	3.262816e-07	-1.122125e-06	-9.840732e-07	2647
447017	3.261704e-07	-1.122117e-06	-9.841199e-07	2647
455273	3.260591e-07	-1.122108e-06	-9.841665e-07	2647
463529	3.259479e-07	-1.122100e-06	-9.842131e-07	2647
471785	3.258366e-07	-1.122091e-06	-9.842598e-07	2647
480041	3.257254e-07	-1.122082e-06	-9.843064e-07	2647
488297	3.256141e-07	-1.122074e-06	-9.843529e-07	2647
496553	3.255028e-07	-1.122065e-06	-9.843995e-07	2647
504809	3.253915e-07	-1.122057e-06	-9.844462e-07	2647
513065	3.252802e-07	-1.122048e-06	-9.844927e-07	2647
521321	3.251689e-07	-1.122040e-06	-9.845393e-07	2647
529577	3.250576e-07	-1.122031e-06	-9.845858e-07	2647
537833	3.249463e-07	-1.122022e-06	-9.846323e-07	2647
546089	3.248350e-07	-1.122014e-06	-9.846788e-07	2647
554345	3.247237e-07	-1.122005e-06	-9.847253e-07	2647
562601	3.246123e-07	-1.121997e-06	-9.847716e-07	2647
570857	3.245010e-07	-1.121988e-06	-9.848181e-07	2647
579113	3.243896e-07	-1.121980e-06	-9.848645e-07	2647
587369	3.242783e-07	-1.121971e-06	-9.849109e-07	2647
595625	3.241669e-07	-1.121962e-06	-9.849573e-07	2647
603881	3.240555e-07	-1.121954e-06	-9.850037e-07	2647
612137	3.239442e-07	-1.121945e-06	-9.850501e-07	2647
620393	3.238328e-07	-1.121937e-06	-9.850964e-07	2647
628649	3.237214e-07	-1.121928e-06	-9.851427e-07	2647
636905	3.236100e-07	-1.121920e-06	-9.851891e-07	2647
645161	3.234986e-07	-1.121911e-06	-9.852354e-07	2647
653417	3.233872e-07	-1.121903e-06	-9.852816e-07	2647
661673	3.232758e-07	-1.121894e-06	-9.853279e-07	2647
669929	3.231644e-07	-1.121886e-06	-9.853742e-07	2647
678185	3.230529e-07	-1.121877e-06	-9.854203e-07	2647
686441	3.229415e-07	-1.121869e-06	-9.854666e-07	2647
694697	3.228301e-07	-1.121860e-06	-9.855128e-07	2647
702953	3.227186e-07	-1.121852e-06	-9.855590e-07	2647
711209	3.226072e-07	-1.121843e-06	-9.856052e-07	2647
719465	3.224957e-07	-1.121835e-06	-9.856514e-07	2647
727721	3.223842e-07	-1.121826e-06	-9.856974e-07	2647
735977	3.222727e-07	-1.121818e-06	-9.857436e-07	2647
744233	3.221613e-07	-1.121809e-06	-9.857897e-07	2647
752489	3.220498e-07	-1.121801e-06	-9.858358e-07	2647
760745	3.219383e-07	-1.121792e-06	-9.858818e-07	2647
769001	3.218268e-07	-1.121784e-06	-9.859280e-07	2647
777257	3.217153e-07	-1.121775e-06	-9.859739e-07	2647
785513	3.216037e-07	-1.121767e-06	-9.860199e-07	2647
793769	3.214922e-07	-1.121758e-06	-9.860660e-07	2647
802025	3.213807e-07	-1.121750e-06	-9.861120e-07	2647
810281	3.212691e-07	-1.121741e-06	-9.861579e-07	2647
818537	3.211576e-07	-1.121733e-06	-9.862039e-07	2647
826793	3.210461e-07	-1.121724e-06	-9.862498e-07	2647
835049	3.209345e-07	-1.121716e-06	-9.862957e-07	2647
843305	3.208229e-07	-1.121707e-06	-9.863417e-07	2647
851561	3.207114e-07	-1.121699e-06	-9.863876e-07	2647
859817	3.205998e-07	-1.121691e-06	-9.864335e-07	2647
868073	3.204882e-07	-1.121682e-06	-9.864793e-07	2647
876329	3.203766e-07	-1.121674e-06	-9.865252e-07	2647
884585	3.202650e-07	-1.121665e-06	-9.865710e-07	2647
892841	3.201534e-07	-1.121657e-06	-9.866168e-07	2647
901097	3.200418e-07	-1.121648e-06	-9.866626e-07	2647
909353	3.199302e-07	-1.121640e-06	-9.867084e-07	2647
917609	3.198185e-07	-1.121631e-06	-9.867542e-07	2647
925865	3.197069e-07	-1.121623e-06	-9.867999e-07	2647
934121	3.195953e-07	-1.121615e-06	-9.868456e-07	2647
942377	3.194836e-07	-1.121606e-06	-9.868915e-07	2647
950633	3.193720e-07	-1.121598e-06	-9.869372e-07	2647
958889	3.192603e-07	-1.121589e-06	-9.869829e-07	2647
967145	3.191486e-07	-1.121581e-06	-9.870284e-07	2647
975401	3.190370e-07	-1.121573e-06	-9.870741e-07	2647
983657	3.189253e-07	-1.121564e-06	-9.871197e-07	2647
991913	3.188136e-07	-1.121556e-06	-9.871654e-07	2647
1000169	3.187019e-07	-1.121547e-06	-9.872110e-07	2647
1008425	3.185902e-07	-1.121539e-06	-9.872566e-07	2647
1016681	3.184785e-07	-1.121531e-06	-9.873022e-07	2647
1024937	3.183668e-07	-1.121522e-06	-9.873478e-07	2647
1033193	3.182550e-07	-1.121514e-06	-9.873933e-07	2647
1041449	3.181433e-07	-1.121505e-06	-9.874389e-07	2647
1049705	3.180316e-07	-1.121497e-06	-9.874843e-07	2647
1057961	3.179198e-07	-1.121489e-06	-9.875298e-07	2647
1066217	3.178081e-07	-1.121480e-06	-9.875753e-07	2647
1074473	3.176963e-07	-1.121472e-06	-9.876208e-07	2647
1082729	3.175846e-07	-1.121464e-06	-9.876662e-07	2647
1090985	3.174728e-07	-1.121455e-06	-9.877117e-07	2647
1099241	3.173610e-07	-1.121447e-06	-9.877571e-07	2647
1107497	3.172493e-07	-1.121438e-06	-9.878024e-07	2647
1115753	3.171374e-07	-1.121430e-06	-9.878479e-07	2647
1124009	3.170257e-07	-1.121422e-06	-9.878933e-07	2647
1132265	3.169139e-07	-1.121413e-06	-9.879386e-07	2647
1140521	3.168020e-07	-1.121405e-06	-9.879839e-07	2647
1148777	3.166902e-07	-1.121397e-06	-9.880292e-07	2647
4186	2.807168e-07	-1.120627e-06	-9.747405e-07	10048
12442	2.806068e-07	-1.120619e-06	-9.747806e-07	10048
20698	2.804969e-07	-1.120612e-06	-9.748208e-07	10048
28954	2.803869e-07	-1.120604e-06	-9.748609e-07	10048
37210	2.802770e-07	-1.120597e-06	-9.749009e-07	10048
45466	2.801670e-07	-1.120590e-06	-9.749410e-07	10048
53722	2.800570e-07	-1.120582e-06	-9.749810e-07	10048
61978	2.799471e-07	-1.120575e-06	-9.750212e-07	10048
70234	2.798371e-07	-1.120568e-06	-9.750612e-07	10048
78490	2.797271e-07	-1.120560e-06	-9.751012e-07	10048
86746	2.796171e-07	-1.120553e-06	-9.751412e-07	10048
95002	2.795071e-07	-1.120546e-06	-9.751811e-07	10048
103258	2.793971e-07	-1.120538e-06	-9.752212e-07	10048
111514	2.792871e-07	-1.120531e-06	-9.752611e-07	10048
119770	2.791771e-07	-1.120524e-06	-9.753011e-07	10048
128026	2.790671e-07	-1.120516e-06	-9.753410e-07	10048
136282	2.789570e-07	-1.120509e-06	-9.753809e-07	10048
144538	2.788470e-07	-1.120501e-06	-9.754208e-07	10048
152794	2.787370e-07	-1.120494e-06	-9.754607e-07	10048
161050	2.786269e-07	-1.120487e-06	-9.755005e-07	10048
169306	2.785169e-07	-1.120480e-06	-9.755404e-07	10048
177562	2.784068e-07	-1.120472e-06	-9.755802e-07	10048
185818	2.782968e-07	-1.120465e-06	-9.756200e-07	10048
194074	2.781867e-07	-1.120457e-06	-9.756598e-07	10048
202330	2.780766e-07	-1.120450e-06	-9.756995e-07	10048
210586	2.779665e-07	-1.120443e-06	-9.757393e-07	10048
218842	2.778565e-07	-1.120436e-06	-9.757791e-07	10048
227098	2.777464e-07	-1.120428e-06	-9.758188e-07	10048
235354	2.776363e-07	-1.120421e-06	-9.758586e-07	10048
243610	2.775262e-07	-1.120414e-06	-9.758983e-07	10048
251866	2.774161e-07	-1.120406e-06	-9.759380e-07	10048
260122	2.773059e-07	-1.120399e-06	-9.759776e-07	10048
268378	2.771958e-07	-1.120392e-06	-9.760173e-07	10048
276634	2.770857e-07	-1.120384e-06	-9.760570e-07	10048
284890	2.769756e-07	-1.120377e-06	-9.760965e-07	10048
293146	2.768654e-07	-1.120370e-06	-9.761362e-07	10048
301402	2.767553e-07	-1.120363e-06	-9.761758e-07	10048
309658	2.766451e-07	-1.120355e-06	-9.762153e-07	10048
317914	2.765350e-07	-1.120348e-06	-9.762549e-07	10048
326170	2.764248e-07	-1.120341e-06	-9.762945e-07	10048
334426	2.763146e-07	-1.120333e-06	-9.763340e-07	10048
342682	2.762045e-07	-1.120326e-06	-9.763735e-07	10048
350938	2.760943e-07	-1.120319e-06	-9.764130e-07	10048
359194	2.759841e-07	-1.120312e-06	-9.764525e-07	10048
367450	2.758739e-07	-1.120304e-06	-9.764919e-07	10048
375706	2.757637e-07	-1.120297e-06	-9.765314e-07	10048
383962	2.756535e-07	-1.120290e-06	-9.765708e-07	10048
392218	2.755433e-07	-1.120283e-06	-9.766103e-07	10048
400474	2.754331e-07	-1.120275e-06	-9.766496e-07	10048
408730	2.753229e-07	-1.120268e-06	-9.766891e-07	10048
416986	2.752126e-07	-1.120261e-06	-9.767284e-07	10048
425242	2.751024e-07	-1.120254e-06	-9.767678e-07	10048
433498	2.749922e-07	-1.120246e-06	-9.768071e-07	10048
441754	2.748819e-07	-1.120239e-06	-9.768464e-07	10048
450010	2.747717e-07	-1.120232e-06	-9.768858e-07	10048
458266	2.746614e-07	-1.120225e-06	-9.769251e-07	10048
466522	2.745512e-07	-1.120217e-06	-9.769643e-07	10048
474778	2.744409e-07	-1.120210e-06	-9.770037e-07	10048
483034	2.743306e-07	-1.120203e-06	-9.770429e-07	10048
491290	2.742204e-07	-1.120196e-06	-9.770821e-07	10048
499546	2.741101e-07	-1.120189e-06	-9.771213e-07	10048
507802	2.739998e-07	-1.120181e-06	-9.771605e-07	10048
516058	2.738895e-07	-1.120174e-06	-9.771996e-07	10048
524314	2.737792e-07	-1.120167e-06	-9.772389e-07	10048
532570	2.736689e-07	-1.120160e-06	-9.772780e-07	10048
540826	2.735586e-07	-1.120153e-06	-9.773171e-07	10048
549082	2.734482e-07	-1.120145e-06	-9.773563e-07	10048
557338	2.733379e-07	-1.120138e-06	-9.773954e-07	10048
565594	2.732276e-07	-1.120131e-06	-9.774344e-07	10048
573850	2.731172e-07	-1.120124e-06	-9.774735e-07	10048
582106	2.730069e-07	-1.120117e-06	-9.775126e-07	10048
590362	2.728966e-07	-1.120109e-06	-9.775516e-07	10048
598618	2.727862e-07	-1.120102e-06	-9.775906e-07	10048
606874	2.726758e-07	-1.120095e-06	-9.776296e-07	10048
615130	2.725655e-07	-1.120088e-06	-9.776686e-07	10048
623386	2.724551e-07	-1.120081e-06	-9.777076e-07	10048
631642	2.723447e-07	-1.120074e-06	-9.777466e-07	10048
639898	2.722343e-07	-1.120066e-06	-9.777856e-07	10048
648154	2.721239e-07	-1.120059e-06	-9.778245e-07	10048
656410	2.720136e-07	-1.120052e-06	-9.778634e-07	10048
664666	2.719032e-07	-1.120045e-06	-9.779022e-07	10048
672922	2.717927e-07	-1.120038e-06	-9.779411e-07	10048
681178	2.716823e-07	-1.120031e-06	-9.779800e-07	10048
689434	2.715719e-07	-1.120024e-06	-9.780189e-07	10048
697690	2.714615e-07	-1.120016e-06	-9.780578e-07	10048
705946	2.713511e-07	-1.120009e-06	-9.780965e-07	10048
714202	2.712406e-07	-1.120002e-06	-9.781353e-07	10048
722458	2.711302e-07	-1.119995e-06	-9.781742e-07	10048
730714	2.710197e-07	-1.119988e-06	-9.782129e-07	10048
738970	2.709093e-07	-1.119981e-06	-9.782517e-07	10048
747226	2.707988e-07	-1.119974e-06	-9.782904e-07	10048
755482	2.706884e-07	-1.119966e-06	-9.783291e-07	10048
763738	2.705779e-07	-1.119959e-06	-9.783678e-07	10048
771994	2.704674e-07	-1.119952e-06	-9.784065e-07	10048
780250	2.703569e-07	-1.119945e-06	-9.784452e-07	10048
788506	2.702465e-07	-1.119938e-06	-9.784839e-07	10048
796762	2.701360e-07	-1.119931e-06	-9.785225e-07	10048
805018	2.700255e-07	-1.119924e-06	-9.785612e-07	10048
813274	2.699149e-07	-1.119917e-06	-9.785997e-07	10048
821530	2.698044e-07	-1.119910e-06	-9.786384e-07	10048
829786	2.696939e-07	-1.119902e-06	-9.786769e-07	10048
838042	2.695834e-07	-1.119895e-06	-9.787155e-07	10048
846298	2.694729e-07	-1.119888e-06	-9.787541e-07	10048
854554	2.693623e-07	-1.119881e-06	-9.787926e-07	10048
862810	2.692518e-07	-1.119874e-06	-9.788311e-07	10048
871066	2.691413e-07	-1.119867e-06	-9.788696e-07	10048
879322	2.690307e-07	-1.119860e-06	-9.789081e-07	10048
887578	2.689202e-07	-1.119853e-06	-9.789466e-07	10048
895834	2.688096e-07	-1.119846e-06	-9.789850e-07	10048
904090	2.686990e-07	-1.119839e-06	-9.790234e-07	10048
912346	2.685885e-07	-1.119832e-06	-9.790618e-07	10048
920602	2.684779e-07	-1.119825e-06	-9.791003e-07	10048
928858	2.683673e-07	-1.119818e-06	-9.791387e-07	10048
937114	2.682567e-07	-1.119810e-06	-9.791770e-07	10048
945370	2.681461e-07	-1.119803e-06	-9.792154e-07	10048
953626	2.680355e-07	-1.119796e-06	-9.792537e-07	10048
961882	2.679249e-07	-1.119789e-06	-9.792921e-07	10048
970138	2.678143e-07	-1.119782e-06	-9.793304e-07	10048
978394	2.677037e-07	-1.119775e-06	-9.793687e-07	10048
986650	2.675931e-07	-1.119768e-06	-9.794070e-07	10048
994906	2.674824e-07	-1.119761e-06	-9.794452e-07	10048
1003162	2.673718e-07	-1.119754e-06	-9.794835e-07	10048
1011418	2.672612e-07	-1.119747e-06	-9.795217e-07	10048
1019674	2.671505e-07	-1.119740e-06	-9.795599e-07	10048
1027930	2.670399e-07	-1.119733e-06	-9.795981e-07	10048
1036186	2.669292e-07	-1.119726e-06	-9.796363e-07	10048
1044442	2.668185e-07	-1.119719e-06	-9.796745e-07	10048
1052698	2.667079e-07	-1.119712e-06	-9.797127e-07	10048
1060954	2.665972e-07	-1.119705e-06	-9.797508e-07	10048
1069210	2.664865e-07	-1.119698e-06	-9.797889e-07	10048
1077466	2.663758e-07	-1.119691e-06	-9.798271e-07	10048
1085722	2.662651e-07	-1.119684e-06	-9.798651e-07	10048
1093978	2.661544e-07	-1.119677e-06	-9.799031e-07	10048
1102234	2.660437e-07	-1.119670e-06	-9.799412e-07	10048
1110490	2.659330e-07	-1.119663e-06	-9.799793e-07	10048
1118746	2.658223e-07	-1.119656e-06	-9.800173e-07	10048
1127002	2.657116e-07	-1.119649e-06	-9.800553e-07	10048
1135258	2.656009e-07	-1.119642e-06	-9.800933e-07	10048
1143514	2.654901e-07	-1.119635e-06	-9.801313e-07	10048
1151770	2.653794e-07	-1.119628e-06	-9.801693e-07	10048
5500	2.216551e-07	-1.107896e-06	-9.354254e-07	14154
13756	2.215505e-07	-1.107891e-06	-9.354570e-07	14154
22012	2.214458e-07	-1.107885e-06	-9.354887e-07	14154
30268	2.213412e-07	-1.107879e-06	-9.355203e-07	14154
38524	2.212365e-07	-1.107873e-06	-9.355520e-07	14154
46780	2.211319e-07	-1.107867e-06	-9.355836e-07	14154
55036	2.210272e-07	-1.107861e-06	-9.356152e-07	14154
63292	2.209226e-07	-1.107856e-06	-9.356468e-07	14154
71548	2.208179e-07	-1.107850e-06	-9.356784e-07	14154
79804	2.207132e-07	-1.107844e-06	-9.357099e-07	14154
88060	2.206085e-07	-1.107838e-06	-9.357415e-07	14154
96316	2.205038e-07	-1.107833e-06	-9.357730e-07	14154
104572	2.203992e-07	-1.107827e-06	-9.358045e-07	14154
112828	2.202945e-07	-1.107821e-06	-9.358361e-07	14154
121084	2.201898e-07	-1.107815e-06	-9.358675e-07	14154
129340	2.200851e-07	-1.107809e-06	-9.358990e-07	14154
137596	2.199804e-07	-1.107804e-06	-9.359304e-07	14154
145852	2.198756e-07	-1.107798e-06	-9.359619e-07	14154
154108	2.197709e-07	-1.107792e-06	-9.359933e-07	14154
162364	2.196662e-07	-1.107786e-06	-9.360247e-07	14154
170620	2.195615e-07	-1.107780e-06	-9.360561e-07	14154
178876	2.194567e-07	-1.107775e-06	-9.360875e-07	14154
187132	2.193520e-07	-1.107769e-06	-9.361189e-07	14154
195388	2.192473e-07	-1.107763e-06	-9.361502e-07	14154
203644	2.191425e-07	-1.107757e-06	-9.361816e-07	14154
211900	2.190378e-07	-1.107752e-06	-9.362129e-07	14154
220156	2.189330e-07	-1.107746e-06	-9.362441e-07	14154
228412	2.188282e-07	-1.107740e-06	-9.362755e-07	14154
236668	2.187235e-07	-1.107735e-06	-9.363067e-07	14154
244924	2.186187e-07	-1.107729e-06	-9.363380e-07	14154
253180	2.185139e-07	-1.107723e-06	-9.363692e-07	14154
261436	2.184092e-07	-1.107717e-06	-9.364005e-07	14154
269692	2.183044e-07	-1.107712e-06	-9.364317e-07	14154
277948	2.181996e-07	-1.107706e-06	-9.364629e-07	14154
286204	2.180948e-07	-1.107700e-06	-9.364940e-07	14154
294460	2.179900e-07	-1.107694e-06	-9.365252e-07	14154
302716	2.178852e-07	-1.107689e-06	-9.365564e-07	14154
310972	2.177804e-07	-1.107683e-06	-9.365875e-07	14154
319228	2.176756e-07	-1.107677e-06	-9.366186e-07	14154
327484	2.175708e-07	-1.107671e-06	-9.366497e-07	14154
335740	2.174660e-07	-1.107666e-06	-9.366808e-07	14154
343996	2.173611e-07	-1.107660e-06	-9.367119e-07	14154
352252	2.172563e-07	-1.107654e-06	-9.367430e-07	14154
360508	2.171515e-07	-1.107649e-06	-9.367740e-07	14154
368764	2.170466e-07	-1.107643e-06	-9.368051e-07	14154
377020	2.169418e-07	-1.107637e-06	-9.368360e-07	14154
385276	2.168369e-07	-1.107632e-06	-9.368671e-07	14154
393532	2.167321e-07	-1.107626e-06	-9.368981e-07	14154
401788	2.166272e-07	-1.107620e-06	-9.369290e-07	14154
410044	2.165224e-07	-1.107614e-06	-9.369600e-07	14154
418300	2.164175e-07	-1.107609e-06	-9.369909e-07	14154
426556	2.163126e-07	-1.107603e-06	-9.370219e-07	14154
434812	2.162078e-07	-1.107598e-06	-9.370528e-07	14154
443068	2.161029e-07	-1.107592e-06	-9.370837e-07	14154
451324	2.159980e-07	-1.107586e-06	-9.371146e-07	14154
459580	2.158931e-07	-1.107580e-06	-9.371454e-07	14154
467836	2.157882e-07	-1.107575e-06	-9.371763e-07	14154
476092	2.156833e-07	-1.107569e-06	-9.372071e-07	14154
484348	2.155784e-07	-1.107563e-06	-9.372379e-07	14154
492604	2.154735e-07	-1.107558e-06	-9.372687e-07	14154
500860	2.153686e-07	-1.107552e-06	-9.372995e-07	14154
509116	2.152637e-07	-1.107546e-06	-9.373303e-07	14154
517372	2.151588e-07	-1.107541e-06	-9.373611e-07	14154
525628	2.150538e-07	-1.107535e-06	-9.373918e-07	14154
533884	2.149489e-07	-1.107530e-06	-9.374226e-07	14154
542140	2.148440e-07	-1.107524e-06	-9.374533e-07	14154
550396	2.147390e-07	-1.107518e-06	-9.374840e-07	14154
558652	2.146341e-07	-1.107513e-06	-9.375146e-07	14154
566908	2.145291e-07	-1.107507e-06	-9.375453e-07	14154
575164	2.144242e-07	-1.107501e-06	-9.375760e-07	14154
583420	2.143192e-07	-1.107496e-06	-9.376066e-07	14154
591676	2.142143e-07	-1.107490e-06	-9.376373e-07	14154
599932	2.141093e-07	-1.107485e-06	-9.376679e-07	14154
608188	2.140043e-07	-1.107479e-06	-9.376985e-07	14154
616444	2.138994e-07	-1.107473e-06	-9.377291e-07	14154
624700	2.137944e-07	-1.107468e-06	-9.377596e-07	14154
632956	2.136894e-07	-1.107462e-06	-9.377902e-07	14154
641212	2.135844e-07	-1.107456e-06	-9.378207e-07	14154
649468	2.134794e-07	-1.107451e-06	-9.378512e-07	14154
657724	2.133744e-07	-1.107445e-06	-9.378817e-07	14154
665980	2.132694e-07	-1.107440e-06	-9.379123e-07	14154
674236	2.131644e-07	-1.107434e-06	-9.379427e-07	14154
682492	2.130594e-07	-1.107428e-06	-9.379732e-07	14154
690748	2.129544e-07	-1.107423e-06	-9.380036e-07	14154
699004	2.128494e-07	-1.107417e-06	-9.380341e-07	14154
707260	2.127443e-07	-1.107412e-06	-9.380645e-07	14154
715516	2.126393e-07	-1.107406e-06	-9.380948e-07	14154
723772	2.125343e-07	-1.107401e-06	-9.381253e-07	14154
732028	2.124292e-07	-1.107395e-06	-9.381556e-07	14154
740284	2.123242e-07	-1.107389e-06	-9.381860e-07	14154
748540	2.122191e-07	-1.107384e-06	-9.382163e-07	14154
756796	2.121141e-07	-1.107378e-06	-9.382467e-07	14154
765052	2.120090e-07	-1.107373e-06	-9.382770e-07	14154
773308	2.119040e-07	-1.107367e-06	-9.383073e-07	14154
781564	2.117989e-07	-1.107362e-06	-9.383376e-07	14154
789820	2.116938e-07	-1.107356e-06	-9.383678e-07	14154
798076	2.115888e-07	-1.107350e-06	-9.383980e-07	14154
806332	2.114837e-07	-1.107345e-06	-9.384283e-07	14154
814588	2.113786e-07	-1.107339e-06	-9.384585e-07	14154
822844	2.112735e-07	-1.107334e-06	-9.384887e-07	14154
831100	2.111684e-07	-1.107328e-06	-9.385189e-07	14154
839356	2.110633e-07	-1.107323e-06	-9.385491e-07	14154
847612	2.109582e-07	-1.107317e-06	-9.385793e-07	14154
855868	2.108531e-07	-1.107312e-06	-9.386094e-07	14154
864124	2.107480e-07	-1.107306e-06	-9.386395e-07	14154
872380	2.106429e-07	-1.107301e-06	-9.386696e-07	14154
880636	2.105378e-07	-1.107295e-06	-9.386997e-07	14154
888892	2.104326e-07	-1.107290e-06	-9.387298e-07	14154
897148	2.103275e-07	-1.107284e-06	-9.387599e-07	14154
905404	2.102224e-07	-1.107279e-06	-9.387899e-07	14154
913660	2.101172e-07	-1.107273e-06	-9.388200e-07	14154
921916	2.100121e-07	-1.107268e-06	-9.388500e-07	14154
930172	2.099070e-07	-1.107262e-06	-9.388800e-07	14154
938428	2.098018e-07	-1.107257e-06	-9.389100e-07	14154
946684	2.096967e-07	-1.107251e-06	-9.389400e-07	14154
954940	2.095915e-07	-1.107246e-06	-9.389699e-07	14154
963196	2.094863e-07	-1.107240e-06	-9.389999e-07	14154
971452	2.093812e-07	-1.107235e-06	-9.390299e-07	14154
979708	2.092760e-07	-1.107229e-06	-9.390598e-07	14154
987964	2.091708e-07	-1.107224e-06	-9.390897e-07	14154
996220	2.090656e-07	-1.107218e-06	-9.391196e-07	14154
1004476	2.089605e-07	-1.107213e-06	-9.391494e-07	14154
1012732	2.088553e-07	-1.107207e-06	-9.391793e-07	14154
1020988	2.087501e-07	-1.107202e-06	-9.392091e-07	14154
1029244	2.086449e-07	-1.107196e-06	-9.392390e-07	14154
1037500	2.085397e-07	-1.107191e-06	-9.392688e-07	14154
1045756	2.084345e-07	-1.107185e-06	-9.392986e-07	14154
1054012	2.083292e-07	-1.107180e-06	-9.393283e-07	14154
1062268	2.082240e-07	-1.107174e-06	-9.393581e-07	14154
1070524	2.081188e-07	-1.107169e-06	-9.393879e-07	14154
1078780	2.080136e-07	-1.107163e-06	-9.394176e-07	14154
1087036	2.079084e-07	-1.107158e-06	-9.394473e-07	14154
1095292	2.078031e-07	-1.107152e-06	-9.394770e-07	14154
1103548	2.076979e-07	-1.107147e-06	-9.395067e-07	14154
1111804	2.075926e-07	-1.107142e-06	-9.395364e-07	14154
1120060	2.074874e-07	-1.107136e-06	-9.395661e-07	14154
1128316	2.073821e-07	-1.107131e-06	-9.395957e-07	14154
1136572	2.072769e-07	-1.107125e-06	-9.396254e-07	14154
1144828	2.071716e-07	-1.107120e-06	-9.396550e-07	14154
1153084	2.070663e-07	-1.107114e-06	-9.396846e-07	14154
1074	3.573426e-07	-1.102346e-06	-9.742570e-07	2391
9330	3.572322e-07	-1.102337e-06	-9.743081e-07	2391
17586	3.571219e-07	-1.102328e-06	-9.743593e-07	2391
25842	3.570115e-07	-1.102318e-06	-9.744103e-07	2391
34098	3.569011e-07	-1.102309e-06	-9.744615e-07	2391
42354	3.567907e-07	-1.102299e-06	-9.745125e-07	2391
50610	3.566803e-07	-1.102290e-06	-9.745636e-07	2391
58866	3.565700e-07	-1.102281e-06	-9.746146e-07	2391
67122	3.564595e-07	-1.102271e-06	-9.746657e-07	2391
75378	3.563491e-07	-1.102262e-06	-9.747166e-07	2391
83634	3.562387e-07	-1.102252e-06	-9.747677e-07	2391
91890	3.561283e-07	-1.102243e-06	-9.748186e-07	2391
100146	3.560178e-07	-1.102234e-06	-9.748696e-07	2391
108402	3.559074e-07	-1.102224e-06	-9.749206e-07	2391
116658	3.557969e-07	-1.102215e-06	-9.749715e-07	2391
124914	3.556865e-07	-1.102205e-06	-9.750224e-07	2391
133170	3.555760e-07	-1.102196e-06	-9.750732e-07	2391
141426	3.554655e-07	-1.102187e-06	-9.751242e-07	2391
149682	3.553550e-07	-1.102177e-06	-9.751750e-07	2391
157938	3.552445e-07	-1.102168e-06	-9.752259e-07	2391
166194	3.551341e-07	-1.102159e-06	-9.752767e-07	2391
174450	3.550236e-07	-1.102149e-06	-9.753276e-07	2391
182706	3.549130e-07	-1.102140e-06	-9.753784e-07	2391
190962	3.548025e-07	-1.102130e-06	-9.754291e-07	2391
199218	3.546920e-07	-1.102121e-06	-9.754799e-07	2391
207474	3.545814e-07	-1.102112e-06	-9.755306e-07	2391
215730	3.544709e-07	-1.102102e-06	-9.755814e-07	2391
223986	3.543603e-07	-1.102093e-06	-9.756321e-07	2391
232242	3.542498e-07	-1.102084e-06	-9.756828e-07	2391
240498	3.541392e-07	-1.102074e-06	-9.757335e-07	2391
248754	3.540287e-07	-1.102065e-06	-9.757842e-07	2391
257010	3.539181e-07	-1.102056e-06	-9.758348e-07	2391
265266	3.538075e-07	-1.102046e-06	-9.758855e-07	2391
273522	3.536969e-07	-1.102037e-06	-9.759361e-07	2391
281778	3.535863e-07	-1.102028e-06	-9.759867e-07	2391
290034	3.534757e-07	-1.102018e-06	-9.760373e-07	2391
298290	3.533650e-07	-1.102009e-06	-9.760879e-07	2391
306546	3.532544e-07	-1.102000e-06	-9.761385e-07	2391
314802	3.531438e-07	-1.101990e-06	-9.761891e-07	2391
323058	3.530331e-07	-1.101981e-06	-9.762396e-07	2391
331314	3.529225e-07	-1.101972e-06	-9.762900e-07	2391
339570	3.528118e-07	-1.101962e-06	-9.763406e-07	2391
347826	3.527012e-07	-1.101953e-06	-9.763911e-07	2391
356082	3.525905e-07	-1.101944e-06	-9.764416e-07	2391
364338	3.524798e-07	-1.101934e-06	-9.764919e-07	2391
372594	3.523691e-07	-1.101925e-06	-9.765424e-07	2391
380850	3.522584e-07	-1.101916e-06	-9.765929e-07	2391
389106	3.521477e-07	-1.101907e-06	-9.766433e-07	2391
397362	3.520370e-07	-1.101897e-06	-9.766936e-07	2391
405618	3.519263e-07	-1.101888e-06	-9.767440e-07	2391
413874	3.518156e-07	-1.101879e-06	-9.767944e-07	2391
422130	3.517048e-07	-1.101869e-06	-9.768447e-07	2391
430386	3.515941e-07	-1.101860e-06	-9.768951e-07	2391
438642	3.514834e-07	-1.101851e-06	-9.769453e-07	2391
446898	3.513726e-07	-1.101842e-06	-9.769957e-07	2391
455154	3.512619e-07	-1.101832e-06	-9.770459e-07	2391
463410	3.511511e-07	-1.101823e-06	-9.770962e-07	2391
471666	3.510403e-07	-1.101814e-06	-9.771464e-07	2391
479922	3.509295e-07	-1.101805e-06	-9.771967e-07	2391
488178	3.508187e-07	-1.101795e-06	-9.772469e-07	2391
496434	3.507079e-07	-1.101786e-06	-9.772971e-07	2391
504690	3.505971e-07	-1.101777e-06	-9.773473e-07	2391
512946	3.504863e-07	-1.101768e-06	-9.773975e-07	2391
521202	3.503755e-07	-1.101758e-06	-9.774476e-07	2391
529458	3.502647e-07	-1.101749e-06	-9.774977e-07	2391
537714	3.501538e-07	-1.101740e-06	-9.775479e-07	2391
545970	3.500430e-07	-1.101731e-06	-9.775980e-07	2391
554226	3.499321e-07	-1.101721e-06	-9.776480e-07	2391
562482	3.498213e-07	-1.101712e-06	-9.776982e-07	2391
570738	3.497104e-07	-1.101703e-06	-9.777482e-07	2391
578994	3.495995e-07	-1.101694e-06	-9.777982e-07	2391
587250	3.494887e-07	-1.101684e-06	-9.778482e-07	2391
595506	3.493778e-07	-1.101675e-06	-9.778983e-07	2391
603762	3.492669e-07	-1.101666e-06	-9.779483e-07	2391
612018	3.491560e-07	-1.101657e-06	-9.779983e-07	2391
620274	3.490451e-07	-1.101648e-06	-9.780482e-07	2391
628530	3.489342e-07	-1.101638e-06	-9.780981e-07	2391
636786	3.488232e-07	-1.101629e-06	-9.781481e-07	2391
645042	3.487123e-07	-1.101620e-06	-9.781980e-07	2391
653298	3.486013e-07	-1.101611e-06	-9.782478e-07	2391
661554	3.484904e-07	-1.101602e-06	-9.782977e-07	2391
669810	3.483794e-07	-1.101592e-06	-9.783477e-07	2391
678066	3.482685e-07	-1.101583e-06	-9.783975e-07	2391
686322	3.481575e-07	-1.101574e-06	-9.784474e-07	2391
694578	3.480465e-07	-1.101565e-06	-9.784972e-07	2391
702834	3.479356e-07	-1.101556e-06	-9.785470e-07	2391
711090	3.478246e-07	-1.101547e-06	-9.785967e-07	2391
719346	3.477136e-07	-1.101537e-06	-9.786465e-07	2391
727602	3.476026e-07	-1.101528e-06	-9.786962e-07	2391
735858	3.474916e-07	-1.101519e-06	-9.787460e-07	2391
744114	3.473805e-07	-1.101510e-06	-9.787957e-07	2391
752370	3.472695e-07	-1.101501e-06	-9.788454e-07	2391
760626	3.471584e-07	-1.101492e-06	-9.788952e-07	2391
768882	3.470474e-07	-1.101482e-06	-9.789449e-07	2391
777138	3.469364e-07	-1.101473e-06	-9.789944e-07	2391
785394	3.468253e-07	-1.101464e-06	-9.790441e-07	2391
793650	3.467142e-07	-1.101455e-06	-9.790938e-07	2391
801906	3.466032e-07	-1.101446e-06	-9.791434e-07	2391
810162	3.464921e-07	-1.101437e-06	-9.791929e-07	2391
818418	3.463810e-07	-1.101428e-06	-9.792425e-07	2391
826674	3.462699e-07	-1.101418e-06	-9.792921e-07	2391
834930	3.461588e-07	-1.101409e-06	-9.793416e-07	2391
843186	3.460477e-07	-1.101400e-06	-9.793912e-07	2391
851442	3.459366e-07	-1.101391e-06	-9.794406e-07	2391
859698	3.458254e-07	-1.101382e-06	-9.794902e-07	2391
867954	3.457143e-07	-1.101373e-06	-9.795397e-07	2391
876210	3.456032e-07	-1.101364e-06	-9.795891e-07	2391
884466	3.454920e-07	-1.101355e-06	-9.796386e-07	2391
892722	3.453809e-07	-1.101345e-06	-9.796880e-07	2391
900978	3.452697e-07	-1.101336e-06	-9.797375e-07	2391
909234	3.451586e-07	-1.101327e-06	-9.797868e-07	2391
917490	3.450474e-07	-1.101318e-06	-9.798363e-07	2391
925746	3.449362e-07	-1.101309e-06	-9.798856e-07	2391
934002	3.448250e-07	-1.101300e-06	-9.799350e-07	2391
942258	3.447138e-07	-1.101291e-06	-9.799843e-07	2391
950514	3.446026e-07	-1.101282e-06	-9.800336e-07	2391
958770	3.444914e-07	-1.101273e-06	-9.800830e-07	2391
967026	3.443802e-07	-1.101263e-06	-9.801322e-07	2391
975282	3.442690e-07	-1.101254e-06	-9.801815e-07	2391
983538	3.441577e-07	-1.101245e-06	-9.802308e-07	2391
991794	3.440465e-07	-1.101236e-06	-9.802800e-07	2391
1000050	3.439352e-07	-1.101227e-06	-9.803292e-07	2391
1008306	3.438240e-07	-1.101218e-06	-9.803784e-07	2391
1016562	3.437127e-07	-1.101209e-06	-9.804277e-07	2391
1024818	3.436014e-07	-1.101200e-06	-9.804768e-07	2391
1033074	3.434901e-07	-1.101191e-06	-9.805260e-07	2391
1041330	3.433789e-07	-1.101182e-06	-9.805751e-07	2391
1049586	3.432676e-07	-1.101173e-06	-9.806242e-07	2391
1057842	3.431563e-07	-1.101164e-06	-9.806733e-07	2391
1066098	3.430450e-07	-1.101155e-06	-9.807225e-07	2391
1074354	3.429336e-07	-1.101146e-06	-9.807716e-07	2391
1082610	3.428223e-07	-1.101137e-06	-9.808207e-07	2391
1090866	3.427110e-07	-1.101128e-06	-9.808697e-07	2391
1099122	3.425997e-07	-1.101119e-06	-9.809188e-07	2391
1107378	3.424883e-07	-1.101110e-06	-9.809678e-07	2391
1115634	3.423770e-07	-1.101100e-06	-9.810168e-07	2391
1123890	3.422656e-07	-1.101091e-06	-9.810658e-07	2391
1132146	3.421543e-07	-1.101082e-06	-9.811147e-07	2391
1140402	3.420429e-07	-1.101073e-06	-9.811637e-07	2391
1148658	3.419315e-07	-1.101064e-06	-9.812127e-07	2391
1311	3.879641e-07	-1.094813e-06	-9.785130e-07	2903
9567	3.878529e-07	-1.094802e-06	-9.785684e-07	2903
17823	3.877417e-07	-1.094792e-06	-9.786239e-07	2903
26079	3.876306e-07	-1.094782e-06	-9.786795e-07	2903
34335	3.875194e-07	-1.094772e-06	-9.787350e-07	2903
42591	3.874082e-07	-1.094761e-06	-9.787904e-07	2903
50847	3.872970e-07	-1.094751e-06	-9.788458e-07	2903
59103	3.871858e-07	-1.094741e-06	-9.789013e-07	2903
67359	3.870746e-07	-1.094731e-06	-9.789567e-07	2903
75615	3.869633e-07	-1.094721e-06	-9.790122e-07	2903
83871	3.868521e-07	-1.094710e-06	-9.790675e-07	2903
92127	3.867408e-07	-1.094700e-06	-9.791229e-07	2903
100383	3.866296e-07	-1.094690e-06	-9.791783e-07	2903
108639	3.865183e-07	-1.094680e-06	-9.792335e-07	2903
116895	3.864070e-07	-1.094670e-06	-9.792889e-07	2903
125151	3.862957e-07	-1.094659e-06	-9.793441e-07	2903
133407	3.861844e-07	-1.094649e-06	-9.793995e-07	2903
141663	3.860732e-07	-1.094639e-06	-9.794547e-07	2903
149919	3.859618e-07	-1.094629e-06	-9.795100e-07	2903
158175	3.858505e-07	-1.094618e-06	-9.795652e-07	2903
166431	3.857392e-07	-1.094608e-06	-9.796205e-07	2903
174687	3.856279e-07	-1.094598e-06	-9.796756e-07	2903
182943	3.855165e-07	-1.094588e-06	-9.797309e-07	2903
191199	3.854052e-07	-1.094578e-06	-9.797860e-07	2903
199455	3.852938e-07	-1.094568e-06	-9.798412e-07	2903
207711	3.851825e-07	-1.094557e-06	-9.798963e-07	2903
215967	3.850711e-07	-1.094547e-06	-9.799514e-07	2903
224223	3.849597e-07	-1.094537e-06	-9.800066e-07	2903
232479	3.848483e-07	-1.094527e-06	-9.800617e-07	2903
240735	3.847369e-07	-1.094517e-06	-9.801167e-07	2903
248991	3.846255e-07	-1.094507e-06	-9.801718e-07	2903
257247	3.845141e-07	-1.094496e-06	-9.802269e-07	2903
265503	3.844027e-07	-1.094486e-06	-9.802819e-07	2903
273759	3.842913e-07	-1.094476e-06	-9.803369e-07	2903
282015	3.841798e-07	-1.094466e-06	-9.803919e-07	2903
290271	3.840684e-07	-1.094456e-06	-9.804469e-07	2903
298527	3.839569e-07	-1.094446e-06	-9.805019e-07	2903
306783	3.838455e-07	-1.094436e-06	-9.805568e-07	2903
315039	3.837340e-07	-1.094426e-06	-9.806117e-07	2903
323295	3.836225e-07	-1.094415e-06	-9.806666e-07	2903
331551	3.835110e-07	-1.094405e-06	-9.807216e-07	2903
339807	3.833995e-07	-1.094395e-06	-9.807765e-07	2903
348063	3.832880e-07	-1.094385e-06	-9.808314e-07	2903
356319	3.831765e-07	-1.094375e-06	-9.808862e-07	2903
364575	3.830650e-07	-1.094365e-06	-9.809411e-07	2903
372831	3.829535e-07	-1.094355e-06	-9.809959e-07	2903
381087	3.828420e-07	-1.094345e-06	-9.810507e-07	2903
389343	3.827304e-07	-1.094334e-06	-9.811055e-07	2903
397599	3.826189e-07	-1.094324e-06	-9.811603e-07	2903
405855	3.825073e-07	-1.094314e-06	-9.812150e-07	2903
414111	3.823957e-07	-1.094304e-06	-9.812697e-07	2903
422367	3.822842e-07	-1.094294e-06	-9.813244e-07	2903
430623	3.821726e-07	-1.094284e-06	-9.813792e-07	2903
438879	3.820610e-07	-1.094274e-06	-9.814339e-07	2903
447135	3.819494e-07	-1.094264e-06	-9.814886e-07	2903
455391	3.818378e-07	-1.094254e-06	-9.815432e-07	2903
463647	3.817262e-07	-1.094244e-06	-9.815979e-07	2903
471903	3.816145e-07	-1.094234e-06	-9.816525e-07	2903
480159	3.815029e-07	-1.094224e-06	-9.817071e-07	2903
488415	3.813913e-07	-1.094213e-06	-9.817617e-07	2903
496671	3.812796e-07	-1.094203e-06	-9.818164e-07	2903
504927	3.811680e-07	-1.094193e-06	-9.818709e-07	2903
513183	3.810563e-07	-1.094183e-06	-9.819254e-07	2903
521439	3.809446e-07	-1.094173e-06	-9.819800e-07	2903
529695	3.808329e-07	-1.094163e-06	-9.820345e-07	2903
537951	3.807212e-07	-1.094153e-06	-9.820890e-07	2903
546207	3.806095e-07	-1.094143e-06	-9.821434e-07	2903
554463	3.804979e-07	-1.094133e-06	-9.821980e-07	2903
562719	3.803861e-07	-1.094123e-06	-9.822525e-07	2903
570975	3.802744e-07	-1.094113e-06	-9.823068e-07	2903
579231	3.801627e-07	-1.094103e-06	-9.823613e-07	2903
587487	3.800509e-07	-1.094093e-06	-9.824157e-07	2903
595743	3.799392e-07	-1.094083e-06	-9.824701e-07	2903
603999	3.798274e-07	-1.094073e-06	-9.825244e-07	2903
612255	3.797157e-07	-1.094063e-06	-9.825789e-07	2903
620511	3.796039e-07	-1.094053e-06	-9.826332e-07	2903
628767	3.794921e-07	-1.094043e-06	-9.826874e-07	2903
637023	3.793804e-07	-1.094033e-06	-9.827418e-07	2903
645279	3.792686e-07	-1.094023e-06	-9.827961e-07	2903
653535	3.791568e-07	-1.094013e-06	-9.828503e-07	2903
661791	3.790450e-07	-1.094003e-06	-9.829047e-07	2903
670047	3.789331e-07	-1.093993e-06	-9.829589e-07	2903
678303	3.788213e-07	-1.093983e-06	-9.830131e-07	2903
686559	3.787095e-07	-1.093973e-06	-9.830674e-07	2903
694815	3.785976e-07	-1.093963e-06	-9.831215e-07	2903
703071	3.784858e-07	-1.093953e-06	-9.831757e-07	2903
711327	3.783739e-07	-1.093943e-06	-9.832298e-07	2903
719583	3.782621e-07	-1.093933e-06	-9.832841e-07	2903
727839	3.781502e-07	-1.093923e-06	-9.833382e-07	2903
736095	3.780383e-07	-1.093913e-06	-9.833923e-07	2903
744351	3.779264e-07	-1.093903e-06	-9.834464e-07	2903
752607	3.778145e-07	-1.093893e-06	-9.835005e-07	2903
760863	3.777026e-07	-1.093883e-06	-9.835545e-07	2903
769119	3.775907e-07	-1.093873e-06	-9.836086e-07	2903
777375	3.774788e-07	-1.093863e-06	-9.836626e-07	2903
785631	3.773668e-07	-1.093853e-06	-9.837166e-07	2903
793887	3.772549e-07	-1.093843e-06	-9.837706e-07	2903
802143	3.771430e-07	-1.093833e-06	-9.838246e-07	2903
810399	3.770310e-07	-1.093823e-06	-9.838786e-07	2903
818655	3.769190e-07	-1.093813e-06	-9.839326e-07	2903
826911	3.768071e-07	-1.093803e-06	-9.839865e-07	2903
835167	3.766951e-07	-1.093793e-06	-9.840405e-07	2903
843423	3.765831e-07	-1.093783e-06	-9.840944e-07	2903
851679	3.764711e-07	-1.093773e-06	-9.841483e-07	2903
859935	3.763591e-07	-1.093763e-06	-9.842022e-07	2903
868191	3.762471e-07	-1.093753e-06	-9.842561e-07	2903
876447	3.761351e-07	-1.093744e-06	-9.843098e-07	2903
884703	3.760231e-07	-1.093734e-06	-9.843637e-07	2903
892959	3.759110e-07	-1.093724e-06	-9.844175e-07	2903
901215	3.757990e-07	-1.093714e-06	-9.844713e-07	2903
909471	3.756869e-07	-1.093704e-06	-9.845251e-07	2903
917727	3.755749e-07	-1.093694e-06	-9.845788e-07	2903
925983	3.754628e-07	-1.093684e-06	-9.846326e-07	2903
934239	3.753507e-07	-1.093674e-06	-9.846864e-07	2903
942495	3.752386e-07	-1.093664e-06	-9.847400e-07	2903
950751	3.751265e-07	-1.093654e-06	-9.847938e-07	2903
959007	3.750145e-07	-1.093644e-06	-9.848475e-07	2903
967263	3.749024e-07	-1.093635e-06	-9.849011e-07	2903
975519	3.747902e-07	-1.093625e-06	-9.849548e-07	2903
983775	3.746781e-07	-1.093615e-06	-9.850085e-07	2903
992031	3.745660e-07	-1.093605e-06	-9.850620e-07	2903
1000287	3.744539e-07	-1.093595e-06	-9.851157e-07	2903
1008543	3.743417e-07	-1.093585e-06	-9.851692e-07	2903
1016799	3.742296e-07	-1.093575e-06	-9.852229e-07	2903
1025055	3.741174e-07	-1.093565e-06	-9.852764e-07	2903
1033311	3.740052e-07	-1.093555e-06	-9.853300e-07	2903
1041567	3.738930e-07	-1.093546e-06	-9.853834e-07	2903
1049823	3.737809e-07	-1.093536e-06	-9.854369e-07	2903
1058079	3.736687e-07	-1.093526e-06	-9.854905e-07	2903
1066335	3.735565e-07	-1.093516e-06	-9.855439e-07	2903
1074591	3.734443e-07	-1.093506e-06	-9.855974e-07	2903
1082847	3.733320e-07	-1.093496e-06	-9.856508e-07	2903
1091103	3.732198e-07	-1.093486e-06	-9.857042e-07	2903
1099359	3.731076e-07	-1.093476e-06	-9.857577e-07	2903
1107615	3.729953e-07	-1.093467e-06	-9.858111e-07	2903
1115871	3.728831e-07	-1.093457e-06	-9.858644e-07	2903
1124127	3.727708e-07	-1.093447e-06	-9.859178e-07	2903
1132383	3.726586e-07	-1.093437e-06	-9.859712e-07	2903
1140639	3.725463e-07	-1.093427e-06	-9.860245e-07	2903
1148895	3.724340e-07	-1.093417e-06	-9.860778e-07	2903
1886	2.225974e-07	-1.089776e-06	-9.202568e-07	4183
10142	2.224945e-07	-1.089770e-06	-9.202885e-07	4183
18398	2.223915e-07	-1.089765e-06	-9.203204e-07	4183
26654	2.222886e-07	-1.089759e-06	-9.203521e-07	4183
34910	2.221856e-07	-1.089753e-06	-9.203839e-07	4183
43166	2.220827e-07	-1.089747e-06	-9.204157e-07	4183
51422	2.219797e-07	-1.089741e-06	-9.204474e-07	4183
59678	2.218767e-07	-1.089735e-06	-9.204791e-07	4183
67934	2.217738e-07	-1.089730e-06	-9.205108e-07	4183
76190	2.216708e-07	-1.089724e-06	-9.205426e-07	4183
84446	2.215678e-07	-1.089718e-06	-9.205742e-07	4183
92702	2.214648e-07	-1.089712e-06	-9.206059e-07	4183
100958	2.213618e-07	-1.089706e-06	-9.206375e-07	4183
109214	2.212588e-07	-1.089701e-06	-9.206692e-07	4183
117470	2.211558e-07	-1.089695e-06	-9.207008e-07	4183
125726	2.210528e-07	-1.089689e-06	-9.207324e-07	4183
133982	2.209498e-07	-1.089683e-06	-9.207640e-07	4183
142238	2.208467e-07	-1.089677e-06	-9.207956e-07	4183
150494	2.207437e-07	-1.089672e-06	-9.208272e-07	4183
158750	2.206407e-07	-1.089666e-06	-9.208587e-07	4183
167006	2.205376e-07	-1.089660e-06	-9.208903e-07	4183
175262	2.204346e-07	-1.089654e-06	-9.209218e-07	4183
183518	2.203316e-07	-1.089648e-06	-9.209533e-07	4183
191774	2.202285e-07	-1.089643e-06	-9.209847e-07	4183
200030	2.201255e-07	-1.089637e-06	-9.210162e-07	4183
208286	2.200224e-07	-1.089631e-06	-9.210477e-07	4183
216542	2.199193e-07	-1.089625e-06	-9.210792e-07	4183
224798	2.198163e-07	-1.089619e-06	-9.211106e-07	4183
233054	2.197132e-07	-1.089614e-06	-9.211420e-07	4183
241310	2.196101e-07	-1.089608e-06	-9.211734e-07	4183
249566	2.195070e-07	-1.089602e-06	-9.212048e-07	4183
257822	2.194040e-07	-1.089596e-06	-9.212362e-07	4183
266078	2.193009e-07	-1.089591e-06	-9.212675e-07	4183
274334	2.191978e-07	-1.089585e-06	-9.212989e-07	4183
282590	2.190947e-07	-1.089579e-06	-9.213302e-07	4183
290846	2.189916e-07	-1.089573e-06	-9.213615e-07	4183
299102	2.188885e-07	-1.089568e-06	-9.213928e-07	4183
307358	2.187853e-07	-1.089562e-06	-9.214241e-07	4183
315614	2.186822e-07	-1.089556e-06	-9.214554e-07	4183
323870	2.185791e-07	-1.089550e-06	-9.214866e-07	4183
332126	2.184760e-07	-1.089545e-06	-9.215179e-07	4183
340382	2.183728e-07	-1.089539e-06	-9.215491e-07	4183
348638	2.182697e-07	-1.089533e-06	-9.215803e-07	4183
356894	2.181666e-07	-1.089527e-06	-9.216115e-07	4183
365150	2.180634e-07	-1.089522e-06	-9.216427e-07	4183
373406	2.179603e-07	-1.089516e-06	-9.216739e-07	4183
381662	2.178571e-07	-1.089510e-06	-9.217050e-07	4183
389918	2.177539e-07	-1.089505e-06	-9.217361e-07	4183
398174	2.176508e-07	-1.089499e-06	-9.217673e-07	4183
406430	2.175476e-07	-1.089493e-06	-9.217983e-07	4183
414686	2.174444e-07	-1.089487e-06	-9.218294e-07	4183
422942	2.173413e-07	-1.089482e-06	-9.218605e-07	4183
431198	2.172381e-07	-1.089476e-06	-9.218916e-07	4183
439454	2.171349e-07	-1.089470e-06	-9.219226e-07	4183
447710	2.170317e-07	-1.089465e-06	-9.219536e-07	4183
455966	2.169285e-07	-1.089459e-06	-9.219847e-07	4183
464222	2.168253e-07	-1.089453e-06	-9.220157e-07	4183
472478	2.167221e-07	-1.089447e-06	-9.220467e-07	4183
480734	2.166189e-07	-1.089442e-06	-9.220776e-07	4183
488990	2.165157e-07	-1.089436e-06	-9.221086e-07	4183
497246	2.164124e-07	-1.089430e-06	-9.221395e-07	4183
505502	2.163092e-07	-1.089425e-06	-9.221705e-07	4183
513758	2.162060e-07	-1.089419e-06	-9.222014e-07	4183
522014	2.161028e-07	-1.089413e-06	-9.222323e-07	4183
530270	2.159995e-07	-1.089408e-06	-9.222632e-07	4183
538526	2.158963e-07	-1.089402e-06	-9.222940e-07	4183
546782	2.157930e-07	-1.089396e-06	-9.223249e-07	4183
555038	2.156898e-07	-1.089391e-06	-9.223558e-07	4183
563294	2.155865e-07	-1.089385e-06	-9.223866e-07	4183
571550	2.154833e-07	-1.089379e-06	-9.224174e-07	4183
579806	2.153800e-07	-1.089374e-06	-9.224482e-07	4183
588062	2.152767e-07	-1.089368e-06	-9.224789e-07	4183
596318	2.151734e-07	-1.089363e-06	-9.225097e-07	4183
604574	2.150702e-07	-1.089357e-06	-9.225405e-07	4183
612830	2.149669e-07	-1.089351e-06	-9.225712e-07	4183
621086	2.148636e-07	-1.089346e-06	-9.226019e-07	4183
629342	2.147603e-07	-1.089340e-06	-9.226326e-07	4183
637598	2.146570e-07	-1.089334e-06	-9.226633e-07	4183
645854	2.145537e-07	-1.089329e-06	-9.226940e-07	4183
654110	2.144504e-07	-1.089323e-06	-9.227247e-07	4183
662366	2.143471e-07	-1.089317e-06	-9.227553e-07	4183
670622	2.142438e-07	-1.089312e-06	-9.227859e-07	4183
678878	2.141404e-07	-1.089306e-06	-9.228166e-07	4183
687134	2.140371e-07	-1.089300e-06	-9.228472e-07	4183
695390	2.139338e-07	-1.089295e-06	-9.228777e-07	4183
703646	2.138305e-07	-1.089289e-06	-9.229083e-07	4183
711902	2.137271e-07	-1.089284e-06	-9.229389e-07	4183
720158	2.136238e-07	-1.089278e-06	-9.229694e-07	4183
728414	2.135204e-07	-1.089272e-06	-9.230000e-07	4183
736670	2.134171e-07	-1.089267e-06	-9.230305e-07	4183
744926	2.133137e-07	-1.089261e-06	-9.230610e-07	4183
753182	2.132104e-07	-1.089256e-06	-9.230915e-07	4183
761438	2.131070e-07	-1.089250e-06	-9.231219e-07	4183
769694	2.130036e-07	-1.089245e-06	-9.231524e-07	4183
777950	2.129002e-07	-1.089239e-06	-9.231828e-07	4183
786206	2.127969e-07	-1.089233e-06	-9.232132e-07	4183
794462	2.126935e-07	-1.089228e-06	-9.232436e-07	4183
802718	2.125901e-07	-1.089222e-06	-9.232741e-07	4183
810974	2.124867e-07	-1.089217e-06	-9.233045e-07	4183
819230	2.123833e-07	-1.089211e-06	-9.233348e-07	4183
827486	2.122799e-07	-1.089205e-06	-9.233652e-07	4183
835742	2.121765e-07	-1.089200e-06	-9.233955e-07	4183
843998	2.120731e-07	-1.089194e-06	-9.234258e-07	4183
852254	2.119697e-07	-1.089189e-06	-9.234561e-07	4183
860510	2.118663e-07	-1.089183e-06	-9.234864e-07	4183
868766	2.117628e-07	-1.089178e-06	-9.235167e-07	4183
877022	2.116594e-07	-1.089172e-06	-9.235470e-07	4183
885278	2.115560e-07	-1.089167e-06	-9.235772e-07	4183
893534	2.114525e-07	-1.089161e-06	-9.236074e-07	4183
901790	2.113491e-07	-1.089155e-06	-9.236376e-07	4183
910046	2.112456e-07	-1.089150e-06	-9.236679e-07	4183
918302	2.111422e-07	-1.089144e-06	-9.236981e-07	4183
926558	2.110387e-07	-1.089139e-06	-9.237282e-07	4183
934814	2.109353e-07	-1.089133e-06	-9.237584e-07	4183
943070	2.108318e-07	-1.089128e-06	-9.237885e-07	4183
951326	2.107283e-07	-1.089122e-06	-9.238187e-07	4183
959582	2.106249e-07	-1.089117e-06	-9.238487e-07	4183
967838	2.105214e-07	-1.089111e-06	-9.238789e-07	4183
976094	2.104179e-07	-1.089106e-06	-9.239089e-07	4183
984350	2.103144e-07	-1.089100e-06	-9.239390e-07	4183
992606	2.102109e-07	-1.089095e-06	-9.239691e-07	4183
1000862	2.101074e-07	-1.089089e-06	-9.239991e-07	4183
1009118	2.100039e-07	-1.089084e-06	-9.240291e-07	4183
1017374	2.099004e-07	-1.089078e-06	-9.240591e-07	4183
1025630	2.097969e-07	-1.089072e-06	-9.240891e-07	4183
1033886	2.096934e-07	-1.089067e-06	-9.241191e-07	4183
1042142	2.095899e-07	-1.089061e-06	-9.241491e-07	4183
1050398	2.094864e-07	-1.089056e-06	-9.241791e-07	4183
1058654	2.093828e-07	-1.089050e-06	-9.242090e-07	4183
1066910	2.092793e-07	-1.089045e-06	-9.242389e-07	4183
1075166	2.091758e-07	-1.089040e-06	-9.242688e-07	4183
1083422	2.090722e-07	-1.089034e-06	-9.242987e-07	4183
1091678	2.089687e-07	-1.089029e-06	-9.243286e-07	4183
1099934	2.088651e-07	-1.089023e-06	-9.243585e-07	4183
1108190	2.087616e-07	-1.089018e-06	-9.243883e-07	4183
1116446	2.086580e-07	-1.089012e-06	-9.244181e-07	4183
1124702	2.085545e-07	-1.089007e-06	-9.244479e-07	4183
1132958	2.084509e-07	-1.089001e-06	-9.244777e-07	4183
1141214	2.083473e-07	-1.088996e-06	-9.245075e-07	4183
1149470	2.082437e-07	-1.088990e-06	-9.245373e-07	4183
6501	3.404874e-07	-1.075950e-06	-9.504006e-07	18005
14757	3.403797e-07	-1.075941e-06	-9.504494e-07	18005
23013	3.402721e-07	-1.075932e-06	-9.504980e-07	18005
31269	3.401644e-07	-1.075923e-06	-9.505467e-07	18005
39525	3.400568e-07	-1.075914e-06	-9.505954e-07	18005
47781	3.399491e-07	-1.075905e-06	-9.506441e-07	18005
56037	3.398414e-07	-1.075896e-06	-9.506927e-07	18005
64293	3.397338e-07	-1.075887e-06	-9.507414e-07	18005
72549	3.396261e-07	-1.075878e-06	-9.507900e-07	18005
80805	3.395184e-07	-1.075869e-06	-9.508386e-07	18005
89061	3.394107e-07	-1.075860e-06	-9.508871e-07	18005
97317	3.393029e-07	-1.075851e-06	-9.509357e-07	18005
105573	3.391952e-07	-1.075842e-06	-9.509843e-07	18005
113829	3.390875e-07	-1.075833e-06	-9.510328e-07	18005
122085	3.389798e-07	-1.075824e-06	-9.510813e-07	18005
130341	3.388720e-07	-1.075815e-06	-9.511298e-07	18005
138597	3.387643e-07	-1.075806e-06	-9.511783e-07	18005
146853	3.386565e-07	-1.075798e-06	-9.512268e-07	18005
155109	3.385488e-07	-1.075789e-06	-9.512752e-07	18005
163365	3.384410e-07	-1.075780e-06	-9.513237e-07	18005
171621	3.383333e-07	-1.075771e-06	-9.513721e-07	18005
179877	3.382255e-07	-1.075762e-06	-9.514205e-07	18005
188133	3.381177e-07	-1.075753e-06	-9.514689e-07	18005
196389	3.380099e-07	-1.075744e-06	-9.515173e-07	18005
204645	3.379021e-07	-1.075735e-06	-9.515657e-07	18005
212901	3.377943e-07	-1.075726e-06	-9.516140e-07	18005
221157	3.376865e-07	-1.075717e-06	-9.516623e-07	18005
229413	3.375786e-07	-1.075708e-06	-9.517107e-07	18005
237669	3.374708e-07	-1.075699e-06	-9.517590e-07	18005
245925	3.373630e-07	-1.075691e-06	-9.518073e-07	18005
254181	3.372551e-07	-1.075682e-06	-9.518556e-07	18005
262437	3.371473e-07	-1.075673e-06	-9.519038e-07	18005
270693	3.370394e-07	-1.075664e-06	-9.519520e-07	18005
278949	3.369315e-07	-1.075655e-06	-9.520003e-07	18005
287205	3.368237e-07	-1.075646e-06	-9.520485e-07	18005
295461	3.367158e-07	-1.075637e-06	-9.520967e-07	18005
303717	3.366079e-07	-1.075628e-06	-9.521448e-07	18005
311973	3.365000e-07	-1.075619e-06	-9.521930e-07	18005
320229	3.363921e-07	-1.075610e-06	-9.522412e-07	18005
328485	3.362842e-07	-1.075602e-06	-9.522893e-07	18005
336741	3.361763e-07	-1.075593e-06	-9.523374e-07	18005
344997	3.360683e-07	-1.075584e-06	-9.523855e-07	18005
353253	3.359604e-07	-1.075575e-06	-9.524336e-07	18005
361509	3.358525e-07	-1.075566e-06	-9.524817e-07	18005
369765	3.357445e-07	-1.075557e-06	-9.525297e-07	18005
378021	3.356366e-07	-1.075549e-06	-9.525778e-07	18005
386277	3.355286e-07	-1.075540e-06	-9.526258e-07	18005
394533	3.354207e-07	-1.075531e-06	-9.526738e-07	18005
402789	3.353127e-07	-1.075522e-06	-9.527218e-07	18005
411045	3.352047e-07	-1.075513e-06	-9.527698e-07	18005
419301	3.350967e-07	-1.075504e-06	-9.528177e-07	18005
427557	3.349887e-07	-1.075495e-06	-9.528657e-07	18005
435813	3.348807e-07	-1.075487e-06	-9.529136e-07	18005
444069	3.347727e-07	-1.075478e-06	-9.529616e-07	18005
452325	3.346647e-07	-1.075469e-06	-9.530095e-07	18005
460581	3.345566e-07	-1.075460e-06	-9.530573e-07	18005
468837	3.344486e-07	-1.075451e-06	-9.531052e-07	18005
477093	3.343406e-07	-1.075442e-06	-9.531531e-07	18005
485349	3.342325e-07	-1.075434e-06	-9.532009e-07	18005
493605	3.341245e-07	-1.075425e-06	-9.532487e-07	18005
501861	3.340164e-07	-1.075416e-06	-9.532965e-07	18005
510117	3.339084e-07	-1.075407e-06	-9.533443e-07	18005
518373	3.338003e-07	-1.075398e-06	-9.533921e-07	18005
526629	3.336922e-07	-1.075390e-06	-9.534399e-07	18005
534885	3.335841e-07	-1.075381e-06	-9.534876e-07	18005
543141	3.334760e-07	-1.075372e-06	-9.535353e-07	18005
551397	3.333679e-07	-1.075363e-06	-9.535831e-07	18005
559653	3.332598e-07	-1.075354e-06	-9.536308e-07	18005
567909	3.331517e-07	-1.075346e-06	-9.536784e-07	18005
576165	3.330436e-07	-1.075337e-06	-9.537262e-07	18005
584421	3.329354e-07	-1.075328e-06	-9.537738e-07	18005
592677	3.328273e-07	-1.075319e-06	-9.538214e-07	18005
600933	3.327191e-07	-1.075310e-06	-9.538691e-07	18005
609189	3.326110e-07	-1.075302e-06	-9.539167e-07	18005
617445	3.325029e-07	-1.075293e-06	-9.539642e-07	18005
625701	3.323947e-07	-1.075284e-06	-9.540119e-07	18005
633957	3.322865e-07	-1.075275e-06	-9.540594e-07	18005
642213	3.321783e-07	-1.075267e-06	-9.541069e-07	18005
650469	3.320701e-07	-1.075258e-06	-9.541544e-07	18005
658725	3.319619e-07	-1.075249e-06	-9.542019e-07	18005
666981	3.318538e-07	-1.075240e-06	-9.542495e-07	18005
675237	3.317455e-07	-1.075232e-06	-9.542970e-07	18005
683493	3.316373e-07	-1.075223e-06	-9.543444e-07	18005
691749	3.315291e-07	-1.075214e-06	-9.543919e-07	18005
700005	3.314209e-07	-1.075205e-06	-9.544393e-07	18005
708261	3.313126e-07	-1.075197e-06	-9.544867e-07	18005
716517	3.312044e-07	-1.075188e-06	-9.545341e-07	18005
724773	3.310961e-07	-1.075179e-06	-9.545815e-07	18005
733029	3.309879e-07	-1.075171e-06	-9.546289e-07	18005
741285	3.308796e-07	-1.075162e-06	-9.546762e-07	18005
749541	3.307713e-07	-1.075153e-06	-9.547236e-07	18005
757797	3.306631e-07	-1.075144e-06	-9.547709e-07	18005
766053	3.305548e-07	-1.075136e-06	-9.548182e-07	18005
774309	3.304465e-07	-1.075127e-06	-9.548655e-07	18005
782565	3.303382e-07	-1.075118e-06	-9.549128e-07	18005
790821	3.302299e-07	-1.075109e-06	-9.549601e-07	18005
799077	3.301216e-07	-1.075101e-06	-9.550073e-07	18005
807333	3.300133e-07	-1.075092e-06	-9.550546e-07	18005
815589	3.299049e-07	-1.075083e-06	-9.551018e-07	18005
823845	3.297966e-07	-1.075075e-06	-9.551489e-07	18005
832101	3.296882e-07	-1.075066e-06	-9.551961e-07	18005
840357	3.295799e-07	-1.075057e-06	-9.552433e-07	18005
848613	3.294715e-07	-1.075049e-06	-9.552905e-07	18005
856869	3.293632e-07	-1.075040e-06	-9.553377e-07	18005
865125	3.292548e-07	-1.075031e-06	-9.553847e-07	18005
873381	3.291464e-07	-1.075023e-06	-9.554319e-07	18005
881637	3.290380e-07	-1.075014e-06	-9.554790e-07	18005
889893	3.289297e-07	-1.075005e-06	-9.555260e-07	18005
898149	3.288213e-07	-1.074996e-06	-9.555731e-07	18005
906405	3.287129e-07	-1.074988e-06	-9.556202e-07	18005
914661	3.286044e-07	-1.074979e-06	-9.556672e-07	18005
922917	3.284960e-07	-1.074971e-06	-9.557142e-07	18005
931173	3.283876e-07	-1.074962e-06	-9.557613e-07	18005
939429	3.282792e-07	-1.074953e-06	-9.558082e-07	18005
947685	3.281707e-07	-1.074945e-06	-9.558552e-07	18005
955941	3.280623e-07	-1.074936e-06	-9.559021e-07	18005
964197	3.279538e-07	-1.074927e-06	-9.559491e-07	18005
972453	3.278454e-07	-1.074919e-06	-9.559960e-07	18005
980709	3.277369e-07	-1.074910e-06	-9.560429e-07	18005
988965	3.276284e-07	-1.074901e-06	-9.560898e-07	18005
997221	3.275200e-07	-1.074893e-06	-9.561367e-07	18005
1005477	3.274115e-07	-1.074884e-06	-9.561835e-07	18005
1013733	3.273030e-07	-1.074875e-06	-9.562303e-07	18005
1021989	3.271945e-07	-1.074867e-06	-9.562772e-07	18005
1030245	3.270860e-07	-1.074858e-06	-9.563240e-07	18005
1038501	3.269774e-07	-1.074849e-06	-9.563709e-07	18005
1046757	3.268689e-07	-1.074841e-06	-9.564176e-07	18005
1055013	3.267604e-07	-1.074832e-06	-9.564644e-07	18005
1063269	3.266519e-07	-1.074824e-06	-9.565111e-07	18005
1071525	3.265433e-07	-1.074815e-06	-9.565579e-07	18005
1079781	3.264348e-07	-1.074806e-06	-9.566046e-07	18005
1088037	3.263262e-07	-1.074798e-06	-9.566513e-07	18005
1096293	3.262176e-07	-1.074789e-06	-9.566980e-07	18005
1104549	3.261091e-07	-1.074781e-06	-9.567447e-07	18005
1112805	3.260005e-07	-1.074772e-06	-9.567914e-07	18005
1121061	3.258919e-07	-1.074763e-06	-9.568380e-07	18005
1129317	3.257833e-07	-1.074755e-06	-9.568846e-07	18005
1137573	3.256747e-07	-1.074746e-06	-9.569312e-07	18005
1145829	3.255661e-07	-1.074738e-06	-9.569778e-07	18005
1154085	3.254575e-07	-1.074729e-06	-9.570244e-07	18005
7825	3.816941e-07	-1.054593e-06	-9.688893e-07	25704
16081	3.815832e-07	-1.054583e-06	-9.689439e-07	25704
24337	3.814724e-07	-1.054573e-06	-9.689985e-07	25704
32593	3.813615e-07	-1.054563e-06	-9.690531e-07	25704
40849	3.812506e-07	-1.054553e-06	-9.691076e-07	25704
49105	3.811397e-07	-1.054543e-06	-9.691622e-07	25704
57361	3.810288e-07	-1.054533e-06	-9.692168e-07	25704
65617	3.809179e-07	-1.054522e-06	-9.692714e-07	25704
73873	3.808070e-07	-1.054512e-06	-9.693259e-07	25704
82129	3.806961e-07	-1.054502e-06	-9.693804e-07	25704
90385	3.805852e-07	-1.054492e-06	-9.694348e-07	25704
98641	3.804742e-07	-1.054482e-06	-9.694893e-07	25704
106897	3.803633e-07	-1.054472e-06	-9.695437e-07	25704
115153	3.802523e-07	-1.054462e-06	-9.695982e-07	25704
123409	3.801414e-07	-1.054452e-06	-9.696527e-07	25704
131665	3.800304e-07	-1.054442e-06	-9.697071e-07	25704
139921	3.799194e-07	-1.054432e-06	-9.697615e-07	25704
148177	3.798084e-07	-1.054422e-06	-9.698158e-07	25704
156433	3.796974e-07	-1.054412e-06	-9.698701e-07	25704
164689	3.795864e-07	-1.054402e-06	-9.699245e-07	25704
172945	3.794754e-07	-1.054392e-06	-9.699788e-07	25704
181201	3.793644e-07	-1.054382e-06	-9.700332e-07	25704
189457	3.792534e-07	-1.054372e-06	-9.700875e-07	25704
197713	3.791423e-07	-1.054362e-06	-9.701417e-07	25704
205969	3.790313e-07	-1.054352e-06	-9.701961e-07	25704
214225	3.789202e-07	-1.054342e-06	-9.702503e-07	25704
222481	3.788092e-07	-1.054332e-06	-9.703045e-07	25704
230737	3.786981e-07	-1.054322e-06	-9.703588e-07	25704
238993	3.785870e-07	-1.054312e-06	-9.704129e-07	25704
247249	3.784760e-07	-1.054302e-06	-9.704671e-07	25704
255505	3.783649e-07	-1.054292e-06	-9.705213e-07	25704
263761	3.782538e-07	-1.054282e-06	-9.705755e-07	25704
272017	3.781427e-07	-1.054272e-06	-9.706296e-07	25704
280273	3.780315e-07	-1.054262e-06	-9.706837e-07	25704
288529	3.779204e-07	-1.054252e-06	-9.707378e-07	25704
296785	3.778093e-07	-1.054242e-06	-9.707919e-07	25704
305041	3.776981e-07	-1.054232e-06	-9.708460e-07	25704
313297	3.775870e-07	-1.054222e-06	-9.709000e-07	25704
321553	3.774758e-07	-1.054212e-06	-9.709540e-07	25704
329809	3.773647e-07	-1.054202e-06	-9.710081e-07	25704
338065	3.772535e-07	-1.054192e-06	-9.710621e-07	25704
346321	3.771423e-07	-1.054182e-06	-9.711162e-07	25704
354577	3.770311e-07	-1.054172e-06	-9.711700e-07	25704
362833	3.769199e-07	-1.054162e-06	-9.712240e-07	25704
371089	3.768087e-07	-1.054152e-06	-9.712780e-07	25704
379345	3.766975e-07	-1.054142e-06	-9.713319e-07	25704
387601	3.765863e-07	-1.054133e-06	-9.713858e-07	25704
395857	3.764751e-07	-1.054123e-06	-9.714397e-07	25704
404113	3.763638e-07	-1.054113e-06	-9.714936e-07	25704
412369	3.762526e-07	-1.054103e-06	-9.715475e-07	25704
420625	3.761413e-07	-1.054093e-06	-9.716014e-07	25704
428881	3.760301e-07	-1.054083e-06	-9.716551e-07	25704
437137	3.759188e-07	-1.054073e-06	-9.717090e-07	25704
445393	3.758075e-07	-1.054063e-06	-9.717628e-07	25704
453649	3.756963e-07	-1.054053e-06	-9.718166e-07	25704
461905	3.755850e-07	-1.054043e-06	-9.718703e-07	25704
470161	3.754737e-07	-1.054033e-06	-9.719241e-07	25704
478417	3.753624e-07	-1.054023e-06	-9.719779e-07	25704
486673	3.752510e-07	-1.054013e-06	-9.720316e-07	25704
494929	3.751397e-07	-1.054004e-06	-9.720853e-07	25704
503185	3.750284e-07	-1.053994e-06	-9.721390e-07	25704
511441	3.749171e-07	-1.053984e-06	-9.721927e-07	25704
519697	3.748057e-07	-1.053974e-06	-9.722463e-07	25704
527953	3.746943e-07	-1.053964e-06	-9.723000e-07	25704
536209	3.745830e-07	-1.053954e-06	-9.723536e-07	25704
544465	3.744716e-07	-1.053944e-06	-9.724072e-07	25704
552721	3.743602e-07	-1.053934e-06	-9.724608e-07	25704
560977	3.742489e-07	-1.053924e-06	-9.725144e-07	25704
569233	3.741374e-07	-1.053915e-06	-9.725679e-07	25704
577489	3.740261e-07	-1.053905e-06	-9.726215e-07	25704
585745	3.739146e-07	-1.053895e-06	-9.726750e-07	25704
594001	3.738032e-07	-1.053885e-06	-9.727286e-07	25704
602257	3.736918e-07	-1.053875e-06	-9.727820e-07	25704
610513	3.735803e-07	-1.053865e-06	-9.728356e-07	25704
618769	3.734689e-07	-1.053855e-06	-9.728890e-07	25704
627025	3.733575e-07	-1.053845e-06	-9.729424e-07	25704
635281	3.732460e-07	-1.053836e-06	-9.729958e-07	25704
643537	3.731346e-07	-1.053826e-06	-9.730493e-07	25704
651793	3.730231e-07	-1.053816e-06	-9.731027e-07	25704
660049	3.729116e-07	-1.053806e-06	-9.731560e-07	25704
668305	3.728001e-07	-1.053796e-06	-9.732095e-07	25704
676561	3.726886e-07	-1.053786e-06	-9.732628e-07	25704
684817	3.725771e-07	-1.053777e-06	-9.733161e-07	25704
693073	3.724656e-07	-1.053767e-06	-9.733695e-07	25704
701329	3.723541e-07	-1.053757e-06	-9.734227e-07	25704
709585	3.722425e-07	-1.053747e-06	-9.734761e-07	25704
717841	3.721310e-07	-1.053737e-06	-9.735294e-07	25704
726097	3.720195e-07	-1.053727e-06	-9.735826e-07	25704
734353	3.719079e-07	-1.053718e-06	-9.736359e-07	25704
742609	3.717963e-07	-1.053708e-06	-9.736891e-07	25704
750865	3.716848e-07	-1.053698e-06	-9.737423e-07	25704
759121	3.715732e-07	-1.053688e-06	-9.737955e-07	25704
767377	3.714616e-07	-1.053678e-06	-9.738487e-07	25704
775633	3.713500e-07	-1.053669e-06	-9.739018e-07	25704
783889	3.712384e-07	-1.053659e-06	-9.739550e-07	25704
792145	3.711268e-07	-1.053649e-06	-9.740081e-07	25704
800401	3.710152e-07	-1.053639e-06	-9.740612e-07	25704
808657	3.709036e-07	-1.053629e-06	-9.741143e-07	25704
816913	3.707919e-07	-1.053620e-06	-9.741674e-07	25704
825169	3.706803e-07	-1.053610e-06	-9.742205e-07	25704
833425	3.705686e-07	-1.053600e-06	-9.742736e-07	25704
841681	3.704570e-07	-1.053590e-06	-9.743266e-07	25704
849937	3.703453e-07	-1.053580e-06	-9.743796e-07	25704
858193	3.702336e-07	-1.053571e-06	-9.744326e-07	25704
866449	3.701220e-07	-1.053561e-06	-9.744856e-07	25704
874705	3.700103e-07	-1.053551e-06	-9.745386e-07	25704
882961	3.698986e-07	-1.053541e-06	-9.745916e-07	25704
891217	3.697869e-07	-1.053532e-06	-9.746444e-07	25704
899473	3.696752e-07	-1.053522e-06	-9.746974e-07	25704
907729	3.695635e-07	-1.053512e-06	-9.747503e-07	25704
915985	3.694517e-07	-1.053502e-06	-9.748032e-07	25704
924241	3.693400e-07	-1.053493e-06	-9.748561e-07	25704
932497	3.692282e-07	-1.053483e-06	-9.749090e-07	25704
940753	3.691165e-07	-1.053473e-06	-9.749617e-07	25704
949009	3.690047e-07	-1.053463e-06	-9.750146e-07	25704
957265	3.688930e-07	-1.053454e-06	-9.750675e-07	25704
965521	3.687812e-07	-1.053444e-06	-9.751202e-07	25704
973777	3.686694e-07	-1.053434e-06	-9.751730e-07	25704
982033	3.685576e-07	-1.053425e-06	-9.752257e-07	25704
990289	3.684458e-07	-1.053415e-06	-9.752785e-07	25704
998545	3.683340e-07	-1.053405e-06	-9.753312e-07	25704
1006801	3.682222e-07	-1.053395e-06	-9.753840e-07	25704
1015057	3.681104e-07	-1.053386e-06	-9.754366e-07	25704
1023313	3.679986e-07	-1.053376e-06	-9.754893e-07	25704
1031569	3.678867e-07	-1.053366e-06	-9.755420e-07	25704
1039825	3.677749e-07	-1.053356e-06	-9.755946e-07	25704
1048081	3.676630e-07	-1.053347e-06	-9.756473e-07	25704
1056337	3.675512e-07	-1.053337e-06	-9.756999e-07	25704
1064593	3.674393e-07	-1.053327e-06	-9.757525e-07	25704
1072849	3.673274e-07	-1.053318e-06	-9.758051e-07	25704
1081105	3.672156e-07	-1.053308e-06	-9.758577e-07	25704
1089361	3.671037e-07	-1.053298e-06	-9.759102e-07	25704
1097617	3.669918e-07	-1.053289e-06	-9.759627e-07	25704
1105873	3.668798e-07	-1.053279e-06	-9.760153e-07	25704
1114129	3.667679e-07	-1.053269e-06	-9.760678e-07	25704
1122385	3.666560e-07	-1.053260e-06	-9.761203e-07	25704
1130641	3.665441e-07	-1.053250e-06	-9.761727e-07	25704
1138897	3.664321e-07	-1.053240e-06	-9.762252e-07	25704
1147153	3.663202e-07	-1.053231e-06	-9.762776e-07	25704
1155409	3.662082e-07	-1.053221e-06	-9.763301e-07	25704
5728	2.267326e-07	-1.001054e-06	-8.532593e-07	14934
13984	2.266369e-07	-1.001048e-06	-8.532918e-07	14934
22240	2.265412e-07	-1.001042e-06	-8.533242e-07	14934
30496	2.264455e-07	-1.001036e-06	-8.533566e-07	14934
38752	2.263497e-07	-1.001030e-06	-8.533889e-07	14934
47008	2.262540e-07	-1.001024e-06	-8.534213e-07	14934
55264	2.261583e-07	-1.001018e-06	-8.534537e-07	14934
63520	2.260626e-07	-1.001012e-06	-8.534860e-07	14934
71776	2.259668e-07	-1.001006e-06	-8.535183e-07	14934
80032	2.258711e-07	-1.001000e-06	-8.535506e-07	14934
88288	2.257754e-07	-1.000994e-06	-8.535829e-07	14934
96544	2.256796e-07	-1.000989e-06	-8.536152e-07	14934
104800	2.255838e-07	-1.000983e-06	-8.536475e-07	14934
113056	2.254881e-07	-1.000977e-06	-8.536797e-07	14934
121312	2.253923e-07	-1.000971e-06	-8.537119e-07	14934
129568	2.252966e-07	-1.000965e-06	-8.537442e-07	14934
137824	2.252008e-07	-1.000959e-06	-8.537764e-07	14934
146080	2.251050e-07	-1.000953e-06	-8.538086e-07	14934
154336	2.250092e-07	-1.000947e-06	-8.538408e-07	14934
162592	2.249134e-07	-1.000941e-06	-8.538730e-07	14934
170848	2.248177e-07	-1.000935e-06	-8.539051e-07	14934
179104	2.247219e-07	-1.000929e-06	-8.539373e-07	14934
187360	2.246260e-07	-1.000923e-06	-8.539694e-07	14934
195616	2.245302e-07	-1.000917e-06	-8.540015e-07	14934
203872	2.244344e-07	-1.000912e-06	-8.540336e-07	14934
212128	2.243386e-07	-1.000906e-06	-8.540657e-07	14934
220384	2.242428e-07	-1.000900e-06	-8.540977e-07	14934
228640	2.241470e-07	-1.000894e-06	-8.541298e-07	14934
236896	2.240511e-07	-1.000888e-06	-8.541618e-07	14934
245152	2.239553e-07	-1.000882e-06	-8.541939e-07	14934
253408	2.238595e-07	-1.000876e-06	-8.542259e-07	14934
261664	2.237636e-07	-1.000870e-06	-8.542579e-07	14934
269920	2.236678e-07	-1.000864e-06	-8.542899e-07	14934
278176	2.235719e-07	-1.000859e-06	-8.543219e-07	14934
286432	2.234761e-07	-1.000853e-06	-8.543539e-07	14934
294688	2.233802e-07	-1.000847e-06	-8.543858e-07	14934
302944	2.232843e-07	-1.000841e-06	-8.544177e-07	14934
311200	2.231885e-07	-1.000835e-06	-8.544496e-07	14934
319456	2.230926e-07	-1.000829e-06	-8.544816e-07	14934
327712	2.229967e-07	-1.000823e-06	-8.545135e-07	14934
335968	2.229008e-07	-1.000818e-06	-8.545454e-07	14934
344224	2.228049e-07	-1.000812e-06	-8.545772e-07	14934
352480	2.227090e-07	-1.000806e-06	-8.546091e-07	14934
360736	2.226131e-07	-1.000800e-06	-8.546409e-07	14934
368992	2.225172e-07	-1.000794e-06	-8.546727e-07	14934
377248	2.224213e-07	-1.000788e-06	-8.547045e-07	14934
385504	2.223254e-07	-1.000782e-06	-8.547364e-07	14934
393760	2.222295e-07	-1.000777e-06	-8.547681e-07	14934
402016	2.221336e-07	-1.000771e-06	-8.547999e-07	14934
410272	2.220376e-07	-1.000765e-06	-8.548316e-07	14934
418528	2.219417e-07	-1.000759e-06	-8.548634e-07	14934
426784	2.218458e-07	-1.000753e-06	-8.548951e-07	14934
435040	2.217498e-07	-1.000747e-06	-8.549268e-07	14934
443296	2.216539e-07	-1.000742e-06	-8.549586e-07	14934
451552	2.215579e-07	-1.000736e-06	-8.549902e-07	14934
459808	2.214619e-07	-1.000730e-06	-8.550219e-07	14934
468064	2.213660e-07	-1.000724e-06	-8.550536e-07	14934
476320	2.212700e-07	-1.000718e-06	-8.550852e-07	14934
484576	2.211740e-07	-1.000712e-06	-8.551169e-07	14934
492832	2.210781e-07	-1.000707e-06	-8.551485e-07	14934
501088	2.209821e-07	-1.000701e-06	-8.551801e-07	14934
509344	2.208861e-07	-1.000695e-06	-8.552117e-07	14934
517600	2.207901e-07	-1.000689e-06	-8.552432e-07	14934
525856	2.206941e-07	-1.000683e-06	-8.552748e-07	14934
534112	2.205981e-07	-1.000678e-06	-8.553064e-07	14934
542368	2.205021e-07	-1.000672e-06	-8.553379e-07	14934
550624	2.204061e-07	-1.000666e-06	-8.553694e-07	14934
558880	2.203101e-07	-1.000660e-06	-8.554009e-07	14934
567136	2.202141e-07	-1.000654e-06	-8.554325e-07	14934
575392	2.201181e-07	-1.000649e-06	-8.554639e-07	14934
583648	2.200220e-07	-1.000643e-06	-8.554954e-07	14934
591904	2.199260e-07	-1.000637e-06	-8.555268e-07	14934
600160	2.198300e-07	-1.000631e-06	-8.555583e-07	14934
608416	2.197339e-07	-1.000626e-06	-8.555897e-07	14934
616672	2.196379e-07	-1.000620e-06	-8.556211e-07	14934
624928	2.195418e-07	-1.000614e-06	-8.556525e-07	14934
633184	2.194458e-07	-1.000608e-06	-8.556839e-07	14934
641440	2.193497e-07	-1.000602e-06	-8.557153e-07	14934
649696	2.192536e-07	-1.000597e-06	-8.557466e-07	14934
657952	2.191576e-07	-1.000591e-06	-8.557780e-07	14934
666208	2.190615e-07	-1.000585e-06	-8.558093e-07	14934
674464	2.189654e-07	-1.000579e-06	-8.558407e-07	14934
682720	2.188693e-07	-1.000574e-06	-8.558719e-07	14934
690976	2.187732e-07	-1.000568e-06	-8.559032e-07	14934
699232	2.186771e-07	-1.000562e-06	-8.559345e-07	14934
707488	2.185811e-07	-1.000556e-06	-8.559658e-07	14934
715744	2.184850e-07	-1.000551e-06	-8.559970e-07	14934
724000	2.183888e-07	-1.000545e-06	-8.560282e-07	14934
732256	2.182927e-07	-1.000539e-06	-8.560594e-07	14934
740512	2.181966e-07	-1.000533e-06	-8.560907e-07	14934
748768	2.181005e-07	-1.000528e-06	-8.561219e-07	14934
757024	2.180044e-07	-1.000522e-06	-8.561531e-07	14934
765280	2.179082e-07	-1.000516e-06	-8.561842e-07	14934
773536	2.178121e-07	-1.000511e-06	-8.562154e-07	14934
781792	2.177160e-07	-1.000505e-06	-8.562465e-07	14934
790048	2.176198e-07	-1.000499e-06	-8.562776e-07	14934
798304	2.175237e-07	-1.000493e-06	-8.563088e-07	14934
806560	2.174275e-07	-1.000488e-06	-8.563399e-07	14934
814816	2.173314e-07	-1.000482e-06	-8.563709e-07	14934
823072	2.172352e-07	-1.000476e-06	-8.564020e-07	14934
831328	2.171390e-07	-1.000471e-06	-8.564330e-07	14934
839584	2.170429e-07	-1.000465e-06	-8.564641e-07	14934
847840	2.169467e-07	-1.000459e-06	-8.564951e-07	14934
856096	2.168505e-07	-1.000453e-06	-8.565261e-07	14934
864352	2.167543e-07	-1.000448e-06	-8.565571e-07	14934
872608	2.166581e-07	-1.000442e-06	-8.565881e-07	14934
880864	2.165619e-07	-1.000436e-06	-8.566191e-07	14934
889120	2.164657e-07	-1.000431e-06	-8.566500e-07	14934
897376	2.163695e-07	-1.000425e-06	-8.566810e-07	14934
905632	2.162733e-07	-1.000419e-06	-8.567119e-07	14934
913888	2.161771e-07	-1.000414e-06	-8.567428e-07	14934
922144	2.160809e-07	-1.000408e-06	-8.567737e-07	14934
930400	2.159847e-07	-1.000402e-06	-8.568046e-07	14934
938656	2.158884e-07	-1.000397e-06	-8.568355e-07	14934
946912	2.157922e-07	-1.000391e-06	-8.568664e-07	14934
955168	2.156960e-07	-1.000385e-06	-8.568972e-07	14934
963424	2.155997e-07	-1.000380e-06	-8.569281e-07	14934
971680	2.155035e-07	-1.000374e-06	-8.569589e-07	14934
979936	2.154073e-07	-1.000368e-06	-8.569897e-07	14934
988192	2.153110e-07	-1.000363e-06	-8.570205e-07	14934
996448	2.152147e-07	-1.000357e-06	-8.570512e-07	14934
1004704	2.151185e-07	-1.000351e-06	-8.570820e-07	14934
1012960	2.150222e-07	-1.000346e-06	-8.571128e-07	14934
1021216	2.149259e-07	-1.000340e-06	-8.571435e-07	14934
1029472	2.148297e-07	-1.000334e-06	-8.571743e-07	14934
1037728	2.147334e-07	-1.000329e-06	-8.572050e-07	14934
1045984	2.146371e-07	-1.000323e-06	-8.572356e-07	14934
1054240	2.145408e-07	-1.000317e-06	-8.572663e-07	14934
1062496	2.144445e-07	-1.000312e-06	-8.572970e-07	14934
1070752	2.143482e-07	-1.000306e-06	-8.573276e-07	14934
1079008	2.142519e-07	-1.000300e-06	-8.573583e-07	14934
1087264	2.141556e-07	-1.000295e-06	-8.573889e-07	14934
1095520	2.140593e-07	-1.000289e-06	-8.574195e-07	14934
1103776	2.139630e-07	-1.000284e-06	-8.574501e-07	14934
1112032	2.138666e-07	-1.000278e-06	-8.574807e-07	14934
1120288	2.137703e-07	-1.000272e-06	-8.575113e-07	14934
1128544	2.136740e-07	-1.000267e-06	-8.575419e-07	14934
1136800	2.135776e-07	-1.000261e-06	-8.575724e-07	14934
1145056	2.134813e-07	-1.000256e-06	-8.576029e-07	14934
1153312	2.133850e-07	-1.000250e-06	-8.576334e-07	14934
5179	9.179963e-08	-9.960569e-07	-8.193631e-07	13111
13435	9.170866e-08	-9.960545e-07	-8.193762e-07	13111
21691	9.161769e-08	-9.960521e-07	-8.193892e-07	13111
29947	9.152672e-08	-9.960497e-07	-8.194023e-07	13111
38203	9.143574e-08	-9.960474e-07	-8.194153e-07	13111
46459	9.134476e-08	-9.960451e-07	-8.194284e-07	13111
54715	9.125377e-08	-9.960427e-07	-8.194413e-07	13111
62971	9.116279e-08	-9.960403e-07	-8.194543e-07	13111
71227	9.107180e-08	-9.960380e-07	-8.194673e-07	13111
79483	9.098082e-08	-9.960356e-07	-8.194802e-07	13111
87739	9.088983e-08	-9.960332e-07	-8.194932e-07	13111
95995	9.079884e-08	-9.960310e-07	-8.195062e-07	13111
104251	9.070784e-08	-9.960286e-07	-8.195191e-07	13111
112507	9.061685e-08	-9.960262e-07	-8.195320e-07	13111
120763	9.052585e-08	-9.960239e-07	-8.195449e-07	13111
129019	9.043485e-08	-9.960215e-07	-8.195578e-07	13111
137275	9.034385e-08	-9.960193e-07	-8.195707e-07	13111
145531	9.025285e-08	-9.960169e-07	-8.195835e-07	13111
153787	9.016185e-08	-9.960146e-07	-8.195964e-07	13111
162043	9.007084e-08	-9.960122e-07	-8.196092e-07	13111
170299	8.997983e-08	-9.960099e-07	-8.196220e-07	13111
178555	8.988882e-08	-9.960075e-07	-8.196349e-07	13111
186811	8.979781e-08	-9.960053e-07	-8.196477e-07	13111
195067	8.970679e-08	-9.960029e-07	-8.196604e-07	13111
203323	8.961577e-08	-9.960006e-07	-8.196732e-07	13111
211579	8.952476e-08	-9.959983e-07	-8.196860e-07	13111
219835	8.943374e-08	-9.959959e-07	-8.196987e-07	13111
228091	8.934272e-08	-9.959937e-07	-8.197114e-07	13111
236347	8.925169e-08	-9.959914e-07	-8.197242e-07	13111
244603	8.916067e-08	-9.959891e-07	-8.197368e-07	13111
252859	8.906964e-08	-9.959867e-07	-8.197495e-07	13111
261115	8.897861e-08	-9.959845e-07	-8.197622e-07	13111
269371	8.888758e-08	-9.959822e-07	-8.197749e-07	13111
277627	8.879655e-08	-9.959799e-07	-8.197875e-07	13111
285883	8.870551e-08	-9.959776e-07	-8.198002e-07	13111
294139	8.861448e-08	-9.959753e-07	-8.198128e-07	13111
302395	8.852344e-08	-9.959730e-07	-8.198254e-07	13111
310651	8.843240e-08	-9.959707e-07	-8.198380e-07	13111
318907	8.834136e-08	-9.959684e-07	-8.198506e-07	13111
327163	8.825031e-08	-9.959662e-07	-8.198631e-07	13111
335419	8.815927e-08	-9.959639e-07	-8.198757e-07	13111
343675	8.806822e-08	-9.959616e-07	-8.198883e-07	13111
351931	8.797717e-08	-9.959593e-07	-8.199008e-07	13111
360187	8.788611e-08	-9.959571e-07	-8.199133e-07	13111
368443	8.779507e-08	-9.959548e-07	-8.199258e-07	13111
376699	8.770401e-08	-9.959525e-07	-8.199384e-07	13111
384955	8.761295e-08	-9.959502e-07	-8.199508e-07	13111
393211	8.752189e-08	-9.959481e-07	-8.199633e-07	13111
401467	8.743083e-08	-9.959458e-07	-8.199758e-07	13111
409723	8.733976e-08	-9.959435e-07	-8.199882e-07	13111
417979	8.724870e-08	-9.959413e-07	-8.200006e-07	13111
426235	8.715764e-08	-9.959390e-07	-8.200130e-07	13111
434491	8.706657e-08	-9.959367e-07	-8.200254e-07	13111
442747	8.697550e-08	-9.959346e-07	-8.200378e-07	13111
451003	8.688443e-08	-9.959323e-07	-8.200502e-07	13111
459259	8.679335e-08	-9.959300e-07	-8.200626e-07	13111
467515	8.670228e-08	-9.959278e-07	-8.200749e-07	13111
475771	8.661120e-08	-9.959256e-07	-8.200873e-07	13111
484027	8.652012e-08	-9.959233e-07	-8.200996e-07	13111
492283	8.642904e-08	-9.959211e-07	-8.201119e-07	13111
500539	8.633796e-08	-9.959189e-07	-8.201242e-07	13111
508795	8.624687e-08	-9.959167e-07	-8.201365e-07	13111
517051	8.615579e-08	-9.959144e-07	-8.201488e-07	13111
525307	8.606469e-08	-9.959122e-07	-8.201610e-07	13111
533563	8.597360e-08	-9.959100e-07	-8.201733e-07	13111
541819	8.588251e-08	-9.959077e-07	-8.201855e-07	13111
550075	8.579142e-08	-9.959056e-07	-8.201977e-07	13111
558331	8.570032e-08	-9.959034e-07	-8.202099e-07	13111
566587	8.560923e-08	-9.959011e-07	-8.202221e-07	13111
574843	8.551812e-08	-9.958990e-07	-8.202343e-07	13111
583099	8.542703e-08	-9.958967e-07	-8.202465e-07	13111
591355	8.533593e-08	-9.958945e-07	-8.202587e-07	13111
599611	8.524482e-08	-9.958924e-07	-8.202708e-07	13111
607867	8.515372e-08	-9.958901e-07	-8.202829e-07	13111
616123	8.506260e-08	-9.958879e-07	-8.202950e-07	13111
624379	8.497150e-08	-9.958858e-07	-8.203072e-07	13111
632635	8.488038e-08	-9.958835e-07	-8.203192e-07	13111
640891	8.478927e-08	-9.958814e-07	-8.203313e-07	13111
649147	8.469815e-08	-9.958792e-07	-8.203434e-07	13111
657403	8.460704e-08	-9.958770e-07	-8.203554e-07	13111
665659	8.451592e-08	-9.958749e-07	-8.203675e-07	13111
673915	8.442480e-08	-9.958726e-07	-8.203795e-07	13111
682171	8.433367e-08	-9.958704e-07	-8.203915e-07	13111
690427	8.424255e-08	-9.958683e-07	-8.204035e-07	13111
698683	8.415142e-08	-9.958661e-07	-8.204155e-07	13111
706939	8.406030e-08	-9.958640e-07	-8.204274e-07	13111
715195	8.396916e-08	-9.958618e-07	-8.204394e-07	13111
723451	8.387804e-08	-9.958596e-07	-8.204514e-07	13111
731707	8.378690e-08	-9.958575e-07	-8.204633e-07	13111
739963	8.369577e-08	-9.958553e-07	-8.204752e-07	13111
748219	8.360463e-08	-9.958532e-07	-8.204871e-07	13111
756475	8.351349e-08	-9.958510e-07	-8.204990e-07	13111
764731	8.342235e-08	-9.958488e-07	-8.205109e-07	13111
772987	8.333121e-08	-9.958467e-07	-8.205228e-07	13111
781243	8.324007e-08	-9.958445e-07	-8.205346e-07	13111
789499	8.314892e-08	-9.958425e-07	-8.205465e-07	13111
797755	8.305777e-08	-9.958403e-07	-8.205583e-07	13111
806011	8.296662e-08	-9.958381e-07	-8.205701e-07	13111
814267	8.287547e-08	-9.958360e-07	-8.205819e-07	13111
822523	8.278432e-08	-9.958338e-07	-8.205937e-07	13111
830779	8.269316e-08	-9.958318e-07	-8.206055e-07	13111
839035	8.260201e-08	-9.958296e-07	-8.206172e-07	13111
847291	8.251085e-08	-9.958275e-07	-8.206290e-07	13111
855547	8.241969e-08	-9.958254e-07	-8.206407e-07	13111
863803	8.232853e-08	-9.958233e-07	-8.206525e-07	13111
872059	8.223737e-08	-9.958211e-07	-8.206642e-07	13111
880315	8.214620e-08	-9.958191e-07	-8.206758e-07	13111
888571	8.205504e-08	-9.958169e-07	-8.206875e-07	13111
896827	8.196387e-08	-9.958147e-07	-8.206992e-07	13111
905083	8.187270e-08	-9.958127e-07	-8.207109e-07	13111
913339	8.178153e-08	-9.958105e-07	-8.207225e-07	13111
921595	8.169035e-08	-9.958085e-07	-8.207342e-07	13111
929851	8.159918e-08	-9.958063e-07	-8.207458e-07	13111
938107	8.150800e-08	-9.958043e-07	-8.207574e-07	13111
946363	8.141682e-08	-9.958021e-07	-8.207690e-07	13111
954619	8.132564e-08	-9.958001e-07	-8.207805e-07	13111
962875	8.123446e-08	-9.957980e-07	-8.207921e-07	13111
971131	8.114328e-08	-9.957959e-07	-8.208037e-07	13111
979387	8.105209e-08	-9.957938e-07	-8.208152e-07	13111
987643	8.096090e-08	-9.957918e-07	-8.208268e-07	13111
995899	8.086972e-08	-9.957896e-07	-8.208383e-07	13111
1004155	8.077853e-08	-9.957876e-07	-8.208498e-07	13111
1012411	8.068734e-08	-9.957855e-07	-8.208613e-07	13111
1020667	8.059614e-08	-9.957834e-07	-8.208727e-07	13111
1028923	8.050495e-08	-9.957813e-07	-8.208842e-07	13111
1037179	8.041375e-08	-9.957793e-07	-8.208957e-07	13111
1045435	8.032255e-08	-9.957772e-07	-8.209071e-07	13111
1053691	8.023135e-08	-9.957752e-07	-8.209185e-07	13111
1061947	8.014015e-08	-9.957730e-07	-8.209299e-07	13111
1070203	8.004894e-08	-9.957710e-07	-8.209414e-07	13111
1078459	7.995774e-08	-9.957689e-07	-8.209527e-07	13111
1086715	7.986652e-08	-9.957669e-07	-8.209641e-07	13111
1094971	7.977532e-08	-9.957648e-07	-8.209755e-07	13111
1103227	7.968411e-08	-9.957628e-07	-8.209868e-07	13111
1111483	7.959289e-08	-9.957607e-07	-8.209981e-07	13111
1119739	7.950168e-08	-9.957587e-07	-8.210095e-07	13111
1127995	7.941046e-08	-9.957566e-07	-8.210208e-07	13111
1136251	7.931925e-08	-9.957546e-07	-8.210320e-07	13111
1144507	7.922803e-08	-9.957525e-07	-8.210433e-07	13111
3916	1.396115e-07	-9.772717e-07	-8.220987e-07	9283
12172	1.395196e-07	-9.772681e-07	-8.221186e-07	9283
20428	1.394277e-07	-9.772644e-07	-8.221386e-07	9283
28684	1.393359e-07	-9.772608e-07	-8.221585e-07	9283
36940	1.392440e-07	-9.772572e-07	-8.221784e-07	9283
45196	1.391521e-07	-9.772535e-07	-8.221982e-07	9283
53452	1.390602e-07	-9.772499e-07	-8.222181e-07	9283
61708	1.389683e-07	-9.772463e-07	-8.222380e-07	9283
69964	1.388765e-07	-9.772426e-07	-8.222578e-07	9283
78220	1.387846e-07	-9.772390e-07	-8.222776e-07	9283
86476	1.386927e-07	-9.772353e-07	-8.222974e-07	9283
94732	1.386008e-07	-9.772317e-07	-8.223172e-07	9283
102988	1.385089e-07	-9.772281e-07	-8.223370e-07	9283
111244	1.384170e-07	-9.772245e-07	-8.223568e-07	9283
119500	1.383251e-07	-9.772209e-07	-8.223765e-07	9283
127756	1.382332e-07	-9.772173e-07	-8.223963e-07	9283
136012	1.381413e-07	-9.772136e-07	-8.224160e-07	9283
144268	1.380494e-07	-9.772101e-07	-8.224357e-07	9283
152524	1.379574e-07	-9.772065e-07	-8.224554e-07	9283
160780	1.378655e-07	-9.772028e-07	-8.224751e-07	9283
169036	1.377736e-07	-9.771993e-07	-8.224948e-07	9283
177292	1.376817e-07	-9.771957e-07	-8.225144e-07	9283
185548	1.375898e-07	-9.771921e-07	-8.225341e-07	9283
193804	1.374978e-07	-9.771885e-07	-8.225537e-07	9283
202060	1.374059e-07	-9.771849e-07	-8.225733e-07	9283
210316	1.373140e-07	-9.771813e-07	-8.225929e-07	9283
218572	1.372220e-07	-9.771777e-07	-8.226125e-07	9283
226828	1.371301e-07	-9.771742e-07	-8.226322e-07	9283
235084	1.370381e-07	-9.771705e-07	-8.226517e-07	9283
243340	1.369462e-07	-9.771670e-07	-8.226713e-07	9283
251596	1.368542e-07	-9.771634e-07	-8.226908e-07	9283
259852	1.367623e-07	-9.771599e-07	-8.227104e-07	9283
268108	1.366703e-07	-9.771563e-07	-8.227299e-07	9283
276364	1.365784e-07	-9.771527e-07	-8.227494e-07	9283
284620	1.364864e-07	-9.771492e-07	-8.227689e-07	9283
292876	1.363944e-07	-9.771456e-07	-8.227884e-07	9283
301132	1.363025e-07	-9.771420e-07	-8.228078e-07	9283
309388	1.362105e-07	-9.771385e-07	-8.228272e-07	9283
317644	1.361185e-07	-9.771350e-07	-8.228467e-07	9283
325900	1.360266e-07	-9.771314e-07	-8.228661e-07	9283
334156	1.359346e-07	-9.771278e-07	-8.228856e-07	9283
342412	1.358426e-07	-9.771243e-07	-8.229050e-07	9283
350668	1.357506e-07	-9.771207e-07	-8.229243e-07	9283
358924	1.356586e-07	-9.771172e-07	-8.229437e-07	9283
367180	1.355666e-07	-9.771137e-07	-8.229630e-07	9283
375436	1.354747e-07	-9.771102e-07	-8.229824e-07	9283
383692	1.353826e-07	-9.771067e-07	-8.230018e-07	9283
391948	1.352907e-07	-9.771031e-07	-8.230211e-07	9283
400204	1.351986e-07	-9.770995e-07	-8.230404e-07	9283
408460	1.351066e-07	-9.770960e-07	-8.230597e-07	9283
416716	1.350146e-07	-9.770924e-07	-8.230789e-07	9283
424972	1.349226e-07	-9.770889e-07	-8.230982e-07	9283
433228	1.348306e-07	-9.770855e-07	-8.231175e-07	9283
441484	1.347386e-07	-9.770820e-07	-8.231367e-07	9283
449740	1.346466e-07	-9.770785e-07	-8.231559e-07	9283
457996	1.345546e-07	-9.770749e-07	-8.231752e-07	9283
466252	1.344625e-07	-9.770714e-07	-8.231943e-07	9283
474508	1.343705e-07	-9.770679e-07	-8.232136e-07	9283
482764	1.342785e-07	-9.770644e-07	-8.232327e-07	9283
491020	1.341865e-07	-9.770608e-07	-8.232519e-07	9283
499276	1.340944e-07	-9.770574e-07	-8.232710e-07	9283
507532	1.340024e-07	-9.770539e-07	-8.232902e-07	9283
515788	1.339103e-07	-9.770504e-07	-8.233093e-07	9283
524044	1.338183e-07	-9.770469e-07	-8.233284e-07	9283
532300	1.337262e-07	-9.770434e-07	-8.233475e-07	9283
540556	1.336342e-07	-9.770399e-07	-8.233666e-07	9283
548812	1.335421e-07	-9.770364e-07	-8.233857e-07	9283
557068	1.334501e-07	-9.770330e-07	-8.234047e-07	9283
565324	1.333580e-07	-9.770295e-07	-8.234238e-07	9283
573580	1.332660e-07	-9.770260e-07	-8.234428e-07	9283
581836	1.331739e-07	-9.770225e-07	-8.234618e-07	9283
590092	1.330818e-07	-9.770191e-07	-8.234808e-07	9283
598348	1.329898e-07	-9.770156e-07	-8.234998e-07	9283
606604	1.328977e-07	-9.770121e-07	-8.235187e-07	9283
614860	1.328056e-07	-9.770087e-07	-8.235377e-07	9283
623116	1.327135e-07	-9.770052e-07	-8.235567e-07	9283
631372	1.326215e-07	-9.770017e-07	-8.235756e-07	9283
639628	1.325294e-07	-9.769983e-07	-8.235946e-07	9283
647884	1.324373e-07	-9.769948e-07	-8.236134e-07	9283
656140	1.323452e-07	-9.769914e-07	-8.236324e-07	9283
664396	1.322531e-07	-9.769880e-07	-8.236512e-07	9283
672652	1.321610e-07	-9.769844e-07	-8.236701e-07	9283
680908	1.320689e-07	-9.769810e-07	-8.236890e-07	9283
689164	1.319768e-07	-9.769776e-07	-8.237078e-07	9283
697420	1.318847e-07	-9.769741e-07	-8.237267e-07	9283
705676	1.317926e-07	-9.769707e-07	-8.237455e-07	9283
713932	1.317005e-07	-9.769673e-07	-8.237643e-07	9283
722188	1.316084e-07	-9.769639e-07	-8.237831e-07	9283
730444	1.315163e-07	-9.769605e-07	-8.238018e-07	9283
738700	1.314241e-07	-9.769569e-07	-8.238206e-07	9283
746956	1.313320e-07	-9.769535e-07	-8.238394e-07	9283
755212	1.312399e-07	-9.769501e-07	-8.238581e-07	9283
763468	1.311478e-07	-9.769467e-07	-8.238769e-07	9283
771724	1.310557e-07	-9.769433e-07	-8.238956e-07	9283
779980	1.309635e-07	-9.769399e-07	-8.239143e-07	9283
788236	1.308714e-07	-9.769365e-07	-8.239330e-07	9283
796492	1.307792e-07	-9.769331e-07	-8.239516e-07	9283
804748	1.306871e-07	-9.769296e-07	-8.239703e-07	9283
813004	1.305950e-07	-9.769262e-07	-8.239889e-07	9283
821260	1.305028e-07	-9.769228e-07	-8.240075e-07	9283
829516	1.304107e-07	-9.769194e-07	-8.240262e-07	9283
837772	1.303185e-07	-9.769160e-07	-8.240448e-07	9283
846028	1.302264e-07	-9.769126e-07	-8.240634e-07	9283
854284	1.301342e-07	-9.769093e-07	-8.240820e-07	9283
862540	1.300421e-07	-9.769059e-07	-8.241005e-07	9283
870796	1.299499e-07	-9.769025e-07	-8.241191e-07	9283
879052	1.298577e-07	-9.768991e-07	-8.241376e-07	9283
887308	1.297656e-07	-9.768956e-07	-8.241561e-07	9283
895564	1.296734e-07	-9.768924e-07	-8.241747e-07	9283
903820	1.295812e-07	-9.768889e-07	-8.241932e-07	9283
912076	1.294890e-07	-9.768855e-07	-8.242117e-07	9283
920332	1.293969e-07	-9.768821e-07	-8.242301e-07	9283
928588	1.293047e-07	-9.768788e-07	-8.242486e-07	9283
936844	1.292125e-07	-9.768754e-07	-8.242670e-07	9283
945100	1.291203e-07	-9.768721e-07	-8.242855e-07	9283
953356	1.290281e-07	-9.768687e-07	-8.243039e-07	9283
961612	1.289359e-07	-9.768653e-07	-8.243223e-07	9283
969868	1.288437e-07	-9.768620e-07	-8.243407e-07	9283
978124	1.287515e-07	-9.768586e-07	-8.243591e-07	9283
986380	1.286593e-07	-9.768553e-07	-8.243775e-07	9283
994636	1.285671e-07	-9.768519e-07	-8.243958e-07	9283
1002892	1.284749e-07	-9.768486e-07	-8.244141e-07	9283
1011148	1.283827e-07	-9.768452e-07	-8.244325e-07	9283
1019404	1.282905e-07	-9.768419e-07	-8.244508e-07	9283
1027660	1.281983e-07	-9.768386e-07	-8.244691e-07	9283
1035916	1.281061e-07	-9.768352e-07	-8.244874e-07	9283
1044172	1.280139e-07	-9.768319e-07	-8.245057e-07	9283
1052428	1.279217e-07	-9.768286e-07	-8.245240e-07	9283
1060684	1.278294e-07	-9.768252e-07	-8.245422e-07	9283
1068940	1.277372e-07	-9.768219e-07	-8.245605e-07	9283
1077196	1.276450e-07	-9.768186e-07	-8.245786e-07	9283
1085452	1.275527e-07	-9.768152e-07	-8.245969e-07	9283
1093708	1.274605e-07	-9.768119e-07	-8.246151e-07	9283
1101964	1.273683e-07	-9.768086e-07	-8.246333e-07	9283
1110220	1.272760e-07	-9.768053e-07	-8.246514e-07	9283
1118476	1.271838e-07	-9.768020e-07	-8.246696e-07	9283
1126732	1.270915e-07	-9.767986e-07	-8.246877e-07	9283
1134988	1.269993e-07	-9.767953e-07	-8.247059e-07	9283
1143244	1.269070e-07	-9.767920e-07	-8.247240e-07	9283
1151500	1.268148e-07	-9.767887e-07	-8.247421e-07	9283
3918	3.093415e-07	-9.754510e-07	-8.794730e-07	9285
12174	3.092414e-07	-9.754428e-07	-8.795172e-07	9285
20430	3.091412e-07	-9.754347e-07	-8.795615e-07	9285
28686	3.090411e-07	-9.754265e-07	-8.796057e-07	9285
36942	3.089409e-07	-9.754184e-07	-8.796499e-07	9285
45198	3.088407e-07	-9.754102e-07	-8.796941e-07	9285
53454	3.087406e-07	-9.754021e-07	-8.797383e-07	9285
61710	3.086404e-07	-9.753940e-07	-8.797825e-07	9285
69966	3.085402e-07	-9.753858e-07	-8.798266e-07	9285
78222	3.084400e-07	-9.753777e-07	-8.798708e-07	9285
86478	3.083398e-07	-9.753695e-07	-8.799149e-07	9285
94734	3.082396e-07	-9.753614e-07	-8.799591e-07	9285
102990	3.081394e-07	-9.753533e-07	-8.800031e-07	9285
111246	3.080391e-07	-9.753452e-07	-8.800473e-07	9285
119502	3.079389e-07	-9.753370e-07	-8.800914e-07	9285
127758	3.078387e-07	-9.753289e-07	-8.801354e-07	9285
136014	3.077384e-07	-9.753207e-07	-8.801795e-07	9285
144270	3.076382e-07	-9.753127e-07	-8.802235e-07	9285
152526	3.075380e-07	-9.753046e-07	-8.802675e-07	9285
160782	3.074377e-07	-9.752964e-07	-8.803115e-07	9285
169038	3.073374e-07	-9.752883e-07	-8.803555e-07	9285
177294	3.072371e-07	-9.752803e-07	-8.803995e-07	9285
185550	3.071369e-07	-9.752721e-07	-8.804435e-07	9285
193806	3.070366e-07	-9.752640e-07	-8.804874e-07	9285
202062	3.069363e-07	-9.752559e-07	-8.805313e-07	9285
210318	3.068360e-07	-9.752479e-07	-8.805753e-07	9285
218574	3.067357e-07	-9.752398e-07	-8.806192e-07	9285
226830	3.066354e-07	-9.752317e-07	-8.806630e-07	9285
235086	3.065351e-07	-9.752235e-07	-8.807069e-07	9285
243342	3.064347e-07	-9.752155e-07	-8.807508e-07	9285
251598	3.063344e-07	-9.752074e-07	-8.807946e-07	9285
259854	3.062341e-07	-9.751993e-07	-8.808385e-07	9285
268110	3.061337e-07	-9.751913e-07	-8.808823e-07	9285
276366	3.060334e-07	-9.751832e-07	-8.809261e-07	9285
284622	3.059330e-07	-9.751751e-07	-8.809699e-07	9285
292878	3.058327e-07	-9.751670e-07	-8.810136e-07	9285
301134	3.057323e-07	-9.751590e-07	-8.810574e-07	9285
309390	3.056319e-07	-9.751509e-07	-8.811011e-07	9285
317646	3.055315e-07	-9.751429e-07	-8.811449e-07	9285
325902	3.054311e-07	-9.751349e-07	-8.811886e-07	9285
334158	3.053307e-07	-9.751268e-07	-8.812323e-07	9285
342414	3.052303e-07	-9.751187e-07	-8.812760e-07	9285
350670	3.051299e-07	-9.751107e-07	-8.813197e-07	9285
358926	3.050295e-07	-9.751026e-07	-8.813633e-07	9285
367182	3.049291e-07	-9.750946e-07	-8.814070e-07	9285
375438	3.048287e-07	-9.750866e-07	-8.814506e-07	9285
383694	3.047282e-07	-9.750785e-07	-8.814943e-07	9285
391950	3.046278e-07	-9.750705e-07	-8.815379e-07	9285
400206	3.045273e-07	-9.750624e-07	-8.815814e-07	9285
408462	3.044269e-07	-9.750544e-07	-8.816250e-07	9285
416718	3.043264e-07	-9.750464e-07	-8.816685e-07	9285
424974	3.042259e-07	-9.750383e-07	-8.817121e-07	9285
433230	3.041255e-07	-9.750304e-07	-8.817556e-07	9285
441486	3.040250e-07	-9.750223e-07	-8.817992e-07	9285
449742	3.039245e-07	-9.750144e-07	-8.818427e-07	9285
457998	3.038240e-07	-9.750063e-07	-8.818861e-07	9285
466254	3.037235e-07	-9.749983e-07	-8.819296e-07	9285
474510	3.036230e-07	-9.749903e-07	-8.819731e-07	9285
482766	3.035225e-07	-9.749823e-07	-8.820165e-07	9285
491022	3.034220e-07	-9.749742e-07	-8.820600e-07	9285
499278	3.033214e-07	-9.749663e-07	-8.821033e-07	9285
507534	3.032209e-07	-9.749583e-07	-8.821468e-07	9285
515790	3.031204e-07	-9.749502e-07	-8.821901e-07	9285
524046	3.030198e-07	-9.749423e-07	-8.822335e-07	9285
532302	3.029193e-07	-9.749343e-07	-8.822769e-07	9285
3909	3.808848e-07	-9.749305e-07	-9.035381e-07	9276
540558	3.028187e-07	-9.749264e-07	-8.823203e-07	9285
12165	3.807812e-07	-9.749203e-07	-9.035926e-07	9276
548814	3.027181e-07	-9.749183e-07	-8.823636e-07	9285
20421	3.806776e-07	-9.749103e-07	-9.036472e-07	9276
557070	3.026176e-07	-9.749103e-07	-8.824069e-07	9285
565326	3.025170e-07	-9.749024e-07	-8.824502e-07	9285
28677	3.805740e-07	-9.749002e-07	-9.037016e-07	9276
573582	3.024164e-07	-9.748944e-07	-8.824935e-07	9285
36933	3.804704e-07	-9.748902e-07	-9.037561e-07	9276
581838	3.023158e-07	-9.748865e-07	-8.825367e-07	9285
45189	3.803667e-07	-9.748802e-07	-9.038106e-07	9276
590094	3.022152e-07	-9.748785e-07	-8.825800e-07	9285
598350	3.021146e-07	-9.748704e-07	-8.826232e-07	9285
53445	3.802631e-07	-9.748701e-07	-9.038650e-07	9276
606606	3.020140e-07	-9.748625e-07	-8.826665e-07	9285
61701	3.801594e-07	-9.748601e-07	-9.039194e-07	9276
614862	3.019134e-07	-9.748545e-07	-8.827097e-07	9285
69957	3.800558e-07	-9.748500e-07	-9.039739e-07	9276
623118	3.018128e-07	-9.748466e-07	-8.827529e-07	9285
78213	3.799521e-07	-9.748400e-07	-9.040283e-07	9276
631374	3.017122e-07	-9.748386e-07	-8.827960e-07	9285
639630	3.016115e-07	-9.748306e-07	-8.828392e-07	9285
86469	3.798484e-07	-9.748300e-07	-9.040827e-07	9276
647886	3.015109e-07	-9.748227e-07	-8.828824e-07	9285
94725	3.797447e-07	-9.748200e-07	-9.041370e-07	9276
656142	3.014102e-07	-9.748148e-07	-8.829255e-07	9285
102981	3.796410e-07	-9.748098e-07	-9.041914e-07	9276
664398	3.013096e-07	-9.748069e-07	-8.829687e-07	9285
111237	3.795373e-07	-9.747998e-07	-9.042458e-07	9276
672654	3.012089e-07	-9.747989e-07	-8.830118e-07	9285
680910	3.011083e-07	-9.747910e-07	-8.830548e-07	9285
119493	3.794336e-07	-9.747898e-07	-9.043001e-07	9276
689166	3.010076e-07	-9.747830e-07	-8.830979e-07	9285
127749	3.793299e-07	-9.747798e-07	-9.043544e-07	9276
697422	3.009069e-07	-9.747750e-07	-8.831410e-07	9285
136005	3.792262e-07	-9.747698e-07	-9.044087e-07	9276
705678	3.008062e-07	-9.747671e-07	-8.831840e-07	9285
144261	3.791224e-07	-9.747598e-07	-9.044630e-07	9276
713934	3.007055e-07	-9.747592e-07	-8.832271e-07	9285
722190	3.006048e-07	-9.747513e-07	-8.832702e-07	9285
152517	3.790187e-07	-9.747498e-07	-9.045173e-07	9276
730446	3.005041e-07	-9.747433e-07	-8.833131e-07	9285
160773	3.789149e-07	-9.747398e-07	-9.045715e-07	9276
738702	3.004034e-07	-9.747355e-07	-8.833562e-07	9285
169029	3.788112e-07	-9.747298e-07	-9.046257e-07	9276
746958	3.003027e-07	-9.747275e-07	-8.833991e-07	9285
177285	3.787074e-07	-9.747198e-07	-9.046800e-07	9276
755214	3.002019e-07	-9.747196e-07	-8.834421e-07	9285
763470	3.001012e-07	-9.747117e-07	-8.834850e-07	9285
185541	3.786036e-07	-9.747098e-07	-9.047342e-07	9276
771726	3.000005e-07	-9.747038e-07	-8.835280e-07	9285
193797	3.784998e-07	-9.746998e-07	-9.047884e-07	9276
779982	2.998997e-07	-9.746959e-07	-8.835709e-07	9285
202053	3.783960e-07	-9.746898e-07	-9.048426e-07	9276
788238	2.997990e-07	-9.746880e-07	-8.836138e-07	9285
796494	2.996983e-07	-9.746800e-07	-8.836567e-07	9285
210309	3.782922e-07	-9.746798e-07	-9.048968e-07	9276
804750	2.995975e-07	-9.746722e-07	-8.836996e-07	9285
218565	3.781884e-07	-9.746698e-07	-9.049509e-07	9276
813006	2.994967e-07	-9.746643e-07	-8.837425e-07	9285
226821	3.780846e-07	-9.746598e-07	-9.050050e-07	9276
821262	2.993959e-07	-9.746564e-07	-8.837853e-07	9285
235077	3.779808e-07	-9.746498e-07	-9.050592e-07	9276
829518	2.992952e-07	-9.746485e-07	-8.838281e-07	9285
837774	2.991944e-07	-9.746406e-07	-8.838710e-07	9285
243333	3.778770e-07	-9.746398e-07	-9.051133e-07	9276
846030	2.990936e-07	-9.746327e-07	-8.839138e-07	9285
251589	3.777731e-07	-9.746299e-07	-9.051673e-07	9276
854286	2.989928e-07	-9.746249e-07	-8.839566e-07	9285
259845	3.776693e-07	-9.746199e-07	-9.052214e-07	9276
862542	2.988920e-07	-9.746169e-07	-8.839993e-07	9285
268101	3.775654e-07	-9.746099e-07	-9.052755e-07	9276
870798	2.987912e-07	-9.746091e-07	-8.840422e-07	9285
879054	2.986903e-07	-9.746012e-07	-8.840849e-07	9285
276357	3.774616e-07	-9.745999e-07	-9.053295e-07	9276
887310	2.985895e-07	-9.745933e-07	-8.841276e-07	9285
284613	3.773577e-07	-9.745900e-07	-9.053836e-07	9276
895566	2.984887e-07	-9.745854e-07	-8.841703e-07	9285
292869	3.772538e-07	-9.745800e-07	-9.054376e-07	9276
903822	2.983878e-07	-9.745776e-07	-8.842131e-07	9285
301125	3.771499e-07	-9.745700e-07	-9.054916e-07	9276
912078	2.982870e-07	-9.745697e-07	-8.842558e-07	9285
920334	2.981861e-07	-9.745619e-07	-8.842985e-07	9285
309381	3.770460e-07	-9.745601e-07	-9.055456e-07	9276
928590	2.980853e-07	-9.745539e-07	-8.843411e-07	9285
317637	3.769421e-07	-9.745501e-07	-9.055995e-07	9276
936846	2.979844e-07	-9.745461e-07	-8.843837e-07	9285
325893	3.768382e-07	-9.745402e-07	-9.056535e-07	9276
945102	2.978836e-07	-9.745382e-07	-8.844264e-07	9285
953358	2.977827e-07	-9.745304e-07	-8.844690e-07	9285
334149	3.767343e-07	-9.745302e-07	-9.057075e-07	9276
961614	2.976818e-07	-9.745225e-07	-8.845116e-07	9285
342405	3.766303e-07	-9.745203e-07	-9.057613e-07	9276
969870	2.975809e-07	-9.745147e-07	-8.845542e-07	9285
350661	3.765264e-07	-9.745103e-07	-9.058153e-07	9276
978126	2.974800e-07	-9.745069e-07	-8.845968e-07	9285
358917	3.764225e-07	-9.745004e-07	-9.058692e-07	9276
986382	2.973791e-07	-9.744990e-07	-8.846393e-07	9285
994638	2.972782e-07	-9.744912e-07	-8.846819e-07	9285
367173	3.763185e-07	-9.744904e-07	-9.059231e-07	9276
1002894	2.971773e-07	-9.744833e-07	-8.847244e-07	9285
375429	3.762145e-07	-9.744805e-07	-9.059769e-07	9276
1011150	2.970764e-07	-9.744755e-07	-8.847670e-07	9285
383685	3.761106e-07	-9.744705e-07	-9.060308e-07	9276
1019406	2.969754e-07	-9.744676e-07	-8.848095e-07	9285
391941	3.760066e-07	-9.744606e-07	-9.060846e-07	9276
1027662	2.968745e-07	-9.744599e-07	-8.848519e-07	9285
1035918	2.967735e-07	-9.744521e-07	-8.848944e-07	9285
400197	3.759026e-07	-9.744507e-07	-9.061384e-07	9276
1044174	2.966726e-07	-9.744442e-07	-8.849369e-07	9285
408453	3.757986e-07	-9.744407e-07	-9.061923e-07	9276
1052430	2.965717e-07	-9.744364e-07	-8.849793e-07	9285
416709	3.756946e-07	-9.744308e-07	-9.062460e-07	9276
1060686	2.964707e-07	-9.744285e-07	-8.850218e-07	9285
424965	3.755906e-07	-9.744209e-07	-9.062998e-07	9276
1068942	2.963697e-07	-9.744208e-07	-8.850642e-07	9285
1077198	2.962688e-07	-9.744130e-07	-8.851066e-07	9285
433221	3.754866e-07	-9.744109e-07	-9.063536e-07	9276
1085454	2.961678e-07	-9.744051e-07	-8.851490e-07	9285
441477	3.753826e-07	-9.744010e-07	-9.064073e-07	9276
1093710	2.960668e-07	-9.743974e-07	-8.851914e-07	9285
449733	3.752785e-07	-9.743911e-07	-9.064611e-07	9276
1101966	2.959658e-07	-9.743895e-07	-8.852337e-07	9285
1110222	2.958648e-07	-9.743817e-07	-8.852761e-07	9285
457989	3.751745e-07	-9.743812e-07	-9.065148e-07	9276
1118478	2.957638e-07	-9.743740e-07	-8.853184e-07	9285
466245	3.750704e-07	-9.743713e-07	-9.065685e-07	9276
1126734	2.956628e-07	-9.743661e-07	-8.853607e-07	9285
474501	3.749664e-07	-9.743615e-07	-9.066222e-07	9276
1134990	2.955618e-07	-9.743584e-07	-8.854030e-07	9285
482757	3.748623e-07	-9.743516e-07	-9.066758e-07	9276
1143246	2.954608e-07	-9.743505e-07	-8.854453e-07	9285
1151502	2.953597e-07	-9.743428e-07	-8.854876e-07	9285
491013	3.747583e-07	-9.743416e-07	-9.067295e-07	9276
499269	3.746542e-07	-9.743317e-07	-9.067832e-07	9276
507525	3.745501e-07	-9.743218e-07	-9.068368e-07	9276
515781	3.744460e-07	-9.743119e-07	-9.068904e-07	9276
524037	3.743419e-07	-9.743020e-07	-9.069440e-07	9276
532293	3.742378e-07	-9.742921e-07	-9.069976e-07	9276
540549	3.741336e-07	-9.742822e-07	-9.070512e-07	9276
548805	3.740295e-07	-9.742724e-07	-9.071047e-07	9276
557061	3.739254e-07	-9.742625e-07	-9.071583e-07	9276
565317	3.738212e-07	-9.742527e-07	-9.072118e-07	9276
573573	3.737171e-07	-9.742428e-07	-9.072653e-07	9276
581829	3.736129e-07	-9.742329e-07	-9.073188e-07	9276
590085	3.735088e-07	-9.742230e-07	-9.073723e-07	9276
598341	3.734046e-07	-9.742132e-07	-9.074257e-07	9276
606597	3.733004e-07	-9.742033e-07	-9.074792e-07	9276
614853	3.731962e-07	-9.741934e-07	-9.075326e-07	9276
623109	3.730920e-07	-9.741836e-07	-9.075860e-07	9276
631365	3.729878e-07	-9.741738e-07	-9.076394e-07	9276
639621	3.728836e-07	-9.741639e-07	-9.076928e-07	9276
647877	3.727794e-07	-9.741541e-07	-9.077462e-07	9276
656133	3.726751e-07	-9.741442e-07	-9.077996e-07	9276
664389	3.725709e-07	-9.741343e-07	-9.078529e-07	9276
672645	3.724666e-07	-9.741245e-07	-9.079063e-07	9276
680901	3.723624e-07	-9.741146e-07	-9.079596e-07	9276
689157	3.722581e-07	-9.741049e-07	-9.080129e-07	9276
697413	3.721538e-07	-9.740950e-07	-9.080662e-07	9276
705669	3.720496e-07	-9.740852e-07	-9.081194e-07	9276
713925	3.719453e-07	-9.740754e-07	-9.081727e-07	9276
722181	3.718410e-07	-9.740655e-07	-9.082259e-07	9276
730437	3.717367e-07	-9.740558e-07	-9.082792e-07	9276
738693	3.716324e-07	-9.740459e-07	-9.083324e-07	9276
746949	3.715280e-07	-9.740361e-07	-9.083856e-07	9276
755205	3.714237e-07	-9.740263e-07	-9.084387e-07	9276
763461	3.713194e-07	-9.740165e-07	-9.084919e-07	9276
771717	3.712151e-07	-9.740066e-07	-9.085451e-07	9276
779973	3.711107e-07	-9.739969e-07	-9.085982e-07	9276
788229	3.710063e-07	-9.739871e-07	-9.086513e-07	9276
796485	3.709020e-07	-9.739773e-07	-9.087044e-07	9276
804741	3.707976e-07	-9.739675e-07	-9.087575e-07	9276
812997	3.706932e-07	-9.739576e-07	-9.088106e-07	9276
821253	3.705888e-07	-9.739479e-07	-9.088636e-07	9276
829509	3.704844e-07	-9.739381e-07	-9.089167e-07	9276
837765	3.703800e-07	-9.739283e-07	-9.089697e-07	9276
846021	3.702756e-07	-9.739185e-07	-9.090227e-07	9276
854277	3.701712e-07	-9.739088e-07	-9.090758e-07	9276
862533	3.700668e-07	-9.738990e-07	-9.091287e-07	9276
870789	3.699623e-07	-9.738892e-07	-9.091817e-07	9276
879045	3.698579e-07	-9.738794e-07	-9.092346e-07	9276
887301	3.697535e-07	-9.738696e-07	-9.092876e-07	9276
895557	3.696490e-07	-9.738600e-07	-9.093405e-07	9276
903813	3.695445e-07	-9.738502e-07	-9.093935e-07	9276
912069	3.694400e-07	-9.738404e-07	-9.094463e-07	9276
920325	3.693355e-07	-9.738307e-07	-9.094992e-07	9276
928581	3.692311e-07	-9.738209e-07	-9.095521e-07	9276
936837	3.691266e-07	-9.738112e-07	-9.096049e-07	9276
945093	3.690220e-07	-9.738014e-07	-9.096578e-07	9276
953349	3.689175e-07	-9.737917e-07	-9.097106e-07	9276
961605	3.688130e-07	-9.737819e-07	-9.097634e-07	9276
969861	3.687085e-07	-9.737722e-07	-9.098162e-07	9276
978117	3.686039e-07	-9.737624e-07	-9.098690e-07	9276
986373	3.684994e-07	-9.737528e-07	-9.099217e-07	9276
994629	3.683948e-07	-9.737430e-07	-9.099745e-07	9276
1002885	3.682903e-07	-9.737332e-07	-9.100272e-07	9276
1011141	3.681857e-07	-9.737236e-07	-9.100799e-07	9276
1019397	3.680811e-07	-9.737138e-07	-9.101327e-07	9276
1027653	3.679766e-07	-9.737041e-07	-9.101853e-07	9276
1035909	3.678720e-07	-9.736943e-07	-9.102380e-07	9276
1044165	3.677674e-07	-9.736847e-07	-9.102906e-07	9276
1052421	3.676628e-07	-9.736750e-07	-9.103433e-07	9276
1060677	3.675581e-07	-9.736652e-07	-9.103959e-07	9276
1068933	3.674535e-07	-9.736556e-07	-9.104485e-07	9276
1077189	3.673489e-07	-9.736458e-07	-9.105011e-07	9276
1085445	3.672442e-07	-9.736361e-07	-9.105537e-07	9276
1093701	3.671396e-07	-9.736265e-07	-9.106063e-07	9276
1101957	3.670349e-07	-9.736168e-07	-9.106589e-07	9276
1110213	3.669303e-07	-9.736070e-07	-9.107114e-07	9276
1118469	3.668256e-07	-9.735974e-07	-9.107639e-07	9276
1126725	3.667209e-07	-9.735877e-07	-9.108164e-07	9276
1134981	3.666162e-07	-9.735780e-07	-9.108689e-07	9276
1143237	3.665115e-07	-9.735684e-07	-9.109214e-07	9276
1151493	3.664068e-07	-9.735586e-07	-9.109738e-07	9276
1968	2.788965e-07	-9.713810e-07	-8.508625e-07	4409
10224	2.788003e-07	-9.713737e-07	-8.509024e-07	4409
18480	2.787042e-07	-9.713664e-07	-8.509423e-07	4409
26736	2.786080e-07	-9.713590e-07	-8.509821e-07	4409
34992	2.785119e-07	-9.713516e-07	-8.510220e-07	4409
43248	2.784157e-07	-9.713443e-07	-8.510618e-07	4409
51504	2.783195e-07	-9.713369e-07	-8.511017e-07	4409
59760	2.782233e-07	-9.713297e-07	-8.511415e-07	4409
68016	2.781271e-07	-9.713223e-07	-8.511813e-07	4409
76272	2.780309e-07	-9.713150e-07	-8.512210e-07	4409
84528	2.779348e-07	-9.713076e-07	-8.512608e-07	4409
92784	2.778386e-07	-9.713003e-07	-8.513006e-07	4409
101040	2.777423e-07	-9.712930e-07	-8.513404e-07	4409
109296	2.776461e-07	-9.712857e-07	-8.513801e-07	4409
117552	2.775499e-07	-9.712784e-07	-8.514198e-07	4409
125808	2.774537e-07	-9.712711e-07	-8.514595e-07	4409
134064	2.773574e-07	-9.712637e-07	-8.514992e-07	4409
142320	2.772612e-07	-9.712564e-07	-8.515389e-07	4409
150576	2.771649e-07	-9.712492e-07	-8.515785e-07	4409
158832	2.770687e-07	-9.712418e-07	-8.516182e-07	4409
167088	2.769724e-07	-9.712345e-07	-8.516578e-07	4409
175344	2.768762e-07	-9.712272e-07	-8.516975e-07	4409
183600	2.767799e-07	-9.712199e-07	-8.517371e-07	4409
191856	2.766836e-07	-9.712127e-07	-8.517767e-07	4409
200112	2.765873e-07	-9.712054e-07	-8.518163e-07	4409
208368	2.764910e-07	-9.711980e-07	-8.518558e-07	4409
216624	2.763947e-07	-9.711907e-07	-8.518954e-07	4409
224880	2.762984e-07	-9.711835e-07	-8.519349e-07	4409
233136	2.762021e-07	-9.711762e-07	-8.519744e-07	4409
241392	2.761058e-07	-9.711689e-07	-8.520140e-07	4409
249648	2.760095e-07	-9.711616e-07	-8.520535e-07	4409
257904	2.759132e-07	-9.711543e-07	-8.520930e-07	4409
266160	2.758168e-07	-9.711471e-07	-8.521324e-07	4409
274416	2.757205e-07	-9.711398e-07	-8.521719e-07	4409
282672	2.756242e-07	-9.711325e-07	-8.522113e-07	4409
290928	2.755278e-07	-9.711254e-07	-8.522508e-07	4409
299184	2.754315e-07	-9.711181e-07	-8.522902e-07	4409
307440	2.753351e-07	-9.711108e-07	-8.523295e-07	4409
315696	2.752387e-07	-9.711035e-07	-8.523689e-07	4409
323952	2.751424e-07	-9.710963e-07	-8.524083e-07	4409
332208	2.750460e-07	-9.710891e-07	-8.524477e-07	4409
340464	2.749496e-07	-9.710818e-07	-8.524871e-07	4409
348720	2.748532e-07	-9.710745e-07	-8.525264e-07	4409
356976	2.747568e-07	-9.710673e-07	-8.525657e-07	4409
365232	2.746604e-07	-9.710601e-07	-8.526050e-07	4409
373488	2.745640e-07	-9.710528e-07	-8.526443e-07	4409
381744	2.744676e-07	-9.710456e-07	-8.526836e-07	4409
390000	2.743712e-07	-9.710384e-07	-8.527228e-07	4409
398256	2.742748e-07	-9.710311e-07	-8.527621e-07	4409
406512	2.741783e-07	-9.710240e-07	-8.528013e-07	4409
414768	2.740819e-07	-9.710167e-07	-8.528406e-07	4409
423024	2.739854e-07	-9.710095e-07	-8.528797e-07	4409
431280	2.738890e-07	-9.710022e-07	-8.529190e-07	4409
439536	2.737926e-07	-9.709951e-07	-8.529581e-07	4409
447792	2.736961e-07	-9.709878e-07	-8.529973e-07	4409
456048	2.735997e-07	-9.709806e-07	-8.530365e-07	4409
464304	2.735032e-07	-9.709734e-07	-8.530756e-07	4409
472560	2.734067e-07	-9.709662e-07	-8.531147e-07	4409
480816	2.733102e-07	-9.709590e-07	-8.531538e-07	4409
489072	2.732137e-07	-9.709518e-07	-8.531929e-07	4409
497328	2.731172e-07	-9.709446e-07	-8.532320e-07	4409
505584	2.730207e-07	-9.709374e-07	-8.532711e-07	4409
513840	2.729242e-07	-9.709302e-07	-8.533102e-07	4409
522096	2.728277e-07	-9.709230e-07	-8.533492e-07	4409
530352	2.727312e-07	-9.709158e-07	-8.533882e-07	4409
538608	2.726347e-07	-9.709087e-07	-8.534273e-07	4409
546864	2.725382e-07	-9.709015e-07	-8.534662e-07	4409
555120	2.724416e-07	-9.708942e-07	-8.535052e-07	4409
563376	2.723451e-07	-9.708871e-07	-8.535442e-07	4409
571632	2.722485e-07	-9.708799e-07	-8.535832e-07	4409
579888	2.721520e-07	-9.708727e-07	-8.536221e-07	4409
588144	2.720554e-07	-9.708656e-07	-8.536610e-07	4409
596400	2.719589e-07	-9.708584e-07	-8.536999e-07	4409
604656	2.718623e-07	-9.708513e-07	-8.537389e-07	4409
612912	2.717657e-07	-9.708441e-07	-8.537777e-07	4409
621168	2.716691e-07	-9.708369e-07	-8.538166e-07	4409
629424	2.715726e-07	-9.708298e-07	-8.538555e-07	4409
637680	2.714760e-07	-9.708226e-07	-8.538943e-07	4409
645936	2.713794e-07	-9.708154e-07	-8.539332e-07	4409
654192	2.712828e-07	-9.708083e-07	-8.539720e-07	4409
662448	2.711861e-07	-9.708011e-07	-8.540108e-07	4409
670704	2.710895e-07	-9.707941e-07	-8.540496e-07	4409
678960	2.709929e-07	-9.707869e-07	-8.540884e-07	4409
687216	2.708963e-07	-9.707798e-07	-8.541272e-07	4409
695472	2.707997e-07	-9.707726e-07	-8.541659e-07	4409
703728	2.707030e-07	-9.707654e-07	-8.542046e-07	4409
711984	2.706064e-07	-9.707584e-07	-8.542434e-07	4409
720240	2.705097e-07	-9.707512e-07	-8.542821e-07	4409
728496	2.704131e-07	-9.707441e-07	-8.543208e-07	4409
736752	2.703164e-07	-9.707370e-07	-8.543594e-07	4409
745008	2.702197e-07	-9.707298e-07	-8.543981e-07	4409
753264	2.701231e-07	-9.707227e-07	-8.544368e-07	4409
761520	2.700264e-07	-9.707156e-07	-8.544754e-07	4409
769776	2.699297e-07	-9.707085e-07	-8.545140e-07	4409
778032	2.698330e-07	-9.707014e-07	-8.545526e-07	4409
786288	2.697363e-07	-9.706943e-07	-8.545913e-07	4409
794544	2.696396e-07	-9.706872e-07	-8.546298e-07	4409
802800	2.695429e-07	-9.706800e-07	-8.546684e-07	4409
811056	2.694462e-07	-9.706730e-07	-8.547070e-07	4409
819312	2.693495e-07	-9.706658e-07	-8.547455e-07	4409
827568	2.692528e-07	-9.706588e-07	-8.547840e-07	4409
835824	2.691560e-07	-9.706517e-07	-8.548226e-07	4409
844080	2.690593e-07	-9.706446e-07	-8.548611e-07	4409
852336	2.689626e-07	-9.706375e-07	-8.548996e-07	4409
860592	2.688658e-07	-9.706304e-07	-8.549380e-07	4409
868848	2.687691e-07	-9.706233e-07	-8.549765e-07	4409
877104	2.686723e-07	-9.706163e-07	-8.550149e-07	4409
885360	2.685755e-07	-9.706092e-07	-8.550534e-07	4409
893616	2.684788e-07	-9.706021e-07	-8.550918e-07	4409
901872	2.683820e-07	-9.705950e-07	-8.551302e-07	4409
910128	2.682852e-07	-9.705880e-07	-8.551686e-07	4409
918384	2.681884e-07	-9.705809e-07	-8.552070e-07	4409
926640	2.680916e-07	-9.705739e-07	-8.552453e-07	4409
934896	2.679948e-07	-9.705668e-07	-8.552837e-07	4409
943152	2.678981e-07	-9.705598e-07	-8.553220e-07	4409
951408	2.678012e-07	-9.705526e-07	-8.553603e-07	4409
959664	2.677044e-07	-9.705456e-07	-8.553986e-07	4409
967920	2.676076e-07	-9.705385e-07	-8.554370e-07	4409
976176	2.675108e-07	-9.705315e-07	-8.554753e-07	4409
984432	2.674140e-07	-9.705244e-07	-8.555135e-07	4409
992688	2.673171e-07	-9.705174e-07	-8.555518e-07	4409
1000944	2.672203e-07	-9.705104e-07	-8.555900e-07	4409
1009200	2.671234e-07	-9.705034e-07	-8.556282e-07	4409
1017456	2.670266e-07	-9.704963e-07	-8.556664e-07	4409
1025712	2.669297e-07	-9.704893e-07	-8.557046e-07	4409
1033968	2.668328e-07	-9.704822e-07	-8.557428e-07	4409
1042224	2.667360e-07	-9.704752e-07	-8.557810e-07	4409
1050480	2.666391e-07	-9.704681e-07	-8.558192e-07	4409
1058736	2.665422e-07	-9.704612e-07	-8.558573e-07	4409
1066992	2.664453e-07	-9.704542e-07	-8.558954e-07	4409
1075248	2.663484e-07	-9.704471e-07	-8.559335e-07	4409
1083504	2.662515e-07	-9.704401e-07	-8.559716e-07	4409
1091760	2.661546e-07	-9.704331e-07	-8.560097e-07	4409
1100016	2.660577e-07	-9.704261e-07	-8.560478e-07	4409
1108272	2.659608e-07	-9.704191e-07	-8.560858e-07	4409
1116528	2.658639e-07	-9.704121e-07	-8.561239e-07	4409
1124784	2.657669e-07	-9.704050e-07	-8.561619e-07	4409
1133040	2.656700e-07	-9.703981e-07	-8.562000e-07	4409
1141296	2.655731e-07	-9.703911e-07	-8.562379e-07	4409
1149552	2.654761e-07	-9.703841e-07	-8.562759e-07	4409
3908	3.536589e-07	-9.679158e-07	-8.887484e-07	9275
12164	3.535573e-07	-9.679064e-07	-8.887990e-07	9275
20420	3.534556e-07	-9.678971e-07	-8.888497e-07	9275
28676	3.533539e-07	-9.678877e-07	-8.889003e-07	9275
36932	3.532522e-07	-9.678783e-07	-8.889508e-07	9275
45188	3.531505e-07	-9.678690e-07	-8.890014e-07	9275
53444	3.530488e-07	-9.678597e-07	-8.890519e-07	9275
61700	3.529471e-07	-9.678504e-07	-8.891025e-07	9275
69956	3.528453e-07	-9.678411e-07	-8.891530e-07	9275
78212	3.527436e-07	-9.678317e-07	-8.892035e-07	9275
86468	3.526419e-07	-9.678225e-07	-8.892540e-07	9275
94724	3.525401e-07	-9.678132e-07	-8.893044e-07	9275
102980	3.524384e-07	-9.678039e-07	-8.893549e-07	9275
111236	3.523366e-07	-9.677946e-07	-8.894053e-07	9275
119492	3.522348e-07	-9.677852e-07	-8.894558e-07	9275
127748	3.521330e-07	-9.677759e-07	-8.895062e-07	9275
136004	3.520313e-07	-9.677667e-07	-8.895566e-07	9275
144260	3.519295e-07	-9.677574e-07	-8.896070e-07	9275
152516	3.518277e-07	-9.677481e-07	-8.896574e-07	9275
160772	3.517259e-07	-9.677387e-07	-8.897077e-07	9275
169028	3.516240e-07	-9.677295e-07	-8.897580e-07	9275
177284	3.515222e-07	-9.677202e-07	-8.898084e-07	9275
185540	3.514204e-07	-9.677109e-07	-8.898587e-07	9275
193796	3.513186e-07	-9.677017e-07	-8.899090e-07	9275
202052	3.512167e-07	-9.676924e-07	-8.899593e-07	9275
210308	3.511149e-07	-9.676831e-07	-8.900096e-07	9275
218564	3.510130e-07	-9.676738e-07	-8.900598e-07	9275
226820	3.509111e-07	-9.676646e-07	-8.901101e-07	9275
235076	3.508092e-07	-9.676553e-07	-8.901603e-07	9275
243332	3.507074e-07	-9.676461e-07	-8.902105e-07	9275
251588	3.506055e-07	-9.676368e-07	-8.902607e-07	9275
259844	3.505036e-07	-9.676276e-07	-8.903108e-07	9275
268100	3.504017e-07	-9.676183e-07	-8.903610e-07	9275
276356	3.502998e-07	-9.676090e-07	-8.904112e-07	9275
284612	3.501979e-07	-9.675998e-07	-8.904613e-07	9275
292868	3.500959e-07	-9.675906e-07	-8.905114e-07	9275
301124	3.499940e-07	-9.675813e-07	-8.905616e-07	9275
309380	3.498920e-07	-9.675721e-07	-8.906117e-07	9275
317636	3.497901e-07	-9.675629e-07	-8.906617e-07	9275
325892	3.496882e-07	-9.675537e-07	-8.907118e-07	9275
334148	3.495862e-07	-9.675443e-07	-8.907618e-07	9275
342404	3.494842e-07	-9.675351e-07	-8.908119e-07	9275
350660	3.493822e-07	-9.675259e-07	-8.908619e-07	9275
358916	3.492802e-07	-9.675167e-07	-8.909119e-07	9275
367172	3.491782e-07	-9.675075e-07	-8.909619e-07	9275
375428	3.490762e-07	-9.674983e-07	-8.910119e-07	9275
383684	3.489742e-07	-9.674891e-07	-8.910619e-07	9275
391940	3.488722e-07	-9.674799e-07	-8.911118e-07	9275
400196	3.487702e-07	-9.674707e-07	-8.911617e-07	9275
408452	3.486682e-07	-9.674615e-07	-8.912116e-07	9275
416708	3.485661e-07	-9.674523e-07	-8.912615e-07	9275
424964	3.484641e-07	-9.674430e-07	-8.913115e-07	9275
433220	3.483620e-07	-9.674338e-07	-8.913613e-07	9275
441476	3.482600e-07	-9.674246e-07	-8.914112e-07	9275
449732	3.481579e-07	-9.674154e-07	-8.914610e-07	9275
457988	3.480558e-07	-9.674062e-07	-8.915109e-07	9275
466244	3.479537e-07	-9.673970e-07	-8.915607e-07	9275
474500	3.478517e-07	-9.673879e-07	-8.916105e-07	9275
482756	3.477496e-07	-9.673787e-07	-8.916602e-07	9275
491012	3.476474e-07	-9.673695e-07	-8.917100e-07	9275
499268	3.475453e-07	-9.673603e-07	-8.917598e-07	9275
507524	3.474432e-07	-9.673512e-07	-8.918095e-07	9275
515780	3.473411e-07	-9.673420e-07	-8.918593e-07	9275
524036	3.472389e-07	-9.673328e-07	-8.919089e-07	9275
532292	3.471368e-07	-9.673237e-07	-8.919587e-07	9275
540548	3.470347e-07	-9.673145e-07	-8.920084e-07	9275
548804	3.469325e-07	-9.673054e-07	-8.920580e-07	9275
557060	3.468303e-07	-9.672962e-07	-8.921077e-07	9275
565316	3.467282e-07	-9.672871e-07	-8.921573e-07	9275
573572	3.466260e-07	-9.672779e-07	-8.922069e-07	9275
581828	3.465238e-07	-9.672688e-07	-8.922565e-07	9275
590084	3.464216e-07	-9.672596e-07	-8.923062e-07	9275
598340	3.463194e-07	-9.672505e-07	-8.923557e-07	9275
606596	3.462172e-07	-9.672412e-07	-8.924053e-07	9275
614852	3.461150e-07	-9.672322e-07	-8.924549e-07	9275
623108	3.460128e-07	-9.672231e-07	-8.925044e-07	9275
631364	3.459105e-07	-9.672139e-07	-8.925539e-07	9275
639620	3.458083e-07	-9.672048e-07	-8.926034e-07	9275
647876	3.457060e-07	-9.671957e-07	-8.926529e-07	9275
656132	3.456038e-07	-9.671865e-07	-8.927024e-07	9275
664388	3.455015e-07	-9.671774e-07	-8.927519e-07	9275
672644	3.453993e-07	-9.671683e-07	-8.928013e-07	9275
680900	3.452970e-07	-9.671592e-07	-8.928507e-07	9275
689156	3.451947e-07	-9.671501e-07	-8.929002e-07	9275
697412	3.450924e-07	-9.671409e-07	-8.929496e-07	9275
705668	3.449901e-07	-9.671318e-07	-8.929990e-07	9275
713924	3.448878e-07	-9.671227e-07	-8.930484e-07	9275
722180	3.447855e-07	-9.671136e-07	-8.930977e-07	9275
730436	3.446832e-07	-9.671045e-07	-8.931470e-07	9275
738692	3.445809e-07	-9.670954e-07	-8.931964e-07	9275
746948	3.444785e-07	-9.670863e-07	-8.932457e-07	9275
755204	3.443762e-07	-9.670772e-07	-8.932950e-07	9275
763460	3.442738e-07	-9.670681e-07	-8.933443e-07	9275
771716	3.441715e-07	-9.670590e-07	-8.933936e-07	9275
779972	3.440692e-07	-9.670499e-07	-8.934428e-07	9275
788228	3.439668e-07	-9.670408e-07	-8.934921e-07	9275
796484	3.438644e-07	-9.670318e-07	-8.935413e-07	9275
804740	3.437620e-07	-9.670227e-07	-8.935905e-07	9275
812996	3.436596e-07	-9.670136e-07	-8.936397e-07	9275
821252	3.435572e-07	-9.670046e-07	-8.936889e-07	9275
829508	3.434548e-07	-9.669955e-07	-8.937380e-07	9275
837764	3.433524e-07	-9.669865e-07	-8.937872e-07	9275
846020	3.432500e-07	-9.669774e-07	-8.938364e-07	9275
854276	3.431475e-07	-9.669683e-07	-8.938855e-07	9275
862532	3.430451e-07	-9.669593e-07	-8.939346e-07	9275
870788	3.429427e-07	-9.669502e-07	-8.939837e-07	9275
879044	3.428402e-07	-9.669411e-07	-8.940328e-07	9275
887300	3.427378e-07	-9.669321e-07	-8.940818e-07	9275
895556	3.426353e-07	-9.669230e-07	-8.941309e-07	9275
903812	3.425328e-07	-9.669141e-07	-8.941799e-07	9275
912068	3.424304e-07	-9.669050e-07	-8.942290e-07	9275
920324	3.423279e-07	-9.668960e-07	-8.942780e-07	9275
928580	3.422254e-07	-9.668869e-07	-8.943270e-07	9275
936836	3.421229e-07	-9.668779e-07	-8.943759e-07	9275
945092	3.420204e-07	-9.668688e-07	-8.944249e-07	9275
953348	3.419179e-07	-9.668598e-07	-8.944739e-07	9275
961604	3.418153e-07	-9.668508e-07	-8.945228e-07	9275
969860	3.417128e-07	-9.668418e-07	-8.945717e-07	9275
978116	3.416103e-07	-9.668328e-07	-8.946207e-07	9275
986372	3.415077e-07	-9.668238e-07	-8.946695e-07	9275
994628	3.414052e-07	-9.668147e-07	-8.947184e-07	9275
1002884	3.413026e-07	-9.668057e-07	-8.947673e-07	9275
1011140	3.412000e-07	-9.667967e-07	-8.948161e-07	9275
1019396	3.410975e-07	-9.667878e-07	-8.948650e-07	9275
1027652	3.409949e-07	-9.667788e-07	-8.949138e-07	9275
1035908	3.408923e-07	-9.667697e-07	-8.949626e-07	9275
1044164	3.407897e-07	-9.667607e-07	-8.950114e-07	9275
1052420	3.406871e-07	-9.667517e-07	-8.950602e-07	9275
1060676	3.405845e-07	-9.667427e-07	-8.951089e-07	9275
1068932	3.404819e-07	-9.667338e-07	-8.951577e-07	9275
1077188	3.403792e-07	-9.667248e-07	-8.952064e-07	9275
1085444	3.402766e-07	-9.667158e-07	-8.952551e-07	9275
1093700	3.401740e-07	-9.667068e-07	-8.953038e-07	9275
1101956	3.400714e-07	-9.666978e-07	-8.953525e-07	9275
1110212	3.399687e-07	-9.666888e-07	-8.954012e-07	9275
1118468	3.398660e-07	-9.666799e-07	-8.954498e-07	9275
1126724	3.397634e-07	-9.666709e-07	-8.954984e-07	9275
1134980	3.396607e-07	-9.666619e-07	-8.955471e-07	9275
1143236	3.395580e-07	-9.666530e-07	-8.955957e-07	9275
1151492	3.394553e-07	-9.666441e-07	-8.956443e-07	9275
5572	3.188723e-07	-9.554756e-07	-8.492585e-07	14409
13828	3.187759e-07	-9.554672e-07	-8.493041e-07	14409
22084	3.186796e-07	-9.554587e-07	-8.493497e-07	14409
30340	3.185832e-07	-9.554503e-07	-8.493953e-07	14409
38596	3.184869e-07	-9.554419e-07	-8.494409e-07	14409
46852	3.183905e-07	-9.554335e-07	-8.494865e-07	14409
55108	3.182941e-07	-9.554251e-07	-8.495321e-07	14409
63364	3.181977e-07	-9.554167e-07	-8.495776e-07	14409
71620	3.181013e-07	-9.554083e-07	-8.496232e-07	14409
79876	3.180049e-07	-9.554000e-07	-8.496687e-07	14409
88132	3.179086e-07	-9.553916e-07	-8.497142e-07	14409
96388	3.178121e-07	-9.553831e-07	-8.497597e-07	14409
104644	3.177157e-07	-9.553747e-07	-8.498051e-07	14409
112900	3.176193e-07	-9.553664e-07	-8.498506e-07	14409
121156	3.175229e-07	-9.553580e-07	-8.498961e-07	14409
129412	3.174264e-07	-9.553496e-07	-8.499415e-07	14409
137668	3.173300e-07	-9.553412e-07	-8.499869e-07	14409
145924	3.172335e-07	-9.553329e-07	-8.500323e-07	14409
154180	3.171371e-07	-9.553245e-07	-8.500778e-07	14409
162436	3.170406e-07	-9.553162e-07	-8.501231e-07	14409
170692	3.169442e-07	-9.553078e-07	-8.501685e-07	14409
178948	3.168477e-07	-9.552994e-07	-8.502139e-07	14409
187204	3.167512e-07	-9.552911e-07	-8.502592e-07	14409
195460	3.166547e-07	-9.552826e-07	-8.503046e-07	14409
203716	3.165582e-07	-9.552743e-07	-8.503499e-07	14409
211972	3.164617e-07	-9.552659e-07	-8.503952e-07	14409
220228	3.163652e-07	-9.552576e-07	-8.504405e-07	14409
228484	3.162687e-07	-9.552493e-07	-8.504857e-07	14409
236740	3.161722e-07	-9.552409e-07	-8.505310e-07	14409
244996	3.160756e-07	-9.552326e-07	-8.505762e-07	14409
253252	3.159791e-07	-9.552242e-07	-8.506215e-07	14409
261508	3.158825e-07	-9.552159e-07	-8.506667e-07	14409
269764	3.157860e-07	-9.552076e-07	-8.507119e-07	14409
278020	3.156894e-07	-9.551992e-07	-8.507571e-07	14409
286276	3.155929e-07	-9.551909e-07	-8.508022e-07	14409
294532	3.154963e-07	-9.551826e-07	-8.508474e-07	14409
302788	3.153997e-07	-9.551743e-07	-8.508925e-07	14409
311044	3.153031e-07	-9.551660e-07	-8.509377e-07	14409
319300	3.152065e-07	-9.551576e-07	-8.509828e-07	14409
327556	3.151100e-07	-9.551493e-07	-8.510279e-07	14409
335812	3.150134e-07	-9.551410e-07	-8.510730e-07	14409
344068	3.149167e-07	-9.551327e-07	-8.511181e-07	14409
352324	3.148201e-07	-9.551244e-07	-8.511632e-07	14409
360580	3.147235e-07	-9.551161e-07	-8.512082e-07	14409
368836	3.146269e-07	-9.551078e-07	-8.512533e-07	14409
377092	3.145302e-07	-9.550995e-07	-8.512983e-07	14409
385348	3.144336e-07	-9.550912e-07	-8.513433e-07	14409
393604	3.143369e-07	-9.550829e-07	-8.513883e-07	14409
401860	3.142403e-07	-9.550746e-07	-8.514332e-07	14409
410116	3.141436e-07	-9.550663e-07	-8.514783e-07	14409
418372	3.140469e-07	-9.550580e-07	-8.515232e-07	14409
426628	3.139503e-07	-9.550497e-07	-8.515681e-07	14409
434884	3.138536e-07	-9.550414e-07	-8.516130e-07	14409
443140	3.137569e-07	-9.550331e-07	-8.516580e-07	14409
451396	3.136602e-07	-9.550249e-07	-8.517029e-07	14409
459652	3.135635e-07	-9.550166e-07	-8.517478e-07	14409
467908	3.134668e-07	-9.550083e-07	-8.517926e-07	14409
476164	3.133701e-07	-9.550000e-07	-8.518375e-07	14409
484420	3.132733e-07	-9.549918e-07	-8.518823e-07	14409
492676	3.131766e-07	-9.549835e-07	-8.519272e-07	14409
500932	3.130799e-07	-9.549752e-07	-8.519720e-07	14409
509188	3.129831e-07	-9.549670e-07	-8.520168e-07	14409
517444	3.128864e-07	-9.549588e-07	-8.520616e-07	14409
525700	3.127896e-07	-9.549505e-07	-8.521063e-07	14409
533956	3.126929e-07	-9.549423e-07	-8.521511e-07	14409
542212	3.125961e-07	-9.549340e-07	-8.521959e-07	14409
550468	3.124993e-07	-9.549258e-07	-8.522406e-07	14409
558724	3.124025e-07	-9.549175e-07	-8.522853e-07	14409
566980	3.123057e-07	-9.549093e-07	-8.523300e-07	14409
575236	3.122089e-07	-9.549010e-07	-8.523747e-07	14409
583492	3.121121e-07	-9.548928e-07	-8.524194e-07	14409
591748	3.120153e-07	-9.548845e-07	-8.524640e-07	14409
600004	3.119185e-07	-9.548763e-07	-8.525087e-07	14409
608260	3.118217e-07	-9.548681e-07	-8.525533e-07	14409
616516	3.117248e-07	-9.548598e-07	-8.525980e-07	14409
624772	3.116280e-07	-9.548517e-07	-8.526426e-07	14409
633028	3.115312e-07	-9.548435e-07	-8.526872e-07	14409
641284	3.114343e-07	-9.548352e-07	-8.527317e-07	14409
649540	3.113375e-07	-9.548270e-07	-8.527763e-07	14409
657796	3.112406e-07	-9.548188e-07	-8.528208e-07	14409
666052	3.111437e-07	-9.548106e-07	-8.528654e-07	14409
674308	3.110468e-07	-9.548023e-07	-8.529099e-07	14409
682564	3.109500e-07	-9.547941e-07	-8.529544e-07	14409
690820	3.108531e-07	-9.547859e-07	-8.529989e-07	14409
699076	3.107562e-07	-9.547778e-07	-8.530434e-07	14409
707332	3.106593e-07	-9.547696e-07	-8.530879e-07	14409
715588	3.105624e-07	-9.547614e-07	-8.531323e-07	14409
723844	3.104655e-07	-9.547532e-07	-8.531768e-07	14409
732100	3.103685e-07	-9.547450e-07	-8.532212e-07	14409
740356	3.102716e-07	-9.547368e-07	-8.532656e-07	14409
748612	3.101747e-07	-9.547286e-07	-8.533100e-07	14409
756868	3.100777e-07	-9.547205e-07	-8.533544e-07	14409
765124	3.099808e-07	-9.547123e-07	-8.533988e-07	14409
773380	3.098838e-07	-9.547041e-07	-8.534431e-07	14409
781636	3.097869e-07	-9.546959e-07	-8.534875e-07	14409
789892	3.096899e-07	-9.546877e-07	-8.535318e-07	14409
3917	2.823932e-07	-9.546808e-07	-8.537810e-07	9284
798148	3.095929e-07	-9.546795e-07	-8.535761e-07	14409
12173	2.822962e-07	-9.546733e-07	-8.538215e-07	9284
806404	3.094959e-07	-9.546713e-07	-8.536204e-07	14409
20429	2.821992e-07	-9.546659e-07	-8.538618e-07	9284
814660	3.093990e-07	-9.546632e-07	-8.536647e-07	14409
28685	2.821022e-07	-9.546584e-07	-8.539022e-07	9284
822916	3.093020e-07	-9.546551e-07	-8.537090e-07	14409
36941	2.820052e-07	-9.546510e-07	-8.539426e-07	9284
831172	3.092049e-07	-9.546469e-07	-8.537532e-07	14409
45197	2.819081e-07	-9.546435e-07	-8.539829e-07	9284
839428	3.091079e-07	-9.546387e-07	-8.537975e-07	14409
53453	2.818111e-07	-9.546361e-07	-8.540233e-07	9284
847684	3.090109e-07	-9.546305e-07	-8.538418e-07	14409
61709	2.817141e-07	-9.546287e-07	-8.540636e-07	9284
855940	3.089139e-07	-9.546225e-07	-8.538860e-07	14409
69965	2.816170e-07	-9.546212e-07	-8.541039e-07	9284
864196	3.088169e-07	-9.546143e-07	-8.539301e-07	14409
78221	2.815199e-07	-9.546138e-07	-8.541442e-07	9284
86477	2.814229e-07	-9.546064e-07	-8.541845e-07	9284
872452	3.087198e-07	-9.546061e-07	-8.539744e-07	14409
94733	2.813258e-07	-9.545990e-07	-8.542247e-07	9284
880708	3.086228e-07	-9.545980e-07	-8.540185e-07	14409
102989	2.812287e-07	-9.545915e-07	-8.542650e-07	9284
888964	3.085258e-07	-9.545898e-07	-8.540627e-07	14409
111245	2.811316e-07	-9.545842e-07	-8.543052e-07	9284
897220	3.084287e-07	-9.545818e-07	-8.541068e-07	14409
119501	2.810345e-07	-9.545768e-07	-8.543454e-07	9284
905476	3.083316e-07	-9.545736e-07	-8.541510e-07	14409
127757	2.809375e-07	-9.545694e-07	-8.543856e-07	9284
913732	3.082346e-07	-9.545655e-07	-8.541951e-07	14409
136013	2.808403e-07	-9.545620e-07	-8.544258e-07	9284
921988	3.081375e-07	-9.545573e-07	-8.542392e-07	14409
144269	2.807433e-07	-9.545546e-07	-8.544660e-07	9284
930244	3.080404e-07	-9.545493e-07	-8.542833e-07	14409
152525	2.806461e-07	-9.545472e-07	-8.545061e-07	9284
938500	3.079433e-07	-9.545411e-07	-8.543274e-07	14409
160781	2.805490e-07	-9.545398e-07	-8.545463e-07	9284
946756	3.078462e-07	-9.545330e-07	-8.543714e-07	14409
169037	2.804519e-07	-9.545324e-07	-8.545865e-07	9284
177293	2.803548e-07	-9.545250e-07	-8.546266e-07	9284
955012	3.077491e-07	-9.545248e-07	-8.544155e-07	14409
185549	2.802576e-07	-9.545176e-07	-8.546667e-07	9284
963268	3.076520e-07	-9.545167e-07	-8.544595e-07	14409
193805	2.801605e-07	-9.545103e-07	-8.547068e-07	9284
971524	3.075549e-07	-9.545086e-07	-8.545036e-07	14409
202061	2.800633e-07	-9.545029e-07	-8.547469e-07	9284
979780	3.074578e-07	-9.545005e-07	-8.545476e-07	14409
210317	2.799662e-07	-9.544955e-07	-8.547869e-07	9284
988036	3.073607e-07	-9.544924e-07	-8.545916e-07	14409
218573	2.798690e-07	-9.544881e-07	-8.548270e-07	9284
996292	3.072635e-07	-9.544842e-07	-8.546356e-07	14409
226829	2.797719e-07	-9.544807e-07	-8.548670e-07	9284
1004548	3.071664e-07	-9.544761e-07	-8.546795e-07	14409
235085	2.796747e-07	-9.544733e-07	-8.549071e-07	9284
1012804	3.070693e-07	-9.544681e-07	-8.547235e-07	14409
243341	2.795775e-07	-9.544659e-07	-8.549471e-07	9284
1021060	3.069721e-07	-9.544600e-07	-8.547674e-07	14409
251597	2.794803e-07	-9.544586e-07	-8.549871e-07	9284
1029316	3.068749e-07	-9.544518e-07	-8.548113e-07	14409
259853	2.793831e-07	-9.544513e-07	-8.550271e-07	9284
268109	2.792859e-07	-9.544439e-07	-8.550670e-07	9284
1037572	3.067778e-07	-9.544437e-07	-8.548553e-07	14409
276365	2.791887e-07	-9.544365e-07	-8.551070e-07	9284
1045828	3.066806e-07	-9.544357e-07	-8.548992e-07	14409
284621	2.790915e-07	-9.544292e-07	-8.551469e-07	9284
1054084	3.065834e-07	-9.544276e-07	-8.549430e-07	14409
292877	2.789943e-07	-9.544218e-07	-8.551868e-07	9284
1062340	3.064862e-07	-9.544195e-07	-8.549869e-07	14409
301133	2.788971e-07	-9.544144e-07	-8.552267e-07	9284
1070596	3.063891e-07	-9.544115e-07	-8.550307e-07	14409
309389	2.787999e-07	-9.544071e-07	-8.552666e-07	9284
1078852	3.062919e-07	-9.544034e-07	-8.550746e-07	14409
317645	2.787026e-07	-9.543998e-07	-8.553066e-07	9284
1087108	3.061947e-07	-9.543952e-07	-8.551185e-07	14409
325901	2.786054e-07	-9.543924e-07	-8.553465e-07	9284
1095364	3.060974e-07	-9.543871e-07	-8.551622e-07	14409
334157	2.785082e-07	-9.543851e-07	-8.553863e-07	9284
1103620	3.060002e-07	-9.543791e-07	-8.552061e-07	14409
342413	2.784109e-07	-9.543777e-07	-8.554262e-07	9284
1111876	3.059030e-07	-9.543710e-07	-8.552498e-07	14409
350669	2.783136e-07	-9.543704e-07	-8.554659e-07	9284
358925	2.782164e-07	-9.543630e-07	-8.555058e-07	9284
1120132	3.058058e-07	-9.543629e-07	-8.552936e-07	14409
367181	2.781191e-07	-9.543558e-07	-8.555456e-07	9284
1128388	3.057085e-07	-9.543550e-07	-8.553374e-07	14409
375437	2.780218e-07	-9.543484e-07	-8.555854e-07	9284
1136644	3.056113e-07	-9.543469e-07	-8.553811e-07	14409
383693	2.779246e-07	-9.543411e-07	-8.556252e-07	9284
1144900	3.055140e-07	-9.543388e-07	-8.554248e-07	14409
391949	2.778273e-07	-9.543337e-07	-8.556649e-07	9284
1153156	3.054168e-07	-9.543307e-07	-8.554686e-07	14409
400205	2.777300e-07	-9.543264e-07	-8.557047e-07	9284
408461	2.776327e-07	-9.543191e-07	-8.557444e-07	9284
416717	2.775354e-07	-9.543118e-07	-8.557841e-07	9284
424973	2.774381e-07	-9.543045e-07	-8.558238e-07	9284
433229	2.773408e-07	-9.542972e-07	-8.558635e-07	9284
441485	2.772435e-07	-9.542898e-07	-8.559032e-07	9284
449741	2.771461e-07	-9.542825e-07	-8.559429e-07	9284
457997	2.770488e-07	-9.542753e-07	-8.559825e-07	9284
466253	2.769515e-07	-9.542680e-07	-8.560222e-07	9284
474509	2.768541e-07	-9.542606e-07	-8.560618e-07	9284
482765	2.767568e-07	-9.542533e-07	-8.561014e-07	9284
491021	2.766594e-07	-9.542460e-07	-8.561410e-07	9284
499277	2.765620e-07	-9.542388e-07	-8.561805e-07	9284
507533	2.764647e-07	-9.542315e-07	-8.562201e-07	9284
515789	2.763673e-07	-9.542242e-07	-8.562596e-07	9284
524045	2.762700e-07	-9.542169e-07	-8.562992e-07	9284
532301	2.761726e-07	-9.542097e-07	-8.563387e-07	9284
540557	2.760752e-07	-9.542024e-07	-8.563782e-07	9284
548813	2.759778e-07	-9.541951e-07	-8.564177e-07	9284
557069	2.758804e-07	-9.541878e-07	-8.564572e-07	9284
565325	2.757830e-07	-9.541806e-07	-8.564967e-07	9284
573581	2.756856e-07	-9.541733e-07	-8.565361e-07	9284
581837	2.755881e-07	-9.541660e-07	-8.565756e-07	9284
590093	2.754907e-07	-9.541587e-07	-8.566150e-07	9284
598349	2.753933e-07	-9.541515e-07	-8.566544e-07	9284
606605	2.752958e-07	-9.541443e-07	-8.566938e-07	9284
614861	2.751984e-07	-9.541370e-07	-8.567332e-07	9284
623117	2.751009e-07	-9.541297e-07	-8.567725e-07	9284
631373	2.750035e-07	-9.541225e-07	-8.568119e-07	9284
639629	2.749060e-07	-9.541152e-07	-8.568513e-07	9284
647885	2.748086e-07	-9.541080e-07	-8.568906e-07	9284
656141	2.747111e-07	-9.541008e-07	-8.569299e-07	9284
664397	2.746136e-07	-9.540935e-07	-8.569692e-07	9284
672653	2.745161e-07	-9.540863e-07	-8.570085e-07	9284
680909	2.744187e-07	-9.540790e-07	-8.570478e-07	9284
689165	2.743211e-07	-9.540719e-07	-8.570871e-07	9284
697421	2.742237e-07	-9.540646e-07	-8.571263e-07	9284
705677	2.741261e-07	-9.540573e-07	-8.571655e-07	9284
713933	2.740286e-07	-9.540502e-07	-8.572047e-07	9284
722189	2.739311e-07	-9.540429e-07	-8.572439e-07	9284
730445	2.738336e-07	-9.540357e-07	-8.572831e-07	9284
738701	2.737360e-07	-9.540285e-07	-8.573223e-07	9284
746957	2.736385e-07	-9.540213e-07	-8.573614e-07	9284
755213	2.735410e-07	-9.540141e-07	-8.574006e-07	9284
763469	2.734434e-07	-9.540069e-07	-8.574397e-07	9284
771725	2.733459e-07	-9.539997e-07	-8.574789e-07	9284
779981	2.732483e-07	-9.539925e-07	-8.575180e-07	9284
788237	2.731508e-07	-9.539852e-07	-8.575570e-07	9284
796493	2.730532e-07	-9.539781e-07	-8.575961e-07	9284
804749	2.729556e-07	-9.539709e-07	-8.576352e-07	9284
813005	2.728580e-07	-9.539636e-07	-8.576743e-07	9284
821261	2.727604e-07	-9.539565e-07	-8.577133e-07	9284
829517	2.726628e-07	-9.539493e-07	-8.577523e-07	9284
837773	2.725652e-07	-9.539422e-07	-8.577913e-07	9284
846029	2.724676e-07	-9.539350e-07	-8.578303e-07	9284
854285	2.723700e-07	-9.539277e-07	-8.578693e-07	9284
862541	2.722724e-07	-9.539206e-07	-8.579082e-07	9284
870797	2.721748e-07	-9.539134e-07	-8.579472e-07	9284
879053	2.720772e-07	-9.539062e-07	-8.579862e-07	9284
887309	2.719795e-07	-9.538991e-07	-8.580250e-07	9284
895565	2.718819e-07	-9.538919e-07	-8.580640e-07	9284
903821	2.717842e-07	-9.538848e-07	-8.581029e-07	9284
912077	2.716866e-07	-9.538776e-07	-8.581417e-07	9284
920333	2.715889e-07	-9.538704e-07	-8.581806e-07	9284
928589	2.714913e-07	-9.538633e-07	-8.582194e-07	9284
936845	2.713936e-07	-9.538561e-07	-8.582583e-07	9284
945101	2.712959e-07	-9.538489e-07	-8.582971e-07	9284
953357	2.711982e-07	-9.538419e-07	-8.583359e-07	9284
961613	2.711006e-07	-9.538347e-07	-8.583747e-07	9284
969869	2.710029e-07	-9.538276e-07	-8.584135e-07	9284
978125	2.709052e-07	-9.538204e-07	-8.584523e-07	9284
986381	2.708074e-07	-9.538132e-07	-8.584910e-07	9284
994637	2.707098e-07	-9.538062e-07	-8.585298e-07	9284
1002893	2.706120e-07	-9.537990e-07	-8.585685e-07	9284
1011149	2.705143e-07	-9.537919e-07	-8.586072e-07	9284
1019405	2.704166e-07	-9.537848e-07	-8.586459e-07	9284
1027661	2.703188e-07	-9.537777e-07	-8.586846e-07	9284
1035917	2.702211e-07	-9.537705e-07	-8.587233e-07	9284
1044173	2.701234e-07	-9.537634e-07	-8.587620e-07	9284
1052429	2.700256e-07	-9.537563e-07	-8.588006e-07	9284
1060685	2.699279e-07	-9.537492e-07	-8.588392e-07	9284
1068941	2.698301e-07	-9.537421e-07	-8.588778e-07	9284
1077197	2.697323e-07	-9.537349e-07	-8.589164e-07	9284
1085453	2.696346e-07	-9.537279e-07	-8.589550e-07	9284
1093709	2.695368e-07	-9.537207e-07	-8.589936e-07	9284
1101965	2.694390e-07	-9.537137e-07	-8.590321e-07	9284
1110221	2.693412e-07	-9.537066e-07	-8.590707e-07	9284
1118477	2.692434e-07	-9.536994e-07	-8.591092e-07	9284
1126733	2.691456e-07	-9.536924e-07	-8.591477e-07	9284
1134989	2.690478e-07	-9.536852e-07	-8.591862e-07	9284
1143245	2.689500e-07	-9.536782e-07	-8.592247e-07	9284
1151501	2.688522e-07	-9.536711e-07	-8.592632e-07	9284
4944	2.014183e-07	-9.224631e-07	-7.848195e-07	12345
13200	2.013303e-07	-9.224578e-07	-7.848483e-07	12345
21456	2.012423e-07	-9.224525e-07	-7.848771e-07	12345
29712	2.011543e-07	-9.224472e-07	-7.849059e-07	12345
37968	2.010663e-07	-9.224419e-07	-7.849346e-07	12345
46224	2.009783e-07	-9.224366e-07	-7.849633e-07	12345
54480	2.008903e-07	-9.224314e-07	-7.849921e-07	12345
62736	2.008023e-07	-9.224261e-07	-7.850208e-07	12345
70992	2.007143e-07	-9.224208e-07	-7.850495e-07	12345
79248	2.006263e-07	-9.224156e-07	-7.850782e-07	12345
87504	2.005383e-07	-9.224103e-07	-7.851069e-07	12345
95760	2.004502e-07	-9.224050e-07	-7.851356e-07	12345
104016	2.003622e-07	-9.223997e-07	-7.851642e-07	12345
112272	2.002742e-07	-9.223945e-07	-7.851929e-07	12345
120528	2.001862e-07	-9.223892e-07	-7.852215e-07	12345
128784	2.000981e-07	-9.223839e-07	-7.852501e-07	12345
137040	2.000101e-07	-9.223787e-07	-7.852787e-07	12345
145296	1.999220e-07	-9.223734e-07	-7.853073e-07	12345
153552	1.998340e-07	-9.223682e-07	-7.853359e-07	12345
161808	1.997459e-07	-9.223629e-07	-7.853645e-07	12345
170064	1.996579e-07	-9.223577e-07	-7.853930e-07	12345
178320	1.995698e-07	-9.223525e-07	-7.854215e-07	12345
186576	1.994817e-07	-9.223472e-07	-7.854501e-07	12345
194832	1.993937e-07	-9.223419e-07	-7.854786e-07	12345
203088	1.993056e-07	-9.223367e-07	-7.855071e-07	12345
211344	1.992175e-07	-9.223315e-07	-7.855356e-07	12345
219600	1.991294e-07	-9.223263e-07	-7.855641e-07	12345
227856	1.990413e-07	-9.223210e-07	-7.855925e-07	12345
236112	1.989532e-07	-9.223158e-07	-7.856210e-07	12345
244368	1.988651e-07	-9.223106e-07	-7.856494e-07	12345
252624	1.987770e-07	-9.223053e-07	-7.856779e-07	12345
260880	1.986889e-07	-9.223001e-07	-7.857063e-07	12345
269136	1.986008e-07	-9.222949e-07	-7.857347e-07	12345
277392	1.985127e-07	-9.222897e-07	-7.857631e-07	12345
285648	1.984246e-07	-9.222845e-07	-7.857914e-07	12345
293904	1.983365e-07	-9.222792e-07	-7.858198e-07	12345
302160	1.982483e-07	-9.222740e-07	-7.858482e-07	12345
310416	1.981602e-07	-9.222688e-07	-7.858765e-07	12345
318672	1.980721e-07	-9.222636e-07	-7.859048e-07	12345
326928	1.979839e-07	-9.222584e-07	-7.859331e-07	12345
335184	1.978958e-07	-9.222532e-07	-7.859614e-07	12345
343440	1.978076e-07	-9.222480e-07	-7.859898e-07	12345
351696	1.977195e-07	-9.222428e-07	-7.860180e-07	12345
359952	1.976313e-07	-9.222376e-07	-7.860463e-07	12345
368208	1.975432e-07	-9.222325e-07	-7.860746e-07	12345
376464	1.974550e-07	-9.222272e-07	-7.861028e-07	12345
384720	1.973668e-07	-9.222221e-07	-7.861310e-07	12345
392976	1.972787e-07	-9.222169e-07	-7.861592e-07	12345
401232	1.971905e-07	-9.222117e-07	-7.861874e-07	12345
409488	1.971023e-07	-9.222065e-07	-7.862156e-07	12345
417744	1.970141e-07	-9.222014e-07	-7.862438e-07	12345
426000	1.969259e-07	-9.221961e-07	-7.862719e-07	12345
434256	1.968377e-07	-9.221910e-07	-7.863001e-07	12345
442512	1.967495e-07	-9.221858e-07	-7.863283e-07	12345
450768	1.966613e-07	-9.221807e-07	-7.863563e-07	12345
459024	1.965731e-07	-9.221755e-07	-7.863845e-07	12345
467280	1.964849e-07	-9.221703e-07	-7.864126e-07	12345
475536	1.963967e-07	-9.221652e-07	-7.864406e-07	12345
483792	1.963085e-07	-9.221600e-07	-7.864687e-07	12345
492048	1.962202e-07	-9.221549e-07	-7.864968e-07	12345
500304	1.961320e-07	-9.221497e-07	-7.865248e-07	12345
508560	1.960438e-07	-9.221445e-07	-7.865529e-07	12345
516816	1.959555e-07	-9.221394e-07	-7.865809e-07	12345
525072	1.958673e-07	-9.221342e-07	-7.866089e-07	12345
533328	1.957791e-07	-9.221291e-07	-7.866369e-07	12345
541584	1.956908e-07	-9.221239e-07	-7.866649e-07	12345
549840	1.956026e-07	-9.221188e-07	-7.866929e-07	12345
558096	1.955143e-07	-9.221137e-07	-7.867208e-07	12345
566352	1.954260e-07	-9.221085e-07	-7.867488e-07	12345
574608	1.953378e-07	-9.221034e-07	-7.867768e-07	12345
582864	1.952495e-07	-9.220983e-07	-7.868047e-07	12345
591120	1.951612e-07	-9.220931e-07	-7.868326e-07	12345
599376	1.950730e-07	-9.220880e-07	-7.868605e-07	12345
607632	1.949847e-07	-9.220829e-07	-7.868883e-07	12345
615888	1.948964e-07	-9.220778e-07	-7.869162e-07	12345
624144	1.948081e-07	-9.220727e-07	-7.869441e-07	12345
632400	1.947198e-07	-9.220676e-07	-7.869719e-07	12345
640656	1.946315e-07	-9.220624e-07	-7.869997e-07	12345
648912	1.945432e-07	-9.220573e-07	-7.870276e-07	12345
657168	1.944549e-07	-9.220522e-07	-7.870554e-07	12345
665424	1.943666e-07	-9.220471e-07	-7.870832e-07	12345
673680	1.942783e-07	-9.220420e-07	-7.871110e-07	12345
681936	1.941900e-07	-9.220369e-07	-7.871387e-07	12345
690192	1.941016e-07	-9.220318e-07	-7.871665e-07	12345
698448	1.940133e-07	-9.220267e-07	-7.871942e-07	12345
706704	1.939250e-07	-9.220216e-07	-7.872219e-07	12345
714960	1.938366e-07	-9.220165e-07	-7.872497e-07	12345
723216	1.937483e-07	-9.220114e-07	-7.872774e-07	12345
731472	1.936599e-07	-9.220063e-07	-7.873051e-07	12345
739728	1.935716e-07	-9.220012e-07	-7.873328e-07	12345
747984	1.934832e-07	-9.219962e-07	-7.873604e-07	12345
756240	1.933949e-07	-9.219911e-07	-7.873881e-07	12345
764496	1.933065e-07	-9.219860e-07	-7.874157e-07	12345
772752	1.932182e-07	-9.219809e-07	-7.874434e-07	12345
781008	1.931298e-07	-9.219759e-07	-7.874710e-07	12345
789264	1.930414e-07	-9.219708e-07	-7.874986e-07	12345
797520	1.929531e-07	-9.219657e-07	-7.875262e-07	12345
805776	1.928647e-07	-9.219606e-07	-7.875538e-07	12345
814032	1.927763e-07	-9.219556e-07	-7.875814e-07	12345
822288	1.926879e-07	-9.219505e-07	-7.876089e-07	12345
830544	1.925995e-07	-9.219455e-07	-7.876365e-07	12345
838800	1.925111e-07	-9.219404e-07	-7.876640e-07	12345
847056	1.924227e-07	-9.219353e-07	-7.876915e-07	12345
855312	1.923343e-07	-9.219303e-07	-7.877190e-07	12345
863568	1.922459e-07	-9.219252e-07	-7.877465e-07	12345
871824	1.921575e-07	-9.219202e-07	-7.877740e-07	12345
880080	1.920691e-07	-9.219152e-07	-7.878014e-07	12345
888336	1.919806e-07	-9.219101e-07	-7.878289e-07	12345
896592	1.918922e-07	-9.219050e-07	-7.878563e-07	12345
904848	1.918038e-07	-9.219000e-07	-7.878838e-07	12345
913104	1.917154e-07	-9.218950e-07	-7.879112e-07	12345
921360	1.916269e-07	-9.218899e-07	-7.879386e-07	12345
929616	1.915385e-07	-9.218849e-07	-7.879660e-07	12345
937872	1.914500e-07	-9.218799e-07	-7.879934e-07	12345
946128	1.913616e-07	-9.218749e-07	-7.880207e-07	12345
954384	1.912731e-07	-9.218699e-07	-7.880481e-07	12345
962640	1.911847e-07	-9.218648e-07	-7.880754e-07	12345
970896	1.910962e-07	-9.218598e-07	-7.881027e-07	12345
979152	1.910077e-07	-9.218548e-07	-7.881300e-07	12345
987408	1.909193e-07	-9.218497e-07	-7.881574e-07	12345
995664	1.908308e-07	-9.218447e-07	-7.881846e-07	12345
1003920	1.907423e-07	-9.218397e-07	-7.882119e-07	12345
1012176	1.906538e-07	-9.218347e-07	-7.882392e-07	12345
1020432	1.905653e-07	-9.218297e-07	-7.882664e-07	12345
1028688	1.904769e-07	-9.218247e-07	-7.882937e-07	12345
1036944	1.903884e-07	-9.218197e-07	-7.883209e-07	12345
1045200	1.902999e-07	-9.218147e-07	-7.883481e-07	12345
1053456	1.902114e-07	-9.218097e-07	-7.883753e-07	12345
1061712	1.901229e-07	-9.218047e-07	-7.884025e-07	12345
1069968	1.900343e-07	-9.217997e-07	-7.884297e-07	12345
1078224	1.899458e-07	-9.217948e-07	-7.884568e-07	12345
1086480	1.898573e-07	-9.217898e-07	-7.884840e-07	12345
1094736	1.897688e-07	-9.217848e-07	-7.885111e-07	12345
1102992	1.896803e-07	-9.217798e-07	-7.885383e-07	12345
1111248	1.895917e-07	-9.217748e-07	-7.885654e-07	12345
1119504	1.895032e-07	-9.217698e-07	-7.885924e-07	12345
1127760	1.894147e-07	-9.217649e-07	-7.886196e-07	12345
1136016	1.893261e-07	-9.217599e-07	-7.886466e-07	12345
1144272	1.892376e-07	-9.217549e-07	-7.886737e-07	12345
1152528	1.891490e-07	-9.217500e-07	-7.887007e-07	12345
220385	3.992866e-07	-9.192266e-07	-8.487409e-07	14935
228641	3.991894e-07	-9.192161e-07	-8.487980e-07	14935
236897	3.990921e-07	-9.192055e-07	-8.488552e-07	14935
245153	3.989949e-07	-9.191950e-07	-8.489123e-07	14935
253409	3.988976e-07	-9.191844e-07	-8.489694e-07	14935
261665	3.988003e-07	-9.191739e-07	-8.490265e-07	14935
269921	3.987031e-07	-9.191633e-07	-8.490836e-07	14935
278177	3.986058e-07	-9.191528e-07	-8.491407e-07	14935
286433	3.985085e-07	-9.191422e-07	-8.491978e-07	14935
294689	3.984112e-07	-9.191317e-07	-8.492548e-07	14935
302945	3.983139e-07	-9.191212e-07	-8.493119e-07	14935
311201	3.982165e-07	-9.191106e-07	-8.493689e-07	14935
319457	3.981192e-07	-9.191001e-07	-8.494259e-07	14935
327713	3.980219e-07	-9.190896e-07	-8.494829e-07	14935
335969	3.979245e-07	-9.190791e-07	-8.495399e-07	14935
344225	3.978272e-07	-9.190686e-07	-8.495969e-07	14935
352481	3.977298e-07	-9.190580e-07	-8.496539e-07	14935
360737	3.976325e-07	-9.190475e-07	-8.497108e-07	14935
368993	3.975351e-07	-9.190370e-07	-8.497677e-07	14935
377249	3.974377e-07	-9.190265e-07	-8.498246e-07	14935
385505	3.973403e-07	-9.190160e-07	-8.498815e-07	14935
393761	3.972429e-07	-9.190055e-07	-8.499384e-07	14935
402017	3.971455e-07	-9.189950e-07	-8.499953e-07	14935
410273	3.970481e-07	-9.189845e-07	-8.500522e-07	14935
418529	3.969506e-07	-9.189740e-07	-8.501090e-07	14935
426785	3.968532e-07	-9.189635e-07	-8.501659e-07	14935
435041	3.967558e-07	-9.189530e-07	-8.502226e-07	14935
443297	3.966583e-07	-9.189425e-07	-8.502794e-07	14935
451553	3.965609e-07	-9.189321e-07	-8.503363e-07	14935
459809	3.964634e-07	-9.189216e-07	-8.503930e-07	14935
468065	3.963659e-07	-9.189111e-07	-8.504498e-07	14935
476321	3.962684e-07	-9.189006e-07	-8.505065e-07	14935
484577	3.961709e-07	-9.188901e-07	-8.505633e-07	14935
492833	3.960734e-07	-9.188797e-07	-8.506200e-07	14935
501089	3.959759e-07	-9.188692e-07	-8.506767e-07	14935
509345	3.958784e-07	-9.188587e-07	-8.507334e-07	14935
517601	3.957809e-07	-9.188483e-07	-8.507901e-07	14935
525857	3.956833e-07	-9.188378e-07	-8.508467e-07	14935
534113	3.955858e-07	-9.188274e-07	-8.509034e-07	14935
542369	3.954882e-07	-9.188169e-07	-8.509600e-07	14935
550625	3.953907e-07	-9.188064e-07	-8.510166e-07	14935
558881	3.952931e-07	-9.187960e-07	-8.510733e-07	14935
567137	3.951955e-07	-9.187855e-07	-8.511299e-07	14935
575393	3.950979e-07	-9.187751e-07	-8.511864e-07	14935
583649	3.950003e-07	-9.187647e-07	-8.512430e-07	14935
591905	3.949027e-07	-9.187542e-07	-8.512995e-07	14935
600161	3.948051e-07	-9.187438e-07	-8.513561e-07	14935
608417	3.947075e-07	-9.187333e-07	-8.514126e-07	14935
616673	3.946099e-07	-9.187229e-07	-8.514691e-07	14935
624929	3.945122e-07	-9.187125e-07	-8.515256e-07	14935
633185	3.944146e-07	-9.187020e-07	-8.515821e-07	14935
641441	3.943169e-07	-9.186916e-07	-8.516386e-07	14935
649697	3.942193e-07	-9.186812e-07	-8.516950e-07	14935
657953	3.941216e-07	-9.186708e-07	-8.517515e-07	14935
666209	3.940239e-07	-9.186604e-07	-8.518079e-07	14935
674465	3.939262e-07	-9.186500e-07	-8.518643e-07	14935
682721	3.938285e-07	-9.186395e-07	-8.519207e-07	14935
690977	3.937308e-07	-9.186291e-07	-8.519771e-07	14935
699233	3.936331e-07	-9.186187e-07	-8.520335e-07	14935
707489	3.935354e-07	-9.186083e-07	-8.520898e-07	14935
715745	3.934377e-07	-9.185979e-07	-8.521462e-07	14935
724001	3.933399e-07	-9.185875e-07	-8.522025e-07	14935
732257	3.932422e-07	-9.185771e-07	-8.522588e-07	14935
740513	3.931444e-07	-9.185667e-07	-8.523151e-07	14935
748769	3.930467e-07	-9.185563e-07	-8.523714e-07	14935
757025	3.929489e-07	-9.185459e-07	-8.524277e-07	14935
765281	3.928511e-07	-9.185355e-07	-8.524839e-07	14935
773537	3.927533e-07	-9.185252e-07	-8.525402e-07	14935
781793	3.926555e-07	-9.185148e-07	-8.525964e-07	14935
790049	3.925577e-07	-9.185044e-07	-8.526526e-07	14935
798305	3.924599e-07	-9.184940e-07	-8.527088e-07	14935
806561	3.923621e-07	-9.184836e-07	-8.527650e-07	14935
814817	3.922642e-07	-9.184733e-07	-8.528212e-07	14935
823073	3.921664e-07	-9.184629e-07	-8.528773e-07	14935
831329	3.920686e-07	-9.184525e-07	-8.529335e-07	14935
839585	3.919707e-07	-9.184422e-07	-8.529896e-07	14935
847841	3.918728e-07	-9.184319e-07	-8.530457e-07	14935
856097	3.917750e-07	-9.184214e-07	-8.531018e-07	14935
864353	3.916771e-07	-9.184111e-07	-8.531579e-07	14935
872609	3.915792e-07	-9.184008e-07	-8.532140e-07	14935
880865	3.914813e-07	-9.183904e-07	-8.532700e-07	14935
889121	3.913834e-07	-9.183801e-07	-8.533261e-07	14935
897377	3.912855e-07	-9.183697e-07	-8.533821e-07	14935
905633	3.911876e-07	-9.183594e-07	-8.534382e-07	14935
913889	3.910896e-07	-9.183490e-07	-8.534942e-07	14935
922145	3.909917e-07	-9.183387e-07	-8.535501e-07	14935
930401	3.908937e-07	-9.183284e-07	-8.536061e-07	14935
938657	3.907958e-07	-9.183181e-07	-8.536621e-07	14935
946913	3.906978e-07	-9.183077e-07	-8.537181e-07	14935
955169	3.905999e-07	-9.182974e-07	-8.537740e-07	14935
963425	3.905019e-07	-9.182871e-07	-8.538299e-07	14935
971681	3.904039e-07	-9.182767e-07	-8.538858e-07	14935
979937	3.903059e-07	-9.182664e-07	-8.539417e-07	14935
988193	3.902079e-07	-9.182561e-07	-8.539976e-07	14935
996449	3.901099e-07	-9.182458e-07	-8.540534e-07	14935
1004705	3.900118e-07	-9.182355e-07	-8.541093e-07	14935
1012961	3.899138e-07	-9.182252e-07	-8.541651e-07	14935
1021217	3.898158e-07	-9.182149e-07	-8.542210e-07	14935
1029473	3.897177e-07	-9.182046e-07	-8.542768e-07	14935
1037729	3.896197e-07	-9.181943e-07	-8.543325e-07	14935
1045985	3.895216e-07	-9.181840e-07	-8.543884e-07	14935
1054241	3.894236e-07	-9.181737e-07	-8.544441e-07	14935
1062497	3.893255e-07	-9.181634e-07	-8.544998e-07	14935
1070753	3.892274e-07	-9.181531e-07	-8.545556e-07	14935
1079009	3.891293e-07	-9.181428e-07	-8.546113e-07	14935
1087265	3.890312e-07	-9.181325e-07	-8.546670e-07	14935
1095521	3.889331e-07	-9.181222e-07	-8.547227e-07	14935
1103777	3.888350e-07	-9.181120e-07	-8.547784e-07	14935
1112033	3.887368e-07	-9.181017e-07	-8.548341e-07	14935
1120289	3.886387e-07	-9.180914e-07	-8.548897e-07	14935
1128545	3.885405e-07	-9.180811e-07	-8.549454e-07	14935
1136801	3.884424e-07	-9.180709e-07	-8.550010e-07	14935
1145057	3.883442e-07	-9.180606e-07	-8.550566e-07	14935
1153313	3.882461e-07	-9.180504e-07	-8.551122e-07	14935
2079	2.873267e-07	-9.160329e-07	-8.098388e-07	4665
10335	2.872350e-07	-9.160254e-07	-8.098799e-07	4665
18591	2.871433e-07	-9.160178e-07	-8.099209e-07	4665
26847	2.870515e-07	-9.160102e-07	-8.099620e-07	4665
35103	2.869597e-07	-9.160026e-07	-8.100031e-07	4665
43359	2.868680e-07	-9.159951e-07	-8.100442e-07	4665
51615	2.867762e-07	-9.159875e-07	-8.100852e-07	4665
59871	2.866844e-07	-9.159800e-07	-8.101263e-07	4665
68127	2.865926e-07	-9.159724e-07	-8.101673e-07	4665
76383	2.865009e-07	-9.159648e-07	-8.102083e-07	4665
84639	2.864091e-07	-9.159573e-07	-8.102493e-07	4665
92895	2.863173e-07	-9.159497e-07	-8.102903e-07	4665
101151	2.862255e-07	-9.159422e-07	-8.103312e-07	4665
109407	2.861337e-07	-9.159347e-07	-8.103722e-07	4665
117663	2.860418e-07	-9.159271e-07	-8.104132e-07	4665
125919	2.859500e-07	-9.159195e-07	-8.104541e-07	4665
134175	2.858582e-07	-9.159120e-07	-8.104950e-07	4665
142431	2.857663e-07	-9.159045e-07	-8.105359e-07	4665
150687	2.856745e-07	-9.158969e-07	-8.105768e-07	4665
158943	2.855826e-07	-9.158894e-07	-8.106176e-07	4665
167199	2.854908e-07	-9.158819e-07	-8.106585e-07	4665
175455	2.853989e-07	-9.158744e-07	-8.106994e-07	4665
183711	2.853071e-07	-9.158668e-07	-8.107402e-07	4665
191967	2.852152e-07	-9.158593e-07	-8.107810e-07	4665
200223	2.851233e-07	-9.158518e-07	-8.108219e-07	4665
208479	2.850314e-07	-9.158442e-07	-8.108626e-07	4665
216735	2.849395e-07	-9.158367e-07	-8.109034e-07	4665
224991	2.848476e-07	-9.158292e-07	-8.109442e-07	4665
233247	2.847557e-07	-9.158217e-07	-8.109849e-07	4665
241503	2.846638e-07	-9.158142e-07	-8.110257e-07	4665
249759	2.845719e-07	-9.158067e-07	-8.110664e-07	4665
258015	2.844800e-07	-9.157992e-07	-8.111072e-07	4665
266271	2.843881e-07	-9.157917e-07	-8.111479e-07	4665
274527	2.842961e-07	-9.157842e-07	-8.111886e-07	4665
282783	2.842042e-07	-9.157767e-07	-8.112292e-07	4665
291039	2.841122e-07	-9.157692e-07	-8.112699e-07	4665
299295	2.840203e-07	-9.157617e-07	-8.113105e-07	4665
307551	2.839283e-07	-9.157542e-07	-8.113512e-07	4665
315807	2.838364e-07	-9.157467e-07	-8.113918e-07	4665
324063	2.837444e-07	-9.157392e-07	-8.114324e-07	4665
332319	2.836524e-07	-9.157317e-07	-8.114730e-07	4665
340575	2.835605e-07	-9.157243e-07	-8.115136e-07	4665
348831	2.834685e-07	-9.157168e-07	-8.115542e-07	4665
357087	2.833765e-07	-9.157093e-07	-8.115948e-07	4665
365343	2.832845e-07	-9.157018e-07	-8.116353e-07	4665
373599	2.831925e-07	-9.156944e-07	-8.116758e-07	4665
381855	2.831005e-07	-9.156869e-07	-8.117163e-07	4665
390111	2.830084e-07	-9.156794e-07	-8.117568e-07	4665
398367	2.829164e-07	-9.156720e-07	-8.117973e-07	4665
406623	2.828244e-07	-9.156645e-07	-8.118378e-07	4665
414879	2.827323e-07	-9.156571e-07	-8.118783e-07	4665
423135	2.826403e-07	-9.156496e-07	-8.119188e-07	4665
431391	2.825483e-07	-9.156421e-07	-8.119592e-07	4665
439647	2.824562e-07	-9.156347e-07	-8.119996e-07	4665
447903	2.823641e-07	-9.156273e-07	-8.120400e-07	4665
456159	2.822721e-07	-9.156198e-07	-8.120804e-07	4665
464415	2.821800e-07	-9.156124e-07	-8.121208e-07	4665
472671	2.820879e-07	-9.156049e-07	-8.121612e-07	4665
480927	2.819959e-07	-9.155975e-07	-8.122016e-07	4665
489183	2.819038e-07	-9.155901e-07	-8.122419e-07	4665
497439	2.818117e-07	-9.155826e-07	-8.122822e-07	4665
505695	2.817196e-07	-9.155752e-07	-8.123226e-07	4665
513951	2.816275e-07	-9.155678e-07	-8.123629e-07	4665
522207	2.815353e-07	-9.155603e-07	-8.124032e-07	4665
530463	2.814432e-07	-9.155529e-07	-8.124434e-07	4665
538719	2.813511e-07	-9.155455e-07	-8.124837e-07	4665
546975	2.812590e-07	-9.155381e-07	-8.125240e-07	4665
555231	2.811668e-07	-9.155307e-07	-8.125642e-07	4665
563487	2.810747e-07	-9.155232e-07	-8.126045e-07	4665
571743	2.809825e-07	-9.155158e-07	-8.126447e-07	4665
579999	2.808904e-07	-9.155085e-07	-8.126849e-07	4665
588255	2.807982e-07	-9.155010e-07	-8.127251e-07	4665
596511	2.807061e-07	-9.154936e-07	-8.127652e-07	4665
604767	2.806139e-07	-9.154862e-07	-8.128054e-07	4665
613023	2.805217e-07	-9.154788e-07	-8.128455e-07	4665
621279	2.804295e-07	-9.154714e-07	-8.128857e-07	4665
629535	2.803373e-07	-9.154641e-07	-8.129258e-07	4665
637791	2.802451e-07	-9.154567e-07	-8.129659e-07	4665
646047	2.801529e-07	-9.154493e-07	-8.130060e-07	4665
654303	2.800607e-07	-9.154419e-07	-8.130461e-07	4665
662559	2.799685e-07	-9.154345e-07	-8.130862e-07	4665
670815	2.798763e-07	-9.154271e-07	-8.131262e-07	4665
679071	2.797841e-07	-9.154197e-07	-8.131663e-07	4665
687327	2.796918e-07	-9.154123e-07	-8.132063e-07	4665
695583	2.795996e-07	-9.154050e-07	-8.132463e-07	4665
703839	2.795074e-07	-9.153976e-07	-8.132864e-07	4665
712095	2.794151e-07	-9.153902e-07	-8.133263e-07	4665
720351	2.793228e-07	-9.153829e-07	-8.133663e-07	4665
728607	2.792306e-07	-9.153755e-07	-8.134063e-07	4665
736863	2.791383e-07	-9.153682e-07	-8.134463e-07	4665
745119	2.790460e-07	-9.153608e-07	-8.134862e-07	4665
753375	2.789538e-07	-9.153534e-07	-8.135261e-07	4665
761631	2.788615e-07	-9.153460e-07	-8.135660e-07	4665
769887	2.787692e-07	-9.153387e-07	-8.136059e-07	4665
778143	2.786769e-07	-9.153314e-07	-8.136458e-07	4665
786399	2.785846e-07	-9.153240e-07	-8.136857e-07	4665
794655	2.784923e-07	-9.153167e-07	-8.137255e-07	4665
802911	2.784000e-07	-9.153093e-07	-8.137654e-07	4665
811167	2.783077e-07	-9.153020e-07	-8.138052e-07	4665
819423	2.782153e-07	-9.152947e-07	-8.138450e-07	4665
827679	2.781230e-07	-9.152873e-07	-8.138849e-07	4665
835935	2.780307e-07	-9.152800e-07	-8.139247e-07	4665
844191	2.779383e-07	-9.152727e-07	-8.139644e-07	4665
852447	2.778459e-07	-9.152653e-07	-8.140042e-07	4665
860703	2.777536e-07	-9.152580e-07	-8.140439e-07	4665
868959	2.776612e-07	-9.152507e-07	-8.140837e-07	4665
877215	2.775689e-07	-9.152434e-07	-8.141234e-07	4665
885471	2.774765e-07	-9.152361e-07	-8.141631e-07	4665
893727	2.773841e-07	-9.152287e-07	-8.142028e-07	4665
901983	2.772917e-07	-9.152214e-07	-8.142425e-07	4665
910239	2.771993e-07	-9.152141e-07	-8.142822e-07	4665
918495	2.771069e-07	-9.152068e-07	-8.143218e-07	4665
926751	2.770145e-07	-9.151995e-07	-8.143615e-07	4665
935007	2.769221e-07	-9.151922e-07	-8.144011e-07	4665
943263	2.768297e-07	-9.151849e-07	-8.144407e-07	4665
951519	2.767373e-07	-9.151776e-07	-8.144804e-07	4665
959775	2.766448e-07	-9.151703e-07	-8.145200e-07	4665
968031	2.765524e-07	-9.151630e-07	-8.145595e-07	4665
976287	2.764600e-07	-9.151557e-07	-8.145991e-07	4665
984543	2.763675e-07	-9.151484e-07	-8.146387e-07	4665
992799	2.762751e-07	-9.151411e-07	-8.146782e-07	4665
1001055	2.761826e-07	-9.151339e-07	-8.147177e-07	4665
1009311	2.760902e-07	-9.151266e-07	-8.147572e-07	4665
1017567	2.759977e-07	-9.151193e-07	-8.147967e-07	4665
1025823	2.759052e-07	-9.151120e-07	-8.148363e-07	4665
1034079	2.758127e-07	-9.151047e-07	-8.148757e-07	4665
1042335	2.757203e-07	-9.150975e-07	-8.149152e-07	4665
1050591	2.756278e-07	-9.150902e-07	-8.149546e-07	4665
1058847	2.755353e-07	-9.150829e-07	-8.149941e-07	4665
1067103	2.754428e-07	-9.150757e-07	-8.150335e-07	4665
1075359	2.753503e-07	-9.150684e-07	-8.150729e-07	4665
1083615	2.752577e-07	-9.150612e-07	-8.151123e-07	4665
1091871	2.751652e-07	-9.150539e-07	-8.151517e-07	4665
1100127	2.750727e-07	-9.150467e-07	-8.151911e-07	4665
1108383	2.749802e-07	-9.150394e-07	-8.152304e-07	4665
1116639	2.748876e-07	-9.150322e-07	-8.152697e-07	4665
1124895	2.747951e-07	-9.150249e-07	-8.153091e-07	4665
1133151	2.747025e-07	-9.150177e-07	-8.153484e-07	4665
1141407	2.746100e-07	-9.150104e-07	-8.153877e-07	4665
1149663	2.745174e-07	-9.150032e-07	-8.154270e-07	4665
4529	1.052835e-07	-9.084911e-07	-7.403196e-07	11065
12785	1.052015e-07	-9.084883e-07	-7.403347e-07	11065
21041	1.051195e-07	-9.084856e-07	-7.403496e-07	11065
29297	1.050375e-07	-9.084828e-07	-7.403646e-07	11065
37553	1.049556e-07	-9.084801e-07	-7.403796e-07	11065
45809	1.048736e-07	-9.084774e-07	-7.403946e-07	11065
54065	1.047916e-07	-9.084746e-07	-7.404095e-07	11065
62321	1.047096e-07	-9.084720e-07	-7.404245e-07	11065
70577	1.046276e-07	-9.084692e-07	-7.404394e-07	11065
78833	1.045456e-07	-9.084665e-07	-7.404543e-07	11065
87089	1.044637e-07	-9.084638e-07	-7.404692e-07	11065
95345	1.043817e-07	-9.084611e-07	-7.404841e-07	11065
103601	1.042997e-07	-9.084583e-07	-7.404990e-07	11065
111857	1.042177e-07	-9.084557e-07	-7.405139e-07	11065
120113	1.041357e-07	-9.084529e-07	-7.405287e-07	11065
128369	1.040537e-07	-9.084503e-07	-7.405436e-07	11065
136625	1.039717e-07	-9.084475e-07	-7.405584e-07	11065
144881	1.038897e-07	-9.084448e-07	-7.405732e-07	11065
153137	1.038077e-07	-9.084421e-07	-7.405880e-07	11065
161393	1.037257e-07	-9.084394e-07	-7.406028e-07	11065
169649	1.036437e-07	-9.084367e-07	-7.406176e-07	11065
177905	1.035616e-07	-9.084341e-07	-7.406324e-07	11065
186161	1.034796e-07	-9.084313e-07	-7.406472e-07	11065
194417	1.033976e-07	-9.084287e-07	-7.406619e-07	11065
202673	1.033156e-07	-9.084260e-07	-7.406766e-07	11065
210929	1.032336e-07	-9.084233e-07	-7.406914e-07	11065
219185	1.031515e-07	-9.084206e-07	-7.407061e-07	11065
227441	1.030695e-07	-9.084179e-07	-7.407208e-07	11065
235697	1.029875e-07	-9.084152e-07	-7.407355e-07	11065
243953	1.029054e-07	-9.084126e-07	-7.407502e-07	11065
252209	1.028234e-07	-9.084099e-07	-7.407648e-07	11065
260465	1.027414e-07	-9.084072e-07	-7.407795e-07	11065
268721	1.026593e-07	-9.084046e-07	-7.407942e-07	11065
276977	1.025773e-07	-9.084019e-07	-7.408088e-07	11065
285233	1.024953e-07	-9.083992e-07	-7.408234e-07	11065
293489	1.024132e-07	-9.083965e-07	-7.408380e-07	11065
301745	1.023312e-07	-9.083939e-07	-7.408526e-07	11065
310001	1.022491e-07	-9.083913e-07	-7.408672e-07	11065
318257	1.021671e-07	-9.083886e-07	-7.408818e-07	11065
326513	1.020850e-07	-9.083859e-07	-7.408964e-07	11065
334769	1.020030e-07	-9.083833e-07	-7.409109e-07	11065
343025	1.019209e-07	-9.083806e-07	-7.409254e-07	11065
351281	1.018389e-07	-9.083780e-07	-7.409400e-07	11065
359537	1.017568e-07	-9.083753e-07	-7.409545e-07	11065
367793	1.016747e-07	-9.083727e-07	-7.409690e-07	11065
376049	1.015927e-07	-9.083701e-07	-7.409835e-07	11065
384305	1.015106e-07	-9.083674e-07	-7.409980e-07	11065
392561	1.014285e-07	-9.083648e-07	-7.410125e-07	11065
400817	1.013465e-07	-9.083622e-07	-7.410269e-07	11065
409073	1.012644e-07	-9.083595e-07	-7.410413e-07	11065
417329	1.011823e-07	-9.083569e-07	-7.410558e-07	11065
425585	1.011002e-07	-9.083543e-07	-7.410702e-07	11065
433841	1.010181e-07	-9.083516e-07	-7.410846e-07	11065
442097	1.009361e-07	-9.083490e-07	-7.410990e-07	11065
450353	1.008540e-07	-9.083464e-07	-7.411134e-07	11065
458609	1.007719e-07	-9.083437e-07	-7.411278e-07	11065
466865	1.006898e-07	-9.083411e-07	-7.411422e-07	11065
475121	1.006077e-07	-9.083385e-07	-7.411565e-07	11065
483377	1.005256e-07	-9.083359e-07	-7.411709e-07	11065
491633	1.004435e-07	-9.083333e-07	-7.411852e-07	11065
499889	1.003614e-07	-9.083307e-07	-7.411995e-07	11065
508145	1.002793e-07	-9.083281e-07	-7.412138e-07	11065
516401	1.001972e-07	-9.083255e-07	-7.412281e-07	11065
524657	1.001151e-07	-9.083229e-07	-7.412424e-07	11065
532913	1.000330e-07	-9.083203e-07	-7.412567e-07	11065
541169	9.995090e-08	-9.083177e-07	-7.412709e-07	11065
549425	9.986879e-08	-9.083151e-07	-7.412851e-07	11065
557681	9.978667e-08	-9.083125e-07	-7.412994e-07	11065
565937	9.970456e-08	-9.083099e-07	-7.413136e-07	11065
574193	9.962245e-08	-9.083073e-07	-7.413278e-07	11065
582449	9.954032e-08	-9.083047e-07	-7.413420e-07	11065
590705	9.945821e-08	-9.083021e-07	-7.413562e-07	11065
598961	9.937608e-08	-9.082996e-07	-7.413704e-07	11065
607217	9.929396e-08	-9.082970e-07	-7.413846e-07	11065
615473	9.921183e-08	-9.082944e-07	-7.413987e-07	11065
623729	9.912970e-08	-9.082918e-07	-7.414129e-07	11065
631985	9.904757e-08	-9.082893e-07	-7.414270e-07	11065
640241	9.896544e-08	-9.082867e-07	-7.414411e-07	11065
648497	9.888330e-08	-9.082841e-07	-7.414552e-07	11065
656753	9.880117e-08	-9.082815e-07	-7.414693e-07	11065
665009	9.871902e-08	-9.082790e-07	-7.414833e-07	11065
673265	9.863688e-08	-9.082764e-07	-7.414974e-07	11065
681521	9.855474e-08	-9.082739e-07	-7.415115e-07	11065
689777	9.847259e-08	-9.082713e-07	-7.415255e-07	11065
698033	9.839044e-08	-9.082688e-07	-7.415396e-07	11065
706289	9.830829e-08	-9.082662e-07	-7.415536e-07	11065
714545	9.822614e-08	-9.082636e-07	-7.415676e-07	11065
722801	9.814399e-08	-9.082611e-07	-7.415816e-07	11065
731057	9.806183e-08	-9.082585e-07	-7.415956e-07	11065
739313	9.797967e-08	-9.082560e-07	-7.416096e-07	11065
747569	9.789751e-08	-9.082535e-07	-7.416235e-07	11065
755825	9.781535e-08	-9.082509e-07	-7.416375e-07	11065
764081	9.773319e-08	-9.082484e-07	-7.416514e-07	11065
772337	9.765102e-08	-9.082459e-07	-7.416654e-07	11065
780593	9.756885e-08	-9.082433e-07	-7.416793e-07	11065
788849	9.748668e-08	-9.082408e-07	-7.416932e-07	11065
797105	9.740451e-08	-9.082382e-07	-7.417071e-07	11065
805361	9.732233e-08	-9.082357e-07	-7.417210e-07	11065
813617	9.724015e-08	-9.082332e-07	-7.417348e-07	11065
821873	9.715797e-08	-9.082307e-07	-7.417487e-07	11065
830129	9.707579e-08	-9.082282e-07	-7.417626e-07	11065
838385	9.699361e-08	-9.082256e-07	-7.417764e-07	11065
846641	9.691143e-08	-9.082231e-07	-7.417902e-07	11065
854897	9.682924e-08	-9.082206e-07	-7.418040e-07	11065
863153	9.674705e-08	-9.082181e-07	-7.418178e-07	11065
871409	9.666486e-08	-9.082156e-07	-7.418316e-07	11065
879665	9.658267e-08	-9.082131e-07	-7.418454e-07	11065
887921	9.650047e-08	-9.082106e-07	-7.418591e-07	11065
896177	9.641827e-08	-9.082081e-07	-7.418729e-07	11065
904433	9.633607e-08	-9.082055e-07	-7.418867e-07	11065
912689	9.625387e-08	-9.082030e-07	-7.419004e-07	11065
920945	9.617167e-08	-9.082005e-07	-7.419141e-07	11065
929201	9.608947e-08	-9.081981e-07	-7.419278e-07	11065
937457	9.600726e-08	-9.081956e-07	-7.419414e-07	11065
945713	9.592505e-08	-9.081931e-07	-7.419551e-07	11065
953969	9.584284e-08	-9.081906e-07	-7.419688e-07	11065
962225	9.576062e-08	-9.081881e-07	-7.419825e-07	11065
970481	9.567840e-08	-9.081857e-07	-7.419961e-07	11065
978737	9.559619e-08	-9.081832e-07	-7.420098e-07	11065
986993	9.551397e-08	-9.081807e-07	-7.420234e-07	11065
995249	9.543174e-08	-9.081782e-07	-7.420370e-07	11065
1003505	9.534952e-08	-9.081757e-07	-7.420506e-07	11065
1011761	9.526730e-08	-9.081733e-07	-7.420642e-07	11065
1020017	9.518507e-08	-9.081708e-07	-7.420778e-07	11065
1028273	9.510283e-08	-9.081683e-07	-7.420913e-07	11065
1036529	9.502060e-08	-9.081659e-07	-7.421049e-07	11065
1044785	9.493837e-08	-9.081634e-07	-7.421184e-07	11065
1053041	9.485613e-08	-9.081609e-07	-7.421319e-07	11065
1061297	9.477390e-08	-9.081585e-07	-7.421455e-07	11065
1069553	9.469166e-08	-9.081560e-07	-7.421589e-07	11065
1077809	9.460942e-08	-9.081535e-07	-7.421725e-07	11065
1086065	9.452717e-08	-9.081511e-07	-7.421859e-07	11065
1094321	9.444493e-08	-9.081486e-07	-7.421994e-07	11065
1102577	9.436268e-08	-9.081462e-07	-7.422129e-07	11065
1110833	9.428043e-08	-9.081438e-07	-7.422263e-07	11065
1119089	9.419818e-08	-9.081413e-07	-7.422398e-07	11065
1127345	9.411593e-08	-9.081389e-07	-7.422532e-07	11065
1135601	9.403367e-08	-9.081364e-07	-7.422666e-07	11065
1143857	9.395141e-08	-9.081340e-07	-7.422800e-07	11065
1152113	9.386915e-08	-9.081315e-07	-7.422934e-07	11065
4863	1.666557e-07	-9.058849e-07	-7.593754e-07	12089
13119	1.665709e-07	-9.058805e-07	-7.593993e-07	12089
21375	1.664862e-07	-9.058762e-07	-7.594231e-07	12089
29631	1.664014e-07	-9.058718e-07	-7.594468e-07	12089
37887	1.663166e-07	-9.058674e-07	-7.594706e-07	12089
46143	1.662318e-07	-9.058631e-07	-7.594944e-07	12089
54399	1.661470e-07	-9.058587e-07	-7.595181e-07	12089
62655	1.660622e-07	-9.058543e-07	-7.595419e-07	12089
70911	1.659774e-07	-9.058500e-07	-7.595656e-07	12089
79167	1.658926e-07	-9.058456e-07	-7.595893e-07	12089
87423	1.658078e-07	-9.058413e-07	-7.596130e-07	12089
95679	1.657230e-07	-9.058369e-07	-7.596367e-07	12089
103935	1.656382e-07	-9.058326e-07	-7.596604e-07	12089
112191	1.655534e-07	-9.058282e-07	-7.596840e-07	12089
120447	1.654686e-07	-9.058239e-07	-7.597077e-07	12089
128703	1.653838e-07	-9.058196e-07	-7.597313e-07	12089
136959	1.652989e-07	-9.058153e-07	-7.597550e-07	12089
145215	1.652141e-07	-9.058109e-07	-7.597786e-07	12089
153471	1.651293e-07	-9.058066e-07	-7.598022e-07	12089
161727	1.650444e-07	-9.058023e-07	-7.598258e-07	12089
169983	1.649596e-07	-9.057979e-07	-7.598494e-07	12089
178239	1.648748e-07	-9.057936e-07	-7.598729e-07	12089
186495	1.647899e-07	-9.057893e-07	-7.598965e-07	12089
194751	1.647051e-07	-9.057850e-07	-7.599201e-07	12089
203007	1.646202e-07	-9.057807e-07	-7.599436e-07	12089
211263	1.645354e-07	-9.057763e-07	-7.599671e-07	12089
219519	1.644505e-07	-9.057720e-07	-7.599906e-07	12089
227775	1.643656e-07	-9.057677e-07	-7.600141e-07	12089
236031	1.642808e-07	-9.057634e-07	-7.600376e-07	12089
244287	1.641959e-07	-9.057591e-07	-7.600610e-07	12089
252543	1.641110e-07	-9.057548e-07	-7.600845e-07	12089
260799	1.640261e-07	-9.057505e-07	-7.601080e-07	12089
269055	1.639413e-07	-9.057462e-07	-7.601314e-07	12089
277311	1.638564e-07	-9.057419e-07	-7.601548e-07	12089
285567	1.637715e-07	-9.057376e-07	-7.601782e-07	12089
293823	1.636866e-07	-9.057333e-07	-7.602016e-07	12089
302079	1.636017e-07	-9.057290e-07	-7.602250e-07	12089
310335	1.635168e-07	-9.057247e-07	-7.602484e-07	12089
318591	1.634319e-07	-9.057205e-07	-7.602717e-07	12089
326847	1.633470e-07	-9.057161e-07	-7.602951e-07	12089
335103	1.632621e-07	-9.057119e-07	-7.603184e-07	12089
343359	1.631772e-07	-9.057076e-07	-7.603418e-07	12089
351615	1.630923e-07	-9.057033e-07	-7.603651e-07	12089
359871	1.630074e-07	-9.056990e-07	-7.603884e-07	12089
368127	1.629224e-07	-9.056948e-07	-7.604116e-07	12089
376383	1.628375e-07	-9.056905e-07	-7.604349e-07	12089
384639	1.627526e-07	-9.056862e-07	-7.604582e-07	12089
392895	1.626676e-07	-9.056820e-07	-7.604814e-07	12089
401151	1.625827e-07	-9.056777e-07	-7.605047e-07	12089
409407	1.624978e-07	-9.056735e-07	-7.605279e-07	12089
417663	1.624128e-07	-9.056692e-07	-7.605511e-07	12089
425919	1.623279e-07	-9.056649e-07	-7.605743e-07	12089
434175	1.622429e-07	-9.056607e-07	-7.605975e-07	12089
442431	1.621580e-07	-9.056564e-07	-7.606207e-07	12089
450687	1.620730e-07	-9.056522e-07	-7.606439e-07	12089
458943	1.619881e-07	-9.056479e-07	-7.606670e-07	12089
467199	1.619031e-07	-9.056437e-07	-7.606902e-07	12089
475455	1.618181e-07	-9.056395e-07	-7.607133e-07	12089
483711	1.617332e-07	-9.056352e-07	-7.607364e-07	12089
491967	1.616482e-07	-9.056309e-07	-7.607595e-07	12089
500223	1.615632e-07	-9.056267e-07	-7.607826e-07	12089
508479	1.614782e-07	-9.056225e-07	-7.608057e-07	12089
516735	1.613932e-07	-9.056183e-07	-7.608288e-07	12089
524991	1.613083e-07	-9.056141e-07	-7.608518e-07	12089
533247	1.612233e-07	-9.056098e-07	-7.608749e-07	12089
541503	1.611383e-07	-9.056056e-07	-7.608979e-07	12089
549759	1.610533e-07	-9.056014e-07	-7.609210e-07	12089
558015	1.609683e-07	-9.055971e-07	-7.609439e-07	12089
566271	1.608833e-07	-9.055929e-07	-7.609669e-07	12089
574527	1.607983e-07	-9.055887e-07	-7.609899e-07	12089
582783	1.607133e-07	-9.055845e-07	-7.610129e-07	12089
591039	1.606282e-07	-9.055803e-07	-7.610358e-07	12089
599295	1.605432e-07	-9.055761e-07	-7.610588e-07	12089
607551	1.604582e-07	-9.055719e-07	-7.610817e-07	12089
615807	1.603732e-07	-9.055677e-07	-7.611047e-07	12089
624063	1.602882e-07	-9.055635e-07	-7.611276e-07	12089
632319	1.602031e-07	-9.055593e-07	-7.611505e-07	12089
640575	1.601181e-07	-9.055551e-07	-7.611733e-07	12089
648831	1.600330e-07	-9.055508e-07	-7.611962e-07	12089
657087	1.599480e-07	-9.055467e-07	-7.612191e-07	12089
665343	1.598630e-07	-9.055425e-07	-7.612419e-07	12089
673599	1.597779e-07	-9.055383e-07	-7.612648e-07	12089
681855	1.596929e-07	-9.055341e-07	-7.612876e-07	12089
690111	1.596078e-07	-9.055299e-07	-7.613104e-07	12089
698367	1.595227e-07	-9.055257e-07	-7.613332e-07	12089
706623	1.594377e-07	-9.055216e-07	-7.613560e-07	12089
714879	1.593526e-07	-9.055174e-07	-7.613788e-07	12089
723135	1.592675e-07	-9.055132e-07	-7.614016e-07	12089
731391	1.591825e-07	-9.055091e-07	-7.614243e-07	12089
739647	1.590974e-07	-9.055049e-07	-7.614470e-07	12089
747903	1.590123e-07	-9.055007e-07	-7.614698e-07	12089
756159	1.589272e-07	-9.054966e-07	-7.614925e-07	12089
764415	1.588422e-07	-9.054924e-07	-7.615152e-07	12089
772671	1.587571e-07	-9.054882e-07	-7.615379e-07	12089
780927	1.586720e-07	-9.054841e-07	-7.615606e-07	12089
789183	1.585869e-07	-9.054799e-07	-7.615832e-07	12089
797439	1.585018e-07	-9.054758e-07	-7.616059e-07	12089
805695	1.584167e-07	-9.054716e-07	-7.616285e-07	12089
813951	1.583316e-07	-9.054675e-07	-7.616512e-07	12089
822207	1.582465e-07	-9.054633e-07	-7.616738e-07	12089
830463	1.581613e-07	-9.054592e-07	-7.616964e-07	12089
838719	1.580762e-07	-9.054550e-07	-7.617190e-07	12089
846975	1.579911e-07	-9.054509e-07	-7.617415e-07	12089
855231	1.579060e-07	-9.054467e-07	-7.617641e-07	12089
863487	1.578209e-07	-9.054426e-07	-7.617867e-07	12089
871743	1.577357e-07	-9.054385e-07	-7.618092e-07	12089
879999	1.576506e-07	-9.054343e-07	-7.618318e-07	12089
888255	1.575655e-07	-9.054302e-07	-7.618543e-07	12089
896511	1.574803e-07	-9.054261e-07	-7.618768e-07	12089
904767	1.573952e-07	-9.054219e-07	-7.618993e-07	12089
913023	1.573100e-07	-9.054178e-07	-7.619217e-07	12089
921279	1.572249e-07	-9.054137e-07	-7.619442e-07	12089
929535	1.571397e-07	-9.054096e-07	-7.619667e-07	12089
937791	1.570546e-07	-9.054054e-07	-7.619892e-07	12089
946047	1.569694e-07	-9.054014e-07	-7.620116e-07	12089
954303	1.568843e-07	-9.053973e-07	-7.620340e-07	12089
962559	1.567991e-07	-9.053931e-07	-7.620564e-07	12089
970815	1.567139e-07	-9.053890e-07	-7.620788e-07	12089
979071	1.566288e-07	-9.053849e-07	-7.621012e-07	12089
987327	1.565436e-07	-9.053808e-07	-7.621236e-07	12089
995583	1.564584e-07	-9.053767e-07	-7.621459e-07	12089
1003839	1.563732e-07	-9.053726e-07	-7.621683e-07	12089
1012095	1.562880e-07	-9.053685e-07	-7.621906e-07	12089
1020351	1.562028e-07	-9.053644e-07	-7.622129e-07	12089
1028607	1.561177e-07	-9.053603e-07	-7.622352e-07	12089
1036863	1.560325e-07	-9.053563e-07	-7.622576e-07	12089
1045119	1.559472e-07	-9.053522e-07	-7.622799e-07	12089
1053375	1.558621e-07	-9.053481e-07	-7.623021e-07	12089
1061631	1.557768e-07	-9.053440e-07	-7.623244e-07	12089
1069887	1.556916e-07	-9.053399e-07	-7.623466e-07	12089
1078143	1.556064e-07	-9.053359e-07	-7.623689e-07	12089
1086399	1.555212e-07	-9.053318e-07	-7.623911e-07	12089
1094655	1.554360e-07	-9.053277e-07	-7.624133e-07	12089
1102911	1.553508e-07	-9.053236e-07	-7.624355e-07	12089
1111167	1.552655e-07	-9.053196e-07	-7.624577e-07	12089
1119423	1.551803e-07	-9.053155e-07	-7.624799e-07	12089
1127679	1.550951e-07	-9.053114e-07	-7.625021e-07	12089
1135935	1.550098e-07	-9.053074e-07	-7.625242e-07	12089
1144191	1.549246e-07	-9.053033e-07	-7.625463e-07	12089
1152447	1.548394e-07	-9.052993e-07	-7.625685e-07	12089
6245	2.454129e-07	-8.898093e-07	-7.892224e-07	16967
14501	2.453235e-07	-8.898028e-07	-7.892575e-07	16967
22757	2.452340e-07	-8.897964e-07	-7.892926e-07	16967
31013	2.451445e-07	-8.897899e-07	-7.893277e-07	16967
39269	2.450550e-07	-8.897834e-07	-7.893627e-07	16967
47525	2.449655e-07	-8.897770e-07	-7.893978e-07	16967
55781	2.448760e-07	-8.897705e-07	-7.894328e-07	16967
64037	2.447865e-07	-8.897641e-07	-7.894679e-07	16967
72293	2.446969e-07	-8.897576e-07	-7.895029e-07	16967
80549	2.446074e-07	-8.897512e-07	-7.895379e-07	16967
88805	2.445179e-07	-8.897447e-07	-7.895729e-07	16967
97061	2.444283e-07	-8.897383e-07	-7.896078e-07	16967
105317	2.443388e-07	-8.897318e-07	-7.896429e-07	16967
113573	2.442493e-07	-8.897254e-07	-7.896778e-07	16967
121829	2.441597e-07	-8.897190e-07	-7.897127e-07	16967
130085	2.440702e-07	-8.897126e-07	-7.897476e-07	16967
138341	2.439806e-07	-8.897061e-07	-7.897826e-07	16967
146597	2.438911e-07	-8.896997e-07	-7.898175e-07	16967
154853	2.438015e-07	-8.896933e-07	-7.898523e-07	16967
163109	2.437119e-07	-8.896869e-07	-7.898872e-07	16967
171365	2.436223e-07	-8.896805e-07	-7.899221e-07	16967
179621	2.435328e-07	-8.896740e-07	-7.899569e-07	16967
187877	2.434432e-07	-8.896676e-07	-7.899918e-07	16967
196133	2.433536e-07	-8.896612e-07	-7.900266e-07	16967
204389	2.432640e-07	-8.896548e-07	-7.900614e-07	16967
212645	2.431744e-07	-8.896484e-07	-7.900962e-07	16967
220901	2.430847e-07	-8.896420e-07	-7.901310e-07	16967
229157	2.429951e-07	-8.896356e-07	-7.901658e-07	16967
237413	2.429055e-07	-8.896292e-07	-7.902005e-07	16967
245669	2.428159e-07	-8.896228e-07	-7.902353e-07	16967
253925	2.427263e-07	-8.896164e-07	-7.902700e-07	16967
262181	2.426366e-07	-8.896100e-07	-7.903047e-07	16967
270437	2.425470e-07	-8.896036e-07	-7.903394e-07	16967
278693	2.424573e-07	-8.895972e-07	-7.903741e-07	16967
286949	2.423677e-07	-8.895909e-07	-7.904088e-07	16967
295205	2.422780e-07	-8.895844e-07	-7.904435e-07	16967
303461	2.421884e-07	-8.895781e-07	-7.904781e-07	16967
311717	2.420987e-07	-8.895717e-07	-7.905128e-07	16967
319973	2.420090e-07	-8.895653e-07	-7.905474e-07	16967
328229	2.419194e-07	-8.895590e-07	-7.905820e-07	16967
336485	2.418297e-07	-8.895526e-07	-7.906166e-07	16967
344741	2.417400e-07	-8.895462e-07	-7.906512e-07	16967
352997	2.416503e-07	-8.895398e-07	-7.906858e-07	16967
361253	2.415606e-07	-8.895335e-07	-7.907204e-07	16967
369509	2.414709e-07	-8.895271e-07	-7.907549e-07	16967
377765	2.413812e-07	-8.895208e-07	-7.907894e-07	16967
386021	2.412915e-07	-8.895144e-07	-7.908240e-07	16967
394277	2.412017e-07	-8.895080e-07	-7.908585e-07	16967
402533	2.411120e-07	-8.895017e-07	-7.908930e-07	16967
410789	2.410223e-07	-8.894954e-07	-7.909275e-07	16967
419045	2.409326e-07	-8.894890e-07	-7.909620e-07	16967
427301	2.408428e-07	-8.894826e-07	-7.909964e-07	16967
435557	2.407531e-07	-8.894763e-07	-7.910309e-07	16967
443813	2.406634e-07	-8.894700e-07	-7.910653e-07	16967
452069	2.405736e-07	-8.894636e-07	-7.910998e-07	16967
460325	2.404838e-07	-8.894573e-07	-7.911341e-07	16967
468581	2.403941e-07	-8.894510e-07	-7.911685e-07	16967
476837	2.403043e-07	-8.894447e-07	-7.912029e-07	16967
485093	2.402145e-07	-8.894383e-07	-7.912373e-07	16967
493349	2.401247e-07	-8.894320e-07	-7.912717e-07	16967
501605	2.400350e-07	-8.894257e-07	-7.913060e-07	16967
509861	2.399452e-07	-8.894194e-07	-7.913404e-07	16967
518117	2.398554e-07	-8.894131e-07	-7.913747e-07	16967
526373	2.397656e-07	-8.894067e-07	-7.914090e-07	16967
534629	2.396758e-07	-8.894004e-07	-7.914433e-07	16967
542885	2.395860e-07	-8.893941e-07	-7.914776e-07	16967
551141	2.394962e-07	-8.893878e-07	-7.915119e-07	16967
559397	2.394063e-07	-8.893815e-07	-7.915461e-07	16967
567653	2.393165e-07	-8.893752e-07	-7.915804e-07	16967
575909	2.392267e-07	-8.893689e-07	-7.916146e-07	16967
584165	2.391369e-07	-8.893626e-07	-7.916488e-07	16967
592421	2.390470e-07	-8.893563e-07	-7.916830e-07	16967
600677	2.389571e-07	-8.893500e-07	-7.917172e-07	16967
608933	2.388673e-07	-8.893437e-07	-7.917513e-07	16967
617189	2.387775e-07	-8.893374e-07	-7.917856e-07	16967
625445	2.386876e-07	-8.893311e-07	-7.918197e-07	16967
633701	2.385977e-07	-8.893248e-07	-7.918538e-07	16967
641957	2.385079e-07	-8.893185e-07	-7.918879e-07	16967
650213	2.384180e-07	-8.893123e-07	-7.919221e-07	16967
658469	2.383281e-07	-8.893060e-07	-7.919562e-07	16967
666725	2.382382e-07	-8.892997e-07	-7.919903e-07	16967
674981	2.381483e-07	-8.892935e-07	-7.920244e-07	16967
683237	2.380584e-07	-8.892872e-07	-7.920584e-07	16967
691493	2.379685e-07	-8.892809e-07	-7.920925e-07	16967
699749	2.378786e-07	-8.892746e-07	-7.921265e-07	16967
708005	2.377887e-07	-8.892684e-07	-7.921605e-07	16967
716261	2.376988e-07	-8.892621e-07	-7.921946e-07	16967
724517	2.376089e-07	-8.892559e-07	-7.922285e-07	16967
732773	2.375189e-07	-8.892496e-07	-7.922625e-07	16967
741029	2.374290e-07	-8.892434e-07	-7.922965e-07	16967
749285	2.373391e-07	-8.892371e-07	-7.923305e-07	16967
757541	2.372491e-07	-8.892309e-07	-7.923644e-07	16967
765797	2.371592e-07	-8.892246e-07	-7.923983e-07	16967
774053	2.370692e-07	-8.892184e-07	-7.924323e-07	16967
782309	2.369793e-07	-8.892121e-07	-7.924662e-07	16967
790565	2.368893e-07	-8.892059e-07	-7.925001e-07	16967
798821	2.367994e-07	-8.891997e-07	-7.925340e-07	16967
807077	2.367094e-07	-8.891934e-07	-7.925678e-07	16967
815333	2.366194e-07	-8.891872e-07	-7.926017e-07	16967
823589	2.365294e-07	-8.891810e-07	-7.926355e-07	16967
831845	2.364394e-07	-8.891747e-07	-7.926694e-07	16967
840101	2.363495e-07	-8.891685e-07	-7.927032e-07	16967
848357	2.362595e-07	-8.891623e-07	-7.927370e-07	16967
856613	2.361694e-07	-8.891561e-07	-7.927708e-07	16967
864869	2.360794e-07	-8.891498e-07	-7.928045e-07	16967
873125	2.359894e-07	-8.891436e-07	-7.928383e-07	16967
881381	2.358994e-07	-8.891374e-07	-7.928721e-07	16967
889637	2.358094e-07	-8.891312e-07	-7.929058e-07	16967
897893	2.357194e-07	-8.891250e-07	-7.929395e-07	16967
906149	2.356293e-07	-8.891188e-07	-7.929733e-07	16967
914405	2.355393e-07	-8.891126e-07	-7.930070e-07	16967
922661	2.354492e-07	-8.891064e-07	-7.930407e-07	16967
930917	2.353592e-07	-8.891002e-07	-7.930743e-07	16967
939173	2.352692e-07	-8.890940e-07	-7.931080e-07	16967
947429	2.351791e-07	-8.890878e-07	-7.931417e-07	16967
955685	2.350890e-07	-8.890816e-07	-7.931753e-07	16967
963941	2.349990e-07	-8.890754e-07	-7.932089e-07	16967
972197	2.349089e-07	-8.890692e-07	-7.932425e-07	16967
980453	2.348188e-07	-8.890631e-07	-7.932761e-07	16967
988709	2.347287e-07	-8.890569e-07	-7.933097e-07	16967
996965	2.346387e-07	-8.890507e-07	-7.933433e-07	16967
1005221	2.345486e-07	-8.890445e-07	-7.933768e-07	16967
1013477	2.344585e-07	-8.890383e-07	-7.934104e-07	16967
1021733	2.343684e-07	-8.890322e-07	-7.934439e-07	16967
1029989	2.342783e-07	-8.890260e-07	-7.934775e-07	16967
1038245	2.341881e-07	-8.890198e-07	-7.935110e-07	16967
1046501	2.340980e-07	-8.890137e-07	-7.935445e-07	16967
1054757	2.340079e-07	-8.890075e-07	-7.935780e-07	16967
1063013	2.339178e-07	-8.890013e-07	-7.936114e-07	16967
1071269	2.338276e-07	-8.889952e-07	-7.936449e-07	16967
1079525	2.337375e-07	-8.889891e-07	-7.936783e-07	16967
1087781	2.336474e-07	-8.889829e-07	-7.937118e-07	16967
1096037	2.335572e-07	-8.889767e-07	-7.937452e-07	16967
1104293	2.334671e-07	-8.889706e-07	-7.937786e-07	16967
1112549	2.333769e-07	-8.889645e-07	-7.938120e-07	16967
1120805	2.332868e-07	-8.889583e-07	-7.938453e-07	16967
1129061	2.331966e-07	-8.889522e-07	-7.938787e-07	16967
1137317	2.331064e-07	-8.889460e-07	-7.939121e-07	16967
1145573	2.330163e-07	-8.889399e-07	-7.939454e-07	16967
1153829	2.329261e-07	-8.889338e-07	-7.939788e-07	16967
4781	1.426785e-07	-8.889204e-07	-7.377428e-07	11833
13037	1.425964e-07	-8.889167e-07	-7.377632e-07	11833
21293	1.425143e-07	-8.889130e-07	-7.377836e-07	11833
29549	1.424321e-07	-8.889092e-07	-7.378039e-07	11833
37805	1.423500e-07	-8.889055e-07	-7.378243e-07	11833
46061	1.422679e-07	-8.889018e-07	-7.378446e-07	11833
54317	1.421857e-07	-8.888981e-07	-7.378649e-07	11833
62573	1.421036e-07	-8.888943e-07	-7.378852e-07	11833
70829	1.420214e-07	-8.888906e-07	-7.379055e-07	11833
79085	1.419393e-07	-8.888869e-07	-7.379258e-07	11833
87341	1.418572e-07	-8.888832e-07	-7.379460e-07	11833
95597	1.417750e-07	-8.888795e-07	-7.379663e-07	11833
103853	1.416929e-07	-8.888758e-07	-7.379866e-07	11833
112109	1.416107e-07	-8.888721e-07	-7.380068e-07	11833
120365	1.415285e-07	-8.888683e-07	-7.380270e-07	11833
128621	1.414464e-07	-8.888646e-07	-7.380472e-07	11833
136877	1.413642e-07	-8.888609e-07	-7.380674e-07	11833
145133	1.412820e-07	-8.888572e-07	-7.380876e-07	11833
153389	1.411999e-07	-8.888535e-07	-7.381078e-07	11833
161645	1.411177e-07	-8.888499e-07	-7.381279e-07	11833
169901	1.410355e-07	-8.888462e-07	-7.381481e-07	11833
178157	1.409533e-07	-8.888425e-07	-7.381682e-07	11833
186413	1.408711e-07	-8.888388e-07	-7.381884e-07	11833
194669	1.407890e-07	-8.888351e-07	-7.382085e-07	11833
202925	1.407068e-07	-8.888314e-07	-7.382286e-07	11833
211181	1.406246e-07	-8.888277e-07	-7.382487e-07	11833
219437	1.405424e-07	-8.888240e-07	-7.382687e-07	11833
227693	1.404602e-07	-8.888204e-07	-7.382888e-07	11833
235949	1.403780e-07	-8.888167e-07	-7.383089e-07	11833
244205	1.402958e-07	-8.888130e-07	-7.383289e-07	11833
252461	1.402136e-07	-8.888094e-07	-7.383489e-07	11833
260717	1.401313e-07	-8.888057e-07	-7.383690e-07	11833
268973	1.400491e-07	-8.888020e-07	-7.383890e-07	11833
277229	1.399669e-07	-8.887984e-07	-7.384090e-07	11833
285485	1.398847e-07	-8.887947e-07	-7.384290e-07	11833
293741	1.398025e-07	-8.887911e-07	-7.384489e-07	11833
301997	1.397202e-07	-8.887874e-07	-7.384689e-07	11833
310253	1.396380e-07	-8.887837e-07	-7.384889e-07	11833
318509	1.395558e-07	-8.887801e-07	-7.385088e-07	11833
326765	1.394736e-07	-8.887765e-07	-7.385287e-07	11833
335021	1.393913e-07	-8.887728e-07	-7.385486e-07	11833
343277	1.393091e-07	-8.887691e-07	-7.385685e-07	11833
351533	1.392268e-07	-8.887655e-07	-7.385884e-07	11833
359789	1.391446e-07	-8.887619e-07	-7.386083e-07	11833
368045	1.390623e-07	-8.887582e-07	-7.386282e-07	11833
376301	1.389801e-07	-8.887546e-07	-7.386481e-07	11833
384557	1.388978e-07	-8.887509e-07	-7.386679e-07	11833
392813	1.388156e-07	-8.887473e-07	-7.386877e-07	11833
401069	1.387333e-07	-8.887437e-07	-7.387076e-07	11833
409325	1.386510e-07	-8.887401e-07	-7.387274e-07	11833
417581	1.385688e-07	-8.887365e-07	-7.387471e-07	11833
425837	1.384865e-07	-8.887328e-07	-7.387670e-07	11833
434093	1.384042e-07	-8.887292e-07	-7.387867e-07	11833
442349	1.383220e-07	-8.887256e-07	-7.388065e-07	11833
450605	1.382397e-07	-8.887220e-07	-7.388263e-07	11833
458861	1.381574e-07	-8.887184e-07	-7.388460e-07	11833
467117	1.380751e-07	-8.887147e-07	-7.388657e-07	11833
475373	1.379928e-07	-8.887112e-07	-7.388854e-07	11833
483629	1.379105e-07	-8.887075e-07	-7.389051e-07	11833
491885	1.378282e-07	-8.887039e-07	-7.389248e-07	11833
500141	1.377459e-07	-8.887003e-07	-7.389445e-07	11833
508397	1.376636e-07	-8.886967e-07	-7.389642e-07	11833
516653	1.375813e-07	-8.886931e-07	-7.389838e-07	11833
524909	1.374990e-07	-8.886895e-07	-7.390034e-07	11833
533165	1.374167e-07	-8.886859e-07	-7.390231e-07	11833
541421	1.373344e-07	-8.886823e-07	-7.390427e-07	11833
549677	1.372521e-07	-8.886788e-07	-7.390623e-07	11833
557933	1.371698e-07	-8.886751e-07	-7.390819e-07	11833
566189	1.370875e-07	-8.886715e-07	-7.391015e-07	11833
574445	1.370051e-07	-8.886680e-07	-7.391210e-07	11833
582701	1.369228e-07	-8.886644e-07	-7.391407e-07	11833
590957	1.368405e-07	-8.886608e-07	-7.391602e-07	11833
599213	1.367582e-07	-8.886572e-07	-7.391797e-07	11833
607469	1.366758e-07	-8.886537e-07	-7.391993e-07	11833
615725	1.365935e-07	-8.886501e-07	-7.392188e-07	11833
623981	1.365111e-07	-8.886465e-07	-7.392383e-07	11833
632237	1.364288e-07	-8.886429e-07	-7.392578e-07	11833
640493	1.363465e-07	-8.886394e-07	-7.392773e-07	11833
648749	1.362641e-07	-8.886358e-07	-7.392967e-07	11833
657005	1.361818e-07	-8.886323e-07	-7.393161e-07	11833
665261	1.360994e-07	-8.886287e-07	-7.393356e-07	11833
673517	1.360171e-07	-8.886252e-07	-7.393550e-07	11833
681773	1.359347e-07	-8.886216e-07	-7.393745e-07	11833
690029	1.358523e-07	-8.886180e-07	-7.393938e-07	11833
698285	1.357700e-07	-8.886145e-07	-7.394133e-07	11833
706541	1.356876e-07	-8.886109e-07	-7.394327e-07	11833
714797	1.356052e-07	-8.886074e-07	-7.394520e-07	11833
723053	1.355228e-07	-8.886038e-07	-7.394714e-07	11833
731309	1.354405e-07	-8.886003e-07	-7.394908e-07	11833
739565	1.353581e-07	-8.885967e-07	-7.395101e-07	11833
747821	1.352757e-07	-8.885932e-07	-7.395294e-07	11833
756077	1.351933e-07	-8.885897e-07	-7.395487e-07	11833
764333	1.351109e-07	-8.885862e-07	-7.395680e-07	11833
772589	1.350285e-07	-8.885826e-07	-7.395873e-07	11833
780845	1.349461e-07	-8.885791e-07	-7.396066e-07	11833
789101	1.348637e-07	-8.885756e-07	-7.396258e-07	11833
797357	1.347813e-07	-8.885721e-07	-7.396451e-07	11833
805613	1.346989e-07	-8.885685e-07	-7.396644e-07	11833
813869	1.346165e-07	-8.885650e-07	-7.396836e-07	11833
822125	1.345341e-07	-8.885615e-07	-7.397028e-07	11833
830381	1.344517e-07	-8.885580e-07	-7.397220e-07	11833
838637	1.343693e-07	-8.885544e-07	-7.397412e-07	11833
846893	1.342869e-07	-8.885509e-07	-7.397604e-07	11833
855149	1.342045e-07	-8.885474e-07	-7.397796e-07	11833
863405	1.341220e-07	-8.885439e-07	-7.397987e-07	11833
871661	1.340396e-07	-8.885404e-07	-7.398178e-07	11833
879917	1.339572e-07	-8.885369e-07	-7.398370e-07	11833
888173	1.338747e-07	-8.885334e-07	-7.398561e-07	11833
896429	1.337923e-07	-8.885299e-07	-7.398752e-07	11833
904685	1.337099e-07	-8.885264e-07	-7.398943e-07	11833
912941	1.336274e-07	-8.885229e-07	-7.399134e-07	11833
921197	1.335450e-07	-8.885194e-07	-7.399325e-07	11833
929453	1.334625e-07	-8.885160e-07	-7.399516e-07	11833
937709	1.333801e-07	-8.885124e-07	-7.399706e-07	11833
945965	1.332976e-07	-8.885090e-07	-7.399897e-07	11833
954221	1.332152e-07	-8.885055e-07	-7.400087e-07	11833
962477	1.331327e-07	-8.885020e-07	-7.400277e-07	11833
970733	1.330503e-07	-8.884985e-07	-7.400467e-07	11833
978989	1.329678e-07	-8.884950e-07	-7.400657e-07	11833
987245	1.328853e-07	-8.884916e-07	-7.400847e-07	11833
995501	1.328029e-07	-8.884881e-07	-7.401036e-07	11833
1003757	1.327204e-07	-8.884846e-07	-7.401226e-07	11833
1012013	1.326379e-07	-8.884812e-07	-7.401416e-07	11833
1020269	1.325555e-07	-8.884777e-07	-7.401605e-07	11833
1028525	1.324730e-07	-8.884742e-07	-7.401794e-07	11833
1036781	1.323905e-07	-8.884708e-07	-7.401983e-07	11833
1045037	1.323080e-07	-8.884673e-07	-7.402173e-07	11833
1053293	1.322255e-07	-8.884638e-07	-7.402361e-07	11833
1061549	1.321430e-07	-8.884604e-07	-7.402550e-07	11833
1069805	1.320605e-07	-8.884570e-07	-7.402739e-07	11833
1078061	1.319780e-07	-8.884535e-07	-7.402927e-07	11833
1086317	1.318955e-07	-8.884501e-07	-7.403116e-07	11833
1094573	1.318130e-07	-8.884466e-07	-7.403304e-07	11833
1102829	1.317305e-07	-8.884431e-07	-7.403492e-07	11833
1111085	1.316480e-07	-8.884397e-07	-7.403680e-07	11833
1119341	1.315655e-07	-8.884363e-07	-7.403868e-07	11833
1127597	1.314830e-07	-8.884329e-07	-7.404056e-07	11833
1135853	1.314005e-07	-8.884294e-07	-7.404244e-07	11833
1144109	1.313180e-07	-8.884260e-07	-7.404431e-07	11833
1152365	1.312355e-07	-8.884226e-07	-7.404619e-07	11833
5573	2.408712e-07	-8.853256e-07	-7.688467e-07	14410
13829	2.407845e-07	-8.853193e-07	-7.688813e-07	14410
22085	2.406978e-07	-8.853129e-07	-7.689156e-07	14410
30341	2.406111e-07	-8.853066e-07	-7.689501e-07	14410
38597	2.405244e-07	-8.853002e-07	-7.689845e-07	14410
46853	2.404377e-07	-8.852939e-07	-7.690189e-07	14410
55109	2.403510e-07	-8.852875e-07	-7.690533e-07	14410
63365	2.402643e-07	-8.852812e-07	-7.690877e-07	14410
71621	2.401776e-07	-8.852749e-07	-7.691220e-07	14410
79877	2.400909e-07	-8.852685e-07	-7.691564e-07	14410
88133	2.400042e-07	-8.852622e-07	-7.691908e-07	14410
96389	2.399174e-07	-8.852559e-07	-7.692251e-07	14410
104645	2.398307e-07	-8.852496e-07	-7.692594e-07	14410
112901	2.397440e-07	-8.852433e-07	-7.692937e-07	14410
121157	2.396572e-07	-8.852369e-07	-7.693280e-07	14410
129413	2.395705e-07	-8.852306e-07	-7.693623e-07	14410
137669	2.394837e-07	-8.852243e-07	-7.693965e-07	14410
145925	2.393969e-07	-8.852180e-07	-7.694308e-07	14410
154181	2.393102e-07	-8.852118e-07	-7.694651e-07	14410
162437	2.392234e-07	-8.852055e-07	-7.694993e-07	14410
170693	2.391367e-07	-8.851991e-07	-7.695335e-07	14410
178949	2.390499e-07	-8.851928e-07	-7.695677e-07	14410
187205	2.389631e-07	-8.851865e-07	-7.696019e-07	14410
195461	2.388763e-07	-8.851803e-07	-7.696361e-07	14410
203717	2.387895e-07	-8.851740e-07	-7.696702e-07	14410
211973	2.387027e-07	-8.851677e-07	-7.697044e-07	14410
220229	2.386159e-07	-8.851614e-07	-7.697386e-07	14410
228485	2.385291e-07	-8.851551e-07	-7.697727e-07	14410
236741	2.384423e-07	-8.851488e-07	-7.698068e-07	14410
244997	2.383554e-07	-8.851425e-07	-7.698409e-07	14410
253253	2.382686e-07	-8.851363e-07	-7.698750e-07	14410
261509	2.381818e-07	-8.851300e-07	-7.699091e-07	14410
269765	2.380949e-07	-8.851237e-07	-7.699431e-07	14410
278021	2.380081e-07	-8.851175e-07	-7.699772e-07	14410
286277	2.379213e-07	-8.851111e-07	-7.700113e-07	14410
294533	2.378344e-07	-8.851049e-07	-7.700453e-07	14410
302789	2.377476e-07	-8.850986e-07	-7.700793e-07	14410
311045	2.376607e-07	-8.850924e-07	-7.701133e-07	14410
319301	2.375738e-07	-8.850861e-07	-7.701473e-07	14410
327557	2.374870e-07	-8.850799e-07	-7.701813e-07	14410
335813	2.374001e-07	-8.850736e-07	-7.702153e-07	14410
344069	2.373132e-07	-8.850674e-07	-7.702492e-07	14410
352325	2.372263e-07	-8.850611e-07	-7.702832e-07	14410
360581	2.371394e-07	-8.850549e-07	-7.703171e-07	14410
368837	2.370525e-07	-8.850486e-07	-7.703511e-07	14410
377093	2.369656e-07	-8.850424e-07	-7.703849e-07	14410
385349	2.368787e-07	-8.850361e-07	-7.704189e-07	14410
393605	2.367918e-07	-8.850299e-07	-7.704527e-07	14410
401861	2.367049e-07	-8.850237e-07	-7.704866e-07	14410
410117	2.366180e-07	-8.850174e-07	-7.705204e-07	14410
418373	2.365311e-07	-8.850112e-07	-7.705543e-07	14410
426629	2.364441e-07	-8.850050e-07	-7.705881e-07	14410
434885	2.363572e-07	-8.849987e-07	-7.706220e-07	14410
443141	2.362702e-07	-8.849925e-07	-7.706557e-07	14410
451397	2.361833e-07	-8.849863e-07	-7.706896e-07	14410
459653	2.360963e-07	-8.849801e-07	-7.707233e-07	14410
2189	2.396201e-07	-8.849747e-07	-7.687827e-07	4921
467909	2.360094e-07	-8.849739e-07	-7.707571e-07	14410
10445	2.395334e-07	-8.849684e-07	-7.688170e-07	4921
476165	2.359224e-07	-8.849676e-07	-7.707908e-07	14410
18701	2.394467e-07	-8.849621e-07	-7.688512e-07	4921
484421	2.358355e-07	-8.849614e-07	-7.708246e-07	14410
26957	2.393600e-07	-8.849558e-07	-7.688855e-07	4921
492677	2.357485e-07	-8.849552e-07	-7.708583e-07	14410
35213	2.392733e-07	-8.849495e-07	-7.689197e-07	4921
500933	2.356615e-07	-8.849490e-07	-7.708921e-07	14410
43469	2.391866e-07	-8.849432e-07	-7.689539e-07	4921
509189	2.355745e-07	-8.849428e-07	-7.709258e-07	14410
51725	2.390999e-07	-8.849369e-07	-7.689881e-07	4921
517445	2.354875e-07	-8.849366e-07	-7.709594e-07	14410
59981	2.390132e-07	-8.849306e-07	-7.690223e-07	4921
525701	2.354005e-07	-8.849304e-07	-7.709932e-07	14410
68237	2.389265e-07	-8.849243e-07	-7.690565e-07	4921
533957	2.353135e-07	-8.849242e-07	-7.710268e-07	14410
76493	2.388398e-07	-8.849180e-07	-7.690907e-07	4921
542213	2.352266e-07	-8.849180e-07	-7.710605e-07	14410
550469	2.351396e-07	-8.849118e-07	-7.710941e-07	14410
84749	2.387531e-07	-8.849117e-07	-7.691249e-07	4921
558725	2.350525e-07	-8.849056e-07	-7.711278e-07	14410
93005	2.386663e-07	-8.849054e-07	-7.691590e-07	4921
566981	2.349655e-07	-8.848994e-07	-7.711614e-07	14410
101261	2.385796e-07	-8.848991e-07	-7.691932e-07	4921
575237	2.348785e-07	-8.848932e-07	-7.711950e-07	14410
109517	2.384929e-07	-8.848929e-07	-7.692273e-07	4921
583493	2.347915e-07	-8.848871e-07	-7.712286e-07	14410
117773	2.384061e-07	-8.848866e-07	-7.692614e-07	4921
591749	2.347044e-07	-8.848809e-07	-7.712622e-07	14410
126029	2.383194e-07	-8.848803e-07	-7.692955e-07	4921
600005	2.346174e-07	-8.848747e-07	-7.712957e-07	14410
134285	2.382326e-07	-8.848740e-07	-7.693296e-07	4921
608261	2.345304e-07	-8.848685e-07	-7.713293e-07	14410
142541	2.381459e-07	-8.848677e-07	-7.693637e-07	4921
616517	2.344433e-07	-8.848623e-07	-7.713629e-07	14410
150797	2.380591e-07	-8.848615e-07	-7.693977e-07	4921
624773	2.343563e-07	-8.848561e-07	-7.713964e-07	14410
159053	2.379723e-07	-8.848552e-07	-7.694318e-07	4921
633029	2.342692e-07	-8.848500e-07	-7.714299e-07	14410
167309	2.378856e-07	-8.848489e-07	-7.694658e-07	4921
641285	2.341822e-07	-8.848438e-07	-7.714634e-07	14410
175565	2.377988e-07	-8.848427e-07	-7.694998e-07	4921
649541	2.340951e-07	-8.848377e-07	-7.714969e-07	14410
183821	2.377120e-07	-8.848364e-07	-7.695339e-07	4921
657797	2.340080e-07	-8.848315e-07	-7.715304e-07	14410
192077	2.376252e-07	-8.848302e-07	-7.695679e-07	4921
666053	2.339209e-07	-8.848253e-07	-7.715639e-07	14410
200333	2.375384e-07	-8.848239e-07	-7.696019e-07	4921
674309	2.338339e-07	-8.848192e-07	-7.715973e-07	14410
208589	2.374516e-07	-8.848176e-07	-7.696358e-07	4921
682565	2.337468e-07	-8.848130e-07	-7.716308e-07	14410
216845	2.373648e-07	-8.848114e-07	-7.696698e-07	4921
690821	2.336597e-07	-8.848069e-07	-7.716642e-07	14410
225101	2.372780e-07	-8.848051e-07	-7.697038e-07	4921
699077	2.335726e-07	-8.848007e-07	-7.716976e-07	14410
233357	2.371912e-07	-8.847989e-07	-7.697377e-07	4921
707333	2.334855e-07	-8.847946e-07	-7.717310e-07	14410
241613	2.371044e-07	-8.847927e-07	-7.697716e-07	4921
715589	2.333984e-07	-8.847884e-07	-7.717644e-07	14410
249869	2.370175e-07	-8.847864e-07	-7.698055e-07	4921
723845	2.333113e-07	-8.847823e-07	-7.717978e-07	14410
258125	2.369307e-07	-8.847801e-07	-7.698395e-07	4921
732101	2.332242e-07	-8.847761e-07	-7.718312e-07	14410
266381	2.368439e-07	-8.847739e-07	-7.698733e-07	4921
740357	2.331370e-07	-8.847700e-07	-7.718646e-07	14410
274637	2.367570e-07	-8.847676e-07	-7.699072e-07	4921
748613	2.330499e-07	-8.847638e-07	-7.718979e-07	14410
282893	2.366702e-07	-8.847614e-07	-7.699410e-07	4921
756869	2.329628e-07	-8.847577e-07	-7.719312e-07	14410
291149	2.365833e-07	-8.847552e-07	-7.699749e-07	4921
765125	2.328756e-07	-8.847516e-07	-7.719646e-07	14410
299405	2.364965e-07	-8.847490e-07	-7.700087e-07	4921
773381	2.327885e-07	-8.847454e-07	-7.719979e-07	14410
307661	2.364096e-07	-8.847427e-07	-7.700426e-07	4921
781637	2.327014e-07	-8.847393e-07	-7.720312e-07	14410
315917	2.363228e-07	-8.847365e-07	-7.700764e-07	4921
789893	2.326142e-07	-8.847332e-07	-7.720644e-07	14410
324173	2.362359e-07	-8.847303e-07	-7.701102e-07	4921
798149	2.325270e-07	-8.847271e-07	-7.720977e-07	14410
332429	2.361490e-07	-8.847240e-07	-7.701440e-07	4921
806405	2.324399e-07	-8.847209e-07	-7.721309e-07	14410
340685	2.360621e-07	-8.847178e-07	-7.701778e-07	4921
814661	2.323527e-07	-8.847148e-07	-7.721642e-07	14410
348941	2.359753e-07	-8.847117e-07	-7.702116e-07	4921
822917	2.322655e-07	-8.847087e-07	-7.721974e-07	14410
357197	2.358884e-07	-8.847054e-07	-7.702453e-07	4921
831173	2.321784e-07	-8.847026e-07	-7.722306e-07	14410
365453	2.358015e-07	-8.846992e-07	-7.702790e-07	4921
839429	2.320912e-07	-8.846965e-07	-7.722639e-07	14410
373709	2.357146e-07	-8.846930e-07	-7.703127e-07	4921
847685	2.320040e-07	-8.846904e-07	-7.722971e-07	14410
381965	2.356277e-07	-8.846868e-07	-7.703465e-07	4921
855941	2.319168e-07	-8.846843e-07	-7.723302e-07	14410
390221	2.355407e-07	-8.846806e-07	-7.703802e-07	4921
864197	2.318296e-07	-8.846782e-07	-7.723634e-07	14410
398477	2.354538e-07	-8.846744e-07	-7.704139e-07	4921
872453	2.317424e-07	-8.846720e-07	-7.723966e-07	14410
406733	2.353669e-07	-8.846682e-07	-7.704476e-07	4921
880709	2.316552e-07	-8.846660e-07	-7.724297e-07	14410
414989	2.352800e-07	-8.846620e-07	-7.704812e-07	4921
888965	2.315680e-07	-8.846599e-07	-7.724628e-07	14410
423245	2.351931e-07	-8.846558e-07	-7.705149e-07	4921
897221	2.314808e-07	-8.846537e-07	-7.724960e-07	14410
431501	2.351061e-07	-8.846496e-07	-7.705485e-07	4921
905477	2.313936e-07	-8.846476e-07	-7.725291e-07	14410
439757	2.350192e-07	-8.846434e-07	-7.705821e-07	4921
913733	2.313064e-07	-8.846416e-07	-7.725622e-07	14410
448013	2.349322e-07	-8.846372e-07	-7.706158e-07	4921
921989	2.312191e-07	-8.846355e-07	-7.725953e-07	14410
456269	2.348453e-07	-8.846310e-07	-7.706494e-07	4921
930245	2.311319e-07	-8.846294e-07	-7.726284e-07	14410
4614	1.164255e-07	-8.846275e-07	-7.253089e-07	11321
464525	2.347583e-07	-8.846249e-07	-7.706830e-07	4921
12870	1.163451e-07	-8.846245e-07	-7.253255e-07	11321
938501	2.310447e-07	-8.846233e-07	-7.726614e-07	14410
21126	1.162646e-07	-8.846214e-07	-7.253421e-07	11321
472781	2.346714e-07	-8.846187e-07	-7.707166e-07	4921
29382	1.161842e-07	-8.846184e-07	-7.253587e-07	11321
946757	2.309574e-07	-8.846172e-07	-7.726944e-07	14410
37638	1.161037e-07	-8.846154e-07	-7.253752e-07	11321
481037	2.345844e-07	-8.846125e-07	-7.707501e-07	4921
45894	1.160233e-07	-8.846123e-07	-7.253918e-07	11321
955013	2.308702e-07	-8.846112e-07	-7.727275e-07	14410
54150	1.159428e-07	-8.846093e-07	-7.254084e-07	11321
489293	2.344974e-07	-8.846063e-07	-7.707836e-07	4921
62406	1.158623e-07	-8.846063e-07	-7.254249e-07	11321
963269	2.307829e-07	-8.846051e-07	-7.727605e-07	14410
70662	1.157819e-07	-8.846033e-07	-7.254415e-07	11321
78918	1.157014e-07	-8.846002e-07	-7.254579e-07	11321
497549	2.344105e-07	-8.846001e-07	-7.708172e-07	4921
971525	2.306956e-07	-8.845990e-07	-7.727935e-07	14410
87174	1.156209e-07	-8.845972e-07	-7.254745e-07	11321
95430	1.155404e-07	-8.845942e-07	-7.254910e-07	11321
505805	2.343235e-07	-8.845940e-07	-7.708507e-07	4921
979781	2.306084e-07	-8.845929e-07	-7.728265e-07	14410
103686	1.154600e-07	-8.845912e-07	-7.255074e-07	11321
111942	1.153795e-07	-8.845882e-07	-7.255239e-07	11321
514061	2.342365e-07	-8.845878e-07	-7.708842e-07	4921
988037	2.305211e-07	-8.845868e-07	-7.728595e-07	14410
120198	1.152990e-07	-8.845852e-07	-7.255404e-07	11321
128454	1.152185e-07	-8.845822e-07	-7.255568e-07	11321
522317	2.341495e-07	-8.845817e-07	-7.709177e-07	4921
996293	2.304339e-07	-8.845808e-07	-7.728925e-07	14410
136710	1.151380e-07	-8.845792e-07	-7.255733e-07	11321
144966	1.150575e-07	-8.845762e-07	-7.255897e-07	11321
530573	2.340625e-07	-8.845755e-07	-7.709513e-07	4921
1004549	2.303466e-07	-8.845747e-07	-7.729254e-07	14410
153222	1.149770e-07	-8.845732e-07	-7.256061e-07	11321
161478	1.148965e-07	-8.845702e-07	-7.256225e-07	11321
538829	2.339755e-07	-8.845693e-07	-7.709847e-07	4921
1012805	2.302593e-07	-8.845686e-07	-7.729583e-07	14410
169734	1.148160e-07	-8.845672e-07	-7.256389e-07	11321
177990	1.147355e-07	-8.845642e-07	-7.256553e-07	11321
547085	2.338885e-07	-8.845631e-07	-7.710182e-07	4921
1021061	2.301720e-07	-8.845626e-07	-7.729913e-07	14410
186246	1.146550e-07	-8.845612e-07	-7.256717e-07	11321
194502	1.145745e-07	-8.845582e-07	-7.256880e-07	11321
555341	2.338015e-07	-8.845570e-07	-7.710516e-07	4921
1029317	2.300847e-07	-8.845565e-07	-7.730242e-07	14410
202758	1.144940e-07	-8.845552e-07	-7.257044e-07	11321
211014	1.144135e-07	-8.845523e-07	-7.257207e-07	11321
563597	2.337145e-07	-8.845508e-07	-7.710851e-07	4921
1037573	2.299974e-07	-8.845504e-07	-7.730571e-07	14410
219270	1.143330e-07	-8.845493e-07	-7.257370e-07	11321
227526	1.142525e-07	-8.845463e-07	-7.257534e-07	11321
571853	2.336275e-07	-8.845446e-07	-7.711185e-07	4921
1045829	2.299101e-07	-8.845444e-07	-7.730901e-07	14410
235782	1.141720e-07	-8.845433e-07	-7.257696e-07	11321
244038	1.140914e-07	-8.845403e-07	-7.257859e-07	11321
580109	2.335404e-07	-8.845385e-07	-7.711519e-07	4921
1054085	2.298228e-07	-8.845383e-07	-7.731229e-07	14410
252294	1.140109e-07	-8.845374e-07	-7.258022e-07	11321
260550	1.139304e-07	-8.845344e-07	-7.258184e-07	11321
588365	2.334534e-07	-8.845324e-07	-7.711853e-07	4921
1062341	2.297355e-07	-8.845323e-07	-7.731558e-07	14410
268806	1.138499e-07	-8.845314e-07	-7.258347e-07	11321
277062	1.137693e-07	-8.845284e-07	-7.258510e-07	11321
1070597	2.296482e-07	-8.845263e-07	-7.731886e-07	14410
596621	2.333664e-07	-8.845262e-07	-7.712187e-07	4921
285318	1.136888e-07	-8.845255e-07	-7.258672e-07	11321
293574	1.136083e-07	-8.845225e-07	-7.258834e-07	11321
1078853	2.295609e-07	-8.845202e-07	-7.732215e-07	14410
604877	2.332793e-07	-8.845201e-07	-7.712521e-07	4921
301830	1.135277e-07	-8.845196e-07	-7.258996e-07	11321
310086	1.134472e-07	-8.845166e-07	-7.259158e-07	11321
1087109	2.294735e-07	-8.845142e-07	-7.732543e-07	14410
613133	2.331923e-07	-8.845140e-07	-7.712854e-07	4921
318342	1.133666e-07	-8.845137e-07	-7.259320e-07	11321
326598	1.132861e-07	-8.845107e-07	-7.259482e-07	11321
1095365	2.293862e-07	-8.845082e-07	-7.732871e-07	14410
621389	2.331052e-07	-8.845078e-07	-7.713188e-07	4921
334854	1.132055e-07	-8.845078e-07	-7.259643e-07	11321
343110	1.131250e-07	-8.845048e-07	-7.259805e-07	11321
1103621	2.292989e-07	-8.845021e-07	-7.733199e-07	14410
351366	1.130444e-07	-8.845018e-07	-7.259966e-07	11321
629645	2.330182e-07	-8.845017e-07	-7.713522e-07	4921
359622	1.129639e-07	-8.844989e-07	-7.260127e-07	11321
1111877	2.292115e-07	-8.844960e-07	-7.733527e-07	14410
367878	1.128833e-07	-8.844960e-07	-7.260289e-07	11321
637901	2.329311e-07	-8.844955e-07	-7.713855e-07	4921
376134	1.128028e-07	-8.844930e-07	-7.260450e-07	11321
384390	1.127222e-07	-8.844901e-07	-7.260610e-07	11321
1120133	2.291242e-07	-8.844900e-07	-7.733855e-07	14410
646157	2.328441e-07	-8.844894e-07	-7.714188e-07	4921
392646	1.126417e-07	-8.844872e-07	-7.260771e-07	11321
400902	1.125611e-07	-8.844842e-07	-7.260932e-07	11321
1128389	2.290368e-07	-8.844840e-07	-7.734183e-07	14410
654413	2.327570e-07	-8.844833e-07	-7.714521e-07	4921
409158	1.124805e-07	-8.844813e-07	-7.261092e-07	11321
417414	1.123999e-07	-8.844784e-07	-7.261253e-07	11321
1136645	2.289495e-07	-8.844780e-07	-7.734511e-07	14410
662669	2.326699e-07	-8.844771e-07	-7.714854e-07	4921
425670	1.123194e-07	-8.844754e-07	-7.261413e-07	11321
433926	1.122388e-07	-8.844725e-07	-7.261573e-07	11321
1144901	2.288621e-07	-8.844719e-07	-7.734838e-07	14410
670925	2.325828e-07	-8.844710e-07	-7.715187e-07	4921
442182	1.121582e-07	-8.844696e-07	-7.261734e-07	11321
450438	1.120776e-07	-8.844667e-07	-7.261893e-07	11321
1153157	2.287747e-07	-8.844659e-07	-7.735165e-07	14410
679181	2.324958e-07	-8.844649e-07	-7.715519e-07	4921
458694	1.119971e-07	-8.844638e-07	-7.262054e-07	11321
466950	1.119165e-07	-8.844608e-07	-7.262213e-07	11321
687437	2.324087e-07	-8.844588e-07	-7.715852e-07	4921
475206	1.118359e-07	-8.844579e-07	-7.262373e-07	11321
483462	1.117553e-07	-8.844550e-07	-7.262532e-07	11321
695693	2.323216e-07	-8.844526e-07	-7.716184e-07	4921
491718	1.116747e-07	-8.844521e-07	-7.262692e-07	11321
499974	1.115941e-07	-8.844492e-07	-7.262851e-07	11321
703949	2.322345e-07	-8.844465e-07	-7.716517e-07	4921
508230	1.115135e-07	-8.844463e-07	-7.263010e-07	11321
516486	1.114329e-07	-8.844434e-07	-7.263170e-07	11321
524742	1.113523e-07	-8.844405e-07	-7.263329e-07	11321
712205	2.321474e-07	-8.844404e-07	-7.716849e-07	4921
532998	1.112717e-07	-8.844376e-07	-7.263487e-07	11321
541254	1.111911e-07	-8.844347e-07	-7.263646e-07	11321
720461	2.320603e-07	-8.844343e-07	-7.717181e-07	4921
549510	1.111105e-07	-8.844318e-07	-7.263804e-07	11321
557766	1.110299e-07	-8.844289e-07	-7.263963e-07	11321
728717	2.319731e-07	-8.844282e-07	-7.717513e-07	4921
566022	1.109493e-07	-8.844260e-07	-7.264122e-07	11321
574278	1.108686e-07	-8.844231e-07	-7.264280e-07	11321
736973	2.318860e-07	-8.844221e-07	-7.717845e-07	4921
582534	1.107880e-07	-8.844202e-07	-7.264438e-07	11321
590790	1.107074e-07	-8.844173e-07	-7.264596e-07	11321
745229	2.317989e-07	-8.844160e-07	-7.718176e-07	4921
599046	1.106268e-07	-8.844144e-07	-7.264754e-07	11321
607302	1.105462e-07	-8.844116e-07	-7.264912e-07	11321
753485	2.317118e-07	-8.844099e-07	-7.718508e-07	4921
615558	1.104655e-07	-8.844087e-07	-7.265069e-07	11321
623814	1.103849e-07	-8.844058e-07	-7.265227e-07	11321
761741	2.316247e-07	-8.844038e-07	-7.718839e-07	4921
632070	1.103043e-07	-8.844029e-07	-7.265384e-07	11321
640326	1.102236e-07	-8.844000e-07	-7.265542e-07	11321
769997	2.315375e-07	-8.843977e-07	-7.719171e-07	4921
648582	1.101430e-07	-8.843972e-07	-7.265699e-07	11321
656838	1.100624e-07	-8.843943e-07	-7.265856e-07	11321
778253	2.314504e-07	-8.843916e-07	-7.719502e-07	4921
665094	1.099817e-07	-8.843915e-07	-7.266013e-07	11321
673350	1.099011e-07	-8.843886e-07	-7.266170e-07	11321
681606	1.098204e-07	-8.843857e-07	-7.266327e-07	11321
786509	2.313632e-07	-8.843855e-07	-7.719833e-07	4921
689862	1.097398e-07	-8.843829e-07	-7.266484e-07	11321
698118	1.096591e-07	-8.843800e-07	-7.266640e-07	11321
794765	2.312761e-07	-8.843794e-07	-7.720164e-07	4921
706374	1.095785e-07	-8.843771e-07	-7.266796e-07	11321
714630	1.094978e-07	-8.843743e-07	-7.266952e-07	11321
803021	2.311889e-07	-8.843733e-07	-7.720495e-07	4921
722886	1.094172e-07	-8.843714e-07	-7.267109e-07	11321
731142	1.093365e-07	-8.843686e-07	-7.267265e-07	11321
811277	2.311018e-07	-8.843672e-07	-7.720825e-07	4921
739398	1.092558e-07	-8.843658e-07	-7.267421e-07	11321
747654	1.091752e-07	-8.843629e-07	-7.267577e-07	11321
819533	2.310146e-07	-8.843612e-07	-7.721156e-07	4921
755910	1.090945e-07	-8.843601e-07	-7.267732e-07	11321
764166	1.090138e-07	-8.843572e-07	-7.267888e-07	11321
827789	2.309274e-07	-8.843551e-07	-7.721486e-07	4921
772422	1.089332e-07	-8.843544e-07	-7.268043e-07	11321
780678	1.088525e-07	-8.843516e-07	-7.268198e-07	11321
836045	2.308402e-07	-8.843490e-07	-7.721816e-07	4921
788934	1.087718e-07	-8.843487e-07	-7.268354e-07	11321
797190	1.086911e-07	-8.843459e-07	-7.268509e-07	11321
805446	1.086105e-07	-8.843431e-07	-7.268664e-07	11321
844301	2.307530e-07	-8.843429e-07	-7.722147e-07	4921
813702	1.085298e-07	-8.843402e-07	-7.268819e-07	11321
821958	1.084491e-07	-8.843374e-07	-7.268974e-07	11321
852557	2.306659e-07	-8.843368e-07	-7.722477e-07	4921
830214	1.083684e-07	-8.843346e-07	-7.269128e-07	11321
838470	1.082877e-07	-8.843318e-07	-7.269283e-07	11321
860813	2.305787e-07	-8.843307e-07	-7.722807e-07	4921
846726	1.082070e-07	-8.843289e-07	-7.269438e-07	11321
854982	1.081263e-07	-8.843261e-07	-7.269592e-07	11321
869069	2.304915e-07	-8.843247e-07	-7.723136e-07	4921
863238	1.080456e-07	-8.843233e-07	-7.269746e-07	11321
871494	1.079649e-07	-8.843205e-07	-7.269900e-07	11321
877325	2.304043e-07	-8.843186e-07	-7.723466e-07	4921
879750	1.078842e-07	-8.843177e-07	-7.270054e-07	11321
888006	1.078035e-07	-8.843149e-07	-7.270208e-07	11321
885581	2.303171e-07	-8.843126e-07	-7.723796e-07	4921
896262	1.077228e-07	-8.843121e-07	-7.270362e-07	11321
904518	1.076421e-07	-8.843093e-07	-7.270515e-07	11321
912774	1.075614e-07	-8.843065e-07	-7.270669e-07	11321
893837	2.302299e-07	-8.843065e-07	-7.724125e-07	4921
921030	1.074807e-07	-8.843037e-07	-7.270822e-07	11321
929286	1.074000e-07	-8.843009e-07	-7.270976e-07	11321
902093	2.301426e-07	-8.843004e-07	-7.724454e-07	4921
937542	1.073193e-07	-8.842981e-07	-7.271129e-07	11321
945798	1.072385e-07	-8.842953e-07	-7.271282e-07	11321
910349	2.300554e-07	-8.842944e-07	-7.724784e-07	4921
954054	1.071578e-07	-8.842925e-07	-7.271435e-07	11321
962310	1.070771e-07	-8.842897e-07	-7.271587e-07	11321
918605	2.299682e-07	-8.842883e-07	-7.725113e-07	4921
970566	1.069964e-07	-8.842869e-07	-7.271740e-07	11321
978822	1.069156e-07	-8.842841e-07	-7.271893e-07	11321
926861	2.298810e-07	-8.842823e-07	-7.725441e-07	4921
987078	1.068349e-07	-8.842813e-07	-7.272045e-07	11321
995334	1.067542e-07	-8.842786e-07	-7.272198e-07	11321
935117	2.297937e-07	-8.842762e-07	-7.725770e-07	4921
1003590	1.066734e-07	-8.842758e-07	-7.272350e-07	11321
1011846	1.065927e-07	-8.842730e-07	-7.272502e-07	11321
1020102	1.065120e-07	-8.842703e-07	-7.272654e-07	11321
943373	2.297065e-07	-8.842702e-07	-7.726099e-07	4921
1028358	1.064312e-07	-8.842675e-07	-7.272806e-07	11321
1036614	1.063505e-07	-8.842647e-07	-7.272958e-07	11321
951629	2.296192e-07	-8.842641e-07	-7.726427e-07	4921
1044870	1.062697e-07	-8.842620e-07	-7.273109e-07	11321
1053126	1.061890e-07	-8.842592e-07	-7.273261e-07	11321
959885	2.295320e-07	-8.842580e-07	-7.726756e-07	4921
1061382	1.061082e-07	-8.842565e-07	-7.273412e-07	11321
1069638	1.060275e-07	-8.842537e-07	-7.273564e-07	11321
968141	2.294447e-07	-8.842520e-07	-7.727084e-07	4921
1077894	1.059467e-07	-8.842509e-07	-7.273715e-07	11321
1086150	1.058660e-07	-8.842482e-07	-7.273866e-07	11321
976397	2.293575e-07	-8.842460e-07	-7.727413e-07	4921
1094406	1.057852e-07	-8.842454e-07	-7.274017e-07	11321
1102662	1.057044e-07	-8.842426e-07	-7.274168e-07	11321
984653	2.292702e-07	-8.842400e-07	-7.727741e-07	4921
1110918	1.056237e-07	-8.842399e-07	-7.274319e-07	11321
1119174	1.055429e-07	-8.842371e-07	-7.274469e-07	11321
1127430	1.054621e-07	-8.842344e-07	-7.274620e-07	11321
992909	2.291829e-07	-8.842339e-07	-7.728069e-07	4921
1135686	1.053814e-07	-8.842317e-07	-7.274770e-07	11321
1143942	1.053006e-07	-8.842289e-07	-7.274920e-07	11321
1001165	2.290957e-07	-8.842279e-07	-7.728396e-07	4921
1152198	1.052198e-07	-8.842262e-07	-7.275071e-07	11321
1009421	2.290084e-07	-8.842218e-07	-7.728724e-07	4921
1017677	2.289211e-07	-8.842158e-07	-7.729051e-07	4921
1025933	2.288338e-07	-8.842098e-07	-7.729379e-07	4921
1034189	2.287465e-07	-8.842038e-07	-7.729706e-07	4921
1042445	2.286592e-07	-8.841977e-07	-7.730033e-07	4921
1050701	2.285719e-07	-8.841917e-07	-7.730360e-07	4921
1058957	2.284846e-07	-8.841857e-07	-7.730687e-07	4921
1067213	2.283973e-07	-8.841797e-07	-7.731014e-07	4921
1075469	2.283100e-07	-8.841737e-07	-7.731340e-07	4921
1083725	2.282226e-07	-8.841677e-07	-7.731667e-07	4921
1091981	2.281353e-07	-8.841616e-07	-7.731994e-07	4921
1100237	2.280480e-07	-8.841557e-07	-7.732320e-07	4921
1108493	2.279606e-07	-8.841496e-07	-7.732646e-07	4921
1116749	2.278733e-07	-8.841437e-07	-7.732972e-07	4921
1125005	2.277860e-07	-8.841376e-07	-7.733298e-07	4921
1133261	2.276986e-07	-8.841317e-07	-7.733624e-07	4921
1141517	2.276113e-07	-8.841257e-07	-7.733950e-07	4921
1149773	2.275239e-07	-8.841197e-07	-7.734275e-07	4921
2298	1.959320e-07	-8.815238e-07	-7.505144e-07	5177
10554	1.958479e-07	-8.815186e-07	-7.505424e-07	5177
18810	1.957637e-07	-8.815135e-07	-7.505704e-07	5177
27066	1.956796e-07	-8.815084e-07	-7.505984e-07	5177
35322	1.955954e-07	-8.815032e-07	-7.506264e-07	5177
43578	1.955112e-07	-8.814981e-07	-7.506544e-07	5177
51834	1.954271e-07	-8.814930e-07	-7.506823e-07	5177
60090	1.953429e-07	-8.814878e-07	-7.507102e-07	5177
68346	1.952587e-07	-8.814827e-07	-7.507381e-07	5177
76602	1.951745e-07	-8.814775e-07	-7.507661e-07	5177
84858	1.950904e-07	-8.814724e-07	-7.507940e-07	5177
93114	1.950062e-07	-8.814673e-07	-7.508219e-07	5177
101370	1.949220e-07	-8.814621e-07	-7.508498e-07	5177
109626	1.948378e-07	-8.814570e-07	-7.508776e-07	5177
117882	1.947536e-07	-8.814519e-07	-7.509055e-07	5177
126138	1.946694e-07	-8.814468e-07	-7.509333e-07	5177
134394	1.945851e-07	-8.814417e-07	-7.509611e-07	5177
142650	1.945009e-07	-8.814366e-07	-7.509890e-07	5177
150906	1.944167e-07	-8.814314e-07	-7.510168e-07	5177
159162	1.943325e-07	-8.814263e-07	-7.510446e-07	5177
167418	1.942482e-07	-8.814212e-07	-7.510724e-07	5177
175674	1.941640e-07	-8.814162e-07	-7.511001e-07	5177
183930	1.940798e-07	-8.814110e-07	-7.511279e-07	5177
192186	1.939955e-07	-8.814059e-07	-7.511557e-07	5177
200442	1.939113e-07	-8.814008e-07	-7.511833e-07	5177
208698	1.938270e-07	-8.813957e-07	-7.512111e-07	5177
216954	1.937428e-07	-8.813906e-07	-7.512388e-07	5177
225210	1.936585e-07	-8.813856e-07	-7.512665e-07	5177
233466	1.935743e-07	-8.813805e-07	-7.512942e-07	5177
241722	1.934900e-07	-8.813754e-07	-7.513219e-07	5177
249978	1.934057e-07	-8.813703e-07	-7.513495e-07	5177
258234	1.933215e-07	-8.813652e-07	-7.513772e-07	5177
266490	1.932372e-07	-8.813601e-07	-7.514048e-07	5177
274746	1.931529e-07	-8.813550e-07	-7.514324e-07	5177
283002	1.930686e-07	-8.813500e-07	-7.514600e-07	5177
291258	1.929843e-07	-8.813449e-07	-7.514876e-07	5177
299514	1.929000e-07	-8.813398e-07	-7.515152e-07	5177
307770	1.928157e-07	-8.813348e-07	-7.515428e-07	5177
316026	1.927314e-07	-8.813297e-07	-7.515704e-07	5177
324282	1.926471e-07	-8.813246e-07	-7.515979e-07	5177
332538	1.925628e-07	-8.813196e-07	-7.516255e-07	5177
340794	1.924785e-07	-8.813145e-07	-7.516530e-07	5177
349050	1.923942e-07	-8.813095e-07	-7.516805e-07	5177
357306	1.923099e-07	-8.813044e-07	-7.517080e-07	5177
365562	1.922255e-07	-8.812993e-07	-7.517355e-07	5177
373818	1.921412e-07	-8.812943e-07	-7.517630e-07	5177
382074	1.920569e-07	-8.812892e-07	-7.517905e-07	5177
390330	1.919725e-07	-8.812842e-07	-7.518179e-07	5177
398586	1.918882e-07	-8.812792e-07	-7.518453e-07	5177
406842	1.918038e-07	-8.812741e-07	-7.518728e-07	5177
415098	1.917195e-07	-8.812690e-07	-7.519002e-07	5177
423354	1.916351e-07	-8.812640e-07	-7.519276e-07	5177
431610	1.915508e-07	-8.812590e-07	-7.519550e-07	5177
439866	1.914664e-07	-8.812540e-07	-7.519824e-07	5177
448122	1.913820e-07	-8.812489e-07	-7.520098e-07	5177
456378	1.912977e-07	-8.812439e-07	-7.520371e-07	5177
464634	1.912133e-07	-8.812389e-07	-7.520645e-07	5177
472890	1.911289e-07	-8.812339e-07	-7.520918e-07	5177
481146	1.910445e-07	-8.812289e-07	-7.521191e-07	5177
489402	1.909601e-07	-8.812238e-07	-7.521464e-07	5177
497658	1.908757e-07	-8.812188e-07	-7.521737e-07	5177
505914	1.907914e-07	-8.812138e-07	-7.522010e-07	5177
514170	1.907069e-07	-8.812088e-07	-7.522283e-07	5177
522426	1.906225e-07	-8.812038e-07	-7.522556e-07	5177
530682	1.905381e-07	-8.811987e-07	-7.522828e-07	5177
538938	1.904537e-07	-8.811937e-07	-7.523100e-07	5177
547194	1.903693e-07	-8.811887e-07	-7.523373e-07	5177
555450	1.902849e-07	-8.811837e-07	-7.523645e-07	5177
563706	1.902005e-07	-8.811787e-07	-7.523917e-07	5177
571962	1.901160e-07	-8.811737e-07	-7.524189e-07	5177
580218	1.900316e-07	-8.811688e-07	-7.524461e-07	5177
588474	1.899472e-07	-8.811638e-07	-7.524732e-07	5177
596730	1.898627e-07	-8.811588e-07	-7.525004e-07	5177
604986	1.897783e-07	-8.811538e-07	-7.525275e-07	5177
613242	1.896938e-07	-8.811488e-07	-7.525547e-07	5177
621498	1.896094e-07	-8.811438e-07	-7.525818e-07	5177
629754	1.895249e-07	-8.811388e-07	-7.526089e-07	5177
638010	1.894405e-07	-8.811339e-07	-7.526360e-07	5177
646266	1.893560e-07	-8.811289e-07	-7.526630e-07	5177
654522	1.892715e-07	-8.811239e-07	-7.526901e-07	5177
662778	1.891871e-07	-8.811189e-07	-7.527172e-07	5177
671034	1.891026e-07	-8.811140e-07	-7.527442e-07	5177
679290	1.890181e-07	-8.811090e-07	-7.527713e-07	5177
687546	1.889336e-07	-8.811040e-07	-7.527983e-07	5177
695802	1.888491e-07	-8.810991e-07	-7.528253e-07	5177
704058	1.887646e-07	-8.810941e-07	-7.528523e-07	5177
712314	1.886801e-07	-8.810891e-07	-7.528793e-07	5177
720570	1.885956e-07	-8.810842e-07	-7.529063e-07	5177
728826	1.885111e-07	-8.810792e-07	-7.529332e-07	5177
737082	1.884266e-07	-8.810743e-07	-7.529601e-07	5177
745338	1.883421e-07	-8.810694e-07	-7.529871e-07	5177
753594	1.882576e-07	-8.810644e-07	-7.530140e-07	5177
761850	1.881731e-07	-8.810595e-07	-7.530409e-07	5177
770106	1.880885e-07	-8.810545e-07	-7.530678e-07	5177
778362	1.880040e-07	-8.810496e-07	-7.530947e-07	5177
786618	1.879195e-07	-8.810446e-07	-7.531216e-07	5177
794874	1.878350e-07	-8.810397e-07	-7.531485e-07	5177
803130	1.877504e-07	-8.810347e-07	-7.531753e-07	5177
811386	1.876659e-07	-8.810298e-07	-7.532021e-07	5177
819642	1.875813e-07	-8.810249e-07	-7.532290e-07	5177
827898	1.874968e-07	-8.810200e-07	-7.532558e-07	5177
836154	1.874122e-07	-8.810150e-07	-7.532826e-07	5177
844410	1.873276e-07	-8.810101e-07	-7.533094e-07	5177
852666	1.872431e-07	-8.810052e-07	-7.533362e-07	5177
860922	1.871585e-07	-8.810003e-07	-7.533629e-07	5177
869178	1.870739e-07	-8.809953e-07	-7.533897e-07	5177
877434	1.869894e-07	-8.809905e-07	-7.534164e-07	5177
885690	1.869048e-07	-8.809855e-07	-7.534431e-07	5177
893946	1.868202e-07	-8.809806e-07	-7.534699e-07	5177
902202	1.867356e-07	-8.809757e-07	-7.534966e-07	5177
910458	1.866510e-07	-8.809708e-07	-7.535232e-07	5177
918714	1.865664e-07	-8.809659e-07	-7.535500e-07	5177
926970	1.864818e-07	-8.809610e-07	-7.535766e-07	5177
935226	1.863972e-07	-8.809561e-07	-7.536033e-07	5177
943482	1.863126e-07	-8.809512e-07	-7.536299e-07	5177
951738	1.862280e-07	-8.809463e-07	-7.536565e-07	5177
959994	1.861434e-07	-8.809415e-07	-7.536831e-07	5177
968250	1.860588e-07	-8.809366e-07	-7.537097e-07	5177
976506	1.859741e-07	-8.809317e-07	-7.537363e-07	5177
984762	1.858895e-07	-8.809268e-07	-7.537629e-07	5177
993018	1.858049e-07	-8.809219e-07	-7.537895e-07	5177
1001274	1.857202e-07	-8.809170e-07	-7.538161e-07	5177
1009530	1.856356e-07	-8.809121e-07	-7.538426e-07	5177
1017786	1.855510e-07	-8.809072e-07	-7.538692e-07	5177
1026042	1.854663e-07	-8.809024e-07	-7.538957e-07	5177
1034298	1.853817e-07	-8.808975e-07	-7.539222e-07	5177
1042554	1.852970e-07	-8.808926e-07	-7.539487e-07	5177
1050810	1.852123e-07	-8.808878e-07	-7.539752e-07	5177
1059066	1.851277e-07	-8.808829e-07	-7.540016e-07	5177
1067322	1.850430e-07	-8.808781e-07	-7.540281e-07	5177
1075578	1.849584e-07	-8.808732e-07	-7.540546e-07	5177
1083834	1.848737e-07	-8.808684e-07	-7.540810e-07	5177
1092090	1.847890e-07	-8.808635e-07	-7.541074e-07	5177
1100346	1.847043e-07	-8.808586e-07	-7.541339e-07	5177
1108602	1.846196e-07	-8.808537e-07	-7.541602e-07	5177
1116858	1.845349e-07	-8.808489e-07	-7.541867e-07	5177
1125114	1.844502e-07	-8.808441e-07	-7.542130e-07	5177
1133370	1.843655e-07	-8.808393e-07	-7.542394e-07	5177
1141626	1.842808e-07	-8.808344e-07	-7.542657e-07	5177
1149882	1.841961e-07	-8.808295e-07	-7.542921e-07	5177
4698	1.343522e-07	-8.601370e-07	-7.121745e-07	11577
12954	1.342730e-07	-8.601335e-07	-7.121938e-07	11577
21210	1.341938e-07	-8.601300e-07	-7.122129e-07	11577
29466	1.341145e-07	-8.601265e-07	-7.122321e-07	11577
37722	1.340353e-07	-8.601230e-07	-7.122512e-07	11577
45978	1.339561e-07	-8.601195e-07	-7.122704e-07	11577
54234	1.338768e-07	-8.601160e-07	-7.122895e-07	11577
62490	1.337976e-07	-8.601124e-07	-7.123086e-07	11577
70746	1.337184e-07	-8.601090e-07	-7.123277e-07	11577
79002	1.336391e-07	-8.601054e-07	-7.123468e-07	11577
87258	1.335599e-07	-8.601020e-07	-7.123659e-07	11577
95514	1.334806e-07	-8.600985e-07	-7.123850e-07	11577
103770	1.334014e-07	-8.600950e-07	-7.124040e-07	11577
112026	1.333221e-07	-8.600915e-07	-7.124231e-07	11577
120282	1.332428e-07	-8.600880e-07	-7.124421e-07	11577
128538	1.331636e-07	-8.600845e-07	-7.124611e-07	11577
136794	1.330843e-07	-8.600811e-07	-7.124801e-07	11577
145050	1.330051e-07	-8.600776e-07	-7.124991e-07	11577
153306	1.329258e-07	-8.600741e-07	-7.125182e-07	11577
161562	1.328465e-07	-8.600706e-07	-7.125371e-07	11577
169818	1.327673e-07	-8.600671e-07	-7.125561e-07	11577
178074	1.326880e-07	-8.600637e-07	-7.125751e-07	11577
186330	1.326087e-07	-8.600602e-07	-7.125940e-07	11577
194586	1.325294e-07	-8.600567e-07	-7.126129e-07	11577
202842	1.324501e-07	-8.600533e-07	-7.126318e-07	11577
211098	1.323708e-07	-8.600498e-07	-7.126508e-07	11577
219354	1.322915e-07	-8.600463e-07	-7.126696e-07	11577
227610	1.322123e-07	-8.600429e-07	-7.126885e-07	11577
235866	1.321330e-07	-8.600394e-07	-7.127074e-07	11577
244122	1.320536e-07	-8.600360e-07	-7.127263e-07	11577
252378	1.319743e-07	-8.600325e-07	-7.127451e-07	11577
260634	1.318950e-07	-8.600290e-07	-7.127640e-07	11577
268890	1.318157e-07	-8.600256e-07	-7.127828e-07	11577
277146	1.317364e-07	-8.600222e-07	-7.128016e-07	11577
285402	1.316571e-07	-8.600187e-07	-7.128205e-07	11577
293658	1.315778e-07	-8.600153e-07	-7.128393e-07	11577
301914	1.314985e-07	-8.600118e-07	-7.128580e-07	11577
310170	1.314191e-07	-8.600084e-07	-7.128768e-07	11577
318426	1.313398e-07	-8.600050e-07	-7.128955e-07	11577
326682	1.312605e-07	-8.600015e-07	-7.129143e-07	11577
334938	1.311812e-07	-8.599981e-07	-7.129331e-07	11577
343194	1.311018e-07	-8.599947e-07	-7.129518e-07	11577
351450	1.310225e-07	-8.599912e-07	-7.129705e-07	11577
359706	1.309431e-07	-8.599878e-07	-7.129892e-07	11577
367962	1.308638e-07	-8.599844e-07	-7.130079e-07	11577
376218	1.307845e-07	-8.599810e-07	-7.130266e-07	11577
384474	1.307051e-07	-8.599775e-07	-7.130453e-07	11577
392730	1.306258e-07	-8.599741e-07	-7.130639e-07	11577
400986	1.305464e-07	-8.599707e-07	-7.130826e-07	11577
409242	1.304671e-07	-8.599673e-07	-7.131012e-07	11577
417498	1.303877e-07	-8.599639e-07	-7.131198e-07	11577
425754	1.303083e-07	-8.599605e-07	-7.131384e-07	11577
434010	1.302290e-07	-8.599571e-07	-7.131571e-07	11577
442266	1.301496e-07	-8.599537e-07	-7.131757e-07	11577
450522	1.300702e-07	-8.599503e-07	-7.131943e-07	11577
458778	1.299909e-07	-8.599469e-07	-7.132128e-07	11577
467034	1.299115e-07	-8.599435e-07	-7.132314e-07	11577
475290	1.298321e-07	-8.599401e-07	-7.132499e-07	11577
483546	1.297527e-07	-8.599367e-07	-7.132684e-07	11577
491802	1.296734e-07	-8.599333e-07	-7.132870e-07	11577
500058	1.295940e-07	-8.599299e-07	-7.133055e-07	11577
508314	1.295146e-07	-8.599266e-07	-7.133240e-07	11577
516570	1.294352e-07	-8.599231e-07	-7.133425e-07	11577
524826	1.293558e-07	-8.599198e-07	-7.133610e-07	11577
533082	1.292764e-07	-8.599164e-07	-7.133794e-07	11577
541338	1.291970e-07	-8.599130e-07	-7.133979e-07	11577
549594	1.291176e-07	-8.599096e-07	-7.134163e-07	11577
557850	1.290382e-07	-8.599063e-07	-7.134348e-07	11577
566106	1.289588e-07	-8.599029e-07	-7.134532e-07	11577
574362	1.288794e-07	-8.598995e-07	-7.134716e-07	11577
582618	1.288000e-07	-8.598961e-07	-7.134900e-07	11577
590874	1.287205e-07	-8.598928e-07	-7.135084e-07	11577
599130	1.286411e-07	-8.598894e-07	-7.135267e-07	11577
607386	1.285617e-07	-8.598861e-07	-7.135451e-07	11577
615642	1.284823e-07	-8.598827e-07	-7.135635e-07	11577
623898	1.284028e-07	-8.598793e-07	-7.135818e-07	11577
632154	1.283234e-07	-8.598760e-07	-7.136002e-07	11577
640410	1.282440e-07	-8.598726e-07	-7.136185e-07	11577
648666	1.281645e-07	-8.598693e-07	-7.136368e-07	11577
656922	1.280851e-07	-8.598660e-07	-7.136551e-07	11577
665178	1.280057e-07	-8.598626e-07	-7.136734e-07	11577
673434	1.279262e-07	-8.598593e-07	-7.136916e-07	11577
681690	1.278468e-07	-8.598559e-07	-7.137099e-07	11577
689946	1.277673e-07	-8.598525e-07	-7.137281e-07	11577
698202	1.276879e-07	-8.598493e-07	-7.137464e-07	11577
706458	1.276084e-07	-8.598459e-07	-7.137646e-07	11577
714714	1.275290e-07	-8.598425e-07	-7.137828e-07	11577
722970	1.274495e-07	-8.598392e-07	-7.138011e-07	11577
731226	1.273700e-07	-8.598359e-07	-7.138192e-07	11577
739482	1.272906e-07	-8.598325e-07	-7.138374e-07	11577
747738	1.272111e-07	-8.598292e-07	-7.138556e-07	11577
755994	1.271316e-07	-8.598259e-07	-7.138738e-07	11577
764250	1.270522e-07	-8.598226e-07	-7.138919e-07	11577
772506	1.269727e-07	-8.598193e-07	-7.139100e-07	11577
780762	1.268932e-07	-8.598159e-07	-7.139282e-07	11577
789018	1.268137e-07	-8.598126e-07	-7.139463e-07	11577
797274	1.267342e-07	-8.598093e-07	-7.139644e-07	11577
805530	1.266548e-07	-8.598061e-07	-7.139824e-07	11577
813786	1.265753e-07	-8.598027e-07	-7.140006e-07	11577
822042	1.264958e-07	-8.597994e-07	-7.140186e-07	11577
830298	1.264163e-07	-8.597961e-07	-7.140367e-07	11577
838554	1.263368e-07	-8.597928e-07	-7.140547e-07	11577
846810	1.262573e-07	-8.597895e-07	-7.140728e-07	11577
855066	1.261778e-07	-8.597862e-07	-7.140908e-07	11577
863322	1.260983e-07	-8.597829e-07	-7.141088e-07	11577
871578	1.260188e-07	-8.597796e-07	-7.141268e-07	11577
879834	1.259393e-07	-8.597763e-07	-7.141448e-07	11577
888090	1.258598e-07	-8.597730e-07	-7.141628e-07	11577
896346	1.257802e-07	-8.597697e-07	-7.141807e-07	11577
904602	1.257007e-07	-8.597665e-07	-7.141987e-07	11577
912858	1.256212e-07	-8.597632e-07	-7.142166e-07	11577
921114	1.255417e-07	-8.597599e-07	-7.142345e-07	11577
929370	1.254622e-07	-8.597566e-07	-7.142525e-07	11577
937626	1.253826e-07	-8.597534e-07	-7.142704e-07	11577
945882	1.253031e-07	-8.597501e-07	-7.142883e-07	11577
954138	1.252236e-07	-8.597468e-07	-7.143062e-07	11577
962394	1.251440e-07	-8.597435e-07	-7.143241e-07	11577
970650	1.250645e-07	-8.597402e-07	-7.143419e-07	11577
978906	1.249849e-07	-8.597370e-07	-7.143598e-07	11577
987162	1.249054e-07	-8.597337e-07	-7.143776e-07	11577
995418	1.248258e-07	-8.597304e-07	-7.143954e-07	11577
1003674	1.247463e-07	-8.597272e-07	-7.144133e-07	11577
1011930	1.246667e-07	-8.597240e-07	-7.144311e-07	11577
1020186	1.245872e-07	-8.597207e-07	-7.144488e-07	11577
1028442	1.245076e-07	-8.597174e-07	-7.144666e-07	11577
1036698	1.244281e-07	-8.597142e-07	-7.144844e-07	11577
1044954	1.243485e-07	-8.597110e-07	-7.145022e-07	11577
1053210	1.242689e-07	-8.597077e-07	-7.145199e-07	11577
1061466	1.241894e-07	-8.597044e-07	-7.145376e-07	11577
1069722	1.241098e-07	-8.597012e-07	-7.145554e-07	11577
1077978	1.240302e-07	-8.596979e-07	-7.145731e-07	11577
1086234	1.239506e-07	-8.596947e-07	-7.145908e-07	11577
1094490	1.238711e-07	-8.596915e-07	-7.146085e-07	11577
1102746	1.237915e-07	-8.596883e-07	-7.146262e-07	11577
1111002	1.237119e-07	-8.596850e-07	-7.146439e-07	11577
1119258	1.236323e-07	-8.596818e-07	-7.146615e-07	11577
1127514	1.235527e-07	-8.596786e-07	-7.146792e-07	11577
1135770	1.234731e-07	-8.596753e-07	-7.146968e-07	11577
1144026	1.233935e-07	-8.596721e-07	-7.147144e-07	11577
1152282	1.233139e-07	-8.596689e-07	-7.147320e-07	11577
558	9.729501e-08	-8.585330e-07	-6.979558e-07	1337
8814	9.721778e-08	-8.585304e-07	-6.979697e-07	1337
17070	9.714056e-08	-8.585279e-07	-6.979836e-07	1337
25326	9.706333e-08	-8.585254e-07	-6.979974e-07	1337
33582	9.698609e-08	-8.585229e-07	-6.980113e-07	1337
41838	9.690886e-08	-8.585204e-07	-6.980251e-07	1337
50094	9.683163e-08	-8.585178e-07	-6.980389e-07	1337
58350	9.675439e-08	-8.585153e-07	-6.980527e-07	1337
66606	9.667715e-08	-8.585128e-07	-6.980665e-07	1337
74862	9.659991e-08	-8.585103e-07	-6.980803e-07	1337
83118	9.652267e-08	-8.585077e-07	-6.980940e-07	1337
91374	9.644542e-08	-8.585052e-07	-6.981078e-07	1337
99630	9.636818e-08	-8.585027e-07	-6.981215e-07	1337
107886	9.629093e-08	-8.585002e-07	-6.981353e-07	1337
116142	9.621368e-08	-8.584977e-07	-6.981490e-07	1337
124398	9.613642e-08	-8.584952e-07	-6.981627e-07	1337
132654	9.605917e-08	-8.584927e-07	-6.981764e-07	1337
140910	9.598191e-08	-8.584902e-07	-6.981901e-07	1337
149166	9.590465e-08	-8.584878e-07	-6.982038e-07	1337
157422	9.582739e-08	-8.584853e-07	-6.982175e-07	1337
165678	9.575012e-08	-8.584828e-07	-6.982311e-07	1337
173934	9.567286e-08	-8.584803e-07	-6.982448e-07	1337
182190	9.559559e-08	-8.584778e-07	-6.982584e-07	1337
190446	9.551832e-08	-8.584753e-07	-6.982721e-07	1337
198702	9.544105e-08	-8.584728e-07	-6.982856e-07	1337
206958	9.536377e-08	-8.584703e-07	-6.982993e-07	1337
215214	9.528650e-08	-8.584679e-07	-6.983129e-07	1337
223470	9.520922e-08	-8.584654e-07	-6.983265e-07	1337
231726	9.513194e-08	-8.584630e-07	-6.983400e-07	1337
239982	9.505466e-08	-8.584605e-07	-6.983536e-07	1337
248238	9.497738e-08	-8.584580e-07	-6.983671e-07	1337
256494	9.490009e-08	-8.584556e-07	-6.983807e-07	1337
264750	9.482280e-08	-8.584531e-07	-6.983942e-07	1337
273006	9.474552e-08	-8.584506e-07	-6.984077e-07	1337
281262	9.466822e-08	-8.584482e-07	-6.984212e-07	1337
289518	9.459093e-08	-8.584457e-07	-6.984347e-07	1337
297774	9.451364e-08	-8.584432e-07	-6.984482e-07	1337
306030	9.443634e-08	-8.584408e-07	-6.984616e-07	1337
314286	9.435904e-08	-8.584383e-07	-6.984751e-07	1337
322542	9.428174e-08	-8.584359e-07	-6.984886e-07	1337
330798	9.420443e-08	-8.584335e-07	-6.985020e-07	1337
339054	9.412712e-08	-8.584310e-07	-6.985155e-07	1337
347310	9.404982e-08	-8.584286e-07	-6.985289e-07	1337
355566	9.397251e-08	-8.584261e-07	-6.985422e-07	1337
363822	9.389520e-08	-8.584237e-07	-6.985557e-07	1337
372078	9.381788e-08	-8.584212e-07	-6.985690e-07	1337
380334	9.374057e-08	-8.584188e-07	-6.985824e-07	1337
388590	9.366325e-08	-8.584163e-07	-6.985958e-07	1337
396846	9.358593e-08	-8.584139e-07	-6.986091e-07	1337
405102	9.350861e-08	-8.584115e-07	-6.986224e-07	1337
413358	9.343129e-08	-8.584091e-07	-6.986358e-07	1337
421614	9.335396e-08	-8.584066e-07	-6.986491e-07	1337
429870	9.327663e-08	-8.584042e-07	-6.986624e-07	1337
438126	9.319930e-08	-8.584018e-07	-6.986757e-07	1337
446382	9.312198e-08	-8.583994e-07	-6.986890e-07	1337
454638	9.304464e-08	-8.583970e-07	-6.987023e-07	1337
462894	9.296730e-08	-8.583946e-07	-6.987155e-07	1337
471150	9.288997e-08	-8.583921e-07	-6.987288e-07	1337
479406	9.281263e-08	-8.583897e-07	-6.987420e-07	1337
487662	9.273528e-08	-8.583873e-07	-6.987552e-07	1337
495918	9.265794e-08	-8.583849e-07	-6.987685e-07	1337
504174	9.258060e-08	-8.583825e-07	-6.987817e-07	1337
512430	9.250325e-08	-8.583801e-07	-6.987948e-07	1337
520686	9.242590e-08	-8.583777e-07	-6.988080e-07	1337
528942	9.234855e-08	-8.583753e-07	-6.988212e-07	1337
537198	9.227120e-08	-8.583729e-07	-6.988344e-07	1337
545454	9.219384e-08	-8.583705e-07	-6.988475e-07	1337
553710	9.211649e-08	-8.583681e-07	-6.988607e-07	1337
561966	9.203913e-08	-8.583657e-07	-6.988738e-07	1337
570222	9.196177e-08	-8.583633e-07	-6.988869e-07	1337
578478	9.188440e-08	-8.583610e-07	-6.989000e-07	1337
586734	9.180704e-08	-8.583586e-07	-6.989131e-07	1337
594990	9.172967e-08	-8.583562e-07	-6.989262e-07	1337
603246	9.165230e-08	-8.583538e-07	-6.989393e-07	1337
611502	9.157493e-08	-8.583514e-07	-6.989523e-07	1337
619758	9.149756e-08	-8.583490e-07	-6.989654e-07	1337
628014	9.142019e-08	-8.583467e-07	-6.989784e-07	1337
636270	9.134281e-08	-8.583443e-07	-6.989915e-07	1337
644526	9.126543e-08	-8.583419e-07	-6.990045e-07	1337
652782	9.118806e-08	-8.583395e-07	-6.990174e-07	1337
661038	9.111067e-08	-8.583372e-07	-6.990305e-07	1337
669294	9.103329e-08	-8.583348e-07	-6.990434e-07	1337
677550	9.095590e-08	-8.583325e-07	-6.990564e-07	1337
685806	9.087852e-08	-8.583301e-07	-6.990694e-07	1337
694062	9.080112e-08	-8.583278e-07	-6.990823e-07	1337
702318	9.072373e-08	-8.583254e-07	-6.990953e-07	1337
710574	9.064634e-08	-8.583231e-07	-6.991082e-07	1337
718830	9.056895e-08	-8.583207e-07	-6.991211e-07	1337
727086	9.049155e-08	-8.583183e-07	-6.991340e-07	1337
735342	9.041415e-08	-8.583160e-07	-6.991469e-07	1337
743598	9.033675e-08	-8.583137e-07	-6.991598e-07	1337
751854	9.025934e-08	-8.583113e-07	-6.991727e-07	1337
760110	9.018194e-08	-8.583090e-07	-6.991855e-07	1337
768366	9.010454e-08	-8.583066e-07	-6.991984e-07	1337
776622	9.002712e-08	-8.583043e-07	-6.992112e-07	1337
784878	8.994972e-08	-8.583020e-07	-6.992241e-07	1337
793134	8.987230e-08	-8.582996e-07	-6.992369e-07	1337
801390	8.979489e-08	-8.582973e-07	-6.992497e-07	1337
809646	8.971747e-08	-8.582950e-07	-6.992625e-07	1337
817902	8.964005e-08	-8.582927e-07	-6.992753e-07	1337
826158	8.956263e-08	-8.582903e-07	-6.992880e-07	1337
834414	8.948521e-08	-8.582880e-07	-6.993008e-07	1337
842670	8.940778e-08	-8.582857e-07	-6.993135e-07	1337
850926	8.933036e-08	-8.582834e-07	-6.993263e-07	1337
859182	8.925293e-08	-8.582811e-07	-6.993390e-07	1337
867438	8.917550e-08	-8.582787e-07	-6.993517e-07	1337
875694	8.909807e-08	-8.582764e-07	-6.993644e-07	1337
883950	8.902064e-08	-8.582741e-07	-6.993772e-07	1337
892206	8.894320e-08	-8.582718e-07	-6.993898e-07	1337
900462	8.886576e-08	-8.582695e-07	-6.994025e-07	1337
908718	8.878833e-08	-8.582672e-07	-6.994152e-07	1337
916974	8.871088e-08	-8.582649e-07	-6.994278e-07	1337
925230	8.863344e-08	-8.582626e-07	-6.994404e-07	1337
933486	8.855600e-08	-8.582603e-07	-6.994531e-07	1337
941742	8.847855e-08	-8.582580e-07	-6.994657e-07	1337
949998	8.840110e-08	-8.582557e-07	-6.994783e-07	1337
958254	8.832365e-08	-8.582534e-07	-6.994909e-07	1337
966510	8.824620e-08	-8.582511e-07	-6.995035e-07	1337
974766	8.816875e-08	-8.582488e-07	-6.995161e-07	1337
983022	8.809129e-08	-8.582466e-07	-6.995286e-07	1337
991278	8.801383e-08	-8.582443e-07	-6.995411e-07	1337
999534	8.793637e-08	-8.582420e-07	-6.995537e-07	1337
1007790	8.785891e-08	-8.582397e-07	-6.995662e-07	1337
1016046	8.778144e-08	-8.582374e-07	-6.995788e-07	1337
1024302	8.770398e-08	-8.582351e-07	-6.995913e-07	1337
1032558	8.762652e-08	-8.582329e-07	-6.996037e-07	1337
1040814	8.754905e-08	-8.582306e-07	-6.996162e-07	1337
1049070	8.747158e-08	-8.582284e-07	-6.996287e-07	1337
1057326	8.739411e-08	-8.582261e-07	-6.996412e-07	1337
1065582	8.731663e-08	-8.582238e-07	-6.996536e-07	1337
1073838	8.723915e-08	-8.582215e-07	-6.996661e-07	1337
1082094	8.716167e-08	-8.582193e-07	-6.996785e-07	1337
1090350	8.708420e-08	-8.582170e-07	-6.996909e-07	1337
1098606	8.700671e-08	-8.582148e-07	-6.997033e-07	1337
1106862	8.692923e-08	-8.582125e-07	-6.997157e-07	1337
1115118	8.685174e-08	-8.582103e-07	-6.997281e-07	1337
1123374	8.677426e-08	-8.582080e-07	-6.997405e-07	1337
1131630	8.669677e-08	-8.582057e-07	-6.997528e-07	1337
1139886	8.661927e-08	-8.582035e-07	-6.997652e-07	1337
1148142	8.654178e-08	-8.582013e-07	-6.997775e-07	1337
6246	1.416199e-07	-8.503052e-07	-7.234404e-07	16968
14502	1.415388e-07	-8.503015e-07	-7.234606e-07	16968
22758	1.414577e-07	-8.502978e-07	-7.234808e-07	16968
31014	1.413766e-07	-8.502941e-07	-7.235010e-07	16968
39270	1.412955e-07	-8.502904e-07	-7.235212e-07	16968
47526	1.412144e-07	-8.502867e-07	-7.235414e-07	16968
55782	1.411333e-07	-8.502830e-07	-7.235616e-07	16968
64038	1.410522e-07	-8.502793e-07	-7.235818e-07	16968
72294	1.409710e-07	-8.502756e-07	-7.236019e-07	16968
80550	1.408899e-07	-8.502719e-07	-7.236220e-07	16968
88806	1.408088e-07	-8.502682e-07	-7.236421e-07	16968
97062	1.407277e-07	-8.502645e-07	-7.236623e-07	16968
105318	1.406465e-07	-8.502608e-07	-7.236823e-07	16968
113574	1.405654e-07	-8.502572e-07	-7.237024e-07	16968
121830	1.404843e-07	-8.502535e-07	-7.237225e-07	16968
130086	1.404031e-07	-8.502498e-07	-7.237426e-07	16968
138342	1.403220e-07	-8.502462e-07	-7.237626e-07	16968
146598	1.402408e-07	-8.502425e-07	-7.237826e-07	16968
154854	1.401597e-07	-8.502388e-07	-7.238027e-07	16968
163110	1.400785e-07	-8.502352e-07	-7.238227e-07	16968
171366	1.399974e-07	-8.502315e-07	-7.238427e-07	16968
179622	1.399162e-07	-8.502278e-07	-7.238627e-07	16968
187878	1.398351e-07	-8.502242e-07	-7.238827e-07	16968
196134	1.397539e-07	-8.502205e-07	-7.239026e-07	16968
204390	1.396727e-07	-8.502168e-07	-7.239227e-07	16968
212646	1.395916e-07	-8.502132e-07	-7.239425e-07	16968
220902	1.395104e-07	-8.502096e-07	-7.239625e-07	16968
229158	1.394292e-07	-8.502059e-07	-7.239825e-07	16968
237414	1.393480e-07	-8.502022e-07	-7.240023e-07	16968
245670	1.392668e-07	-8.501986e-07	-7.240222e-07	16968
253926	1.391857e-07	-8.501950e-07	-7.240421e-07	16968
262182	1.391045e-07	-8.501913e-07	-7.240620e-07	16968
270438	1.390233e-07	-8.501877e-07	-7.240819e-07	16968
278694	1.389421e-07	-8.501841e-07	-7.241018e-07	16968
286950	1.388609e-07	-8.501804e-07	-7.241216e-07	16968
295206	1.387797e-07	-8.501768e-07	-7.241414e-07	16968
303462	1.386985e-07	-8.501731e-07	-7.241612e-07	16968
311718	1.386173e-07	-8.501695e-07	-7.241811e-07	16968
319974	1.385361e-07	-8.501659e-07	-7.242008e-07	16968
328230	1.384549e-07	-8.501623e-07	-7.242206e-07	16968
336486	1.383737e-07	-8.501586e-07	-7.242404e-07	16968
344742	1.382924e-07	-8.501550e-07	-7.242601e-07	16968
352998	1.382112e-07	-8.501514e-07	-7.242799e-07	16968
361254	1.381300e-07	-8.501478e-07	-7.242996e-07	16968
369510	1.380488e-07	-8.501442e-07	-7.243194e-07	16968
377766	1.379675e-07	-8.501406e-07	-7.243391e-07	16968
386022	1.378863e-07	-8.501370e-07	-7.243588e-07	16968
394278	1.378051e-07	-8.501333e-07	-7.243785e-07	16968
402534	1.377238e-07	-8.501298e-07	-7.243981e-07	16968
410790	1.376426e-07	-8.501261e-07	-7.244178e-07	16968
419046	1.375614e-07	-8.501225e-07	-7.244375e-07	16968
427302	1.374801e-07	-8.501190e-07	-7.244572e-07	16968
435558	1.373989e-07	-8.501153e-07	-7.244768e-07	16968
443814	1.373176e-07	-8.501117e-07	-7.244964e-07	16968
452070	1.372364e-07	-8.501082e-07	-7.245160e-07	16968
460326	1.371551e-07	-8.501046e-07	-7.245356e-07	16968
468582	1.370738e-07	-8.501010e-07	-7.245552e-07	16968
476838	1.369926e-07	-8.500974e-07	-7.245748e-07	16968
485094	1.369113e-07	-8.500938e-07	-7.245943e-07	16968
493350	1.368300e-07	-8.500903e-07	-7.246139e-07	16968
501606	1.367488e-07	-8.500867e-07	-7.246334e-07	16968
509862	1.366675e-07	-8.500831e-07	-7.246529e-07	16968
518118	1.365862e-07	-8.500795e-07	-7.246725e-07	16968
526374	1.365049e-07	-8.500759e-07	-7.246920e-07	16968
534630	1.364236e-07	-8.500724e-07	-7.247115e-07	16968
542886	1.363424e-07	-8.500688e-07	-7.247310e-07	16968
551142	1.362611e-07	-8.500652e-07	-7.247504e-07	16968
559398	1.361798e-07	-8.500617e-07	-7.247698e-07	16968
567654	1.360985e-07	-8.500581e-07	-7.247893e-07	16968
575910	1.360172e-07	-8.500546e-07	-7.248087e-07	16968
584166	1.359359e-07	-8.500510e-07	-7.248282e-07	16968
592422	1.358546e-07	-8.500475e-07	-7.248476e-07	16968
600678	1.357733e-07	-8.500439e-07	-7.248670e-07	16968
608934	1.356919e-07	-8.500404e-07	-7.248864e-07	16968
617190	1.356106e-07	-8.500368e-07	-7.249058e-07	16968
625446	1.355293e-07	-8.500332e-07	-7.249251e-07	16968
633702	1.354480e-07	-8.500297e-07	-7.249445e-07	16968
641958	1.353667e-07	-8.500261e-07	-7.249638e-07	16968
650214	1.352854e-07	-8.500226e-07	-7.249831e-07	16968
658470	1.352040e-07	-8.500191e-07	-7.250025e-07	16968
666726	1.351227e-07	-8.500156e-07	-7.250218e-07	16968
674982	1.350414e-07	-8.500120e-07	-7.250410e-07	16968
683238	1.349600e-07	-8.500085e-07	-7.250604e-07	16968
691494	1.348787e-07	-8.500049e-07	-7.250796e-07	16968
699750	1.347974e-07	-8.500014e-07	-7.250989e-07	16968
708006	1.347160e-07	-8.499979e-07	-7.251181e-07	16968
716262	1.346347e-07	-8.499944e-07	-7.251373e-07	16968
724518	1.345533e-07	-8.499908e-07	-7.251566e-07	16968
732774	1.344720e-07	-8.499873e-07	-7.251758e-07	16968
741030	1.343906e-07	-8.499838e-07	-7.251950e-07	16968
749286	1.343092e-07	-8.499803e-07	-7.252142e-07	16968
757542	1.342279e-07	-8.499768e-07	-7.252333e-07	16968
765798	1.341465e-07	-8.499733e-07	-7.252526e-07	16968
774054	1.340652e-07	-8.499698e-07	-7.252717e-07	16968
782310	1.339838e-07	-8.499663e-07	-7.252908e-07	16968
790566	1.339024e-07	-8.499628e-07	-7.253100e-07	16968
798822	1.338210e-07	-8.499593e-07	-7.253291e-07	16968
807078	1.337397e-07	-8.499558e-07	-7.253482e-07	16968
815334	1.336583e-07	-8.499523e-07	-7.253673e-07	16968
823590	1.335769e-07	-8.499488e-07	-7.253864e-07	16968
831846	1.334955e-07	-8.499453e-07	-7.254055e-07	16968
840102	1.334141e-07	-8.499418e-07	-7.254245e-07	16968
848358	1.333327e-07	-8.499383e-07	-7.254436e-07	16968
856614	1.332513e-07	-8.499348e-07	-7.254626e-07	16968
864870	1.331699e-07	-8.499313e-07	-7.254816e-07	16968
873126	1.330885e-07	-8.499279e-07	-7.255006e-07	16968
881382	1.330071e-07	-8.499244e-07	-7.255197e-07	16968
889638	1.329257e-07	-8.499209e-07	-7.255387e-07	16968
897894	1.328443e-07	-8.499175e-07	-7.255576e-07	16968
906150	1.327629e-07	-8.499140e-07	-7.255766e-07	16968
914406	1.326815e-07	-8.499105e-07	-7.255956e-07	16968
922662	1.326001e-07	-8.499071e-07	-7.256145e-07	16968
930918	1.325187e-07	-8.499036e-07	-7.256334e-07	16968
939174	1.324372e-07	-8.499001e-07	-7.256523e-07	16968
947430	1.323558e-07	-8.498967e-07	-7.256713e-07	16968
955686	1.322744e-07	-8.498932e-07	-7.256901e-07	16968
963942	1.321929e-07	-8.498897e-07	-7.257091e-07	16968
972198	1.321115e-07	-8.498862e-07	-7.257279e-07	16968
980454	1.320301e-07	-8.498828e-07	-7.257468e-07	16968
988710	1.319486e-07	-8.498794e-07	-7.257656e-07	16968
996966	1.318672e-07	-8.498759e-07	-7.257845e-07	16968
1005222	1.317857e-07	-8.498725e-07	-7.258033e-07	16968
1013478	1.317043e-07	-8.498690e-07	-7.258221e-07	16968
1021734	1.316228e-07	-8.498656e-07	-7.258409e-07	16968
1029990	1.315414e-07	-8.498621e-07	-7.258597e-07	16968
1038246	1.314599e-07	-8.498587e-07	-7.258785e-07	16968
1046502	1.313785e-07	-8.498553e-07	-7.258973e-07	16968
1054758	1.312970e-07	-8.498519e-07	-7.259160e-07	16968
1063014	1.312155e-07	-8.498484e-07	-7.259348e-07	16968
1071270	1.311341e-07	-8.498450e-07	-7.259535e-07	16968
1079526	1.310526e-07	-8.498416e-07	-7.259723e-07	16968
1087782	1.309711e-07	-8.498381e-07	-7.259910e-07	16968
1096038	1.308896e-07	-8.498347e-07	-7.260097e-07	16968
1104294	1.308082e-07	-8.498313e-07	-7.260284e-07	16968
1112550	1.307267e-07	-8.498279e-07	-7.260470e-07	16968
1120806	1.306452e-07	-8.498245e-07	-7.260657e-07	16968
1129062	1.305637e-07	-8.498210e-07	-7.260844e-07	16968
1137318	1.304822e-07	-8.498176e-07	-7.261030e-07	16968
1145574	1.304007e-07	-8.498142e-07	-7.261216e-07	16968
1153830	1.303192e-07	-8.498108e-07	-7.261402e-07	16968
2406	1.687779e-07	-8.481152e-07	-7.144689e-07	5433
10662	1.686981e-07	-8.481108e-07	-7.144931e-07	5433
18918	1.686182e-07	-8.481064e-07	-7.145172e-07	5433
27174	1.685383e-07	-8.481019e-07	-7.145413e-07	5433
35430	1.684584e-07	-8.480975e-07	-7.145654e-07	5433
43686	1.683785e-07	-8.480931e-07	-7.145894e-07	5433
51942	1.682987e-07	-8.480887e-07	-7.146135e-07	5433
60198	1.682188e-07	-8.480843e-07	-7.146376e-07	5433
68454	1.681389e-07	-8.480799e-07	-7.146616e-07	5433
76710	1.680590e-07	-8.480754e-07	-7.146856e-07	5433
84966	1.679791e-07	-8.480710e-07	-7.147096e-07	5433
93222	1.678992e-07	-8.480666e-07	-7.147336e-07	5433
101478	1.678193e-07	-8.480622e-07	-7.147576e-07	5433
109734	1.677393e-07	-8.480578e-07	-7.147816e-07	5433
117990	1.676594e-07	-8.480534e-07	-7.148056e-07	5433
126246	1.675795e-07	-8.480490e-07	-7.148296e-07	5433
134502	1.674996e-07	-8.480446e-07	-7.148535e-07	5433
142758	1.674197e-07	-8.480402e-07	-7.148774e-07	5433
151014	1.673397e-07	-8.480358e-07	-7.149014e-07	5433
159270	1.672598e-07	-8.480314e-07	-7.149253e-07	5433
167526	1.671798e-07	-8.480270e-07	-7.149492e-07	5433
175782	1.670999e-07	-8.480226e-07	-7.149731e-07	5433
184038	1.670200e-07	-8.480183e-07	-7.149970e-07	5433
192294	1.669400e-07	-8.480139e-07	-7.150208e-07	5433
200550	1.668601e-07	-8.480095e-07	-7.150447e-07	5433
208806	1.667801e-07	-8.480051e-07	-7.150686e-07	5433
217062	1.667001e-07	-8.480008e-07	-7.150924e-07	5433
225318	1.666202e-07	-8.479964e-07	-7.151162e-07	5433
233574	1.665402e-07	-8.479920e-07	-7.151400e-07	5433
241830	1.664603e-07	-8.479876e-07	-7.151638e-07	5433
250086	1.663803e-07	-8.479832e-07	-7.151876e-07	5433
258342	1.663003e-07	-8.479789e-07	-7.152114e-07	5433
266598	1.662203e-07	-8.479745e-07	-7.152352e-07	5433
274854	1.661403e-07	-8.479702e-07	-7.152589e-07	5433
283110	1.660603e-07	-8.479658e-07	-7.152826e-07	5433
291366	1.659804e-07	-8.479615e-07	-7.153064e-07	5433
299622	1.659004e-07	-8.479571e-07	-7.153301e-07	5433
307878	1.658204e-07	-8.479527e-07	-7.153538e-07	5433
316134	1.657404e-07	-8.479484e-07	-7.153775e-07	5433
324390	1.656604e-07	-8.479440e-07	-7.154012e-07	5433
332646	1.655803e-07	-8.479397e-07	-7.154248e-07	5433
340902	1.655003e-07	-8.479353e-07	-7.154485e-07	5433
349158	1.654203e-07	-8.479310e-07	-7.154722e-07	5433
357414	1.653403e-07	-8.479267e-07	-7.154958e-07	5433
365670	1.652603e-07	-8.479223e-07	-7.155194e-07	5433
373926	1.651803e-07	-8.479180e-07	-7.155431e-07	5433
382182	1.651002e-07	-8.479137e-07	-7.155667e-07	5433
390438	1.650202e-07	-8.479093e-07	-7.155903e-07	5433
398694	1.649401e-07	-8.479050e-07	-7.156139e-07	5433
406950	1.648601e-07	-8.479007e-07	-7.156374e-07	5433
415206	1.647801e-07	-8.478963e-07	-7.156610e-07	5433
423462	1.647000e-07	-8.478920e-07	-7.156845e-07	5433
431718	1.646200e-07	-8.478877e-07	-7.157080e-07	5433
439974	1.645399e-07	-8.478834e-07	-7.157316e-07	5433
448230	1.644598e-07	-8.478791e-07	-7.157551e-07	5433
456486	1.643798e-07	-8.478747e-07	-7.157786e-07	5433
464742	1.642997e-07	-8.478704e-07	-7.158021e-07	5433
472998	1.642197e-07	-8.478661e-07	-7.158256e-07	5433
481254	1.641396e-07	-8.478618e-07	-7.158490e-07	5433
489510	1.640595e-07	-8.478575e-07	-7.158725e-07	5433
497766	1.639794e-07	-8.478532e-07	-7.158960e-07	5433
506022	1.638994e-07	-8.478489e-07	-7.159194e-07	5433
514278	1.638193e-07	-8.478446e-07	-7.159428e-07	5433
522534	1.637392e-07	-8.478403e-07	-7.159662e-07	5433
530790	1.636591e-07	-8.478360e-07	-7.159896e-07	5433
539046	1.635790e-07	-8.478317e-07	-7.160130e-07	5433
547302	1.634989e-07	-8.478274e-07	-7.160364e-07	5433
555558	1.634188e-07	-8.478231e-07	-7.160597e-07	5433
563814	1.633387e-07	-8.478189e-07	-7.160831e-07	5433
572070	1.632586e-07	-8.478146e-07	-7.161064e-07	5433
580326	1.631785e-07	-8.478103e-07	-7.161298e-07	5433
588582	1.630983e-07	-8.478060e-07	-7.161531e-07	5433
596838	1.630182e-07	-8.478017e-07	-7.161764e-07	5433
605094	1.629381e-07	-8.477974e-07	-7.161997e-07	5433
613350	1.628580e-07	-8.477932e-07	-7.162230e-07	5433
621606	1.627778e-07	-8.477889e-07	-7.162462e-07	5433
629862	1.626977e-07	-8.477846e-07	-7.162695e-07	5433
638118	1.626176e-07	-8.477804e-07	-7.162927e-07	5433
646374	1.625374e-07	-8.477761e-07	-7.163160e-07	5433
654630	1.624573e-07	-8.477718e-07	-7.163392e-07	5433
662886	1.623771e-07	-8.477676e-07	-7.163624e-07	5433
671142	1.622970e-07	-8.477633e-07	-7.163856e-07	5433
679398	1.622168e-07	-8.477591e-07	-7.164088e-07	5433
687654	1.621367e-07	-8.477548e-07	-7.164320e-07	5433
695910	1.620565e-07	-8.477505e-07	-7.164552e-07	5433
704166	1.619763e-07	-8.477463e-07	-7.164783e-07	5433
712422	1.618962e-07	-8.477421e-07	-7.165015e-07	5433
720678	1.618160e-07	-8.477378e-07	-7.165246e-07	5433
728934	1.617358e-07	-8.477335e-07	-7.165477e-07	5433
737190	1.616556e-07	-8.477293e-07	-7.165709e-07	5433
745446	1.615755e-07	-8.477251e-07	-7.165939e-07	5433
753702	1.614953e-07	-8.477209e-07	-7.166170e-07	5433
761958	1.614151e-07	-8.477166e-07	-7.166401e-07	5433
770214	1.613349e-07	-8.477124e-07	-7.166632e-07	5433
778470	1.612547e-07	-8.477081e-07	-7.166862e-07	5433
786726	1.611745e-07	-8.477039e-07	-7.167093e-07	5433
794982	1.610943e-07	-8.476997e-07	-7.167323e-07	5433
803238	1.610141e-07	-8.476954e-07	-7.167553e-07	5433
811494	1.609339e-07	-8.476912e-07	-7.167783e-07	5433
819750	1.608537e-07	-8.476870e-07	-7.168013e-07	5433
828006	1.607735e-07	-8.476828e-07	-7.168243e-07	5433
836262	1.606932e-07	-8.476786e-07	-7.168473e-07	5433
844518	1.606130e-07	-8.476744e-07	-7.168703e-07	5433
852774	1.605328e-07	-8.476702e-07	-7.168932e-07	5433
861030	1.604526e-07	-8.476659e-07	-7.169161e-07	5433
869286	1.603723e-07	-8.476617e-07	-7.169390e-07	5433
877542	1.602921e-07	-8.476575e-07	-7.169620e-07	5433
885798	1.602118e-07	-8.476533e-07	-7.169849e-07	5433
894054	1.601316e-07	-8.476491e-07	-7.170078e-07	5433
902310	1.600514e-07	-8.476449e-07	-7.170307e-07	5433
910566	1.599711e-07	-8.476407e-07	-7.170535e-07	5433
918822	1.598908e-07	-8.476365e-07	-7.170764e-07	5433
927078	1.598106e-07	-8.476324e-07	-7.170992e-07	5433
935334	1.597303e-07	-8.476281e-07	-7.171221e-07	5433
943590	1.596501e-07	-8.476239e-07	-7.171449e-07	5433
951846	1.595698e-07	-8.476198e-07	-7.171677e-07	5433
960102	1.594895e-07	-8.476156e-07	-7.171905e-07	5433
968358	1.594093e-07	-8.476114e-07	-7.172133e-07	5433
976614	1.593290e-07	-8.476072e-07	-7.172361e-07	5433
984870	1.592487e-07	-8.476030e-07	-7.172588e-07	5433
993126	1.591684e-07	-8.475989e-07	-7.172816e-07	5433
1001382	1.590881e-07	-8.475947e-07	-7.173043e-07	5433
1009638	1.590078e-07	-8.475905e-07	-7.173271e-07	5433
1017894	1.589275e-07	-8.475864e-07	-7.173498e-07	5433
1026150	1.588472e-07	-8.475822e-07	-7.173725e-07	5433
1034406	1.587669e-07	-8.475780e-07	-7.173952e-07	5433
1042662	1.586866e-07	-8.475739e-07	-7.174179e-07	5433
1050918	1.586063e-07	-8.475697e-07	-7.174406e-07	5433
1059174	1.585260e-07	-8.475655e-07	-7.174633e-07	5433
1067430	1.584457e-07	-8.475614e-07	-7.174859e-07	5433
1075686	1.583654e-07	-8.475572e-07	-7.175085e-07	5433
1083942	1.582851e-07	-8.475531e-07	-7.175311e-07	5433
1092198	1.582047e-07	-8.475489e-07	-7.175537e-07	5433
1100454	1.581244e-07	-8.475448e-07	-7.175764e-07	5433
1108710	1.580441e-07	-8.475406e-07	-7.175989e-07	5433
1116966	1.579638e-07	-8.475365e-07	-7.176216e-07	5433
1125222	1.578834e-07	-8.475323e-07	-7.176441e-07	5433
1133478	1.578031e-07	-8.475282e-07	-7.176667e-07	5433
1141734	1.577227e-07	-8.475241e-07	-7.176892e-07	5433
1149990	1.576424e-07	-8.475199e-07	-7.177118e-07	5433
3894	3.909277e-07	-8.413655e-07	-8.020117e-07	9261
12150	3.908351e-07	-8.413551e-07	-8.020677e-07	9261
20406	3.907425e-07	-8.413448e-07	-8.021236e-07	9261
28662	3.906498e-07	-8.413345e-07	-8.021796e-07	9261
36918	3.905572e-07	-8.413242e-07	-8.022355e-07	9261
45174	3.904646e-07	-8.413138e-07	-8.022914e-07	9261
53430	3.903719e-07	-8.413035e-07	-8.023474e-07	9261
61686	3.902793e-07	-8.412932e-07	-8.024032e-07	9261
69942	3.901866e-07	-8.412829e-07	-8.024591e-07	9261
78198	3.900939e-07	-8.412725e-07	-8.025150e-07	9261
86454	3.900012e-07	-8.412622e-07	-8.025709e-07	9261
94710	3.899086e-07	-8.412519e-07	-8.026267e-07	9261
102966	3.898159e-07	-8.412416e-07	-8.026825e-07	9261
111222	3.897232e-07	-8.412313e-07	-8.027383e-07	9261
119478	3.896305e-07	-8.412210e-07	-8.027941e-07	9261
127734	3.895377e-07	-8.412107e-07	-8.028500e-07	9261
135990	3.894450e-07	-8.412004e-07	-8.029057e-07	9261
144246	3.893523e-07	-8.411901e-07	-8.029615e-07	9261
152502	3.892595e-07	-8.411798e-07	-8.030173e-07	9261
160758	3.891668e-07	-8.411695e-07	-8.030730e-07	9261
169014	3.890740e-07	-8.411592e-07	-8.031287e-07	9261
177270	3.889812e-07	-8.411490e-07	-8.031844e-07	9261
185526	3.888885e-07	-8.411387e-07	-8.032401e-07	9261
193782	3.887957e-07	-8.411284e-07	-8.032958e-07	9261
202038	3.887029e-07	-8.411181e-07	-8.033514e-07	9261
210294	3.886101e-07	-8.411078e-07	-8.034071e-07	9261
218550	3.885172e-07	-8.410975e-07	-8.034627e-07	9261
226806	3.884244e-07	-8.410873e-07	-8.035184e-07	9261
235062	3.883316e-07	-8.410770e-07	-8.035740e-07	9261
243318	3.882388e-07	-8.410667e-07	-8.036296e-07	9261
251574	3.881459e-07	-8.410565e-07	-8.036852e-07	9261
259830	3.880531e-07	-8.410462e-07	-8.037408e-07	9261
268086	3.879602e-07	-8.410360e-07	-8.037964e-07	9261
276342	3.878673e-07	-8.410257e-07	-8.038519e-07	9261
284598	3.877745e-07	-8.410154e-07	-8.039074e-07	9261
292854	3.876816e-07	-8.410052e-07	-8.039630e-07	9261
301110	3.875887e-07	-8.409949e-07	-8.040184e-07	9261
309366	3.874958e-07	-8.409847e-07	-8.040739e-07	9261
317622	3.874028e-07	-8.409745e-07	-8.041295e-07	9261
325878	3.873099e-07	-8.409642e-07	-8.041849e-07	9261
334134	3.872170e-07	-8.409539e-07	-8.042404e-07	9261
342390	3.871241e-07	-8.409437e-07	-8.042958e-07	9261
350646	3.870311e-07	-8.409335e-07	-8.043512e-07	9261
358902	3.869382e-07	-8.409232e-07	-8.044066e-07	9261
367158	3.868452e-07	-8.409130e-07	-8.044620e-07	9261
375414	3.867522e-07	-8.409028e-07	-8.045174e-07	9261
383670	3.866593e-07	-8.408926e-07	-8.045728e-07	9261
391926	3.865663e-07	-8.408824e-07	-8.046282e-07	9261
400182	3.864733e-07	-8.408721e-07	-8.046835e-07	9261
408438	3.863803e-07	-8.408619e-07	-8.047389e-07	9261
416694	3.862873e-07	-8.408517e-07	-8.047942e-07	9261
424950	3.861943e-07	-8.408415e-07	-8.048495e-07	9261
433206	3.861012e-07	-8.408313e-07	-8.049048e-07	9261
441462	3.860082e-07	-8.408211e-07	-8.049601e-07	9261
449718	3.859151e-07	-8.408109e-07	-8.050154e-07	9261
457974	3.858221e-07	-8.408007e-07	-8.050706e-07	9261
466230	3.857290e-07	-8.407904e-07	-8.051259e-07	9261
474486	3.856360e-07	-8.407803e-07	-8.051811e-07	9261
482742	3.855429e-07	-8.407700e-07	-8.052363e-07	9261
490998	3.854498e-07	-8.407599e-07	-8.052915e-07	9261
499254	3.853567e-07	-8.407497e-07	-8.053467e-07	9261
507510	3.852636e-07	-8.407395e-07	-8.054019e-07	9261
515766	3.851705e-07	-8.407293e-07	-8.054570e-07	9261
524022	3.850774e-07	-8.407191e-07	-8.055122e-07	9261
532278	3.849843e-07	-8.407089e-07	-8.055673e-07	9261
540534	3.848911e-07	-8.406988e-07	-8.056224e-07	9261
548790	3.847980e-07	-8.406886e-07	-8.056775e-07	9261
557046	3.847049e-07	-8.406784e-07	-8.057327e-07	9261
565302	3.846117e-07	-8.406682e-07	-8.057877e-07	9261
573558	3.845185e-07	-8.406581e-07	-8.058428e-07	9261
581814	3.844254e-07	-8.406479e-07	-8.058979e-07	9261
590070	3.843322e-07	-8.406378e-07	-8.059529e-07	9261
598326	3.842390e-07	-8.406276e-07	-8.060079e-07	9261
606582	3.841458e-07	-8.406174e-07	-8.060629e-07	9261
614838	3.840526e-07	-8.406072e-07	-8.061180e-07	9261
623094	3.839594e-07	-8.405971e-07	-8.061729e-07	9261
631350	3.838661e-07	-8.405869e-07	-8.062279e-07	9261
639606	3.837729e-07	-8.405768e-07	-8.062829e-07	9261
647862	3.836797e-07	-8.405667e-07	-8.063378e-07	9261
656118	3.835864e-07	-8.405565e-07	-8.063928e-07	9261
664374	3.834932e-07	-8.405464e-07	-8.064477e-07	9261
672630	3.833999e-07	-8.405362e-07	-8.065026e-07	9261
680886	3.833066e-07	-8.405261e-07	-8.065575e-07	9261
689142	3.832133e-07	-8.405160e-07	-8.066124e-07	9261
697398	3.831201e-07	-8.405058e-07	-8.066672e-07	9261
705654	3.830268e-07	-8.404957e-07	-8.067221e-07	9261
713910	3.829335e-07	-8.404856e-07	-8.067769e-07	9261
722166	3.828402e-07	-8.404755e-07	-8.068318e-07	9261
730422	3.827468e-07	-8.404654e-07	-8.068866e-07	9261
738678	3.826535e-07	-8.404552e-07	-8.069414e-07	9261
746934	3.825602e-07	-8.404451e-07	-8.069962e-07	9261
755190	3.824668e-07	-8.404350e-07	-8.070510e-07	9261
763446	3.823735e-07	-8.404249e-07	-8.071057e-07	9261
771702	3.822801e-07	-8.404148e-07	-8.071605e-07	9261
779958	3.821868e-07	-8.404047e-07	-8.072152e-07	9261
788214	3.820934e-07	-8.403946e-07	-8.072699e-07	9261
796470	3.820000e-07	-8.403845e-07	-8.073246e-07	9261
804726	3.819066e-07	-8.403744e-07	-8.073793e-07	9261
812982	3.818132e-07	-8.403643e-07	-8.074340e-07	9261
821238	3.817198e-07	-8.403542e-07	-8.074887e-07	9261
829494	3.816264e-07	-8.403441e-07	-8.075434e-07	9261
837750	3.815329e-07	-8.403340e-07	-8.075980e-07	9261
846006	3.814395e-07	-8.403239e-07	-8.076526e-07	9261
854262	3.813461e-07	-8.403138e-07	-8.077072e-07	9261
862518	3.812526e-07	-8.403038e-07	-8.077618e-07	9261
870774	3.811591e-07	-8.402937e-07	-8.078164e-07	9261
879030	3.810657e-07	-8.402836e-07	-8.078710e-07	9261
887286	3.809722e-07	-8.402735e-07	-8.079256e-07	9261
895542	3.808787e-07	-8.402635e-07	-8.079801e-07	9261
903798	3.807852e-07	-8.402534e-07	-8.080347e-07	9261
912054	3.806917e-07	-8.402433e-07	-8.080892e-07	9261
920310	3.805982e-07	-8.402333e-07	-8.081437e-07	9261
928566	3.805047e-07	-8.402232e-07	-8.081981e-07	9261
936822	3.804112e-07	-8.402131e-07	-8.082527e-07	9261
945078	3.803177e-07	-8.402031e-07	-8.083071e-07	9261
953334	3.802241e-07	-8.401930e-07	-8.083616e-07	9261
961590	3.801306e-07	-8.401830e-07	-8.084160e-07	9261
969846	3.800370e-07	-8.401730e-07	-8.084704e-07	9261
978102	3.799435e-07	-8.401629e-07	-8.085248e-07	9261
986358	3.798499e-07	-8.401528e-07	-8.085792e-07	9261
994614	3.797563e-07	-8.401428e-07	-8.086336e-07	9261
1002870	3.796627e-07	-8.401328e-07	-8.086880e-07	9261
1011126	3.795691e-07	-8.401227e-07	-8.087424e-07	9261
1019382	3.794755e-07	-8.401127e-07	-8.087967e-07	9261
1027638	3.793819e-07	-8.401026e-07	-8.088510e-07	9261
1035894	3.792883e-07	-8.400926e-07	-8.089054e-07	9261
1044150	3.791947e-07	-8.400826e-07	-8.089597e-07	9261
1052406	3.791010e-07	-8.400726e-07	-8.090140e-07	9261
1060662	3.790074e-07	-8.400626e-07	-8.090682e-07	9261
1068918	3.789137e-07	-8.400526e-07	-8.091225e-07	9261
1077174	3.788201e-07	-8.400425e-07	-8.091768e-07	9261
1085430	3.787264e-07	-8.400325e-07	-8.092310e-07	9261
1093686	3.786327e-07	-8.400225e-07	-8.092852e-07	9261
1101942	3.785390e-07	-8.400125e-07	-8.093394e-07	9261
1110198	3.784453e-07	-8.400025e-07	-8.093936e-07	9261
1118454	3.783516e-07	-8.399925e-07	-8.094478e-07	9261
1126710	3.782579e-07	-8.399825e-07	-8.095020e-07	9261
1134966	3.781642e-07	-8.399725e-07	-8.095561e-07	9261
1143222	3.780705e-07	-8.399625e-07	-8.096103e-07	9261
1151478	3.779768e-07	-8.399525e-07	-8.096644e-07	9261
5655	1.720947e-07	-8.360032e-07	-7.112635e-07	14676
13911	1.720150e-07	-8.359987e-07	-7.112881e-07	14676
22167	1.719353e-07	-8.359942e-07	-7.113127e-07	14676
30423	1.718555e-07	-8.359896e-07	-7.113372e-07	14676
38679	1.717758e-07	-8.359851e-07	-7.113618e-07	14676
46935	1.716960e-07	-8.359806e-07	-7.113863e-07	14676
55191	1.716163e-07	-8.359761e-07	-7.114109e-07	14676
63447	1.715365e-07	-8.359716e-07	-7.114354e-07	14676
71703	1.714568e-07	-8.359671e-07	-7.114600e-07	14676
79959	1.713770e-07	-8.359626e-07	-7.114845e-07	14676
88215	1.712972e-07	-8.359581e-07	-7.115090e-07	14676
96471	1.712175e-07	-8.359536e-07	-7.115334e-07	14676
104727	1.711377e-07	-8.359491e-07	-7.115579e-07	14676
112983	1.710579e-07	-8.359446e-07	-7.115823e-07	14676
121239	1.709782e-07	-8.359401e-07	-7.116068e-07	14676
129495	1.708984e-07	-8.359356e-07	-7.116312e-07	14676
137751	1.708186e-07	-8.359311e-07	-7.116557e-07	14676
146007	1.707388e-07	-8.359266e-07	-7.116801e-07	14676
154263	1.706590e-07	-8.359222e-07	-7.117045e-07	14676
162519	1.705792e-07	-8.359177e-07	-7.117289e-07	14676
170775	1.704994e-07	-8.359132e-07	-7.117533e-07	14676
179031	1.704196e-07	-8.359087e-07	-7.117777e-07	14676
187287	1.703398e-07	-8.359043e-07	-7.118020e-07	14676
195543	1.702600e-07	-8.358998e-07	-7.118263e-07	14676
203799	1.701801e-07	-8.358953e-07	-7.118507e-07	14676
212055	1.701003e-07	-8.358909e-07	-7.118750e-07	14676
220311	1.700205e-07	-8.358864e-07	-7.118993e-07	14676
228567	1.699407e-07	-8.358820e-07	-7.119236e-07	14676
236823	1.698608e-07	-8.358775e-07	-7.119479e-07	14676
245079	1.697810e-07	-8.358730e-07	-7.119722e-07	14676
253335	1.697012e-07	-8.358685e-07	-7.119964e-07	14676
261591	1.696213e-07	-8.358641e-07	-7.120207e-07	14676
269847	1.695415e-07	-8.358597e-07	-7.120449e-07	14676
278103	1.694616e-07	-8.358552e-07	-7.120692e-07	14676
286359	1.693818e-07	-8.358508e-07	-7.120934e-07	14676
294615	1.693019e-07	-8.358463e-07	-7.121176e-07	14676
302871	1.692221e-07	-8.358419e-07	-7.121418e-07	14676
311127	1.691422e-07	-8.358374e-07	-7.121660e-07	14676
319383	1.690623e-07	-8.358330e-07	-7.121902e-07	14676
327639	1.689825e-07	-8.358285e-07	-7.122143e-07	14676
335895	1.689026e-07	-8.358241e-07	-7.122385e-07	14676
344151	1.688227e-07	-8.358197e-07	-7.122626e-07	14676
352407	1.687428e-07	-8.358152e-07	-7.122867e-07	14676
360663	1.686629e-07	-8.358108e-07	-7.123109e-07	14676
368919	1.685830e-07	-8.358064e-07	-7.123350e-07	14676
377175	1.685031e-07	-8.358020e-07	-7.123591e-07	14676
385431	1.684233e-07	-8.357976e-07	-7.123832e-07	14676
393687	1.683434e-07	-8.357931e-07	-7.124072e-07	14676
401943	1.682635e-07	-8.357887e-07	-7.124313e-07	14676
410199	1.681835e-07	-8.357843e-07	-7.124553e-07	14676
418455	1.681036e-07	-8.357799e-07	-7.124794e-07	14676
426711	1.680237e-07	-8.357754e-07	-7.125034e-07	14676
434967	1.679438e-07	-8.357711e-07	-7.125274e-07	14676
443223	1.678639e-07	-8.357666e-07	-7.125514e-07	14676
451479	1.677840e-07	-8.357623e-07	-7.125754e-07	14676
459735	1.677040e-07	-8.357578e-07	-7.125994e-07	14676
467991	1.676241e-07	-8.357534e-07	-7.126234e-07	14676
476247	1.675442e-07	-8.357490e-07	-7.126473e-07	14676
484503	1.674642e-07	-8.357446e-07	-7.126712e-07	14676
492759	1.673843e-07	-8.357403e-07	-7.126952e-07	14676
501015	1.673043e-07	-8.357358e-07	-7.127191e-07	14676
509271	1.672244e-07	-8.357314e-07	-7.127430e-07	14676
517527	1.671444e-07	-8.357271e-07	-7.127669e-07	14676
525783	1.670645e-07	-8.357227e-07	-7.127908e-07	14676
534039	1.669845e-07	-8.357183e-07	-7.128147e-07	14676
542295	1.669046e-07	-8.357139e-07	-7.128386e-07	14676
550551	1.668246e-07	-8.357096e-07	-7.128624e-07	14676
558807	1.667446e-07	-8.357052e-07	-7.128863e-07	14676
567063	1.666646e-07	-8.357008e-07	-7.129101e-07	14676
575319	1.665847e-07	-8.356964e-07	-7.129339e-07	14676
583575	1.665047e-07	-8.356920e-07	-7.129577e-07	14676
591831	1.664247e-07	-8.356877e-07	-7.129815e-07	14676
600087	1.663447e-07	-8.356833e-07	-7.130053e-07	14676
608343	1.662647e-07	-8.356789e-07	-7.130291e-07	14676
616599	1.661847e-07	-8.356745e-07	-7.130528e-07	14676
624855	1.661047e-07	-8.356702e-07	-7.130766e-07	14676
633111	1.660247e-07	-8.356658e-07	-7.131003e-07	14676
641367	1.659447e-07	-8.356615e-07	-7.131241e-07	14676
649623	1.658647e-07	-8.356571e-07	-7.131478e-07	14676
657879	1.657847e-07	-8.356528e-07	-7.131715e-07	14676
666135	1.657047e-07	-8.356484e-07	-7.131952e-07	14676
674391	1.656247e-07	-8.356441e-07	-7.132189e-07	14676
682647	1.655446e-07	-8.356398e-07	-7.132425e-07	14676
690903	1.654646e-07	-8.356354e-07	-7.132662e-07	14676
699159	1.653846e-07	-8.356311e-07	-7.132898e-07	14676
707415	1.653046e-07	-8.356267e-07	-7.133135e-07	14676
715671	1.652245e-07	-8.356224e-07	-7.133371e-07	14676
723927	1.651445e-07	-8.356180e-07	-7.133607e-07	14676
732183	1.650644e-07	-8.356137e-07	-7.133843e-07	14676
740439	1.649844e-07	-8.356094e-07	-7.134079e-07	14676
748695	1.649043e-07	-8.356050e-07	-7.134315e-07	14676
756951	1.648243e-07	-8.356007e-07	-7.134551e-07	14676
765207	1.647442e-07	-8.355964e-07	-7.134786e-07	14676
773463	1.646642e-07	-8.355921e-07	-7.135021e-07	14676
781719	1.645841e-07	-8.355877e-07	-7.135257e-07	14676
789975	1.645040e-07	-8.355834e-07	-7.135492e-07	14676
798231	1.644240e-07	-8.355791e-07	-7.135727e-07	14676
806487	1.643439e-07	-8.355748e-07	-7.135962e-07	14676
814743	1.642638e-07	-8.355705e-07	-7.136197e-07	14676
822999	1.641837e-07	-8.355662e-07	-7.136431e-07	14676
831255	1.641036e-07	-8.355619e-07	-7.136666e-07	14676
839511	1.640235e-07	-8.355576e-07	-7.136901e-07	14676
847767	1.639434e-07	-8.355532e-07	-7.137135e-07	14676
856023	1.638633e-07	-8.355490e-07	-7.137369e-07	14676
864279	1.637832e-07	-8.355447e-07	-7.137604e-07	14676
872535	1.637031e-07	-8.355404e-07	-7.137838e-07	14676
880791	1.636230e-07	-8.355361e-07	-7.138071e-07	14676
889047	1.635429e-07	-8.355318e-07	-7.138306e-07	14676
897303	1.634628e-07	-8.355275e-07	-7.138539e-07	14676
905559	1.633827e-07	-8.355232e-07	-7.138773e-07	14676
913815	1.633026e-07	-8.355189e-07	-7.139006e-07	14676
922071	1.632224e-07	-8.355146e-07	-7.139240e-07	14676
930327	1.631423e-07	-8.355103e-07	-7.139473e-07	14676
938583	1.630622e-07	-8.355061e-07	-7.139706e-07	14676
946839	1.629820e-07	-8.355018e-07	-7.139939e-07	14676
955095	1.629019e-07	-8.354975e-07	-7.140172e-07	14676
963351	1.628218e-07	-8.354932e-07	-7.140405e-07	14676
971607	1.627416e-07	-8.354889e-07	-7.140637e-07	14676
979863	1.626615e-07	-8.354847e-07	-7.140870e-07	14676
988119	1.625813e-07	-8.354804e-07	-7.141102e-07	14676
996375	1.625012e-07	-8.354762e-07	-7.141335e-07	14676
1004631	1.624210e-07	-8.354719e-07	-7.141567e-07	14676
1012887	1.623409e-07	-8.354676e-07	-7.141799e-07	14676
1021143	1.622607e-07	-8.354634e-07	-7.142031e-07	14676
1029399	1.621805e-07	-8.354591e-07	-7.142263e-07	14676
1037655	1.621003e-07	-8.354549e-07	-7.142495e-07	14676
1045911	1.620202e-07	-8.354506e-07	-7.142726e-07	14676
1054167	1.619400e-07	-8.354464e-07	-7.142958e-07	14676
1062423	1.618598e-07	-8.354421e-07	-7.143190e-07	14676
1070679	1.617796e-07	-8.354379e-07	-7.143421e-07	14676
1078935	1.616994e-07	-8.354336e-07	-7.143652e-07	14676
1087191	1.616192e-07	-8.354294e-07	-7.143883e-07	14676
1095447	1.615390e-07	-8.354252e-07	-7.144114e-07	14676
1103703	1.614588e-07	-8.354209e-07	-7.144345e-07	14676
1111959	1.613786e-07	-8.354167e-07	-7.144575e-07	14676
1120215	1.612984e-07	-8.354124e-07	-7.144806e-07	14676
1128471	1.612182e-07	-8.354082e-07	-7.145036e-07	14676
1136727	1.611380e-07	-8.354040e-07	-7.145267e-07	14676
1144983	1.610578e-07	-8.353998e-07	-7.145497e-07	14676
1153239	1.609776e-07	-8.353956e-07	-7.145728e-07	14676
434	1.278732e-07	-8.303505e-07	-6.863558e-07	1081
8690	1.277969e-07	-8.303471e-07	-6.863741e-07	1081
16946	1.277206e-07	-8.303438e-07	-6.863923e-07	1081
25202	1.276443e-07	-8.303405e-07	-6.864105e-07	1081
33458	1.275679e-07	-8.303371e-07	-6.864288e-07	1081
41714	1.274916e-07	-8.303338e-07	-6.864470e-07	1081
49970	1.274153e-07	-8.303305e-07	-6.864652e-07	1081
58226	1.273390e-07	-8.303271e-07	-6.864834e-07	1081
66482	1.272626e-07	-8.303238e-07	-6.865016e-07	1081
74738	1.271863e-07	-8.303205e-07	-6.865197e-07	1081
82994	1.271100e-07	-8.303172e-07	-6.865379e-07	1081
91250	1.270336e-07	-8.303138e-07	-6.865561e-07	1081
99506	1.269573e-07	-8.303105e-07	-6.865742e-07	1081
107762	1.268809e-07	-8.303072e-07	-6.865923e-07	1081
116018	1.268046e-07	-8.303039e-07	-6.866104e-07	1081
124274	1.267282e-07	-8.303006e-07	-6.866285e-07	1081
132530	1.266519e-07	-8.302972e-07	-6.866466e-07	1081
140786	1.265755e-07	-8.302939e-07	-6.866647e-07	1081
149042	1.264992e-07	-8.302906e-07	-6.866828e-07	1081
157298	1.264228e-07	-8.302873e-07	-6.867008e-07	1081
165554	1.263464e-07	-8.302840e-07	-6.867189e-07	1081
173810	1.262701e-07	-8.302807e-07	-6.867369e-07	1081
182066	1.261937e-07	-8.302774e-07	-6.867550e-07	1081
190322	1.261173e-07	-8.302741e-07	-6.867730e-07	1081
198578	1.260410e-07	-8.302708e-07	-6.867910e-07	1081
206834	1.259646e-07	-8.302675e-07	-6.868090e-07	1081
215090	1.258882e-07	-8.302642e-07	-6.868270e-07	1081
223346	1.258118e-07	-8.302609e-07	-6.868449e-07	1081
231602	1.257355e-07	-8.302576e-07	-6.868629e-07	1081
239858	1.256591e-07	-8.302544e-07	-6.868809e-07	1081
248114	1.255827e-07	-8.302511e-07	-6.868988e-07	1081
256370	1.255063e-07	-8.302478e-07	-6.869167e-07	1081
264626	1.254299e-07	-8.302445e-07	-6.869346e-07	1081
272882	1.253535e-07	-8.302412e-07	-6.869525e-07	1081
281138	1.252771e-07	-8.302379e-07	-6.869705e-07	1081
289394	1.252007e-07	-8.302347e-07	-6.869883e-07	1081
297650	1.251243e-07	-8.302314e-07	-6.870062e-07	1081
305906	1.250479e-07	-8.302281e-07	-6.870241e-07	1081
314162	1.249715e-07	-8.302248e-07	-6.870419e-07	1081
322418	1.248950e-07	-8.302216e-07	-6.870598e-07	1081
330674	1.248186e-07	-8.302183e-07	-6.870776e-07	1081
338930	1.247422e-07	-8.302151e-07	-6.870954e-07	1081
347186	1.246658e-07	-8.302118e-07	-6.871132e-07	1081
355442	1.245894e-07	-8.302085e-07	-6.871310e-07	1081
363698	1.245129e-07	-8.302053e-07	-6.871488e-07	1081
371954	1.244365e-07	-8.302021e-07	-6.871666e-07	1081
380210	1.243601e-07	-8.301988e-07	-6.871844e-07	1081
388466	1.242836e-07	-8.301955e-07	-6.872021e-07	1081
396722	1.242072e-07	-8.301923e-07	-6.872198e-07	1081
404978	1.241308e-07	-8.301890e-07	-6.872376e-07	1081
413234	1.240543e-07	-8.301858e-07	-6.872553e-07	1081
421490	1.239779e-07	-8.301826e-07	-6.872730e-07	1081
429746	1.239014e-07	-8.301793e-07	-6.872907e-07	1081
438002	1.238250e-07	-8.301761e-07	-6.873084e-07	1081
446258	1.237485e-07	-8.301728e-07	-6.873261e-07	1081
454514	1.236721e-07	-8.301696e-07	-6.873437e-07	1081
462770	1.235956e-07	-8.301664e-07	-6.873614e-07	1081
471026	1.235191e-07	-8.301632e-07	-6.873790e-07	1081
479282	1.234427e-07	-8.301599e-07	-6.873967e-07	1081
487538	1.233662e-07	-8.301567e-07	-6.874143e-07	1081
495794	1.232898e-07	-8.301535e-07	-6.874319e-07	1081
504050	1.232133e-07	-8.301503e-07	-6.874495e-07	1081
512306	1.231368e-07	-8.301470e-07	-6.874671e-07	1081
520562	1.230603e-07	-8.301438e-07	-6.874847e-07	1081
528818	1.229838e-07	-8.301406e-07	-6.875022e-07	1081
537074	1.229074e-07	-8.301374e-07	-6.875198e-07	1081
545330	1.228309e-07	-8.301342e-07	-6.875374e-07	1081
553586	1.227544e-07	-8.301309e-07	-6.875549e-07	1081
561842	1.226779e-07	-8.301278e-07	-6.875724e-07	1081
570098	1.226014e-07	-8.301246e-07	-6.875899e-07	1081
578354	1.225249e-07	-8.301213e-07	-6.876074e-07	1081
586610	1.224484e-07	-8.301182e-07	-6.876249e-07	1081
594866	1.223719e-07	-8.301150e-07	-6.876424e-07	1081
603122	1.222954e-07	-8.301117e-07	-6.876598e-07	1081
611378	1.222189e-07	-8.301085e-07	-6.876773e-07	1081
619634	1.221424e-07	-8.301054e-07	-6.876948e-07	1081
627890	1.220659e-07	-8.301022e-07	-6.877122e-07	1081
636146	1.219894e-07	-8.300990e-07	-6.877296e-07	1081
644402	1.219129e-07	-8.300958e-07	-6.877470e-07	1081
652658	1.218364e-07	-8.300926e-07	-6.877644e-07	1081
660914	1.217598e-07	-8.300894e-07	-6.877818e-07	1081
669170	1.216833e-07	-8.300863e-07	-6.877992e-07	1081
677426	1.216068e-07	-8.300831e-07	-6.878166e-07	1081
685682	1.215302e-07	-8.300799e-07	-6.878340e-07	1081
693938	1.214537e-07	-8.300767e-07	-6.878513e-07	1081
702194	1.213772e-07	-8.300735e-07	-6.878686e-07	1081
710450	1.213006e-07	-8.300704e-07	-6.878860e-07	1081
718706	1.212241e-07	-8.300672e-07	-6.879033e-07	1081
726962	1.211476e-07	-8.300640e-07	-6.879206e-07	1081
735218	1.210710e-07	-8.300609e-07	-6.879379e-07	1081
743474	1.209945e-07	-8.300577e-07	-6.879552e-07	1081
751730	1.209179e-07	-8.300545e-07	-6.879724e-07	1081
759986	1.208414e-07	-8.300514e-07	-6.879897e-07	1081
768242	1.207648e-07	-8.300482e-07	-6.880069e-07	1081
776498	1.206883e-07	-8.300451e-07	-6.880242e-07	1081
784754	1.206117e-07	-8.300419e-07	-6.880414e-07	1081
793010	1.205351e-07	-8.300388e-07	-6.880586e-07	1081
801266	1.204586e-07	-8.300356e-07	-6.880758e-07	1081
809522	1.203820e-07	-8.300325e-07	-6.880930e-07	1081
817778	1.203054e-07	-8.300294e-07	-6.881102e-07	1081
826034	1.202289e-07	-8.300262e-07	-6.881274e-07	1081
834290	1.201523e-07	-8.300231e-07	-6.881446e-07	1081
842546	1.200757e-07	-8.300199e-07	-6.881617e-07	1081
850802	1.199991e-07	-8.300168e-07	-6.881788e-07	1081
859058	1.199226e-07	-8.300137e-07	-6.881959e-07	1081
867314	1.198460e-07	-8.300105e-07	-6.882130e-07	1081
875570	1.197694e-07	-8.300074e-07	-6.882302e-07	1081
883826	1.196928e-07	-8.300043e-07	-6.882473e-07	1081
892082	1.196162e-07	-8.300012e-07	-6.882644e-07	1081
900338	1.195396e-07	-8.299980e-07	-6.882814e-07	1081
908594	1.194630e-07	-8.299949e-07	-6.882985e-07	1081
916850	1.193864e-07	-8.299918e-07	-6.883155e-07	1081
925106	1.193098e-07	-8.299887e-07	-6.883326e-07	1081
933362	1.192332e-07	-8.299855e-07	-6.883496e-07	1081
941618	1.191566e-07	-8.299824e-07	-6.883666e-07	1081
949874	1.190800e-07	-8.299793e-07	-6.883836e-07	1081
958130	1.190034e-07	-8.299762e-07	-6.884006e-07	1081
966386	1.189268e-07	-8.299731e-07	-6.884176e-07	1081
974642	1.188501e-07	-8.299700e-07	-6.884346e-07	1081
982898	1.187735e-07	-8.299669e-07	-6.884516e-07	1081
991154	1.186969e-07	-8.299638e-07	-6.884685e-07	1081
999410	1.186203e-07	-8.299607e-07	-6.884854e-07	1081
1007666	1.185436e-07	-8.299576e-07	-6.885024e-07	1081
1015922	1.184670e-07	-8.299545e-07	-6.885193e-07	1081
1024178	1.183904e-07	-8.299514e-07	-6.885362e-07	1081
1032434	1.183137e-07	-8.299483e-07	-6.885531e-07	1081
1040690	1.182371e-07	-8.299452e-07	-6.885700e-07	1081
1048946	1.181605e-07	-8.299422e-07	-6.885869e-07	1081
1057202	1.180838e-07	-8.299390e-07	-6.886037e-07	1081
1065458	1.180072e-07	-8.299360e-07	-6.886206e-07	1081
1073714	1.179305e-07	-8.299329e-07	-6.886374e-07	1081
1081970	1.178539e-07	-8.299298e-07	-6.886543e-07	1081
1090226	1.177772e-07	-8.299268e-07	-6.886711e-07	1081
1098482	1.177006e-07	-8.299237e-07	-6.886879e-07	1081
1106738	1.176239e-07	-8.299206e-07	-6.887047e-07	1081
1114994	1.175473e-07	-8.299176e-07	-6.887215e-07	1081
1123250	1.174706e-07	-8.299145e-07	-6.887383e-07	1081
1131506	1.173939e-07	-8.299114e-07	-6.887551e-07	1081
1139762	1.173173e-07	-8.299083e-07	-6.887718e-07	1081
1148018	1.172406e-07	-8.299053e-07	-6.887885e-07	1081
2513	1.558117e-07	-8.261800e-07	-6.926701e-07	5689
10769	1.557343e-07	-8.261759e-07	-6.926924e-07	5689
19025	1.556570e-07	-8.261719e-07	-6.927147e-07	5689
27281	1.555797e-07	-8.261678e-07	-6.927369e-07	5689
35537	1.555023e-07	-8.261637e-07	-6.927591e-07	5689
43793	1.554250e-07	-8.261596e-07	-6.927813e-07	5689
52049	1.553476e-07	-8.261555e-07	-6.928036e-07	5689
60305	1.552703e-07	-8.261514e-07	-6.928258e-07	5689
68561	1.551930e-07	-8.261474e-07	-6.928479e-07	5689
76817	1.551156e-07	-8.261433e-07	-6.928701e-07	5689
85073	1.550382e-07	-8.261393e-07	-6.928923e-07	5689
93329	1.549609e-07	-8.261352e-07	-6.929145e-07	5689
101585	1.548835e-07	-8.261311e-07	-6.929366e-07	5689
109841	1.548061e-07	-8.261271e-07	-6.929587e-07	5689
118097	1.547288e-07	-8.261230e-07	-6.929808e-07	5689
126353	1.546514e-07	-8.261189e-07	-6.930030e-07	5689
134609	1.545740e-07	-8.261149e-07	-6.930250e-07	5689
142865	1.544966e-07	-8.261109e-07	-6.930471e-07	5689
151121	1.544193e-07	-8.261068e-07	-6.930692e-07	5689
159377	1.543419e-07	-8.261027e-07	-6.930912e-07	5689
167633	1.542645e-07	-8.260987e-07	-6.931133e-07	5689
175889	1.541871e-07	-8.260947e-07	-6.931353e-07	5689
184145	1.541097e-07	-8.260906e-07	-6.931574e-07	5689
192401	1.540323e-07	-8.260865e-07	-6.931794e-07	5689
200657	1.539549e-07	-8.260825e-07	-6.932014e-07	5689
208913	1.538775e-07	-8.260785e-07	-6.932234e-07	5689
217169	1.538001e-07	-8.260744e-07	-6.932454e-07	5689
225425	1.537226e-07	-8.260704e-07	-6.932674e-07	5689
233681	1.536452e-07	-8.260664e-07	-6.932893e-07	5689
241937	1.535678e-07	-8.260624e-07	-6.933113e-07	5689
250193	1.534904e-07	-8.260583e-07	-6.933332e-07	5689
258449	1.534130e-07	-8.260543e-07	-6.933552e-07	5689
266705	1.533355e-07	-8.260503e-07	-6.933771e-07	5689
274961	1.532581e-07	-8.260462e-07	-6.933990e-07	5689
283217	1.531807e-07	-8.260423e-07	-6.934209e-07	5689
291473	1.531032e-07	-8.260382e-07	-6.934428e-07	5689
299729	1.530258e-07	-8.260342e-07	-6.934646e-07	5689
307985	1.529483e-07	-8.260302e-07	-6.934865e-07	5689
316241	1.528709e-07	-8.260262e-07	-6.935084e-07	5689
324497	1.527934e-07	-8.260222e-07	-6.935302e-07	5689
332753	1.527160e-07	-8.260182e-07	-6.935521e-07	5689
341009	1.526385e-07	-8.260142e-07	-6.935739e-07	5689
349265	1.525610e-07	-8.260101e-07	-6.935957e-07	5689
357521	1.524836e-07	-8.260062e-07	-6.936175e-07	5689
365777	1.524061e-07	-8.260022e-07	-6.936393e-07	5689
374033	1.523286e-07	-8.259981e-07	-6.936610e-07	5689
382289	1.522512e-07	-8.259942e-07	-6.936828e-07	5689
390545	1.521737e-07	-8.259902e-07	-6.937046e-07	5689
398801	1.520962e-07	-8.259862e-07	-6.937263e-07	5689
407057	1.520187e-07	-8.259822e-07	-6.937481e-07	5689
415313	1.519412e-07	-8.259782e-07	-6.937698e-07	5689
423569	1.518637e-07	-8.259742e-07	-6.937915e-07	5689
431825	1.517862e-07	-8.259702e-07	-6.938131e-07	5689
440081	1.517087e-07	-8.259663e-07	-6.938349e-07	5689
448337	1.516312e-07	-8.259623e-07	-6.938565e-07	5689
456593	1.515537e-07	-8.259583e-07	-6.938782e-07	5689
464849	1.514762e-07	-8.259544e-07	-6.938998e-07	5689
473105	1.513987e-07	-8.259504e-07	-6.939215e-07	5689
481361	1.513212e-07	-8.259464e-07	-6.939432e-07	5689
489617	1.512437e-07	-8.259424e-07	-6.939648e-07	5689
497873	1.511662e-07	-8.259385e-07	-6.939864e-07	5689
506129	1.510886e-07	-8.259345e-07	-6.940080e-07	5689
514385	1.510111e-07	-8.259306e-07	-6.940296e-07	5689
522641	1.509336e-07	-8.259266e-07	-6.940511e-07	5689
530897	1.508560e-07	-8.259227e-07	-6.940727e-07	5689
539153	1.507785e-07	-8.259187e-07	-6.940942e-07	5689
547409	1.507010e-07	-8.259148e-07	-6.941158e-07	5689
555665	1.506234e-07	-8.259108e-07	-6.941373e-07	5689
563921	1.505459e-07	-8.259069e-07	-6.941588e-07	5689
572177	1.504683e-07	-8.259029e-07	-6.941804e-07	5689
580433	1.503908e-07	-8.258990e-07	-6.942018e-07	5689
588689	1.503132e-07	-8.258950e-07	-6.942233e-07	5689
596945	1.502357e-07	-8.258910e-07	-6.942448e-07	5689
605201	1.501581e-07	-8.258871e-07	-6.942662e-07	5689
613457	1.500805e-07	-8.258832e-07	-6.942877e-07	5689
621713	1.500030e-07	-8.258792e-07	-6.943092e-07	5689
629969	1.499254e-07	-8.258753e-07	-6.943306e-07	5689
638225	1.498478e-07	-8.258714e-07	-6.943520e-07	5689
646481	1.497702e-07	-8.258675e-07	-6.943734e-07	5689
654737	1.496927e-07	-8.258635e-07	-6.943948e-07	5689
662993	1.496151e-07	-8.258596e-07	-6.944162e-07	5689
671249	1.495375e-07	-8.258557e-07	-6.944376e-07	5689
679505	1.494599e-07	-8.258518e-07	-6.944589e-07	5689
687761	1.493823e-07	-8.258478e-07	-6.944803e-07	5689
696017	1.493047e-07	-8.258439e-07	-6.945016e-07	5689
704273	1.492271e-07	-8.258400e-07	-6.945230e-07	5689
712529	1.491495e-07	-8.258361e-07	-6.945443e-07	5689
720785	1.490719e-07	-8.258322e-07	-6.945656e-07	5689
729041	1.489943e-07	-8.258283e-07	-6.945869e-07	5689
737297	1.489167e-07	-8.258244e-07	-6.946082e-07	5689
745553	1.488391e-07	-8.258205e-07	-6.946295e-07	5689
753809	1.487614e-07	-8.258166e-07	-6.946507e-07	5689
762065	1.486838e-07	-8.258127e-07	-6.946720e-07	5689
770321	1.486062e-07	-8.258088e-07	-6.946932e-07	5689
778577	1.485286e-07	-8.258049e-07	-6.947145e-07	5689
786833	1.484509e-07	-8.258010e-07	-6.947357e-07	5689
795089	1.483733e-07	-8.257971e-07	-6.947569e-07	5689
803345	1.482957e-07	-8.257932e-07	-6.947781e-07	5689
811601	1.482180e-07	-8.257894e-07	-6.947993e-07	5689
819857	1.481404e-07	-8.257854e-07	-6.948204e-07	5689
828113	1.480627e-07	-8.257816e-07	-6.948416e-07	5689
836369	1.479851e-07	-8.257777e-07	-6.948628e-07	5689
844625	1.479074e-07	-8.257738e-07	-6.948839e-07	5689
852881	1.478298e-07	-8.257699e-07	-6.949051e-07	5689
861137	1.477521e-07	-8.257661e-07	-6.949261e-07	5689
869393	1.476744e-07	-8.257622e-07	-6.949472e-07	5689
877649	1.475968e-07	-8.257583e-07	-6.949684e-07	5689
885905	1.475191e-07	-8.257545e-07	-6.949895e-07	5689
894161	1.474414e-07	-8.257506e-07	-6.950105e-07	5689
902417	1.473637e-07	-8.257467e-07	-6.950316e-07	5689
910673	1.472861e-07	-8.257429e-07	-6.950526e-07	5689
918929	1.472084e-07	-8.257390e-07	-6.950737e-07	5689
927185	1.471307e-07	-8.257351e-07	-6.950947e-07	5689
935441	1.470530e-07	-8.257313e-07	-6.951157e-07	5689
943697	1.469753e-07	-8.257275e-07	-6.951367e-07	5689
951953	1.468976e-07	-8.257236e-07	-6.951577e-07	5689
960209	1.468199e-07	-8.257197e-07	-6.951787e-07	5689
968465	1.467422e-07	-8.257159e-07	-6.951997e-07	5689
976721	1.466645e-07	-8.257120e-07	-6.952206e-07	5689
984977	1.465868e-07	-8.257082e-07	-6.952416e-07	5689
993233	1.465091e-07	-8.257044e-07	-6.952625e-07	5689
1001489	1.464314e-07	-8.257005e-07	-6.952835e-07	5689
1009745	1.463537e-07	-8.256967e-07	-6.953044e-07	5689
1018001	1.462760e-07	-8.256928e-07	-6.953253e-07	5689
1026257	1.461982e-07	-8.256890e-07	-6.953462e-07	5689
1034513	1.461205e-07	-8.256852e-07	-6.953671e-07	5689
1042769	1.460428e-07	-8.256814e-07	-6.953880e-07	5689
1051025	1.459651e-07	-8.256775e-07	-6.954089e-07	5689
1059281	1.458873e-07	-8.256737e-07	-6.954297e-07	5689
1067537	1.458096e-07	-8.256699e-07	-6.954505e-07	5689
1075793	1.457318e-07	-8.256661e-07	-6.954713e-07	5689
1084049	1.456541e-07	-8.256623e-07	-6.954922e-07	5689
1092305	1.455764e-07	-8.256584e-07	-6.955130e-07	5689
1100561	1.454986e-07	-8.256546e-07	-6.955338e-07	5689
1108817	1.454209e-07	-8.256508e-07	-6.955545e-07	5689
1117073	1.453431e-07	-8.256470e-07	-6.955754e-07	5689
1125329	1.452653e-07	-8.256432e-07	-6.955961e-07	5689
1133585	1.451876e-07	-8.256394e-07	-6.956168e-07	5689
1141841	1.451098e-07	-8.256356e-07	-6.956376e-07	5689
1150097	1.450320e-07	-8.256318e-07	-6.956583e-07	5689
6827	1.831780e-07	-8.212796e-07	-7.047717e-07	19534
15083	1.830988e-07	-8.212747e-07	-7.047979e-07	19534
23339	1.830197e-07	-8.212699e-07	-7.048241e-07	19534
31595	1.829404e-07	-8.212651e-07	-7.048503e-07	19534
39851	1.828612e-07	-8.212603e-07	-7.048764e-07	19534
48107	1.827820e-07	-8.212555e-07	-7.049026e-07	19534
56363	1.827028e-07	-8.212507e-07	-7.049287e-07	19534
64619	1.826236e-07	-8.212459e-07	-7.049548e-07	19534
72875	1.825444e-07	-8.212411e-07	-7.049809e-07	19534
81131	1.824651e-07	-8.212363e-07	-7.050070e-07	19534
89387	1.823859e-07	-8.212315e-07	-7.050331e-07	19534
97643	1.823067e-07	-8.212267e-07	-7.050592e-07	19534
105899	1.822275e-07	-8.212219e-07	-7.050853e-07	19534
114155	1.821482e-07	-8.212172e-07	-7.051113e-07	19534
122411	1.820690e-07	-8.212123e-07	-7.051373e-07	19534
130667	1.819897e-07	-8.212075e-07	-7.051634e-07	19534
138923	1.819105e-07	-8.212028e-07	-7.051894e-07	19534
147179	1.818312e-07	-8.211980e-07	-7.052154e-07	19534
155435	1.817519e-07	-8.211932e-07	-7.052414e-07	19534
163691	1.816727e-07	-8.211885e-07	-7.052674e-07	19534
171947	1.815934e-07	-8.211837e-07	-7.052934e-07	19534
180203	1.815141e-07	-8.211789e-07	-7.053193e-07	19534
188459	1.814349e-07	-8.211741e-07	-7.053453e-07	19534
196715	1.813556e-07	-8.211694e-07	-7.053712e-07	19534
204971	1.812763e-07	-8.211646e-07	-7.053972e-07	19534
213227	1.811970e-07	-8.211599e-07	-7.054230e-07	19534
221483	1.811177e-07	-8.211551e-07	-7.054489e-07	19534
229739	1.810384e-07	-8.211503e-07	-7.054749e-07	19534
237995	1.809591e-07	-8.211455e-07	-7.055007e-07	19534
246251	1.808798e-07	-8.211408e-07	-7.055266e-07	19534
254507	1.808005e-07	-8.211360e-07	-7.055525e-07	19534
262763	1.807212e-07	-8.211313e-07	-7.055783e-07	19534
271019	1.806419e-07	-8.211265e-07	-7.056041e-07	19534
279275	1.805626e-07	-8.211218e-07	-7.056300e-07	19534
287531	1.804833e-07	-8.211171e-07	-7.056558e-07	19534
295787	1.804039e-07	-8.211123e-07	-7.056816e-07	19534
304043	1.803246e-07	-8.211076e-07	-7.057074e-07	19534
312299	1.802453e-07	-8.211028e-07	-7.057332e-07	19534
320555	1.801659e-07	-8.210981e-07	-7.057589e-07	19534
328811	1.800866e-07	-8.210934e-07	-7.057847e-07	19534
337067	1.800072e-07	-8.210886e-07	-7.058104e-07	19534
345323	1.799279e-07	-8.210839e-07	-7.058362e-07	19534
353579	1.798485e-07	-8.210792e-07	-7.058619e-07	19534
361835	1.797692e-07	-8.210744e-07	-7.058876e-07	19534
370091	1.796898e-07	-8.210697e-07	-7.059133e-07	19534
378347	1.796105e-07	-8.210650e-07	-7.059390e-07	19534
386603	1.795311e-07	-8.210603e-07	-7.059647e-07	19534
394859	1.794517e-07	-8.210556e-07	-7.059903e-07	19534
403115	1.793723e-07	-8.210508e-07	-7.060160e-07	19534
411371	1.792930e-07	-8.210461e-07	-7.060416e-07	19534
419627	1.792136e-07	-8.210415e-07	-7.060672e-07	19534
427883	1.791342e-07	-8.210367e-07	-7.060929e-07	19534
436139	1.790548e-07	-8.210320e-07	-7.061185e-07	19534
444395	1.789754e-07	-8.210273e-07	-7.061441e-07	19534
452651	1.788960e-07	-8.210226e-07	-7.061697e-07	19534
460907	1.788166e-07	-8.210179e-07	-7.061952e-07	19534
469163	1.787372e-07	-8.210132e-07	-7.062208e-07	19534
477419	1.786578e-07	-8.210085e-07	-7.062463e-07	19534
485675	1.785784e-07	-8.210038e-07	-7.062719e-07	19534
493931	1.784990e-07	-8.209991e-07	-7.062974e-07	19534
502187	1.784195e-07	-8.209944e-07	-7.063230e-07	19534
510443	1.783401e-07	-8.209897e-07	-7.063484e-07	19534
518699	1.782607e-07	-8.209851e-07	-7.063740e-07	19534
526955	1.781813e-07	-8.209804e-07	-7.063994e-07	19534
535211	1.781018e-07	-8.209757e-07	-7.064249e-07	19534
543467	1.780224e-07	-8.209710e-07	-7.064504e-07	19534
551723	1.779429e-07	-8.209664e-07	-7.064758e-07	19534
559979	1.778635e-07	-8.209617e-07	-7.065012e-07	19534
568235	1.777840e-07	-8.209570e-07	-7.065267e-07	19534
576491	1.777046e-07	-8.209523e-07	-7.065521e-07	19534
584747	1.776251e-07	-8.209477e-07	-7.065775e-07	19534
593003	1.775457e-07	-8.209430e-07	-7.066029e-07	19534
601259	1.774662e-07	-8.209383e-07	-7.066283e-07	19534
609515	1.773867e-07	-8.209337e-07	-7.066536e-07	19534
617771	1.773073e-07	-8.209290e-07	-7.066790e-07	19534
626027	1.772278e-07	-8.209244e-07	-7.067043e-07	19534
634283	1.771483e-07	-8.209197e-07	-7.067297e-07	19534
642539	1.770688e-07	-8.209150e-07	-7.067550e-07	19534
650795	1.769893e-07	-8.209104e-07	-7.067803e-07	19534
659051	1.769098e-07	-8.209058e-07	-7.068056e-07	19534
667307	1.768303e-07	-8.209011e-07	-7.068309e-07	19534
675563	1.767508e-07	-8.208964e-07	-7.068562e-07	19534
683819	1.766713e-07	-8.208918e-07	-7.068815e-07	19534
692075	1.765918e-07	-8.208872e-07	-7.069067e-07	19534
700331	1.765123e-07	-8.208825e-07	-7.069319e-07	19534
708587	1.764328e-07	-8.208779e-07	-7.069572e-07	19534
716843	1.763533e-07	-8.208733e-07	-7.069824e-07	19534
725099	1.762737e-07	-8.208686e-07	-7.070076e-07	19534
733355	1.761942e-07	-8.208640e-07	-7.070328e-07	19534
741611	1.761147e-07	-8.208594e-07	-7.070580e-07	19534
749867	1.760352e-07	-8.208547e-07	-7.070832e-07	19534
758123	1.759556e-07	-8.208501e-07	-7.071084e-07	19534
766379	1.758761e-07	-8.208455e-07	-7.071335e-07	19534
774635	1.757965e-07	-8.208409e-07	-7.071586e-07	19534
782891	1.757170e-07	-8.208362e-07	-7.071837e-07	19534
791147	1.756374e-07	-8.208316e-07	-7.072089e-07	19534
799403	1.755579e-07	-8.208270e-07	-7.072340e-07	19534
807659	1.754783e-07	-8.208224e-07	-7.072591e-07	19534
815915	1.753988e-07	-8.208178e-07	-7.072842e-07	19534
824171	1.753192e-07	-8.208132e-07	-7.073093e-07	19534
832427	1.752396e-07	-8.208086e-07	-7.073343e-07	19534
840683	1.751600e-07	-8.208040e-07	-7.073593e-07	19534
848939	1.750805e-07	-8.207994e-07	-7.073844e-07	19534
857195	1.750009e-07	-8.207948e-07	-7.074094e-07	19534
865451	1.749213e-07	-8.207902e-07	-7.074344e-07	19534
873707	1.748417e-07	-8.207856e-07	-7.074594e-07	19534
881963	1.747621e-07	-8.207810e-07	-7.074844e-07	19534
890219	1.746825e-07	-8.207764e-07	-7.075094e-07	19534
898475	1.746029e-07	-8.207718e-07	-7.075344e-07	19534
906731	1.745233e-07	-8.207672e-07	-7.075594e-07	19534
914987	1.744437e-07	-8.207627e-07	-7.075843e-07	19534
923243	1.743641e-07	-8.207581e-07	-7.076092e-07	19534
931499	1.742845e-07	-8.207535e-07	-7.076342e-07	19534
939755	1.742049e-07	-8.207489e-07	-7.076591e-07	19534
948011	1.741252e-07	-8.207443e-07	-7.076840e-07	19534
956267	1.740456e-07	-8.207398e-07	-7.077089e-07	19534
964523	1.739660e-07	-8.207352e-07	-7.077338e-07	19534
972779	1.738863e-07	-8.207306e-07	-7.077586e-07	19534
981035	1.738067e-07	-8.207261e-07	-7.077835e-07	19534
989291	1.737271e-07	-8.207215e-07	-7.078083e-07	19534
997547	1.736474e-07	-8.207169e-07	-7.078331e-07	19534
1005803	1.735678e-07	-8.207124e-07	-7.078580e-07	19534
1014059	1.734881e-07	-8.207078e-07	-7.078828e-07	19534
1022315	1.734085e-07	-8.207033e-07	-7.079076e-07	19534
1030571	1.733288e-07	-8.206987e-07	-7.079324e-07	19534
1038827	1.732491e-07	-8.206941e-07	-7.079572e-07	19534
1047083	1.731695e-07	-8.206896e-07	-7.079819e-07	19534
1055339	1.730898e-07	-8.206850e-07	-7.080067e-07	19534
1063595	1.730101e-07	-8.206805e-07	-7.080314e-07	19534
1071851	1.729305e-07	-8.206760e-07	-7.080561e-07	19534
1080107	1.728508e-07	-8.206715e-07	-7.080808e-07	19534
1088363	1.727711e-07	-8.206669e-07	-7.081056e-07	19534
1096619	1.726914e-07	-8.206624e-07	-7.081302e-07	19534
1104875	1.726117e-07	-8.206578e-07	-7.081550e-07	19534
1113131	1.725320e-07	-8.206533e-07	-7.081796e-07	19534
1121387	1.724523e-07	-8.206488e-07	-7.082043e-07	19534
1129643	1.723726e-07	-8.206442e-07	-7.082289e-07	19534
1137899	1.722929e-07	-8.206397e-07	-7.082536e-07	19534
1146155	1.722132e-07	-8.206352e-07	-7.082782e-07	19534
1154411	1.721335e-07	-8.206306e-07	-7.083028e-07	19534
862517	3.993053e-07	-8.157634e-07	-7.948960e-07	9260
870773	3.992130e-07	-8.157528e-07	-7.949532e-07	9260
879029	3.991207e-07	-8.157422e-07	-7.950104e-07	9260
887285	3.990284e-07	-8.157317e-07	-7.950675e-07	9260
895541	3.989362e-07	-8.157211e-07	-7.951247e-07	9260
903797	3.988438e-07	-8.157106e-07	-7.951818e-07	9260
912053	3.987515e-07	-8.157000e-07	-7.952389e-07	9260
920309	3.986592e-07	-8.156895e-07	-7.952960e-07	9260
928565	3.985669e-07	-8.156790e-07	-7.953531e-07	9260
936821	3.984746e-07	-8.156684e-07	-7.954101e-07	9260
945077	3.983822e-07	-8.156579e-07	-7.954672e-07	9260
953333	3.982899e-07	-8.156473e-07	-7.955243e-07	9260
961589	3.981975e-07	-8.156368e-07	-7.955813e-07	9260
969845	3.981051e-07	-8.156263e-07	-7.956383e-07	9260
978101	3.980128e-07	-8.156157e-07	-7.956953e-07	9260
986357	3.979204e-07	-8.156052e-07	-7.957523e-07	9260
994613	3.978280e-07	-8.155947e-07	-7.958093e-07	9260
1002869	3.977356e-07	-8.155841e-07	-7.958662e-07	9260
1011125	3.976432e-07	-8.155736e-07	-7.959232e-07	9260
1019381	3.975507e-07	-8.155631e-07	-7.959802e-07	9260
1027637	3.974583e-07	-8.155526e-07	-7.960371e-07	9260
1035893	3.973659e-07	-8.155421e-07	-7.960940e-07	9260
1044149	3.972734e-07	-8.155316e-07	-7.961509e-07	9260
1052405	3.971810e-07	-8.155211e-07	-7.962078e-07	9260
1060661	3.970885e-07	-8.155106e-07	-7.962647e-07	9260
1068917	3.969961e-07	-8.155001e-07	-7.963215e-07	9260
1077173	3.969036e-07	-8.154896e-07	-7.963783e-07	9260
1085429	3.968111e-07	-8.154791e-07	-7.964352e-07	9260
1093685	3.967186e-07	-8.154686e-07	-7.964920e-07	9260
1101941	3.966261e-07	-8.154581e-07	-7.965488e-07	9260
1110197	3.965336e-07	-8.154476e-07	-7.966056e-07	9260
1118453	3.964411e-07	-8.154371e-07	-7.966624e-07	9260
1126709	3.963485e-07	-8.154266e-07	-7.967192e-07	9260
1134965	3.962560e-07	-8.154162e-07	-7.967759e-07	9260
1143221	3.961634e-07	-8.154057e-07	-7.968327e-07	9260
1151477	3.960709e-07	-8.153952e-07	-7.968894e-07	9260
2619	1.895747e-07	-8.128279e-07	-6.939993e-07	5945
10875	1.894968e-07	-8.128229e-07	-6.940264e-07	5945
19131	1.894190e-07	-8.128180e-07	-6.940535e-07	5945
27387	1.893411e-07	-8.128130e-07	-6.940806e-07	5945
35643	1.892632e-07	-8.128080e-07	-6.941077e-07	5945
43899	1.891853e-07	-8.128030e-07	-6.941347e-07	5945
52155	1.891074e-07	-8.127980e-07	-6.941618e-07	5945
60411	1.890295e-07	-8.127931e-07	-6.941888e-07	5945
68667	1.889516e-07	-8.127881e-07	-6.942158e-07	5945
76923	1.888737e-07	-8.127831e-07	-6.942429e-07	5945
85179	1.887958e-07	-8.127782e-07	-6.942699e-07	5945
93435	1.887179e-07	-8.127732e-07	-6.942969e-07	5945
101691	1.886399e-07	-8.127682e-07	-6.943238e-07	5945
109947	1.885620e-07	-8.127633e-07	-6.943508e-07	5945
118203	1.884841e-07	-8.127583e-07	-6.943778e-07	5945
126459	1.884062e-07	-8.127533e-07	-6.944047e-07	5945
134715	1.883282e-07	-8.127484e-07	-6.944317e-07	5945
142971	1.882503e-07	-8.127435e-07	-6.944586e-07	5945
151227	1.881724e-07	-8.127385e-07	-6.944855e-07	5945
159483	1.880944e-07	-8.127336e-07	-6.945124e-07	5945
167739	1.880164e-07	-8.127286e-07	-6.945393e-07	5945
175995	1.879385e-07	-8.127237e-07	-6.945662e-07	5945
184251	1.878605e-07	-8.127187e-07	-6.945931e-07	5945
192507	1.877826e-07	-8.127138e-07	-6.946199e-07	5945
200763	1.877046e-07	-8.127088e-07	-6.946468e-07	5945
209019	1.876266e-07	-8.127039e-07	-6.946736e-07	5945
217275	1.875487e-07	-8.126990e-07	-6.947005e-07	5945
225531	1.874707e-07	-8.126941e-07	-6.947272e-07	5945
233787	1.873927e-07	-8.126891e-07	-6.947541e-07	5945
242043	1.873147e-07	-8.126842e-07	-6.947809e-07	5945
250299	1.872367e-07	-8.126793e-07	-6.948076e-07	5945
258555	1.871587e-07	-8.126743e-07	-6.948344e-07	5945
266811	1.870807e-07	-8.126694e-07	-6.948612e-07	5945
275067	1.870027e-07	-8.126645e-07	-6.948879e-07	5945
283323	1.869247e-07	-8.126596e-07	-6.949147e-07	5945
291579	1.868467e-07	-8.126547e-07	-6.949414e-07	5945
299835	1.867687e-07	-8.126498e-07	-6.949681e-07	5945
308091	1.866907e-07	-8.126448e-07	-6.949948e-07	5945
316347	1.866126e-07	-8.126399e-07	-6.950215e-07	5945
324603	1.865346e-07	-8.126351e-07	-6.950482e-07	5945
332859	1.864566e-07	-8.126301e-07	-6.950748e-07	5945
341115	1.863786e-07	-8.126252e-07	-6.951015e-07	5945
349371	1.863005e-07	-8.126203e-07	-6.951282e-07	5945
357627	1.862225e-07	-8.126154e-07	-6.951548e-07	5945
365883	1.861444e-07	-8.126106e-07	-6.951814e-07	5945
374139	1.860664e-07	-8.126057e-07	-6.952080e-07	5945
382395	1.859883e-07	-8.126008e-07	-6.952346e-07	5945
390651	1.859103e-07	-8.125958e-07	-6.952612e-07	5945
398907	1.858322e-07	-8.125909e-07	-6.952878e-07	5945
407163	1.857541e-07	-8.125861e-07	-6.953144e-07	5945
3895	3.826014e-07	-8.125821e-07	-7.764434e-07	9262
415419	1.856761e-07	-8.125812e-07	-6.953410e-07	5945
423675	1.855980e-07	-8.125763e-07	-6.953675e-07	5945
12151	3.825117e-07	-8.125720e-07	-7.764982e-07	9262
431931	1.855199e-07	-8.125714e-07	-6.953940e-07	5945
440187	1.854418e-07	-8.125666e-07	-6.954206e-07	5945
20407	3.824220e-07	-8.125618e-07	-7.765530e-07	9262
448443	1.853637e-07	-8.125617e-07	-6.954471e-07	5945
456699	1.852857e-07	-8.125568e-07	-6.954736e-07	5945
464955	1.852076e-07	-8.125519e-07	-6.955001e-07	5945
28663	3.823322e-07	-8.125517e-07	-7.766077e-07	9262
473211	1.851295e-07	-8.125471e-07	-6.955266e-07	5945
481467	1.850514e-07	-8.125422e-07	-6.955530e-07	5945
36919	3.822425e-07	-8.125417e-07	-7.766625e-07	9262
489723	1.849733e-07	-8.125373e-07	-6.955795e-07	5945
497979	1.848951e-07	-8.125324e-07	-6.956059e-07	5945
45175	3.821528e-07	-8.125315e-07	-7.767172e-07	9262
506235	1.848170e-07	-8.125276e-07	-6.956324e-07	5945
514491	1.847389e-07	-8.125228e-07	-6.956588e-07	5945
53431	3.820630e-07	-8.125214e-07	-7.767720e-07	9262
522747	1.846608e-07	-8.125179e-07	-6.956852e-07	5945
531003	1.845827e-07	-8.125131e-07	-6.957116e-07	5945
61687	3.819733e-07	-8.125113e-07	-7.768267e-07	9262
539259	1.845045e-07	-8.125082e-07	-6.957380e-07	5945
547515	1.844264e-07	-8.125033e-07	-6.957644e-07	5945
69943	3.818835e-07	-8.125012e-07	-7.768813e-07	9262
555771	1.843483e-07	-8.124985e-07	-6.957907e-07	5945
564027	1.842701e-07	-8.124936e-07	-6.958171e-07	5945
78199	3.817937e-07	-8.124911e-07	-7.769360e-07	9262
572283	1.841920e-07	-8.124888e-07	-6.958434e-07	5945
580539	1.841138e-07	-8.124840e-07	-6.958698e-07	5945
86455	3.817040e-07	-8.124810e-07	-7.769907e-07	9262
588795	1.840357e-07	-8.124791e-07	-6.958961e-07	5945
597051	1.839575e-07	-8.124743e-07	-6.959224e-07	5945
94711	3.816142e-07	-8.124709e-07	-7.770453e-07	9262
605307	1.838794e-07	-8.124695e-07	-6.959487e-07	5945
613563	1.838012e-07	-8.124646e-07	-6.959750e-07	5945
102967	3.815244e-07	-8.124608e-07	-7.771000e-07	9262
621819	1.837230e-07	-8.124598e-07	-6.960013e-07	5945
630075	1.836449e-07	-8.124550e-07	-6.960275e-07	5945
111223	3.814346e-07	-8.124508e-07	-7.771546e-07	9262
638331	1.835667e-07	-8.124501e-07	-6.960538e-07	5945
646587	1.834885e-07	-8.124453e-07	-6.960801e-07	5945
119479	3.813448e-07	-8.124406e-07	-7.772093e-07	9262
654843	1.834103e-07	-8.124405e-07	-6.961063e-07	5945
663099	1.833321e-07	-8.124356e-07	-6.961325e-07	5945
671355	1.832539e-07	-8.124308e-07	-6.961587e-07	5945
127735	3.812549e-07	-8.124306e-07	-7.772638e-07	9262
679611	1.831757e-07	-8.124260e-07	-6.961849e-07	5945
687867	1.830976e-07	-8.124212e-07	-6.962111e-07	5945
135991	3.811651e-07	-8.124205e-07	-7.773185e-07	9262
696123	1.830194e-07	-8.124164e-07	-6.962373e-07	5945
704379	1.829411e-07	-8.124116e-07	-6.962634e-07	5945
144247	3.810753e-07	-8.124104e-07	-7.773730e-07	9262
712635	1.828629e-07	-8.124068e-07	-6.962896e-07	5945
720891	1.827847e-07	-8.124020e-07	-6.963157e-07	5945
152503	3.809855e-07	-8.124003e-07	-7.774276e-07	9262
729147	1.827065e-07	-8.123972e-07	-6.963419e-07	5945
737403	1.826283e-07	-8.123924e-07	-6.963680e-07	5945
160759	3.808956e-07	-8.123903e-07	-7.774821e-07	9262
745659	1.825501e-07	-8.123876e-07	-6.963941e-07	5945
753915	1.824718e-07	-8.123828e-07	-6.964202e-07	5945
169015	3.808057e-07	-8.123802e-07	-7.775367e-07	9262
762171	1.823936e-07	-8.123779e-07	-6.964463e-07	5945
770427	1.823153e-07	-8.123732e-07	-6.964724e-07	5945
177271	3.807159e-07	-8.123701e-07	-7.775912e-07	9262
778683	1.822371e-07	-8.123684e-07	-6.964985e-07	5945
786939	1.821589e-07	-8.123636e-07	-6.965245e-07	5945
185527	3.806260e-07	-8.123600e-07	-7.776457e-07	9262
795195	1.820806e-07	-8.123588e-07	-6.965506e-07	5945
803451	1.820024e-07	-8.123540e-07	-6.965766e-07	5945
193783	3.805361e-07	-8.123500e-07	-7.777002e-07	9262
811707	1.819241e-07	-8.123492e-07	-6.966026e-07	5945
819963	1.818458e-07	-8.123445e-07	-6.966286e-07	5945
202039	3.804462e-07	-8.123399e-07	-7.777547e-07	9262
828219	1.817676e-07	-8.123397e-07	-6.966546e-07	5945
836475	1.816893e-07	-8.123349e-07	-6.966806e-07	5945
844731	1.816110e-07	-8.123301e-07	-6.967066e-07	5945
210295	3.803563e-07	-8.123299e-07	-7.778092e-07	9262
852987	1.815328e-07	-8.123254e-07	-6.967326e-07	5945
861243	1.814545e-07	-8.123206e-07	-6.967585e-07	5945
218551	3.802664e-07	-8.123198e-07	-7.778636e-07	9262
869499	1.813762e-07	-8.123158e-07	-6.967845e-07	5945
877755	1.812979e-07	-8.123110e-07	-6.968104e-07	5945
226807	3.801765e-07	-8.123097e-07	-7.779181e-07	9262
886011	1.812196e-07	-8.123063e-07	-6.968363e-07	5945
894267	1.811413e-07	-8.123015e-07	-6.968622e-07	5945
235063	3.800866e-07	-8.122997e-07	-7.779726e-07	9262
902523	1.810630e-07	-8.122968e-07	-6.968881e-07	5945
910779	1.809847e-07	-8.122920e-07	-6.969140e-07	5945
243319	3.799966e-07	-8.122897e-07	-7.780270e-07	9262
919035	1.809064e-07	-8.122872e-07	-6.969399e-07	5945
927291	1.808281e-07	-8.122825e-07	-6.969657e-07	5945
251575	3.799067e-07	-8.122796e-07	-7.780814e-07	9262
935547	1.807498e-07	-8.122777e-07	-6.969916e-07	5945
943803	1.806715e-07	-8.122730e-07	-6.970174e-07	5945
259831	3.798168e-07	-8.122695e-07	-7.781358e-07	9262
952059	1.805931e-07	-8.122682e-07	-6.970433e-07	5945
960315	1.805148e-07	-8.122635e-07	-6.970691e-07	5945
268087	3.797268e-07	-8.122595e-07	-7.781902e-07	9262
968571	1.804365e-07	-8.122587e-07	-6.970949e-07	5945
976827	1.803581e-07	-8.122540e-07	-6.971207e-07	5945
276343	3.796368e-07	-8.122495e-07	-7.782445e-07	9262
985083	1.802798e-07	-8.122493e-07	-6.971464e-07	5945
993339	1.802015e-07	-8.122445e-07	-6.971723e-07	5945
1001595	1.801231e-07	-8.122398e-07	-6.971980e-07	5945
284599	3.795469e-07	-8.122394e-07	-7.782989e-07	9262
1009851	1.800448e-07	-8.122350e-07	-6.972238e-07	5945
1018107	1.799664e-07	-8.122303e-07	-6.972495e-07	5945
292855	3.794569e-07	-8.122294e-07	-7.783532e-07	9262
1026363	1.798881e-07	-8.122256e-07	-6.972752e-07	5945
1034619	1.798097e-07	-8.122209e-07	-6.973009e-07	5945
301111	3.793669e-07	-8.122194e-07	-7.784076e-07	9262
1042875	1.797313e-07	-8.122161e-07	-6.973266e-07	5945
1051131	1.796530e-07	-8.122114e-07	-6.973523e-07	5945
309367	3.792769e-07	-8.122094e-07	-7.784619e-07	9262
1059387	1.795746e-07	-8.122067e-07	-6.973780e-07	5945
1067643	1.794962e-07	-8.122020e-07	-6.974037e-07	5945
317623	3.791869e-07	-8.121993e-07	-7.785162e-07	9262
1075899	1.794178e-07	-8.121972e-07	-6.974294e-07	5945
1084155	1.793395e-07	-8.121925e-07	-6.974550e-07	5945
325879	3.790969e-07	-8.121893e-07	-7.785705e-07	9262
1092411	1.792611e-07	-8.121878e-07	-6.974806e-07	5945
1100667	1.791827e-07	-8.121831e-07	-6.975063e-07	5945
334135	3.790068e-07	-8.121793e-07	-7.786248e-07	9262
1108923	1.791043e-07	-8.121784e-07	-6.975319e-07	5945
1117179	1.790259e-07	-8.121737e-07	-6.975575e-07	5945
342391	3.789168e-07	-8.121692e-07	-7.786790e-07	9262
1125435	1.789475e-07	-8.121690e-07	-6.975831e-07	5945
1133691	1.788691e-07	-8.121643e-07	-6.976087e-07	5945
1141947	1.787907e-07	-8.121596e-07	-6.976342e-07	5945
350647	3.788268e-07	-8.121592e-07	-7.787333e-07	9262
1150203	1.787122e-07	-8.121549e-07	-6.976598e-07	5945
358903	3.787367e-07	-8.121492e-07	-7.787875e-07	9262
367159	3.786467e-07	-8.121392e-07	-7.788418e-07	9262
375415	3.785566e-07	-8.121292e-07	-7.788960e-07	9262
383671	3.784666e-07	-8.121192e-07	-7.789502e-07	9262
391927	3.783765e-07	-8.121092e-07	-7.790044e-07	9262
400183	3.782864e-07	-8.120992e-07	-7.790586e-07	9262
408439	3.781963e-07	-8.120892e-07	-7.791127e-07	9262
416695	3.781062e-07	-8.120792e-07	-7.791669e-07	9262
424951	3.780161e-07	-8.120692e-07	-7.792210e-07	9262
433207	3.779260e-07	-8.120592e-07	-7.792751e-07	9262
441463	3.778358e-07	-8.120492e-07	-7.793292e-07	9262
449719	3.777457e-07	-8.120392e-07	-7.793834e-07	9262
457975	3.776556e-07	-8.120292e-07	-7.794375e-07	9262
466231	3.775654e-07	-8.120192e-07	-7.794915e-07	9262
474487	3.774753e-07	-8.120092e-07	-7.795456e-07	9262
482743	3.773851e-07	-8.119993e-07	-7.795996e-07	9262
490999	3.772949e-07	-8.119893e-07	-7.796536e-07	9262
499255	3.772047e-07	-8.119793e-07	-7.797077e-07	9262
507511	3.771146e-07	-8.119693e-07	-7.797617e-07	9262
515767	3.770243e-07	-8.119594e-07	-7.798157e-07	9262
524023	3.769342e-07	-8.119494e-07	-7.798697e-07	9262
532279	3.768439e-07	-8.119394e-07	-7.799237e-07	9262
540535	3.767537e-07	-8.119295e-07	-7.799776e-07	9262
548791	3.766635e-07	-8.119195e-07	-7.800315e-07	9262
557047	3.765732e-07	-8.119096e-07	-7.800855e-07	9262
565303	3.764830e-07	-8.118996e-07	-7.801394e-07	9262
573559	3.763928e-07	-8.118896e-07	-7.801933e-07	9262
581815	3.763025e-07	-8.118797e-07	-7.802472e-07	9262
309	9.980870e-08	-8.118772e-07	-6.621950e-07	825
8565	9.973537e-08	-8.118745e-07	-6.622092e-07	825
16821	9.966202e-08	-8.118720e-07	-6.622234e-07	825
590071	3.762122e-07	-8.118697e-07	-7.803011e-07	9262
25077	9.958868e-08	-8.118694e-07	-6.622377e-07	825
33333	9.951533e-08	-8.118668e-07	-6.622519e-07	825
41589	9.944199e-08	-8.118642e-07	-6.622661e-07	825
49845	9.936864e-08	-8.118616e-07	-6.622802e-07	825
598327	3.761219e-07	-8.118598e-07	-7.803550e-07	9262
58101	9.929528e-08	-8.118590e-07	-6.622944e-07	825
66357	9.922194e-08	-8.118564e-07	-6.623086e-07	825
74613	9.914858e-08	-8.118539e-07	-6.623227e-07	825
82869	9.907522e-08	-8.118512e-07	-6.623368e-07	825
606583	3.760317e-07	-8.118498e-07	-7.804088e-07	9262
91125	9.900186e-08	-8.118487e-07	-6.623510e-07	825
99381	9.892850e-08	-8.118461e-07	-6.623651e-07	825
107637	9.885513e-08	-8.118435e-07	-6.623793e-07	825
115893	9.878177e-08	-8.118409e-07	-6.623933e-07	825
614839	3.759414e-07	-8.118399e-07	-7.804626e-07	9262
124149	9.870840e-08	-8.118384e-07	-6.624074e-07	825
132405	9.863503e-08	-8.118358e-07	-6.624215e-07	825
140661	9.856166e-08	-8.118333e-07	-6.624356e-07	825
148917	9.848828e-08	-8.118307e-07	-6.624496e-07	825
623095	3.758511e-07	-8.118299e-07	-7.805165e-07	9262
157173	9.841490e-08	-8.118281e-07	-6.624637e-07	825
165429	9.834152e-08	-8.118255e-07	-6.624777e-07	825
173685	9.826815e-08	-8.118230e-07	-6.624917e-07	825
181941	9.819476e-08	-8.118204e-07	-6.625057e-07	825
631351	3.757607e-07	-8.118200e-07	-7.805703e-07	9262
190197	9.812138e-08	-8.118179e-07	-6.625198e-07	825
198453	9.804799e-08	-8.118153e-07	-6.625338e-07	825
206709	9.797460e-08	-8.118128e-07	-6.625477e-07	825
214965	9.790121e-08	-8.118103e-07	-6.625617e-07	825
639607	3.756704e-07	-8.118101e-07	-7.806241e-07	9262
223221	9.782782e-08	-8.118077e-07	-6.625756e-07	825
231477	9.775442e-08	-8.118051e-07	-6.625896e-07	825
239733	9.768102e-08	-8.118026e-07	-6.626036e-07	825
647863	3.755801e-07	-8.118001e-07	-7.806779e-07	9262
247989	9.760763e-08	-8.118001e-07	-6.626175e-07	825
256245	9.753422e-08	-8.117975e-07	-6.626314e-07	825
264501	9.746082e-08	-8.117950e-07	-6.626453e-07	825
272757	9.738741e-08	-8.117925e-07	-6.626592e-07	825
656119	3.754898e-07	-8.117902e-07	-7.807317e-07	9262
281013	9.731400e-08	-8.117899e-07	-6.626731e-07	825
289269	9.724059e-08	-8.117873e-07	-6.626870e-07	825
297525	9.716718e-08	-8.117848e-07	-6.627009e-07	825
305781	9.709377e-08	-8.117823e-07	-6.627147e-07	825
664375	3.753994e-07	-8.117803e-07	-7.807855e-07	9262
314037	9.702035e-08	-8.117798e-07	-6.627286e-07	825
322293	9.694693e-08	-8.117773e-07	-6.627424e-07	825
330549	9.687351e-08	-8.117747e-07	-6.627562e-07	825
338805	9.680009e-08	-8.117722e-07	-6.627700e-07	825
672631	3.753091e-07	-8.117703e-07	-7.808392e-07	9262
347061	9.672667e-08	-8.117697e-07	-6.627838e-07	825
355317	9.665324e-08	-8.117672e-07	-6.627976e-07	825
363573	9.657981e-08	-8.117647e-07	-6.628114e-07	825
371829	9.650638e-08	-8.117622e-07	-6.628252e-07	825
680887	3.752187e-07	-8.117605e-07	-7.808929e-07	9262
380085	9.643295e-08	-8.117597e-07	-6.628389e-07	825
388341	9.635951e-08	-8.117572e-07	-6.628527e-07	825
396597	9.628608e-08	-8.117547e-07	-6.628665e-07	825
404853	9.621264e-08	-8.117522e-07	-6.628802e-07	825
689143	3.751284e-07	-8.117505e-07	-7.809467e-07	9262
413109	9.613920e-08	-8.117496e-07	-6.628939e-07	825
421365	9.606575e-08	-8.117471e-07	-6.629076e-07	825
429621	9.599231e-08	-8.117447e-07	-6.629213e-07	825
437877	9.591886e-08	-8.117422e-07	-6.629350e-07	825
697399	3.750380e-07	-8.117406e-07	-7.810004e-07	9262
446133	9.584542e-08	-8.117397e-07	-6.629487e-07	825
454389	9.577197e-08	-8.117372e-07	-6.629623e-07	825
462645	9.569851e-08	-8.117347e-07	-6.629760e-07	825
470901	9.562505e-08	-8.117321e-07	-6.629896e-07	825
705655	3.749476e-07	-8.117307e-07	-7.810541e-07	9262
479157	9.555160e-08	-8.117297e-07	-6.630033e-07	825
487413	9.547814e-08	-8.117272e-07	-6.630169e-07	825
495669	9.540468e-08	-8.117247e-07	-6.630305e-07	825
503925	9.533122e-08	-8.117222e-07	-6.630441e-07	825
713911	3.748572e-07	-8.117208e-07	-7.811078e-07	9262
512181	9.525775e-08	-8.117198e-07	-6.630577e-07	825
520437	9.518428e-08	-8.117173e-07	-6.630713e-07	825
528693	9.511082e-08	-8.117148e-07	-6.630848e-07	825
536949	9.503735e-08	-8.117123e-07	-6.630984e-07	825
722167	3.747668e-07	-8.117109e-07	-7.811614e-07	9262
545205	9.496387e-08	-8.117099e-07	-6.631120e-07	825
553461	9.489040e-08	-8.117074e-07	-6.631255e-07	825
561717	9.481692e-08	-8.117049e-07	-6.631390e-07	825
569973	9.474344e-08	-8.117025e-07	-6.631525e-07	825
730423	3.746764e-07	-8.117009e-07	-7.812151e-07	9262
578229	9.466996e-08	-8.117000e-07	-6.631661e-07	825
586485	9.459648e-08	-8.116975e-07	-6.631795e-07	825
594741	9.452300e-08	-8.116951e-07	-6.631931e-07	825
602997	9.444950e-08	-8.116926e-07	-6.632065e-07	825
738679	3.745860e-07	-8.116911e-07	-7.812687e-07	9262
611253	9.437602e-08	-8.116901e-07	-6.632200e-07	825
619509	9.430253e-08	-8.116877e-07	-6.632334e-07	825
627765	9.422904e-08	-8.116853e-07	-6.632469e-07	825
636021	9.415554e-08	-8.116828e-07	-6.632603e-07	825
746935	3.744956e-07	-8.116812e-07	-7.813224e-07	9262
644277	9.408204e-08	-8.116804e-07	-6.632737e-07	825
652533	9.400854e-08	-8.116779e-07	-6.632872e-07	825
660789	9.393504e-08	-8.116755e-07	-6.633006e-07	825
669045	9.386154e-08	-8.116730e-07	-6.633140e-07	825
755191	3.744051e-07	-8.116713e-07	-7.813760e-07	9262
677301	9.378804e-08	-8.116706e-07	-6.633273e-07	825
685557	9.371453e-08	-8.116681e-07	-6.633407e-07	825
693813	9.364102e-08	-8.116657e-07	-6.633541e-07	825
702069	9.356751e-08	-8.116633e-07	-6.633674e-07	825
763447	3.743147e-07	-8.116613e-07	-7.814296e-07	9262
710325	9.349399e-08	-8.116608e-07	-6.633808e-07	825
718581	9.342048e-08	-8.116584e-07	-6.633941e-07	825
726837	9.334696e-08	-8.116560e-07	-6.634074e-07	825
735093	9.327344e-08	-8.116535e-07	-6.634207e-07	825
771703	3.742243e-07	-8.116514e-07	-7.814832e-07	9262
743349	9.319992e-08	-8.116511e-07	-6.634340e-07	825
751605	9.312640e-08	-8.116487e-07	-6.634473e-07	825
759861	9.305288e-08	-8.116463e-07	-6.634606e-07	825
768117	9.297935e-08	-8.116439e-07	-6.634739e-07	825
779959	3.741338e-07	-8.116415e-07	-7.815368e-07	9262
776373	9.290582e-08	-8.116414e-07	-6.634871e-07	825
784629	9.283229e-08	-8.116390e-07	-6.635004e-07	825
792885	9.275876e-08	-8.116366e-07	-6.635136e-07	825
801141	9.268523e-08	-8.116342e-07	-6.635268e-07	825
809397	9.261169e-08	-8.116318e-07	-6.635400e-07	825
788215	3.740434e-07	-8.116317e-07	-7.815904e-07	9262
817653	9.253815e-08	-8.116294e-07	-6.635532e-07	825
825909	9.246461e-08	-8.116270e-07	-6.635664e-07	825
834165	9.239107e-08	-8.116246e-07	-6.635796e-07	825
842421	9.231752e-08	-8.116222e-07	-6.635928e-07	825
796471	3.739529e-07	-8.116218e-07	-7.816439e-07	9262
850677	9.224398e-08	-8.116198e-07	-6.636059e-07	825
858933	9.217043e-08	-8.116174e-07	-6.636191e-07	825
867189	9.209688e-08	-8.116150e-07	-6.636322e-07	825
875445	9.202333e-08	-8.116126e-07	-6.636454e-07	825
804727	3.738624e-07	-8.116119e-07	-7.816975e-07	9262
883701	9.194977e-08	-8.116102e-07	-6.636585e-07	825
891957	9.187622e-08	-8.116078e-07	-6.636716e-07	825
900213	9.180266e-08	-8.116054e-07	-6.636847e-07	825
908469	9.172910e-08	-8.116031e-07	-6.636978e-07	825
812983	3.737719e-07	-8.116020e-07	-7.817510e-07	9262
916725	9.165554e-08	-8.116007e-07	-6.637109e-07	825
924981	9.158197e-08	-8.115983e-07	-6.637239e-07	825
933237	9.150841e-08	-8.115959e-07	-6.637370e-07	825
941493	9.143484e-08	-8.115935e-07	-6.637500e-07	825
821239	3.736814e-07	-8.115921e-07	-7.818045e-07	9262
949749	9.136127e-08	-8.115912e-07	-6.637630e-07	825
958005	9.128770e-08	-8.115888e-07	-6.637761e-07	825
966261	9.121413e-08	-8.115864e-07	-6.637891e-07	825
974517	9.114055e-08	-8.115840e-07	-6.638021e-07	825
829495	3.735909e-07	-8.115823e-07	-7.818580e-07	9262
982773	9.106697e-08	-8.115817e-07	-6.638151e-07	825
991029	9.099340e-08	-8.115793e-07	-6.638281e-07	825
999285	9.091981e-08	-8.115770e-07	-6.638410e-07	825
1007541	9.084623e-08	-8.115746e-07	-6.638540e-07	825
837751	3.735004e-07	-8.115724e-07	-7.819115e-07	9262
1015797	9.077264e-08	-8.115722e-07	-6.638670e-07	825
1024053	9.069906e-08	-8.115699e-07	-6.638799e-07	825
1032309	9.062547e-08	-8.115675e-07	-6.638928e-07	825
1040565	9.055188e-08	-8.115651e-07	-6.639058e-07	825
1048821	9.047829e-08	-8.115628e-07	-6.639187e-07	825
846007	3.734099e-07	-8.115625e-07	-7.819650e-07	9262
1057077	9.040469e-08	-8.115604e-07	-6.639316e-07	825
1065333	9.033110e-08	-8.115581e-07	-6.639444e-07	825
1073589	9.025750e-08	-8.115558e-07	-6.639573e-07	825
1081845	9.018390e-08	-8.115534e-07	-6.639702e-07	825
854263	3.733194e-07	-8.115526e-07	-7.820184e-07	9262
1090101	9.011030e-08	-8.115510e-07	-6.639830e-07	825
1098357	9.003669e-08	-8.115487e-07	-6.639959e-07	825
1106613	8.996309e-08	-8.115464e-07	-6.640087e-07	825
1114869	8.988948e-08	-8.115441e-07	-6.640216e-07	825
862519	3.732289e-07	-8.115427e-07	-7.820719e-07	9262
1123125	8.981587e-08	-8.115417e-07	-6.640344e-07	825
1131381	8.974226e-08	-8.115394e-07	-6.640471e-07	825
1139637	8.966865e-08	-8.115371e-07	-6.640599e-07	825
1147893	8.959503e-08	-8.115347e-07	-6.640727e-07	825
870775	3.731383e-07	-8.115329e-07	-7.821254e-07	9262
879031	3.730478e-07	-8.115230e-07	-7.821787e-07	9262
887287	3.729572e-07	-8.115131e-07	-7.822322e-07	9262
895543	3.728667e-07	-8.115033e-07	-7.822856e-07	9262
903799	3.727761e-07	-8.114935e-07	-7.823390e-07	9262
912055	3.726855e-07	-8.114836e-07	-7.823924e-07	9262
920311	3.725949e-07	-8.114737e-07	-7.824457e-07	9262
928567	3.725043e-07	-8.114639e-07	-7.824991e-07	9262
936823	3.724137e-07	-8.114540e-07	-7.825524e-07	9262
945079	3.723231e-07	-8.114442e-07	-7.826057e-07	9262
953335	3.722325e-07	-8.114343e-07	-7.826590e-07	9262
961591	3.721418e-07	-8.114245e-07	-7.827123e-07	9262
969847	3.720512e-07	-8.114147e-07	-7.827656e-07	9262
978103	3.719606e-07	-8.114048e-07	-7.828189e-07	9262
986359	3.718699e-07	-8.113950e-07	-7.828721e-07	9262
994615	3.717793e-07	-8.113852e-07	-7.829254e-07	9262
1002871	3.716886e-07	-8.113753e-07	-7.829786e-07	9262
1011127	3.715979e-07	-8.113655e-07	-7.830319e-07	9262
1019383	3.715072e-07	-8.113557e-07	-7.830851e-07	9262
1027639	3.714165e-07	-8.113458e-07	-7.831383e-07	9262
1035895	3.713259e-07	-8.113361e-07	-7.831914e-07	9262
1044151	3.712351e-07	-8.113262e-07	-7.832446e-07	9262
1052407	3.711444e-07	-8.113164e-07	-7.832978e-07	9262
1060663	3.710537e-07	-8.113066e-07	-7.833509e-07	9262
1068919	3.709630e-07	-8.112968e-07	-7.834040e-07	9262
1077175	3.708722e-07	-8.112870e-07	-7.834572e-07	9262
1085431	3.707815e-07	-8.112772e-07	-7.835102e-07	9262
1093687	3.706907e-07	-8.112674e-07	-7.835633e-07	9262
1101943	3.706000e-07	-8.112576e-07	-7.836164e-07	9262
1110199	3.705092e-07	-8.112478e-07	-7.836695e-07	9262
1118455	3.704184e-07	-8.112380e-07	-7.837225e-07	9262
1126711	3.703277e-07	-8.112282e-07	-7.837755e-07	9262
1134967	3.702368e-07	-8.112184e-07	-7.838286e-07	9262
1143223	3.701460e-07	-8.112086e-07	-7.838816e-07	9262
1151479	3.700552e-07	-8.111988e-07	-7.839346e-07	9262
2724	2.198435e-07	-8.086828e-07	-7.013667e-07	6201
10980	2.197644e-07	-8.086770e-07	-7.013982e-07	6201
19236	2.196854e-07	-8.086712e-07	-7.014297e-07	6201
27492	2.196063e-07	-8.086654e-07	-7.014611e-07	6201
35748	2.195273e-07	-8.086597e-07	-7.014925e-07	6201
44004	2.194482e-07	-8.086539e-07	-7.015239e-07	6201
52260	2.193692e-07	-8.086481e-07	-7.015553e-07	6201
60516	2.192901e-07	-8.086424e-07	-7.015867e-07	6201
68772	2.192110e-07	-8.086366e-07	-7.016180e-07	6201
77028	2.191319e-07	-8.086308e-07	-7.016494e-07	6201
85284	2.190529e-07	-8.086250e-07	-7.016807e-07	6201
93540	2.189738e-07	-8.086192e-07	-7.017121e-07	6201
101796	2.188947e-07	-8.086135e-07	-7.017434e-07	6201
110052	2.188156e-07	-8.086078e-07	-7.017747e-07	6201
118308	2.187365e-07	-8.086020e-07	-7.018060e-07	6201
126564	2.186574e-07	-8.085962e-07	-7.018373e-07	6201
134820	2.185783e-07	-8.085904e-07	-7.018685e-07	6201
143076	2.184991e-07	-8.085847e-07	-7.018998e-07	6201
151332	2.184200e-07	-8.085789e-07	-7.019311e-07	6201
159588	2.183409e-07	-8.085732e-07	-7.019623e-07	6201
167844	2.182618e-07	-8.085674e-07	-7.019935e-07	6201
176100	2.181826e-07	-8.085617e-07	-7.020247e-07	6201
184356	2.181035e-07	-8.085559e-07	-7.020560e-07	6201
192612	2.180243e-07	-8.085502e-07	-7.020872e-07	6201
200868	2.179452e-07	-8.085444e-07	-7.021184e-07	6201
209124	2.178660e-07	-8.085387e-07	-7.021495e-07	6201
217380	2.177869e-07	-8.085329e-07	-7.021807e-07	6201
225636	2.177077e-07	-8.085272e-07	-7.022119e-07	6201
233892	2.176286e-07	-8.085215e-07	-7.022430e-07	6201
242148	2.175494e-07	-8.085158e-07	-7.022741e-07	6201
250404	2.174702e-07	-8.085100e-07	-7.023053e-07	6201
258660	2.173910e-07	-8.085043e-07	-7.023364e-07	6201
266916	2.173118e-07	-8.084986e-07	-7.023675e-07	6201
275172	2.172326e-07	-8.084929e-07	-7.023986e-07	6201
283428	2.171534e-07	-8.084871e-07	-7.024296e-07	6201
291684	2.170742e-07	-8.084814e-07	-7.024607e-07	6201
299940	2.169950e-07	-8.084757e-07	-7.024917e-07	6201
308196	2.169158e-07	-8.084700e-07	-7.025228e-07	6201
316452	2.168366e-07	-8.084643e-07	-7.025538e-07	6201
324708	2.167574e-07	-8.084585e-07	-7.025848e-07	6201
332964	2.166782e-07	-8.084529e-07	-7.026158e-07	6201
341220	2.165989e-07	-8.084472e-07	-7.026468e-07	6201
349476	2.165197e-07	-8.084414e-07	-7.026778e-07	6201
357732	2.164405e-07	-8.084357e-07	-7.027087e-07	6201
365988	2.163612e-07	-8.084301e-07	-7.027397e-07	6201
374244	2.162820e-07	-8.084243e-07	-7.027706e-07	6201
382500	2.162027e-07	-8.084186e-07	-7.028016e-07	6201
390756	2.161235e-07	-8.084129e-07	-7.028325e-07	6201
399012	2.160442e-07	-8.084073e-07	-7.028634e-07	6201
407268	2.159650e-07	-8.084016e-07	-7.028943e-07	6201
415524	2.158857e-07	-8.083959e-07	-7.029252e-07	6201
423780	2.158064e-07	-8.083902e-07	-7.029561e-07	6201
432036	2.157271e-07	-8.083845e-07	-7.029870e-07	6201
440292	2.156479e-07	-8.083788e-07	-7.030179e-07	6201
448548	2.155686e-07	-8.083732e-07	-7.030487e-07	6201
456804	2.154893e-07	-8.083675e-07	-7.030795e-07	6201
465060	2.154100e-07	-8.083618e-07	-7.031103e-07	6201
473316	2.153307e-07	-8.083562e-07	-7.031412e-07	6201
481572	2.152514e-07	-8.083505e-07	-7.031720e-07	6201
489828	2.151721e-07	-8.083448e-07	-7.032027e-07	6201
498084	2.150928e-07	-8.083391e-07	-7.032335e-07	6201
506340	2.150134e-07	-8.083335e-07	-7.032643e-07	6201
514596	2.149341e-07	-8.083278e-07	-7.032950e-07	6201
522852	2.148548e-07	-8.083222e-07	-7.033258e-07	6201
531108	2.147755e-07	-8.083165e-07	-7.033565e-07	6201
539364	2.146961e-07	-8.083109e-07	-7.033872e-07	6201
547620	2.146168e-07	-8.083052e-07	-7.034179e-07	6201
555876	2.145374e-07	-8.082995e-07	-7.034486e-07	6201
564132	2.144581e-07	-8.082939e-07	-7.034793e-07	6201
572388	2.143787e-07	-8.082882e-07	-7.035100e-07	6201
580644	2.142994e-07	-8.082826e-07	-7.035406e-07	6201
588900	2.142200e-07	-8.082769e-07	-7.035713e-07	6201
597156	2.141406e-07	-8.082713e-07	-7.036020e-07	6201
605412	2.140613e-07	-8.082657e-07	-7.036326e-07	6201
613668	2.139819e-07	-8.082600e-07	-7.036632e-07	6201
621924	2.139025e-07	-8.082544e-07	-7.036938e-07	6201
630180	2.138231e-07	-8.082488e-07	-7.037244e-07	6201
638436	2.137437e-07	-8.082431e-07	-7.037550e-07	6201
646692	2.136643e-07	-8.082375e-07	-7.037856e-07	6201
654948	2.135849e-07	-8.082319e-07	-7.038161e-07	6201
663204	2.135055e-07	-8.082263e-07	-7.038467e-07	6201
671460	2.134261e-07	-8.082206e-07	-7.038772e-07	6201
679716	2.133467e-07	-8.082150e-07	-7.039077e-07	6201
687972	2.132673e-07	-8.082094e-07	-7.039383e-07	6201
696228	2.131878e-07	-8.082038e-07	-7.039687e-07	6201
704484	2.131084e-07	-8.081981e-07	-7.039993e-07	6201
712740	2.130290e-07	-8.081926e-07	-7.040297e-07	6201
720996	2.129495e-07	-8.081869e-07	-7.040602e-07	6201
729252	2.128701e-07	-8.081813e-07	-7.040907e-07	6201
737508	2.127907e-07	-8.081757e-07	-7.041211e-07	6201
745764	2.127112e-07	-8.081701e-07	-7.041515e-07	6201
754020	2.126318e-07	-8.081645e-07	-7.041820e-07	6201
762276	2.125523e-07	-8.081589e-07	-7.042124e-07	6201
770532	2.124728e-07	-8.081533e-07	-7.042428e-07	6201
778788	2.123934e-07	-8.081477e-07	-7.042732e-07	6201
787044	2.123139e-07	-8.081421e-07	-7.043035e-07	6201
795300	2.122344e-07	-8.081366e-07	-7.043339e-07	6201
803556	2.121549e-07	-8.081309e-07	-7.043643e-07	6201
811812	2.120754e-07	-8.081254e-07	-7.043946e-07	6201
820068	2.119960e-07	-8.081198e-07	-7.044250e-07	6201
828324	2.119165e-07	-8.081142e-07	-7.044553e-07	6201
836580	2.118370e-07	-8.081087e-07	-7.044856e-07	6201
844836	2.117575e-07	-8.081030e-07	-7.045159e-07	6201
853092	2.116779e-07	-8.080975e-07	-7.045462e-07	6201
861348	2.115984e-07	-8.080919e-07	-7.045765e-07	6201
869604	2.115189e-07	-8.080863e-07	-7.046067e-07	6201
877860	2.114394e-07	-8.080808e-07	-7.046370e-07	6201
886116	2.113599e-07	-8.080752e-07	-7.046672e-07	6201
894372	2.112803e-07	-8.080696e-07	-7.046975e-07	6201
902628	2.112008e-07	-8.080641e-07	-7.047277e-07	6201
910884	2.111212e-07	-8.080585e-07	-7.047579e-07	6201
919140	2.110417e-07	-8.080530e-07	-7.047881e-07	6201
927396	2.109622e-07	-8.080474e-07	-7.048183e-07	6201
935652	2.108826e-07	-8.080419e-07	-7.048484e-07	6201
943908	2.108031e-07	-8.080363e-07	-7.048786e-07	6201
952164	2.107235e-07	-8.080307e-07	-7.049088e-07	6201
960420	2.106439e-07	-8.080252e-07	-7.049389e-07	6201
968676	2.105643e-07	-8.080196e-07	-7.049690e-07	6201
976932	2.104848e-07	-8.080141e-07	-7.049991e-07	6201
985188	2.104052e-07	-8.080086e-07	-7.050293e-07	6201
993444	2.103256e-07	-8.080031e-07	-7.050593e-07	6201
1001700	2.102460e-07	-8.079975e-07	-7.050894e-07	6201
1009956	2.101664e-07	-8.079920e-07	-7.051195e-07	6201
1018212	2.100868e-07	-8.079865e-07	-7.051495e-07	6201
1026468	2.100072e-07	-8.079809e-07	-7.051796e-07	6201
1034724	2.099276e-07	-8.079754e-07	-7.052096e-07	6201
1042980	2.098480e-07	-8.079699e-07	-7.052396e-07	6201
1051236	2.097684e-07	-8.079643e-07	-7.052697e-07	6201
1059492	2.096888e-07	-8.079588e-07	-7.052997e-07	6201
1067748	2.096091e-07	-8.079533e-07	-7.053297e-07	6201
1076004	2.095295e-07	-8.079477e-07	-7.053596e-07	6201
1084260	2.094499e-07	-8.079422e-07	-7.053896e-07	6201
1092516	2.093702e-07	-8.079367e-07	-7.054196e-07	6201
1100772	2.092906e-07	-8.079312e-07	-7.054495e-07	6201
1109028	2.092109e-07	-8.079257e-07	-7.054795e-07	6201
1117284	2.091313e-07	-8.079202e-07	-7.055094e-07	6201
1125540	2.090516e-07	-8.079147e-07	-7.055393e-07	6201
1133796	2.089720e-07	-8.079092e-07	-7.055692e-07	6201
1142052	2.088923e-07	-8.079037e-07	-7.055991e-07	6201
1150308	2.088126e-07	-8.078982e-07	-7.056290e-07	6201
3333	3.088332e-07	-8.056820e-07	-7.298962e-07	7737
11589	3.087500e-07	-8.056738e-07	-7.299404e-07	7737
19845	3.086668e-07	-8.056657e-07	-7.299846e-07	7737
28101	3.085835e-07	-8.056575e-07	-7.300288e-07	7737
36357	3.085003e-07	-8.056494e-07	-7.300730e-07	7737
44613	3.084171e-07	-8.056413e-07	-7.301172e-07	7737
52869	3.083338e-07	-8.056331e-07	-7.301613e-07	7737
61125	3.082506e-07	-8.056249e-07	-7.302054e-07	7737
69381	3.081673e-07	-8.056168e-07	-7.302496e-07	7737
77637	3.080841e-07	-8.056087e-07	-7.302937e-07	7737
85893	3.080008e-07	-8.056006e-07	-7.303378e-07	7737
94149	3.079175e-07	-8.055924e-07	-7.303819e-07	7737
102405	3.078342e-07	-8.055842e-07	-7.304259e-07	7737
110661	3.077509e-07	-8.055761e-07	-7.304700e-07	7737
118917	3.076676e-07	-8.055680e-07	-7.305140e-07	7737
127173	3.075843e-07	-8.055599e-07	-7.305581e-07	7737
135429	3.075010e-07	-8.055517e-07	-7.306021e-07	7737
143685	3.074177e-07	-8.055437e-07	-7.306461e-07	7737
151941	3.073343e-07	-8.055355e-07	-7.306901e-07	7737
160197	3.072510e-07	-8.055274e-07	-7.307341e-07	7737
168453	3.071677e-07	-8.055193e-07	-7.307781e-07	7737
176709	3.070843e-07	-8.055111e-07	-7.308221e-07	7737
184965	3.070010e-07	-8.055031e-07	-7.308660e-07	7737
193221	3.069176e-07	-8.054949e-07	-7.309100e-07	7737
201477	3.068343e-07	-8.054869e-07	-7.309539e-07	7737
209733	3.067509e-07	-8.054787e-07	-7.309978e-07	7737
217989	3.066675e-07	-8.054706e-07	-7.310417e-07	7737
226245	3.065841e-07	-8.054625e-07	-7.310857e-07	7737
234501	3.065007e-07	-8.054544e-07	-7.311295e-07	7737
242757	3.064173e-07	-8.054463e-07	-7.311734e-07	7737
251013	3.063339e-07	-8.054383e-07	-7.312173e-07	7737
259269	3.062505e-07	-8.054301e-07	-7.312611e-07	7737
267525	3.061671e-07	-8.054221e-07	-7.313050e-07	7737
275781	3.060837e-07	-8.054140e-07	-7.313488e-07	7737
284037	3.060003e-07	-8.054059e-07	-7.313926e-07	7737
292293	3.059168e-07	-8.053978e-07	-7.314364e-07	7737
300549	3.058334e-07	-8.053897e-07	-7.314802e-07	7737
308805	3.057499e-07	-8.053817e-07	-7.315240e-07	7737
317061	3.056665e-07	-8.053736e-07	-7.315678e-07	7737
325317	3.055830e-07	-8.053655e-07	-7.316115e-07	7737
333573	3.054996e-07	-8.053574e-07	-7.316552e-07	7737
341829	3.054161e-07	-8.053494e-07	-7.316989e-07	7737
350085	3.053326e-07	-8.053413e-07	-7.317427e-07	7737
358341	3.052491e-07	-8.053332e-07	-7.317864e-07	7737
366597	3.051656e-07	-8.053252e-07	-7.318301e-07	7737
374853	3.050821e-07	-8.053171e-07	-7.318737e-07	7737
383109	3.049986e-07	-8.053091e-07	-7.319174e-07	7737
391365	3.049151e-07	-8.053010e-07	-7.319611e-07	7737
399621	3.048316e-07	-8.052930e-07	-7.320047e-07	7737
407877	3.047480e-07	-8.052849e-07	-7.320484e-07	7737
416133	3.046645e-07	-8.052768e-07	-7.320920e-07	7737
424389	3.045810e-07	-8.052688e-07	-7.321356e-07	7737
432645	3.044974e-07	-8.052608e-07	-7.321792e-07	7737
440901	3.044139e-07	-8.052527e-07	-7.322228e-07	7737
449157	3.043303e-07	-8.052447e-07	-7.322664e-07	7737
457413	3.042468e-07	-8.052367e-07	-7.323099e-07	7737
465669	3.041632e-07	-8.052286e-07	-7.323534e-07	7737
473925	3.040796e-07	-8.052206e-07	-7.323970e-07	7737
482181	3.039960e-07	-8.052126e-07	-7.324405e-07	7737
490437	3.039124e-07	-8.052045e-07	-7.324840e-07	7737
498693	3.038288e-07	-8.051965e-07	-7.325276e-07	7737
506949	3.037452e-07	-8.051885e-07	-7.325710e-07	7737
515205	3.036616e-07	-8.051804e-07	-7.326145e-07	7737
523461	3.035780e-07	-8.051724e-07	-7.326580e-07	7737
531717	3.034944e-07	-8.051644e-07	-7.327014e-07	7737
539973	3.034107e-07	-8.051564e-07	-7.327449e-07	7737
548229	3.033271e-07	-8.051484e-07	-7.327883e-07	7737
556485	3.032435e-07	-8.051404e-07	-7.328317e-07	7737
564741	3.031598e-07	-8.051324e-07	-7.328752e-07	7737
572997	3.030761e-07	-8.051244e-07	-7.329185e-07	7737
581253	3.029925e-07	-8.051164e-07	-7.329619e-07	7737
589509	3.029088e-07	-8.051084e-07	-7.330053e-07	7737
597765	3.028252e-07	-8.051003e-07	-7.330486e-07	7737
606021	3.027415e-07	-8.050924e-07	-7.330920e-07	7737
614277	3.026578e-07	-8.050844e-07	-7.331353e-07	7737
622533	3.025741e-07	-8.050764e-07	-7.331786e-07	7737
630789	3.024904e-07	-8.050684e-07	-7.332220e-07	7737
639045	3.024067e-07	-8.050604e-07	-7.332652e-07	7737
647301	3.023230e-07	-8.050524e-07	-7.333085e-07	7737
655557	3.022392e-07	-8.050444e-07	-7.333518e-07	7737
663813	3.021555e-07	-8.050364e-07	-7.333950e-07	7737
672069	3.020718e-07	-8.050285e-07	-7.334383e-07	7737
680325	3.019881e-07	-8.050205e-07	-7.334816e-07	7737
688581	3.019043e-07	-8.050125e-07	-7.335248e-07	7737
696837	3.018205e-07	-8.050046e-07	-7.335680e-07	7737
705093	3.017368e-07	-8.049966e-07	-7.336112e-07	7737
713349	3.016530e-07	-8.049886e-07	-7.336544e-07	7737
721605	3.015693e-07	-8.049806e-07	-7.336976e-07	7737
729861	3.014855e-07	-8.049727e-07	-7.337407e-07	7737
738117	3.014017e-07	-8.049647e-07	-7.337839e-07	7737
746373	3.013179e-07	-8.049568e-07	-7.338271e-07	7737
754629	3.012341e-07	-8.049488e-07	-7.338701e-07	7737
762885	3.011503e-07	-8.049408e-07	-7.339133e-07	7737
771141	3.010665e-07	-8.049329e-07	-7.339564e-07	7737
779397	3.009827e-07	-8.049249e-07	-7.339995e-07	7737
787653	3.008988e-07	-8.049170e-07	-7.340425e-07	7737
795909	3.008150e-07	-8.049091e-07	-7.340856e-07	7737
804165	3.007312e-07	-8.049011e-07	-7.341287e-07	7737
812421	3.006473e-07	-8.048931e-07	-7.341717e-07	7737
820677	3.005635e-07	-8.048852e-07	-7.342148e-07	7737
828933	3.004797e-07	-8.048773e-07	-7.342578e-07	7737
837189	3.003958e-07	-8.048693e-07	-7.343008e-07	7737
845445	3.003119e-07	-8.048614e-07	-7.343438e-07	7737
853701	3.002280e-07	-8.048535e-07	-7.343868e-07	7737
861957	3.001442e-07	-8.048456e-07	-7.344298e-07	7737
870213	3.000603e-07	-8.048377e-07	-7.344727e-07	7737
878469	2.999764e-07	-8.048297e-07	-7.345157e-07	7737
886725	2.998925e-07	-8.048218e-07	-7.345586e-07	7737
894981	2.998086e-07	-8.048139e-07	-7.346015e-07	7737
903237	2.997247e-07	-8.048059e-07	-7.346445e-07	7737
911493	2.996408e-07	-8.047980e-07	-7.346873e-07	7737
919749	2.995568e-07	-8.047901e-07	-7.347302e-07	7737
928005	2.994729e-07	-8.047822e-07	-7.347731e-07	7737
936261	2.993889e-07	-8.047743e-07	-7.348160e-07	7737
944517	2.993050e-07	-8.047664e-07	-7.348588e-07	7737
952773	2.992211e-07	-8.047585e-07	-7.349017e-07	7737
961029	2.991371e-07	-8.047506e-07	-7.349445e-07	7737
969285	2.990531e-07	-8.047427e-07	-7.349873e-07	7737
977541	2.989692e-07	-8.047348e-07	-7.350301e-07	7737
985797	2.988852e-07	-8.047269e-07	-7.350729e-07	7737
994053	2.988012e-07	-8.047190e-07	-7.351157e-07	7737
1002309	2.987172e-07	-8.047111e-07	-7.351584e-07	7737
1010565	2.986332e-07	-8.047032e-07	-7.352012e-07	7737
1018821	2.985492e-07	-8.046954e-07	-7.352440e-07	7737
1027077	2.984652e-07	-8.046875e-07	-7.352867e-07	7737
1035333	2.983812e-07	-8.046796e-07	-7.353294e-07	7737
1043589	2.982972e-07	-8.046717e-07	-7.353721e-07	7737
1051845	2.982132e-07	-8.046638e-07	-7.354148e-07	7737
1060101	2.981292e-07	-8.046559e-07	-7.354575e-07	7737
1068357	2.980451e-07	-8.046481e-07	-7.355002e-07	7737
1076613	2.979611e-07	-8.046403e-07	-7.355429e-07	7737
1084869	2.978770e-07	-8.046324e-07	-7.355855e-07	7737
1093125	2.977930e-07	-8.046245e-07	-7.356281e-07	7737
1101381	2.977089e-07	-8.046166e-07	-7.356708e-07	7737
1109637	2.976248e-07	-8.046088e-07	-7.357133e-07	7737
1117893	2.975407e-07	-8.046009e-07	-7.357560e-07	7737
1126149	2.974566e-07	-8.045931e-07	-7.357986e-07	7737
1134405	2.973726e-07	-8.045852e-07	-7.358411e-07	7737
1142661	2.972885e-07	-8.045773e-07	-7.358837e-07	7737
1150917	2.972044e-07	-8.045695e-07	-7.359262e-07	7737
183	7.969260e-08	-8.019275e-07	-6.476316e-07	569
8439	7.962109e-08	-8.019254e-07	-6.476430e-07	569
16695	7.954957e-08	-8.019234e-07	-6.476543e-07	569
24951	7.947806e-08	-8.019213e-07	-6.476657e-07	569
33207	7.940653e-08	-8.019192e-07	-6.476770e-07	569
41463	7.933501e-08	-8.019172e-07	-6.476883e-07	569
49719	7.926349e-08	-8.019151e-07	-6.476996e-07	569
3896	3.586242e-07	-7.956176e-07	-7.548108e-07	9263
12152	3.585371e-07	-7.956081e-07	-7.548622e-07	9263
20408	3.584501e-07	-7.955986e-07	-7.549135e-07	9263
28664	3.583630e-07	-7.955892e-07	-7.549648e-07	9263
36920	3.582759e-07	-7.955797e-07	-7.550161e-07	9263
45176	3.581888e-07	-7.955702e-07	-7.550674e-07	9263
53432	3.581017e-07	-7.955608e-07	-7.551187e-07	9263
61688	3.580147e-07	-7.955513e-07	-7.551700e-07	9263
69944	3.579275e-07	-7.955418e-07	-7.552213e-07	9263
78200	3.578404e-07	-7.955323e-07	-7.552725e-07	9263
86456	3.577533e-07	-7.955229e-07	-7.553238e-07	9263
94712	3.576662e-07	-7.955134e-07	-7.553750e-07	9263
102968	3.575790e-07	-7.955040e-07	-7.554262e-07	9263
111224	3.574919e-07	-7.954945e-07	-7.554773e-07	9263
119480	3.574047e-07	-7.954851e-07	-7.555286e-07	9263
127736	3.573176e-07	-7.954756e-07	-7.555797e-07	9263
135992	3.572304e-07	-7.954662e-07	-7.556309e-07	9263
144248	3.571432e-07	-7.954567e-07	-7.556820e-07	9263
152504	3.570560e-07	-7.954473e-07	-7.557331e-07	9263
160760	3.569689e-07	-7.954379e-07	-7.557843e-07	9263
169016	3.568817e-07	-7.954284e-07	-7.558354e-07	9263
177272	3.567944e-07	-7.954190e-07	-7.558865e-07	9263
185528	3.567072e-07	-7.954096e-07	-7.559376e-07	9263
193784	3.566200e-07	-7.954001e-07	-7.559887e-07	9263
202040	3.565328e-07	-7.953907e-07	-7.560397e-07	9263
210296	3.564455e-07	-7.953813e-07	-7.560907e-07	9263
218552	3.563583e-07	-7.953719e-07	-7.561418e-07	9263
226808	3.562710e-07	-7.953624e-07	-7.561928e-07	9263
235064	3.561838e-07	-7.953530e-07	-7.562438e-07	9263
243320	3.560965e-07	-7.953436e-07	-7.562948e-07	9263
251576	3.560092e-07	-7.953342e-07	-7.563458e-07	9263
259832	3.559219e-07	-7.953248e-07	-7.563968e-07	9263
268088	3.558347e-07	-7.953154e-07	-7.564478e-07	9263
276344	3.557474e-07	-7.953059e-07	-7.564987e-07	9263
284600	3.556601e-07	-7.952966e-07	-7.565496e-07	9263
292856	3.555728e-07	-7.952872e-07	-7.566006e-07	9263
301112	3.554854e-07	-7.952777e-07	-7.566514e-07	9263
309368	3.553981e-07	-7.952684e-07	-7.567024e-07	9263
317624	3.553108e-07	-7.952590e-07	-7.567533e-07	9263
325880	3.552234e-07	-7.952495e-07	-7.568041e-07	9263
334136	3.551361e-07	-7.952402e-07	-7.568550e-07	9263
342392	3.550487e-07	-7.952308e-07	-7.569058e-07	9263
350648	3.549613e-07	-7.952214e-07	-7.569566e-07	9263
358904	3.548740e-07	-7.952120e-07	-7.570075e-07	9263
367160	3.547866e-07	-7.952027e-07	-7.570583e-07	9263
375416	3.546992e-07	-7.951933e-07	-7.571091e-07	9263
383672	3.546118e-07	-7.951839e-07	-7.571599e-07	9263
391928	3.545244e-07	-7.951745e-07	-7.572107e-07	9263
400184	3.544370e-07	-7.951651e-07	-7.572614e-07	9263
408440	3.543496e-07	-7.951558e-07	-7.573121e-07	9263
416696	3.542621e-07	-7.951464e-07	-7.573629e-07	9263
424952	3.541747e-07	-7.951371e-07	-7.574136e-07	9263
433208	3.540873e-07	-7.951277e-07	-7.574643e-07	9263
441464	3.539998e-07	-7.951184e-07	-7.575150e-07	9263
449720	3.539124e-07	-7.951090e-07	-7.575657e-07	9263
457976	3.538249e-07	-7.950996e-07	-7.576164e-07	9263
466232	3.537374e-07	-7.950903e-07	-7.576671e-07	9263
474488	3.536500e-07	-7.950809e-07	-7.577177e-07	9263
482744	3.535625e-07	-7.950716e-07	-7.577683e-07	9263
491000	3.534750e-07	-7.950622e-07	-7.578190e-07	9263
499256	3.533875e-07	-7.950529e-07	-7.578695e-07	9263
507512	3.533000e-07	-7.950435e-07	-7.579201e-07	9263
515768	3.532124e-07	-7.950342e-07	-7.579707e-07	9263
524024	3.531249e-07	-7.950248e-07	-7.580213e-07	9263
532280	3.530374e-07	-7.950155e-07	-7.580718e-07	9263
540536	3.529499e-07	-7.950062e-07	-7.581224e-07	9263
548792	3.528623e-07	-7.949969e-07	-7.581730e-07	9263
557048	3.527747e-07	-7.949876e-07	-7.582235e-07	9263
565304	3.526872e-07	-7.949782e-07	-7.582740e-07	9263
573560	3.525996e-07	-7.949689e-07	-7.583245e-07	9263
581816	3.525120e-07	-7.949596e-07	-7.583749e-07	9263
590072	3.524245e-07	-7.949503e-07	-7.584254e-07	9263
598328	3.523369e-07	-7.949409e-07	-7.584759e-07	9263
606584	3.522493e-07	-7.949316e-07	-7.585263e-07	9263
614840	3.521617e-07	-7.949223e-07	-7.585768e-07	9263
623096	3.520741e-07	-7.949130e-07	-7.586272e-07	9263
631352	3.519864e-07	-7.949037e-07	-7.586776e-07	9263
639608	3.518988e-07	-7.948944e-07	-7.587280e-07	9263
647864	3.518112e-07	-7.948851e-07	-7.587784e-07	9263
656120	3.517235e-07	-7.948758e-07	-7.588288e-07	9263
664376	3.516359e-07	-7.948665e-07	-7.588791e-07	9263
672632	3.515482e-07	-7.948572e-07	-7.589294e-07	9263
680888	3.514606e-07	-7.948479e-07	-7.589798e-07	9263
689144	3.513729e-07	-7.948386e-07	-7.590301e-07	9263
697400	3.512852e-07	-7.948293e-07	-7.590804e-07	9263
705656	3.511975e-07	-7.948200e-07	-7.591307e-07	9263
713912	3.511098e-07	-7.948108e-07	-7.591810e-07	9263
722168	3.510221e-07	-7.948015e-07	-7.592313e-07	9263
730424	3.509344e-07	-7.947922e-07	-7.592815e-07	9263
738680	3.508467e-07	-7.947829e-07	-7.593318e-07	9263
746936	3.507590e-07	-7.947737e-07	-7.593820e-07	9263
755192	3.506712e-07	-7.947644e-07	-7.594322e-07	9263
763448	3.505835e-07	-7.947551e-07	-7.594824e-07	9263
771704	3.504958e-07	-7.947459e-07	-7.595326e-07	9263
779960	3.504080e-07	-7.947366e-07	-7.595828e-07	9263
788216	3.503202e-07	-7.947273e-07	-7.596330e-07	9263
796472	3.502325e-07	-7.947181e-07	-7.596831e-07	9263
804728	3.501447e-07	-7.947088e-07	-7.597333e-07	9263
812984	3.500569e-07	-7.946995e-07	-7.597834e-07	9263
821240	3.499691e-07	-7.946903e-07	-7.598335e-07	9263
829496	3.498813e-07	-7.946811e-07	-7.598836e-07	9263
837752	3.497935e-07	-7.946718e-07	-7.599338e-07	9263
846008	3.497057e-07	-7.946626e-07	-7.599838e-07	9263
854264	3.496179e-07	-7.946533e-07	-7.600339e-07	9263
862520	3.495300e-07	-7.946441e-07	-7.600839e-07	9263
870776	3.494422e-07	-7.946348e-07	-7.601340e-07	9263
879032	3.493543e-07	-7.946256e-07	-7.601840e-07	9263
887288	3.492665e-07	-7.946164e-07	-7.602341e-07	9263
895544	3.491786e-07	-7.946072e-07	-7.602840e-07	9263
903800	3.490908e-07	-7.945979e-07	-7.603340e-07	9263
912056	3.490029e-07	-7.945887e-07	-7.603840e-07	9263
920312	3.489150e-07	-7.945795e-07	-7.604340e-07	9263
928568	3.488271e-07	-7.945702e-07	-7.604839e-07	9263
936824	3.487392e-07	-7.945610e-07	-7.605339e-07	9263
945080	3.486513e-07	-7.945518e-07	-7.605838e-07	9263
953336	3.485634e-07	-7.945426e-07	-7.606337e-07	9263
961592	3.484755e-07	-7.945334e-07	-7.606836e-07	9263
2828	1.674807e-07	-7.945315e-07	-6.718387e-07	6457
11084	1.674055e-07	-7.945271e-07	-6.718627e-07	6457
969848	3.483876e-07	-7.945242e-07	-7.607335e-07	9263
19340	1.673304e-07	-7.945227e-07	-6.718866e-07	6457
27596	1.672552e-07	-7.945183e-07	-6.719105e-07	6457
978104	3.482996e-07	-7.945150e-07	-7.607834e-07	9263
35852	1.671800e-07	-7.945139e-07	-6.719344e-07	6457
44108	1.671048e-07	-7.945096e-07	-6.719583e-07	6457
986360	3.482117e-07	-7.945058e-07	-7.608333e-07	9263
52364	1.670296e-07	-7.945051e-07	-6.719822e-07	6457
60620	1.669544e-07	-7.945007e-07	-6.720061e-07	6457
994616	3.481237e-07	-7.944965e-07	-7.608832e-07	9263
68876	1.668791e-07	-7.944964e-07	-6.720300e-07	6457
77132	1.668039e-07	-7.944920e-07	-6.720538e-07	6457
85388	1.667287e-07	-7.944876e-07	-6.720776e-07	6457
1002872	3.480358e-07	-7.944873e-07	-7.609329e-07	9263
93644	1.666535e-07	-7.944832e-07	-6.721015e-07	6457
101900	1.665783e-07	-7.944789e-07	-6.721253e-07	6457
1011128	3.479478e-07	-7.944781e-07	-7.609828e-07	9263
110156	1.665031e-07	-7.944745e-07	-6.721491e-07	6457
118412	1.664278e-07	-7.944701e-07	-6.721729e-07	6457
1019384	3.478599e-07	-7.944690e-07	-7.610326e-07	9263
126668	1.663526e-07	-7.944657e-07	-6.721967e-07	6457
134924	1.662773e-07	-7.944614e-07	-6.722205e-07	6457
1027640	3.477719e-07	-7.944598e-07	-7.610824e-07	9263
143180	1.662021e-07	-7.944570e-07	-6.722443e-07	6457
151436	1.661269e-07	-7.944527e-07	-6.722680e-07	6457
1035896	3.476839e-07	-7.944506e-07	-7.611322e-07	9263
159692	1.660516e-07	-7.944483e-07	-6.722917e-07	6457
167948	1.659764e-07	-7.944439e-07	-6.723155e-07	6457
1044152	3.475959e-07	-7.944414e-07	-7.611820e-07	9263
176204	1.659011e-07	-7.944395e-07	-6.723392e-07	6457
184460	1.658259e-07	-7.944352e-07	-6.723629e-07	6457
1052408	3.475079e-07	-7.944322e-07	-7.612318e-07	9263
192716	1.657506e-07	-7.944308e-07	-6.723866e-07	6457
200972	1.656753e-07	-7.944265e-07	-6.724103e-07	6457
1060664	3.474199e-07	-7.944230e-07	-7.612815e-07	9263
209228	1.656001e-07	-7.944221e-07	-6.724340e-07	6457
217484	1.655248e-07	-7.944178e-07	-6.724576e-07	6457
1068920	3.473319e-07	-7.944138e-07	-7.613313e-07	9263
225740	1.654495e-07	-7.944134e-07	-6.724813e-07	6457
233996	1.653742e-07	-7.944091e-07	-6.725050e-07	6457
242252	1.652989e-07	-7.944047e-07	-6.725286e-07	6457
1077176	3.472439e-07	-7.944046e-07	-7.613810e-07	9263
250508	1.652237e-07	-7.944004e-07	-6.725522e-07	6457
258764	1.651484e-07	-7.943960e-07	-6.725759e-07	6457
1085432	3.471558e-07	-7.943955e-07	-7.614307e-07	9263
267020	1.650731e-07	-7.943917e-07	-6.725995e-07	6457
275276	1.649978e-07	-7.943874e-07	-6.726231e-07	6457
1093688	3.470678e-07	-7.943863e-07	-7.614804e-07	9263
283532	1.649225e-07	-7.943831e-07	-6.726466e-07	6457
291788	1.648472e-07	-7.943787e-07	-6.726702e-07	6457
1101944	3.469798e-07	-7.943771e-07	-7.615301e-07	9263
300044	1.647719e-07	-7.943744e-07	-6.726938e-07	6457
308300	1.646966e-07	-7.943701e-07	-6.727173e-07	6457
1110200	3.468917e-07	-7.943680e-07	-7.615798e-07	9263
316556	1.646212e-07	-7.943657e-07	-6.727409e-07	6457
324812	1.645459e-07	-7.943614e-07	-6.727644e-07	6457
1118456	3.468036e-07	-7.943588e-07	-7.616295e-07	9263
333068	1.644706e-07	-7.943571e-07	-6.727879e-07	6457
341324	1.643953e-07	-7.943528e-07	-6.728114e-07	6457
1126712	3.467156e-07	-7.943496e-07	-7.616791e-07	9263
349580	1.643199e-07	-7.943485e-07	-6.728349e-07	6457
357836	1.642446e-07	-7.943441e-07	-6.728584e-07	6457
1134968	3.466275e-07	-7.943405e-07	-7.617288e-07	9263
366092	1.641693e-07	-7.943398e-07	-6.728819e-07	6457
374348	1.640939e-07	-7.943355e-07	-6.729053e-07	6457
1143224	3.465394e-07	-7.943313e-07	-7.617784e-07	9263
382604	1.640186e-07	-7.943312e-07	-6.729288e-07	6457
390860	1.639433e-07	-7.943269e-07	-6.729522e-07	6457
399116	1.638679e-07	-7.943226e-07	-6.729757e-07	6457
1151480	3.464513e-07	-7.943221e-07	-7.618279e-07	9263
407372	1.637925e-07	-7.943183e-07	-6.729991e-07	6457
415628	1.637172e-07	-7.943140e-07	-6.730225e-07	6457
423884	1.636418e-07	-7.943097e-07	-6.730459e-07	6457
432140	1.635665e-07	-7.943054e-07	-6.730693e-07	6457
440396	1.634911e-07	-7.943011e-07	-6.730927e-07	6457
448652	1.634157e-07	-7.942968e-07	-6.731161e-07	6457
456908	1.633404e-07	-7.942925e-07	-6.731394e-07	6457
465164	1.632650e-07	-7.942883e-07	-6.731628e-07	6457
473420	1.631896e-07	-7.942839e-07	-6.731861e-07	6457
481676	1.631142e-07	-7.942797e-07	-6.732095e-07	6457
489932	1.630388e-07	-7.942754e-07	-6.732328e-07	6457
498188	1.629634e-07	-7.942711e-07	-6.732561e-07	6457
506444	1.628880e-07	-7.942668e-07	-6.732793e-07	6457
514700	1.628126e-07	-7.942626e-07	-6.733026e-07	6457
522956	1.627372e-07	-7.942583e-07	-6.733259e-07	6457
531212	1.626618e-07	-7.942540e-07	-6.733492e-07	6457
539468	1.625864e-07	-7.942497e-07	-6.733724e-07	6457
547724	1.625110e-07	-7.942455e-07	-6.733956e-07	6457
555980	1.624356e-07	-7.942412e-07	-6.734189e-07	6457
564236	1.623602e-07	-7.942369e-07	-6.734421e-07	6457
572492	1.622848e-07	-7.942327e-07	-6.734653e-07	6457
580748	1.622093e-07	-7.942284e-07	-6.734885e-07	6457
589004	1.621339e-07	-7.942241e-07	-6.735117e-07	6457
597260	1.620585e-07	-7.942199e-07	-6.735348e-07	6457
605516	1.619830e-07	-7.942156e-07	-6.735580e-07	6457
613772	1.619076e-07	-7.942114e-07	-6.735812e-07	6457
622028	1.618322e-07	-7.942072e-07	-6.736043e-07	6457
630284	1.617567e-07	-7.942029e-07	-6.736274e-07	6457
638540	1.616813e-07	-7.941986e-07	-6.736506e-07	6457
646796	1.616058e-07	-7.941944e-07	-6.736736e-07	6457
655052	1.615304e-07	-7.941902e-07	-6.736968e-07	6457
663308	1.614549e-07	-7.941859e-07	-6.737199e-07	6457
671564	1.613794e-07	-7.941817e-07	-6.737429e-07	6457
679820	1.613040e-07	-7.941774e-07	-6.737660e-07	6457
688076	1.612285e-07	-7.941732e-07	-6.737890e-07	6457
696332	1.611530e-07	-7.941690e-07	-6.738121e-07	6457
704588	1.610775e-07	-7.941647e-07	-6.738351e-07	6457
712844	1.610021e-07	-7.941605e-07	-6.738582e-07	6457
721100	1.609266e-07	-7.941563e-07	-6.738812e-07	6457
729356	1.608511e-07	-7.941521e-07	-6.739041e-07	6457
737612	1.607756e-07	-7.941479e-07	-6.739272e-07	6457
745868	1.607001e-07	-7.941436e-07	-6.739501e-07	6457
754124	1.606246e-07	-7.941394e-07	-6.739731e-07	6457
762380	1.605491e-07	-7.941352e-07	-6.739961e-07	6457
770636	1.604736e-07	-7.941310e-07	-6.740190e-07	6457
778892	1.603981e-07	-7.941268e-07	-6.740419e-07	6457
787148	1.603226e-07	-7.941226e-07	-6.740648e-07	6457
795404	1.602471e-07	-7.941184e-07	-6.740878e-07	6457
803660	1.601716e-07	-7.941142e-07	-6.741107e-07	6457
811916	1.600960e-07	-7.941100e-07	-6.741336e-07	6457
820172	1.600205e-07	-7.941057e-07	-6.741565e-07	6457
828428	1.599450e-07	-7.941015e-07	-6.741793e-07	6457
836684	1.598694e-07	-7.940973e-07	-6.742022e-07	6457
844940	1.597939e-07	-7.940931e-07	-6.742250e-07	6457
853196	1.597184e-07	-7.940889e-07	-6.742479e-07	6457
861452	1.596428e-07	-7.940847e-07	-6.742707e-07	6457
869708	1.595673e-07	-7.940806e-07	-6.742935e-07	6457
877964	1.594917e-07	-7.940764e-07	-6.743163e-07	6457
886220	1.594162e-07	-7.940722e-07	-6.743391e-07	6457
894476	1.593406e-07	-7.940680e-07	-6.743619e-07	6457
902732	1.592651e-07	-7.940638e-07	-6.743847e-07	6457
910988	1.591895e-07	-7.940596e-07	-6.744074e-07	6457
919244	1.591140e-07	-7.940554e-07	-6.744302e-07	6457
927500	1.590384e-07	-7.940513e-07	-6.744529e-07	6457
935756	1.589628e-07	-7.940471e-07	-6.744756e-07	6457
944012	1.588872e-07	-7.940429e-07	-6.744984e-07	6457
952268	1.588116e-07	-7.940388e-07	-6.745211e-07	6457
960524	1.587361e-07	-7.940346e-07	-6.745438e-07	6457
968780	1.586605e-07	-7.940304e-07	-6.745665e-07	6457
977036	1.585849e-07	-7.940263e-07	-6.745892e-07	6457
985292	1.585093e-07	-7.940221e-07	-6.746118e-07	6457
993548	1.584337e-07	-7.940179e-07	-6.746345e-07	6457
1001804	1.583581e-07	-7.940138e-07	-6.746571e-07	6457
1010060	1.582825e-07	-7.940096e-07	-6.746797e-07	6457
1018316	1.582069e-07	-7.940055e-07	-6.747023e-07	6457
1026572	1.581313e-07	-7.940013e-07	-6.747250e-07	6457
1034828	1.580557e-07	-7.939972e-07	-6.747476e-07	6457
1043084	1.579801e-07	-7.939930e-07	-6.747701e-07	6457
1051340	1.579044e-07	-7.939889e-07	-6.747927e-07	6457
1059596	1.578288e-07	-7.939847e-07	-6.748153e-07	6457
1067852	1.577532e-07	-7.939806e-07	-6.748378e-07	6457
1076108	1.576776e-07	-7.939764e-07	-6.748604e-07	6457
1084364	1.576019e-07	-7.939723e-07	-6.748829e-07	6457
1092620	1.575263e-07	-7.939682e-07	-6.749055e-07	6457
1100876	1.574507e-07	-7.939640e-07	-6.749280e-07	6457
1109132	1.573750e-07	-7.939599e-07	-6.749505e-07	6457
1117388	1.572994e-07	-7.939558e-07	-6.749730e-07	6457
1125644	1.572237e-07	-7.939516e-07	-6.749955e-07	6457
1133900	1.571481e-07	-7.939475e-07	-6.750179e-07	6457
1142156	1.570724e-07	-7.939434e-07	-6.750404e-07	6457
1150412	1.569968e-07	-7.939393e-07	-6.750628e-07	6457
1743	1.394543e-07	-7.921589e-07	-6.601784e-07	3897
9999	1.393807e-07	-7.921552e-07	-6.601983e-07	3897
18255	1.393072e-07	-7.921515e-07	-6.602183e-07	3897
26511	1.392336e-07	-7.921479e-07	-6.602382e-07	3897
34767	1.391600e-07	-7.921442e-07	-6.602581e-07	3897
43023	1.390864e-07	-7.921406e-07	-6.602779e-07	3897
51279	1.390128e-07	-7.921370e-07	-6.602978e-07	3897
59535	1.389392e-07	-7.921333e-07	-6.603177e-07	3897
67791	1.388656e-07	-7.921297e-07	-6.603375e-07	3897
76047	1.387920e-07	-7.921261e-07	-6.603574e-07	3897
84303	1.387184e-07	-7.921224e-07	-6.603772e-07	3897
92559	1.386448e-07	-7.921188e-07	-6.603970e-07	3897
100815	1.385712e-07	-7.921151e-07	-6.604168e-07	3897
109071	1.384976e-07	-7.921115e-07	-6.604366e-07	3897
117327	1.384240e-07	-7.921079e-07	-6.604564e-07	3897
125583	1.383504e-07	-7.921042e-07	-6.604762e-07	3897
133839	1.382768e-07	-7.921006e-07	-6.604959e-07	3897
142095	1.382031e-07	-7.920970e-07	-6.605157e-07	3897
150351	1.381295e-07	-7.920934e-07	-6.605354e-07	3897
158607	1.380559e-07	-7.920897e-07	-6.605551e-07	3897
166863	1.379823e-07	-7.920862e-07	-6.605749e-07	3897
175119	1.379086e-07	-7.920825e-07	-6.605946e-07	3897
183375	1.378350e-07	-7.920789e-07	-6.606143e-07	3897
191631	1.377613e-07	-7.920753e-07	-6.606340e-07	3897
199887	1.376877e-07	-7.920717e-07	-6.606537e-07	3897
208143	1.376141e-07	-7.920681e-07	-6.606733e-07	3897
216399	1.375404e-07	-7.920645e-07	-6.606930e-07	3897
224655	1.374668e-07	-7.920609e-07	-6.607127e-07	3897
232911	1.373931e-07	-7.920573e-07	-6.607323e-07	3897
241167	1.373194e-07	-7.920537e-07	-6.607519e-07	3897
249423	1.372458e-07	-7.920501e-07	-6.607715e-07	3897
257679	1.371721e-07	-7.920465e-07	-6.607911e-07	3897
265935	1.370985e-07	-7.920429e-07	-6.608107e-07	3897
274191	1.370248e-07	-7.920393e-07	-6.608303e-07	3897
282447	1.369511e-07	-7.920357e-07	-6.608499e-07	3897
290703	1.368774e-07	-7.920321e-07	-6.608694e-07	3897
298959	1.368037e-07	-7.920285e-07	-6.608890e-07	3897
307215	1.367301e-07	-7.920249e-07	-6.609085e-07	3897
315471	1.366564e-07	-7.920214e-07	-6.609280e-07	3897
323727	1.365827e-07	-7.920178e-07	-6.609476e-07	3897
331983	1.365090e-07	-7.920142e-07	-6.609671e-07	3897
340239	1.364353e-07	-7.920106e-07	-6.609866e-07	3897
348495	1.363616e-07	-7.920071e-07	-6.610061e-07	3897
356751	1.362879e-07	-7.920035e-07	-6.610256e-07	3897
365007	1.362142e-07	-7.919999e-07	-6.610450e-07	3897
373263	1.361405e-07	-7.919963e-07	-6.610645e-07	3897
381519	1.360668e-07	-7.919928e-07	-6.610839e-07	3897
389775	1.359931e-07	-7.919892e-07	-6.611033e-07	3897
398031	1.359194e-07	-7.919857e-07	-6.611228e-07	3897
406287	1.358457e-07	-7.919821e-07	-6.611422e-07	3897
414543	1.357720e-07	-7.919786e-07	-6.611616e-07	3897
422799	1.356982e-07	-7.919750e-07	-6.611810e-07	3897
431055	1.356245e-07	-7.919714e-07	-6.612004e-07	3897
439311	1.355508e-07	-7.919679e-07	-6.612198e-07	3897
447567	1.354771e-07	-7.919643e-07	-6.612391e-07	3897
455823	1.354033e-07	-7.919608e-07	-6.612585e-07	3897
464079	1.353296e-07	-7.919572e-07	-6.612778e-07	3897
472335	1.352559e-07	-7.919537e-07	-6.612971e-07	3897
480591	1.351821e-07	-7.919501e-07	-6.613164e-07	3897
488847	1.351084e-07	-7.919466e-07	-6.613358e-07	3897
497103	1.350346e-07	-7.919431e-07	-6.613551e-07	3897
505359	1.349609e-07	-7.919396e-07	-6.613744e-07	3897
513615	1.348871e-07	-7.919360e-07	-6.613936e-07	3897
521871	1.348134e-07	-7.919325e-07	-6.614129e-07	3897
530127	1.347396e-07	-7.919289e-07	-6.614322e-07	3897
538383	1.346659e-07	-7.919254e-07	-6.614514e-07	3897
546639	1.345921e-07	-7.919219e-07	-6.614707e-07	3897
554895	1.345183e-07	-7.919184e-07	-6.614899e-07	3897
563151	1.344445e-07	-7.919148e-07	-6.615091e-07	3897
571407	1.343708e-07	-7.919113e-07	-6.615283e-07	3897
579663	1.342970e-07	-7.919078e-07	-6.615475e-07	3897
587919	1.342232e-07	-7.919043e-07	-6.615667e-07	3897
596175	1.341494e-07	-7.919008e-07	-6.615858e-07	3897
604431	1.340757e-07	-7.918973e-07	-6.616050e-07	3897
612687	1.340019e-07	-7.918937e-07	-6.616241e-07	3897
620943	1.339281e-07	-7.918902e-07	-6.616433e-07	3897
629199	1.338543e-07	-7.918867e-07	-6.616624e-07	3897
637455	1.337805e-07	-7.918832e-07	-6.616816e-07	3897
645711	1.337067e-07	-7.918797e-07	-6.617007e-07	3897
653967	1.336329e-07	-7.918762e-07	-6.617198e-07	3897
662223	1.335591e-07	-7.918727e-07	-6.617389e-07	3897
670479	1.334853e-07	-7.918692e-07	-6.617579e-07	3897
678735	1.334115e-07	-7.918657e-07	-6.617770e-07	3897
686991	1.333377e-07	-7.918622e-07	-6.617960e-07	3897
695247	1.332638e-07	-7.918587e-07	-6.618151e-07	3897
703503	1.331900e-07	-7.918553e-07	-6.618341e-07	3897
711759	1.331162e-07	-7.918518e-07	-6.618532e-07	3897
720015	1.330424e-07	-7.918483e-07	-6.618721e-07	3897
728271	1.329686e-07	-7.918448e-07	-6.618911e-07	3897
736527	1.328947e-07	-7.918413e-07	-6.619101e-07	3897
744783	1.328209e-07	-7.918379e-07	-6.619291e-07	3897
753039	1.327471e-07	-7.918343e-07	-6.619481e-07	3897
761295	1.326732e-07	-7.918309e-07	-6.619671e-07	3897
769551	1.325994e-07	-7.918274e-07	-6.619860e-07	3897
777807	1.325255e-07	-7.918239e-07	-6.620049e-07	3897
786063	1.324517e-07	-7.918205e-07	-6.620239e-07	3897
794319	1.323778e-07	-7.918170e-07	-6.620428e-07	3897
802575	1.323040e-07	-7.918135e-07	-6.620617e-07	3897
810831	1.322301e-07	-7.918101e-07	-6.620806e-07	3897
819087	1.321563e-07	-7.918066e-07	-6.620995e-07	3897
827343	1.320824e-07	-7.918031e-07	-6.621183e-07	3897
835599	1.320086e-07	-7.917997e-07	-6.621372e-07	3897
843855	1.319347e-07	-7.917963e-07	-6.621561e-07	3897
852111	1.318608e-07	-7.917928e-07	-6.621749e-07	3897
860367	1.317869e-07	-7.917893e-07	-6.621938e-07	3897
868623	1.317131e-07	-7.917859e-07	-6.622126e-07	3897
876879	1.316392e-07	-7.917824e-07	-6.622314e-07	3897
885135	1.315653e-07	-7.917790e-07	-6.622502e-07	3897
893391	1.314914e-07	-7.917756e-07	-6.622690e-07	3897
901647	1.314176e-07	-7.917721e-07	-6.622878e-07	3897
909903	1.313437e-07	-7.917687e-07	-6.623065e-07	3897
918159	1.312698e-07	-7.917652e-07	-6.623253e-07	3897
926415	1.311959e-07	-7.917618e-07	-6.623441e-07	3897
934671	1.311220e-07	-7.917583e-07	-6.623628e-07	3897
942927	1.310481e-07	-7.917549e-07	-6.623815e-07	3897
951183	1.309742e-07	-7.917515e-07	-6.624002e-07	3897
959439	1.309003e-07	-7.917481e-07	-6.624189e-07	3897
967695	1.308264e-07	-7.917446e-07	-6.624376e-07	3897
975951	1.307525e-07	-7.917412e-07	-6.624563e-07	3897
984207	1.306786e-07	-7.917378e-07	-6.624750e-07	3897
992463	1.306046e-07	-7.917344e-07	-6.624936e-07	3897
1000719	1.305307e-07	-7.917309e-07	-6.625123e-07	3897
1008975	1.304568e-07	-7.917275e-07	-6.625310e-07	3897
1017231	1.303829e-07	-7.917241e-07	-6.625496e-07	3897
1025487	1.303089e-07	-7.917207e-07	-6.625682e-07	3897
1033743	1.302350e-07	-7.917173e-07	-6.625868e-07	3897
1041999	1.301611e-07	-7.917139e-07	-6.626054e-07	3897
1050255	1.300871e-07	-7.917105e-07	-6.626240e-07	3897
1058511	1.300132e-07	-7.917071e-07	-6.626425e-07	3897
1066767	1.299393e-07	-7.917037e-07	-6.626611e-07	3897
1075023	1.298653e-07	-7.917003e-07	-6.626797e-07	3897
1083279	1.297914e-07	-7.916969e-07	-6.626983e-07	3897
1091535	1.297174e-07	-7.916935e-07	-6.627168e-07	3897
1099791	1.296435e-07	-7.916901e-07	-6.627353e-07	3897
1108047	1.295695e-07	-7.916867e-07	-6.627538e-07	3897
1116303	1.294956e-07	-7.916833e-07	-6.627723e-07	3897
1124559	1.294216e-07	-7.916799e-07	-6.627908e-07	3897
1132815	1.293476e-07	-7.916765e-07	-6.628093e-07	3897
1141071	1.292737e-07	-7.916731e-07	-6.628278e-07	3897
1149327	1.291997e-07	-7.916698e-07	-6.628462e-07	3897
2931	1.931334e-07	-7.909206e-07	-6.778481e-07	6713
11187	1.930572e-07	-7.909156e-07	-6.778757e-07	6713
19443	1.929811e-07	-7.909105e-07	-6.779034e-07	6713
27699	1.929049e-07	-7.909054e-07	-6.779309e-07	6713
35955	1.928288e-07	-7.909003e-07	-6.779586e-07	6713
44211	1.927526e-07	-7.908952e-07	-6.779861e-07	6713
52467	1.926765e-07	-7.908902e-07	-6.780137e-07	6713
60723	1.926003e-07	-7.908851e-07	-6.780412e-07	6713
68979	1.925241e-07	-7.908801e-07	-6.780688e-07	6713
77235	1.924479e-07	-7.908750e-07	-6.780963e-07	6713
85491	1.923718e-07	-7.908699e-07	-6.781238e-07	6713
93747	1.922956e-07	-7.908649e-07	-6.781513e-07	6713
102003	1.922194e-07	-7.908598e-07	-6.781788e-07	6713
110259	1.921432e-07	-7.908548e-07	-6.782063e-07	6713
118515	1.920670e-07	-7.908497e-07	-6.782338e-07	6713
126771	1.919908e-07	-7.908446e-07	-6.782612e-07	6713
135027	1.919146e-07	-7.908396e-07	-6.782887e-07	6713
143283	1.918384e-07	-7.908345e-07	-6.783162e-07	6713
151539	1.917622e-07	-7.908295e-07	-6.783436e-07	6713
159795	1.916860e-07	-7.908245e-07	-6.783710e-07	6713
168051	1.916097e-07	-7.908194e-07	-6.783984e-07	6713
176307	1.915335e-07	-7.908143e-07	-6.784258e-07	6713
184563	1.914573e-07	-7.908093e-07	-6.784532e-07	6713
192819	1.913811e-07	-7.908043e-07	-6.784806e-07	6713
201075	1.913048e-07	-7.907992e-07	-6.785079e-07	6713
209331	1.912286e-07	-7.907942e-07	-6.785353e-07	6713
217587	1.911523e-07	-7.907892e-07	-6.785627e-07	6713
225843	1.910761e-07	-7.907842e-07	-6.785900e-07	6713
234099	1.909998e-07	-7.907791e-07	-6.786173e-07	6713
242355	1.909236e-07	-7.907741e-07	-6.786447e-07	6713
250611	1.908473e-07	-7.907691e-07	-6.786719e-07	6713
258867	1.907711e-07	-7.907640e-07	-6.786992e-07	6713
267123	1.906948e-07	-7.907590e-07	-6.787265e-07	6713
275379	1.906185e-07	-7.907540e-07	-6.787538e-07	6713
283635	1.905422e-07	-7.907490e-07	-6.787810e-07	6713
291891	1.904660e-07	-7.907440e-07	-6.788083e-07	6713
300147	1.903897e-07	-7.907390e-07	-6.788355e-07	6713
308403	1.903134e-07	-7.907340e-07	-6.788628e-07	6713
316659	1.902371e-07	-7.907290e-07	-6.788900e-07	6713
324915	1.901608e-07	-7.907240e-07	-6.789172e-07	6713
333171	1.900845e-07	-7.907190e-07	-6.789444e-07	6713
341427	1.900082e-07	-7.907140e-07	-6.789716e-07	6713
349683	1.899319e-07	-7.907090e-07	-6.789987e-07	6713
357939	1.898556e-07	-7.907040e-07	-6.790259e-07	6713
366195	1.897793e-07	-7.906989e-07	-6.790530e-07	6713
374451	1.897029e-07	-7.906940e-07	-6.790802e-07	6713
382707	1.896266e-07	-7.906890e-07	-6.791073e-07	6713
390963	1.895503e-07	-7.906840e-07	-6.791344e-07	6713
399219	1.894740e-07	-7.906790e-07	-6.791615e-07	6713
407475	1.893976e-07	-7.906741e-07	-6.791886e-07	6713
415731	1.893213e-07	-7.906690e-07	-6.792157e-07	6713
423987	1.892449e-07	-7.906640e-07	-6.792428e-07	6713
432243	1.891686e-07	-7.906591e-07	-6.792698e-07	6713
440499	1.890922e-07	-7.906541e-07	-6.792969e-07	6713
448755	1.890159e-07	-7.906492e-07	-6.793239e-07	6713
457011	1.889395e-07	-7.906442e-07	-6.793509e-07	6713
465267	1.888631e-07	-7.906392e-07	-6.793779e-07	6713
473523	1.887868e-07	-7.906342e-07	-6.794050e-07	6713
481779	1.887104e-07	-7.906293e-07	-6.794320e-07	6713
490035	1.886340e-07	-7.906243e-07	-6.794589e-07	6713
498291	1.885576e-07	-7.906193e-07	-6.794859e-07	6713
506547	1.884813e-07	-7.906144e-07	-6.795129e-07	6713
514803	1.884049e-07	-7.906094e-07	-6.795398e-07	6713
523059	1.883285e-07	-7.906045e-07	-6.795668e-07	6713
531315	1.882521e-07	-7.905995e-07	-6.795937e-07	6713
539571	1.881757e-07	-7.905946e-07	-6.796207e-07	6713
547827	1.880993e-07	-7.905896e-07	-6.796475e-07	6713
556083	1.880229e-07	-7.905846e-07	-6.796744e-07	6713
564339	1.879464e-07	-7.905797e-07	-6.797013e-07	6713
572595	1.878700e-07	-7.905748e-07	-6.797282e-07	6713
580851	1.877936e-07	-7.905699e-07	-6.797550e-07	6713
589107	1.877172e-07	-7.905649e-07	-6.797819e-07	6713
597363	1.876408e-07	-7.905600e-07	-6.798087e-07	6713
605619	1.875643e-07	-7.905550e-07	-6.798356e-07	6713
613875	1.874879e-07	-7.905501e-07	-6.798624e-07	6713
622131	1.874114e-07	-7.905451e-07	-6.798892e-07	6713
630387	1.873350e-07	-7.905402e-07	-6.799160e-07	6713
638643	1.872585e-07	-7.905353e-07	-6.799428e-07	6713
646899	1.871821e-07	-7.905304e-07	-6.799696e-07	6713
655155	1.871056e-07	-7.905255e-07	-6.799963e-07	6713
663411	1.870292e-07	-7.905205e-07	-6.800231e-07	6713
671667	1.869527e-07	-7.905156e-07	-6.800498e-07	6713
679923	1.868762e-07	-7.905107e-07	-6.800766e-07	6713
688179	1.867998e-07	-7.905058e-07	-6.801033e-07	6713
696435	1.867233e-07	-7.905008e-07	-6.801300e-07	6713
704691	1.866468e-07	-7.904960e-07	-6.801567e-07	6713
712947	1.865703e-07	-7.904911e-07	-6.801834e-07	6713
721203	1.864938e-07	-7.904861e-07	-6.802101e-07	6713
729459	1.864173e-07	-7.904812e-07	-6.802367e-07	6713
737715	1.863408e-07	-7.904763e-07	-6.802634e-07	6713
745971	1.862643e-07	-7.904715e-07	-6.802900e-07	6713
754227	1.861878e-07	-7.904665e-07	-6.803167e-07	6713
762483	1.861113e-07	-7.904616e-07	-6.803433e-07	6713
770739	1.860348e-07	-7.904567e-07	-6.803699e-07	6713
778995	1.859583e-07	-7.904518e-07	-6.803965e-07	6713
787251	1.858818e-07	-7.904470e-07	-6.804231e-07	6713
795507	1.858052e-07	-7.904421e-07	-6.804497e-07	6713
803763	1.857287e-07	-7.904372e-07	-6.804763e-07	6713
812019	1.856522e-07	-7.904323e-07	-6.805028e-07	6713
820275	1.855757e-07	-7.904274e-07	-6.805294e-07	6713
828531	1.854991e-07	-7.904225e-07	-6.805559e-07	6713
836787	1.854226e-07	-7.904177e-07	-6.805824e-07	6713
845043	1.853460e-07	-7.904128e-07	-6.806089e-07	6713
853299	1.852695e-07	-7.904079e-07	-6.806354e-07	6713
861555	1.851929e-07	-7.904030e-07	-6.806619e-07	6713
869811	1.851164e-07	-7.903982e-07	-6.806884e-07	6713
878067	1.850398e-07	-7.903933e-07	-6.807149e-07	6713
886323	1.849632e-07	-7.903884e-07	-6.807413e-07	6713
894579	1.848867e-07	-7.903836e-07	-6.807678e-07	6713
902835	1.848101e-07	-7.903787e-07	-6.807942e-07	6713
911091	1.847335e-07	-7.903739e-07	-6.808206e-07	6713
919347	1.846569e-07	-7.903690e-07	-6.808471e-07	6713
927603	1.845803e-07	-7.903641e-07	-6.808735e-07	6713
935859	1.845037e-07	-7.903593e-07	-6.808999e-07	6713
944115	1.844272e-07	-7.903544e-07	-6.809262e-07	6713
952371	1.843505e-07	-7.903496e-07	-6.809526e-07	6713
960627	1.842739e-07	-7.903448e-07	-6.809790e-07	6713
968883	1.841973e-07	-7.903399e-07	-6.810053e-07	6713
977139	1.841207e-07	-7.903350e-07	-6.810317e-07	6713
985395	1.840441e-07	-7.903302e-07	-6.810580e-07	6713
993651	1.839675e-07	-7.903254e-07	-6.810843e-07	6713
1001907	1.838909e-07	-7.903205e-07	-6.811106e-07	6713
1010163	1.838143e-07	-7.903157e-07	-6.811369e-07	6713
1018419	1.837376e-07	-7.903109e-07	-6.811632e-07	6713
1026675	1.836610e-07	-7.903060e-07	-6.811895e-07	6713
1034931	1.835843e-07	-7.903012e-07	-6.812157e-07	6713
1043187	1.835077e-07	-7.902964e-07	-6.812419e-07	6713
1051443	1.834311e-07	-7.902916e-07	-6.812682e-07	6713
1059699	1.833544e-07	-7.902867e-07	-6.812944e-07	6713
1067955	1.832777e-07	-7.902819e-07	-6.813207e-07	6713
1076211	1.832011e-07	-7.902771e-07	-6.813469e-07	6713
1084467	1.831244e-07	-7.902723e-07	-6.813730e-07	6713
1092723	1.830478e-07	-7.902674e-07	-6.813992e-07	6713
1100979	1.829711e-07	-7.902626e-07	-6.814254e-07	6713
1109235	1.828944e-07	-7.902578e-07	-6.814516e-07	6713
1117491	1.828178e-07	-7.902530e-07	-6.814777e-07	6713
1125747	1.827411e-07	-7.902482e-07	-6.815039e-07	6713
1134003	1.826644e-07	-7.902434e-07	-6.815300e-07	6713
1142259	1.825877e-07	-7.902386e-07	-6.815561e-07	6713
1150515	1.825110e-07	-7.902338e-07	-6.815822e-07	6713
3134	2.399622e-07	-7.844945e-07	-6.892985e-07	7225
11390	2.398843e-07	-7.844881e-07	-6.893328e-07	7225
19646	2.398063e-07	-7.844818e-07	-6.893671e-07	7225
27902	2.397284e-07	-7.844755e-07	-6.894014e-07	7225
36158	2.396504e-07	-7.844691e-07	-6.894358e-07	7225
44414	2.395724e-07	-7.844628e-07	-6.894700e-07	7225
52670	2.394944e-07	-7.844565e-07	-6.895043e-07	7225
60926	2.394164e-07	-7.844502e-07	-6.895386e-07	7225
69182	2.393384e-07	-7.844439e-07	-6.895728e-07	7225
77438	2.392605e-07	-7.844376e-07	-6.896071e-07	7225
85694	2.391824e-07	-7.844313e-07	-6.896413e-07	7225
93950	2.391045e-07	-7.844250e-07	-6.896755e-07	7225
102206	2.390264e-07	-7.844187e-07	-6.897097e-07	7225
110462	2.389484e-07	-7.844124e-07	-6.897440e-07	7225
118718	2.388704e-07	-7.844060e-07	-6.897781e-07	7225
126974	2.387924e-07	-7.843998e-07	-6.898123e-07	7225
135230	2.387143e-07	-7.843935e-07	-6.898464e-07	7225
143486	2.386363e-07	-7.843872e-07	-6.898806e-07	7225
151742	2.385582e-07	-7.843809e-07	-6.899148e-07	7225
159998	2.384802e-07	-7.843746e-07	-6.899489e-07	7225
168254	2.384022e-07	-7.843683e-07	-6.899830e-07	7225
176510	2.383241e-07	-7.843620e-07	-6.900171e-07	7225
184766	2.382460e-07	-7.843557e-07	-6.900513e-07	7225
193022	2.381680e-07	-7.843495e-07	-6.900853e-07	7225
201278	2.380899e-07	-7.843432e-07	-6.901194e-07	7225
209534	2.380118e-07	-7.843369e-07	-6.901535e-07	7225
217790	2.379337e-07	-7.843306e-07	-6.901875e-07	7225
226046	2.378556e-07	-7.843244e-07	-6.902216e-07	7225
234302	2.377775e-07	-7.843181e-07	-6.902556e-07	7225
242558	2.376995e-07	-7.843118e-07	-6.902896e-07	7225
250814	2.376214e-07	-7.843055e-07	-6.903236e-07	7225
259070	2.375432e-07	-7.842993e-07	-6.903576e-07	7225
267326	2.374651e-07	-7.842930e-07	-6.903916e-07	7225
275582	2.373870e-07	-7.842868e-07	-6.904256e-07	7225
283838	2.373089e-07	-7.842805e-07	-6.904596e-07	7225
292094	2.372308e-07	-7.842742e-07	-6.904935e-07	7225
300350	2.371526e-07	-7.842680e-07	-6.905274e-07	7225
308606	2.370745e-07	-7.842617e-07	-6.905614e-07	7225
316862	2.369963e-07	-7.842555e-07	-6.905953e-07	7225
325118	2.369182e-07	-7.842492e-07	-6.906292e-07	7225
333374	2.368400e-07	-7.842430e-07	-6.906631e-07	7225
341630	2.367619e-07	-7.842368e-07	-6.906970e-07	7225
349886	2.366837e-07	-7.842305e-07	-6.907309e-07	7225
358142	2.366055e-07	-7.842243e-07	-6.907648e-07	7225
366398	2.365274e-07	-7.842180e-07	-6.907986e-07	7225
374654	2.364492e-07	-7.842118e-07	-6.908325e-07	7225
382910	2.363710e-07	-7.842056e-07	-6.908663e-07	7225
391166	2.362928e-07	-7.841993e-07	-6.909001e-07	7225
399422	2.362146e-07	-7.841931e-07	-6.909339e-07	7225
407678	2.361364e-07	-7.841869e-07	-6.909677e-07	7225
415934	2.360582e-07	-7.841807e-07	-6.910015e-07	7225
424190	2.359800e-07	-7.841744e-07	-6.910353e-07	7225
432446	2.359018e-07	-7.841682e-07	-6.910690e-07	7225
440702	2.358236e-07	-7.841620e-07	-6.911027e-07	7225
448958	2.357454e-07	-7.841558e-07	-6.911365e-07	7225
457214	2.356671e-07	-7.841496e-07	-6.911702e-07	7225
465470	2.355889e-07	-7.841433e-07	-6.912040e-07	7225
473726	2.355107e-07	-7.841371e-07	-6.912377e-07	7225
481982	2.354324e-07	-7.841309e-07	-6.912713e-07	7225
490238	2.353542e-07	-7.841247e-07	-6.913050e-07	7225
498494	2.352759e-07	-7.841185e-07	-6.913387e-07	7225
506750	2.351977e-07	-7.841123e-07	-6.913724e-07	7225
515006	2.351194e-07	-7.841061e-07	-6.914061e-07	7225
523262	2.350411e-07	-7.840999e-07	-6.914397e-07	7225
531518	2.349629e-07	-7.840937e-07	-6.914733e-07	7225
539774	2.348846e-07	-7.840875e-07	-6.915069e-07	7225
548030	2.348063e-07	-7.840813e-07	-6.915405e-07	7225
556286	2.347280e-07	-7.840752e-07	-6.915741e-07	7225
564542	2.346497e-07	-7.840690e-07	-6.916077e-07	7225
572798	2.345714e-07	-7.840628e-07	-6.916413e-07	7225
581054	2.344931e-07	-7.840566e-07	-6.916748e-07	7225
589310	2.344148e-07	-7.840504e-07	-6.917084e-07	7225
597566	2.343365e-07	-7.840442e-07	-6.917419e-07	7225
605822	2.342582e-07	-7.840380e-07	-6.917755e-07	7225
614078	2.341799e-07	-7.840318e-07	-6.918090e-07	7225
622334	2.341015e-07	-7.840257e-07	-6.918425e-07	7225
630590	2.340232e-07	-7.840195e-07	-6.918760e-07	7225
638846	2.339448e-07	-7.840134e-07	-6.919095e-07	7225
647102	2.338665e-07	-7.840072e-07	-6.919429e-07	7225
655358	2.337882e-07	-7.840010e-07	-6.919764e-07	7225
663614	2.337098e-07	-7.839948e-07	-6.920098e-07	7225
671870	2.336315e-07	-7.839887e-07	-6.920433e-07	7225
680126	2.335531e-07	-7.839825e-07	-6.920767e-07	7225
688382	2.334747e-07	-7.839764e-07	-6.921101e-07	7225
696638	2.333963e-07	-7.839702e-07	-6.921435e-07	7225
704894	2.333180e-07	-7.839641e-07	-6.921769e-07	7225
713150	2.332396e-07	-7.839579e-07	-6.922103e-07	7225
721406	2.331612e-07	-7.839517e-07	-6.922436e-07	7225
729662	2.330828e-07	-7.839456e-07	-6.922770e-07	7225
737918	2.330044e-07	-7.839395e-07	-6.923104e-07	7225
746174	2.329260e-07	-7.839333e-07	-6.923437e-07	7225
754430	2.328476e-07	-7.839272e-07	-6.923771e-07	7225
762686	2.327692e-07	-7.839211e-07	-6.924104e-07	7225
770942	2.326908e-07	-7.839149e-07	-6.924437e-07	7225
779198	2.326123e-07	-7.839088e-07	-6.924769e-07	7225
787454	2.325339e-07	-7.839026e-07	-6.925102e-07	7225
795710	2.324555e-07	-7.838966e-07	-6.925435e-07	7225
803966	2.323770e-07	-7.838904e-07	-6.925767e-07	7225
812222	2.322986e-07	-7.838843e-07	-6.926100e-07	7225
820478	2.322202e-07	-7.838781e-07	-6.926433e-07	7225
828734	2.321417e-07	-7.838721e-07	-6.926765e-07	7225
836990	2.320632e-07	-7.838659e-07	-6.927096e-07	7225
845246	2.319848e-07	-7.838598e-07	-6.927428e-07	7225
853502	2.319063e-07	-7.838537e-07	-6.927760e-07	7225
861758	2.318279e-07	-7.838476e-07	-6.928092e-07	7225
870014	2.317494e-07	-7.838415e-07	-6.928424e-07	7225
878270	2.316709e-07	-7.838353e-07	-6.928756e-07	7225
886526	2.315924e-07	-7.838293e-07	-6.929087e-07	7225
894782	2.315139e-07	-7.838231e-07	-6.929419e-07	7225
903038	2.314354e-07	-7.838170e-07	-6.929750e-07	7225
911294	2.313569e-07	-7.838109e-07	-6.930081e-07	7225
919550	2.312784e-07	-7.838049e-07	-6.930412e-07	7225
927806	2.311999e-07	-7.837987e-07	-6.930743e-07	7225
936062	2.311214e-07	-7.837926e-07	-6.931073e-07	7225
944318	2.310429e-07	-7.837866e-07	-6.931404e-07	7225
952574	2.309643e-07	-7.837805e-07	-6.931735e-07	7225
960830	2.308858e-07	-7.837744e-07	-6.932065e-07	7225
969086	2.308073e-07	-7.837683e-07	-6.932395e-07	7225
977342	2.307287e-07	-7.837622e-07	-6.932726e-07	7225
985598	2.306502e-07	-7.837561e-07	-6.933056e-07	7225
993854	2.305716e-07	-7.837501e-07	-6.933386e-07	7225
1002110	2.304931e-07	-7.837440e-07	-6.933716e-07	7225
1010366	2.304145e-07	-7.837379e-07	-6.934046e-07	7225
1018622	2.303360e-07	-7.837318e-07	-6.934375e-07	7225
1026878	2.302574e-07	-7.837257e-07	-6.934704e-07	7225
1035134	2.301788e-07	-7.837197e-07	-6.935034e-07	7225
1043390	2.301002e-07	-7.837136e-07	-6.935363e-07	7225
1051646	2.300216e-07	-7.837075e-07	-6.935692e-07	7225
1059902	2.299431e-07	-7.837015e-07	-6.936021e-07	7225
1068158	2.298645e-07	-7.836954e-07	-6.936351e-07	7225
1076414	2.297859e-07	-7.836894e-07	-6.936680e-07	7225
1084670	2.297073e-07	-7.836833e-07	-6.937008e-07	7225
1092926	2.296287e-07	-7.836773e-07	-6.937337e-07	7225
1101182	2.295500e-07	-7.836712e-07	-6.937665e-07	7225
1109438	2.294714e-07	-7.836651e-07	-6.937994e-07	7225
1117694	2.293928e-07	-7.836591e-07	-6.938322e-07	7225
1125950	2.293142e-07	-7.836531e-07	-6.938650e-07	7225
1134206	2.292355e-07	-7.836470e-07	-6.938978e-07	7225
1142462	2.291569e-07	-7.836410e-07	-6.939306e-07	7225
1150718	2.290783e-07	-7.836350e-07	-6.939634e-07	7225
1629	1.208530e-07	-7.801711e-07	-6.444102e-07	3641
9885	1.207814e-07	-7.801680e-07	-6.444275e-07	3641
18141	1.207097e-07	-7.801648e-07	-6.444448e-07	3641
26397	1.206381e-07	-7.801617e-07	-6.444620e-07	3641
34653	1.205664e-07	-7.801585e-07	-6.444793e-07	3641
42909	1.204948e-07	-7.801553e-07	-6.444964e-07	3641
51165	1.204232e-07	-7.801522e-07	-6.445136e-07	3641
59421	1.203515e-07	-7.801490e-07	-6.445309e-07	3641
67677	1.202799e-07	-7.801459e-07	-6.445480e-07	3641
75933	1.202082e-07	-7.801428e-07	-6.445652e-07	3641
84189	1.201365e-07	-7.801396e-07	-6.445824e-07	3641
92445	1.200649e-07	-7.801365e-07	-6.445995e-07	3641
100701	1.199932e-07	-7.801333e-07	-6.446166e-07	3641
108957	1.199216e-07	-7.801302e-07	-6.446338e-07	3641
117213	1.198499e-07	-7.801271e-07	-6.446509e-07	3641
125469	1.197782e-07	-7.801239e-07	-6.446680e-07	3641
133725	1.197065e-07	-7.801208e-07	-6.446851e-07	3641
141981	1.196349e-07	-7.801177e-07	-6.447023e-07	3641
150237	1.195632e-07	-7.801145e-07	-6.447193e-07	3641
158493	1.194915e-07	-7.801114e-07	-6.447364e-07	3641
166749	1.194198e-07	-7.801083e-07	-6.447534e-07	3641
175005	1.193482e-07	-7.801052e-07	-6.447705e-07	3641
183261	1.192765e-07	-7.801021e-07	-6.447875e-07	3641
191517	1.192048e-07	-7.800990e-07	-6.448046e-07	3641
199773	1.191331e-07	-7.800958e-07	-6.448216e-07	3641
208029	1.190614e-07	-7.800927e-07	-6.448386e-07	3641
216285	1.189897e-07	-7.800896e-07	-6.448556e-07	3641
224541	1.189180e-07	-7.800865e-07	-6.448726e-07	3641
232797	1.188463e-07	-7.800834e-07	-6.448896e-07	3641
241053	1.187746e-07	-7.800803e-07	-6.449065e-07	3641
249309	1.187029e-07	-7.800772e-07	-6.449235e-07	3641
257565	1.186312e-07	-7.800741e-07	-6.449404e-07	3641
265821	1.185595e-07	-7.800709e-07	-6.449574e-07	3641
274077	1.184877e-07	-7.800679e-07	-6.449743e-07	3641
282333	1.184160e-07	-7.800647e-07	-6.449912e-07	3641
290589	1.183443e-07	-7.800617e-07	-6.450081e-07	3641
298845	1.182726e-07	-7.800586e-07	-6.450250e-07	3641
307101	1.182009e-07	-7.800555e-07	-6.450419e-07	3641
315357	1.181291e-07	-7.800524e-07	-6.450588e-07	3641
323613	1.180574e-07	-7.800493e-07	-6.450757e-07	3641
331869	1.179857e-07	-7.800462e-07	-6.450925e-07	3641
340125	1.179139e-07	-7.800431e-07	-6.451094e-07	3641
348381	1.178422e-07	-7.800401e-07	-6.451262e-07	3641
356637	1.177705e-07	-7.800370e-07	-6.451430e-07	3641
364893	1.176987e-07	-7.800339e-07	-6.451598e-07	3641
373149	1.176270e-07	-7.800308e-07	-6.451766e-07	3641
381405	1.175552e-07	-7.800277e-07	-6.451934e-07	3641
389661	1.174835e-07	-7.800247e-07	-6.452102e-07	3641
397917	1.174117e-07	-7.800216e-07	-6.452270e-07	3641
406173	1.173400e-07	-7.800185e-07	-6.452437e-07	3641
414429	1.172682e-07	-7.800155e-07	-6.452605e-07	3641
422685	1.171965e-07	-7.800124e-07	-6.452772e-07	3641
430941	1.171247e-07	-7.800093e-07	-6.452939e-07	3641
439197	1.170529e-07	-7.800063e-07	-6.453106e-07	3641
447453	1.169812e-07	-7.800032e-07	-6.453274e-07	3641
455709	1.169094e-07	-7.800002e-07	-6.453441e-07	3641
463965	1.168376e-07	-7.799971e-07	-6.453608e-07	3641
472221	1.167659e-07	-7.799941e-07	-6.453774e-07	3641
480477	1.166941e-07	-7.799910e-07	-6.453942e-07	3641
488733	1.166223e-07	-7.799879e-07	-6.454108e-07	3641
496989	1.165505e-07	-7.799849e-07	-6.454275e-07	3641
505245	1.164787e-07	-7.799819e-07	-6.454441e-07	3641
513501	1.164069e-07	-7.799788e-07	-6.454607e-07	3641
521757	1.163352e-07	-7.799758e-07	-6.454773e-07	3641
530013	1.162634e-07	-7.799727e-07	-6.454939e-07	3641
538269	1.161916e-07	-7.799697e-07	-6.455105e-07	3641
546525	1.161198e-07	-7.799667e-07	-6.455271e-07	3641
554781	1.160480e-07	-7.799636e-07	-6.455437e-07	3641
563037	1.159762e-07	-7.799606e-07	-6.455602e-07	3641
571293	1.159044e-07	-7.799576e-07	-6.455768e-07	3641
579549	1.158326e-07	-7.799545e-07	-6.455934e-07	3641
587805	1.157608e-07	-7.799515e-07	-6.456099e-07	3641
596061	1.156889e-07	-7.799485e-07	-6.456264e-07	3641
604317	1.156171e-07	-7.799455e-07	-6.456430e-07	3641
612573	1.155453e-07	-7.799425e-07	-6.456594e-07	3641
620829	1.154735e-07	-7.799394e-07	-6.456759e-07	3641
629085	1.154017e-07	-7.799364e-07	-6.456924e-07	3641
637341	1.153299e-07	-7.799334e-07	-6.457089e-07	3641
645597	1.152580e-07	-7.799304e-07	-6.457254e-07	3641
653853	1.151862e-07	-7.799273e-07	-6.457418e-07	3641
662109	1.151144e-07	-7.799243e-07	-6.457583e-07	3641
670365	1.150425e-07	-7.799213e-07	-6.457747e-07	3641
678621	1.149707e-07	-7.799184e-07	-6.457911e-07	3641
686877	1.148989e-07	-7.799154e-07	-6.458075e-07	3641
695133	1.148270e-07	-7.799123e-07	-6.458239e-07	3641
703389	1.147552e-07	-7.799093e-07	-6.458403e-07	3641
711645	1.146833e-07	-7.799063e-07	-6.458567e-07	3641
719901	1.146115e-07	-7.799034e-07	-6.458731e-07	3641
728157	1.145396e-07	-7.799003e-07	-6.458894e-07	3641
736413	1.144678e-07	-7.798973e-07	-6.459058e-07	3641
744669	1.143959e-07	-7.798944e-07	-6.459221e-07	3641
752925	1.143241e-07	-7.798914e-07	-6.459385e-07	3641
761181	1.142522e-07	-7.798884e-07	-6.459548e-07	3641
769437	1.141804e-07	-7.798854e-07	-6.459711e-07	3641
777693	1.141085e-07	-7.798824e-07	-6.459874e-07	3641
785949	1.140366e-07	-7.798794e-07	-6.460037e-07	3641
794205	1.139648e-07	-7.798765e-07	-6.460199e-07	3641
802461	1.138929e-07	-7.798735e-07	-6.460362e-07	3641
810717	1.138210e-07	-7.798705e-07	-6.460525e-07	3641
818973	1.137491e-07	-7.798675e-07	-6.460687e-07	3641
827229	1.136773e-07	-7.798646e-07	-6.460850e-07	3641
835485	1.136054e-07	-7.798616e-07	-6.461012e-07	3641
843741	1.135335e-07	-7.798586e-07	-6.461174e-07	3641
851997	1.134616e-07	-7.798557e-07	-6.461336e-07	3641
860253	1.133897e-07	-7.798527e-07	-6.461498e-07	3641
868509	1.133178e-07	-7.798498e-07	-6.461660e-07	3641
876765	1.132459e-07	-7.798468e-07	-6.461822e-07	3641
885021	1.131740e-07	-7.798438e-07	-6.461983e-07	3641
893277	1.131021e-07	-7.798409e-07	-6.462145e-07	3641
901533	1.130302e-07	-7.798379e-07	-6.462307e-07	3641
909789	1.129583e-07	-7.798350e-07	-6.462468e-07	3641
918045	1.128864e-07	-7.798320e-07	-6.462629e-07	3641
926301	1.128145e-07	-7.798291e-07	-6.462790e-07	3641
934557	1.127426e-07	-7.798261e-07	-6.462951e-07	3641
942813	1.126707e-07	-7.798232e-07	-6.463112e-07	3641
951069	1.125988e-07	-7.798203e-07	-6.463273e-07	3641
959325	1.125269e-07	-7.798173e-07	-6.463434e-07	3641
967581	1.124549e-07	-7.798143e-07	-6.463594e-07	3641
975837	1.123830e-07	-7.798114e-07	-6.463755e-07	3641
984093	1.123111e-07	-7.798085e-07	-6.463915e-07	3641
992349	1.122392e-07	-7.798055e-07	-6.464076e-07	3641
1000605	1.121672e-07	-7.798026e-07	-6.464236e-07	3641
1008861	1.120953e-07	-7.797997e-07	-6.464396e-07	3641
1017117	1.120234e-07	-7.797968e-07	-6.464556e-07	3641
1025373	1.119514e-07	-7.797938e-07	-6.464716e-07	3641
1033629	1.118795e-07	-7.797909e-07	-6.464875e-07	3641
1041885	1.118076e-07	-7.797880e-07	-6.465035e-07	3641
1050141	1.117356e-07	-7.797851e-07	-6.465195e-07	3641
1058397	1.116637e-07	-7.797822e-07	-6.465355e-07	3641
1066653	1.115917e-07	-7.797793e-07	-6.465514e-07	3641
1074909	1.115198e-07	-7.797763e-07	-6.465673e-07	3641
1083165	1.114478e-07	-7.797734e-07	-6.465832e-07	3641
1091421	1.113759e-07	-7.797705e-07	-6.465991e-07	3641
1099677	1.113039e-07	-7.797676e-07	-6.466150e-07	3641
1107933	1.112319e-07	-7.797647e-07	-6.466309e-07	3641
1116189	1.111600e-07	-7.797618e-07	-6.466468e-07	3641
1124445	1.110880e-07	-7.797589e-07	-6.466627e-07	3641
1132701	1.110160e-07	-7.797560e-07	-6.466785e-07	3641
1140957	1.109441e-07	-7.797531e-07	-6.466943e-07	3641
1149213	1.108721e-07	-7.797502e-07	-6.467102e-07	3641
3897	3.238617e-07	-7.790394e-07	-7.293668e-07	9264
12153	3.237778e-07	-7.790309e-07	-7.294131e-07	9264
20409	3.236939e-07	-7.790223e-07	-7.294595e-07	9264
28665	3.236101e-07	-7.790138e-07	-7.295058e-07	9264
36921	3.235262e-07	-7.790052e-07	-7.295521e-07	9264
45177	3.234423e-07	-7.789967e-07	-7.295985e-07	9264
53433	3.233584e-07	-7.789881e-07	-7.296447e-07	9264
61689	3.232746e-07	-7.789795e-07	-7.296911e-07	9264
69945	3.231907e-07	-7.789710e-07	-7.297373e-07	9264
78201	3.231068e-07	-7.789625e-07	-7.297836e-07	9264
86457	3.230228e-07	-7.789539e-07	-7.298299e-07	9264
94713	3.229389e-07	-7.789454e-07	-7.298761e-07	9264
102969	3.228550e-07	-7.789369e-07	-7.299223e-07	9264
111225	3.227711e-07	-7.789283e-07	-7.299686e-07	9264
119481	3.226872e-07	-7.789198e-07	-7.300147e-07	9264
127737	3.226032e-07	-7.789113e-07	-7.300609e-07	9264
135993	3.225193e-07	-7.789027e-07	-7.301072e-07	9264
144249	3.224353e-07	-7.788942e-07	-7.301533e-07	9264
152505	3.223513e-07	-7.788857e-07	-7.301995e-07	9264
160761	3.222674e-07	-7.788772e-07	-7.302456e-07	9264
169017	3.221834e-07	-7.788687e-07	-7.302918e-07	9264
177273	3.220994e-07	-7.788602e-07	-7.303379e-07	9264
185529	3.220154e-07	-7.788516e-07	-7.303840e-07	9264
193785	3.219314e-07	-7.788431e-07	-7.304301e-07	9264
202041	3.218474e-07	-7.788346e-07	-7.304762e-07	9264
210297	3.217634e-07	-7.788261e-07	-7.305223e-07	9264
218553	3.216794e-07	-7.788177e-07	-7.305683e-07	9264
226809	3.215953e-07	-7.788091e-07	-7.306144e-07	9264
235065	3.215113e-07	-7.788007e-07	-7.306604e-07	9264
243321	3.214273e-07	-7.787921e-07	-7.307065e-07	9264
251577	3.213432e-07	-7.787837e-07	-7.307524e-07	9264
259833	3.212592e-07	-7.787751e-07	-7.307985e-07	9264
268089	3.211751e-07	-7.787667e-07	-7.308445e-07	9264
276345	3.210911e-07	-7.787582e-07	-7.308905e-07	9264
284601	3.210070e-07	-7.787497e-07	-7.309364e-07	9264
292857	3.209229e-07	-7.787412e-07	-7.309824e-07	9264
301113	3.208388e-07	-7.787327e-07	-7.310283e-07	9264
309369	3.207547e-07	-7.787243e-07	-7.310742e-07	9264
317625	3.206706e-07	-7.787158e-07	-7.311202e-07	9264
325881	3.205865e-07	-7.787073e-07	-7.311660e-07	9264
334137	3.205024e-07	-7.786988e-07	-7.312120e-07	9264
342393	3.204183e-07	-7.786904e-07	-7.312578e-07	9264
350649	3.203342e-07	-7.786819e-07	-7.313037e-07	9264
358905	3.202500e-07	-7.786734e-07	-7.313496e-07	9264
367161	3.201659e-07	-7.786650e-07	-7.313954e-07	9264
375417	3.200817e-07	-7.786566e-07	-7.314413e-07	9264
383673	3.199976e-07	-7.786481e-07	-7.314871e-07	9264
391929	3.199134e-07	-7.786396e-07	-7.315329e-07	9264
400185	3.198292e-07	-7.786311e-07	-7.315787e-07	9264
408441	3.197451e-07	-7.786227e-07	-7.316245e-07	9264
416697	3.196609e-07	-7.786143e-07	-7.316702e-07	9264
424953	3.195767e-07	-7.786058e-07	-7.317160e-07	9264
433209	3.194925e-07	-7.785974e-07	-7.317618e-07	9264
441465	3.194083e-07	-7.785889e-07	-7.318075e-07	9264
449721	3.193241e-07	-7.785805e-07	-7.318532e-07	9264
457977	3.192399e-07	-7.785721e-07	-7.318989e-07	9264
466233	3.191556e-07	-7.785636e-07	-7.319446e-07	9264
474489	3.190714e-07	-7.785552e-07	-7.319903e-07	9264
482745	3.189872e-07	-7.785468e-07	-7.320360e-07	9264
491001	3.189029e-07	-7.785383e-07	-7.320817e-07	9264
499257	3.188187e-07	-7.785299e-07	-7.321273e-07	9264
507513	3.187344e-07	-7.785215e-07	-7.321730e-07	9264
515769	3.186502e-07	-7.785131e-07	-7.322186e-07	9264
524025	3.185659e-07	-7.785047e-07	-7.322642e-07	9264
532281	3.184816e-07	-7.784963e-07	-7.323098e-07	9264
540537	3.183973e-07	-7.784878e-07	-7.323554e-07	9264
548793	3.183130e-07	-7.784794e-07	-7.324010e-07	9264
557049	3.182287e-07	-7.784710e-07	-7.324466e-07	9264
565305	3.181444e-07	-7.784626e-07	-7.324921e-07	9264
573561	3.180601e-07	-7.784542e-07	-7.325377e-07	9264
581817	3.179758e-07	-7.784458e-07	-7.325832e-07	9264
590073	3.178915e-07	-7.784374e-07	-7.326287e-07	9264
598329	3.178071e-07	-7.784290e-07	-7.326742e-07	9264
606585	3.177228e-07	-7.784206e-07	-7.327197e-07	9264
614841	3.176385e-07	-7.784122e-07	-7.327652e-07	9264
623097	3.175541e-07	-7.784038e-07	-7.328107e-07	9264
631353	3.174698e-07	-7.783954e-07	-7.328562e-07	9264
639609	3.173854e-07	-7.783870e-07	-7.329016e-07	9264
647865	3.173010e-07	-7.783786e-07	-7.329471e-07	9264
656121	3.172166e-07	-7.783702e-07	-7.329925e-07	9264
664377	3.171322e-07	-7.783619e-07	-7.330379e-07	9264
672633	3.170479e-07	-7.783535e-07	-7.330833e-07	9264
680889	3.169635e-07	-7.783451e-07	-7.331287e-07	9264
689145	3.168791e-07	-7.783368e-07	-7.331740e-07	9264
697401	3.167947e-07	-7.783284e-07	-7.332194e-07	9264
705657	3.167102e-07	-7.783200e-07	-7.332648e-07	9264
713913	3.166258e-07	-7.783116e-07	-7.333101e-07	9264
722169	3.165414e-07	-7.783033e-07	-7.333554e-07	9264
730425	3.164569e-07	-7.782949e-07	-7.334007e-07	9264
738681	3.163725e-07	-7.782866e-07	-7.334460e-07	9264
746937	3.162880e-07	-7.782782e-07	-7.334913e-07	9264
755193	3.162036e-07	-7.782699e-07	-7.335366e-07	9264
763449	3.161191e-07	-7.782615e-07	-7.335819e-07	9264
771705	3.160346e-07	-7.782531e-07	-7.336271e-07	9264
779961	3.159502e-07	-7.782448e-07	-7.336724e-07	9264
788217	3.158657e-07	-7.782364e-07	-7.337176e-07	9264
796473	3.157812e-07	-7.782281e-07	-7.337628e-07	9264
804729	3.156967e-07	-7.782198e-07	-7.338080e-07	9264
812985	3.156122e-07	-7.782114e-07	-7.338532e-07	9264
821241	3.155277e-07	-7.782031e-07	-7.338984e-07	9264
829497	3.154431e-07	-7.781948e-07	-7.339436e-07	9264
837753	3.153586e-07	-7.781864e-07	-7.339887e-07	9264
846009	3.152741e-07	-7.781781e-07	-7.340338e-07	9264
854265	3.151895e-07	-7.781697e-07	-7.340790e-07	9264
862521	3.151050e-07	-7.781614e-07	-7.341241e-07	9264
870777	3.150205e-07	-7.781531e-07	-7.341692e-07	9264
879033	3.149359e-07	-7.781448e-07	-7.342143e-07	9264
887289	3.148513e-07	-7.781364e-07	-7.342594e-07	9264
895545	3.147667e-07	-7.781281e-07	-7.343045e-07	9264
903801	3.146822e-07	-7.781198e-07	-7.343496e-07	9264
912057	3.145976e-07	-7.781115e-07	-7.343946e-07	9264
920313	3.145130e-07	-7.781032e-07	-7.344397e-07	9264
928569	3.144284e-07	-7.780949e-07	-7.344847e-07	9264
936825	3.143438e-07	-7.780866e-07	-7.345297e-07	9264
945081	3.142592e-07	-7.780783e-07	-7.345747e-07	9264
953337	3.141745e-07	-7.780700e-07	-7.346197e-07	9264
961593	3.140899e-07	-7.780617e-07	-7.346646e-07	9264
969849	3.140053e-07	-7.780534e-07	-7.347096e-07	9264
978105	3.139207e-07	-7.780451e-07	-7.347546e-07	9264
986361	3.138360e-07	-7.780368e-07	-7.347995e-07	9264
994617	3.137513e-07	-7.780285e-07	-7.348444e-07	9264
1002873	3.136667e-07	-7.780203e-07	-7.348893e-07	9264
1011129	3.135820e-07	-7.780120e-07	-7.349342e-07	9264
1019385	3.134973e-07	-7.780037e-07	-7.349792e-07	9264
1027641	3.134127e-07	-7.779954e-07	-7.350240e-07	9264
1035897	3.133280e-07	-7.779871e-07	-7.350689e-07	9264
1044153	3.132433e-07	-7.779788e-07	-7.351137e-07	9264
1052409	3.131586e-07	-7.779706e-07	-7.351586e-07	9264
1060665	3.130739e-07	-7.779623e-07	-7.352034e-07	9264
1068921	3.129892e-07	-7.779540e-07	-7.352482e-07	9264
1077177	3.129045e-07	-7.779457e-07	-7.352930e-07	9264
1085433	3.128197e-07	-7.779375e-07	-7.353378e-07	9264
1093689	3.127350e-07	-7.779292e-07	-7.353826e-07	9264
1101945	3.126503e-07	-7.779209e-07	-7.354274e-07	9264
1110201	3.125655e-07	-7.779127e-07	-7.354721e-07	9264
1118457	3.124808e-07	-7.779045e-07	-7.355169e-07	9264
1126713	3.123960e-07	-7.778962e-07	-7.355616e-07	9264
1134969	3.123112e-07	-7.778879e-07	-7.356063e-07	9264
1143225	3.122265e-07	-7.778797e-07	-7.356510e-07	9264
1151481	3.121417e-07	-7.778714e-07	-7.356957e-07	9264
3234	2.169581e-07	-7.778280e-07	-6.761293e-07	7481
11490	2.168818e-07	-7.778223e-07	-6.761603e-07	7481
19746	2.168056e-07	-7.778166e-07	-6.761913e-07	7481
28002	2.167293e-07	-7.778109e-07	-6.762223e-07	7481
36258	2.166530e-07	-7.778052e-07	-6.762533e-07	7481
44514	2.165768e-07	-7.777995e-07	-6.762843e-07	7481
52770	2.165005e-07	-7.777937e-07	-6.763153e-07	7481
61026	2.164242e-07	-7.777880e-07	-6.763463e-07	7481
69282	2.163480e-07	-7.777824e-07	-6.763772e-07	7481
77538	2.162717e-07	-7.777766e-07	-6.764082e-07	7481
85794	2.161954e-07	-7.777709e-07	-6.764391e-07	7481
94050	2.161191e-07	-7.777653e-07	-6.764701e-07	7481
102306	2.160428e-07	-7.777596e-07	-6.765010e-07	7481
110562	2.159665e-07	-7.777539e-07	-6.765319e-07	7481
118818	2.158902e-07	-7.777482e-07	-6.765628e-07	7481
127074	2.158139e-07	-7.777425e-07	-6.765936e-07	7481
135330	2.157376e-07	-7.777368e-07	-6.766246e-07	7481
143586	2.156613e-07	-7.777311e-07	-6.766554e-07	7481
151842	2.155849e-07	-7.777255e-07	-6.766862e-07	7481
160098	2.155086e-07	-7.777198e-07	-6.767171e-07	7481
168354	2.154323e-07	-7.777141e-07	-6.767479e-07	7481
176610	2.153560e-07	-7.777084e-07	-6.767787e-07	7481
184866	2.152796e-07	-7.777027e-07	-6.768095e-07	7481
193122	2.152033e-07	-7.776970e-07	-6.768403e-07	7481
201378	2.151269e-07	-7.776914e-07	-6.768711e-07	7481
209634	2.150505e-07	-7.776857e-07	-6.769019e-07	7481
217890	2.149742e-07	-7.776800e-07	-6.769326e-07	7481
226146	2.148978e-07	-7.776744e-07	-6.769634e-07	7481
234402	2.148215e-07	-7.776687e-07	-6.769941e-07	7481
242658	2.147451e-07	-7.776630e-07	-6.770249e-07	7481
250914	2.146687e-07	-7.776574e-07	-6.770556e-07	7481
259170	2.145923e-07	-7.776517e-07	-6.770863e-07	7481
267426	2.145159e-07	-7.776461e-07	-6.771170e-07	7481
275682	2.144396e-07	-7.776405e-07	-6.771477e-07	7481
283938	2.143632e-07	-7.776348e-07	-6.771784e-07	7481
292194	2.142868e-07	-7.776292e-07	-6.772090e-07	7481
300450	2.142103e-07	-7.776235e-07	-6.772397e-07	7481
308706	2.141339e-07	-7.776179e-07	-6.772703e-07	7481
316962	2.140575e-07	-7.776122e-07	-6.773009e-07	7481
325218	2.139811e-07	-7.776066e-07	-6.773316e-07	7481
333474	2.139047e-07	-7.776010e-07	-6.773622e-07	7481
341730	2.138283e-07	-7.775953e-07	-6.773928e-07	7481
349986	2.137518e-07	-7.775897e-07	-6.774234e-07	7481
358242	2.136754e-07	-7.775840e-07	-6.774540e-07	7481
366498	2.135990e-07	-7.775784e-07	-6.774845e-07	7481
374754	2.135225e-07	-7.775728e-07	-6.775151e-07	7481
383010	2.134461e-07	-7.775672e-07	-6.775456e-07	7481
391266	2.133696e-07	-7.775616e-07	-6.775762e-07	7481
399522	2.132931e-07	-7.775560e-07	-6.776066e-07	7481
407778	2.132167e-07	-7.775503e-07	-6.776372e-07	7481
416034	2.131402e-07	-7.775447e-07	-6.776677e-07	7481
424290	2.130637e-07	-7.775391e-07	-6.776982e-07	7481
432546	2.129873e-07	-7.775335e-07	-6.777286e-07	7481
440802	2.129108e-07	-7.775279e-07	-6.777591e-07	7481
449058	2.128343e-07	-7.775222e-07	-6.777896e-07	7481
457314	2.127578e-07	-7.775167e-07	-6.778200e-07	7481
465570	2.126813e-07	-7.775110e-07	-6.778504e-07	7481
473826	2.126048e-07	-7.775054e-07	-6.778808e-07	7481
482082	2.125283e-07	-7.774998e-07	-6.779113e-07	7481
490338	2.124518e-07	-7.774942e-07	-6.779417e-07	7481
498594	2.123753e-07	-7.774887e-07	-6.779721e-07	7481
506850	2.122988e-07	-7.774831e-07	-6.780024e-07	7481
515106	2.122222e-07	-7.774775e-07	-6.780328e-07	7481
523362	2.121457e-07	-7.774719e-07	-6.780632e-07	7481
531618	2.120692e-07	-7.774663e-07	-6.780935e-07	7481
539874	2.119926e-07	-7.774607e-07	-6.781239e-07	7481
548130	2.119161e-07	-7.774551e-07	-6.781542e-07	7481
556386	2.118395e-07	-7.774495e-07	-6.781845e-07	7481
564642	2.117630e-07	-7.774440e-07	-6.782148e-07	7481
572898	2.116864e-07	-7.774384e-07	-6.782451e-07	7481
581154	2.116099e-07	-7.774328e-07	-6.782754e-07	7481
589410	2.115333e-07	-7.774272e-07	-6.783056e-07	7481
597666	2.114568e-07	-7.774216e-07	-6.783359e-07	7481
605922	2.113802e-07	-7.774161e-07	-6.783661e-07	7481
614178	2.113036e-07	-7.774105e-07	-6.783964e-07	7481
622434	2.112270e-07	-7.774050e-07	-6.784266e-07	7481
630690	2.111504e-07	-7.773994e-07	-6.784568e-07	7481
638946	2.110739e-07	-7.773938e-07	-6.784870e-07	7481
647202	2.109973e-07	-7.773883e-07	-6.785172e-07	7481
655458	2.109207e-07	-7.773827e-07	-6.785474e-07	7481
663714	2.108440e-07	-7.773772e-07	-6.785776e-07	7481
671970	2.107675e-07	-7.773716e-07	-6.786078e-07	7481
680226	2.106908e-07	-7.773660e-07	-6.786379e-07	7481
688482	2.106142e-07	-7.773605e-07	-6.786680e-07	7481
696738	2.105376e-07	-7.773550e-07	-6.786981e-07	7481
704994	2.104610e-07	-7.773494e-07	-6.787283e-07	7481
713250	2.103843e-07	-7.773439e-07	-6.787583e-07	7481
721506	2.103077e-07	-7.773383e-07	-6.787885e-07	7481
729762	2.102311e-07	-7.773328e-07	-6.788185e-07	7481
738018	2.101544e-07	-7.773273e-07	-6.788486e-07	7481
746274	2.100778e-07	-7.773217e-07	-6.788787e-07	7481
754530	2.100011e-07	-7.773162e-07	-6.789087e-07	7481
762786	2.099245e-07	-7.773107e-07	-6.789388e-07	7481
771042	2.098478e-07	-7.773051e-07	-6.789688e-07	7481
779298	2.097711e-07	-7.772996e-07	-6.789988e-07	7481
787554	2.096945e-07	-7.772941e-07	-6.790288e-07	7481
795810	2.096178e-07	-7.772886e-07	-6.790588e-07	7481
804066	2.095411e-07	-7.772830e-07	-6.790888e-07	7481
812322	2.094644e-07	-7.772775e-07	-6.791188e-07	7481
820578	2.093877e-07	-7.772720e-07	-6.791487e-07	7481
828834	2.093111e-07	-7.772665e-07	-6.791787e-07	7481
837090	2.092344e-07	-7.772610e-07	-6.792086e-07	7481
845346	2.091576e-07	-7.772555e-07	-6.792386e-07	7481
853602	2.090810e-07	-7.772500e-07	-6.792685e-07	7481
861858	2.090042e-07	-7.772445e-07	-6.792984e-07	7481
870114	2.089275e-07	-7.772389e-07	-6.793283e-07	7481
878370	2.088508e-07	-7.772334e-07	-6.793582e-07	7481
886626	2.087741e-07	-7.772280e-07	-6.793881e-07	7481
894882	2.086973e-07	-7.772225e-07	-6.794179e-07	7481
903138	2.086206e-07	-7.772169e-07	-6.794477e-07	7481
911394	2.085439e-07	-7.772114e-07	-6.794776e-07	7481
919650	2.084671e-07	-7.772060e-07	-6.795074e-07	7481
927906	2.083904e-07	-7.772005e-07	-6.795372e-07	7481
936162	2.083137e-07	-7.771950e-07	-6.795671e-07	7481
944418	2.082369e-07	-7.771895e-07	-6.795968e-07	7481
952674	2.081601e-07	-7.771840e-07	-6.796266e-07	7481
960930	2.080834e-07	-7.771785e-07	-6.796564e-07	7481
969186	2.080066e-07	-7.771731e-07	-6.796861e-07	7481
977442	2.079298e-07	-7.771676e-07	-6.797159e-07	7481
985698	2.078530e-07	-7.771621e-07	-6.797457e-07	7481
993954	2.077763e-07	-7.771566e-07	-6.797754e-07	7481
1002210	2.076995e-07	-7.771512e-07	-6.798051e-07	7481
1010466	2.076227e-07	-7.771457e-07	-6.798348e-07	7481
1018722	2.075459e-07	-7.771402e-07	-6.798645e-07	7481
1026978	2.074691e-07	-7.771347e-07	-6.798942e-07	7481
1035234	2.073923e-07	-7.771293e-07	-6.799239e-07	7481
1043490	2.073155e-07	-7.771238e-07	-6.799535e-07	7481
1051746	2.072387e-07	-7.771184e-07	-6.799832e-07	7481
1060002	2.071619e-07	-7.771129e-07	-6.800128e-07	7481
1068258	2.070850e-07	-7.771075e-07	-6.800425e-07	7481
1076514	2.070082e-07	-7.771020e-07	-6.800721e-07	7481
1084770	2.069314e-07	-7.770965e-07	-6.801017e-07	7481
1093026	2.068546e-07	-7.770911e-07	-6.801313e-07	7481
1101282	2.067777e-07	-7.770856e-07	-6.801609e-07	7481
1109538	2.067009e-07	-7.770802e-07	-6.801905e-07	7481
3528	3.379621e-07	-7.770796e-07	-7.174292e-07	8249
1117794	2.066240e-07	-7.770748e-07	-6.802200e-07	7481
11784	3.378799e-07	-7.770707e-07	-7.174776e-07	8249
1126050	2.065472e-07	-7.770693e-07	-6.802496e-07	7481
1134306	2.064703e-07	-7.770639e-07	-6.802791e-07	7481
20040	3.377977e-07	-7.770618e-07	-7.175260e-07	8249
1142562	2.063935e-07	-7.770585e-07	-6.803087e-07	7481
1150818	2.063166e-07	-7.770530e-07	-6.803382e-07	7481
28296	3.377155e-07	-7.770528e-07	-7.175743e-07	8249
36552	3.376333e-07	-7.770439e-07	-7.176227e-07	8249
44808	3.375510e-07	-7.770350e-07	-7.176710e-07	8249
53064	3.374688e-07	-7.770261e-07	-7.177194e-07	8249
61320	3.373866e-07	-7.770171e-07	-7.177677e-07	8249
69576	3.373044e-07	-7.770082e-07	-7.178160e-07	8249
77832	3.372221e-07	-7.769993e-07	-7.178643e-07	8249
86088	3.371399e-07	-7.769904e-07	-7.179125e-07	8249
94344	3.370576e-07	-7.769814e-07	-7.179609e-07	8249
102600	3.369753e-07	-7.769726e-07	-7.180091e-07	8249
110856	3.368930e-07	-7.769636e-07	-7.180573e-07	8249
119112	3.368108e-07	-7.769547e-07	-7.181056e-07	8249
127368	3.367285e-07	-7.769459e-07	-7.181538e-07	8249
135624	3.366462e-07	-7.769369e-07	-7.182020e-07	8249
143880	3.365639e-07	-7.769280e-07	-7.182502e-07	8249
152136	3.364816e-07	-7.769191e-07	-7.182984e-07	8249
160392	3.363992e-07	-7.769102e-07	-7.183465e-07	8249
168648	3.363169e-07	-7.769013e-07	-7.183947e-07	8249
176904	3.362346e-07	-7.768925e-07	-7.184429e-07	8249
185160	3.361523e-07	-7.768836e-07	-7.184910e-07	8249
193416	3.360699e-07	-7.768747e-07	-7.185391e-07	8249
201672	3.359876e-07	-7.768658e-07	-7.185873e-07	8249
209928	3.359052e-07	-7.768569e-07	-7.186354e-07	8249
218184	3.358228e-07	-7.768480e-07	-7.186835e-07	8249
226440	3.357405e-07	-7.768392e-07	-7.187315e-07	8249
234696	3.356581e-07	-7.768303e-07	-7.187796e-07	8249
242952	3.355757e-07	-7.768214e-07	-7.188277e-07	8249
251208	3.354933e-07	-7.768126e-07	-7.188757e-07	8249
259464	3.354109e-07	-7.768037e-07	-7.189237e-07	8249
267720	3.353285e-07	-7.767948e-07	-7.189718e-07	8249
275976	3.352461e-07	-7.767860e-07	-7.190198e-07	8249
284232	3.351636e-07	-7.767771e-07	-7.190678e-07	8249
292488	3.350812e-07	-7.767682e-07	-7.191157e-07	8249
300744	3.349988e-07	-7.767594e-07	-7.191637e-07	8249
309000	3.349163e-07	-7.767505e-07	-7.192117e-07	8249
317256	3.348339e-07	-7.767417e-07	-7.192596e-07	8249
325512	3.347514e-07	-7.767328e-07	-7.193076e-07	8249
333768	3.346690e-07	-7.767239e-07	-7.193555e-07	8249
342024	3.345865e-07	-7.767151e-07	-7.194034e-07	8249
350280	3.345040e-07	-7.767063e-07	-7.194514e-07	8249
358536	3.344215e-07	-7.766974e-07	-7.194992e-07	8249
366792	3.343390e-07	-7.766886e-07	-7.195471e-07	8249
375048	3.342565e-07	-7.766798e-07	-7.195949e-07	8249
383304	3.341740e-07	-7.766709e-07	-7.196428e-07	8249
391560	3.340915e-07	-7.766621e-07	-7.196907e-07	8249
399816	3.340089e-07	-7.766533e-07	-7.197385e-07	8249
408072	3.339264e-07	-7.766444e-07	-7.197863e-07	8249
416328	3.338439e-07	-7.766356e-07	-7.198341e-07	8249
424584	3.337613e-07	-7.766268e-07	-7.198819e-07	8249
432840	3.336788e-07	-7.766180e-07	-7.199297e-07	8249
441096	3.335962e-07	-7.766091e-07	-7.199775e-07	8249
449352	3.335137e-07	-7.766003e-07	-7.200252e-07	8249
457608	3.334311e-07	-7.765915e-07	-7.200730e-07	8249
465864	3.333485e-07	-7.765827e-07	-7.201207e-07	8249
474120	3.332659e-07	-7.765739e-07	-7.201684e-07	8249
482376	3.331833e-07	-7.765651e-07	-7.202162e-07	8249
490632	3.331007e-07	-7.765562e-07	-7.202639e-07	8249
498888	3.330181e-07	-7.765474e-07	-7.203116e-07	8249
507144	3.329355e-07	-7.765386e-07	-7.203593e-07	8249
5110	8.363194e-08	-7.765351e-07	-6.325300e-07	12864
13366	8.356191e-08	-7.765329e-07	-6.325419e-07	12864
21622	8.349188e-08	-7.765307e-07	-6.325538e-07	12864
515400	3.328529e-07	-7.765299e-07	-7.204069e-07	8249
29878	8.342186e-08	-7.765286e-07	-6.325657e-07	12864
38134	8.335182e-08	-7.765264e-07	-6.325776e-07	12864
46390	8.328179e-08	-7.765242e-07	-6.325895e-07	12864
54646	8.321176e-08	-7.765221e-07	-6.326013e-07	12864
523656	3.327702e-07	-7.765211e-07	-7.204546e-07	8249
62902	8.314172e-08	-7.765199e-07	-6.326132e-07	12864
71158	8.307168e-08	-7.765178e-07	-6.326250e-07	12864
79414	8.300164e-08	-7.765156e-07	-6.326369e-07	12864
87670	8.293160e-08	-7.765134e-07	-6.326487e-07	12864
531912	3.326876e-07	-7.765123e-07	-7.205022e-07	8249
95926	8.286155e-08	-7.765113e-07	-6.326605e-07	12864
104182	8.279151e-08	-7.765092e-07	-6.326723e-07	12864
112438	8.272146e-08	-7.765070e-07	-6.326841e-07	12864
120694	8.265141e-08	-7.765049e-07	-6.326959e-07	12864
540168	3.326050e-07	-7.765034e-07	-7.205498e-07	8249
128950	8.258137e-08	-7.765027e-07	-6.327077e-07	12864
137206	8.251131e-08	-7.765006e-07	-6.327195e-07	12864
145462	8.244125e-08	-7.764984e-07	-6.327312e-07	12864
153718	8.237120e-08	-7.764963e-07	-6.327430e-07	12864
548424	3.325223e-07	-7.764947e-07	-7.205974e-07	8249
161974	8.230114e-08	-7.764942e-07	-6.327547e-07	12864
170230	8.223108e-08	-7.764920e-07	-6.327664e-07	12864
178486	8.216102e-08	-7.764899e-07	-6.327782e-07	12864
186742	8.209096e-08	-7.764878e-07	-6.327899e-07	12864
556680	3.324397e-07	-7.764859e-07	-7.206451e-07	8249
194998	8.202090e-08	-7.764856e-07	-6.328016e-07	12864
203254	8.195083e-08	-7.764835e-07	-6.328133e-07	12864
211510	8.188076e-08	-7.764814e-07	-6.328249e-07	12864
219766	8.181069e-08	-7.764793e-07	-6.328366e-07	12864
564936	3.323570e-07	-7.764771e-07	-7.206926e-07	8249
228022	8.174062e-08	-7.764771e-07	-6.328482e-07	12864
236278	8.167055e-08	-7.764750e-07	-6.328599e-07	12864
244534	8.160047e-08	-7.764729e-07	-6.328715e-07	12864
252790	8.153039e-08	-7.764708e-07	-6.328832e-07	12864
261046	8.146031e-08	-7.764687e-07	-6.328948e-07	12864
573192	3.322743e-07	-7.764683e-07	-7.207402e-07	8249
269302	8.139023e-08	-7.764665e-07	-6.329064e-07	12864
277558	8.132015e-08	-7.764644e-07	-6.329180e-07	12864
285814	8.125007e-08	-7.764623e-07	-6.329296e-07	12864
294070	8.117998e-08	-7.764602e-07	-6.329412e-07	12864
581448	3.321917e-07	-7.764596e-07	-7.207878e-07	8249
302326	8.110990e-08	-7.764581e-07	-6.329527e-07	12864
310582	8.103981e-08	-7.764560e-07	-6.329643e-07	12864
318838	8.096972e-08	-7.764539e-07	-6.329759e-07	12864
327094	8.089962e-08	-7.764518e-07	-6.329874e-07	12864
589704	3.321090e-07	-7.764507e-07	-7.208354e-07	8249
335350	8.082953e-08	-7.764497e-07	-6.329989e-07	12864
343606	8.075943e-08	-7.764476e-07	-6.330104e-07	12864
351862	8.068934e-08	-7.764455e-07	-6.330220e-07	12864
360118	8.061924e-08	-7.764435e-07	-6.330334e-07	12864
597960	3.320263e-07	-7.764420e-07	-7.208829e-07	8249
368374	8.054914e-08	-7.764414e-07	-6.330449e-07	12864
376630	8.047904e-08	-7.764393e-07	-6.330564e-07	12864
384886	8.040893e-08	-7.764372e-07	-6.330678e-07	12864
393142	8.033883e-08	-7.764351e-07	-6.330793e-07	12864
606216	3.319436e-07	-7.764332e-07	-7.209305e-07	8249
401398	8.026872e-08	-7.764330e-07	-6.330907e-07	12864
409654	8.019861e-08	-7.764309e-07	-6.331022e-07	12864
417910	8.012850e-08	-7.764289e-07	-6.331136e-07	12864
426166	8.005838e-08	-7.764268e-07	-6.331251e-07	12864
434422	7.998828e-08	-7.764247e-07	-6.331364e-07	12864
614472	3.318609e-07	-7.764244e-07	-7.209780e-07	8249
442678	7.991816e-08	-7.764226e-07	-6.331479e-07	12864
450934	7.984804e-08	-7.764206e-07	-6.331592e-07	12864
459190	7.977792e-08	-7.764185e-07	-6.331706e-07	12864
467446	7.970780e-08	-7.764164e-07	-6.331820e-07	12864
622728	3.317782e-07	-7.764157e-07	-7.210255e-07	8249
475702	7.963768e-08	-7.764144e-07	-6.331933e-07	12864
483958	7.956755e-08	-7.764123e-07	-6.332046e-07	12864
492214	7.949743e-08	-7.764102e-07	-6.332160e-07	12864
500470	7.942730e-08	-7.764082e-07	-6.332273e-07	12864
630984	3.316954e-07	-7.764069e-07	-7.210730e-07	8249
508726	7.935717e-08	-7.764061e-07	-6.332386e-07	12864
516982	7.928704e-08	-7.764041e-07	-6.332500e-07	12864
525238	7.921690e-08	-7.764020e-07	-6.332613e-07	12864
639240	3.316127e-07	-7.763981e-07	-7.211204e-07	8249
647496	3.315300e-07	-7.763894e-07	-7.211680e-07	8249
655752	3.314472e-07	-7.763806e-07	-7.212154e-07	8249
664008	3.313645e-07	-7.763718e-07	-7.212629e-07	8249
672264	3.312817e-07	-7.763631e-07	-7.213103e-07	8249
680520	3.311989e-07	-7.763543e-07	-7.213577e-07	8249
688776	3.311162e-07	-7.763456e-07	-7.214052e-07	8249
697032	3.310334e-07	-7.763368e-07	-7.214526e-07	8249
705288	3.309506e-07	-7.763281e-07	-7.214999e-07	8249
713544	3.308678e-07	-7.763193e-07	-7.215473e-07	8249
721800	3.307850e-07	-7.763106e-07	-7.215947e-07	8249
730056	3.307022e-07	-7.763018e-07	-7.216420e-07	8249
738312	3.306194e-07	-7.762931e-07	-7.216894e-07	8249
746568	3.305366e-07	-7.762844e-07	-7.217367e-07	8249
754824	3.304538e-07	-7.762756e-07	-7.217841e-07	8249
763080	3.303709e-07	-7.762669e-07	-7.218314e-07	8249
771336	3.302881e-07	-7.762582e-07	-7.218787e-07	8249
779592	3.302052e-07	-7.762494e-07	-7.219260e-07	8249
787848	3.301224e-07	-7.762407e-07	-7.219732e-07	8249
796104	3.300395e-07	-7.762320e-07	-7.220205e-07	8249
804360	3.299567e-07	-7.762233e-07	-7.220677e-07	8249
812616	3.298738e-07	-7.762145e-07	-7.221150e-07	8249
820872	3.297909e-07	-7.762058e-07	-7.221622e-07	8249
829128	3.297080e-07	-7.761971e-07	-7.222094e-07	8249
837384	3.296251e-07	-7.761884e-07	-7.222566e-07	8249
845640	3.295422e-07	-7.761797e-07	-7.223038e-07	8249
853896	3.294593e-07	-7.761710e-07	-7.223510e-07	8249
862152	3.293764e-07	-7.761623e-07	-7.223982e-07	8249
870408	3.292934e-07	-7.761536e-07	-7.224453e-07	8249
878664	3.292105e-07	-7.761448e-07	-7.224925e-07	8249
886920	3.291276e-07	-7.761361e-07	-7.225396e-07	8249
895176	3.290446e-07	-7.761274e-07	-7.225867e-07	8249
903432	3.289617e-07	-7.761187e-07	-7.226338e-07	8249
911688	3.288787e-07	-7.761100e-07	-7.226809e-07	8249
919944	3.287957e-07	-7.761014e-07	-7.227280e-07	8249
928200	3.287128e-07	-7.760927e-07	-7.227751e-07	8249
936456	3.286298e-07	-7.760840e-07	-7.228222e-07	8249
944712	3.285468e-07	-7.760753e-07	-7.228692e-07	8249
952968	3.284638e-07	-7.760666e-07	-7.229162e-07	8249
961224	3.283808e-07	-7.760580e-07	-7.229633e-07	8249
969480	3.282978e-07	-7.760493e-07	-7.230103e-07	8249
977736	3.282148e-07	-7.760406e-07	-7.230573e-07	8249
985992	3.281318e-07	-7.760319e-07	-7.231043e-07	8249
994248	3.280487e-07	-7.760232e-07	-7.231512e-07	8249
1002504	3.279657e-07	-7.760146e-07	-7.231982e-07	8249
1010760	3.278826e-07	-7.760059e-07	-7.232451e-07	8249
1019016	3.277996e-07	-7.759973e-07	-7.232921e-07	8249
1027272	3.277165e-07	-7.759886e-07	-7.233390e-07	8249
1035528	3.276335e-07	-7.759799e-07	-7.233859e-07	8249
1043784	3.275504e-07	-7.759713e-07	-7.234328e-07	8249
1052040	3.274673e-07	-7.759626e-07	-7.234797e-07	8249
1060296	3.273842e-07	-7.759539e-07	-7.235266e-07	8249
1068552	3.273012e-07	-7.759453e-07	-7.235735e-07	8249
1076808	3.272181e-07	-7.759367e-07	-7.236204e-07	8249
1085064	3.271350e-07	-7.759280e-07	-7.236672e-07	8249
1093320	3.270519e-07	-7.759194e-07	-7.237140e-07	8249
1101576	3.269687e-07	-7.759107e-07	-7.237609e-07	8249
1109832	3.268856e-07	-7.759020e-07	-7.238077e-07	8249
1118088	3.268024e-07	-7.758935e-07	-7.238545e-07	8249
1126344	3.267193e-07	-7.758848e-07	-7.239013e-07	8249
1134600	3.266362e-07	-7.758762e-07	-7.239481e-07	8249
1142856	3.265530e-07	-7.758675e-07	-7.239948e-07	8249
1151112	3.264699e-07	-7.758589e-07	-7.240416e-07	8249
3033	1.615678e-07	-7.744931e-07	-6.539776e-07	6969
11289	1.614946e-07	-7.744889e-07	-6.540008e-07	6969
19545	1.614215e-07	-7.744846e-07	-6.540238e-07	6969
27801	1.613483e-07	-7.744804e-07	-6.540469e-07	6969
36057	1.612751e-07	-7.744762e-07	-6.540700e-07	6969
44313	1.612020e-07	-7.744719e-07	-6.540930e-07	6969
52569	1.611288e-07	-7.744677e-07	-6.541160e-07	6969
60825	1.610556e-07	-7.744635e-07	-6.541391e-07	6969
69081	1.609824e-07	-7.744592e-07	-6.541621e-07	6969
77337	1.609093e-07	-7.744550e-07	-6.541851e-07	6969
85593	1.608361e-07	-7.744508e-07	-6.542081e-07	6969
93849	1.607629e-07	-7.744466e-07	-6.542311e-07	6969
102105	1.606897e-07	-7.744424e-07	-6.542541e-07	6969
110361	1.606165e-07	-7.744381e-07	-6.542771e-07	6969
118617	1.605433e-07	-7.744339e-07	-6.543000e-07	6969
126873	1.604701e-07	-7.744297e-07	-6.543229e-07	6969
135129	1.603969e-07	-7.744255e-07	-6.543459e-07	6969
143385	1.603237e-07	-7.744213e-07	-6.543688e-07	6969
151641	1.602505e-07	-7.744171e-07	-6.543917e-07	6969
159897	1.601772e-07	-7.744129e-07	-6.544146e-07	6969
168153	1.601040e-07	-7.744086e-07	-6.544375e-07	6969
176409	1.600308e-07	-7.744044e-07	-6.544605e-07	6969
184665	1.599576e-07	-7.744002e-07	-6.544833e-07	6969
192921	1.598843e-07	-7.743960e-07	-6.545062e-07	6969
201177	1.598111e-07	-7.743918e-07	-6.545290e-07	6969
209433	1.597379e-07	-7.743876e-07	-6.545519e-07	6969
217689	1.596646e-07	-7.743835e-07	-6.545747e-07	6969
225945	1.595914e-07	-7.743793e-07	-6.545975e-07	6969
234201	1.595181e-07	-7.743751e-07	-6.546204e-07	6969
242457	1.594449e-07	-7.743708e-07	-6.546431e-07	6969
250713	1.593716e-07	-7.743667e-07	-6.546659e-07	6969
258969	1.592984e-07	-7.743625e-07	-6.546887e-07	6969
267225	1.592251e-07	-7.743583e-07	-6.547115e-07	6969
275481	1.591518e-07	-7.743541e-07	-6.547342e-07	6969
283737	1.590786e-07	-7.743500e-07	-6.547570e-07	6969
291993	1.590053e-07	-7.743458e-07	-6.547797e-07	6969
300249	1.589320e-07	-7.743416e-07	-6.548024e-07	6969
308505	1.588587e-07	-7.743374e-07	-6.548252e-07	6969
316761	1.587854e-07	-7.743333e-07	-6.548478e-07	6969
325017	1.587122e-07	-7.743291e-07	-6.548706e-07	6969
333273	1.586389e-07	-7.743249e-07	-6.548933e-07	6969
341529	1.585656e-07	-7.743208e-07	-6.549159e-07	6969
349785	1.584923e-07	-7.743166e-07	-6.549386e-07	6969
358041	1.584190e-07	-7.743124e-07	-6.549612e-07	6969
366297	1.583457e-07	-7.743083e-07	-6.549839e-07	6969
374553	1.582724e-07	-7.743041e-07	-6.550065e-07	6969
382809	1.581991e-07	-7.743000e-07	-6.550291e-07	6969
391065	1.581257e-07	-7.742958e-07	-6.550517e-07	6969
399321	1.580524e-07	-7.742917e-07	-6.550744e-07	6969
407577	1.579791e-07	-7.742875e-07	-6.550969e-07	6969
415833	1.579058e-07	-7.742834e-07	-6.551195e-07	6969
424089	1.578325e-07	-7.742792e-07	-6.551421e-07	6969
432345	1.577591e-07	-7.742751e-07	-6.551646e-07	6969
440601	1.576858e-07	-7.742709e-07	-6.551872e-07	6969
448857	1.576125e-07	-7.742668e-07	-6.552098e-07	6969
457113	1.575391e-07	-7.742627e-07	-6.552323e-07	6969
465369	1.574658e-07	-7.742585e-07	-6.552548e-07	6969
473625	1.573924e-07	-7.742544e-07	-6.552773e-07	6969
481881	1.573191e-07	-7.742502e-07	-6.552998e-07	6969
490137	1.572457e-07	-7.742461e-07	-6.553223e-07	6969
498393	1.571724e-07	-7.742420e-07	-6.553448e-07	6969
506649	1.570990e-07	-7.742379e-07	-6.553672e-07	6969
514905	1.570257e-07	-7.742337e-07	-6.553897e-07	6969
523161	1.569523e-07	-7.742296e-07	-6.554121e-07	6969
531417	1.568789e-07	-7.742255e-07	-6.554345e-07	6969
539673	1.568056e-07	-7.742214e-07	-6.554570e-07	6969
547929	1.567322e-07	-7.742173e-07	-6.554794e-07	6969
556185	1.566588e-07	-7.742132e-07	-6.555018e-07	6969
564441	1.565854e-07	-7.742090e-07	-6.555242e-07	6969
572697	1.565120e-07	-7.742049e-07	-6.555466e-07	6969
580953	1.564386e-07	-7.742008e-07	-6.555689e-07	6969
589209	1.563652e-07	-7.741967e-07	-6.555913e-07	6969
597465	1.562918e-07	-7.741926e-07	-6.556136e-07	6969
605721	1.562184e-07	-7.741885e-07	-6.556360e-07	6969
613977	1.561450e-07	-7.741844e-07	-6.556583e-07	6969
622233	1.560716e-07	-7.741803e-07	-6.556806e-07	6969
630489	1.559982e-07	-7.741762e-07	-6.557029e-07	6969
638745	1.559248e-07	-7.741721e-07	-6.557252e-07	6969
647001	1.558514e-07	-7.741680e-07	-6.557475e-07	6969
655257	1.557780e-07	-7.741639e-07	-6.557698e-07	6969
663513	1.557046e-07	-7.741598e-07	-6.557920e-07	6969
671769	1.556311e-07	-7.741558e-07	-6.558143e-07	6969
680025	1.555577e-07	-7.741517e-07	-6.558365e-07	6969
688281	1.554843e-07	-7.741476e-07	-6.558587e-07	6969
696537	1.554108e-07	-7.741435e-07	-6.558810e-07	6969
704793	1.553374e-07	-7.741394e-07	-6.559032e-07	6969
713049	1.552640e-07	-7.741353e-07	-6.559254e-07	6969
721305	1.551905e-07	-7.741313e-07	-6.559476e-07	6969
729561	1.551171e-07	-7.741272e-07	-6.559698e-07	6969
737817	1.550436e-07	-7.741231e-07	-6.559919e-07	6969
746073	1.549702e-07	-7.741190e-07	-6.560141e-07	6969
754329	1.548967e-07	-7.741150e-07	-6.560363e-07	6969
762585	1.548232e-07	-7.741109e-07	-6.560584e-07	6969
770841	1.547498e-07	-7.741069e-07	-6.560805e-07	6969
779097	1.546763e-07	-7.741028e-07	-6.561026e-07	6969
787353	1.546028e-07	-7.740987e-07	-6.561247e-07	6969
795609	1.545294e-07	-7.740947e-07	-6.561468e-07	6969
803865	1.544559e-07	-7.740906e-07	-6.561689e-07	6969
812121	1.543824e-07	-7.740866e-07	-6.561910e-07	6969
820377	1.543089e-07	-7.740825e-07	-6.562130e-07	6969
828633	1.542354e-07	-7.740784e-07	-6.562351e-07	6969
836889	1.541619e-07	-7.740744e-07	-6.562572e-07	6969
845145	1.540884e-07	-7.740704e-07	-6.562792e-07	6969
853401	1.540149e-07	-7.740663e-07	-6.563012e-07	6969
861657	1.539414e-07	-7.740623e-07	-6.563232e-07	6969
869913	1.538679e-07	-7.740583e-07	-6.563452e-07	6969
878169	1.537944e-07	-7.740542e-07	-6.563672e-07	6969
886425	1.537209e-07	-7.740502e-07	-6.563892e-07	6969
894681	1.536474e-07	-7.740462e-07	-6.564111e-07	6969
902937	1.535739e-07	-7.740421e-07	-6.564331e-07	6969
911193	1.535004e-07	-7.740381e-07	-6.564551e-07	6969
919449	1.534268e-07	-7.740340e-07	-6.564770e-07	6969
927705	1.533533e-07	-7.740300e-07	-6.564989e-07	6969
935961	1.532798e-07	-7.740260e-07	-6.565209e-07	6969
944217	1.532062e-07	-7.740220e-07	-6.565427e-07	6969
952473	1.531327e-07	-7.740180e-07	-6.565646e-07	6969
960729	1.530592e-07	-7.740139e-07	-6.565865e-07	6969
968985	1.529856e-07	-7.740099e-07	-6.566084e-07	6969
977241	1.529121e-07	-7.740059e-07	-6.566303e-07	6969
985497	1.528385e-07	-7.740019e-07	-6.566521e-07	6969
993753	1.527650e-07	-7.739979e-07	-6.566739e-07	6969
1002009	1.526914e-07	-7.739939e-07	-6.566958e-07	6969
1010265	1.526179e-07	-7.739899e-07	-6.567176e-07	6969
1018521	1.525443e-07	-7.739858e-07	-6.567394e-07	6969
1026777	1.524707e-07	-7.739819e-07	-6.567612e-07	6969
1035033	1.523972e-07	-7.739778e-07	-6.567830e-07	6969
1043289	1.523236e-07	-7.739739e-07	-6.568048e-07	6969
1051545	1.522500e-07	-7.739699e-07	-6.568266e-07	6969
1059801	1.521764e-07	-7.739658e-07	-6.568483e-07	6969
1068057	1.521029e-07	-7.739619e-07	-6.568701e-07	6969
1076313	1.520293e-07	-7.739579e-07	-6.568918e-07	6969
1084569	1.519557e-07	-7.739539e-07	-6.569135e-07	6969
1092825	1.518821e-07	-7.739499e-07	-6.569352e-07	6969
1101081	1.518085e-07	-7.739459e-07	-6.569570e-07	6969
1109337	1.517349e-07	-7.739419e-07	-6.569787e-07	6969
1117593	1.516613e-07	-7.739379e-07	-6.570003e-07	6969
1125849	1.515877e-07	-7.739339e-07	-6.570220e-07	6969
1134105	1.515141e-07	-7.739300e-07	-6.570437e-07	6969
1142361	1.514405e-07	-7.739260e-07	-6.570653e-07	6969
1150617	1.513668e-07	-7.739221e-07	-6.570870e-07	6969
1398	9.238116e-08	-7.716242e-07	-6.282104e-07	3129
9654	9.231162e-08	-7.716218e-07	-6.282236e-07	3129
17910	9.224208e-08	-7.716195e-07	-6.282368e-07	3129
26166	9.217254e-08	-7.716170e-07	-6.282499e-07	3129
34422	9.210300e-08	-7.716146e-07	-6.282631e-07	3129
42678	9.203345e-08	-7.716122e-07	-6.282762e-07	3129
50934	9.196390e-08	-7.716098e-07	-6.282893e-07	3129
59190	9.189436e-08	-7.716075e-07	-6.283025e-07	3129
67446	9.182481e-08	-7.716051e-07	-6.283156e-07	3129
75702	9.175525e-08	-7.716027e-07	-6.283287e-07	3129
83958	9.168570e-08	-7.716003e-07	-6.283418e-07	3129
92214	9.161614e-08	-7.715979e-07	-6.283548e-07	3129
100470	9.154658e-08	-7.715955e-07	-6.283679e-07	3129
108726	9.147702e-08	-7.715931e-07	-6.283810e-07	3129
116982	9.140746e-08	-7.715907e-07	-6.283940e-07	3129
125238	9.133790e-08	-7.715884e-07	-6.284070e-07	3129
133494	9.126833e-08	-7.715860e-07	-6.284201e-07	3129
141750	9.119876e-08	-7.715836e-07	-6.284330e-07	3129
150006	9.112919e-08	-7.715813e-07	-6.284461e-07	3129
158262	9.105962e-08	-7.715789e-07	-6.284591e-07	3129
166518	9.099004e-08	-7.715765e-07	-6.284720e-07	3129
174774	9.092047e-08	-7.715742e-07	-6.284851e-07	3129
183030	9.085089e-08	-7.715718e-07	-6.284980e-07	3129
191286	9.078131e-08	-7.715694e-07	-6.285110e-07	3129
199542	9.071172e-08	-7.715670e-07	-6.285239e-07	3129
207798	9.064214e-08	-7.715647e-07	-6.285368e-07	3129
216054	9.057256e-08	-7.715623e-07	-6.285497e-07	3129
224310	9.050297e-08	-7.715600e-07	-6.285626e-07	3129
232566	9.043338e-08	-7.715577e-07	-6.285755e-07	3129
240822	9.036378e-08	-7.715553e-07	-6.285885e-07	3129
249078	9.029419e-08	-7.715529e-07	-6.286014e-07	3129
257334	9.022460e-08	-7.715506e-07	-6.286142e-07	3129
265590	9.015500e-08	-7.715482e-07	-6.286271e-07	3129
273846	9.008540e-08	-7.715459e-07	-6.286400e-07	3129
282102	9.001580e-08	-7.715436e-07	-6.286528e-07	3129
290358	8.994620e-08	-7.715412e-07	-6.286656e-07	3129
298614	8.987659e-08	-7.715389e-07	-6.286784e-07	3129
306870	8.980698e-08	-7.715365e-07	-6.286913e-07	3129
315126	8.973738e-08	-7.715342e-07	-6.287041e-07	3129
323382	8.966776e-08	-7.715319e-07	-6.287169e-07	3129
331638	8.959815e-08	-7.715295e-07	-6.287297e-07	3129
339894	8.952854e-08	-7.715272e-07	-6.287424e-07	3129
348150	8.945892e-08	-7.715249e-07	-6.287552e-07	3129
356406	8.938930e-08	-7.715225e-07	-6.287680e-07	3129
364662	8.931968e-08	-7.715202e-07	-6.287807e-07	3129
372918	8.925006e-08	-7.715179e-07	-6.287934e-07	3129
381174	8.918044e-08	-7.715156e-07	-6.288062e-07	3129
389430	8.911081e-08	-7.715133e-07	-6.288189e-07	3129
397686	8.904119e-08	-7.715109e-07	-6.288316e-07	3129
405942	8.897155e-08	-7.715087e-07	-6.288442e-07	3129
414198	8.890192e-08	-7.715063e-07	-6.288570e-07	3129
422454	8.883229e-08	-7.715040e-07	-6.288697e-07	3129
430710	8.876265e-08	-7.715017e-07	-6.288823e-07	3129
438966	8.869301e-08	-7.714994e-07	-6.288950e-07	3129
447222	8.862338e-08	-7.714971e-07	-6.289076e-07	3129
455478	8.855374e-08	-7.714948e-07	-6.289202e-07	3129
463734	8.848409e-08	-7.714925e-07	-6.289329e-07	3129
471990	8.841445e-08	-7.714902e-07	-6.289455e-07	3129
480246	8.834481e-08	-7.714879e-07	-6.289581e-07	3129
488502	8.827516e-08	-7.714856e-07	-6.289707e-07	3129
496758	8.820550e-08	-7.714833e-07	-6.289833e-07	3129
505014	8.813586e-08	-7.714810e-07	-6.289958e-07	3129
513270	8.806620e-08	-7.714787e-07	-6.290084e-07	3129
521526	8.799654e-08	-7.714764e-07	-6.290210e-07	3129
529782	8.792689e-08	-7.714742e-07	-6.290335e-07	3129
538038	8.785722e-08	-7.714718e-07	-6.290460e-07	3129
546294	8.778756e-08	-7.714696e-07	-6.290585e-07	3129
554550	8.771790e-08	-7.714673e-07	-6.290711e-07	3129
562806	8.764824e-08	-7.714650e-07	-6.290836e-07	3129
571062	8.757857e-08	-7.714627e-07	-6.290961e-07	3129
579318	8.750890e-08	-7.714605e-07	-6.291086e-07	3129
587574	8.743923e-08	-7.714582e-07	-6.291210e-07	3129
595830	8.736956e-08	-7.714559e-07	-6.291335e-07	3129
604086	8.729988e-08	-7.714536e-07	-6.291460e-07	3129
612342	8.723021e-08	-7.714514e-07	-6.291584e-07	3129
620598	8.716053e-08	-7.714491e-07	-6.291709e-07	3129
628854	8.709085e-08	-7.714468e-07	-6.291833e-07	3129
637110	8.702116e-08	-7.714446e-07	-6.291957e-07	3129
645366	8.695148e-08	-7.714423e-07	-6.292081e-07	3129
653622	8.688180e-08	-7.714401e-07	-6.292205e-07	3129
661878	8.681211e-08	-7.714378e-07	-6.292329e-07	3129
670134	8.674242e-08	-7.714356e-07	-6.292452e-07	3129
678390	8.667273e-08	-7.714333e-07	-6.292576e-07	3129
686646	8.660304e-08	-7.714310e-07	-6.292699e-07	3129
694902	8.653334e-08	-7.714288e-07	-6.292823e-07	3129
703158	8.646365e-08	-7.714265e-07	-6.292947e-07	3129
711414	8.639395e-08	-7.714243e-07	-6.293070e-07	3129
719670	8.632425e-08	-7.714220e-07	-6.293193e-07	3129
727926	8.625454e-08	-7.714198e-07	-6.293316e-07	3129
736182	8.618484e-08	-7.714175e-07	-6.293439e-07	3129
744438	8.611514e-08	-7.714153e-07	-6.293562e-07	3129
752694	8.604543e-08	-7.714131e-07	-6.293685e-07	3129
760950	8.597572e-08	-7.714108e-07	-6.293807e-07	3129
769206	8.590601e-08	-7.714086e-07	-6.293930e-07	3129
777462	8.583630e-08	-7.714064e-07	-6.294052e-07	3129
785718	8.576658e-08	-7.714042e-07	-6.294175e-07	3129
793974	8.569687e-08	-7.714019e-07	-6.294297e-07	3129
802230	8.562715e-08	-7.713997e-07	-6.294419e-07	3129
810486	8.555743e-08	-7.713975e-07	-6.294541e-07	3129
818742	8.548771e-08	-7.713953e-07	-6.294663e-07	3129
826998	8.541798e-08	-7.713930e-07	-6.294785e-07	3129
835254	8.534825e-08	-7.713908e-07	-6.294907e-07	3129
843510	8.527853e-08	-7.713886e-07	-6.295028e-07	3129
851766	8.520880e-08	-7.713864e-07	-6.295150e-07	3129
860022	8.513907e-08	-7.713842e-07	-6.295271e-07	3129
868278	8.506934e-08	-7.713820e-07	-6.295393e-07	3129
876534	8.499961e-08	-7.713797e-07	-6.295514e-07	3129
884790	8.492987e-08	-7.713776e-07	-6.295635e-07	3129
893046	8.486013e-08	-7.713754e-07	-6.295756e-07	3129
901302	8.479039e-08	-7.713732e-07	-6.295877e-07	3129
909558	8.472065e-08	-7.713709e-07	-6.295998e-07	3129
917814	8.465091e-08	-7.713688e-07	-6.296119e-07	3129
926070	8.458116e-08	-7.713666e-07	-6.296239e-07	3129
934326	8.451141e-08	-7.713643e-07	-6.296360e-07	3129
942582	8.444166e-08	-7.713622e-07	-6.296480e-07	3129
950838	8.437191e-08	-7.713600e-07	-6.296601e-07	3129
959094	8.430216e-08	-7.713578e-07	-6.296721e-07	3129
967350	8.423240e-08	-7.713556e-07	-6.296841e-07	3129
975606	8.416265e-08	-7.713534e-07	-6.296961e-07	3129
983862	8.409289e-08	-7.713512e-07	-6.297081e-07	3129
992118	8.402314e-08	-7.713491e-07	-6.297201e-07	3129
1000374	8.395337e-08	-7.713468e-07	-6.297321e-07	3129
1008630	8.388361e-08	-7.713447e-07	-6.297440e-07	3129
1016886	8.381384e-08	-7.713425e-07	-6.297560e-07	3129
1025142	8.374408e-08	-7.713403e-07	-6.297680e-07	3129
1033398	8.367431e-08	-7.713381e-07	-6.297799e-07	3129
1041654	8.360454e-08	-7.713360e-07	-6.297918e-07	3129
1049910	8.353476e-08	-7.713338e-07	-6.298037e-07	3129
1058166	8.346499e-08	-7.713317e-07	-6.298156e-07	3129
1066422	8.339521e-08	-7.713295e-07	-6.298275e-07	3129
1074678	8.332544e-08	-7.713273e-07	-6.298394e-07	3129
1082934	8.325566e-08	-7.713252e-07	-6.298513e-07	3129
1091190	8.318588e-08	-7.713230e-07	-6.298632e-07	3129
1099446	8.311610e-08	-7.713209e-07	-6.298750e-07	3129
1107702	8.304632e-08	-7.713187e-07	-6.298869e-07	3129
1115958	8.297653e-08	-7.713165e-07	-6.298987e-07	3129
1124214	8.290674e-08	-7.713144e-07	-6.299105e-07	3129
1132470	8.283695e-08	-7.713122e-07	-6.299223e-07	3129
1140726	8.276716e-08	-7.713101e-07	-6.299342e-07	3129
1148982	8.269737e-08	-7.713079e-07	-6.299459e-07	3129
1514	1.411005e-07	-7.650000e-07	-6.395449e-07	3385
9770	1.410292e-07	-7.649963e-07	-6.395650e-07	3385
18026	1.409578e-07	-7.649926e-07	-6.395852e-07	3385
26282	1.408865e-07	-7.649889e-07	-6.396053e-07	3385
34538	1.408151e-07	-7.649852e-07	-6.396255e-07	3385
42794	1.407438e-07	-7.649815e-07	-6.396456e-07	3385
51050	1.406724e-07	-7.649778e-07	-6.396657e-07	3385
59306	1.406011e-07	-7.649741e-07	-6.396858e-07	3385
67562	1.405297e-07	-7.649704e-07	-6.397059e-07	3385
75818	1.404583e-07	-7.649667e-07	-6.397260e-07	3385
84074	1.403870e-07	-7.649630e-07	-6.397460e-07	3385
92330	1.403156e-07	-7.649594e-07	-6.397661e-07	3385
100586	1.402442e-07	-7.649557e-07	-6.397861e-07	3385
108842	1.401729e-07	-7.649520e-07	-6.398062e-07	3385
117098	1.401015e-07	-7.649484e-07	-6.398262e-07	3385
125354	1.400301e-07	-7.649447e-07	-6.398462e-07	3385
133610	1.399587e-07	-7.649410e-07	-6.398662e-07	3385
141866	1.398873e-07	-7.649373e-07	-6.398862e-07	3385
150122	1.398159e-07	-7.649336e-07	-6.399062e-07	3385
158378	1.397445e-07	-7.649300e-07	-6.399262e-07	3385
166634	1.396731e-07	-7.649263e-07	-6.399461e-07	3385
174890	1.396018e-07	-7.649227e-07	-6.399661e-07	3385
183146	1.395303e-07	-7.649190e-07	-6.399860e-07	3385
191402	1.394589e-07	-7.649153e-07	-6.400060e-07	3385
199658	1.393875e-07	-7.649117e-07	-6.400259e-07	3385
207914	1.393161e-07	-7.649081e-07	-6.400458e-07	3385
216170	1.392447e-07	-7.649044e-07	-6.400657e-07	3385
224426	1.391733e-07	-7.649007e-07	-6.400856e-07	3385
232682	1.391019e-07	-7.648971e-07	-6.401055e-07	3385
240938	1.390304e-07	-7.648935e-07	-6.401254e-07	3385
249194	1.389590e-07	-7.648898e-07	-6.401452e-07	3385
257450	1.388876e-07	-7.648862e-07	-6.401651e-07	3385
265706	1.388162e-07	-7.648825e-07	-6.401849e-07	3385
273962	1.387447e-07	-7.648789e-07	-6.402047e-07	3385
282218	1.386733e-07	-7.648753e-07	-6.402246e-07	3385
290474	1.386018e-07	-7.648716e-07	-6.402444e-07	3385
298730	1.385304e-07	-7.648680e-07	-6.402642e-07	3385
306986	1.384590e-07	-7.648644e-07	-6.402840e-07	3385
315242	1.383875e-07	-7.648607e-07	-6.403038e-07	3385
323498	1.383161e-07	-7.648571e-07	-6.403235e-07	3385
331754	1.382446e-07	-7.648534e-07	-6.403433e-07	3385
340010	1.381731e-07	-7.648499e-07	-6.403631e-07	3385
348266	1.381017e-07	-7.648462e-07	-6.403828e-07	3385
356522	1.380302e-07	-7.648426e-07	-6.404025e-07	3385
364778	1.379588e-07	-7.648390e-07	-6.404222e-07	3385
373034	1.378873e-07	-7.648354e-07	-6.404420e-07	3385
381290	1.378158e-07	-7.648317e-07	-6.404617e-07	3385
389546	1.377443e-07	-7.648281e-07	-6.404813e-07	3385
397802	1.376729e-07	-7.648245e-07	-6.405010e-07	3385
406058	1.376014e-07	-7.648209e-07	-6.405207e-07	3385
414314	1.375299e-07	-7.648173e-07	-6.405403e-07	3385
422570	1.374584e-07	-7.648137e-07	-6.405600e-07	3385
430826	1.373869e-07	-7.648101e-07	-6.405796e-07	3385
439082	1.373154e-07	-7.648065e-07	-6.405993e-07	3385
447338	1.372439e-07	-7.648029e-07	-6.406189e-07	3385
455594	1.371724e-07	-7.647993e-07	-6.406385e-07	3385
463850	1.371009e-07	-7.647957e-07	-6.406581e-07	3385
472106	1.370294e-07	-7.647921e-07	-6.406777e-07	3385
480362	1.369579e-07	-7.647885e-07	-6.406972e-07	3385
488618	1.368864e-07	-7.647849e-07	-6.407168e-07	3385
496874	1.368149e-07	-7.647814e-07	-6.407364e-07	3385
505130	1.367434e-07	-7.647778e-07	-6.407559e-07	3385
513386	1.366719e-07	-7.647742e-07	-6.407755e-07	3385
521642	1.366003e-07	-7.647706e-07	-6.407950e-07	3385
529898	1.365288e-07	-7.647670e-07	-6.408145e-07	3385
538154	1.364573e-07	-7.647635e-07	-6.408340e-07	3385
546410	1.363858e-07	-7.647599e-07	-6.408535e-07	3385
554666	1.363142e-07	-7.647563e-07	-6.408730e-07	3385
562922	1.362427e-07	-7.647527e-07	-6.408924e-07	3385
571178	1.361711e-07	-7.647491e-07	-6.409119e-07	3385
579434	1.360996e-07	-7.647456e-07	-6.409314e-07	3385
587690	1.360280e-07	-7.647420e-07	-6.409508e-07	3385
595946	1.359565e-07	-7.647384e-07	-6.409703e-07	3385
604202	1.358849e-07	-7.647349e-07	-6.409897e-07	3385
612458	1.358134e-07	-7.647313e-07	-6.410091e-07	3385
620714	1.357418e-07	-7.647278e-07	-6.410285e-07	3385
628970	1.356703e-07	-7.647242e-07	-6.410479e-07	3385
637226	1.355987e-07	-7.647207e-07	-6.410673e-07	3385
645482	1.355272e-07	-7.647171e-07	-6.410866e-07	3385
653738	1.354556e-07	-7.647135e-07	-6.411060e-07	3385
661994	1.353840e-07	-7.647100e-07	-6.411254e-07	3385
670250	1.353124e-07	-7.647064e-07	-6.411447e-07	3385
678506	1.352409e-07	-7.647029e-07	-6.411640e-07	3385
686762	1.351693e-07	-7.646994e-07	-6.411834e-07	3385
695018	1.350977e-07	-7.646958e-07	-6.412026e-07	3385
703274	1.350261e-07	-7.646923e-07	-6.412220e-07	3385
711530	1.349545e-07	-7.646888e-07	-6.412412e-07	3385
719786	1.348829e-07	-7.646852e-07	-6.412605e-07	3385
728042	1.348113e-07	-7.646817e-07	-6.412798e-07	3385
736298	1.347398e-07	-7.646781e-07	-6.412990e-07	3385
744554	1.346681e-07	-7.646746e-07	-6.413183e-07	3385
752810	1.345965e-07	-7.646711e-07	-6.413375e-07	3385
761066	1.345249e-07	-7.646676e-07	-6.413568e-07	3385
769322	1.344533e-07	-7.646640e-07	-6.413760e-07	3385
777578	1.343817e-07	-7.646605e-07	-6.413952e-07	3385
785834	1.343101e-07	-7.646570e-07	-6.414144e-07	3385
794090	1.342385e-07	-7.646535e-07	-6.414336e-07	3385
802346	1.341669e-07	-7.646499e-07	-6.414527e-07	3385
810602	1.340952e-07	-7.646464e-07	-6.414719e-07	3385
818858	1.340236e-07	-7.646429e-07	-6.414911e-07	3385
827114	1.339520e-07	-7.646394e-07	-6.415102e-07	3385
835370	1.338804e-07	-7.646359e-07	-6.415294e-07	3385
843626	1.338087e-07	-7.646324e-07	-6.415485e-07	3385
851882	1.337371e-07	-7.646289e-07	-6.415676e-07	3385
860138	1.336655e-07	-7.646254e-07	-6.415867e-07	3385
868394	1.335938e-07	-7.646219e-07	-6.416058e-07	3385
876650	1.335222e-07	-7.646184e-07	-6.416249e-07	3385
884906	1.334505e-07	-7.646149e-07	-6.416440e-07	3385
893162	1.333789e-07	-7.646114e-07	-6.416630e-07	3385
901418	1.333072e-07	-7.646079e-07	-6.416820e-07	3385
909674	1.332356e-07	-7.646044e-07	-6.417011e-07	3385
917930	1.331639e-07	-7.646009e-07	-6.417201e-07	3385
926186	1.330922e-07	-7.645974e-07	-6.417392e-07	3385
934442	1.330206e-07	-7.645939e-07	-6.417582e-07	3385
942698	1.329489e-07	-7.645905e-07	-6.417772e-07	3385
950954	1.328772e-07	-7.645870e-07	-6.417962e-07	3385
959210	1.328056e-07	-7.645835e-07	-6.418152e-07	3385
967466	1.327339e-07	-7.645800e-07	-6.418341e-07	3385
975722	1.326622e-07	-7.645766e-07	-6.418531e-07	3385
983978	1.325905e-07	-7.645731e-07	-6.418720e-07	3385
992234	1.325188e-07	-7.645696e-07	-6.418910e-07	3385
1000490	1.324471e-07	-7.645661e-07	-6.419099e-07	3385
1008746	1.323755e-07	-7.645626e-07	-6.419288e-07	3385
1017002	1.323038e-07	-7.645592e-07	-6.419477e-07	3385
1025258	1.322321e-07	-7.645557e-07	-6.419667e-07	3385
1033514	1.321604e-07	-7.645523e-07	-6.419855e-07	3385
1041770	1.320887e-07	-7.645488e-07	-6.420044e-07	3385
1050026	1.320170e-07	-7.645453e-07	-6.420233e-07	3385
1058282	1.319453e-07	-7.645419e-07	-6.420422e-07	3385
1066538	1.318735e-07	-7.645384e-07	-6.420610e-07	3385
1074794	1.318018e-07	-7.645349e-07	-6.420798e-07	3385
1083050	1.317301e-07	-7.645315e-07	-6.420987e-07	3385
1091306	1.316584e-07	-7.645281e-07	-6.421175e-07	3385
1099562	1.315867e-07	-7.645246e-07	-6.421363e-07	3385
1107818	1.315150e-07	-7.645212e-07	-6.421550e-07	3385
1116074	1.314432e-07	-7.645177e-07	-6.421739e-07	3385
1124330	1.313715e-07	-7.645143e-07	-6.421926e-07	3385
1132586	1.312998e-07	-7.645108e-07	-6.422114e-07	3385
1140842	1.312280e-07	-7.645074e-07	-6.422301e-07	3385
1149098	1.311563e-07	-7.645040e-07	-6.422489e-07	3385
3431	2.142867e-07	-7.569641e-07	-6.583895e-07	7993
11687	2.142124e-07	-7.569585e-07	-6.584202e-07	7993
19943	2.141382e-07	-7.569528e-07	-6.584508e-07	7993
28199	2.140639e-07	-7.569472e-07	-6.584814e-07	7993
36455	2.139896e-07	-7.569416e-07	-6.585120e-07	7993
44711	2.139153e-07	-7.569359e-07	-6.585427e-07	7993
52967	2.138411e-07	-7.569303e-07	-6.585732e-07	7993
61223	2.137668e-07	-7.569247e-07	-6.586039e-07	7993
69479	2.136925e-07	-7.569190e-07	-6.586345e-07	7993
77735	2.136182e-07	-7.569134e-07	-6.586650e-07	7993
85991	2.135439e-07	-7.569078e-07	-6.586956e-07	7993
94247	2.134696e-07	-7.569021e-07	-6.587261e-07	7993
102503	2.133953e-07	-7.568965e-07	-6.587567e-07	7993
110759	2.133210e-07	-7.568909e-07	-6.587872e-07	7993
119015	2.132467e-07	-7.568853e-07	-6.588177e-07	7993
127271	2.131723e-07	-7.568797e-07	-6.588482e-07	7993
135527	2.130980e-07	-7.568740e-07	-6.588787e-07	7993
143783	2.130237e-07	-7.568684e-07	-6.589092e-07	7993
152039	2.129494e-07	-7.568628e-07	-6.589397e-07	7993
160295	2.128750e-07	-7.568572e-07	-6.589701e-07	7993
168551	2.128007e-07	-7.568516e-07	-6.590006e-07	7993
176807	2.127263e-07	-7.568460e-07	-6.590310e-07	7993
185063	2.126520e-07	-7.568404e-07	-6.590615e-07	7993
193319	2.125776e-07	-7.568348e-07	-6.590919e-07	7993
201575	2.125033e-07	-7.568292e-07	-6.591223e-07	7993
209831	2.124289e-07	-7.568236e-07	-6.591527e-07	7993
218087	2.123545e-07	-7.568180e-07	-6.591831e-07	7993
226343	2.122802e-07	-7.568124e-07	-6.592135e-07	7993
234599	2.122058e-07	-7.568068e-07	-6.592438e-07	7993
242855	2.121314e-07	-7.568012e-07	-6.592742e-07	7993
251111	2.120570e-07	-7.567956e-07	-6.593045e-07	7993
259367	2.119826e-07	-7.567900e-07	-6.593348e-07	7993
267623	2.119082e-07	-7.567845e-07	-6.593652e-07	7993
275879	2.118338e-07	-7.567788e-07	-6.593955e-07	7993
284135	2.117594e-07	-7.567733e-07	-6.594258e-07	7993
292391	2.116850e-07	-7.567677e-07	-6.594561e-07	7993
300647	2.116106e-07	-7.567621e-07	-6.594864e-07	7993
308903	2.115362e-07	-7.567565e-07	-6.595166e-07	7993
317159	2.114617e-07	-7.567510e-07	-6.595469e-07	7993
325415	2.113873e-07	-7.567454e-07	-6.595772e-07	7993
333671	2.113129e-07	-7.567398e-07	-6.596074e-07	7993
341927	2.112384e-07	-7.567343e-07	-6.596376e-07	7993
350183	2.111640e-07	-7.567287e-07	-6.596678e-07	7993
358439	2.110896e-07	-7.567231e-07	-6.596981e-07	7993
366695	2.110151e-07	-7.567176e-07	-6.597282e-07	7993
374951	2.109406e-07	-7.567120e-07	-6.597584e-07	7993
383207	2.108662e-07	-7.567065e-07	-6.597886e-07	7993
391463	2.107917e-07	-7.567009e-07	-6.598188e-07	7993
399719	2.107172e-07	-7.566953e-07	-6.598489e-07	7993
407975	2.106428e-07	-7.566898e-07	-6.598790e-07	7993
416231	2.105683e-07	-7.566842e-07	-6.599092e-07	7993
424487	2.104938e-07	-7.566787e-07	-6.599393e-07	7993
432743	2.104193e-07	-7.566732e-07	-6.599694e-07	7993
440999	2.103448e-07	-7.566676e-07	-6.599996e-07	7993
449255	2.102703e-07	-7.566621e-07	-6.600296e-07	7993
457511	2.101959e-07	-7.566565e-07	-6.600597e-07	7993
465767	2.101213e-07	-7.566510e-07	-6.600898e-07	7993
474023	2.100468e-07	-7.566455e-07	-6.601198e-07	7993
482279	2.099723e-07	-7.566399e-07	-6.601499e-07	7993
490535	2.098978e-07	-7.566344e-07	-6.601799e-07	7993
498791	2.098233e-07	-7.566289e-07	-6.602099e-07	7993
507047	2.097488e-07	-7.566233e-07	-6.602399e-07	7993
515303	2.096742e-07	-7.566178e-07	-6.602700e-07	7993
523559	2.095997e-07	-7.566123e-07	-6.603000e-07	7993
531815	2.095252e-07	-7.566068e-07	-6.603299e-07	7993
540071	2.094506e-07	-7.566013e-07	-6.603599e-07	7993
548327	2.093761e-07	-7.565957e-07	-6.603899e-07	7993
556583	2.093015e-07	-7.565902e-07	-6.604199e-07	7993
564839	2.092269e-07	-7.565847e-07	-6.604498e-07	7993
573095	2.091524e-07	-7.565792e-07	-6.604797e-07	7993
581351	2.090778e-07	-7.565737e-07	-6.605096e-07	7993
589607	2.090032e-07	-7.565682e-07	-6.605395e-07	7993
597863	2.089287e-07	-7.565627e-07	-6.605694e-07	7993
606119	2.088541e-07	-7.565571e-07	-6.605993e-07	7993
614375	2.087795e-07	-7.565516e-07	-6.606292e-07	7993
622631	2.087049e-07	-7.565462e-07	-6.606591e-07	7993
630887	2.086303e-07	-7.565407e-07	-6.606889e-07	7993
639143	2.085557e-07	-7.565351e-07	-6.607187e-07	7993
647399	2.084811e-07	-7.565297e-07	-6.607486e-07	7993
655655	2.084065e-07	-7.565242e-07	-6.607784e-07	7993
663911	2.083319e-07	-7.565187e-07	-6.608082e-07	7993
672167	2.082573e-07	-7.565132e-07	-6.608380e-07	7993
680423	2.081827e-07	-7.565077e-07	-6.608678e-07	7993
688679	2.081080e-07	-7.565022e-07	-6.608976e-07	7993
696935	2.080334e-07	-7.564968e-07	-6.609274e-07	7993
705191	2.079588e-07	-7.564913e-07	-6.609571e-07	7993
713447	2.078842e-07	-7.564858e-07	-6.609869e-07	7993
721703	2.078095e-07	-7.564803e-07	-6.610166e-07	7993
729959	2.077349e-07	-7.564748e-07	-6.610463e-07	7993
738215	2.076602e-07	-7.564694e-07	-6.610761e-07	7993
746471	2.075856e-07	-7.564639e-07	-6.611057e-07	7993
754727	2.075109e-07	-7.564584e-07	-6.611355e-07	7993
762983	2.074362e-07	-7.564529e-07	-6.611651e-07	7993
771239	2.073616e-07	-7.564475e-07	-6.611948e-07	7993
779495	2.072869e-07	-7.564420e-07	-6.612245e-07	7993
787751	2.072122e-07	-7.564366e-07	-6.612541e-07	7993
796007	2.071375e-07	-7.564311e-07	-6.612838e-07	7993
804263	2.070629e-07	-7.564257e-07	-6.613134e-07	7993
812519	2.069882e-07	-7.564202e-07	-6.613430e-07	7993
820775	2.069135e-07	-7.564147e-07	-6.613726e-07	7993
829031	2.068388e-07	-7.564093e-07	-6.614022e-07	7993
837287	2.067641e-07	-7.564038e-07	-6.614318e-07	7993
845543	2.066894e-07	-7.563984e-07	-6.614614e-07	7993
853799	2.066146e-07	-7.563930e-07	-6.614910e-07	7993
862055	2.065399e-07	-7.563875e-07	-6.615205e-07	7993
870311	2.064652e-07	-7.563821e-07	-6.615501e-07	7993
878567	2.063905e-07	-7.563767e-07	-6.615796e-07	7993
886823	2.063157e-07	-7.563712e-07	-6.616091e-07	7993
895079	2.062410e-07	-7.563658e-07	-6.616386e-07	7993
903335	2.061663e-07	-7.563604e-07	-6.616681e-07	7993
911591	2.060915e-07	-7.563549e-07	-6.616976e-07	7993
919847	2.060168e-07	-7.563495e-07	-6.617271e-07	7993
928103	2.059420e-07	-7.563440e-07	-6.617566e-07	7993
936359	2.058673e-07	-7.563386e-07	-6.617860e-07	7993
944615	2.057925e-07	-7.563332e-07	-6.618155e-07	7993
952871	2.057178e-07	-7.563278e-07	-6.618449e-07	7993
961127	2.056430e-07	-7.563224e-07	-6.618743e-07	7993
969383	2.055682e-07	-7.563170e-07	-6.619038e-07	7993
977639	2.054934e-07	-7.563115e-07	-6.619331e-07	7993
985895	2.054187e-07	-7.563061e-07	-6.619625e-07	7993
994151	2.053439e-07	-7.563007e-07	-6.619919e-07	7993
1002407	2.052691e-07	-7.562953e-07	-6.620213e-07	7993
1010663	2.051943e-07	-7.562899e-07	-6.620507e-07	7993
1018919	2.051195e-07	-7.562845e-07	-6.620800e-07	7993
1027175	2.050447e-07	-7.562791e-07	-6.621094e-07	7993
1035431	2.049699e-07	-7.562737e-07	-6.621387e-07	7993
1043687	2.048951e-07	-7.562683e-07	-6.621680e-07	7993
1051943	2.048202e-07	-7.562629e-07	-6.621973e-07	7993
1060199	2.047454e-07	-7.562575e-07	-6.622266e-07	7993
1068455	2.046706e-07	-7.562521e-07	-6.622559e-07	7993
1076711	2.045958e-07	-7.562467e-07	-6.622852e-07	7993
1084967	2.045209e-07	-7.562413e-07	-6.623144e-07	7993
1093223	2.044461e-07	-7.562360e-07	-6.623437e-07	7993
1101479	2.043712e-07	-7.562306e-07	-6.623729e-07	7993
1109735	2.042964e-07	-7.562252e-07	-6.624022e-07	7993
1117991	2.042215e-07	-7.562198e-07	-6.624314e-07	7993
1126247	2.041467e-07	-7.562144e-07	-6.624606e-07	7993
1134503	2.040718e-07	-7.562090e-07	-6.624898e-07	7993
1142759	2.039970e-07	-7.562037e-07	-6.625190e-07	7993
1151015	2.039221e-07	-7.561983e-07	-6.625482e-07	7993
6625	3.347440e-07	-7.542153e-07	-7.026920e-07	18526
14881	3.346633e-07	-7.542064e-07	-7.027399e-07	18526
23137	3.345826e-07	-7.541976e-07	-7.027878e-07	18526
31393	3.345019e-07	-7.541887e-07	-7.028357e-07	18526
39649	3.344212e-07	-7.541799e-07	-7.028836e-07	18526
47905	3.343405e-07	-7.541710e-07	-7.029315e-07	18526
56161	3.342598e-07	-7.541622e-07	-7.029793e-07	18526
64417	3.341790e-07	-7.541533e-07	-7.030272e-07	18526
72673	3.340983e-07	-7.541445e-07	-7.030750e-07	18526
80929	3.340176e-07	-7.541357e-07	-7.031229e-07	18526
89185	3.339368e-07	-7.541269e-07	-7.031707e-07	18526
97441	3.338561e-07	-7.541180e-07	-7.032185e-07	18526
105697	3.337753e-07	-7.541092e-07	-7.032663e-07	18526
113953	3.336945e-07	-7.541004e-07	-7.033141e-07	18526
122209	3.336138e-07	-7.540916e-07	-7.033619e-07	18526
130465	3.335330e-07	-7.540827e-07	-7.034097e-07	18526
138721	3.334522e-07	-7.540739e-07	-7.034574e-07	18526
146977	3.333714e-07	-7.540651e-07	-7.035052e-07	18526
155233	3.332906e-07	-7.540563e-07	-7.035529e-07	18526
163489	3.332098e-07	-7.540475e-07	-7.036006e-07	18526
171745	3.331290e-07	-7.540387e-07	-7.036483e-07	18526
180001	3.330481e-07	-7.540299e-07	-7.036960e-07	18526
188257	3.329673e-07	-7.540211e-07	-7.037437e-07	18526
196513	3.328865e-07	-7.540123e-07	-7.037914e-07	18526
204769	3.328056e-07	-7.540035e-07	-7.038390e-07	18526
213025	3.327248e-07	-7.539947e-07	-7.038867e-07	18526
221281	3.326439e-07	-7.539859e-07	-7.039343e-07	18526
229537	3.325630e-07	-7.539771e-07	-7.039819e-07	18526
237793	3.324822e-07	-7.539683e-07	-7.040296e-07	18526
246049	3.324013e-07	-7.539595e-07	-7.040771e-07	18526
254305	3.323204e-07	-7.539507e-07	-7.041248e-07	18526
262561	3.322395e-07	-7.539419e-07	-7.041724e-07	18526
270817	3.321586e-07	-7.539331e-07	-7.042199e-07	18526
279073	3.320777e-07	-7.539244e-07	-7.042674e-07	18526
287329	3.319968e-07	-7.539156e-07	-7.043150e-07	18526
295585	3.319159e-07	-7.539068e-07	-7.043625e-07	18526
303841	3.318349e-07	-7.538981e-07	-7.044101e-07	18526
312097	3.317540e-07	-7.538893e-07	-7.044576e-07	18526
320353	3.316730e-07	-7.538805e-07	-7.045051e-07	18526
328609	3.315921e-07	-7.538717e-07	-7.045526e-07	18526
336865	3.315111e-07	-7.538630e-07	-7.046000e-07	18526
345121	3.314302e-07	-7.538542e-07	-7.046475e-07	18526
353377	3.313492e-07	-7.538454e-07	-7.046950e-07	18526
361633	3.312682e-07	-7.538367e-07	-7.047424e-07	18526
369889	3.311872e-07	-7.538279e-07	-7.047898e-07	18526
378145	3.311062e-07	-7.538192e-07	-7.048372e-07	18526
386401	3.310252e-07	-7.538104e-07	-7.048847e-07	18526
394657	3.309442e-07	-7.538017e-07	-7.049321e-07	18526
402913	3.308632e-07	-7.537929e-07	-7.049794e-07	18526
411169	3.307822e-07	-7.537841e-07	-7.050268e-07	18526
419425	3.307011e-07	-7.537755e-07	-7.050742e-07	18526
427681	3.306201e-07	-7.537667e-07	-7.051215e-07	18526
435937	3.305391e-07	-7.537579e-07	-7.051688e-07	18526
444193	3.304580e-07	-7.537492e-07	-7.052162e-07	18526
452449	3.303769e-07	-7.537405e-07	-7.052635e-07	18526
460705	3.302959e-07	-7.537317e-07	-7.053108e-07	18526
468961	3.302148e-07	-7.537230e-07	-7.053580e-07	18526
477217	3.301337e-07	-7.537143e-07	-7.054053e-07	18526
485473	3.300526e-07	-7.537055e-07	-7.054526e-07	18526
493729	3.299716e-07	-7.536968e-07	-7.054999e-07	18526
501985	3.298904e-07	-7.536881e-07	-7.055471e-07	18526
510241	3.298094e-07	-7.536794e-07	-7.055943e-07	18526
518497	3.297282e-07	-7.536707e-07	-7.056416e-07	18526
526753	3.296471e-07	-7.536619e-07	-7.056888e-07	18526
535009	3.295660e-07	-7.536532e-07	-7.057359e-07	18526
543265	3.294848e-07	-7.536445e-07	-7.057831e-07	18526
551521	3.294037e-07	-7.536358e-07	-7.058303e-07	18526
559777	3.293225e-07	-7.536271e-07	-7.058775e-07	18526
568033	3.292414e-07	-7.536184e-07	-7.059247e-07	18526
576289	3.291602e-07	-7.536097e-07	-7.059718e-07	18526
584545	3.290791e-07	-7.536010e-07	-7.060189e-07	18526
592801	3.289979e-07	-7.535923e-07	-7.060660e-07	18526
601057	3.289167e-07	-7.535836e-07	-7.061131e-07	18526
609313	3.288355e-07	-7.535749e-07	-7.061602e-07	18526
617569	3.287543e-07	-7.535662e-07	-7.062073e-07	18526
625825	3.286731e-07	-7.535575e-07	-7.062544e-07	18526
634081	3.285919e-07	-7.535488e-07	-7.063014e-07	18526
642337	3.285107e-07	-7.535402e-07	-7.063485e-07	18526
650593	3.284295e-07	-7.535315e-07	-7.063955e-07	18526
658849	3.283482e-07	-7.535228e-07	-7.064425e-07	18526
667105	3.282670e-07	-7.535141e-07	-7.064895e-07	18526
675361	3.281857e-07	-7.535054e-07	-7.065365e-07	18526
683617	3.281045e-07	-7.534967e-07	-7.065835e-07	18526
691873	3.280232e-07	-7.534881e-07	-7.066305e-07	18526
700129	3.279420e-07	-7.534794e-07	-7.066774e-07	18526
708385	3.278607e-07	-7.534708e-07	-7.067244e-07	18526
716641	3.277794e-07	-7.534621e-07	-7.067713e-07	18526
724897	3.276981e-07	-7.534534e-07	-7.068183e-07	18526
733153	3.276168e-07	-7.534447e-07	-7.068652e-07	18526
741409	3.275355e-07	-7.534361e-07	-7.069121e-07	18526
749665	3.274542e-07	-7.534275e-07	-7.069590e-07	18526
757921	3.273729e-07	-7.534188e-07	-7.070059e-07	18526
766177	3.272916e-07	-7.534101e-07	-7.070528e-07	18526
774433	3.272102e-07	-7.534015e-07	-7.070996e-07	18526
782689	3.271289e-07	-7.533928e-07	-7.071465e-07	18526
790945	3.270476e-07	-7.533842e-07	-7.071933e-07	18526
799201	3.269662e-07	-7.533756e-07	-7.072401e-07	18526
807457	3.268848e-07	-7.533669e-07	-7.072869e-07	18526
815713	3.268035e-07	-7.533583e-07	-7.073338e-07	18526
823969	3.267221e-07	-7.533496e-07	-7.073805e-07	18526
832225	3.266407e-07	-7.533410e-07	-7.074273e-07	18526
840481	3.265593e-07	-7.533324e-07	-7.074740e-07	18526
848737	3.264779e-07	-7.533237e-07	-7.075208e-07	18526
856993	3.263965e-07	-7.533151e-07	-7.075676e-07	18526
865249	3.263151e-07	-7.533065e-07	-7.076143e-07	18526
873505	3.262337e-07	-7.532979e-07	-7.076610e-07	18526
881761	3.261523e-07	-7.532892e-07	-7.077077e-07	18526
890017	3.260709e-07	-7.532806e-07	-7.077544e-07	18526
898273	3.259894e-07	-7.532720e-07	-7.078011e-07	18526
906529	3.259080e-07	-7.532634e-07	-7.078478e-07	18526
914785	3.258266e-07	-7.532548e-07	-7.078945e-07	18526
923041	3.257451e-07	-7.532461e-07	-7.079411e-07	18526
931297	3.256636e-07	-7.532375e-07	-7.079877e-07	18526
939553	3.255822e-07	-7.532289e-07	-7.080343e-07	18526
947809	3.255007e-07	-7.532203e-07	-7.080810e-07	18526
956065	3.254192e-07	-7.532117e-07	-7.081276e-07	18526
964321	3.253377e-07	-7.532031e-07	-7.081741e-07	18526
972577	3.252562e-07	-7.531945e-07	-7.082207e-07	18526
980833	3.251747e-07	-7.531859e-07	-7.082673e-07	18526
989089	3.250932e-07	-7.531773e-07	-7.083138e-07	18526
997345	3.250117e-07	-7.531688e-07	-7.083604e-07	18526
1005601	3.249302e-07	-7.531601e-07	-7.084069e-07	18526
1013857	3.248486e-07	-7.531515e-07	-7.084535e-07	18526
1022113	3.247671e-07	-7.531430e-07	-7.085000e-07	18526
1030369	3.246855e-07	-7.531344e-07	-7.085465e-07	18526
1038625	3.246040e-07	-7.531258e-07	-7.085929e-07	18526
1046881	3.245224e-07	-7.531172e-07	-7.086394e-07	18526
1055137	3.244409e-07	-7.531087e-07	-7.086859e-07	18526
1063393	3.243593e-07	-7.531001e-07	-7.087323e-07	18526
1071649	3.242777e-07	-7.530915e-07	-7.087788e-07	18526
1079905	3.241962e-07	-7.530829e-07	-7.088252e-07	18526
1088161	3.241146e-07	-7.530743e-07	-7.088716e-07	18526
1096417	3.240330e-07	-7.530658e-07	-7.089180e-07	18526
1104673	3.239513e-07	-7.530572e-07	-7.089644e-07	18526
1112929	3.238697e-07	-7.530487e-07	-7.090108e-07	18526
1121185	3.237881e-07	-7.530401e-07	-7.090571e-07	18526
1129441	3.237065e-07	-7.530315e-07	-7.091035e-07	18526
1137697	3.236248e-07	-7.530230e-07	-7.091498e-07	18526
1145953	3.235432e-07	-7.530144e-07	-7.091962e-07	18526
1154209	3.234616e-07	-7.530059e-07	-7.092425e-07	18526
6568	2.309510e-07	-7.147112e-07	-6.369099e-07	18270
14824	2.308787e-07	-7.147051e-07	-6.369430e-07	18270
23080	2.308064e-07	-7.146990e-07	-6.369760e-07	18270
31336	2.307340e-07	-7.146929e-07	-6.370091e-07	18270
39592	2.306617e-07	-7.146868e-07	-6.370421e-07	18270
47848	2.305894e-07	-7.146808e-07	-6.370751e-07	18270
56104	2.305171e-07	-7.146747e-07	-6.371081e-07	18270
64360	2.304448e-07	-7.146686e-07	-6.371411e-07	18270
72616	2.303724e-07	-7.146625e-07	-6.371740e-07	18270
80872	2.303001e-07	-7.146564e-07	-6.372070e-07	18270
89128	2.302277e-07	-7.146504e-07	-6.372400e-07	18270
97384	2.301554e-07	-7.146443e-07	-6.372729e-07	18270
105640	2.300830e-07	-7.146382e-07	-6.373058e-07	18270
113896	2.300107e-07	-7.146322e-07	-6.373388e-07	18270
122152	2.299383e-07	-7.146261e-07	-6.373717e-07	18270
130408	2.298659e-07	-7.146201e-07	-6.374046e-07	18270
138664	2.297936e-07	-7.146140e-07	-6.374375e-07	18270
146920	2.297212e-07	-7.146079e-07	-6.374704e-07	18270
155176	2.296488e-07	-7.146019e-07	-6.375033e-07	18270
163432	2.295764e-07	-7.145958e-07	-6.375361e-07	18270
171688	2.295040e-07	-7.145898e-07	-6.375690e-07	18270
179944	2.294316e-07	-7.145837e-07	-6.376018e-07	18270
188200	2.293592e-07	-7.145777e-07	-6.376346e-07	18270
196456	2.292868e-07	-7.145716e-07	-6.376674e-07	18270
204712	2.292144e-07	-7.145655e-07	-6.377002e-07	18270
212968	2.291420e-07	-7.145595e-07	-6.377330e-07	18270
221224	2.290695e-07	-7.145534e-07	-6.377658e-07	18270
229480	2.289971e-07	-7.145474e-07	-6.377986e-07	18270
237736	2.289247e-07	-7.145414e-07	-6.378314e-07	18270
245992	2.288522e-07	-7.145353e-07	-6.378642e-07	18270
254248	2.287798e-07	-7.145293e-07	-6.378969e-07	18270
262504	2.287073e-07	-7.145233e-07	-6.379296e-07	18270
270760	2.286349e-07	-7.145172e-07	-6.379624e-07	18270
279016	2.285624e-07	-7.145112e-07	-6.379951e-07	18270
287272	2.284900e-07	-7.145052e-07	-6.380278e-07	18270
295528	2.284175e-07	-7.144992e-07	-6.380605e-07	18270
303784	2.283450e-07	-7.144931e-07	-6.380932e-07	18270
312040	2.282726e-07	-7.144871e-07	-6.381258e-07	18270
320296	2.282001e-07	-7.144811e-07	-6.381585e-07	18270
328552	2.281276e-07	-7.144750e-07	-6.381912e-07	18270
336808	2.280551e-07	-7.144690e-07	-6.382238e-07	18270
345064	2.279826e-07	-7.144630e-07	-6.382564e-07	18270
353320	2.279101e-07	-7.144570e-07	-6.382891e-07	18270
361576	2.278376e-07	-7.144510e-07	-6.383217e-07	18270
369832	2.277651e-07	-7.144450e-07	-6.383543e-07	18270
378088	2.276926e-07	-7.144390e-07	-6.383869e-07	18270
386344	2.276200e-07	-7.144330e-07	-6.384195e-07	18270
394600	2.275475e-07	-7.144270e-07	-6.384520e-07	18270
402856	2.274750e-07	-7.144210e-07	-6.384846e-07	18270
411112	2.274025e-07	-7.144150e-07	-6.385171e-07	18270
419368	2.273299e-07	-7.144089e-07	-6.385497e-07	18270
427624	2.272574e-07	-7.144030e-07	-6.385822e-07	18270
435880	2.271848e-07	-7.143970e-07	-6.386147e-07	18270
444136	2.271123e-07	-7.143910e-07	-6.386472e-07	18270
452392	2.270397e-07	-7.143850e-07	-6.386798e-07	18270
460648	2.269671e-07	-7.143790e-07	-6.387122e-07	18270
468904	2.268946e-07	-7.143730e-07	-6.387447e-07	18270
477160	2.268220e-07	-7.143670e-07	-6.387772e-07	18270
485416	2.267494e-07	-7.143611e-07	-6.388096e-07	18270
493672	2.266768e-07	-7.143551e-07	-6.388420e-07	18270
501928	2.266042e-07	-7.143491e-07	-6.388745e-07	18270
510184	2.265317e-07	-7.143431e-07	-6.389069e-07	18270
518440	2.264591e-07	-7.143371e-07	-6.389394e-07	18270
526696	2.263865e-07	-7.143312e-07	-6.389718e-07	18270
534952	2.263138e-07	-7.143252e-07	-6.390042e-07	18270
543208	2.262412e-07	-7.143192e-07	-6.390365e-07	18270
551464	2.261686e-07	-7.143133e-07	-6.390689e-07	18270
559720	2.260960e-07	-7.143073e-07	-6.391012e-07	18270
567976	2.260234e-07	-7.143013e-07	-6.391336e-07	18270
576232	2.259507e-07	-7.142954e-07	-6.391659e-07	18270
584488	2.258781e-07	-7.142894e-07	-6.391983e-07	18270
592744	2.258055e-07	-7.142835e-07	-6.392306e-07	18270
601000	2.257328e-07	-7.142775e-07	-6.392629e-07	18270
609256	2.256602e-07	-7.142716e-07	-6.392952e-07	18270
617512	2.255875e-07	-7.142656e-07	-6.393275e-07	18270
625768	2.255149e-07	-7.142597e-07	-6.393598e-07	18270
634024	2.254422e-07	-7.142537e-07	-6.393921e-07	18270
642280	2.253695e-07	-7.142478e-07	-6.394243e-07	18270
650536	2.252968e-07	-7.142418e-07	-6.394566e-07	18270
658792	2.252242e-07	-7.142359e-07	-6.394888e-07	18270
667048	2.251515e-07	-7.142299e-07	-6.395210e-07	18270
675304	2.250788e-07	-7.142240e-07	-6.395533e-07	18270
683560	2.250061e-07	-7.142181e-07	-6.395854e-07	18270
691816	2.249334e-07	-7.142121e-07	-6.396177e-07	18270
700072	2.248607e-07	-7.142062e-07	-6.396498e-07	18270
708328	2.247880e-07	-7.142003e-07	-6.396820e-07	18270
716584	2.247153e-07	-7.141944e-07	-6.397142e-07	18270
724840	2.246425e-07	-7.141884e-07	-6.397463e-07	18270
733096	2.245698e-07	-7.141825e-07	-6.397785e-07	18270
741352	2.244971e-07	-7.141766e-07	-6.398106e-07	18270
749608	2.244244e-07	-7.141707e-07	-6.398427e-07	18270
757864	2.243516e-07	-7.141647e-07	-6.398748e-07	18270
766120	2.242789e-07	-7.141588e-07	-6.399069e-07	18270
774376	2.242061e-07	-7.141529e-07	-6.399391e-07	18270
782632	2.241334e-07	-7.141470e-07	-6.399711e-07	18270
790888	2.240606e-07	-7.141411e-07	-6.400032e-07	18270
799144	2.239879e-07	-7.141352e-07	-6.400352e-07	18270
807400	2.239151e-07	-7.141293e-07	-6.400673e-07	18270
815656	2.238423e-07	-7.141234e-07	-6.400994e-07	18270
823912	2.237696e-07	-7.141174e-07	-6.401314e-07	18270
832168	2.236968e-07	-7.141115e-07	-6.401634e-07	18270
840424	2.236240e-07	-7.141057e-07	-6.401954e-07	18270
848680	2.235512e-07	-7.140998e-07	-6.402274e-07	18270
856936	2.234784e-07	-7.140939e-07	-6.402594e-07	18270
865192	2.234056e-07	-7.140880e-07	-6.402914e-07	18270
873448	2.233328e-07	-7.140821e-07	-6.403233e-07	18270
881704	2.232600e-07	-7.140762e-07	-6.403553e-07	18270
889960	2.231872e-07	-7.140703e-07	-6.403872e-07	18270
898216	2.231144e-07	-7.140644e-07	-6.404192e-07	18270
906472	2.230416e-07	-7.140586e-07	-6.404511e-07	18270
914728	2.229687e-07	-7.140526e-07	-6.404830e-07	18270
922984	2.228959e-07	-7.140468e-07	-6.405149e-07	18270
931240	2.228231e-07	-7.140409e-07	-6.405468e-07	18270
939496	2.227502e-07	-7.140350e-07	-6.405787e-07	18270
947752	2.226774e-07	-7.140292e-07	-6.406106e-07	18270
956008	2.226045e-07	-7.140233e-07	-6.406424e-07	18270
964264	2.225317e-07	-7.140174e-07	-6.406743e-07	18270
972520	2.224588e-07	-7.140115e-07	-6.407061e-07	18270
980776	2.223859e-07	-7.140057e-07	-6.407379e-07	18270
989032	2.223131e-07	-7.139998e-07	-6.407698e-07	18270
997288	2.222402e-07	-7.139939e-07	-6.408016e-07	18270
1005544	2.221673e-07	-7.139881e-07	-6.408334e-07	18270
1013800	2.220945e-07	-7.139822e-07	-6.408652e-07	18270
1022056	2.220216e-07	-7.139764e-07	-6.408969e-07	18270
1030312	2.219487e-07	-7.139705e-07	-6.409287e-07	18270
1038568	2.218758e-07	-7.139647e-07	-6.409605e-07	18270
1046824	2.218029e-07	-7.139588e-07	-6.409922e-07	18270
1055080	2.217300e-07	-7.139530e-07	-6.410240e-07	18270
1063336	2.216570e-07	-7.139471e-07	-6.410557e-07	18270
1071592	2.215841e-07	-7.139413e-07	-6.410874e-07	18270
1079848	2.215112e-07	-7.139354e-07	-6.411191e-07	18270
1088104	2.214383e-07	-7.139296e-07	-6.411508e-07	18270
1096360	2.213654e-07	-7.139238e-07	-6.411825e-07	18270
1104616	2.212924e-07	-7.139179e-07	-6.412142e-07	18270
1112872	2.212195e-07	-7.139121e-07	-6.412458e-07	18270
1121128	2.211465e-07	-7.139063e-07	-6.412775e-07	18270
1129384	2.210736e-07	-7.139004e-07	-6.413091e-07	18270
1137640	2.210006e-07	-7.138946e-07	-6.413408e-07	18270
1145896	2.209277e-07	-7.138888e-07	-6.413724e-07	18270
1154152	2.208547e-07	-7.138830e-07	-6.414040e-07	18270
3814	2.217608e-07	-7.103779e-07	-6.357809e-07	9018
12070	2.216885e-07	-7.103721e-07	-6.358126e-07	9018
20326	2.216162e-07	-7.103663e-07	-6.358443e-07	9018
28582	2.215440e-07	-7.103604e-07	-6.358760e-07	9018
36838	2.214717e-07	-7.103546e-07	-6.359077e-07	9018
45094	2.213994e-07	-7.103487e-07	-6.359394e-07	9018
53350	2.213272e-07	-7.103429e-07	-6.359711e-07	9018
61606	2.212549e-07	-7.103371e-07	-6.360028e-07	9018
69862	2.211826e-07	-7.103312e-07	-6.360344e-07	9018
78118	2.211103e-07	-7.103254e-07	-6.360661e-07	9018
86374	2.210380e-07	-7.103196e-07	-6.360977e-07	9018
94630	2.209657e-07	-7.103138e-07	-6.361294e-07	9018
102886	2.208934e-07	-7.103079e-07	-6.361610e-07	9018
111142	2.208211e-07	-7.103021e-07	-6.361926e-07	9018
119398	2.207488e-07	-7.102963e-07	-6.362242e-07	9018
127654	2.206764e-07	-7.102905e-07	-6.362557e-07	9018
135910	2.206041e-07	-7.102847e-07	-6.362873e-07	9018
144166	2.205318e-07	-7.102788e-07	-6.363189e-07	9018
152422	2.204595e-07	-7.102730e-07	-6.363504e-07	9018
160678	2.203871e-07	-7.102672e-07	-6.363820e-07	9018
168934	2.203148e-07	-7.102614e-07	-6.364135e-07	9018
177190	2.202424e-07	-7.102556e-07	-6.364451e-07	9018
185446	2.201701e-07	-7.102498e-07	-6.364766e-07	9018
193702	2.200977e-07	-7.102440e-07	-6.365080e-07	9018
201958	2.200254e-07	-7.102382e-07	-6.365395e-07	9018
210214	2.199530e-07	-7.102324e-07	-6.365710e-07	9018
218470	2.198806e-07	-7.102266e-07	-6.366025e-07	9018
226726	2.198082e-07	-7.102208e-07	-6.366340e-07	9018
234982	2.197359e-07	-7.102150e-07	-6.366654e-07	9018
243238	2.196635e-07	-7.102092e-07	-6.366969e-07	9018
251494	2.195911e-07	-7.102034e-07	-6.367283e-07	9018
259750	2.195187e-07	-7.101976e-07	-6.367597e-07	9018
268006	2.194463e-07	-7.101918e-07	-6.367911e-07	9018
276262	2.193739e-07	-7.101860e-07	-6.368225e-07	9018
284518	2.193015e-07	-7.101802e-07	-6.368539e-07	9018
292774	2.192291e-07	-7.101744e-07	-6.368853e-07	9018
301030	2.191566e-07	-7.101686e-07	-6.369166e-07	9018
309286	2.190842e-07	-7.101629e-07	-6.369480e-07	9018
317542	2.190118e-07	-7.101571e-07	-6.369793e-07	9018
325798	2.189393e-07	-7.101514e-07	-6.370107e-07	9018
334054	2.188669e-07	-7.101456e-07	-6.370420e-07	9018
342310	2.187945e-07	-7.101398e-07	-6.370734e-07	9018
350566	2.187220e-07	-7.101340e-07	-6.371046e-07	9018
358822	2.186496e-07	-7.101283e-07	-6.371359e-07	9018
367078	2.185771e-07	-7.101225e-07	-6.371672e-07	9018
375334	2.185047e-07	-7.101168e-07	-6.371985e-07	9018
383590	2.184322e-07	-7.101110e-07	-6.372298e-07	9018
391846	2.183597e-07	-7.101052e-07	-6.372610e-07	9018
400102	2.182872e-07	-7.100995e-07	-6.372923e-07	9018
408358	2.182148e-07	-7.100937e-07	-6.373235e-07	9018
416614	2.181423e-07	-7.100879e-07	-6.373547e-07	9018
424870	2.180698e-07	-7.100822e-07	-6.373859e-07	9018
433126	2.179973e-07	-7.100764e-07	-6.374171e-07	9018
441382	2.179248e-07	-7.100707e-07	-6.374484e-07	9018
449638	2.178523e-07	-7.100650e-07	-6.374795e-07	9018
457894	2.177798e-07	-7.100592e-07	-6.375107e-07	9018
466150	2.177073e-07	-7.100535e-07	-6.375419e-07	9018
474406	2.176348e-07	-7.100477e-07	-6.375730e-07	9018
482662	2.175622e-07	-7.100420e-07	-6.376041e-07	9018
490918	2.174897e-07	-7.100363e-07	-6.376353e-07	9018
499174	2.174172e-07	-7.100305e-07	-6.376664e-07	9018
507430	2.173446e-07	-7.100248e-07	-6.376975e-07	9018
515686	2.172721e-07	-7.100191e-07	-6.377286e-07	9018
523942	2.171996e-07	-7.100134e-07	-6.377597e-07	9018
532198	2.171270e-07	-7.100076e-07	-6.377908e-07	9018
540454	2.170545e-07	-7.100019e-07	-6.378218e-07	9018
548710	2.169819e-07	-7.099962e-07	-6.378528e-07	9018
556966	2.169093e-07	-7.099904e-07	-6.378839e-07	9018
565222	2.168368e-07	-7.099848e-07	-6.379150e-07	9018
573478	2.167642e-07	-7.099790e-07	-6.379460e-07	9018
581734	2.166916e-07	-7.099733e-07	-6.379770e-07	9018
589990	2.166191e-07	-7.099676e-07	-6.380080e-07	9018
598246	2.165465e-07	-7.099619e-07	-6.380390e-07	9018
606502	2.164739e-07	-7.099562e-07	-6.380700e-07	9018
614758	2.164013e-07	-7.099505e-07	-6.381010e-07	9018
623014	2.163287e-07	-7.099447e-07	-6.381319e-07	9018
631270	2.162561e-07	-7.099391e-07	-6.381629e-07	9018
639526	2.161835e-07	-7.099334e-07	-6.381938e-07	9018
647782	2.161109e-07	-7.099276e-07	-6.382247e-07	9018
656038	2.160382e-07	-7.099219e-07	-6.382556e-07	9018
664294	2.159656e-07	-7.099163e-07	-6.382866e-07	9018
672550	2.158930e-07	-7.099106e-07	-6.383175e-07	9018
680806	2.158204e-07	-7.099049e-07	-6.383484e-07	9018
689062	2.157477e-07	-7.098992e-07	-6.383792e-07	9018
697318	2.156751e-07	-7.098935e-07	-6.384101e-07	9018
705574	2.156024e-07	-7.098878e-07	-6.384410e-07	9018
713830	2.155298e-07	-7.098822e-07	-6.384718e-07	9018
722086	2.154571e-07	-7.098765e-07	-6.385027e-07	9018
730342	2.153845e-07	-7.098708e-07	-6.385335e-07	9018
738598	2.153118e-07	-7.098651e-07	-6.385643e-07	9018
746854	2.152392e-07	-7.098594e-07	-6.385951e-07	9018
755110	2.151665e-07	-7.098537e-07	-6.386259e-07	9018
763366	2.150938e-07	-7.098481e-07	-6.386567e-07	9018
771622	2.150211e-07	-7.098424e-07	-6.386875e-07	9018
779878	2.149484e-07	-7.098367e-07	-6.387182e-07	9018
788134	2.148757e-07	-7.098311e-07	-6.387490e-07	9018
796390	2.148031e-07	-7.098254e-07	-6.387797e-07	9018
804646	2.147303e-07	-7.098197e-07	-6.388105e-07	9018
812902	2.146576e-07	-7.098141e-07	-6.388412e-07	9018
821158	2.145849e-07	-7.098084e-07	-6.388719e-07	9018
829414	2.145122e-07	-7.098027e-07	-6.389026e-07	9018
837670	2.144395e-07	-7.097971e-07	-6.389333e-07	9018
845926	2.143668e-07	-7.097915e-07	-6.389640e-07	9018
854182	2.142940e-07	-7.097858e-07	-6.389947e-07	9018
862438	2.142213e-07	-7.097802e-07	-6.390253e-07	9018
870694	2.141486e-07	-7.097745e-07	-6.390559e-07	9018
878950	2.140758e-07	-7.097689e-07	-6.390866e-07	9018
887206	2.140031e-07	-7.097632e-07	-6.391172e-07	9018
895462	2.139303e-07	-7.097576e-07	-6.391479e-07	9018
903718	2.138576e-07	-7.097519e-07	-6.391784e-07	9018
911974	2.137848e-07	-7.097463e-07	-6.392091e-07	9018
920230	2.137121e-07	-7.097407e-07	-6.392397e-07	9018
928486	2.136393e-07	-7.097350e-07	-6.392702e-07	9018
936742	2.135665e-07	-7.097294e-07	-6.393008e-07	9018
944998	2.134937e-07	-7.097238e-07	-6.393313e-07	9018
953254	2.134210e-07	-7.097182e-07	-6.393619e-07	9018
961510	2.133482e-07	-7.097125e-07	-6.393924e-07	9018
969766	2.132754e-07	-7.097069e-07	-6.394229e-07	9018
978022	2.132026e-07	-7.097013e-07	-6.394534e-07	9018
986278	2.131298e-07	-7.096957e-07	-6.394840e-07	9018
994534	2.130570e-07	-7.096900e-07	-6.395144e-07	9018
1002790	2.129842e-07	-7.096845e-07	-6.395450e-07	9018
1011046	2.129114e-07	-7.096788e-07	-6.395754e-07	9018
1019302	2.128386e-07	-7.096732e-07	-6.396059e-07	9018
1027558	2.127657e-07	-7.096676e-07	-6.396363e-07	9018
1035814	2.126929e-07	-7.096620e-07	-6.396668e-07	9018
1044070	2.126201e-07	-7.096564e-07	-6.396972e-07	9018
1052326	2.125472e-07	-7.096508e-07	-6.397276e-07	9018
1060582	2.124744e-07	-7.096452e-07	-6.397580e-07	9018
1068838	2.124016e-07	-7.096396e-07	-6.397884e-07	9018
1077094	2.123287e-07	-7.096340e-07	-6.398188e-07	9018
1085350	2.122559e-07	-7.096284e-07	-6.398492e-07	9018
1093606	2.121830e-07	-7.096228e-07	-6.398795e-07	9018
1101862	2.121101e-07	-7.096172e-07	-6.399100e-07	9018
1110118	2.120373e-07	-7.096116e-07	-6.399403e-07	9018
1118374	2.119644e-07	-7.096060e-07	-6.399706e-07	9018
1126630	2.118915e-07	-7.096004e-07	-6.400010e-07	9018
1134886	2.118186e-07	-7.095949e-07	-6.400313e-07	9018
1143142	2.117458e-07	-7.095892e-07	-6.400616e-07	9018
1151398	2.116729e-07	-7.095837e-07	-6.400919e-07	9018
6055	2.807444e-07	-6.793562e-07	-6.220210e-07	16201
14311	2.806733e-07	-6.793488e-07	-6.220612e-07	16201
22567	2.806022e-07	-6.793413e-07	-6.221014e-07	16201
30823	2.805311e-07	-6.793339e-07	-6.221415e-07	16201
39079	2.804599e-07	-6.793265e-07	-6.221817e-07	16201
47335	2.803888e-07	-6.793191e-07	-6.222218e-07	16201
55591	2.803176e-07	-6.793117e-07	-6.222620e-07	16201
63847	2.802465e-07	-6.793043e-07	-6.223021e-07	16201
72103	2.801754e-07	-6.792969e-07	-6.223422e-07	16201
80359	2.801042e-07	-6.792895e-07	-6.223823e-07	16201
88615	2.800330e-07	-6.792821e-07	-6.224224e-07	16201
96871	2.799619e-07	-6.792746e-07	-6.224626e-07	16201
105127	2.798907e-07	-6.792673e-07	-6.225026e-07	16201
113383	2.798195e-07	-6.792599e-07	-6.225427e-07	16201
121639	2.797483e-07	-6.792525e-07	-6.225827e-07	16201
129895	2.796771e-07	-6.792451e-07	-6.226228e-07	16201
138151	2.796059e-07	-6.792377e-07	-6.226628e-07	16201
146407	2.795347e-07	-6.792303e-07	-6.227028e-07	16201
154663	2.794635e-07	-6.792229e-07	-6.227428e-07	16201
162919	2.793923e-07	-6.792155e-07	-6.227829e-07	16201
171175	2.793211e-07	-6.792081e-07	-6.228229e-07	16201
179431	2.792499e-07	-6.792008e-07	-6.228628e-07	16201
187687	2.791786e-07	-6.791934e-07	-6.229029e-07	16201
195943	2.791074e-07	-6.791860e-07	-6.229428e-07	16201
204199	2.790361e-07	-6.791786e-07	-6.229828e-07	16201
212455	2.789649e-07	-6.791713e-07	-6.230227e-07	16201
220711	2.788936e-07	-6.791639e-07	-6.230626e-07	16201
228967	2.788224e-07	-6.791565e-07	-6.231026e-07	16201
237223	2.787511e-07	-6.791491e-07	-6.231425e-07	16201
245479	2.786798e-07	-6.791418e-07	-6.231824e-07	16201
253735	2.786086e-07	-6.791344e-07	-6.232223e-07	16201
261991	2.785372e-07	-6.791271e-07	-6.232622e-07	16201
270247	2.784660e-07	-6.791197e-07	-6.233021e-07	16201
278503	2.783947e-07	-6.791124e-07	-6.233419e-07	16201
286759	2.783234e-07	-6.791050e-07	-6.233818e-07	16201
295015	2.782521e-07	-6.790976e-07	-6.234216e-07	16201
303271	2.781807e-07	-6.790903e-07	-6.234615e-07	16201
311527	2.781094e-07	-6.790829e-07	-6.235013e-07	16201
319783	2.780381e-07	-6.790756e-07	-6.235411e-07	16201
328039	2.779667e-07	-6.790683e-07	-6.235809e-07	16201
336295	2.778954e-07	-6.790609e-07	-6.236207e-07	16201
344551	2.778241e-07	-6.790535e-07	-6.236605e-07	16201
352807	2.777527e-07	-6.790462e-07	-6.237003e-07	16201
361063	2.776814e-07	-6.790389e-07	-6.237400e-07	16201
369319	2.776100e-07	-6.790315e-07	-6.237798e-07	16201
377575	2.775386e-07	-6.790242e-07	-6.238195e-07	16201
385831	2.774673e-07	-6.790169e-07	-6.238593e-07	16201
394087	2.773959e-07	-6.790095e-07	-6.238990e-07	16201
402343	2.773245e-07	-6.790022e-07	-6.239387e-07	16201
410599	2.772531e-07	-6.789949e-07	-6.239784e-07	16201
418855	2.771817e-07	-6.789875e-07	-6.240181e-07	16201
427111	2.771103e-07	-6.789802e-07	-6.240577e-07	16201
435367	2.770389e-07	-6.789729e-07	-6.240974e-07	16201
443623	2.769675e-07	-6.789656e-07	-6.241371e-07	16201
451879	2.768960e-07	-6.789583e-07	-6.241767e-07	16201
460135	2.768246e-07	-6.789509e-07	-6.242163e-07	16201
468391	2.767532e-07	-6.789436e-07	-6.242560e-07	16201
476647	2.766817e-07	-6.789363e-07	-6.242956e-07	16201
484903	2.766103e-07	-6.789290e-07	-6.243352e-07	16201
493159	2.765388e-07	-6.789217e-07	-6.243748e-07	16201
501415	2.764674e-07	-6.789144e-07	-6.244144e-07	16201
509671	2.763959e-07	-6.789071e-07	-6.244540e-07	16201
517927	2.763244e-07	-6.788998e-07	-6.244936e-07	16201
526183	2.762530e-07	-6.788925e-07	-6.245331e-07	16201
534439	2.761815e-07	-6.788852e-07	-6.245727e-07	16201
542695	2.761100e-07	-6.788779e-07	-6.246122e-07	16201
550951	2.760385e-07	-6.788706e-07	-6.246517e-07	16201
559207	2.759670e-07	-6.788633e-07	-6.246913e-07	16201
567463	2.758955e-07	-6.788560e-07	-6.247308e-07	16201
575719	2.758240e-07	-6.788487e-07	-6.247703e-07	16201
583975	2.757525e-07	-6.788414e-07	-6.248097e-07	16201
592231	2.756809e-07	-6.788342e-07	-6.248492e-07	16201
600487	2.756094e-07	-6.788268e-07	-6.248887e-07	16201
608743	2.755379e-07	-6.788196e-07	-6.249281e-07	16201
616999	2.754664e-07	-6.788123e-07	-6.249676e-07	16201
625255	2.753948e-07	-6.788050e-07	-6.250070e-07	16201
633511	2.753233e-07	-6.787977e-07	-6.250464e-07	16201
641767	2.752517e-07	-6.787905e-07	-6.250859e-07	16201
650023	2.751801e-07	-6.787832e-07	-6.251253e-07	16201
658279	2.751086e-07	-6.787759e-07	-6.251647e-07	16201
666535	2.750370e-07	-6.787687e-07	-6.252041e-07	16201
674791	2.749654e-07	-6.787614e-07	-6.252434e-07	16201
683047	2.748938e-07	-6.787541e-07	-6.252828e-07	16201
691303	2.748222e-07	-6.787469e-07	-6.253221e-07	16201
699559	2.747506e-07	-6.787396e-07	-6.253615e-07	16201
707815	2.746790e-07	-6.787324e-07	-6.254008e-07	16201
716071	2.746074e-07	-6.787251e-07	-6.254401e-07	16201
724327	2.745358e-07	-6.787178e-07	-6.254795e-07	16201
732583	2.744642e-07	-6.787106e-07	-6.255187e-07	16201
740839	2.743926e-07	-6.787033e-07	-6.255580e-07	16201
749095	2.743209e-07	-6.786961e-07	-6.255973e-07	16201
757351	2.742493e-07	-6.786888e-07	-6.256366e-07	16201
765607	2.741776e-07	-6.786816e-07	-6.256759e-07	16201
773863	2.741060e-07	-6.786743e-07	-6.257151e-07	16201
782119	2.740343e-07	-6.786671e-07	-6.257544e-07	16201
790375	2.739627e-07	-6.786598e-07	-6.257936e-07	16201
798631	2.738910e-07	-6.786526e-07	-6.258328e-07	16201
806887	2.738193e-07	-6.786454e-07	-6.258720e-07	16201
815143	2.737476e-07	-6.786382e-07	-6.259112e-07	16201
823399	2.736760e-07	-6.786309e-07	-6.259504e-07	16201
831655	2.736043e-07	-6.786237e-07	-6.259896e-07	16201
839911	2.735326e-07	-6.786165e-07	-6.260287e-07	16201
848167	2.734609e-07	-6.786092e-07	-6.260679e-07	16201
856423	2.733892e-07	-6.786020e-07	-6.261070e-07	16201
864679	2.733175e-07	-6.785948e-07	-6.261462e-07	16201
872935	2.732457e-07	-6.785876e-07	-6.261853e-07	16201
881191	2.731740e-07	-6.785804e-07	-6.262244e-07	16201
889447	2.731023e-07	-6.785731e-07	-6.262635e-07	16201
897703	2.730305e-07	-6.785659e-07	-6.263026e-07	16201
905959	2.729588e-07	-6.785587e-07	-6.263417e-07	16201
914215	2.728870e-07	-6.785515e-07	-6.263808e-07	16201
922471	2.728153e-07	-6.785443e-07	-6.264198e-07	16201
930727	2.727435e-07	-6.785370e-07	-6.264589e-07	16201
938983	2.726718e-07	-6.785299e-07	-6.264979e-07	16201
947239	2.726000e-07	-6.785227e-07	-6.265370e-07	16201
955495	2.725282e-07	-6.785154e-07	-6.265760e-07	16201
963751	2.724564e-07	-6.785082e-07	-6.266150e-07	16201
972007	2.723846e-07	-6.785011e-07	-6.266540e-07	16201
980263	2.723128e-07	-6.784938e-07	-6.266930e-07	16201
988519	2.722410e-07	-6.784867e-07	-6.267320e-07	16201
996775	2.721692e-07	-6.784795e-07	-6.267709e-07	16201
1005031	2.720974e-07	-6.784723e-07	-6.268099e-07	16201
1013287	2.720256e-07	-6.784651e-07	-6.268489e-07	16201
1021543	2.719538e-07	-6.784579e-07	-6.268878e-07	16201
1029799	2.718819e-07	-6.784507e-07	-6.269267e-07	16201
1038055	2.718101e-07	-6.784435e-07	-6.269657e-07	16201
1046311	2.717383e-07	-6.784364e-07	-6.270046e-07	16201
1054567	2.716664e-07	-6.784292e-07	-6.270435e-07	16201
1062823	2.715946e-07	-6.784220e-07	-6.270824e-07	16201
1071079	2.715227e-07	-6.784148e-07	-6.271213e-07	16201
1079335	2.714508e-07	-6.784077e-07	-6.271601e-07	16201
1087591	2.713790e-07	-6.784005e-07	-6.271990e-07	16201
1095847	2.713071e-07	-6.783933e-07	-6.272379e-07	16201
1104103	2.712352e-07	-6.783861e-07	-6.272767e-07	16201
1112359	2.711633e-07	-6.783790e-07	-6.273155e-07	16201
1120615	2.710914e-07	-6.783718e-07	-6.273543e-07	16201
1128871	2.710195e-07	-6.783646e-07	-6.273931e-07	16201
1137127	2.709476e-07	-6.783575e-07	-6.274319e-07	16201
1145383	2.708757e-07	-6.783503e-07	-6.274707e-07	16201
1153639	2.708038e-07	-6.783432e-07	-6.275095e-07	16201
6826	1.122660e-07	-6.398973e-07	-5.388221e-07	19533
15082	1.122057e-07	-6.398943e-07	-5.388382e-07	19533
23338	1.121455e-07	-6.398914e-07	-5.388542e-07	19533
31594	1.120853e-07	-6.398884e-07	-5.388702e-07	19533
39850	1.120250e-07	-6.398855e-07	-5.388862e-07	19533
48106	1.119648e-07	-6.398826e-07	-5.389022e-07	19533
56362	1.119046e-07	-6.398797e-07	-5.389182e-07	19533
64618	1.118443e-07	-6.398767e-07	-5.389342e-07	19533
72874	1.117841e-07	-6.398738e-07	-5.389501e-07	19533
81130	1.117238e-07	-6.398708e-07	-5.389661e-07	19533
89386	1.116636e-07	-6.398679e-07	-5.389821e-07	19533
97642	1.116033e-07	-6.398650e-07	-5.389981e-07	19533
105898	1.115431e-07	-6.398621e-07	-5.390140e-07	19533
114154	1.114828e-07	-6.398591e-07	-5.390299e-07	19533
122410	1.114226e-07	-6.398562e-07	-5.390459e-07	19533
130666	1.113623e-07	-6.398533e-07	-5.390618e-07	19533
138922	1.113021e-07	-6.398504e-07	-5.390777e-07	19533
147178	1.112418e-07	-6.398475e-07	-5.390935e-07	19533
155434	1.111815e-07	-6.398446e-07	-5.391095e-07	19533
163690	1.111212e-07	-6.398416e-07	-5.391253e-07	19533
171946	1.110610e-07	-6.398387e-07	-5.391412e-07	19533
180202	1.110007e-07	-6.398358e-07	-5.391571e-07	19533
188458	1.109404e-07	-6.398329e-07	-5.391729e-07	19533
196714	1.108801e-07	-6.398300e-07	-5.391888e-07	19533
204970	1.108199e-07	-6.398271e-07	-5.392046e-07	19533
213226	1.107596e-07	-6.398242e-07	-5.392204e-07	19533
221482	1.106993e-07	-6.398213e-07	-5.392363e-07	19533
229738	1.106390e-07	-6.398184e-07	-5.392521e-07	19533
237994	1.105787e-07	-6.398155e-07	-5.392679e-07	19533
246250	1.105184e-07	-6.398126e-07	-5.392837e-07	19533
254506	1.104581e-07	-6.398097e-07	-5.392995e-07	19533
262762	1.103978e-07	-6.398068e-07	-5.393152e-07	19533
271018	1.103375e-07	-6.398039e-07	-5.393310e-07	19533
279274	1.102772e-07	-6.398010e-07	-5.393468e-07	19533
287530	1.102169e-07	-6.397981e-07	-5.393625e-07	19533
295786	1.101566e-07	-6.397953e-07	-5.393783e-07	19533
304042	1.100963e-07	-6.397924e-07	-5.393940e-07	19533
312298	1.100360e-07	-6.397895e-07	-5.394097e-07	19533
320554	1.099757e-07	-6.397866e-07	-5.394255e-07	19533
328810	1.099154e-07	-6.397838e-07	-5.394411e-07	19533
337066	1.098550e-07	-6.397809e-07	-5.394569e-07	19533
345322	1.097947e-07	-6.397780e-07	-5.394726e-07	19533
353578	1.097344e-07	-6.397751e-07	-5.394882e-07	19533
361834	1.096741e-07	-6.397722e-07	-5.395039e-07	19533
370090	1.096137e-07	-6.397694e-07	-5.395196e-07	19533
378346	1.095534e-07	-6.397665e-07	-5.395352e-07	19533
386602	1.094931e-07	-6.397636e-07	-5.395509e-07	19533
394858	1.094327e-07	-6.397607e-07	-5.395665e-07	19533
403114	1.093724e-07	-6.397579e-07	-5.395822e-07	19533
411370	1.093121e-07	-6.397551e-07	-5.395978e-07	19533
419626	1.092517e-07	-6.397522e-07	-5.396134e-07	19533
427882	1.091914e-07	-6.397493e-07	-5.396290e-07	19533
436138	1.091310e-07	-6.397465e-07	-5.396446e-07	19533
444394	1.090707e-07	-6.397436e-07	-5.396602e-07	19533
452650	1.090103e-07	-6.397407e-07	-5.396757e-07	19533
460906	1.089500e-07	-6.397379e-07	-5.396913e-07	19533
469162	1.088896e-07	-6.397350e-07	-5.397069e-07	19533
477418	1.088293e-07	-6.397322e-07	-5.397225e-07	19533
485674	1.087689e-07	-6.397293e-07	-5.397380e-07	19533
493930	1.087085e-07	-6.397265e-07	-5.397536e-07	19533
502186	1.086482e-07	-6.397236e-07	-5.397691e-07	19533
510442	1.085878e-07	-6.397208e-07	-5.397846e-07	19533
518698	1.085274e-07	-6.397179e-07	-5.398001e-07	19533
526954	1.084671e-07	-6.397151e-07	-5.398156e-07	19533
535210	1.084067e-07	-6.397123e-07	-5.398311e-07	19533
543466	1.083463e-07	-6.397094e-07	-5.398466e-07	19533
551722	1.082859e-07	-6.397066e-07	-5.398621e-07	19533
559978	1.082255e-07	-6.397038e-07	-5.398775e-07	19533
568234	1.081652e-07	-6.397009e-07	-5.398930e-07	19533
576490	1.081048e-07	-6.396981e-07	-5.399084e-07	19533
584746	1.080444e-07	-6.396953e-07	-5.399239e-07	19533
593002	1.079840e-07	-6.396924e-07	-5.399393e-07	19533
601258	1.079236e-07	-6.396896e-07	-5.399547e-07	19533
609514	1.078632e-07	-6.396868e-07	-5.399701e-07	19533
617770	1.078028e-07	-6.396839e-07	-5.399855e-07	19533
626026	1.077424e-07	-6.396812e-07	-5.400009e-07	19533
634282	1.076820e-07	-6.396783e-07	-5.400163e-07	19533
642538	1.076216e-07	-6.396755e-07	-5.400317e-07	19533
650794	1.075612e-07	-6.396727e-07	-5.400471e-07	19533
659050	1.075008e-07	-6.396698e-07	-5.400624e-07	19533
667306	1.074404e-07	-6.396671e-07	-5.400778e-07	19533
675562	1.073800e-07	-6.396642e-07	-5.400931e-07	19533
683818	1.073196e-07	-6.396614e-07	-5.401085e-07	19533
692074	1.072591e-07	-6.396586e-07	-5.401238e-07	19533
700330	1.071987e-07	-6.396558e-07	-5.401391e-07	19533
708586	1.071383e-07	-6.396530e-07	-5.401544e-07	19533
716842	1.070779e-07	-6.396502e-07	-5.401698e-07	19533
725098	1.070174e-07	-6.396474e-07	-5.401851e-07	19533
733354	1.069570e-07	-6.396446e-07	-5.402003e-07	19533
741610	1.068966e-07	-6.396418e-07	-5.402156e-07	19533
749866	1.068361e-07	-6.396390e-07	-5.402309e-07	19533
758122	1.067757e-07	-6.396362e-07	-5.402461e-07	19533
766378	1.067153e-07	-6.396334e-07	-5.402614e-07	19533
774634	1.066548e-07	-6.396306e-07	-5.402766e-07	19533
782890	1.065944e-07	-6.396278e-07	-5.402919e-07	19533
791146	1.065339e-07	-6.396251e-07	-5.403071e-07	19533
799402	1.064735e-07	-6.396223e-07	-5.403223e-07	19533
807658	1.064130e-07	-6.396195e-07	-5.403375e-07	19533
815914	1.063526e-07	-6.396167e-07	-5.403527e-07	19533
824170	1.062921e-07	-6.396139e-07	-5.403679e-07	19533
832426	1.062317e-07	-6.396111e-07	-5.403830e-07	19533
840682	1.061712e-07	-6.396083e-07	-5.403982e-07	19533
848938	1.061108e-07	-6.396056e-07	-5.404134e-07	19533
857194	1.060503e-07	-6.396028e-07	-5.404286e-07	19533
865450	1.059898e-07	-6.396000e-07	-5.404437e-07	19533
873706	1.059294e-07	-6.395972e-07	-5.404589e-07	19533
881962	1.058689e-07	-6.395945e-07	-5.404740e-07	19533
890218	1.058084e-07	-6.395917e-07	-5.404891e-07	19533
898474	1.057480e-07	-6.395889e-07	-5.405042e-07	19533
906730	1.056875e-07	-6.395861e-07	-5.405193e-07	19533
914986	1.056270e-07	-6.395834e-07	-5.405344e-07	19533
923242	1.055665e-07	-6.395806e-07	-5.405495e-07	19533
931498	1.055060e-07	-6.395779e-07	-5.405645e-07	19533
939754	1.054455e-07	-6.395751e-07	-5.405796e-07	19533
948010	1.053851e-07	-6.395723e-07	-5.405947e-07	19533
956266	1.053246e-07	-6.395696e-07	-5.406097e-07	19533
964522	1.052641e-07	-6.395668e-07	-5.406248e-07	19533
972778	1.052036e-07	-6.395641e-07	-5.406398e-07	19533
981034	1.051431e-07	-6.395613e-07	-5.406549e-07	19533
989290	1.050826e-07	-6.395586e-07	-5.406699e-07	19533
997546	1.050221e-07	-6.395558e-07	-5.406849e-07	19533
1005802	1.049616e-07	-6.395530e-07	-5.406999e-07	19533
1014058	1.049011e-07	-6.395503e-07	-5.407148e-07	19533
1022314	1.048406e-07	-6.395476e-07	-5.407298e-07	19533
1030570	1.047801e-07	-6.395449e-07	-5.407448e-07	19533
1038826	1.047195e-07	-6.395421e-07	-5.407598e-07	19533
1047082	1.046590e-07	-6.395393e-07	-5.407747e-07	19533
1055338	1.045985e-07	-6.395366e-07	-5.407897e-07	19533
1063594	1.045380e-07	-6.395339e-07	-5.408046e-07	19533
1071850	1.044775e-07	-6.395312e-07	-5.408195e-07	19533
1080106	1.044169e-07	-6.395284e-07	-5.408345e-07	19533
1088362	1.043564e-07	-6.395257e-07	-5.408494e-07	19533
1096618	1.042959e-07	-6.395230e-07	-5.408643e-07	19533
1104874	1.042354e-07	-6.395202e-07	-5.408792e-07	19533
1113130	1.041748e-07	-6.395175e-07	-5.408941e-07	19533
1121386	1.041143e-07	-6.395148e-07	-5.409090e-07	19533
1129642	1.040538e-07	-6.395121e-07	-5.409238e-07	19533
1137898	1.039932e-07	-6.395093e-07	-5.409387e-07	19533
1146154	1.039327e-07	-6.395066e-07	-5.409535e-07	19533
1154410	1.038721e-07	-6.395039e-07	-5.409684e-07	19533
6056	2.027433e-07	-6.092062e-07	-5.416093e-07	16202
14312	2.026818e-07	-6.092009e-07	-5.416383e-07	16202
22568	2.026204e-07	-6.091955e-07	-5.416673e-07	16202
30824	2.025589e-07	-6.091902e-07	-5.416963e-07	16202
39080	2.024975e-07	-6.091848e-07	-5.417253e-07	16202
47336	2.024360e-07	-6.091795e-07	-5.417543e-07	16202
55592	2.023746e-07	-6.091742e-07	-5.417832e-07	16202
63848	2.023131e-07	-6.091688e-07	-5.418122e-07	16202
72104	2.022516e-07	-6.091635e-07	-5.418411e-07	16202
80360	2.021901e-07	-6.091581e-07	-5.418701e-07	16202
88616	2.021286e-07	-6.091528e-07	-5.418990e-07	16202
96872	2.020672e-07	-6.091474e-07	-5.419279e-07	16202
105128	2.020057e-07	-6.091421e-07	-5.419569e-07	16202
113384	2.019442e-07	-6.091368e-07	-5.419857e-07	16202
121640	2.018827e-07	-6.091315e-07	-5.420147e-07	16202
129896	2.018212e-07	-6.091261e-07	-5.420436e-07	16202
138152	2.017596e-07	-6.091208e-07	-5.420724e-07	16202
146408	2.016981e-07	-6.091155e-07	-5.421013e-07	16202
154664	2.016366e-07	-6.091101e-07	-5.421302e-07	16202
162920	2.015751e-07	-6.091049e-07	-5.421591e-07	16202
171176	2.015136e-07	-6.090995e-07	-5.421879e-07	16202
179432	2.014520e-07	-6.090942e-07	-5.422167e-07	16202
187688	2.013905e-07	-6.090889e-07	-5.422455e-07	16202
195944	2.013290e-07	-6.090836e-07	-5.422743e-07	16202
204200	2.012674e-07	-6.090783e-07	-5.423032e-07	16202
212456	2.012059e-07	-6.090730e-07	-5.423320e-07	16202
220712	2.011443e-07	-6.090676e-07	-5.423608e-07	16202
228968	2.010828e-07	-6.090623e-07	-5.423896e-07	16202
237224	2.010212e-07	-6.090571e-07	-5.424183e-07	16202
245480	2.009596e-07	-6.090517e-07	-5.424471e-07	16202
253736	2.008981e-07	-6.090464e-07	-5.424758e-07	16202
261992	2.008365e-07	-6.090411e-07	-5.425046e-07	16202
270248	2.007749e-07	-6.090359e-07	-5.425334e-07	16202
278504	2.007133e-07	-6.090305e-07	-5.425621e-07	16202
286760	2.006518e-07	-6.090252e-07	-5.425908e-07	16202
295016	2.005902e-07	-6.090199e-07	-5.426195e-07	16202
303272	2.005286e-07	-6.090146e-07	-5.426482e-07	16202
311528	2.004670e-07	-6.090094e-07	-5.426769e-07	16202
319784	2.004054e-07	-6.090041e-07	-5.427056e-07	16202
328040	2.003438e-07	-6.089988e-07	-5.427343e-07	16202
336296	2.002821e-07	-6.089935e-07	-5.427630e-07	16202
344552	2.002205e-07	-6.089882e-07	-5.427916e-07	16202
352808	2.001589e-07	-6.089829e-07	-5.428203e-07	16202
361064	2.000973e-07	-6.089776e-07	-5.428489e-07	16202
369320	2.000357e-07	-6.089724e-07	-5.428776e-07	16202
377576	1.999740e-07	-6.089671e-07	-5.429062e-07	16202
385832	1.999124e-07	-6.089618e-07	-5.429348e-07	16202
394088	1.998507e-07	-6.089566e-07	-5.429634e-07	16202
402344	1.997891e-07	-6.089513e-07	-5.429920e-07	16202
410600	1.997275e-07	-6.089460e-07	-5.430206e-07	16202
418856	1.996658e-07	-6.089408e-07	-5.430492e-07	16202
427112	1.996041e-07	-6.089355e-07	-5.430778e-07	16202
435368	1.995425e-07	-6.089302e-07	-5.431063e-07	16202
443624	1.994808e-07	-6.089249e-07	-5.431348e-07	16202
451880	1.994191e-07	-6.089197e-07	-5.431634e-07	16202
460136	1.993575e-07	-6.089144e-07	-5.431920e-07	16202
468392	1.992958e-07	-6.089091e-07	-5.432205e-07	16202
476648	1.992341e-07	-6.089039e-07	-5.432490e-07	16202
484904	1.991724e-07	-6.088986e-07	-5.432775e-07	16202
493160	1.991107e-07	-6.088934e-07	-5.433060e-07	16202
501416	1.990490e-07	-6.088881e-07	-5.433345e-07	16202
509672	1.989873e-07	-6.088829e-07	-5.433630e-07	16202
517928	1.989256e-07	-6.088777e-07	-5.433915e-07	16202
526184	1.988639e-07	-6.088724e-07	-5.434199e-07	16202
534440	1.988022e-07	-6.088671e-07	-5.434484e-07	16202
542696	1.987405e-07	-6.088619e-07	-5.434768e-07	16202
550952	1.986787e-07	-6.088566e-07	-5.435053e-07	16202
559208	1.986170e-07	-6.088514e-07	-5.435337e-07	16202
567464	1.985553e-07	-6.088462e-07	-5.435621e-07	16202
575720	1.984936e-07	-6.088409e-07	-5.435905e-07	16202
583976	1.984318e-07	-6.088357e-07	-5.436190e-07	16202
592232	1.983701e-07	-6.088305e-07	-5.436473e-07	16202
600488	1.983083e-07	-6.088252e-07	-5.436757e-07	16202
608744	1.982466e-07	-6.088200e-07	-5.437041e-07	16202
617000	1.981848e-07	-6.088148e-07	-5.437325e-07	16202
625256	1.981231e-07	-6.088096e-07	-5.437608e-07	16202
633512	1.980613e-07	-6.088043e-07	-5.437892e-07	16202
641768	1.979995e-07	-6.087991e-07	-5.438175e-07	16202
650024	1.979378e-07	-6.087939e-07	-5.438459e-07	16202
658280	1.978760e-07	-6.087886e-07	-5.438742e-07	16202
666536	1.978142e-07	-6.087834e-07	-5.439025e-07	16202
674792	1.977524e-07	-6.087782e-07	-5.439308e-07	16202
683048	1.976906e-07	-6.087730e-07	-5.439591e-07	16202
691304	1.976288e-07	-6.087678e-07	-5.439874e-07	16202
699560	1.975670e-07	-6.087625e-07	-5.440157e-07	16202
707816	1.975052e-07	-6.087574e-07	-5.440439e-07	16202
716072	1.974434e-07	-6.087521e-07	-5.440722e-07	16202
724328	1.973816e-07	-6.087469e-07	-5.441005e-07	16202
732584	1.973198e-07	-6.087417e-07	-5.441287e-07	16202
740840	1.972580e-07	-6.087365e-07	-5.441569e-07	16202
749096	1.971962e-07	-6.087313e-07	-5.441852e-07	16202
757352	1.971343e-07	-6.087261e-07	-5.442134e-07	16202
765608	1.970725e-07	-6.087209e-07	-5.442416e-07	16202
773864	1.970107e-07	-6.087157e-07	-5.442698e-07	16202
782120	1.969488e-07	-6.087105e-07	-5.442980e-07	16202
790376	1.968870e-07	-6.087053e-07	-5.443262e-07	16202
798632	1.968251e-07	-6.087001e-07	-5.443544e-07	16202
806888	1.967633e-07	-6.086950e-07	-5.443825e-07	16202
815144	1.967014e-07	-6.086897e-07	-5.444107e-07	16202
823400	1.966396e-07	-6.086846e-07	-5.444388e-07	16202
831656	1.965777e-07	-6.086794e-07	-5.444670e-07	16202
839912	1.965158e-07	-6.086742e-07	-5.444951e-07	16202
848168	1.964540e-07	-6.086690e-07	-5.445232e-07	16202
856424	1.963921e-07	-6.086638e-07	-5.445513e-07	16202
864680	1.963302e-07	-6.086586e-07	-5.445794e-07	16202
872936	1.962683e-07	-6.086535e-07	-5.446075e-07	16202
881192	1.962064e-07	-6.086483e-07	-5.446356e-07	16202
889448	1.961445e-07	-6.086431e-07	-5.446637e-07	16202
897704	1.960826e-07	-6.086379e-07	-5.446918e-07	16202
905960	1.960207e-07	-6.086328e-07	-5.447198e-07	16202
914216	1.959588e-07	-6.086276e-07	-5.447479e-07	16202
922472	1.958969e-07	-6.086224e-07	-5.447759e-07	16202
930728	1.958350e-07	-6.086173e-07	-5.448039e-07	16202
938984	1.957731e-07	-6.086121e-07	-5.448319e-07	16202
947240	1.957112e-07	-6.086069e-07	-5.448600e-07	16202
955496	1.956492e-07	-6.086018e-07	-5.448880e-07	16202
963752	1.955873e-07	-6.085966e-07	-5.449160e-07	16202
972008	1.955254e-07	-6.085914e-07	-5.449440e-07	16202
980264	1.954634e-07	-6.085863e-07	-5.449720e-07	16202
988520	1.954015e-07	-6.085812e-07	-5.449999e-07	16202
996776	1.953395e-07	-6.085760e-07	-5.450279e-07	16202
1005032	1.952776e-07	-6.085708e-07	-5.450559e-07	16202
1013288	1.952156e-07	-6.085657e-07	-5.450838e-07	16202
1021544	1.951537e-07	-6.085605e-07	-5.451117e-07	16202
1029800	1.950917e-07	-6.085554e-07	-5.451396e-07	16202
1038056	1.950297e-07	-6.085502e-07	-5.451676e-07	16202
1046312	1.949678e-07	-6.085451e-07	-5.451955e-07	16202
1054568	1.949058e-07	-6.085399e-07	-5.452234e-07	16202
1062824	1.948438e-07	-6.085348e-07	-5.452512e-07	16202
1071080	1.947818e-07	-6.085297e-07	-5.452791e-07	16202
1079336	1.947198e-07	-6.085245e-07	-5.453070e-07	16202
1087592	1.946578e-07	-6.085194e-07	-5.453348e-07	16202
1095848	1.945958e-07	-6.085143e-07	-5.453627e-07	16202
1104104	1.945338e-07	-6.085091e-07	-5.453905e-07	16202
1112360	1.944718e-07	-6.085040e-07	-5.454184e-07	16202
1120616	1.944098e-07	-6.084989e-07	-5.454463e-07	16202
1128872	1.943478e-07	-6.084937e-07	-5.454741e-07	16202
1137128	1.942858e-07	-6.084886e-07	-5.455018e-07	16202
1145384	1.942238e-07	-6.084835e-07	-5.455296e-07	16202
1153640	1.941617e-07	-6.084784e-07	-5.455574e-07	16202
5255	1.595434e-07	-5.984646e-07	-5.228183e-07	13366
13511	1.594843e-07	-5.984604e-07	-5.228411e-07	13366
21767	1.594253e-07	-5.984562e-07	-5.228640e-07	13366
30023	1.593663e-07	-5.984520e-07	-5.228868e-07	13366
38279	1.593072e-07	-5.984478e-07	-5.229095e-07	13366
46535	1.592482e-07	-5.984436e-07	-5.229323e-07	13366
54791	1.591891e-07	-5.984394e-07	-5.229551e-07	13366
63047	1.591301e-07	-5.984352e-07	-5.229779e-07	13366
71303	1.590710e-07	-5.984310e-07	-5.230007e-07	13366
79559	1.590119e-07	-5.984268e-07	-5.230234e-07	13366
87815	1.589529e-07	-5.984227e-07	-5.230461e-07	13366
96071	1.588938e-07	-5.984185e-07	-5.230689e-07	13366
104327	1.588347e-07	-5.984143e-07	-5.230916e-07	13366
112583	1.587756e-07	-5.984101e-07	-5.231143e-07	13366
120839	1.587166e-07	-5.984059e-07	-5.231370e-07	13366
129095	1.586575e-07	-5.984018e-07	-5.231597e-07	13366
137351	1.585984e-07	-5.983975e-07	-5.231825e-07	13366
145607	1.585393e-07	-5.983934e-07	-5.232051e-07	13366
153863	1.584802e-07	-5.983892e-07	-5.232278e-07	13366
162119	1.584211e-07	-5.983850e-07	-5.232504e-07	13366
170375	1.583620e-07	-5.983809e-07	-5.232731e-07	13366
178631	1.583029e-07	-5.983767e-07	-5.232957e-07	13366
186887	1.582438e-07	-5.983725e-07	-5.233184e-07	13366
195143	1.581847e-07	-5.983684e-07	-5.233410e-07	13366
203399	1.581256e-07	-5.983642e-07	-5.233637e-07	13366
211655	1.580665e-07	-5.983600e-07	-5.233863e-07	13366
219911	1.580073e-07	-5.983559e-07	-5.234089e-07	13366
228167	1.579482e-07	-5.983517e-07	-5.234315e-07	13366
236423	1.578891e-07	-5.983476e-07	-5.234541e-07	13366
244679	1.578300e-07	-5.983434e-07	-5.234767e-07	13366
252935	1.577708e-07	-5.983392e-07	-5.234992e-07	13366
261191	1.577117e-07	-5.983351e-07	-5.235218e-07	13366
269447	1.576526e-07	-5.983309e-07	-5.235444e-07	13366
277703	1.575934e-07	-5.983268e-07	-5.235669e-07	13366
285959	1.575343e-07	-5.983226e-07	-5.235894e-07	13366
294215	1.574751e-07	-5.983185e-07	-5.236120e-07	13366
302471	1.574160e-07	-5.983143e-07	-5.236345e-07	13366
310727	1.573568e-07	-5.983102e-07	-5.236570e-07	13366
318983	1.572976e-07	-5.983061e-07	-5.236795e-07	13366
327239	1.572385e-07	-5.983019e-07	-5.237021e-07	13366
335495	1.571793e-07	-5.982978e-07	-5.237245e-07	13366
343751	1.571201e-07	-5.982936e-07	-5.237470e-07	13366
352007	1.570610e-07	-5.982895e-07	-5.237695e-07	13366
360263	1.570018e-07	-5.982854e-07	-5.237919e-07	13366
368519	1.569426e-07	-5.982812e-07	-5.238144e-07	13366
376775	1.568834e-07	-5.982771e-07	-5.238368e-07	13366
385031	1.568242e-07	-5.982730e-07	-5.238593e-07	13366
393287	1.567650e-07	-5.982689e-07	-5.238817e-07	13366
401543	1.567059e-07	-5.982647e-07	-5.239041e-07	13366
409799	1.566466e-07	-5.982606e-07	-5.239265e-07	13366
418055	1.565874e-07	-5.982565e-07	-5.239490e-07	13366
426311	1.565282e-07	-5.982524e-07	-5.239714e-07	13366
434567	1.564690e-07	-5.982482e-07	-5.239937e-07	13366
442823	1.564098e-07	-5.982441e-07	-5.240161e-07	13366
451079	1.563506e-07	-5.982400e-07	-5.240385e-07	13366
459335	1.562914e-07	-5.982359e-07	-5.240609e-07	13366
467591	1.562322e-07	-5.982317e-07	-5.240832e-07	13366
475847	1.561730e-07	-5.982276e-07	-5.241056e-07	13366
484103	1.561137e-07	-5.982236e-07	-5.241279e-07	13366
492359	1.560545e-07	-5.982194e-07	-5.241502e-07	13366
500615	1.559953e-07	-5.982153e-07	-5.241725e-07	13366
508871	1.559360e-07	-5.982112e-07	-5.241949e-07	13366
517127	1.558768e-07	-5.982071e-07	-5.242172e-07	13366
525383	1.558175e-07	-5.982030e-07	-5.242395e-07	13366
533639	1.557583e-07	-5.981989e-07	-5.242617e-07	13366
541895	1.556990e-07	-5.981948e-07	-5.242840e-07	13366
550151	1.556398e-07	-5.981907e-07	-5.243063e-07	13366
558407	1.555805e-07	-5.981866e-07	-5.243285e-07	13366
566663	1.555213e-07	-5.981825e-07	-5.243508e-07	13366
574919	1.554620e-07	-5.981784e-07	-5.243730e-07	13366
583175	1.554027e-07	-5.981743e-07	-5.243953e-07	13366
591431	1.553435e-07	-5.981702e-07	-5.244175e-07	13366
599687	1.552842e-07	-5.981661e-07	-5.244397e-07	13366
607943	1.552249e-07	-5.981620e-07	-5.244619e-07	13366
616199	1.551657e-07	-5.981580e-07	-5.244842e-07	13366
624455	1.551064e-07	-5.981539e-07	-5.245063e-07	13366
632711	1.550471e-07	-5.981498e-07	-5.245285e-07	13366
640967	1.549878e-07	-5.981457e-07	-5.245507e-07	13366
649223	1.549285e-07	-5.981416e-07	-5.245728e-07	13366
657479	1.548692e-07	-5.981375e-07	-5.245950e-07	13366
665735	1.548099e-07	-5.981335e-07	-5.246172e-07	13366
673991	1.547506e-07	-5.981294e-07	-5.246393e-07	13366
682247	1.546913e-07	-5.981253e-07	-5.246615e-07	13366
690503	1.546320e-07	-5.981213e-07	-5.246836e-07	13366
698759	1.545727e-07	-5.981172e-07	-5.247057e-07	13366
707015	1.545133e-07	-5.981131e-07	-5.247278e-07	13366
715271	1.544540e-07	-5.981091e-07	-5.247499e-07	13366
723527	1.543947e-07	-5.981050e-07	-5.247720e-07	13366
731783	1.543354e-07	-5.981009e-07	-5.247941e-07	13366
740039	1.542761e-07	-5.980968e-07	-5.248161e-07	13366
748295	1.542167e-07	-5.980928e-07	-5.248382e-07	13366
756551	1.541574e-07	-5.980888e-07	-5.248602e-07	13366
764807	1.540980e-07	-5.980847e-07	-5.248823e-07	13366
773063	1.540387e-07	-5.980806e-07	-5.249044e-07	13366
781319	1.539794e-07	-5.980766e-07	-5.249264e-07	13366
789575	1.539200e-07	-5.980725e-07	-5.249484e-07	13366
797831	1.538607e-07	-5.980685e-07	-5.249704e-07	13366
806087	1.538013e-07	-5.980644e-07	-5.249924e-07	13366
814343	1.537420e-07	-5.980604e-07	-5.250144e-07	13366
822599	1.536826e-07	-5.980563e-07	-5.250364e-07	13366
830855	1.536232e-07	-5.980523e-07	-5.250584e-07	13366
839111	1.535638e-07	-5.980482e-07	-5.250803e-07	13366
847367	1.535045e-07	-5.980442e-07	-5.251023e-07	13366
855623	1.534451e-07	-5.980402e-07	-5.251243e-07	13366
863879	1.533857e-07	-5.980361e-07	-5.251462e-07	13366
872135	1.533263e-07	-5.980321e-07	-5.251682e-07	13366
880391	1.532670e-07	-5.980281e-07	-5.251901e-07	13366
888647	1.532076e-07	-5.980240e-07	-5.252120e-07	13366
896903	1.531482e-07	-5.980200e-07	-5.252339e-07	13366
905159	1.530888e-07	-5.980160e-07	-5.252558e-07	13366
913415	1.530294e-07	-5.980119e-07	-5.252778e-07	13366
921671	1.529700e-07	-5.980079e-07	-5.252996e-07	13366
929927	1.529106e-07	-5.980039e-07	-5.253215e-07	13366
938183	1.528512e-07	-5.979999e-07	-5.253434e-07	13366
946439	1.527918e-07	-5.979958e-07	-5.253652e-07	13366
954695	1.527324e-07	-5.979918e-07	-5.253871e-07	13366
962951	1.526729e-07	-5.979878e-07	-5.254089e-07	13366
971207	1.526135e-07	-5.979838e-07	-5.254308e-07	13366
979463	1.525541e-07	-5.979797e-07	-5.254526e-07	13366
987719	1.524947e-07	-5.979757e-07	-5.254744e-07	13366
995975	1.524352e-07	-5.979717e-07	-5.254962e-07	13366
1004231	1.523758e-07	-5.979677e-07	-5.255180e-07	13366
1012487	1.523164e-07	-5.979637e-07	-5.255398e-07	13366
1020743	1.522569e-07	-5.979597e-07	-5.255616e-07	13366
1028999	1.521975e-07	-5.979557e-07	-5.255833e-07	13366
1037255	1.521380e-07	-5.979517e-07	-5.256051e-07	13366
1045511	1.520786e-07	-5.979477e-07	-5.256269e-07	13366
1053767	1.520191e-07	-5.979437e-07	-5.256487e-07	13366
1062023	1.519597e-07	-5.979397e-07	-5.256704e-07	13366
1070279	1.519002e-07	-5.979357e-07	-5.256921e-07	13366
1078535	1.518408e-07	-5.979317e-07	-5.257139e-07	13366
1086791	1.517813e-07	-5.979277e-07	-5.257356e-07	13366
1095047	1.517218e-07	-5.979237e-07	-5.257573e-07	13366
1103303	1.516624e-07	-5.979197e-07	-5.257789e-07	13366
1111559	1.516029e-07	-5.979157e-07	-5.258007e-07	13366
1119815	1.515434e-07	-5.979117e-07	-5.258223e-07	13366
1128071	1.514839e-07	-5.979077e-07	-5.258440e-07	13366
1136327	1.514244e-07	-5.979037e-07	-5.258657e-07	13366
1144583	1.513649e-07	-5.978998e-07	-5.258873e-07	13366
1152839	1.513055e-07	-5.978958e-07	-5.259090e-07	13366
5427	2.432163e-07	-5.969828e-07	-5.467391e-07	13899
13683	2.431538e-07	-5.969763e-07	-5.467739e-07	13899
21939	2.430913e-07	-5.969699e-07	-5.468087e-07	13899
30195	2.430288e-07	-5.969635e-07	-5.468435e-07	13899
38451	2.429662e-07	-5.969571e-07	-5.468783e-07	13899
46707	2.429037e-07	-5.969507e-07	-5.469131e-07	13899
54963	2.428412e-07	-5.969442e-07	-5.469479e-07	13899
63219	2.427786e-07	-5.969378e-07	-5.469827e-07	13899
71475	2.427161e-07	-5.969314e-07	-5.470174e-07	13899
79731	2.426535e-07	-5.969250e-07	-5.470521e-07	13899
87987	2.425910e-07	-5.969185e-07	-5.470869e-07	13899
96243	2.425284e-07	-5.969122e-07	-5.471216e-07	13899
104499	2.424659e-07	-5.969057e-07	-5.471563e-07	13899
112755	2.424033e-07	-5.968993e-07	-5.471911e-07	13899
121011	2.423407e-07	-5.968930e-07	-5.472257e-07	13899
129267	2.422781e-07	-5.968865e-07	-5.472605e-07	13899
137523	2.422155e-07	-5.968801e-07	-5.472951e-07	13899
145779	2.421530e-07	-5.968737e-07	-5.473298e-07	13899
154035	2.420904e-07	-5.968673e-07	-5.473645e-07	13899
162291	2.420278e-07	-5.968610e-07	-5.473991e-07	13899
170547	2.419652e-07	-5.968545e-07	-5.474338e-07	13899
178803	2.419026e-07	-5.968482e-07	-5.474684e-07	13899
187059	2.418400e-07	-5.968417e-07	-5.475031e-07	13899
195315	2.417773e-07	-5.968354e-07	-5.475377e-07	13899
203571	2.417147e-07	-5.968290e-07	-5.475723e-07	13899
211827	2.416521e-07	-5.968226e-07	-5.476069e-07	13899
220083	2.415894e-07	-5.968162e-07	-5.476415e-07	13899
228339	2.415268e-07	-5.968098e-07	-5.476761e-07	13899
236595	2.414641e-07	-5.968034e-07	-5.477107e-07	13899
244851	2.414015e-07	-5.967971e-07	-5.477452e-07	13899
253107	2.413389e-07	-5.967907e-07	-5.477798e-07	13899
261363	2.412762e-07	-5.967843e-07	-5.478143e-07	13899
269619	2.412135e-07	-5.967779e-07	-5.478489e-07	13899
277875	2.411508e-07	-5.967715e-07	-5.478834e-07	13899
286131	2.410882e-07	-5.967652e-07	-5.479179e-07	13899
294387	2.410255e-07	-5.967588e-07	-5.479524e-07	13899
302643	2.409628e-07	-5.967524e-07	-5.479869e-07	13899
310899	2.409001e-07	-5.967461e-07	-5.480214e-07	13899
319155	2.408374e-07	-5.967397e-07	-5.480559e-07	13899
327411	2.407747e-07	-5.967333e-07	-5.480904e-07	13899
4171	1.491666e-07	-5.967283e-07	-5.255158e-07	10033
335667	2.407120e-07	-5.967270e-07	-5.481248e-07	13899
12427	1.491072e-07	-5.967244e-07	-5.255372e-07	10033
343923	2.406493e-07	-5.967206e-07	-5.481593e-07	13899
20683	1.490477e-07	-5.967204e-07	-5.255585e-07	10033
28939	1.489882e-07	-5.967165e-07	-5.255798e-07	10033
352179	2.405866e-07	-5.967143e-07	-5.481938e-07	13899
37195	1.489287e-07	-5.967126e-07	-5.256011e-07	10033
45451	1.488692e-07	-5.967087e-07	-5.256224e-07	10033
360435	2.405239e-07	-5.967079e-07	-5.482282e-07	13899
53707	1.488097e-07	-5.967048e-07	-5.256437e-07	10033
368691	2.404611e-07	-5.967016e-07	-5.482626e-07	13899
61963	1.487503e-07	-5.967008e-07	-5.256650e-07	10033
70219	1.486908e-07	-5.966969e-07	-5.256862e-07	10033
376947	2.403984e-07	-5.966952e-07	-5.482971e-07	13899
78475	1.486313e-07	-5.966930e-07	-5.257075e-07	10033
86731	1.485718e-07	-5.966891e-07	-5.257288e-07	10033
385203	2.403357e-07	-5.966888e-07	-5.483315e-07	13899
94987	1.485123e-07	-5.966852e-07	-5.257500e-07	10033
393459	2.402729e-07	-5.966825e-07	-5.483659e-07	13899
103243	1.484528e-07	-5.966813e-07	-5.257713e-07	10033
111499	1.483933e-07	-5.966774e-07	-5.257925e-07	10033
401715	2.402102e-07	-5.966762e-07	-5.484003e-07	13899
119755	1.483338e-07	-5.966735e-07	-5.258137e-07	10033
409971	2.401474e-07	-5.966698e-07	-5.484347e-07	13899
128011	1.482743e-07	-5.966696e-07	-5.258349e-07	10033
136267	1.482147e-07	-5.966657e-07	-5.258561e-07	10033
418227	2.400847e-07	-5.966635e-07	-5.484691e-07	13899
144523	1.481552e-07	-5.966618e-07	-5.258773e-07	10033
152779	1.480957e-07	-5.966579e-07	-5.258985e-07	10033
426483	2.400219e-07	-5.966571e-07	-5.485034e-07	13899
161035	1.480362e-07	-5.966540e-07	-5.259197e-07	10033
434739	2.399591e-07	-5.966508e-07	-5.485378e-07	13899
169291	1.479766e-07	-5.966501e-07	-5.259409e-07	10033
177547	1.479171e-07	-5.966462e-07	-5.259620e-07	10033
442995	2.398963e-07	-5.966444e-07	-5.485721e-07	13899
185803	1.478576e-07	-5.966423e-07	-5.259832e-07	10033
194059	1.477980e-07	-5.966384e-07	-5.260043e-07	10033
451251	2.398336e-07	-5.966381e-07	-5.486065e-07	13899
202315	1.477385e-07	-5.966345e-07	-5.260255e-07	10033
459507	2.397708e-07	-5.966318e-07	-5.486408e-07	13899
210571	1.476789e-07	-5.966306e-07	-5.260466e-07	10033
218827	1.476194e-07	-5.966268e-07	-5.260677e-07	10033
467763	2.397080e-07	-5.966255e-07	-5.486751e-07	13899
227083	1.475598e-07	-5.966229e-07	-5.260889e-07	10033
476019	2.396452e-07	-5.966191e-07	-5.487095e-07	13899
235339	1.475003e-07	-5.966190e-07	-5.261099e-07	10033
243595	1.474407e-07	-5.966151e-07	-5.261310e-07	10033
484275	2.395824e-07	-5.966128e-07	-5.487437e-07	13899
251851	1.473812e-07	-5.966112e-07	-5.261521e-07	10033
260107	1.473216e-07	-5.966074e-07	-5.261732e-07	10033
492531	2.395196e-07	-5.966064e-07	-5.487781e-07	13899
268363	1.472620e-07	-5.966035e-07	-5.261942e-07	10033
500787	2.394568e-07	-5.966001e-07	-5.488124e-07	13899
276619	1.472025e-07	-5.965996e-07	-5.262153e-07	10033
284875	1.471429e-07	-5.965957e-07	-5.262364e-07	10033
509043	2.393940e-07	-5.965938e-07	-5.488466e-07	13899
293131	1.470833e-07	-5.965919e-07	-5.262574e-07	10033
301387	1.470237e-07	-5.965880e-07	-5.262784e-07	10033
517299	2.393312e-07	-5.965875e-07	-5.488809e-07	13899
309643	1.469642e-07	-5.965841e-07	-5.262995e-07	10033
525555	2.392683e-07	-5.965811e-07	-5.489151e-07	13899
317899	1.469046e-07	-5.965803e-07	-5.263205e-07	10033
326155	1.468450e-07	-5.965764e-07	-5.263415e-07	10033
533811	2.392055e-07	-5.965748e-07	-5.489494e-07	13899
334411	1.467854e-07	-5.965725e-07	-5.263625e-07	10033
342667	1.467258e-07	-5.965687e-07	-5.263835e-07	10033
542067	2.391427e-07	-5.965685e-07	-5.489836e-07	13899
350923	1.466662e-07	-5.965648e-07	-5.264044e-07	10033
550323	2.390798e-07	-5.965622e-07	-5.490179e-07	13899
359179	1.466066e-07	-5.965609e-07	-5.264254e-07	10033
367435	1.465470e-07	-5.965571e-07	-5.264464e-07	10033
558579	2.390170e-07	-5.965559e-07	-5.490521e-07	13899
375691	1.464874e-07	-5.965533e-07	-5.264674e-07	10033
566835	2.389541e-07	-5.965496e-07	-5.490863e-07	13899
383947	1.464278e-07	-5.965494e-07	-5.264883e-07	10033
392203	1.463682e-07	-5.965455e-07	-5.265093e-07	10033
575091	2.388913e-07	-5.965433e-07	-5.491205e-07	13899
400459	1.463086e-07	-5.965417e-07	-5.265302e-07	10033
408715	1.462489e-07	-5.965379e-07	-5.265511e-07	10033
583347	2.388284e-07	-5.965369e-07	-5.491547e-07	13899
416971	1.461893e-07	-5.965340e-07	-5.265720e-07	10033
591603	2.387656e-07	-5.965306e-07	-5.491889e-07	13899
425227	1.461297e-07	-5.965301e-07	-5.265929e-07	10033
433483	1.460701e-07	-5.965263e-07	-5.266138e-07	10033
599859	2.387027e-07	-5.965243e-07	-5.492231e-07	13899
441739	1.460104e-07	-5.965225e-07	-5.266347e-07	10033
449995	1.459508e-07	-5.965186e-07	-5.266556e-07	10033
608115	2.386398e-07	-5.965180e-07	-5.492573e-07	13899
458251	1.458911e-07	-5.965148e-07	-5.266764e-07	10033
616371	2.385769e-07	-5.965117e-07	-5.492914e-07	13899
466507	1.458315e-07	-5.965110e-07	-5.266973e-07	10033
474763	1.457719e-07	-5.965071e-07	-5.267182e-07	10033
624627	2.385140e-07	-5.965054e-07	-5.493256e-07	13899
483019	1.457122e-07	-5.965033e-07	-5.267390e-07	10033
491275	1.456526e-07	-5.964994e-07	-5.267599e-07	10033
632883	2.384512e-07	-5.964991e-07	-5.493598e-07	13899
499531	1.455929e-07	-5.964956e-07	-5.267807e-07	10033
641139	2.383883e-07	-5.964928e-07	-5.493939e-07	13899
507787	1.455333e-07	-5.964918e-07	-5.268015e-07	10033
516043	1.454736e-07	-5.964880e-07	-5.268223e-07	10033
649395	2.383254e-07	-5.964865e-07	-5.494280e-07	13899
524299	1.454139e-07	-5.964841e-07	-5.268431e-07	10033
532555	1.453543e-07	-5.964803e-07	-5.268639e-07	10033
657651	2.382625e-07	-5.964802e-07	-5.494621e-07	13899
540811	1.452946e-07	-5.964765e-07	-5.268847e-07	10033
665907	2.381995e-07	-5.964739e-07	-5.494962e-07	13899
549067	1.452349e-07	-5.964727e-07	-5.269055e-07	10033
557323	1.451753e-07	-5.964689e-07	-5.269263e-07	10033
674163	2.381366e-07	-5.964676e-07	-5.495303e-07	13899
565579	1.451156e-07	-5.964650e-07	-5.269470e-07	10033
682419	2.380737e-07	-5.964613e-07	-5.495644e-07	13899
573835	1.450559e-07	-5.964612e-07	-5.269678e-07	10033
582091	1.449962e-07	-5.964574e-07	-5.269885e-07	10033
690675	2.380108e-07	-5.964550e-07	-5.495985e-07	13899
590347	1.449365e-07	-5.964536e-07	-5.270093e-07	10033
598603	1.448768e-07	-5.964498e-07	-5.270300e-07	10033
698931	2.379479e-07	-5.964487e-07	-5.496325e-07	13899
606859	1.448172e-07	-5.964459e-07	-5.270507e-07	10033
707187	2.378849e-07	-5.964425e-07	-5.496666e-07	13899
615115	1.447575e-07	-5.964421e-07	-5.270714e-07	10033
623371	1.446978e-07	-5.964383e-07	-5.270921e-07	10033
715443	2.378220e-07	-5.964362e-07	-5.497007e-07	13899
631627	1.446381e-07	-5.964345e-07	-5.271128e-07	10033
639883	1.445783e-07	-5.964307e-07	-5.271335e-07	10033
723699	2.377590e-07	-5.964299e-07	-5.497347e-07	13899
648139	1.445186e-07	-5.964269e-07	-5.271542e-07	10033
731955	2.376961e-07	-5.964236e-07	-5.497687e-07	13899
656395	1.444589e-07	-5.964231e-07	-5.271748e-07	10033
664651	1.443992e-07	-5.964193e-07	-5.271955e-07	10033
740211	2.376331e-07	-5.964174e-07	-5.498028e-07	13899
672907	1.443395e-07	-5.964155e-07	-5.272161e-07	10033
681163	1.442798e-07	-5.964117e-07	-5.272368e-07	10033
748467	2.375702e-07	-5.964110e-07	-5.498368e-07	13899
689419	1.442200e-07	-5.964079e-07	-5.272574e-07	10033
756723	2.375072e-07	-5.964048e-07	-5.498708e-07	13899
697675	1.441603e-07	-5.964042e-07	-5.272780e-07	10033
705931	1.441006e-07	-5.964004e-07	-5.272987e-07	10033
764979	2.374442e-07	-5.963985e-07	-5.499048e-07	13899
714187	1.440409e-07	-5.963965e-07	-5.273192e-07	10033
722443	1.439811e-07	-5.963928e-07	-5.273399e-07	10033
773235	2.373813e-07	-5.963922e-07	-5.499388e-07	13899
730699	1.439214e-07	-5.963890e-07	-5.273604e-07	10033
781491	2.373183e-07	-5.963860e-07	-5.499728e-07	13899
738955	1.438616e-07	-5.963852e-07	-5.273810e-07	10033
747211	1.438019e-07	-5.963814e-07	-5.274016e-07	10033
789747	2.372553e-07	-5.963797e-07	-5.500067e-07	13899
755467	1.437421e-07	-5.963776e-07	-5.274222e-07	10033
763723	1.436824e-07	-5.963739e-07	-5.274427e-07	10033
798003	2.371923e-07	-5.963734e-07	-5.500407e-07	13899
771979	1.436226e-07	-5.963701e-07	-5.274633e-07	10033
806259	2.371293e-07	-5.963672e-07	-5.500747e-07	13899
780235	1.435629e-07	-5.963663e-07	-5.274838e-07	10033
788491	1.435031e-07	-5.963626e-07	-5.275043e-07	10033
814515	2.370663e-07	-5.963609e-07	-5.501086e-07	13899
796747	1.434433e-07	-5.963587e-07	-5.275248e-07	10033
805003	1.433836e-07	-5.963550e-07	-5.275454e-07	10033
822771	2.370033e-07	-5.963546e-07	-5.501425e-07	13899
813259	1.433238e-07	-5.963512e-07	-5.275659e-07	10033
831027	2.369403e-07	-5.963483e-07	-5.501765e-07	13899
821515	1.432640e-07	-5.963474e-07	-5.275863e-07	10033
829771	1.432043e-07	-5.963437e-07	-5.276069e-07	10033
839283	2.368773e-07	-5.963421e-07	-5.502104e-07	13899
838027	1.431445e-07	-5.963399e-07	-5.276273e-07	10033
846283	1.430847e-07	-5.963361e-07	-5.276478e-07	10033
847539	2.368142e-07	-5.963358e-07	-5.502443e-07	13899
854539	1.430249e-07	-5.963324e-07	-5.276682e-07	10033
855795	2.367512e-07	-5.963296e-07	-5.502782e-07	13899
862795	1.429651e-07	-5.963286e-07	-5.276887e-07	10033
871051	1.429053e-07	-5.963249e-07	-5.277091e-07	10033
864051	2.366882e-07	-5.963233e-07	-5.503121e-07	13899
879307	1.428456e-07	-5.963211e-07	-5.277296e-07	10033
887563	1.427858e-07	-5.963174e-07	-5.277500e-07	10033
872307	2.366252e-07	-5.963171e-07	-5.503460e-07	13899
895819	1.427260e-07	-5.963136e-07	-5.277704e-07	10033
880563	2.365621e-07	-5.963108e-07	-5.503799e-07	13899
904075	1.426661e-07	-5.963099e-07	-5.277908e-07	10033
912331	1.426063e-07	-5.963061e-07	-5.278112e-07	10033
888819	2.364991e-07	-5.963046e-07	-5.504137e-07	13899
920587	1.425465e-07	-5.963024e-07	-5.278316e-07	10033
928843	1.424867e-07	-5.962986e-07	-5.278520e-07	10033
897075	2.364360e-07	-5.962983e-07	-5.504476e-07	13899
937099	1.424269e-07	-5.962949e-07	-5.278724e-07	10033
905331	2.363730e-07	-5.962921e-07	-5.504814e-07	13899
945355	1.423671e-07	-5.962911e-07	-5.278927e-07	10033
953611	1.423073e-07	-5.962874e-07	-5.279131e-07	10033
913587	2.363099e-07	-5.962859e-07	-5.505153e-07	13899
961867	1.422474e-07	-5.962836e-07	-5.279335e-07	10033
970123	1.421876e-07	-5.962799e-07	-5.279538e-07	10033
921843	2.362468e-07	-5.962796e-07	-5.505491e-07	13899
978379	1.421278e-07	-5.962762e-07	-5.279741e-07	10033
930099	2.361838e-07	-5.962734e-07	-5.505829e-07	13899
986635	1.420679e-07	-5.962724e-07	-5.279945e-07	10033
994891	1.420081e-07	-5.962686e-07	-5.280148e-07	10033
938355	2.361207e-07	-5.962671e-07	-5.506167e-07	13899
1003147	1.419483e-07	-5.962650e-07	-5.280351e-07	10033
1011403	1.418884e-07	-5.962612e-07	-5.280554e-07	10033
946611	2.360576e-07	-5.962609e-07	-5.506505e-07	13899
1019659	1.418286e-07	-5.962575e-07	-5.280756e-07	10033
954867	2.359945e-07	-5.962547e-07	-5.506843e-07	13899
1027915	1.417687e-07	-5.962538e-07	-5.280959e-07	10033
1036171	1.417089e-07	-5.962500e-07	-5.281162e-07	10033
963123	2.359314e-07	-5.962484e-07	-5.507181e-07	13899
1044427	1.416490e-07	-5.962463e-07	-5.281365e-07	10033
1052683	1.415892e-07	-5.962426e-07	-5.281567e-07	10033
971379	2.358683e-07	-5.962422e-07	-5.507518e-07	13899
1060939	1.415293e-07	-5.962389e-07	-5.281770e-07	10033
979635	2.358052e-07	-5.962360e-07	-5.507856e-07	13899
1069195	1.414694e-07	-5.962351e-07	-5.281972e-07	10033
1077451	1.414096e-07	-5.962314e-07	-5.282175e-07	10033
987891	2.357421e-07	-5.962297e-07	-5.508194e-07	13899
1085707	1.413497e-07	-5.962277e-07	-5.282376e-07	10033
1093963	1.412898e-07	-5.962240e-07	-5.282579e-07	10033
996147	2.356790e-07	-5.962235e-07	-5.508531e-07	13899
1102219	1.412300e-07	-5.962203e-07	-5.282781e-07	10033
1004403	2.356159e-07	-5.962173e-07	-5.508869e-07	13899
1110475	1.411701e-07	-5.962165e-07	-5.282982e-07	10033
1118731	1.411102e-07	-5.962128e-07	-5.283185e-07	10033
1012659	2.355528e-07	-5.962111e-07	-5.509206e-07	13899
1126987	1.410503e-07	-5.962091e-07	-5.283387e-07	10033
1135243	1.409904e-07	-5.962054e-07	-5.283588e-07	10033
1020915	2.354897e-07	-5.962048e-07	-5.509543e-07	13899
1143499	1.409305e-07	-5.962017e-07	-5.283790e-07	10033
1029171	2.354265e-07	-5.961986e-07	-5.509880e-07	13899
1151755	1.408706e-07	-5.961980e-07	-5.283991e-07	10033
1037427	2.353634e-07	-5.961924e-07	-5.510217e-07	13899
1045683	2.353002e-07	-5.961862e-07	-5.510555e-07	13899
1053939	2.352371e-07	-5.961800e-07	-5.510891e-07	13899
1062195	2.351739e-07	-5.961737e-07	-5.511228e-07	13899
1070451	2.351108e-07	-5.961675e-07	-5.511565e-07	13899
1078707	2.350476e-07	-5.961613e-07	-5.511901e-07	13899
1086963	2.349845e-07	-5.961551e-07	-5.512238e-07	13899
1095219	2.349213e-07	-5.961489e-07	-5.512574e-07	13899
1103475	2.348581e-07	-5.961427e-07	-5.512910e-07	13899
1111731	2.347949e-07	-5.961365e-07	-5.513247e-07	13899
1119987	2.347317e-07	-5.961303e-07	-5.513583e-07	13899
1128243	2.346685e-07	-5.961241e-07	-5.513918e-07	13899
1136499	2.346054e-07	-5.961179e-07	-5.514254e-07	13899
1144755	2.345422e-07	-5.961117e-07	-5.514590e-07	13899
1153011	2.344789e-07	-5.961055e-07	-5.514926e-07	13899
3625	1.345998e-07	-5.897631e-07	-5.091937e-07	8506
11881	1.345424e-07	-5.897596e-07	-5.092129e-07	8506
20137	1.344851e-07	-5.897561e-07	-5.092322e-07	8506
28393	1.344278e-07	-5.897525e-07	-5.092514e-07	8506
36649	1.343705e-07	-5.897490e-07	-5.092706e-07	8506
44905	1.343132e-07	-5.897455e-07	-5.092898e-07	8506
53161	1.342558e-07	-5.897419e-07	-5.093090e-07	8506
61417	1.341985e-07	-5.897384e-07	-5.093282e-07	8506
69673	1.341412e-07	-5.897349e-07	-5.093474e-07	8506
77929	1.340838e-07	-5.897314e-07	-5.093666e-07	8506
86185	1.340265e-07	-5.897278e-07	-5.093858e-07	8506
94441	1.339692e-07	-5.897243e-07	-5.094049e-07	8506
102697	1.339118e-07	-5.897208e-07	-5.094241e-07	8506
110953	1.338545e-07	-5.897173e-07	-5.094432e-07	8506
119209	1.337971e-07	-5.897137e-07	-5.094623e-07	8506
127465	1.337398e-07	-5.897102e-07	-5.094815e-07	8506
135721	1.336824e-07	-5.897067e-07	-5.095006e-07	8506
143977	1.336250e-07	-5.897032e-07	-5.095197e-07	8506
152233	1.335677e-07	-5.896997e-07	-5.095388e-07	8506
160489	1.335103e-07	-5.896962e-07	-5.095579e-07	8506
168745	1.334529e-07	-5.896927e-07	-5.095770e-07	8506
177001	1.333956e-07	-5.896891e-07	-5.095961e-07	8506
185257	1.333382e-07	-5.896857e-07	-5.096152e-07	8506
193513	1.332808e-07	-5.896821e-07	-5.096342e-07	8506
201769	1.332234e-07	-5.896786e-07	-5.096533e-07	8506
210025	1.331661e-07	-5.896752e-07	-5.096723e-07	8506
218281	1.331087e-07	-5.896716e-07	-5.096913e-07	8506
226537	1.330513e-07	-5.896682e-07	-5.097104e-07	8506
234793	1.329939e-07	-5.896646e-07	-5.097294e-07	8506
243049	1.329365e-07	-5.896612e-07	-5.097484e-07	8506
251305	1.328791e-07	-5.896576e-07	-5.097675e-07	8506
259561	1.328217e-07	-5.896542e-07	-5.097864e-07	8506
267817	1.327643e-07	-5.896507e-07	-5.098054e-07	8506
276073	1.327069e-07	-5.896472e-07	-5.098244e-07	8506
284329	1.326495e-07	-5.896437e-07	-5.098434e-07	8506
292585	1.325921e-07	-5.896402e-07	-5.098623e-07	8506
300841	1.325347e-07	-5.896367e-07	-5.098813e-07	8506
309097	1.324773e-07	-5.896333e-07	-5.099002e-07	8506
317353	1.324198e-07	-5.896298e-07	-5.099192e-07	8506
325609	1.323624e-07	-5.896263e-07	-5.099381e-07	8506
333865	1.323050e-07	-5.896228e-07	-5.099570e-07	8506
342121	1.322476e-07	-5.896193e-07	-5.099760e-07	8506
350377	1.321901e-07	-5.896159e-07	-5.099949e-07	8506
358633	1.321327e-07	-5.896124e-07	-5.100138e-07	8506
366889	1.320753e-07	-5.896089e-07	-5.100326e-07	8506
375145	1.320178e-07	-5.896055e-07	-5.100516e-07	8506
383401	1.319604e-07	-5.896019e-07	-5.100704e-07	8506
391657	1.319030e-07	-5.895985e-07	-5.100893e-07	8506
399913	1.318455e-07	-5.895951e-07	-5.101081e-07	8506
408169	1.317881e-07	-5.895916e-07	-5.101270e-07	8506
416425	1.317306e-07	-5.895881e-07	-5.101458e-07	8506
424681	1.316731e-07	-5.895847e-07	-5.101647e-07	8506
432937	1.316157e-07	-5.895812e-07	-5.101835e-07	8506
441193	1.315582e-07	-5.895777e-07	-5.102023e-07	8506
449449	1.315008e-07	-5.895743e-07	-5.102211e-07	8506
457705	1.314433e-07	-5.895708e-07	-5.102399e-07	8506
465961	1.313858e-07	-5.895674e-07	-5.102587e-07	8506
474217	1.313283e-07	-5.895639e-07	-5.102775e-07	8506
482473	1.312709e-07	-5.895604e-07	-5.102963e-07	8506
490729	1.312134e-07	-5.895570e-07	-5.103150e-07	8506
498985	1.311559e-07	-5.895536e-07	-5.103338e-07	8506
507241	1.310984e-07	-5.895501e-07	-5.103525e-07	8506
515497	1.310409e-07	-5.895467e-07	-5.103713e-07	8506
523753	1.309835e-07	-5.895432e-07	-5.103900e-07	8506
532009	1.309260e-07	-5.895398e-07	-5.104088e-07	8506
540265	1.308685e-07	-5.895363e-07	-5.104275e-07	8506
548521	1.308110e-07	-5.895329e-07	-5.104462e-07	8506
556777	1.307535e-07	-5.895295e-07	-5.104649e-07	8506
565033	1.306960e-07	-5.895261e-07	-5.104836e-07	8506
573289	1.306385e-07	-5.895226e-07	-5.105023e-07	8506
581545	1.305810e-07	-5.895192e-07	-5.105209e-07	8506
589801	1.305235e-07	-5.895157e-07	-5.105396e-07	8506
598057	1.304659e-07	-5.895123e-07	-5.105583e-07	8506
606313	1.304084e-07	-5.895089e-07	-5.105769e-07	8506
614569	1.303509e-07	-5.895054e-07	-5.105956e-07	8506
622825	1.302934e-07	-5.895020e-07	-5.106142e-07	8506
631081	1.302359e-07	-5.894986e-07	-5.106328e-07	8506
639337	1.301783e-07	-5.894952e-07	-5.106514e-07	8506
647593	1.301208e-07	-5.894918e-07	-5.106701e-07	8506
655849	1.300633e-07	-5.894883e-07	-5.106887e-07	8506
664105	1.300057e-07	-5.894849e-07	-5.107073e-07	8506
672361	1.299482e-07	-5.894815e-07	-5.107258e-07	8506
680617	1.298907e-07	-5.894781e-07	-5.107444e-07	8506
688873	1.298331e-07	-5.894747e-07	-5.107630e-07	8506
697129	1.297756e-07	-5.894713e-07	-5.107815e-07	8506
705385	1.297180e-07	-5.894678e-07	-5.108001e-07	8506
713641	1.296605e-07	-5.894644e-07	-5.108187e-07	8506
721897	1.296029e-07	-5.894610e-07	-5.108372e-07	8506
730153	1.295454e-07	-5.894576e-07	-5.108557e-07	8506
738409	1.294878e-07	-5.894542e-07	-5.108742e-07	8506
746665	1.294302e-07	-5.894508e-07	-5.108927e-07	8506
754921	1.293727e-07	-5.894474e-07	-5.109113e-07	8506
763177	1.293151e-07	-5.894440e-07	-5.109297e-07	8506
771433	1.292575e-07	-5.894406e-07	-5.109482e-07	8506
779689	1.292000e-07	-5.894372e-07	-5.109667e-07	8506
787945	1.291424e-07	-5.894339e-07	-5.109852e-07	8506
796201	1.290848e-07	-5.894304e-07	-5.110036e-07	8506
804457	1.290272e-07	-5.894270e-07	-5.110221e-07	8506
812713	1.289696e-07	-5.894237e-07	-5.110405e-07	8506
820969	1.289120e-07	-5.894203e-07	-5.110590e-07	8506
829225	1.288545e-07	-5.894169e-07	-5.110774e-07	8506
837481	1.287969e-07	-5.894135e-07	-5.110958e-07	8506
845737	1.287393e-07	-5.894101e-07	-5.111143e-07	8506
853993	1.286817e-07	-5.894067e-07	-5.111327e-07	8506
862249	1.286241e-07	-5.894034e-07	-5.111510e-07	8506
870505	1.285665e-07	-5.894000e-07	-5.111694e-07	8506
878761	1.285089e-07	-5.893966e-07	-5.111878e-07	8506
887017	1.284512e-07	-5.893932e-07	-5.112062e-07	8506
895273	1.283936e-07	-5.893899e-07	-5.112245e-07	8506
903529	1.283360e-07	-5.893865e-07	-5.112429e-07	8506
911785	1.282784e-07	-5.893831e-07	-5.112612e-07	8506
920041	1.282208e-07	-5.893797e-07	-5.112796e-07	8506
928297	1.281632e-07	-5.893764e-07	-5.112979e-07	8506
936553	1.281055e-07	-5.893730e-07	-5.113162e-07	8506
944809	1.280479e-07	-5.893696e-07	-5.113345e-07	8506
953065	1.279903e-07	-5.893663e-07	-5.113529e-07	8506
961321	1.279326e-07	-5.893629e-07	-5.113711e-07	8506
969577	1.278750e-07	-5.893596e-07	-5.113894e-07	8506
977833	1.278174e-07	-5.893562e-07	-5.114077e-07	8506
986089	1.277597e-07	-5.893529e-07	-5.114260e-07	8506
994345	1.277021e-07	-5.893495e-07	-5.114442e-07	8506
1002601	1.276444e-07	-5.893461e-07	-5.114625e-07	8506
1010857	1.275868e-07	-5.893428e-07	-5.114808e-07	8506
1019113	1.275291e-07	-5.893394e-07	-5.114990e-07	8506
1027369	1.274715e-07	-5.893361e-07	-5.115172e-07	8506
1035625	1.274138e-07	-5.893327e-07	-5.115355e-07	8506
1043881	1.273561e-07	-5.893294e-07	-5.115537e-07	8506
1052137	1.272985e-07	-5.893260e-07	-5.115719e-07	8506
1060393	1.272408e-07	-5.893227e-07	-5.115901e-07	8506
1068649	1.271832e-07	-5.893194e-07	-5.116083e-07	8506
1076905	1.271255e-07	-5.893160e-07	-5.116265e-07	8506
1085161	1.270678e-07	-5.893127e-07	-5.116446e-07	8506
1093417	1.270101e-07	-5.893093e-07	-5.116628e-07	8506
1101673	1.269524e-07	-5.893060e-07	-5.116809e-07	8506
1109929	1.268948e-07	-5.893027e-07	-5.116991e-07	8506
1118185	1.268371e-07	-5.892993e-07	-5.117172e-07	8506
1126441	1.267794e-07	-5.892960e-07	-5.117354e-07	8506
1134697	1.267217e-07	-5.892927e-07	-5.117535e-07	8506
1142953	1.266640e-07	-5.892894e-07	-5.117716e-07	8506
1151209	1.266063e-07	-5.892860e-07	-5.117897e-07	8506
7880	2.451079e-07	-5.863204e-07	-5.506822e-07	26216
16136	2.450445e-07	-5.863139e-07	-5.507173e-07	26216
24392	2.449812e-07	-5.863075e-07	-5.507524e-07	26216
32648	2.449178e-07	-5.863010e-07	-5.507875e-07	26216
40904	2.448544e-07	-5.862945e-07	-5.508226e-07	26216
49160	2.447911e-07	-5.862880e-07	-5.508576e-07	26216
57416	2.447277e-07	-5.862816e-07	-5.508927e-07	26216
65672	2.446643e-07	-5.862751e-07	-5.509277e-07	26216
73928	2.446009e-07	-5.862686e-07	-5.509627e-07	26216
82184	2.445375e-07	-5.862622e-07	-5.509978e-07	26216
90440	2.444741e-07	-5.862557e-07	-5.510327e-07	26216
98696	2.444107e-07	-5.862493e-07	-5.510677e-07	26216
106952	2.443473e-07	-5.862428e-07	-5.511027e-07	26216
115208	2.442839e-07	-5.862364e-07	-5.511377e-07	26216
123464	2.442204e-07	-5.862299e-07	-5.511727e-07	26216
131720	2.441570e-07	-5.862235e-07	-5.512076e-07	26216
139976	2.440936e-07	-5.862170e-07	-5.512426e-07	26216
148232	2.440301e-07	-5.862105e-07	-5.512775e-07	26216
156488	2.439667e-07	-5.862041e-07	-5.513125e-07	26216
164744	2.439033e-07	-5.861976e-07	-5.513474e-07	26216
173000	2.438398e-07	-5.861912e-07	-5.513823e-07	26216
181256	2.437763e-07	-5.861847e-07	-5.514173e-07	26216
189512	2.437129e-07	-5.861783e-07	-5.514522e-07	26216
197768	2.436494e-07	-5.861719e-07	-5.514870e-07	26216
206024	2.435859e-07	-5.861655e-07	-5.515219e-07	26216
214280	2.435224e-07	-5.861590e-07	-5.515568e-07	26216
222536	2.434590e-07	-5.861526e-07	-5.515917e-07	26216
230792	2.433955e-07	-5.861461e-07	-5.516265e-07	26216
239048	2.433320e-07	-5.861397e-07	-5.516613e-07	26216
247304	2.432685e-07	-5.861333e-07	-5.516962e-07	26216
255560	2.432050e-07	-5.861269e-07	-5.517310e-07	26216
263816	2.431415e-07	-5.861204e-07	-5.517658e-07	26216
272072	2.430779e-07	-5.861140e-07	-5.518006e-07	26216
280328	2.430144e-07	-5.861076e-07	-5.518355e-07	26216
288584	2.429509e-07	-5.861012e-07	-5.518702e-07	26216
296840	2.428874e-07	-5.860948e-07	-5.519050e-07	26216
305096	2.428238e-07	-5.860883e-07	-5.519398e-07	26216
313352	2.427603e-07	-5.860819e-07	-5.519746e-07	26216
321608	2.426967e-07	-5.860755e-07	-5.520093e-07	26216
329864	2.426332e-07	-5.860691e-07	-5.520440e-07	26216
338120	2.425696e-07	-5.860627e-07	-5.520787e-07	26216
346376	2.425061e-07	-5.860563e-07	-5.521135e-07	26216
354632	2.424425e-07	-5.860499e-07	-5.521482e-07	26216
362888	2.423789e-07	-5.860434e-07	-5.521829e-07	26216
371144	2.423153e-07	-5.860371e-07	-5.522176e-07	26216
379400	2.422518e-07	-5.860306e-07	-5.522523e-07	26216
387656	2.421882e-07	-5.860242e-07	-5.522870e-07	26216
395912	2.421246e-07	-5.860178e-07	-5.523217e-07	26216
404168	2.420610e-07	-5.860114e-07	-5.523563e-07	26216
412424	2.419974e-07	-5.860051e-07	-5.523910e-07	26216
420680	2.419338e-07	-5.859986e-07	-5.524256e-07	26216
428936	2.418701e-07	-5.859923e-07	-5.524603e-07	26216
437192	2.418065e-07	-5.859859e-07	-5.524949e-07	26216
445448	2.417429e-07	-5.859795e-07	-5.525295e-07	26216
453704	2.416793e-07	-5.859731e-07	-5.525641e-07	26216
461960	2.416157e-07	-5.859667e-07	-5.525987e-07	26216
470216	2.415520e-07	-5.859603e-07	-5.526333e-07	26216
478472	2.414884e-07	-5.859540e-07	-5.526679e-07	26216
486728	2.414247e-07	-5.859476e-07	-5.527024e-07	26216
494984	2.413611e-07	-5.859412e-07	-5.527370e-07	26216
503240	2.412974e-07	-5.859348e-07	-5.527716e-07	26216
511496	2.412337e-07	-5.859284e-07	-5.528061e-07	26216
519752	2.411701e-07	-5.859221e-07	-5.528407e-07	26216
528008	2.411064e-07	-5.859157e-07	-5.528752e-07	26216
536264	2.410427e-07	-5.859093e-07	-5.529097e-07	26216
544520	2.409790e-07	-5.859030e-07	-5.529442e-07	26216
552776	2.409153e-07	-5.858966e-07	-5.529787e-07	26216
561032	2.408516e-07	-5.858902e-07	-5.530132e-07	26216
569288	2.407879e-07	-5.858839e-07	-5.530477e-07	26216
577544	2.407242e-07	-5.858775e-07	-5.530821e-07	26216
585800	2.406605e-07	-5.858711e-07	-5.531166e-07	26216
594056	2.405968e-07	-5.858648e-07	-5.531510e-07	26216
602312	2.405331e-07	-5.858584e-07	-5.531855e-07	26216
610568	2.404693e-07	-5.858521e-07	-5.532199e-07	26216
618824	2.404056e-07	-5.858457e-07	-5.532544e-07	26216
627080	2.403419e-07	-5.858394e-07	-5.532888e-07	26216
635336	2.402781e-07	-5.858330e-07	-5.533232e-07	26216
643592	2.402144e-07	-5.858267e-07	-5.533576e-07	26216
651848	2.401506e-07	-5.858203e-07	-5.533920e-07	26216
660104	2.400869e-07	-5.858140e-07	-5.534263e-07	26216
668360	2.400231e-07	-5.858076e-07	-5.534607e-07	26216
676616	2.399593e-07	-5.858013e-07	-5.534951e-07	26216
684872	2.398956e-07	-5.857950e-07	-5.535294e-07	26216
693128	2.398318e-07	-5.857886e-07	-5.535638e-07	26216
701384	2.397680e-07	-5.857823e-07	-5.535981e-07	26216
709640	2.397042e-07	-5.857759e-07	-5.536324e-07	26216
717896	2.396404e-07	-5.857696e-07	-5.536668e-07	26216
726152	2.395766e-07	-5.857633e-07	-5.537011e-07	26216
734408	2.395128e-07	-5.857569e-07	-5.537353e-07	26216
742664	2.394490e-07	-5.857506e-07	-5.537697e-07	26216
750920	2.393852e-07	-5.857443e-07	-5.538039e-07	26216
759176	2.393214e-07	-5.857380e-07	-5.538382e-07	26216
767432	2.392576e-07	-5.857316e-07	-5.538724e-07	26216
775688	2.391937e-07	-5.857253e-07	-5.539067e-07	26216
783944	2.391299e-07	-5.857190e-07	-5.539409e-07	26216
792200	2.390661e-07	-5.857127e-07	-5.539752e-07	26216
800456	2.390022e-07	-5.857064e-07	-5.540094e-07	26216
808712	2.389384e-07	-5.857001e-07	-5.540437e-07	26216
816968	2.388745e-07	-5.856938e-07	-5.540778e-07	26216
825224	2.388107e-07	-5.856874e-07	-5.541120e-07	26216
833480	2.387468e-07	-5.856812e-07	-5.541462e-07	26216
841736	2.386829e-07	-5.856749e-07	-5.541804e-07	26216
849992	2.386190e-07	-5.856685e-07	-5.542146e-07	26216
858248	2.385552e-07	-5.856622e-07	-5.542487e-07	26216
866504	2.384913e-07	-5.856559e-07	-5.542828e-07	26216
874760	2.384274e-07	-5.856496e-07	-5.543170e-07	26216
883016	2.383635e-07	-5.856433e-07	-5.543512e-07	26216
891272	2.382996e-07	-5.856370e-07	-5.543853e-07	26216
899528	2.382357e-07	-5.856307e-07	-5.544194e-07	26216
907784	2.381718e-07	-5.856244e-07	-5.544535e-07	26216
916040	2.381079e-07	-5.856181e-07	-5.544876e-07	26216
924296	2.380439e-07	-5.856119e-07	-5.545216e-07	26216
932552	2.379800e-07	-5.856056e-07	-5.545558e-07	26216
940808	2.379161e-07	-5.855993e-07	-5.545898e-07	26216
949064	2.378521e-07	-5.855930e-07	-5.546239e-07	26216
957320	2.377882e-07	-5.855867e-07	-5.546580e-07	26216
965576	2.377243e-07	-5.855804e-07	-5.546920e-07	26216
973832	2.376603e-07	-5.855741e-07	-5.547260e-07	26216
982088	2.375964e-07	-5.855679e-07	-5.547600e-07	26216
990344	2.375324e-07	-5.855616e-07	-5.547940e-07	26216
998600	2.374684e-07	-5.855553e-07	-5.548280e-07	26216
1006856	2.374045e-07	-5.855491e-07	-5.548620e-07	26216
1015112	2.373405e-07	-5.855428e-07	-5.548960e-07	26216
1023368	2.372765e-07	-5.855365e-07	-5.549300e-07	26216
1031624	2.372125e-07	-5.855302e-07	-5.549639e-07	26216
1039880	2.371485e-07	-5.855240e-07	-5.549979e-07	26216
1048136	2.370845e-07	-5.855177e-07	-5.550319e-07	26216
1056392	2.370205e-07	-5.855114e-07	-5.550658e-07	26216
1064648	2.369565e-07	-5.855052e-07	-5.550997e-07	26216
1072904	2.368925e-07	-5.854989e-07	-5.551337e-07	26216
1081160	2.368285e-07	-5.854927e-07	-5.551676e-07	26216
1089416	2.367645e-07	-5.854864e-07	-5.552015e-07	26216
1097672	2.367005e-07	-5.854802e-07	-5.552354e-07	26216
1105928	2.366364e-07	-5.854739e-07	-5.552693e-07	26216
1114184	2.365724e-07	-5.854677e-07	-5.553031e-07	26216
1122440	2.365084e-07	-5.854614e-07	-5.553370e-07	26216
1130696	2.364443e-07	-5.854552e-07	-5.553709e-07	26216
1138952	2.363803e-07	-5.854489e-07	-5.554047e-07	26216
1147208	2.363162e-07	-5.854426e-07	-5.554385e-07	26216
1155464	2.362521e-07	-5.854365e-07	-5.554724e-07	26216
8242	2.179434e-07	-5.829618e-07	-5.323682e-07	31869
16498	2.178826e-07	-5.829560e-07	-5.323994e-07	31869
24754	2.178218e-07	-5.829503e-07	-5.324306e-07	31869
33010	2.177610e-07	-5.829445e-07	-5.324618e-07	31869
41266	2.177001e-07	-5.829388e-07	-5.324929e-07	31869
49522	2.176393e-07	-5.829330e-07	-5.325242e-07	31869
57778	2.175785e-07	-5.829273e-07	-5.325553e-07	31869
66034	2.175176e-07	-5.829215e-07	-5.325865e-07	31869
74290	2.174568e-07	-5.829158e-07	-5.326175e-07	31869
82546	2.173959e-07	-5.829100e-07	-5.326487e-07	31869
90802	2.173350e-07	-5.829043e-07	-5.326798e-07	31869
99058	2.172742e-07	-5.828986e-07	-5.327109e-07	31869
107314	2.172133e-07	-5.828928e-07	-5.327420e-07	31869
115570	2.171524e-07	-5.828871e-07	-5.327731e-07	31869
123826	2.170916e-07	-5.828813e-07	-5.328042e-07	31869
132082	2.170307e-07	-5.828756e-07	-5.328353e-07	31869
140338	2.169698e-07	-5.828699e-07	-5.328664e-07	31869
148594	2.169089e-07	-5.828642e-07	-5.328974e-07	31869
156850	2.168480e-07	-5.828584e-07	-5.329284e-07	31869
165106	2.167871e-07	-5.828527e-07	-5.329595e-07	31869
173362	2.167262e-07	-5.828470e-07	-5.329905e-07	31869
181618	2.166653e-07	-5.828413e-07	-5.330215e-07	31869
189874	2.166044e-07	-5.828355e-07	-5.330525e-07	31869
198130	2.165434e-07	-5.828298e-07	-5.330836e-07	31869
206386	2.164825e-07	-5.828241e-07	-5.331145e-07	31869
214642	2.164216e-07	-5.828184e-07	-5.331455e-07	31869
222898	2.163606e-07	-5.828127e-07	-5.331765e-07	31869
231154	2.162997e-07	-5.828069e-07	-5.332075e-07	31869
239410	2.162388e-07	-5.828012e-07	-5.332384e-07	31869
247666	2.161778e-07	-5.827955e-07	-5.332694e-07	31869
255922	2.161169e-07	-5.827898e-07	-5.333004e-07	31869
264178	2.160559e-07	-5.827841e-07	-5.333313e-07	31869
272434	2.159949e-07	-5.827784e-07	-5.333622e-07	31869
280690	2.159340e-07	-5.827727e-07	-5.333931e-07	31869
288946	2.158730e-07	-5.827670e-07	-5.334240e-07	31869
297202	2.158120e-07	-5.827613e-07	-5.334549e-07	31869
305458	2.157511e-07	-5.827556e-07	-5.334858e-07	31869
313714	2.156901e-07	-5.827499e-07	-5.335167e-07	31869
321970	2.156291e-07	-5.827442e-07	-5.335476e-07	31869
330226	2.155681e-07	-5.827386e-07	-5.335784e-07	31869
338482	2.155071e-07	-5.827328e-07	-5.336093e-07	31869
346738	2.154461e-07	-5.827271e-07	-5.336401e-07	31869
354994	2.153851e-07	-5.827214e-07	-5.336710e-07	31869
363250	2.153241e-07	-5.827158e-07	-5.337018e-07	31869
371506	2.152631e-07	-5.827101e-07	-5.337326e-07	31869
379762	2.152020e-07	-5.827044e-07	-5.337634e-07	31869
388018	2.151410e-07	-5.826987e-07	-5.337942e-07	31869
396274	2.150800e-07	-5.826930e-07	-5.338250e-07	31869
404530	2.150189e-07	-5.826873e-07	-5.338558e-07	31869
412786	2.149579e-07	-5.826817e-07	-5.338866e-07	31869
421042	2.148969e-07	-5.826760e-07	-5.339173e-07	31869
429298	2.148358e-07	-5.826703e-07	-5.339481e-07	31869
437554	2.147748e-07	-5.826647e-07	-5.339788e-07	31869
445810	2.147137e-07	-5.826590e-07	-5.340096e-07	31869
454066	2.146526e-07	-5.826533e-07	-5.340403e-07	31869
462322	2.145916e-07	-5.826477e-07	-5.340710e-07	31869
470578	2.145305e-07	-5.826420e-07	-5.341018e-07	31869
478834	2.144694e-07	-5.826363e-07	-5.341325e-07	31869
487090	2.144083e-07	-5.826307e-07	-5.341632e-07	31869
495346	2.143473e-07	-5.826250e-07	-5.341939e-07	31869
503602	2.142862e-07	-5.826194e-07	-5.342246e-07	31869
511858	2.142251e-07	-5.826137e-07	-5.342552e-07	31869
520114	2.141640e-07	-5.826080e-07	-5.342859e-07	31869
528370	2.141029e-07	-5.826024e-07	-5.343165e-07	31869
536626	2.140418e-07	-5.825967e-07	-5.343472e-07	31869
544882	2.139807e-07	-5.825911e-07	-5.343778e-07	31869
553138	2.139195e-07	-5.825854e-07	-5.344085e-07	31869
561394	2.138584e-07	-5.825798e-07	-5.344390e-07	31869
569650	2.137973e-07	-5.825741e-07	-5.344697e-07	31869
577906	2.137362e-07	-5.825685e-07	-5.345003e-07	31869
586162	2.136750e-07	-5.825628e-07	-5.345308e-07	31869
594418	2.136139e-07	-5.825572e-07	-5.345614e-07	31869
602674	2.135527e-07	-5.825515e-07	-5.345920e-07	31869
610930	2.134916e-07	-5.825459e-07	-5.346226e-07	31869
