594412	3.241658e-07	1.410721e-07	-1.998861e-09	31612
602668	3.241617e-07	1.410807e-07	-2.045356e-09	31612
610924	3.241577e-07	1.410893e-07	-2.091850e-09	31612
619180	3.241536e-07	1.410980e-07	-2.138343e-09	31612
627436	3.241495e-07	1.411066e-07	-2.184836e-09	31612
635692	3.241455e-07	1.411152e-07	-2.231328e-09	31612
643948	3.241414e-07	1.411238e-07	-2.277820e-09	31612
652204	3.241373e-07	1.411325e-07	-2.324311e-09	31612
660460	3.241332e-07	1.411411e-07	-2.370802e-09	31612
668716	3.241291e-07	1.411497e-07	-2.417292e-09	31612
676972	3.241250e-07	1.411584e-07	-2.463781e-09	31612
685228	3.241209e-07	1.411670e-07	-2.510270e-09	31612
693484	3.241168e-07	1.411756e-07	-2.556758e-09	31612
701740	3.241126e-07	1.411843e-07	-2.603246e-09	31612
709996	3.241085e-07	1.411929e-07	-2.649733e-09	31612
718252	3.241043e-07	1.412015e-07	-2.696219e-09	31612
726508	3.241002e-07	1.412102e-07	-2.742705e-09	31612
734764	3.240960e-07	1.412188e-07	-2.789190e-09	31612
743020	3.240919e-07	1.412274e-07	-2.835675e-09	31612
751276	3.240877e-07	1.412360e-07	-2.882159e-09	31612
759532	3.240835e-07	1.412447e-07	-2.928642e-09	31612
767788	3.240794e-07	1.412533e-07	-2.975125e-09	31612
776044	3.240752e-07	1.412619e-07	-3.021607e-09	31612
784300	3.240710e-07	1.412705e-07	-3.068089e-09	31612
792556	3.240668e-07	1.412792e-07	-3.114570e-09	31612
800812	3.240626e-07	1.412878e-07	-3.161050e-09	31612
809068	3.240583e-07	1.412964e-07	-3.207530e-09	31612
817324	3.240541e-07	1.413051e-07	-3.254009e-09	31612
825580	3.240499e-07	1.413137e-07	-3.300488e-09	31612
833836	3.240456e-07	1.413223e-07	-3.346966e-09	31612
842092	3.240414e-07	1.413309e-07	-3.393443e-09	31612
850348	3.240371e-07	1.413396e-07	-3.439920e-09	31612
858604	3.240329e-07	1.413482e-07	-3.486397e-09	31612
866860	3.240286e-07	1.413568e-07	-3.532872e-09	31612
875116	3.240243e-07	1.413654e-07	-3.579347e-09	31612
883372	3.240200e-07	1.413741e-07	-3.625821e-09	31612
891628	3.240158e-07	1.413827e-07	-3.672295e-09	31612
899884	3.240115e-07	1.413913e-07	-3.718768e-09	31612
908140	3.240072e-07	1.413999e-07	-3.765241e-09	31612
916396	3.240029e-07	1.414086e-07	-3.811713e-09	31612
924652	3.239986e-07	1.414172e-07	-3.858184e-09	31612
932908	3.239942e-07	1.414258e-07	-3.904654e-09	31612
941164	3.239899e-07	1.414344e-07	-3.951124e-09	31612
949420	3.239856e-07	1.414431e-07	-3.997594e-09	31612
957676	3.239812e-07	1.414517e-07	-4.044063e-09	31612
965932	3.239769e-07	1.414603e-07	-4.090531e-09	31612
974188	3.239725e-07	1.414689e-07	-4.136998e-09	31612
982444	3.239682e-07	1.414776e-07	-4.183466e-09	31612
990700	3.239638e-07	1.414862e-07	-4.229932e-09	31612
998956	3.239594e-07	1.414948e-07	-4.276397e-09	31612
1007212	3.239550e-07	1.415034e-07	-4.322863e-09	31612
1015468	3.239506e-07	1.415121e-07	-4.369327e-09	31612
1023724	3.239462e-07	1.415207e-07	-4.415790e-09	31612
1031980	3.239418e-07	1.415293e-07	-4.462254e-09	31612
1040236	3.239374e-07	1.415379e-07	-4.508717e-09	31612
1048492	3.239330e-07	1.415466e-07	-4.555178e-09	31612
1056748	3.239286e-07	1.415552e-07	-4.601640e-09	31612
1065004	3.239242e-07	1.415638e-07	-4.648100e-09	31612
1073260	3.239197e-07	1.415724e-07	-4.694560e-09	31612
1081516	3.239153e-07	1.415811e-07	-4.741020e-09	31612
1089772	3.239108e-07	1.415897e-07	-4.787478e-09	31612
1098028	3.239064e-07	1.415983e-07	-4.833936e-09	31612
1106284	3.239019e-07	1.416069e-07	-4.880394e-09	31612
1114540	3.238974e-07	1.416156e-07	-4.926850e-09	31612
1122796	3.238929e-07	1.416242e-07	-4.973307e-09	31612
1131052	3.238885e-07	1.416328e-07	-5.019762e-09	31612
1139308	3.238840e-07	1.416414e-07	-5.066217e-09	31612
1147564	3.238794e-07	1.416500e-07	-5.112671e-09	31612
1155820	3.238750e-07	1.416587e-07	-5.159125e-09	31612
134	1.907136e-07	1.424364e-07	4.772096e-08	520
8390	1.907167e-07	1.424415e-07	4.769360e-08	520
16646	1.907197e-07	1.424465e-07	4.766624e-08	520
24902	1.907228e-07	1.424516e-07	4.763887e-08	520
33158	1.907258e-07	1.424567e-07	4.761151e-08	520
41414	1.907288e-07	1.424618e-07	4.758416e-08	520
49670	1.907319e-07	1.424669e-07	4.755679e-08	520
57926	1.907349e-07	1.424719e-07	4.752943e-08	520
66182	1.907379e-07	1.424770e-07	4.750207e-08	520
74438	1.907409e-07	1.424821e-07	4.747470e-08	520
82694	1.907439e-07	1.424872e-07	4.744734e-08	520
90950	1.907469e-07	1.424923e-07	4.741998e-08	520
99206	1.907500e-07	1.424974e-07	4.739261e-08	520
107462	1.907530e-07	1.425024e-07	4.736525e-08	520
115718	1.907560e-07	1.425075e-07	4.733788e-08	520
123974	1.907589e-07	1.425126e-07	4.731052e-08	520
132230	1.907619e-07	1.425177e-07	4.728315e-08	520
140486	1.907649e-07	1.425228e-07	4.725579e-08	520
148742	1.907679e-07	1.425279e-07	4.722842e-08	520
156998	1.907709e-07	1.425329e-07	4.720105e-08	520
165254	1.907738e-07	1.425380e-07	4.717369e-08	520
173510	1.907768e-07	1.425431e-07	4.714632e-08	520
181766	1.907798e-07	1.425482e-07	4.711895e-08	520
190022	1.907827e-07	1.425533e-07	4.709158e-08	520
198278	1.907857e-07	1.425584e-07	4.706421e-08	520
206534	1.907886e-07	1.425635e-07	4.703684e-08	520
214790	1.907916e-07	1.425685e-07	4.700947e-08	520
223046	1.907945e-07	1.425736e-07	4.698210e-08	520
231302	1.907975e-07	1.425787e-07	4.695473e-08	520
239558	1.908004e-07	1.425838e-07	4.692736e-08	520
247814	1.908033e-07	1.425889e-07	4.689999e-08	520
256070	1.908063e-07	1.425939e-07	4.687261e-08	520
264326	1.908092e-07	1.425990e-07	4.684524e-08	520
272582	1.908121e-07	1.426041e-07	4.681787e-08	520
280838	1.908150e-07	1.426092e-07	4.679049e-08	520
289094	1.908179e-07	1.426143e-07	4.676312e-08	520
297350	1.908208e-07	1.426194e-07	4.673575e-08	520
305606	1.908237e-07	1.426245e-07	4.670837e-08	520
313862	1.908266e-07	1.426295e-07	4.668100e-08	520
322118	1.908295e-07	1.426346e-07	4.665362e-08	520
330374	1.908324e-07	1.426397e-07	4.662624e-08	520
338630	1.908353e-07	1.426448e-07	4.659887e-08	520
346886	1.908382e-07	1.426499e-07	4.657149e-08	520
355142	1.908411e-07	1.426550e-07	4.654412e-08	520
363398	1.908439e-07	1.426600e-07	4.651674e-08	520
371654	1.908468e-07	1.426651e-07	4.648936e-08	520
379910	1.908497e-07	1.426702e-07	4.646198e-08	520
388166	1.908525e-07	1.426753e-07	4.643460e-08	520
396422	1.908554e-07	1.426804e-07	4.640722e-08	520
404678	1.908582e-07	1.426855e-07	4.637984e-08	520
412934	1.908611e-07	1.426906e-07	4.635246e-08	520
421190	1.908639e-07	1.426956e-07	4.632508e-08	520
429446	1.908668e-07	1.427007e-07	4.629770e-08	520
437702	1.908696e-07	1.427058e-07	4.627032e-08	520
445958	1.908725e-07	1.427109e-07	4.624294e-08	520
454214	1.908753e-07	1.427160e-07	4.621556e-08	520
462470	1.908781e-07	1.427211e-07	4.618817e-08	520
470726	1.908809e-07	1.427262e-07	4.616079e-08	520
478982	1.908838e-07	1.427312e-07	4.613341e-08	520
487238	1.908866e-07	1.427363e-07	4.610602e-08	520
495494	1.908894e-07	1.427414e-07	4.607864e-08	520
503750	1.908922e-07	1.427465e-07	4.605126e-08	520
512006	1.908950e-07	1.427516e-07	4.602387e-08	520
520262	1.908978e-07	1.427567e-07	4.599648e-08	520
528518	1.909006e-07	1.427618e-07	4.596910e-08	520
536774	1.909034e-07	1.427669e-07	4.594171e-08	520
545030	1.909061e-07	1.427719e-07	4.591433e-08	520
553286	1.909089e-07	1.427770e-07	4.588694e-08	520
561542	1.909117e-07	1.427821e-07	4.585955e-08	520
569798	1.909145e-07	1.427872e-07	4.583216e-08	520
578054	1.909172e-07	1.427923e-07	4.580478e-08	520
586310	1.909200e-07	1.427974e-07	4.577739e-08	520
594566	1.909228e-07	1.428025e-07	4.575000e-08	520
602822	1.909255e-07	1.428076e-07	4.572261e-08	520
611078	1.909283e-07	1.428126e-07	4.569522e-08	520
619334	1.909310e-07	1.428177e-07	4.566783e-08	520
627590	1.909338e-07	1.428228e-07	4.564044e-08	520
635846	1.909365e-07	1.428279e-07	4.561305e-08	520
644102	1.909392e-07	1.428330e-07	4.558565e-08	520
652358	1.909420e-07	1.428381e-07	4.555826e-08	520
660614	1.909447e-07	1.428431e-07	4.553087e-08	520
668870	1.909474e-07	1.428482e-07	4.550348e-08	520
677126	1.909501e-07	1.428533e-07	4.547609e-08	520
685382	1.909529e-07	1.428584e-07	4.544869e-08	520
693638	1.909556e-07	1.428635e-07	4.542130e-08	520
701894	1.909583e-07	1.428686e-07	4.539391e-08	520
710150	1.909610e-07	1.428737e-07	4.536651e-08	520
718406	1.909637e-07	1.428788e-07	4.533912e-08	520
726662	1.909664e-07	1.428839e-07	4.531172e-08	520
734918	1.909691e-07	1.428890e-07	4.528432e-08	520
743174	1.909717e-07	1.428940e-07	4.525693e-08	520
751430	1.909744e-07	1.428991e-07	4.522953e-08	520
759686	1.909771e-07	1.429042e-07	4.520214e-08	520
767942	1.909798e-07	1.429093e-07	4.517474e-08	520
776198	1.909825e-07	1.429144e-07	4.514734e-08	520
784454	1.909851e-07	1.429195e-07	4.511994e-08	520
792710	1.909878e-07	1.429246e-07	4.509254e-08	520
800966	1.909904e-07	1.429297e-07	4.506515e-08	520
809222	1.909931e-07	1.429347e-07	4.503775e-08	520
817478	1.909957e-07	1.429398e-07	4.501035e-08	520
825734	1.909984e-07	1.429449e-07	4.498295e-08	520
833990	1.910010e-07	1.429500e-07	4.495555e-08	520
842246	1.910037e-07	1.429551e-07	4.492815e-08	520
850502	1.910063e-07	1.429602e-07	4.490075e-08	520
858758	1.910090e-07	1.429653e-07	4.487335e-08	520
867014	1.910116e-07	1.429704e-07	4.484594e-08	520
875270	1.910142e-07	1.429755e-07	4.481854e-08	520
883526	1.910168e-07	1.429805e-07	4.479114e-08	520
891782	1.910194e-07	1.429856e-07	4.476374e-08	520
900038	1.910220e-07	1.429907e-07	4.473633e-08	520
908294	1.910246e-07	1.429958e-07	4.470893e-08	520
916550	1.910272e-07	1.430009e-07	4.468152e-08	520
924806	1.910298e-07	1.430060e-07	4.465412e-08	520
933062	1.910324e-07	1.430111e-07	4.462672e-08	520
941318	1.910350e-07	1.430162e-07	4.459931e-08	520
949574	1.910376e-07	1.430213e-07	4.457191e-08	520
957830	1.910402e-07	1.430264e-07	4.454450e-08	520
966086	1.910428e-07	1.430314e-07	4.451709e-08	520
974342	1.910453e-07	1.430365e-07	4.448969e-08	520
982598	1.910479e-07	1.430416e-07	4.446228e-08	520
990854	1.910505e-07	1.430467e-07	4.443487e-08	520
999110	1.910530e-07	1.430518e-07	4.440746e-08	520
1007366	1.910556e-07	1.430569e-07	4.438006e-08	520
1015622	1.910581e-07	1.430620e-07	4.435265e-08	520
1023878	1.910607e-07	1.430671e-07	4.432524e-08	520
1032134	1.910632e-07	1.430722e-07	4.429783e-08	520
1040390	1.910658e-07	1.430773e-07	4.427042e-08	520
1048646	1.910683e-07	1.430823e-07	4.424301e-08	520
1056902	1.910709e-07	1.430874e-07	4.421560e-08	520
1065158	1.910734e-07	1.430925e-07	4.418819e-08	520
1073414	1.910759e-07	1.430976e-07	4.416078e-08	520
1081670	1.910784e-07	1.431027e-07	4.413337e-08	520
1089926	1.910809e-07	1.431078e-07	4.410596e-08	520
1098182	1.910835e-07	1.431129e-07	4.407854e-08	520
1106438	1.910860e-07	1.431180e-07	4.405113e-08	520
1114694	1.910885e-07	1.431231e-07	4.402372e-08	520
1122950	1.910910e-07	1.431282e-07	4.399631e-08	520
1131206	1.910935e-07	1.431333e-07	4.396889e-08	520
1139462	1.910959e-07	1.431384e-07	4.394148e-08	520
1147718	1.910984e-07	1.431434e-07	4.391406e-08	520
1499	8.876296e-08	1.442304e-07	8.341804e-08	3370
9755	8.877108e-08	1.442327e-07	8.340530e-08	3370
18011	8.877920e-08	1.442351e-07	8.339256e-08	3370
26267	8.878732e-08	1.442375e-07	8.337982e-08	3370
34523	8.879543e-08	1.442398e-07	8.336707e-08	3370
42779	8.880355e-08	1.442422e-07	8.335432e-08	3370
51035	8.881165e-08	1.442446e-07	8.334158e-08	3370
59291	8.881977e-08	1.442470e-07	8.332883e-08	3370
67547	8.882787e-08	1.442493e-07	8.331608e-08	3370
75803	8.883598e-08	1.442517e-07	8.330333e-08	3370
84059	8.884408e-08	1.442541e-07	8.329058e-08	3370
92315	8.885218e-08	1.442564e-07	8.327783e-08	3370
100571	8.886028e-08	1.442588e-07	8.326507e-08	3370
108827	8.886838e-08	1.442612e-07	8.325232e-08	3370
117083	8.887648e-08	1.442636e-07	8.323956e-08	3370
125339	8.888457e-08	1.442659e-07	8.322680e-08	3370
133595	8.889266e-08	1.442683e-07	8.321405e-08	3370
141851	8.890076e-08	1.442707e-07	8.320129e-08	3370
150107	8.890884e-08	1.442731e-07	8.318852e-08	3370
158363	8.891693e-08	1.442754e-07	8.317576e-08	3370
166619	8.892501e-08	1.442778e-07	8.316300e-08	3370
174875	8.893309e-08	1.442802e-07	8.315023e-08	3370
183131	8.894118e-08	1.442826e-07	8.313747e-08	3370
191387	8.894926e-08	1.442849e-07	8.312470e-08	3370
199643	8.895733e-08	1.442873e-07	8.311194e-08	3370
207899	8.896541e-08	1.442897e-07	8.309917e-08	3370
216155	8.897348e-08	1.442921e-07	8.308640e-08	3370
224411	8.898155e-08	1.442944e-07	8.307362e-08	3370
232667	8.898962e-08	1.442968e-07	8.306085e-08	3370
240923	8.899769e-08	1.442992e-07	8.304808e-08	3370
249179	8.900575e-08	1.443016e-07	8.303530e-08	3370
257435	8.901382e-08	1.443039e-07	8.302253e-08	3370
265691	8.902188e-08	1.443063e-07	8.300975e-08	3370
273947	8.902994e-08	1.443087e-07	8.299698e-08	3370
282203	8.903800e-08	1.443111e-07	8.298419e-08	3370
290459	8.904605e-08	1.443134e-07	8.297141e-08	3370
298715	8.905411e-08	1.443158e-07	8.295864e-08	3370
306971	8.906216e-08	1.443182e-07	8.294585e-08	3370
315227	8.907021e-08	1.443206e-07	8.293306e-08	3370
323483	8.907826e-08	1.443230e-07	8.292028e-08	3370
331739	8.908631e-08	1.443253e-07	8.290749e-08	3370
339995	8.909435e-08	1.443277e-07	8.289471e-08	3370
348251	8.910239e-08	1.443301e-07	8.288192e-08	3370
356507	8.911044e-08	1.443325e-07	8.286913e-08	3370
364763	8.911847e-08	1.443349e-07	8.285634e-08	3370
373019	8.912651e-08	1.443372e-07	8.284355e-08	3370
381275	8.913455e-08	1.443396e-07	8.283075e-08	3370
389531	8.914258e-08	1.443420e-07	8.281796e-08	3370
397787	8.915061e-08	1.443444e-07	8.280517e-08	3370
406043	8.915864e-08	1.443468e-07	8.279237e-08	3370
414299	8.916667e-08	1.443491e-07	8.277957e-08	3370
422555	8.917470e-08	1.443515e-07	8.276677e-08	3370
430811	8.918272e-08	1.443539e-07	8.275397e-08	3370
439067	8.919074e-08	1.443563e-07	8.274117e-08	3370
447323	8.919876e-08	1.443587e-07	8.272836e-08	3370
455579	8.920678e-08	1.443611e-07	8.271556e-08	3370
463835	8.921479e-08	1.443634e-07	8.270275e-08	3370
472091	8.922281e-08	1.443658e-07	8.268995e-08	3370
480347	8.923082e-08	1.443682e-07	8.267715e-08	3370
488603	8.923883e-08	1.443706e-07	8.266434e-08	3370
496859	8.924684e-08	1.443730e-07	8.265152e-08	3370
505115	8.925485e-08	1.443753e-07	8.263871e-08	3370
513371	8.926285e-08	1.443777e-07	8.262590e-08	3370
521627	8.927086e-08	1.443801e-07	8.261309e-08	3370
529883	8.927886e-08	1.443825e-07	8.260028e-08	3370
538139	8.928686e-08	1.443849e-07	8.258746e-08	3370
546395	8.929486e-08	1.443873e-07	8.257464e-08	3370
554651	8.930285e-08	1.443897e-07	8.256183e-08	3370
562907	8.931084e-08	1.443920e-07	8.254901e-08	3370
571163	8.931884e-08	1.443944e-07	8.253619e-08	3370
579419	8.932683e-08	1.443968e-07	8.252337e-08	3370
587675	8.933481e-08	1.443992e-07	8.251055e-08	3370
595931	8.934280e-08	1.444016e-07	8.249773e-08	3370
604187	8.935078e-08	1.444040e-07	8.248490e-08	3370
612443	8.935876e-08	1.444064e-07	8.247208e-08	3370
620699	8.936674e-08	1.444087e-07	8.245925e-08	3370
628955	8.937472e-08	1.444111e-07	8.244642e-08	3370
637211	8.938270e-08	1.444135e-07	8.243359e-08	3370
645467	8.939067e-08	1.444159e-07	8.242076e-08	3370
653723	8.939865e-08	1.444183e-07	8.240794e-08	3370
661979	8.940662e-08	1.444207e-07	8.239510e-08	3370
670235	8.941458e-08	1.444231e-07	8.238226e-08	3370
678491	8.942256e-08	1.444255e-07	8.236943e-08	3370
686747	8.943052e-08	1.444278e-07	8.235660e-08	3370
695003	8.943848e-08	1.444302e-07	8.234376e-08	3370
703259	8.944644e-08	1.444326e-07	8.233092e-08	3370
711515	8.945440e-08	1.444350e-07	8.231808e-08	3370
719771	8.946236e-08	1.444374e-07	8.230524e-08	3370
728027	8.947031e-08	1.444398e-07	8.229240e-08	3370
736283	8.947827e-08	1.444422e-07	8.227956e-08	3370
744539	8.948622e-08	1.444446e-07	8.226672e-08	3370
752795	8.949417e-08	1.444470e-07	8.225387e-08	3370
761051	8.950212e-08	1.444493e-07	8.224102e-08	3370
769307	8.951007e-08	1.444517e-07	8.222818e-08	3370
777563	8.951801e-08	1.444541e-07	8.221533e-08	3370
785819	8.952595e-08	1.444565e-07	8.220248e-08	3370
794075	8.953389e-08	1.444589e-07	8.218963e-08	3370
802331	8.954183e-08	1.444613e-07	8.217678e-08	3370
810587	8.954976e-08	1.444637e-07	8.216393e-08	3370
818843	8.955770e-08	1.444661e-07	8.215108e-08	3370
827099	8.956563e-08	1.444685e-07	8.213821e-08	3370
835355	8.957356e-08	1.444709e-07	8.212536e-08	3370
843611	8.958149e-08	1.444732e-07	8.211251e-08	3370
851867	8.958942e-08	1.444756e-07	8.209965e-08	3370
860123	8.959734e-08	1.444780e-07	8.208679e-08	3370
868379	8.960527e-08	1.444804e-07	8.207392e-08	3370
876635	8.961319e-08	1.444828e-07	8.206106e-08	3370
884891	8.962111e-08	1.444852e-07	8.204820e-08	3370
893147	8.962903e-08	1.444876e-07	8.203533e-08	3370
901403	8.963694e-08	1.444900e-07	8.202247e-08	3370
909659	8.964486e-08	1.444924e-07	8.200961e-08	3370
917915	8.965277e-08	1.444948e-07	8.199674e-08	3370
926171	8.966067e-08	1.444972e-07	8.198387e-08	3370
934427	8.966858e-08	1.444996e-07	8.197100e-08	3370
942683	8.967649e-08	1.445020e-07	8.195813e-08	3370
950939	8.968439e-08	1.445044e-07	8.194526e-08	3370
959195	8.969229e-08	1.445068e-07	8.193238e-08	3370
967451	8.970019e-08	1.445092e-07	8.191951e-08	3370
975707	8.970810e-08	1.445116e-07	8.190663e-08	3370
983963	8.971599e-08	1.445139e-07	8.189376e-08	3370
992219	8.972388e-08	1.445163e-07	8.188088e-08	3370
1000475	8.973178e-08	1.445187e-07	8.186800e-08	3370
1008731	8.973966e-08	1.445211e-07	8.185512e-08	3370
1016987	8.974756e-08	1.445235e-07	8.184224e-08	3370
1025243	8.975545e-08	1.445259e-07	8.182936e-08	3370
1033499	8.976333e-08	1.445283e-07	8.181647e-08	3370
1041755	8.977121e-08	1.445307e-07	8.180359e-08	3370
1050011	8.977909e-08	1.445331e-07	8.179070e-08	3370
1058267	8.978697e-08	1.445355e-07	8.177782e-08	3370
1066523	8.979485e-08	1.445379e-07	8.176493e-08	3370
1074779	8.980273e-08	1.445403e-07	8.175204e-08	3370
1083035	8.981060e-08	1.445427e-07	8.173915e-08	3370
1091291	8.981847e-08	1.445451e-07	8.172626e-08	3370
1099547	8.982634e-08	1.445475e-07	8.171337e-08	3370
1107803	8.983420e-08	1.445499e-07	8.170047e-08	3370
1116059	8.984207e-08	1.445523e-07	8.168758e-08	3370
1124315	8.984993e-08	1.445547e-07	8.167468e-08	3370
1132571	8.985780e-08	1.445571e-07	8.166179e-08	3370
1140827	8.986566e-08	1.445595e-07	8.164888e-08	3370
1149083	8.987352e-08	1.445619e-07	8.163599e-08	3370
3519	1.365438e-07	1.453835e-07	6.739029e-08	8240
11775	1.365496e-07	1.453871e-07	6.737070e-08	8240
20031	1.365554e-07	1.453908e-07	6.735110e-08	8240
28287	1.365612e-07	1.453944e-07	6.733151e-08	8240
36543	1.365669e-07	1.453981e-07	6.731192e-08	8240
44799	1.365727e-07	1.454017e-07	6.729232e-08	8240
53055	1.365785e-07	1.454053e-07	6.727272e-08	8240
61311	1.365843e-07	1.454090e-07	6.725313e-08	8240
69567	1.365900e-07	1.454126e-07	6.723353e-08	8240
77823	1.365958e-07	1.454163e-07	6.721393e-08	8240
86079	1.366016e-07	1.454199e-07	6.719433e-08	8240
94335	1.366073e-07	1.454236e-07	6.717473e-08	8240
102591	1.366131e-07	1.454272e-07	6.715513e-08	8240
110847	1.366189e-07	1.454308e-07	6.713552e-08	8240
119103	1.366246e-07	1.454345e-07	6.711592e-08	8240
127359	1.366304e-07	1.454381e-07	6.709632e-08	8240
135615	1.366361e-07	1.454418e-07	6.707671e-08	8240
143871	1.366418e-07	1.454454e-07	6.705711e-08	8240
152127	1.366476e-07	1.454491e-07	6.703750e-08	8240
160383	1.366533e-07	1.454527e-07	6.701789e-08	8240
168639	1.366591e-07	1.454563e-07	6.699829e-08	8240
176895	1.366648e-07	1.454600e-07	6.697868e-08	8240
185151	1.366705e-07	1.454636e-07	6.695907e-08	8240
193407	1.366762e-07	1.454673e-07	6.693946e-08	8240
201663	1.366820e-07	1.454709e-07	6.691985e-08	8240
209919	1.366877e-07	1.454746e-07	6.690023e-08	8240
218175	1.366934e-07	1.454782e-07	6.688062e-08	8240
226431	1.366991e-07	1.454819e-07	6.686101e-08	8240
234687	1.367048e-07	1.454855e-07	6.684139e-08	8240
242943	1.367106e-07	1.454892e-07	6.682178e-08	8240
251199	1.367163e-07	1.454928e-07	6.680216e-08	8240
259455	1.367220e-07	1.454964e-07	6.678255e-08	8240
267711	1.367277e-07	1.455001e-07	6.676293e-08	8240
275967	1.367334e-07	1.455037e-07	6.674330e-08	8240
284223	1.367391e-07	1.455074e-07	6.672369e-08	8240
292479	1.367448e-07	1.455110e-07	6.670407e-08	8240
300735	1.367504e-07	1.455147e-07	6.668445e-08	8240
308991	1.367561e-07	1.455183e-07	6.666482e-08	8240
317247	1.367618e-07	1.455220e-07	6.664520e-08	8240
325503	1.367675e-07	1.455256e-07	6.662558e-08	8240
333759	1.367732e-07	1.455293e-07	6.660596e-08	8240
342015	1.367789e-07	1.455329e-07	6.658633e-08	8240
350271	1.367845e-07	1.455365e-07	6.656671e-08	8240
358527	1.367902e-07	1.455402e-07	6.654707e-08	8240
366783	1.367958e-07	1.455439e-07	6.652745e-08	8240
375039	1.368015e-07	1.455475e-07	6.650782e-08	8240
383295	1.368072e-07	1.455511e-07	6.648819e-08	8240
391551	1.368128e-07	1.455548e-07	6.646856e-08	8240
399807	1.368185e-07	1.455584e-07	6.644893e-08	8240
408063	1.368241e-07	1.455621e-07	6.642930e-08	8240
416319	1.368298e-07	1.455657e-07	6.640966e-08	8240
424575	1.368354e-07	1.455694e-07	6.639003e-08	8240
432831	1.368411e-07	1.455730e-07	6.637040e-08	8240
441087	1.368467e-07	1.455767e-07	6.635076e-08	8240
449343	1.368523e-07	1.455803e-07	6.633113e-08	8240
457599	1.368580e-07	1.455840e-07	6.631149e-08	8240
465855	1.368636e-07	1.455876e-07	6.629185e-08	8240
474111	1.368692e-07	1.455913e-07	6.627221e-08	8240
482367	1.368749e-07	1.455949e-07	6.625257e-08	8240
490623	1.368805e-07	1.455986e-07	6.623294e-08	8240
498879	1.368861e-07	1.456022e-07	6.621330e-08	8240
507135	1.368917e-07	1.456059e-07	6.619366e-08	8240
515391	1.368973e-07	1.456095e-07	6.617401e-08	8240
523647	1.369030e-07	1.456132e-07	6.615437e-08	8240
531903	1.369086e-07	1.456168e-07	6.613472e-08	8240
540159	1.369142e-07	1.456205e-07	6.611508e-08	8240
548415	1.369198e-07	1.456241e-07	6.609543e-08	8240
556671	1.369254e-07	1.456278e-07	6.607579e-08	8240
564927	1.369310e-07	1.456314e-07	6.605614e-08	8240
573183	1.369365e-07	1.456351e-07	6.603649e-08	8240
581439	1.369421e-07	1.456387e-07	6.601685e-08	8240
589695	1.369477e-07	1.456424e-07	6.599720e-08	8240
597951	1.369533e-07	1.456460e-07	6.597755e-08	8240
606207	1.369589e-07	1.456497e-07	6.595789e-08	8240
614463	1.369645e-07	1.456533e-07	6.593825e-08	8240
622719	1.369701e-07	1.456570e-07	6.591859e-08	8240
630975	1.369756e-07	1.456606e-07	6.589894e-08	8240
639231	1.369812e-07	1.456643e-07	6.587928e-08	8240
647487	1.369868e-07	1.456680e-07	6.585962e-08	8240
655743	1.369923e-07	1.456716e-07	6.583997e-08	8240
663999	1.369979e-07	1.456753e-07	6.582032e-08	8240
672255	1.370035e-07	1.456789e-07	6.580066e-08	8240
680511	1.370090e-07	1.456826e-07	6.578100e-08	8240
688767	1.370146e-07	1.456862e-07	6.576134e-08	8240
697023	1.370201e-07	1.456899e-07	6.574168e-08	8240
705279	1.370257e-07	1.456935e-07	6.572202e-08	8240
713535	1.370312e-07	1.456972e-07	6.570236e-08	8240
721791	1.370367e-07	1.457008e-07	6.568270e-08	8240
730047	1.370423e-07	1.457045e-07	6.566303e-08	8240
738303	1.370478e-07	1.457082e-07	6.564337e-08	8240
746559	1.370533e-07	1.457118e-07	6.562370e-08	8240
754815	1.370589e-07	1.457155e-07	6.560404e-08	8240
763071	1.370644e-07	1.457191e-07	6.558437e-08	8240
771327	1.370699e-07	1.457228e-07	6.556471e-08	8240
779583	1.370754e-07	1.457264e-07	6.554504e-08	8240
787839	1.370810e-07	1.457301e-07	6.552537e-08	8240
796095	1.370865e-07	1.457337e-07	6.550570e-08	8240
804351	1.370920e-07	1.457374e-07	6.548603e-08	8240
812607	1.370975e-07	1.457410e-07	6.546636e-08	8240
820863	1.371030e-07	1.457447e-07	6.544668e-08	8240
829119	1.371085e-07	1.457484e-07	6.542702e-08	8240
837375	1.371140e-07	1.457520e-07	6.540734e-08	8240
845631	1.371195e-07	1.457557e-07	6.538767e-08	8240
853887	1.371250e-07	1.457593e-07	6.536799e-08	8240
862143	1.371305e-07	1.457630e-07	6.534832e-08	8240
870399	1.371360e-07	1.457666e-07	6.532864e-08	8240
878655	1.371415e-07	1.457703e-07	6.530896e-08	8240
886911	1.371469e-07	1.457740e-07	6.528929e-08	8240
895167	1.371524e-07	1.457776e-07	6.526960e-08	8240
903423	1.371579e-07	1.457813e-07	6.524993e-08	8240
911679	1.371634e-07	1.457849e-07	6.523025e-08	8240
919935	1.371688e-07	1.457886e-07	6.521056e-08	8240
928191	1.371743e-07	1.457922e-07	6.519088e-08	8240
936447	1.371798e-07	1.457959e-07	6.517120e-08	8240
944703	1.371852e-07	1.457996e-07	6.515152e-08	8240
952959	1.371907e-07	1.458032e-07	6.513184e-08	8240
961215	1.371962e-07	1.458069e-07	6.511215e-08	8240
969471	1.372016e-07	1.458105e-07	6.509246e-08	8240
977727	1.372071e-07	1.458142e-07	6.507278e-08	8240
985983	1.372125e-07	1.458179e-07	6.505309e-08	8240
994239	1.372179e-07	1.458215e-07	6.503340e-08	8240
1002495	1.372234e-07	1.458252e-07	6.501371e-08	8240
1010751	1.372288e-07	1.458288e-07	6.499402e-08	8240
1019007	1.372343e-07	1.458325e-07	6.497433e-08	8240
1027263	1.372397e-07	1.458361e-07	6.495464e-08	8240
1035519	1.372451e-07	1.458398e-07	6.493494e-08	8240
1043775	1.372506e-07	1.458435e-07	6.491526e-08	8240
7178	2.643698e-07	1.458470e-07	2.692393e-08	21334
1052031	1.372560e-07	1.458471e-07	6.489556e-08	8240
1060287	1.372614e-07	1.458508e-07	6.487586e-08	8240
15434	2.643698e-07	1.458541e-07	2.688601e-08	21334
1068543	1.372668e-07	1.458544e-07	6.485617e-08	8240
1076799	1.372722e-07	1.458581e-07	6.483648e-08	8240
23690	2.643697e-07	1.458611e-07	2.684809e-08	21334
1085055	1.372776e-07	1.458618e-07	6.481677e-08	8240
1093311	1.372831e-07	1.458654e-07	6.479708e-08	8240
31946	2.643697e-07	1.458681e-07	2.681017e-08	21334
1101567	1.372885e-07	1.458691e-07	6.477738e-08	8240
1109823	1.372939e-07	1.458727e-07	6.475769e-08	8240
40202	2.643696e-07	1.458752e-07	2.677225e-08	21334
1118079	1.372993e-07	1.458764e-07	6.473798e-08	8240
1126335	1.373047e-07	1.458801e-07	6.471828e-08	8240
48458	2.643696e-07	1.458822e-07	2.673432e-08	21334
1134591	1.373101e-07	1.458837e-07	6.469858e-08	8240
1142847	1.373154e-07	1.458874e-07	6.467888e-08	8240
56714	2.643696e-07	1.458893e-07	2.669641e-08	21334
1151103	1.373208e-07	1.458911e-07	6.465918e-08	8240
64970	2.643695e-07	1.458963e-07	2.665848e-08	21334
73226	2.643694e-07	1.459033e-07	2.662056e-08	21334
81482	2.643694e-07	1.459104e-07	2.658264e-08	21334
89738	2.643693e-07	1.459174e-07	2.654472e-08	21334
97994	2.643692e-07	1.459245e-07	2.650680e-08	21334
106250	2.643691e-07	1.459315e-07	2.646888e-08	21334
114506	2.643690e-07	1.459386e-07	2.643096e-08	21334
122762	2.643689e-07	1.459456e-07	2.639304e-08	21334
131018	2.643688e-07	1.459526e-07	2.635512e-08	21334
139274	2.643687e-07	1.459597e-07	2.631719e-08	21334
147530	2.643686e-07	1.459667e-07	2.627927e-08	21334
155786	2.643685e-07	1.459738e-07	2.624135e-08	21334
164042	2.643684e-07	1.459808e-07	2.620343e-08	21334
172298	2.643682e-07	1.459878e-07	2.616551e-08	21334
180554	2.643681e-07	1.459949e-07	2.612759e-08	21334
188810	2.643679e-07	1.460019e-07	2.608967e-08	21334
197066	2.643678e-07	1.460090e-07	2.605175e-08	21334
205322	2.643676e-07	1.460160e-07	2.601383e-08	21334
213578	2.643675e-07	1.460230e-07	2.597591e-08	21334
221834	2.643673e-07	1.460301e-07	2.593799e-08	21334
230090	2.643671e-07	1.460371e-07	2.590006e-08	21334
238346	2.643670e-07	1.460442e-07	2.586214e-08	21334
246602	2.643668e-07	1.460512e-07	2.582422e-08	21334
254858	2.643666e-07	1.460582e-07	2.578630e-08	21334
263114	2.643664e-07	1.460653e-07	2.574838e-08	21334
271370	2.643662e-07	1.460723e-07	2.571046e-08	21334
279626	2.643660e-07	1.460794e-07	2.567254e-08	21334
287882	2.643658e-07	1.460864e-07	2.563462e-08	21334
296138	2.643656e-07	1.460934e-07	2.559670e-08	21334
304394	2.643654e-07	1.461005e-07	2.555878e-08	21334
312650	2.643651e-07	1.461075e-07	2.552086e-08	21334
320906	2.643649e-07	1.461146e-07	2.548294e-08	21334
329162	2.643646e-07	1.461216e-07	2.544502e-08	21334
337418	2.643644e-07	1.461286e-07	2.540710e-08	21334
345674	2.643642e-07	1.461357e-07	2.536918e-08	21334
353930	2.643639e-07	1.461427e-07	2.533126e-08	21334
362186	2.643636e-07	1.461498e-07	2.529334e-08	21334
370442	2.643634e-07	1.461568e-07	2.525542e-08	21334
378698	2.643631e-07	1.461639e-07	2.521750e-08	21334
386954	2.643628e-07	1.461709e-07	2.517958e-08	21334
395210	2.643625e-07	1.461779e-07	2.514166e-08	21334
403466	2.643623e-07	1.461850e-07	2.510374e-08	21334
411722	2.643619e-07	1.461920e-07	2.506582e-08	21334
419978	2.643617e-07	1.461991e-07	2.502790e-08	21334
428234	2.643613e-07	1.462061e-07	2.498998e-08	21334
436490	2.643610e-07	1.462131e-07	2.495206e-08	21334
444746	2.643607e-07	1.462202e-07	2.491414e-08	21334
453002	2.643604e-07	1.462272e-07	2.487622e-08	21334
461258	2.643601e-07	1.462343e-07	2.483830e-08	21334
469514	2.643597e-07	1.462413e-07	2.480038e-08	21334
477770	2.643594e-07	1.462483e-07	2.476246e-08	21334
486026	2.643590e-07	1.462554e-07	2.472454e-08	21334
494282	2.643587e-07	1.462624e-07	2.468662e-08	21334
502538	2.643583e-07	1.462695e-07	2.464870e-08	21334
510794	2.643580e-07	1.462765e-07	2.461078e-08	21334
519050	2.643576e-07	1.462835e-07	2.457286e-08	21334
527306	2.643572e-07	1.462906e-07	2.453494e-08	21334
535562	2.643569e-07	1.462976e-07	2.449702e-08	21334
543818	2.643565e-07	1.463047e-07	2.445910e-08	21334
552074	2.643561e-07	1.463117e-07	2.442118e-08	21334
560330	2.643557e-07	1.463187e-07	2.438326e-08	21334
568586	2.643553e-07	1.463258e-07	2.434535e-08	21334
576842	2.643549e-07	1.463328e-07	2.430743e-08	21334
585098	2.643544e-07	1.463399e-07	2.426951e-08	21334
593354	2.643540e-07	1.463469e-07	2.423159e-08	21334
601610	2.643536e-07	1.463539e-07	2.419367e-08	21334
609866	2.643532e-07	1.463610e-07	2.415575e-08	21334
618122	2.643527e-07	1.463680e-07	2.411783e-08	21334
626378	2.643523e-07	1.463751e-07	2.407991e-08	21334
634634	2.643519e-07	1.463821e-07	2.404199e-08	21334
642890	2.643514e-07	1.463891e-07	2.400408e-08	21334
651146	2.643509e-07	1.463962e-07	2.396616e-08	21334
659402	2.643505e-07	1.464032e-07	2.392824e-08	21334
667658	2.643500e-07	1.464103e-07	2.389032e-08	21334
675914	2.643495e-07	1.464173e-07	2.385240e-08	21334
684170	2.643490e-07	1.464243e-07	2.381448e-08	21334
692426	2.643486e-07	1.464314e-07	2.377657e-08	21334
700682	2.643481e-07	1.464384e-07	2.373865e-08	21334
708938	2.643476e-07	1.464455e-07	2.370073e-08	21334
717194	2.643471e-07	1.464525e-07	2.366281e-08	21334
725450	2.643466e-07	1.464595e-07	2.362489e-08	21334
733706	2.643461e-07	1.464666e-07	2.358698e-08	21334
741962	2.643455e-07	1.464736e-07	2.354906e-08	21334
750218	2.643450e-07	1.464807e-07	2.351114e-08	21334
758474	2.643445e-07	1.464877e-07	2.347322e-08	21334
766730	2.643439e-07	1.464947e-07	2.343531e-08	21334
774986	2.643434e-07	1.465018e-07	2.339739e-08	21334
783242	2.643428e-07	1.465088e-07	2.335947e-08	21334
791498	2.643423e-07	1.465159e-07	2.332155e-08	21334
799754	2.643417e-07	1.465229e-07	2.328364e-08	21334
808010	2.643412e-07	1.465299e-07	2.324572e-08	21334
816266	2.643406e-07	1.465370e-07	2.320780e-08	21334
824522	2.643400e-07	1.465440e-07	2.316989e-08	21334
832778	2.643394e-07	1.465511e-07	2.313197e-08	21334
841034	2.643388e-07	1.465581e-07	2.309405e-08	21334
849290	2.643383e-07	1.465651e-07	2.305613e-08	21334
857546	2.643377e-07	1.465722e-07	2.301822e-08	21334
865802	2.643370e-07	1.465792e-07	2.298030e-08	21334
874058	2.643364e-07	1.465863e-07	2.294239e-08	21334
882314	2.643358e-07	1.465933e-07	2.290447e-08	21334
890570	2.643352e-07	1.466003e-07	2.286655e-08	21334
898826	2.643346e-07	1.466074e-07	2.282864e-08	21334
907082	2.643339e-07	1.466144e-07	2.279072e-08	21334
915338	2.643333e-07	1.466215e-07	2.275280e-08	21334
923594	2.643327e-07	1.466285e-07	2.271489e-08	21334
931850	2.643320e-07	1.466355e-07	2.267697e-08	21334
940106	2.643314e-07	1.466426e-07	2.263906e-08	21334
948362	2.643307e-07	1.466496e-07	2.260114e-08	21334
956618	2.643300e-07	1.466566e-07	2.256323e-08	21334
964874	2.643294e-07	1.466637e-07	2.252531e-08	21334
973130	2.643287e-07	1.466707e-07	2.248740e-08	21334
981386	2.643280e-07	1.466778e-07	2.244948e-08	21334
989642	2.643273e-07	1.466848e-07	2.241157e-08	21334
997898	2.643266e-07	1.466918e-07	2.237365e-08	21334
1006154	2.643259e-07	1.466989e-07	2.233574e-08	21334
1014410	2.643252e-07	1.467059e-07	2.229782e-08	21334
1022666	2.643245e-07	1.467130e-07	2.225991e-08	21334
1030922	2.643238e-07	1.467200e-07	2.222199e-08	21334
1039178	2.643231e-07	1.467270e-07	2.218408e-08	21334
1047434	2.643223e-07	1.467341e-07	2.214616e-08	21334
1055690	2.643216e-07	1.467411e-07	2.210825e-08	21334
1063946	2.643208e-07	1.467482e-07	2.207033e-08	21334
1072202	2.643201e-07	1.467552e-07	2.203242e-08	21334
1080458	2.643194e-07	1.467622e-07	2.199451e-08	21334
1088714	2.643186e-07	1.467693e-07	2.195659e-08	21334
1096970	2.643178e-07	1.467763e-07	2.191868e-08	21334
1105226	2.643171e-07	1.467833e-07	2.188076e-08	21334
1113482	2.643163e-07	1.467904e-07	2.184285e-08	21334
1121738	2.643155e-07	1.467974e-07	2.180494e-08	21334
1129994	2.643147e-07	1.468045e-07	2.176702e-08	21334
1138250	2.643139e-07	1.468115e-07	2.172911e-08	21334
1146506	2.643131e-07	1.468186e-07	2.169120e-08	21334
1154762	2.643123e-07	1.468256e-07	2.165328e-08	21334
4606	3.928023e-07	1.493962e-07	-1.526903e-08	11313
12862	3.927962e-07	1.494067e-07	-1.532537e-08	11313
21118	3.927900e-07	1.494172e-07	-1.538171e-08	11313
29374	3.927838e-07	1.494276e-07	-1.543804e-08	11313
37630	3.927776e-07	1.494381e-07	-1.549438e-08	11313
45886	3.927714e-07	1.494485e-07	-1.555071e-08	11313
54142	3.927652e-07	1.494590e-07	-1.560704e-08	11313
62398	3.927590e-07	1.494694e-07	-1.566337e-08	11313
70654	3.927527e-07	1.494799e-07	-1.571970e-08	11313
78910	3.927465e-07	1.494903e-07	-1.577603e-08	11313
87166	3.927402e-07	1.495008e-07	-1.583236e-08	11313
95422	3.927340e-07	1.495113e-07	-1.588869e-08	11313
103678	3.927277e-07	1.495217e-07	-1.594502e-08	11313
111934	3.927215e-07	1.495322e-07	-1.600135e-08	11313
120190	3.927152e-07	1.495426e-07	-1.605767e-08	11313
128446	3.927089e-07	1.495531e-07	-1.611400e-08	11313
136702	3.927026e-07	1.495635e-07	-1.617032e-08	11313
144958	3.926963e-07	1.495740e-07	-1.622664e-08	11313
153214	3.926900e-07	1.495844e-07	-1.628296e-08	11313
161470	3.926837e-07	1.495949e-07	-1.633929e-08	11313
169726	3.926773e-07	1.496053e-07	-1.639560e-08	11313
177982	3.926710e-07	1.496158e-07	-1.645192e-08	11313
186238	3.926646e-07	1.496262e-07	-1.650824e-08	11313
194494	3.926583e-07	1.496367e-07	-1.656456e-08	11313
202750	3.926519e-07	1.496471e-07	-1.662088e-08	11313
211006	3.926455e-07	1.496576e-07	-1.667719e-08	11313
219262	3.926392e-07	1.496681e-07	-1.673351e-08	11313
227518	3.926328e-07	1.496785e-07	-1.678982e-08	11313
235774	3.926264e-07	1.496890e-07	-1.684613e-08	11313
244030	3.926200e-07	1.496994e-07	-1.690245e-08	11313
252286	3.926136e-07	1.497099e-07	-1.695876e-08	11313
260542	3.926071e-07	1.497203e-07	-1.701507e-08	11313
268798	3.926007e-07	1.497308e-07	-1.707138e-08	11313
277054	3.925943e-07	1.497412e-07	-1.712768e-08	11313
285310	3.925878e-07	1.497517e-07	-1.718399e-08	11313
293566	3.925814e-07	1.497621e-07	-1.724030e-08	11313
301822	3.925749e-07	1.497726e-07	-1.729660e-08	11313
310078	3.925684e-07	1.497830e-07	-1.735291e-08	11313
318334	3.925620e-07	1.497935e-07	-1.740921e-08	11313
326590	3.925555e-07	1.498039e-07	-1.746551e-08	11313
334846	3.925490e-07	1.498144e-07	-1.752182e-08	11313
343102	3.925425e-07	1.498248e-07	-1.757811e-08	11313
351358	3.925360e-07	1.498353e-07	-1.763441e-08	11313
359614	3.925294e-07	1.498457e-07	-1.769071e-08	11313
367870	3.925229e-07	1.498562e-07	-1.774701e-08	11313
376126	3.925164e-07	1.498666e-07	-1.780331e-08	11313
384382	3.925098e-07	1.498771e-07	-1.785961e-08	11313
392638	3.925033e-07	1.498875e-07	-1.791590e-08	11313
400894	3.924967e-07	1.498980e-07	-1.797219e-08	11313
409150	3.924901e-07	1.499084e-07	-1.802849e-08	11313
417406	3.924835e-07	1.499189e-07	-1.808478e-08	11313
425662	3.924769e-07	1.499293e-07	-1.814107e-08	11313
433918	3.924704e-07	1.499398e-07	-1.819736e-08	11313
442174	3.924638e-07	1.499502e-07	-1.825365e-08	11313
450430	3.924571e-07	1.499606e-07	-1.830994e-08	11313
458686	3.924505e-07	1.499711e-07	-1.836623e-08	11313
466942	3.924439e-07	1.499815e-07	-1.842252e-08	11313
475198	3.924372e-07	1.499920e-07	-1.847880e-08	11313
483454	3.924306e-07	1.500024e-07	-1.853508e-08	11313
491710	3.924239e-07	1.500129e-07	-1.859137e-08	11313
499966	3.924173e-07	1.500233e-07	-1.864765e-08	11313
508222	3.924106e-07	1.500338e-07	-1.870393e-08	11313
516478	3.924039e-07	1.500442e-07	-1.876021e-08	11313
524734	3.923973e-07	1.500547e-07	-1.881650e-08	11313
532990	3.923905e-07	1.500651e-07	-1.887277e-08	11313
541246	3.923838e-07	1.500756e-07	-1.892905e-08	11313
549502	3.923771e-07	1.500860e-07	-1.898533e-08	11313
557758	3.923704e-07	1.500964e-07	-1.904161e-08	11313
566014	3.923637e-07	1.501069e-07	-1.909788e-08	11313
574270	3.923569e-07	1.501173e-07	-1.915415e-08	11313
582526	3.923502e-07	1.501278e-07	-1.921043e-08	11313
590782	3.923434e-07	1.501382e-07	-1.926670e-08	11313
599038	3.923367e-07	1.501487e-07	-1.932297e-08	11313
607294	3.923299e-07	1.501591e-07	-1.937924e-08	11313
615550	3.923231e-07	1.501696e-07	-1.943551e-08	11313
623806	3.923163e-07	1.501800e-07	-1.949178e-08	11313
632062	3.923095e-07	1.501904e-07	-1.954805e-08	11313
640318	3.923027e-07	1.502009e-07	-1.960431e-08	11313
648574	3.922959e-07	1.502113e-07	-1.966058e-08	11313
656830	3.922891e-07	1.502218e-07	-1.971684e-08	11313
665086	3.922823e-07	1.502322e-07	-1.977311e-08	11313
673342	3.922754e-07	1.502427e-07	-1.982937e-08	11313
681598	3.922686e-07	1.502531e-07	-1.988563e-08	11313
689854	3.922617e-07	1.502635e-07	-1.994189e-08	11313
698110	3.922549e-07	1.502740e-07	-1.999815e-08	11313
706366	3.922480e-07	1.502844e-07	-2.005441e-08	11313
714622	3.922411e-07	1.502949e-07	-2.011067e-08	11313
722878	3.922342e-07	1.503053e-07	-2.016692e-08	11313
731134	3.922273e-07	1.503157e-07	-2.022318e-08	11313
739390	3.922204e-07	1.503262e-07	-2.027943e-08	11313
747646	3.922135e-07	1.503366e-07	-2.033569e-08	11313
755902	3.922066e-07	1.503471e-07	-2.039194e-08	11313
764158	3.921996e-07	1.503575e-07	-2.044819e-08	11313
772414	3.921927e-07	1.503679e-07	-2.050444e-08	11313
780670	3.921857e-07	1.503784e-07	-2.056069e-08	11313
788926	3.921788e-07	1.503888e-07	-2.061694e-08	11313
797182	3.921718e-07	1.503993e-07	-2.067319e-08	11313
805438	3.921648e-07	1.504097e-07	-2.072944e-08	11313
813694	3.921579e-07	1.504201e-07	-2.078568e-08	11313
821950	3.921509e-07	1.504306e-07	-2.084193e-08	11313
830206	3.921439e-07	1.504410e-07	-2.089817e-08	11313
838462	3.921369e-07	1.504515e-07	-2.095441e-08	11313
846718	3.921299e-07	1.504619e-07	-2.101065e-08	11313
854974	3.921228e-07	1.504723e-07	-2.106689e-08	11313
863230	3.921158e-07	1.504828e-07	-2.112314e-08	11313
871486	3.921088e-07	1.504932e-07	-2.117937e-08	11313
879742	3.921017e-07	1.505036e-07	-2.123561e-08	11313
887998	3.920947e-07	1.505141e-07	-2.129185e-08	11313
2812	1.422969e-07	1.505232e-07	7.013907e-08	6441
896254	3.920876e-07	1.505245e-07	-2.134808e-08	11313
11068	1.423030e-07	1.505270e-07	7.011865e-08	6441
19324	1.423090e-07	1.505308e-07	7.009823e-08	6441
27580	1.423151e-07	1.505346e-07	7.007781e-08	6441
904510	3.920805e-07	1.505350e-07	-2.140432e-08	11313
35836	1.423211e-07	1.505384e-07	7.005740e-08	6441
44092	1.423272e-07	1.505422e-07	7.003697e-08	6441
912766	3.920734e-07	1.505454e-07	-2.146055e-08	11313
52348	1.423332e-07	1.505460e-07	7.001655e-08	6441
60604	1.423392e-07	1.505498e-07	6.999613e-08	6441
68860	1.423452e-07	1.505536e-07	6.997571e-08	6441
921022	3.920664e-07	1.505558e-07	-2.151678e-08	11313
77116	1.423513e-07	1.505574e-07	6.995528e-08	6441
85372	1.423573e-07	1.505612e-07	6.993486e-08	6441
93628	1.423633e-07	1.505650e-07	6.991443e-08	6441
929278	3.920593e-07	1.505663e-07	-2.157302e-08	11313
101884	1.423693e-07	1.505688e-07	6.989400e-08	6441
110140	1.423753e-07	1.505725e-07	6.987357e-08	6441
118396	1.423813e-07	1.505763e-07	6.985314e-08	6441
937534	3.920522e-07	1.505767e-07	-2.162925e-08	11313
126652	1.423873e-07	1.505801e-07	6.983272e-08	6441
134908	1.423933e-07	1.505839e-07	6.981228e-08	6441
945790	3.920451e-07	1.505871e-07	-2.168548e-08	11313
143164	1.423993e-07	1.505877e-07	6.979185e-08	6441
151420	1.424053e-07	1.505915e-07	6.977142e-08	6441
159676	1.424113e-07	1.505953e-07	6.975098e-08	6441
954046	3.920379e-07	1.505976e-07	-2.174170e-08	11313
167932	1.424173e-07	1.505991e-07	6.973055e-08	6441
176188	1.424233e-07	1.506029e-07	6.971011e-08	6441
184444	1.424293e-07	1.506067e-07	6.968968e-08	6441
962302	3.920308e-07	1.506080e-07	-2.179793e-08	11313
192700	1.424353e-07	1.506105e-07	6.966924e-08	6441
200956	1.424413e-07	1.506143e-07	6.964881e-08	6441
209212	1.424472e-07	1.506181e-07	6.962836e-08	6441
970558	3.920237e-07	1.506184e-07	-2.185416e-08	11313
217468	1.424532e-07	1.506219e-07	6.960793e-08	6441
225724	1.424592e-07	1.506257e-07	6.958749e-08	6441
978814	3.920165e-07	1.506289e-07	-2.191038e-08	11313
233980	1.424651e-07	1.506295e-07	6.956704e-08	6441
242236	1.424711e-07	1.506333e-07	6.954660e-08	6441
250492	1.424771e-07	1.506371e-07	6.952616e-08	6441
987070	3.920094e-07	1.506393e-07	-2.196661e-08	11313
258748	1.424830e-07	1.506409e-07	6.950572e-08	6441
267004	1.424890e-07	1.506447e-07	6.948527e-08	6441
275260	1.424949e-07	1.506485e-07	6.946483e-08	6441
995326	3.920022e-07	1.506497e-07	-2.202283e-08	11313
283516	1.425009e-07	1.506523e-07	6.944438e-08	6441
291772	1.425068e-07	1.506561e-07	6.942393e-08	6441
300028	1.425128e-07	1.506599e-07	6.940348e-08	6441
1003582	3.919950e-07	1.506602e-07	-2.207905e-08	11313
308284	1.425187e-07	1.506637e-07	6.938304e-08	6441
316540	1.425246e-07	1.506675e-07	6.936259e-08	6441
1011838	3.919878e-07	1.506706e-07	-2.213527e-08	11313
324796	1.425306e-07	1.506713e-07	6.934214e-08	6441
333052	1.425365e-07	1.506751e-07	6.932169e-08	6441
341308	1.425424e-07	1.506789e-07	6.930124e-08	6441
1020094	3.919806e-07	1.506810e-07	-2.219149e-08	11313
349564	1.425484e-07	1.506827e-07	6.928078e-08	6441
357820	1.425543e-07	1.506865e-07	6.926033e-08	6441
366076	1.425602e-07	1.506903e-07	6.923987e-08	6441
1028350	3.919734e-07	1.506915e-07	-2.224771e-08	11313
374332	1.425661e-07	1.506941e-07	6.921942e-08	6441
382588	1.425720e-07	1.506979e-07	6.919896e-08	6441
390844	1.425779e-07	1.507017e-07	6.917850e-08	6441
1036606	3.919662e-07	1.507019e-07	-2.230393e-08	11313
399100	1.425838e-07	1.507055e-07	6.915805e-08	6441
407356	1.425897e-07	1.507093e-07	6.913758e-08	6441
1044862	3.919590e-07	1.507124e-07	-2.236015e-08	11313
415612	1.425956e-07	1.507131e-07	6.911713e-08	6441
423868	1.426015e-07	1.507169e-07	6.909666e-08	6441
432124	1.426074e-07	1.507207e-07	6.907621e-08	6441
1053118	3.919518e-07	1.507228e-07	-2.241637e-08	11313
440380	1.426133e-07	1.507245e-07	6.905574e-08	6441
448636	1.426192e-07	1.507283e-07	6.903528e-08	6441
456892	1.426251e-07	1.507321e-07	6.901482e-08	6441
1061374	3.919446e-07	1.507332e-07	-2.247258e-08	11313
465148	1.426310e-07	1.507360e-07	6.899435e-08	6441
473404	1.426368e-07	1.507398e-07	6.897389e-08	6441
481660	1.426427e-07	1.507436e-07	6.895342e-08	6441
1069630	3.919373e-07	1.507436e-07	-2.252880e-08	11313
489916	1.426486e-07	1.507474e-07	6.893296e-08	6441
498172	1.426545e-07	1.507512e-07	6.891248e-08	6441
1077886	3.919301e-07	1.507541e-07	-2.258501e-08	11313
506428	1.426603e-07	1.507550e-07	6.889201e-08	6441
514684	1.426662e-07	1.507588e-07	6.887154e-08	6441
522940	1.426721e-07	1.507626e-07	6.885107e-08	6441
1086142	3.919228e-07	1.507645e-07	-2.264122e-08	11313
531196	1.426779e-07	1.507664e-07	6.883060e-08	6441
539452	1.426838e-07	1.507702e-07	6.881013e-08	6441
547708	1.426896e-07	1.507740e-07	6.878966e-08	6441
1094398	3.919156e-07	1.507750e-07	-2.269743e-08	11313
555964	1.426955e-07	1.507778e-07	6.876918e-08	6441
564220	1.427013e-07	1.507816e-07	6.874871e-08	6441
1102654	3.919083e-07	1.507854e-07	-2.275364e-08	11313
572476	1.427072e-07	1.507854e-07	6.872823e-08	6441
580732	1.427130e-07	1.507892e-07	6.870776e-08	6441
588988	1.427188e-07	1.507930e-07	6.868728e-08	6441
1110910	3.919010e-07	1.507958e-07	-2.280985e-08	11313
597244	1.427247e-07	1.507968e-07	6.866680e-08	6441
605500	1.427305e-07	1.508006e-07	6.864632e-08	6441
613756	1.427363e-07	1.508044e-07	6.862584e-08	6441
1119166	3.918937e-07	1.508062e-07	-2.286606e-08	11313
622012	1.427422e-07	1.508082e-07	6.860536e-08	6441
630268	1.427480e-07	1.508120e-07	6.858488e-08	6441
638524	1.427538e-07	1.508159e-07	6.856440e-08	6441
1127422	3.918864e-07	1.508167e-07	-2.292227e-08	11313
646780	1.427596e-07	1.508197e-07	6.854391e-08	6441
655036	1.427654e-07	1.508235e-07	6.852343e-08	6441
1135678	3.918791e-07	1.508271e-07	-2.297847e-08	11313
663292	1.427712e-07	1.508273e-07	6.850294e-08	6441
671548	1.427770e-07	1.508311e-07	6.848246e-08	6441
679804	1.427828e-07	1.508349e-07	6.846197e-08	6441
1143934	3.918718e-07	1.508375e-07	-2.303468e-08	11313
688060	1.427886e-07	1.508387e-07	6.844149e-08	6441
696316	1.427944e-07	1.508425e-07	6.842100e-08	6441
704572	1.428002e-07	1.508463e-07	6.840051e-08	6441
1152190	3.918645e-07	1.508480e-07	-2.309088e-08	11313
712828	1.428060e-07	1.508501e-07	6.838002e-08	6441
721084	1.428118e-07	1.508539e-07	6.835953e-08	6441
729340	1.428176e-07	1.508577e-07	6.833903e-08	6441
737596	1.428234e-07	1.508616e-07	6.831854e-08	6441
745852	1.428291e-07	1.508654e-07	6.829805e-08	6441
754108	1.428349e-07	1.508692e-07	6.827756e-08	6441
762364	1.428407e-07	1.508730e-07	6.825706e-08	6441
770620	1.428465e-07	1.508768e-07	6.823657e-08	6441
778876	1.428522e-07	1.508806e-07	6.821607e-08	6441
787132	1.428580e-07	1.508844e-07	6.819557e-08	6441
795388	1.428638e-07	1.508882e-07	6.817507e-08	6441
803644	1.428695e-07	1.508920e-07	6.815458e-08	6441
811900	1.428753e-07	1.508958e-07	6.813407e-08	6441
820156	1.428810e-07	1.508996e-07	6.811357e-08	6441
828412	1.428868e-07	1.509034e-07	6.809307e-08	6441
836668	1.428925e-07	1.509073e-07	6.807257e-08	6441
844924	1.428982e-07	1.509111e-07	6.805207e-08	6441
853180	1.429040e-07	1.509149e-07	6.803156e-08	6441
861436	1.429097e-07	1.509187e-07	6.801105e-08	6441
869692	1.429155e-07	1.509225e-07	6.799055e-08	6441
877948	1.429212e-07	1.509263e-07	6.797004e-08	6441
886204	1.429269e-07	1.509301e-07	6.794954e-08	6441
894460	1.429326e-07	1.509339e-07	6.792903e-08	6441
902716	1.429383e-07	1.509378e-07	6.790852e-08	6441
910972	1.429441e-07	1.509416e-07	6.788801e-08	6441
919228	1.429498e-07	1.509454e-07	6.786750e-08	6441
927484	1.429555e-07	1.509492e-07	6.784699e-08	6441
935740	1.429612e-07	1.509530e-07	6.782648e-08	6441
943996	1.429669e-07	1.509568e-07	6.780596e-08	6441
952252	1.429726e-07	1.509606e-07	6.778545e-08	6441
960508	1.429783e-07	1.509644e-07	6.776494e-08	6441
968764	1.429840e-07	1.509682e-07	6.774442e-08	6441
977020	1.429897e-07	1.509721e-07	6.772390e-08	6441
985276	1.429954e-07	1.509759e-07	6.770339e-08	6441
993532	1.430011e-07	1.509797e-07	6.768287e-08	6441
1001788	1.430068e-07	1.509835e-07	6.766235e-08	6441
1010044	1.430124e-07	1.509873e-07	6.764183e-08	6441
1018300	1.430181e-07	1.509911e-07	6.762131e-08	6441
1026556	1.430238e-07	1.509949e-07	6.760079e-08	6441
1034812	1.430295e-07	1.509987e-07	6.758027e-08	6441
1043068	1.430351e-07	1.510026e-07	6.755975e-08	6441
1051324	1.430408e-07	1.510064e-07	6.753922e-08	6441
1059580	1.430465e-07	1.510102e-07	6.751870e-08	6441
1067836	1.430521e-07	1.510140e-07	6.749817e-08	6441
1076092	1.430578e-07	1.510178e-07	6.747764e-08	6441
1084348	1.430634e-07	1.510216e-07	6.745712e-08	6441
1092604	1.430691e-07	1.510254e-07	6.743659e-08	6441
1100860	1.430747e-07	1.510293e-07	6.741606e-08	6441
1109116	1.430804e-07	1.510331e-07	6.739553e-08	6441
1117372	1.430860e-07	1.510369e-07	6.737501e-08	6441
1125628	1.430917e-07	1.510407e-07	6.735447e-08	6441
1133884	1.430973e-07	1.510445e-07	6.733394e-08	6441
1142140	1.431029e-07	1.510483e-07	6.731341e-08	6441
1150396	1.431086e-07	1.510522e-07	6.729287e-08	6441
3417	1.090032e-07	1.515269e-07	8.193013e-08	7979
11673	1.090109e-07	1.515298e-07	8.191449e-08	7979
19929	1.090186e-07	1.515327e-07	8.189885e-08	7979
28185	1.090263e-07	1.515356e-07	8.188320e-08	7979
36441	1.090341e-07	1.515386e-07	8.186755e-08	7979
44697	1.090418e-07	1.515415e-07	8.185190e-08	7979
52953	1.090495e-07	1.515444e-07	8.183626e-08	7979
61209	1.090572e-07	1.515473e-07	8.182060e-08	7979
69465	1.090648e-07	1.515502e-07	8.180495e-08	7979
77721	1.090725e-07	1.515531e-07	8.178930e-08	7979
85977	1.090802e-07	1.515560e-07	8.177364e-08	7979
94233	1.090879e-07	1.515589e-07	8.175799e-08	7979
102489	1.090956e-07	1.515618e-07	8.174234e-08	7979
110745	1.091033e-07	1.515647e-07	8.172668e-08	7979
119001	1.091110e-07	1.515677e-07	8.171101e-08	7979
127257	1.091187e-07	1.515706e-07	8.169535e-08	7979
135513	1.091263e-07	1.515735e-07	8.167969e-08	7979
143769	1.091340e-07	1.515764e-07	8.166403e-08	7979
152025	1.091417e-07	1.515793e-07	8.164837e-08	7979
160281	1.091494e-07	1.515822e-07	8.163271e-08	7979
168537	1.091570e-07	1.515851e-07	8.161705e-08	7979
176793	1.091647e-07	1.515881e-07	8.160138e-08	7979
185049	1.091724e-07	1.515910e-07	8.158571e-08	7979
193305	1.091800e-07	1.515939e-07	8.157004e-08	7979
201561	1.091877e-07	1.515968e-07	8.155438e-08	7979
209817	1.091953e-07	1.515997e-07	8.153870e-08	7979
218073	1.092030e-07	1.516026e-07	8.152303e-08	7979
226329	1.092106e-07	1.516055e-07	8.150736e-08	7979
234585	1.092183e-07	1.516084e-07	8.149168e-08	7979
242841	1.092259e-07	1.516114e-07	8.147601e-08	7979
251097	1.092336e-07	1.516143e-07	8.146034e-08	7979
259353	1.092412e-07	1.516172e-07	8.144466e-08	7979
267609	1.092489e-07	1.516201e-07	8.142898e-08	7979
275865	1.092565e-07	1.516230e-07	8.141330e-08	7979
284121	1.092641e-07	1.516259e-07	8.139762e-08	7979
292377	1.092718e-07	1.516289e-07	8.138194e-08	7979
300633	1.092794e-07	1.516318e-07	8.136626e-08	7979
308889	1.092870e-07	1.516347e-07	8.135057e-08	7979
317145	1.092947e-07	1.516376e-07	8.133489e-08	7979
325401	1.093023e-07	1.516405e-07	8.131920e-08	7979
333657	1.093099e-07	1.516434e-07	8.130352e-08	7979
341913	1.093175e-07	1.516464e-07	8.128783e-08	7979
350169	1.093251e-07	1.516493e-07	8.127214e-08	7979
358425	1.093328e-07	1.516522e-07	8.125645e-08	7979
366681	1.093404e-07	1.516551e-07	8.124076e-08	7979
374937	1.093480e-07	1.516580e-07	8.122507e-08	7979
383193	1.093556e-07	1.516610e-07	8.120937e-08	7979
391449	1.093632e-07	1.516639e-07	8.119368e-08	7979
399705	1.093708e-07	1.516668e-07	8.117798e-08	7979
407961	1.093784e-07	1.516697e-07	8.116228e-08	7979
416217	1.093860e-07	1.516726e-07	8.114659e-08	7979
424473	1.093936e-07	1.516756e-07	8.113089e-08	7979
432729	1.094012e-07	1.516785e-07	8.111519e-08	7979
440985	1.094088e-07	1.516814e-07	8.109949e-08	7979
449241	1.094164e-07	1.516843e-07	8.108378e-08	7979
457497	1.094240e-07	1.516872e-07	8.106808e-08	7979
465753	1.094315e-07	1.516901e-07	8.105238e-08	7979
474009	1.094391e-07	1.516931e-07	8.103667e-08	7979
482265	1.094467e-07	1.516960e-07	8.102096e-08	7979
490521	1.094543e-07	1.516989e-07	8.100526e-08	7979
498777	1.094619e-07	1.517018e-07	8.098955e-08	7979
507033	1.094694e-07	1.517048e-07	8.097384e-08	7979
515289	1.094770e-07	1.517077e-07	8.095813e-08	7979
523545	1.094846e-07	1.517106e-07	8.094242e-08	7979
531801	1.094921e-07	1.517135e-07	8.092670e-08	7979
540057	1.094997e-07	1.517164e-07	8.091099e-08	7979
548313	1.095073e-07	1.517194e-07	8.089528e-08	7979
556569	1.095148e-07	1.517223e-07	8.087956e-08	7979
564825	1.095224e-07	1.517252e-07	8.086384e-08	7979
573081	1.095299e-07	1.517281e-07	8.084812e-08	7979
581337	1.095375e-07	1.517311e-07	8.083241e-08	7979
589593	1.095450e-07	1.517340e-07	8.081668e-08	7979
597849	1.095526e-07	1.517369e-07	8.080097e-08	7979
606105	1.095601e-07	1.517398e-07	8.078524e-08	7979
614361	1.095677e-07	1.517428e-07	8.076952e-08	7979
622617	1.095752e-07	1.517457e-07	8.075379e-08	7979
630873	1.095828e-07	1.517486e-07	8.073807e-08	7979
639129	1.095903e-07	1.517515e-07	8.072234e-08	7979
647385	1.095978e-07	1.517544e-07	8.070661e-08	7979
655641	1.096054e-07	1.517574e-07	8.069088e-08	7979
663897	1.096129e-07	1.517603e-07	8.067515e-08	7979
672153	1.096204e-07	1.517632e-07	8.065942e-08	7979
680409	1.096279e-07	1.517661e-07	8.064369e-08	7979
688665	1.096355e-07	1.517691e-07	8.062796e-08	7979
696921	1.096430e-07	1.517720e-07	8.061222e-08	7979
705177	1.096505e-07	1.517749e-07	8.059649e-08	7979
713433	1.096580e-07	1.517779e-07	8.058075e-08	7979
721689	1.096655e-07	1.517808e-07	8.056501e-08	7979
729945	1.096730e-07	1.517837e-07	8.054927e-08	7979
738201	1.096805e-07	1.517866e-07	8.053353e-08	7979
746457	1.096880e-07	1.517896e-07	8.051779e-08	7979
754713	1.096955e-07	1.517925e-07	8.050205e-08	7979
762969	1.097031e-07	1.517954e-07	8.048630e-08	7979
771225	1.097105e-07	1.517983e-07	8.047056e-08	7979
779481	1.097180e-07	1.518013e-07	8.045482e-08	7979
787737	1.097255e-07	1.518042e-07	8.043907e-08	7979
795993	1.097330e-07	1.518071e-07	8.042332e-08	7979
804249	1.097405e-07	1.518101e-07	8.040757e-08	7979
812505	1.097480e-07	1.518130e-07	8.039182e-08	7979
820761	1.097555e-07	1.518159e-07	8.037607e-08	7979
829017	1.097630e-07	1.518188e-07	8.036032e-08	7979
837273	1.097705e-07	1.518218e-07	8.034457e-08	7979
845529	1.097779e-07	1.518247e-07	8.032881e-08	7979
853785	1.097854e-07	1.518276e-07	8.031306e-08	7979
862041	1.097929e-07	1.518306e-07	8.029730e-08	7979
870297	1.098003e-07	1.518335e-07	8.028154e-08	7979
878553	1.098078e-07	1.518364e-07	8.026579e-08	7979
886809	1.098153e-07	1.518394e-07	8.025003e-08	7979
895065	1.098228e-07	1.518423e-07	8.023427e-08	7979
903321	1.098302e-07	1.518452e-07	8.021851e-08	7979
911577	1.098377e-07	1.518481e-07	8.020275e-08	7979
919833	1.098451e-07	1.518511e-07	8.018698e-08	7979
928089	1.098526e-07	1.518540e-07	8.017121e-08	7979
936345	1.098600e-07	1.518569e-07	8.015545e-08	7979
944601	1.098675e-07	1.518599e-07	8.013969e-08	7979
952857	1.098749e-07	1.518628e-07	8.012392e-08	7979
961113	1.098824e-07	1.518657e-07	8.010814e-08	7979
969369	1.098898e-07	1.518687e-07	8.009238e-08	7979
977625	1.098973e-07	1.518716e-07	8.007660e-08	7979
985881	1.099047e-07	1.518745e-07	8.006084e-08	7979
994137	1.099121e-07	1.518775e-07	8.004506e-08	7979
1002393	1.099196e-07	1.518804e-07	8.002929e-08	7979
1010649	1.099270e-07	1.518833e-07	8.001351e-08	7979
1018905	1.099344e-07	1.518863e-07	7.999773e-08	7979
1027161	1.099418e-07	1.518892e-07	7.998196e-08	7979
1035417	1.099493e-07	1.518921e-07	7.996618e-08	7979
1043673	1.099567e-07	1.518951e-07	7.995040e-08	7979
1051929	1.099641e-07	1.518980e-07	7.993462e-08	7979
1060185	1.099715e-07	1.519009e-07	7.991883e-08	7979
1068441	1.099789e-07	1.519039e-07	7.990305e-08	7979
1076697	1.099864e-07	1.519068e-07	7.988727e-08	7979
1084953	1.099938e-07	1.519097e-07	7.987148e-08	7979
1093209	1.100012e-07	1.519127e-07	7.985570e-08	7979
1101465	1.100086e-07	1.519156e-07	7.983991e-08	7979
1109721	1.100160e-07	1.519186e-07	7.982413e-08	7979
1117977	1.100234e-07	1.519215e-07	7.980833e-08	7979
1126233	1.100308e-07	1.519244e-07	7.979254e-08	7979
1134489	1.100382e-07	1.519274e-07	7.977675e-08	7979
1142745	1.100456e-07	1.519303e-07	7.976096e-08	7979
1151001	1.100530e-07	1.519332e-07	7.974516e-08	7979
3416	1.619491e-07	1.522662e-07	6.457341e-08	7978
11672	1.619543e-07	1.522705e-07	6.455018e-08	7978
19928	1.619595e-07	1.522748e-07	6.452694e-08	7978
28184	1.619647e-07	1.522791e-07	6.450370e-08	7978
36440	1.619699e-07	1.522834e-07	6.448047e-08	7978
44696	1.619751e-07	1.522878e-07	6.445723e-08	7978
52952	1.619803e-07	1.522921e-07	6.443399e-08	7978
61208	1.619855e-07	1.522964e-07	6.441075e-08	7978
69464	1.619907e-07	1.523007e-07	6.438751e-08	7978
77720	1.619958e-07	1.523050e-07	6.436427e-08	7978
85976	1.620010e-07	1.523094e-07	6.434102e-08	7978
94232	1.620062e-07	1.523137e-07	6.431778e-08	7978
102488	1.620113e-07	1.523180e-07	6.429453e-08	7978
110744	1.620165e-07	1.523223e-07	6.427129e-08	7978
119000	1.620216e-07	1.523266e-07	6.424804e-08	7978
127256	1.620268e-07	1.523310e-07	6.422480e-08	7978
135512	1.620320e-07	1.523353e-07	6.420155e-08	7978
143768	1.620371e-07	1.523396e-07	6.417830e-08	7978
152024	1.620423e-07	1.523439e-07	6.415505e-08	7978
160280	1.620474e-07	1.523482e-07	6.413180e-08	7978
168536	1.620525e-07	1.523526e-07	6.410855e-08	7978
176792	1.620577e-07	1.523569e-07	6.408531e-08	7978
185048	1.620628e-07	1.523612e-07	6.406206e-08	7978
193304	1.620679e-07	1.523655e-07	6.403880e-08	7978
201560	1.620731e-07	1.523698e-07	6.401555e-08	7978
209816	1.620782e-07	1.523742e-07	6.399230e-08	7978
218072	1.620833e-07	1.523785e-07	6.396904e-08	7978
226328	1.620884e-07	1.523828e-07	6.394578e-08	7978
234584	1.620935e-07	1.523871e-07	6.392253e-08	7978
242840	1.620986e-07	1.523914e-07	6.389927e-08	7978
251096	1.621037e-07	1.523958e-07	6.387602e-08	7978
259352	1.621088e-07	1.524001e-07	6.385276e-08	7978
267608	1.621139e-07	1.524044e-07	6.382950e-08	7978
275864	1.621190e-07	1.524087e-07	6.380624e-08	7978
284120	1.621241e-07	1.524131e-07	6.378298e-08	7978
292376	1.621292e-07	1.524174e-07	6.375972e-08	7978
300632	1.621343e-07	1.524217e-07	6.373646e-08	7978
308888	1.621394e-07	1.524260e-07	6.371319e-08	7978
317144	1.621444e-07	1.524303e-07	6.368993e-08	7978
325400	1.621495e-07	1.524347e-07	6.366667e-08	7978
333656	1.621546e-07	1.524390e-07	6.364341e-08	7978
341912	1.621596e-07	1.524433e-07	6.362014e-08	7978
350168	1.621647e-07	1.524476e-07	6.359687e-08	7978
358424	1.621698e-07	1.524519e-07	6.357361e-08	7978
366680	1.621748e-07	1.524563e-07	6.355034e-08	7978
374936	1.621799e-07	1.524606e-07	6.352707e-08	7978
383192	1.621849e-07	1.524649e-07	6.350380e-08	7978
391448	1.621900e-07	1.524692e-07	6.348053e-08	7978
399704	1.621950e-07	1.524736e-07	6.345726e-08	7978
407960	1.622000e-07	1.524779e-07	6.343399e-08	7978
416216	1.622051e-07	1.524822e-07	6.341072e-08	7978
424472	1.622101e-07	1.524865e-07	6.338745e-08	7978
432728	1.622151e-07	1.524909e-07	6.336418e-08	7978
440984	1.622202e-07	1.524952e-07	6.334090e-08	7978
449240	1.622252e-07	1.524995e-07	6.331763e-08	7978
457496	1.622302e-07	1.525038e-07	6.329435e-08	7978
465752	1.622352e-07	1.525082e-07	6.327107e-08	7978
474008	1.622402e-07	1.525125e-07	6.324780e-08	7978
482264	1.622452e-07	1.525168e-07	6.322452e-08	7978
490520	1.622502e-07	1.525211e-07	6.320124e-08	7978
498776	1.622552e-07	1.525255e-07	6.317796e-08	7978
507032	1.622602e-07	1.525298e-07	6.315468e-08	7978
515288	1.622652e-07	1.525341e-07	6.313140e-08	7978
523544	1.622702e-07	1.525384e-07	6.310812e-08	7978
531800	1.622752e-07	1.525428e-07	6.308484e-08	7978
540056	1.622802e-07	1.525471e-07	6.306156e-08	7978
548312	1.622852e-07	1.525514e-07	6.303827e-08	7978
556568	1.622901e-07	1.525557e-07	6.301499e-08	7978
564824	1.622951e-07	1.525601e-07	6.299170e-08	7978
573080	1.623001e-07	1.525644e-07	6.296842e-08	7978
581336	1.623050e-07	1.525687e-07	6.294513e-08	7978
589592	1.623100e-07	1.525731e-07	6.292185e-08	7978
597848	1.623150e-07	1.525774e-07	6.289856e-08	7978
606104	1.623199e-07	1.525817e-07	6.287527e-08	7978
614360	1.623249e-07	1.525860e-07	6.285198e-08	7978
622616	1.623298e-07	1.525904e-07	6.282869e-08	7978
630872	1.623348e-07	1.525947e-07	6.280540e-08	7978
639128	1.623397e-07	1.525990e-07	6.278211e-08	7978
647384	1.623446e-07	1.526033e-07	6.275882e-08	7978
655640	1.623496e-07	1.526077e-07	6.273552e-08	7978
663896	1.623545e-07	1.526120e-07	6.271223e-08	7978
672152	1.623594e-07	1.526163e-07	6.268894e-08	7978
680408	1.623644e-07	1.526206e-07	6.266564e-08	7978
688664	1.623693e-07	1.526250e-07	6.264235e-08	7978
696920	1.623742e-07	1.526293e-07	6.261905e-08	7978
705176	1.623791e-07	1.526336e-07	6.259576e-08	7978
713432	1.623840e-07	1.526380e-07	6.257246e-08	7978
721688	1.623889e-07	1.526423e-07	6.254916e-08	7978
729944	1.623938e-07	1.526466e-07	6.252586e-08	7978
738200	1.623987e-07	1.526510e-07	6.250256e-08	7978
746456	1.624036e-07	1.526553e-07	6.247926e-08	7978
754712	1.624085e-07	1.526596e-07	6.245596e-08	7978
762968	1.624134e-07	1.526639e-07	6.243266e-08	7978
771224	1.624183e-07	1.526683e-07	6.240936e-08	7978
779480	1.624232e-07	1.526726e-07	6.238606e-08	7978
787736	1.624281e-07	1.526769e-07	6.236275e-08	7978
795992	1.624329e-07	1.526813e-07	6.233945e-08	7978
804248	1.624378e-07	1.526856e-07	6.231614e-08	7978
812504	1.624427e-07	1.526899e-07	6.229283e-08	7978
820760	1.624475e-07	1.526942e-07	6.226953e-08	7978
829016	1.624524e-07	1.526986e-07	6.224622e-08	7978
837272	1.624573e-07	1.527029e-07	6.222291e-08	7978
845528	1.624621e-07	1.527072e-07	6.219960e-08	7978
853784	1.624670e-07	1.527116e-07	6.217630e-08	7978
862040	1.624718e-07	1.527159e-07	6.215298e-08	7978
870296	1.624767e-07	1.527202e-07	6.212967e-08	7978
878552	1.624815e-07	1.527246e-07	6.210636e-08	7978
886808	1.624863e-07	1.527289e-07	6.208305e-08	7978
895064	1.624912e-07	1.527332e-07	6.205974e-08	7978
903320	1.624960e-07	1.527376e-07	6.203642e-08	7978
911576	1.625008e-07	1.527419e-07	6.201311e-08	7978
919832	1.625057e-07	1.527462e-07	6.198979e-08	7978
928088	1.625105e-07	1.527506e-07	6.196648e-08	7978
936344	1.625153e-07	1.527549e-07	6.194316e-08	7978
944600	1.625201e-07	1.527592e-07	6.191985e-08	7978
952856	1.625249e-07	1.527635e-07	6.189653e-08	7978
961112	1.625297e-07	1.527679e-07	6.187321e-08	7978
969368	1.625345e-07	1.527722e-07	6.184989e-08	7978
977624	1.625393e-07	1.527766e-07	6.182657e-08	7978
985880	1.625441e-07	1.527809e-07	6.180325e-08	7978
994136	1.625489e-07	1.527852e-07	6.177993e-08	7978
1002392	1.625537e-07	1.527895e-07	6.175661e-08	7978
1010648	1.625585e-07	1.527939e-07	6.173328e-08	7978
1018904	1.625633e-07	1.527982e-07	6.170996e-08	7978
1027160	1.625681e-07	1.528025e-07	6.168663e-08	7978
1035416	1.625728e-07	1.528069e-07	6.166331e-08	7978
1043672	1.625776e-07	1.528112e-07	6.163999e-08	7978
1051928	1.625824e-07	1.528155e-07	6.161666e-08	7978
1060184	1.625871e-07	1.528199e-07	6.159333e-08	7978
1068440	1.625919e-07	1.528242e-07	6.157001e-08	7978
1076696	1.625967e-07	1.528285e-07	6.154668e-08	7978
1084952	1.626014e-07	1.528329e-07	6.152335e-08	7978
1093208	1.626062e-07	1.528372e-07	6.150002e-08	7978
1101464	1.626109e-07	1.528416e-07	6.147669e-08	7978
1109720	1.626156e-07	1.528459e-07	6.145336e-08	7978
1117976	1.626204e-07	1.528502e-07	6.143003e-08	7978
1126232	1.626251e-07	1.528546e-07	6.140669e-08	7978
1134488	1.626299e-07	1.528589e-07	6.138337e-08	7978
1142744	1.626346e-07	1.528632e-07	6.136003e-08	7978
1151000	1.626393e-07	1.528676e-07	6.133670e-08	7978
1727	1.142705e-07	1.528959e-07	8.179935e-08	3881
9983	1.142782e-07	1.528989e-07	8.178295e-08	3881
18239	1.142858e-07	1.529020e-07	8.176654e-08	3881
26495	1.142935e-07	1.529050e-07	8.175014e-08	3881
34751	1.143011e-07	1.529081e-07	8.173375e-08	3881
43007	1.143088e-07	1.529111e-07	8.171734e-08	3881
51263	1.143164e-07	1.529142e-07	8.170093e-08	3881
59519	1.143241e-07	1.529172e-07	8.168453e-08	3881
67775	1.143317e-07	1.529203e-07	8.166812e-08	3881
76031	1.143394e-07	1.529233e-07	8.165171e-08	3881
84287	1.143470e-07	1.529264e-07	8.163531e-08	3881
92543	1.143546e-07	1.529294e-07	8.161889e-08	3881
100799	1.143623e-07	1.529325e-07	8.160248e-08	3881
109055	1.143699e-07	1.529355e-07	8.158607e-08	3881
117311	1.143775e-07	1.529386e-07	8.156966e-08	3881
125567	1.143851e-07	1.529416e-07	8.155324e-08	3881
133823	1.143928e-07	1.529447e-07	8.153683e-08	3881
142079	1.144004e-07	1.529477e-07	8.152041e-08	3881
150335	1.144080e-07	1.529508e-07	8.150399e-08	3881
158591	1.144156e-07	1.529538e-07	8.148757e-08	3881
166847	1.144232e-07	1.529569e-07	8.147115e-08	3881
175103	1.144308e-07	1.529600e-07	8.145473e-08	3881
183359	1.144384e-07	1.529630e-07	8.143831e-08	3881
191615	1.144460e-07	1.529661e-07	8.142189e-08	3881
199871	1.144536e-07	1.529691e-07	8.140546e-08	3881
208127	1.144612e-07	1.529722e-07	8.138903e-08	3881
216383	1.144688e-07	1.529752e-07	8.137261e-08	3881
224639	1.144764e-07	1.529783e-07	8.135618e-08	3881
232895	1.144840e-07	1.529813e-07	8.133975e-08	3881
241151	1.144916e-07	1.529844e-07	8.132332e-08	3881
249407	1.144992e-07	1.529874e-07	8.130689e-08	3881
257663	1.145068e-07	1.529905e-07	8.129046e-08	3881
265919	1.145144e-07	1.529936e-07	8.127402e-08	3881
274175	1.145219e-07	1.529966e-07	8.125759e-08	3881
282431	1.145295e-07	1.529997e-07	8.124115e-08	3881
290687	1.145371e-07	1.530027e-07	8.122472e-08	3881
298943	1.145447e-07	1.530058e-07	8.120828e-08	3881
307199	1.145522e-07	1.530088e-07	8.119184e-08	3881
315455	1.145598e-07	1.530119e-07	8.117540e-08	3881
323711	1.145674e-07	1.530150e-07	8.115897e-08	3881
331967	1.145749e-07	1.530180e-07	8.114252e-08	3881
340223	1.145825e-07	1.530211e-07	8.112607e-08	3881
348479	1.145900e-07	1.530241e-07	8.110963e-08	3881
356735	1.145976e-07	1.530272e-07	8.109319e-08	3881
364991	1.146052e-07	1.530302e-07	8.107674e-08	3881
373247	1.146127e-07	1.530333e-07	8.106029e-08	3881
381503	1.146202e-07	1.530364e-07	8.104384e-08	3881
389759	1.146278e-07	1.530394e-07	8.102739e-08	3881
398015	1.146353e-07	1.530425e-07	8.101095e-08	3881
406271	1.146429e-07	1.530455e-07	8.099450e-08	3881
414527	1.146504e-07	1.530486e-07	8.097804e-08	3881
422783	1.146580e-07	1.530517e-07	8.096159e-08	3881
431039	1.146655e-07	1.530547e-07	8.094514e-08	3881
439295	1.146730e-07	1.530578e-07	8.092868e-08	3881
447551	1.146805e-07	1.530608e-07	8.091222e-08	3881
455807	1.146881e-07	1.530639e-07	8.089576e-08	3881
464063	1.146956e-07	1.530669e-07	8.087930e-08	3881
472319	1.147031e-07	1.530700e-07	8.086284e-08	3881
480575	1.147106e-07	1.530731e-07	8.084638e-08	3881
488831	1.147181e-07	1.530761e-07	8.082992e-08	3881
497087	1.147257e-07	1.530792e-07	8.081346e-08	3881
505343	1.147332e-07	1.530823e-07	8.079699e-08	3881
513599	1.147407e-07	1.530853e-07	8.078052e-08	3881
521855	1.147482e-07	1.530884e-07	8.076406e-08	3881
530111	1.147557e-07	1.530914e-07	8.074759e-08	3881
538367	1.147632e-07	1.530945e-07	8.073112e-08	3881
546623	1.147707e-07	1.530976e-07	8.071465e-08	3881
554879	1.147782e-07	1.531006e-07	8.069818e-08	3881
563135	1.147857e-07	1.531037e-07	8.068171e-08	3881
571391	1.147932e-07	1.531068e-07	8.066524e-08	3881
579647	1.148007e-07	1.531098e-07	8.064876e-08	3881
587903	1.148082e-07	1.531129e-07	8.063228e-08	3881
596159	1.148156e-07	1.531159e-07	8.061581e-08	3881
604415	1.148231e-07	1.531190e-07	8.059934e-08	3881
612671	1.148306e-07	1.531221e-07	8.058285e-08	3881
620927	1.148381e-07	1.531251e-07	8.056637e-08	3881
629183	1.148455e-07	1.531282e-07	8.054990e-08	3881
637439	1.148530e-07	1.531313e-07	8.053341e-08	3881
645695	1.148605e-07	1.531343e-07	8.051693e-08	3881
653951	1.148680e-07	1.531374e-07	8.050044e-08	3881
662207	1.148754e-07	1.531405e-07	8.048396e-08	3881
670463	1.148829e-07	1.531435e-07	8.046747e-08	3881
678719	1.148903e-07	1.531466e-07	8.045099e-08	3881
686975	1.148978e-07	1.531497e-07	8.043450e-08	3881
695231	1.149053e-07	1.531527e-07	8.041801e-08	3881
703487	1.149127e-07	1.531558e-07	8.040152e-08	3881
711743	1.149202e-07	1.531589e-07	8.038503e-08	3881
719999	1.149276e-07	1.531619e-07	8.036854e-08	3881
728255	1.149350e-07	1.531650e-07	8.035204e-08	3881
736511	1.149425e-07	1.531681e-07	8.033555e-08	3881
744767	1.149499e-07	1.531711e-07	8.031905e-08	3881
753023	1.149574e-07	1.531742e-07	8.030256e-08	3881
761279	1.149648e-07	1.531773e-07	8.028606e-08	3881
769535	1.149722e-07	1.531803e-07	8.026956e-08	3881
777791	1.149797e-07	1.531834e-07	8.025306e-08	3881
786047	1.149871e-07	1.531865e-07	8.023655e-08	3881
794303	1.149945e-07	1.531895e-07	8.022005e-08	3881
802559	1.150019e-07	1.531926e-07	8.020355e-08	3881
810815	1.150094e-07	1.531957e-07	8.018705e-08	3881
819071	1.150168e-07	1.531987e-07	8.017054e-08	3881
827327	1.150242e-07	1.532018e-07	8.015404e-08	3881
835583	1.150316e-07	1.532049e-07	8.013753e-08	3881
843839	1.150390e-07	1.532079e-07	8.012102e-08	3881
852095	1.150464e-07	1.532110e-07	8.010451e-08	3881
860351	1.150538e-07	1.532141e-07	8.008800e-08	3881
868607	1.150612e-07	1.532172e-07	8.007149e-08	3881
876863	1.150686e-07	1.532202e-07	8.005497e-08	3881
885119	1.150760e-07	1.532233e-07	8.003846e-08	3881
893375	1.150834e-07	1.532264e-07	8.002195e-08	3881
901631	1.150908e-07	1.532295e-07	8.000543e-08	3881
909887	1.150982e-07	1.532325e-07	7.998892e-08	3881
918143	1.151056e-07	1.532356e-07	7.997239e-08	3881
926399	1.151130e-07	1.532387e-07	7.995587e-08	3881
934655	1.151204e-07	1.532417e-07	7.993935e-08	3881
942911	1.151278e-07	1.532448e-07	7.992283e-08	3881
951167	1.151351e-07	1.532479e-07	7.990631e-08	3881
959423	1.151425e-07	1.532510e-07	7.988979e-08	3881
967679	1.151499e-07	1.532540e-07	7.987327e-08	3881
975935	1.151573e-07	1.532571e-07	7.985674e-08	3881
984191	1.151646e-07	1.532602e-07	7.984021e-08	3881
992447	1.151720e-07	1.532632e-07	7.982369e-08	3881
1000703	1.151794e-07	1.532663e-07	7.980716e-08	3881
1008959	1.151867e-07	1.532694e-07	7.979063e-08	3881
1017215	1.151941e-07	1.532725e-07	7.977410e-08	3881
1025471	1.152014e-07	1.532755e-07	7.975756e-08	3881
1033727	1.152088e-07	1.532786e-07	7.974104e-08	3881
1041983	1.152162e-07	1.532817e-07	7.972450e-08	3881
1050239	1.152235e-07	1.532848e-07	7.970797e-08	3881
1058495	1.152309e-07	1.532878e-07	7.969143e-08	3881
1066751	1.152382e-07	1.532909e-07	7.967489e-08	3881
1075007	1.152455e-07	1.532940e-07	7.965835e-08	3881
1083263	1.152529e-07	1.532971e-07	7.964181e-08	3881
1091519	1.152602e-07	1.533001e-07	7.962527e-08	3881
1099775	1.152676e-07	1.533032e-07	7.960873e-08	3881
1108031	1.152749e-07	1.533063e-07	7.959219e-08	3881
1116287	1.152822e-07	1.533094e-07	7.957565e-08	3881
1124543	1.152895e-07	1.533124e-07	7.955910e-08	3881
1132799	1.152969e-07	1.533155e-07	7.954256e-08	3881
1141055	1.153042e-07	1.533186e-07	7.952601e-08	3881
1149311	1.153115e-07	1.533217e-07	7.950946e-08	3881
2915	1.679496e-07	1.541341e-07	6.412967e-08	6697
11171	1.679547e-07	1.541385e-07	6.410557e-08	6697
19427	1.679598e-07	1.541430e-07	6.408148e-08	6697
27683	1.679648e-07	1.541475e-07	6.405737e-08	6697
35939	1.679699e-07	1.541520e-07	6.403328e-08	6697
44195	1.679750e-07	1.541565e-07	6.400918e-08	6697
52451	1.679801e-07	1.541609e-07	6.398508e-08	6697
60707	1.679851e-07	1.541654e-07	6.396098e-08	6697
68963	1.679902e-07	1.541699e-07	6.393687e-08	6697
77219	1.679953e-07	1.541744e-07	6.391277e-08	6697
85475	1.680003e-07	1.541788e-07	6.388867e-08	6697
93731	1.680054e-07	1.541833e-07	6.386457e-08	6697
101987	1.680104e-07	1.541878e-07	6.384046e-08	6697
110243	1.680155e-07	1.541923e-07	6.381636e-08	6697
118499	1.680205e-07	1.541968e-07	6.379225e-08	6697
126755	1.680256e-07	1.542012e-07	6.376815e-08	6697
135011	1.680306e-07	1.542057e-07	6.374404e-08	6697
143267	1.680356e-07	1.542102e-07	6.371993e-08	6697
151523	1.680407e-07	1.542147e-07	6.369582e-08	6697
159779	1.680457e-07	1.542192e-07	6.367171e-08	6697
168035	1.680507e-07	1.542236e-07	6.364760e-08	6697
176291	1.680557e-07	1.542281e-07	6.362349e-08	6697
184547	1.680608e-07	1.542326e-07	6.359938e-08	6697
192803	1.680658e-07	1.542371e-07	6.357526e-08	6697
201059	1.680708e-07	1.542416e-07	6.355116e-08	6697
209315	1.680758e-07	1.542460e-07	6.352704e-08	6697
217571	1.680808e-07	1.542505e-07	6.350292e-08	6697
225827	1.680858e-07	1.542550e-07	6.347881e-08	6697
234083	1.680908e-07	1.542595e-07	6.345469e-08	6697
242339	1.680958e-07	1.542640e-07	6.343058e-08	6697
250595	1.681007e-07	1.542684e-07	6.340646e-08	6697
258851	1.681057e-07	1.542729e-07	6.338234e-08	6697
267107	1.681107e-07	1.542774e-07	6.335822e-08	6697
275363	1.681157e-07	1.542819e-07	6.333411e-08	6697
283619	1.681206e-07	1.542864e-07	6.330998e-08	6697
291875	1.681256e-07	1.542909e-07	6.328586e-08	6697
300131	1.681306e-07	1.542953e-07	6.326174e-08	6697
308387	1.681355e-07	1.542998e-07	6.323762e-08	6697
316643	1.681405e-07	1.543043e-07	6.321350e-08	6697
324899	1.681455e-07	1.543088e-07	6.318938e-08	6697
333155	1.681504e-07	1.543133e-07	6.316525e-08	6697
341411	1.681554e-07	1.543177e-07	6.314112e-08	6697
349667	1.681603e-07	1.543222e-07	6.311700e-08	6697
357923	1.681652e-07	1.543267e-07	6.309287e-08	6697
366179	1.681702e-07	1.543312e-07	6.306874e-08	6697
374435	1.681751e-07	1.543357e-07	6.304462e-08	6697
382691	1.681800e-07	1.543402e-07	6.302049e-08	6697
390947	1.681850e-07	1.543446e-07	6.299636e-08	6697
399203	1.681899e-07	1.543491e-07	6.297223e-08	6697
407459	1.681948e-07	1.543536e-07	6.294810e-08	6697
415715	1.681997e-07	1.543581e-07	6.292397e-08	6697
423971	1.682046e-07	1.543626e-07	6.289983e-08	6697
432227	1.682095e-07	1.543671e-07	6.287570e-08	6697
440483	1.682144e-07	1.543715e-07	6.285156e-08	6697
448739	1.682193e-07	1.543760e-07	6.282743e-08	6697
456995	1.682242e-07	1.543805e-07	6.280330e-08	6697
465251	1.682291e-07	1.543850e-07	6.277916e-08	6697
473507	1.682340e-07	1.543895e-07	6.275502e-08	6697
481763	1.682389e-07	1.543940e-07	6.273088e-08	6697
490019	1.682438e-07	1.543984e-07	6.270675e-08	6697
498275	1.682487e-07	1.544029e-07	6.268261e-08	6697
506531	1.682535e-07	1.544074e-07	6.265847e-08	6697
514787	1.682584e-07	1.544119e-07	6.263433e-08	6697
523043	1.682633e-07	1.544164e-07	6.261019e-08	6697
531299	1.682681e-07	1.544209e-07	6.258605e-08	6697
539555	1.682730e-07	1.544254e-07	6.256191e-08	6697
547811	1.682779e-07	1.544298e-07	6.253777e-08	6697
556067	1.682827e-07	1.544343e-07	6.251362e-08	6697
564323	1.682876e-07	1.544388e-07	6.248948e-08	6697
572579	1.682924e-07	1.544433e-07	6.246533e-08	6697
580835	1.682973e-07	1.544478e-07	6.244119e-08	6697
589091	1.683021e-07	1.544523e-07	6.241704e-08	6697
597347	1.683069e-07	1.544568e-07	6.239289e-08	6697
605603	1.683118e-07	1.544612e-07	6.236875e-08	6697
613859	1.683166e-07	1.544657e-07	6.234460e-08	6697
622115	1.683214e-07	1.544702e-07	6.232045e-08	6697
630371	1.683263e-07	1.544747e-07	6.229630e-08	6697
638627	1.683311e-07	1.544792e-07	6.227215e-08	6697
646883	1.683359e-07	1.544837e-07	6.224800e-08	6697
655139	1.683407e-07	1.544882e-07	6.222385e-08	6697
663395	1.683455e-07	1.544927e-07	6.219970e-08	6697
671651	1.683503e-07	1.544971e-07	6.217554e-08	6697
679907	1.683551e-07	1.545016e-07	6.215139e-08	6697
688163	1.683599e-07	1.545061e-07	6.212723e-08	6697
696419	1.683647e-07	1.545106e-07	6.210308e-08	6697
704675	1.683695e-07	1.545151e-07	6.207892e-08	6697
712931	1.683743e-07	1.545196e-07	6.205477e-08	6697
721187	1.683791e-07	1.545241e-07	6.203061e-08	6697
729443	1.683838e-07	1.545286e-07	6.200645e-08	6697
737699	1.683886e-07	1.545331e-07	6.198229e-08	6697
745955	1.683934e-07	1.545375e-07	6.195813e-08	6697
754211	1.683981e-07	1.545420e-07	6.193397e-08	6697
762467	1.684029e-07	1.545465e-07	6.190981e-08	6697
770723	1.684077e-07	1.545510e-07	6.188565e-08	6697
778979	1.684124e-07	1.545555e-07	6.186148e-08	6697
787235	1.684172e-07	1.545600e-07	6.183733e-08	6697
795491	1.684219e-07	1.545645e-07	6.181316e-08	6697
803747	1.684267e-07	1.545690e-07	6.178900e-08	6697
812003	1.684314e-07	1.545735e-07	6.176483e-08	6697
820259	1.684362e-07	1.545779e-07	6.174066e-08	6697
828515	1.684409e-07	1.545824e-07	6.171650e-08	6697
836771	1.684456e-07	1.545869e-07	6.169233e-08	6697
845027	1.684504e-07	1.545914e-07	6.166817e-08	6697
853283	1.684551e-07	1.545959e-07	6.164399e-08	6697
861539	1.684598e-07	1.546004e-07	6.161983e-08	6697
869795	1.684645e-07	1.546049e-07	6.159566e-08	6697
878051	1.684692e-07	1.546094e-07	6.157149e-08	6697
886307	1.684739e-07	1.546139e-07	6.154732e-08	6697
894563	1.684787e-07	1.546183e-07	6.152315e-08	6697
902819	1.684834e-07	1.546228e-07	6.149897e-08	6697
911075	1.684881e-07	1.546273e-07	6.147480e-08	6697
919331	1.684928e-07	1.546318e-07	6.145063e-08	6697
927587	1.684975e-07	1.546363e-07	6.142646e-08	6697
935843	1.685021e-07	1.546408e-07	6.140228e-08	6697
944099	1.685068e-07	1.546453e-07	6.137810e-08	6697
952355	1.685115e-07	1.546498e-07	6.135393e-08	6697
960611	1.685162e-07	1.546543e-07	6.132975e-08	6697
968867	1.685209e-07	1.546588e-07	6.130557e-08	6697
977123	1.685255e-07	1.546633e-07	6.128139e-08	6697
985379	1.685302e-07	1.546678e-07	6.125722e-08	6697
993635	1.685349e-07	1.546723e-07	6.123304e-08	6697
1001891	1.685395e-07	1.546767e-07	6.120885e-08	6697
1010147	1.685442e-07	1.546812e-07	6.118467e-08	6697
1018403	1.685488e-07	1.546857e-07	6.116049e-08	6697
1026659	1.685535e-07	1.546902e-07	6.113631e-08	6697
1034915	1.685581e-07	1.546947e-07	6.111213e-08	6697
1043171	1.685628e-07	1.546992e-07	6.108795e-08	6697
1051427	1.685674e-07	1.547037e-07	6.106376e-08	6697
1059683	1.685720e-07	1.547082e-07	6.103957e-08	6697
1067939	1.685767e-07	1.547127e-07	6.101539e-08	6697
1076195	1.685813e-07	1.547172e-07	6.099120e-08	6697
1084451	1.685859e-07	1.547217e-07	6.096702e-08	6697
1092707	1.685906e-07	1.547262e-07	6.094282e-08	6697
1100963	1.685952e-07	1.547307e-07	6.091864e-08	6697
1109219	1.685998e-07	1.547352e-07	6.089445e-08	6697
1117475	1.686044e-07	1.547397e-07	6.087026e-08	6697
1125731	1.686090e-07	1.547441e-07	6.084607e-08	6697
1133987	1.686136e-07	1.547486e-07	6.082188e-08	6697
1142243	1.686182e-07	1.547531e-07	6.079769e-08	6697
1150499	1.686228e-07	1.547576e-07	6.077349e-08	6697
795	3.504951e-07	1.580220e-07	5.894114e-09	1841
9051	3.504917e-07	1.580313e-07	5.843842e-09	1841
17307	3.504884e-07	1.580406e-07	5.793571e-09	1841
25563	3.504850e-07	1.580500e-07	5.743301e-09	1841
33819	3.504816e-07	1.580593e-07	5.693030e-09	1841
42075	3.504782e-07	1.580686e-07	5.642760e-09	1841
50331	3.504748e-07	1.580780e-07	5.592491e-09	1841
58587	3.504714e-07	1.580873e-07	5.542223e-09	1841
66843	3.504680e-07	1.580966e-07	5.491955e-09	1841
75099	3.504645e-07	1.581060e-07	5.441687e-09	1841
83355	3.504611e-07	1.581153e-07	5.391420e-09	1841
91611	3.504577e-07	1.581246e-07	5.341153e-09	1841
99867	3.504542e-07	1.581340e-07	5.290887e-09	1841
108123	3.504508e-07	1.581433e-07	5.240621e-09	1841
116379	3.504473e-07	1.581526e-07	5.190356e-09	1841
124635	3.504438e-07	1.581620e-07	5.140091e-09	1841
132891	3.504404e-07	1.581713e-07	5.089827e-09	1841
141147	3.504369e-07	1.581806e-07	5.039563e-09	1841
149403	3.504334e-07	1.581899e-07	4.989301e-09	1841
157659	3.504299e-07	1.581993e-07	4.939038e-09	1841
165915	3.504264e-07	1.582086e-07	4.888776e-09	1841
174171	3.504229e-07	1.582179e-07	4.838514e-09	1841
182427	3.504193e-07	1.582273e-07	4.788252e-09	1841
190683	3.504158e-07	1.582366e-07	4.737992e-09	1841
198939	3.504123e-07	1.582459e-07	4.687732e-09	1841
207195	3.504087e-07	1.582553e-07	4.637472e-09	1841
215451	3.504052e-07	1.582646e-07	4.587213e-09	1841
223707	3.504016e-07	1.582739e-07	4.536954e-09	1841
231963	3.503980e-07	1.582832e-07	4.486696e-09	1841
240219	3.503945e-07	1.582926e-07	4.436438e-09	1841
248475	3.503909e-07	1.583019e-07	4.386181e-09	1841
256731	3.503873e-07	1.583112e-07	4.335925e-09	1841
264987	3.503837e-07	1.583206e-07	4.285669e-09	1841
273243	3.503801e-07	1.583299e-07	4.235413e-09	1841
281499	3.503765e-07	1.583392e-07	4.185158e-09	1841
289755	3.503729e-07	1.583486e-07	4.134903e-09	1841
298011	3.503692e-07	1.583579e-07	4.084649e-09	1841
306267	3.503656e-07	1.583672e-07	4.034396e-09	1841
314523	3.503619e-07	1.583765e-07	3.984143e-09	1841
322779	3.503583e-07	1.583859e-07	3.933890e-09	1841
331035	3.503546e-07	1.583952e-07	3.883638e-09	1841
339291	3.503510e-07	1.584045e-07	3.833387e-09	1841
347547	3.503473e-07	1.584138e-07	3.783136e-09	1841
355803	3.503436e-07	1.584232e-07	3.732886e-09	1841
364059	3.503399e-07	1.584325e-07	3.682636e-09	1841
372315	3.503363e-07	1.584418e-07	3.632386e-09	1841
380571	3.503326e-07	1.584512e-07	3.582138e-09	1841
388827	3.503288e-07	1.584605e-07	3.531889e-09	1841
397083	3.503251e-07	1.584698e-07	3.481642e-09	1841
405339	3.503214e-07	1.584791e-07	3.431395e-09	1841
413595	3.503177e-07	1.584885e-07	3.381148e-09	1841
421851	3.503139e-07	1.584978e-07	3.330902e-09	1841
430107	3.503102e-07	1.585071e-07	3.280656e-09	1841
438363	3.503064e-07	1.585164e-07	3.230411e-09	1841
446619	3.503027e-07	1.585258e-07	3.180167e-09	1841
454875	3.502989e-07	1.585351e-07	3.129923e-09	1841
463131	3.502951e-07	1.585444e-07	3.079679e-09	1841
471387	3.502913e-07	1.585537e-07	3.029436e-09	1841
479643	3.502876e-07	1.585631e-07	2.979194e-09	1841
487899	3.502838e-07	1.585724e-07	2.928952e-09	1841
496155	3.502799e-07	1.585817e-07	2.878711e-09	1841
504411	3.502761e-07	1.585911e-07	2.828470e-09	1841
512667	3.502723e-07	1.586004e-07	2.778230e-09	1841
520923	3.502685e-07	1.586097e-07	2.727990e-09	1841
529179	3.502647e-07	1.586190e-07	2.677751e-09	1841
537435	3.502608e-07	1.586284e-07	2.627513e-09	1841
545691	3.502570e-07	1.586377e-07	2.577275e-09	1841
553947	3.502531e-07	1.586470e-07	2.527037e-09	1841
562203	3.502493e-07	1.586563e-07	2.476801e-09	1841
570459	3.502454e-07	1.586657e-07	2.426564e-09	1841
578715	3.502415e-07	1.586750e-07	2.376328e-09	1841
586971	3.502376e-07	1.586843e-07	2.326093e-09	1841
595227	3.502337e-07	1.586936e-07	2.275858e-09	1841
603483	3.502298e-07	1.587030e-07	2.225624e-09	1841
611739	3.502259e-07	1.587123e-07	2.175391e-09	1841
619995	3.502220e-07	1.587216e-07	2.125158e-09	1841
628251	3.502180e-07	1.587309e-07	2.074926e-09	1841
636507	3.502141e-07	1.587403e-07	2.024694e-09	1841
644763	3.502102e-07	1.587496e-07	1.974462e-09	1841
653019	3.502062e-07	1.587589e-07	1.924232e-09	1841
661275	3.502023e-07	1.587682e-07	1.874001e-09	1841
669531	3.501983e-07	1.587776e-07	1.823772e-09	1841
677787	3.501943e-07	1.587869e-07	1.773543e-09	1841
686043	3.501904e-07	1.587962e-07	1.723314e-09	1841
694299	3.501864e-07	1.588055e-07	1.673087e-09	1841
702555	3.501824e-07	1.588148e-07	1.622859e-09	1841
710811	3.501784e-07	1.588242e-07	1.572632e-09	1841
719067	3.501744e-07	1.588335e-07	1.522406e-09	1841
727323	3.501704e-07	1.588428e-07	1.472181e-09	1841
735579	3.501663e-07	1.588521e-07	1.421956e-09	1841
743835	3.501623e-07	1.588615e-07	1.371731e-09	1841
752091	3.501583e-07	1.588708e-07	1.321507e-09	1841
760347	3.501542e-07	1.588801e-07	1.271284e-09	1841
768603	3.501502e-07	1.588894e-07	1.221061e-09	1841
776859	3.501461e-07	1.588988e-07	1.170839e-09	1841
785115	3.501421e-07	1.589081e-07	1.120618e-09	1841
793371	3.501380e-07	1.589174e-07	1.070397e-09	1841
801627	3.501339e-07	1.589267e-07	1.020176e-09	1841
809883	3.501298e-07	1.589360e-07	9.699567e-10	1841
818139	3.501257e-07	1.589454e-07	9.197375e-10	1841
826395	3.501216e-07	1.589547e-07	8.695188e-10	1841
834651	3.501175e-07	1.589640e-07	8.193008e-10	1841
842907	3.501134e-07	1.589733e-07	7.690834e-10	1841
851163	3.501093e-07	1.589826e-07	7.188665e-10	1841
859419	3.501051e-07	1.589920e-07	6.686503e-10	1841
867675	3.501010e-07	1.590013e-07	6.184346e-10	1841
875931	3.500969e-07	1.590106e-07	5.682195e-10	1841
884187	3.500927e-07	1.590199e-07	5.180051e-10	1841
892443	3.500885e-07	1.590293e-07	4.677912e-10	1841
900699	3.500843e-07	1.590386e-07	4.175779e-10	1841
908955	3.500802e-07	1.590479e-07	3.673652e-10	1841
917211	3.500760e-07	1.590572e-07	3.171531e-10	1841
925467	3.500718e-07	1.590665e-07	2.669417e-10	1841
933723	3.500676e-07	1.590759e-07	2.167308e-10	1841
941979	3.500634e-07	1.590852e-07	1.665205e-10	1841
950235	3.500592e-07	1.590945e-07	1.163108e-10	1841
958491	3.500550e-07	1.591038e-07	6.610172e-11	1841
966747	3.500507e-07	1.591131e-07	1.589324e-11	1841
975003	3.500465e-07	1.591225e-07	-3.431462e-11	1841
983259	3.500423e-07	1.591318e-07	-8.452188e-11	1841
991515	3.500380e-07	1.591411e-07	-1.347285e-10	1841
999771	3.500337e-07	1.591504e-07	-1.849346e-10	1841
1008027	3.500295e-07	1.591597e-07	-2.351400e-10	1841
1016283	3.500252e-07	1.591690e-07	-2.853448e-10	1841
1024539	3.500209e-07	1.591784e-07	-3.355490e-10	1841
1032795	3.500166e-07	1.591877e-07	-3.857526e-10	1841
1041051	3.500123e-07	1.591970e-07	-4.359556e-10	1841
1049307	3.500080e-07	1.592063e-07	-4.861579e-10	1841
1057563	3.500037e-07	1.592156e-07	-5.363597e-10	1841
1065819	3.499994e-07	1.592250e-07	-5.865609e-10	1841
1074075	3.499950e-07	1.592343e-07	-6.367614e-10	1841
1082331	3.499907e-07	1.592436e-07	-6.869612e-10	1841
1090587	3.499864e-07	1.592529e-07	-7.371605e-10	1841
1098843	3.499820e-07	1.592622e-07	-7.873591e-10	1841
1107099	3.499777e-07	1.592716e-07	-8.375571e-10	1841
1115355	3.499733e-07	1.592809e-07	-8.877545e-10	1841
1123611	3.499689e-07	1.592902e-07	-9.379513e-10	1841
1131867	3.499646e-07	1.592995e-07	-9.881475e-10	1841
1140123	3.499602e-07	1.593088e-07	-1.038343e-09	1841
1148379	3.499558e-07	1.593181e-07	-1.088538e-09	1841
3118	2.147784e-07	1.605603e-07	5.267932e-08	7209
11374	2.147817e-07	1.605660e-07	5.264851e-08	7209
19630	2.147850e-07	1.605717e-07	5.261770e-08	7209
27886	2.147883e-07	1.605774e-07	5.258689e-08	7209
36142	2.147915e-07	1.605832e-07	5.255607e-08	7209
44398	2.147948e-07	1.605889e-07	5.252526e-08	7209
52654	2.147980e-07	1.605946e-07	5.249445e-08	7209
60910	2.148013e-07	1.606003e-07	5.246363e-08	7209
69166	2.148045e-07	1.606060e-07	5.243282e-08	7209
77422	2.148078e-07	1.606118e-07	5.240200e-08	7209
85678	2.148110e-07	1.606175e-07	5.237118e-08	7209
93934	2.148142e-07	1.606232e-07	5.234037e-08	7209
102190	2.148175e-07	1.606289e-07	5.230955e-08	7209
110446	2.148207e-07	1.606347e-07	5.227874e-08	7209
118702	2.148239e-07	1.606404e-07	5.224792e-08	7209
126958	2.148271e-07	1.606461e-07	5.221710e-08	7209
135214	2.148303e-07	1.606518e-07	5.218628e-08	7209
143470	2.148335e-07	1.606576e-07	5.215546e-08	7209
151726	2.148367e-07	1.606633e-07	5.212464e-08	7209
159982	2.148399e-07	1.606690e-07	5.209382e-08	7209
168238	2.148431e-07	1.606747e-07	5.206300e-08	7209
176494	2.148463e-07	1.606805e-07	5.203218e-08	7209
184750	2.148495e-07	1.606862e-07	5.200136e-08	7209
193006	2.148526e-07	1.606919e-07	5.197054e-08	7209
201262	2.148558e-07	1.606976e-07	5.193971e-08	7209
209518	2.148590e-07	1.607034e-07	5.190889e-08	7209
217774	2.148622e-07	1.607091e-07	5.187807e-08	7209
226030	2.148653e-07	1.607148e-07	5.184724e-08	7209
234286	2.148685e-07	1.607205e-07	5.181642e-08	7209
242542	2.148716e-07	1.607263e-07	5.178559e-08	7209
250798	2.148748e-07	1.607320e-07	5.175477e-08	7209
259054	2.148779e-07	1.607377e-07	5.172394e-08	7209
267310	2.148810e-07	1.607434e-07	5.169312e-08	7209
275566	2.148842e-07	1.607492e-07	5.166229e-08	7209
283822	2.148873e-07	1.607549e-07	5.163147e-08	7209
292078	2.148904e-07	1.607606e-07	5.160064e-08	7209
300334	2.148935e-07	1.607663e-07	5.156981e-08	7209
308590	2.148966e-07	1.607721e-07	5.153898e-08	7209
316846	2.148997e-07	1.607778e-07	5.150816e-08	7209
325102	2.149029e-07	1.607835e-07	5.147733e-08	7209
333358	2.149060e-07	1.607892e-07	5.144650e-08	7209
341614	2.149090e-07	1.607950e-07	5.141567e-08	7209
349870	2.149121e-07	1.608007e-07	5.138484e-08	7209
358126	2.149152e-07	1.608064e-07	5.135400e-08	7209
366382	2.149183e-07	1.608121e-07	5.132317e-08	7209
374638	2.149214e-07	1.608179e-07	5.129234e-08	7209
382894	2.149244e-07	1.608236e-07	5.126151e-08	7209
391150	2.149275e-07	1.608293e-07	5.123068e-08	7209
399406	2.149306e-07	1.608350e-07	5.119984e-08	7209
407662	2.149336e-07	1.608408e-07	5.116901e-08	7209
415918	2.149367e-07	1.608465e-07	5.113818e-08	7209
424174	2.149397e-07	1.608522e-07	5.110734e-08	7209
432430	2.149428e-07	1.608580e-07	5.107651e-08	7209
440686	2.149458e-07	1.608637e-07	5.104567e-08	7209
448942	2.149488e-07	1.608694e-07	5.101484e-08	7209
457198	2.149519e-07	1.608751e-07	5.098400e-08	7209
465454	2.149549e-07	1.608809e-07	5.095317e-08	7209
473710	2.149579e-07	1.608866e-07	5.092233e-08	7209
481966	2.149609e-07	1.608923e-07	5.089149e-08	7209
490222	2.149639e-07	1.608980e-07	5.086065e-08	7209
498478	2.149670e-07	1.609038e-07	5.082982e-08	7209
506734	2.149700e-07	1.609095e-07	5.079897e-08	7209
514990	2.149730e-07	1.609152e-07	5.076814e-08	7209
523246	2.149760e-07	1.609210e-07	5.073730e-08	7209
531502	2.149789e-07	1.609267e-07	5.070646e-08	7209
539758	2.149819e-07	1.609324e-07	5.067562e-08	7209
548014	2.149849e-07	1.609381e-07	5.064478e-08	7209
556270	2.149879e-07	1.609439e-07	5.061393e-08	7209
564526	2.149908e-07	1.609496e-07	5.058309e-08	7209
572782	2.149938e-07	1.609553e-07	5.055225e-08	7209
581038	2.149968e-07	1.609611e-07	5.052141e-08	7209
589294	2.149997e-07	1.609668e-07	5.049057e-08	7209
597550	2.150027e-07	1.609725e-07	5.045972e-08	7209
605806	2.150056e-07	1.609782e-07	5.042888e-08	7209
614062	2.150086e-07	1.609840e-07	5.039803e-08	7209
622318	2.150115e-07	1.609897e-07	5.036719e-08	7209
630574	2.150145e-07	1.609954e-07	5.033634e-08	7209
638830	2.150174e-07	1.610012e-07	5.030550e-08	7209
647086	2.150203e-07	1.610069e-07	5.027465e-08	7209
655342	2.150232e-07	1.610126e-07	5.024381e-08	7209
663598	2.150261e-07	1.610183e-07	5.021296e-08	7209
671854	2.150290e-07	1.610241e-07	5.018211e-08	7209
680110	2.150320e-07	1.610298e-07	5.015126e-08	7209
688366	2.150349e-07	1.610355e-07	5.012042e-08	7209
696622	2.150378e-07	1.610413e-07	5.008957e-08	7209
704878	2.150406e-07	1.610470e-07	5.005872e-08	7209
713134	2.150435e-07	1.610527e-07	5.002787e-08	7209
721390	2.150464e-07	1.610585e-07	4.999702e-08	7209
729646	2.150493e-07	1.610642e-07	4.996617e-08	7209
737902	2.150522e-07	1.610699e-07	4.993532e-08	7209
746158	2.150550e-07	1.610756e-07	4.990447e-08	7209
754414	2.150579e-07	1.610814e-07	4.987362e-08	7209
762670	2.150608e-07	1.610871e-07	4.984276e-08	7209
770926	2.150636e-07	1.610928e-07	4.981191e-08	7209
779182	2.150665e-07	1.610986e-07	4.978106e-08	7209
787438	2.150693e-07	1.611043e-07	4.975021e-08	7209
795694	2.150722e-07	1.611100e-07	4.971935e-08	7209
803950	2.150750e-07	1.611158e-07	4.968850e-08	7209
812206	2.150778e-07	1.611215e-07	4.965765e-08	7209
820462	2.150807e-07	1.611272e-07	4.962679e-08	7209
828718	2.150835e-07	1.611329e-07	4.959594e-08	7209
836974	2.150863e-07	1.611387e-07	4.956508e-08	7209
845230	2.150891e-07	1.611444e-07	4.953423e-08	7209
853486	2.150919e-07	1.611501e-07	4.950337e-08	7209
861742	2.150947e-07	1.611559e-07	4.947251e-08	7209
869998	2.150975e-07	1.611616e-07	4.944166e-08	7209
878254	2.151003e-07	1.611673e-07	4.941080e-08	7209
886510	2.151031e-07	1.611730e-07	4.937994e-08	7209
894766	2.151059e-07	1.611788e-07	4.934908e-08	7209
903022	2.151087e-07	1.611845e-07	4.931822e-08	7209
911278	2.151115e-07	1.611902e-07	4.928737e-08	7209
919534	2.151143e-07	1.611960e-07	4.925651e-08	7209
927790	2.151170e-07	1.612017e-07	4.922564e-08	7209
936046	2.151198e-07	1.612074e-07	4.919479e-08	7209
944302	2.151225e-07	1.612132e-07	4.916393e-08	7209
952558	2.151253e-07	1.612189e-07	4.913306e-08	7209
960814	2.151281e-07	1.612246e-07	4.910220e-08	7209
969070	2.151308e-07	1.612304e-07	4.907134e-08	7209
977326	2.151335e-07	1.612361e-07	4.904048e-08	7209
985582	2.151363e-07	1.612418e-07	4.900961e-08	7209
993838	2.151390e-07	1.612476e-07	4.897875e-08	7209
1002094	2.151417e-07	1.612533e-07	4.894789e-08	7209
1010350	2.151445e-07	1.612590e-07	4.891703e-08	7209
1018606	2.151472e-07	1.612648e-07	4.888616e-08	7209
1026862	2.151499e-07	1.612705e-07	4.885530e-08	7209
1035118	2.151526e-07	1.612762e-07	4.882443e-08	7209
673	3.225841e-07	1.612793e-07	1.788673e-08	1585
1043374	2.151553e-07	1.612820e-07	4.879357e-08	7209
1051630	2.151580e-07	1.612877e-07	4.876270e-08	7209
8929	3.225823e-07	1.612879e-07	1.784046e-08	1585
1059886	2.151607e-07	1.612934e-07	4.873183e-08	7209
17185	3.225806e-07	1.612965e-07	1.779419e-08	1585
1068142	2.151634e-07	1.612992e-07	4.870097e-08	7209
1076398	2.151661e-07	1.613049e-07	4.867010e-08	7209
25441	3.225789e-07	1.613051e-07	1.774792e-08	1585
1084654	2.151688e-07	1.613106e-07	4.863923e-08	7209
33697	3.225771e-07	1.613137e-07	1.770165e-08	1585
1092910	2.151714e-07	1.613164e-07	4.860837e-08	7209
1101166	2.151741e-07	1.613221e-07	4.857750e-08	7209
41953	3.225753e-07	1.613222e-07	1.765538e-08	1585
1109422	2.151768e-07	1.613278e-07	4.854663e-08	7209
50209	3.225736e-07	1.613308e-07	1.760911e-08	1585
1117678	2.151794e-07	1.613336e-07	4.851576e-08	7209
1125934	2.151821e-07	1.613393e-07	4.848489e-08	7209
58465	3.225718e-07	1.613394e-07	1.756285e-08	1585
1134190	2.151848e-07	1.613450e-07	4.845402e-08	7209
66721	3.225700e-07	1.613480e-07	1.751658e-08	1585
1142446	2.151874e-07	1.613508e-07	4.842315e-08	7209
1150702	2.151901e-07	1.613565e-07	4.839228e-08	7209
74977	3.225682e-07	1.613566e-07	1.747031e-08	1585
83233	3.225664e-07	1.613652e-07	1.742404e-08	1585
91489	3.225647e-07	1.613738e-07	1.737777e-08	1585
99745	3.225628e-07	1.613824e-07	1.733151e-08	1585
108001	3.225610e-07	1.613910e-07	1.728524e-08	1585
116257	3.225592e-07	1.613996e-07	1.723897e-08	1585
124513	3.225574e-07	1.614081e-07	1.719271e-08	1585
132769	3.225555e-07	1.614167e-07	1.714644e-08	1585
141025	3.225537e-07	1.614253e-07	1.710018e-08	1585
149281	3.225518e-07	1.614339e-07	1.705391e-08	1585
157537	3.225500e-07	1.614425e-07	1.700765e-08	1585
165793	3.225481e-07	1.614511e-07	1.696138e-08	1585
174049	3.225463e-07	1.614597e-07	1.691512e-08	1585
182305	3.225444e-07	1.614683e-07	1.686885e-08	1585
190561	3.225425e-07	1.614768e-07	1.682259e-08	1585
198817	3.225406e-07	1.614854e-07	1.677632e-08	1585
207073	3.225387e-07	1.614940e-07	1.673006e-08	1585
215329	3.225368e-07	1.615026e-07	1.668380e-08	1585
223585	3.225349e-07	1.615112e-07	1.663753e-08	1585
231841	3.225330e-07	1.615198e-07	1.659127e-08	1585
240097	3.225311e-07	1.615284e-07	1.654501e-08	1585
248353	3.225291e-07	1.615370e-07	1.649875e-08	1585
256609	3.225272e-07	1.615456e-07	1.645249e-08	1585
264865	3.225252e-07	1.615542e-07	1.640622e-08	1585
273121	3.225233e-07	1.615627e-07	1.635996e-08	1585
281377	3.225213e-07	1.615713e-07	1.631370e-08	1585
289633	3.225194e-07	1.615799e-07	1.626744e-08	1585
297889	3.225174e-07	1.615885e-07	1.622118e-08	1585
306145	3.225154e-07	1.615971e-07	1.617492e-08	1585
314401	3.225134e-07	1.616057e-07	1.612866e-08	1585
322657	3.225114e-07	1.616143e-07	1.608240e-08	1585
330913	3.225094e-07	1.616229e-07	1.603614e-08	1585
339169	3.225074e-07	1.616314e-07	1.598988e-08	1585
347425	3.225054e-07	1.616400e-07	1.594362e-08	1585
355681	3.225034e-07	1.616486e-07	1.589737e-08	1585
363937	3.225014e-07	1.616572e-07	1.585111e-08	1585
372193	3.224993e-07	1.616658e-07	1.580485e-08	1585
380449	3.224973e-07	1.616744e-07	1.575859e-08	1585
388705	3.224952e-07	1.616830e-07	1.571233e-08	1585
396961	3.224932e-07	1.616916e-07	1.566608e-08	1585
405217	3.224911e-07	1.617001e-07	1.561982e-08	1585
413473	3.224891e-07	1.617087e-07	1.557356e-08	1585
421729	3.224870e-07	1.617173e-07	1.552731e-08	1585
429985	3.224849e-07	1.617259e-07	1.548105e-08	1585
438241	3.224828e-07	1.617345e-07	1.543480e-08	1585
446497	3.224807e-07	1.617431e-07	1.538854e-08	1585
454753	3.224786e-07	1.617517e-07	1.534229e-08	1585
463009	3.224765e-07	1.617603e-07	1.529603e-08	1585
471265	3.224744e-07	1.617688e-07	1.524978e-08	1585
479521	3.224723e-07	1.617774e-07	1.520352e-08	1585
487777	3.224701e-07	1.617860e-07	1.515727e-08	1585
496033	3.224680e-07	1.617946e-07	1.511102e-08	1585
504289	3.224658e-07	1.618032e-07	1.506476e-08	1585
512545	3.224637e-07	1.618118e-07	1.501851e-08	1585
520801	3.224615e-07	1.618204e-07	1.497226e-08	1585
529057	3.224594e-07	1.618290e-07	1.492601e-08	1585
537313	3.224572e-07	1.618375e-07	1.487975e-08	1585
545569	3.224550e-07	1.618461e-07	1.483350e-08	1585
553825	3.224528e-07	1.618547e-07	1.478725e-08	1585
562081	3.224506e-07	1.618633e-07	1.474100e-08	1585
570337	3.224484e-07	1.618719e-07	1.469475e-08	1585
578593	3.224462e-07	1.618805e-07	1.464850e-08	1585
586849	3.224440e-07	1.618890e-07	1.460225e-08	1585
595105	3.224418e-07	1.618976e-07	1.455600e-08	1585
603361	3.224396e-07	1.619062e-07	1.450975e-08	1585
611617	3.224374e-07	1.619148e-07	1.446350e-08	1585
619873	3.224351e-07	1.619234e-07	1.441725e-08	1585
628129	3.224329e-07	1.619320e-07	1.437100e-08	1585
636385	3.224306e-07	1.619406e-07	1.432476e-08	1585
644641	3.224283e-07	1.619491e-07	1.427851e-08	1585
652897	3.224261e-07	1.619577e-07	1.423226e-08	1585
661153	3.224238e-07	1.619663e-07	1.418601e-08	1585
669409	3.224215e-07	1.619749e-07	1.413977e-08	1585
677665	3.224192e-07	1.619835e-07	1.409352e-08	1585
685921	3.224169e-07	1.619921e-07	1.404727e-08	1585
694177	3.224146e-07	1.620007e-07	1.400103e-08	1585
702433	3.224123e-07	1.620092e-07	1.395478e-08	1585
710689	3.224100e-07	1.620178e-07	1.390854e-08	1585
718945	3.224077e-07	1.620264e-07	1.386229e-08	1585
727201	3.224054e-07	1.620350e-07	1.381605e-08	1585
735457	3.224030e-07	1.620436e-07	1.376980e-08	1585
743713	3.224007e-07	1.620522e-07	1.372356e-08	1585
751969	3.223983e-07	1.620608e-07	1.367732e-08	1585
760225	3.223960e-07	1.620693e-07	1.363107e-08	1585
768481	3.223936e-07	1.620779e-07	1.358483e-08	1585
776737	3.223912e-07	1.620865e-07	1.353859e-08	1585
784993	3.223889e-07	1.620951e-07	1.349235e-08	1585
793249	3.223865e-07	1.621037e-07	1.344610e-08	1585
801505	3.223841e-07	1.621123e-07	1.339986e-08	1585
809761	3.223817e-07	1.621208e-07	1.335362e-08	1585
818017	3.223793e-07	1.621294e-07	1.330738e-08	1585
826273	3.223769e-07	1.621380e-07	1.326114e-08	1585
834529	3.223745e-07	1.621466e-07	1.321490e-08	1585
842785	3.223720e-07	1.621552e-07	1.316866e-08	1585
851041	3.223696e-07	1.621638e-07	1.312242e-08	1585
859297	3.223672e-07	1.621723e-07	1.307618e-08	1585
867553	3.223647e-07	1.621809e-07	1.302994e-08	1585
875809	3.223623e-07	1.621895e-07	1.298370e-08	1585
884065	3.223598e-07	1.621981e-07	1.293747e-08	1585
892321	3.223573e-07	1.622067e-07	1.289123e-08	1585
900577	3.223549e-07	1.622153e-07	1.284499e-08	1585
908833	3.223524e-07	1.622238e-07	1.279875e-08	1585
917089	3.223499e-07	1.622324e-07	1.275252e-08	1585
925345	3.223474e-07	1.622410e-07	1.270628e-08	1585
933601	3.223449e-07	1.622496e-07	1.266005e-08	1585
941857	3.223424e-07	1.622582e-07	1.261381e-08	1585
950113	3.223399e-07	1.622668e-07	1.256758e-08	1585
958369	3.223373e-07	1.622753e-07	1.252134e-08	1585
966625	3.223348e-07	1.622839e-07	1.247511e-08	1585
974881	3.223323e-07	1.622925e-07	1.242887e-08	1585
983137	3.223298e-07	1.623011e-07	1.238264e-08	1585
991393	3.223272e-07	1.623097e-07	1.233641e-08	1585
999649	3.223246e-07	1.623183e-07	1.229017e-08	1585
1007905	3.223221e-07	1.623268e-07	1.224394e-08	1585
1016161	3.223195e-07	1.623354e-07	1.219771e-08	1585
1024417	3.223169e-07	1.623440e-07	1.215148e-08	1585
1032673	3.223143e-07	1.623526e-07	1.210524e-08	1585
1040929	3.223118e-07	1.623612e-07	1.205901e-08	1585
1049185	3.223091e-07	1.623698e-07	1.201278e-08	1585
1057441	3.223066e-07	1.623783e-07	1.196655e-08	1585
1065697	3.223039e-07	1.623869e-07	1.192032e-08	1585
1073953	3.223013e-07	1.623955e-07	1.187409e-08	1585
1082209	3.222987e-07	1.624041e-07	1.182786e-08	1585
1090465	3.222961e-07	1.624127e-07	1.178164e-08	1585
1098721	3.222934e-07	1.624212e-07	1.173541e-08	1585
1106977	3.222908e-07	1.624298e-07	1.168918e-08	1585
1115233	3.222881e-07	1.624384e-07	1.164295e-08	1585
1123489	3.222855e-07	1.624470e-07	1.159672e-08	1585
1131745	3.222828e-07	1.624556e-07	1.155050e-08	1585
1140001	3.222801e-07	1.624641e-07	1.150427e-08	1585
1148257	3.222775e-07	1.624727e-07	1.145804e-08	1585
1613	9.566919e-08	1.648836e-07	9.756751e-08	3625
9869	9.567879e-08	1.648861e-07	9.755378e-08	3625
18125	9.568839e-08	1.648887e-07	9.754005e-08	3625
26381	9.569798e-08	1.648912e-07	9.752631e-08	3625
34637	9.570758e-08	1.648938e-07	9.751258e-08	3625
42893	9.571717e-08	1.648964e-07	9.749883e-08	3625
51149	9.572676e-08	1.648989e-07	9.748509e-08	3625
59405	9.573635e-08	1.649015e-07	9.747135e-08	3625
67661	9.574593e-08	1.649040e-07	9.745761e-08	3625
75917	9.575552e-08	1.649066e-07	9.744387e-08	3625
84173	9.576510e-08	1.649092e-07	9.743012e-08	3625
92429	9.577468e-08	1.649117e-07	9.741638e-08	3625
100685	9.578425e-08	1.649143e-07	9.740263e-08	3625
108941	9.579383e-08	1.649168e-07	9.738888e-08	3625
117197	9.580340e-08	1.649194e-07	9.737512e-08	3625
125453	9.581297e-08	1.649219e-07	9.736137e-08	3625
133709	9.582254e-08	1.649245e-07	9.734762e-08	3625
141965	9.583211e-08	1.649271e-07	9.733386e-08	3625
150221	9.584168e-08	1.649296e-07	9.732010e-08	3625
158477	9.585123e-08	1.649322e-07	9.730635e-08	3625
166733	9.586080e-08	1.649347e-07	9.729259e-08	3625
174989	9.587036e-08	1.649373e-07	9.727883e-08	3625
183245	9.587991e-08	1.649399e-07	9.726507e-08	3625
191501	9.588947e-08	1.649424e-07	9.725130e-08	3625
199757	9.589902e-08	1.649450e-07	9.723754e-08	3625
208013	9.590857e-08	1.649476e-07	9.722377e-08	3625
216269	9.591812e-08	1.649501e-07	9.721001e-08	3625
224525	9.592767e-08	1.649527e-07	9.719624e-08	3625
232781	9.593721e-08	1.649552e-07	9.718246e-08	3625
241037	9.594675e-08	1.649578e-07	9.716869e-08	3625
249293	9.595630e-08	1.649604e-07	9.715492e-08	3625
257549	9.596583e-08	1.649629e-07	9.714115e-08	3625
265805	9.597537e-08	1.649655e-07	9.712737e-08	3625
274061	9.598490e-08	1.649681e-07	9.711359e-08	3625
282317	9.599444e-08	1.649706e-07	9.709981e-08	3625
290573	9.600397e-08	1.649732e-07	9.708604e-08	3625
298829	9.601349e-08	1.649757e-07	9.707225e-08	3625
307085	9.602302e-08	1.649783e-07	9.705847e-08	3625
315341	9.603254e-08	1.649809e-07	9.704468e-08	3625
323597	9.604206e-08	1.649834e-07	9.703090e-08	3625
331853	9.605159e-08	1.649860e-07	9.701711e-08	3625
340109	9.606110e-08	1.649886e-07	9.700333e-08	3625
348365	9.607062e-08	1.649911e-07	9.698954e-08	3625
356621	9.608013e-08	1.649937e-07	9.697575e-08	3625
364877	9.608964e-08	1.649963e-07	9.696195e-08	3625
373133	9.609916e-08	1.649988e-07	9.694816e-08	3625
381389	9.610866e-08	1.650014e-07	9.693436e-08	3625
389645	9.611816e-08	1.650040e-07	9.692057e-08	3625
397901	9.612767e-08	1.650065e-07	9.690677e-08	3625
406157	9.613717e-08	1.650091e-07	9.689298e-08	3625
414413	9.614667e-08	1.650117e-07	9.687917e-08	3625
422669	9.615617e-08	1.650142e-07	9.686537e-08	3625
430925	9.616566e-08	1.650168e-07	9.685156e-08	3625
439181	9.617516e-08	1.650194e-07	9.683777e-08	3625
447437	9.618465e-08	1.650219e-07	9.682396e-08	3625
455693	9.619414e-08	1.650245e-07	9.681015e-08	3625
463949	9.620363e-08	1.650271e-07	9.679634e-08	3625
472205	9.621311e-08	1.650297e-07	9.678253e-08	3625
480461	9.622259e-08	1.650322e-07	9.676872e-08	3625
488717	9.623207e-08	1.650348e-07	9.675491e-08	3625
496973	9.624156e-08	1.650374e-07	9.674110e-08	3625
505229	9.625103e-08	1.650399e-07	9.672728e-08	3625
513485	9.626051e-08	1.650425e-07	9.671346e-08	3625
521741	9.626998e-08	1.650451e-07	9.669964e-08	3625
529997	9.627945e-08	1.650477e-07	9.668582e-08	3625
538253	9.628891e-08	1.650502e-07	9.667200e-08	3625
546509	9.629839e-08	1.650528e-07	9.665818e-08	3625
554765	9.630785e-08	1.650554e-07	9.664436e-08	3625
563021	9.631731e-08	1.650579e-07	9.663054e-08	3625
571277	9.632677e-08	1.650605e-07	9.661671e-08	3625
579533	9.633623e-08	1.650631e-07	9.660288e-08	3625
587789	9.634569e-08	1.650657e-07	9.658905e-08	3625
596045	9.635514e-08	1.650682e-07	9.657522e-08	3625
604301	9.636459e-08	1.650708e-07	9.656139e-08	3625
612557	9.637404e-08	1.650734e-07	9.654756e-08	3625
620813	9.638349e-08	1.650760e-07	9.653373e-08	3625
629069	9.639294e-08	1.650785e-07	9.651988e-08	3625
637325	9.640238e-08	1.650811e-07	9.650605e-08	3625
645581	9.641182e-08	1.650837e-07	9.649221e-08	3625
653837	9.642127e-08	1.650863e-07	9.647837e-08	3625
662093	9.643070e-08	1.650888e-07	9.646453e-08	3625
670349	9.644014e-08	1.650914e-07	9.645069e-08	3625
678605	9.644958e-08	1.650940e-07	9.643684e-08	3625
686861	9.645900e-08	1.650966e-07	9.642300e-08	3625
695117	9.646843e-08	1.650991e-07	9.640915e-08	3625
703373	9.647786e-08	1.651017e-07	9.639530e-08	3625
711629	9.648728e-08	1.651043e-07	9.638146e-08	3625
719885	9.649671e-08	1.651069e-07	9.636761e-08	3625
728141	9.650613e-08	1.651094e-07	9.635375e-08	3625
736397	9.651555e-08	1.651120e-07	9.633990e-08	3625
744653	9.652497e-08	1.651146e-07	9.632605e-08	3625
752909	9.653439e-08	1.651172e-07	9.631219e-08	3625
761165	9.654380e-08	1.651198e-07	9.629833e-08	3625
769421	9.655321e-08	1.651223e-07	9.628447e-08	3625
777677	9.656262e-08	1.651249e-07	9.627061e-08	3625
785933	9.657202e-08	1.651275e-07	9.625675e-08	3625
794189	9.658143e-08	1.651301e-07	9.624289e-08	3625
802445	9.659083e-08	1.651327e-07	9.622902e-08	3625
810701	9.660023e-08	1.651352e-07	9.621516e-08	3625
818957	9.660963e-08	1.651378e-07	9.620129e-08	3625
827213	9.661903e-08	1.651404e-07	9.618743e-08	3625
835469	9.662843e-08	1.651430e-07	9.617356e-08	3625
843725	9.663782e-08	1.651456e-07	9.615968e-08	3625
851981	9.664721e-08	1.651481e-07	9.614581e-08	3625
860237	9.665660e-08	1.651507e-07	9.613194e-08	3625
868493	9.666599e-08	1.651533e-07	9.611806e-08	3625
876749	9.667536e-08	1.651559e-07	9.610419e-08	3625
885005	9.668475e-08	1.651585e-07	9.609031e-08	3625
893261	9.669413e-08	1.651611e-07	9.607643e-08	3625
901517	9.670351e-08	1.651636e-07	9.606255e-08	3625
909773	9.671289e-08	1.651662e-07	9.604867e-08	3625
918029	9.672226e-08	1.651688e-07	9.603479e-08	3625
926285	9.673163e-08	1.651714e-07	9.602091e-08	3625
934541	9.674100e-08	1.651740e-07	9.600701e-08	3625
942797	9.675037e-08	1.651766e-07	9.599313e-08	3625
951053	9.675973e-08	1.651791e-07	9.597924e-08	3625
959309	9.676910e-08	1.651817e-07	9.596535e-08	3625
967565	9.677846e-08	1.651843e-07	9.595146e-08	3625
975821	9.678782e-08	1.651869e-07	9.593757e-08	3625
984077	9.679718e-08	1.651895e-07	9.592367e-08	3625
992333	9.680654e-08	1.651921e-07	9.590978e-08	3625
1000589	9.681589e-08	1.651946e-07	9.589589e-08	3625
1008845	9.682524e-08	1.651972e-07	9.588199e-08	3625
1017101	9.683459e-08	1.651998e-07	9.586809e-08	3625
1025357	9.684393e-08	1.652024e-07	9.585419e-08	3625
1033613	9.685328e-08	1.652050e-07	9.584029e-08	3625
1041869	9.686263e-08	1.652076e-07	9.582638e-08	3625
1050125	9.687196e-08	1.652102e-07	9.581247e-08	3625
1058381	9.688131e-08	1.652128e-07	9.579857e-08	3625
1066637	9.689064e-08	1.652153e-07	9.578466e-08	3625
1074893	9.689998e-08	1.652179e-07	9.577076e-08	3625
1083149	9.690931e-08	1.652205e-07	9.575685e-08	3625
1091405	9.691864e-08	1.652231e-07	9.574293e-08	3625
1099661	9.692797e-08	1.652257e-07	9.572902e-08	3625
1107917	9.693730e-08	1.652283e-07	9.571511e-08	3625
1116173	9.694662e-08	1.652309e-07	9.570120e-08	3625
1124429	9.695594e-08	1.652335e-07	9.568728e-08	3625
1132685	9.696527e-08	1.652361e-07	9.567336e-08	3625
1140941	9.697458e-08	1.652386e-07	9.565944e-08	3625
1149197	9.698390e-08	1.652412e-07	9.564552e-08	3625
3218	1.917743e-07	1.672267e-07	6.584853e-08	7465
11474	1.917793e-07	1.672318e-07	6.582102e-08	7465
19730	1.917842e-07	1.672369e-07	6.579351e-08	7465
27986	1.917892e-07	1.672420e-07	6.576599e-08	7465
36242	1.917942e-07	1.672472e-07	6.573848e-08	7465
44498	1.917992e-07	1.672523e-07	6.571096e-08	7465
52754	1.918041e-07	1.672574e-07	6.568344e-08	7465
61010	1.918091e-07	1.672625e-07	6.565592e-08	7465
69266	1.918141e-07	1.672676e-07	6.562841e-08	7465
77522	1.918190e-07	1.672727e-07	6.560089e-08	7465
85778	1.918240e-07	1.672778e-07	6.557336e-08	7465
94034	1.918289e-07	1.672829e-07	6.554584e-08	7465
102290	1.918338e-07	1.672881e-07	6.551832e-08	7465
110546	1.918388e-07	1.672932e-07	6.549080e-08	7465
118802	1.918437e-07	1.672983e-07	6.546328e-08	7465
127058	1.918487e-07	1.673034e-07	6.543575e-08	7465
135314	1.918536e-07	1.673085e-07	6.540823e-08	7465
143570	1.918585e-07	1.673136e-07	6.538070e-08	7465
151826	1.918634e-07	1.673187e-07	6.535318e-08	7465
160082	1.918683e-07	1.673238e-07	6.532565e-08	7465
168338	1.918732e-07	1.673290e-07	6.529812e-08	7465
176594	1.918781e-07	1.673341e-07	6.527060e-08	7465
184850	1.918830e-07	1.673392e-07	6.524306e-08	7465
193106	1.918879e-07	1.673443e-07	6.521554e-08	7465
201362	1.918928e-07	1.673494e-07	6.518800e-08	7465
209618	1.918977e-07	1.673545e-07	6.516048e-08	7465
217874	1.919026e-07	1.673596e-07	6.513294e-08	7465
226130	1.919075e-07	1.673648e-07	6.510541e-08	7465
234386	1.919124e-07	1.673699e-07	6.507788e-08	7465
242642	1.919173e-07	1.673750e-07	6.505034e-08	7465
250898	1.919221e-07	1.673801e-07	6.502281e-08	7465
259154	1.919270e-07	1.673852e-07	6.499528e-08	7465
267410	1.919318e-07	1.673903e-07	6.496774e-08	7465
275666	1.919367e-07	1.673955e-07	6.494020e-08	7465
283922	1.919416e-07	1.674006e-07	6.491267e-08	7465
292178	1.919464e-07	1.674057e-07	6.488513e-08	7465
300434	1.919513e-07	1.674108e-07	6.485759e-08	7465
308690	1.919561e-07	1.674159e-07	6.483005e-08	7465
316946	1.919609e-07	1.674210e-07	6.480251e-08	7465
325202	1.919658e-07	1.674262e-07	6.477497e-08	7465
333458	1.919706e-07	1.674313e-07	6.474743e-08	7465
341714	1.919754e-07	1.674364e-07	6.471989e-08	7465
349970	1.919802e-07	1.674415e-07	6.469234e-08	7465
358226	1.919851e-07	1.674466e-07	6.466480e-08	7465
366482	1.919899e-07	1.674517e-07	6.463726e-08	7465
374738	1.919947e-07	1.674568e-07	6.460971e-08	7465
382994	1.919995e-07	1.674620e-07	6.458217e-08	7465
391250	1.920043e-07	1.674671e-07	6.455462e-08	7465
399506	1.920091e-07	1.674722e-07	6.452708e-08	7465
407762	1.920139e-07	1.674773e-07	6.449953e-08	7465
416018	1.920187e-07	1.674824e-07	6.447198e-08	7465
424274	1.920234e-07	1.674876e-07	6.444443e-08	7465
432530	1.920282e-07	1.674927e-07	6.441688e-08	7465
440786	1.920330e-07	1.674978e-07	6.438933e-08	7465
449042	1.920378e-07	1.675029e-07	6.436178e-08	7465
457298	1.920425e-07	1.675080e-07	6.433423e-08	7465
465554	1.920473e-07	1.675132e-07	6.430668e-08	7465
473810	1.920521e-07	1.675183e-07	6.427913e-08	7465
482066	1.920568e-07	1.675234e-07	6.425157e-08	7465
490322	1.920616e-07	1.675285e-07	6.422402e-08	7465
498578	1.920663e-07	1.675336e-07	6.419646e-08	7465
506834	1.920711e-07	1.675387e-07	6.416891e-08	7465
515090	1.920758e-07	1.675439e-07	6.414135e-08	7465
523346	1.920805e-07	1.675490e-07	6.411379e-08	7465
531602	1.920853e-07	1.675541e-07	6.408624e-08	7465
539858	1.920900e-07	1.675592e-07	6.405867e-08	7465
548114	1.920947e-07	1.675643e-07	6.403112e-08	7465
556370	1.920994e-07	1.675695e-07	6.400356e-08	7465
564626	1.921041e-07	1.675746e-07	6.397600e-08	7465
572882	1.921088e-07	1.675797e-07	6.394843e-08	7465
581138	1.921135e-07	1.675848e-07	6.392087e-08	7465
589394	1.921183e-07	1.675899e-07	6.389331e-08	7465
597650	1.921230e-07	1.675951e-07	6.386575e-08	7465
605906	1.921276e-07	1.676002e-07	6.383819e-08	7465
614162	1.921323e-07	1.676053e-07	6.381062e-08	7465
622418	1.921370e-07	1.676104e-07	6.378306e-08	7465
630674	1.921417e-07	1.676155e-07	6.375549e-08	7465
638930	1.921464e-07	1.676207e-07	6.372792e-08	7465
647186	1.921510e-07	1.676258e-07	6.370036e-08	7465
655442	1.921557e-07	1.676309e-07	6.367279e-08	7465
663698	1.921604e-07	1.676360e-07	6.364522e-08	7465
671954	1.921650e-07	1.676411e-07	6.361765e-08	7465
680210	1.921697e-07	1.676463e-07	6.359008e-08	7465
688466	1.921744e-07	1.676514e-07	6.356251e-08	7465
696722	1.921790e-07	1.676565e-07	6.353494e-08	7465
704978	1.921836e-07	1.676616e-07	6.350736e-08	7465
713234	1.921883e-07	1.676668e-07	6.347980e-08	7465
721490	1.921929e-07	1.676719e-07	6.345222e-08	7465
729746	1.921976e-07	1.676770e-07	6.342465e-08	7465
738002	1.922022e-07	1.676821e-07	6.339707e-08	7465
746258	1.922068e-07	1.676872e-07	6.336950e-08	7465
754514	1.922114e-07	1.676924e-07	6.334192e-08	7465
762770	1.922160e-07	1.676975e-07	6.331435e-08	7465
771026	1.922207e-07	1.677026e-07	6.328677e-08	7465
779282	1.922253e-07	1.677077e-07	6.325919e-08	7465
787538	1.922299e-07	1.677129e-07	6.323161e-08	7465
795794	1.922345e-07	1.677180e-07	6.320403e-08	7465
804050	1.922391e-07	1.677231e-07	6.317646e-08	7465
812306	1.922437e-07	1.677282e-07	6.314887e-08	7465
820562	1.922483e-07	1.677334e-07	6.312129e-08	7465
828818	1.922528e-07	1.677385e-07	6.309371e-08	7465
837074	1.922574e-07	1.677436e-07	6.306613e-08	7465
845330	1.922620e-07	1.677487e-07	6.303855e-08	7465
853586	1.922666e-07	1.677539e-07	6.301097e-08	7465
861842	1.922711e-07	1.677590e-07	6.298337e-08	7465
870098	1.922757e-07	1.677641e-07	6.295579e-08	7465
878354	1.922802e-07	1.677692e-07	6.292821e-08	7465
886610	1.922848e-07	1.677744e-07	6.290062e-08	7465
894866	1.922893e-07	1.677795e-07	6.287303e-08	7465
903122	1.922939e-07	1.677846e-07	6.284544e-08	7465
911378	1.922984e-07	1.677897e-07	6.281786e-08	7465
919634	1.923030e-07	1.677949e-07	6.279027e-08	7465
927890	1.923075e-07	1.678000e-07	6.276268e-08	7465
936146	1.923120e-07	1.678051e-07	6.273509e-08	7465
944402	1.923166e-07	1.678102e-07	6.270750e-08	7465
952658	1.923211e-07	1.678154e-07	6.267991e-08	7465
960914	1.923256e-07	1.678205e-07	6.265231e-08	7465
969170	1.923301e-07	1.678256e-07	6.262472e-08	7465
977426	1.923346e-07	1.678307e-07	6.259713e-08	7465
985682	1.923391e-07	1.678359e-07	6.256953e-08	7465
993938	1.923436e-07	1.678410e-07	6.254194e-08	7465
1002194	1.923481e-07	1.678461e-07	6.251435e-08	7465
1010450	1.923526e-07	1.678512e-07	6.248675e-08	7465
1018706	1.923571e-07	1.678564e-07	6.245915e-08	7465
1026962	1.923616e-07	1.678615e-07	6.243155e-08	7465
1035218	1.923661e-07	1.678666e-07	6.240396e-08	7465
1043474	1.923706e-07	1.678717e-07	6.237636e-08	7465
1051730	1.923750e-07	1.678769e-07	6.234876e-08	7465
1059986	1.923795e-07	1.678820e-07	6.232116e-08	7465
1068242	1.923840e-07	1.678871e-07	6.229356e-08	7465
1076498	1.923884e-07	1.678923e-07	6.226595e-08	7465
1084754	1.923929e-07	1.678974e-07	6.223836e-08	7465
1093010	1.923973e-07	1.679025e-07	6.221075e-08	7465
1101266	1.924018e-07	1.679076e-07	6.218315e-08	7465
1109522	1.924062e-07	1.679128e-07	6.215554e-08	7465
1117778	1.924107e-07	1.679179e-07	6.212794e-08	7465
1126034	1.924151e-07	1.679230e-07	6.210033e-08	7465
1134290	1.924195e-07	1.679281e-07	6.207273e-08	7465
1142546	1.924240e-07	1.679333e-07	6.204512e-08	7465
1150802	1.924284e-07	1.679384e-07	6.201752e-08	7465
3512	3.127783e-07	1.679751e-07	2.454856e-08	8233
11768	3.127773e-07	1.679834e-07	2.450370e-08	8233
20024	3.127763e-07	1.679918e-07	2.445883e-08	8233
28280	3.127754e-07	1.680001e-07	2.441397e-08	8233
36536	3.127744e-07	1.680084e-07	2.436911e-08	8233
44792	3.127734e-07	1.680168e-07	2.432424e-08	8233
53048	3.127724e-07	1.680251e-07	2.427938e-08	8233
61304	3.127714e-07	1.680334e-07	2.423452e-08	8233
69560	3.127704e-07	1.680417e-07	2.418965e-08	8233
77816	3.127694e-07	1.680501e-07	2.414479e-08	8233
86072	3.127684e-07	1.680584e-07	2.409993e-08	8233
94328	3.127674e-07	1.680667e-07	2.405506e-08	8233
102584	3.127664e-07	1.680751e-07	2.401020e-08	8233
110840	3.127653e-07	1.680834e-07	2.396534e-08	8233
119096	3.127643e-07	1.680917e-07	2.392048e-08	8233
127352	3.127632e-07	1.681000e-07	2.387561e-08	8233
135608	3.127622e-07	1.681084e-07	2.383075e-08	8233
143864	3.127611e-07	1.681167e-07	2.378589e-08	8233
152120	3.127601e-07	1.681250e-07	2.374103e-08	8233
160376	3.127590e-07	1.681334e-07	2.369617e-08	8233
168632	3.127579e-07	1.681417e-07	2.365130e-08	8233
176888	3.127568e-07	1.681500e-07	2.360644e-08	8233
185144	3.127557e-07	1.681584e-07	2.356158e-08	8233
193400	3.127546e-07	1.681667e-07	2.351672e-08	8233
201656	3.127535e-07	1.681750e-07	2.347186e-08	8233
209912	3.127524e-07	1.681833e-07	2.342700e-08	8233
218168	3.127513e-07	1.681917e-07	2.338214e-08	8233
226424	3.127501e-07	1.682000e-07	2.333728e-08	8233
234680	3.127490e-07	1.682083e-07	2.329242e-08	8233
242936	3.127479e-07	1.682166e-07	2.324756e-08	8233
251192	3.127467e-07	1.682250e-07	2.320270e-08	8233
259448	3.127456e-07	1.682333e-07	2.315784e-08	8233
267704	3.127444e-07	1.682416e-07	2.311298e-08	8233
275960	3.127432e-07	1.682500e-07	2.306812e-08	8233
284216	3.127420e-07	1.682583e-07	2.302326e-08	8233
292472	3.127409e-07	1.682666e-07	2.297840e-08	8233
300728	3.127397e-07	1.682750e-07	2.293354e-08	8233
308984	3.127385e-07	1.682833e-07	2.288868e-08	8233
317240	3.127373e-07	1.682916e-07	2.284382e-08	8233
325496	3.127361e-07	1.682999e-07	2.279896e-08	8233
333752	3.127348e-07	1.683083e-07	2.275411e-08	8233
342008	3.127336e-07	1.683166e-07	2.270925e-08	8233
350264	3.127324e-07	1.683249e-07	2.266439e-08	8233
358520	3.127312e-07	1.683332e-07	2.261953e-08	8233
366776	3.127299e-07	1.683416e-07	2.257468e-08	8233
375032	3.127287e-07	1.683499e-07	2.252982e-08	8233
383288	3.127274e-07	1.683582e-07	2.248496e-08	8233
391544	3.127262e-07	1.683666e-07	2.244010e-08	8233
399800	3.127249e-07	1.683749e-07	2.239525e-08	8233
408056	3.127236e-07	1.683832e-07	2.235039e-08	8233
416312	3.127223e-07	1.683915e-07	2.230553e-08	8233
424568	3.127211e-07	1.683999e-07	2.226068e-08	8233
432824	3.127197e-07	1.684082e-07	2.221582e-08	8233
441080	3.127184e-07	1.684165e-07	2.217097e-08	8233
449336	3.127171e-07	1.684248e-07	2.212611e-08	8233
457592	3.127158e-07	1.684332e-07	2.208125e-08	8233
465848	3.127145e-07	1.684415e-07	2.203640e-08	8233
474104	3.127132e-07	1.684498e-07	2.199154e-08	8233
482360	3.127118e-07	1.684582e-07	2.194669e-08	8233
490616	3.127105e-07	1.684665e-07	2.190183e-08	8233
498872	3.127091e-07	1.684748e-07	2.185698e-08	8233
507128	3.127078e-07	1.684831e-07	2.181213e-08	8233
515384	3.127064e-07	1.684915e-07	2.176727e-08	8233
523640	3.127051e-07	1.684998e-07	2.172242e-08	8233
531896	3.127037e-07	1.685081e-07	2.167756e-08	8233
540152	3.127023e-07	1.685165e-07	2.163271e-08	8233
548408	3.127009e-07	1.685248e-07	2.158786e-08	8233
556664	3.126995e-07	1.685331e-07	2.154300e-08	8233
564920	3.126981e-07	1.685414e-07	2.149815e-08	8233
573176	3.126967e-07	1.685498e-07	2.145330e-08	8233
581432	3.126953e-07	1.685581e-07	2.140844e-08	8233
589688	3.126939e-07	1.685664e-07	2.136359e-08	8233
597944	3.126925e-07	1.685747e-07	2.131874e-08	8233
606200	3.126910e-07	1.685831e-07	2.127389e-08	8233
614456	3.126896e-07	1.685914e-07	2.122903e-08	8233
622712	3.126881e-07	1.685997e-07	2.118418e-08	8233
630968	3.126867e-07	1.686081e-07	2.113933e-08	8233
639224	3.126852e-07	1.686164e-07	2.109448e-08	8233
647480	3.126838e-07	1.686247e-07	2.104963e-08	8233
655736	3.126823e-07	1.686330e-07	2.100478e-08	8233
663992	3.126808e-07	1.686413e-07	2.095993e-08	8233
672248	3.126793e-07	1.686497e-07	2.091508e-08	8233
680504	3.126778e-07	1.686580e-07	2.087023e-08	8233
688760	3.126763e-07	1.686663e-07	2.082538e-08	8233
697016	3.126748e-07	1.686747e-07	2.078053e-08	8233
705272	3.126733e-07	1.686830e-07	2.073568e-08	8233
713528	3.126718e-07	1.686913e-07	2.069083e-08	8233
721784	3.126702e-07	1.686996e-07	2.064598e-08	8233
730040	3.126687e-07	1.687080e-07	2.060113e-08	8233
738296	3.126672e-07	1.687163e-07	2.055628e-08	8233
746552	3.126656e-07	1.687246e-07	2.051143e-08	8233
754808	3.126641e-07	1.687329e-07	2.046659e-08	8233
763064	3.126625e-07	1.687413e-07	2.042174e-08	8233
771320	3.126609e-07	1.687496e-07	2.037689e-08	8233
779576	3.126594e-07	1.687579e-07	2.033204e-08	8233
787832	3.126578e-07	1.687662e-07	2.028720e-08	8233
796088	3.126562e-07	1.687746e-07	2.024235e-08	8233
804344	3.126546e-07	1.687829e-07	2.019750e-08	8233
812600	3.126530e-07	1.687912e-07	2.015265e-08	8233
820856	3.126514e-07	1.687995e-07	2.010781e-08	8233
829112	3.126498e-07	1.688079e-07	2.006296e-08	8233
837368	3.126482e-07	1.688162e-07	2.001812e-08	8233
845624	3.126465e-07	1.688245e-07	1.997327e-08	8233
853880	3.126449e-07	1.688329e-07	1.992843e-08	8233
862136	3.126433e-07	1.688412e-07	1.988358e-08	8233
870392	3.126416e-07	1.688495e-07	1.983874e-08	8233
878648	3.126400e-07	1.688578e-07	1.979389e-08	8233
886904	3.126383e-07	1.688662e-07	1.974905e-08	8233
895160	3.126366e-07	1.688745e-07	1.970420e-08	8233
903416	3.126350e-07	1.688828e-07	1.965936e-08	8233
911672	3.126333e-07	1.688911e-07	1.961451e-08	8233
919928	3.126316e-07	1.688995e-07	1.956967e-08	8233
928184	3.126299e-07	1.689078e-07	1.952483e-08	8233
936440	3.126282e-07	1.689161e-07	1.947998e-08	8233
944696	3.126265e-07	1.689244e-07	1.943514e-08	8233
952952	3.126248e-07	1.689328e-07	1.939030e-08	8233
961208	3.126231e-07	1.689411e-07	1.934546e-08	8233
969464	3.126213e-07	1.689494e-07	1.930061e-08	8233
977720	3.126196e-07	1.689577e-07	1.925577e-08	8233
985976	3.126179e-07	1.689661e-07	1.921093e-08	8233
994232	3.126161e-07	1.689744e-07	1.916609e-08	8233
1002488	3.126144e-07	1.689827e-07	1.912125e-08	8233
1010744	3.126126e-07	1.689910e-07	1.907641e-08	8233
1019000	3.126108e-07	1.689993e-07	1.903157e-08	8233
1027256	3.126090e-07	1.690077e-07	1.898673e-08	8233
1035512	3.126073e-07	1.690160e-07	1.894189e-08	8233
1043768	3.126055e-07	1.690243e-07	1.889705e-08	8233
1052024	3.126037e-07	1.690326e-07	1.885221e-08	8233
1060280	3.126019e-07	1.690410e-07	1.880737e-08	8233
1068536	3.126001e-07	1.690493e-07	1.876253e-08	8233
1076792	3.125983e-07	1.690576e-07	1.871769e-08	8233
1085048	3.125965e-07	1.690659e-07	1.867285e-08	8233
1093304	3.125946e-07	1.690743e-07	1.862801e-08	8233
1101560	3.125928e-07	1.690826e-07	1.858317e-08	8233
1109816	3.125909e-07	1.690909e-07	1.853834e-08	8233
1118072	3.125891e-07	1.690992e-07	1.849350e-08	8233
1126328	3.125872e-07	1.691076e-07	1.844866e-08	8233
1134584	3.125854e-07	1.691159e-07	1.840383e-08	8233
1142840	3.125835e-07	1.691242e-07	1.835899e-08	8233
1151096	3.125816e-07	1.691325e-07	1.831415e-08	8233
3017	1.363840e-07	1.705616e-07	8.800014e-08	6953
11273	1.363921e-07	1.705652e-07	8.798057e-08	6953
19529	1.364001e-07	1.705689e-07	8.796099e-08	6953
27785	1.364082e-07	1.705725e-07	8.794142e-08	6953
36041	1.364163e-07	1.705761e-07	8.792184e-08	6953
44297	1.364243e-07	1.705798e-07	8.790227e-08	6953
52553	1.364324e-07	1.705834e-07	8.788269e-08	6953
60809	1.364405e-07	1.705871e-07	8.786311e-08	6953
69065	1.364485e-07	1.705907e-07	8.784353e-08	6953
77321	1.364566e-07	1.705943e-07	8.782395e-08	6953
85577	1.364646e-07	1.705980e-07	8.780437e-08	6953
93833	1.364727e-07	1.706016e-07	8.778478e-08	6953
102089	1.364807e-07	1.706053e-07	8.776520e-08	6953
110345	1.364888e-07	1.706089e-07	8.774561e-08	6953
118601	1.364968e-07	1.706125e-07	8.772603e-08	6953
126857	1.365048e-07	1.706162e-07	8.770644e-08	6953
135113	1.365129e-07	1.706198e-07	8.768685e-08	6953
143369	1.365209e-07	1.706235e-07	8.766726e-08	6953
151625	1.365289e-07	1.706271e-07	8.764767e-08	6953
159881	1.365369e-07	1.706308e-07	8.762807e-08	6953
168137	1.365450e-07	1.706344e-07	8.760848e-08	6953
176393	1.365530e-07	1.706380e-07	8.758889e-08	6953
184649	1.365610e-07	1.706417e-07	8.756929e-08	6953
192905	1.365690e-07	1.706453e-07	8.754969e-08	6953
201161	1.365770e-07	1.706490e-07	8.753010e-08	6953
209417	1.365850e-07	1.706526e-07	8.751049e-08	6953
217673	1.365930e-07	1.706563e-07	8.749090e-08	6953
225929	1.366010e-07	1.706599e-07	8.747129e-08	6953
234185	1.366090e-07	1.706635e-07	8.745169e-08	6953
242441	1.366170e-07	1.706672e-07	8.743208e-08	6953
250697	1.366250e-07	1.706708e-07	8.741248e-08	6953
258953	1.366330e-07	1.706745e-07	8.739288e-08	6953
267209	1.366410e-07	1.706781e-07	8.737327e-08	6953
275465	1.366490e-07	1.706818e-07	8.735365e-08	6953
283721	1.366570e-07	1.706854e-07	8.733405e-08	6953
291977	1.366649e-07	1.706891e-07	8.731444e-08	6953
300233	1.366729e-07	1.706927e-07	8.729483e-08	6953
308489	1.366809e-07	1.706964e-07	8.727521e-08	6953
316745	1.366888e-07	1.707000e-07	8.725560e-08	6953
325001	1.366968e-07	1.707037e-07	8.723598e-08	6953
333257	1.367048e-07	1.707073e-07	8.721636e-08	6953
341513	1.367127e-07	1.707109e-07	8.719675e-08	6953
349769	1.367207e-07	1.707146e-07	8.717713e-08	6953
358025	1.367286e-07	1.707182e-07	8.715751e-08	6953
366281	1.367366e-07	1.707219e-07	8.713788e-08	6953
374537	1.367445e-07	1.707255e-07	8.711827e-08	6953
382793	1.367525e-07	1.707292e-07	8.709864e-08	6953
391049	1.367604e-07	1.707328e-07	8.707902e-08	6953
399305	1.367684e-07	1.707365e-07	8.705939e-08	6953
407561	1.367763e-07	1.707401e-07	8.703977e-08	6953
415817	1.367842e-07	1.707438e-07	8.702014e-08	6953
424073	1.367922e-07	1.707474e-07	8.700051e-08	6953
432329	1.368001e-07	1.707511e-07	8.698088e-08	6953
440585	1.368080e-07	1.707547e-07	8.696124e-08	6953
448841	1.368159e-07	1.707584e-07	8.694161e-08	6953
457097	1.368239e-07	1.707620e-07	8.692198e-08	6953
465353	1.368318e-07	1.707657e-07	8.690235e-08	6953
473609	1.368397e-07	1.707693e-07	8.688271e-08	6953
481865	1.368476e-07	1.707730e-07	8.686307e-08	6953
490121	1.368555e-07	1.707766e-07	8.684344e-08	6953
498377	1.368634e-07	1.707803e-07	8.682380e-08	6953
506633	1.368713e-07	1.707839e-07	8.680416e-08	6953
514889	1.368792e-07	1.707876e-07	8.678451e-08	6953
523145	1.368871e-07	1.707912e-07	8.676487e-08	6953
531401	1.368950e-07	1.707949e-07	8.674522e-08	6953
539657	1.369029e-07	1.707985e-07	8.672558e-08	6953
547913	1.369108e-07	1.708022e-07	8.670593e-08	6953
556169	1.369187e-07	1.708058e-07	8.668628e-08	6953
564425	1.369265e-07	1.708095e-07	8.666664e-08	6953
572681	1.369344e-07	1.708132e-07	8.664699e-08	6953
580937	1.369423e-07	1.708168e-07	8.662734e-08	6953
589193	1.369502e-07	1.708205e-07	8.660768e-08	6953
597449	1.369581e-07	1.708241e-07	8.658803e-08	6953
605705	1.369659e-07	1.708278e-07	8.656838e-08	6953
613961	1.369738e-07	1.708314e-07	8.654872e-08	6953
622217	1.369816e-07	1.708351e-07	8.652907e-08	6953
630473	1.369895e-07	1.708387e-07	8.650941e-08	6953
638729	1.369973e-07	1.708424e-07	8.648975e-08	6953
646985	1.370052e-07	1.708460e-07	8.647010e-08	6953
655241	1.370130e-07	1.708497e-07	8.645043e-08	6953
663497	1.370209e-07	1.708534e-07	8.643077e-08	6953
671753	1.370287e-07	1.708570e-07	8.641111e-08	6953
680009	1.370366e-07	1.708607e-07	8.639144e-08	6953
688265	1.370444e-07	1.708643e-07	8.637178e-08	6953
696521	1.370523e-07	1.708680e-07	8.635211e-08	6953
704777	1.370601e-07	1.708716e-07	8.633244e-08	6953
713033	1.370679e-07	1.708753e-07	8.631277e-08	6953
721289	1.370757e-07	1.708789e-07	8.629311e-08	6953
729545	1.370836e-07	1.708826e-07	8.627343e-08	6953
737801	1.370914e-07	1.708863e-07	8.625376e-08	6953
746057	1.370992e-07	1.708899e-07	8.623409e-08	6953
754313	1.371070e-07	1.708936e-07	8.621441e-08	6953
762569	1.371148e-07	1.708972e-07	8.619474e-08	6953
770825	1.371226e-07	1.709009e-07	8.617506e-08	6953
779081	1.371304e-07	1.709046e-07	8.615538e-08	6953
787337	1.371382e-07	1.709082e-07	8.613571e-08	6953
795593	1.371460e-07	1.709119e-07	8.611602e-08	6953
803849	1.371538e-07	1.709155e-07	8.609634e-08	6953
812105	1.371616e-07	1.709192e-07	8.607666e-08	6953
820361	1.371694e-07	1.709228e-07	8.605698e-08	6953
828617	1.371772e-07	1.709265e-07	8.603730e-08	6953
836873	1.371850e-07	1.709302e-07	8.601761e-08	6953
845129	1.371928e-07	1.709338e-07	8.599792e-08	6953
853385	1.372005e-07	1.709375e-07	8.597824e-08	6953
861641	1.372083e-07	1.709411e-07	8.595855e-08	6953
869897	1.372161e-07	1.709448e-07	8.593886e-08	6953
878153	1.372239e-07	1.709485e-07	8.591916e-08	6953
886409	1.372316e-07	1.709521e-07	8.589947e-08	6953
894665	1.372394e-07	1.709558e-07	8.587978e-08	6953
902921	1.372472e-07	1.709595e-07	8.586009e-08	6953
911177	1.372549e-07	1.709631e-07	8.584039e-08	6953
919433	1.372627e-07	1.709668e-07	8.582069e-08	6953
927689	1.372704e-07	1.709704e-07	8.580099e-08	6953
935945	1.372782e-07	1.709741e-07	8.578129e-08	6953
944201	1.372859e-07	1.709778e-07	8.576159e-08	6953
952457	1.372937e-07	1.709814e-07	8.574190e-08	6953
960713	1.373014e-07	1.709851e-07	8.572219e-08	6953
968969	1.373091e-07	1.709888e-07	8.570249e-08	6953
977225	1.373169e-07	1.709924e-07	8.568279e-08	6953
985481	1.373246e-07	1.709961e-07	8.566307e-08	6953
993737	1.373323e-07	1.709997e-07	8.564337e-08	6953
1001993	1.373401e-07	1.710034e-07	8.562366e-08	6953
1010249	1.373478e-07	1.710071e-07	8.560396e-08	6953
1018505	1.373555e-07	1.710107e-07	8.558425e-08	6953
1026761	1.373632e-07	1.710144e-07	8.556454e-08	6953
1035017	1.373709e-07	1.710181e-07	8.554482e-08	6953
1043273	1.373787e-07	1.710217e-07	8.552511e-08	6953
1051529	1.373864e-07	1.710254e-07	8.550539e-08	6953
1059785	1.373941e-07	1.710291e-07	8.548568e-08	6953
1068041	1.374018e-07	1.710327e-07	8.546596e-08	6953
1076297	1.374095e-07	1.710364e-07	8.544625e-08	6953
1084553	1.374172e-07	1.710401e-07	8.542653e-08	6953
1092809	1.374249e-07	1.710437e-07	8.540680e-08	6953
1101065	1.374326e-07	1.710474e-07	8.538709e-08	6953
1109321	1.374403e-07	1.710511e-07	8.536736e-08	6953
1117577	1.374479e-07	1.710547e-07	8.534764e-08	6953
1125833	1.374556e-07	1.710584e-07	8.532791e-08	6953
1134089	1.374633e-07	1.710621e-07	8.530819e-08	6953
1142345	1.374710e-07	1.710657e-07	8.528846e-08	6953
1150601	1.374787e-07	1.710694e-07	8.526874e-08	6953
7268	3.632396e-07	1.738546e-07	1.610077e-08	21847
15524	3.632373e-07	1.738642e-07	1.604867e-08	21847
23780	3.632350e-07	1.738739e-07	1.599657e-08	21847
32036	3.632327e-07	1.738836e-07	1.594447e-08	21847
40292	3.632303e-07	1.738933e-07	1.589238e-08	21847
48548	3.632279e-07	1.739029e-07	1.584027e-08	21847
56804	3.632256e-07	1.739126e-07	1.578818e-08	21847
65060	3.632232e-07	1.739223e-07	1.573608e-08	21847
73316	3.632208e-07	1.739319e-07	1.568398e-08	21847
81572	3.632184e-07	1.739416e-07	1.563188e-08	21847
89828	3.632161e-07	1.739513e-07	1.557978e-08	21847
98084	3.632136e-07	1.739610e-07	1.552769e-08	21847
106340	3.632113e-07	1.739706e-07	1.547559e-08	21847
114596	3.632088e-07	1.739803e-07	1.542350e-08	21847
122852	3.632064e-07	1.739900e-07	1.537140e-08	21847
131108	3.632040e-07	1.739996e-07	1.531930e-08	21847
139364	3.632015e-07	1.740093e-07	1.526721e-08	21847
147620	3.631991e-07	1.740190e-07	1.521511e-08	21847
155876	3.631966e-07	1.740287e-07	1.516302e-08	21847
164132	3.631942e-07	1.740383e-07	1.511092e-08	21847
172388	3.631917e-07	1.740480e-07	1.505883e-08	21847
180644	3.631892e-07	1.740577e-07	1.500674e-08	21847
188900	3.631867e-07	1.740673e-07	1.495464e-08	21847
197156	3.631843e-07	1.740770e-07	1.490255e-08	21847
205412	3.631818e-07	1.740867e-07	1.485046e-08	21847
213668	3.631792e-07	1.740963e-07	1.479837e-08	21847
221924	3.631767e-07	1.741060e-07	1.474627e-08	21847
230180	3.631742e-07	1.741157e-07	1.469418e-08	21847
238436	3.631717e-07	1.741254e-07	1.464209e-08	21847
246692	3.631691e-07	1.741350e-07	1.459000e-08	21847
254948	3.631666e-07	1.741447e-07	1.453791e-08	21847
263204	3.631640e-07	1.741544e-07	1.448582e-08	21847
271460	3.631615e-07	1.741640e-07	1.443373e-08	21847
279716	3.631589e-07	1.741737e-07	1.438164e-08	21847
287972	3.631563e-07	1.741834e-07	1.432955e-08	21847
296228	3.631537e-07	1.741930e-07	1.427746e-08	21847
304484	3.631511e-07	1.742027e-07	1.422538e-08	21847
312740	3.631485e-07	1.742124e-07	1.417329e-08	21847
320996	3.631459e-07	1.742221e-07	1.412120e-08	21847
329252	3.631433e-07	1.742317e-07	1.406911e-08	21847
337508	3.631407e-07	1.742414e-07	1.401703e-08	21847
345764	3.631380e-07	1.742511e-07	1.396494e-08	21847
354020	3.631354e-07	1.742607e-07	1.391285e-08	21847
362276	3.631328e-07	1.742704e-07	1.386077e-08	21847
370532	3.631301e-07	1.742801e-07	1.380868e-08	21847
378788	3.631274e-07	1.742897e-07	1.375660e-08	21847
387044	3.631247e-07	1.742994e-07	1.370451e-08	21847
395300	3.631221e-07	1.743091e-07	1.365243e-08	21847
403556	3.631194e-07	1.743187e-07	1.360035e-08	21847
411812	3.631167e-07	1.743284e-07	1.354826e-08	21847
420068	3.631140e-07	1.743381e-07	1.349618e-08	21847
428324	3.631113e-07	1.743478e-07	1.344410e-08	21847
436580	3.631086e-07	1.743574e-07	1.339202e-08	21847
444836	3.631058e-07	1.743671e-07	1.333993e-08	21847
453092	3.631031e-07	1.743768e-07	1.328785e-08	21847
461348	3.631004e-07	1.743864e-07	1.323577e-08	21847
469604	3.630976e-07	1.743961e-07	1.318369e-08	21847
477860	3.630949e-07	1.744058e-07	1.313161e-08	21847
486116	3.630921e-07	1.744154e-07	1.307953e-08	21847
494372	3.630893e-07	1.744251e-07	1.302745e-08	21847
502628	3.630865e-07	1.744348e-07	1.297537e-08	21847
510884	3.630838e-07	1.744444e-07	1.292330e-08	21847
519140	3.630810e-07	1.744541e-07	1.287122e-08	21847
527396	3.630782e-07	1.744638e-07	1.281914e-08	21847
535652	3.630753e-07	1.744734e-07	1.276706e-08	21847
543908	3.630725e-07	1.744831e-07	1.271499e-08	21847
552164	3.630697e-07	1.744928e-07	1.266291e-08	21847
560420	3.630669e-07	1.745024e-07	1.261083e-08	21847
568676	3.630640e-07	1.745121e-07	1.255876e-08	21847
576932	3.630612e-07	1.745218e-07	1.250668e-08	21847
585188	3.630583e-07	1.745314e-07	1.245461e-08	21847
593444	3.630554e-07	1.745411e-07	1.240253e-08	21847
601700	3.630526e-07	1.745508e-07	1.235046e-08	21847
609956	3.630497e-07	1.745604e-07	1.229838e-08	21847
618212	3.630468e-07	1.745701e-07	1.224631e-08	21847
626468	3.630439e-07	1.745798e-07	1.219424e-08	21847
634724	3.630410e-07	1.745894e-07	1.214217e-08	21847
642980	3.630381e-07	1.745991e-07	1.209009e-08	21847
651236	3.630352e-07	1.746088e-07	1.203802e-08	21847
659492	3.630323e-07	1.746184e-07	1.198595e-08	21847
667748	3.630293e-07	1.746281e-07	1.193388e-08	21847
676004	3.630264e-07	1.746378e-07	1.188181e-08	21847
684260	3.630234e-07	1.746474e-07	1.182974e-08	21847
692516	3.630205e-07	1.746571e-07	1.177767e-08	21847
700772	3.630175e-07	1.746668e-07	1.172560e-08	21847
709028	3.630145e-07	1.746764e-07	1.167353e-08	21847
717284	3.630116e-07	1.746861e-07	1.162146e-08	21847
725540	3.630086e-07	1.746958e-07	1.156940e-08	21847
733796	3.630056e-07	1.747054e-07	1.151733e-08	21847
742052	3.630026e-07	1.747151e-07	1.146526e-08	21847
750308	3.629996e-07	1.747248e-07	1.141320e-08	21847
758564	3.629965e-07	1.747344e-07	1.136113e-08	21847
766820	3.629935e-07	1.747441e-07	1.130906e-08	21847
775076	3.629905e-07	1.747538e-07	1.125700e-08	21847
783332	3.629874e-07	1.747634e-07	1.120493e-08	21847
791588	3.629844e-07	1.747731e-07	1.115287e-08	21847
799844	3.629813e-07	1.747828e-07	1.110081e-08	21847
808100	3.629783e-07	1.747924e-07	1.104874e-08	21847
816356	3.629752e-07	1.748021e-07	1.099668e-08	21847
824612	3.629721e-07	1.748117e-07	1.094462e-08	21847
832868	3.629690e-07	1.748214e-07	1.089256e-08	21847
841124	3.629659e-07	1.748311e-07	1.084049e-08	21847
849380	3.629628e-07	1.748407e-07	1.078843e-08	21847
857636	3.629597e-07	1.748504e-07	1.073637e-08	21847
865892	3.629566e-07	1.748601e-07	1.068431e-08	21847
874148	3.629535e-07	1.748697e-07	1.063225e-08	21847
882404	3.629503e-07	1.748794e-07	1.058019e-08	21847
890660	3.629472e-07	1.748891e-07	1.052813e-08	21847
898916	3.629440e-07	1.748987e-07	1.047607e-08	21847
907172	3.629409e-07	1.749084e-07	1.042402e-08	21847
915428	3.629377e-07	1.749181e-07	1.037196e-08	21847
923684	3.629345e-07	1.749277e-07	1.031990e-08	21847
931940	3.629314e-07	1.749374e-07	1.026784e-08	21847
940196	3.629282e-07	1.749470e-07	1.021579e-08	21847
948452	3.629250e-07	1.749567e-07	1.016373e-08	21847
956708	3.629218e-07	1.749664e-07	1.011168e-08	21847
964964	3.629185e-07	1.749760e-07	1.005962e-08	21847
973220	3.629153e-07	1.749857e-07	1.000757e-08	21847
981476	3.629121e-07	1.749954e-07	9.955513e-09	21847
989732	3.629089e-07	1.750050e-07	9.903459e-09	21847
997988	3.629056e-07	1.750147e-07	9.851407e-09	21847
1006244	3.629024e-07	1.750244e-07	9.799354e-09	21847
1014500	3.628991e-07	1.750340e-07	9.747302e-09	21847
1022756	3.628959e-07	1.750437e-07	9.695250e-09	21847
1031012	3.628926e-07	1.750533e-07	9.643199e-09	21847
1039268	3.628893e-07	1.750630e-07	9.591148e-09	21847
1047524	3.628860e-07	1.750727e-07	9.539098e-09	21847
1055780	3.628827e-07	1.750823e-07	9.487048e-09	21847
1064036	3.628794e-07	1.750920e-07	9.434999e-09	21847
1072292	3.628761e-07	1.751016e-07	9.382950e-09	21847
1080548	3.628728e-07	1.751113e-07	9.330901e-09	21847
1088804	3.628695e-07	1.751210e-07	9.278854e-09	21847
1097060	3.628661e-07	1.751306e-07	9.226806e-09	21847
1105316	3.628628e-07	1.751403e-07	9.174760e-09	21847
1113572	3.628594e-07	1.751499e-07	9.122713e-09	21847
1121828	3.628560e-07	1.751596e-07	9.070667e-09	21847
1130084	3.628527e-07	1.751693e-07	9.018621e-09	21847
1138340	3.628493e-07	1.751789e-07	8.966577e-09	21847
1146596	3.628459e-07	1.751886e-07	8.914532e-09	21847
1154852	3.628425e-07	1.751983e-07	8.862488e-09	21847
550	3.736718e-07	1.754908e-07	1.208402e-08	1329
8806	3.736689e-07	1.755007e-07	1.203042e-08	1329
17062	3.736659e-07	1.755107e-07	1.197682e-08	1329
25318	3.736629e-07	1.755206e-07	1.192323e-08	1329
33574	3.736600e-07	1.755306e-07	1.186963e-08	1329
41830	3.736570e-07	1.755405e-07	1.181604e-08	1329
50086	3.736540e-07	1.755505e-07	1.176244e-08	1329
58342	3.736510e-07	1.755604e-07	1.170885e-08	1329
66598	3.736480e-07	1.755704e-07	1.165526e-08	1329
74854	3.736450e-07	1.755803e-07	1.160166e-08	1329
83110	3.736420e-07	1.755903e-07	1.154807e-08	1329
91366	3.736390e-07	1.756002e-07	1.149448e-08	1329
99622	3.736359e-07	1.756102e-07	1.144089e-08	1329
107878	3.736329e-07	1.756201e-07	1.138730e-08	1329
116134	3.736299e-07	1.756301e-07	1.133370e-08	1329
124390	3.736268e-07	1.756400e-07	1.128011e-08	1329
132646	3.736237e-07	1.756500e-07	1.122652e-08	1329
140902	3.736207e-07	1.756599e-07	1.117294e-08	1329
149158	3.736176e-07	1.756699e-07	1.111935e-08	1329
157414	3.736145e-07	1.756798e-07	1.106576e-08	1329
165670	3.736114e-07	1.756897e-07	1.101217e-08	1329
173926	3.736083e-07	1.756997e-07	1.095858e-08	1329
182182	3.736052e-07	1.757096e-07	1.090499e-08	1329
190438	3.736021e-07	1.757196e-07	1.085141e-08	1329
198694	3.735990e-07	1.757295e-07	1.079782e-08	1329
206950	3.735958e-07	1.757395e-07	1.074423e-08	1329
215206	3.735927e-07	1.757494e-07	1.069065e-08	1329
223462	3.735895e-07	1.757594e-07	1.063706e-08	1329
231718	3.735864e-07	1.757693e-07	1.058348e-08	1329
239974	3.735832e-07	1.757793e-07	1.052990e-08	1329
248230	3.735800e-07	1.757892e-07	1.047631e-08	1329
256486	3.735769e-07	1.757992e-07	1.042273e-08	1329
264742	3.735737e-07	1.758091e-07	1.036914e-08	1329
272998	3.735705e-07	1.758191e-07	1.031556e-08	1329
281254	3.735673e-07	1.758290e-07	1.026198e-08	1329
289510	3.735641e-07	1.758390e-07	1.020840e-08	1329
297766	3.735608e-07	1.758489e-07	1.015482e-08	1329
306022	3.735576e-07	1.758589e-07	1.010124e-08	1329
314278	3.735544e-07	1.758688e-07	1.004766e-08	1329
322534	3.735511e-07	1.758787e-07	9.994078e-09	1329
330790	3.735479e-07	1.758887e-07	9.940499e-09	1329
339046	3.735446e-07	1.758986e-07	9.886920e-09	1329
347302	3.735413e-07	1.759086e-07	9.833342e-09	1329
355558	3.735381e-07	1.759185e-07	9.779765e-09	1329
363814	3.735348e-07	1.759285e-07	9.726187e-09	1329
372070	3.735315e-07	1.759384e-07	9.672610e-09	1329
380326	3.735282e-07	1.759484e-07	9.619034e-09	1329
388582	3.735249e-07	1.759583e-07	9.565458e-09	1329
396838	3.735215e-07	1.759683e-07	9.511883e-09	1329
405094	3.735182e-07	1.759782e-07	9.458308e-09	1329
413350	3.735149e-07	1.759881e-07	9.404733e-09	1329
421606	3.735115e-07	1.759981e-07	9.351159e-09	1329
429862	3.735082e-07	1.760080e-07	9.297586e-09	1329
438118	3.735048e-07	1.760180e-07	9.244013e-09	1329
446374	3.735015e-07	1.760279e-07	9.190440e-09	1329
454630	3.734981e-07	1.760379e-07	9.136868e-09	1329
462886	3.734947e-07	1.760478e-07	9.083297e-09	1329
471142	3.734913e-07	1.760578e-07	9.029725e-09	1329
479398	3.734879e-07	1.760677e-07	8.976155e-09	1329
487654	3.734845e-07	1.760776e-07	8.922584e-09	1329
495910	3.734811e-07	1.760876e-07	8.869015e-09	1329
504166	3.734777e-07	1.760975e-07	8.815446e-09	1329
512422	3.734743e-07	1.761075e-07	8.761877e-09	1329
520678	3.734708e-07	1.761174e-07	8.708310e-09	1329
528934	3.734674e-07	1.761274e-07	8.654742e-09	1329
537190	3.734639e-07	1.761373e-07	8.601175e-09	1329
545446	3.734605e-07	1.761473e-07	8.547608e-09	1329
553702	3.734570e-07	1.761572e-07	8.494042e-09	1329
561958	3.734535e-07	1.761671e-07	8.440476e-09	1329
570214	3.734501e-07	1.761771e-07	8.386911e-09	1329
578470	3.734466e-07	1.761870e-07	8.333346e-09	1329
586726	3.734431e-07	1.761970e-07	8.279782e-09	1329
594982	3.734395e-07	1.762069e-07	8.226218e-09	1329
603238	3.734361e-07	1.762169e-07	8.172655e-09	1329
611494	3.734325e-07	1.762268e-07	8.119092e-09	1329
619750	3.734290e-07	1.762367e-07	8.065530e-09	1329
628006	3.734255e-07	1.762467e-07	8.011969e-09	1329
636262	3.734219e-07	1.762566e-07	7.958407e-09	1329
644518	3.734183e-07	1.762666e-07	7.904847e-09	1329
652774	3.734148e-07	1.762765e-07	7.851287e-09	1329
661030	3.734112e-07	1.762865e-07	7.797727e-09	1329
669286	3.734076e-07	1.762964e-07	7.744168e-09	1329
677542	3.734040e-07	1.763063e-07	7.690609e-09	1329
685798	3.734004e-07	1.763163e-07	7.637051e-09	1329
694054	3.733968e-07	1.763262e-07	7.583494e-09	1329
702310	3.733932e-07	1.763362e-07	7.529937e-09	1329
710566	3.733896e-07	1.763461e-07	7.476380e-09	1329
718822	3.733860e-07	1.763561e-07	7.422824e-09	1329
727078	3.733824e-07	1.763660e-07	7.369269e-09	1329
735334	3.733787e-07	1.763759e-07	7.315714e-09	1329
743590	3.733751e-07	1.763859e-07	7.262159e-09	1329
751846	3.733714e-07	1.763958e-07	7.208605e-09	1329
760102	3.733677e-07	1.764058e-07	7.155052e-09	1329
768358	3.733641e-07	1.764157e-07	7.101499e-09	1329
776614	3.733604e-07	1.764256e-07	7.047947e-09	1329
784870	3.733567e-07	1.764356e-07	6.994395e-09	1329
793126	3.733530e-07	1.764455e-07	6.940843e-09	1329
801382	3.733493e-07	1.764555e-07	6.887293e-09	1329
809638	3.733456e-07	1.764654e-07	6.833742e-09	1329
817894	3.733418e-07	1.764753e-07	6.780193e-09	1329
826150	3.733381e-07	1.764853e-07	6.726644e-09	1329
834406	3.733344e-07	1.764952e-07	6.673095e-09	1329
842662	3.733306e-07	1.765052e-07	6.619547e-09	1329
850918	3.733269e-07	1.765151e-07	6.565999e-09	1329
859174	3.733231e-07	1.765250e-07	6.512452e-09	1329
867430	3.733194e-07	1.765350e-07	6.458906e-09	1329
875686	3.733156e-07	1.765449e-07	6.405360e-09	1329
883942	3.733118e-07	1.765549e-07	6.351815e-09	1329
892198	3.733080e-07	1.765648e-07	6.298270e-09	1329
900454	3.733042e-07	1.765747e-07	6.244726e-09	1329
908710	3.733004e-07	1.765847e-07	6.191182e-09	1329
916966	3.732966e-07	1.765946e-07	6.137638e-09	1329
925222	3.732927e-07	1.766046e-07	6.084096e-09	1329
933478	3.732889e-07	1.766145e-07	6.030554e-09	1329
941734	3.732850e-07	1.766244e-07	5.977012e-09	1329
949990	3.732812e-07	1.766344e-07	5.923471e-09	1329
958246	3.732773e-07	1.766443e-07	5.869931e-09	1329
966502	3.732735e-07	1.766543e-07	5.816390e-09	1329
974758	3.732696e-07	1.766642e-07	5.762851e-09	1329
983014	3.732657e-07	1.766741e-07	5.709313e-09	1329
991270	3.732619e-07	1.766841e-07	5.655774e-09	1329
999526	3.732579e-07	1.766940e-07	5.602236e-09	1329
1007782	3.732540e-07	1.767039e-07	5.548699e-09	1329
1016038	3.732501e-07	1.767139e-07	5.495163e-09	1329
1024294	3.732462e-07	1.767238e-07	5.441627e-09	1329
1032550	3.732423e-07	1.767337e-07	5.388091e-09	1329
1040806	3.732384e-07	1.767437e-07	5.334556e-09	1329
1049062	3.732344e-07	1.767536e-07	5.281022e-09	1329
1057318	3.732304e-07	1.767636e-07	5.227488e-09	1329
1065574	3.732265e-07	1.767735e-07	5.173955e-09	1329
1073830	3.732225e-07	1.767834e-07	5.120422e-09	1329
1082086	3.732185e-07	1.767934e-07	5.066890e-09	1329
1090342	3.732146e-07	1.768033e-07	5.013359e-09	1329
1098598	3.732106e-07	1.768132e-07	4.959828e-09	1329
1106854	3.732066e-07	1.768232e-07	4.906298e-09	1329
1115110	3.732026e-07	1.768331e-07	4.852768e-09	1329
1123366	3.731985e-07	1.768431e-07	4.799239e-09	1329
1131622	3.731945e-07	1.768530e-07	4.745710e-09	1329
1139878	3.731905e-07	1.768629e-07	4.692182e-09	1329
1148134	3.731865e-07	1.768729e-07	4.638654e-09	1329
1498	1.159167e-07	1.800547e-07	1.024329e-07	3369
9754	1.159266e-07	1.800578e-07	1.024163e-07	3369
18010	1.159365e-07	1.800609e-07	1.023996e-07	3369
26266	1.159464e-07	1.800640e-07	1.023830e-07	3369
34522	1.159563e-07	1.800671e-07	1.023664e-07	3369
42778	1.159662e-07	1.800702e-07	1.023497e-07	3369
51034	1.159760e-07	1.800733e-07	1.023331e-07	3369
59290	1.159859e-07	1.800764e-07	1.023164e-07	3369
67546	1.159958e-07	1.800795e-07	1.022998e-07	3369
75802	1.160057e-07	1.800826e-07	1.022831e-07	3369
84058	1.160155e-07	1.800857e-07	1.022665e-07	3369
92314	1.160254e-07	1.800888e-07	1.022498e-07	3369
100570	1.160353e-07	1.800919e-07	1.022332e-07	3369
108826	1.160451e-07	1.800950e-07	1.022165e-07	3369
117082	1.160550e-07	1.800981e-07	1.021999e-07	3369
125338	1.160649e-07	1.801012e-07	1.021832e-07	3369
133594	1.160747e-07	1.801043e-07	1.021665e-07	3369
141850	1.160846e-07	1.801074e-07	1.021499e-07	3369
150106	1.160944e-07	1.801105e-07	1.021332e-07	3369
158362	1.161043e-07	1.801136e-07	1.021166e-07	3369
166618	1.161141e-07	1.801167e-07	1.020999e-07	3369
174874	1.161240e-07	1.801198e-07	1.020832e-07	3369
183130	1.161338e-07	1.801229e-07	1.020666e-07	3369
191386	1.161436e-07	1.801260e-07	1.020499e-07	3369
199642	1.161535e-07	1.801291e-07	1.020332e-07	3369
207898	1.161633e-07	1.801322e-07	1.020165e-07	3369
216154	1.161731e-07	1.801353e-07	1.019999e-07	3369
224410	1.161830e-07	1.801384e-07	1.019832e-07	3369
232666	1.161928e-07	1.801415e-07	1.019665e-07	3369
240922	1.162026e-07	1.801446e-07	1.019499e-07	3369
249178	1.162124e-07	1.801477e-07	1.019332e-07	3369
257434	1.162223e-07	1.801508e-07	1.019165e-07	3369
265690	1.162321e-07	1.801539e-07	1.018998e-07	3369
273946	1.162419e-07	1.801570e-07	1.018831e-07	3369
282202	1.162517e-07	1.801601e-07	1.018664e-07	3369
290458	1.162615e-07	1.801632e-07	1.018498e-07	3369
298714	1.162713e-07	1.801663e-07	1.018331e-07	3369
306970	1.162811e-07	1.801694e-07	1.018164e-07	3369
315226	1.162909e-07	1.801725e-07	1.017997e-07	3369
323482	1.163007e-07	1.801756e-07	1.017830e-07	3369
331738	1.163105e-07	1.801788e-07	1.017663e-07	3369
339994	1.163203e-07	1.801819e-07	1.017496e-07	3369
348250	1.163301e-07	1.801850e-07	1.017329e-07	3369
356506	1.163399e-07	1.801881e-07	1.017162e-07	3369
364762	1.163497e-07	1.801912e-07	1.016995e-07	3369
373018	1.163595e-07	1.801943e-07	1.016828e-07	3369
381274	1.163692e-07	1.801974e-07	1.016661e-07	3369
389530	1.163790e-07	1.802005e-07	1.016494e-07	3369
397786	1.163888e-07	1.802036e-07	1.016327e-07	3369
406042	1.163986e-07	1.802067e-07	1.016160e-07	3369
414298	1.164083e-07	1.802098e-07	1.015993e-07	3369
422554	1.164181e-07	1.802129e-07	1.015826e-07	3369
430810	1.164279e-07	1.802160e-07	1.015659e-07	3369
439066	1.164376e-07	1.802191e-07	1.015492e-07	3369
447322	1.164474e-07	1.802223e-07	1.015325e-07	3369
455578	1.164572e-07	1.802254e-07	1.015157e-07	3369
463834	1.164669e-07	1.802285e-07	1.014990e-07	3369
472090	1.164767e-07	1.802316e-07	1.014823e-07	3369
480346	1.164864e-07	1.802347e-07	1.014656e-07	3369
488602	1.164962e-07	1.802378e-07	1.014489e-07	3369
496858	1.165059e-07	1.802409e-07	1.014321e-07	3369
505114	1.165157e-07	1.802440e-07	1.014154e-07	3369
513370	1.165254e-07	1.802471e-07	1.013987e-07	3369
521626	1.165352e-07	1.802503e-07	1.013820e-07	3369
529882	1.165449e-07	1.802534e-07	1.013653e-07	3369
538138	1.165546e-07	1.802565e-07	1.013485e-07	3369
546394	1.165644e-07	1.802596e-07	1.013318e-07	3369
554650	1.165741e-07	1.802627e-07	1.013151e-07	3369
562906	1.165838e-07	1.802658e-07	1.012983e-07	3369
571162	1.165935e-07	1.802689e-07	1.012816e-07	3369
579418	1.166033e-07	1.802720e-07	1.012649e-07	3369
587674	1.166130e-07	1.802752e-07	1.012481e-07	3369
595930	1.166227e-07	1.802783e-07	1.012314e-07	3369
604186	1.166324e-07	1.802814e-07	1.012147e-07	3369
612442	1.166421e-07	1.802845e-07	1.011979e-07	3369
620698	1.166518e-07	1.802876e-07	1.011812e-07	3369
628954	1.166615e-07	1.802907e-07	1.011644e-07	3369
637210	1.166712e-07	1.802938e-07	1.011477e-07	3369
645466	1.166810e-07	1.802970e-07	1.011309e-07	3369
653722	1.166907e-07	1.803001e-07	1.011142e-07	3369
661978	1.167003e-07	1.803032e-07	1.010974e-07	3369
670234	1.167100e-07	1.803063e-07	1.010807e-07	3369
678490	1.167197e-07	1.803094e-07	1.010639e-07	3369
686746	1.167294e-07	1.803125e-07	1.010472e-07	3369
695002	1.167391e-07	1.803157e-07	1.010304e-07	3369
703258	1.167488e-07	1.803188e-07	1.010137e-07	3369
711514	1.167585e-07	1.803219e-07	1.009969e-07	3369
719770	1.167682e-07	1.803250e-07	1.009802e-07	3369
728026	1.167778e-07	1.803281e-07	1.009634e-07	3369
736282	1.167875e-07	1.803312e-07	1.009466e-07	3369
744538	1.167972e-07	1.803344e-07	1.009299e-07	3369
752794	1.168069e-07	1.803375e-07	1.009131e-07	3369
761050	1.168165e-07	1.803406e-07	1.008963e-07	3369
769306	1.168262e-07	1.803437e-07	1.008796e-07	3369
777562	1.168358e-07	1.803468e-07	1.008628e-07	3369
785818	1.168455e-07	1.803500e-07	1.008460e-07	3369
794074	1.168552e-07	1.803531e-07	1.008293e-07	3369
802330	1.168648e-07	1.803562e-07	1.008125e-07	3369
810586	1.168745e-07	1.803593e-07	1.007957e-07	3369
818842	1.168841e-07	1.803624e-07	1.007789e-07	3369
827098	1.168938e-07	1.803655e-07	1.007622e-07	3369
835354	1.169034e-07	1.803687e-07	1.007454e-07	3369
843610	1.169131e-07	1.803718e-07	1.007286e-07	3369
851866	1.169227e-07	1.803749e-07	1.007118e-07	3369
860122	1.169323e-07	1.803780e-07	1.006950e-07	3369
868378	1.169420e-07	1.803812e-07	1.006783e-07	3369
876634	1.169516e-07	1.803843e-07	1.006615e-07	3369
884890	1.169612e-07	1.803874e-07	1.006447e-07	3369
893146	1.169709e-07	1.803905e-07	1.006279e-07	3369
901402	1.169805e-07	1.803937e-07	1.006111e-07	3369
909658	1.169901e-07	1.803968e-07	1.005943e-07	3369
917914	1.169997e-07	1.803999e-07	1.005775e-07	3369
926170	1.170093e-07	1.804030e-07	1.005607e-07	3369
934426	1.170190e-07	1.804061e-07	1.005440e-07	3369
942682	1.170286e-07	1.804093e-07	1.005272e-07	3369
950938	1.170382e-07	1.804124e-07	1.005104e-07	3369
959194	1.170478e-07	1.804155e-07	1.004936e-07	3369
967450	1.170574e-07	1.804186e-07	1.004768e-07	3369
975706	1.170670e-07	1.804218e-07	1.004600e-07	3369
983962	1.170766e-07	1.804249e-07	1.004432e-07	3369
992218	1.170862e-07	1.804280e-07	1.004263e-07	3369
1000474	1.170958e-07	1.804311e-07	1.004095e-07	3369
1008730	1.171054e-07	1.804343e-07	1.003927e-07	3369
1016986	1.171150e-07	1.804374e-07	1.003759e-07	3369
1025242	1.171246e-07	1.804405e-07	1.003591e-07	3369
1033498	1.171342e-07	1.804436e-07	1.003423e-07	3369
1041754	1.171437e-07	1.804468e-07	1.003255e-07	3369
1050010	1.171533e-07	1.804499e-07	1.003087e-07	3369
1058266	1.171629e-07	1.804530e-07	1.002919e-07	3369
1066522	1.171725e-07	1.804562e-07	1.002750e-07	3369
1074778	1.171820e-07	1.804593e-07	1.002582e-07	3369
1083034	1.171916e-07	1.804624e-07	1.002414e-07	3369
1091290	1.172012e-07	1.804655e-07	1.002246e-07	3369
1099546	1.172108e-07	1.804687e-07	1.002078e-07	3369
1107802	1.172203e-07	1.804718e-07	1.001909e-07	3369
1116058	1.172299e-07	1.804749e-07	1.001741e-07	3369
1124314	1.172394e-07	1.804781e-07	1.001573e-07	3369
1132570	1.172490e-07	1.804812e-07	1.001405e-07	3369
1140826	1.172585e-07	1.804843e-07	1.001236e-07	3369
1149082	1.172681e-07	1.804875e-07	1.001068e-07	3369
3415	1.891029e-07	1.880906e-07	8.358830e-08	7977
11671	1.891099e-07	1.880956e-07	8.356116e-08	7977
19927	1.891168e-07	1.881007e-07	8.353403e-08	7977
28183	1.891238e-07	1.881057e-07	8.350690e-08	7977
36439	1.891308e-07	1.881107e-07	8.347976e-08	7977
44695	1.891377e-07	1.881158e-07	8.345263e-08	7977
52951	1.891447e-07	1.881208e-07	8.342548e-08	7977
61207	1.891516e-07	1.881259e-07	8.339835e-08	7977
69463	1.891586e-07	1.881309e-07	8.337121e-08	7977
77719	1.891655e-07	1.881360e-07	8.334407e-08	7977
85975	1.891725e-07	1.881410e-07	8.331693e-08	7977
94231	1.891794e-07	1.881460e-07	8.328978e-08	7977
102487	1.891863e-07	1.881511e-07	8.326264e-08	7977
110743	1.891933e-07	1.881561e-07	8.323549e-08	7977
118999	1.892002e-07	1.881612e-07	8.320835e-08	7977
127255	1.892071e-07	1.881662e-07	8.318121e-08	7977
135511	1.892140e-07	1.881713e-07	8.315406e-08	7977
143767	1.892209e-07	1.881763e-07	8.312691e-08	7977
152023	1.892278e-07	1.881814e-07	8.309976e-08	7977
160279	1.892347e-07	1.881864e-07	8.307261e-08	7977
168535	1.892416e-07	1.881914e-07	8.304546e-08	7977
176791	1.892485e-07	1.881965e-07	8.301830e-08	7977
185047	1.892554e-07	1.882015e-07	8.299115e-08	7977
193303	1.892623e-07	1.882066e-07	8.296399e-08	7977
201559	1.892692e-07	1.882116e-07	8.293684e-08	7977
209815	1.892761e-07	1.882167e-07	8.290968e-08	7977
218071	1.892829e-07	1.882217e-07	8.288252e-08	7977
226327	1.892898e-07	1.882268e-07	8.285537e-08	7977
234583	1.892967e-07	1.882318e-07	8.282821e-08	7977
242839	1.893035e-07	1.882369e-07	8.280104e-08	7977
251095	1.893104e-07	1.882419e-07	8.277389e-08	7977
259351	1.893173e-07	1.882470e-07	8.274672e-08	7977
267607	1.893241e-07	1.882520e-07	8.271956e-08	7977
275863	1.893310e-07	1.882570e-07	8.269240e-08	7977
284119	1.893378e-07	1.882621e-07	8.266523e-08	7977
292375	1.893446e-07	1.882672e-07	8.263806e-08	7977
300631	1.893515e-07	1.882722e-07	8.261090e-08	7977
308887	1.893583e-07	1.882772e-07	8.258372e-08	7977
317143	1.893651e-07	1.882823e-07	8.255656e-08	7977
325399	1.893720e-07	1.882873e-07	8.252939e-08	7977
333655	1.893788e-07	1.882924e-07	8.250222e-08	7977
341911	1.893856e-07	1.882974e-07	8.247505e-08	7977
350167	1.893924e-07	1.883025e-07	8.244787e-08	7977
358423	1.893992e-07	1.883075e-07	8.242070e-08	7977
366679	1.894060e-07	1.883126e-07	8.239352e-08	7977
374935	1.894128e-07	1.883176e-07	8.236635e-08	7977
383191	1.894196e-07	1.883227e-07	8.233917e-08	7977
391447	1.894264e-07	1.883277e-07	8.231199e-08	7977
399703	1.894332e-07	1.883328e-07	8.228481e-08	7977
407959	1.894400e-07	1.883378e-07	8.225763e-08	7977
416215	1.894468e-07	1.883429e-07	8.223045e-08	7977
424471	1.894535e-07	1.883479e-07	8.220326e-08	7977
432727	1.894603e-07	1.883530e-07	8.217609e-08	7977
440983	1.894671e-07	1.883580e-07	8.214890e-08	7977
449239	1.894738e-07	1.883631e-07	8.212172e-08	7977
457495	1.894806e-07	1.883681e-07	8.209453e-08	7977
465751	1.894873e-07	1.883732e-07	8.206734e-08	7977
474007	1.894941e-07	1.883783e-07	8.204015e-08	7977
482263	1.895008e-07	1.883833e-07	8.201297e-08	7977
490519	1.895076e-07	1.883884e-07	8.198577e-08	7977
498775	1.895143e-07	1.883934e-07	8.195859e-08	7977
507031	1.895210e-07	1.883985e-07	8.193140e-08	7977
515287	1.895278e-07	1.884035e-07	8.190420e-08	7977
523543	1.895345e-07	1.884086e-07	8.187701e-08	7977
531799	1.895412e-07	1.884136e-07	8.184981e-08	7977
540055	1.895479e-07	1.884187e-07	8.182262e-08	7977
548311	1.895547e-07	1.884237e-07	8.179542e-08	7977
556567	1.895614e-07	1.884288e-07	8.176823e-08	7977
564823	1.895681e-07	1.884338e-07	8.174103e-08	7977
573079	1.895748e-07	1.884389e-07	8.171383e-08	7977
581335	1.895815e-07	1.884439e-07	8.168663e-08	7977
589591	1.895882e-07	1.884490e-07	8.165942e-08	7977
597847	1.895949e-07	1.884541e-07	8.163222e-08	7977
606103	1.896016e-07	1.884591e-07	8.160502e-08	7977
614359	1.896082e-07	1.884642e-07	8.157782e-08	7977
622615	1.896149e-07	1.884692e-07	8.155061e-08	7977
630871	1.896216e-07	1.884743e-07	8.152340e-08	7977
639127	1.896283e-07	1.884793e-07	8.149620e-08	7977
647383	1.896349e-07	1.884844e-07	8.146899e-08	7977
655639	1.896416e-07	1.884895e-07	8.144178e-08	7977
663895	1.896482e-07	1.884945e-07	8.141457e-08	7977
672151	1.896549e-07	1.884996e-07	8.138736e-08	7977
680407	1.896615e-07	1.885046e-07	8.136015e-08	7977
688663	1.896682e-07	1.885097e-07	8.133294e-08	7977
696919	1.896748e-07	1.885147e-07	8.130572e-08	7977
705175	1.896815e-07	1.885198e-07	8.127851e-08	7977
713431	1.896881e-07	1.885248e-07	8.125129e-08	7977
721687	1.896947e-07	1.885299e-07	8.122407e-08	7977
729943	1.897014e-07	1.885350e-07	8.119686e-08	7977
738199	1.897080e-07	1.885400e-07	8.116964e-08	7977
746455	1.897146e-07	1.885451e-07	8.114242e-08	7977
754711	1.897212e-07	1.885501e-07	8.111520e-08	7977
762967	1.897278e-07	1.885552e-07	8.108798e-08	7977
771223	1.897344e-07	1.885603e-07	8.106075e-08	7977
779479	1.897410e-07	1.885653e-07	8.103353e-08	7977
787735	1.897476e-07	1.885704e-07	8.100631e-08	7977
795991	1.897542e-07	1.885754e-07	8.097908e-08	7977
804247	1.897608e-07	1.885805e-07	8.095186e-08	7977
812503	1.897674e-07	1.885855e-07	8.092463e-08	7977
820759	1.897740e-07	1.885906e-07	8.089740e-08	7977
829015	1.897806e-07	1.885957e-07	8.087017e-08	7977
837271	1.897871e-07	1.886007e-07	8.084294e-08	7977
845527	1.897937e-07	1.886058e-07	8.081571e-08	7977
853783	1.898003e-07	1.886108e-07	8.078848e-08	7977
862039	1.898068e-07	1.886159e-07	8.076125e-08	7977
870295	1.898134e-07	1.886210e-07	8.073401e-08	7977
878551	1.898199e-07	1.886260e-07	8.070678e-08	7977
886807	1.898265e-07	1.886311e-07	8.067954e-08	7977
895063	1.898330e-07	1.886362e-07	8.065231e-08	7977
903319	1.898396e-07	1.886412e-07	8.062507e-08	7977
911575	1.898461e-07	1.886463e-07	8.059783e-08	7977
919831	1.898526e-07	1.886513e-07	8.057059e-08	7977
928087	1.898592e-07	1.886564e-07	8.054335e-08	7977
936343	1.898657e-07	1.886614e-07	8.051611e-08	7977
944599	1.898722e-07	1.886665e-07	8.048887e-08	7977
952855	1.898787e-07	1.886716e-07	8.046162e-08	7977
961111	1.898852e-07	1.886766e-07	8.043438e-08	7977
969367	1.898917e-07	1.886817e-07	8.040713e-08	7977
977623	1.898982e-07	1.886868e-07	8.037989e-08	7977
985879	1.899047e-07	1.886918e-07	8.035264e-08	7977
994135	1.899112e-07	1.886969e-07	8.032540e-08	7977
1002391	1.899177e-07	1.887019e-07	8.029815e-08	7977
1010647	1.899242e-07	1.887070e-07	8.027090e-08	7977
1018903	1.899307e-07	1.887121e-07	8.024364e-08	7977
1027159	1.899372e-07	1.887171e-07	8.021640e-08	7977
1035415	1.899437e-07	1.887222e-07	8.018915e-08	7977
1043671	1.899501e-07	1.887273e-07	8.016189e-08	7977
1051927	1.899566e-07	1.887323e-07	8.013464e-08	7977
1060183	1.899631e-07	1.887374e-07	8.010738e-08	7977
1068439	1.899695e-07	1.887425e-07	8.008013e-08	7977
1076695	1.899760e-07	1.887475e-07	8.005287e-08	7977
1084951	1.899824e-07	1.887526e-07	8.002561e-08	7977
1093207	1.899889e-07	1.887577e-07	7.999835e-08	7977
1101463	1.899953e-07	1.887627e-07	7.997109e-08	7977
1109719	1.900018e-07	1.887678e-07	7.994383e-08	7977
1117975	1.900082e-07	1.887729e-07	7.991657e-08	7977
1126231	1.900146e-07	1.887779e-07	7.988931e-08	7977
1134487	1.900211e-07	1.887830e-07	7.986205e-08	7977
1142743	1.900275e-07	1.887881e-07	7.983478e-08	7977
1150999	1.900339e-07	1.887931e-07	7.980751e-08	7977
6876	1.807573e-07	1.902230e-07	8.665226e-08	19583
15132	1.807646e-07	1.902279e-07	8.662632e-08	19583
23388	1.807720e-07	1.902327e-07	8.660039e-08	19583
31644	1.807793e-07	1.902375e-07	8.657445e-08	19583
39900	1.807867e-07	1.902423e-07	8.654851e-08	19583
48156	1.807940e-07	1.902471e-07	8.652257e-08	19583
56412	1.808014e-07	1.902520e-07	8.649663e-08	19583
64668	1.808087e-07	1.902568e-07	8.647068e-08	19583
72924	1.808160e-07	1.902616e-07	8.644474e-08	19583
81180	1.808233e-07	1.902664e-07	8.641879e-08	19583
89436	1.808307e-07	1.902713e-07	8.639285e-08	19583
97692	1.808380e-07	1.902761e-07	8.636690e-08	19583
105948	1.808453e-07	1.902809e-07	8.634095e-08	19583
114204	1.808526e-07	1.902857e-07	8.631500e-08	19583
122460	1.808599e-07	1.902905e-07	8.628906e-08	19583
130716	1.808672e-07	1.902954e-07	8.626311e-08	19583
138972	1.808745e-07	1.903002e-07	8.623715e-08	19583
147228	1.808818e-07	1.903050e-07	8.621120e-08	19583
155484	1.808891e-07	1.903098e-07	8.618525e-08	19583
163740	1.808964e-07	1.903147e-07	8.615929e-08	19583
171996	1.809037e-07	1.903195e-07	8.613333e-08	19583
180252	1.809110e-07	1.903243e-07	8.610738e-08	19583
188508	1.809183e-07	1.903291e-07	8.608142e-08	19583
196764	1.809255e-07	1.903340e-07	8.605546e-08	19583
205020	1.809328e-07	1.903388e-07	8.602950e-08	19583
213276	1.809401e-07	1.903436e-07	8.600354e-08	19583
221532	1.809473e-07	1.903484e-07	8.597758e-08	19583
229788	1.809546e-07	1.903533e-07	8.595161e-08	19583
238044	1.809618e-07	1.903581e-07	8.592565e-08	19583
246300	1.809691e-07	1.903629e-07	8.589969e-08	19583
254556	1.809763e-07	1.903677e-07	8.587372e-08	19583
262812	1.809836e-07	1.903726e-07	8.584775e-08	19583
271068	1.809908e-07	1.903774e-07	8.582178e-08	19583
279324	1.809981e-07	1.903822e-07	8.579581e-08	19583
287580	1.810053e-07	1.903870e-07	8.576984e-08	19583
295836	1.810125e-07	1.903919e-07	8.574387e-08	19583
304092	1.810197e-07	1.903967e-07	8.571789e-08	19583
312348	1.810270e-07	1.904015e-07	8.569192e-08	19583
320604	1.810342e-07	1.904064e-07	8.566595e-08	19583
328860	1.810414e-07	1.904112e-07	8.563997e-08	19583
337116	1.810486e-07	1.904160e-07	8.561399e-08	19583
345372	1.810558e-07	1.904208e-07	8.558801e-08	19583
353628	1.810630e-07	1.904257e-07	8.556204e-08	19583
361884	1.810702e-07	1.904305e-07	8.553606e-08	19583
370140	1.810774e-07	1.904353e-07	8.551007e-08	19583
378396	1.810846e-07	1.904401e-07	8.548410e-08	19583
386652	1.810918e-07	1.904450e-07	8.545811e-08	19583
394908	1.810990e-07	1.904498e-07	8.543213e-08	19583
403164	1.811061e-07	1.904546e-07	8.540614e-08	19583
411420	1.811133e-07	1.904595e-07	8.538016e-08	19583
419676	1.811205e-07	1.904643e-07	8.535417e-08	19583
427932	1.811276e-07	1.904691e-07	8.532818e-08	19583
436188	1.811348e-07	1.904740e-07	8.530219e-08	19583
444444	1.811420e-07	1.904788e-07	8.527620e-08	19583
452700	1.811491e-07	1.904836e-07	8.525021e-08	19583
460956	1.811563e-07	1.904884e-07	8.522422e-08	19583
469212	1.811634e-07	1.904933e-07	8.519822e-08	19583
477468	1.811706e-07	1.904981e-07	8.517222e-08	19583
485724	1.811777e-07	1.905029e-07	8.514623e-08	19583
493980	1.811848e-07	1.905078e-07	8.512023e-08	19583
502236	1.811920e-07	1.905126e-07	8.509424e-08	19583
510492	1.811991e-07	1.905174e-07	8.506824e-08	19583
518748	1.812062e-07	1.905223e-07	8.504224e-08	19583
527004	1.812133e-07	1.905271e-07	8.501624e-08	19583
535260	1.812205e-07	1.905319e-07	8.499024e-08	19583
543516	1.812276e-07	1.905368e-07	8.496423e-08	19583
551772	1.812347e-07	1.905416e-07	8.493823e-08	19583
560028	1.812418e-07	1.905464e-07	8.491223e-08	19583
568284	1.812489e-07	1.905512e-07	8.488622e-08	19583
576540	1.812560e-07	1.905561e-07	8.486022e-08	19583
584796	1.812631e-07	1.905609e-07	8.483421e-08	19583
593052	1.812702e-07	1.905658e-07	8.480820e-08	19583
601308	1.812772e-07	1.905706e-07	8.478219e-08	19583
609564	1.812843e-07	1.905754e-07	8.475618e-08	19583
617820	1.812914e-07	1.905803e-07	8.473017e-08	19583
626076	1.812985e-07	1.905851e-07	8.470415e-08	19583
634332	1.813056e-07	1.905899e-07	8.467814e-08	19583
642588	1.813126e-07	1.905948e-07	8.465212e-08	19583
650844	1.813197e-07	1.905996e-07	8.462611e-08	19583
659100	1.813267e-07	1.906044e-07	8.460009e-08	19583
667356	1.813338e-07	1.906093e-07	8.457408e-08	19583
675612	1.813408e-07	1.906141e-07	8.454806e-08	19583
683868	1.813479e-07	1.906189e-07	8.452204e-08	19583
692124	1.813549e-07	1.906238e-07	8.449602e-08	19583
700380	1.813620e-07	1.906286e-07	8.447000e-08	19583
708636	1.813690e-07	1.906334e-07	8.444397e-08	19583
716892	1.813760e-07	1.906383e-07	8.441795e-08	19583
725148	1.813831e-07	1.906431e-07	8.439192e-08	19583
733404	1.813901e-07	1.906480e-07	8.436589e-08	19583
741660	1.813971e-07	1.906528e-07	8.433987e-08	19583
749916	1.814041e-07	1.906576e-07	8.431384e-08	19583
758172	1.814111e-07	1.906625e-07	8.428781e-08	19583
766428	1.814181e-07	1.906673e-07	8.426178e-08	19583
774684	1.814252e-07	1.906721e-07	8.423575e-08	19583
782940	1.814322e-07	1.906770e-07	8.420972e-08	19583
791196	1.814391e-07	1.906818e-07	8.418368e-08	19583
799452	1.814461e-07	1.906866e-07	8.415765e-08	19583
807708	1.814531e-07	1.906915e-07	8.413161e-08	19583
815964	1.814601e-07	1.906963e-07	8.410558e-08	19583
824220	1.814671e-07	1.907012e-07	8.407955e-08	19583
832476	1.814741e-07	1.907060e-07	8.405350e-08	19583
840732	1.814810e-07	1.907108e-07	8.402747e-08	19583
848988	1.814880e-07	1.907157e-07	8.400143e-08	19583
857244	1.814950e-07	1.907205e-07	8.397539e-08	19583
865500	1.815019e-07	1.907254e-07	8.394935e-08	19583
873756	1.815089e-07	1.907302e-07	8.392330e-08	19583
882012	1.815159e-07	1.907350e-07	8.389726e-08	19583
890268	1.815228e-07	1.907399e-07	8.387121e-08	19583
898524	1.815298e-07	1.907447e-07	8.384517e-08	19583
906780	1.815367e-07	1.907496e-07	8.381912e-08	19583
915036	1.815436e-07	1.907544e-07	8.379307e-08	19583
923292	1.815506e-07	1.907592e-07	8.376702e-08	19583
931548	1.815575e-07	1.907641e-07	8.374097e-08	19583
939804	1.815644e-07	1.907689e-07	8.371492e-08	19583
948060	1.815714e-07	1.907738e-07	8.368887e-08	19583
956316	1.815783e-07	1.907786e-07	8.366282e-08	19583
964572	1.815852e-07	1.907834e-07	8.363676e-08	19583
972828	1.815921e-07	1.907883e-07	8.361071e-08	19583
981084	1.815990e-07	1.907931e-07	8.358465e-08	19583
989340	1.816059e-07	1.907980e-07	8.355860e-08	19583
997596	1.816128e-07	1.908028e-07	8.353253e-08	19583
1005852	1.816197e-07	1.908077e-07	8.350648e-08	19583
1014108	1.816266e-07	1.908125e-07	8.348042e-08	19583
1022364	1.816335e-07	1.908173e-07	8.345436e-08	19583
1030620	1.816404e-07	1.908222e-07	8.342830e-08	19583
1038876	1.816473e-07	1.908270e-07	8.340223e-08	19583
1047132	1.816541e-07	1.908319e-07	8.337617e-08	19583
1055388	1.816610e-07	1.908367e-07	8.335010e-08	19583
1063644	1.816679e-07	1.908416e-07	8.332404e-08	19583
1071900	1.816747e-07	1.908464e-07	8.329797e-08	19583
1080156	1.816816e-07	1.908513e-07	8.327191e-08	19583
1088412	1.816884e-07	1.908561e-07	8.324584e-08	19583
1096668	1.816953e-07	1.908609e-07	8.321977e-08	19583
1104924	1.817021e-07	1.908658e-07	8.319370e-08	19583
1113180	1.817090e-07	1.908706e-07	8.316762e-08	19583
1121436	1.817158e-07	1.908755e-07	8.314155e-08	19583
1129692	1.817227e-07	1.908803e-07	8.311547e-08	19583
1137948	1.817295e-07	1.908852e-07	8.308940e-08	19583
1146204	1.817363e-07	1.908900e-07	8.306333e-08	19583
1154460	1.817432e-07	1.908949e-07	8.303725e-08	19583
1944	1.350448e-07	2.104221e-07	1.198713e-07	4385
10200	1.350564e-07	2.104257e-07	1.198519e-07	4385
18456	1.350679e-07	2.104293e-07	1.198325e-07	4385
26712	1.350795e-07	2.104329e-07	1.198131e-07	4385
34968	1.350911e-07	2.104365e-07	1.197937e-07	4385
43224	1.351027e-07	2.104401e-07	1.197743e-07	4385
51480	1.351142e-07	2.104437e-07	1.197549e-07	4385
59736	1.351258e-07	2.104473e-07	1.197355e-07	4385
67992	1.351374e-07	2.104509e-07	1.197161e-07	4385
76248	1.351490e-07	2.104545e-07	1.196967e-07	4385
84504	1.351605e-07	2.104582e-07	1.196773e-07	4385
92760	1.351721e-07	2.104618e-07	1.196579e-07	4385
101016	1.351836e-07	2.104654e-07	1.196385e-07	4385
109272	1.351952e-07	2.104690e-07	1.196191e-07	4385
117528	1.352067e-07	2.104726e-07	1.195997e-07	4385
125784	1.352183e-07	2.104762e-07	1.195803e-07	4385
134040	1.352298e-07	2.104798e-07	1.195609e-07	4385
142296	1.352413e-07	2.104834e-07	1.195415e-07	4385
150552	1.352529e-07	2.104870e-07	1.195221e-07	4385
158808	1.352644e-07	2.104907e-07	1.195027e-07	4385
167064	1.352759e-07	2.104943e-07	1.194833e-07	4385
175320	1.352875e-07	2.104979e-07	1.194638e-07	4385
183576	1.352990e-07	2.105015e-07	1.194444e-07	4385
191832	1.353105e-07	2.105051e-07	1.194250e-07	4385
200088	1.353220e-07	2.105087e-07	1.194056e-07	4385
208344	1.353336e-07	2.105123e-07	1.193862e-07	4385
216600	1.353451e-07	2.105159e-07	1.193667e-07	4385
224856	1.353566e-07	2.105195e-07	1.193473e-07	4385
233112	1.353681e-07	2.105232e-07	1.193279e-07	4385
241368	1.353796e-07	2.105268e-07	1.193085e-07	4385
249624	1.353911e-07	2.105304e-07	1.192890e-07	4385
257880	1.354026e-07	2.105340e-07	1.192696e-07	4385
266136	1.354141e-07	2.105376e-07	1.192502e-07	4385
274392	1.354256e-07	2.105412e-07	1.192307e-07	4385
282648	1.354371e-07	2.105449e-07	1.192113e-07	4385
290904	1.354485e-07	2.105485e-07	1.191918e-07	4385
299160	1.354600e-07	2.105521e-07	1.191724e-07	4385
307416	1.354715e-07	2.105557e-07	1.191530e-07	4385
315672	1.354830e-07	2.105593e-07	1.191335e-07	4385
323928	1.354945e-07	2.105629e-07	1.191141e-07	4385
332184	1.355059e-07	2.105666e-07	1.190946e-07	4385
340440	1.355174e-07	2.105702e-07	1.190752e-07	4385
348696	1.355289e-07	2.105738e-07	1.190557e-07	4385
356952	1.355403e-07	2.105774e-07	1.190363e-07	4385
365208	1.355518e-07	2.105810e-07	1.190168e-07	4385
373464	1.355633e-07	2.105847e-07	1.189974e-07	4385
381720	1.355747e-07	2.105883e-07	1.189779e-07	4385
389976	1.355862e-07	2.105919e-07	1.189584e-07	4385
398232	1.355976e-07	2.105955e-07	1.189390e-07	4385
406488	1.356091e-07	2.105991e-07	1.189195e-07	4385
414744	1.356205e-07	2.106027e-07	1.189001e-07	4385
423000	1.356319e-07	2.106064e-07	1.188806e-07	4385
431256	1.356434e-07	2.106100e-07	1.188611e-07	4385
439512	1.356548e-07	2.106136e-07	1.188416e-07	4385
447768	1.356662e-07	2.106172e-07	1.188222e-07	4385
456024	1.356777e-07	2.106209e-07	1.188027e-07	4385
464280	1.356891e-07	2.106245e-07	1.187832e-07	4385
472536	1.357005e-07	2.106281e-07	1.187638e-07	4385
480792	1.357119e-07	2.106317e-07	1.187443e-07	4385
489048	1.357234e-07	2.106354e-07	1.187248e-07	4385
497304	1.357348e-07	2.106390e-07	1.187053e-07	4385
505560	1.357462e-07	2.106426e-07	1.186858e-07	4385
513816	1.357576e-07	2.106462e-07	1.186663e-07	4385
522072	1.357690e-07	2.106499e-07	1.186469e-07	4385
530328	1.357804e-07	2.106535e-07	1.186274e-07	4385
538584	1.357918e-07	2.106571e-07	1.186079e-07	4385
546840	1.358032e-07	2.106607e-07	1.185884e-07	4385
555096	1.358146e-07	2.106644e-07	1.185689e-07	4385
563352	1.358260e-07	2.106680e-07	1.185494e-07	4385
571608	1.358374e-07	2.106716e-07	1.185299e-07	4385
579864	1.358488e-07	2.106752e-07	1.185104e-07	4385
588120	1.358601e-07	2.106789e-07	1.184909e-07	4385
596376	1.358715e-07	2.106825e-07	1.184714e-07	4385
604632	1.358829e-07	2.106861e-07	1.184519e-07	4385
612888	1.358943e-07	2.106897e-07	1.184324e-07	4385
621144	1.359057e-07	2.106934e-07	1.184129e-07	4385
629400	1.359170e-07	2.106970e-07	1.183934e-07	4385
637656	1.359284e-07	2.107006e-07	1.183739e-07	4385
645912	1.359398e-07	2.107043e-07	1.183544e-07	4385
654168	1.359511e-07	2.107079e-07	1.183349e-07	4385
662424	1.359625e-07	2.107115e-07	1.183154e-07	4385
670680	1.359738e-07	2.107152e-07	1.182958e-07	4385
678936	1.359852e-07	2.107188e-07	1.182763e-07	4385
687192	1.359965e-07	2.107224e-07	1.182568e-07	4385
695448	1.360079e-07	2.107260e-07	1.182373e-07	4385
703704	1.360192e-07	2.107297e-07	1.182178e-07	4385
711960	1.360306e-07	2.107333e-07	1.181982e-07	4385
720216	1.360419e-07	2.107369e-07	1.181787e-07	4385
728472	1.360532e-07	2.107406e-07	1.181592e-07	4385
736728	1.360646e-07	2.107442e-07	1.181397e-07	4385
744984	1.360759e-07	2.107478e-07	1.181201e-07	4385
753240	1.360872e-07	2.107515e-07	1.181006e-07	4385
761496	1.360985e-07	2.107551e-07	1.180811e-07	4385
769752	1.361098e-07	2.107587e-07	1.180615e-07	4385
778008	1.361212e-07	2.107624e-07	1.180420e-07	4385
786264	1.361325e-07	2.107660e-07	1.180225e-07	4385
794520	1.361438e-07	2.107696e-07	1.180029e-07	4385
802776	1.361551e-07	2.107733e-07	1.179834e-07	4385
811032	1.361664e-07	2.107769e-07	1.179638e-07	4385
819288	1.361777e-07	2.107806e-07	1.179443e-07	4385
827544	1.361890e-07	2.107842e-07	1.179247e-07	4385
835800	1.362003e-07	2.107878e-07	1.179052e-07	4385
844056	1.362116e-07	2.107915e-07	1.178857e-07	4385
852312	1.362229e-07	2.107951e-07	1.178661e-07	4385
860568	1.362342e-07	2.107987e-07	1.178465e-07	4385
868824	1.362454e-07	2.108024e-07	1.178270e-07	4385
877080	1.362567e-07	2.108060e-07	1.178074e-07	4385
885336	1.362680e-07	2.108096e-07	1.177879e-07	4385
893592	1.362793e-07	2.108133e-07	1.177683e-07	4385
901848	1.362906e-07	2.108169e-07	1.177488e-07	4385
910104	1.363018e-07	2.108206e-07	1.177292e-07	4385
918360	1.363131e-07	2.108242e-07	1.177096e-07	4385
926616	1.363244e-07	2.108278e-07	1.176901e-07	4385
934872	1.363356e-07	2.108315e-07	1.176705e-07	4385
943128	1.363469e-07	2.108351e-07	1.176509e-07	4385
951384	1.363581e-07	2.108388e-07	1.176314e-07	4385
959640	1.363694e-07	2.108424e-07	1.176118e-07	4385
967896	1.363806e-07	2.108460e-07	1.175922e-07	4385
976152	1.363919e-07	2.108497e-07	1.175726e-07	4385
984408	1.364031e-07	2.108533e-07	1.175531e-07	4385
992664	1.364144e-07	2.108570e-07	1.175335e-07	4385
1000920	1.364256e-07	2.108606e-07	1.175139e-07	4385
1009176	1.364368e-07	2.108643e-07	1.174943e-07	4385
1017432	1.364481e-07	2.108679e-07	1.174747e-07	4385
1025688	1.364593e-07	2.108715e-07	1.174552e-07	4385
1033944	1.364705e-07	2.108752e-07	1.174356e-07	4385
1042200	1.364818e-07	2.108788e-07	1.174160e-07	4385
1050456	1.364930e-07	2.108825e-07	1.173964e-07	4385
1058712	1.365042e-07	2.108861e-07	1.173768e-07	4385
1066968	1.365154e-07	2.108898e-07	1.173572e-07	4385
1075224	1.365266e-07	2.108934e-07	1.173376e-07	4385
1083480	1.365378e-07	2.108971e-07	1.173180e-07	4385
1091736	1.365490e-07	2.109007e-07	1.172984e-07	4385
1099992	1.365602e-07	2.109043e-07	1.172788e-07	4385
1108248	1.365714e-07	2.109080e-07	1.172592e-07	4385
1116504	1.365826e-07	2.109116e-07	1.172396e-07	4385
1124760	1.365938e-07	2.109153e-07	1.172200e-07	4385
1133016	1.366050e-07	2.109189e-07	1.172004e-07	4385
1141272	1.366162e-07	2.109226e-07	1.171808e-07	4385
1149528	1.366274e-07	2.109262e-07	1.171612e-07	4385
48	1.801325e-07	2.113173e-07	1.045945e-07	305
8304	1.801419e-07	2.113221e-07	1.045687e-07	305
16560	1.801512e-07	2.113269e-07	1.045428e-07	305
24816	1.801606e-07	2.113318e-07	1.045170e-07	305
33072	1.801699e-07	2.113366e-07	1.044911e-07	305
41328	1.801793e-07	2.113414e-07	1.044653e-07	305
49584	1.801886e-07	2.113462e-07	1.044394e-07	305
57840	1.801980e-07	2.113510e-07	1.044136e-07	305
66096	1.802073e-07	2.113558e-07	1.043877e-07	305
74352	1.802167e-07	2.113606e-07	1.043619e-07	305
82608	1.802260e-07	2.113654e-07	1.043360e-07	305
90864	1.802353e-07	2.113702e-07	1.043101e-07	305
99120	1.802447e-07	2.113750e-07	1.042843e-07	305
107376	1.802540e-07	2.113798e-07	1.042584e-07	305
115632	1.802633e-07	2.113846e-07	1.042325e-07	305
123888	1.802726e-07	2.113894e-07	1.042067e-07	305
132144	1.802819e-07	2.113943e-07	1.041808e-07	305
140400	1.802913e-07	2.113991e-07	1.041549e-07	305
148656	1.803006e-07	2.114039e-07	1.041291e-07	305
156912	1.803099e-07	2.114087e-07	1.041032e-07	305
165168	1.803191e-07	2.114135e-07	1.040773e-07	305
173424	1.803284e-07	2.114183e-07	1.040514e-07	305
181680	1.803377e-07	2.114231e-07	1.040256e-07	305
189936	1.803470e-07	2.114279e-07	1.039997e-07	305
198192	1.803563e-07	2.114327e-07	1.039738e-07	305
206448	1.803656e-07	2.114376e-07	1.039479e-07	305
214704	1.803749e-07	2.114424e-07	1.039220e-07	305
222960	1.803841e-07	2.114472e-07	1.038962e-07	305
231216	1.803934e-07	2.114520e-07	1.038703e-07	305
239472	1.804027e-07	2.114568e-07	1.038444e-07	305
247728	1.804119e-07	2.114616e-07	1.038185e-07	305
255984	1.804212e-07	2.114664e-07	1.037926e-07	305
264240	1.804304e-07	2.114712e-07	1.037667e-07	305
272496	1.804397e-07	2.114760e-07	1.037408e-07	305
280752	1.804489e-07	2.114809e-07	1.037149e-07	305
289008	1.804581e-07	2.114857e-07	1.036890e-07	305
297264	1.804674e-07	2.114905e-07	1.036631e-07	305
305520	1.804766e-07	2.114953e-07	1.036373e-07	305
313776	1.804858e-07	2.115001e-07	1.036114e-07	305
322032	1.804951e-07	2.115049e-07	1.035855e-07	305
330288	1.805043e-07	2.115097e-07	1.035596e-07	305
338544	1.805135e-07	2.115146e-07	1.035337e-07	305
346800	1.805227e-07	2.115194e-07	1.035078e-07	305
355056	1.805319e-07	2.115242e-07	1.034818e-07	305
363312	1.805411e-07	2.115290e-07	1.034559e-07	305
371568	1.805503e-07	2.115338e-07	1.034300e-07	305
379824	1.805595e-07	2.115386e-07	1.034041e-07	305
388080	1.805687e-07	2.115435e-07	1.033782e-07	305
396336	1.805779e-07	2.115483e-07	1.033523e-07	305
404592	1.805871e-07	2.115531e-07	1.033264e-07	305
412848	1.805963e-07	2.115579e-07	1.033005e-07	305
421104	1.806055e-07	2.115627e-07	1.032746e-07	305
429360	1.806146e-07	2.115675e-07	1.032486e-07	305
437616	1.806238e-07	2.115724e-07	1.032227e-07	305
445872	1.806330e-07	2.115772e-07	1.031968e-07	305
454128	1.806421e-07	2.115820e-07	1.031709e-07	305
462384	1.806513e-07	2.115868e-07	1.031450e-07	305
470640	1.806605e-07	2.115916e-07	1.031190e-07	305
478896	1.806696e-07	2.115964e-07	1.030931e-07	305
487152	1.806787e-07	2.116013e-07	1.030672e-07	305
495408	1.806879e-07	2.116061e-07	1.030413e-07	305
503664	1.806970e-07	2.116109e-07	1.030153e-07	305
511920	1.807062e-07	2.116157e-07	1.029894e-07	305
520176	1.807153e-07	2.116205e-07	1.029635e-07	305
528432	1.807244e-07	2.116254e-07	1.029375e-07	305
536688	1.807336e-07	2.116302e-07	1.029116e-07	305
544944	1.807427e-07	2.116350e-07	1.028857e-07	305
553200	1.807518e-07	2.116398e-07	1.028597e-07	305
561456	1.807609e-07	2.116446e-07	1.028338e-07	305
569712	1.807700e-07	2.116495e-07	1.028079e-07	305
577968	1.807791e-07	2.116543e-07	1.027819e-07	305
586224	1.807882e-07	2.116591e-07	1.027560e-07	305
594480	1.807973e-07	2.116639e-07	1.027300e-07	305
602736	1.808064e-07	2.116688e-07	1.027041e-07	305
610992	1.808155e-07	2.116736e-07	1.026782e-07	305
619248	1.808246e-07	2.116784e-07	1.026522e-07	305
627504	1.808337e-07	2.116832e-07	1.026263e-07	305
635760	1.808427e-07	2.116880e-07	1.026003e-07	305
644016	1.808518e-07	2.116929e-07	1.025744e-07	305
652272	1.808609e-07	2.116977e-07	1.025484e-07	305
660528	1.808699e-07	2.117025e-07	1.025225e-07	305
668784	1.808790e-07	2.117073e-07	1.024965e-07	305
677040	1.808881e-07	2.117122e-07	1.024705e-07	305
685296	1.808971e-07	2.117170e-07	1.024446e-07	305
693552	1.809062e-07	2.117218e-07	1.024186e-07	305
701808	1.809152e-07	2.117266e-07	1.023927e-07	305
710064	1.809243e-07	2.117315e-07	1.023667e-07	305
718320	1.809333e-07	2.117363e-07	1.023407e-07	305
726576	1.809423e-07	2.117411e-07	1.023148e-07	305
734832	1.809514e-07	2.117460e-07	1.022888e-07	305
743088	1.809604e-07	2.117508e-07	1.022629e-07	305
751344	1.809694e-07	2.117556e-07	1.022369e-07	305
759600	1.809784e-07	2.117604e-07	1.022109e-07	305
767856	1.809875e-07	2.117653e-07	1.021849e-07	305
776112	1.809965e-07	2.117701e-07	1.021590e-07	305
784368	1.810055e-07	2.117749e-07	1.021330e-07	305
792624	1.810145e-07	2.117797e-07	1.021070e-07	305
800880	1.810235e-07	2.117846e-07	1.020811e-07	305
809136	1.810325e-07	2.117894e-07	1.020551e-07	305
817392	1.810415e-07	2.117942e-07	1.020291e-07	305
825648	1.810505e-07	2.117991e-07	1.020031e-07	305
833904	1.810595e-07	2.118039e-07	1.019771e-07	305
842160	1.810684e-07	2.118087e-07	1.019512e-07	305
850416	1.810774e-07	2.118135e-07	1.019252e-07	305
858672	1.810864e-07	2.118184e-07	1.018992e-07	305
866928	1.810954e-07	2.118232e-07	1.018732e-07	305
875184	1.811043e-07	2.118280e-07	1.018472e-07	305
883440	1.811133e-07	2.118329e-07	1.018212e-07	305
891696	1.811222e-07	2.118377e-07	1.017952e-07	305
899952	1.811312e-07	2.118425e-07	1.017693e-07	305
908208	1.811402e-07	2.118474e-07	1.017433e-07	305
916464	1.811491e-07	2.118522e-07	1.017173e-07	305
924720	1.811580e-07	2.118570e-07	1.016913e-07	305
932976	1.811670e-07	2.118619e-07	1.016653e-07	305
941232	1.811759e-07	2.118667e-07	1.016393e-07	305
949488	1.811848e-07	2.118715e-07	1.016133e-07	305
957744	1.811938e-07	2.118764e-07	1.015873e-07	305
966000	1.812027e-07	2.118812e-07	1.015613e-07	305
974256	1.812116e-07	2.118860e-07	1.015353e-07	305
982512	1.812205e-07	2.118908e-07	1.015093e-07	305
990768	1.812295e-07	2.118957e-07	1.014833e-07	305
999024	1.812384e-07	2.119005e-07	1.014573e-07	305
1007280	1.812473e-07	2.119054e-07	1.014313e-07	305
1015536	1.812562e-07	2.119102e-07	1.014052e-07	305
1023792	1.812651e-07	2.119150e-07	1.013792e-07	305
1032048	1.812740e-07	2.119199e-07	1.013532e-07	305
1040304	1.812828e-07	2.119247e-07	1.013272e-07	305
1048560	1.812917e-07	2.119295e-07	1.013012e-07	305
1056816	1.813006e-07	2.119344e-07	1.012752e-07	305
1065072	1.813095e-07	2.119392e-07	1.012492e-07	305
1073328	1.813184e-07	2.119440e-07	1.012232e-07	305
1081584	1.813272e-07	2.119489e-07	1.011971e-07	305
1089840	1.813361e-07	2.119537e-07	1.011711e-07	305
1098096	1.813450e-07	2.119586e-07	1.011451e-07	305
1106352	1.813538e-07	2.119634e-07	1.011191e-07	305
1114608	1.813627e-07	2.119682e-07	1.010931e-07	305
1122864	1.813715e-07	2.119731e-07	1.010670e-07	305
1131120	1.813804e-07	2.119779e-07	1.010410e-07	305
1139376	1.813892e-07	2.119827e-07	1.010150e-07	305
1147632	1.813981e-07	2.119876e-07	1.009889e-07	305
1951	2.367467e-07	2.154899e-07	8.831822e-08	4392
10207	2.367536e-07	2.154962e-07	8.828425e-08	4392
18463	2.367605e-07	2.155025e-07	8.825028e-08	4392
26719	2.367674e-07	2.155088e-07	8.821631e-08	4392
34975	2.367743e-07	2.155152e-07	8.818234e-08	4392
43231	2.367812e-07	2.155215e-07	8.814838e-08	4392
51487	2.367881e-07	2.155278e-07	8.811440e-08	4392
59743	2.367950e-07	2.155341e-07	8.808043e-08	4392
67999	2.368019e-07	2.155404e-07	8.804646e-08	4392
76255	2.368088e-07	2.155467e-07	8.801248e-08	4392
84511	2.368157e-07	2.155530e-07	8.797851e-08	4392
92767	2.368225e-07	2.155593e-07	8.794453e-08	4392
101023	2.368294e-07	2.155657e-07	8.791055e-08	4392
109279	2.368363e-07	2.155720e-07	8.787657e-08	4392
117535	2.368431e-07	2.155783e-07	8.784259e-08	4392
125791	2.368500e-07	2.155846e-07	8.780861e-08	4392
134047	2.368568e-07	2.155909e-07	8.777463e-08	4392
142303	2.368637e-07	2.155972e-07	8.774064e-08	4392
150559	2.368705e-07	2.156035e-07	8.770666e-08	4392
158815	2.368774e-07	2.156098e-07	8.767268e-08	4392
167071	2.368842e-07	2.156162e-07	8.763870e-08	4392
175327	2.368910e-07	2.156225e-07	8.760470e-08	4392
183583	2.368978e-07	2.156288e-07	8.757072e-08	4392
191839	2.369046e-07	2.156351e-07	8.753673e-08	4392
200095	2.369114e-07	2.156414e-07	8.750274e-08	4392
208351	2.369183e-07	2.156477e-07	8.746875e-08	4392
216607	2.369250e-07	2.156541e-07	8.743476e-08	4392
224863	2.369318e-07	2.156604e-07	8.740076e-08	4392
233119	2.369386e-07	2.156667e-07	8.736677e-08	4392
241375	2.369454e-07	2.156730e-07	8.733278e-08	4392
249631	2.369522e-07	2.156793e-07	8.729879e-08	4392
257887	2.369590e-07	2.156856e-07	8.726479e-08	4392
266143	2.369657e-07	2.156920e-07	8.723079e-08	4392
274399	2.369725e-07	2.156983e-07	8.719680e-08	4392
282655	2.369793e-07	2.157046e-07	8.716280e-08	4392
290911	2.369860e-07	2.157109e-07	8.712880e-08	4392
299167	2.369928e-07	2.157172e-07	8.709479e-08	4392
307423	2.369995e-07	2.157235e-07	8.706079e-08	4392
315679	2.370062e-07	2.157299e-07	8.702678e-08	4392
323935	2.370130e-07	2.157362e-07	8.699278e-08	4392
332191	2.370197e-07	2.157425e-07	8.695878e-08	4392
340447	2.370264e-07	2.157488e-07	8.692477e-08	4392
348703	2.370331e-07	2.157551e-07	8.689076e-08	4392
356959	2.370399e-07	2.157614e-07	8.685676e-08	4392
365215	2.370466e-07	2.157678e-07	8.682275e-08	4392
373471	2.370533e-07	2.157741e-07	8.678874e-08	4392
381727	2.370600e-07	2.157804e-07	8.675473e-08	4392
389983	2.370667e-07	2.157867e-07	8.672072e-08	4392
398239	2.370733e-07	2.157930e-07	8.668670e-08	4392
406495	2.370800e-07	2.157994e-07	8.665269e-08	4392
414751	2.370867e-07	2.158057e-07	8.661868e-08	4392
423007	2.370934e-07	2.158120e-07	8.658466e-08	4392
431263	2.371000e-07	2.158183e-07	8.655064e-08	4392
439519	2.371067e-07	2.158246e-07	8.651663e-08	4392
447775	2.371134e-07	2.158310e-07	8.648261e-08	4392
456031	2.371200e-07	2.158373e-07	8.644859e-08	4392
464287	2.371267e-07	2.158436e-07	8.641457e-08	4392
472543	2.371333e-07	2.158499e-07	8.638055e-08	4392
480799	2.371399e-07	2.158562e-07	8.634652e-08	4392
489055	2.371466e-07	2.158626e-07	8.631250e-08	4392
497311	2.371532e-07	2.158689e-07	8.627848e-08	4392
505567	2.371598e-07	2.158752e-07	8.624446e-08	4392
513823	2.371664e-07	2.158815e-07	8.621043e-08	4392
522079	2.371730e-07	2.158879e-07	8.617640e-08	4392
530335	2.371796e-07	2.158942e-07	8.614237e-08	4392
538591	2.371863e-07	2.159005e-07	8.610834e-08	4392
546847	2.371929e-07	2.159068e-07	8.607432e-08	4392
555103	2.371994e-07	2.159131e-07	8.604028e-08	4392
563359	2.372060e-07	2.159195e-07	8.600625e-08	4392
571615	2.372126e-07	2.159258e-07	8.597222e-08	4392
579871	2.372192e-07	2.159321e-07	8.593818e-08	4392
588127	2.372258e-07	2.159384e-07	8.590415e-08	4392
596383	2.372323e-07	2.159448e-07	8.587011e-08	4392
604639	2.372389e-07	2.159511e-07	8.583608e-08	4392
612895	2.372454e-07	2.159574e-07	8.580204e-08	4392
621151	2.372520e-07	2.159637e-07	8.576800e-08	4392
629407	2.372585e-07	2.159700e-07	8.573397e-08	4392
637663	2.372651e-07	2.159764e-07	8.569992e-08	4392
645919	2.372716e-07	2.159827e-07	8.566588e-08	4392
654175	2.372781e-07	2.159890e-07	8.563184e-08	4392
662431	2.372847e-07	2.159953e-07	8.559780e-08	4392
670687	2.372912e-07	2.160017e-07	8.556376e-08	4392
678943	2.372977e-07	2.160080e-07	8.552971e-08	4392
687199	2.373042e-07	2.160143e-07	8.549566e-08	4392
695455	2.373107e-07	2.160207e-07	8.546161e-08	4392
703711	2.373172e-07	2.160270e-07	8.542757e-08	4392
711967	2.373237e-07	2.160333e-07	8.539352e-08	4392
720223	2.373302e-07	2.160396e-07	8.535947e-08	4392
728479	2.373367e-07	2.160459e-07	8.532542e-08	4392
736735	2.373432e-07	2.160523e-07	8.529137e-08	4392
744991	2.373497e-07	2.160586e-07	8.525731e-08	4392
753247	2.373561e-07	2.160649e-07	8.522326e-08	4392
761503	2.373626e-07	2.160713e-07	8.518921e-08	4392
769759	2.373691e-07	2.160776e-07	8.515515e-08	4392
778015	2.373755e-07	2.160839e-07	8.512109e-08	4392
786271	2.373820e-07	2.160902e-07	8.508704e-08	4392
794527	2.373884e-07	2.160966e-07	8.505298e-08	4392
802783	2.373948e-07	2.161029e-07	8.501893e-08	4392
811039	2.374013e-07	2.161092e-07	8.498486e-08	4392
819295	2.374077e-07	2.161156e-07	8.495081e-08	4392
827551	2.374141e-07	2.161219e-07	8.491674e-08	4392
835807	2.374206e-07	2.161282e-07	8.488268e-08	4392
844063	2.374270e-07	2.161345e-07	8.484862e-08	4392
852319	2.374334e-07	2.161409e-07	8.481455e-08	4392
860575	2.374398e-07	2.161472e-07	8.478049e-08	4392
868831	2.374462e-07	2.161535e-07	8.474642e-08	4392
877087	2.374526e-07	2.161598e-07	8.471235e-08	4392
885343	2.374590e-07	2.161662e-07	8.467828e-08	4392
893599	2.374654e-07	2.161725e-07	8.464421e-08	4392
901855	2.374717e-07	2.161788e-07	8.461014e-08	4392
910111	2.374781e-07	2.161852e-07	8.457607e-08	4392
918367	2.374845e-07	2.161915e-07	8.454200e-08	4392
926623	2.374908e-07	2.161978e-07	8.450793e-08	4392
934879	2.374972e-07	2.162042e-07	8.447385e-08	4392
943135	2.375036e-07	2.162105e-07	8.443978e-08	4392
951391	2.375099e-07	2.162168e-07	8.440571e-08	4392
959647	2.375162e-07	2.162231e-07	8.437163e-08	4392
967903	2.375226e-07	2.162295e-07	8.433756e-08	4392
976159	2.375289e-07	2.162358e-07	8.430347e-08	4392
984415	2.375352e-07	2.162421e-07	8.426940e-08	4392
992671	2.375416e-07	2.162485e-07	8.423532e-08	4392
1000927	2.375479e-07	2.162548e-07	8.420124e-08	4392
1009183	2.375542e-07	2.162611e-07	8.416716e-08	4392
1017439	2.375605e-07	2.162675e-07	8.413307e-08	4392
1025695	2.375668e-07	2.162738e-07	8.409899e-08	4392
1033951	2.375731e-07	2.162801e-07	8.406491e-08	4392
1042207	2.375794e-07	2.162865e-07	8.403082e-08	4392
1050463	2.375857e-07	2.162928e-07	8.399673e-08	4392
1058719	2.375920e-07	2.162991e-07	8.396265e-08	4392
1066975	2.375983e-07	2.163055e-07	8.392855e-08	4392
1075231	2.376045e-07	2.163118e-07	8.389447e-08	4392
1083487	2.376108e-07	2.163181e-07	8.386038e-08	4392
1091743	2.376171e-07	2.163245e-07	8.382629e-08	4392
1099999	2.376233e-07	2.163308e-07	8.379219e-08	4392
1108255	2.376296e-07	2.163371e-07	8.375810e-08	4392
1116511	2.376358e-07	2.163435e-07	8.372401e-08	4392
1124767	2.376421e-07	2.163498e-07	8.368992e-08	4392
1133023	2.376483e-07	2.163561e-07	8.365582e-08	4392
1141279	2.376545e-07	2.163625e-07	8.362173e-08	4392
1149535	2.376608e-07	2.163688e-07	8.358763e-08	4392
301	3.761855e-07	2.221466e-07	4.784485e-08	817
8557	3.761864e-07	2.221566e-07	4.779089e-08	817
16813	3.761874e-07	2.221666e-07	4.773693e-08	817
25069	3.761883e-07	2.221766e-07	4.768296e-08	817
33325	3.761892e-07	2.221867e-07	4.762900e-08	817
41581	3.761901e-07	2.221967e-07	4.757504e-08	817
49837	3.761910e-07	2.222067e-07	4.752108e-08	817
58093	3.761919e-07	2.222167e-07	4.746711e-08	817
66349	3.761928e-07	2.222267e-07	4.741315e-08	817
74605	3.761937e-07	2.222368e-07	4.735919e-08	817
82861	3.761945e-07	2.222468e-07	4.730523e-08	817
91117	3.761954e-07	2.222568e-07	4.725127e-08	817
99373	3.761963e-07	2.222668e-07	4.719730e-08	817
107629	3.761971e-07	2.222768e-07	4.714334e-08	817
115885	3.761980e-07	2.222869e-07	4.708938e-08	817
124141	3.761988e-07	2.222969e-07	4.703541e-08	817
132397	3.761996e-07	2.223069e-07	4.698145e-08	817
140653	3.762004e-07	2.223169e-07	4.692749e-08	817
148909	3.762012e-07	2.223269e-07	4.687353e-08	817
157165	3.762020e-07	2.223370e-07	4.681956e-08	817
165421	3.762028e-07	2.223470e-07	4.676560e-08	817
173677	3.762036e-07	2.223570e-07	4.671163e-08	817
181933	3.762044e-07	2.223670e-07	4.665767e-08	817
190189	3.762052e-07	2.223770e-07	4.660371e-08	817
198445	3.762059e-07	2.223871e-07	4.654974e-08	817
206701	3.762067e-07	2.223971e-07	4.649578e-08	817
214957	3.762074e-07	2.224071e-07	4.644182e-08	817
223213	3.762081e-07	2.224171e-07	4.638785e-08	817
231469	3.762088e-07	2.224271e-07	4.633388e-08	817
239725	3.762096e-07	2.224372e-07	4.627992e-08	817
247981	3.762103e-07	2.224472e-07	4.622596e-08	817
256237	3.762110e-07	2.224572e-07	4.617199e-08	817
264493	3.762117e-07	2.224672e-07	4.611802e-08	817
272749	3.762124e-07	2.224772e-07	4.606406e-08	817
281005	3.762131e-07	2.224873e-07	4.601010e-08	817
289261	3.762137e-07	2.224973e-07	4.595613e-08	817
297517	3.762144e-07	2.225073e-07	4.590217e-08	817
305773	3.762150e-07	2.225173e-07	4.584820e-08	817
314029	3.762157e-07	2.225273e-07	4.579423e-08	817
322285	3.762163e-07	2.225374e-07	4.574027e-08	817
330541	3.762169e-07	2.225474e-07	4.568630e-08	817
338797	3.762176e-07	2.225574e-07	4.563234e-08	817
347053	3.762182e-07	2.225674e-07	4.557837e-08	817
355309	3.762188e-07	2.225774e-07	4.552441e-08	817
363565	3.762194e-07	2.225875e-07	4.547044e-08	817
371821	3.762200e-07	2.225975e-07	4.541647e-08	817
380077	3.762206e-07	2.226075e-07	4.536251e-08	817
388333	3.762211e-07	2.226175e-07	4.530854e-08	817
396589	3.762217e-07	2.226275e-07	4.525457e-08	817
404845	3.762223e-07	2.226376e-07	4.520061e-08	817
413101	3.762228e-07	2.226476e-07	4.514664e-08	817
421357	3.762233e-07	2.226576e-07	4.509268e-08	817
429613	3.762239e-07	2.226676e-07	4.503871e-08	817
437869	3.762244e-07	2.226776e-07	4.498474e-08	817
446125	3.762249e-07	2.226877e-07	4.493078e-08	817
454381	3.762254e-07	2.226977e-07	4.487681e-08	817
462637	3.762259e-07	2.227077e-07	4.482284e-08	817
470893	3.762264e-07	2.227177e-07	4.476887e-08	817
479149	3.762269e-07	2.227277e-07	4.471491e-08	817
487405	3.762274e-07	2.227378e-07	4.466094e-08	817
495661	3.762279e-07	2.227478e-07	4.460697e-08	817
503917	3.762283e-07	2.227578e-07	4.455300e-08	817
512173	3.762288e-07	2.227678e-07	4.449904e-08	817
520429	3.762292e-07	2.227779e-07	4.444507e-08	817
528685	3.762297e-07	2.227879e-07	4.439110e-08	817
536941	3.762301e-07	2.227979e-07	4.433713e-08	817
545197	3.762305e-07	2.228079e-07	4.428317e-08	817
553453	3.762309e-07	2.228179e-07	4.422920e-08	817
561709	3.762313e-07	2.228279e-07	4.417523e-08	817
569965	3.762317e-07	2.228380e-07	4.412126e-08	817
578221	3.762321e-07	2.228480e-07	4.406730e-08	817
586477	3.762325e-07	2.228580e-07	4.401333e-08	817
594733	3.762329e-07	2.228680e-07	4.395936e-08	817
602989	3.762332e-07	2.228781e-07	4.390539e-08	817
611245	3.762336e-07	2.228881e-07	4.385143e-08	817
619501	3.762339e-07	2.228981e-07	4.379746e-08	817
627757	3.762343e-07	2.229081e-07	4.374349e-08	817
636013	3.762346e-07	2.229181e-07	4.368952e-08	817
644269	3.762350e-07	2.229282e-07	4.363555e-08	817
652525	3.762353e-07	2.229382e-07	4.358158e-08	817
660781	3.762356e-07	2.229482e-07	4.352761e-08	817
669037	3.762359e-07	2.229582e-07	4.347365e-08	817
677293	3.762362e-07	2.229682e-07	4.341968e-08	817
685549	3.762365e-07	2.229783e-07	4.336571e-08	817
693805	3.762367e-07	2.229883e-07	4.331174e-08	817
702061	3.762370e-07	2.229983e-07	4.325777e-08	817
710317	3.762373e-07	2.230083e-07	4.320380e-08	817
718573	3.762375e-07	2.230183e-07	4.314984e-08	817
726829	3.762378e-07	2.230284e-07	4.309587e-08	817
735085	3.762380e-07	2.230384e-07	4.304190e-08	817
743341	3.762382e-07	2.230484e-07	4.298793e-08	817
751597	3.762385e-07	2.230584e-07	4.293396e-08	817
759853	3.762387e-07	2.230684e-07	4.287999e-08	817
768109	3.762389e-07	2.230785e-07	4.282602e-08	817
776365	3.762391e-07	2.230885e-07	4.277205e-08	817
784621	3.762393e-07	2.230985e-07	4.271809e-08	817
792877	3.762395e-07	2.231085e-07	4.266412e-08	817
801133	3.762396e-07	2.231185e-07	4.261015e-08	817
809389	3.762398e-07	2.231286e-07	4.255618e-08	817
817645	3.762399e-07	2.231386e-07	4.250221e-08	817
825901	3.762401e-07	2.231486e-07	4.244824e-08	817
834157	3.762402e-07	2.231586e-07	4.239427e-08	817
842413	3.762404e-07	2.231687e-07	4.234030e-08	817
850669	3.762405e-07	2.231787e-07	4.228633e-08	817
858925	3.762406e-07	2.231887e-07	4.223236e-08	817
867181	3.762407e-07	2.231987e-07	4.217839e-08	817
875437	3.762408e-07	2.232087e-07	4.212442e-08	817
883693	3.762409e-07	2.232187e-07	4.207045e-08	817
891949	3.762410e-07	2.232288e-07	4.201648e-08	817
900205	3.762411e-07	2.232388e-07	4.196252e-08	817
908461	3.762412e-07	2.232488e-07	4.190855e-08	817
916717	3.762412e-07	2.232588e-07	4.185458e-08	817
924973	3.762413e-07	2.232689e-07	4.180061e-08	817
933229	3.762413e-07	2.232789e-07	4.174664e-08	817
941485	3.762414e-07	2.232889e-07	4.169267e-08	817
949741	3.762414e-07	2.232989e-07	4.163870e-08	817
957997	3.762414e-07	2.233089e-07	4.158473e-08	817
966253	3.762414e-07	2.233190e-07	4.153076e-08	817
974509	3.762414e-07	2.233290e-07	4.147679e-08	817
982765	3.762414e-07	2.233390e-07	4.142282e-08	817
991021	3.762414e-07	2.233490e-07	4.136885e-08	817
999277	3.762414e-07	2.233590e-07	4.131488e-08	817
1007533	3.762414e-07	2.233691e-07	4.126091e-08	817
1015789	3.762413e-07	2.233791e-07	4.120695e-08	817
1024045	3.762413e-07	2.233891e-07	4.115298e-08	817
1032301	3.762412e-07	2.233991e-07	4.109901e-08	817
1040557	3.762412e-07	2.234091e-07	4.104504e-08	817
1048813	3.762411e-07	2.234192e-07	4.099107e-08	817
1057069	3.762410e-07	2.234292e-07	4.093710e-08	817
1065325	3.762410e-07	2.234392e-07	4.088313e-08	817
1073581	3.762409e-07	2.234492e-07	4.082916e-08	817
1081837	3.762408e-07	2.234593e-07	4.077519e-08	817
1090093	3.762406e-07	2.234693e-07	4.072122e-08	817
1098349	3.762405e-07	2.234793e-07	4.066725e-08	817
1106605	3.762404e-07	2.234893e-07	4.061328e-08	817
1114861	3.762403e-07	2.234993e-07	4.055931e-08	817
1123117	3.762401e-07	2.235093e-07	4.050534e-08	817
1131373	3.762400e-07	2.235194e-07	4.045138e-08	817
1139629	3.762399e-07	2.235294e-07	4.039741e-08	817
1147885	3.762397e-07	2.235394e-07	4.034344e-08	817
175	3.560694e-07	2.320963e-07	6.240821e-08	561
8431	3.560722e-07	2.321057e-07	6.235713e-08	561
16687	3.560749e-07	2.321152e-07	6.230606e-08	561
24943	3.560777e-07	2.321247e-07	6.225498e-08	561
33199	3.560804e-07	2.321342e-07	6.220390e-08	561
41455	3.560831e-07	2.321437e-07	6.215281e-08	561
49711	3.560859e-07	2.321532e-07	6.210174e-08	561
57967	3.560886e-07	2.321627e-07	6.205066e-08	561
66223	3.560913e-07	2.321722e-07	6.199958e-08	561
74479	3.560940e-07	2.321816e-07	6.194850e-08	561
82735	3.560967e-07	2.321911e-07	6.189742e-08	561
90991	3.560994e-07	2.322006e-07	6.184634e-08	561
99247	3.561021e-07	2.322101e-07	6.179525e-08	561
107503	3.561047e-07	2.322196e-07	6.174417e-08	561
115759	3.561074e-07	2.322291e-07	6.169309e-08	561
124015	3.561101e-07	2.322385e-07	6.164201e-08	561
132271	3.561127e-07	2.322480e-07	6.159092e-08	561
140527	3.561154e-07	2.322575e-07	6.153984e-08	561
148783	3.561180e-07	2.322670e-07	6.148875e-08	561
157039	3.561207e-07	2.322765e-07	6.143767e-08	561
165295	3.561233e-07	2.322860e-07	6.138658e-08	561
173551	3.561259e-07	2.322955e-07	6.133550e-08	561
181807	3.561285e-07	2.323050e-07	6.128441e-08	561
190063	3.561311e-07	2.323144e-07	6.123332e-08	561
198319	3.561337e-07	2.323239e-07	6.118223e-08	561
206575	3.561363e-07	2.323334e-07	6.113115e-08	561
214831	3.561389e-07	2.323429e-07	6.108006e-08	561
223087	3.561414e-07	2.323524e-07	6.102898e-08	561
231343	3.561440e-07	2.323619e-07	6.097789e-08	561
239599	3.561465e-07	2.323714e-07	6.092679e-08	561
247855	3.561491e-07	2.323809e-07	6.087571e-08	561
256111	3.561516e-07	2.323903e-07	6.082462e-08	561
264367	3.561541e-07	2.323998e-07	6.077353e-08	561
272623	3.561567e-07	2.324093e-07	6.072244e-08	561
280879	3.561592e-07	2.324188e-07	6.067135e-08	561
289135	3.561617e-07	2.324283e-07	6.062026e-08	561
297391	3.561642e-07	2.324378e-07	6.056917e-08	561
305647	3.561667e-07	2.324473e-07	6.051808e-08	561
313903	3.561692e-07	2.324568e-07	6.046699e-08	561
322159	3.561717e-07	2.324662e-07	6.041589e-08	561
330415	3.561741e-07	2.324757e-07	6.036480e-08	561
338671	3.561766e-07	2.324852e-07	6.031371e-08	561
346927	3.561790e-07	2.324947e-07	6.026261e-08	561
355183	3.561815e-07	2.325042e-07	6.021152e-08	561
363439	3.561839e-07	2.325137e-07	6.016042e-08	561
371695	3.561863e-07	2.325232e-07	6.010934e-08	561
379951	3.561888e-07	2.325327e-07	6.005824e-08	561
388207	3.561912e-07	2.325421e-07	6.000715e-08	561
396463	3.561936e-07	2.325516e-07	5.995605e-08	561
404719	3.561960e-07	2.325611e-07	5.990496e-08	561
412975	3.561984e-07	2.325706e-07	5.985385e-08	561
421231	3.562008e-07	2.325801e-07	5.980276e-08	561
429487	3.562032e-07	2.325896e-07	5.975166e-08	561
437743	3.562055e-07	2.325991e-07	5.970057e-08	561
445999	3.562079e-07	2.326086e-07	5.964947e-08	561
454255	3.562103e-07	2.326181e-07	5.959837e-08	561
462511	3.562126e-07	2.326275e-07	5.954728e-08	561
470767	3.562150e-07	2.326370e-07	5.949618e-08	561
479023	3.562173e-07	2.326465e-07	5.944508e-08	561
487279	3.562196e-07	2.326560e-07	5.939398e-08	561
495535	3.562219e-07	2.326655e-07	5.934288e-08	561
503791	3.562242e-07	2.326750e-07	5.929178e-08	561
512047	3.562265e-07	2.326845e-07	5.924068e-08	561
520303	3.562288e-07	2.326940e-07	5.918958e-08	561
528559	3.562311e-07	2.327035e-07	5.913848e-08	561
536815	3.562334e-07	2.327129e-07	5.908738e-08	561
545071	3.562357e-07	2.327224e-07	5.903627e-08	561
553327	3.562380e-07	2.327319e-07	5.898517e-08	561
561583	3.562402e-07	2.327414e-07	5.893407e-08	561
569839	3.562425e-07	2.327509e-07	5.888297e-08	561
578095	3.562447e-07	2.327604e-07	5.883187e-08	561
586351	3.562469e-07	2.327699e-07	5.878076e-08	561
594607	3.562492e-07	2.327794e-07	5.872966e-08	561
602863	3.562514e-07	2.327889e-07	5.867856e-08	561
611119	3.562536e-07	2.327984e-07	5.862745e-08	561
619375	3.562558e-07	2.328078e-07	5.857635e-08	561
627631	3.562580e-07	2.328173e-07	5.852525e-08	561
635887	3.562602e-07	2.328268e-07	5.847414e-08	561
644143	3.562624e-07	2.328363e-07	5.842303e-08	561
652399	3.562645e-07	2.328458e-07	5.837193e-08	561
660655	3.562667e-07	2.328553e-07	5.832082e-08	561
668911	3.562689e-07	2.328648e-07	5.826972e-08	561
677167	3.562710e-07	2.328743e-07	5.821861e-08	561
685423	3.562732e-07	2.328838e-07	5.816750e-08	561
693679	3.562753e-07	2.328933e-07	5.811640e-08	561
701935	3.562774e-07	2.329027e-07	5.806529e-08	561
710191	3.562796e-07	2.329122e-07	5.801418e-08	561
718447	3.562817e-07	2.329217e-07	5.796307e-08	561
726703	3.562838e-07	2.329312e-07	5.791197e-08	561
734959	3.562859e-07	2.329407e-07	5.786086e-08	561
743215	3.562880e-07	2.329502e-07	5.780975e-08	561
751471	3.562901e-07	2.329597e-07	5.775864e-08	561
759727	3.562921e-07	2.329692e-07	5.770753e-08	561
767983	3.562942e-07	2.329787e-07	5.765642e-08	561
776239	3.562963e-07	2.329882e-07	5.760531e-08	561
784495	3.562983e-07	2.329976e-07	5.755420e-08	561
792751	3.563003e-07	2.330071e-07	5.750309e-08	561
801007	3.563024e-07	2.330166e-07	5.745198e-08	561
809263	3.563044e-07	2.330261e-07	5.740087e-08	561
817519	3.563065e-07	2.330356e-07	5.734976e-08	561
825775	3.563085e-07	2.330451e-07	5.729865e-08	561
834031	3.563105e-07	2.330546e-07	5.724753e-08	561
842287	3.563125e-07	2.330641e-07	5.719642e-08	561
850543	3.563145e-07	2.330736e-07	5.714531e-08	561
858799	3.563165e-07	2.330831e-07	5.709419e-08	561
867055	3.563184e-07	2.330926e-07	5.704308e-08	561
875311	3.563204e-07	2.331021e-07	5.699197e-08	561
883567	3.563223e-07	2.331115e-07	5.694085e-08	561
891823	3.563243e-07	2.331210e-07	5.688974e-08	561
900079	3.563263e-07	2.331305e-07	5.683863e-08	561
908335	3.563282e-07	2.331400e-07	5.678751e-08	561
916591	3.563301e-07	2.331495e-07	5.673640e-08	561
924847	3.563321e-07	2.331590e-07	5.668528e-08	561
933103	3.563340e-07	2.331685e-07	5.663416e-08	561
941359	3.563359e-07	2.331780e-07	5.658305e-08	561
949615	3.563378e-07	2.331875e-07	5.653193e-08	561
957871	3.563397e-07	2.331970e-07	5.648082e-08	561
966127	3.563416e-07	2.332065e-07	5.642970e-08	561
974383	3.563434e-07	2.332160e-07	5.637859e-08	561
982639	3.563453e-07	2.332254e-07	5.632747e-08	561
990895	3.563472e-07	2.332349e-07	5.627635e-08	561
999151	3.563490e-07	2.332444e-07	5.622523e-08	561
1007407	3.563509e-07	2.332539e-07	5.617411e-08	561
1015663	3.563527e-07	2.332634e-07	5.612300e-08	561
1023919	3.563545e-07	2.332729e-07	5.607188e-08	561
1032175	3.563564e-07	2.332824e-07	5.602076e-08	561
1040431	3.563582e-07	2.332919e-07	5.596964e-08	561
1048687	3.563600e-07	2.333014e-07	5.591852e-08	561
1056943	3.563618e-07	2.333109e-07	5.586740e-08	561
1065199	3.563636e-07	2.333204e-07	5.581628e-08	561
1073455	3.563654e-07	2.333299e-07	5.576516e-08	561
1081711	3.563672e-07	2.333394e-07	5.571404e-08	561
1089967	3.563690e-07	2.333489e-07	5.566292e-08	561
1098223	3.563707e-07	2.333583e-07	5.561180e-08	561
1106479	3.563725e-07	2.333678e-07	5.556068e-08	561
1114735	3.563742e-07	2.333773e-07	5.550956e-08	561
1122991	3.563760e-07	2.333868e-07	5.545844e-08	561
1131247	3.563777e-07	2.333963e-07	5.540731e-08	561
1139503	3.563794e-07	2.334058e-07	5.535619e-08	561
1147759	3.563812e-07	2.334153e-07	5.530507e-08	561
1155	2.159842e-07	2.389004e-07	1.141731e-07	2609
9411	2.159942e-07	2.389061e-07	1.141421e-07	2609
17667	2.160042e-07	2.389119e-07	1.141111e-07	2609
25923	2.160142e-07	2.389176e-07	1.140801e-07	2609
34179	2.160242e-07	2.389234e-07	1.140491e-07	2609
42435	2.160342e-07	2.389291e-07	1.140181e-07	2609
50691	2.160442e-07	2.389349e-07	1.139871e-07	2609
58947	2.160542e-07	2.389407e-07	1.139561e-07	2609
67203	2.160642e-07	2.389465e-07	1.139251e-07	2609
75459	2.160741e-07	2.389522e-07	1.138941e-07	2609
83715	2.160841e-07	2.389580e-07	1.138631e-07	2609
91971	2.160941e-07	2.389637e-07	1.138321e-07	2609
100227	2.161040e-07	2.389695e-07	1.138011e-07	2609
108483	2.161140e-07	2.389752e-07	1.137701e-07	2609
116739	2.161239e-07	2.389810e-07	1.137391e-07	2609
124995	2.161339e-07	2.389868e-07	1.137081e-07	2609
133251	2.161438e-07	2.389926e-07	1.136770e-07	2609
141507	2.161537e-07	2.389983e-07	1.136460e-07	2609
149763	2.161637e-07	2.390041e-07	1.136150e-07	2609
158019	2.161736e-07	2.390098e-07	1.135840e-07	2609
166275	2.161835e-07	2.390156e-07	1.135530e-07	2609
174531	2.161934e-07	2.390214e-07	1.135219e-07	2609
182787	2.162033e-07	2.390271e-07	1.134909e-07	2609
191043	2.162133e-07	2.390329e-07	1.134599e-07	2609
199299	2.162232e-07	2.390387e-07	1.134289e-07	2609
207555	2.162330e-07	2.390445e-07	1.133979e-07	2609
215811	2.162430e-07	2.390502e-07	1.133668e-07	2609
224067	2.162528e-07	2.390560e-07	1.133358e-07	2609
232323	2.162627e-07	2.390617e-07	1.133048e-07	2609
240579	2.162726e-07	2.390675e-07	1.132737e-07	2609
248835	2.162825e-07	2.390733e-07	1.132427e-07	2609
257091	2.162923e-07	2.390790e-07	1.132117e-07	2609
265347	2.163022e-07	2.390848e-07	1.131806e-07	2609
273603	2.163121e-07	2.390906e-07	1.131496e-07	2609
281859	2.163219e-07	2.390964e-07	1.131186e-07	2609
290115	2.163318e-07	2.391021e-07	1.130875e-07	2609
298371	2.163416e-07	2.391079e-07	1.130565e-07	2609
306627	2.163515e-07	2.391137e-07	1.130254e-07	2609
314883	2.163613e-07	2.391194e-07	1.129944e-07	2609
323139	2.163711e-07	2.391252e-07	1.129633e-07	2609
331395	2.163810e-07	2.391310e-07	1.129323e-07	2609
339651	2.163908e-07	2.391367e-07	1.129012e-07	2609
347907	2.164006e-07	2.391425e-07	1.128702e-07	2609
356163	2.164104e-07	2.391483e-07	1.128391e-07	2609
364419	2.164202e-07	2.391540e-07	1.128081e-07	2609
372675	2.164301e-07	2.391598e-07	1.127770e-07	2609
380931	2.164399e-07	2.391656e-07	1.127460e-07	2609
389187	2.164496e-07	2.391714e-07	1.127149e-07	2609
397443	2.164594e-07	2.391772e-07	1.126839e-07	2609
405699	2.164692e-07	2.391829e-07	1.126528e-07	2609
413955	2.164790e-07	2.391887e-07	1.126217e-07	2609
422211	2.164888e-07	2.391945e-07	1.125907e-07	2609
430467	2.164986e-07	2.392002e-07	1.125596e-07	2609
438723	2.165083e-07	2.392060e-07	1.125285e-07	2609
446979	2.165181e-07	2.392118e-07	1.124975e-07	2609
455235	2.165279e-07	2.392176e-07	1.124664e-07	2609
463491	2.165376e-07	2.392233e-07	1.124353e-07	2609
471747	2.165474e-07	2.392291e-07	1.124043e-07	2609
480003	2.165571e-07	2.392349e-07	1.123732e-07	2609
488259	2.165669e-07	2.392406e-07	1.123421e-07	2609
496515	2.165766e-07	2.392464e-07	1.123110e-07	2609
504771	2.165863e-07	2.392522e-07	1.122800e-07	2609
513027	2.165960e-07	2.392580e-07	1.122489e-07	2609
521283	2.166058e-07	2.392638e-07	1.122178e-07	2609
529539	2.166155e-07	2.392696e-07	1.121867e-07	2609
537795	2.166252e-07	2.392753e-07	1.121557e-07	2609
546051	2.166349e-07	2.392811e-07	1.121246e-07	2609
554307	2.166446e-07	2.392869e-07	1.120935e-07	2609
562563	2.166543e-07	2.392927e-07	1.120624e-07	2609
570819	2.166640e-07	2.392984e-07	1.120313e-07	2609
579075	2.166737e-07	2.393042e-07	1.120002e-07	2609
587331	2.166834e-07	2.393100e-07	1.119691e-07	2609
595587	2.166931e-07	2.393158e-07	1.119380e-07	2609
603843	2.167028e-07	2.393215e-07	1.119069e-07	2609
612099	2.167124e-07	2.393273e-07	1.118758e-07	2609
620355	2.167221e-07	2.393331e-07	1.118448e-07	2609
628611	2.167318e-07	2.393389e-07	1.118137e-07	2609
636867	2.167414e-07	2.393447e-07	1.117826e-07	2609
645123	2.167511e-07	2.393504e-07	1.117515e-07	2609
653379	2.167607e-07	2.393562e-07	1.117204e-07	2609
661635	2.167704e-07	2.393620e-07	1.116893e-07	2609
669891	2.167800e-07	2.393678e-07	1.116581e-07	2609
678147	2.167896e-07	2.393736e-07	1.116270e-07	2609
686403	2.167993e-07	2.393793e-07	1.115959e-07	2609
694659	2.168089e-07	2.393851e-07	1.115648e-07	2609
702915	2.168185e-07	2.393909e-07	1.115337e-07	2609
711171	2.168281e-07	2.393967e-07	1.115026e-07	2609
719427	2.168377e-07	2.394025e-07	1.114715e-07	2609
727683	2.168474e-07	2.394083e-07	1.114404e-07	2609
735939	2.168570e-07	2.394140e-07	1.114093e-07	2609
744195	2.168666e-07	2.394198e-07	1.113781e-07	2609
752451	2.168762e-07	2.394256e-07	1.113470e-07	2609
760707	2.168858e-07	2.394314e-07	1.113159e-07	2609
768963	2.168953e-07	2.394372e-07	1.112848e-07	2609
777219	2.169049e-07	2.394430e-07	1.112537e-07	2609
785475	2.169145e-07	2.394488e-07	1.112225e-07	2609
793731	2.169241e-07	2.394545e-07	1.111914e-07	2609
801987	2.169336e-07	2.394603e-07	1.111603e-07	2609
810243	2.169432e-07	2.394661e-07	1.111292e-07	2609
818499	2.169527e-07	2.394719e-07	1.110980e-07	2609
826755	2.169623e-07	2.394777e-07	1.110669e-07	2609
835011	2.169718e-07	2.394835e-07	1.110358e-07	2609
843267	2.169814e-07	2.394893e-07	1.110046e-07	2609
851523	2.169909e-07	2.394950e-07	1.109735e-07	2609
859779	2.170005e-07	2.395008e-07	1.109424e-07	2609
868035	2.170100e-07	2.395066e-07	1.109112e-07	2609
876291	2.170195e-07	2.395124e-07	1.108801e-07	2609
884547	2.170290e-07	2.395182e-07	1.108489e-07	2609
892803	2.170385e-07	2.395240e-07	1.108178e-07	2609
901059	2.170481e-07	2.395298e-07	1.107867e-07	2609
909315	2.170576e-07	2.395356e-07	1.107555e-07	2609
917571	2.170671e-07	2.395414e-07	1.107244e-07	2609
925827	2.170766e-07	2.395471e-07	1.106932e-07	2609
934083	2.170861e-07	2.395529e-07	1.106621e-07	2609
942339	2.170955e-07	2.395587e-07	1.106309e-07	2609
950595	2.171050e-07	2.395645e-07	1.105998e-07	2609
958851	2.171145e-07	2.395703e-07	1.105686e-07	2609
967107	2.171240e-07	2.395761e-07	1.105375e-07	2609
975363	2.171335e-07	2.395819e-07	1.105063e-07	2609
983619	2.171429e-07	2.395876e-07	1.104751e-07	2609
991875	2.171524e-07	2.395934e-07	1.104440e-07	2609
1000131	2.171618e-07	2.395992e-07	1.104128e-07	2609
1008387	2.171713e-07	2.396050e-07	1.103817e-07	2609
1016643	2.171807e-07	2.396108e-07	1.103505e-07	2609
1024899	2.171902e-07	2.396166e-07	1.103193e-07	2609
1033155	2.171996e-07	2.396224e-07	1.102882e-07	2609
1041411	2.172090e-07	2.396282e-07	1.102570e-07	2609
1049667	2.172185e-07	2.396340e-07	1.102258e-07	2609
1057923	2.172279e-07	2.396398e-07	1.101947e-07	2609
1066179	2.172373e-07	2.396456e-07	1.101635e-07	2609
1074435	2.172467e-07	2.396514e-07	1.101323e-07	2609
1082691	2.172561e-07	2.396572e-07	1.101012e-07	2609
1090947	2.172655e-07	2.396630e-07	1.100700e-07	2609
1099203	2.172749e-07	2.396688e-07	1.100388e-07	2609
1107459	2.172843e-07	2.396745e-07	1.100076e-07	2609
1115715	2.172937e-07	2.396803e-07	1.099765e-07	2609
1123971	2.173031e-07	2.396861e-07	1.099453e-07	2609
1132227	2.173125e-07	2.396919e-07	1.099141e-07	2609
1140483	2.173219e-07	2.396977e-07	1.098829e-07	2609
1148739	2.173312e-07	2.397035e-07	1.098517e-07	2609
1621	3.972298e-07	2.538526e-07	6.562956e-08	3633
9877	3.972324e-07	2.538632e-07	6.557259e-08	3633
18133	3.972351e-07	2.538738e-07	6.551560e-08	3633
26389	3.972377e-07	2.538843e-07	6.545862e-08	3633
34645	3.972403e-07	2.538949e-07	6.540164e-08	3633
42901	3.972429e-07	2.539055e-07	6.534465e-08	3633
51157	3.972455e-07	2.539161e-07	6.528767e-08	3633
59413	3.972481e-07	2.539267e-07	6.523069e-08	3633
67669	3.972507e-07	2.539373e-07	6.517370e-08	3633
75925	3.972533e-07	2.539478e-07	6.511672e-08	3633
84181	3.972559e-07	2.539584e-07	6.505973e-08	3633
92437	3.972584e-07	2.539690e-07	6.500274e-08	3633
100693	3.972610e-07	2.539796e-07	6.494576e-08	3633
108949	3.972635e-07	2.539902e-07	6.488877e-08	3633
117205	3.972661e-07	2.540008e-07	6.483179e-08	3633
125461	3.972686e-07	2.540113e-07	6.477480e-08	3633
133717	3.972711e-07	2.540219e-07	6.471782e-08	3633
141973	3.972737e-07	2.540325e-07	6.466082e-08	3633
150229	3.972762e-07	2.540431e-07	6.460384e-08	3633
158485	3.972787e-07	2.540536e-07	6.454685e-08	3633
166741	3.972811e-07	2.540642e-07	6.448986e-08	3633
174997	3.972836e-07	2.540748e-07	6.443288e-08	3633
183253	3.972861e-07	2.540854e-07	6.437588e-08	3633
191509	3.972885e-07	2.540960e-07	6.431889e-08	3633
199765	3.972910e-07	2.541066e-07	6.426190e-08	3633
208021	3.972934e-07	2.541171e-07	6.420491e-08	3633
216277	3.972959e-07	2.541277e-07	6.414792e-08	3633
224533	3.972983e-07	2.541383e-07	6.409093e-08	3633
232789	3.973007e-07	2.541489e-07	6.403394e-08	3633
241045	3.973032e-07	2.541595e-07	6.397695e-08	3633
249301	3.973055e-07	2.541701e-07	6.391996e-08	3633
257557	3.973079e-07	2.541807e-07	6.386296e-08	3633
265813	3.973103e-07	2.541912e-07	6.380597e-08	3633
274069	3.973127e-07	2.542018e-07	6.374898e-08	3633
282325	3.973151e-07	2.542124e-07	6.369199e-08	3633
290581	3.973174e-07	2.542230e-07	6.363499e-08	3633
298837	3.973198e-07	2.542336e-07	6.357799e-08	3633
307093	3.973221e-07	2.542442e-07	6.352100e-08	3633
315349	3.973245e-07	2.542547e-07	6.346401e-08	3633
323605	3.973268e-07	2.542653e-07	6.340701e-08	3633
331861	3.973291e-07	2.542759e-07	6.335002e-08	3633
340117	3.973314e-07	2.542865e-07	6.329302e-08	3633
348373	3.973337e-07	2.542971e-07	6.323602e-08	3633
356629	3.973360e-07	2.543077e-07	6.317902e-08	3633
364885	3.973383e-07	2.543183e-07	6.312203e-08	3633
373141	3.973406e-07	2.543288e-07	6.306503e-08	3633
381397	3.973428e-07	2.543394e-07	6.300803e-08	3633
389653	3.973451e-07	2.543500e-07	6.295104e-08	3633
397909	3.973473e-07	2.543606e-07	6.289404e-08	3633
406165	3.973496e-07	2.543712e-07	6.283704e-08	3633
414421	3.973518e-07	2.543817e-07	6.278004e-08	3633
422677	3.973541e-07	2.543923e-07	6.272304e-08	3633
430933	3.973563e-07	2.544029e-07	6.266604e-08	3633
439189	3.973585e-07	2.544135e-07	6.260904e-08	3633
447445	3.973607e-07	2.544241e-07	6.255204e-08	3633
455701	3.973629e-07	2.544347e-07	6.249504e-08	3633
463957	3.973651e-07	2.544452e-07	6.243804e-08	3633
472213	3.973672e-07	2.544558e-07	6.238104e-08	3633
480469	3.973694e-07	2.544664e-07	6.232403e-08	3633
488725	3.973715e-07	2.544770e-07	6.226703e-08	3633
496981	3.973737e-07	2.544876e-07	6.221003e-08	3633
505237	3.973758e-07	2.544982e-07	6.215303e-08	3633
513493	3.973780e-07	2.545088e-07	6.209603e-08	3633
521749	3.973801e-07	2.545193e-07	6.203902e-08	3633
530005	3.973822e-07	2.545299e-07	6.198202e-08	3633
538261	3.973843e-07	2.545405e-07	6.192501e-08	3633
546517	3.973864e-07	2.545511e-07	6.186801e-08	3633
554773	3.973885e-07	2.545617e-07	6.181101e-08	3633
563029	3.973906e-07	2.545723e-07	6.175401e-08	3633
571285	3.973927e-07	2.545829e-07	6.169700e-08	3633
579541	3.973947e-07	2.545935e-07	6.163999e-08	3633
587797	3.973968e-07	2.546040e-07	6.158299e-08	3633
596053	3.973988e-07	2.546146e-07	6.152598e-08	3633
604309	3.974009e-07	2.546252e-07	6.146898e-08	3633
612565	3.974029e-07	2.546358e-07	6.141197e-08	3633
620821	3.974049e-07	2.546464e-07	6.135497e-08	3633
629077	3.974069e-07	2.546570e-07	6.129796e-08	3633
637333	3.974089e-07	2.546676e-07	6.124095e-08	3633
645589	3.974109e-07	2.546781e-07	6.118395e-08	3633
653845	3.974129e-07	2.546887e-07	6.112693e-08	3633
662101	3.974149e-07	2.546993e-07	6.106993e-08	3633
670357	3.974169e-07	2.547099e-07	6.101292e-08	3633
678613	3.974188e-07	2.547205e-07	6.095591e-08	3633
686869	3.974208e-07	2.547310e-07	6.089891e-08	3633
695125	3.974228e-07	2.547416e-07	6.084189e-08	3633
703381	3.974247e-07	2.547522e-07	6.078488e-08	3633
711637	3.974266e-07	2.547628e-07	6.072788e-08	3633
719893	3.974285e-07	2.547734e-07	6.067086e-08	3633
728149	3.974305e-07	2.547840e-07	6.061386e-08	3633
736405	3.974324e-07	2.547946e-07	6.055684e-08	3633
744661	3.974342e-07	2.548052e-07	6.049984e-08	3633
752917	3.974361e-07	2.548157e-07	6.044282e-08	3633
761173	3.974380e-07	2.548263e-07	6.038581e-08	3633
769429	3.974399e-07	2.548369e-07	6.032880e-08	3633
777685	3.974417e-07	2.548475e-07	6.027179e-08	3633
785941	3.974436e-07	2.548581e-07	6.021477e-08	3633
794197	3.974454e-07	2.548687e-07	6.015776e-08	3633
802453	3.974473e-07	2.548793e-07	6.010075e-08	3633
810709	3.974491e-07	2.548899e-07	6.004374e-08	3633
818965	3.974509e-07	2.549004e-07	5.998672e-08	3633
827221	3.974527e-07	2.549110e-07	5.992971e-08	3633
835477	3.974545e-07	2.549216e-07	5.987270e-08	3633
843733	3.974563e-07	2.549322e-07	5.981568e-08	3633
851989	3.974581e-07	2.549428e-07	5.975867e-08	3633
860245	3.974599e-07	2.549534e-07	5.970166e-08	3633
868501	3.974617e-07	2.549640e-07	5.964464e-08	3633
876757	3.974634e-07	2.549746e-07	5.958762e-08	3633
885013	3.974652e-07	2.549851e-07	5.953061e-08	3633
893269	3.974669e-07	2.549957e-07	5.947359e-08	3633
901525	3.974687e-07	2.550063e-07	5.941658e-08	3633
909781	3.974704e-07	2.550169e-07	5.935956e-08	3633
918037	3.974721e-07	2.550275e-07	5.930255e-08	3633
926293	3.974738e-07	2.550381e-07	5.924553e-08	3633
934549	3.974755e-07	2.550487e-07	5.918851e-08	3633
942805	3.974772e-07	2.550593e-07	5.913149e-08	3633
951061	3.974789e-07	2.550698e-07	5.907448e-08	3633
959317	3.974806e-07	2.550804e-07	5.901746e-08	3633
967573	3.974822e-07	2.550910e-07	5.896044e-08	3633
975829	3.974839e-07	2.551016e-07	5.890342e-08	3633
984085	3.974855e-07	2.551122e-07	5.884641e-08	3633
992341	3.974872e-07	2.551228e-07	5.878939e-08	3633
1000597	3.974888e-07	2.551334e-07	5.873237e-08	3633
1008853	3.974904e-07	2.551440e-07	5.867535e-08	3633
1017109	3.974920e-07	2.551545e-07	5.861833e-08	3633
1025365	3.974937e-07	2.551651e-07	5.856131e-08	3633
1033621	3.974953e-07	2.551757e-07	5.850429e-08	3633
1041877	3.974968e-07	2.551863e-07	5.844727e-08	3633
1050133	3.974984e-07	2.551969e-07	5.839025e-08	3633
1058389	3.975000e-07	2.552075e-07	5.833323e-08	3633
1066645	3.975016e-07	2.552181e-07	5.827621e-08	3633
1074901	3.975031e-07	2.552287e-07	5.821919e-08	3633
1083157	3.975047e-07	2.552392e-07	5.816217e-08	3633
1091413	3.975062e-07	2.552498e-07	5.810515e-08	3633
1099669	3.975078e-07	2.552604e-07	5.804813e-08	3633
1107925	3.975093e-07	2.552710e-07	5.799111e-08	3633
1116181	3.975108e-07	2.552816e-07	5.793408e-08	3633
1124437	3.975123e-07	2.552922e-07	5.787706e-08	3633
1132693	3.975138e-07	2.553028e-07	5.782004e-08	3633
1140949	3.975153e-07	2.553134e-07	5.776302e-08	3633
1149205	3.975168e-07	2.553240e-07	5.770600e-08	3633
1036	2.411597e-07	2.591393e-07	1.214924e-07	2353
9292	2.411702e-07	2.591457e-07	1.214578e-07	2353
17548	2.411807e-07	2.591521e-07	1.214232e-07	2353
25804	2.411912e-07	2.591586e-07	1.213886e-07	2353
34060	2.412017e-07	2.591650e-07	1.213539e-07	2353
42316	2.412122e-07	2.591714e-07	1.213193e-07	2353
50572	2.412227e-07	2.591779e-07	1.212847e-07	2353
58828	2.412332e-07	2.591843e-07	1.212501e-07	2353
67084	2.412437e-07	2.591907e-07	1.212155e-07	2353
75340	2.412542e-07	2.591972e-07	1.211809e-07	2353
83596	2.412646e-07	2.592036e-07	1.211463e-07	2353
91852	2.412751e-07	2.592100e-07	1.211117e-07	2353
100108	2.412856e-07	2.592164e-07	1.210770e-07	2353
108364	2.412960e-07	2.592229e-07	1.210424e-07	2353
116620	2.413065e-07	2.592293e-07	1.210078e-07	2353
124876	2.413169e-07	2.592357e-07	1.209732e-07	2353
133132	2.413274e-07	2.592422e-07	1.209385e-07	2353
141388	2.413378e-07	2.592486e-07	1.209039e-07	2353
149644	2.413482e-07	2.592550e-07	1.208693e-07	2353
157900	2.413587e-07	2.592615e-07	1.208347e-07	2353
166156	2.413691e-07	2.592679e-07	1.208000e-07	2353
174412	2.413795e-07	2.592744e-07	1.207654e-07	2353
182668	2.413899e-07	2.592808e-07	1.207307e-07	2353
190924	2.414003e-07	2.592872e-07	1.206961e-07	2353
199180	2.414107e-07	2.592937e-07	1.206615e-07	2353
207436	2.414211e-07	2.593001e-07	1.206268e-07	2353
215692	2.414315e-07	2.593065e-07	1.205922e-07	2353
223948	2.414419e-07	2.593130e-07	1.205576e-07	2353
232204	2.414523e-07	2.593194e-07	1.205229e-07	2353
240460	2.414626e-07	2.593259e-07	1.204883e-07	2353
248716	2.414730e-07	2.593323e-07	1.204536e-07	2353
256972	2.414834e-07	2.593387e-07	1.204190e-07	2353
265228	2.414937e-07	2.593452e-07	1.203843e-07	2353
273484	2.415041e-07	2.593516e-07	1.203497e-07	2353
281740	2.415144e-07	2.593581e-07	1.203150e-07	2353
289996	2.415248e-07	2.593645e-07	1.202804e-07	2353
298252	2.415351e-07	2.593709e-07	1.202457e-07	2353
306508	2.415455e-07	2.593774e-07	1.202110e-07	2353
314764	2.415558e-07	2.593838e-07	1.201764e-07	2353
323020	2.415661e-07	2.593903e-07	1.201417e-07	2353
331276	2.415764e-07	2.593967e-07	1.201071e-07	2353
339532	2.415867e-07	2.594032e-07	1.200724e-07	2353
347788	2.415971e-07	2.594096e-07	1.200377e-07	2353
356044	2.416074e-07	2.594161e-07	1.200031e-07	2353
364300	2.416176e-07	2.594225e-07	1.199684e-07	2353
372556	2.416280e-07	2.594289e-07	1.199337e-07	2353
380812	2.416382e-07	2.594354e-07	1.198991e-07	2353
389068	2.416485e-07	2.594418e-07	1.198644e-07	2353
397324	2.416588e-07	2.594483e-07	1.198297e-07	2353
405580	2.416691e-07	2.594547e-07	1.197950e-07	2353
413836	2.416793e-07	2.594612e-07	1.197604e-07	2353
422092	2.416896e-07	2.594676e-07	1.197257e-07	2353
430348	2.416999e-07	2.594740e-07	1.196910e-07	2353
438604	2.417101e-07	2.594805e-07	1.196563e-07	2353
446860	2.417204e-07	2.594869e-07	1.196216e-07	2353
455116	2.417306e-07	2.594934e-07	1.195870e-07	2353
463372	2.417408e-07	2.594998e-07	1.195523e-07	2353
471628	2.417511e-07	2.595063e-07	1.195176e-07	2353
479884	2.417613e-07	2.595127e-07	1.194829e-07	2353
488140	2.417715e-07	2.595192e-07	1.194482e-07	2353
496396	2.417817e-07	2.595256e-07	1.194135e-07	2353
504652	2.417920e-07	2.595321e-07	1.193788e-07	2353
512908	2.418022e-07	2.595385e-07	1.193441e-07	2353
521164	2.418123e-07	2.595449e-07	1.193094e-07	2353
529420	2.418225e-07	2.595514e-07	1.192747e-07	2353
537676	2.418327e-07	2.595579e-07	1.192400e-07	2353
545932	2.418429e-07	2.595643e-07	1.192053e-07	2353
554188	2.418531e-07	2.595708e-07	1.191706e-07	2353
562444	2.418633e-07	2.595772e-07	1.191359e-07	2353
570700	2.418734e-07	2.595837e-07	1.191012e-07	2353
578956	2.418836e-07	2.595901e-07	1.190665e-07	2353
587212	2.418938e-07	2.595966e-07	1.190318e-07	2353
595468	2.419039e-07	2.596030e-07	1.189971e-07	2353
603724	2.419141e-07	2.596095e-07	1.189624e-07	2353
611980	2.419242e-07	2.596159e-07	1.189277e-07	2353
620236	2.419343e-07	2.596224e-07	1.188930e-07	2353
628492	2.419445e-07	2.596288e-07	1.188583e-07	2353
636748	2.419546e-07	2.596353e-07	1.188235e-07	2353
645004	2.419647e-07	2.596417e-07	1.187888e-07	2353
653260	2.419748e-07	2.596482e-07	1.187541e-07	2353
661516	2.419850e-07	2.596546e-07	1.187194e-07	2353
669772	2.419951e-07	2.596611e-07	1.186847e-07	2353
678028	2.420052e-07	2.596675e-07	1.186499e-07	2353
686284	2.420153e-07	2.596740e-07	1.186152e-07	2353
694540	2.420254e-07	2.596804e-07	1.185805e-07	2353
702796	2.420354e-07	2.596869e-07	1.185458e-07	2353
711052	2.420455e-07	2.596933e-07	1.185110e-07	2353
719308	2.420556e-07	2.596998e-07	1.184763e-07	2353
727564	2.420657e-07	2.597062e-07	1.184416e-07	2353
735820	2.420757e-07	2.597127e-07	1.184068e-07	2353
744076	2.420858e-07	2.597192e-07	1.183721e-07	2353
752332	2.420959e-07	2.597256e-07	1.183374e-07	2353
760588	2.421059e-07	2.597321e-07	1.183026e-07	2353
768844	2.421160e-07	2.597385e-07	1.182679e-07	2353
777100	2.421260e-07	2.597450e-07	1.182331e-07	2353
785356	2.421361e-07	2.597514e-07	1.181984e-07	2353
793612	2.421461e-07	2.597579e-07	1.181637e-07	2353
801868	2.421561e-07	2.597644e-07	1.181289e-07	2353
810124	2.421661e-07	2.597708e-07	1.180942e-07	2353
818380	2.421761e-07	2.597773e-07	1.180594e-07	2353
826636	2.421861e-07	2.597837e-07	1.180247e-07	2353
834892	2.421961e-07	2.597902e-07	1.179899e-07	2353
843148	2.422061e-07	2.597966e-07	1.179552e-07	2353
851404	2.422161e-07	2.598031e-07	1.179204e-07	2353
859660	2.422261e-07	2.598096e-07	1.178857e-07	2353
867916	2.422361e-07	2.598160e-07	1.178509e-07	2353
876172	2.422461e-07	2.598225e-07	1.178161e-07	2353
884428	2.422561e-07	2.598289e-07	1.177814e-07	2353
892684	2.422660e-07	2.598354e-07	1.177466e-07	2353
900940	2.422760e-07	2.598419e-07	1.177119e-07	2353
909196	2.422859e-07	2.598483e-07	1.176771e-07	2353
917452	2.422959e-07	2.598548e-07	1.176423e-07	2353
925708	2.423059e-07	2.598613e-07	1.176076e-07	2353
933964	2.423158e-07	2.598677e-07	1.175728e-07	2353
942220	2.423257e-07	2.598742e-07	1.175380e-07	2353
950476	2.423357e-07	2.598806e-07	1.175033e-07	2353
958732	2.423456e-07	2.598871e-07	1.174685e-07	2353
966988	2.423555e-07	2.598936e-07	1.174337e-07	2353
975244	2.423654e-07	2.599000e-07	1.173989e-07	2353
983500	2.423754e-07	2.599065e-07	1.173642e-07	2353
991756	2.423853e-07	2.599130e-07	1.173294e-07	2353
1000012	2.423952e-07	2.599194e-07	1.172946e-07	2353
1008268	2.424051e-07	2.599259e-07	1.172598e-07	2353
1016524	2.424150e-07	2.599323e-07	1.172250e-07	2353
1024780	2.424248e-07	2.599388e-07	1.171903e-07	2353
1033036	2.424347e-07	2.599453e-07	1.171555e-07	2353
1041292	2.424446e-07	2.599517e-07	1.171207e-07	2353
1049548	2.424545e-07	2.599582e-07	1.170859e-07	2353
1057804	2.424643e-07	2.599647e-07	1.170511e-07	2353
1066060	2.424742e-07	2.599711e-07	1.170163e-07	2353
1074316	2.424840e-07	2.599776e-07	1.169815e-07	2353
1082572	2.424939e-07	2.599841e-07	1.169467e-07	2353
1090828	2.425037e-07	2.599905e-07	1.169119e-07	2353
1099084	2.425136e-07	2.599970e-07	1.168771e-07	2353
1107340	2.425234e-07	2.600034e-07	1.168423e-07	2353
1115596	2.425332e-07	2.600099e-07	1.168075e-07	2353
1123852	2.425431e-07	2.600164e-07	1.167727e-07	2353
1132108	2.425529e-07	2.600229e-07	1.167379e-07	2353
1140364	2.425627e-07	2.600293e-07	1.167031e-07	2353
1148620	2.425725e-07	2.600358e-07	1.166683e-07	2353
1390	3.687580e-07	2.623995e-07	8.182938e-08	3121
9646	3.687627e-07	2.624093e-07	8.177648e-08	3121
17902	3.687674e-07	2.624191e-07	8.172358e-08	3121
26158	3.687722e-07	2.624290e-07	8.167067e-08	3121
34414	3.687769e-07	2.624388e-07	8.161777e-08	3121
42670	3.687816e-07	2.624486e-07	8.156487e-08	3121
50926	3.687863e-07	2.624585e-07	8.151196e-08	3121
59182	3.687910e-07	2.624683e-07	8.145906e-08	3121
67438	3.687957e-07	2.624781e-07	8.140616e-08	3121
75694	3.688004e-07	2.624879e-07	8.135325e-08	3121
83950	3.688050e-07	2.624978e-07	8.130034e-08	3121
92206	3.688097e-07	2.625076e-07	8.124744e-08	3121
100462	3.688144e-07	2.625174e-07	8.119453e-08	3121
108718	3.688190e-07	2.625272e-07	8.114162e-08	3121
116974	3.688237e-07	2.625371e-07	8.108871e-08	3121
125230	3.688283e-07	2.625469e-07	8.103581e-08	3121
133486	3.688329e-07	2.625567e-07	8.098289e-08	3121
141742	3.688375e-07	2.625665e-07	8.092999e-08	3121
149998	3.688421e-07	2.625763e-07	8.087707e-08	3121
158254	3.688467e-07	2.625862e-07	8.082416e-08	3121
166510	3.688513e-07	2.625960e-07	8.077125e-08	3121
174766	3.688559e-07	2.626059e-07	8.071834e-08	3121
183022	3.688605e-07	2.626157e-07	8.066542e-08	3121
191278	3.688651e-07	2.626255e-07	8.061251e-08	3121
199534	3.688696e-07	2.626353e-07	8.055959e-08	3121
207790	3.688742e-07	2.626452e-07	8.050667e-08	3121
216046	3.688787e-07	2.626550e-07	8.045376e-08	3121
224302	3.688833e-07	2.626648e-07	8.040084e-08	3121
232558	3.688878e-07	2.626746e-07	8.034792e-08	3121
240814	3.688923e-07	2.626845e-07	8.029500e-08	3121
249070	3.688968e-07	2.626943e-07	8.024208e-08	3121
257326	3.689014e-07	2.627041e-07	8.018917e-08	3121
265582	3.689059e-07	2.627139e-07	8.013625e-08	3121
273838	3.689103e-07	2.627238e-07	8.008332e-08	3121
282094	3.689148e-07	2.627336e-07	8.003040e-08	3121
290350	3.689193e-07	2.627434e-07	7.997748e-08	3121
298606	3.689238e-07	2.627533e-07	7.992455e-08	3121
306862	3.689283e-07	2.627631e-07	7.987163e-08	3121
315118	3.689327e-07	2.627729e-07	7.981870e-08	3121
323374	3.689372e-07	2.627827e-07	7.976578e-08	3121
331630	3.689416e-07	2.627926e-07	7.971285e-08	3121
339886	3.689460e-07	2.628024e-07	7.965993e-08	3121
348142	3.689504e-07	2.628123e-07	7.960701e-08	3121
356398	3.689549e-07	2.628221e-07	7.955408e-08	3121
364654	3.689593e-07	2.628319e-07	7.950115e-08	3121
372910	3.689636e-07	2.628417e-07	7.944822e-08	3121
381166	3.689680e-07	2.628516e-07	7.939529e-08	3121
389422	3.689724e-07	2.628614e-07	7.934236e-08	3121
397678	3.689768e-07	2.628712e-07	7.928943e-08	3121
405934	3.689812e-07	2.628811e-07	7.923650e-08	3121
414190	3.689855e-07	2.628909e-07	7.918356e-08	3121
422446	3.689899e-07	2.629007e-07	7.913063e-08	3121
430702	3.689942e-07	2.629106e-07	7.907770e-08	3121
438958	3.689986e-07	2.629204e-07	7.902477e-08	3121
447214	3.690029e-07	2.629302e-07	7.897183e-08	3121
455470	3.690072e-07	2.629400e-07	7.891889e-08	3121
463726	3.690115e-07	2.629499e-07	7.886596e-08	3121
471982	3.690158e-07	2.629597e-07	7.881302e-08	3121
480238	3.690201e-07	2.629695e-07	7.876009e-08	3121
488494	3.690244e-07	2.629794e-07	7.870715e-08	3121
496750	3.690287e-07	2.629892e-07	7.865421e-08	3121
505006	3.690330e-07	2.629990e-07	7.860127e-08	3121
513262	3.690372e-07	2.630089e-07	7.854833e-08	3121
521518	3.690415e-07	2.630187e-07	7.849539e-08	3121
529774	3.690457e-07	2.630285e-07	7.844245e-08	3121
538030	3.690500e-07	2.630383e-07	7.838951e-08	3121
546286	3.690542e-07	2.630482e-07	7.833657e-08	3121
554542	3.690584e-07	2.630580e-07	7.828363e-08	3121
562798	3.690626e-07	2.630678e-07	7.823068e-08	3121
571054	3.690669e-07	2.630777e-07	7.817774e-08	3121
579310	3.690710e-07	2.630875e-07	7.812479e-08	3121
587566	3.690753e-07	2.630973e-07	7.807185e-08	3121
595822	3.690794e-07	2.631072e-07	7.801891e-08	3121
604078	3.690836e-07	2.631170e-07	7.796596e-08	3121
612334	3.690878e-07	2.631269e-07	7.791301e-08	3121
620590	3.690920e-07	2.631367e-07	7.786007e-08	3121
628846	3.690961e-07	2.631465e-07	7.780712e-08	3121
637102	3.691003e-07	2.631564e-07	7.775417e-08	3121
645358	3.691044e-07	2.631662e-07	7.770122e-08	3121
653614	3.691085e-07	2.631760e-07	7.764827e-08	3121
661870	3.691127e-07	2.631859e-07	7.759532e-08	3121
670126	3.691168e-07	2.631957e-07	7.754237e-08	3121
678382	3.691209e-07	2.632055e-07	7.748942e-08	3121
686638	3.691250e-07	2.632154e-07	7.743646e-08	3121
694894	3.691291e-07	2.632252e-07	7.738351e-08	3121
703150	3.691331e-07	2.632350e-07	7.733056e-08	3121
711406	3.691372e-07	2.632449e-07	7.727760e-08	3121
719662	3.691413e-07	2.632547e-07	7.722465e-08	3121
727918	3.691453e-07	2.632645e-07	7.717170e-08	3121
736174	3.691494e-07	2.632744e-07	7.711874e-08	3121
744430	3.691534e-07	2.632842e-07	7.706578e-08	3121
752686	3.691575e-07	2.632940e-07	7.701283e-08	3121
760942	3.691615e-07	2.633039e-07	7.695987e-08	3121
769198	3.691655e-07	2.633137e-07	7.690691e-08	3121
777454	3.691696e-07	2.633235e-07	7.685395e-08	3121
785710	3.691736e-07	2.633334e-07	7.680099e-08	3121
793966	3.691775e-07	2.633432e-07	7.674804e-08	3121
802222	3.691815e-07	2.633531e-07	7.669507e-08	3121
810478	3.691855e-07	2.633629e-07	7.664212e-08	3121
818734	3.691895e-07	2.633727e-07	7.658915e-08	3121
826990	3.691935e-07	2.633826e-07	7.653619e-08	3121
835246	3.691974e-07	2.633924e-07	7.648323e-08	3121
843502	3.692014e-07	2.634022e-07	7.643026e-08	3121
851758	3.692053e-07	2.634121e-07	7.637730e-08	3121
860014	3.692093e-07	2.634219e-07	7.632433e-08	3121
868270	3.692132e-07	2.634317e-07	7.627137e-08	3121
876526	3.692171e-07	2.634416e-07	7.621841e-08	3121
884782	3.692210e-07	2.634514e-07	7.616544e-08	3121
893038	3.692249e-07	2.634612e-07	7.611248e-08	3121
901294	3.692288e-07	2.634711e-07	7.605951e-08	3121
909550	3.692327e-07	2.634809e-07	7.600654e-08	3121
917806	3.692366e-07	2.634908e-07	7.595357e-08	3121
926062	3.692404e-07	2.635006e-07	7.590060e-08	3121
934318	3.692443e-07	2.635104e-07	7.584764e-08	3121
942574	3.692482e-07	2.635203e-07	7.579467e-08	3121
950830	3.692520e-07	2.635301e-07	7.574170e-08	3121
959086	3.692559e-07	2.635399e-07	7.568872e-08	3121
967342	3.692597e-07	2.635498e-07	7.563575e-08	3121
975598	3.692635e-07	2.635596e-07	7.558278e-08	3121
983854	3.692673e-07	2.635695e-07	7.552980e-08	3121
992110	3.692711e-07	2.635793e-07	7.547683e-08	3121
1000366	3.692749e-07	2.635891e-07	7.542386e-08	3121
1008622	3.692788e-07	2.635990e-07	7.537088e-08	3121
1016878	3.692825e-07	2.636088e-07	7.531791e-08	3121
1025134	3.692863e-07	2.636186e-07	7.526494e-08	3121
1033390	3.692901e-07	2.636285e-07	7.521196e-08	3121
1041646	3.692938e-07	2.636383e-07	7.515899e-08	3121
1049902	3.692976e-07	2.636482e-07	7.510601e-08	3121
1058158	3.693013e-07	2.636580e-07	7.505303e-08	3121
1066414	3.693051e-07	2.636678e-07	7.500005e-08	3121
1074670	3.693088e-07	2.636777e-07	7.494707e-08	3121
1082926	3.693125e-07	2.636875e-07	7.489410e-08	3121
1091182	3.693162e-07	2.636974e-07	7.484112e-08	3121
1099438	3.693200e-07	2.637072e-07	7.478813e-08	3121
1107694	3.693237e-07	2.637170e-07	7.473515e-08	3121
1115950	3.693274e-07	2.637269e-07	7.468218e-08	3121
1124206	3.693310e-07	2.637367e-07	7.462919e-08	3121
1132462	3.693347e-07	2.637466e-07	7.457621e-08	3121
1140718	3.693384e-07	2.637564e-07	7.452323e-08	3121
1148974	3.693420e-07	2.637662e-07	7.447024e-08	3121
2055	1.434750e-07	2.657702e-07	1.608950e-07	4641
10311	1.434910e-07	2.657740e-07	1.608744e-07	4641
18567	1.435070e-07	2.657778e-07	1.608538e-07	4641
26823	1.435230e-07	2.657817e-07	1.608332e-07	4641
35079	1.435390e-07	2.657855e-07	1.608126e-07	4641
43335	1.435550e-07	2.657893e-07	1.607920e-07	4641
51591	1.435709e-07	2.657932e-07	1.607714e-07	4641
59847	1.435869e-07	2.657970e-07	1.607508e-07	4641
68103	1.436029e-07	2.658008e-07	1.607301e-07	4641
76359	1.436188e-07	2.658047e-07	1.607095e-07	4641
84615	1.436348e-07	2.658085e-07	1.606889e-07	4641
92871	1.436508e-07	2.658124e-07	1.606683e-07	4641
101127	1.436667e-07	2.658162e-07	1.606477e-07	4641
109383	1.436827e-07	2.658200e-07	1.606270e-07	4641
117639	1.436987e-07	2.658239e-07	1.606064e-07	4641
125895	1.437146e-07	2.658277e-07	1.605858e-07	4641
134151	1.437305e-07	2.658315e-07	1.605652e-07	4641
142407	1.437465e-07	2.658354e-07	1.605445e-07	4641
150663	1.437624e-07	2.658392e-07	1.605239e-07	4641
158919	1.437784e-07	2.658431e-07	1.605032e-07	4641
167175	1.437943e-07	2.658469e-07	1.604826e-07	4641
175431	1.438102e-07	2.658508e-07	1.604620e-07	4641
183687	1.438262e-07	2.658546e-07	1.604413e-07	4641
191943	1.438421e-07	2.658584e-07	1.604207e-07	4641
200199	1.438580e-07	2.658623e-07	1.604000e-07	4641
208455	1.438739e-07	2.658661e-07	1.603794e-07	4641
216711	1.438899e-07	2.658700e-07	1.603587e-07	4641
224967	1.439058e-07	2.658738e-07	1.603380e-07	4641
233223	1.439217e-07	2.658777e-07	1.603174e-07	4641
241479	1.439376e-07	2.658815e-07	1.602967e-07	4641
249735	1.439535e-07	2.658853e-07	1.602761e-07	4641
257991	1.439694e-07	2.658892e-07	1.602554e-07	4641
266247	1.439853e-07	2.658930e-07	1.602347e-07	4641
274503	1.440012e-07	2.658969e-07	1.602141e-07	4641
282759	1.440171e-07	2.659008e-07	1.601934e-07	4641
291015	1.440330e-07	2.659046e-07	1.601727e-07	4641
299271	1.440489e-07	2.659085e-07	1.601520e-07	4641
307527	1.440647e-07	2.659123e-07	1.601314e-07	4641
315783	1.440806e-07	2.659162e-07	1.601107e-07	4641
324039	1.440965e-07	2.659200e-07	1.600900e-07	4641
332295	1.441124e-07	2.659238e-07	1.600693e-07	4641
340551	1.441283e-07	2.659277e-07	1.600486e-07	4641
348807	1.441441e-07	2.659315e-07	1.600279e-07	4641
357063	1.441600e-07	2.659354e-07	1.600072e-07	4641
365319	1.441758e-07	2.659393e-07	1.599865e-07	4641
373575	1.441917e-07	2.659431e-07	1.599658e-07	4641
381831	1.442076e-07	2.659470e-07	1.599451e-07	4641
390087	1.442234e-07	2.659508e-07	1.599244e-07	4641
398343	1.442393e-07	2.659547e-07	1.599037e-07	4641
406599	1.442551e-07	2.659585e-07	1.598830e-07	4641
414855	1.442710e-07	2.659624e-07	1.598623e-07	4641
423111	1.442868e-07	2.659662e-07	1.598416e-07	4641
431367	1.443026e-07	2.659701e-07	1.598209e-07	4641
439623	1.443185e-07	2.659739e-07	1.598002e-07	4641
447879	1.443343e-07	2.659778e-07	1.597795e-07	4641
456135	1.443501e-07	2.659816e-07	1.597587e-07	4641
464391	1.443660e-07	2.659855e-07	1.597380e-07	4641
472647	1.443818e-07	2.659894e-07	1.597173e-07	4641
480903	1.443976e-07	2.659932e-07	1.596966e-07	4641
489159	1.444134e-07	2.659971e-07	1.596758e-07	4641
497415	1.444292e-07	2.660009e-07	1.596551e-07	4641
505671	1.444450e-07	2.660048e-07	1.596344e-07	4641
513927	1.444608e-07	2.660087e-07	1.596136e-07	4641
522183	1.444766e-07	2.660125e-07	1.595929e-07	4641
530439	1.444924e-07	2.660164e-07	1.595721e-07	4641
538695	1.445082e-07	2.660202e-07	1.595514e-07	4641
546951	1.445240e-07	2.660241e-07	1.595307e-07	4641
555207	1.445398e-07	2.660280e-07	1.595099e-07	4641
563463	1.445556e-07	2.660318e-07	1.594892e-07	4641
571719	1.445714e-07	2.660357e-07	1.594684e-07	4641
579975	1.445872e-07	2.660396e-07	1.594477e-07	4641
588231	1.446030e-07	2.660434e-07	1.594269e-07	4641
596487	1.446187e-07	2.660473e-07	1.594061e-07	4641
604743	1.446345e-07	2.660512e-07	1.593854e-07	4641
612999	1.446503e-07	2.660550e-07	1.593646e-07	4641
621255	1.446660e-07	2.660589e-07	1.593438e-07	4641
629511	1.446818e-07	2.660628e-07	1.593231e-07	4641
637767	1.446976e-07	2.660666e-07	1.593023e-07	4641
646023	1.447133e-07	2.660705e-07	1.592815e-07	4641
654279	1.447291e-07	2.660744e-07	1.592608e-07	4641
662535	1.447448e-07	2.660782e-07	1.592400e-07	4641
670791	1.447606e-07	2.660821e-07	1.592192e-07	4641
679047	1.447763e-07	2.660859e-07	1.591984e-07	4641
687303	1.447921e-07	2.660898e-07	1.591776e-07	4641
695559	1.448078e-07	2.660937e-07	1.591569e-07	4641
703815	1.448235e-07	2.660975e-07	1.591361e-07	4641
712071	1.448393e-07	2.661014e-07	1.591153e-07	4641
720327	1.448550e-07	2.661053e-07	1.590945e-07	4641
728583	1.448707e-07	2.661092e-07	1.590737e-07	4641
736839	1.448865e-07	2.661130e-07	1.590529e-07	4641
745095	1.449022e-07	2.661169e-07	1.590321e-07	4641
753351	1.449179e-07	2.661208e-07	1.590113e-07	4641
761607	1.449336e-07	2.661247e-07	1.589905e-07	4641
769863	1.449493e-07	2.661285e-07	1.589697e-07	4641
778119	1.449650e-07	2.661324e-07	1.589489e-07	4641
786375	1.449807e-07	2.661363e-07	1.589280e-07	4641
794631	1.449964e-07	2.661401e-07	1.589072e-07	4641
802887	1.450121e-07	2.661440e-07	1.588864e-07	4641
811143	1.450278e-07	2.661479e-07	1.588656e-07	4641
819399	1.450435e-07	2.661518e-07	1.588448e-07	4641
827655	1.450592e-07	2.661556e-07	1.588240e-07	4641
835911	1.450749e-07	2.661595e-07	1.588031e-07	4641
844167	1.450906e-07	2.661634e-07	1.587823e-07	4641
852423	1.451063e-07	2.661673e-07	1.587615e-07	4641
860679	1.451219e-07	2.661712e-07	1.587406e-07	4641
868935	1.451376e-07	2.661750e-07	1.587198e-07	4641
877191	1.451533e-07	2.661789e-07	1.586990e-07	4641
885447	1.451689e-07	2.661828e-07	1.586781e-07	4641
893703	1.451846e-07	2.661867e-07	1.586573e-07	4641
901959	1.452003e-07	2.661905e-07	1.586365e-07	4641
910215	1.452159e-07	2.661944e-07	1.586156e-07	4641
918471	1.452316e-07	2.661983e-07	1.585948e-07	4641
926727	1.452472e-07	2.662022e-07	1.585739e-07	4641
934983	1.452629e-07	2.662061e-07	1.585531e-07	4641
943239	1.452785e-07	2.662100e-07	1.585322e-07	4641
951495	1.452942e-07	2.662138e-07	1.585114e-07	4641
959751	1.453098e-07	2.662177e-07	1.584905e-07	4641
968007	1.453255e-07	2.662216e-07	1.584696e-07	4641
976263	1.453411e-07	2.662255e-07	1.584488e-07	4641
984519	1.453567e-07	2.662294e-07	1.584279e-07	4641
992775	1.453724e-07	2.662333e-07	1.584070e-07	4641
1001031	1.453880e-07	2.662371e-07	1.583862e-07	4641
1009287	1.454036e-07	2.662410e-07	1.583653e-07	4641
1017543	1.454192e-07	2.662449e-07	1.583444e-07	4641
1025799	1.454348e-07	2.662488e-07	1.583235e-07	4641
1034055	1.454504e-07	2.662527e-07	1.583027e-07	4641
1042311	1.454660e-07	2.662566e-07	1.582818e-07	4641
1050567	1.454816e-07	2.662605e-07	1.582609e-07	4641
1058823	1.454973e-07	2.662643e-07	1.582400e-07	4641
1067079	1.455129e-07	2.662682e-07	1.582191e-07	4641
1075335	1.455285e-07	2.662721e-07	1.581982e-07	4641
1083591	1.455440e-07	2.662760e-07	1.581774e-07	4641
1091847	1.455596e-07	2.662799e-07	1.581565e-07	4641
1100103	1.455752e-07	2.662838e-07	1.581356e-07	4641
1108359	1.455908e-07	2.662877e-07	1.581147e-07	4641
1116615	1.456064e-07	2.662916e-07	1.580938e-07	4641
1124871	1.456220e-07	2.662954e-07	1.580729e-07	4641
1133127	1.456375e-07	2.662993e-07	1.580520e-07	4641
1141383	1.456531e-07	2.663032e-07	1.580310e-07	4641
1149639	1.456687e-07	2.663071e-07	1.580101e-07	4641
1273	2.717812e-07	2.666731e-07	1.172365e-07	2865
9529	2.717909e-07	2.666804e-07	1.171975e-07	2865
17785	2.718006e-07	2.666876e-07	1.171585e-07	2865
26041	2.718103e-07	2.666949e-07	1.171195e-07	2865
34297	2.718200e-07	2.667021e-07	1.170805e-07	2865
42553	2.718297e-07	2.667093e-07	1.170415e-07	2865
50809	2.718393e-07	2.667166e-07	1.170025e-07	2865
59065	2.718490e-07	2.667238e-07	1.169635e-07	2865
67321	2.718587e-07	2.667311e-07	1.169245e-07	2865
75577	2.718683e-07	2.667383e-07	1.168855e-07	2865
83833	2.718780e-07	2.667456e-07	1.168465e-07	2865
92089	2.718876e-07	2.667528e-07	1.168074e-07	2865
100345	2.718973e-07	2.667601e-07	1.167684e-07	2865
108601	2.719069e-07	2.667673e-07	1.167294e-07	2865
116857	2.719165e-07	2.667746e-07	1.166904e-07	2865
125113	2.719262e-07	2.667818e-07	1.166514e-07	2865
133369	2.719358e-07	2.667891e-07	1.166124e-07	2865
141625	2.719454e-07	2.667963e-07	1.165734e-07	2865
149881	2.719550e-07	2.668036e-07	1.165343e-07	2865
158137	2.719646e-07	2.668108e-07	1.164953e-07	2865
166393	2.719742e-07	2.668181e-07	1.164563e-07	2865
174649	2.719838e-07	2.668253e-07	1.164173e-07	2865
182905	2.719934e-07	2.668326e-07	1.163783e-07	2865
191161	2.720030e-07	2.668398e-07	1.163392e-07	2865
199417	2.720126e-07	2.668471e-07	1.163002e-07	2865
207673	2.720221e-07	2.668543e-07	1.162612e-07	2865
215929	2.720317e-07	2.668616e-07	1.162221e-07	2865
224185	2.720413e-07	2.668689e-07	1.161831e-07	2865
232441	2.720508e-07	2.668761e-07	1.161441e-07	2865
240697	2.720604e-07	2.668833e-07	1.161050e-07	2865
248953	2.720699e-07	2.668906e-07	1.160660e-07	2865
257209	2.720794e-07	2.668978e-07	1.160270e-07	2865
265465	2.720890e-07	2.669051e-07	1.159879e-07	2865
273721	2.720985e-07	2.669124e-07	1.159489e-07	2865
281977	2.721080e-07	2.669196e-07	1.159099e-07	2865
290233	2.721175e-07	2.669269e-07	1.158708e-07	2865
298489	2.721270e-07	2.669341e-07	1.158318e-07	2865
306745	2.721365e-07	2.669414e-07	1.157927e-07	2865
315001	2.721460e-07	2.669486e-07	1.157537e-07	2865
323257	2.721555e-07	2.669559e-07	1.157146e-07	2865
331513	2.721650e-07	2.669632e-07	1.156756e-07	2865
339769	2.721744e-07	2.669704e-07	1.156365e-07	2865
348025	2.721839e-07	2.669777e-07	1.155975e-07	2865
356281	2.721934e-07	2.669849e-07	1.155584e-07	2865
364537	2.722028e-07	2.669922e-07	1.155194e-07	2865
372793	2.722123e-07	2.669994e-07	1.154803e-07	2865
381049	2.722217e-07	2.670067e-07	1.154413e-07	2865
389305	2.722312e-07	2.670139e-07	1.154022e-07	2865
397561	2.722406e-07	2.670212e-07	1.153631e-07	2865
405817	2.722500e-07	2.670285e-07	1.153241e-07	2865
414073	2.722595e-07	2.670357e-07	1.152850e-07	2865
422329	2.722689e-07	2.670430e-07	1.152460e-07	2865
430585	2.722783e-07	2.670502e-07	1.152069e-07	2865
438841	2.722877e-07	2.670575e-07	1.151678e-07	2865
447097	2.722971e-07	2.670648e-07	1.151288e-07	2865
455353	2.723065e-07	2.670720e-07	1.150897e-07	2865
463609	2.723159e-07	2.670793e-07	1.150506e-07	2865
471865	2.723253e-07	2.670865e-07	1.150115e-07	2865
480121	2.723347e-07	2.670938e-07	1.149725e-07	2865
488377	2.723440e-07	2.671011e-07	1.149334e-07	2865
496633	2.723534e-07	2.671083e-07	1.148943e-07	2865
504889	2.723628e-07	2.671156e-07	1.148552e-07	2865
513145	2.723721e-07	2.671228e-07	1.148162e-07	2865
521401	2.723815e-07	2.671301e-07	1.147771e-07	2865
529657	2.723908e-07	2.671374e-07	1.147380e-07	2865
537913	2.724001e-07	2.671446e-07	1.146989e-07	2865
546169	2.724095e-07	2.671519e-07	1.146598e-07	2865
554425	2.724188e-07	2.671592e-07	1.146208e-07	2865
562681	2.724281e-07	2.671664e-07	1.145817e-07	2865
570937	2.724375e-07	2.671737e-07	1.145426e-07	2865
579193	2.724468e-07	2.671810e-07	1.145035e-07	2865
587449	2.724560e-07	2.671882e-07	1.144644e-07	2865
595705	2.724653e-07	2.671955e-07	1.144253e-07	2865
603961	2.724746e-07	2.672027e-07	1.143862e-07	2865
612217	2.724839e-07	2.672100e-07	1.143471e-07	2865
620473	2.724932e-07	2.672173e-07	1.143080e-07	2865
628729	2.725025e-07	2.672245e-07	1.142689e-07	2865
636985	2.725118e-07	2.672318e-07	1.142298e-07	2865
645241	2.725210e-07	2.672390e-07	1.141907e-07	2865
653497	2.725303e-07	2.672463e-07	1.141516e-07	2865
661753	2.725395e-07	2.672536e-07	1.141125e-07	2865
670009	2.725488e-07	2.672608e-07	1.140734e-07	2865
678265	2.725580e-07	2.672681e-07	1.140343e-07	2865
686521	2.725672e-07	2.672754e-07	1.139952e-07	2865
694777	2.725765e-07	2.672826e-07	1.139561e-07	2865
703033	2.725857e-07	2.672899e-07	1.139170e-07	2865
711289	2.725949e-07	2.672972e-07	1.138779e-07	2865
719545	2.726041e-07	2.673044e-07	1.138388e-07	2865
727801	2.726133e-07	2.673117e-07	1.137997e-07	2865
736057	2.726225e-07	2.673190e-07	1.137605e-07	2865
744313	2.726317e-07	2.673263e-07	1.137214e-07	2865
752569	2.726409e-07	2.673335e-07	1.136823e-07	2865
760825	2.726501e-07	2.673408e-07	1.136432e-07	2865
769081	2.726592e-07	2.673481e-07	1.136041e-07	2865
777337	2.726684e-07	2.673553e-07	1.135650e-07	2865
785593	2.726776e-07	2.673626e-07	1.135258e-07	2865
793849	2.726867e-07	2.673699e-07	1.134867e-07	2865
802105	2.726959e-07	2.673771e-07	1.134476e-07	2865
810361	2.727050e-07	2.673844e-07	1.134085e-07	2865
818617	2.727142e-07	2.673917e-07	1.133693e-07	2865
826873	2.727233e-07	2.673989e-07	1.133302e-07	2865
835129	2.727324e-07	2.674062e-07	1.132911e-07	2865
843385	2.727416e-07	2.674135e-07	1.132519e-07	2865
851641	2.727507e-07	2.674208e-07	1.132128e-07	2865
859897	2.727598e-07	2.674280e-07	1.131737e-07	2865
868153	2.727689e-07	2.674353e-07	1.131345e-07	2865
876409	2.727780e-07	2.674426e-07	1.130954e-07	2865
884665	2.727871e-07	2.674498e-07	1.130563e-07	2865
892921	2.727962e-07	2.674571e-07	1.130171e-07	2865
901177	2.728053e-07	2.674644e-07	1.129780e-07	2865
909433	2.728143e-07	2.674717e-07	1.129388e-07	2865
917689	2.728234e-07	2.674790e-07	1.128997e-07	2865
925945	2.728325e-07	2.674862e-07	1.128605e-07	2865
934201	2.728415e-07	2.674935e-07	1.128214e-07	2865
942457	2.728506e-07	2.675008e-07	1.127823e-07	2865
950713	2.728596e-07	2.675081e-07	1.127431e-07	2865
958969	2.728687e-07	2.675153e-07	1.127040e-07	2865
967225	2.728777e-07	2.675226e-07	1.126648e-07	2865
975481	2.728867e-07	2.675299e-07	1.126257e-07	2865
983737	2.728958e-07	2.675371e-07	1.125865e-07	2865
991993	2.729048e-07	2.675444e-07	1.125473e-07	2865
1000249	2.729138e-07	2.675517e-07	1.125082e-07	2865
1008505	2.729228e-07	2.675590e-07	1.124690e-07	2865
1016761	2.729318e-07	2.675662e-07	1.124299e-07	2865
1025017	2.729408e-07	2.675735e-07	1.123907e-07	2865
1033273	2.729498e-07	2.675808e-07	1.123516e-07	2865
1041529	2.729588e-07	2.675881e-07	1.123124e-07	2865
1049785	2.729678e-07	2.675954e-07	1.122732e-07	2865
1058041	2.729767e-07	2.676026e-07	1.122341e-07	2865
1066297	2.729857e-07	2.676099e-07	1.121949e-07	2865
1074553	2.729946e-07	2.676172e-07	1.121557e-07	2865
1082809	2.730036e-07	2.676245e-07	1.121166e-07	2865
1091065	2.730125e-07	2.676317e-07	1.120774e-07	2865
1099321	2.730215e-07	2.676390e-07	1.120382e-07	2865
1107577	2.730304e-07	2.676463e-07	1.119990e-07	2865
1115833	2.730393e-07	2.676536e-07	1.119599e-07	2865
1124089	2.730483e-07	2.676609e-07	1.119207e-07	2865
1132345	2.730572e-07	2.676681e-07	1.118815e-07	2865
1140601	2.730661e-07	2.676754e-07	1.118423e-07	2865
1148857	2.730750e-07	2.676827e-07	1.118032e-07	2865
2062	2.451769e-07	2.708380e-07	1.293420e-07	4648
10318	2.451882e-07	2.708445e-07	1.293068e-07	4648
18574	2.451995e-07	2.708511e-07	1.292716e-07	4648
26830	2.452109e-07	2.708576e-07	1.292364e-07	4648
35086	2.452222e-07	2.708641e-07	1.292012e-07	4648
43342	2.452335e-07	2.708707e-07	1.291660e-07	4648
51598	2.452448e-07	2.708772e-07	1.291308e-07	4648
59854	2.452561e-07	2.708838e-07	1.290957e-07	4648
68110	2.452674e-07	2.708903e-07	1.290605e-07	4648
76366	2.452787e-07	2.708968e-07	1.290253e-07	4648
84622	2.452900e-07	2.709034e-07	1.289901e-07	4648
92878	2.453013e-07	2.709099e-07	1.289549e-07	4648
101134	2.453125e-07	2.709165e-07	1.289197e-07	4648
109390	2.453238e-07	2.709230e-07	1.288845e-07	4648
117646	2.453351e-07	2.709295e-07	1.288493e-07	4648
125902	2.453463e-07	2.709361e-07	1.288141e-07	4648
134158	2.453576e-07	2.709426e-07	1.287789e-07	4648
142414	2.453689e-07	2.709492e-07	1.287437e-07	4648
150670	2.453801e-07	2.709557e-07	1.287085e-07	4648
158926	2.453913e-07	2.709623e-07	1.286732e-07	4648
167182	2.454026e-07	2.709688e-07	1.286380e-07	4648
175438	2.454138e-07	2.709754e-07	1.286028e-07	4648
183694	2.454250e-07	2.709819e-07	1.285676e-07	4648
191950	2.454362e-07	2.709885e-07	1.285324e-07	4648
200206	2.454474e-07	2.709950e-07	1.284972e-07	4648
208462	2.454587e-07	2.710015e-07	1.284619e-07	4648
216718	2.454699e-07	2.710081e-07	1.284267e-07	4648
224974	2.454811e-07	2.710146e-07	1.283915e-07	4648
233230	2.454923e-07	2.710212e-07	1.283563e-07	4648
241486	2.455034e-07	2.710277e-07	1.283210e-07	4648
249742	2.455146e-07	2.710343e-07	1.282858e-07	4648
257998	2.455258e-07	2.710408e-07	1.282506e-07	4648
266254	2.455370e-07	2.710474e-07	1.282154e-07	4648
274510	2.455481e-07	2.710539e-07	1.281801e-07	4648
282766	2.455593e-07	2.710605e-07	1.281449e-07	4648
291022	2.455704e-07	2.710670e-07	1.281097e-07	4648
299278	2.455816e-07	2.710736e-07	1.280744e-07	4648
307534	2.455927e-07	2.710801e-07	1.280392e-07	4648
315790	2.456039e-07	2.710867e-07	1.280039e-07	4648
324046	2.456150e-07	2.710932e-07	1.279687e-07	4648
332302	2.456262e-07	2.710998e-07	1.279335e-07	4648
340558	2.456373e-07	2.711063e-07	1.278982e-07	4648
348814	2.456484e-07	2.711129e-07	1.278630e-07	4648
357070	2.456595e-07	2.711194e-07	1.278277e-07	4648
365326	2.456706e-07	2.711260e-07	1.277925e-07	4648
373582	2.456817e-07	2.711325e-07	1.277572e-07	4648
381838	2.456928e-07	2.711391e-07	1.277220e-07	4648
390094	2.457039e-07	2.711456e-07	1.276867e-07	4648
398350	2.457150e-07	2.711522e-07	1.276514e-07	4648
406606	2.457261e-07	2.711587e-07	1.276162e-07	4648
414862	2.457371e-07	2.711653e-07	1.275809e-07	4648
423118	2.457482e-07	2.711718e-07	1.275457e-07	4648
431374	2.457593e-07	2.711784e-07	1.275104e-07	4648
439630	2.457704e-07	2.711849e-07	1.274751e-07	4648
447886	2.457814e-07	2.711915e-07	1.274399e-07	4648
456142	2.457924e-07	2.711981e-07	1.274046e-07	4648
464398	2.458035e-07	2.712046e-07	1.273693e-07	4648
472654	2.458145e-07	2.712112e-07	1.273341e-07	4648
480910	2.458256e-07	2.712177e-07	1.272988e-07	4648
489166	2.458366e-07	2.712243e-07	1.272635e-07	4648
497422	2.458476e-07	2.712308e-07	1.272282e-07	4648
505678	2.458586e-07	2.712374e-07	1.271930e-07	4648
513934	2.458697e-07	2.712439e-07	1.271577e-07	4648
522190	2.458807e-07	2.712505e-07	1.271224e-07	4648
530446	2.458917e-07	2.712571e-07	1.270871e-07	4648
538702	2.459027e-07	2.712636e-07	1.270518e-07	4648
546958	2.459137e-07	2.712702e-07	1.270166e-07	4648
555214	2.459247e-07	2.712767e-07	1.269813e-07	4648
563470	2.459356e-07	2.712833e-07	1.269460e-07	4648
571726	2.459466e-07	2.712899e-07	1.269107e-07	4648
579982	2.459576e-07	2.712964e-07	1.268754e-07	4648
588238	2.459686e-07	2.713030e-07	1.268401e-07	4648
596494	2.459795e-07	2.713095e-07	1.268048e-07	4648
604750	2.459905e-07	2.713161e-07	1.267695e-07	4648
613006	2.460014e-07	2.713227e-07	1.267342e-07	4648
621262	2.460124e-07	2.713292e-07	1.266989e-07	4648
629518	2.460233e-07	2.713358e-07	1.266636e-07	4648
637774	2.460343e-07	2.713423e-07	1.266283e-07	4648
646030	2.460452e-07	2.713489e-07	1.265930e-07	4648
654286	2.460561e-07	2.713555e-07	1.265577e-07	4648
662542	2.460670e-07	2.713620e-07	1.265224e-07	4648
670798	2.460779e-07	2.713686e-07	1.264871e-07	4648
679054	2.460889e-07	2.713751e-07	1.264518e-07	4648
687310	2.460998e-07	2.713817e-07	1.264165e-07	4648
695566	2.461107e-07	2.713883e-07	1.263812e-07	4648
703822	2.461215e-07	2.713948e-07	1.263459e-07	4648
712078	2.461325e-07	2.714014e-07	1.263105e-07	4648
720334	2.461433e-07	2.714080e-07	1.262752e-07	4648
728590	2.461542e-07	2.714145e-07	1.262399e-07	4648
736846	2.461651e-07	2.714211e-07	1.262046e-07	4648
745102	2.461759e-07	2.714277e-07	1.261693e-07	4648
753358	2.461868e-07	2.714342e-07	1.261339e-07	4648
761614	2.461977e-07	2.714408e-07	1.260986e-07	4648
769870	2.462085e-07	2.714474e-07	1.260633e-07	4648
778126	2.462194e-07	2.714539e-07	1.260280e-07	4648
786382	2.462302e-07	2.714605e-07	1.259926e-07	4648
794638	2.462411e-07	2.714671e-07	1.259573e-07	4648
802894	2.462519e-07	2.714736e-07	1.259220e-07	4648
811150	2.462627e-07	2.714802e-07	1.258866e-07	4648
819406	2.462735e-07	2.714868e-07	1.258513e-07	4648
827662	2.462843e-07	2.714933e-07	1.258160e-07	4648
835918	2.462951e-07	2.714999e-07	1.257806e-07	4648
844174	2.463059e-07	2.715065e-07	1.257453e-07	4648
852430	2.463167e-07	2.715130e-07	1.257099e-07	4648
860686	2.463275e-07	2.715196e-07	1.256746e-07	4648
868942	2.463383e-07	2.715262e-07	1.256392e-07	4648
877198	2.463491e-07	2.715327e-07	1.256039e-07	4648
885454	2.463599e-07	2.715393e-07	1.255685e-07	4648
893710	2.463707e-07	2.715459e-07	1.255332e-07	4648
901966	2.463814e-07	2.715525e-07	1.254978e-07	4648
910222	2.463922e-07	2.715590e-07	1.254625e-07	4648
918478	2.464030e-07	2.715656e-07	1.254271e-07	4648
926734	2.464137e-07	2.715722e-07	1.253918e-07	4648
934990	2.464245e-07	2.715787e-07	1.253564e-07	4648
943246	2.464352e-07	2.715853e-07	1.253211e-07	4648
951502	2.464459e-07	2.715919e-07	1.252857e-07	4648
959758	2.464567e-07	2.715985e-07	1.252503e-07	4648
968014	2.464674e-07	2.716050e-07	1.252150e-07	4648
976270	2.464781e-07	2.716116e-07	1.251796e-07	4648
984526	2.464888e-07	2.716182e-07	1.251442e-07	4648
992782	2.464996e-07	2.716247e-07	1.251089e-07	4648
1001038	2.465102e-07	2.716313e-07	1.250735e-07	4648
1009294	2.465210e-07	2.716379e-07	1.250381e-07	4648
1017550	2.465316e-07	2.716445e-07	1.250028e-07	4648
1025806	2.465423e-07	2.716511e-07	1.249674e-07	4648
1034062	2.465530e-07	2.716576e-07	1.249320e-07	4648
1042318	2.465637e-07	2.716642e-07	1.248966e-07	4648
1050574	2.465744e-07	2.716708e-07	1.248612e-07	4648
1058830	2.465850e-07	2.716774e-07	1.248259e-07	4648
1067086	2.465957e-07	2.716839e-07	1.247905e-07	4648
1075342	2.466064e-07	2.716905e-07	1.247551e-07	4648
1083598	2.466170e-07	2.716971e-07	1.247197e-07	4648
1091854	2.466277e-07	2.717036e-07	1.246843e-07	4648
1848	1.064145e-07	2.717095e-07	1.754927e-07	4145
1100110	2.466383e-07	2.717102e-07	1.246489e-07	4648
10104	1.064325e-07	2.717123e-07	1.754774e-07	4145
18360	1.064504e-07	2.717152e-07	1.754621e-07	4145
1108366	2.466489e-07	2.717168e-07	1.246135e-07	4648
26616	1.064683e-07	2.717180e-07	1.754468e-07	4145
34872	1.064862e-07	2.717209e-07	1.754315e-07	4145
1116622	2.466596e-07	2.717234e-07	1.245782e-07	4648
43128	1.065041e-07	2.717237e-07	1.754162e-07	4145
51384	1.065221e-07	2.717266e-07	1.754009e-07	4145
59640	1.065400e-07	2.717294e-07	1.753856e-07	4145
1124878	2.466702e-07	2.717300e-07	1.245428e-07	4648
67896	1.065579e-07	2.717323e-07	1.753703e-07	4145
76152	1.065758e-07	2.717351e-07	1.753550e-07	4145
1133134	2.466808e-07	2.717366e-07	1.245074e-07	4648
84408	1.065937e-07	2.717380e-07	1.753397e-07	4145
92664	1.066116e-07	2.717408e-07	1.753244e-07	4145
1141390	2.466914e-07	2.717431e-07	1.244720e-07	4648
100920	1.066295e-07	2.717437e-07	1.753091e-07	4145
109176	1.066474e-07	2.717466e-07	1.752938e-07	4145
117432	1.066653e-07	2.717494e-07	1.752784e-07	4145
1149646	2.467021e-07	2.717497e-07	1.244366e-07	4648
125688	1.066832e-07	2.717522e-07	1.752631e-07	4145
133944	1.067011e-07	2.717551e-07	1.752478e-07	4145
142200	1.067190e-07	2.717580e-07	1.752325e-07	4145
150456	1.067369e-07	2.717608e-07	1.752172e-07	4145
158712	1.067548e-07	2.717637e-07	1.752018e-07	4145
166968	1.067727e-07	2.717665e-07	1.751865e-07	4145
175224	1.067906e-07	2.717694e-07	1.751712e-07	4145
183480	1.068084e-07	2.717723e-07	1.751558e-07	4145
191736	1.068263e-07	2.717751e-07	1.751405e-07	4145
199992	1.068442e-07	2.717780e-07	1.751251e-07	4145
208248	1.068621e-07	2.717808e-07	1.751098e-07	4145
216504	1.068799e-07	2.717837e-07	1.750944e-07	4145
224760	1.068978e-07	2.717865e-07	1.750791e-07	4145
233016	1.069157e-07	2.717894e-07	1.750637e-07	4145
241272	1.069335e-07	2.717923e-07	1.750484e-07	4145
249528	1.069514e-07	2.717951e-07	1.750330e-07	4145
257784	1.069693e-07	2.717980e-07	1.750177e-07	4145
266040	1.069871e-07	2.718009e-07	1.750023e-07	4145
274296	1.070050e-07	2.718037e-07	1.749869e-07	4145
282552	1.070228e-07	2.718066e-07	1.749716e-07	4145
290808	1.070407e-07	2.718095e-07	1.749562e-07	4145
299064	1.070585e-07	2.718123e-07	1.749408e-07	4145
307320	1.070764e-07	2.718152e-07	1.749254e-07	4145
315576	1.070942e-07	2.718181e-07	1.749101e-07	4145
323832	1.071121e-07	2.718209e-07	1.748947e-07	4145
332088	1.071299e-07	2.718238e-07	1.748793e-07	4145
340344	1.071477e-07	2.718267e-07	1.748639e-07	4145
348600	1.071656e-07	2.718295e-07	1.748485e-07	4145
356856	1.071834e-07	2.718324e-07	1.748331e-07	4145
365112	1.072013e-07	2.718353e-07	1.748177e-07	4145
373368	1.072191e-07	2.718381e-07	1.748023e-07	4145
381624	1.072369e-07	2.718410e-07	1.747869e-07	4145
389880	1.072547e-07	2.718439e-07	1.747715e-07	4145
398136	1.072726e-07	2.718467e-07	1.747561e-07	4145
406392	1.072904e-07	2.718496e-07	1.747407e-07	4145
414648	1.073082e-07	2.718525e-07	1.747253e-07	4145
422904	1.073260e-07	2.718554e-07	1.747099e-07	4145
431160	1.073438e-07	2.718582e-07	1.746945e-07	4145
439416	1.073616e-07	2.718611e-07	1.746791e-07	4145
447672	1.073794e-07	2.718640e-07	1.746637e-07	4145
455928	1.073972e-07	2.718669e-07	1.746482e-07	4145
464184	1.074150e-07	2.718697e-07	1.746328e-07	4145
472440	1.074329e-07	2.718726e-07	1.746174e-07	4145
480696	1.074507e-07	2.718755e-07	1.746020e-07	4145
488952	1.074684e-07	2.718783e-07	1.745865e-07	4145
497208	1.074862e-07	2.718812e-07	1.745711e-07	4145
505464	1.075040e-07	2.718841e-07	1.745556e-07	4145
513720	1.075218e-07	2.718870e-07	1.745402e-07	4145
521976	1.075396e-07	2.718899e-07	1.745248e-07	4145
530232	1.075574e-07	2.718928e-07	1.745093e-07	4145
538488	1.075752e-07	2.718956e-07	1.744939e-07	4145
546744	1.075930e-07	2.718985e-07	1.744784e-07	4145
555000	1.076107e-07	2.719014e-07	1.744630e-07	4145
563256	1.076285e-07	2.719043e-07	1.744475e-07	4145
571512	1.076463e-07	2.719071e-07	1.744320e-07	4145
579768	1.076641e-07	2.719100e-07	1.744166e-07	4145
588024	1.076818e-07	2.719129e-07	1.744011e-07	4145
596280	1.076996e-07	2.719158e-07	1.743857e-07	4145
604536	1.077174e-07	2.719187e-07	1.743702e-07	4145
612792	1.077351e-07	2.719216e-07	1.743547e-07	4145
621048	1.077529e-07	2.719244e-07	1.743392e-07	4145
629304	1.077706e-07	2.719273e-07	1.743238e-07	4145
637560	1.077884e-07	2.719302e-07	1.743083e-07	4145
645816	1.078062e-07	2.719331e-07	1.742928e-07	4145
654072	1.078239e-07	2.719360e-07	1.742773e-07	4145
662328	1.078417e-07	2.719389e-07	1.742618e-07	4145
670584	1.078594e-07	2.719418e-07	1.742464e-07	4145
678840	1.078771e-07	2.719447e-07	1.742309e-07	4145
687096	1.078949e-07	2.719475e-07	1.742154e-07	4145
695352	1.079126e-07	2.719504e-07	1.741999e-07	4145
703608	1.079304e-07	2.719533e-07	1.741844e-07	4145
711864	1.079481e-07	2.719562e-07	1.741689e-07	4145
720120	1.079658e-07	2.719591e-07	1.741534e-07	4145
728376	1.079836e-07	2.719620e-07	1.741379e-07	4145
736632	1.080013e-07	2.719649e-07	1.741223e-07	4145
744888	1.080190e-07	2.719678e-07	1.741068e-07	4145
753144	1.080367e-07	2.719707e-07	1.740913e-07	4145
761400	1.080545e-07	2.719735e-07	1.740758e-07	4145
769656	1.080722e-07	2.719764e-07	1.740603e-07	4145
777912	1.080899e-07	2.719793e-07	1.740448e-07	4145
786168	1.081076e-07	2.719822e-07	1.740293e-07	4145
794424	1.081253e-07	2.719851e-07	1.740137e-07	4145
802680	1.081430e-07	2.719880e-07	1.739982e-07	4145
810936	1.081607e-07	2.719909e-07	1.739827e-07	4145
819192	1.081784e-07	2.719938e-07	1.739671e-07	4145
827448	1.081961e-07	2.719967e-07	1.739516e-07	4145
835704	1.082138e-07	2.719996e-07	1.739360e-07	4145
843960	1.082315e-07	2.720025e-07	1.739205e-07	4145
852216	1.082492e-07	2.720054e-07	1.739050e-07	4145
860472	1.082669e-07	2.720083e-07	1.738894e-07	4145
868728	1.082846e-07	2.720112e-07	1.738739e-07	4145
876984	1.083023e-07	2.720141e-07	1.738583e-07	4145
885240	1.083200e-07	2.720170e-07	1.738428e-07	4145
893496	1.083377e-07	2.720199e-07	1.738272e-07	4145
901752	1.083554e-07	2.720228e-07	1.738116e-07	4145
910008	1.083731e-07	2.720257e-07	1.737961e-07	4145
918264	1.083907e-07	2.720286e-07	1.737805e-07	4145
926520	1.084084e-07	2.720315e-07	1.737649e-07	4145
934776	1.084261e-07	2.720344e-07	1.737494e-07	4145
943032	1.084437e-07	2.720373e-07	1.737338e-07	4145
951288	1.084614e-07	2.720402e-07	1.737182e-07	4145
959544	1.084791e-07	2.720431e-07	1.737027e-07	4145
967800	1.084967e-07	2.720460e-07	1.736871e-07	4145
976056	1.085144e-07	2.720489e-07	1.736715e-07	4145
984312	1.085321e-07	2.720518e-07	1.736559e-07	4145
992568	1.085497e-07	2.720547e-07	1.736403e-07	4145
1000824	1.085674e-07	2.720576e-07	1.736247e-07	4145
1009080	1.085850e-07	2.720605e-07	1.736091e-07	4145
1017336	1.086027e-07	2.720634e-07	1.735935e-07	4145
1025592	1.086203e-07	2.720663e-07	1.735779e-07	4145
1033848	1.086380e-07	2.720692e-07	1.735623e-07	4145
1042104	1.086556e-07	2.720721e-07	1.735467e-07	4145
1050360	1.086732e-07	2.720751e-07	1.735311e-07	4145
1058616	1.086909e-07	2.720780e-07	1.735155e-07	4145
1066872	1.087085e-07	2.720809e-07	1.734999e-07	4145
1075128	1.087262e-07	2.720838e-07	1.734843e-07	4145
1083384	1.087438e-07	2.720867e-07	1.734687e-07	4145
1091640	1.087614e-07	2.720896e-07	1.734531e-07	4145
1099896	1.087790e-07	2.720925e-07	1.734375e-07	4145
1108152	1.087967e-07	2.720954e-07	1.734218e-07	4145
1116408	1.088143e-07	2.720983e-07	1.734062e-07	4145
1124664	1.088319e-07	2.721012e-07	1.733906e-07	4145
1132920	1.088495e-07	2.721042e-07	1.733749e-07	4145
1141176	1.088671e-07	2.721071e-07	1.733593e-07	4145
1149432	1.088848e-07	2.721100e-07	1.733437e-07	4145
3794	1.894282e-07	2.729007e-07	1.513736e-07	8998
12050	1.894426e-07	2.729058e-07	1.513464e-07	8998
20306	1.894571e-07	2.729108e-07	1.513192e-07	8998
28562	1.894715e-07	2.729159e-07	1.512921e-07	8998
36818	1.894859e-07	2.729209e-07	1.512649e-07	8998
45074	1.895003e-07	2.729260e-07	1.512377e-07	8998
53330	1.895148e-07	2.729311e-07	1.512105e-07	8998
61586	1.895292e-07	2.729361e-07	1.511833e-07	8998
69842	1.895436e-07	2.729412e-07	1.511561e-07	8998
78098	1.895580e-07	2.729462e-07	1.511289e-07	8998
86354	1.895724e-07	2.729513e-07	1.511017e-07	8998
94610	1.895868e-07	2.729564e-07	1.510744e-07	8998
102866	1.896012e-07	2.729614e-07	1.510472e-07	8998
111122	1.896156e-07	2.729665e-07	1.510200e-07	8998
119378	1.896300e-07	2.729715e-07	1.509928e-07	8998
127634	1.896443e-07	2.729766e-07	1.509656e-07	8998
135890	1.896587e-07	2.729817e-07	1.509384e-07	8998
144146	1.896731e-07	2.729867e-07	1.509111e-07	8998
152402	1.896875e-07	2.729918e-07	1.508839e-07	8998
160658	1.897018e-07	2.729969e-07	1.508567e-07	8998
168914	1.897162e-07	2.730019e-07	1.508295e-07	8998
177170	1.897305e-07	2.730070e-07	1.508023e-07	8998
185426	1.897449e-07	2.730120e-07	1.507750e-07	8998
193682	1.897592e-07	2.730171e-07	1.507478e-07	8998
201938	1.897736e-07	2.730222e-07	1.507206e-07	8998
210194	1.897879e-07	2.730272e-07	1.506933e-07	8998
218450	1.898023e-07	2.730323e-07	1.506661e-07	8998
226706	1.898166e-07	2.730374e-07	1.506388e-07	8998
234962	1.898309e-07	2.730424e-07	1.506116e-07	8998
243218	1.898453e-07	2.730475e-07	1.505844e-07	8998
251474	1.898596e-07	2.730526e-07	1.505571e-07	8998
259730	1.898739e-07	2.730577e-07	1.505299e-07	8998
267986	1.898882e-07	2.730627e-07	1.505026e-07	8998
276242	1.899025e-07	2.730678e-07	1.504753e-07	8998
284498	1.899168e-07	2.730729e-07	1.504481e-07	8998
292754	1.899311e-07	2.730779e-07	1.504208e-07	8998
301010	1.899454e-07	2.730830e-07	1.503936e-07	8998
309266	1.899597e-07	2.730881e-07	1.503663e-07	8998
317522	1.899740e-07	2.730931e-07	1.503390e-07	8998
325778	1.899883e-07	2.730982e-07	1.503118e-07	8998
334034	1.900026e-07	2.731033e-07	1.502845e-07	8998
342290	1.900168e-07	2.731084e-07	1.502573e-07	8998
350546	1.900311e-07	2.731134e-07	1.502300e-07	8998
358802	1.900454e-07	2.731185e-07	1.502027e-07	8998
367058	1.900596e-07	2.731236e-07	1.501754e-07	8998
375314	1.900739e-07	2.731286e-07	1.501482e-07	8998
383570	1.900882e-07	2.731337e-07	1.501209e-07	8998
391826	1.901024e-07	2.731388e-07	1.500936e-07	8998
400082	1.901167e-07	2.731439e-07	1.500663e-07	8998
408338	1.901309e-07	2.731489e-07	1.500390e-07	8998
416594	1.901451e-07	2.731540e-07	1.500117e-07	8998
424850	1.901594e-07	2.731591e-07	1.499844e-07	8998
433106	1.901736e-07	2.731642e-07	1.499571e-07	8998
441362	1.901878e-07	2.731692e-07	1.499299e-07	8998
449618	1.902021e-07	2.731743e-07	1.499026e-07	8998
457874	1.902163e-07	2.731794e-07	1.498753e-07	8998
466130	1.902305e-07	2.731845e-07	1.498480e-07	8998
474386	1.902447e-07	2.731896e-07	1.498207e-07	8998
482642	1.902589e-07	2.731946e-07	1.497934e-07	8998
490898	1.902731e-07	2.731997e-07	1.497661e-07	8998
499154	1.902873e-07	2.732048e-07	1.497387e-07	8998
507410	1.903015e-07	2.732099e-07	1.497114e-07	8998
515666	1.903157e-07	2.732149e-07	1.496841e-07	8998
523922	1.903299e-07	2.732200e-07	1.496568e-07	8998
532178	1.903441e-07	2.732251e-07	1.496295e-07	8998
540434	1.903583e-07	2.732302e-07	1.496022e-07	8998
548690	1.903724e-07	2.732353e-07	1.495748e-07	8998
556946	1.903866e-07	2.732403e-07	1.495475e-07	8998
565202	1.904008e-07	2.732454e-07	1.495202e-07	8998
573458	1.904149e-07	2.732505e-07	1.494929e-07	8998
581714	1.904291e-07	2.732556e-07	1.494655e-07	8998
589970	1.904432e-07	2.732607e-07	1.494382e-07	8998
598226	1.904574e-07	2.732658e-07	1.494109e-07	8998
606482	1.904716e-07	2.732708e-07	1.493835e-07	8998
614738	1.904857e-07	2.732759e-07	1.493562e-07	8998
622994	1.904998e-07	2.732810e-07	1.493289e-07	8998
631250	1.905140e-07	2.732861e-07	1.493015e-07	8998
639506	1.905281e-07	2.732912e-07	1.492742e-07	8998
647762	1.905422e-07	2.732963e-07	1.492468e-07	8998
656018	1.905563e-07	2.733014e-07	1.492195e-07	8998
664274	1.905705e-07	2.733065e-07	1.491921e-07	8998
672530	1.905846e-07	2.733115e-07	1.491648e-07	8998
680786	1.905987e-07	2.733166e-07	1.491374e-07	8998
689042	1.906128e-07	2.733217e-07	1.491101e-07	8998
697298	1.906269e-07	2.733268e-07	1.490827e-07	8998
705554	1.906410e-07	2.733319e-07	1.490554e-07	8998
713810	1.906551e-07	2.733370e-07	1.490280e-07	8998
722066	1.906692e-07	2.733421e-07	1.490006e-07	8998
730322	1.906833e-07	2.733472e-07	1.489733e-07	8998
738578	1.906973e-07	2.733522e-07	1.489459e-07	8998
746834	1.907114e-07	2.733573e-07	1.489185e-07	8998
755090	1.907255e-07	2.733624e-07	1.488912e-07	8998
763346	1.907396e-07	2.733675e-07	1.488638e-07	8998
771602	1.907536e-07	2.733726e-07	1.488364e-07	8998
779858	1.907677e-07	2.733777e-07	1.488091e-07	8998
788114	1.907817e-07	2.733828e-07	1.487817e-07	8998
796370	1.907958e-07	2.733879e-07	1.487543e-07	8998
804626	1.908099e-07	2.733930e-07	1.487269e-07	8998
812882	1.908239e-07	2.733981e-07	1.486995e-07	8998
821138	1.908379e-07	2.734032e-07	1.486721e-07	8998
829394	1.908520e-07	2.734083e-07	1.486447e-07	8998
837650	1.908660e-07	2.734133e-07	1.486173e-07	8998
845906	1.908800e-07	2.734184e-07	1.485899e-07	8998
854162	1.908941e-07	2.734235e-07	1.485626e-07	8998
862418	1.909081e-07	2.734286e-07	1.485352e-07	8998
870674	1.909221e-07	2.734337e-07	1.485078e-07	8998
878930	1.909361e-07	2.734388e-07	1.484804e-07	8998
887186	1.909501e-07	2.734439e-07	1.484530e-07	8998
895442	1.909641e-07	2.734490e-07	1.484256e-07	8998
903698	1.909781e-07	2.734541e-07	1.483981e-07	8998
911954	1.909921e-07	2.734592e-07	1.483707e-07	8998
920210	1.910061e-07	2.734643e-07	1.483433e-07	8998
928466	1.910201e-07	2.734694e-07	1.483159e-07	8998
936722	1.910341e-07	2.734745e-07	1.482885e-07	8998
944978	1.910481e-07	2.734796e-07	1.482611e-07	8998
953234	1.910621e-07	2.734847e-07	1.482337e-07	8998
961490	1.910760e-07	2.734898e-07	1.482062e-07	8998
969746	1.910900e-07	2.734949e-07	1.481788e-07	8998
978002	1.911040e-07	2.735000e-07	1.481514e-07	8998
986258	1.911179e-07	2.735051e-07	1.481240e-07	8998
994514	1.911319e-07	2.735102e-07	1.480965e-07	8998
1002770	1.911458e-07	2.735153e-07	1.480691e-07	8998
1011026	1.911598e-07	2.735204e-07	1.480417e-07	8998
1019282	1.911737e-07	2.735255e-07	1.480142e-07	8998
1027538	1.911877e-07	2.735306e-07	1.479868e-07	8998
1035794	1.912016e-07	2.735357e-07	1.479594e-07	8998
1044050	1.912155e-07	2.735408e-07	1.479319e-07	8998
1052306	1.912294e-07	2.735459e-07	1.479045e-07	8998
1060562	1.912434e-07	2.735510e-07	1.478770e-07	8998
1068818	1.912573e-07	2.735561e-07	1.478496e-07	8998
1077074	1.912712e-07	2.735613e-07	1.478221e-07	8998
1085330	1.912851e-07	2.735663e-07	1.477947e-07	8998
1093586	1.912990e-07	2.735715e-07	1.477672e-07	8998
1101842	1.913129e-07	2.735766e-07	1.477398e-07	8998
1110098	1.913268e-07	2.735817e-07	1.477123e-07	8998
1118354	1.913407e-07	2.735868e-07	1.476848e-07	8998
1126610	1.913546e-07	2.735919e-07	1.476574e-07	8998
1134866	1.913685e-07	2.735970e-07	1.476299e-07	8998
1143122	1.913824e-07	2.736021e-07	1.476024e-07	8998
1151378	1.913963e-07	2.736072e-07	1.475750e-07	8998
2165	9.576838e-08	2.968284e-07	2.019511e-07	4897
10421	9.578943e-08	2.968310e-07	2.019373e-07	4897
18677	9.581048e-08	2.968335e-07	2.019235e-07	4897
26933	9.583153e-08	2.968361e-07	2.019098e-07	4897
35189	9.585258e-08	2.968387e-07	2.018960e-07	4897
43445	9.587362e-08	2.968412e-07	2.018822e-07	4897
51701	9.589467e-08	2.968438e-07	2.018685e-07	4897
59957	9.591572e-08	2.968464e-07	2.018547e-07	4897
68213	9.593676e-08	2.968490e-07	2.018409e-07	4897
76469	9.595779e-08	2.968515e-07	2.018271e-07	4897
84725	9.597883e-08	2.968541e-07	2.018133e-07	4897
92981	9.599986e-08	2.968567e-07	2.017995e-07	4897
101237	9.602089e-08	2.968592e-07	2.017858e-07	4897
109493	9.604192e-08	2.968618e-07	2.017720e-07	4897
117749	9.606295e-08	2.968644e-07	2.017582e-07	4897
126005	9.608398e-08	2.968670e-07	2.017444e-07	4897
134261	9.610500e-08	2.968695e-07	2.017305e-07	4897
142517	9.612602e-08	2.968721e-07	2.017167e-07	4897
150773	9.614704e-08	2.968747e-07	2.017029e-07	4897
159029	9.616806e-08	2.968773e-07	2.016891e-07	4897
167285	9.618908e-08	2.968798e-07	2.016753e-07	4897
175541	9.621009e-08	2.968824e-07	2.016615e-07	4897
183797	9.623110e-08	2.968850e-07	2.016477e-07	4897
192053	9.625211e-08	2.968876e-07	2.016338e-07	4897
200309	9.627312e-08	2.968902e-07	2.016200e-07	4897
208565	9.629412e-08	2.968928e-07	2.016062e-07	4897
216821	9.631513e-08	2.968953e-07	2.015923e-07	4897
225077	9.633612e-08	2.968979e-07	2.015785e-07	4897
233333	9.635713e-08	2.969005e-07	2.015646e-07	4897
241589	9.637812e-08	2.969031e-07	2.015508e-07	4897
249845	9.639912e-08	2.969057e-07	2.015370e-07	4897
258101	9.642011e-08	2.969082e-07	2.015231e-07	4897
266357	9.644110e-08	2.969108e-07	2.015093e-07	4897
274613	9.646209e-08	2.969134e-07	2.014954e-07	4897
282869	9.648308e-08	2.969160e-07	2.014815e-07	4897
291125	9.650406e-08	2.969186e-07	2.014677e-07	4897
299381	9.652504e-08	2.969212e-07	2.014538e-07	4897
307637	9.654602e-08	2.969238e-07	2.014399e-07	4897
315893	9.656700e-08	2.969263e-07	2.014261e-07	4897
324149	9.658798e-08	2.969289e-07	2.014122e-07	4897
332405	9.660896e-08	2.969315e-07	2.013983e-07	4897
340661	9.662993e-08	2.969341e-07	2.013844e-07	4897
348917	9.665089e-08	2.969367e-07	2.013706e-07	4897
357173	9.667186e-08	2.969393e-07	2.013567e-07	4897
365429	9.669283e-08	2.969419e-07	2.013428e-07	4897
373685	9.671380e-08	2.969445e-07	2.013289e-07	4897
381941	9.673476e-08	2.969471e-07	2.013150e-07	4897
390197	9.675572e-08	2.969497e-07	2.013011e-07	4897
398453	9.677667e-08	2.969523e-07	2.012872e-07	4897
406709	9.679763e-08	2.969549e-07	2.012733e-07	4897
414965	9.681858e-08	2.969575e-07	2.012594e-07	4897
423221	9.683954e-08	2.969601e-07	2.012455e-07	4897
431477	9.686049e-08	2.969626e-07	2.012316e-07	4897
439733	9.688144e-08	2.969653e-07	2.012176e-07	4897
447989	9.690238e-08	2.969678e-07	2.012037e-07	4897
456245	9.692332e-08	2.969704e-07	2.011898e-07	4897
464501	9.694426e-08	2.969730e-07	2.011759e-07	4897
472757	9.696520e-08	2.969756e-07	2.011620e-07	4897
481013	9.698614e-08	2.969782e-07	2.011480e-07	4897
489269	9.700707e-08	2.969808e-07	2.011341e-07	4897
497525	9.702801e-08	2.969834e-07	2.011201e-07	4897
505781	9.704894e-08	2.969860e-07	2.011062e-07	4897
514037	9.706987e-08	2.969886e-07	2.010923e-07	4897
522293	9.709080e-08	2.969912e-07	2.010783e-07	4897
530549	9.711172e-08	2.969938e-07	2.010644e-07	4897
538805	9.713264e-08	2.969964e-07	2.010504e-07	4897
547061	9.715357e-08	2.969990e-07	2.010365e-07	4897
555317	9.717449e-08	2.970017e-07	2.010225e-07	4897
563573	9.719540e-08	2.970042e-07	2.010085e-07	4897
571829	9.721631e-08	2.970069e-07	2.009946e-07	4897
580085	9.723723e-08	2.970095e-07	2.009806e-07	4897
588341	9.725814e-08	2.970121e-07	2.009666e-07	4897
596597	9.727905e-08	2.970147e-07	2.009527e-07	4897
604853	9.729995e-08	2.970173e-07	2.009387e-07	4897
613109	9.732086e-08	2.970199e-07	2.009247e-07	4897
621365	9.734176e-08	2.970225e-07	2.009107e-07	4897
629621	9.736266e-08	2.970251e-07	2.008967e-07	4897
637877	9.738356e-08	2.970277e-07	2.008828e-07	4897
646133	9.740445e-08	2.970303e-07	2.008688e-07	4897
654389	9.742535e-08	2.970330e-07	2.008548e-07	4897
662645	9.744624e-08	2.970356e-07	2.008408e-07	4897
670901	9.746713e-08	2.970382e-07	2.008268e-07	4897
679157	9.748801e-08	2.970408e-07	2.008128e-07	4897
687413	9.750890e-08	2.970434e-07	2.007988e-07	4897
695669	9.752979e-08	2.970460e-07	2.007847e-07	4897
703925	9.755067e-08	2.970486e-07	2.007707e-07	4897
712181	9.757154e-08	2.970512e-07	2.007567e-07	4897
720437	9.759242e-08	2.970538e-07	2.007427e-07	4897
728693	9.761330e-08	2.970565e-07	2.007287e-07	4897
736949	9.763417e-08	2.970591e-07	2.007147e-07	4897
745205	9.765504e-08	2.970617e-07	2.007006e-07	4897
753461	9.767591e-08	2.970643e-07	2.006866e-07	4897
761717	9.769678e-08	2.970669e-07	2.006726e-07	4897
769973	9.771764e-08	2.970696e-07	2.006585e-07	4897
778229	9.773851e-08	2.970722e-07	2.006445e-07	4897
786485	9.775936e-08	2.970748e-07	2.006305e-07	4897
794741	9.778022e-08	2.970774e-07	2.006164e-07	4897
802997	9.780108e-08	2.970800e-07	2.006024e-07	4897
811253	9.782193e-08	2.970827e-07	2.005883e-07	4897
819509	9.784279e-08	2.970853e-07	2.005742e-07	4897
827765	9.786363e-08	2.970879e-07	2.005602e-07	4897
836021	9.788448e-08	2.970905e-07	2.005461e-07	4897
844277	9.790533e-08	2.970932e-07	2.005321e-07	4897
852533	9.792618e-08	2.970958e-07	2.005180e-07	4897
860789	9.794702e-08	2.970984e-07	2.005039e-07	4897
869045	9.796786e-08	2.971010e-07	2.004899e-07	4897
877301	9.798870e-08	2.971037e-07	2.004758e-07	4897
885557	9.800953e-08	2.971063e-07	2.004617e-07	4897
893813	9.803036e-08	2.971089e-07	2.004476e-07	4897
902069	9.805120e-08	2.971115e-07	2.004335e-07	4897
910325	9.807202e-08	2.971142e-07	2.004194e-07	4897
918581	9.809285e-08	2.971168e-07	2.004054e-07	4897
926837	9.811367e-08	2.971194e-07	2.003913e-07	4897
935093	9.813450e-08	2.971221e-07	2.003772e-07	4897
943349	9.815532e-08	2.971247e-07	2.003631e-07	4897
951605	9.817614e-08	2.971273e-07	2.003490e-07	4897
959861	9.819696e-08	2.971300e-07	2.003349e-07	4897
968117	9.821777e-08	2.971326e-07	2.003208e-07	4897
976373	9.823858e-08	2.971352e-07	2.003066e-07	4897
984629	9.825939e-08	2.971379e-07	2.002925e-07	4897
992885	9.828020e-08	2.971405e-07	2.002784e-07	4897
1001141	9.830101e-08	2.971431e-07	2.002643e-07	4897
1009397	9.832181e-08	2.971458e-07	2.002502e-07	4897
1017653	9.834261e-08	2.971484e-07	2.002360e-07	4897
1025909	9.836342e-08	2.971510e-07	2.002219e-07	4897
1034165	9.838421e-08	2.971537e-07	2.002078e-07	4897
1042421	9.840500e-08	2.971563e-07	2.001937e-07	4897
1050677	9.842580e-08	2.971589e-07	2.001795e-07	4897
1058933	9.844659e-08	2.971616e-07	2.001654e-07	4897
1067189	9.846738e-08	2.971642e-07	2.001512e-07	4897
1075445	9.848817e-08	2.971668e-07	2.001371e-07	4897
1083701	9.850896e-08	2.971695e-07	2.001229e-07	4897
1091957	9.852974e-08	2.971721e-07	2.001088e-07	4897
1100213	9.855052e-08	2.971748e-07	2.000946e-07	4897
1108469	9.857130e-08	2.971774e-07	2.000805e-07	4897
1116725	9.859207e-08	2.971801e-07	2.000663e-07	4897
1124981	9.861284e-08	2.971827e-07	2.000521e-07	4897
1133237	9.863362e-08	2.971854e-07	2.000380e-07	4897
1141493	9.865439e-08	2.971880e-07	2.000238e-07	4897
1149749	9.867516e-08	2.971906e-07	2.000096e-07	4897
2172	1.974702e-07	3.018962e-07	1.703980e-07	4904
10428	1.974866e-07	3.019015e-07	1.703697e-07	4904
18684	1.975030e-07	3.019068e-07	1.703413e-07	4904
26940	1.975194e-07	3.019121e-07	1.703130e-07	4904
35196	1.975358e-07	3.019173e-07	1.702846e-07	4904
43452	1.975522e-07	3.019226e-07	1.702563e-07	4904
51708	1.975685e-07	3.019279e-07	1.702279e-07	4904
59964	1.975849e-07	3.019331e-07	1.701996e-07	4904
68220	1.976013e-07	3.019384e-07	1.701712e-07	4904
76476	1.976176e-07	3.019437e-07	1.701429e-07	4904
84732	1.976340e-07	3.019490e-07	1.701145e-07	4904
92988	1.976504e-07	3.019542e-07	1.700861e-07	4904
101244	1.976667e-07	3.019595e-07	1.700578e-07	4904
109500	1.976830e-07	3.019648e-07	1.700294e-07	4904
117756	1.976994e-07	3.019701e-07	1.700010e-07	4904
126012	1.977157e-07	3.019753e-07	1.699726e-07	4904
134268	1.977320e-07	3.019806e-07	1.699443e-07	4904
142524	1.977484e-07	3.019859e-07	1.699159e-07	4904
150780	1.977647e-07	3.019912e-07	1.698875e-07	4904
159036	1.977810e-07	3.019965e-07	1.698591e-07	4904
167292	1.977973e-07	3.020018e-07	1.698307e-07	4904
175548	1.978136e-07	3.020070e-07	1.698023e-07	4904
183804	1.978299e-07	3.020123e-07	1.697739e-07	4904
192060	1.978462e-07	3.020176e-07	1.697455e-07	4904
200316	1.978625e-07	3.020229e-07	1.697172e-07	4904
208572	1.978788e-07	3.020282e-07	1.696887e-07	4904
216828	1.978951e-07	3.020334e-07	1.696603e-07	4904
225084	1.979114e-07	3.020387e-07	1.696319e-07	4904
233340	1.979277e-07	3.020440e-07	1.696035e-07	4904
241596	1.979440e-07	3.020493e-07	1.695751e-07	4904
249852	1.979602e-07	3.020546e-07	1.695467e-07	4904
258108	1.979765e-07	3.020599e-07	1.695183e-07	4904
266364	1.979928e-07	3.020652e-07	1.694899e-07	4904
274620	1.980090e-07	3.020704e-07	1.694615e-07	4904
282876	1.980253e-07	3.020757e-07	1.694331e-07	4904
291132	1.980415e-07	3.020810e-07	1.694046e-07	4904
299388	1.980578e-07	3.020863e-07	1.693762e-07	4904
307644	1.980740e-07	3.020916e-07	1.693478e-07	4904
315900	1.980902e-07	3.020969e-07	1.693193e-07	4904
324156	1.981065e-07	3.021022e-07	1.692909e-07	4904
332412	1.981227e-07	3.021075e-07	1.692625e-07	4904
340668	1.981389e-07	3.021127e-07	1.692340e-07	4904
348924	1.981552e-07	3.021180e-07	1.692056e-07	4904
357180	1.981714e-07	3.021233e-07	1.691772e-07	4904
365436	1.981876e-07	3.021286e-07	1.691487e-07	4904
373692	1.982038e-07	3.021339e-07	1.691203e-07	4904
381948	1.982200e-07	3.021392e-07	1.690918e-07	4904
390204	1.982362e-07	3.021445e-07	1.690634e-07	4904
398460	1.982524e-07	3.021498e-07	1.690349e-07	4904
406716	1.982686e-07	3.021551e-07	1.690065e-07	4904
414972	1.982848e-07	3.021604e-07	1.689780e-07	4904
423228	1.983010e-07	3.021657e-07	1.689495e-07	4904
431484	1.983172e-07	3.021710e-07	1.689211e-07	4904
439740	1.983333e-07	3.021763e-07	1.688926e-07	4904
447996	1.983495e-07	3.021815e-07	1.688641e-07	4904
456252	1.983657e-07	3.021869e-07	1.688357e-07	4904
464508	1.983818e-07	3.021921e-07	1.688072e-07	4904
472764	1.983980e-07	3.021974e-07	1.687787e-07	4904
481020	1.984141e-07	3.022027e-07	1.687503e-07	4904
489276	1.984303e-07	3.022080e-07	1.687218e-07	4904
497532	1.984464e-07	3.022133e-07	1.686933e-07	4904
505788	1.984626e-07	3.022186e-07	1.686648e-07	4904
514044	1.984787e-07	3.022239e-07	1.686363e-07	4904
522300	1.984948e-07	3.022292e-07	1.686078e-07	4904
530556	1.985110e-07	3.022345e-07	1.685794e-07	4904
538812	1.985271e-07	3.022398e-07	1.685509e-07	4904
547068	1.985432e-07	3.022451e-07	1.685224e-07	4904
555324	1.985593e-07	3.022504e-07	1.684939e-07	4904
563580	1.985754e-07	3.022557e-07	1.684654e-07	4904
571836	1.985916e-07	3.022610e-07	1.684369e-07	4904
580092	1.986077e-07	3.022663e-07	1.684084e-07	4904
588348	1.986238e-07	3.022716e-07	1.683799e-07	4904
596604	1.986398e-07	3.022769e-07	1.683513e-07	4904
604860	1.986559e-07	3.022822e-07	1.683228e-07	4904
613116	1.986720e-07	3.022876e-07	1.682943e-07	4904
621372	1.986881e-07	3.022928e-07	1.682658e-07	4904
629628	1.987042e-07	3.022982e-07	1.682373e-07	4904
637884	1.987202e-07	3.023035e-07	1.682088e-07	4904
646140	1.987363e-07	3.023088e-07	1.681803e-07	4904
654396	1.987524e-07	3.023141e-07	1.681517e-07	4904
662652	1.987684e-07	3.023194e-07	1.681232e-07	4904
670908	1.987845e-07	3.023247e-07	1.680947e-07	4904
679164	1.988005e-07	3.023300e-07	1.680661e-07	4904
687420	1.988166e-07	3.023353e-07	1.680376e-07	4904
695676	1.988327e-07	3.023406e-07	1.680091e-07	4904
703932	1.988487e-07	3.023459e-07	1.679805e-07	4904
712188	1.988647e-07	3.023512e-07	1.679520e-07	4904
720444	1.988808e-07	3.023565e-07	1.679234e-07	4904
728700	1.988968e-07	3.023619e-07	1.678949e-07	4904
736956	1.989128e-07	3.023672e-07	1.678664e-07	4904
745212	1.989288e-07	3.023725e-07	1.678378e-07	4904
753468	1.989448e-07	3.023778e-07	1.678092e-07	4904
761724	1.989608e-07	3.023831e-07	1.677807e-07	4904
769980	1.989768e-07	3.023884e-07	1.677521e-07	4904
778236	1.989929e-07	3.023937e-07	1.677236e-07	4904
786492	1.990089e-07	3.023990e-07	1.676950e-07	4904
794748	1.990248e-07	3.024043e-07	1.676665e-07	4904
803004	1.990408e-07	3.024097e-07	1.676379e-07	4904
811260	1.990568e-07	3.024150e-07	1.676093e-07	4904
819516	1.990728e-07	3.024203e-07	1.675808e-07	4904
827772	1.990888e-07	3.024256e-07	1.675522e-07	4904
836028	1.991047e-07	3.024309e-07	1.675236e-07	4904
844284	1.991207e-07	3.024362e-07	1.674950e-07	4904
852540	1.991367e-07	3.024415e-07	1.674665e-07	4904
860796	1.991526e-07	3.024469e-07	1.674379e-07	4904
869052	1.991686e-07	3.024522e-07	1.674093e-07	4904
877308	1.991845e-07	3.024575e-07	1.673807e-07	4904
885564	1.992005e-07	3.024628e-07	1.673521e-07	4904
893820	1.992164e-07	3.024681e-07	1.673235e-07	4904
902076	1.992324e-07	3.024734e-07	1.672949e-07	4904
910332	1.992483e-07	3.024788e-07	1.672663e-07	4904
918588	1.992642e-07	3.024841e-07	1.672377e-07	4904
926844	1.992802e-07	3.024894e-07	1.672091e-07	4904
935100	1.992961e-07	3.024947e-07	1.671805e-07	4904
943356	1.993120e-07	3.025000e-07	1.671519e-07	4904
951612	1.993279e-07	3.025054e-07	1.671233e-07	4904
959868	1.993438e-07	3.025107e-07	1.670947e-07	4904
968124	1.993597e-07	3.025160e-07	1.670661e-07	4904
976380	1.993756e-07	3.025213e-07	1.670375e-07	4904
984636	1.993915e-07	3.025267e-07	1.670089e-07	4904
992892	1.994074e-07	3.025320e-07	1.669802e-07	4904
1001148	1.994233e-07	3.025373e-07	1.669516e-07	4904
1009404	1.994392e-07	3.025426e-07	1.669230e-07	4904
1017660	1.994550e-07	3.025480e-07	1.668944e-07	4904
1025916	1.994709e-07	3.025533e-07	1.668657e-07	4904
1034172	1.994868e-07	3.025586e-07	1.668371e-07	4904
1042428	1.995027e-07	3.025639e-07	1.668085e-07	4904
1050684	1.995185e-07	3.025692e-07	1.667799e-07	4904
1058940	1.995344e-07	3.025746e-07	1.667512e-07	4904
1067196	1.995502e-07	3.025799e-07	1.667226e-07	4904
1075452	1.995661e-07	3.025852e-07	1.666939e-07	4904
1083708	1.995819e-07	3.025906e-07	1.666653e-07	4904
1091964	1.995978e-07	3.025959e-07	1.666366e-07	4904
1100220	1.996136e-07	3.026012e-07	1.666080e-07	4904
1108476	1.996294e-07	3.026066e-07	1.665793e-07	4904
1116732	1.996453e-07	3.026119e-07	1.665507e-07	4904
1124988	1.996611e-07	3.026172e-07	1.665220e-07	4904
1133244	1.996769e-07	3.026225e-07	1.664934e-07	4904
1141500	1.996927e-07	3.026279e-07	1.664647e-07	4904
1149756	1.997085e-07	3.026332e-07	1.664361e-07	4904
2281	1.537822e-07	3.053471e-07	1.886663e-07	5160
10537	1.538011e-07	3.053513e-07	1.886442e-07	5160
18793	1.538200e-07	3.053553e-07	1.886221e-07	5160
27049	1.538390e-07	3.053595e-07	1.886000e-07	5160
35305	1.538579e-07	3.053636e-07	1.885780e-07	5160
43561	1.538768e-07	3.053677e-07	1.885559e-07	5160
51817	1.538957e-07	3.053718e-07	1.885338e-07	5160
60073	1.539146e-07	3.053759e-07	1.885117e-07	5160
68329	1.539335e-07	3.053800e-07	1.884896e-07	5160
76585	1.539524e-07	3.053841e-07	1.884675e-07	5160
84841	1.539713e-07	3.053883e-07	1.884454e-07	5160
93097	1.539902e-07	3.053924e-07	1.884233e-07	5160
101353	1.540090e-07	3.053965e-07	1.884012e-07	5160
109609	1.540279e-07	3.054006e-07	1.883790e-07	5160
117865	1.540468e-07	3.054047e-07	1.883569e-07	5160
126121	1.540657e-07	3.054089e-07	1.883348e-07	5160
134377	1.540846e-07	3.054130e-07	1.883127e-07	5160
142633	1.541034e-07	3.054171e-07	1.882906e-07	5160
150889	1.541223e-07	3.054212e-07	1.882684e-07	5160
159145	1.541412e-07	3.054253e-07	1.882463e-07	5160
167401	1.541600e-07	3.054294e-07	1.882242e-07	5160
175657	1.541789e-07	3.054336e-07	1.882021e-07	5160
183913	1.541977e-07	3.054377e-07	1.881799e-07	5160
192169	1.542166e-07	3.054418e-07	1.881578e-07	5160
200425	1.542354e-07	3.054459e-07	1.881356e-07	5160
208681	1.542543e-07	3.054500e-07	1.881135e-07	5160
216937	1.542731e-07	3.054542e-07	1.880913e-07	5160
225193	1.542919e-07	3.054583e-07	1.880692e-07	5160
233449	1.543108e-07	3.054624e-07	1.880471e-07	5160
241705	1.543296e-07	3.054666e-07	1.880249e-07	5160
249961	1.543484e-07	3.054707e-07	1.880027e-07	5160
258217	1.543673e-07	3.054748e-07	1.879806e-07	5160
266473	1.543861e-07	3.054789e-07	1.879584e-07	5160
274729	1.544049e-07	3.054831e-07	1.879363e-07	5160
282985	1.544237e-07	3.054872e-07	1.879141e-07	5160
291241	1.544425e-07	3.054913e-07	1.878919e-07	5160
299497	1.544613e-07	3.054954e-07	1.878697e-07	5160
307753	1.544801e-07	3.054996e-07	1.878476e-07	5160
316009	1.544989e-07	3.055037e-07	1.878254e-07	5160
324265	1.545177e-07	3.055078e-07	1.878032e-07	5160
332521	1.545365e-07	3.055119e-07	1.877810e-07	5160
340777	1.545553e-07	3.055161e-07	1.877588e-07	5160
349033	1.545741e-07	3.055202e-07	1.877366e-07	5160
357289	1.545929e-07	3.055244e-07	1.877144e-07	5160
365545	1.546117e-07	3.055285e-07	1.876923e-07	5160
373801	1.546304e-07	3.055326e-07	1.876701e-07	5160
382057	1.546492e-07	3.055368e-07	1.876478e-07	5160
390313	1.546680e-07	3.055409e-07	1.876256e-07	5160
398569	1.546868e-07	3.055450e-07	1.876034e-07	5160
406825	1.547055e-07	3.055492e-07	1.875812e-07	5160
415081	1.547243e-07	3.055533e-07	1.875590e-07	5160
423337	1.547430e-07	3.055574e-07	1.875368e-07	5160
431593	1.547618e-07	3.055616e-07	1.875146e-07	5160
439849	1.547805e-07	3.055657e-07	1.874924e-07	5160
448105	1.547993e-07	3.055698e-07	1.874701e-07	5160
456361	1.548180e-07	3.055740e-07	1.874479e-07	5160
464617	1.548368e-07	3.055781e-07	1.874257e-07	5160
472873	1.548555e-07	3.055823e-07	1.874035e-07	5160
481129	1.548742e-07	3.055864e-07	1.873812e-07	5160
489385	1.548930e-07	3.055905e-07	1.873590e-07	5160
497641	1.549117e-07	3.055947e-07	1.873368e-07	5160
505897	1.549304e-07	3.055988e-07	1.873145e-07	5160
514153	1.549492e-07	3.056030e-07	1.872923e-07	5160
522409	1.549679e-07	3.056071e-07	1.872700e-07	5160
530665	1.549866e-07	3.056113e-07	1.872478e-07	5160
538921	1.550053e-07	3.056154e-07	1.872255e-07	5160
547177	1.550240e-07	3.056195e-07	1.872033e-07	5160
555433	1.550427e-07	3.056237e-07	1.871810e-07	5160
563689	1.550614e-07	3.056278e-07	1.871587e-07	5160
571945	1.550801e-07	3.056320e-07	1.871365e-07	5160
580201	1.550988e-07	3.056361e-07	1.871142e-07	5160
588457	1.551175e-07	3.056402e-07	1.870920e-07	5160
596713	1.551362e-07	3.056444e-07	1.870697e-07	5160
604969	1.551549e-07	3.056485e-07	1.870474e-07	5160
613225	1.551736e-07	3.056527e-07	1.870251e-07	5160
621481	1.551922e-07	3.056568e-07	1.870029e-07	5160
629737	1.552109e-07	3.056610e-07	1.869806e-07	5160
637993	1.552296e-07	3.056651e-07	1.869583e-07	5160
646249	1.552482e-07	3.056693e-07	1.869360e-07	5160
654505	1.552669e-07	3.056734e-07	1.869137e-07	5160
662761	1.552856e-07	3.056776e-07	1.868914e-07	5160
671017	1.553042e-07	3.056817e-07	1.868691e-07	5160
679273	1.553229e-07	3.056859e-07	1.868468e-07	5160
687529	1.553415e-07	3.056900e-07	1.868245e-07	5160
695785	1.553602e-07	3.056942e-07	1.868022e-07	5160
704041	1.553788e-07	3.056983e-07	1.867799e-07	5160
712297	1.553975e-07	3.057025e-07	1.867576e-07	5160
720553	1.554161e-07	3.057067e-07	1.867353e-07	5160
728809	1.554348e-07	3.057108e-07	1.867130e-07	5160
737065	1.554534e-07	3.057150e-07	1.866907e-07	5160
745321	1.554720e-07	3.057191e-07	1.866684e-07	5160
753577	1.554906e-07	3.057233e-07	1.866460e-07	5160
761833	1.555093e-07	3.057274e-07	1.866237e-07	5160
770089	1.555279e-07	3.057316e-07	1.866014e-07	5160
778345	1.555465e-07	3.057357e-07	1.865791e-07	5160
786601	1.555651e-07	3.057399e-07	1.865567e-07	5160
794857	1.555837e-07	3.057441e-07	1.865344e-07	5160
803113	1.556023e-07	3.057482e-07	1.865121e-07	5160
811369	1.556209e-07	3.057524e-07	1.864897e-07	5160
819625	1.556395e-07	3.057565e-07	1.864674e-07	5160
827881	1.556581e-07	3.057607e-07	1.864450e-07	5160
836137	1.556767e-07	3.057649e-07	1.864227e-07	5160
844393	1.556953e-07	3.057690e-07	1.864003e-07	5160
852649	1.557139e-07	3.057732e-07	1.863780e-07	5160
860905	1.557325e-07	3.057773e-07	1.863556e-07	5160
869161	1.557511e-07	3.057815e-07	1.863333e-07	5160
877417	1.557696e-07	3.057857e-07	1.863109e-07	5160
885673	1.557882e-07	3.057898e-07	1.862885e-07	5160
893929	1.558068e-07	3.057940e-07	1.862662e-07	5160
902185	1.558253e-07	3.057982e-07	1.862438e-07	5160
910441	1.558439e-07	3.058023e-07	1.862214e-07	5160
918697	1.558625e-07	3.058065e-07	1.861990e-07	5160
926953	1.558810e-07	3.058107e-07	1.861767e-07	5160
935209	1.558996e-07	3.058148e-07	1.861543e-07	5160
943465	1.559181e-07	3.058190e-07	1.861319e-07	5160
951721	1.559367e-07	3.058232e-07	1.861095e-07	5160
959977	1.559552e-07	3.058273e-07	1.860871e-07	5160
968233	1.559738e-07	3.058315e-07	1.860647e-07	5160
976489	1.559923e-07	3.058357e-07	1.860423e-07	5160
984745	1.560108e-07	3.058398e-07	1.860200e-07	5160
993001	1.560293e-07	3.058440e-07	1.859975e-07	5160
1001257	1.560479e-07	3.058482e-07	1.859752e-07	5160
1009513	1.560664e-07	3.058524e-07	1.859527e-07	5160
1017769	1.560849e-07	3.058565e-07	1.859303e-07	5160
1026025	1.561034e-07	3.058607e-07	1.859079e-07	5160
1034281	1.561219e-07	3.058649e-07	1.858855e-07	5160
1042537	1.561404e-07	3.058690e-07	1.858631e-07	5160
1050793	1.561590e-07	3.058732e-07	1.858407e-07	5160
1059049	1.561775e-07	3.058774e-07	1.858183e-07	5160
1067305	1.561960e-07	3.058816e-07	1.857958e-07	5160
1075561	1.562145e-07	3.058857e-07	1.857734e-07	5160
1083817	1.562329e-07	3.058899e-07	1.857510e-07	5160
1092073	1.562514e-07	3.058941e-07	1.857286e-07	5160
1100329	1.562699e-07	3.058983e-07	1.857061e-07	5160
1108585	1.562884e-07	3.059024e-07	1.856837e-07	5160
1116841	1.563069e-07	3.059066e-07	1.856612e-07	5160
1125097	1.563254e-07	3.059108e-07	1.856388e-07	5160
1133353	1.563438e-07	3.059150e-07	1.856164e-07	5160
1141609	1.563623e-07	3.059191e-07	1.855939e-07	5160
1149865	1.563808e-07	3.059233e-07	1.855715e-07	5160
3795	3.582229e-07	3.283341e-07	1.382348e-07	8999
12051	3.582340e-07	3.283436e-07	1.381834e-07	8999
20307	3.582450e-07	3.283532e-07	1.381320e-07	8999
28563	3.582561e-07	3.283627e-07	1.380806e-07	8999
36819	3.582672e-07	3.283723e-07	1.380292e-07	8999
45075	3.582782e-07	3.283818e-07	1.379778e-07	8999
53331	3.582892e-07	3.283914e-07	1.379264e-07	8999
61587	3.583003e-07	3.284009e-07	1.378749e-07	8999
69843	3.583113e-07	3.284105e-07	1.378235e-07	8999
78099	3.583223e-07	3.284200e-07	1.377721e-07	8999
86355	3.583333e-07	3.284296e-07	1.377207e-07	8999
94611	3.583443e-07	3.284391e-07	1.376693e-07	8999
102867	3.583553e-07	3.284487e-07	1.376179e-07	8999
111123	3.583663e-07	3.284582e-07	1.375665e-07	8999
119379	3.583773e-07	3.284678e-07	1.375151e-07	8999
127635	3.583882e-07	3.284774e-07	1.374637e-07	8999
135891	3.583992e-07	3.284869e-07	1.374122e-07	8999
144147	3.584101e-07	3.284965e-07	1.373608e-07	8999
152403	3.584211e-07	3.285060e-07	1.373094e-07	8999
160659	3.584320e-07	3.285156e-07	1.372580e-07	8999
168915	3.584430e-07	3.285251e-07	1.372065e-07	8999
177171	3.584539e-07	3.285347e-07	1.371551e-07	8999
185427	3.584648e-07	3.285442e-07	1.371037e-07	8999
193683	3.584757e-07	3.285538e-07	1.370523e-07	8999
201939	3.584866e-07	3.285633e-07	1.370008e-07	8999
210195	3.584975e-07	3.285729e-07	1.369494e-07	8999
218451	3.585084e-07	3.285825e-07	1.368980e-07	8999
226707	3.585193e-07	3.285920e-07	1.368465e-07	8999
234963	3.585301e-07	3.286016e-07	1.367951e-07	8999
243219	3.585410e-07	3.286112e-07	1.367436e-07	8999
251475	3.585519e-07	3.286207e-07	1.366922e-07	8999
259731	3.585627e-07	3.286303e-07	1.366408e-07	8999
267987	3.585735e-07	3.286398e-07	1.365893e-07	8999
276243	3.585844e-07	3.286494e-07	1.365379e-07	8999
284499	3.585952e-07	3.286589e-07	1.364864e-07	8999
292755	3.586060e-07	3.286685e-07	1.364350e-07	8999
301011	3.586168e-07	3.286781e-07	1.363835e-07	8999
309267	3.586276e-07	3.286876e-07	1.363321e-07	8999
317523	3.586384e-07	3.286972e-07	1.362806e-07	8999
325779	3.586492e-07	3.287067e-07	1.362292e-07	8999
334035	3.586600e-07	3.287163e-07	1.361777e-07	8999
342291	3.586708e-07	3.287259e-07	1.361262e-07	8999
350547	3.586815e-07	3.287354e-07	1.360748e-07	8999
358803	3.586923e-07	3.287450e-07	1.360233e-07	8999
367059	3.587030e-07	3.287545e-07	1.359719e-07	8999
375315	3.587138e-07	3.287641e-07	1.359204e-07	8999
383571	3.587245e-07	3.287737e-07	1.358689e-07	8999
391827	3.587352e-07	3.287832e-07	1.358175e-07	8999
400083	3.587460e-07	3.287928e-07	1.357660e-07	8999
408339	3.587567e-07	3.288023e-07	1.357145e-07	8999
416595	3.587674e-07	3.288119e-07	1.356631e-07	8999
424851	3.587781e-07	3.288215e-07	1.356116e-07	8999
433107	3.587888e-07	3.288310e-07	1.355601e-07	8999
441363	3.587994e-07	3.288406e-07	1.355086e-07	8999
449619	3.588101e-07	3.288502e-07	1.354571e-07	8999
457875	3.588208e-07	3.288597e-07	1.354057e-07	8999
466131	3.588314e-07	3.288693e-07	1.353542e-07	8999
474387	3.588421e-07	3.288789e-07	1.353027e-07	8999
482643	3.588527e-07	3.288884e-07	1.352512e-07	8999
490899	3.588634e-07	3.288980e-07	1.351997e-07	8999
499155	3.588740e-07	3.289076e-07	1.351482e-07	8999
507411	3.588846e-07	3.289171e-07	1.350968e-07	8999
515667	3.588952e-07	3.289267e-07	1.350453e-07	8999
523923	3.589058e-07	3.289363e-07	1.349938e-07	8999
532179	3.589164e-07	3.289458e-07	1.349423e-07	8999
540435	3.589270e-07	3.289554e-07	1.348908e-07	8999
548691	3.589376e-07	3.289650e-07	1.348393e-07	8999
556947	3.589481e-07	3.289745e-07	1.347878e-07	8999
565203	3.589587e-07	3.289841e-07	1.347363e-07	8999
573459	3.589693e-07	3.289937e-07	1.346848e-07	8999
581715	3.589798e-07	3.290032e-07	1.346333e-07	8999
589971	3.589903e-07	3.290128e-07	1.345818e-07	8999
598227	3.590009e-07	3.290224e-07	1.345303e-07	8999
606483	3.590114e-07	3.290319e-07	1.344788e-07	8999
614739	3.590220e-07	3.290415e-07	1.344273e-07	8999
622995	3.590324e-07	3.290511e-07	1.343758e-07	8999
631251	3.590430e-07	3.290607e-07	1.343242e-07	8999
639507	3.590534e-07	3.290702e-07	1.342727e-07	8999
647763	3.590639e-07	3.290798e-07	1.342212e-07	8999
656019	3.590744e-07	3.290894e-07	1.341697e-07	8999
664275	3.590849e-07	3.290990e-07	1.341182e-07	8999
672531	3.590954e-07	3.291085e-07	1.340667e-07	8999
680787	3.591058e-07	3.291181e-07	1.340151e-07	8999
689043	3.591163e-07	3.291277e-07	1.339636e-07	8999
697299	3.591267e-07	3.291372e-07	1.339121e-07	8999
705555	3.591371e-07	3.291468e-07	1.338606e-07	8999
713811	3.591476e-07	3.291564e-07	1.338090e-07	8999
722067	3.591580e-07	3.291659e-07	1.337575e-07	8999
730323	3.591684e-07	3.291755e-07	1.337060e-07	8999
738579	3.591788e-07	3.291851e-07	1.336545e-07	8999
746835	3.591892e-07	3.291947e-07	1.336029e-07	8999
755091	3.591996e-07	3.292043e-07	1.335514e-07	8999
763347	3.592100e-07	3.292138e-07	1.334999e-07	8999
771603	3.592204e-07	3.292234e-07	1.334483e-07	8999
779859	3.592307e-07	3.292330e-07	1.333968e-07	8999
788115	3.592411e-07	3.292425e-07	1.333452e-07	8999
796371	3.592514e-07	3.292521e-07	1.332937e-07	8999
804627	3.592618e-07	3.292617e-07	1.332422e-07	8999
812883	3.592721e-07	3.292713e-07	1.331906e-07	8999
821139	3.592824e-07	3.292809e-07	1.331391e-07	8999
829395	3.592928e-07	3.292904e-07	1.330875e-07	8999
837651	3.593031e-07	3.293000e-07	1.330360e-07	8999
845907	3.593134e-07	3.293096e-07	1.329844e-07	8999
854163	3.593237e-07	3.293192e-07	1.329329e-07	8999
862419	3.593340e-07	3.293287e-07	1.328813e-07	8999
870675	3.593443e-07	3.293383e-07	1.328298e-07	8999
878931	3.593545e-07	3.293479e-07	1.327782e-07	8999
887187	3.593648e-07	3.293575e-07	1.327266e-07	8999
895443	3.593750e-07	3.293671e-07	1.326751e-07	8999
903699	3.593853e-07	3.293766e-07	1.326235e-07	8999
911955	3.593956e-07	3.293862e-07	1.325720e-07	8999
920211	3.594058e-07	3.293958e-07	1.325204e-07	8999
928467	3.594160e-07	3.294054e-07	1.324688e-07	8999
936723	3.594262e-07	3.294150e-07	1.324173e-07	8999
944979	3.594365e-07	3.294246e-07	1.323657e-07	8999
953235	3.594467e-07	3.294341e-07	1.323141e-07	8999
961491	3.594568e-07	3.294437e-07	1.322626e-07	8999
969747	3.594670e-07	3.294533e-07	1.322110e-07	8999
978003	3.594772e-07	3.294629e-07	1.321594e-07	8999
986259	3.594874e-07	3.294724e-07	1.321078e-07	8999
994515	3.594976e-07	3.294820e-07	1.320563e-07	8999
1002771	3.595077e-07	3.294916e-07	1.320047e-07	8999
1011027	3.595179e-07	3.295012e-07	1.319531e-07	8999
1019283	3.595280e-07	3.295108e-07	1.319015e-07	8999
1027539	3.595381e-07	3.295204e-07	1.318499e-07	8999
1035795	3.595483e-07	3.295299e-07	1.317983e-07	8999
1044051	3.595584e-07	3.295395e-07	1.317468e-07	8999
1052307	3.595685e-07	3.295491e-07	1.316952e-07	8999
1060563	3.595786e-07	3.295587e-07	1.316436e-07	8999
1068819	3.595887e-07	3.295683e-07	1.315920e-07	8999
1077075	3.595988e-07	3.295779e-07	1.315404e-07	8999
1085331	3.596089e-07	3.295875e-07	1.314888e-07	8999
1093587	3.596190e-07	3.295970e-07	1.314372e-07	8999
1101843	3.596290e-07	3.296066e-07	1.313856e-07	8999
1110099	3.596391e-07	3.296162e-07	1.313340e-07	8999
1118355	3.596492e-07	3.296258e-07	1.312824e-07	8999
1126611	3.596592e-07	3.296354e-07	1.312308e-07	8999
1134867	3.596692e-07	3.296450e-07	1.311792e-07	8999
1143123	3.596793e-07	3.296546e-07	1.311276e-07	8999
1151379	3.596893e-07	3.296641e-07	1.310760e-07	8999
2389	1.266281e-07	3.387557e-07	2.247118e-07	5416
10645	1.266513e-07	3.387591e-07	2.246936e-07	5416
18901	1.266745e-07	3.387625e-07	2.246754e-07	5416
27157	1.266977e-07	3.387659e-07	2.246572e-07	5416
35413	1.267209e-07	3.387693e-07	2.246390e-07	5416
43669	1.267441e-07	3.387727e-07	2.246208e-07	5416
51925	1.267673e-07	3.387761e-07	2.246026e-07	5416
60181	1.267905e-07	3.387795e-07	2.245844e-07	5416
68437	1.268136e-07	3.387829e-07	2.245662e-07	5416
76693	1.268368e-07	3.387862e-07	2.245479e-07	5416
84949	1.268600e-07	3.387896e-07	2.245297e-07	5416
93205	1.268832e-07	3.387931e-07	2.245115e-07	5416
101461	1.269063e-07	3.387964e-07	2.244933e-07	5416
109717	1.269295e-07	3.387999e-07	2.244750e-07	5416
117973	1.269527e-07	3.388032e-07	2.244568e-07	5416
126229	1.269758e-07	3.388066e-07	2.244386e-07	5416
134485	1.269990e-07	3.388101e-07	2.244203e-07	5416
142741	1.270222e-07	3.388134e-07	2.244021e-07	5416
150997	1.270453e-07	3.388168e-07	2.243839e-07	5416
159253	1.270685e-07	3.388203e-07	2.243656e-07	5416
167509	1.270916e-07	3.388236e-07	2.243473e-07	5416
175765	1.271148e-07	3.388270e-07	2.243291e-07	5416
184021	1.271379e-07	3.388305e-07	2.243108e-07	5416
192277	1.271611e-07	3.388339e-07	2.242926e-07	5416
200533	1.271842e-07	3.388373e-07	2.242743e-07	5416
208789	1.272073e-07	3.388407e-07	2.242560e-07	5416
217045	1.272305e-07	3.388441e-07	2.242378e-07	5416
225301	1.272536e-07	3.388475e-07	2.242195e-07	5416
233557	1.272767e-07	3.388509e-07	2.242012e-07	5416
241813	1.272999e-07	3.388543e-07	2.241829e-07	5416
250069	1.273230e-07	3.388577e-07	2.241647e-07	5416
258325	1.273461e-07	3.388611e-07	2.241464e-07	5416
266581	1.273692e-07	3.388645e-07	2.241281e-07	5416
274837	1.273923e-07	3.388679e-07	2.241098e-07	5416
283093	1.274154e-07	3.388714e-07	2.240915e-07	5416
291349	1.274386e-07	3.388748e-07	2.240732e-07	5416
299605	1.274617e-07	3.388782e-07	2.240549e-07	5416
307861	1.274848e-07	3.388816e-07	2.240366e-07	5416
316117	1.275079e-07	3.388850e-07	2.240183e-07	5416
324373	1.275310e-07	3.388884e-07	2.239999e-07	5416
332629	1.275541e-07	3.388918e-07	2.239816e-07	5416
340885	1.275772e-07	3.388953e-07	2.239633e-07	5416
349141	1.276002e-07	3.388987e-07	2.239450e-07	5416
357397	1.276233e-07	3.389021e-07	2.239266e-07	5416
365653	1.276464e-07	3.389055e-07	2.239083e-07	5416
373909	1.276695e-07	3.389089e-07	2.238900e-07	5416
382165	1.276926e-07	3.389123e-07	2.238716e-07	5416
390421	1.277157e-07	3.389158e-07	2.238533e-07	5416
398677	1.277387e-07	3.389192e-07	2.238350e-07	5416
406933	1.277618e-07	3.389226e-07	2.238166e-07	5416
415189	1.277849e-07	3.389260e-07	2.237983e-07	5416
423445	1.278079e-07	3.389295e-07	2.237799e-07	5416
431701	1.278310e-07	3.389329e-07	2.237615e-07	5416
439957	1.278541e-07	3.389363e-07	2.237432e-07	5416
448213	1.278771e-07	3.389397e-07	2.237248e-07	5416
456469	1.279002e-07	3.389431e-07	2.237065e-07	5416
464725	1.279232e-07	3.389466e-07	2.236881e-07	5416
472981	1.279463e-07	3.389500e-07	2.236697e-07	5416
481237	1.279693e-07	3.389534e-07	2.236513e-07	5416
489493	1.279924e-07	3.389569e-07	2.236329e-07	5416
497749	1.280154e-07	3.389603e-07	2.236146e-07	5416
506005	1.280384e-07	3.389637e-07	2.235962e-07	5416
514261	1.280615e-07	3.389671e-07	2.235778e-07	5416
522517	1.280845e-07	3.389706e-07	2.235594e-07	5416
530773	1.281075e-07	3.389740e-07	2.235410e-07	5416
539029	1.281306e-07	3.389774e-07	2.235226e-07	5416
547285	1.281536e-07	3.389808e-07	2.235042e-07	5416
555541	1.281766e-07	3.389843e-07	2.234858e-07	5416
563797	1.281996e-07	3.389877e-07	2.234674e-07	5416
572053	1.282227e-07	3.389912e-07	2.234490e-07	5416
580309	1.282457e-07	3.389946e-07	2.234305e-07	5416
588565	1.282687e-07	3.389980e-07	2.234121e-07	5416
596821	1.282917e-07	3.390014e-07	2.233937e-07	5416
605077	1.283147e-07	3.390049e-07	2.233753e-07	5416
613333	1.283377e-07	3.390083e-07	2.233568e-07	5416
621589	1.283607e-07	3.390118e-07	2.233384e-07	5416
629845	1.283837e-07	3.390152e-07	2.233200e-07	5416
638101	1.284067e-07	3.390186e-07	2.233015e-07	5416
646357	1.284297e-07	3.390221e-07	2.232831e-07	5416
654613	1.284527e-07	3.390255e-07	2.232646e-07	5416
662869	1.284757e-07	3.390290e-07	2.232462e-07	5416
671125	1.284986e-07	3.390324e-07	2.232277e-07	5416
679381	1.285216e-07	3.390358e-07	2.232093e-07	5416
687637	1.285446e-07	3.390393e-07	2.231908e-07	5416
695893	1.285676e-07	3.390427e-07	2.231723e-07	5416
704149	1.285905e-07	3.390462e-07	2.231539e-07	5416
712405	1.286135e-07	3.390496e-07	2.231354e-07	5416
720661	1.286365e-07	3.390530e-07	2.231169e-07	5416
728917	1.286595e-07	3.390565e-07	2.230985e-07	5416
737173	1.286824e-07	3.390599e-07	2.230800e-07	5416
745429	1.287054e-07	3.390634e-07	2.230615e-07	5416
753685	1.287283e-07	3.390668e-07	2.230430e-07	5416
761941	1.287513e-07	3.390703e-07	2.230245e-07	5416
770197	1.287742e-07	3.390737e-07	2.230060e-07	5416
778453	1.287972e-07	3.390772e-07	2.229875e-07	5416
786709	1.288201e-07	3.390806e-07	2.229690e-07	5416
794965	1.288431e-07	3.390841e-07	2.229505e-07	5416
803221	1.288660e-07	3.390875e-07	2.229320e-07	5416
811477	1.288890e-07	3.390910e-07	2.229135e-07	5416
819733	1.289119e-07	3.390944e-07	2.228950e-07	5416
827989	1.289348e-07	3.390979e-07	2.228765e-07	5416
836245	1.289578e-07	3.391013e-07	2.228580e-07	5416
844501	1.289807e-07	3.391048e-07	2.228394e-07	5416
852757	1.290036e-07	3.391082e-07	2.228209e-07	5416
861013	1.290265e-07	3.391117e-07	2.228024e-07	5416
869269	1.290494e-07	3.391151e-07	2.227839e-07	5416
877525	1.290723e-07	3.391186e-07	2.227653e-07	5416
885781	1.290953e-07	3.391220e-07	2.227468e-07	5416
894037	1.291182e-07	3.391255e-07	2.227282e-07	5416
902293	1.291411e-07	3.391290e-07	2.227097e-07	5416
910549	1.291640e-07	3.391324e-07	2.226911e-07	5416
918805	1.291869e-07	3.391359e-07	2.226726e-07	5416
927061	1.292098e-07	3.391393e-07	2.226540e-07	5416
935317	1.292327e-07	3.391428e-07	2.226355e-07	5416
943573	1.292556e-07	3.391463e-07	2.226169e-07	5416
951829	1.292785e-07	3.391497e-07	2.225983e-07	5416
960085	1.293014e-07	3.391532e-07	2.225798e-07	5416
968341	1.293242e-07	3.391567e-07	2.225612e-07	5416
976597	1.293471e-07	3.391601e-07	2.225426e-07	5416
984853	1.293700e-07	3.391636e-07	2.225241e-07	5416
993109	1.293929e-07	3.391670e-07	2.225055e-07	5416
1001365	1.294158e-07	3.391705e-07	2.224869e-07	5416
1009621	1.294386e-07	3.391740e-07	2.224683e-07	5416
1017877	1.294615e-07	3.391774e-07	2.224497e-07	5416
1026133	1.294844e-07	3.391809e-07	2.224311e-07	5416
1034389	1.295072e-07	3.391844e-07	2.224125e-07	5416
1042645	1.295301e-07	3.391878e-07	2.223939e-07	5416
1050901	1.295529e-07	3.391913e-07	2.223753e-07	5416
1059157	1.295758e-07	3.391948e-07	2.223567e-07	5416
1067413	1.295986e-07	3.391982e-07	2.223381e-07	5416
1075669	1.296215e-07	3.392017e-07	2.223195e-07	5416
1083925	1.296443e-07	3.392052e-07	2.223009e-07	5416
1092181	1.296672e-07	3.392086e-07	2.222822e-07	5416
1100437	1.296900e-07	3.392121e-07	2.222636e-07	5416
1108693	1.297129e-07	3.392156e-07	2.222450e-07	5416
1116949	1.297357e-07	3.392191e-07	2.222263e-07	5416
1125205	1.297585e-07	3.392225e-07	2.222077e-07	5416
1133461	1.297814e-07	3.392260e-07	2.221891e-07	5416
1141717	1.298042e-07	3.392295e-07	2.221704e-07	5416
1149973	1.298270e-07	3.392330e-07	2.221518e-07	5416
4349	3.494788e-07	3.416058e-07	1.513674e-07	10546
12605	3.494914e-07	3.416151e-07	1.513173e-07	10546
20861	3.495040e-07	3.416244e-07	1.512671e-07	10546
29117	3.495166e-07	3.416337e-07	1.512170e-07	10546
37373	3.495292e-07	3.416430e-07	1.511668e-07	10546
45629	3.495418e-07	3.416523e-07	1.511167e-07	10546
53885	3.495543e-07	3.416617e-07	1.510665e-07	10546
62141	3.495669e-07	3.416710e-07	1.510164e-07	10546
70397	3.495794e-07	3.416803e-07	1.509662e-07	10546
78653	3.495920e-07	3.416896e-07	1.509161e-07	10546
86909	3.496045e-07	3.416990e-07	1.508659e-07	10546
95165	3.496170e-07	3.417083e-07	1.508158e-07	10546
103421	3.496296e-07	3.417176e-07	1.507656e-07	10546
111677	3.496421e-07	3.417269e-07	1.507154e-07	10546
119933	3.496546e-07	3.417362e-07	1.506653e-07	10546
128189	3.496671e-07	3.417456e-07	1.506151e-07	10546
136445	3.496796e-07	3.417549e-07	1.505649e-07	10546
144701	3.496921e-07	3.417642e-07	1.505148e-07	10546
152957	3.497045e-07	3.417735e-07	1.504646e-07	10546
161213	3.497170e-07	3.417829e-07	1.504144e-07	10546
169469	3.497295e-07	3.417922e-07	1.503642e-07	10546
177725	3.497420e-07	3.418015e-07	1.503140e-07	10546
185981	3.497544e-07	3.418108e-07	1.502639e-07	10546
194237	3.497669e-07	3.418201e-07	1.502137e-07	10546
202493	3.497793e-07	3.418295e-07	1.501635e-07	10546
210749	3.497917e-07	3.418388e-07	1.501133e-07	10546
219005	3.498041e-07	3.418481e-07	1.500631e-07	10546
227261	3.498165e-07	3.418575e-07	1.500129e-07	10546
235517	3.498290e-07	3.418668e-07	1.499627e-07	10546
243773	3.498413e-07	3.418761e-07	1.499125e-07	10546
252029	3.498537e-07	3.418854e-07	1.498623e-07	10546
260285	3.498661e-07	3.418947e-07	1.498122e-07	10546
268541	3.498785e-07	3.419041e-07	1.497620e-07	10546
276797	3.498909e-07	3.419134e-07	1.497118e-07	10546
285053	3.499032e-07	3.419227e-07	1.496615e-07	10546
293309	3.499156e-07	3.419321e-07	1.496114e-07	10546
301565	3.499279e-07	3.419414e-07	1.495611e-07	10546
309821	3.499403e-07	3.419507e-07	1.495109e-07	10546
318077	3.499526e-07	3.419601e-07	1.494607e-07	10546
326333	3.499649e-07	3.419694e-07	1.494105e-07	10546
334589	3.499772e-07	3.419787e-07	1.493603e-07	10546
342845	3.499895e-07	3.419881e-07	1.493101e-07	10546
351101	3.500018e-07	3.419974e-07	1.492599e-07	10546
359357	3.500141e-07	3.420067e-07	1.492097e-07	10546
367613	3.500264e-07	3.420161e-07	1.491594e-07	10546
375869	3.500387e-07	3.420254e-07	1.491092e-07	10546
384125	3.500510e-07	3.420347e-07	1.490590e-07	10546
392381	3.500632e-07	3.420440e-07	1.490088e-07	10546
400637	3.500755e-07	3.420534e-07	1.489585e-07	10546
408893	3.500877e-07	3.420627e-07	1.489083e-07	10546
417149	3.501000e-07	3.420720e-07	1.488581e-07	10546
425405	3.501122e-07	3.420814e-07	1.488078e-07	10546
433661	3.501245e-07	3.420907e-07	1.487576e-07	10546
441917	3.501366e-07	3.421000e-07	1.487074e-07	10546
450173	3.501489e-07	3.421094e-07	1.486571e-07	10546
458429	3.501611e-07	3.421187e-07	1.486069e-07	10546
466685	3.501733e-07	3.421281e-07	1.485567e-07	10546
474941	3.501855e-07	3.421374e-07	1.485064e-07	10546
483197	3.501976e-07	3.421467e-07	1.484562e-07	10546
491453	3.502098e-07	3.421561e-07	1.484059e-07	10546
499709	3.502220e-07	3.421654e-07	1.483557e-07	10546
507965	3.502341e-07	3.421747e-07	1.483054e-07	10546
516221	3.502463e-07	3.421841e-07	1.482552e-07	10546
524477	3.502584e-07	3.421934e-07	1.482049e-07	10546
532733	3.502706e-07	3.422028e-07	1.481547e-07	10546
540989	3.502827e-07	3.422121e-07	1.481044e-07	10546
549245	3.502948e-07	3.422214e-07	1.480542e-07	10546
557501	3.503069e-07	3.422308e-07	1.480039e-07	10546
565757	3.503191e-07	3.422401e-07	1.479536e-07	10546
574013	3.503312e-07	3.422495e-07	1.479034e-07	10546
582269	3.503432e-07	3.422588e-07	1.478531e-07	10546
590525	3.503553e-07	3.422681e-07	1.478028e-07	10546
598781	3.503674e-07	3.422775e-07	1.477526e-07	10546
607037	3.503795e-07	3.422868e-07	1.477023e-07	10546
615293	3.503915e-07	3.422961e-07	1.476520e-07	10546
917	2.132739e-07	3.422966e-07	1.979926e-07	2098
9173	2.132932e-07	3.423023e-07	1.979620e-07	2098
623549	3.504036e-07	3.423055e-07	1.476018e-07	10546
17429	2.133125e-07	3.423080e-07	1.979314e-07	2098
25685	2.133318e-07	3.423137e-07	1.979008e-07	2098
631805	3.504156e-07	3.423148e-07	1.475515e-07	10546
33941	2.133510e-07	3.423194e-07	1.978702e-07	2098
640061	3.504277e-07	3.423242e-07	1.475012e-07	10546
42197	2.133703e-07	3.423251e-07	1.978395e-07	2098
50453	2.133895e-07	3.423308e-07	1.978089e-07	2098
648317	3.504397e-07	3.423335e-07	1.474509e-07	10546
58709	2.134088e-07	3.423365e-07	1.977783e-07	2098
66965	2.134280e-07	3.423422e-07	1.977476e-07	2098
656573	3.504517e-07	3.423429e-07	1.474006e-07	10546
75221	2.134473e-07	3.423479e-07	1.977170e-07	2098
664829	3.504638e-07	3.423522e-07	1.473503e-07	10546
83477	2.134665e-07	3.423536e-07	1.976864e-07	2098
91733	2.134857e-07	3.423593e-07	1.976557e-07	2098
673085	3.504758e-07	3.423615e-07	1.473001e-07	10546
99989	2.135050e-07	3.423650e-07	1.976251e-07	2098
108245	2.135242e-07	3.423707e-07	1.975944e-07	2098
681341	3.504878e-07	3.423709e-07	1.472498e-07	10546
116501	2.135434e-07	3.423764e-07	1.975638e-07	2098
689597	3.504998e-07	3.423802e-07	1.471995e-07	10546
124757	2.135626e-07	3.423821e-07	1.975331e-07	2098
133013	2.135818e-07	3.423878e-07	1.975025e-07	2098
697853	3.505118e-07	3.423896e-07	1.471492e-07	10546
141269	2.136010e-07	3.423935e-07	1.974718e-07	2098
706109	3.505237e-07	3.423989e-07	1.470989e-07	10546
149525	2.136202e-07	3.423992e-07	1.974412e-07	2098
157781	2.136394e-07	3.424049e-07	1.974105e-07	2098
714365	3.505357e-07	3.424083e-07	1.470486e-07	10546
166037	2.136586e-07	3.424106e-07	1.973798e-07	2098
174293	2.136778e-07	3.424163e-07	1.973492e-07	2098
722621	3.505477e-07	3.424176e-07	1.469983e-07	10546
182549	2.136969e-07	3.424220e-07	1.973185e-07	2098
730877	3.505596e-07	3.424270e-07	1.469480e-07	10546
190805	2.137161e-07	3.424277e-07	1.972878e-07	2098
199061	2.137353e-07	3.424335e-07	1.972572e-07	2098
739133	3.505716e-07	3.424363e-07	1.468977e-07	10546
207317	2.137545e-07	3.424392e-07	1.972265e-07	2098
215573	2.137736e-07	3.424449e-07	1.971958e-07	2098
747389	3.505835e-07	3.424456e-07	1.468474e-07	10546
223829	2.137928e-07	3.424506e-07	1.971651e-07	2098
755645	3.505955e-07	3.424550e-07	1.467971e-07	10546
232085	2.138119e-07	3.424563e-07	1.971344e-07	2098
240341	2.138311e-07	3.424620e-07	1.971037e-07	2098
763901	3.506074e-07	3.424643e-07	1.467468e-07	10546
248597	2.138502e-07	3.424677e-07	1.970730e-07	2098
256853	2.138694e-07	3.424734e-07	1.970423e-07	2098
772157	3.506193e-07	3.424737e-07	1.466965e-07	10546
265109	2.138885e-07	3.424791e-07	1.970116e-07	2098
780413	3.506312e-07	3.424830e-07	1.466462e-07	10546
273365	2.139076e-07	3.424848e-07	1.969809e-07	2098
281621	2.139268e-07	3.424906e-07	1.969502e-07	2098
788669	3.506431e-07	3.424924e-07	1.465959e-07	10546
289877	2.139459e-07	3.424963e-07	1.969195e-07	2098
796925	3.506550e-07	3.425017e-07	1.465456e-07	10546
298133	2.139650e-07	3.425020e-07	1.968888e-07	2098
306389	2.139841e-07	3.425077e-07	1.968581e-07	2098
805181	3.506669e-07	3.425111e-07	1.464953e-07	10546
314645	2.140032e-07	3.425134e-07	1.968274e-07	2098
322901	2.140223e-07	3.425191e-07	1.967967e-07	2098
813437	3.506788e-07	3.425204e-07	1.464450e-07	10546
331157	2.140414e-07	3.425248e-07	1.967660e-07	2098
821693	3.506907e-07	3.425298e-07	1.463947e-07	10546
339413	2.140605e-07	3.425306e-07	1.967352e-07	2098
347669	2.140796e-07	3.425363e-07	1.967045e-07	2098
829949	3.507025e-07	3.425391e-07	1.463443e-07	10546
355925	2.140987e-07	3.425420e-07	1.966738e-07	2098
364181	2.141177e-07	3.425477e-07	1.966430e-07	2098
838205	3.507144e-07	3.425485e-07	1.462940e-07	10546
372437	2.141368e-07	3.425534e-07	1.966123e-07	2098
846461	3.507263e-07	3.425578e-07	1.462437e-07	10546
380693	2.141559e-07	3.425591e-07	1.965816e-07	2098
388949	2.141750e-07	3.425649e-07	1.965508e-07	2098
854717	3.507381e-07	3.425672e-07	1.461934e-07	10546
397205	2.141940e-07	3.425706e-07	1.965201e-07	2098
405461	2.142131e-07	3.425763e-07	1.964894e-07	2098
862973	3.507500e-07	3.425765e-07	1.461431e-07	10546
413717	2.142321e-07	3.425820e-07	1.964586e-07	2098
871229	3.507618e-07	3.425859e-07	1.460927e-07	10546
421973	2.142512e-07	3.425878e-07	1.964278e-07	2098
430229	2.142702e-07	3.425935e-07	1.963971e-07	2098
879485	3.507736e-07	3.425952e-07	1.460424e-07	10546
438485	2.142893e-07	3.425992e-07	1.963663e-07	2098
887741	3.507854e-07	3.426046e-07	1.459921e-07	10546
446741	2.143083e-07	3.426049e-07	1.963356e-07	2098
454997	2.143273e-07	3.426106e-07	1.963048e-07	2098
895997	3.507972e-07	3.426139e-07	1.459417e-07	10546
463253	2.143463e-07	3.426163e-07	1.962741e-07	2098
471509	2.143654e-07	3.426221e-07	1.962433e-07	2098
904253	3.508090e-07	3.426233e-07	1.458914e-07	10546
479765	2.143844e-07	3.426278e-07	1.962125e-07	2098
912509	3.508208e-07	3.426327e-07	1.458411e-07	10546
488021	2.144034e-07	3.426335e-07	1.961818e-07	2098
496277	2.144224e-07	3.426393e-07	1.961510e-07	2098
920765	3.508326e-07	3.426420e-07	1.457908e-07	10546
504533	2.144414e-07	3.426450e-07	1.961202e-07	2098
512789	2.144604e-07	3.426507e-07	1.960894e-07	2098
929021	3.508444e-07	3.426514e-07	1.457404e-07	10546
521045	2.144794e-07	3.426564e-07	1.960586e-07	2098
937277	3.508562e-07	3.426607e-07	1.456901e-07	10546
529301	2.144984e-07	3.426622e-07	1.960279e-07	2098
537557	2.145174e-07	3.426679e-07	1.959971e-07	2098
945533	3.508679e-07	3.426701e-07	1.456397e-07	10546
545813	2.145363e-07	3.426736e-07	1.959663e-07	2098
554069	2.145553e-07	3.426794e-07	1.959355e-07	2098
953789	3.508797e-07	3.426794e-07	1.455894e-07	10546
562325	2.145743e-07	3.426851e-07	1.959047e-07	2098
962045	3.508914e-07	3.426888e-07	1.455390e-07	10546
570581	2.145933e-07	3.426908e-07	1.958739e-07	2098
578837	2.146122e-07	3.426966e-07	1.958431e-07	2098
970301	3.509032e-07	3.426981e-07	1.454887e-07	10546
587093	2.146312e-07	3.427023e-07	1.958123e-07	2098
978557	3.509149e-07	3.427075e-07	1.454383e-07	10546
595349	2.146501e-07	3.427080e-07	1.957815e-07	2098
603605	2.146691e-07	3.427137e-07	1.957507e-07	2098
986813	3.509266e-07	3.427168e-07	1.453880e-07	10546
611861	2.146880e-07	3.427195e-07	1.957198e-07	2098
620117	2.147069e-07	3.427252e-07	1.956890e-07	2098
995069	3.509384e-07	3.427262e-07	1.453377e-07	10546
628373	2.147259e-07	3.427309e-07	1.956582e-07	2098
1003325	3.509501e-07	3.427355e-07	1.452873e-07	10546
636629	2.147448e-07	3.427367e-07	1.956274e-07	2098
644885	2.147637e-07	3.427424e-07	1.955966e-07	2098
1011581	3.509618e-07	3.427449e-07	1.452369e-07	10546
653141	2.147827e-07	3.427481e-07	1.955657e-07	2098
661397	2.148016e-07	3.427539e-07	1.955349e-07	2098
1019837	3.509735e-07	3.427542e-07	1.451866e-07	10546
669653	2.148205e-07	3.427596e-07	1.955041e-07	2098
1028093	3.509851e-07	3.427636e-07	1.451362e-07	10546
677909	2.148394e-07	3.427653e-07	1.954732e-07	2098
686165	2.148583e-07	3.427711e-07	1.954424e-07	2098
1036349	3.509968e-07	3.427730e-07	1.450859e-07	10546
694421	2.148772e-07	3.427768e-07	1.954116e-07	2098
1044605	3.510085e-07	3.427823e-07	1.450355e-07	10546
702677	2.148961e-07	3.427826e-07	1.953807e-07	2098
710933	2.149150e-07	3.427883e-07	1.953499e-07	2098
1052861	3.510202e-07	3.427917e-07	1.449852e-07	10546
719189	2.149338e-07	3.427940e-07	1.953190e-07	2098
727445	2.149527e-07	3.427998e-07	1.952882e-07	2098
1061117	3.510318e-07	3.428011e-07	1.449348e-07	10546
735701	2.149716e-07	3.428055e-07	1.952573e-07	2098
1069373	3.510435e-07	3.428104e-07	1.448844e-07	10546
743957	2.149905e-07	3.428113e-07	1.952265e-07	2098
752213	2.150093e-07	3.428170e-07	1.951956e-07	2098
1077629	3.510551e-07	3.428198e-07	1.448340e-07	10546
760469	2.150282e-07	3.428227e-07	1.951647e-07	2098
768725	2.150471e-07	3.428285e-07	1.951339e-07	2098
1085885	3.510668e-07	3.428291e-07	1.447837e-07	10546
776981	2.150659e-07	3.428342e-07	1.951030e-07	2098
1094141	3.510784e-07	3.428385e-07	1.447333e-07	10546
785237	2.150847e-07	3.428400e-07	1.950721e-07	2098
793493	2.151036e-07	3.428457e-07	1.950413e-07	2098
1102397	3.510900e-07	3.428478e-07	1.446829e-07	10546
801749	2.151224e-07	3.428515e-07	1.950104e-07	2098
1110653	3.511016e-07	3.428572e-07	1.446326e-07	10546
810005	2.151413e-07	3.428572e-07	1.949795e-07	2098
818261	2.151601e-07	3.428629e-07	1.949486e-07	2098
1118909	3.511132e-07	3.428666e-07	1.445822e-07	10546
826517	2.151789e-07	3.428687e-07	1.949178e-07	2098
834773	2.151977e-07	3.428744e-07	1.948869e-07	2098
1127165	3.511248e-07	3.428759e-07	1.445318e-07	10546
843029	2.152165e-07	3.428802e-07	1.948560e-07	2098
1135421	3.511364e-07	3.428853e-07	1.444814e-07	10546
851285	2.152353e-07	3.428859e-07	1.948251e-07	2098
859541	2.152542e-07	3.428917e-07	1.947942e-07	2098
1143677	3.511480e-07	3.428947e-07	1.444311e-07	10546
867797	2.152730e-07	3.428974e-07	1.947633e-07	2098
876053	2.152917e-07	3.429032e-07	1.947324e-07	2098
1151933	3.511596e-07	3.429040e-07	1.443807e-07	10546
884309	2.153105e-07	3.429089e-07	1.947015e-07	2098
892565	2.153293e-07	3.429147e-07	1.946706e-07	2098
900821	2.153481e-07	3.429204e-07	1.946397e-07	2098
909077	2.153669e-07	3.429262e-07	1.946088e-07	2098
917333	2.153857e-07	3.429319e-07	1.945779e-07	2098
925589	2.154044e-07	3.429377e-07	1.945469e-07	2098
933845	2.154232e-07	3.429434e-07	1.945160e-07	2098
942101	2.154420e-07	3.429492e-07	1.944851e-07	2098
950357	2.154607e-07	3.429549e-07	1.944542e-07	2098
958613	2.154795e-07	3.429607e-07	1.944233e-07	2098
966869	2.154982e-07	3.429664e-07	1.943923e-07	2098
975125	2.155169e-07	3.429722e-07	1.943614e-07	2098
983381	2.155357e-07	3.429780e-07	1.943305e-07	2098
991637	2.155544e-07	3.429837e-07	1.942995e-07	2098
999893	2.155731e-07	3.429895e-07	1.942686e-07	2098
1008149	2.155919e-07	3.429952e-07	1.942376e-07	2098
1016405	2.156106e-07	3.430010e-07	1.942067e-07	2098
1024661	2.156293e-07	3.430067e-07	1.941757e-07	2098
1032917	2.156480e-07	3.430125e-07	1.941448e-07	2098
1041173	2.156667e-07	3.430183e-07	1.941138e-07	2098
1049429	2.156854e-07	3.430240e-07	1.940829e-07	2098
1057685	2.157041e-07	3.430298e-07	1.940519e-07	2098
1065941	2.157228e-07	3.430355e-07	1.940210e-07	2098
1074197	2.157415e-07	3.430413e-07	1.939900e-07	2098
1082453	2.157602e-07	3.430470e-07	1.939590e-07	2098
1090709	2.157788e-07	3.430528e-07	1.939281e-07	2098
1098965	2.157975e-07	3.430586e-07	1.938971e-07	2098
1107221	2.158162e-07	3.430643e-07	1.938661e-07	2098
1115477	2.158348e-07	3.430701e-07	1.938351e-07	2098
1123733	2.158535e-07	3.430759e-07	1.938042e-07	2098
1131989	2.158721e-07	3.430816e-07	1.937732e-07	2098
1140245	2.158908e-07	3.430874e-07	1.937422e-07	2098
1148501	2.159095e-07	3.430931e-07	1.937112e-07	2098
417	8.572336e-08	3.565205e-07	2.528249e-07	1064
8673	8.575012e-08	3.565228e-07	2.528126e-07	1064
16929	8.577688e-08	3.565251e-07	2.528002e-07	1064
25185	8.580363e-08	3.565274e-07	2.527879e-07	1064
33441	8.583039e-08	3.565297e-07	2.527755e-07	1064
41697	8.585715e-08	3.565320e-07	2.527632e-07	1064
49953	8.588390e-08	3.565343e-07	2.527509e-07	1064
58209	8.591064e-08	3.565366e-07	2.527385e-07	1064
66465	8.593739e-08	3.565389e-07	2.527262e-07	1064
74721	8.596414e-08	3.565412e-07	2.527138e-07	1064
82977	8.599088e-08	3.565436e-07	2.527015e-07	1064
91233	8.601762e-08	3.565459e-07	2.526891e-07	1064
99489	8.604436e-08	3.565482e-07	2.526767e-07	1064
107745	8.607110e-08	3.565505e-07	2.526644e-07	1064
116001	8.609783e-08	3.565528e-07	2.526520e-07	1064
124257	8.612457e-08	3.565551e-07	2.526396e-07	1064
132513	8.615130e-08	3.565574e-07	2.526272e-07	1064
140769	8.617803e-08	3.565597e-07	2.526148e-07	1064
149025	8.620476e-08	3.565621e-07	2.526025e-07	1064
157281	8.623149e-08	3.565644e-07	2.525900e-07	1064
165537	8.625822e-08	3.565667e-07	2.525776e-07	1064
173793	8.628494e-08	3.565690e-07	2.525653e-07	1064
182049	8.631166e-08	3.565713e-07	2.525528e-07	1064
190305	8.633838e-08	3.565737e-07	2.525404e-07	1064
198561	8.636510e-08	3.565760e-07	2.525280e-07	1064
206817	8.639181e-08	3.565783e-07	2.525156e-07	1064
215073	8.641853e-08	3.565806e-07	2.525032e-07	1064
223329	8.644524e-08	3.565829e-07	2.524908e-07	1064
231585	8.647195e-08	3.565852e-07	2.524783e-07	1064
239841	8.649866e-08	3.565876e-07	2.524659e-07	1064
248097	8.652537e-08	3.565899e-07	2.524535e-07	1064
256353	8.655207e-08	3.565922e-07	2.524410e-07	1064
264609	8.657878e-08	3.565946e-07	2.524286e-07	1064
272865	8.660547e-08	3.565969e-07	2.524161e-07	1064
281121	8.663218e-08	3.565992e-07	2.524037e-07	1064
289377	8.665887e-08	3.566016e-07	2.523912e-07	1064
297633	8.668557e-08	3.566039e-07	2.523788e-07	1064
305889	8.671226e-08	3.566062e-07	2.523663e-07	1064
314145	8.673896e-08	3.566086e-07	2.523538e-07	1064
322401	8.676565e-08	3.566109e-07	2.523414e-07	1064
330657	8.679233e-08	3.566132e-07	2.523289e-07	1064
338913	8.681902e-08	3.566155e-07	2.523164e-07	1064
347169	8.684571e-08	3.566179e-07	2.523039e-07	1064
355425	8.687239e-08	3.566202e-07	2.522914e-07	1064
363681	8.689907e-08	3.566225e-07	2.522790e-07	1064
371937	8.692575e-08	3.566249e-07	2.522665e-07	1064
380193	8.695243e-08	3.566272e-07	2.522540e-07	1064
388449	8.697910e-08	3.566296e-07	2.522415e-07	1064
396705	8.700577e-08	3.566319e-07	2.522290e-07	1064
404961	8.703245e-08	3.566342e-07	2.522164e-07	1064
413217	8.705912e-08	3.566366e-07	2.522039e-07	1064
421473	8.708579e-08	3.566389e-07	2.521914e-07	1064
429729	8.711245e-08	3.566412e-07	2.521789e-07	1064
437985	8.713911e-08	3.566436e-07	2.521664e-07	1064
446241	8.716578e-08	3.566459e-07	2.521539e-07	1064
454497	8.719244e-08	3.566483e-07	2.521413e-07	1064
462753	8.721910e-08	3.566506e-07	2.521288e-07	1064
471009	8.724575e-08	3.566530e-07	2.521163e-07	1064
479265	8.727241e-08	3.566553e-07	2.521037e-07	1064
487521	8.729906e-08	3.566577e-07	2.520912e-07	1064
495777	8.732572e-08	3.566600e-07	2.520786e-07	1064
504033	8.735236e-08	3.566624e-07	2.520661e-07	1064
512289	8.737901e-08	3.566647e-07	2.520535e-07	1064
520545	8.740566e-08	3.566670e-07	2.520409e-07	1064
528801	8.743230e-08	3.566694e-07	2.520283e-07	1064
537057	8.745894e-08	3.566717e-07	2.520158e-07	1064
545313	8.748558e-08	3.566741e-07	2.520032e-07	1064
553569	8.751222e-08	3.566765e-07	2.519906e-07	1064
561825	8.753886e-08	3.566788e-07	2.519781e-07	1064
570081	8.756549e-08	3.566811e-07	2.519655e-07	1064
578337	8.759213e-08	3.566835e-07	2.519529e-07	1064
586593	8.761875e-08	3.566859e-07	2.519403e-07	1064
594849	8.764538e-08	3.566882e-07	2.519277e-07	1064
603105	8.767201e-08	3.566906e-07	2.519151e-07	1064
611361	8.769864e-08	3.566929e-07	2.519025e-07	1064
619617	8.772526e-08	3.566953e-07	2.518899e-07	1064
627873	8.775188e-08	3.566977e-07	2.518773e-07	1064
636129	8.777850e-08	3.567000e-07	2.518646e-07	1064
644385	8.780512e-08	3.567024e-07	2.518520e-07	1064
652641	8.783174e-08	3.567047e-07	2.518394e-07	1064
660897	8.785835e-08	3.567071e-07	2.518268e-07	1064
669153	8.788496e-08	3.567094e-07	2.518142e-07	1064
677409	8.791157e-08	3.567118e-07	2.518015e-07	1064
685665	8.793818e-08	3.567142e-07	2.517889e-07	1064
693921	8.796479e-08	3.567165e-07	2.517762e-07	1064
702177	8.799139e-08	3.567189e-07	2.517636e-07	1064
710433	8.801799e-08	3.567213e-07	2.517509e-07	1064
718689	8.804459e-08	3.567236e-07	2.517383e-07	1064
726945	8.807119e-08	3.567260e-07	2.517256e-07	1064
735201	8.809779e-08	3.567283e-07	2.517129e-07	1064
743457	8.812438e-08	3.567307e-07	2.517003e-07	1064
751713	8.815098e-08	3.567331e-07	2.516876e-07	1064
759969	8.817756e-08	3.567355e-07	2.516749e-07	1064
768225	8.820416e-08	3.567378e-07	2.516623e-07	1064
776481	8.823074e-08	3.567402e-07	2.516496e-07	1064
784737	8.825733e-08	3.567426e-07	2.516369e-07	1064
792993	8.828391e-08	3.567449e-07	2.516242e-07	1064
801249	8.831050e-08	3.567473e-07	2.516115e-07	1064
809505	8.833707e-08	3.567497e-07	2.515988e-07	1064
817761	8.836366e-08	3.567521e-07	2.515861e-07	1064
826017	8.839023e-08	3.567544e-07	2.515734e-07	1064
834273	8.841680e-08	3.567568e-07	2.515607e-07	1064
842529	8.844338e-08	3.567592e-07	2.515480e-07	1064
850785	8.846995e-08	3.567616e-07	2.515353e-07	1064
859041	8.849652e-08	3.567640e-07	2.515226e-07	1064
867297	8.852309e-08	3.567663e-07	2.515098e-07	1064
875553	8.854965e-08	3.567687e-07	2.514971e-07	1064
883809	8.857621e-08	3.567711e-07	2.514844e-07	1064
892065	8.860277e-08	3.567735e-07	2.514717e-07	1064
900321	8.862933e-08	3.567758e-07	2.514589e-07	1064
908577	8.865589e-08	3.567782e-07	2.514462e-07	1064
916833	8.868245e-08	3.567806e-07	2.514334e-07	1064
925089	8.870900e-08	3.567830e-07	2.514207e-07	1064
933345	8.873555e-08	3.567854e-07	2.514079e-07	1064
941601	8.876210e-08	3.567878e-07	2.513952e-07	1064
949857	8.878865e-08	3.567901e-07	2.513824e-07	1064
958113	8.881520e-08	3.567925e-07	2.513696e-07	1064
966369	8.884174e-08	3.567949e-07	2.513569e-07	1064
974625	8.886828e-08	3.567973e-07	2.513441e-07	1064
982881	8.889482e-08	3.567997e-07	2.513313e-07	1064
991137	8.892136e-08	3.568021e-07	2.513186e-07	1064
999393	8.894790e-08	3.568045e-07	2.513058e-07	1064
1007649	8.897443e-08	3.568069e-07	2.512930e-07	1064
1015905	8.900096e-08	3.568093e-07	2.512802e-07	1064
1024161	8.902749e-08	3.568117e-07	2.512674e-07	1064
1032417	8.905403e-08	3.568140e-07	2.512546e-07	1064
1040673	8.908055e-08	3.568164e-07	2.512418e-07	1064
1048929	8.910708e-08	3.568188e-07	2.512290e-07	1064
1057185	8.913360e-08	3.568212e-07	2.512162e-07	1064
1065441	8.916012e-08	3.568236e-07	2.512034e-07	1064
1073697	8.918664e-08	3.568260e-07	2.511906e-07	1064
1081953	8.921316e-08	3.568284e-07	2.511777e-07	1064
1090209	8.923968e-08	3.568308e-07	2.511649e-07	1064
1098465	8.926619e-08	3.568332e-07	2.511521e-07	1064
1106721	8.929270e-08	3.568356e-07	2.511392e-07	1064
1114977	8.931921e-08	3.568380e-07	2.511264e-07	1064
1123233	8.934572e-08	3.568404e-07	2.511136e-07	1064
1131489	8.937223e-08	3.568428e-07	2.511007e-07	1064
1139745	8.939873e-08	3.568452e-07	2.510879e-07	1064
1148001	8.942524e-08	3.568476e-07	2.510750e-07	1064
2496	1.136618e-07	3.606909e-07	2.465106e-07	5672
10752	1.136876e-07	3.606939e-07	2.464942e-07	5672
19008	1.137133e-07	3.606970e-07	2.464779e-07	5672
27264	1.137391e-07	3.607001e-07	2.464616e-07	5672
35520	1.137648e-07	3.607031e-07	2.464452e-07	5672
43776	1.137905e-07	3.607062e-07	2.464289e-07	5672
52032	1.138163e-07	3.607092e-07	2.464125e-07	5672
60288	1.138420e-07	3.607122e-07	2.463962e-07	5672
68544	1.138677e-07	3.607153e-07	2.463798e-07	5672
76800	1.138934e-07	3.607184e-07	2.463634e-07	5672
85056	1.139192e-07	3.607214e-07	2.463471e-07	5672
93312	1.139449e-07	3.607245e-07	2.463307e-07	5672
101568	1.139706e-07	3.607275e-07	2.463143e-07	5672
109824	1.139963e-07	3.607306e-07	2.462980e-07	5672
118080	1.140220e-07	3.607337e-07	2.462816e-07	5672
126336	1.140477e-07	3.607367e-07	2.462652e-07	5672
134592	1.140734e-07	3.607398e-07	2.462488e-07	5672
142848	1.140991e-07	3.607428e-07	2.462324e-07	5672
151104	1.141248e-07	3.607459e-07	2.462160e-07	5672
159360	1.141505e-07	3.607489e-07	2.461996e-07	5672
167616	1.141762e-07	3.607520e-07	2.461832e-07	5672
175872	1.142019e-07	3.607551e-07	2.461668e-07	5672
184128	1.142276e-07	3.607581e-07	2.461504e-07	5672
192384	1.142533e-07	3.607612e-07	2.461340e-07	5672
200640	1.142790e-07	3.607643e-07	2.461176e-07	5672
208896	1.143047e-07	3.607673e-07	2.461012e-07	5672
217152	1.143304e-07	3.607704e-07	2.460847e-07	5672
225408	1.143560e-07	3.607734e-07	2.460683e-07	5672
233664	1.143817e-07	3.607765e-07	2.460519e-07	5672
241920	1.144074e-07	3.607796e-07	2.460355e-07	5672
250176	1.144331e-07	3.607826e-07	2.460190e-07	5672
258432	1.144587e-07	3.607857e-07	2.460026e-07	5672
266688	1.144844e-07	3.607888e-07	2.459861e-07	5672
274944	1.145101e-07	3.607919e-07	2.459697e-07	5672
283200	1.145357e-07	3.607949e-07	2.459532e-07	5672
291456	1.145614e-07	3.607980e-07	2.459367e-07	5672
299712	1.145871e-07	3.608011e-07	2.459203e-07	5672
307968	1.146127e-07	3.608041e-07	2.459038e-07	5672
316224	1.146384e-07	3.608072e-07	2.458874e-07	5672
324480	1.146640e-07	3.608103e-07	2.458709e-07	5672
332736	1.146897e-07	3.608134e-07	2.458544e-07	5672
340992	1.147153e-07	3.608164e-07	2.458380e-07	5672
349248	1.147410e-07	3.608195e-07	2.458215e-07	5672
357504	1.147666e-07	3.608226e-07	2.458050e-07	5672
365760	1.147922e-07	3.608257e-07	2.457885e-07	5672
374016	1.148179e-07	3.608287e-07	2.457720e-07	5672
382272	1.148435e-07	3.608318e-07	2.457555e-07	5672
390528	1.148691e-07	3.608349e-07	2.457390e-07	5672
398784	1.148948e-07	3.608380e-07	2.457225e-07	5672
407040	1.149204e-07	3.608411e-07	2.457060e-07	5672
415296	1.149460e-07	3.608442e-07	2.456895e-07	5672
423552	1.149716e-07	3.608472e-07	2.456730e-07	5672
431808	1.149973e-07	3.608503e-07	2.456564e-07	5672
440064	1.150229e-07	3.608534e-07	2.456399e-07	5672
448320	1.150485e-07	3.608565e-07	2.456234e-07	5672
456576	1.150741e-07	3.608596e-07	2.456069e-07	5672
464832	1.150997e-07	3.608627e-07	2.455903e-07	5672
473088	1.151253e-07	3.608657e-07	2.455738e-07	5672
481344	1.151509e-07	3.608688e-07	2.455572e-07	5672
489600	1.151765e-07	3.608719e-07	2.455407e-07	5672
497856	1.152021e-07	3.608750e-07	2.455241e-07	5672
506112	1.152277e-07	3.608781e-07	2.455076e-07	5672
514368	1.152533e-07	3.608812e-07	2.454910e-07	5672
522624	1.152789e-07	3.608843e-07	2.454745e-07	5672
530880	1.153045e-07	3.608874e-07	2.454579e-07	5672
539136	1.153301e-07	3.608905e-07	2.454414e-07	5672
547392	1.153557e-07	3.608936e-07	2.454248e-07	5672
555648	1.153813e-07	3.608966e-07	2.454082e-07	5672
563904	1.154068e-07	3.608997e-07	2.453916e-07	5672
572160	1.154324e-07	3.609028e-07	2.453750e-07	5672
580416	1.154580e-07	3.609059e-07	2.453585e-07	5672
588672	1.154836e-07	3.609090e-07	2.453419e-07	5672
596928	1.155091e-07	3.609121e-07	2.453253e-07	5672
605184	1.155347e-07	3.609152e-07	2.453087e-07	5672
613440	1.155603e-07	3.609183e-07	2.452921e-07	5672
621696	1.155858e-07	3.609214e-07	2.452755e-07	5672
629952	1.156114e-07	3.609245e-07	2.452589e-07	5672
638208	1.156369e-07	3.609276e-07	2.452423e-07	5672
646464	1.156625e-07	3.609307e-07	2.452256e-07	5672
654720	1.156880e-07	3.609338e-07	2.452090e-07	5672
662976	1.157136e-07	3.609369e-07	2.451924e-07	5672
671232	1.157391e-07	3.609400e-07	2.451758e-07	5672
679488	1.157647e-07	3.609431e-07	2.451592e-07	5672
687744	1.157902e-07	3.609462e-07	2.451425e-07	5672
696000	1.158158e-07	3.609493e-07	2.451259e-07	5672
704256	1.158413e-07	3.609524e-07	2.451092e-07	5672
712512	1.158668e-07	3.609555e-07	2.450926e-07	5672
720768	1.158924e-07	3.609586e-07	2.450759e-07	5672
729024	1.159179e-07	3.609617e-07	2.450593e-07	5672
737280	1.159434e-07	3.609649e-07	2.450426e-07	5672
745536	1.159690e-07	3.609680e-07	2.450260e-07	5672
753792	1.159945e-07	3.609711e-07	2.450093e-07	5672
762048	1.160200e-07	3.609742e-07	2.449927e-07	5672
770304	1.160455e-07	3.609773e-07	2.449760e-07	5672
778560	1.160710e-07	3.609804e-07	2.449593e-07	5672
786816	1.160966e-07	3.609835e-07	2.449426e-07	5672
795072	1.161221e-07	3.609866e-07	2.449260e-07	5672
803328	1.161476e-07	3.609897e-07	2.449093e-07	5672
811584	1.161731e-07	3.609929e-07	2.448926e-07	5672
819840	1.161986e-07	3.609960e-07	2.448759e-07	5672
828096	1.162241e-07	3.609991e-07	2.448592e-07	5672
836352	1.162496e-07	3.610022e-07	2.448425e-07	5672
844608	1.162751e-07	3.610053e-07	2.448258e-07	5672
852864	1.163006e-07	3.610084e-07	2.448091e-07	5672
861120	1.163261e-07	3.610116e-07	2.447924e-07	5672
869376	1.163516e-07	3.610147e-07	2.447757e-07	5672
877632	1.163770e-07	3.610178e-07	2.447590e-07	5672
885888	1.164025e-07	3.610209e-07	2.447422e-07	5672
894144	1.164280e-07	3.610240e-07	2.447255e-07	5672
902400	1.164535e-07	3.610272e-07	2.447088e-07	5672
910656	1.164790e-07	3.610303e-07	2.446920e-07	5672
918912	1.165044e-07	3.610334e-07	2.446753e-07	5672
927168	1.165299e-07	3.610365e-07	2.446586e-07	5672
935424	1.165554e-07	3.610396e-07	2.446418e-07	5672
943680	1.165808e-07	3.610428e-07	2.446251e-07	5672
951936	1.166063e-07	3.610459e-07	2.446083e-07	5672
960192	1.166318e-07	3.610490e-07	2.445916e-07	5672
968448	1.166572e-07	3.610521e-07	2.445748e-07	5672
976704	1.166827e-07	3.610553e-07	2.445581e-07	5672
984960	1.167081e-07	3.610584e-07	2.445413e-07	5672
993216	1.167336e-07	3.610615e-07	2.445245e-07	5672
1001472	1.167590e-07	3.610647e-07	2.445078e-07	5672
1009728	1.167845e-07	3.610678e-07	2.444910e-07	5672
1017984	1.168099e-07	3.610709e-07	2.444742e-07	5672
1026240	1.168354e-07	3.610741e-07	2.444574e-07	5672
1034496	1.168608e-07	3.610772e-07	2.444406e-07	5672
1042752	1.168862e-07	3.610803e-07	2.444238e-07	5672
1051008	1.169117e-07	3.610835e-07	2.444070e-07	5672
1059264	1.169371e-07	3.610866e-07	2.443902e-07	5672
1067520	1.169625e-07	3.610897e-07	2.443734e-07	5672
1075776	1.169880e-07	3.610928e-07	2.443566e-07	5672
1084032	1.170134e-07	3.610960e-07	2.443398e-07	5672
1092288	1.170388e-07	3.610991e-07	2.443230e-07	5672
1100544	1.170642e-07	3.611023e-07	2.443062e-07	5672
1108800	1.170896e-07	3.611054e-07	2.442894e-07	5672
1117056	1.171151e-07	3.611085e-07	2.442726e-07	5672
1125312	1.171405e-07	3.611117e-07	2.442557e-07	5672
1133568	1.171659e-07	3.611148e-07	2.442389e-07	5672
1141824	1.171913e-07	3.611180e-07	2.442221e-07	5672
1150080	1.172167e-07	3.611211e-07	2.442052e-07	5672
935628	7.922338e-08	3.733564e-07	2.681058e-07	6177
943884	7.925188e-08	3.733585e-07	2.680944e-07	6177
952140	7.928038e-08	3.733607e-07	2.680830e-07	6177
960396	7.930888e-08	3.733628e-07	2.680716e-07	6177
968652	7.933738e-08	3.733649e-07	2.680601e-07	6177
976908	7.936588e-08	3.733671e-07	2.680488e-07	6177
985164	7.939437e-08	3.733692e-07	2.680373e-07	6177
993420	7.942286e-08	3.733714e-07	2.680259e-07	6177
1001676	7.945135e-08	3.733735e-07	2.680145e-07	6177
1009932	7.947985e-08	3.733756e-07	2.680031e-07	6177
1018188	7.950833e-08	3.733778e-07	2.679916e-07	6177
1026444	7.953682e-08	3.733799e-07	2.679802e-07	6177
1034700	7.956530e-08	3.733821e-07	2.679687e-07	6177
1042956	7.959378e-08	3.733842e-07	2.679573e-07	6177
1051212	7.962227e-08	3.733863e-07	2.679459e-07	6177
1059468	7.965075e-08	3.733885e-07	2.679344e-07	6177
1067724	7.967922e-08	3.733906e-07	2.679230e-07	6177
1075980	7.970770e-08	3.733928e-07	2.679115e-07	6177
1084236	7.973617e-08	3.733949e-07	2.679000e-07	6177
1092492	7.976465e-08	3.733971e-07	2.678886e-07	6177
1100748	7.979312e-08	3.733992e-07	2.678771e-07	6177
1109004	7.982159e-08	3.734013e-07	2.678656e-07	6177
1117260	7.985005e-08	3.734035e-07	2.678541e-07	6177
1125516	7.987852e-08	3.734057e-07	2.678427e-07	6177
1133772	7.990698e-08	3.734078e-07	2.678312e-07	6177
1142028	7.993545e-08	3.734100e-07	2.678197e-07	6177
1150284	7.996390e-08	3.734121e-07	2.678082e-07	6177
2602	1.474249e-07	3.740430e-07	2.451814e-07	5928
10858	1.474501e-07	3.740469e-07	2.451602e-07	5928
19114	1.474753e-07	3.740509e-07	2.451390e-07	5928
27370	1.475005e-07	3.740548e-07	2.451179e-07	5928
35626	1.475256e-07	3.740588e-07	2.450967e-07	5928
43882	1.475508e-07	3.740628e-07	2.450755e-07	5928
52138	1.475760e-07	3.740667e-07	2.450543e-07	5928
60394	1.476012e-07	3.740707e-07	2.450331e-07	5928
68650	1.476264e-07	3.740746e-07	2.450119e-07	5928
76906	1.476515e-07	3.740786e-07	2.449907e-07	5928
85162	1.476767e-07	3.740825e-07	2.449695e-07	5928
93418	1.477019e-07	3.740865e-07	2.449483e-07	5928
101674	1.477270e-07	3.740904e-07	2.449271e-07	5928
109930	1.477522e-07	3.740944e-07	2.449058e-07	5928
118186	1.477773e-07	3.740983e-07	2.448846e-07	5928
126442	1.478025e-07	3.741023e-07	2.448634e-07	5928
134698	1.478276e-07	3.741062e-07	2.448422e-07	5928
142954	1.478528e-07	3.741102e-07	2.448209e-07	5928
151210	1.478779e-07	3.741142e-07	2.447997e-07	5928
159466	1.479031e-07	3.741181e-07	2.447784e-07	5928
167722	1.479282e-07	3.741221e-07	2.447572e-07	5928
175978	1.479533e-07	3.741260e-07	2.447360e-07	5928
184234	1.479785e-07	3.741300e-07	2.447147e-07	5928
192490	1.480036e-07	3.741339e-07	2.446935e-07	5928
200746	1.480287e-07	3.741379e-07	2.446722e-07	5928
209002	1.480539e-07	3.741419e-07	2.446509e-07	5928
217258	1.480790e-07	3.741459e-07	2.446297e-07	5928
225514	1.481041e-07	3.741498e-07	2.446084e-07	5928
233770	1.481292e-07	3.741538e-07	2.445871e-07	5928
242026	1.481543e-07	3.741577e-07	2.445659e-07	5928
250282	1.481794e-07	3.741617e-07	2.445446e-07	5928
258538	1.482045e-07	3.741657e-07	2.445233e-07	5928
266794	1.482296e-07	3.741696e-07	2.445020e-07	5928
275050	1.482547e-07	3.741736e-07	2.444807e-07	5928
283306	1.482798e-07	3.741776e-07	2.444594e-07	5928
291562	1.483049e-07	3.741816e-07	2.444382e-07	5928
299818	1.483300e-07	3.741855e-07	2.444168e-07	5928
308074	1.483551e-07	3.741895e-07	2.443956e-07	5928
316330	1.483801e-07	3.741935e-07	2.443742e-07	5928
324586	1.484052e-07	3.741974e-07	2.443529e-07	5928
332842	1.484303e-07	3.742014e-07	2.443316e-07	5928
341098	1.484554e-07	3.742054e-07	2.443103e-07	5928
349354	1.484804e-07	3.742093e-07	2.442890e-07	5928
357610	1.485055e-07	3.742133e-07	2.442677e-07	5928
365866	1.485306e-07	3.742173e-07	2.442463e-07	5928
374122	1.485556e-07	3.742213e-07	2.442250e-07	5928
382378	1.485807e-07	3.742253e-07	2.442036e-07	5928
390634	1.486057e-07	3.742292e-07	2.441823e-07	5928
398890	1.486308e-07	3.742332e-07	2.441610e-07	5928
407146	1.486558e-07	3.742372e-07	2.441396e-07	5928
415402	1.486809e-07	3.742412e-07	2.441183e-07	5928
423658	1.487059e-07	3.742451e-07	2.440969e-07	5928
431914	1.487309e-07	3.742491e-07	2.440756e-07	5928
440170	1.487560e-07	3.742531e-07	2.440542e-07	5928
448426	1.487810e-07	3.742571e-07	2.440328e-07	5928
456682	1.488060e-07	3.742611e-07	2.440115e-07	5928
464938	1.488310e-07	3.742651e-07	2.439901e-07	5928
473194	1.488561e-07	3.742690e-07	2.439687e-07	5928
481450	1.488811e-07	3.742730e-07	2.439473e-07	5928
489706	1.489061e-07	3.742770e-07	2.439259e-07	5928
497962	1.489311e-07	3.742810e-07	2.439046e-07	5928
506218	1.489561e-07	3.742850e-07	2.438832e-07	5928
514474	1.489811e-07	3.742890e-07	2.438618e-07	5928
522730	1.490061e-07	3.742930e-07	2.438404e-07	5928
530986	1.490311e-07	3.742969e-07	2.438190e-07	5928
539242	1.490561e-07	3.743009e-07	2.437976e-07	5928
547498	1.490811e-07	3.743049e-07	2.437762e-07	5928
555754	1.491061e-07	3.743089e-07	2.437548e-07	5928
564010	1.491311e-07	3.743129e-07	2.437334e-07	5928
572266	1.491561e-07	3.743169e-07	2.437119e-07	5928
580522	1.491810e-07	3.743209e-07	2.436905e-07	5928
588778	1.492060e-07	3.743249e-07	2.436691e-07	5928
597034	1.492310e-07	3.743289e-07	2.436477e-07	5928
605290	1.492560e-07	3.743329e-07	2.436262e-07	5928
613546	1.492809e-07	3.743369e-07	2.436048e-07	5928
621802	1.493059e-07	3.743409e-07	2.435833e-07	5928
630058	1.493308e-07	3.743449e-07	2.435619e-07	5928
638314	1.493558e-07	3.743489e-07	2.435405e-07	5928
646570	1.493808e-07	3.743529e-07	2.435190e-07	5928
654826	1.494057e-07	3.743569e-07	2.434975e-07	5928
663082	1.494307e-07	3.743609e-07	2.434761e-07	5928
671338	1.494556e-07	3.743648e-07	2.434546e-07	5928
679594	1.494805e-07	3.743689e-07	2.434332e-07	5928
687850	1.495055e-07	3.743729e-07	2.434117e-07	5928
696106	1.495304e-07	3.743769e-07	2.433902e-07	5928
704362	1.495553e-07	3.743809e-07	2.433687e-07	5928
712618	1.495803e-07	3.743849e-07	2.433473e-07	5928
720874	1.496052e-07	3.743889e-07	2.433258e-07	5928
729130	1.496301e-07	3.743929e-07	2.433043e-07	5928
737386	1.496550e-07	3.743969e-07	2.432828e-07	5928
745642	1.496799e-07	3.744009e-07	2.432613e-07	5928
753898	1.497049e-07	3.744049e-07	2.432398e-07	5928
762154	1.497298e-07	3.744089e-07	2.432183e-07	5928
770410	1.497547e-07	3.744129e-07	2.431968e-07	5928
778666	1.497796e-07	3.744169e-07	2.431753e-07	5928
786922	1.498045e-07	3.744209e-07	2.431538e-07	5928
795178	1.498294e-07	3.744249e-07	2.431323e-07	5928
803434	1.498543e-07	3.744289e-07	2.431107e-07	5928
811690	1.498792e-07	3.744330e-07	2.430892e-07	5928
819946	1.499041e-07	3.744370e-07	2.430677e-07	5928
828202	1.499289e-07	3.744410e-07	2.430462e-07	5928
836458	1.499538e-07	3.744450e-07	2.430246e-07	5928
844714	1.499787e-07	3.744490e-07	2.430031e-07	5928
852970	1.500036e-07	3.744530e-07	2.429816e-07	5928
861226	1.500284e-07	3.744570e-07	2.429600e-07	5928
869482	1.500533e-07	3.744611e-07	2.429385e-07	5928
877738	1.500782e-07	3.744651e-07	2.429169e-07	5928
885994	1.501030e-07	3.744691e-07	2.428954e-07	5928
894250	1.501279e-07	3.744731e-07	2.428738e-07	5928
902506	1.501527e-07	3.744771e-07	2.428523e-07	5928
910762	1.501776e-07	3.744811e-07	2.428307e-07	5928
919018	1.502024e-07	3.744852e-07	2.428091e-07	5928
927274	1.502273e-07	3.744892e-07	2.427875e-07	5928
935530	1.502521e-07	3.744932e-07	2.427660e-07	5928
943786	1.502770e-07	3.744972e-07	2.427444e-07	5928
952042	1.503018e-07	3.745012e-07	2.427228e-07	5928
960298	1.503266e-07	3.745053e-07	2.427012e-07	5928
968554	1.503515e-07	3.745093e-07	2.426796e-07	5928
976810	1.503763e-07	3.745133e-07	2.426580e-07	5928
985066	1.504011e-07	3.745174e-07	2.426364e-07	5928
993322	1.504259e-07	3.745214e-07	2.426148e-07	5928
1001578	1.504507e-07	3.745254e-07	2.425932e-07	5928
1009834	1.504756e-07	3.745294e-07	2.425716e-07	5928
1018090	1.505004e-07	3.745334e-07	2.425500e-07	5928
1026346	1.505252e-07	3.745375e-07	2.425284e-07	5928
1034602	1.505500e-07	3.745415e-07	2.425068e-07	5928
1042858	1.505748e-07	3.745456e-07	2.424852e-07	5928
1051114	1.505996e-07	3.745496e-07	2.424635e-07	5928
1059370	1.506244e-07	3.745536e-07	2.424419e-07	5928
1067626	1.506492e-07	3.745576e-07	2.424203e-07	5928
1075882	1.506739e-07	3.745617e-07	2.423986e-07	5928
1084138	1.506987e-07	3.745657e-07	2.423770e-07	5928
1092394	1.507235e-07	3.745697e-07	2.423554e-07	5928
1100650	1.507483e-07	3.745738e-07	2.423337e-07	5928
1108906	1.507731e-07	3.745778e-07	2.423120e-07	5928
1117162	1.507978e-07	3.745818e-07	2.422904e-07	5928
1125418	1.508226e-07	3.745859e-07	2.422688e-07	5928
1133674	1.508474e-07	3.745899e-07	2.422471e-07	5928
1141930	1.508721e-07	3.745940e-07	2.422254e-07	5928
1150186	1.508969e-07	3.745980e-07	2.422038e-07	5928
3309	1.649815e-07	3.761211e-07	2.408375e-07	7713
11565	1.650060e-07	3.761255e-07	2.408138e-07	7713
19821	1.650305e-07	3.761299e-07	2.407901e-07	7713
28077	1.650550e-07	3.761343e-07	2.407664e-07	7713
36333	1.650795e-07	3.761388e-07	2.407427e-07	7713
44589	1.651041e-07	3.761432e-07	2.407190e-07	7713
52845	1.651286e-07	3.761476e-07	2.406953e-07	7713
61101	1.651531e-07	3.761520e-07	2.406716e-07	7713
69357	1.651775e-07	3.761564e-07	2.406479e-07	7713
77613	1.652020e-07	3.761608e-07	2.406242e-07	7713
85869	1.652265e-07	3.761652e-07	2.406004e-07	7713
94125	1.652510e-07	3.761697e-07	2.405767e-07	7713
102381	1.652755e-07	3.761741e-07	2.405530e-07	7713
110637	1.653000e-07	3.761785e-07	2.405292e-07	7713
118893	1.653244e-07	3.761830e-07	2.405055e-07	7713
127149	1.653489e-07	3.761874e-07	2.404818e-07	7713
135405	1.653734e-07	3.761918e-07	2.404580e-07	7713
143661	1.653978e-07	3.761962e-07	2.404343e-07	7713
151917	1.654223e-07	3.762006e-07	2.404105e-07	7713
160173	1.654467e-07	3.762051e-07	2.403868e-07	7713
168429	1.654712e-07	3.762095e-07	2.403630e-07	7713
176685	1.654956e-07	3.762139e-07	2.403392e-07	7713
184941	1.655201e-07	3.762183e-07	2.403155e-07	7713
193197	1.655445e-07	3.762228e-07	2.402917e-07	7713
201453	1.655690e-07	3.762272e-07	2.402679e-07	7713
209709	1.655934e-07	3.762316e-07	2.402442e-07	7713
217965	1.656178e-07	3.762361e-07	2.402204e-07	7713
226221	1.656423e-07	3.762405e-07	2.401966e-07	7713
234477	1.656667e-07	3.762449e-07	2.401728e-07	7713
242733	1.656911e-07	3.762493e-07	2.401490e-07	7713
250989	1.657155e-07	3.762538e-07	2.401252e-07	7713
259245	1.657399e-07	3.762582e-07	2.401014e-07	7713
267501	1.657643e-07	3.762626e-07	2.400776e-07	7713
275757	1.657887e-07	3.762671e-07	2.400538e-07	7713
284013	1.658131e-07	3.762715e-07	2.400300e-07	7713
292269	1.658375e-07	3.762759e-07	2.400062e-07	7713
300525	1.658619e-07	3.762804e-07	2.399824e-07	7713
308781	1.658863e-07	3.762848e-07	2.399586e-07	7713
317037	1.659107e-07	3.762893e-07	2.399348e-07	7713
325293	1.659351e-07	3.762937e-07	2.399109e-07	7713
333549	1.659595e-07	3.762981e-07	2.398871e-07	7713
341805	1.659839e-07	3.763026e-07	2.398633e-07	7713
350061	1.660082e-07	3.763070e-07	2.398394e-07	7713
358317	1.660326e-07	3.763115e-07	2.398156e-07	7713
366573	1.660570e-07	3.763159e-07	2.397917e-07	7713
374829	1.660813e-07	3.763203e-07	2.397679e-07	7713
383085	1.661057e-07	3.763248e-07	2.397441e-07	7713
391341	1.661301e-07	3.763292e-07	2.397202e-07	7713
399597	1.661544e-07	3.763337e-07	2.396963e-07	7713
407853	1.661788e-07	3.763381e-07	2.396725e-07	7713
416109	1.662031e-07	3.763426e-07	2.396486e-07	7713
424365	1.662275e-07	3.763470e-07	2.396248e-07	7713
432621	1.662518e-07	3.763515e-07	2.396009e-07	7713
440877	1.662761e-07	3.763559e-07	2.395770e-07	7713
449133	1.663005e-07	3.763604e-07	2.395531e-07	7713
457389	1.663248e-07	3.763648e-07	2.395292e-07	7713
465645	1.663491e-07	3.763693e-07	2.395054e-07	7713
473901	1.663734e-07	3.763737e-07	2.394815e-07	7713
482157	1.663977e-07	3.763782e-07	2.394576e-07	7713
490413	1.664221e-07	3.763826e-07	2.394337e-07	7713
498669	1.664464e-07	3.763871e-07	2.394098e-07	7713
506925	1.664707e-07	3.763915e-07	2.393859e-07	7713
515181	1.664950e-07	3.763960e-07	2.393620e-07	7713
523437	1.665193e-07	3.764004e-07	2.393381e-07	7713
531693	1.665436e-07	3.764049e-07	2.393142e-07	7713
539949	1.665679e-07	3.764093e-07	2.392902e-07	7713
548205	1.665922e-07	3.764138e-07	2.392663e-07	7713
556461	1.666164e-07	3.764183e-07	2.392424e-07	7713
564717	1.666407e-07	3.764227e-07	2.392185e-07	7713
572973	1.666650e-07	3.764272e-07	2.391945e-07	7713
581229	1.666893e-07	3.764316e-07	2.391706e-07	7713
589485	1.667135e-07	3.764361e-07	2.391467e-07	7713
597741	1.667378e-07	3.764405e-07	2.391228e-07	7713
605997	1.667621e-07	3.764450e-07	2.390988e-07	7713
614253	1.667863e-07	3.764495e-07	2.390749e-07	7713
622509	1.668106e-07	3.764539e-07	2.390509e-07	7713
630765	1.668349e-07	3.764584e-07	2.390269e-07	7713
639021	1.668591e-07	3.764629e-07	2.390030e-07	7713
647277	1.668834e-07	3.764673e-07	2.389790e-07	7713
655533	1.669076e-07	3.764718e-07	2.389551e-07	7713
663789	1.669318e-07	3.764762e-07	2.389311e-07	7713
672045	1.669561e-07	3.764807e-07	2.389071e-07	7713
680301	1.669803e-07	3.764852e-07	2.388832e-07	7713
688557	1.670045e-07	3.764897e-07	2.388592e-07	7713
696813	1.670288e-07	3.764941e-07	2.388352e-07	7713
705069	1.670530e-07	3.764986e-07	2.388112e-07	7713
713325	1.670772e-07	3.765030e-07	2.387872e-07	7713
721581	1.671014e-07	3.765075e-07	2.387632e-07	7713
729837	1.671256e-07	3.765120e-07	2.387392e-07	7713
738093	1.671498e-07	3.765165e-07	2.387152e-07	7713
746349	1.671740e-07	3.765209e-07	2.386912e-07	7713
754605	1.671982e-07	3.765254e-07	2.386672e-07	7713
762861	1.672224e-07	3.765299e-07	2.386432e-07	7713
771117	1.672466e-07	3.765343e-07	2.386192e-07	7713
779373	1.672708e-07	3.765388e-07	2.385952e-07	7713
787629	1.672950e-07	3.765433e-07	2.385712e-07	7713
795885	1.673192e-07	3.765478e-07	2.385472e-07	7713
804141	1.673434e-07	3.765522e-07	2.385231e-07	7713
812397	1.673675e-07	3.765567e-07	2.384991e-07	7713
820653	1.673917e-07	3.765612e-07	2.384751e-07	7713
828909	1.674159e-07	3.765657e-07	2.384510e-07	7713
837165	1.674400e-07	3.765701e-07	2.384270e-07	7713
845421	1.674642e-07	3.765746e-07	2.384029e-07	7713
853677	1.674884e-07	3.765791e-07	2.383789e-07	7713
861933	1.675125e-07	3.765836e-07	2.383548e-07	7713
870189	1.675367e-07	3.765881e-07	2.383308e-07	7713
878445	1.675608e-07	3.765926e-07	2.383067e-07	7713
886701	1.675849e-07	3.765970e-07	2.382827e-07	7713
894957	1.676091e-07	3.766015e-07	2.382586e-07	7713
903213	1.676332e-07	3.766060e-07	2.382345e-07	7713
911469	1.676573e-07	3.766105e-07	2.382105e-07	7713
919725	1.676815e-07	3.766150e-07	2.381864e-07	7713
927981	1.677056e-07	3.766195e-07	2.381623e-07	7713
936237	1.677297e-07	3.766239e-07	2.381382e-07	7713
944493	1.677539e-07	3.766284e-07	2.381141e-07	7713
952749	1.677780e-07	3.766329e-07	2.380901e-07	7713
961005	1.678021e-07	3.766374e-07	2.380660e-07	7713
969261	1.678262e-07	3.766419e-07	2.380419e-07	7713
977517	1.678503e-07	3.766464e-07	2.380178e-07	7713
985773	1.678744e-07	3.766509e-07	2.379937e-07	7713
994029	1.678985e-07	3.766554e-07	2.379696e-07	7713
1002285	1.679226e-07	3.766598e-07	2.379454e-07	7713
1010541	1.679467e-07	3.766644e-07	2.379213e-07	7713
1018797	1.679708e-07	3.766689e-07	2.378972e-07	7713
1027053	1.679948e-07	3.766733e-07	2.378731e-07	7713
1035309	1.680189e-07	3.766778e-07	2.378490e-07	7713
1043565	1.680430e-07	3.766823e-07	2.378248e-07	7713
1051821	1.680671e-07	3.766868e-07	2.378007e-07	7713
1060077	1.680911e-07	3.766913e-07	2.377766e-07	7713
1068333	1.681152e-07	3.766958e-07	2.377524e-07	7713
1076589	1.681393e-07	3.767003e-07	2.377283e-07	7713
1084845	1.681633e-07	3.767048e-07	2.377042e-07	7713
1093101	1.681874e-07	3.767093e-07	2.376800e-07	7713
1101357	1.682114e-07	3.767138e-07	2.376559e-07	7713
1109613	1.682355e-07	3.767183e-07	2.376317e-07	7713
1117869	1.682595e-07	3.767228e-07	2.376075e-07	7713
1126125	1.682835e-07	3.767273e-07	2.375834e-07	7713
1134381	1.683076e-07	3.767318e-07	2.375592e-07	7713
1142637	1.683316e-07	3.767363e-07	2.375350e-07	7713
1150893	1.683556e-07	3.767408e-07	2.375109e-07	7713
4436	3.766325e-07	3.774302e-07	1.703823e-07	10802
12692	3.766469e-07	3.774402e-07	1.703283e-07	10802
20948	3.766613e-07	3.774502e-07	1.702742e-07	10802
29204	3.766756e-07	3.774603e-07	1.702202e-07	10802
37460	3.766900e-07	3.774703e-07	1.701661e-07	10802
45716	3.767043e-07	3.774803e-07	1.701121e-07	10802
53972	3.767187e-07	3.774904e-07	1.700580e-07	10802
62228	3.767330e-07	3.775004e-07	1.700040e-07	10802
70484	3.767474e-07	3.775105e-07	1.699499e-07	10802
78740	3.767616e-07	3.775205e-07	1.698959e-07	10802
86996	3.767760e-07	3.775306e-07	1.698418e-07	10802
95252	3.767903e-07	3.775406e-07	1.697878e-07	10802
103508	3.768046e-07	3.775507e-07	1.697337e-07	10802
111764	3.768188e-07	3.775607e-07	1.696796e-07	10802
120020	3.768331e-07	3.775708e-07	1.696256e-07	10802
128276	3.768474e-07	3.775808e-07	1.695715e-07	10802
136532	3.768616e-07	3.775909e-07	1.695174e-07	10802
144788	3.768759e-07	3.776009e-07	1.694633e-07	10802
153044	3.768901e-07	3.776110e-07	1.694093e-07	10802
161300	3.769044e-07	3.776210e-07	1.693552e-07	10802
169556	3.769186e-07	3.776311e-07	1.693011e-07	10802
177812	3.769328e-07	3.776411e-07	1.692470e-07	10802
186068	3.769470e-07	3.776512e-07	1.691930e-07	10802
194324	3.769612e-07	3.776612e-07	1.691389e-07	10802
202580	3.769754e-07	3.776713e-07	1.690848e-07	10802
210836	3.769896e-07	3.776813e-07	1.690307e-07	10802
219092	3.770038e-07	3.776914e-07	1.689766e-07	10802
227348	3.770180e-07	3.777014e-07	1.689225e-07	10802
235604	3.770321e-07	3.777115e-07	1.688684e-07	10802
243860	3.770463e-07	3.777215e-07	1.688143e-07	10802
252116	3.770604e-07	3.777316e-07	1.687602e-07	10802
260372	3.770745e-07	3.777416e-07	1.687061e-07	10802
268628	3.770887e-07	3.777517e-07	1.686520e-07	10802
276884	3.771028e-07	3.777618e-07	1.685979e-07	10802
285140	3.771169e-07	3.777718e-07	1.685438e-07	10802
293396	3.771310e-07	3.777818e-07	1.684897e-07	10802
301652	3.771451e-07	3.777919e-07	1.684356e-07	10802
309908	3.771592e-07	3.778020e-07	1.683815e-07	10802
318164	3.771733e-07	3.778120e-07	1.683273e-07	10802
326420	3.771874e-07	3.778221e-07	1.682732e-07	10802
334676	3.772014e-07	3.778321e-07	1.682191e-07	10802
342932	3.772155e-07	3.778422e-07	1.681650e-07	10802
351188	3.772296e-07	3.778522e-07	1.681109e-07	10802
359444	3.772436e-07	3.778623e-07	1.680567e-07	10802
367700	3.772576e-07	3.778724e-07	1.680026e-07	10802
375956	3.772716e-07	3.778824e-07	1.679485e-07	10802
384212	3.772857e-07	3.778925e-07	1.678944e-07	10802
392468	3.772997e-07	3.779026e-07	1.678402e-07	10802
400724	3.773137e-07	3.779126e-07	1.677861e-07	10802
408980	3.773277e-07	3.779227e-07	1.677319e-07	10802
417236	3.773416e-07	3.779327e-07	1.676778e-07	10802
425492	3.773556e-07	3.779428e-07	1.676237e-07	10802
433748	3.773696e-07	3.779528e-07	1.675695e-07	10802
442004	3.773836e-07	3.779629e-07	1.675154e-07	10802
450260	3.773975e-07	3.779730e-07	1.674612e-07	10802
458516	3.774115e-07	3.779830e-07	1.674071e-07	10802
466772	3.774254e-07	3.779931e-07	1.673529e-07	10802
475028	3.774393e-07	3.780032e-07	1.672988e-07	10802
483284	3.774533e-07	3.780132e-07	1.672446e-07	10802
491540	3.774672e-07	3.780233e-07	1.671905e-07	10802
499796	3.774811e-07	3.780333e-07	1.671363e-07	10802
508052	3.774950e-07	3.780434e-07	1.670821e-07	10802
516308	3.775089e-07	3.780535e-07	1.670280e-07	10802
524564	3.775227e-07	3.780635e-07	1.669738e-07	10802
532820	3.775366e-07	3.780736e-07	1.669196e-07	10802
541076	3.775505e-07	3.780837e-07	1.668655e-07	10802
549332	3.775643e-07	3.780937e-07	1.668113e-07	10802
557588	3.775782e-07	3.781038e-07	1.667571e-07	10802
565844	3.775920e-07	3.781139e-07	1.667029e-07	10802
574100	3.776059e-07	3.781240e-07	1.666488e-07	10802
582356	3.776197e-07	3.781340e-07	1.665946e-07	10802
590612	3.776335e-07	3.781441e-07	1.665404e-07	10802
598868	3.776473e-07	3.781541e-07	1.664862e-07	10802
607124	3.776611e-07	3.781642e-07	1.664320e-07	10802
615380	3.776749e-07	3.781743e-07	1.663779e-07	10802
623636	3.776887e-07	3.781844e-07	1.663237e-07	10802
2707	1.776937e-07	3.781881e-07	2.378139e-07	6184
10963	1.777177e-07	3.781929e-07	2.377884e-07	6184
631892	3.777025e-07	3.781944e-07	1.662695e-07	10802
19219	1.777417e-07	3.781976e-07	2.377629e-07	6184
27475	1.777657e-07	3.782024e-07	2.377374e-07	6184
640148	3.777162e-07	3.782045e-07	1.662153e-07	10802
35731	1.777897e-07	3.782071e-07	2.377119e-07	6184
43987	1.778138e-07	3.782119e-07	2.376863e-07	6184
648404	3.777300e-07	3.782146e-07	1.661611e-07	10802
52243	1.778378e-07	3.782166e-07	2.376608e-07	6184
60499	1.778618e-07	3.782214e-07	2.376353e-07	6184
656660	3.777437e-07	3.782246e-07	1.661069e-07	10802
68755	1.778858e-07	3.782261e-07	2.376097e-07	6184
77011	1.779098e-07	3.782309e-07	2.375842e-07	6184
664916	3.777575e-07	3.782347e-07	1.660527e-07	10802
85267	1.779338e-07	3.782357e-07	2.375586e-07	6184
93523	1.779578e-07	3.782404e-07	2.375331e-07	6184
673172	3.777712e-07	3.782448e-07	1.659985e-07	10802
101779	1.779818e-07	3.782452e-07	2.375075e-07	6184
110035	1.780057e-07	3.782499e-07	2.374820e-07	6184
118291	1.780297e-07	3.782547e-07	2.374564e-07	6184
681428	3.777849e-07	3.782549e-07	1.659443e-07	10802
126547	1.780537e-07	3.782594e-07	2.374309e-07	6184
134803	1.780777e-07	3.782642e-07	2.374053e-07	6184
689684	3.777987e-07	3.782649e-07	1.658901e-07	10802
143059	1.781016e-07	3.782690e-07	2.373797e-07	6184
151315	1.781256e-07	3.782737e-07	2.373541e-07	6184
697940	3.778124e-07	3.782750e-07	1.658359e-07	10802
159571	1.781496e-07	3.782785e-07	2.373286e-07	6184
167827	1.781735e-07	3.782833e-07	2.373030e-07	6184
706196	3.778261e-07	3.782851e-07	1.657817e-07	10802
176083	1.781975e-07	3.782880e-07	2.372774e-07	6184
184339	1.782214e-07	3.782928e-07	2.372518e-07	6184
714452	3.778398e-07	3.782951e-07	1.657275e-07	10802
192595	1.782454e-07	3.782976e-07	2.372262e-07	6184
200851	1.782693e-07	3.783023e-07	2.372006e-07	6184
722708	3.778535e-07	3.783052e-07	1.656732e-07	10802
209107	1.782933e-07	3.783071e-07	2.371750e-07	6184
217363	1.783172e-07	3.783119e-07	2.371494e-07	6184
730964	3.778672e-07	3.783153e-07	1.656190e-07	10802
225619	1.783411e-07	3.783166e-07	2.371238e-07	6184
233875	1.783651e-07	3.783214e-07	2.370982e-07	6184
739220	3.778808e-07	3.783254e-07	1.655648e-07	10802
242131	1.783890e-07	3.783262e-07	2.370726e-07	6184
250387	1.784129e-07	3.783309e-07	2.370470e-07	6184
747476	3.778945e-07	3.783354e-07	1.655106e-07	10802
258643	1.784368e-07	3.783357e-07	2.370214e-07	6184
266899	1.784607e-07	3.783405e-07	2.369958e-07	6184
275155	1.784846e-07	3.783452e-07	2.369701e-07	6184
755732	3.779082e-07	3.783455e-07	1.654564e-07	10802
283411	1.785085e-07	3.783500e-07	2.369445e-07	6184
291667	1.785324e-07	3.783548e-07	2.369189e-07	6184
763988	3.779218e-07	3.783556e-07	1.654021e-07	10802
299923	1.785563e-07	3.783596e-07	2.368932e-07	6184
308179	1.785802e-07	3.783643e-07	2.368676e-07	6184
772244	3.779354e-07	3.783657e-07	1.653479e-07	10802
316435	1.786041e-07	3.783691e-07	2.368420e-07	6184
324691	1.786280e-07	3.783739e-07	2.368163e-07	6184
780500	3.779491e-07	3.783757e-07	1.652937e-07	10802
332947	1.786519e-07	3.783787e-07	2.367907e-07	6184
341203	1.786758e-07	3.783834e-07	2.367650e-07	6184
788756	3.779627e-07	3.783858e-07	1.652395e-07	10802
349459	1.786996e-07	3.783882e-07	2.367394e-07	6184
357715	1.787235e-07	3.783930e-07	2.367137e-07	6184
797012	3.779763e-07	3.783959e-07	1.651852e-07	10802
365971	1.787474e-07	3.783978e-07	2.366880e-07	6184
374227	1.787712e-07	3.784026e-07	2.366624e-07	6184
805268	3.779899e-07	3.784060e-07	1.651310e-07	10802
382483	1.787951e-07	3.784073e-07	2.366367e-07	6184
390739	1.788190e-07	3.784121e-07	2.366110e-07	6184
813524	3.780035e-07	3.784160e-07	1.650768e-07	10802
398995	1.788428e-07	3.784169e-07	2.365854e-07	6184
407251	1.788667e-07	3.784217e-07	2.365597e-07	6184
821780	3.780171e-07	3.784261e-07	1.650225e-07	10802
415507	1.788905e-07	3.784265e-07	2.365340e-07	6184
423763	1.789143e-07	3.784313e-07	2.365083e-07	6184
432019	1.789382e-07	3.784361e-07	2.364826e-07	6184
830036	3.780307e-07	3.784362e-07	1.649683e-07	10802
440275	1.789620e-07	3.784408e-07	2.364569e-07	6184
448531	1.789858e-07	3.784456e-07	2.364312e-07	6184
838292	3.780443e-07	3.784463e-07	1.649141e-07	10802
456787	1.790097e-07	3.784504e-07	2.364055e-07	6184
465043	1.790335e-07	3.784552e-07	2.363798e-07	6184
846548	3.780578e-07	3.784564e-07	1.648598e-07	10802
473299	1.790573e-07	3.784600e-07	2.363541e-07	6184
481555	1.790811e-07	3.784648e-07	2.363284e-07	6184
854804	3.780714e-07	3.784665e-07	1.648056e-07	10802
489811	1.791049e-07	3.784696e-07	2.363027e-07	6184
498067	1.791287e-07	3.784743e-07	2.362770e-07	6184
863060	3.780849e-07	3.784765e-07	1.647513e-07	10802
506323	1.791525e-07	3.784791e-07	2.362513e-07	6184
514579	1.791763e-07	3.784839e-07	2.362255e-07	6184
871316	3.780985e-07	3.784866e-07	1.646971e-07	10802
522835	1.792001e-07	3.784887e-07	2.361998e-07	6184
531091	1.792239e-07	3.784935e-07	2.361741e-07	6184
879572	3.781120e-07	3.784967e-07	1.646428e-07	10802
539347	1.792477e-07	3.784983e-07	2.361483e-07	6184
547603	1.792715e-07	3.785031e-07	2.361226e-07	6184
887828	3.781255e-07	3.785068e-07	1.645886e-07	10802
555859	1.792953e-07	3.785079e-07	2.360969e-07	6184
564115	1.793190e-07	3.785127e-07	2.360711e-07	6184
896084	3.781391e-07	3.785169e-07	1.645343e-07	10802
572371	1.793428e-07	3.785175e-07	2.360454e-07	6184
580627	1.793666e-07	3.785223e-07	2.360196e-07	6184
904340	3.781526e-07	3.785269e-07	1.644801e-07	10802
588883	1.793903e-07	3.785271e-07	2.359939e-07	6184
597139	1.794141e-07	3.785319e-07	2.359681e-07	6184
605395	1.794378e-07	3.785367e-07	2.359424e-07	6184
912596	3.781661e-07	3.785370e-07	1.644258e-07	10802
613651	1.794616e-07	3.785415e-07	2.359166e-07	6184
621907	1.794854e-07	3.785462e-07	2.358908e-07	6184
920852	3.781796e-07	3.785471e-07	1.643715e-07	10802
630163	1.795091e-07	3.785511e-07	2.358650e-07	6184
638419	1.795328e-07	3.785559e-07	2.358393e-07	6184
929108	3.781931e-07	3.785572e-07	1.643173e-07	10802
646675	1.795566e-07	3.785607e-07	2.358135e-07	6184
654931	1.795803e-07	3.785655e-07	2.357877e-07	6184
937364	3.782066e-07	3.785673e-07	1.642630e-07	10802
663187	1.796040e-07	3.785703e-07	2.357619e-07	6184
671443	1.796278e-07	3.785751e-07	2.357361e-07	6184
945620	3.782200e-07	3.785774e-07	1.642088e-07	10802
679699	1.796515e-07	3.785799e-07	2.357103e-07	6184
687955	1.796752e-07	3.785847e-07	2.356846e-07	6184
953876	3.782335e-07	3.785874e-07	1.641545e-07	10802
696211	1.796989e-07	3.785895e-07	2.356587e-07	6184
704467	1.797226e-07	3.785943e-07	2.356330e-07	6184
962132	3.782469e-07	3.785975e-07	1.641002e-07	10802
712723	1.797463e-07	3.785991e-07	2.356071e-07	6184
720979	1.797700e-07	3.786039e-07	2.355813e-07	6184
970388	3.782604e-07	3.786076e-07	1.640459e-07	10802
729235	1.797937e-07	3.786087e-07	2.355555e-07	6184
737491	1.798174e-07	3.786135e-07	2.355297e-07	6184
978644	3.782738e-07	3.786177e-07	1.639917e-07	10802
745747	1.798411e-07	3.786183e-07	2.355039e-07	6184
754003	1.798648e-07	3.786231e-07	2.354781e-07	6184
986900	3.782872e-07	3.786278e-07	1.639374e-07	10802
762259	1.798885e-07	3.786279e-07	2.354522e-07	6184
770515	1.799122e-07	3.786327e-07	2.354264e-07	6184
778771	1.799358e-07	3.786376e-07	2.354006e-07	6184
995156	3.783007e-07	3.786379e-07	1.638831e-07	10802
787027	1.799595e-07	3.786424e-07	2.353747e-07	6184
795283	1.799832e-07	3.786472e-07	2.353489e-07	6184
1003412	3.783141e-07	3.786480e-07	1.638288e-07	10802
803539	1.800069e-07	3.786520e-07	2.353231e-07	6184
811795	1.800305e-07	3.786568e-07	2.352972e-07	6184
1011668	3.783275e-07	3.786580e-07	1.637746e-07	10802
820051	1.800542e-07	3.786616e-07	2.352714e-07	6184
828307	1.800778e-07	3.786664e-07	2.352455e-07	6184
1019924	3.783409e-07	3.786681e-07	1.637203e-07	10802
836563	1.801015e-07	3.786712e-07	2.352197e-07	6184
844819	1.801251e-07	3.786761e-07	2.351938e-07	6184
1028180	3.783543e-07	3.786782e-07	1.636660e-07	10802
853075	1.801487e-07	3.786809e-07	2.351679e-07	6184
861331	1.801724e-07	3.786857e-07	2.351421e-07	6184
1036436	3.783677e-07	3.786883e-07	1.636117e-07	10802
869587	1.801960e-07	3.786905e-07	2.351162e-07	6184
877843	1.802197e-07	3.786953e-07	2.350903e-07	6184
1044692	3.783810e-07	3.786984e-07	1.635574e-07	10802
886099	1.802433e-07	3.787002e-07	2.350644e-07	6184
894355	1.802669e-07	3.787050e-07	2.350386e-07	6184
1052948	3.783944e-07	3.787085e-07	1.635031e-07	10802
902611	1.802905e-07	3.787098e-07	2.350127e-07	6184
910867	1.803141e-07	3.787146e-07	2.349868e-07	6184
1061204	3.784078e-07	3.787186e-07	1.634488e-07	10802
919123	1.803377e-07	3.787194e-07	2.349609e-07	6184
927379	1.803614e-07	3.787243e-07	2.349350e-07	6184
1069460	3.784211e-07	3.787287e-07	1.633945e-07	10802
935635	1.803850e-07	3.787291e-07	2.349091e-07	6184
943891	1.804085e-07	3.787339e-07	2.348832e-07	6184
952147	1.804321e-07	3.787387e-07	2.348573e-07	6184
1077716	3.784345e-07	3.787387e-07	1.633402e-07	10802
960403	1.804557e-07	3.787436e-07	2.348314e-07	6184
968659	1.804793e-07	3.787484e-07	2.348055e-07	6184
1085972	3.784478e-07	3.787488e-07	1.632859e-07	10802
976915	1.805029e-07	3.787532e-07	2.347796e-07	6184
985171	1.805265e-07	3.787580e-07	2.347537e-07	6184
1094228	3.784611e-07	3.787589e-07	1.632316e-07	10802
993427	1.805501e-07	3.787628e-07	2.347277e-07	6184
1001683	1.805736e-07	3.787677e-07	2.347018e-07	6184
1102484	3.784744e-07	3.787690e-07	1.631773e-07	10802
1009939	1.805972e-07	3.787725e-07	2.346759e-07	6184
1018195	1.806208e-07	3.787773e-07	2.346500e-07	6184
1110740	3.784878e-07	3.787791e-07	1.631230e-07	10802
1026451	1.806443e-07	3.787822e-07	2.346240e-07	6184
1034707	1.806679e-07	3.787870e-07	2.345981e-07	6184
1118996	3.785011e-07	3.787892e-07	1.630687e-07	10802
1042963	1.806914e-07	3.787918e-07	2.345721e-07	6184
1051219	1.807150e-07	3.787967e-07	2.345462e-07	6184
1127252	3.785143e-07	3.787993e-07	1.630144e-07	10802
1059475	1.807385e-07	3.788015e-07	2.345203e-07	6184
1067731	1.807621e-07	3.788063e-07	2.344943e-07	6184
1135508	3.785276e-07	3.788094e-07	1.629601e-07	10802
1075987	1.807856e-07	3.788112e-07	2.344683e-07	6184
1084243	1.808091e-07	3.788160e-07	2.344424e-07	6184
1143764	3.785409e-07	3.788195e-07	1.629058e-07	10802
1092499	1.808327e-07	3.788208e-07	2.344164e-07	6184
1100755	1.808562e-07	3.788257e-07	2.343905e-07	6184
1152020	3.785542e-07	3.788296e-07	1.628515e-07	10802
1109011	1.808797e-07	3.788305e-07	2.343645e-07	6184
1117267	1.809032e-07	3.788354e-07	2.343385e-07	6184
1125523	1.809267e-07	3.788402e-07	2.343126e-07	6184
1133779	1.809503e-07	3.788450e-07	2.342866e-07	6184
1142035	1.809738e-07	3.788498e-07	2.342606e-07	6184
1150291	1.809973e-07	3.788547e-07	2.342346e-07	6184
3316	2.666834e-07	3.811889e-07	2.092845e-07	7720
11572	2.667032e-07	3.811960e-07	2.092462e-07	7720
19828	2.667231e-07	3.812032e-07	2.092079e-07	7720
28084	2.667429e-07	3.812103e-07	2.091696e-07	7720
36340	2.667628e-07	3.812174e-07	2.091313e-07	7720
44596	2.667826e-07	3.812245e-07	2.090931e-07	7720
52852	2.668024e-07	3.812316e-07	2.090548e-07	7720
61108	2.668222e-07	3.812388e-07	2.090165e-07	7720
69364	2.668421e-07	3.812459e-07	2.089782e-07	7720
77620	2.668619e-07	3.812530e-07	2.089399e-07	7720
85876	2.668817e-07	3.812601e-07	2.089016e-07	7720
94132	2.669015e-07	3.812673e-07	2.088633e-07	7720
102388	2.669213e-07	3.812744e-07	2.088250e-07	7720
110644	2.669411e-07	3.812815e-07	2.087867e-07	7720
118900	2.669609e-07	3.812886e-07	2.087484e-07	7720
127156	2.669806e-07	3.812958e-07	2.087100e-07	7720
135412	2.670004e-07	3.813029e-07	2.086717e-07	7720
143668	2.670202e-07	3.813100e-07	2.086334e-07	7720
151924	2.670400e-07	3.813171e-07	2.085951e-07	7720
160180	2.670597e-07	3.813243e-07	2.085568e-07	7720
168436	2.670795e-07	3.813314e-07	2.085184e-07	7720
176692	2.670992e-07	3.813385e-07	2.084801e-07	7720
184948	2.671189e-07	3.813456e-07	2.084418e-07	7720
193204	2.671387e-07	3.813528e-07	2.084034e-07	7720
201460	2.671584e-07	3.813599e-07	2.083651e-07	7720
209716	2.671781e-07	3.813670e-07	2.083267e-07	7720
217972	2.671978e-07	3.813742e-07	2.082884e-07	7720
226228	2.672175e-07	3.813813e-07	2.082500e-07	7720
234484	2.672373e-07	3.813884e-07	2.082117e-07	7720
242740	2.672570e-07	3.813956e-07	2.081733e-07	7720
250996	2.672766e-07	3.814027e-07	2.081350e-07	7720
259252	2.672963e-07	3.814098e-07	2.080966e-07	7720
267508	2.673160e-07	3.814170e-07	2.080583e-07	7720
275764	2.673357e-07	3.814241e-07	2.080199e-07	7720
284020	2.673553e-07	3.814312e-07	2.079815e-07	7720
292276	2.673750e-07	3.814384e-07	2.079432e-07	7720
300532	2.673947e-07	3.814455e-07	2.079048e-07	7720
308788	2.674143e-07	3.814527e-07	2.078664e-07	7720
317044	2.674340e-07	3.814598e-07	2.078280e-07	7720
325300	2.674536e-07	3.814669e-07	2.077896e-07	7720
333556	2.674733e-07	3.814741e-07	2.077513e-07	7720
341812	2.674929e-07	3.814812e-07	2.077129e-07	7720
350068	2.675125e-07	3.814883e-07	2.076745e-07	7720
358324	2.675321e-07	3.814955e-07	2.076361e-07	7720
366580	2.675517e-07	3.815026e-07	2.075977e-07	7720
374836	2.675714e-07	3.815098e-07	2.075593e-07	7720
383092	2.675910e-07	3.815169e-07	2.075209e-07	7720
391348	2.676105e-07	3.815241e-07	2.074825e-07	7720
399604	2.676302e-07	3.815312e-07	2.074441e-07	7720
407860	2.676497e-07	3.815383e-07	2.074057e-07	7720
416116	2.676693e-07	3.815455e-07	2.073673e-07	7720
424372	2.676889e-07	3.815526e-07	2.073288e-07	7720
432628	2.677085e-07	3.815598e-07	2.072904e-07	7720
440884	2.677280e-07	3.815669e-07	2.072520e-07	7720
449140	2.677476e-07	3.815741e-07	2.072136e-07	7720
457396	2.677671e-07	3.815812e-07	2.071751e-07	7720
465652	2.677867e-07	3.815884e-07	2.071367e-07	7720
473908	2.678062e-07	3.815955e-07	2.070983e-07	7720
482164	2.678257e-07	3.816027e-07	2.070598e-07	7720
490420	2.678453e-07	3.816098e-07	2.070214e-07	7720
498676	2.678648e-07	3.816170e-07	2.069830e-07	7720
506932	2.678843e-07	3.816241e-07	2.069445e-07	7720
515188	2.679038e-07	3.816313e-07	2.069061e-07	7720
523444	2.679233e-07	3.816384e-07	2.068676e-07	7720
531700	2.679428e-07	3.816456e-07	2.068292e-07	7720
539956	2.679623e-07	3.816527e-07	2.067907e-07	7720
548212	2.679818e-07	3.816599e-07	2.067522e-07	7720
556468	2.680013e-07	3.816670e-07	2.067138e-07	7720
564724	2.680208e-07	3.816742e-07	2.066753e-07	7720
572980	2.680402e-07	3.816813e-07	2.066369e-07	7720
581236	2.680597e-07	3.816885e-07	2.065984e-07	7720
589492	2.680792e-07	3.816957e-07	2.065599e-07	7720
597748	2.680986e-07	3.817028e-07	2.065214e-07	7720
606004	2.681181e-07	3.817100e-07	2.064830e-07	7720
614260	2.681375e-07	3.817171e-07	2.064445e-07	7720
622516	2.681570e-07	3.817243e-07	2.064060e-07	7720
630772	2.681764e-07	3.817314e-07	2.063675e-07	7720
639028	2.681958e-07	3.817386e-07	2.063290e-07	7720
647284	2.682152e-07	3.817457e-07	2.062905e-07	7720
655540	2.682346e-07	3.817529e-07	2.062520e-07	7720
663796	2.682540e-07	3.817601e-07	2.062135e-07	7720
672052	2.682735e-07	3.817672e-07	2.061750e-07	7720
680308	2.682928e-07	3.817744e-07	2.061365e-07	7720
688564	2.683122e-07	3.817815e-07	2.060980e-07	7720
696820	2.683316e-07	3.817887e-07	2.060595e-07	7720
705076	2.683510e-07	3.817959e-07	2.060210e-07	7720
713332	2.683704e-07	3.818030e-07	2.059825e-07	7720
721588	2.683897e-07	3.818102e-07	2.059440e-07	7720
729844	2.684091e-07	3.818174e-07	2.059055e-07	7720
738100	2.684285e-07	3.818245e-07	2.058669e-07	7720
746356	2.684478e-07	3.818317e-07	2.058284e-07	7720
754612	2.684671e-07	3.818388e-07	2.057899e-07	7720
762868	2.684865e-07	3.818460e-07	2.057514e-07	7720
771124	2.685058e-07	3.818532e-07	2.057128e-07	7720
779380	2.685252e-07	3.818604e-07	2.056743e-07	7720
787636	2.685445e-07	3.818675e-07	2.056358e-07	7720
795892	2.685638e-07	3.818747e-07	2.055972e-07	7720
804148	2.685831e-07	3.818818e-07	2.055587e-07	7720
812404	2.686024e-07	3.818890e-07	2.055201e-07	7720
820660	2.686217e-07	3.818962e-07	2.054816e-07	7720
828916	2.686410e-07	3.819034e-07	2.054430e-07	7720
837172	2.686603e-07	3.819105e-07	2.054045e-07	7720
845428	2.686796e-07	3.819177e-07	2.053659e-07	7720
853684	2.686988e-07	3.819249e-07	2.053273e-07	7720
861940	2.687181e-07	3.819320e-07	2.052888e-07	7720
870196	2.687374e-07	3.819392e-07	2.052502e-07	7720
878452	2.687567e-07	3.819464e-07	2.052116e-07	7720
886708	2.687759e-07	3.819536e-07	2.051731e-07	7720
894964	2.687952e-07	3.819607e-07	2.051345e-07	7720
903220	2.688144e-07	3.819679e-07	2.050959e-07	7720
911476	2.688336e-07	3.819751e-07	2.050573e-07	7720
919732	2.688529e-07	3.819823e-07	2.050188e-07	7720
927988	2.688721e-07	3.819895e-07	2.049802e-07	7720
936244	2.688913e-07	3.819966e-07	2.049416e-07	7720
944500	2.689105e-07	3.820038e-07	2.049030e-07	7720
952756	2.689297e-07	3.820110e-07	2.048644e-07	7720
961012	2.689489e-07	3.820182e-07	2.048258e-07	7720
969268	2.689681e-07	3.820253e-07	2.047872e-07	7720
977524	2.689873e-07	3.820325e-07	2.047486e-07	7720
985780	2.690065e-07	3.820397e-07	2.047100e-07	7720
994036	2.690257e-07	3.820469e-07	2.046714e-07	7720
1002292	2.690448e-07	3.820541e-07	2.046328e-07	7720
1010548	2.690640e-07	3.820612e-07	2.045942e-07	7720
1018804	2.690832e-07	3.820684e-07	2.045555e-07	7720
1027060	2.691023e-07	3.820756e-07	2.045169e-07	7720
1035316	2.691215e-07	3.820828e-07	2.044783e-07	7720
1043572	2.691406e-07	3.820900e-07	2.044397e-07	7720
1051828	2.691598e-07	3.820971e-07	2.044010e-07	7720
1060084	2.691789e-07	3.821043e-07	2.043624e-07	7720
1068340	2.691980e-07	3.821115e-07	2.043238e-07	7720
1076596	2.692172e-07	3.821187e-07	2.042851e-07	7720
1084852	2.692363e-07	3.821259e-07	2.042465e-07	7720
1093108	2.692554e-07	3.821331e-07	2.042079e-07	7720
1101364	2.692745e-07	3.821403e-07	2.041692e-07	7720
1109620	2.692936e-07	3.821474e-07	2.041306e-07	7720
1117876	2.693127e-07	3.821546e-07	2.040919e-07	7720
1126132	2.693318e-07	3.821618e-07	2.040533e-07	7720
1134388	2.693509e-07	3.821690e-07	2.040146e-07	7720
1142644	2.693699e-07	3.821762e-07	2.039760e-07	7720
1150900	2.693890e-07	3.821834e-07	2.039373e-07	7720
6875	2.075569e-07	3.918452e-07	2.366652e-07	19582
15131	2.075804e-07	3.918507e-07	2.366354e-07	19582
23387	2.076039e-07	3.918563e-07	2.366056e-07	19582
31643	2.076274e-07	3.918618e-07	2.365758e-07	19582
39899	2.076508e-07	3.918674e-07	2.365460e-07	19582
48155	2.076743e-07	3.918729e-07	2.365162e-07	19582
56411	2.076978e-07	3.918785e-07	2.364864e-07	19582
64667	2.077213e-07	3.918840e-07	2.364566e-07	19582
72923	2.077447e-07	3.918896e-07	2.364268e-07	19582
81179	2.077682e-07	3.918951e-07	2.363969e-07	19582
89435	2.077917e-07	3.919007e-07	2.363671e-07	19582
97691	2.078151e-07	3.919062e-07	2.363373e-07	19582
105947	2.078386e-07	3.919118e-07	2.363074e-07	19582
114203	2.078620e-07	3.919174e-07	2.362776e-07	19582
122459	2.078855e-07	3.919229e-07	2.362478e-07	19582
130715	2.079089e-07	3.919285e-07	2.362179e-07	19582
138971	2.079324e-07	3.919340e-07	2.361881e-07	19582
147227	2.079558e-07	3.919396e-07	2.361582e-07	19582
155483	2.079792e-07	3.919451e-07	2.361284e-07	19582
163739	2.080026e-07	3.919507e-07	2.360985e-07	19582
171995	2.080261e-07	3.919563e-07	2.360686e-07	19582
180251	2.080495e-07	3.919618e-07	2.360388e-07	19582
188507	2.080729e-07	3.919674e-07	2.360089e-07	19582
196763	2.080963e-07	3.919729e-07	2.359790e-07	19582
205019	2.081197e-07	3.919785e-07	2.359492e-07	19582
213275	2.081431e-07	3.919841e-07	2.359193e-07	19582
221531	2.081665e-07	3.919896e-07	2.358894e-07	19582
229787	2.081898e-07	3.919952e-07	2.358595e-07	19582
238043	2.082132e-07	3.920007e-07	2.358296e-07	19582
246299	2.082366e-07	3.920063e-07	2.357997e-07	19582
254555	2.082600e-07	3.920119e-07	2.357698e-07	19582
262811	2.082833e-07	3.920174e-07	2.357399e-07	19582
271067	2.083067e-07	3.920230e-07	2.357100e-07	19582
279323	2.083301e-07	3.920286e-07	2.356801e-07	19582
287579	2.083534e-07	3.920341e-07	2.356502e-07	19582
295835	2.083768e-07	3.920397e-07	2.356203e-07	19582
304091	2.084001e-07	3.920453e-07	2.355904e-07	19582
312347	2.084235e-07	3.920509e-07	2.355605e-07	19582
320603	2.084468e-07	3.920564e-07	2.355305e-07	19582
328859	2.084701e-07	3.920620e-07	2.355006e-07	19582
337115	2.084935e-07	3.920676e-07	2.354707e-07	19582
345371	2.085168e-07	3.920731e-07	2.354408e-07	19582
353627	2.085401e-07	3.920787e-07	2.354108e-07	19582
361883	2.085634e-07	3.920843e-07	2.353809e-07	19582
370139	2.085867e-07	3.920898e-07	2.353510e-07	19582
378395	2.086100e-07	3.920954e-07	2.353210e-07	19582
386651	2.086333e-07	3.921010e-07	2.352911e-07	19582
394907	2.086566e-07	3.921066e-07	2.352611e-07	19582
403163	2.086799e-07	3.921122e-07	2.352312e-07	19582
411419	2.087032e-07	3.921177e-07	2.352012e-07	19582
419675	2.087265e-07	3.921233e-07	2.351712e-07	19582
427931	2.087498e-07	3.921289e-07	2.351413e-07	19582
436187	2.087731e-07	3.921345e-07	2.351113e-07	19582
444443	2.087963e-07	3.921400e-07	2.350813e-07	19582
452699	2.088196e-07	3.921456e-07	2.350513e-07	19582
460955	2.088428e-07	3.921512e-07	2.350214e-07	19582
469211	2.088661e-07	3.921568e-07	2.349914e-07	19582
477467	2.088894e-07	3.921623e-07	2.349614e-07	19582
485723	2.089126e-07	3.921679e-07	2.349314e-07	19582
493979	2.089359e-07	3.921735e-07	2.349014e-07	19582
502235	2.089591e-07	3.921791e-07	2.348714e-07	19582
510491	2.089823e-07	3.921847e-07	2.348414e-07	19582
518747	2.090056e-07	3.921903e-07	2.348114e-07	19582
527003	2.090288e-07	3.921959e-07	2.347814e-07	19582
535259	2.090520e-07	3.922015e-07	2.347514e-07	19582
543515	2.090752e-07	3.922070e-07	2.347214e-07	19582
551771	2.090984e-07	3.922126e-07	2.346914e-07	19582
560027	2.091217e-07	3.922182e-07	2.346614e-07	19582
568283	2.091449e-07	3.922238e-07	2.346313e-07	19582
576539	2.091680e-07	3.922294e-07	2.346013e-07	19582
584795	2.091912e-07	3.922350e-07	2.345713e-07	19582
593051	2.092144e-07	3.922406e-07	2.345412e-07	19582
601307	2.092376e-07	3.922462e-07	2.345112e-07	19582
609563	2.092608e-07	3.922517e-07	2.344812e-07	19582
617819	2.092840e-07	3.922573e-07	2.344511e-07	19582
626075	2.093072e-07	3.922629e-07	2.344211e-07	19582
634331	2.093303e-07	3.922685e-07	2.343910e-07	19582
642587	2.093535e-07	3.922741e-07	2.343610e-07	19582
650843	2.093767e-07	3.922797e-07	2.343309e-07	19582
659099	2.093998e-07	3.922853e-07	2.343009e-07	19582
667355	2.094230e-07	3.922909e-07	2.342708e-07	19582
675611	2.094461e-07	3.922965e-07	2.342407e-07	19582
683867	2.094692e-07	3.923021e-07	2.342107e-07	19582
692123	2.094924e-07	3.923077e-07	2.341806e-07	19582
700379	2.095155e-07	3.923133e-07	2.341505e-07	19582
708635	2.095386e-07	3.923189e-07	2.341204e-07	19582
716891	2.095618e-07	3.923245e-07	2.340904e-07	19582
725147	2.095849e-07	3.923301e-07	2.340603e-07	19582
733403	2.096080e-07	3.923357e-07	2.340302e-07	19582
2811	1.253309e-07	3.923394e-07	2.673420e-07	6440
741659	2.096311e-07	3.923413e-07	2.340001e-07	19582
11067	1.253588e-07	3.923428e-07	2.673240e-07	6440
19323	1.253867e-07	3.923462e-07	2.673059e-07	6440
749915	2.096542e-07	3.923469e-07	2.339700e-07	19582
27579	1.254145e-07	3.923495e-07	2.672879e-07	6440
758171	2.096773e-07	3.923525e-07	2.339399e-07	19582
35835	1.254424e-07	3.923529e-07	2.672699e-07	6440
44091	1.254703e-07	3.923562e-07	2.672519e-07	6440
766427	2.097004e-07	3.923581e-07	2.339098e-07	19582
52347	1.254982e-07	3.923596e-07	2.672339e-07	6440
60603	1.255260e-07	3.923630e-07	2.672158e-07	6440
774683	2.097235e-07	3.923637e-07	2.338797e-07	19582
68859	1.255539e-07	3.923663e-07	2.671978e-07	6440
782939	2.097466e-07	3.923693e-07	2.338496e-07	19582
77115	1.255818e-07	3.923697e-07	2.671798e-07	6440
85371	1.256096e-07	3.923731e-07	2.671617e-07	6440
791195	2.097697e-07	3.923749e-07	2.338195e-07	19582
93627	1.256375e-07	3.923764e-07	2.671437e-07	6440
101883	1.256654e-07	3.923798e-07	2.671256e-07	6440
799451	2.097927e-07	3.923805e-07	2.337894e-07	19582
110139	1.256932e-07	3.923832e-07	2.671076e-07	6440
807707	2.098158e-07	3.923861e-07	2.337593e-07	19582
118395	1.257211e-07	3.923865e-07	2.670895e-07	6440
126651	1.257489e-07	3.923899e-07	2.670714e-07	6440
815963	2.098389e-07	3.923917e-07	2.337291e-07	19582
134907	1.257768e-07	3.923933e-07	2.670534e-07	6440
143163	1.258046e-07	3.923967e-07	2.670353e-07	6440
824219	2.098620e-07	3.923973e-07	2.336990e-07	19582
151419	1.258325e-07	3.924000e-07	2.670172e-07	6440
832475	2.098850e-07	3.924029e-07	2.336689e-07	19582
159675	1.258603e-07	3.924034e-07	2.669991e-07	6440
167931	1.258881e-07	3.924068e-07	2.669811e-07	6440
840731	2.099081e-07	3.924086e-07	2.336387e-07	19582
176187	1.259160e-07	3.924102e-07	2.669630e-07	6440
184443	1.259438e-07	3.924135e-07	2.669449e-07	6440
848987	2.099311e-07	3.924142e-07	2.336086e-07	19582
192699	1.259716e-07	3.924169e-07	2.669268e-07	6440
857243	2.099542e-07	3.924198e-07	2.335785e-07	19582
200955	1.259994e-07	3.924203e-07	2.669087e-07	6440
209211	1.260273e-07	3.924237e-07	2.668906e-07	6440
865499	2.099772e-07	3.924254e-07	2.335483e-07	19582
217467	1.260551e-07	3.924270e-07	2.668725e-07	6440
225723	1.260829e-07	3.924304e-07	2.668544e-07	6440
873755	2.100003e-07	3.924310e-07	2.335182e-07	19582
233979	1.261107e-07	3.924338e-07	2.668363e-07	6440
882011	2.100233e-07	3.924366e-07	2.334880e-07	19582
242235	1.261385e-07	3.924372e-07	2.668181e-07	6440
250491	1.261664e-07	3.924406e-07	2.668000e-07	6440
890267	2.100463e-07	3.924422e-07	2.334579e-07	19582
258747	1.261942e-07	3.924440e-07	2.667819e-07	6440
267003	1.262220e-07	3.924473e-07	2.667637e-07	6440
898523	2.100693e-07	3.924478e-07	2.334277e-07	19582
275259	1.262498e-07	3.924507e-07	2.667456e-07	6440
906779	2.100924e-07	3.924534e-07	2.333976e-07	19582
283515	1.262776e-07	3.924541e-07	2.667275e-07	6440
291771	1.263054e-07	3.924575e-07	2.667093e-07	6440
915035	2.101154e-07	3.924591e-07	2.333674e-07	19582
300027	1.263332e-07	3.924609e-07	2.666912e-07	6440
308283	1.263609e-07	3.924643e-07	2.666730e-07	6440
923291	2.101384e-07	3.924647e-07	2.333372e-07	19582
316539	1.263887e-07	3.924677e-07	2.666549e-07	6440
931547	2.101614e-07	3.924703e-07	2.333071e-07	19582
324795	1.264165e-07	3.924710e-07	2.666367e-07	6440
333051	1.264443e-07	3.924744e-07	2.666185e-07	6440
939803	2.101844e-07	3.924759e-07	2.332769e-07	19582
341307	1.264721e-07	3.924778e-07	2.666004e-07	6440
349563	1.264999e-07	3.924812e-07	2.665822e-07	6440
948059	2.102074e-07	3.924815e-07	2.332467e-07	19582
357819	1.265276e-07	3.924846e-07	2.665640e-07	6440
956315	2.102304e-07	3.924872e-07	2.332166e-07	19582
366075	1.265554e-07	3.924880e-07	2.665459e-07	6440
374331	1.265832e-07	3.924914e-07	2.665277e-07	6440
964571	2.102534e-07	3.924928e-07	2.331864e-07	19582
382587	1.266109e-07	3.924948e-07	2.665095e-07	6440
390843	1.266387e-07	3.924982e-07	2.664913e-07	6440
972827	2.102764e-07	3.924984e-07	2.331562e-07	19582
399099	1.266665e-07	3.925016e-07	2.664731e-07	6440
981083	2.102994e-07	3.925040e-07	2.331260e-07	19582
407355	1.266942e-07	3.925050e-07	2.664549e-07	6440
415611	1.267220e-07	3.925084e-07	2.664367e-07	6440
989339	2.103223e-07	3.925096e-07	2.330958e-07	19582
423867	1.267497e-07	3.925118e-07	2.664185e-07	6440
432123	1.267775e-07	3.925151e-07	2.664003e-07	6440
997595	2.103453e-07	3.925152e-07	2.330656e-07	19582
440379	1.268052e-07	3.925186e-07	2.663821e-07	6440
1005851	2.103683e-07	3.925209e-07	2.330354e-07	19582
448635	1.268330e-07	3.925219e-07	2.663639e-07	6440
456891	1.268607e-07	3.925254e-07	2.663456e-07	6440
1014107	2.103912e-07	3.925265e-07	2.330052e-07	19582
465147	1.268885e-07	3.925288e-07	2.663274e-07	6440
1022363	2.104142e-07	3.925321e-07	2.329750e-07	19582
473403	1.269162e-07	3.925321e-07	2.663092e-07	6440
481659	1.269439e-07	3.925356e-07	2.662909e-07	6440
1030619	2.104372e-07	3.925377e-07	2.329448e-07	19582
489915	1.269717e-07	3.925390e-07	2.662727e-07	6440
498171	1.269994e-07	3.925424e-07	2.662545e-07	6440
1038875	2.104601e-07	3.925433e-07	2.329146e-07	19582
506427	1.270271e-07	3.925458e-07	2.662362e-07	6440
1047131	2.104830e-07	3.925490e-07	2.328844e-07	19582
514683	1.270548e-07	3.925492e-07	2.662179e-07	6440
522939	1.270826e-07	3.925526e-07	2.661997e-07	6440
1055387	2.105060e-07	3.925546e-07	2.328542e-07	19582
531195	1.271103e-07	3.925560e-07	2.661814e-07	6440
539451	1.271380e-07	3.925594e-07	2.661632e-07	6440
1063643	2.105289e-07	3.925602e-07	2.328239e-07	19582
547707	1.271657e-07	3.925628e-07	2.661449e-07	6440
1071899	2.105518e-07	3.925659e-07	2.327937e-07	19582
555963	1.271934e-07	3.925662e-07	2.661266e-07	6440
564219	1.272211e-07	3.925696e-07	2.661084e-07	6440
1080155	2.105748e-07	3.925715e-07	2.327635e-07	19582
572475	1.272488e-07	3.925730e-07	2.660901e-07	6440
580731	1.272765e-07	3.925765e-07	2.660718e-07	6440
1088411	2.105977e-07	3.925771e-07	2.327333e-07	19582
588987	1.273042e-07	3.925799e-07	2.660535e-07	6440
1096667	2.106206e-07	3.925827e-07	2.327030e-07	19582
597243	1.273319e-07	3.925833e-07	2.660352e-07	6440
605499	1.273596e-07	3.925867e-07	2.660169e-07	6440
1104923	2.106435e-07	3.925884e-07	2.326728e-07	19582
613755	1.273873e-07	3.925901e-07	2.659986e-07	6440
622011	1.274150e-07	3.925935e-07	2.659803e-07	6440
1113179	2.106664e-07	3.925940e-07	2.326425e-07	19582
630267	1.274427e-07	3.925969e-07	2.659620e-07	6440
1121435	2.106894e-07	3.925996e-07	2.326123e-07	19582
638523	1.274704e-07	3.926004e-07	2.659437e-07	6440
646779	1.274981e-07	3.926038e-07	2.659254e-07	6440
1129691	2.107122e-07	3.926052e-07	2.325821e-07	19582
655035	1.275257e-07	3.926072e-07	2.659071e-07	6440
663291	1.275534e-07	3.926106e-07	2.658888e-07	6440
1137947	2.107351e-07	3.926109e-07	2.325518e-07	19582
671547	1.275811e-07	3.926140e-07	2.658704e-07	6440
1146203	2.107580e-07	3.926165e-07	2.325216e-07	19582
679803	1.276088e-07	3.926174e-07	2.658521e-07	6440
688059	1.276364e-07	3.926209e-07	2.658338e-07	6440
1154459	2.107809e-07	3.926221e-07	2.324913e-07	19582
696315	1.276641e-07	3.926243e-07	2.658154e-07	6440
704571	1.276917e-07	3.926277e-07	2.657971e-07	6440
712827	1.277194e-07	3.926311e-07	2.657787e-07	6440
721083	1.277471e-07	3.926345e-07	2.657604e-07	6440
729339	1.277747e-07	3.926380e-07	2.657420e-07	6440
737595	1.278024e-07	3.926414e-07	2.657237e-07	6440
745851	1.278300e-07	3.926448e-07	2.657053e-07	6440
754107	1.278577e-07	3.926482e-07	2.656869e-07	6440
762363	1.278853e-07	3.926517e-07	2.656686e-07	6440
770619	1.279129e-07	3.926551e-07	2.656502e-07	6440
778875	1.279406e-07	3.926585e-07	2.656318e-07	6440
787131	1.279682e-07	3.926620e-07	2.656134e-07	6440
795387	1.279958e-07	3.926654e-07	2.655950e-07	6440
803643	1.280235e-07	3.926688e-07	2.655767e-07	6440
811899	1.280511e-07	3.926723e-07	2.655583e-07	6440
820155	1.280787e-07	3.926757e-07	2.655399e-07	6440
828411	1.281063e-07	3.926791e-07	2.655215e-07	6440
836667	1.281340e-07	3.926826e-07	2.655031e-07	6440
844923	1.281616e-07	3.926860e-07	2.654847e-07	6440
853179	1.281892e-07	3.926894e-07	2.654662e-07	6440
861435	1.282168e-07	3.926929e-07	2.654478e-07	6440
869691	1.282444e-07	3.926963e-07	2.654294e-07	6440
877947	1.282720e-07	3.926997e-07	2.654110e-07	6440
886203	1.282996e-07	3.927032e-07	2.653925e-07	6440
894459	1.283272e-07	3.927066e-07	2.653741e-07	6440
902715	1.283548e-07	3.927101e-07	2.653557e-07	6440
910971	1.283824e-07	3.927135e-07	2.653372e-07	6440
919227	1.284100e-07	3.927169e-07	2.653188e-07	6440
927483	1.284376e-07	3.927204e-07	2.653003e-07	6440
935739	1.284652e-07	3.927238e-07	2.652819e-07	6440
943995	1.284927e-07	3.927273e-07	2.652634e-07	6440
952251	1.285203e-07	3.927307e-07	2.652450e-07	6440
960507	1.285479e-07	3.927342e-07	2.652265e-07	6440
968763	1.285755e-07	3.927376e-07	2.652080e-07	6440
977019	1.286030e-07	3.927411e-07	2.651896e-07	6440
985275	1.286306e-07	3.927445e-07	2.651711e-07	6440
993531	1.286582e-07	3.927479e-07	2.651526e-07	6440
1001787	1.286857e-07	3.927514e-07	2.651341e-07	6440
1010043	1.287133e-07	3.927549e-07	2.651156e-07	6440
1018299	1.287409e-07	3.927583e-07	2.650972e-07	6440
1026555	1.287684e-07	3.927618e-07	2.650787e-07	6440
1034811	1.287960e-07	3.927652e-07	2.650602e-07	6440
1043067	1.288235e-07	3.927687e-07	2.650416e-07	6440
1051323	1.288511e-07	3.927721e-07	2.650231e-07	6440
1059579	1.288786e-07	3.927756e-07	2.650046e-07	6440
1067835	1.289061e-07	3.927790e-07	2.649861e-07	6440
1076091	1.289337e-07	3.927825e-07	2.649676e-07	6440
1084347	1.289612e-07	3.927859e-07	2.649491e-07	6440
1092603	1.289887e-07	3.927894e-07	2.649305e-07	6440
1100859	1.290163e-07	3.927929e-07	2.649120e-07	6440
1109115	1.290438e-07	3.927963e-07	2.648935e-07	6440
1117371	1.290713e-07	3.927998e-07	2.648749e-07	6440
1125627	1.290989e-07	3.928032e-07	2.648564e-07	6440
1133883	1.291264e-07	3.928067e-07	2.648378e-07	6440
1142139	1.291539e-07	3.928101e-07	2.648193e-07	6440
1150395	1.291814e-07	3.928136e-07	2.648007e-07	6440
3605	1.022672e-07	3.935155e-07	2.779608e-07	8486
11861	1.022966e-07	3.935183e-07	2.779461e-07	8486
20117	1.023259e-07	3.935210e-07	2.779314e-07	8486
28373	1.023553e-07	3.935238e-07	2.779167e-07	8486
36629	1.023847e-07	3.935265e-07	2.779020e-07	8486
44885	1.024141e-07	3.935293e-07	2.778873e-07	8486
53141	1.024434e-07	3.935320e-07	2.778725e-07	8486
61397	1.024728e-07	3.935348e-07	2.778578e-07	8486
69653	1.025022e-07	3.935375e-07	2.778431e-07	8486
77909	1.025315e-07	3.935403e-07	2.778283e-07	8486
86165	1.025609e-07	3.935430e-07	2.778136e-07	8486
94421	1.025902e-07	3.935458e-07	2.777989e-07	8486
102677	1.026196e-07	3.935486e-07	2.777841e-07	8486
110933	1.026489e-07	3.935513e-07	2.777694e-07	8486
119189	1.026783e-07	3.935541e-07	2.777546e-07	8486
127445	1.027076e-07	3.935568e-07	2.777398e-07	8486
135701	1.027370e-07	3.935596e-07	2.777251e-07	8486
143957	1.027663e-07	3.935623e-07	2.777103e-07	8486
152213	1.027957e-07	3.935651e-07	2.776956e-07	8486
160469	1.028250e-07	3.935679e-07	2.776808e-07	8486
168725	1.028544e-07	3.935706e-07	2.776660e-07	8486
176981	1.028837e-07	3.935734e-07	2.776512e-07	8486
185237	1.029130e-07	3.935762e-07	2.776364e-07	8486
193493	1.029424e-07	3.935789e-07	2.776216e-07	8486
201749	1.029717e-07	3.935817e-07	2.776068e-07	8486
210005	1.030010e-07	3.935845e-07	2.775920e-07	8486
218261	1.030303e-07	3.935872e-07	2.775772e-07	8486
226517	1.030597e-07	3.935900e-07	2.775624e-07	8486
234773	1.030890e-07	3.935928e-07	2.775476e-07	8486
243029	1.031183e-07	3.935955e-07	2.775328e-07	8486
251285	1.031476e-07	3.935983e-07	2.775180e-07	8486
259541	1.031769e-07	3.936011e-07	2.775031e-07	8486
267797	1.032062e-07	3.936038e-07	2.774883e-07	8486
276053	1.032355e-07	3.936066e-07	2.774735e-07	8486
284309	1.032649e-07	3.936094e-07	2.774586e-07	8486
292565	1.032942e-07	3.936122e-07	2.774438e-07	8486
300821	1.033235e-07	3.936149e-07	2.774289e-07	8486
309077	1.033528e-07	3.936177e-07	2.774141e-07	8486
317333	1.033821e-07	3.936205e-07	2.773992e-07	8486
325589	1.034114e-07	3.936233e-07	2.773844e-07	8486
333845	1.034406e-07	3.936260e-07	2.773695e-07	8486
342101	1.034699e-07	3.936288e-07	2.773546e-07	8486
350357	1.034992e-07	3.936316e-07	2.773398e-07	8486
358613	1.035285e-07	3.936344e-07	2.773249e-07	8486
366869	1.035578e-07	3.936372e-07	2.773100e-07	8486
375125	1.035871e-07	3.936399e-07	2.772951e-07	8486
383381	1.036164e-07	3.936427e-07	2.772802e-07	8486
391637	1.036456e-07	3.936455e-07	2.772653e-07	8486
399893	1.036749e-07	3.936483e-07	2.772504e-07	8486
408149	1.037042e-07	3.936511e-07	2.772355e-07	8486
416405	1.037335e-07	3.936539e-07	2.772206e-07	8486
424661	1.037627e-07	3.936566e-07	2.772057e-07	8486
432917	1.037920e-07	3.936594e-07	2.771908e-07	8486
441173	1.038213e-07	3.936622e-07	2.771759e-07	8486
449429	1.038505e-07	3.936650e-07	2.771610e-07	8486
457685	1.038798e-07	3.936678e-07	2.771460e-07	8486
465941	1.039090e-07	3.936706e-07	2.771311e-07	8486
474197	1.039383e-07	3.936734e-07	2.771162e-07	8486
482453	1.039676e-07	3.936762e-07	2.771012e-07	8486
490709	1.039968e-07	3.936790e-07	2.770863e-07	8486
498965	1.040261e-07	3.936818e-07	2.770713e-07	8486
507221	1.040553e-07	3.936846e-07	2.770564e-07	8486
515477	1.040845e-07	3.936873e-07	2.770414e-07	8486
523733	1.041138e-07	3.936902e-07	2.770265e-07	8486
531989	1.041430e-07	3.936929e-07	2.770115e-07	8486
540245	1.041723e-07	3.936957e-07	2.769965e-07	8486
548501	1.042015e-07	3.936985e-07	2.769816e-07	8486
556757	1.042307e-07	3.937013e-07	2.769666e-07	8486
565013	1.042600e-07	3.937041e-07	2.769516e-07	8486
573269	1.042892e-07	3.937069e-07	2.769366e-07	8486
581525	1.043184e-07	3.937097e-07	2.769216e-07	8486
589781	1.043477e-07	3.937126e-07	2.769066e-07	8486
598037	1.043769e-07	3.937153e-07	2.768916e-07	8486
606293	1.044061e-07	3.937182e-07	2.768766e-07	8486
614549	1.044353e-07	3.937209e-07	2.768616e-07	8486
622805	1.044645e-07	3.937238e-07	2.768466e-07	8486
631061	1.044938e-07	3.937266e-07	2.768316e-07	8486
639317	1.045230e-07	3.937294e-07	2.768166e-07	8486
647573	1.045522e-07	3.937322e-07	2.768015e-07	8486
655829	1.045814e-07	3.937350e-07	2.767865e-07	8486
664085	1.046106e-07	3.937378e-07	2.767715e-07	8486
672341	1.046398e-07	3.937406e-07	2.767564e-07	8486
680597	1.046690e-07	3.937434e-07	2.767414e-07	8486
688853	1.046982e-07	3.937462e-07	2.767264e-07	8486
697109	1.047274e-07	3.937490e-07	2.767113e-07	8486
705365	1.047566e-07	3.937519e-07	2.766962e-07	8486
713621	1.047858e-07	3.937547e-07	2.766812e-07	8486
721877	1.048150e-07	3.937575e-07	2.766661e-07	8486
730133	1.048441e-07	3.937603e-07	2.766511e-07	8486
738389	1.048733e-07	3.937631e-07	2.766360e-07	8486
746645	1.049025e-07	3.937659e-07	2.766209e-07	8486
754901	1.049317e-07	3.937687e-07	2.766058e-07	8486
763157	1.049609e-07	3.937716e-07	2.765908e-07	8486
771413	1.049900e-07	3.937744e-07	2.765757e-07	8486
779669	1.050192e-07	3.937772e-07	2.765606e-07	8486
787925	1.050484e-07	3.937800e-07	2.765455e-07	8486
796181	1.050776e-07	3.937828e-07	2.765304e-07	8486
804437	1.051067e-07	3.937857e-07	2.765153e-07	8486
812693	1.051359e-07	3.937885e-07	2.765002e-07	8486
820949	1.051651e-07	3.937913e-07	2.764851e-07	8486
829205	1.051942e-07	3.937941e-07	2.764699e-07	8486
837461	1.052234e-07	3.937970e-07	2.764548e-07	8486
845717	1.052525e-07	3.937998e-07	2.764397e-07	8486
853973	1.052817e-07	3.938026e-07	2.764246e-07	8486
862229	1.053108e-07	3.938054e-07	2.764094e-07	8486
870485	1.053400e-07	3.938083e-07	2.763943e-07	8486
878741	1.053691e-07	3.938111e-07	2.763792e-07	8486
886997	1.053983e-07	3.938139e-07	2.763640e-07	8486
895253	1.054274e-07	3.938167e-07	2.763489e-07	8486
903509	1.054566e-07	3.938196e-07	2.763337e-07	8486
911765	1.054857e-07	3.938224e-07	2.763185e-07	8486
920021	1.055148e-07	3.938252e-07	2.763034e-07	8486
928277	1.055440e-07	3.938281e-07	2.762882e-07	8486
936533	1.055731e-07	3.938309e-07	2.762731e-07	8486
944789	1.056022e-07	3.938337e-07	2.762579e-07	8486
953045	1.056314e-07	3.938366e-07	2.762427e-07	8486
961301	1.056605e-07	3.938394e-07	2.762275e-07	8486
969557	1.056896e-07	3.938423e-07	2.762123e-07	8486
977813	1.057187e-07	3.938451e-07	2.761971e-07	8486
986069	1.057478e-07	3.938480e-07	2.761819e-07	8486
994325	1.057769e-07	3.938508e-07	2.761667e-07	8486
1002581	1.058061e-07	3.938536e-07	2.761515e-07	8486
1010837	1.058352e-07	3.938565e-07	2.761363e-07	8486
1019093	1.058643e-07	3.938593e-07	2.761211e-07	8486
1027349	1.058934e-07	3.938622e-07	2.761059e-07	8486
1035605	1.059225e-07	3.938650e-07	2.760907e-07	8486
1043861	1.059516e-07	3.938679e-07	2.760754e-07	8486
1052117	1.059807e-07	3.938707e-07	2.760602e-07	8486
1060373	1.060098e-07	3.938735e-07	2.760450e-07	8486
1068629	1.060389e-07	3.938764e-07	2.760297e-07	8486
1076885	1.060680e-07	3.938792e-07	2.760145e-07	8486
1085141	1.060971e-07	3.938821e-07	2.759993e-07	8486
1093397	1.061262e-07	3.938849e-07	2.759840e-07	8486
1101653	1.061552e-07	3.938878e-07	2.759687e-07	8486
1109909	1.061843e-07	3.938906e-07	2.759535e-07	8486
1118165	1.062134e-07	3.938935e-07	2.759382e-07	8486
1126421	1.062425e-07	3.938963e-07	2.759230e-07	8486
1134677	1.062716e-07	3.938992e-07	2.759077e-07	8486
1142933	1.063006e-07	3.939020e-07	2.758924e-07	8486
1151189	1.063297e-07	3.939049e-07	2.758771e-07	8486
1726	9.730448e-08	3.947121e-07	2.790023e-07	3880
9982	9.733397e-08	3.947147e-07	2.789883e-07	3880
18238	9.736347e-08	3.947173e-07	2.789743e-07	3880
26494	9.739296e-08	3.947199e-07	2.789603e-07	3880
34750	9.742245e-08	3.947225e-07	2.789463e-07	3880
43006	9.745194e-08	3.947252e-07	2.789322e-07	3880
51262	9.748143e-08	3.947278e-07	2.789183e-07	3880
59518	9.751091e-08	3.947304e-07	2.789042e-07	3880
67774	9.754039e-08	3.947330e-07	2.788902e-07	3880
76030	9.756987e-08	3.947357e-07	2.788762e-07	3880
84286	9.759935e-08	3.947383e-07	2.788622e-07	3880
92542	9.762883e-08	3.947409e-07	2.788481e-07	3880
100798	9.765830e-08	3.947435e-07	2.788341e-07	3880
109054	9.768777e-08	3.947462e-07	2.788201e-07	3880
117310	9.771724e-08	3.947488e-07	2.788060e-07	3880
125566	9.774671e-08	3.947514e-07	2.787920e-07	3880
133822	9.777617e-08	3.947540e-07	2.787779e-07	3880
142078	9.780564e-08	3.947567e-07	2.787638e-07	3880
150334	9.783510e-08	3.947593e-07	2.787498e-07	3880
158590	9.786456e-08	3.947619e-07	2.787357e-07	3880
166846	9.789402e-08	3.947646e-07	2.787217e-07	3880
175102	9.792348e-08	3.947672e-07	2.787076e-07	3880
183358	9.795293e-08	3.947698e-07	2.786935e-07	3880
191614	9.798238e-08	3.947725e-07	2.786794e-07	3880
199870	9.801182e-08	3.947751e-07	2.786653e-07	3880
208126	9.804127e-08	3.947777e-07	2.786512e-07	3880
216382	9.807071e-08	3.947804e-07	2.786371e-07	3880
224638	9.810016e-08	3.947830e-07	2.786230e-07	3880
232894	9.812960e-08	3.947856e-07	2.786090e-07	3880
241150	9.815904e-08	3.947883e-07	2.785949e-07	3880
249406	9.818847e-08	3.947909e-07	2.785807e-07	3880
257662	9.821791e-08	3.947935e-07	2.785666e-07	3880
265918	9.824734e-08	3.947962e-07	2.785525e-07	3880
274174	9.827677e-08	3.947988e-07	2.785384e-07	3880
282430	9.830620e-08	3.948014e-07	2.785243e-07	3880
290686	9.833563e-08	3.948041e-07	2.785101e-07	3880
298942	9.836505e-08	3.948067e-07	2.784960e-07	3880
307198	9.839447e-08	3.948094e-07	2.784818e-07	3880
315454	9.842389e-08	3.948120e-07	2.784677e-07	3880
323710	9.845331e-08	3.948147e-07	2.784535e-07	3880
331966	9.848272e-08	3.948173e-07	2.784394e-07	3880
340222	9.851214e-08	3.948200e-07	2.784252e-07	3880
348478	9.854155e-08	3.948226e-07	2.784111e-07	3880
356734	9.857096e-08	3.948253e-07	2.783969e-07	3880
364990	9.860037e-08	3.948279e-07	2.783827e-07	3880
373246	9.862977e-08	3.948306e-07	2.783686e-07	3880
381502	9.865917e-08	3.948332e-07	2.783544e-07	3880
389758	9.868857e-08	3.948359e-07	2.783402e-07	3880
398014	9.871797e-08	3.948385e-07	2.783260e-07	3880
406270	9.874737e-08	3.948412e-07	2.783118e-07	3880
414526	9.877676e-08	3.948438e-07	2.782976e-07	3880
422782	9.880615e-08	3.948465e-07	2.782834e-07	3880
431038	9.883554e-08	3.948491e-07	2.782692e-07	3880
439294	9.886493e-08	3.948518e-07	2.782550e-07	3880
447550	9.889432e-08	3.948545e-07	2.782408e-07	3880
455806	9.892370e-08	3.948571e-07	2.782266e-07	3880
464062	9.895309e-08	3.948598e-07	2.782124e-07	3880
472318	9.898246e-08	3.948624e-07	2.781981e-07	3880
480574	9.901184e-08	3.948651e-07	2.781839e-07	3880
488830	9.904122e-08	3.948677e-07	2.781697e-07	3880
497086	9.907059e-08	3.948704e-07	2.781554e-07	3880
505342	9.909996e-08	3.948731e-07	2.781412e-07	3880
513598	9.912933e-08	3.948757e-07	2.781269e-07	3880
521854	9.915870e-08	3.948784e-07	2.781127e-07	3880
530110	9.918806e-08	3.948811e-07	2.780984e-07	3880
538366	9.921742e-08	3.948837e-07	2.780842e-07	3880
546622	9.924678e-08	3.948864e-07	2.780699e-07	3880
554878	9.927614e-08	3.948890e-07	2.780556e-07	3880
563134	9.930550e-08	3.948917e-07	2.780414e-07	3880
571390	9.933486e-08	3.948944e-07	2.780271e-07	3880
579646	9.936421e-08	3.948971e-07	2.780128e-07	3880
587902	9.939356e-08	3.948997e-07	2.779985e-07	3880
596158	9.942291e-08	3.949024e-07	2.779842e-07	3880
604414	9.945225e-08	3.949051e-07	2.779699e-07	3880
612670	9.948160e-08	3.949077e-07	2.779556e-07	3880
620926	9.951093e-08	3.949104e-07	2.779414e-07	3880
629182	9.954027e-08	3.949131e-07	2.779270e-07	3880
637438	9.956961e-08	3.949158e-07	2.779127e-07	3880
645694	9.959895e-08	3.949184e-07	2.778984e-07	3880
653950	9.962828e-08	3.949211e-07	2.778841e-07	3880
662206	9.965761e-08	3.949238e-07	2.778698e-07	3880
670462	9.968694e-08	3.949265e-07	2.778554e-07	3880
678718	9.971627e-08	3.949291e-07	2.778411e-07	3880
686974	9.974559e-08	3.949318e-07	2.778268e-07	3880
695230	9.977492e-08	3.949345e-07	2.778124e-07	3880
703486	9.980423e-08	3.949372e-07	2.777981e-07	3880
711742	9.983355e-08	3.949399e-07	2.777838e-07	3880
719998	9.986287e-08	3.949426e-07	2.777694e-07	3880
728254	9.989218e-08	3.949452e-07	2.777550e-07	3880
736510	9.992149e-08	3.949479e-07	2.777407e-07	3880
744766	9.995080e-08	3.949506e-07	2.777263e-07	3880
753022	9.998011e-08	3.949533e-07	2.777119e-07	3880
761278	1.000094e-07	3.949560e-07	2.776976e-07	3880
769534	1.000387e-07	3.949587e-07	2.776832e-07	3880
777790	1.000680e-07	3.949613e-07	2.776688e-07	3880
786046	1.000973e-07	3.949640e-07	2.776544e-07	3880
794302	1.001266e-07	3.949667e-07	2.776400e-07	3880
802558	1.001559e-07	3.949694e-07	2.776256e-07	3880
810814	1.001852e-07	3.949721e-07	2.776112e-07	3880
819070	1.002145e-07	3.949748e-07	2.775969e-07	3880
827326	1.002438e-07	3.949775e-07	2.775824e-07	3880
835582	1.002731e-07	3.949802e-07	2.775680e-07	3880
843838	1.003024e-07	3.949829e-07	2.775536e-07	3880
852094	1.003316e-07	3.949856e-07	2.775392e-07	3880
860350	1.003609e-07	3.949883e-07	2.775248e-07	3880
868606	1.003902e-07	3.949910e-07	2.775103e-07	3880
876862	1.004195e-07	3.949937e-07	2.774959e-07	3880
885118	1.004487e-07	3.949964e-07	2.774815e-07	3880
893374	1.004780e-07	3.949991e-07	2.774670e-07	3880
901630	1.005073e-07	3.950018e-07	2.774526e-07	3880
909886	1.005365e-07	3.950045e-07	2.774381e-07	3880
918142	1.005658e-07	3.950072e-07	2.774237e-07	3880
926398	1.005951e-07	3.950099e-07	2.774092e-07	3880
934654	1.006243e-07	3.950126e-07	2.773948e-07	3880
942910	1.006536e-07	3.950153e-07	2.773803e-07	3880
951166	1.006828e-07	3.950180e-07	2.773658e-07	3880
959422	1.007121e-07	3.950207e-07	2.773514e-07	3880
967678	1.007414e-07	3.950234e-07	2.773369e-07	3880
975934	1.007706e-07	3.950261e-07	2.773224e-07	3880
984190	1.007999e-07	3.950288e-07	2.773079e-07	3880
992446	1.008291e-07	3.950315e-07	2.772934e-07	3880
1000702	1.008583e-07	3.950342e-07	2.772789e-07	3880
1008958	1.008876e-07	3.950369e-07	2.772644e-07	3880
1017214	1.009168e-07	3.950396e-07	2.772499e-07	3880
1025470	1.009461e-07	3.950423e-07	2.772354e-07	3880
1033726	1.009753e-07	3.950451e-07	2.772209e-07	3880
1041982	1.010045e-07	3.950478e-07	2.772064e-07	3880
1050238	1.010338e-07	3.950505e-07	2.771919e-07	3880
1058494	1.010630e-07	3.950532e-07	2.771773e-07	3880
1066750	1.010922e-07	3.950559e-07	2.771628e-07	3880
1075006	1.011214e-07	3.950586e-07	2.771483e-07	3880
1083262	1.011507e-07	3.950614e-07	2.771338e-07	3880
1091518	1.011799e-07	3.950641e-07	2.771192e-07	3880
1099774	1.012091e-07	3.950668e-07	2.771047e-07	3880
1108030	1.012383e-07	3.950695e-07	2.770901e-07	3880
1116286	1.012675e-07	3.950722e-07	2.770756e-07	3880
1124542	1.012967e-07	3.950749e-07	2.770610e-07	3880
1132798	1.013259e-07	3.950777e-07	2.770464e-07	3880
1141054	1.013551e-07	3.950804e-07	2.770319e-07	3880
1149310	1.013844e-07	3.950831e-07	2.770173e-07	3880
2914	1.509835e-07	3.959503e-07	2.613326e-07	6696
11170	1.510105e-07	3.959543e-07	2.613109e-07	6696
19426	1.510374e-07	3.959584e-07	2.612892e-07	6696
27682	1.510643e-07	3.959624e-07	2.612675e-07	6696
35938	1.510912e-07	3.959665e-07	2.612458e-07	6696
44194	1.511182e-07	3.959705e-07	2.612241e-07	6696
52450	1.511451e-07	3.959746e-07	2.612024e-07	6696
60706	1.511720e-07	3.959786e-07	2.611807e-07	6696
68962	1.511989e-07	3.959827e-07	2.611590e-07	6696
77218	1.512258e-07	3.959867e-07	2.611372e-07	6696
85474	1.512527e-07	3.959908e-07	2.611155e-07	6696
93730	1.512796e-07	3.959948e-07	2.610938e-07	6696
101986	1.513065e-07	3.959989e-07	2.610721e-07	6696
110242	1.513334e-07	3.960029e-07	2.610504e-07	6696
118498	1.513603e-07	3.960070e-07	2.610286e-07	6696
126754	1.513871e-07	3.960110e-07	2.610069e-07	6696
135010	1.514140e-07	3.960151e-07	2.609851e-07	6696
143266	1.514409e-07	3.960191e-07	2.609634e-07	6696
151522	1.514678e-07	3.960232e-07	2.609416e-07	6696
159778	1.514946e-07	3.960272e-07	2.609199e-07	6696
168034	1.515215e-07	3.960313e-07	2.608981e-07	6696
176290	1.515484e-07	3.960353e-07	2.608763e-07	6696
184546	1.515753e-07	3.960394e-07	2.608546e-07	6696
192802	1.516021e-07	3.960435e-07	2.608328e-07	6696
201058	1.516290e-07	3.960475e-07	2.608110e-07	6696
209314	1.516558e-07	3.960516e-07	2.607892e-07	6696
217570	1.516827e-07	3.960556e-07	2.607675e-07	6696
225826	1.517095e-07	3.960597e-07	2.607457e-07	6696
234082	1.517363e-07	3.960638e-07	2.607239e-07	6696
242338	1.517632e-07	3.960678e-07	2.607021e-07	6696
250594	1.517900e-07	3.960719e-07	2.606803e-07	6696
258850	1.518168e-07	3.960760e-07	2.606585e-07	6696
267106	1.518437e-07	3.960800e-07	2.606367e-07	6696
275362	1.518705e-07	3.960841e-07	2.606149e-07	6696
283618	1.518973e-07	3.960882e-07	2.605931e-07	6696
291874	1.519242e-07	3.960922e-07	2.605713e-07	6696
300130	1.519510e-07	3.960963e-07	2.605494e-07	6696
308386	1.519778e-07	3.961003e-07	2.605276e-07	6696
316642	1.520046e-07	3.961044e-07	2.605058e-07	6696
324898	1.520314e-07	3.961085e-07	2.604839e-07	6696
333154	1.520582e-07	3.961126e-07	2.604621e-07	6696
341410	1.520850e-07	3.961166e-07	2.604403e-07	6696
349666	1.521118e-07	3.961207e-07	2.604184e-07	6696
357922	1.521386e-07	3.961248e-07	2.603966e-07	6696
366178	1.521654e-07	3.961289e-07	2.603747e-07	6696
374434	1.521922e-07	3.961329e-07	2.603529e-07	6696
382690	1.522190e-07	3.961370e-07	2.603310e-07	6696
390946	1.522457e-07	3.961411e-07	2.603092e-07	6696
399202	1.522725e-07	3.961452e-07	2.602873e-07	6696
407458	1.522993e-07	3.961492e-07	2.602654e-07	6696
415714	1.523261e-07	3.961533e-07	2.602435e-07	6696
423970	1.523528e-07	3.961574e-07	2.602217e-07	6696
432226	1.523796e-07	3.961615e-07	2.601998e-07	6696
440482	1.524064e-07	3.961655e-07	2.601779e-07	6696
448738	1.524331e-07	3.961696e-07	2.601560e-07	6696
456994	1.524599e-07	3.961737e-07	2.601341e-07	6696
465250	1.524866e-07	3.961778e-07	2.601122e-07	6696
473506	1.525134e-07	3.961819e-07	2.600903e-07	6696
481762	1.525401e-07	3.961860e-07	2.600684e-07	6696
490018	1.525669e-07	3.961900e-07	2.600465e-07	6696
498274	1.525936e-07	3.961941e-07	2.600246e-07	6696
506530	1.526203e-07	3.961982e-07	2.600027e-07	6696
514786	1.526471e-07	3.962023e-07	2.599807e-07	6696
523042	1.526738e-07	3.962064e-07	2.599588e-07	6696
531298	1.527005e-07	3.962105e-07	2.599369e-07	6696
539554	1.527272e-07	3.962146e-07	2.599149e-07	6696
547810	1.527540e-07	3.962187e-07	2.598930e-07	6696
556066	1.527807e-07	3.962228e-07	2.598711e-07	6696
564322	1.528074e-07	3.962269e-07	2.598491e-07	6696
572578	1.528341e-07	3.962309e-07	2.598272e-07	6696
580834	1.528608e-07	3.962350e-07	2.598052e-07	6696
589090	1.528875e-07	3.962391e-07	2.597833e-07	6696
597346	1.529142e-07	3.962432e-07	2.597613e-07	6696
605602	1.529409e-07	3.962473e-07	2.597394e-07	6696
613858	1.529676e-07	3.962514e-07	2.597174e-07	6696
622114	1.529943e-07	3.962555e-07	2.596954e-07	6696
630370	1.530210e-07	3.962596e-07	2.596734e-07	6696
638626	1.530477e-07	3.962637e-07	2.596515e-07	6696
646882	1.530743e-07	3.962678e-07	2.596295e-07	6696
655138	1.531010e-07	3.962719e-07	2.596075e-07	6696
663394	1.531277e-07	3.962760e-07	2.595855e-07	6696
671650	1.531544e-07	3.962801e-07	2.595635e-07	6696
679906	1.531810e-07	3.962842e-07	2.595415e-07	6696
688162	1.532077e-07	3.962883e-07	2.595195e-07	6696
696418	1.532344e-07	3.962924e-07	2.594975e-07	6696
704674	1.532610e-07	3.962965e-07	2.594755e-07	6696
712930	1.532877e-07	3.963006e-07	2.594535e-07	6696
721186	1.533143e-07	3.963047e-07	2.594315e-07	6696
729442	1.533410e-07	3.963088e-07	2.594095e-07	6696
737698	1.533676e-07	3.963129e-07	2.593874e-07	6696
745954	1.533943e-07	3.963170e-07	2.593654e-07	6696
754210	1.534209e-07	3.963211e-07	2.593434e-07	6696
762466	1.534475e-07	3.963252e-07	2.593213e-07	6696
770722	1.534741e-07	3.963293e-07	2.592993e-07	6696
778978	1.535008e-07	3.963334e-07	2.592772e-07	6696
787234	1.535274e-07	3.963376e-07	2.592552e-07	6696
795490	1.535540e-07	3.963417e-07	2.592331e-07	6696
803746	1.535806e-07	3.963458e-07	2.592111e-07	6696
812002	1.536073e-07	3.963499e-07	2.591890e-07	6696
820258	1.536339e-07	3.963540e-07	2.591670e-07	6696
828514	1.536605e-07	3.963581e-07	2.591449e-07	6696
836770	1.536871e-07	3.963622e-07	2.591228e-07	6696
845026	1.537137e-07	3.963663e-07	2.591008e-07	6696
853282	1.537403e-07	3.963705e-07	2.590787e-07	6696
861538	1.537669e-07	3.963746e-07	2.590566e-07	6696
869794	1.537935e-07	3.963787e-07	2.590345e-07	6696
878050	1.538201e-07	3.963828e-07	2.590124e-07	6696
886306	1.538466e-07	3.963869e-07	2.589903e-07	6696
894562	1.538732e-07	3.963910e-07	2.589682e-07	6696
902818	1.538998e-07	3.963952e-07	2.589461e-07	6696
911074	1.539264e-07	3.963993e-07	2.589240e-07	6696
919330	1.539530e-07	3.964034e-07	2.589019e-07	6696
927586	1.539795e-07	3.964075e-07	2.588798e-07	6696
935842	1.540061e-07	3.964117e-07	2.588577e-07	6696
944098	1.540326e-07	3.964158e-07	2.588356e-07	6696
952354	1.540592e-07	3.964199e-07	2.588135e-07	6696
960610	1.540858e-07	3.964240e-07	2.587913e-07	6696
968866	1.541123e-07	3.964281e-07	2.587692e-07	6696
977122	1.541389e-07	3.964323e-07	2.587471e-07	6696
985378	1.541654e-07	3.964364e-07	2.587249e-07	6696
993634	1.541920e-07	3.964405e-07	2.587028e-07	6696
1001890	1.542185e-07	3.964446e-07	2.586806e-07	6696
1010146	1.542450e-07	3.964488e-07	2.586585e-07	6696
1018402	1.542716e-07	3.964529e-07	2.586363e-07	6696
1026658	1.542981e-07	3.964570e-07	2.586142e-07	6696
1034914	1.543246e-07	3.964612e-07	2.585920e-07	6696
1043170	1.543511e-07	3.964653e-07	2.585699e-07	6696
1051426	1.543777e-07	3.964694e-07	2.585477e-07	6696
1059682	1.544042e-07	3.964736e-07	2.585255e-07	6696
1067938	1.544307e-07	3.964777e-07	2.585033e-07	6696
1076194	1.544572e-07	3.964819e-07	2.584812e-07	6696
1084450	1.544837e-07	3.964860e-07	2.584590e-07	6696
1092706	1.545102e-07	3.964901e-07	2.584368e-07	6696
1100962	1.545367e-07	3.964942e-07	2.584146e-07	6696
1109218	1.545632e-07	3.964984e-07	2.583924e-07	6696
1117474	1.545897e-07	3.965025e-07	2.583702e-07	6696
1125730	1.546162e-07	3.965067e-07	2.583480e-07	6696
1133986	1.546427e-07	3.965108e-07	2.583258e-07	6696
1142242	1.546692e-07	3.965149e-07	2.583036e-07	6696
1150498	1.546956e-07	3.965191e-07	2.582813e-07	6696
3110	9.611053e-08	3.973086e-07	2.814353e-07	7201
11366	9.614030e-08	3.973112e-07	2.814214e-07	7201
19622	9.617008e-08	3.973138e-07	2.814076e-07	7201
27878	9.619985e-08	3.973164e-07	2.813938e-07	7201
36134	9.622962e-08	3.973190e-07	2.813800e-07	7201
44390	9.625939e-08	3.973216e-07	2.813661e-07	7201
52646	9.628916e-08	3.973242e-07	2.813523e-07	7201
60902	9.631892e-08	3.973267e-07	2.813385e-07	7201
69158	9.634868e-08	3.973293e-07	2.813246e-07	7201
77414	9.637844e-08	3.973319e-07	2.813107e-07	7201
85670	9.640820e-08	3.973345e-07	2.812969e-07	7201
93926	9.643796e-08	3.973371e-07	2.812830e-07	7201
102182	9.646771e-08	3.973397e-07	2.812692e-07	7201
110438	9.649746e-08	3.973423e-07	2.812553e-07	7201
118694	9.652721e-08	3.973449e-07	2.812414e-07	7201
126950	9.655696e-08	3.973475e-07	2.812275e-07	7201
135206	9.658670e-08	3.973501e-07	2.812137e-07	7201
143462	9.661645e-08	3.973527e-07	2.811998e-07	7201
151718	9.664619e-08	3.973553e-07	2.811859e-07	7201
159974	9.667593e-08	3.973579e-07	2.811720e-07	7201
168230	9.670567e-08	3.973605e-07	2.811581e-07	7201
176486	9.673541e-08	3.973631e-07	2.811442e-07	7201
184742	9.676513e-08	3.973657e-07	2.811303e-07	7201
192998	9.679487e-08	3.973683e-07	2.811164e-07	7201
201254	9.682460e-08	3.973709e-07	2.811024e-07	7201
209510	9.685432e-08	3.973735e-07	2.810885e-07	7201
217766	9.688405e-08	3.973761e-07	2.810746e-07	7201
226022	9.691377e-08	3.973787e-07	2.810607e-07	7201
234278	9.694350e-08	3.973813e-07	2.810467e-07	7201
242534	9.697321e-08	3.973839e-07	2.810328e-07	7201
250790	9.700293e-08	3.973865e-07	2.810189e-07	7201
259046	9.703265e-08	3.973891e-07	2.810049e-07	7201
267302	9.706235e-08	3.973917e-07	2.809910e-07	7201
275558	9.709207e-08	3.973943e-07	2.809770e-07	7201
283814	9.712178e-08	3.973969e-07	2.809630e-07	7201
292070	9.715149e-08	3.973996e-07	2.809491e-07	7201
300326	9.718119e-08	3.974022e-07	2.809351e-07	7201
308582	9.721089e-08	3.974048e-07	2.809211e-07	7201
316838	9.724059e-08	3.974074e-07	2.809072e-07	7201
325094	9.727029e-08	3.974100e-07	2.808932e-07	7201
333350	9.729998e-08	3.974126e-07	2.808792e-07	7201
341606	9.732967e-08	3.974152e-07	2.808652e-07	7201
349862	9.735937e-08	3.974178e-07	2.808512e-07	7201
358118	9.738906e-08	3.974205e-07	2.808372e-07	7201
366374	9.741875e-08	3.974231e-07	2.808232e-07	7201
374630	9.744844e-08	3.974257e-07	2.808092e-07	7201
382886	9.747811e-08	3.974283e-07	2.807952e-07	7201
391142	9.750780e-08	3.974309e-07	2.807812e-07	7201
399398	9.753748e-08	3.974336e-07	2.807672e-07	7201
407654	9.756716e-08	3.974362e-07	2.807531e-07	7201
415910	9.759683e-08	3.974388e-07	2.807391e-07	7201
424166	9.762650e-08	3.974414e-07	2.807251e-07	7201
432422	9.765618e-08	3.974440e-07	2.807110e-07	7201
440678	9.768585e-08	3.974467e-07	2.806970e-07	7201
448934	9.771551e-08	3.974493e-07	2.806830e-07	7201
457190	9.774518e-08	3.974519e-07	2.806689e-07	7201
465446	9.777484e-08	3.974546e-07	2.806549e-07	7201
473702	9.780450e-08	3.974572e-07	2.806408e-07	7201
481958	9.783416e-08	3.974598e-07	2.806268e-07	7201
490214	9.786382e-08	3.974624e-07	2.806127e-07	7201
498470	9.789347e-08	3.974651e-07	2.805986e-07	7201
506726	9.792312e-08	3.974677e-07	2.805845e-07	7201
514982	9.795277e-08	3.974703e-07	2.805705e-07	7201
523238	9.798242e-08	3.974730e-07	2.805564e-07	7201
531494	9.801207e-08	3.974756e-07	2.805423e-07	7201
539750	9.804171e-08	3.974782e-07	2.805282e-07	7201
548006	9.807135e-08	3.974809e-07	2.805141e-07	7201
556262	9.810099e-08	3.974835e-07	2.805000e-07	7201
564518	9.813063e-08	3.974861e-07	2.804859e-07	7201
572774	9.816026e-08	3.974888e-07	2.804718e-07	7201
581030	9.818990e-08	3.974914e-07	2.804577e-07	7201
589286	9.821953e-08	3.974941e-07	2.804436e-07	7201
597542	9.824916e-08	3.974967e-07	2.804294e-07	7201
605798	9.827879e-08	3.974993e-07	2.804153e-07	7201
614054	9.830841e-08	3.975020e-07	2.804012e-07	7201
622310	9.833803e-08	3.975046e-07	2.803871e-07	7201
630566	9.836766e-08	3.975073e-07	2.803729e-07	7201
638822	9.839728e-08	3.975099e-07	2.803588e-07	7201
647078	9.842690e-08	3.975126e-07	2.803446e-07	7201
655334	9.845651e-08	3.975152e-07	2.803305e-07	7201
663590	9.848612e-08	3.975179e-07	2.803163e-07	7201
671846	9.851573e-08	3.975205e-07	2.803022e-07	7201
680102	9.854534e-08	3.975231e-07	2.802880e-07	7201
688358	9.857495e-08	3.975258e-07	2.802738e-07	7201
696614	9.860455e-08	3.975285e-07	2.802597e-07	7201
704870	9.863415e-08	3.975311e-07	2.802455e-07	7201
713126	9.866375e-08	3.975337e-07	2.802313e-07	7201
721382	9.869335e-08	3.975364e-07	2.802171e-07	7201
729638	9.872295e-08	3.975391e-07	2.802030e-07	7201
737894	9.875254e-08	3.975417e-07	2.801887e-07	7201
746150	9.878213e-08	3.975443e-07	2.801746e-07	7201
754406	9.881173e-08	3.975470e-07	2.801604e-07	7201
762662	9.884131e-08	3.975497e-07	2.801461e-07	7201
770918	9.887089e-08	3.975523e-07	2.801319e-07	7201
779174	9.890048e-08	3.975550e-07	2.801177e-07	7201
787430	9.893006e-08	3.975576e-07	2.801035e-07	7201
795686	9.895964e-08	3.975603e-07	2.800893e-07	7201
803942	9.898922e-08	3.975630e-07	2.800751e-07	7201
812198	9.901879e-08	3.975656e-07	2.800608e-07	7201
820454	9.904836e-08	3.975683e-07	2.800466e-07	7201
828710	9.907793e-08	3.975709e-07	2.800323e-07	7201
836966	9.910750e-08	3.975736e-07	2.800181e-07	7201
845222	9.913707e-08	3.975763e-07	2.800039e-07	7201
853478	9.916663e-08	3.975789e-07	2.799896e-07	7201
861734	9.919619e-08	3.975816e-07	2.799754e-07	7201
869990	9.922575e-08	3.975842e-07	2.799611e-07	7201
878246	9.925531e-08	3.975869e-07	2.799468e-07	7201
886502	9.928487e-08	3.975896e-07	2.799326e-07	7201
894758	9.931442e-08	3.975923e-07	2.799183e-07	7201
903014	9.934397e-08	3.975949e-07	2.799040e-07	7201
911270	9.937352e-08	3.975976e-07	2.798897e-07	7201
919526	9.940307e-08	3.976003e-07	2.798754e-07	7201
927782	9.943261e-08	3.976029e-07	2.798612e-07	7201
936038	9.946216e-08	3.976056e-07	2.798469e-07	7201
944294	9.949170e-08	3.976083e-07	2.798326e-07	7201
952550	9.952124e-08	3.976110e-07	2.798182e-07	7201
960806	9.955077e-08	3.976136e-07	2.798039e-07	7201
969062	9.958030e-08	3.976163e-07	2.797896e-07	7201
977318	9.960984e-08	3.976190e-07	2.797753e-07	7201
985574	9.963937e-08	3.976216e-07	2.797610e-07	7201
993830	9.966890e-08	3.976243e-07	2.797467e-07	7201
1002086	9.969843e-08	3.976270e-07	2.797323e-07	7201
1010342	9.972795e-08	3.976297e-07	2.797180e-07	7201
1018598	9.975747e-08	3.976324e-07	2.797037e-07	7201
1026854	9.978699e-08	3.976351e-07	2.796893e-07	7201
1035110	9.981651e-08	3.976377e-07	2.796750e-07	7201
1043366	9.984603e-08	3.976404e-07	2.796606e-07	7201
1051622	9.987554e-08	3.976431e-07	2.796463e-07	7201
1059878	9.990504e-08	3.976458e-07	2.796319e-07	7201
1068134	9.993456e-08	3.976485e-07	2.796176e-07	7201
1076390	9.996406e-08	3.976511e-07	2.796032e-07	7201
1084646	9.999357e-08	3.976538e-07	2.795888e-07	7201
1092902	1.000231e-07	3.976565e-07	2.795744e-07	7201
1101158	1.000526e-07	3.976592e-07	2.795601e-07	7201
1109414	1.000821e-07	3.976619e-07	2.795457e-07	7201
1117670	1.001116e-07	3.976646e-07	2.795313e-07	7201
1125926	1.001411e-07	3.976673e-07	2.795169e-07	7201
1134182	1.001706e-07	3.976700e-07	2.795025e-07	7201
1142438	1.002000e-07	3.976727e-07	2.794881e-07	7201
1150694	1.002295e-07	3.976754e-07	2.794737e-07	7201
3117	1.978124e-07	4.023765e-07	2.498822e-07	7208
11373	1.978375e-07	4.023818e-07	2.498538e-07	7208
19629	1.978626e-07	4.023871e-07	2.498254e-07	7208
27885	1.978877e-07	4.023923e-07	2.497970e-07	7208
36141	1.979128e-07	4.023976e-07	2.497686e-07	7208
44397	1.979379e-07	4.024029e-07	2.497402e-07	7208
52653	1.979630e-07	4.024082e-07	2.497118e-07	7208
60909	1.979881e-07	4.024135e-07	2.496833e-07	7208
69165	1.980132e-07	4.024188e-07	2.496549e-07	7208
77421	1.980383e-07	4.024241e-07	2.496265e-07	7208
85677	1.980634e-07	4.024294e-07	2.495981e-07	7208
93933	1.980884e-07	4.024347e-07	2.495696e-07	7208
102189	1.981135e-07	4.024400e-07	2.495412e-07	7208
110445	1.981386e-07	4.024453e-07	2.495127e-07	7208
118701	1.981636e-07	4.024506e-07	2.494843e-07	7208
126957	1.981887e-07	4.024559e-07	2.494558e-07	7208
135213	1.982137e-07	4.024612e-07	2.494274e-07	7208
143469	1.982388e-07	4.024665e-07	2.493989e-07	7208
151725	1.982638e-07	4.024718e-07	2.493705e-07	7208
159981	1.982889e-07	4.024771e-07	2.493420e-07	7208
168237	1.983139e-07	4.024824e-07	2.493135e-07	7208
176493	1.983390e-07	4.024877e-07	2.492851e-07	7208
184749	1.983640e-07	4.024930e-07	2.492566e-07	7208
193005	1.983890e-07	4.024983e-07	2.492281e-07	7208
201261	1.984140e-07	4.025036e-07	2.491996e-07	7208
209517	1.984390e-07	4.025089e-07	2.491711e-07	7208
217773	1.984641e-07	4.025142e-07	2.491426e-07	7208
226029	1.984890e-07	4.025195e-07	2.491141e-07	7208
234285	1.985141e-07	4.025248e-07	2.490856e-07	7208
242541	1.985391e-07	4.025301e-07	2.490571e-07	7208
250797	1.985640e-07	4.025354e-07	2.490286e-07	7208
259053	1.985890e-07	4.025407e-07	2.490001e-07	7208
267309	1.986140e-07	4.025460e-07	2.489716e-07	7208
275565	1.986390e-07	4.025514e-07	2.489431e-07	7208
283821	1.986640e-07	4.025567e-07	2.489145e-07	7208
292077	1.986890e-07	4.025620e-07	2.488860e-07	7208
300333	1.987139e-07	4.025673e-07	2.488575e-07	7208
308589	1.987389e-07	4.025726e-07	2.488290e-07	7208
316845	1.987638e-07	4.025779e-07	2.488004e-07	7208
325101	1.987888e-07	4.025832e-07	2.487719e-07	7208
333357	1.988138e-07	4.025885e-07	2.487434e-07	7208
341613	1.988387e-07	4.025939e-07	2.487148e-07	7208
349869	1.988636e-07	4.025992e-07	2.486863e-07	7208
358125	1.988886e-07	4.026045e-07	2.486577e-07	7208
366381	1.989135e-07	4.026098e-07	2.486292e-07	7208
374637	1.989384e-07	4.026151e-07	2.486006e-07	7208
382893	1.989634e-07	4.026205e-07	2.485720e-07	7208
391149	1.989883e-07	4.026258e-07	2.485435e-07	7208
399405	1.990132e-07	4.026311e-07	2.485149e-07	7208
407661	1.990381e-07	4.026364e-07	2.484863e-07	7208
415917	1.990630e-07	4.026417e-07	2.484578e-07	7208
424173	1.990879e-07	4.026471e-07	2.484292e-07	7208
432429	1.991128e-07	4.026524e-07	2.484006e-07	7208
440685	1.991377e-07	4.026577e-07	2.483720e-07	7208
448941	1.991626e-07	4.026630e-07	2.483434e-07	7208
457197	1.991875e-07	4.026683e-07	2.483148e-07	7208
465453	1.992124e-07	4.026737e-07	2.482862e-07	7208
473709	1.992373e-07	4.026790e-07	2.482576e-07	7208
481965	1.992621e-07	4.026843e-07	2.482290e-07	7208
490221	1.992870e-07	4.026896e-07	2.482004e-07	7208
498477	1.993119e-07	4.026950e-07	2.481718e-07	7208
506733	1.993368e-07	4.027003e-07	2.481432e-07	7208
514989	1.993616e-07	4.027056e-07	2.481145e-07	7208
523245	1.993865e-07	4.027110e-07	2.480859e-07	7208
531501	1.994113e-07	4.027163e-07	2.480573e-07	7208
539757	1.994362e-07	4.027216e-07	2.480287e-07	7208
548013	1.994610e-07	4.027270e-07	2.480000e-07	7208
556269	1.994858e-07	4.027323e-07	2.479714e-07	7208
564525	1.995107e-07	4.027376e-07	2.479428e-07	7208
572781	1.995355e-07	4.027430e-07	2.479141e-07	7208
581037	1.995603e-07	4.027483e-07	2.478855e-07	7208
589293	1.995851e-07	4.027536e-07	2.478568e-07	7208
597549	1.996100e-07	4.027590e-07	2.478282e-07	7208
605805	1.996348e-07	4.027643e-07	2.477995e-07	7208
614061	1.996596e-07	4.027696e-07	2.477708e-07	7208
622317	1.996844e-07	4.027750e-07	2.477422e-07	7208
630573	1.997092e-07	4.027803e-07	2.477135e-07	7208
638829	1.997340e-07	4.027856e-07	2.476848e-07	7208
647085	1.997588e-07	4.027910e-07	2.476561e-07	7208
655341	1.997835e-07	4.027963e-07	2.476274e-07	7208
663597	1.998083e-07	4.028017e-07	2.475988e-07	7208
671853	1.998331e-07	4.028070e-07	2.475701e-07	7208
680109	1.998579e-07	4.028124e-07	2.475414e-07	7208
688365	1.998826e-07	4.028177e-07	2.475127e-07	7208
696621	1.999074e-07	4.028230e-07	2.474840e-07	7208
704877	1.999322e-07	4.028284e-07	2.474553e-07	7208
713133	1.999569e-07	4.028337e-07	2.474266e-07	7208
721389	1.999817e-07	4.028391e-07	2.473979e-07	7208
729645	2.000064e-07	4.028444e-07	2.473692e-07	7208
737901	2.000312e-07	4.028498e-07	2.473405e-07	7208
746157	2.000559e-07	4.028551e-07	2.473117e-07	7208
754413	2.000806e-07	4.028605e-07	2.472830e-07	7208
762669	2.001054e-07	4.028658e-07	2.472543e-07	7208
770925	2.001301e-07	4.028712e-07	2.472256e-07	7208
779181	2.001548e-07	4.028765e-07	2.471968e-07	7208
787437	2.001795e-07	4.028819e-07	2.471681e-07	7208
795693	2.002043e-07	4.028872e-07	2.471393e-07	7208
803949	2.002290e-07	4.028926e-07	2.471106e-07	7208
812205	2.002537e-07	4.028979e-07	2.470819e-07	7208
820461	2.002784e-07	4.029033e-07	2.470531e-07	7208
828717	2.003031e-07	4.029086e-07	2.470243e-07	7208
836973	2.003278e-07	4.029140e-07	2.469956e-07	7208
845229	2.003524e-07	4.029193e-07	2.469668e-07	7208
853485	2.003771e-07	4.029247e-07	2.469380e-07	7208
861741	2.004018e-07	4.029301e-07	2.469093e-07	7208
869997	2.004265e-07	4.029354e-07	2.468805e-07	7208
878253	2.004512e-07	4.029408e-07	2.468517e-07	7208
886509	2.004758e-07	4.029461e-07	2.468230e-07	7208
894765	2.005005e-07	4.029515e-07	2.467942e-07	7208
903021	2.005251e-07	4.029568e-07	2.467654e-07	7208
911277	2.005498e-07	4.029622e-07	2.467366e-07	7208
919533	2.005744e-07	4.029676e-07	2.467078e-07	7208
927789	2.005991e-07	4.029729e-07	2.466790e-07	7208
936045	2.006237e-07	4.029783e-07	2.466502e-07	7208
944301	2.006484e-07	4.029837e-07	2.466214e-07	7208
952557	2.006730e-07	4.029890e-07	2.465926e-07	7208
960813	2.006976e-07	4.029944e-07	2.465638e-07	7208
969069	2.007223e-07	4.029997e-07	2.465350e-07	7208
977325	2.007469e-07	4.030051e-07	2.465061e-07	7208
985581	2.007715e-07	4.030105e-07	2.464773e-07	7208
993837	2.007961e-07	4.030158e-07	2.464485e-07	7208
1002093	2.008207e-07	4.030212e-07	2.464197e-07	7208
1010349	2.008453e-07	4.030266e-07	2.463908e-07	7208
1018605	2.008699e-07	4.030319e-07	2.463620e-07	7208
1026861	2.008945e-07	4.030373e-07	2.463331e-07	7208
1035117	2.009191e-07	4.030427e-07	2.463043e-07	7208
1043373	2.009437e-07	4.030481e-07	2.462755e-07	7208
1051629	2.009683e-07	4.030534e-07	2.462466e-07	7208
1059885	2.009928e-07	4.030588e-07	2.462178e-07	7208
1068141	2.010174e-07	4.030642e-07	2.461889e-07	7208
1076397	2.010420e-07	4.030695e-07	2.461600e-07	7208
1084653	2.010665e-07	4.030749e-07	2.461312e-07	7208
1092909	2.010911e-07	4.030803e-07	2.461023e-07	7208
1101165	2.011157e-07	4.030857e-07	2.460734e-07	7208
1109421	2.011402e-07	4.030910e-07	2.460446e-07	7208
1117677	2.011648e-07	4.030964e-07	2.460157e-07	7208
1125933	2.011893e-07	4.031018e-07	2.459868e-07	7208
1134189	2.012138e-07	4.031072e-07	2.459579e-07	7208
1142445	2.012384e-07	4.031126e-07	2.459290e-07	7208
1150701	2.012629e-07	4.031180e-07	2.459001e-07	7208
3504	1.941103e-07	4.047235e-07	2.533045e-07	8225
11760	1.941359e-07	4.047287e-07	2.532766e-07	8225
20016	1.941614e-07	4.047339e-07	2.532488e-07	8225
28272	1.941870e-07	4.047391e-07	2.532209e-07	8225
36528	1.942125e-07	4.047443e-07	2.531930e-07	8225
44784	1.942380e-07	4.047494e-07	2.531651e-07	8225
53040	1.942635e-07	4.047546e-07	2.531372e-07	8225
61296	1.942891e-07	4.047598e-07	2.531093e-07	8225
69552	1.943146e-07	4.047650e-07	2.530814e-07	8225
77808	1.943401e-07	4.047702e-07	2.530535e-07	8225
86064	1.943656e-07	4.047754e-07	2.530256e-07	8225
94320	1.943911e-07	4.047806e-07	2.529977e-07	8225
102576	1.944166e-07	4.047858e-07	2.529698e-07	8225
110832	1.944421e-07	4.047910e-07	2.529419e-07	8225
119088	1.944676e-07	4.047962e-07	2.529140e-07	8225
127344	1.944931e-07	4.048014e-07	2.528861e-07	8225
135600	1.945186e-07	4.048066e-07	2.528581e-07	8225
143856	1.945440e-07	4.048118e-07	2.528302e-07	8225
152112	1.945695e-07	4.048170e-07	2.528023e-07	8225
160368	1.945950e-07	4.048222e-07	2.527743e-07	8225
168624	1.946204e-07	4.048274e-07	2.527464e-07	8225
176880	1.946459e-07	4.048326e-07	2.527185e-07	8225
185136	1.946714e-07	4.048378e-07	2.526905e-07	8225
193392	1.946968e-07	4.048430e-07	2.526625e-07	8225
201648	1.947223e-07	4.048483e-07	2.526346e-07	8225
209904	1.947477e-07	4.048535e-07	2.526066e-07	8225
218160	1.947732e-07	4.048587e-07	2.525787e-07	8225
226416	1.947986e-07	4.048639e-07	2.525507e-07	8225
234672	1.948240e-07	4.048691e-07	2.525227e-07	8225
242928	1.948494e-07	4.048743e-07	2.524948e-07	8225
251184	1.948749e-07	4.048795e-07	2.524668e-07	8225
259440	1.949003e-07	4.048847e-07	2.524388e-07	8225
267696	1.949257e-07	4.048899e-07	2.524108e-07	8225
275952	1.949511e-07	4.048951e-07	2.523828e-07	8225
284208	1.949765e-07	4.049004e-07	2.523549e-07	8225
292464	1.950019e-07	4.049056e-07	2.523269e-07	8225
300720	1.950273e-07	4.049108e-07	2.522989e-07	8225
308976	1.950527e-07	4.049160e-07	2.522708e-07	8225
317232	1.950781e-07	4.049212e-07	2.522428e-07	8225
325488	1.951035e-07	4.049264e-07	2.522148e-07	8225
333744	1.951289e-07	4.049316e-07	2.521868e-07	8225
342000	1.951543e-07	4.049369e-07	2.521588e-07	8225
350256	1.951796e-07	4.049421e-07	2.521308e-07	8225
358512	1.952050e-07	4.049473e-07	2.521028e-07	8225
366768	1.952304e-07	4.049525e-07	2.520747e-07	8225
375024	1.952557e-07	4.049577e-07	2.520467e-07	8225
383280	1.952811e-07	4.049629e-07	2.520187e-07	8225
391536	1.953065e-07	4.049682e-07	2.519906e-07	8225
399792	1.953318e-07	4.049734e-07	2.519626e-07	8225
408048	1.953571e-07	4.049786e-07	2.519345e-07	8225
416304	1.953825e-07	4.049838e-07	2.519065e-07	8225
424560	1.954078e-07	4.049891e-07	2.518784e-07	8225
432816	1.954332e-07	4.049943e-07	2.518504e-07	8225
441072	1.954585e-07	4.049995e-07	2.518223e-07	8225
449328	1.954838e-07	4.050048e-07	2.517942e-07	8225
457584	1.955091e-07	4.050100e-07	2.517662e-07	8225
465840	1.955345e-07	4.050152e-07	2.517381e-07	8225
474096	1.955598e-07	4.050204e-07	2.517100e-07	8225
482352	1.955851e-07	4.050256e-07	2.516819e-07	8225
490608	1.956104e-07	4.050309e-07	2.516539e-07	8225
498864	1.956357e-07	4.050361e-07	2.516258e-07	8225
507120	1.956610e-07	4.050413e-07	2.515977e-07	8225
515376	1.956863e-07	4.050466e-07	2.515696e-07	8225
523632	1.957116e-07	4.050518e-07	2.515415e-07	8225
531888	1.957368e-07	4.050571e-07	2.515134e-07	8225
540144	1.957621e-07	4.050623e-07	2.514853e-07	8225
548400	1.957874e-07	4.050675e-07	2.514572e-07	8225
556656	1.958126e-07	4.050727e-07	2.514291e-07	8225
564912	1.958379e-07	4.050780e-07	2.514010e-07	8225
573168	1.958632e-07	4.050832e-07	2.513729e-07	8225
581424	1.958884e-07	4.050885e-07	2.513447e-07	8225
589680	1.959137e-07	4.050937e-07	2.513166e-07	8225
597936	1.959389e-07	4.050989e-07	2.512885e-07	8225
606192	1.959642e-07	4.051042e-07	2.512603e-07	8225
614448	1.959894e-07	4.051094e-07	2.512322e-07	8225
622704	1.960147e-07	4.051147e-07	2.512041e-07	8225
630960	1.960399e-07	4.051199e-07	2.511759e-07	8225
639216	1.960651e-07	4.051251e-07	2.511478e-07	8225
647472	1.960904e-07	4.051304e-07	2.511196e-07	8225
655728	1.961156e-07	4.051356e-07	2.510914e-07	8225
663984	1.961408e-07	4.051409e-07	2.510633e-07	8225
672240	1.961660e-07	4.051461e-07	2.510351e-07	8225
680496	1.961912e-07	4.051514e-07	2.510070e-07	8225
688752	1.962164e-07	4.051566e-07	2.509788e-07	8225
697008	1.962416e-07	4.051618e-07	2.509506e-07	8225
705264	1.962668e-07	4.051671e-07	2.509225e-07	8225
713520	1.962920e-07	4.051723e-07	2.508943e-07	8225
721776	1.963172e-07	4.051776e-07	2.508661e-07	8225
730032	1.963424e-07	4.051828e-07	2.508379e-07	8225
738288	1.963675e-07	4.051881e-07	2.508097e-07	8225
746544	1.963927e-07	4.051933e-07	2.507815e-07	8225
754800	1.964179e-07	4.051986e-07	2.507533e-07	8225
763056	1.964431e-07	4.052038e-07	2.507251e-07	8225
771312	1.964682e-07	4.052091e-07	2.506969e-07	8225
779568	1.964934e-07	4.052143e-07	2.506687e-07	8225
787824	1.965185e-07	4.052196e-07	2.506405e-07	8225
796080	1.965437e-07	4.052249e-07	2.506123e-07	8225
804336	1.965688e-07	4.052301e-07	2.505841e-07	8225
812592	1.965940e-07	4.052354e-07	2.505558e-07	8225
820848	1.966191e-07	4.052406e-07	2.505276e-07	8225
829104	1.966442e-07	4.052459e-07	2.504994e-07	8225
837360	1.966694e-07	4.052511e-07	2.504711e-07	8225
845616	1.966945e-07	4.052564e-07	2.504429e-07	8225
853872	1.967196e-07	4.052617e-07	2.504147e-07	8225
862128	1.967447e-07	4.052669e-07	2.503864e-07	8225
870384	1.967698e-07	4.052722e-07	2.503582e-07	8225
878640	1.967949e-07	4.052774e-07	2.503299e-07	8225
886896	1.968200e-07	4.052827e-07	2.503017e-07	8225
895152	1.968451e-07	4.052879e-07	2.502734e-07	8225
903408	1.968702e-07	4.052932e-07	2.502451e-07	8225
911664	1.968953e-07	4.052985e-07	2.502169e-07	8225
919920	1.969204e-07	4.053038e-07	2.501886e-07	8225
928176	1.969455e-07	4.053090e-07	2.501603e-07	8225
936432	1.969706e-07	4.053143e-07	2.501320e-07	8225
944688	1.969956e-07	4.053195e-07	2.501038e-07	8225
952944	1.970207e-07	4.053248e-07	2.500755e-07	8225
961200	1.970458e-07	4.053301e-07	2.500472e-07	8225
969456	1.970708e-07	4.053353e-07	2.500189e-07	8225
977712	1.970959e-07	4.053406e-07	2.499906e-07	8225
985968	1.971210e-07	4.053459e-07	2.499623e-07	8225
994224	1.971460e-07	4.053512e-07	2.499340e-07	8225
1002480	1.971710e-07	4.053564e-07	2.499057e-07	8225
1010736	1.971961e-07	4.053617e-07	2.498774e-07	8225
1018992	1.972211e-07	4.053670e-07	2.498491e-07	8225
1027248	1.972462e-07	4.053722e-07	2.498208e-07	8225
1035504	1.972712e-07	4.053775e-07	2.497924e-07	8225
1043760	1.972962e-07	4.053828e-07	2.497641e-07	8225
1052016	1.973212e-07	4.053881e-07	2.497358e-07	8225
1060272	1.973462e-07	4.053933e-07	2.497075e-07	8225
1068528	1.973713e-07	4.053986e-07	2.496791e-07	8225
1076784	1.973962e-07	4.054039e-07	2.496508e-07	8225
1085040	1.974213e-07	4.054092e-07	2.496224e-07	8225
1093296	1.974463e-07	4.054145e-07	2.495941e-07	8225
1101552	1.974713e-07	4.054197e-07	2.495657e-07	8225
1109808	1.974962e-07	4.054250e-07	2.495374e-07	8225
1118064	1.975212e-07	4.054303e-07	2.495090e-07	8225
1126320	1.975462e-07	4.054356e-07	2.494807e-07	8225
1134576	1.975712e-07	4.054409e-07	2.494523e-07	8225
1142832	1.975962e-07	4.054461e-07	2.494239e-07	8225
1151088	1.976211e-07	4.054514e-07	2.493956e-07	8225
133708	7.920597e-08	4.067338e-07	2.945887e-07	3624
141964	7.923738e-08	4.067360e-07	2.945773e-07	3624
150220	7.926879e-08	4.067381e-07	2.945659e-07	3624
158476	7.930020e-08	4.067402e-07	2.945545e-07	3624
166732	7.933161e-08	4.067424e-07	2.945431e-07	3624
174988	7.936301e-08	4.067445e-07	2.945317e-07	3624
183244	7.939441e-08	4.067467e-07	2.945203e-07	3624
191500	7.942582e-08	4.067488e-07	2.945089e-07	3624
199756	7.945722e-08	4.067510e-07	2.944974e-07	3624
208012	7.948861e-08	4.067531e-07	2.944860e-07	3624
216268	7.952001e-08	4.067552e-07	2.944745e-07	3624
224524	7.955141e-08	4.067574e-07	2.944631e-07	3624
232780	7.958280e-08	4.067595e-07	2.944517e-07	3624
241036	7.961419e-08	4.067617e-07	2.944402e-07	3624
249292	7.964558e-08	4.067638e-07	2.944288e-07	3624
257548	7.967697e-08	4.067660e-07	2.944173e-07	3624
265804	7.970836e-08	4.067681e-07	2.944059e-07	3624
274060	7.973974e-08	4.067703e-07	2.943944e-07	3624
282316	7.977112e-08	4.067724e-07	2.943829e-07	3624
290572	7.980250e-08	4.067745e-07	2.943714e-07	3624
298828	7.983388e-08	4.067767e-07	2.943599e-07	3624
307084	7.986526e-08	4.067788e-07	2.943485e-07	3624
315340	7.989664e-08	4.067810e-07	2.943370e-07	3624
323596	7.992801e-08	4.067832e-07	2.943255e-07	3624
331852	7.995938e-08	4.067853e-07	2.943140e-07	3624
340108	7.999076e-08	4.067875e-07	2.943025e-07	3624
348364	8.002213e-08	4.067896e-07	2.942910e-07	3624
356620	8.005350e-08	4.067918e-07	2.942795e-07	3624
364876	8.008486e-08	4.067939e-07	2.942679e-07	3624
373132	8.011622e-08	4.067961e-07	2.942564e-07	3624
381388	8.014759e-08	4.067983e-07	2.942449e-07	3624
389644	8.017895e-08	4.068004e-07	2.942334e-07	3624
397900	8.021031e-08	4.068026e-07	2.942218e-07	3624
406156	8.024166e-08	4.068047e-07	2.942103e-07	3624
414412	8.027302e-08	4.068069e-07	2.941987e-07	3624
422668	8.030437e-08	4.068091e-07	2.941872e-07	3624
430924	8.033572e-08	4.068112e-07	2.941756e-07	3624
439180	8.036708e-08	4.068134e-07	2.941641e-07	3624
447436	8.039842e-08	4.068156e-07	2.941525e-07	3624
455692	8.042977e-08	4.068177e-07	2.941410e-07	3624
463948	8.046112e-08	4.068199e-07	2.941294e-07	3624
472204	8.049246e-08	4.068221e-07	2.941178e-07	3624
480460	8.052380e-08	4.068242e-07	2.941062e-07	3624
488716	8.055515e-08	4.068264e-07	2.940946e-07	3624
496972	8.058648e-08	4.068286e-07	2.940831e-07	3624
505228	8.061782e-08	4.068307e-07	2.940715e-07	3624
513484	8.064916e-08	4.068329e-07	2.940599e-07	3624
521740	8.068049e-08	4.068351e-07	2.940483e-07	3624
529996	8.071182e-08	4.068373e-07	2.940367e-07	3624
538252	8.074315e-08	4.068394e-07	2.940251e-07	3624
546508	8.077448e-08	4.068416e-07	2.940134e-07	3624
554764	8.080580e-08	4.068438e-07	2.940018e-07	3624
563020	8.083713e-08	4.068460e-07	2.939902e-07	3624
571276	8.086845e-08	4.068481e-07	2.939786e-07	3624
579532	8.089977e-08	4.068503e-07	2.939669e-07	3624
587788	8.093109e-08	4.068525e-07	2.939553e-07	3624
596044	8.096242e-08	4.068547e-07	2.939437e-07	3624
604300	8.099373e-08	4.068569e-07	2.939320e-07	3624
612556	8.102504e-08	4.068590e-07	2.939204e-07	3624
620812	8.105636e-08	4.068612e-07	2.939087e-07	3624
629068	8.108766e-08	4.068634e-07	2.938970e-07	3624
637324	8.111898e-08	4.068656e-07	2.938854e-07	3624
645580	8.115028e-08	4.068678e-07	2.938737e-07	3624
653836	8.118159e-08	4.068700e-07	2.938620e-07	3624
662092	8.121290e-08	4.068721e-07	2.938503e-07	3624
670348	8.124420e-08	4.068743e-07	2.938387e-07	3624
678604	8.127549e-08	4.068765e-07	2.938270e-07	3624
686860	8.130679e-08	4.068787e-07	2.938153e-07	3624
695116	8.133809e-08	4.068809e-07	2.938036e-07	3624
703372	8.136939e-08	4.068831e-07	2.937919e-07	3624
711628	8.140068e-08	4.068853e-07	2.937802e-07	3624
719884	8.143197e-08	4.068875e-07	2.937685e-07	3624
728140	8.146326e-08	4.068897e-07	2.937568e-07	3624
736396	8.149456e-08	4.068919e-07	2.937450e-07	3624
744652	8.152584e-08	4.068941e-07	2.937333e-07	3624
752908	8.155713e-08	4.068963e-07	2.937216e-07	3624
761164	8.158840e-08	4.068985e-07	2.937099e-07	3624
769420	8.161969e-08	4.069007e-07	2.936981e-07	3624
777676	8.165097e-08	4.069029e-07	2.936864e-07	3624
785932	8.168224e-08	4.069051e-07	2.936746e-07	3624
794188	8.171352e-08	4.069073e-07	2.936629e-07	3624
802444	8.174479e-08	4.069095e-07	2.936511e-07	3624
810700	8.177607e-08	4.069117e-07	2.936394e-07	3624
818956	8.180734e-08	4.069139e-07	2.936276e-07	3624
827212	8.183861e-08	4.069161e-07	2.936158e-07	3624
835468	8.186988e-08	4.069183e-07	2.936040e-07	3624
843724	8.190114e-08	4.069205e-07	2.935923e-07	3624
851980	8.193241e-08	4.069227e-07	2.935805e-07	3624
860236	8.196367e-08	4.069249e-07	2.935687e-07	3624
868492	8.199493e-08	4.069271e-07	2.935569e-07	3624
876748	8.202619e-08	4.069293e-07	2.935451e-07	3624
885004	8.205745e-08	4.069315e-07	2.935333e-07	3624
893260	8.208870e-08	4.069337e-07	2.935215e-07	3624
901516	8.211995e-08	4.069360e-07	2.935097e-07	3624
909772	8.215120e-08	4.069382e-07	2.934979e-07	3624
918028	8.218246e-08	4.069404e-07	2.934861e-07	3624
926284	8.221370e-08	4.069426e-07	2.934743e-07	3624
934540	8.224495e-08	4.069448e-07	2.934624e-07	3624
942796	8.227619e-08	4.069470e-07	2.934506e-07	3624
951052	8.230744e-08	4.069493e-07	2.934388e-07	3624
959308	8.233868e-08	4.069515e-07	2.934269e-07	3624
967564	8.236992e-08	4.069537e-07	2.934151e-07	3624
975820	8.240116e-08	4.069559e-07	2.934032e-07	3624
984076	8.243239e-08	4.069581e-07	2.933914e-07	3624
992332	8.246363e-08	4.069603e-07	2.933795e-07	3624
1000588	8.249486e-08	4.069626e-07	2.933677e-07	3624
1008844	8.252609e-08	4.069648e-07	2.933558e-07	3624
1017100	8.255732e-08	4.069670e-07	2.933439e-07	3624
1025356	8.258855e-08	4.069692e-07	2.933321e-07	3624
1033612	8.261977e-08	4.069715e-07	2.933202e-07	3624
1041868	8.265100e-08	4.069737e-07	2.933083e-07	3624
1050124	8.268222e-08	4.069759e-07	2.932964e-07	3624
1058380	8.271344e-08	4.069781e-07	2.932845e-07	3624
1066636	8.274466e-08	4.069803e-07	2.932726e-07	3624
1074892	8.277588e-08	4.069826e-07	2.932607e-07	3624
1083148	8.280709e-08	4.069848e-07	2.932488e-07	3624
1091404	8.283831e-08	4.069871e-07	2.932369e-07	3624
1099660	8.286951e-08	4.069893e-07	2.932250e-07	3624
1107916	8.290072e-08	4.069915e-07	2.932130e-07	3624
1116172	8.293193e-08	4.069937e-07	2.932011e-07	3624
1124428	8.296313e-08	4.069960e-07	2.931892e-07	3624
1132684	8.299434e-08	4.069982e-07	2.931773e-07	3624
1140940	8.302554e-08	4.070004e-07	2.931653e-07	3624
1149196	8.305674e-08	4.070027e-07	2.931534e-07	3624
3217	1.748082e-07	4.090429e-07	2.630514e-07	7464
11473	1.748350e-07	4.090476e-07	2.630263e-07	7464
19729	1.748619e-07	4.090523e-07	2.630012e-07	7464
27985	1.748887e-07	4.090570e-07	2.629761e-07	7464
36241	1.749155e-07	4.090616e-07	2.629510e-07	7464
44497	1.749423e-07	4.090663e-07	2.629259e-07	7464
52753	1.749691e-07	4.090710e-07	2.629008e-07	7464
61009	1.749959e-07	4.090757e-07	2.628756e-07	7464
69265	1.750227e-07	4.090804e-07	2.628505e-07	7464
77521	1.750495e-07	4.090851e-07	2.628254e-07	7464
85777	1.750763e-07	4.090897e-07	2.628002e-07	7464
94033	1.751031e-07	4.090944e-07	2.627751e-07	7464
102289	1.751299e-07	4.090991e-07	2.627499e-07	7464
110545	1.751567e-07	4.091038e-07	2.627248e-07	7464
118801	1.751835e-07	4.091085e-07	2.626996e-07	7464
127057	1.752102e-07	4.091132e-07	2.626745e-07	7464
135313	1.752370e-07	4.091179e-07	2.626493e-07	7464
143569	1.752638e-07	4.091225e-07	2.626242e-07	7464
151825	1.752905e-07	4.091272e-07	2.625990e-07	7464
160081	1.753173e-07	4.091319e-07	2.625738e-07	7464
168337	1.753441e-07	4.091366e-07	2.625486e-07	7464
176593	1.753708e-07	4.091413e-07	2.625235e-07	7464
184849	1.753975e-07	4.091460e-07	2.624983e-07	7464
193105	1.754243e-07	4.091507e-07	2.624731e-07	7464
201361	1.754510e-07	4.091554e-07	2.624479e-07	7464
209617	1.754778e-07	4.091601e-07	2.624227e-07	7464
217873	1.755045e-07	4.091648e-07	2.623975e-07	7464
226129	1.755312e-07	4.091695e-07	2.623723e-07	7464
234385	1.755580e-07	4.091742e-07	2.623471e-07	7464
242641	1.755847e-07	4.091789e-07	2.623219e-07	7464
250897	1.756114e-07	4.091836e-07	2.622967e-07	7464
259153	1.756381e-07	4.091883e-07	2.622714e-07	7464
267409	1.756648e-07	4.091929e-07	2.622462e-07	7464
275665	1.756915e-07	4.091977e-07	2.622210e-07	7464
283921	1.757182e-07	4.092024e-07	2.621958e-07	7464
292177	1.757449e-07	4.092070e-07	2.621705e-07	7464
300433	1.757716e-07	4.092118e-07	2.621453e-07	7464
308689	1.757983e-07	4.092165e-07	2.621200e-07	7464
316945	1.758250e-07	4.092212e-07	2.620948e-07	7464
325201	1.758517e-07	4.092259e-07	2.620695e-07	7464
333457	1.758784e-07	4.092306e-07	2.620443e-07	7464
341713	1.759051e-07	4.092353e-07	2.620190e-07	7464
349969	1.759317e-07	4.092400e-07	2.619938e-07	7464
358225	1.759584e-07	4.092447e-07	2.619685e-07	7464
366481	1.759851e-07	4.092494e-07	2.619433e-07	7464
374737	1.760117e-07	4.092541e-07	2.619180e-07	7464
382993	1.760384e-07	4.092588e-07	2.618927e-07	7464
391249	1.760651e-07	4.092635e-07	2.618674e-07	7464
399505	1.760917e-07	4.092682e-07	2.618421e-07	7464
407761	1.761184e-07	4.092730e-07	2.618168e-07	7464
416017	1.761450e-07	4.092777e-07	2.617915e-07	7464
424273	1.761716e-07	4.092824e-07	2.617662e-07	7464
432529	1.761983e-07	4.092871e-07	2.617410e-07	7464
440785	1.762249e-07	4.092918e-07	2.617157e-07	7464
449041	1.762515e-07	4.092965e-07	2.616904e-07	7464
457297	1.762782e-07	4.093012e-07	2.616650e-07	7464
465553	1.763048e-07	4.093060e-07	2.616397e-07	7464
473809	1.763314e-07	4.093107e-07	2.616144e-07	7464
482065	1.763580e-07	4.093154e-07	2.615891e-07	7464
490321	1.763846e-07	4.093201e-07	2.615637e-07	7464
498577	1.764112e-07	4.093248e-07	2.615384e-07	7464
506833	1.764378e-07	4.093295e-07	2.615131e-07	7464
515089	1.764644e-07	4.093343e-07	2.614877e-07	7464
523345	1.764910e-07	4.093390e-07	2.614624e-07	7464
531601	1.765176e-07	4.093437e-07	2.614371e-07	7464
539857	1.765442e-07	4.093484e-07	2.614117e-07	7464
548113	1.765708e-07	4.093532e-07	2.613864e-07	7464
556369	1.765974e-07	4.093579e-07	2.613610e-07	7464
564625	1.766240e-07	4.093626e-07	2.613357e-07	7464
572881	1.766505e-07	4.093673e-07	2.613103e-07	7464
581137	1.766771e-07	4.093721e-07	2.612849e-07	7464
589393	1.767037e-07	4.093768e-07	2.612595e-07	7464
597649	1.767302e-07	4.093815e-07	2.612342e-07	7464
605905	1.767568e-07	4.093862e-07	2.612088e-07	7464
614161	1.767833e-07	4.093910e-07	2.611834e-07	7464
622417	1.768099e-07	4.093957e-07	2.611580e-07	7464
630673	1.768364e-07	4.094004e-07	2.611326e-07	7464
638929	1.768630e-07	4.094051e-07	2.611072e-07	7464
647185	1.768895e-07	4.094099e-07	2.610819e-07	7464
655441	1.769160e-07	4.094146e-07	2.610564e-07	7464
663697	1.769426e-07	4.094194e-07	2.610310e-07	7464
671953	1.769691e-07	4.094241e-07	2.610056e-07	7464
680209	1.769956e-07	4.094288e-07	2.609802e-07	7464
688465	1.770221e-07	4.094336e-07	2.609548e-07	7464
696721	1.770487e-07	4.094383e-07	2.609294e-07	7464
704977	1.770752e-07	4.094430e-07	2.609039e-07	7464
713233	1.771017e-07	4.094478e-07	2.608785e-07	7464
721489	1.771282e-07	4.094525e-07	2.608531e-07	7464
729745	1.771547e-07	4.094572e-07	2.608276e-07	7464
738001	1.771812e-07	4.094620e-07	2.608022e-07	7464
746257	1.772077e-07	4.094667e-07	2.607768e-07	7464
754513	1.772342e-07	4.094715e-07	2.607513e-07	7464
762769	1.772607e-07	4.094762e-07	2.607259e-07	7464
771025	1.772871e-07	4.094809e-07	2.607004e-07	7464
779281	1.773136e-07	4.094857e-07	2.606749e-07	7464
787537	1.773401e-07	4.094904e-07	2.606495e-07	7464
795793	1.773666e-07	4.094952e-07	2.606240e-07	7464
804049	1.773930e-07	4.094999e-07	2.605985e-07	7464
812305	1.774195e-07	4.095047e-07	2.605731e-07	7464
820561	1.774460e-07	4.095094e-07	2.605476e-07	7464
828817	1.774724e-07	4.095142e-07	2.605221e-07	7464
837073	1.774989e-07	4.095189e-07	2.604966e-07	7464
845329	1.775253e-07	4.095237e-07	2.604711e-07	7464
853585	1.775518e-07	4.095284e-07	2.604457e-07	7464
861841	1.775782e-07	4.095332e-07	2.604201e-07	7464
870097	1.776046e-07	4.095379e-07	2.603946e-07	7464
878353	1.776311e-07	4.095427e-07	2.603691e-07	7464
886609	1.776575e-07	4.095474e-07	2.603436e-07	7464
894865	1.776839e-07	4.095522e-07	2.603181e-07	7464
903121	1.777103e-07	4.095569e-07	2.602926e-07	7464
911377	1.777368e-07	4.095617e-07	2.602671e-07	7464
919633	1.777632e-07	4.095664e-07	2.602416e-07	7464
927889	1.777896e-07	4.095712e-07	2.602160e-07	7464
936145	1.778160e-07	4.095760e-07	2.601905e-07	7464
944401	1.778424e-07	4.095807e-07	2.601650e-07	7464
952657	1.778688e-07	4.095855e-07	2.601394e-07	7464
960913	1.778952e-07	4.095902e-07	2.601139e-07	7464
969169	1.779216e-07	4.095950e-07	2.600883e-07	7464
977425	1.779480e-07	4.095997e-07	2.600628e-07	7464
985681	1.779744e-07	4.096045e-07	2.600372e-07	7464
993937	1.780007e-07	4.096093e-07	2.600117e-07	7464
1002193	1.780271e-07	4.096140e-07	2.599861e-07	7464
1010449	1.780535e-07	4.096188e-07	2.599606e-07	7464
1018705	1.780798e-07	4.096236e-07	2.599350e-07	7464
1026961	1.781062e-07	4.096283e-07	2.599094e-07	7464
1035217	1.781326e-07	4.096331e-07	2.598838e-07	7464
1043473	1.781589e-07	4.096378e-07	2.598583e-07	7464
1051729	1.781853e-07	4.096426e-07	2.598327e-07	7464
1059985	1.782116e-07	4.096474e-07	2.598071e-07	7464
1068241	1.782380e-07	4.096522e-07	2.597815e-07	7464
1076497	1.782643e-07	4.096569e-07	2.597559e-07	7464
1084753	1.782907e-07	4.096617e-07	2.597303e-07	7464
1093009	1.783170e-07	4.096665e-07	2.597047e-07	7464
1101265	1.783433e-07	4.096712e-07	2.596791e-07	7464
1109521	1.783697e-07	4.096760e-07	2.596535e-07	7464
1117777	1.783960e-07	4.096808e-07	2.596279e-07	7464
1126033	1.784223e-07	4.096856e-07	2.596022e-07	7464
1134289	1.784486e-07	4.096903e-07	2.595766e-07	7464
1142545	1.784749e-07	4.096951e-07	2.595510e-07	7464
1150801	1.785012e-07	4.096999e-07	2.595254e-07	7464
3511	2.958122e-07	4.097913e-07	2.217515e-07	8232
11767	2.958331e-07	4.097992e-07	2.217090e-07	8232
20023	2.958540e-07	4.098071e-07	2.216666e-07	8232
28279	2.958749e-07	4.098150e-07	2.216241e-07	8232
36535	2.958957e-07	4.098229e-07	2.215816e-07	8232
44791	2.959166e-07	4.098308e-07	2.215392e-07	8232
53047	2.959374e-07	4.098387e-07	2.214967e-07	8232
61303	2.959583e-07	4.098466e-07	2.214542e-07	8232
69559	2.959791e-07	4.098545e-07	2.214118e-07	8232
77815	2.959999e-07	4.098624e-07	2.213693e-07	8232
86071	2.960208e-07	4.098703e-07	2.213268e-07	8232
94327	2.960416e-07	4.098782e-07	2.212843e-07	8232
102583	2.960624e-07	4.098861e-07	2.212418e-07	8232
110839	2.960832e-07	4.098940e-07	2.211993e-07	8232
119095	2.961040e-07	4.099019e-07	2.211568e-07	8232
127351	2.961248e-07	4.099098e-07	2.211143e-07	8232
135607	2.961456e-07	4.099177e-07	2.210718e-07	8232
143863	2.961664e-07	4.099256e-07	2.210293e-07	8232
152119	2.961872e-07	4.099335e-07	2.209868e-07	8232
160375	2.962079e-07	4.099414e-07	2.209443e-07	8232
168631	2.962287e-07	4.099493e-07	2.209018e-07	8232
176887	2.962495e-07	4.099572e-07	2.208593e-07	8232
185143	2.962702e-07	4.099651e-07	2.208168e-07	8232
193399	2.962909e-07	4.099731e-07	2.207743e-07	8232
201655	2.963117e-07	4.099810e-07	2.207317e-07	8232
209911	2.963324e-07	4.099889e-07	2.206892e-07	8232
218167	2.963531e-07	4.099968e-07	2.206467e-07	8232
226423	2.963739e-07	4.100047e-07	2.206042e-07	8232
234679	2.963946e-07	4.100126e-07	2.205616e-07	8232
242935	2.964153e-07	4.100205e-07	2.205191e-07	8232
251191	2.964360e-07	4.100284e-07	2.204765e-07	8232
259447	2.964567e-07	4.100363e-07	2.204340e-07	8232
267703	2.964774e-07	4.100443e-07	2.203915e-07	8232
275959	2.964981e-07	4.100522e-07	2.203489e-07	8232
284215	2.965187e-07	4.100601e-07	2.203063e-07	8232
292471	2.965394e-07	4.100680e-07	2.202638e-07	8232
300727	2.965601e-07	4.100759e-07	2.202212e-07	8232
308983	2.965807e-07	4.100838e-07	2.201787e-07	8232
317239	2.966014e-07	4.100917e-07	2.201361e-07	8232
325495	2.966220e-07	4.100997e-07	2.200935e-07	8232
333751	2.966427e-07	4.101076e-07	2.200510e-07	8232
342007	2.966633e-07	4.101155e-07	2.200084e-07	8232
350263	2.966839e-07	4.101234e-07	2.199658e-07	8232
358519	2.967045e-07	4.101313e-07	2.199232e-07	8232
366775	2.967251e-07	4.101393e-07	2.198807e-07	8232
375031	2.967458e-07	4.101472e-07	2.198381e-07	8232
383287	2.967664e-07	4.101551e-07	2.197955e-07	8232
391543	2.967869e-07	4.101630e-07	2.197529e-07	8232
399799	2.968075e-07	4.101709e-07	2.197103e-07	8232
408055	2.968281e-07	4.101788e-07	2.196677e-07	8232
416311	2.968487e-07	4.101868e-07	2.196251e-07	8232
424567	2.968692e-07	4.101947e-07	2.195825e-07	8232
432823	2.968898e-07	4.102026e-07	2.195399e-07	8232
441079	2.969104e-07	4.102105e-07	2.194973e-07	8232
449335	2.969309e-07	4.102185e-07	2.194547e-07	8232
457591	2.969515e-07	4.102264e-07	2.194121e-07	8232
465847	2.969720e-07	4.102343e-07	2.193694e-07	8232
474103	2.969925e-07	4.102422e-07	2.193268e-07	8232
482359	2.970131e-07	4.102502e-07	2.192842e-07	8232
490615	2.970336e-07	4.102581e-07	2.192416e-07	8232
498871	2.970541e-07	4.102660e-07	2.191989e-07	8232
507127	2.970746e-07	4.102739e-07	2.191563e-07	8232
515383	2.970951e-07	4.102819e-07	2.191137e-07	8232
523639	2.971156e-07	4.102898e-07	2.190710e-07	8232
531895	2.971361e-07	4.102977e-07	2.190284e-07	8232
540151	2.971566e-07	4.103057e-07	2.189857e-07	8232
548407	2.971770e-07	4.103136e-07	2.189431e-07	8232
556663	2.971975e-07	4.103215e-07	2.189005e-07	8232
564919	2.972180e-07	4.103294e-07	2.188578e-07	8232
573175	2.972384e-07	4.103374e-07	2.188151e-07	8232
581431	2.972589e-07	4.103453e-07	2.187725e-07	8232
589687	2.972793e-07	4.103533e-07	2.187298e-07	8232
597943	2.972997e-07	4.103612e-07	2.186872e-07	8232
606199	2.973202e-07	4.103691e-07	2.186445e-07	8232
614455	2.973406e-07	4.103771e-07	2.186018e-07	8232
622711	2.973610e-07	4.103850e-07	2.185592e-07	8232
630967	2.973814e-07	4.103929e-07	2.185165e-07	8232
639223	2.974018e-07	4.104009e-07	2.184738e-07	8232
647479	2.974222e-07	4.104088e-07	2.184311e-07	8232
655735	2.974426e-07	4.104167e-07	2.183884e-07	8232
663991	2.974630e-07	4.104247e-07	2.183457e-07	8232
672247	2.974834e-07	4.104326e-07	2.183030e-07	8232
680503	2.975037e-07	4.104405e-07	2.182604e-07	8232
688759	2.975241e-07	4.104485e-07	2.182177e-07	8232
697015	2.975445e-07	4.104564e-07	2.181750e-07	8232
705271	2.975648e-07	4.104644e-07	2.181323e-07	8232
713527	2.975852e-07	4.104723e-07	2.180896e-07	8232
721783	2.976055e-07	4.104803e-07	2.180468e-07	8232
730039	2.976258e-07	4.104882e-07	2.180041e-07	8232
738295	2.976462e-07	4.104961e-07	2.179614e-07	8232
746551	2.976665e-07	4.105041e-07	2.179187e-07	8232
754807	2.976868e-07	4.105120e-07	2.178760e-07	8232
763063	2.977071e-07	4.105200e-07	2.178333e-07	8232
771319	2.977274e-07	4.105279e-07	2.177905e-07	8232
779575	2.977477e-07	4.105359e-07	2.177478e-07	8232
787831	2.977680e-07	4.105438e-07	2.177051e-07	8232
796087	2.977883e-07	4.105518e-07	2.176623e-07	8232
804343	2.978086e-07	4.105597e-07	2.176196e-07	8232
812599	2.978288e-07	4.105677e-07	2.175769e-07	8232
820855	2.978491e-07	4.105756e-07	2.175341e-07	8232
829111	2.978694e-07	4.105836e-07	2.174914e-07	8232
837367	2.978896e-07	4.105915e-07	2.174486e-07	8232
845623	2.979098e-07	4.105995e-07	2.174059e-07	8232
853879	2.979301e-07	4.106074e-07	2.173631e-07	8232
862135	2.979503e-07	4.106154e-07	2.173203e-07	8232
870391	2.979706e-07	4.106233e-07	2.172776e-07	8232
878647	2.979908e-07	4.106313e-07	2.172348e-07	8232
886903	2.980110e-07	4.106392e-07	2.171921e-07	8232
895159	2.980312e-07	4.106472e-07	2.171493e-07	8232
903415	2.980514e-07	4.106551e-07	2.171065e-07	8232
796	3.984133e-07	4.106587e-07	1.891995e-07	1842
911671	2.980716e-07	4.106631e-07	2.170637e-07	8232
9052	3.984295e-07	4.106693e-07	1.891423e-07	1842
919927	2.980918e-07	4.106710e-07	2.170210e-07	8232
928183	2.981120e-07	4.106790e-07	2.169782e-07	8232
17308	3.984457e-07	4.106800e-07	1.890851e-07	1842
936439	2.981321e-07	4.106869e-07	2.169354e-07	8232
25564	3.984619e-07	4.106906e-07	1.890280e-07	1842
944695	2.981523e-07	4.106949e-07	2.168926e-07	8232
33820	3.984780e-07	4.107012e-07	1.889708e-07	1842
952951	2.981725e-07	4.107029e-07	2.168498e-07	8232
961207	2.981926e-07	4.107108e-07	2.168070e-07	8232
42076	3.984942e-07	4.107118e-07	1.889136e-07	1842
969463	2.982128e-07	4.107188e-07	2.167642e-07	8232
50332	3.985103e-07	4.107225e-07	1.888564e-07	1842
977719	2.982329e-07	4.107267e-07	2.167214e-07	8232
58588	3.985265e-07	4.107331e-07	1.887993e-07	1842
985975	2.982531e-07	4.107347e-07	2.166786e-07	8232
994231	2.982732e-07	4.107426e-07	2.166358e-07	8232
66844	3.985426e-07	4.107437e-07	1.887421e-07	1842
1002487	2.982933e-07	4.107506e-07	2.165930e-07	8232
75100	3.985587e-07	4.107544e-07	1.886849e-07	1842
1010743	2.983134e-07	4.107586e-07	2.165502e-07	8232
83356	3.985748e-07	4.107650e-07	1.886277e-07	1842
1018999	2.983336e-07	4.107665e-07	2.165074e-07	8232
1027255	2.983537e-07	4.107745e-07	2.164646e-07	8232
91612	3.985909e-07	4.107756e-07	1.885705e-07	1842
1035511	2.983737e-07	4.107825e-07	2.164218e-07	8232
99868	3.986070e-07	4.107862e-07	1.885133e-07	1842
1043767	2.983938e-07	4.107904e-07	2.163790e-07	8232
108124	3.986231e-07	4.107969e-07	1.884561e-07	1842
1052023	2.984139e-07	4.107984e-07	2.163361e-07	8232
1060279	2.984340e-07	4.108064e-07	2.162933e-07	8232
116380	3.986392e-07	4.108075e-07	1.883989e-07	1842
1068535	2.984541e-07	4.108143e-07	2.162505e-07	8232
124636	3.986553e-07	4.108181e-07	1.883417e-07	1842
1076791	2.984742e-07	4.108223e-07	2.162076e-07	8232
132892	3.986713e-07	4.108288e-07	1.882845e-07	1842
1085047	2.984942e-07	4.108302e-07	2.161648e-07	8232
1093303	2.985143e-07	4.108382e-07	2.161220e-07	8232
141148	3.986874e-07	4.108394e-07	1.882273e-07	1842
1101559	2.985343e-07	4.108462e-07	2.160791e-07	8232
149404	3.987035e-07	4.108500e-07	1.881701e-07	1842
1109815	2.985544e-07	4.108541e-07	2.160363e-07	8232
157660	3.987195e-07	4.108607e-07	1.881129e-07	1842
1118071	2.985744e-07	4.108621e-07	2.159934e-07	8232
1126327	2.985944e-07	4.108701e-07	2.159506e-07	8232
165916	3.987355e-07	4.108713e-07	1.880557e-07	1842
1134583	2.986145e-07	4.108780e-07	2.159077e-07	8232
174172	3.987516e-07	4.108819e-07	1.879985e-07	1842
1142839	2.986345e-07	4.108860e-07	2.158649e-07	8232
182428	3.987676e-07	4.108925e-07	1.879413e-07	1842
1151095	2.986545e-07	4.108940e-07	2.158220e-07	8232
190684	3.987836e-07	4.109032e-07	1.878841e-07	1842
198940	3.987996e-07	4.109138e-07	1.878269e-07	1842
207196	3.988156e-07	4.109245e-07	1.877696e-07	1842
215452	3.988315e-07	4.109351e-07	1.877124e-07	1842
223708	3.988475e-07	4.109457e-07	1.876552e-07	1842
231964	3.988634e-07	4.109563e-07	1.875980e-07	1842
240220	3.988794e-07	4.109670e-07	1.875407e-07	1842
248476	3.988954e-07	4.109776e-07	1.874835e-07	1842
256732	3.989113e-07	4.109883e-07	1.874263e-07	1842
264988	3.989272e-07	4.109989e-07	1.873690e-07	1842
273244	3.989431e-07	4.110095e-07	1.873118e-07	1842
281500	3.989591e-07	4.110202e-07	1.872545e-07	1842
289756	3.989750e-07	4.110308e-07	1.871973e-07	1842
298012	3.989909e-07	4.110414e-07	1.871400e-07	1842
306268	3.990068e-07	4.110521e-07	1.870828e-07	1842
314524	3.990226e-07	4.110627e-07	1.870255e-07	1842
322780	3.990385e-07	4.110734e-07	1.869683e-07	1842
331036	3.990544e-07	4.110840e-07	1.869110e-07	1842
339292	3.990702e-07	4.110946e-07	1.868538e-07	1842
347548	3.990860e-07	4.111053e-07	1.867965e-07	1842
355804	3.991019e-07	4.111159e-07	1.867393e-07	1842
364060	3.991177e-07	4.111266e-07	1.866820e-07	1842
372316	3.991335e-07	4.111372e-07	1.866247e-07	1842
380572	3.991493e-07	4.111479e-07	1.865675e-07	1842
388828	3.991651e-07	4.111585e-07	1.865102e-07	1842
397084	3.991809e-07	4.111691e-07	1.864529e-07	1842
405340	3.991967e-07	4.111798e-07	1.863956e-07	1842
413596	3.992125e-07	4.111904e-07	1.863384e-07	1842
421852	3.992283e-07	4.112011e-07	1.862811e-07	1842
430108	3.992440e-07	4.112117e-07	1.862238e-07	1842
438364	3.992598e-07	4.112224e-07	1.861665e-07	1842
446620	3.992755e-07	4.112330e-07	1.861092e-07	1842
454876	3.992913e-07	4.112437e-07	1.860519e-07	1842
463132	3.993070e-07	4.112543e-07	1.859946e-07	1842
471388	3.993227e-07	4.112649e-07	1.859373e-07	1842
479644	3.993384e-07	4.112756e-07	1.858801e-07	1842
487900	3.993541e-07	4.112863e-07	1.858228e-07	1842
496156	3.993698e-07	4.112969e-07	1.857654e-07	1842
3016	1.194179e-07	4.123778e-07	2.852030e-07	6952
11272	1.194479e-07	4.123810e-07	2.851859e-07	6952
19528	1.194778e-07	4.123842e-07	2.851687e-07	6952
27784	1.195077e-07	4.123874e-07	2.851515e-07	6952
36040	1.195376e-07	4.123906e-07	2.851344e-07	6952
44296	1.195675e-07	4.123938e-07	2.851172e-07	6952
52552	1.195974e-07	4.123970e-07	2.851000e-07	6952
60808	1.196273e-07	4.124003e-07	2.850828e-07	6952
69064	1.196572e-07	4.124035e-07	2.850656e-07	6952
77320	1.196871e-07	4.124067e-07	2.850484e-07	6952
85576	1.197170e-07	4.124099e-07	2.850312e-07	6952
93832	1.197469e-07	4.124131e-07	2.850140e-07	6952
102088	1.197768e-07	4.124163e-07	2.849968e-07	6952
110344	1.198067e-07	4.124195e-07	2.849796e-07	6952
118600	1.198365e-07	4.124227e-07	2.849624e-07	6952
126856	1.198664e-07	4.124259e-07	2.849452e-07	6952
135112	1.198963e-07	4.124292e-07	2.849279e-07	6952
143368	1.199262e-07	4.124324e-07	2.849107e-07	6952
151624	1.199560e-07	4.124356e-07	2.848935e-07	6952
159880	1.199859e-07	4.124388e-07	2.848762e-07	6952
168136	1.200158e-07	4.124420e-07	2.848590e-07	6952
176392	1.200456e-07	4.124453e-07	2.848417e-07	6952
184648	1.200755e-07	4.124485e-07	2.848245e-07	6952
192904	1.201054e-07	4.124517e-07	2.848072e-07	6952
201160	1.201352e-07	4.124549e-07	2.847900e-07	6952
209416	1.201651e-07	4.124581e-07	2.847727e-07	6952
217672	1.201949e-07	4.124614e-07	2.847554e-07	6952
225928	1.202248e-07	4.124646e-07	2.847382e-07	6952
234184	1.202546e-07	4.124678e-07	2.847209e-07	6952
242440	1.202845e-07	4.124711e-07	2.847036e-07	6952
250696	1.203143e-07	4.124743e-07	2.846863e-07	6952
258952	1.203441e-07	4.124775e-07	2.846690e-07	6952
267208	1.203740e-07	4.124807e-07	2.846517e-07	6952
275464	1.204038e-07	4.124840e-07	2.846344e-07	6952
283720	1.204336e-07	4.124872e-07	2.846171e-07	6952
291976	1.204635e-07	4.124904e-07	2.845998e-07	6952
300232	1.204933e-07	4.124937e-07	2.845825e-07	6952
308488	1.205231e-07	4.124969e-07	2.845652e-07	6952
316744	1.205529e-07	4.125001e-07	2.845479e-07	6952
325000	1.205828e-07	4.125034e-07	2.845306e-07	6952
333256	1.206126e-07	4.125066e-07	2.845132e-07	6952
341512	1.206424e-07	4.125098e-07	2.844959e-07	6952
349768	1.206722e-07	4.125131e-07	2.844785e-07	6952
358024	1.207020e-07	4.125163e-07	2.844612e-07	6952
366280	1.207318e-07	4.125196e-07	2.844439e-07	6952
374536	1.207616e-07	4.125228e-07	2.844265e-07	6952
382792	1.207914e-07	4.125260e-07	2.844092e-07	6952
391048	1.208212e-07	4.125293e-07	2.843918e-07	6952
399304	1.208510e-07	4.125325e-07	2.843744e-07	6952
407560	1.208808e-07	4.125358e-07	2.843571e-07	6952
415816	1.209106e-07	4.125390e-07	2.843397e-07	6952
424072	1.209404e-07	4.125422e-07	2.843223e-07	6952
432328	1.209702e-07	4.125455e-07	2.843049e-07	6952
440584	1.209999e-07	4.125487e-07	2.842876e-07	6952
448840	1.210297e-07	4.125520e-07	2.842702e-07	6952
457096	1.210595e-07	4.125552e-07	2.842528e-07	6952
465352	1.210893e-07	4.125585e-07	2.842354e-07	6952
473608	1.211190e-07	4.125617e-07	2.842180e-07	6952
481864	1.211488e-07	4.125650e-07	2.842006e-07	6952
490120	1.211786e-07	4.125682e-07	2.841832e-07	6952
498376	1.212083e-07	4.125715e-07	2.841658e-07	6952
506632	1.212381e-07	4.125747e-07	2.841483e-07	6952
514888	1.212679e-07	4.125780e-07	2.841309e-07	6952
523144	1.212976e-07	4.125812e-07	2.841135e-07	6952
531400	1.213274e-07	4.125845e-07	2.840960e-07	6952
539656	1.213571e-07	4.125878e-07	2.840786e-07	6952
547912	1.213869e-07	4.125910e-07	2.840612e-07	6952
556168	1.214166e-07	4.125943e-07	2.840438e-07	6952
564424	1.214464e-07	4.125975e-07	2.840263e-07	6952
572680	1.214761e-07	4.126008e-07	2.840088e-07	6952
580936	1.215058e-07	4.126040e-07	2.839914e-07	6952
589192	1.215356e-07	4.126073e-07	2.839739e-07	6952
597448	1.215653e-07	4.126106e-07	2.839565e-07	6952
605704	1.215951e-07	4.126138e-07	2.839390e-07	6952
613960	1.216248e-07	4.126171e-07	2.839215e-07	6952
622216	1.216545e-07	4.126204e-07	2.839040e-07	6952
630472	1.216842e-07	4.126236e-07	2.838865e-07	6952
638728	1.217139e-07	4.126269e-07	2.838691e-07	6952
646984	1.217437e-07	4.126302e-07	2.838516e-07	6952
655240	1.217734e-07	4.126334e-07	2.838341e-07	6952
663496	1.218031e-07	4.126367e-07	2.838166e-07	6952
671752	1.218328e-07	4.126399e-07	2.837991e-07	6952
680008	1.218625e-07	4.126432e-07	2.837816e-07	6952
688264	1.218922e-07	4.126465e-07	2.837641e-07	6952
696520	1.219219e-07	4.126498e-07	2.837465e-07	6952
704776	1.219516e-07	4.126530e-07	2.837290e-07	6952
713032	1.219813e-07	4.126563e-07	2.837115e-07	6952
721288	1.220110e-07	4.126596e-07	2.836940e-07	6952
729544	1.220407e-07	4.126628e-07	2.836764e-07	6952
737800	1.220704e-07	4.126661e-07	2.836589e-07	6952
746056	1.221001e-07	4.126694e-07	2.836414e-07	6952
754312	1.221297e-07	4.126727e-07	2.836238e-07	6952
762568	1.221594e-07	4.126759e-07	2.836063e-07	6952
770824	1.221891e-07	4.126792e-07	2.835887e-07	6952
779080	1.222188e-07	4.126825e-07	2.835712e-07	6952
787336	1.222485e-07	4.126858e-07	2.835536e-07	6952
795592	1.222781e-07	4.126891e-07	2.835360e-07	6952
803848	1.223078e-07	4.126923e-07	2.835184e-07	6952
812104	1.223375e-07	4.126956e-07	2.835009e-07	6952
820360	1.223671e-07	4.126989e-07	2.834833e-07	6952
828616	1.223968e-07	4.127022e-07	2.834657e-07	6952
836872	1.224264e-07	4.127055e-07	2.834481e-07	6952
845128	1.224561e-07	4.127087e-07	2.834305e-07	6952
853384	1.224857e-07	4.127120e-07	2.834129e-07	6952
861640	1.225154e-07	4.127153e-07	2.833953e-07	6952
869896	1.225450e-07	4.127186e-07	2.833777e-07	6952
878152	1.225747e-07	4.127219e-07	2.833601e-07	6952
886408	1.226043e-07	4.127252e-07	2.833425e-07	6952
894664	1.226340e-07	4.127285e-07	2.833249e-07	6952
902920	1.226636e-07	4.127318e-07	2.833072e-07	6952
911176	1.226932e-07	4.127351e-07	2.832896e-07	6952
919432	1.227229e-07	4.127384e-07	2.832720e-07	6952
927688	1.227525e-07	4.127417e-07	2.832543e-07	6952
935944	1.227821e-07	4.127450e-07	2.832367e-07	6952
944200	1.228118e-07	4.127482e-07	2.832191e-07	6952
952456	1.228414e-07	4.127515e-07	2.832014e-07	6952
960712	1.228710e-07	4.127548e-07	2.831838e-07	6952
968968	1.229006e-07	4.127581e-07	2.831661e-07	6952
977224	1.229302e-07	4.127614e-07	2.831484e-07	6952
985480	1.229598e-07	4.127647e-07	2.831308e-07	6952
993736	1.229894e-07	4.127680e-07	2.831131e-07	6952
1001992	1.230190e-07	4.127713e-07	2.830954e-07	6952
1010248	1.230487e-07	4.127746e-07	2.830778e-07	6952
1018504	1.230783e-07	4.127779e-07	2.830601e-07	6952
1026760	1.231079e-07	4.127812e-07	2.830424e-07	6952
1035016	1.231374e-07	4.127845e-07	2.830247e-07	6952
1043272	1.231670e-07	4.127878e-07	2.830070e-07	6952
1051528	1.231966e-07	4.127911e-07	2.829893e-07	6952
1059784	1.232262e-07	4.127944e-07	2.829716e-07	6952
1068040	1.232558e-07	4.127977e-07	2.829539e-07	6952
1076296	1.232854e-07	4.128011e-07	2.829362e-07	6952
1084552	1.233149e-07	4.128044e-07	2.829185e-07	6952
1092808	1.233445e-07	4.128077e-07	2.829007e-07	6952
1101064	1.233741e-07	4.128110e-07	2.828830e-07	6952
1109320	1.234037e-07	4.128143e-07	2.828653e-07	6952
1117576	1.234332e-07	4.128176e-07	2.828476e-07	6952
1125832	1.234628e-07	4.128209e-07	2.828298e-07	6952
1134088	1.234924e-07	4.128242e-07	2.828121e-07	6952
1142344	1.235219e-07	4.128275e-07	2.827943e-07	6952
1150600	1.235515e-07	4.128308e-07	2.827766e-07	6952
674	3.705023e-07	4.139160e-07	2.011921e-07	1586
8930	3.705201e-07	4.139259e-07	2.011389e-07	1586
17186	3.705379e-07	4.139358e-07	2.010858e-07	1586
25442	3.705557e-07	4.139457e-07	2.010326e-07	1586
33698	3.705735e-07	4.139555e-07	2.009794e-07	1586
41954	3.705913e-07	4.139654e-07	2.009263e-07	1586
50210	3.706091e-07	4.139753e-07	2.008731e-07	1586
58466	3.706269e-07	4.139852e-07	2.008199e-07	1586
66722	3.706447e-07	4.139951e-07	2.007667e-07	1586
74978	3.706624e-07	4.140050e-07	2.007135e-07	1586
83234	3.706802e-07	4.140149e-07	2.006603e-07	1586
91490	3.706979e-07	4.140248e-07	2.006071e-07	1586
99746	3.707157e-07	4.140346e-07	2.005540e-07	1586
108002	3.707334e-07	4.140445e-07	2.005008e-07	1586
116258	3.707511e-07	4.140544e-07	2.004476e-07	1586
124514	3.707688e-07	4.140643e-07	2.003944e-07	1586
132770	3.707865e-07	4.140742e-07	2.003412e-07	1586
141026	3.708042e-07	4.140841e-07	2.002880e-07	1586
149282	3.708219e-07	4.140940e-07	2.002348e-07	1586
157538	3.708396e-07	4.141039e-07	2.001815e-07	1586
165794	3.708573e-07	4.141138e-07	2.001283e-07	1586
174050	3.708749e-07	4.141237e-07	2.000751e-07	1586
182306	3.708926e-07	4.141336e-07	2.000219e-07	1586
190562	3.709103e-07	4.141434e-07	1.999687e-07	1586
198818	3.709279e-07	4.141533e-07	1.999154e-07	1586
207074	3.709455e-07	4.141632e-07	1.998622e-07	1586
215330	3.709632e-07	4.141731e-07	1.998090e-07	1586
223586	3.709808e-07	4.141830e-07	1.997558e-07	1586
231842	3.709984e-07	4.141929e-07	1.997025e-07	1586
240098	3.710160e-07	4.142028e-07	1.996493e-07	1586
248354	3.710336e-07	4.142127e-07	1.995961e-07	1586
256610	3.710512e-07	4.142226e-07	1.995428e-07	1586
264866	3.710688e-07	4.142325e-07	1.994896e-07	1586
273122	3.710863e-07	4.142424e-07	1.994363e-07	1586
281378	3.711039e-07	4.142523e-07	1.993831e-07	1586
289634	3.711215e-07	4.142622e-07	1.993298e-07	1586
297890	3.711390e-07	4.142721e-07	1.992766e-07	1586
306146	3.711566e-07	4.142820e-07	1.992233e-07	1586
314402	3.711741e-07	4.142919e-07	1.991701e-07	1586
322658	3.711916e-07	4.143018e-07	1.991168e-07	1586
330914	3.712091e-07	4.143117e-07	1.990635e-07	1586
339170	3.712266e-07	4.143216e-07	1.990103e-07	1586
347426	3.712441e-07	4.143315e-07	1.989570e-07	1586
355682	3.712616e-07	4.143414e-07	1.989037e-07	1586
363938	3.712791e-07	4.143513e-07	1.988505e-07	1586
372194	3.712966e-07	4.143612e-07	1.987972e-07	1586
380450	3.713141e-07	4.143711e-07	1.987439e-07	1586
388706	3.713315e-07	4.143810e-07	1.986906e-07	1586
396962	3.713490e-07	4.143909e-07	1.986374e-07	1586
405218	3.713664e-07	4.144008e-07	1.985841e-07	1586
413474	3.713839e-07	4.144107e-07	1.985308e-07	1586
421730	3.714013e-07	4.144206e-07	1.984775e-07	1586
429986	3.714187e-07	4.144305e-07	1.984242e-07	1586
438242	3.714362e-07	4.144404e-07	1.983709e-07	1586
446498	3.714536e-07	4.144503e-07	1.983176e-07	1586
454754	3.714709e-07	4.144602e-07	1.982643e-07	1586
463010	3.714883e-07	4.144701e-07	1.982110e-07	1586
471266	3.715057e-07	4.144800e-07	1.981577e-07	1586
479522	3.715231e-07	4.144900e-07	1.981044e-07	1586
487778	3.715405e-07	4.144999e-07	1.980511e-07	1586
496034	3.715578e-07	4.145098e-07	1.979977e-07	1586
504290	3.715752e-07	4.145197e-07	1.979444e-07	1586
512546	3.715925e-07	4.145296e-07	1.978911e-07	1586
520802	3.716098e-07	4.145395e-07	1.978378e-07	1586
529058	3.716272e-07	4.145494e-07	1.977845e-07	1586
537314	3.716445e-07	4.145593e-07	1.977312e-07	1586
545570	3.716618e-07	4.145692e-07	1.976778e-07	1586
553826	3.716791e-07	4.145791e-07	1.976245e-07	1586
562082	3.716964e-07	4.145891e-07	1.975712e-07	1586
570338	3.717137e-07	4.145990e-07	1.975178e-07	1586
578594	3.717310e-07	4.146089e-07	1.974645e-07	1586
586850	3.717483e-07	4.146188e-07	1.974111e-07	1586
595106	3.717655e-07	4.146287e-07	1.973578e-07	1586
603362	3.717828e-07	4.146386e-07	1.973045e-07	1586
611618	3.718000e-07	4.146486e-07	1.972511e-07	1586
619874	3.718173e-07	4.146585e-07	1.971978e-07	1586
628130	3.718345e-07	4.146684e-07	1.971444e-07	1586
636386	3.718517e-07	4.146783e-07	1.970911e-07	1586
644642	3.718689e-07	4.146882e-07	1.970377e-07	1586
652898	3.718862e-07	4.146981e-07	1.969843e-07	1586
661154	3.719034e-07	4.147080e-07	1.969310e-07	1586
669410	3.719205e-07	4.147180e-07	1.968776e-07	1586
677666	3.719377e-07	4.147279e-07	1.968242e-07	1586
685922	3.719549e-07	4.147378e-07	1.967709e-07	1586
694178	3.719721e-07	4.147477e-07	1.967175e-07	1586
702434	3.719892e-07	4.147576e-07	1.966641e-07	1586
710690	3.720064e-07	4.147676e-07	1.966107e-07	1586
718946	3.720235e-07	4.147775e-07	1.965574e-07	1586
727202	3.720407e-07	4.147874e-07	1.965040e-07	1586
735458	3.720578e-07	4.147973e-07	1.964506e-07	1586
743714	3.720749e-07	4.148073e-07	1.963972e-07	1586
751970	3.720920e-07	4.148172e-07	1.963438e-07	1586
760226	3.721092e-07	4.148271e-07	1.962904e-07	1586
768482	3.721262e-07	4.148370e-07	1.962370e-07	1586
776738	3.721433e-07	4.148470e-07	1.961836e-07	1586
784994	3.721604e-07	4.148569e-07	1.961302e-07	1586
793250	3.721775e-07	4.148668e-07	1.960768e-07	1586
801506	3.721946e-07	4.148767e-07	1.960234e-07	1586
809762	3.722116e-07	4.148867e-07	1.959700e-07	1586
818018	3.722287e-07	4.148966e-07	1.959166e-07	1586
826274	3.722457e-07	4.149065e-07	1.958632e-07	1586
834530	3.722627e-07	4.149164e-07	1.958098e-07	1586
842786	3.722798e-07	4.149264e-07	1.957564e-07	1586
851042	3.722968e-07	4.149363e-07	1.957030e-07	1586
859298	3.723138e-07	4.149462e-07	1.956495e-07	1586
867554	3.723308e-07	4.149562e-07	1.955961e-07	1586
875810	3.723478e-07	4.149661e-07	1.955427e-07	1586
884066	3.723648e-07	4.149760e-07	1.954892e-07	1586
892322	3.723818e-07	4.149859e-07	1.954358e-07	1586
900578	3.723987e-07	4.149959e-07	1.953824e-07	1586
908834	3.724157e-07	4.150058e-07	1.953290e-07	1586
917090	3.724327e-07	4.150157e-07	1.952755e-07	1586
925346	3.724496e-07	4.150257e-07	1.952221e-07	1586
933602	3.724666e-07	4.150356e-07	1.951686e-07	1586
941858	3.724835e-07	4.150455e-07	1.951152e-07	1586
950114	3.725004e-07	4.150555e-07	1.950617e-07	1586
958370	3.725173e-07	4.150654e-07	1.950083e-07	1586
966626	3.725342e-07	4.150753e-07	1.949548e-07	1586
974882	3.725511e-07	4.150853e-07	1.949014e-07	1586
983138	3.725680e-07	4.150952e-07	1.948479e-07	1586
991394	3.725849e-07	4.151051e-07	1.947945e-07	1586
999650	3.726018e-07	4.151151e-07	1.947410e-07	1586
1007906	3.726186e-07	4.151250e-07	1.946875e-07	1586
1016162	3.726355e-07	4.151350e-07	1.946341e-07	1586
1024418	3.726524e-07	4.151449e-07	1.945806e-07	1586
1032674	3.726692e-07	4.151548e-07	1.945271e-07	1586
1040930	3.726860e-07	4.151648e-07	1.944736e-07	1586
1049186	3.727029e-07	4.151747e-07	1.944202e-07	1586
1057442	3.727197e-07	4.151847e-07	1.943667e-07	1586
1065698	3.727365e-07	4.151946e-07	1.943132e-07	1586
1073954	3.727533e-07	4.152045e-07	1.942597e-07	1586
1082210	3.727701e-07	4.152145e-07	1.942062e-07	1586
1090466	3.727869e-07	4.152244e-07	1.941527e-07	1586
1098722	3.728037e-07	4.152344e-07	1.940992e-07	1586
1106978	3.728204e-07	4.152443e-07	1.940458e-07	1586
1115234	3.728372e-07	4.152542e-07	1.939922e-07	1586
1123490	3.728540e-07	4.152642e-07	1.939387e-07	1586
1131746	3.728707e-07	4.152741e-07	1.938853e-07	1586
1140002	3.728875e-07	4.152841e-07	1.938318e-07	1586
1148258	3.729042e-07	4.152940e-07	1.937782e-07	1586
1497	9.895067e-08	4.218710e-07	2.996358e-07	3368
9753	9.898240e-08	4.218736e-07	2.996216e-07	3368
18009	9.901413e-08	4.218763e-07	2.996074e-07	3368
26265	9.904586e-08	4.218790e-07	2.995931e-07	3368
34521	9.907759e-08	4.218816e-07	2.995789e-07	3368
42777	9.910931e-08	4.218843e-07	2.995646e-07	3368
51033	9.914103e-08	4.218869e-07	2.995504e-07	3368
59289	9.917275e-08	4.218896e-07	2.995361e-07	3368
67545	9.920447e-08	4.218923e-07	2.995219e-07	3368
75801	9.923619e-08	4.218950e-07	2.995076e-07	3368
84057	9.926790e-08	4.218976e-07	2.994933e-07	3368
92313	9.929961e-08	4.219003e-07	2.994791e-07	3368
100569	9.933132e-08	4.219030e-07	2.994648e-07	3368
108825	9.936303e-08	4.219056e-07	2.994505e-07	3368
117081	9.939473e-08	4.219083e-07	2.994362e-07	3368
125337	9.942644e-08	4.219110e-07	2.994219e-07	3368
133593	9.945813e-08	4.219137e-07	2.994076e-07	3368
141849	9.948983e-08	4.219163e-07	2.993933e-07	3368
150105	9.952153e-08	4.219190e-07	2.993790e-07	3368
158361	9.955323e-08	4.219217e-07	2.993647e-07	3368
166617	9.958492e-08	4.219243e-07	2.993504e-07	3368
174873	9.961661e-08	4.219270e-07	2.993361e-07	3368
183129	9.964830e-08	4.219297e-07	2.993218e-07	3368
191385	9.967998e-08	4.219324e-07	2.993074e-07	3368
199641	9.971166e-08	4.219351e-07	2.992931e-07	3368
207897	9.974335e-08	4.219378e-07	2.992788e-07	3368
216153	9.977503e-08	4.219404e-07	2.992644e-07	3368
224409	9.980671e-08	4.219431e-07	2.992501e-07	3368
232665	9.983838e-08	4.219458e-07	2.992357e-07	3368
240921	9.987005e-08	4.219485e-07	2.992214e-07	3368
249177	9.990172e-08	4.219512e-07	2.992070e-07	3368
257433	9.993339e-08	4.219538e-07	2.991927e-07	3368
265689	9.996506e-08	4.219565e-07	2.991783e-07	3368
273945	9.999673e-08	4.219592e-07	2.991639e-07	3368
282201	1.000284e-07	4.219619e-07	2.991495e-07	3368
290457	1.000600e-07	4.219646e-07	2.991351e-07	3368
298713	1.000917e-07	4.219673e-07	2.991208e-07	3368
306969	1.001234e-07	4.219700e-07	2.991064e-07	3368
315225	1.001550e-07	4.219727e-07	2.990920e-07	3368
323481	1.001867e-07	4.219754e-07	2.990776e-07	3368
331737	1.002183e-07	4.219781e-07	2.990632e-07	3368
339993	1.002500e-07	4.219808e-07	2.990488e-07	3368
348249	1.002816e-07	4.219835e-07	2.990344e-07	3368
356505	1.003133e-07	4.219862e-07	2.990199e-07	3368
364761	1.003449e-07	4.219889e-07	2.990055e-07	3368
373017	1.003765e-07	4.219916e-07	2.989911e-07	3368
381273	1.004082e-07	4.219943e-07	2.989766e-07	3368
389529	1.004398e-07	4.219970e-07	2.989622e-07	3368
397785	1.004714e-07	4.219997e-07	2.989478e-07	3368
406041	1.005031e-07	4.220024e-07	2.989333e-07	3368
414297	1.005347e-07	4.220051e-07	2.989189e-07	3368
422553	1.005663e-07	4.220078e-07	2.989044e-07	3368
430809	1.005979e-07	4.220105e-07	2.988899e-07	3368
439065	1.006296e-07	4.220132e-07	2.988755e-07	3368
447321	1.006612e-07	4.220159e-07	2.988610e-07	3368
455577	1.006928e-07	4.220186e-07	2.988465e-07	3368
463833	1.007244e-07	4.220213e-07	2.988321e-07	3368
472089	1.007560e-07	4.220240e-07	2.988176e-07	3368
480345	1.007876e-07	4.220267e-07	2.988031e-07	3368
488601	1.008192e-07	4.220294e-07	2.987886e-07	3368
496857	1.008509e-07	4.220321e-07	2.987741e-07	3368
505113	1.008825e-07	4.220348e-07	2.987596e-07	3368
513369	1.009141e-07	4.220375e-07	2.987451e-07	3368
521625	1.009457e-07	4.220402e-07	2.987306e-07	3368
529881	1.009773e-07	4.220430e-07	2.987161e-07	3368
538137	1.010089e-07	4.220457e-07	2.987016e-07	3368
546393	1.010404e-07	4.220484e-07	2.986870e-07	3368
554649	1.010720e-07	4.220511e-07	2.986725e-07	3368
562905	1.011036e-07	4.220538e-07	2.986580e-07	3368
571161	1.011352e-07	4.220566e-07	2.986434e-07	3368
579417	1.011668e-07	4.220593e-07	2.986289e-07	3368
587673	1.011984e-07	4.220620e-07	2.986144e-07	3368
595929	1.012300e-07	4.220647e-07	2.985998e-07	3368
604185	1.012615e-07	4.220674e-07	2.985853e-07	3368
612441	1.012931e-07	4.220701e-07	2.985707e-07	3368
620697	1.013247e-07	4.220729e-07	2.985561e-07	3368
628953	1.013563e-07	4.220756e-07	2.985416e-07	3368
637209	1.013878e-07	4.220783e-07	2.985270e-07	3368
645465	1.014194e-07	4.220811e-07	2.985124e-07	3368
653721	1.014510e-07	4.220838e-07	2.984978e-07	3368
661977	1.014825e-07	4.220865e-07	2.984833e-07	3368
670233	1.015141e-07	4.220892e-07	2.984686e-07	3368
678489	1.015457e-07	4.220920e-07	2.984541e-07	3368
686745	1.015772e-07	4.220947e-07	2.984395e-07	3368
695001	1.016088e-07	4.220974e-07	2.984249e-07	3368
703257	1.016403e-07	4.221002e-07	2.984102e-07	3368
711513	1.016719e-07	4.221029e-07	2.983956e-07	3368
719769	1.017034e-07	4.221056e-07	2.983810e-07	3368
728025	1.017350e-07	4.221084e-07	2.983664e-07	3368
736281	1.017665e-07	4.221111e-07	2.983518e-07	3368
744537	1.017981e-07	4.221138e-07	2.983371e-07	3368
752793	1.018296e-07	4.221166e-07	2.983225e-07	3368
761049	1.018611e-07	4.221193e-07	2.983079e-07	3368
769305	1.018927e-07	4.221220e-07	2.982932e-07	3368
777561	1.019242e-07	4.221248e-07	2.982786e-07	3368
785817	1.019557e-07	4.221275e-07	2.982639e-07	3368
794073	1.019873e-07	4.221303e-07	2.982493e-07	3368
802329	1.020188e-07	4.221330e-07	2.982346e-07	3368
810585	1.020503e-07	4.221357e-07	2.982199e-07	3368
818841	1.020818e-07	4.221385e-07	2.982052e-07	3368
827097	1.021134e-07	4.221412e-07	2.981906e-07	3368
835353	1.021449e-07	4.221440e-07	2.981759e-07	3368
843609	1.021764e-07	4.221467e-07	2.981612e-07	3368
851865	1.022079e-07	4.221495e-07	2.981465e-07	3368
860121	1.022394e-07	4.221522e-07	2.981318e-07	3368
868377	1.022709e-07	4.221550e-07	2.981171e-07	3368
876633	1.023024e-07	4.221577e-07	2.981024e-07	3368
884889	1.023339e-07	4.221605e-07	2.980877e-07	3368
893145	1.023654e-07	4.221632e-07	2.980730e-07	3368
901401	1.023969e-07	4.221660e-07	2.980583e-07	3368
909657	1.024284e-07	4.221687e-07	2.980435e-07	3368
917913	1.024599e-07	4.221715e-07	2.980288e-07	3368
926169	1.024914e-07	4.221742e-07	2.980141e-07	3368
934425	1.025229e-07	4.221770e-07	2.979993e-07	3368
942681	1.025544e-07	4.221797e-07	2.979846e-07	3368
950937	1.025859e-07	4.221825e-07	2.979699e-07	3368
959193	1.026174e-07	4.221853e-07	2.979551e-07	3368
967449	1.026489e-07	4.221880e-07	2.979404e-07	3368
975705	1.026803e-07	4.221908e-07	2.979256e-07	3368
983961	1.027118e-07	4.221935e-07	2.979108e-07	3368
992217	1.027433e-07	4.221963e-07	2.978961e-07	3368
1000473	1.027748e-07	4.221991e-07	2.978813e-07	3368
1008729	1.028062e-07	4.222018e-07	2.978665e-07	3368
1016985	1.028377e-07	4.222046e-07	2.978518e-07	3368
1025241	1.028692e-07	4.222073e-07	2.978370e-07	3368
1033497	1.029006e-07	4.222101e-07	2.978222e-07	3368
1041753	1.029321e-07	4.222129e-07	2.978074e-07	3368
1050009	1.029636e-07	4.222156e-07	2.977926e-07	3368
1058265	1.029950e-07	4.222184e-07	2.977778e-07	3368
1066521	1.030265e-07	4.222212e-07	2.977630e-07	3368
1074777	1.030579e-07	4.222240e-07	2.977482e-07	3368
1083033	1.030894e-07	4.222267e-07	2.977334e-07	3368
1091289	1.031208e-07	4.222295e-07	2.977185e-07	3368
1099545	1.031523e-07	4.222323e-07	2.977037e-07	3368
1107801	1.031837e-07	4.222350e-07	2.976889e-07	3368
1116057	1.032152e-07	4.222378e-07	2.976740e-07	3368
1124313	1.032466e-07	4.222406e-07	2.976592e-07	3368
1132569	1.032781e-07	4.222434e-07	2.976444e-07	3368
1140825	1.033095e-07	4.222461e-07	2.976295e-07	3368
1149081	1.033409e-07	4.222489e-07	2.976147e-07	3368
3414	1.721368e-07	4.299068e-07	2.807912e-07	7976
11670	1.721656e-07	4.299114e-07	2.807665e-07	7976
19926	1.721945e-07	4.299160e-07	2.807417e-07	7976
28182	1.722233e-07	4.299206e-07	2.807170e-07	7976
36438	1.722521e-07	4.299252e-07	2.806923e-07	7976
44694	1.722809e-07	4.299298e-07	2.806675e-07	7976
52950	1.723097e-07	4.299345e-07	2.806428e-07	7976
61206	1.723385e-07	4.299391e-07	2.806181e-07	7976
69462	1.723673e-07	4.299437e-07	2.805933e-07	7976
77718	1.723960e-07	4.299483e-07	2.805685e-07	7976
85974	1.724248e-07	4.299529e-07	2.805438e-07	7976
94230	1.724536e-07	4.299575e-07	2.805190e-07	7976
102486	1.724824e-07	4.299621e-07	2.804942e-07	7976
110742	1.725112e-07	4.299667e-07	2.804695e-07	7976
118998	1.725399e-07	4.299714e-07	2.804447e-07	7976
127254	1.725687e-07	4.299760e-07	2.804199e-07	7976
135510	1.725974e-07	4.299806e-07	2.803951e-07	7976
143766	1.726262e-07	4.299852e-07	2.803704e-07	7976
152022	1.726549e-07	4.299899e-07	2.803456e-07	7976
160278	1.726837e-07	4.299945e-07	2.803208e-07	7976
168534	1.727124e-07	4.299991e-07	2.802960e-07	7976
176790	1.727412e-07	4.300037e-07	2.802712e-07	7976
185046	1.727699e-07	4.300083e-07	2.802464e-07	7976
193302	1.727987e-07	4.300130e-07	2.802215e-07	7976
201558	1.728274e-07	4.300176e-07	2.801967e-07	7976
209814	1.728561e-07	4.300222e-07	2.801719e-07	7976
218070	1.728848e-07	4.300269e-07	2.801471e-07	7976
226326	1.729136e-07	4.300315e-07	2.801222e-07	7976
234582	1.729423e-07	4.300361e-07	2.800974e-07	7976
242838	1.729710e-07	4.300407e-07	2.800726e-07	7976
251094	1.729997e-07	4.300454e-07	2.800477e-07	7976
259350	1.730284e-07	4.300500e-07	2.800229e-07	7976
267606	1.730571e-07	4.300546e-07	2.799980e-07	7976
275862	1.730858e-07	4.300593e-07	2.799732e-07	7976
284118	1.731145e-07	4.300639e-07	2.799483e-07	7976
292374	1.731432e-07	4.300685e-07	2.799235e-07	7976
300630	1.731719e-07	4.300732e-07	2.798986e-07	7976
308886	1.732006e-07	4.300778e-07	2.798737e-07	7976
317142	1.732292e-07	4.300824e-07	2.798488e-07	7976
325398	1.732579e-07	4.300871e-07	2.798240e-07	7976
333654	1.732866e-07	4.300917e-07	2.797991e-07	7976
341910	1.733153e-07	4.300963e-07	2.797742e-07	7976
350166	1.733439e-07	4.301010e-07	2.797493e-07	7976
358422	1.733726e-07	4.301056e-07	2.797244e-07	7976
366678	1.734012e-07	4.301102e-07	2.796995e-07	7976
374934	1.734299e-07	4.301149e-07	2.796746e-07	7976
383190	1.734585e-07	4.301195e-07	2.796497e-07	7976
391446	1.734872e-07	4.301242e-07	2.796248e-07	7976
399702	1.735158e-07	4.301288e-07	2.795999e-07	7976
407958	1.735445e-07	4.301335e-07	2.795749e-07	7976
416214	1.735731e-07	4.301381e-07	2.795500e-07	7976
424470	1.736017e-07	4.301428e-07	2.795251e-07	7976
432726	1.736304e-07	4.301474e-07	2.795002e-07	7976
440982	1.736590e-07	4.301521e-07	2.794752e-07	7976
449238	1.736876e-07	4.301567e-07	2.794503e-07	7976
457494	1.737162e-07	4.301614e-07	2.794253e-07	7976
465750	1.737448e-07	4.301660e-07	2.794004e-07	7976
474006	1.737734e-07	4.301706e-07	2.793754e-07	7976
482262	1.738021e-07	4.301753e-07	2.793505e-07	7976
490518	1.738307e-07	4.301800e-07	2.793255e-07	7976
498774	1.738592e-07	4.301846e-07	2.793005e-07	7976
507030	1.738878e-07	4.301893e-07	2.792756e-07	7976
515286	1.739164e-07	4.301939e-07	2.792506e-07	7976
523542	1.739450e-07	4.301986e-07	2.792256e-07	7976
531798	1.739736e-07	4.302032e-07	2.792006e-07	7976
540054	1.740022e-07	4.302079e-07	2.791757e-07	7976
548310	1.740308e-07	4.302125e-07	2.791507e-07	7976
556566	1.740593e-07	4.302172e-07	2.791257e-07	7976
564822	1.740879e-07	4.302219e-07	2.791007e-07	7976
573078	1.741165e-07	4.302265e-07	2.790757e-07	7976
581334	1.741450e-07	4.302312e-07	2.790507e-07	7976
589590	1.741736e-07	4.302358e-07	2.790257e-07	7976
597846	1.742021e-07	4.302405e-07	2.790007e-07	7976
606102	1.742307e-07	4.302452e-07	2.789756e-07	7976
614358	1.742592e-07	4.302498e-07	2.789506e-07	7976
622614	1.742878e-07	4.302545e-07	2.789256e-07	7976
630870	1.743163e-07	4.302591e-07	2.789006e-07	7976
639126	1.743448e-07	4.302638e-07	2.788755e-07	7976
647382	1.743734e-07	4.302685e-07	2.788505e-07	7976
655638	1.744019e-07	4.302732e-07	2.788254e-07	7976
663894	1.744304e-07	4.302778e-07	2.788004e-07	7976
672150	1.744589e-07	4.302825e-07	2.787753e-07	7976
680406	1.744875e-07	4.302872e-07	2.787503e-07	7976
688662	1.745160e-07	4.302918e-07	2.787252e-07	7976
696918	1.745445e-07	4.302965e-07	2.787002e-07	7976
705174	1.745730e-07	4.303012e-07	2.786751e-07	7976
713430	1.746015e-07	4.303058e-07	2.786500e-07	7976
721686	1.746300e-07	4.303105e-07	2.786249e-07	7976
729942	1.746585e-07	4.303152e-07	2.785999e-07	7976
738198	1.746870e-07	4.303199e-07	2.785748e-07	7976
746454	1.747155e-07	4.303245e-07	2.785497e-07	7976
754710	1.747439e-07	4.303292e-07	2.785246e-07	7976
762966	1.747724e-07	4.303339e-07	2.784995e-07	7976
771222	1.748009e-07	4.303386e-07	2.784744e-07	7976
779478	1.748294e-07	4.303432e-07	2.784493e-07	7976
787734	1.748578e-07	4.303479e-07	2.784242e-07	7976
795990	1.748863e-07	4.303526e-07	2.783991e-07	7976
804246	1.749148e-07	4.303573e-07	2.783740e-07	7976
812502	1.749432e-07	4.303620e-07	2.783488e-07	7976
820758	1.749717e-07	4.303667e-07	2.783237e-07	7976
829014	1.750001e-07	4.303714e-07	2.782986e-07	7976
837270	1.750286e-07	4.303760e-07	2.782734e-07	7976
845526	1.750570e-07	4.303807e-07	2.782483e-07	7976
853782	1.750855e-07	4.303854e-07	2.782232e-07	7976
862038	1.751139e-07	4.303901e-07	2.781980e-07	7976
870294	1.751423e-07	4.303948e-07	2.781729e-07	7976
878550	1.751707e-07	4.303995e-07	2.781477e-07	7976
886806	1.751992e-07	4.304042e-07	2.781226e-07	7976
895062	1.752276e-07	4.304088e-07	2.780974e-07	7976
903318	1.752560e-07	4.304135e-07	2.780722e-07	7976
911574	1.752844e-07	4.304182e-07	2.780471e-07	7976
919830	1.753128e-07	4.304229e-07	2.780219e-07	7976
928086	1.753412e-07	4.304276e-07	2.779967e-07	7976
936342	1.753696e-07	4.304323e-07	2.779715e-07	7976
944598	1.753980e-07	4.304370e-07	2.779463e-07	7976
952854	1.754264e-07	4.304417e-07	2.779211e-07	7976
961110	1.754548e-07	4.304464e-07	2.778960e-07	7976
969366	1.754832e-07	4.304511e-07	2.778708e-07	7976
977622	1.755116e-07	4.304558e-07	2.778455e-07	7976
985878	1.755400e-07	4.304605e-07	2.778204e-07	7976
994134	1.755683e-07	4.304652e-07	2.777951e-07	7976
1002390	1.755967e-07	4.304699e-07	2.777699e-07	7976
1010646	1.756251e-07	4.304746e-07	2.777447e-07	7976
1018902	1.756534e-07	4.304793e-07	2.777195e-07	7976
1027158	1.756818e-07	4.304840e-07	2.776943e-07	7976
1035414	1.757102e-07	4.304887e-07	2.776690e-07	7976
1043670	1.757385e-07	4.304934e-07	2.776438e-07	7976
1051926	1.757669e-07	4.304981e-07	2.776185e-07	7976
1060182	1.757952e-07	4.305028e-07	2.775933e-07	7976
1068438	1.758235e-07	4.305075e-07	2.775681e-07	7976
1076694	1.758519e-07	4.305122e-07	2.775428e-07	7976
1084950	1.758802e-07	4.305169e-07	2.775176e-07	7976
1093206	1.759085e-07	4.305216e-07	2.774923e-07	7976
1101462	1.759369e-07	4.305263e-07	2.774670e-07	7976
1109718	1.759652e-07	4.305310e-07	2.774418e-07	7976
1117974	1.759935e-07	4.305357e-07	2.774165e-07	7976
1126230	1.760218e-07	4.305404e-07	2.773912e-07	7976
1134486	1.760501e-07	4.305452e-07	2.773659e-07	7976
1142742	1.760784e-07	4.305498e-07	2.773407e-07	7976
1150998	1.761067e-07	4.305546e-07	2.773154e-07	7976
7132	1.433801e-07	4.482129e-07	3.038645e-07	21078
15388	1.434118e-07	4.482168e-07	3.038439e-07	21078
23644	1.434434e-07	4.482206e-07	3.038233e-07	21078
31900	1.434751e-07	4.482245e-07	3.038027e-07	21078
40156	1.435067e-07	4.482283e-07	3.037821e-07	21078
48412	1.435383e-07	4.482322e-07	3.037615e-07	21078
56668	1.435699e-07	4.482360e-07	3.037408e-07	21078
64924	1.436016e-07	4.482399e-07	3.037202e-07	21078
73180	1.436332e-07	4.482437e-07	3.036996e-07	21078
81436	1.436648e-07	4.482476e-07	3.036790e-07	21078
89692	1.436964e-07	4.482514e-07	3.036583e-07	21078
97948	1.437280e-07	4.482553e-07	3.036377e-07	21078
106204	1.437596e-07	4.482591e-07	3.036170e-07	21078
114460	1.437912e-07	4.482630e-07	3.035964e-07	21078
122716	1.438228e-07	4.482668e-07	3.035757e-07	21078
130972	1.438544e-07	4.482707e-07	3.035551e-07	21078
139228	1.438860e-07	4.482746e-07	3.035344e-07	21078
147484	1.439176e-07	4.482784e-07	3.035137e-07	21078
155740	1.439492e-07	4.482823e-07	3.034930e-07	21078
163996	1.439807e-07	4.482861e-07	3.034723e-07	21078
172252	1.440123e-07	4.482900e-07	3.034517e-07	21078
180508	1.440439e-07	4.482938e-07	3.034310e-07	21078
188764	1.440755e-07	4.482977e-07	3.034103e-07	21078
197020	1.441070e-07	4.483016e-07	3.033896e-07	21078
205276	1.441386e-07	4.483054e-07	3.033689e-07	21078
213532	1.441702e-07	4.483093e-07	3.033481e-07	21078
221788	1.442017e-07	4.483132e-07	3.033274e-07	21078
230044	1.442333e-07	4.483170e-07	3.033067e-07	21078
238300	1.442648e-07	4.483209e-07	3.032860e-07	21078
246556	1.442964e-07	4.483248e-07	3.032653e-07	21078
254812	1.443279e-07	4.483286e-07	3.032445e-07	21078
263068	1.443595e-07	4.483325e-07	3.032238e-07	21078
271324	1.443910e-07	4.483364e-07	3.032031e-07	21078
279580	1.444226e-07	4.483402e-07	3.031823e-07	21078
287836	1.444541e-07	4.483441e-07	3.031616e-07	21078
296092	1.444856e-07	4.483480e-07	3.031408e-07	21078
304348	1.445172e-07	4.483519e-07	3.031200e-07	21078
312604	1.445487e-07	4.483557e-07	3.030993e-07	21078
320860	1.445802e-07	4.483596e-07	3.030785e-07	21078
329116	1.446117e-07	4.483635e-07	3.030577e-07	21078
337372	1.446432e-07	4.483674e-07	3.030370e-07	21078
345628	1.446748e-07	4.483713e-07	3.030162e-07	21078
353884	1.447063e-07	4.483751e-07	3.029954e-07	21078
362140	1.447378e-07	4.483790e-07	3.029746e-07	21078
370396	1.447693e-07	4.483829e-07	3.029538e-07	21078
378652	1.448008e-07	4.483868e-07	3.029330e-07	21078
386908	1.448323e-07	4.483906e-07	3.029122e-07	21078
395164	1.448638e-07	4.483945e-07	3.028914e-07	21078
403420	1.448953e-07	4.483984e-07	3.028706e-07	21078
411676	1.449268e-07	4.484023e-07	3.028498e-07	21078
419932	1.449582e-07	4.484062e-07	3.028289e-07	21078
428188	1.449897e-07	4.484101e-07	3.028081e-07	21078
436444	1.450212e-07	4.484139e-07	3.027873e-07	21078
444700	1.450527e-07	4.484178e-07	3.027664e-07	21078
452956	1.450842e-07	4.484217e-07	3.027456e-07	21078
461212	1.451156e-07	4.484256e-07	3.027247e-07	21078
469468	1.451471e-07	4.484295e-07	3.027039e-07	21078
477724	1.451786e-07	4.484334e-07	3.026830e-07	21078
485980	1.452100e-07	4.484373e-07	3.026622e-07	21078
494236	1.452415e-07	4.484412e-07	3.026413e-07	21078
502492	1.452729e-07	4.484451e-07	3.026205e-07	21078
510748	1.453044e-07	4.484490e-07	3.025996e-07	21078
519004	1.453358e-07	4.484529e-07	3.025787e-07	21078
527260	1.453673e-07	4.484568e-07	3.025578e-07	21078
535516	1.453987e-07	4.484607e-07	3.025369e-07	21078
543772	1.454302e-07	4.484646e-07	3.025160e-07	21078
552028	1.454616e-07	4.484685e-07	3.024952e-07	21078
560284	1.454930e-07	4.484723e-07	3.024743e-07	21078
568540	1.455245e-07	4.484763e-07	3.024533e-07	21078
576796	1.455559e-07	4.484802e-07	3.024325e-07	21078
585052	1.455873e-07	4.484841e-07	3.024115e-07	21078
593308	1.456187e-07	4.484880e-07	3.023906e-07	21078
601564	1.456502e-07	4.484919e-07	3.023697e-07	21078
609820	1.456816e-07	4.484958e-07	3.023488e-07	21078
618076	1.457130e-07	4.484997e-07	3.023278e-07	21078
626332	1.457444e-07	4.485036e-07	3.023069e-07	21078
634588	1.457758e-07	4.485075e-07	3.022860e-07	21078
642844	1.458072e-07	4.485114e-07	3.022650e-07	21078
651100	1.458386e-07	4.485153e-07	3.022441e-07	21078
659356	1.458700e-07	4.485192e-07	3.022231e-07	21078
667612	1.459014e-07	4.485231e-07	3.022022e-07	21078
675868	1.459328e-07	4.485270e-07	3.021812e-07	21078
684124	1.459642e-07	4.485310e-07	3.021602e-07	21078
692380	1.459956e-07	4.485349e-07	3.021393e-07	21078
700636	1.460269e-07	4.485388e-07	3.021183e-07	21078
708892	1.460583e-07	4.485427e-07	3.020973e-07	21078
717148	1.460897e-07	4.485466e-07	3.020763e-07	21078
725404	1.461211e-07	4.485505e-07	3.020553e-07	21078
733660	1.461524e-07	4.485544e-07	3.020343e-07	21078
741916	1.461838e-07	4.485584e-07	3.020133e-07	21078
750172	1.462152e-07	4.485623e-07	3.019923e-07	21078
758428	1.462465e-07	4.485662e-07	3.019713e-07	21078
766684	1.462779e-07	4.485701e-07	3.019503e-07	21078
774940	1.463092e-07	4.485740e-07	3.019293e-07	21078
783196	1.463406e-07	4.485780e-07	3.019083e-07	21078
791452	1.463719e-07	4.485819e-07	3.018872e-07	21078
799708	1.464033e-07	4.485858e-07	3.018662e-07	21078
807964	1.464346e-07	4.485897e-07	3.018452e-07	21078
816220	1.464660e-07	4.485937e-07	3.018241e-07	21078
824476	1.464973e-07	4.485976e-07	3.018031e-07	21078
832732	1.465286e-07	4.486015e-07	3.017821e-07	21078
840988	1.465599e-07	4.486054e-07	3.017610e-07	21078
849244	1.465913e-07	4.486094e-07	3.017400e-07	21078
857500	1.466226e-07	4.486133e-07	3.017189e-07	21078
865756	1.466539e-07	4.486172e-07	3.016978e-07	21078
874012	1.466852e-07	4.486212e-07	3.016767e-07	21078
882268	1.467165e-07	4.486251e-07	3.016557e-07	21078
890524	1.467479e-07	4.486290e-07	3.016346e-07	21078
898780	1.467792e-07	4.486330e-07	3.016135e-07	21078
907036	1.468105e-07	4.486369e-07	3.015924e-07	21078
915292	1.468418e-07	4.486408e-07	3.015713e-07	21078
923548	1.468730e-07	4.486448e-07	3.015502e-07	21078
931804	1.469043e-07	4.486487e-07	3.015291e-07	21078
940060	1.469356e-07	4.486526e-07	3.015080e-07	21078
948316	1.469669e-07	4.486566e-07	3.014869e-07	21078
956572	1.469982e-07	4.486605e-07	3.014658e-07	21078
964828	1.470295e-07	4.486645e-07	3.014447e-07	21078
973084	1.470608e-07	4.486684e-07	3.014235e-07	21078
981340	1.470920e-07	4.486724e-07	3.014024e-07	21078
989596	1.471233e-07	4.486763e-07	3.013813e-07	21078
997852	1.471546e-07	4.486802e-07	3.013602e-07	21078
1006108	1.471858e-07	4.486842e-07	3.013390e-07	21078
1014364	1.472171e-07	4.486881e-07	3.013179e-07	21078
1022620	1.472484e-07	4.486921e-07	3.012967e-07	21078
1030876	1.472796e-07	4.486960e-07	3.012755e-07	21078
1039132	1.473109e-07	4.487000e-07	3.012544e-07	21078
1047388	1.473421e-07	4.487039e-07	3.012332e-07	21078
1055644	1.473734e-07	4.487079e-07	3.012121e-07	21078
1063900	1.474046e-07	4.487118e-07	3.011909e-07	21078
1072156	1.474359e-07	4.487158e-07	3.011697e-07	21078
1080412	1.474671e-07	4.487197e-07	3.011485e-07	21078
1088668	1.474983e-07	4.487237e-07	3.011274e-07	21078
1096924	1.475296e-07	4.487276e-07	3.011062e-07	21078
1105180	1.475608e-07	4.487316e-07	3.010850e-07	21078
1113436	1.475920e-07	4.487355e-07	3.010637e-07	21078
1121692	1.476232e-07	4.487395e-07	3.010425e-07	21078
1129948	1.476544e-07	4.487434e-07	3.010213e-07	21078
1138204	1.476857e-07	4.487474e-07	3.010001e-07	21078
1146460	1.477169e-07	4.487514e-07	3.009789e-07	21078
1154716	1.477481e-07	4.487553e-07	3.009577e-07	21078
3606	2.710619e-07	4.489489e-07	2.648219e-07	8487
11862	2.710879e-07	4.489561e-07	2.647830e-07	8487
20118	2.711139e-07	4.489634e-07	2.647441e-07	8487
28374	2.711399e-07	4.489706e-07	2.647052e-07	8487
36630	2.711659e-07	4.489779e-07	2.646663e-07	8487
44886	2.711919e-07	4.489851e-07	2.646274e-07	8487
53142	2.712179e-07	4.489924e-07	2.645884e-07	8487
61398	2.712439e-07	4.489996e-07	2.645495e-07	8487
69654	2.712699e-07	4.490068e-07	2.645106e-07	8487
77910	2.712958e-07	4.490141e-07	2.644716e-07	8487
86166	2.713218e-07	4.490213e-07	2.644327e-07	8487
94422	2.713478e-07	4.490286e-07	2.643937e-07	8487
102678	2.713737e-07	4.490358e-07	2.643548e-07	8487
110934	2.713997e-07	4.490431e-07	2.643158e-07	8487
119190	2.714256e-07	4.490503e-07	2.642769e-07	8487
127446	2.714515e-07	4.490576e-07	2.642379e-07	8487
135702	2.714775e-07	4.490648e-07	2.641989e-07	8487
143958	2.715034e-07	4.490721e-07	2.641600e-07	8487
152214	2.715293e-07	4.490794e-07	2.641210e-07	8487
160470	2.715552e-07	4.490866e-07	2.640820e-07	8487
168726	2.715811e-07	4.490938e-07	2.640431e-07	8487
176982	2.716070e-07	4.491011e-07	2.640041e-07	8487
185238	2.716330e-07	4.491084e-07	2.639651e-07	8487
193494	2.716588e-07	4.491156e-07	2.639261e-07	8487
201750	2.716847e-07	4.491229e-07	2.638871e-07	8487
210006	2.717106e-07	4.491301e-07	2.638481e-07	8487
218262	2.717365e-07	4.491374e-07	2.638091e-07	8487
226518	2.717623e-07	4.491446e-07	2.637701e-07	8487
234774	2.717882e-07	4.491519e-07	2.637311e-07	8487
243030	2.718141e-07	4.491592e-07	2.636921e-07	8487
251286	2.718399e-07	4.491664e-07	2.636530e-07	8487
259542	2.718658e-07	4.491737e-07	2.636140e-07	8487
267798	2.718916e-07	4.491809e-07	2.635750e-07	8487
276054	2.719174e-07	4.491882e-07	2.635360e-07	8487
284310	2.719432e-07	4.491955e-07	2.634970e-07	8487
292566	2.719691e-07	4.492027e-07	2.634579e-07	8487
300822	2.719949e-07	4.492100e-07	2.634189e-07	8487
309078	2.720207e-07	4.492173e-07	2.633798e-07	8487
317334	2.720465e-07	4.492245e-07	2.633408e-07	8487
325590	2.720723e-07	4.492318e-07	2.633017e-07	8487
333846	2.720981e-07	4.492391e-07	2.632627e-07	8487
342102	2.721239e-07	4.492463e-07	2.632236e-07	8487
350358	2.721497e-07	4.492536e-07	2.631846e-07	8487
358614	2.721754e-07	4.492609e-07	2.631455e-07	8487
366870	2.722012e-07	4.492681e-07	2.631064e-07	8487
375126	2.722270e-07	4.492754e-07	2.630674e-07	8487
383382	2.722527e-07	4.492827e-07	2.630283e-07	8487
391638	2.722785e-07	4.492900e-07	2.629892e-07	8487
399894	2.723042e-07	4.492972e-07	2.629501e-07	8487
408150	2.723299e-07	4.493045e-07	2.629110e-07	8487
416406	2.723557e-07	4.493118e-07	2.628719e-07	8487
424662	2.723814e-07	4.493190e-07	2.628329e-07	8487
432918	2.724071e-07	4.493263e-07	2.627937e-07	8487
441174	2.724329e-07	4.493336e-07	2.627546e-07	8487
449430	2.724586e-07	4.493409e-07	2.627155e-07	8487
457686	2.724843e-07	4.493481e-07	2.626764e-07	8487
465942	2.725100e-07	4.493554e-07	2.626373e-07	8487
474198	2.725357e-07	4.493627e-07	2.625982e-07	8487
482454	2.725614e-07	4.493700e-07	2.625591e-07	8487
490710	2.725870e-07	4.493773e-07	2.625200e-07	8487
498966	2.726127e-07	4.493845e-07	2.624808e-07	8487
507222	2.726384e-07	4.493918e-07	2.624417e-07	8487
515478	2.726640e-07	4.493991e-07	2.624026e-07	8487
523734	2.726897e-07	4.494064e-07	2.623634e-07	8487
531990	2.727154e-07	4.494137e-07	2.623243e-07	8487
540246	2.727410e-07	4.494210e-07	2.622851e-07	8487
548502	2.727666e-07	4.494282e-07	2.622460e-07	8487
556758	2.727923e-07	4.494355e-07	2.622068e-07	8487
565014	2.728179e-07	4.494428e-07	2.621677e-07	8487
573270	2.728436e-07	4.494501e-07	2.621285e-07	8487
581526	2.728692e-07	4.494574e-07	2.620893e-07	8487
589782	2.728948e-07	4.494647e-07	2.620502e-07	8487
598038	2.729204e-07	4.494720e-07	2.620110e-07	8487
606294	2.729460e-07	4.494792e-07	2.619718e-07	8487
614550	2.729716e-07	4.494865e-07	2.619327e-07	8487
622806	2.729972e-07	4.494938e-07	2.618935e-07	8487
631062	2.730227e-07	4.495011e-07	2.618543e-07	8487
639318	2.730483e-07	4.495084e-07	2.618151e-07	8487
647574	2.730739e-07	4.495157e-07	2.617759e-07	8487
655830	2.730995e-07	4.495230e-07	2.617367e-07	8487
664086	2.731250e-07	4.495303e-07	2.616975e-07	8487
672342	2.731506e-07	4.495376e-07	2.616583e-07	8487
680598	2.731761e-07	4.495449e-07	2.616191e-07	8487
688854	2.732017e-07	4.495522e-07	2.615799e-07	8487
697110	2.732272e-07	4.495595e-07	2.615407e-07	8487
705366	2.732527e-07	4.495668e-07	2.615014e-07	8487
713622	2.732783e-07	4.495741e-07	2.614622e-07	8487
721878	2.733038e-07	4.495814e-07	2.614230e-07	8487
730134	2.733293e-07	4.495887e-07	2.613837e-07	8487
738390	2.733548e-07	4.495960e-07	2.613445e-07	8487
746646	2.733803e-07	4.496033e-07	2.613053e-07	8487
754902	2.734058e-07	4.496106e-07	2.612661e-07	8487
763158	2.734313e-07	4.496179e-07	2.612268e-07	8487
771414	2.734568e-07	4.496252e-07	2.611876e-07	8487
779670	2.734822e-07	4.496325e-07	2.611483e-07	8487
787926	2.735077e-07	4.496398e-07	2.611091e-07	8487
796182	2.735332e-07	4.496471e-07	2.610698e-07	8487
804438	2.735586e-07	4.496544e-07	2.610305e-07	8487
812694	2.735841e-07	4.496617e-07	2.609912e-07	8487
820950	2.736095e-07	4.496690e-07	2.609520e-07	8487
829206	2.736350e-07	4.496763e-07	2.609127e-07	8487
837462	2.736604e-07	4.496836e-07	2.608734e-07	8487
845718	2.736859e-07	4.496909e-07	2.608342e-07	8487
853974	2.737113e-07	4.496982e-07	2.607949e-07	8487
862230	2.737367e-07	4.497055e-07	2.607556e-07	8487
870486	2.737621e-07	4.497129e-07	2.607163e-07	8487
878742	2.737875e-07	4.497202e-07	2.606770e-07	8487
886998	2.738129e-07	4.497275e-07	2.606377e-07	8487
895254	2.738383e-07	4.497348e-07	2.605984e-07	8487
903510	2.738637e-07	4.497421e-07	2.605591e-07	8487
911766	2.738891e-07	4.497494e-07	2.605198e-07	8487
920022	2.739145e-07	4.497568e-07	2.604804e-07	8487
928278	2.739399e-07	4.497641e-07	2.604411e-07	8487
936534	2.739652e-07	4.497714e-07	2.604018e-07	8487
944790	2.739906e-07	4.497787e-07	2.603625e-07	8487
953046	2.740159e-07	4.497860e-07	2.603232e-07	8487
961302	2.740413e-07	4.497933e-07	2.602838e-07	8487
969558	2.740667e-07	4.498006e-07	2.602445e-07	8487
977814	2.740920e-07	4.498080e-07	2.602052e-07	8487
986070	2.741173e-07	4.498153e-07	2.601658e-07	8487
994326	2.741426e-07	4.498226e-07	2.601265e-07	8487
1002582	2.741680e-07	4.498299e-07	2.600871e-07	8487
1010838	2.741933e-07	4.498372e-07	2.600478e-07	8487
1019094	2.742186e-07	4.498446e-07	2.600084e-07	8487
1027350	2.742439e-07	4.498519e-07	2.599690e-07	8487
1035606	2.742692e-07	4.498592e-07	2.599297e-07	8487
1043862	2.742945e-07	4.498665e-07	2.598903e-07	8487
1052118	2.743198e-07	4.498739e-07	2.598509e-07	8487
1060374	2.743450e-07	4.498812e-07	2.598115e-07	8487
1068630	2.743703e-07	4.498885e-07	2.597722e-07	8487
1076886	2.743956e-07	4.498959e-07	2.597328e-07	8487
1085142	2.744208e-07	4.499032e-07	2.596934e-07	8487
1093398	2.744461e-07	4.499105e-07	2.596540e-07	8487
1101654	2.744713e-07	4.499178e-07	2.596146e-07	8487
1109910	2.744966e-07	4.499252e-07	2.595752e-07	8487
1118166	2.745219e-07	4.499325e-07	2.595358e-07	8487
1126422	2.745471e-07	4.499398e-07	2.594964e-07	8487
1134678	2.745723e-07	4.499472e-07	2.594570e-07	8487
1142934	2.745975e-07	4.499545e-07	2.594176e-07	8487
1151190	2.746227e-07	4.499618e-07	2.593782e-07	8487
7833	1.759099e-07	4.572794e-07	2.989635e-07	25712
16089	1.759406e-07	4.572841e-07	2.989383e-07	25712
24345	1.759713e-07	4.572888e-07	2.989130e-07	25712
32601	1.760020e-07	4.572935e-07	2.988877e-07	25712
40857	1.760326e-07	4.572982e-07	2.988624e-07	25712
49113	1.760633e-07	4.573029e-07	2.988371e-07	25712
57369	1.760940e-07	4.573076e-07	2.988118e-07	25712
65625	1.761247e-07	4.573124e-07	2.987865e-07	25712
73881	1.761553e-07	4.573171e-07	2.987613e-07	25712
82137	1.761860e-07	4.573218e-07	2.987360e-07	25712
90393	1.762167e-07	4.573265e-07	2.987107e-07	25712
98649	1.762473e-07	4.573312e-07	2.986853e-07	25712
106905	1.762780e-07	4.573359e-07	2.986600e-07	25712
115161	1.763086e-07	4.573407e-07	2.986347e-07	25712
123417	1.763393e-07	4.573454e-07	2.986094e-07	25712
131673	1.763699e-07	4.573501e-07	2.985841e-07	25712
139929	1.764005e-07	4.573548e-07	2.985587e-07	25712
148185	1.764312e-07	4.573595e-07	2.985334e-07	25712
156441	1.764618e-07	4.573643e-07	2.985080e-07	25712
164697	1.764924e-07	4.573690e-07	2.984827e-07	25712
172953	1.765230e-07	4.573737e-07	2.984574e-07	25712
181209	1.765537e-07	4.573784e-07	2.984320e-07	25712
189465	1.765843e-07	4.573832e-07	2.984066e-07	25712
197721	1.766149e-07	4.573879e-07	2.983813e-07	25712
205977	1.766455e-07	4.573926e-07	2.983559e-07	25712
214233	1.766761e-07	4.573974e-07	2.983305e-07	25712
222489	1.767067e-07	4.574021e-07	2.983052e-07	25712
230745	1.767373e-07	4.574068e-07	2.982798e-07	25712
239001	1.767679e-07	4.574115e-07	2.982544e-07	25712
247257	1.767985e-07	4.574163e-07	2.982290e-07	25712
255513	1.768290e-07	4.574210e-07	2.982036e-07	25712
263769	1.768596e-07	4.574258e-07	2.981782e-07	25712
272025	1.768902e-07	4.574305e-07	2.981528e-07	25712
280281	1.769208e-07	4.574352e-07	2.981274e-07	25712
288537	1.769513e-07	4.574400e-07	2.981020e-07	25712
296793	1.769819e-07	4.574447e-07	2.980766e-07	25712
305049	1.770125e-07	4.574494e-07	2.980512e-07	25712
313305	1.770430e-07	4.574542e-07	2.980258e-07	25712
321561	1.770736e-07	4.574589e-07	2.980003e-07	25712
329817	1.771041e-07	4.574637e-07	2.979749e-07	25712
338073	1.771347e-07	4.574684e-07	2.979494e-07	25712
346329	1.771652e-07	4.574731e-07	2.979240e-07	25712
354585	1.771957e-07	4.574779e-07	2.978986e-07	25712
362841	1.772263e-07	4.574826e-07	2.978731e-07	25712
371097	1.772568e-07	4.574874e-07	2.978476e-07	25712
379353	1.772873e-07	4.574921e-07	2.978222e-07	25712
387609	1.773179e-07	4.574969e-07	2.977967e-07	25712
395865	1.773484e-07	4.575016e-07	2.977713e-07	25712
404121	1.773789e-07	4.575064e-07	2.977458e-07	25712
412377	1.774094e-07	4.575111e-07	2.977203e-07	25712
420633	1.774399e-07	4.575159e-07	2.976948e-07	25712
428889	1.774704e-07	4.575206e-07	2.976693e-07	25712
437145	1.775009e-07	4.575254e-07	2.976439e-07	25712
445401	1.775314e-07	4.575301e-07	2.976184e-07	25712
453657	1.775619e-07	4.575349e-07	2.975929e-07	25712
461913	1.775924e-07	4.575396e-07	2.975674e-07	25712
470169	1.776229e-07	4.575444e-07	2.975418e-07	25712
478425	1.776534e-07	4.575491e-07	2.975163e-07	25712
486681	1.776838e-07	4.575539e-07	2.974908e-07	25712
494937	1.777143e-07	4.575587e-07	2.974653e-07	25712
503193	1.777448e-07	4.575634e-07	2.974398e-07	25712
511449	1.777753e-07	4.575681e-07	2.974142e-07	25712
519705	1.778057e-07	4.575729e-07	2.973887e-07	25712
527961	1.778362e-07	4.575777e-07	2.973632e-07	25712
536217	1.778666e-07	4.575824e-07	2.973376e-07	25712
544473	1.778971e-07	4.575872e-07	2.973121e-07	25712
552729	1.779275e-07	4.575920e-07	2.972865e-07	25712
560985	1.779580e-07	4.575967e-07	2.972610e-07	25712
569241	1.779884e-07	4.576015e-07	2.972354e-07	25712
577497	1.780189e-07	4.576063e-07	2.972099e-07	25712
585753	1.780493e-07	4.576110e-07	2.971843e-07	25712
594009	1.780797e-07	4.576158e-07	2.971587e-07	25712
602265	1.781101e-07	4.576206e-07	2.971331e-07	25712
610521	1.781406e-07	4.576253e-07	2.971076e-07	25712
618777	1.781710e-07	4.576301e-07	2.970820e-07	25712
627033	1.782014e-07	4.576349e-07	2.970564e-07	25712
635289	1.782318e-07	4.576396e-07	2.970308e-07	25712
643545	1.782622e-07	4.576444e-07	2.970052e-07	25712
651801	1.782926e-07	4.576492e-07	2.969796e-07	25712
660057	1.783230e-07	4.576540e-07	2.969540e-07	25712
668313	1.783534e-07	4.576587e-07	2.969284e-07	25712
676569	1.783838e-07	4.576635e-07	2.969028e-07	25712
684825	1.784142e-07	4.576683e-07	2.968771e-07	25712
693081	1.784446e-07	4.576731e-07	2.968515e-07	25712
701337	1.784749e-07	4.576778e-07	2.968259e-07	25712
709593	1.785053e-07	4.576826e-07	2.968002e-07	25712
717849	1.785357e-07	4.576874e-07	2.967746e-07	25712
726105	1.785661e-07	4.576922e-07	2.967490e-07	25712
734361	1.785964e-07	4.576970e-07	2.967233e-07	25712
742617	1.786268e-07	4.577017e-07	2.966977e-07	25712
750873	1.786571e-07	4.577065e-07	2.966720e-07	25712
759129	1.786875e-07	4.577113e-07	2.966463e-07	25712
767385	1.787178e-07	4.577161e-07	2.966207e-07	25712
775641	1.787482e-07	4.577209e-07	2.965950e-07	25712
783897	1.787785e-07	4.577256e-07	2.965693e-07	25712
792153	1.788089e-07	4.577304e-07	2.965436e-07	25712
800409	1.788392e-07	4.577352e-07	2.965180e-07	25712
808665	1.788695e-07	4.577400e-07	2.964923e-07	25712
816921	1.788999e-07	4.577448e-07	2.964666e-07	25712
825177	1.789302e-07	4.577496e-07	2.964409e-07	25712
833433	1.789605e-07	4.577544e-07	2.964152e-07	25712
841689	1.789908e-07	4.577592e-07	2.963895e-07	25712
849945	1.790211e-07	4.577639e-07	2.963638e-07	25712
858201	1.790514e-07	4.577687e-07	2.963381e-07	25712
866457	1.790817e-07	4.577736e-07	2.963124e-07	25712
874713	1.791120e-07	4.577783e-07	2.962866e-07	25712
882969	1.791423e-07	4.577831e-07	2.962609e-07	25712
891225	1.791726e-07	4.577879e-07	2.962352e-07	25712
899481	1.792029e-07	4.577927e-07	2.962095e-07	25712
907737	1.792332e-07	4.577975e-07	2.961837e-07	25712
915993	1.792635e-07	4.578023e-07	2.961580e-07	25712
924249	1.792937e-07	4.578071e-07	2.961322e-07	25712
932505	1.793240e-07	4.578119e-07	2.961065e-07	25712
940761	1.793543e-07	4.578167e-07	2.960807e-07	25712
949017	1.793845e-07	4.578215e-07	2.960550e-07	25712
957273	1.794148e-07	4.578263e-07	2.960292e-07	25712
965529	1.794451e-07	4.578311e-07	2.960034e-07	25712
973785	1.794753e-07	4.578359e-07	2.959777e-07	25712
982041	1.795056e-07	4.578407e-07	2.959519e-07	25712
990297	1.795358e-07	4.578455e-07	2.959261e-07	25712
998553	1.795660e-07	4.578503e-07	2.959003e-07	25712
1006809	1.795963e-07	4.578552e-07	2.958745e-07	25712
1015065	1.796265e-07	4.578600e-07	2.958487e-07	25712
1023321	1.796568e-07	4.578648e-07	2.958229e-07	25712
1031577	1.796870e-07	4.578696e-07	2.957971e-07	25712
1039833	1.797172e-07	4.578744e-07	2.957713e-07	25712
1048089	1.797474e-07	4.578792e-07	2.957455e-07	25712
1056345	1.797776e-07	4.578840e-07	2.957197e-07	25712
1064601	1.798078e-07	4.578888e-07	2.956939e-07	25712
1072857	1.798381e-07	4.578936e-07	2.956680e-07	25712
1081113	1.798683e-07	4.578984e-07	2.956422e-07	25712
1089369	1.798985e-07	4.579033e-07	2.956164e-07	25712
1097625	1.799286e-07	4.579081e-07	2.955905e-07	25712
1105881	1.799588e-07	4.579129e-07	2.955647e-07	25712
1114137	1.799890e-07	4.579177e-07	2.955389e-07	25712
1122393	1.800192e-07	4.579225e-07	2.955130e-07	25712
1130649	1.800494e-07	4.579273e-07	2.954872e-07	25712
1138905	1.800796e-07	4.579322e-07	2.954613e-07	25712
1147161	1.801098e-07	4.579370e-07	2.954354e-07	25712
1155417	1.801399e-07	4.579418e-07	2.954095e-07	25712
49	2.280507e-07	4.639541e-07	2.878999e-07	306
8305	2.280796e-07	4.639602e-07	2.878672e-07	306
16561	2.281085e-07	4.639663e-07	2.878344e-07	306
24817	2.281375e-07	4.639724e-07	2.878017e-07	306
33073	2.281664e-07	4.639785e-07	2.877689e-07	306
41329	2.281953e-07	4.639846e-07	2.877362e-07	306
49585	2.282242e-07	4.639907e-07	2.877034e-07	306
57841	2.282531e-07	4.639968e-07	2.876706e-07	306
66097	2.282820e-07	4.640029e-07	2.876378e-07	306
74353	2.283109e-07	4.640090e-07	2.876051e-07	306
82609	2.283397e-07	4.640151e-07	2.875723e-07	306
90865	2.283686e-07	4.640212e-07	2.875395e-07	306
99121	2.283975e-07	4.640273e-07	2.875067e-07	306
107377	2.284264e-07	4.640334e-07	2.874739e-07	306
115633	2.284552e-07	4.640395e-07	2.874411e-07	306
123889	2.284841e-07	4.640456e-07	2.874083e-07	306
132145	2.285129e-07	4.640517e-07	2.873755e-07	306
140401	2.285418e-07	4.640578e-07	2.873427e-07	306
148657	2.285706e-07	4.640639e-07	2.873099e-07	306
156913	2.285995e-07	4.640700e-07	2.872771e-07	306
165169	2.286283e-07	4.640762e-07	2.872443e-07	306
173425	2.286571e-07	4.640823e-07	2.872114e-07	306
181681	2.286860e-07	4.640884e-07	2.871786e-07	306
189937	2.287148e-07	4.640945e-07	2.871458e-07	306
198193	2.287436e-07	4.641006e-07	2.871129e-07	306
206449	2.287724e-07	4.641067e-07	2.870801e-07	306
214705	2.288012e-07	4.641128e-07	2.870472e-07	306
222961	2.288300e-07	4.641190e-07	2.870144e-07	306
231217	2.288588e-07	4.641251e-07	2.869815e-07	306
239473	2.288876e-07	4.641312e-07	2.869487e-07	306
247729	2.289164e-07	4.641373e-07	2.869158e-07	306
255985	2.289452e-07	4.641435e-07	2.868829e-07	306
264241	2.289740e-07	4.641496e-07	2.868501e-07	306
272497	2.290027e-07	4.641557e-07	2.868172e-07	306
280753	2.290315e-07	4.641618e-07	2.867843e-07	306
289009	2.290603e-07	4.641679e-07	2.867514e-07	306
297265	2.290890e-07	4.641741e-07	2.867185e-07	306
305521	2.291178e-07	4.641802e-07	2.866857e-07	306
313777	2.291465e-07	4.641863e-07	2.866527e-07	306
322033	2.291753e-07	4.641924e-07	2.866199e-07	306
330289	2.292040e-07	4.641986e-07	2.865870e-07	306
338545	2.292327e-07	4.642047e-07	2.865540e-07	306
346801	2.292615e-07	4.642108e-07	2.865211e-07	306
355057	2.292902e-07	4.642170e-07	2.864882e-07	306
363313	2.293189e-07	4.642231e-07	2.864553e-07	306
371569	2.293476e-07	4.642292e-07	2.864224e-07	306
379825	2.293763e-07	4.642353e-07	2.863895e-07	306
388081	2.294050e-07	4.642415e-07	2.863565e-07	306
396337	2.294337e-07	4.642476e-07	2.863236e-07	306
404593	2.294624e-07	4.642537e-07	2.862906e-07	306
412849	2.294911e-07	4.642599e-07	2.862577e-07	306
421105	2.295198e-07	4.642660e-07	2.862247e-07	306
429361	2.295485e-07	4.642721e-07	2.861918e-07	306
437617	2.295771e-07	4.642783e-07	2.861588e-07	306
445873	2.296058e-07	4.642844e-07	2.861259e-07	306
454129	2.296345e-07	4.642905e-07	2.860929e-07	306
462385	2.296631e-07	4.642967e-07	2.860599e-07	306
470641	2.296918e-07	4.643028e-07	2.860270e-07	306
478897	2.297204e-07	4.643090e-07	2.859940e-07	306
487153	2.297491e-07	4.643151e-07	2.859610e-07	306
495409	2.297777e-07	4.643213e-07	2.859280e-07	306
503665	2.298064e-07	4.643274e-07	2.858950e-07	306
511921	2.298350e-07	4.643335e-07	2.858620e-07	306
520177	2.298636e-07	4.643397e-07	2.858290e-07	306
528433	2.298922e-07	4.643458e-07	2.857960e-07	306
536689	2.299209e-07	4.643520e-07	2.857630e-07	306
544945	2.299495e-07	4.643581e-07	2.857300e-07	306
553201	2.299781e-07	4.643643e-07	2.856970e-07	306
561457	2.300067e-07	4.643704e-07	2.856640e-07	306
569713	2.300353e-07	4.643766e-07	2.856309e-07	306
577969	2.300639e-07	4.643827e-07	2.855979e-07	306
586225	2.300925e-07	4.643889e-07	2.855649e-07	306
594481	2.301210e-07	4.643950e-07	2.855319e-07	306
602737	2.301496e-07	4.644012e-07	2.854988e-07	306
610993	2.301782e-07	4.644073e-07	2.854658e-07	306
619249	2.302067e-07	4.644135e-07	2.854327e-07	306
627505	2.302353e-07	4.644196e-07	2.853997e-07	306
635761	2.302639e-07	4.644258e-07	2.853666e-07	306
644017	2.302924e-07	4.644319e-07	2.853336e-07	306
652273	2.303210e-07	4.644381e-07	2.853005e-07	306
660529	2.303495e-07	4.644442e-07	2.852674e-07	306
668785	2.303780e-07	4.644504e-07	2.852343e-07	306
677041	2.304066e-07	4.644566e-07	2.852013e-07	306
685297	2.304351e-07	4.644627e-07	2.851682e-07	306
693553	2.304636e-07	4.644689e-07	2.851351e-07	306
701809	2.304921e-07	4.644751e-07	2.851020e-07	306
710065	2.305207e-07	4.644812e-07	2.850689e-07	306
718321	2.305492e-07	4.644874e-07	2.850358e-07	306
726577	2.305777e-07	4.644936e-07	2.850027e-07	306
734833	2.306062e-07	4.644997e-07	2.849696e-07	306
743089	2.306347e-07	4.645059e-07	2.849365e-07	306
751345	2.306631e-07	4.645120e-07	2.849034e-07	306
759601	2.306916e-07	4.645182e-07	2.848703e-07	306
767857	2.307201e-07	4.645244e-07	2.848371e-07	306
776113	2.307486e-07	4.645305e-07	2.848040e-07	306
784369	2.307770e-07	4.645367e-07	2.847709e-07	306
792625	2.308055e-07	4.645429e-07	2.847378e-07	306
800881	2.308340e-07	4.645490e-07	2.847046e-07	306
809137	2.308624e-07	4.645552e-07	2.846715e-07	306
817393	2.308909e-07	4.645614e-07	2.846383e-07	306
825649	2.309193e-07	4.645676e-07	2.846052e-07	306
833905	2.309477e-07	4.645737e-07	2.845720e-07	306
842161	2.309762e-07	4.645799e-07	2.845389e-07	306
850417	2.310046e-07	4.645861e-07	2.845057e-07	306
858673	2.310330e-07	4.645923e-07	2.844725e-07	306
866929	2.310615e-07	4.645984e-07	2.844394e-07	306
875185	2.310899e-07	4.646046e-07	2.844062e-07	306
883441	2.311183e-07	4.646108e-07	2.843730e-07	306
891697	2.311467e-07	4.646170e-07	2.843398e-07	306
899953	2.311751e-07	4.646232e-07	2.843067e-07	306
908209	2.312035e-07	4.646293e-07	2.842735e-07	306
916465	2.312319e-07	4.646355e-07	2.842403e-07	306
924721	2.312603e-07	4.646417e-07	2.842071e-07	306
932977	2.312886e-07	4.646479e-07	2.841739e-07	306
941233	2.313170e-07	4.646541e-07	2.841406e-07	306
949489	2.313454e-07	4.646602e-07	2.841074e-07	306
957745	2.313737e-07	4.646664e-07	2.840742e-07	306
966001	2.314021e-07	4.646726e-07	2.840410e-07	306
974257	2.314305e-07	4.646788e-07	2.840078e-07	306
982513	2.314588e-07	4.646850e-07	2.839745e-07	306
990769	2.314872e-07	4.646912e-07	2.839413e-07	306
999025	2.315155e-07	4.646974e-07	2.839081e-07	306
1007281	2.315438e-07	4.647035e-07	2.838748e-07	306
1015537	2.315722e-07	4.647097e-07	2.838416e-07	306
1023793	2.316005e-07	4.647159e-07	2.838084e-07	306
1032049	2.316288e-07	4.647221e-07	2.837751e-07	306
1040305	2.316571e-07	4.647283e-07	2.837418e-07	306
1048561	2.316854e-07	4.647345e-07	2.837086e-07	306
1056817	2.317137e-07	4.647407e-07	2.836753e-07	306
1065073	2.317420e-07	4.647469e-07	2.836420e-07	306
1073329	2.317703e-07	4.647531e-07	2.836088e-07	306
1081585	2.317986e-07	4.647593e-07	2.835755e-07	306
1089841	2.318269e-07	4.647655e-07	2.835422e-07	306
1098097	2.318552e-07	4.647717e-07	2.835089e-07	306
1106353	2.318835e-07	4.647779e-07	2.834757e-07	306
1114609	2.319118e-07	4.647841e-07	2.834423e-07	306
1122865	2.319400e-07	4.647903e-07	2.834091e-07	306
1131121	2.319683e-07	4.647965e-07	2.833758e-07	306
1139377	2.319965e-07	4.648027e-07	2.833424e-07	306
1147633	2.320248e-07	4.648089e-07	2.833091e-07	306
1156	2.639024e-07	4.915371e-07	2.974784e-07	2610
9412	2.639320e-07	4.915441e-07	2.974406e-07	2610
17668	2.639615e-07	4.915512e-07	2.974027e-07	2610
25924	2.639911e-07	4.915582e-07	2.973648e-07	2610
34180	2.640207e-07	4.915653e-07	2.973269e-07	2610
42436	2.640502e-07	4.915723e-07	2.972890e-07	2610
50692	2.640797e-07	4.915794e-07	2.972511e-07	2610
58948	2.641092e-07	4.915865e-07	2.972131e-07	2610
67204	2.641388e-07	4.915935e-07	2.971752e-07	2610
75460	2.641683e-07	4.916006e-07	2.971373e-07	2610
83716	2.641978e-07	4.916076e-07	2.970994e-07	2610
91972	2.642273e-07	4.916147e-07	2.970615e-07	2610
100228	2.642568e-07	4.916218e-07	2.970235e-07	2610
108484	2.642863e-07	4.916288e-07	2.969856e-07	2610
116740	2.643158e-07	4.916359e-07	2.969477e-07	2610
124996	2.643453e-07	4.916429e-07	2.969097e-07	2610
133252	2.643748e-07	4.916500e-07	2.968717e-07	2610
141508	2.644043e-07	4.916571e-07	2.968338e-07	2610
149764	2.644337e-07	4.916641e-07	2.967958e-07	2610
158020	2.644632e-07	4.916712e-07	2.967579e-07	2610
166276	2.644927e-07	4.916783e-07	2.967199e-07	2610
174532	2.645221e-07	4.916853e-07	2.966819e-07	2610
182788	2.645516e-07	4.916924e-07	2.966440e-07	2610
191044	2.645810e-07	4.916995e-07	2.966060e-07	2610
199300	2.646105e-07	4.917065e-07	2.965680e-07	2610
207556	2.646399e-07	4.917136e-07	2.965300e-07	2610
215812	2.646693e-07	4.917207e-07	2.964920e-07	2610
224068	2.646987e-07	4.917277e-07	2.964540e-07	2610
232324	2.647282e-07	4.917349e-07	2.964160e-07	2610
240580	2.647575e-07	4.917419e-07	2.963780e-07	2610
248836	2.647870e-07	4.917490e-07	2.963400e-07	2610
257092	2.648164e-07	4.917561e-07	2.963020e-07	2610
265348	2.648457e-07	4.917632e-07	2.962640e-07	2610
273604	2.648751e-07	4.917702e-07	2.962260e-07	2610
281860	2.649045e-07	4.917773e-07	2.961879e-07	2610
290116	2.649339e-07	4.917844e-07	2.961499e-07	2610
298372	2.649633e-07	4.917915e-07	2.961119e-07	2610
306628	2.649926e-07	4.917985e-07	2.960738e-07	2610
314884	2.650220e-07	4.918056e-07	2.960358e-07	2610
323140	2.650513e-07	4.918127e-07	2.959978e-07	2610
331396	2.650807e-07	4.918198e-07	2.959597e-07	2610
339652	2.651100e-07	4.918269e-07	2.959216e-07	2610
347908	2.651394e-07	4.918339e-07	2.958836e-07	2610
356164	2.651687e-07	4.918410e-07	2.958455e-07	2610
364420	2.651980e-07	4.918481e-07	2.958074e-07	2610
372676	2.652273e-07	4.918552e-07	2.957694e-07	2610
380932	2.652566e-07	4.918623e-07	2.957313e-07	2610
389188	2.652860e-07	4.918694e-07	2.956932e-07	2610
397444	2.653153e-07	4.918765e-07	2.956551e-07	2610
405700	2.653445e-07	4.918836e-07	2.956170e-07	2610
413956	2.653738e-07	4.918907e-07	2.955790e-07	2610
422212	2.654031e-07	4.918978e-07	2.955408e-07	2610
430468	2.654324e-07	4.919049e-07	2.955028e-07	2610
438724	2.654617e-07	4.919119e-07	2.954646e-07	2610
446980	2.654909e-07	4.919190e-07	2.954265e-07	2610
455236	2.655202e-07	4.919261e-07	2.953884e-07	2610
463492	2.655495e-07	4.919332e-07	2.953503e-07	2610
471748	2.655787e-07	4.919403e-07	2.953122e-07	2610
480004	2.656080e-07	4.919474e-07	2.952740e-07	2610
488260	2.656372e-07	4.919545e-07	2.952359e-07	2610
496516	2.656664e-07	4.919616e-07	2.951978e-07	2610
504772	2.656957e-07	4.919687e-07	2.951597e-07	2610
513028	2.657249e-07	4.919758e-07	2.951215e-07	2610
521284	2.657541e-07	4.919829e-07	2.950834e-07	2610
529540	2.657833e-07	4.919900e-07	2.950452e-07	2610
537796	2.658125e-07	4.919971e-07	2.950071e-07	2610
546052	2.658417e-07	4.920042e-07	2.949689e-07	2610
554308	2.658709e-07	4.920113e-07	2.949307e-07	2610
562564	2.659001e-07	4.920184e-07	2.948925e-07	2610
570820	2.659293e-07	4.920255e-07	2.948544e-07	2610
579076	2.659584e-07	4.920327e-07	2.948162e-07	2610
587332	2.659876e-07	4.920398e-07	2.947780e-07	2610
595588	2.660168e-07	4.920469e-07	2.947398e-07	2610
603844	2.660460e-07	4.920540e-07	2.947017e-07	2610
612100	2.660751e-07	4.920611e-07	2.946635e-07	2610
620356	2.661043e-07	4.920682e-07	2.946253e-07	2610
628612	2.661334e-07	4.920753e-07	2.945871e-07	2610
636868	2.661625e-07	4.920824e-07	2.945488e-07	2610
645124	2.661917e-07	4.920895e-07	2.945106e-07	2610
653380	2.662208e-07	4.920966e-07	2.944724e-07	2610
661636	2.662499e-07	4.921038e-07	2.944342e-07	2610
669892	2.662790e-07	4.921109e-07	2.943960e-07	2610
678148	2.663081e-07	4.921180e-07	2.943578e-07	2610
686404	2.663373e-07	4.921251e-07	2.943195e-07	2610
694660	2.663664e-07	4.921322e-07	2.942813e-07	2610
702916	2.663954e-07	4.921393e-07	2.942431e-07	2610
711172	2.664245e-07	4.921465e-07	2.942048e-07	2610
719428	2.664536e-07	4.921536e-07	2.941666e-07	2610
727684	2.664827e-07	4.921607e-07	2.941283e-07	2610
735940	2.665118e-07	4.921678e-07	2.940901e-07	2610
744196	2.665408e-07	4.921749e-07	2.940518e-07	2610
752452	2.665699e-07	4.921820e-07	2.940135e-07	2610
760708	2.665989e-07	4.921891e-07	2.939753e-07	2610
768964	2.666280e-07	4.921963e-07	2.939370e-07	2610
777220	2.666570e-07	4.922034e-07	2.938987e-07	2610
785476	2.666860e-07	4.922105e-07	2.938604e-07	2610
793732	2.667151e-07	4.922177e-07	2.938221e-07	2610
801988	2.667441e-07	4.922248e-07	2.937838e-07	2610
810244	2.667731e-07	4.922319e-07	2.937456e-07	2610
818500	2.668021e-07	4.922391e-07	2.937072e-07	2610
826756	2.668311e-07	4.922462e-07	2.936690e-07	2610
835012	2.668602e-07	4.922533e-07	2.936306e-07	2610
843268	2.668891e-07	4.922604e-07	2.935923e-07	2610
851524	2.669181e-07	4.922676e-07	2.935540e-07	2610
859780	2.669471e-07	4.922747e-07	2.935157e-07	2610
868036	2.669761e-07	4.922819e-07	2.934774e-07	2610
876292	2.670051e-07	4.922890e-07	2.934391e-07	2610
884548	2.670340e-07	4.922961e-07	2.934007e-07	2610
892804	2.670630e-07	4.923032e-07	2.933624e-07	2610
901060	2.670920e-07	4.923104e-07	2.933240e-07	2610
909316	2.671209e-07	4.923175e-07	2.932857e-07	2610
917572	2.671499e-07	4.923247e-07	2.932474e-07	2610
925828	2.671788e-07	4.923318e-07	2.932090e-07	2610
934084	2.672077e-07	4.923389e-07	2.931706e-07	2610
942340	2.672367e-07	4.923461e-07	2.931323e-07	2610
950596	2.672656e-07	4.923532e-07	2.930939e-07	2610
958852	2.672945e-07	4.923604e-07	2.930556e-07	2610
967108	2.673234e-07	4.923675e-07	2.930172e-07	2610
975364	2.673523e-07	4.923746e-07	2.929788e-07	2610
983620	2.673812e-07	4.923818e-07	2.929404e-07	2610
991876	2.674101e-07	4.923889e-07	2.929020e-07	2610
1000132	2.674390e-07	4.923961e-07	2.928637e-07	2610
1008388	2.674679e-07	4.924032e-07	2.928253e-07	2610
1016644	2.674967e-07	4.924104e-07	2.927869e-07	2610
1024900	2.675256e-07	4.924175e-07	2.927485e-07	2610
1033156	2.675545e-07	4.924246e-07	2.927100e-07	2610
1041412	2.675833e-07	4.924318e-07	2.926716e-07	2610
1049668	2.676122e-07	4.924390e-07	2.926332e-07	2610
1057924	2.676410e-07	4.924461e-07	2.925948e-07	2610
1066180	2.676699e-07	4.924532e-07	2.925564e-07	2610
1074436	2.676987e-07	4.924604e-07	2.925180e-07	2610
1082692	2.677275e-07	4.924676e-07	2.924795e-07	2610
1090948	2.677564e-07	4.924747e-07	2.924411e-07	2610
1099204	2.677852e-07	4.924819e-07	2.924027e-07	2610
1107460	2.678140e-07	4.924891e-07	2.923642e-07	2610
1115716	2.678428e-07	4.924962e-07	2.923258e-07	2610
1123972	2.678716e-07	4.925033e-07	2.922873e-07	2610
1132228	2.679004e-07	4.925105e-07	2.922488e-07	2610
1140484	2.679292e-07	4.925176e-07	2.922104e-07	2610
1148740	2.679580e-07	4.925248e-07	2.921719e-07	2610
300527	7.923999e-08	4.968123e-07	3.670177e-07	7715
308783	7.927939e-08	4.968145e-07	3.670064e-07	7715
317039	7.931879e-08	4.968167e-07	3.669949e-07	7715
325295	7.935818e-08	4.968188e-07	3.669835e-07	7715
333551	7.939758e-08	4.968209e-07	3.669721e-07	7715
341807	7.943697e-08	4.968231e-07	3.669606e-07	7715
350063	7.947636e-08	4.968252e-07	3.669492e-07	7715
358319	7.951575e-08	4.968273e-07	3.669378e-07	7715
366575	7.955514e-08	4.968295e-07	3.669263e-07	7715
374831	7.959452e-08	4.968317e-07	3.669149e-07	7715
383087	7.963391e-08	4.968338e-07	3.669034e-07	7715
391343	7.967329e-08	4.968360e-07	3.668920e-07	7715
399599	7.971267e-08	4.968381e-07	3.668805e-07	7715
407855	7.975205e-08	4.968403e-07	3.668690e-07	7715
416111	7.979143e-08	4.968424e-07	3.668575e-07	7715
424367	7.983081e-08	4.968446e-07	3.668460e-07	7715
432623	7.987018e-08	4.968467e-07	3.668345e-07	7715
440879	7.990955e-08	4.968489e-07	3.668230e-07	7715
449135	7.994892e-08	4.968510e-07	3.668115e-07	7715
457391	7.998829e-08	4.968532e-07	3.668000e-07	7715
465647	8.002765e-08	4.968554e-07	3.667885e-07	7715
473903	8.006702e-08	4.968575e-07	3.667770e-07	7715
482159	8.010638e-08	4.968597e-07	3.667654e-07	7715
490415	8.014575e-08	4.968619e-07	3.667539e-07	7715
498671	8.018510e-08	4.968641e-07	3.667424e-07	7715
506927	8.022447e-08	4.968662e-07	3.667308e-07	7715
515183	8.026382e-08	4.968684e-07	3.667193e-07	7715
523439	8.030317e-08	4.968705e-07	3.667077e-07	7715
531695	8.034253e-08	4.968727e-07	3.666962e-07	7715
539951	8.038188e-08	4.968749e-07	3.666846e-07	7715
548207	8.042123e-08	4.968771e-07	3.666730e-07	7715
556463	8.046058e-08	4.968792e-07	3.666615e-07	7715
564719	8.049993e-08	4.968814e-07	3.666499e-07	7715
572975	8.053927e-08	4.968836e-07	3.666383e-07	7715
581231	8.057862e-08	4.968858e-07	3.666267e-07	7715
589487	8.061796e-08	4.968879e-07	3.666151e-07	7715
597743	8.065729e-08	4.968901e-07	3.666035e-07	7715
605999	8.069664e-08	4.968923e-07	3.665919e-07	7715
614255	8.073597e-08	4.968945e-07	3.665803e-07	7715
622511	8.077530e-08	4.968967e-07	3.665686e-07	7715
630767	8.081464e-08	4.968988e-07	3.665570e-07	7715
639023	8.085397e-08	4.969010e-07	3.665454e-07	7715
647279	8.089330e-08	4.969032e-07	3.665337e-07	7715
655535	8.093262e-08	4.969054e-07	3.665221e-07	7715
663791	8.097195e-08	4.969076e-07	3.665104e-07	7715
672047	8.101127e-08	4.969098e-07	3.664988e-07	7715
680303	8.105060e-08	4.969120e-07	3.664871e-07	7715
688559	8.108992e-08	4.969141e-07	3.664754e-07	7715
696815	8.112924e-08	4.969164e-07	3.664638e-07	7715
705071	8.116855e-08	4.969185e-07	3.664521e-07	7715
713327	8.120787e-08	4.969207e-07	3.664404e-07	7715
721583	8.124719e-08	4.969230e-07	3.664287e-07	7715
729839	8.128649e-08	4.969251e-07	3.664170e-07	7715
738095	8.132581e-08	4.969273e-07	3.664053e-07	7715
746351	8.136512e-08	4.969295e-07	3.663936e-07	7715
754607	8.140442e-08	4.969317e-07	3.663819e-07	7715
762863	8.144372e-08	4.969339e-07	3.663702e-07	7715
771119	8.148303e-08	4.969361e-07	3.663584e-07	7715
779375	8.152233e-08	4.969383e-07	3.663467e-07	7715
787631	8.156163e-08	4.969405e-07	3.663350e-07	7715
795887	8.160093e-08	4.969427e-07	3.663232e-07	7715
804143	8.164022e-08	4.969449e-07	3.663115e-07	7715
812399	8.167952e-08	4.969472e-07	3.662997e-07	7715
820655	8.171881e-08	4.969493e-07	3.662880e-07	7715
828911	8.175810e-08	4.969515e-07	3.662762e-07	7715
837167	8.179740e-08	4.969538e-07	3.662645e-07	7715
845423	8.183668e-08	4.969560e-07	3.662527e-07	7715
853679	8.187597e-08	4.969582e-07	3.662409e-07	7715
861935	8.191525e-08	4.969604e-07	3.662291e-07	7715
870191	8.195453e-08	4.969626e-07	3.662173e-07	7715
878447	8.199381e-08	4.969648e-07	3.662055e-07	7715
886703	8.203309e-08	4.969671e-07	3.661937e-07	7715
894959	8.207237e-08	4.969693e-07	3.661819e-07	7715
903215	8.211165e-08	4.969715e-07	3.661701e-07	7715
911471	8.215092e-08	4.969737e-07	3.661583e-07	7715
919727	8.219019e-08	4.969759e-07	3.661465e-07	7715
927983	8.222946e-08	4.969781e-07	3.661346e-07	7715
936239	8.226873e-08	4.969804e-07	3.661228e-07	7715
944495	8.230800e-08	4.969826e-07	3.661109e-07	7715
952751	8.234726e-08	4.969848e-07	3.660991e-07	7715
961007	8.238652e-08	4.969870e-07	3.660872e-07	7715
969263	8.242579e-08	4.969892e-07	3.660754e-07	7715
977519	8.246504e-08	4.969915e-07	3.660635e-07	7715
985775	8.250430e-08	4.969937e-07	3.660516e-07	7715
994031	8.254356e-08	4.969959e-07	3.660398e-07	7715
1002287	8.258282e-08	4.969982e-07	3.660279e-07	7715
1010543	8.262207e-08	4.970004e-07	3.660160e-07	7715
1018799	8.266132e-08	4.970026e-07	3.660041e-07	7715
1027055	8.270057e-08	4.970049e-07	3.659922e-07	7715
1035311	8.273981e-08	4.970071e-07	3.659803e-07	7715
1043567	8.277906e-08	4.970094e-07	3.659684e-07	7715
1051823	8.281830e-08	4.970116e-07	3.659565e-07	7715
1060079	8.285754e-08	4.970138e-07	3.659445e-07	7715
1068335	8.289678e-08	4.970161e-07	3.659326e-07	7715
1076591	8.293602e-08	4.970183e-07	3.659207e-07	7715
1084847	8.297526e-08	4.970206e-07	3.659087e-07	7715
1093103	8.301449e-08	4.970228e-07	3.658968e-07	7715
1101359	8.305373e-08	4.970250e-07	3.658849e-07	7715
1109615	8.309296e-08	4.970273e-07	3.658729e-07	7715
1117871	8.313219e-08	4.970295e-07	3.658609e-07	7715
1126127	8.317141e-08	4.970317e-07	3.658490e-07	7715
1134383	8.321064e-08	4.970340e-07	3.658370e-07	7715
1142639	8.324987e-08	4.970362e-07	3.658250e-07	7715
1150895	8.328909e-08	4.970385e-07	3.658130e-07	7715
7224	2.204650e-07	5.085412e-07	3.255539e-07	21591
15480	2.204981e-07	5.085471e-07	3.255223e-07	21591
23736	2.205312e-07	5.085530e-07	3.254906e-07	21591
31992	2.205644e-07	5.085589e-07	3.254589e-07	21591
40248	2.205975e-07	5.085648e-07	3.254273e-07	21591
48504	2.206306e-07	5.085707e-07	3.253956e-07	21591
56760	2.206638e-07	5.085766e-07	3.253639e-07	21591
65016	2.206969e-07	5.085825e-07	3.253322e-07	21591
73272	2.207300e-07	5.085884e-07	3.253005e-07	21591
81528	2.207631e-07	5.085943e-07	3.252688e-07	21591
89784	2.207962e-07	5.086002e-07	3.252371e-07	21591
98040	2.208293e-07	5.086061e-07	3.252054e-07	21591
106296	2.208623e-07	5.086121e-07	3.251737e-07	21591
114552	2.208954e-07	5.086180e-07	3.251420e-07	21591
122808	2.209285e-07	5.086239e-07	3.251102e-07	21591
131064	2.209616e-07	5.086298e-07	3.250785e-07	21591
139320	2.209947e-07	5.086357e-07	3.250468e-07	21591
147576	2.210277e-07	5.086416e-07	3.250151e-07	21591
155832	2.210608e-07	5.086475e-07	3.249833e-07	21591
164088	2.210938e-07	5.086534e-07	3.249516e-07	21591
172344	2.211269e-07	5.086594e-07	3.249198e-07	21591
180600	2.211599e-07	5.086653e-07	3.248881e-07	21591
188856	2.211930e-07	5.086712e-07	3.248563e-07	21591
197112	2.212260e-07	5.086771e-07	3.248246e-07	21591
205368	2.212590e-07	5.086830e-07	3.247928e-07	21591
213624	2.212921e-07	5.086889e-07	3.247610e-07	21591
221880	2.213251e-07	5.086949e-07	3.247292e-07	21591
230136	2.213581e-07	5.087008e-07	3.246975e-07	21591
238392	2.213911e-07	5.087067e-07	3.246656e-07	21591
246648	2.214241e-07	5.087126e-07	3.246339e-07	21591
254904	2.214571e-07	5.087185e-07	3.246021e-07	21591
263160	2.214901e-07	5.087245e-07	3.245703e-07	21591
271416	2.215231e-07	5.087304e-07	3.245385e-07	21591
279672	2.215561e-07	5.087363e-07	3.245067e-07	21591
287928	2.215891e-07	5.087422e-07	3.244748e-07	21591
296184	2.216221e-07	5.087482e-07	3.244430e-07	21591
304440	2.216551e-07	5.087541e-07	3.244112e-07	21591
312696	2.216880e-07	5.087600e-07	3.243794e-07	21591
320952	2.217210e-07	5.087660e-07	3.243475e-07	21591
329208	2.217540e-07	5.087719e-07	3.243157e-07	21591
337464	2.217869e-07	5.087778e-07	3.242838e-07	21591
345720	2.218199e-07	5.087838e-07	3.242520e-07	21591
353976	2.218528e-07	5.087897e-07	3.242201e-07	21591
362232	2.218858e-07	5.087956e-07	3.241883e-07	21591
370488	2.219187e-07	5.088016e-07	3.241564e-07	21591
378744	2.219516e-07	5.088075e-07	3.241246e-07	21591
387000	2.219845e-07	5.088135e-07	3.240927e-07	21591
395256	2.220175e-07	5.088194e-07	3.240608e-07	21591
403512	2.220504e-07	5.088253e-07	3.240289e-07	21591
411768	2.220833e-07	5.088312e-07	3.239970e-07	21591
420024	2.221162e-07	5.088372e-07	3.239651e-07	21591
428280	2.221491e-07	5.088431e-07	3.239333e-07	21591
436536	2.221820e-07	5.088491e-07	3.239013e-07	21591
444792	2.222149e-07	5.088550e-07	3.238694e-07	21591
453048	2.222478e-07	5.088610e-07	3.238375e-07	21591
461304	2.222807e-07	5.088669e-07	3.238056e-07	21591
469560	2.223136e-07	5.088729e-07	3.237737e-07	21591
477816	2.223464e-07	5.088788e-07	3.237418e-07	21591
486072	2.223793e-07	5.088848e-07	3.237098e-07	21591
494328	2.224122e-07	5.088907e-07	3.236779e-07	21591
502584	2.224450e-07	5.088967e-07	3.236460e-07	21591
510840	2.224779e-07	5.089026e-07	3.236140e-07	21591
519096	2.225107e-07	5.089086e-07	3.235821e-07	21591
527352	2.225436e-07	5.089145e-07	3.235501e-07	21591
535608	2.225764e-07	5.089205e-07	3.235182e-07	21591
543864	2.226093e-07	5.089264e-07	3.234862e-07	21591
552120	2.226421e-07	5.089324e-07	3.234542e-07	21591
560376	2.226749e-07	5.089383e-07	3.234223e-07	21591
568632	2.227078e-07	5.089443e-07	3.233903e-07	21591
576888	2.227406e-07	5.089503e-07	3.233583e-07	21591
585144	2.227734e-07	5.089562e-07	3.233263e-07	21591
593400	2.228062e-07	5.089622e-07	3.232943e-07	21591
601656	2.228390e-07	5.089681e-07	3.232623e-07	21591
609912	2.228718e-07	5.089741e-07	3.232303e-07	21591
618168	2.229046e-07	5.089801e-07	3.231983e-07	21591
626424	2.229374e-07	5.089860e-07	3.231663e-07	21591
634680	2.229702e-07	5.089920e-07	3.231343e-07	21591
642936	2.230030e-07	5.089980e-07	3.231023e-07	21591
651192	2.230357e-07	5.090039e-07	3.230703e-07	21591
659448	2.230685e-07	5.090099e-07	3.230382e-07	21591
667704	2.231013e-07	5.090159e-07	3.230062e-07	21591
675960	2.231341e-07	5.090218e-07	3.229742e-07	21591
684216	2.231668e-07	5.090278e-07	3.229421e-07	21591
692472	2.231995e-07	5.090338e-07	3.229101e-07	21591
700728	2.232323e-07	5.090398e-07	3.228780e-07	21591
708984	2.232650e-07	5.090457e-07	3.228459e-07	21591
717240	2.232978e-07	5.090517e-07	3.228139e-07	21591
725496	2.233305e-07	5.090577e-07	3.227818e-07	21591
733752	2.233632e-07	5.090636e-07	3.227498e-07	21591
742008	2.233960e-07	5.090696e-07	3.227177e-07	21591
750264	2.234287e-07	5.090756e-07	3.226856e-07	21591
758520	2.234614e-07	5.090815e-07	3.226535e-07	21591
766776	2.234941e-07	5.090876e-07	3.226214e-07	21591
775032	2.235268e-07	5.090935e-07	3.225893e-07	21591
783288	2.235595e-07	5.090995e-07	3.225572e-07	21591
791544	2.235922e-07	5.091055e-07	3.225251e-07	21591
799800	2.236249e-07	5.091114e-07	3.224930e-07	21591
808056	2.236576e-07	5.091175e-07	3.224609e-07	21591
816312	2.236903e-07	5.091234e-07	3.224288e-07	21591
824568	2.237229e-07	5.091294e-07	3.223967e-07	21591
832824	2.237556e-07	5.091354e-07	3.223645e-07	21591
841080	2.237883e-07	5.091414e-07	3.223324e-07	21591
849336	2.238209e-07	5.091474e-07	3.223003e-07	21591
857592	2.238536e-07	5.091533e-07	3.222681e-07	21591
865848	2.238863e-07	5.091593e-07	3.222360e-07	21591
874104	2.239189e-07	5.091653e-07	3.222038e-07	21591
882360	2.239515e-07	5.091713e-07	3.221717e-07	21591
890616	2.239842e-07	5.091773e-07	3.221395e-07	21591
898872	2.240168e-07	5.091833e-07	3.221074e-07	21591
907128	2.240495e-07	5.091893e-07	3.220752e-07	21591
915384	2.240821e-07	5.091953e-07	3.220430e-07	21591
923640	2.241147e-07	5.092013e-07	3.220108e-07	21591
931896	2.241473e-07	5.092073e-07	3.219787e-07	21591
940152	2.241799e-07	5.092133e-07	3.219465e-07	21591
948408	2.242125e-07	5.092193e-07	3.219143e-07	21591
956664	2.242451e-07	5.092253e-07	3.218821e-07	21591
964920	2.242777e-07	5.092313e-07	3.218499e-07	21591
973176	2.243103e-07	5.092373e-07	3.218177e-07	21591
981432	2.243429e-07	5.092433e-07	3.217855e-07	21591
989688	2.243755e-07	5.092493e-07	3.217532e-07	21591
997944	2.244081e-07	5.092552e-07	3.217210e-07	21591
1006200	2.244406e-07	5.092613e-07	3.216888e-07	21591
1014456	2.244732e-07	5.092673e-07	3.216566e-07	21591
1022712	2.245058e-07	5.092733e-07	3.216244e-07	21591
1030968	2.245383e-07	5.092793e-07	3.215921e-07	21591
1039224	2.245709e-07	5.092853e-07	3.215599e-07	21591
1047480	2.246034e-07	5.092913e-07	3.215276e-07	21591
1055736	2.246360e-07	5.092973e-07	3.214953e-07	21591
1063992	2.246685e-07	5.093033e-07	3.214631e-07	21591
1072248	2.247010e-07	5.093093e-07	3.214308e-07	21591
1080504	2.247336e-07	5.093153e-07	3.213986e-07	21591
1088760	2.247661e-07	5.093214e-07	3.213663e-07	21591
1097016	2.247986e-07	5.093274e-07	3.213340e-07	21591
1105272	2.248311e-07	5.093334e-07	3.213017e-07	21591
1113528	2.248636e-07	5.093394e-07	3.212695e-07	21591
1121784	2.248961e-07	5.093454e-07	3.212372e-07	21591
1130040	2.249286e-07	5.093514e-07	3.212049e-07	21591
1138296	2.249611e-07	5.093574e-07	3.211726e-07	21591
1146552	2.249936e-07	5.093635e-07	3.211403e-07	21591
1154808	2.250261e-07	5.093695e-07	3.211080e-07	21591
1037	2.890779e-07	5.117760e-07	3.047977e-07	2354
9293	2.891079e-07	5.117837e-07	3.047562e-07	2354
17549	2.891380e-07	5.117914e-07	3.047147e-07	2354
25805	2.891681e-07	5.117992e-07	3.046733e-07	2354
34061	2.891981e-07	5.118069e-07	3.046317e-07	2354
42317	2.892282e-07	5.118146e-07	3.045902e-07	2354
50573	2.892582e-07	5.118223e-07	3.045487e-07	2354
58829	2.892883e-07	5.118301e-07	3.045072e-07	2354
67085	2.893183e-07	5.118378e-07	3.044656e-07	2354
75341	2.893483e-07	5.118455e-07	3.044241e-07	2354
83597	2.893784e-07	5.118533e-07	3.043826e-07	2354
91853	2.894084e-07	5.118610e-07	3.043410e-07	2354
100109	2.894384e-07	5.118687e-07	3.042995e-07	2354
108365	2.894684e-07	5.118765e-07	3.042579e-07	2354
116621	2.894984e-07	5.118842e-07	3.042164e-07	2354
124877	2.895284e-07	5.118919e-07	3.041748e-07	2354
133133	2.895584e-07	5.118997e-07	3.041333e-07	2354
141389	2.895883e-07	5.119074e-07	3.040917e-07	2354
149645	2.896183e-07	5.119151e-07	3.040501e-07	2354
157901	2.896483e-07	5.119228e-07	3.040086e-07	2354
166157	2.896782e-07	5.119306e-07	3.039670e-07	2354
174413	2.897082e-07	5.119383e-07	3.039254e-07	2354
182669	2.897381e-07	5.119461e-07	3.038838e-07	2354
190925	2.897681e-07	5.119538e-07	3.038422e-07	2354
199181	2.897980e-07	5.119616e-07	3.038006e-07	2354
207437	2.898279e-07	5.119693e-07	3.037590e-07	2354
215693	2.898579e-07	5.119770e-07	3.037174e-07	2354
223949	2.898878e-07	5.119848e-07	3.036758e-07	2354
232205	2.899177e-07	5.119925e-07	3.036342e-07	2354
240461	2.899476e-07	5.120003e-07	3.035925e-07	2354
248717	2.899775e-07	5.120080e-07	3.035509e-07	2354
256973	2.900074e-07	5.120158e-07	3.035093e-07	2354
265229	2.900373e-07	5.120235e-07	3.034677e-07	2354
273485	2.900672e-07	5.120312e-07	3.034260e-07	2354
281741	2.900970e-07	5.120390e-07	3.033844e-07	2354
289997	2.901269e-07	5.120468e-07	3.033427e-07	2354
298253	2.901567e-07	5.120545e-07	3.033011e-07	2354
306509	2.901866e-07	5.120623e-07	3.032594e-07	2354
314765	2.902165e-07	5.120700e-07	3.032178e-07	2354
323021	2.902463e-07	5.120778e-07	3.031761e-07	2354
331277	2.902761e-07	5.120855e-07	3.031345e-07	2354
339533	2.903060e-07	5.120933e-07	3.030928e-07	2354
347789	2.903358e-07	5.121011e-07	3.030511e-07	2354
356045	2.903656e-07	5.121088e-07	3.030094e-07	2354
364301	2.903954e-07	5.121166e-07	3.029677e-07	2354
372557	2.904252e-07	5.121243e-07	3.029261e-07	2354
380813	2.904550e-07	5.121321e-07	3.028844e-07	2354
389069	2.904848e-07	5.121398e-07	3.028427e-07	2354
397325	2.905146e-07	5.121476e-07	3.028010e-07	2354
405581	2.905444e-07	5.121553e-07	3.027593e-07	2354
413837	2.905741e-07	5.121631e-07	3.027176e-07	2354
422093	2.906039e-07	5.121709e-07	3.026759e-07	2354
430349	2.906337e-07	5.121786e-07	3.026341e-07	2354
438605	2.906635e-07	5.121864e-07	3.025924e-07	2354
446861	2.906932e-07	5.121942e-07	3.025507e-07	2354
455117	2.907229e-07	5.122020e-07	3.025090e-07	2354
463373	2.907527e-07	5.122097e-07	3.024672e-07	2354
471629	2.907824e-07	5.122175e-07	3.024255e-07	2354
479885	2.908121e-07	5.122253e-07	3.023837e-07	2354
488141	2.908419e-07	5.122330e-07	3.023420e-07	2354
496397	2.908716e-07	5.122408e-07	3.023003e-07	2354
504653	2.909013e-07	5.122486e-07	3.022585e-07	2354
512909	2.909310e-07	5.122563e-07	3.022167e-07	2354
521165	2.909607e-07	5.122641e-07	3.021750e-07	2354
529421	2.909904e-07	5.122719e-07	3.021332e-07	2354
537677	2.910200e-07	5.122797e-07	3.020914e-07	2354
545933	2.910497e-07	5.122874e-07	3.020497e-07	2354
554189	2.910794e-07	5.122952e-07	3.020079e-07	2354
562445	2.911090e-07	5.123030e-07	3.019661e-07	2354
570701	2.911387e-07	5.123107e-07	3.019243e-07	2354
578957	2.911684e-07	5.123185e-07	3.018825e-07	2354
587213	2.911980e-07	5.123263e-07	3.018407e-07	2354
595469	2.912276e-07	5.123341e-07	3.017989e-07	2354
603725	2.912573e-07	5.123418e-07	3.017571e-07	2354
611981	2.912869e-07	5.123496e-07	3.017153e-07	2354
620237	2.913165e-07	5.123574e-07	3.016735e-07	2354
628493	2.913461e-07	5.123652e-07	3.016316e-07	2354
636749	2.913757e-07	5.123730e-07	3.015898e-07	2354
645005	2.914053e-07	5.123808e-07	3.015480e-07	2354
653261	2.914349e-07	5.123886e-07	3.015062e-07	2354
661517	2.914645e-07	5.123964e-07	3.014643e-07	2354
669773	2.914941e-07	5.124041e-07	3.014225e-07	2354
678029	2.915237e-07	5.124119e-07	3.013807e-07	2354
686285	2.915532e-07	5.124197e-07	3.013388e-07	2354
694541	2.915828e-07	5.124275e-07	3.012970e-07	2354
702797	2.916124e-07	5.124353e-07	3.012551e-07	2354
711053	2.916419e-07	5.124431e-07	3.012132e-07	2354
719309	2.916715e-07	5.124509e-07	3.011714e-07	2354
727565	2.917010e-07	5.124587e-07	3.011295e-07	2354
735821	2.917305e-07	5.124664e-07	3.010876e-07	2354
744077	2.917601e-07	5.124742e-07	3.010457e-07	2354
752333	2.917896e-07	5.124821e-07	3.010039e-07	2354
760589	2.918191e-07	5.124899e-07	3.009620e-07	2354
768845	2.918486e-07	5.124976e-07	3.009201e-07	2354
777101	2.918781e-07	5.125054e-07	3.008782e-07	2354
785357	2.919076e-07	5.125132e-07	3.008363e-07	2354
793613	2.919371e-07	5.125210e-07	3.007944e-07	2354
801869	2.919666e-07	5.125289e-07	3.007525e-07	2354
810125	2.919961e-07	5.125366e-07	3.007106e-07	2354
818381	2.920255e-07	5.125444e-07	3.006686e-07	2354
826637	2.920550e-07	5.125522e-07	3.006267e-07	2354
834893	2.920845e-07	5.125600e-07	3.005848e-07	2354
843149	2.921139e-07	5.125679e-07	3.005429e-07	2354
851405	2.921433e-07	5.125756e-07	3.005009e-07	2354
859661	2.921728e-07	5.125834e-07	3.004590e-07	2354
867917	2.922022e-07	5.125913e-07	3.004171e-07	2354
876173	2.922316e-07	5.125991e-07	3.003751e-07	2354
884429	2.922611e-07	5.126068e-07	3.003332e-07	2354
892685	2.922905e-07	5.126147e-07	3.002912e-07	2354
900941	2.923199e-07	5.126225e-07	3.002492e-07	2354
909197	2.923493e-07	5.126303e-07	3.002073e-07	2354
917453	2.923787e-07	5.126381e-07	3.001653e-07	2354
925709	2.924081e-07	5.126459e-07	3.001233e-07	2354
933965	2.924374e-07	5.126537e-07	3.000814e-07	2354
942221	2.924668e-07	5.126615e-07	3.000394e-07	2354
950477	2.924962e-07	5.126694e-07	2.999974e-07	2354
958733	2.925256e-07	5.126772e-07	2.999554e-07	2354
966989	2.925549e-07	5.126849e-07	2.999134e-07	2354
975245	2.925843e-07	5.126928e-07	2.998714e-07	2354
983501	2.926136e-07	5.127006e-07	2.998294e-07	2354
991757	2.926430e-07	5.127084e-07	2.997874e-07	2354
1000013	2.926723e-07	5.127163e-07	2.997454e-07	2354
1008269	2.927016e-07	5.127241e-07	2.997034e-07	2354
1016525	2.927310e-07	5.127319e-07	2.996614e-07	2354
1024781	2.927603e-07	5.127397e-07	2.996194e-07	2354
1033037	2.927896e-07	5.127475e-07	2.995773e-07	2354
1041293	2.928189e-07	5.127553e-07	2.995353e-07	2354
1049549	2.928482e-07	5.127632e-07	2.994933e-07	2354
1057805	2.928775e-07	5.127710e-07	2.994512e-07	2354
1066061	2.929067e-07	5.127788e-07	2.994092e-07	2354
1074317	2.929360e-07	5.127866e-07	2.993671e-07	2354
1082573	2.929653e-07	5.127945e-07	2.993251e-07	2354
1090829	2.929946e-07	5.128023e-07	2.992830e-07	2354
1099085	2.930238e-07	5.128101e-07	2.992410e-07	2354
1107341	2.930531e-07	5.128180e-07	2.991989e-07	2354
1115597	2.930823e-07	5.128257e-07	2.991569e-07	2354
1123853	2.931116e-07	5.128336e-07	2.991148e-07	2354
1132109	2.931408e-07	5.128414e-07	2.990727e-07	2354
1140365	2.931700e-07	5.128493e-07	2.990306e-07	2354
1148621	2.931992e-07	5.128571e-07	2.989885e-07	2354
1274	3.196994e-07	5.193098e-07	3.005418e-07	2866
9530	3.197286e-07	5.193183e-07	3.004959e-07	2866
17786	3.197579e-07	5.193269e-07	3.004500e-07	2866
26042	3.197871e-07	5.193355e-07	3.004041e-07	2866
34298	3.198164e-07	5.193440e-07	3.003582e-07	2866
42554	3.198456e-07	5.193525e-07	3.003123e-07	2866
50810	3.198749e-07	5.193611e-07	3.002664e-07	2866
59066	3.199041e-07	5.193696e-07	3.002205e-07	2866
67322	3.199333e-07	5.193781e-07	3.001746e-07	2866
75578	3.199625e-07	5.193867e-07	3.001287e-07	2866
83834	3.199917e-07	5.193953e-07	3.000827e-07	2866
92090	3.200209e-07	5.194038e-07	3.000368e-07	2866
100346	3.200501e-07	5.194124e-07	2.999909e-07	2866
108602	3.200793e-07	5.194209e-07	2.999449e-07	2866
116858	3.201085e-07	5.194294e-07	2.998990e-07	2866
125114	3.201376e-07	5.194380e-07	2.998530e-07	2866
133370	3.201668e-07	5.194465e-07	2.998071e-07	2866
141626	3.201960e-07	5.194551e-07	2.997611e-07	2866
149882	3.202251e-07	5.194636e-07	2.997152e-07	2866
158138	3.202543e-07	5.194722e-07	2.996692e-07	2866
166394	3.202834e-07	5.194807e-07	2.996233e-07	2866
174650	3.203125e-07	5.194893e-07	2.995773e-07	2866
182906	3.203417e-07	5.194979e-07	2.995313e-07	2866
191162	3.203708e-07	5.195064e-07	2.994853e-07	2866
199418	3.203999e-07	5.195150e-07	2.994393e-07	2866
207674	3.204290e-07	5.195235e-07	2.993933e-07	2866
215930	3.204581e-07	5.195321e-07	2.993473e-07	2866
224186	3.204871e-07	5.195407e-07	2.993013e-07	2866
232442	3.205162e-07	5.195492e-07	2.992553e-07	2866
240698	3.205453e-07	5.195578e-07	2.992093e-07	2866
248954	3.205744e-07	5.195663e-07	2.991633e-07	2866
257210	3.206034e-07	5.195749e-07	2.991173e-07	2866
265466	3.206325e-07	5.195835e-07	2.990713e-07	2866
273722	3.206615e-07	5.195920e-07	2.990253e-07	2866
281978	3.206906e-07	5.196006e-07	2.989792e-07	2866
290234	3.207196e-07	5.196091e-07	2.989332e-07	2866
298490	3.207487e-07	5.196177e-07	2.988872e-07	2866
306746	3.207777e-07	5.196263e-07	2.988411e-07	2866
315002	3.208067e-07	5.196349e-07	2.987951e-07	2866
323258	3.208357e-07	5.196434e-07	2.987490e-07	2866
331514	3.208647e-07	5.196520e-07	2.987030e-07	2866
339770	3.208937e-07	5.196605e-07	2.986569e-07	2866
348026	3.209227e-07	5.196691e-07	2.986109e-07	2866
356282	3.209516e-07	5.196777e-07	2.985648e-07	2866
364538	3.209806e-07	5.196862e-07	2.985187e-07	2866
372794	3.210096e-07	5.196948e-07	2.984727e-07	2866
381050	3.210386e-07	5.197034e-07	2.984266e-07	2866
389306	3.210675e-07	5.197120e-07	2.983805e-07	2866
397562	3.210965e-07	5.197205e-07	2.983344e-07	2866
405818	3.211254e-07	5.197291e-07	2.982883e-07	2866
414074	3.211543e-07	5.197377e-07	2.982422e-07	2866
422330	3.211832e-07	5.197463e-07	2.981961e-07	2866
430586	3.212122e-07	5.197548e-07	2.981500e-07	2866
438842	3.212411e-07	5.197634e-07	2.981039e-07	2866
447098	3.212700e-07	5.197720e-07	2.980578e-07	2866
455354	3.212989e-07	5.197806e-07	2.980117e-07	2866
463610	3.213277e-07	5.197892e-07	2.979656e-07	2866
471866	3.213567e-07	5.197978e-07	2.979195e-07	2866
480122	3.213855e-07	5.198063e-07	2.978733e-07	2866
488378	3.214144e-07	5.198149e-07	2.978272e-07	2866
496634	3.214433e-07	5.198235e-07	2.977811e-07	2866
504890	3.214721e-07	5.198321e-07	2.977349e-07	2866
513146	3.215009e-07	5.198407e-07	2.976888e-07	2866
521402	3.215298e-07	5.198493e-07	2.976426e-07	2866
529658	3.215586e-07	5.198578e-07	2.975965e-07	2866
537914	3.215875e-07	5.198664e-07	2.975503e-07	2866
546170	3.216163e-07	5.198750e-07	2.975042e-07	2866
554426	3.216451e-07	5.198836e-07	2.974580e-07	2866
562682	3.216739e-07	5.198922e-07	2.974118e-07	2866
570938	3.217027e-07	5.199008e-07	2.973657e-07	2866
579194	3.217315e-07	5.199093e-07	2.973195e-07	2866
587450	3.217603e-07	5.199179e-07	2.972733e-07	2866
595706	3.217891e-07	5.199266e-07	2.972271e-07	2866
603962	3.218179e-07	5.199352e-07	2.971809e-07	2866
612218	3.218466e-07	5.199437e-07	2.971347e-07	2866
620474	3.218754e-07	5.199523e-07	2.970885e-07	2866
628730	3.219041e-07	5.199609e-07	2.970423e-07	2866
636986	3.219329e-07	5.199695e-07	2.969961e-07	2866
645242	3.219616e-07	5.199781e-07	2.969499e-07	2866
653498	3.219903e-07	5.199867e-07	2.969037e-07	2866
661754	3.220191e-07	5.199953e-07	2.968575e-07	2866
670010	3.220478e-07	5.200039e-07	2.968113e-07	2866
678266	3.220765e-07	5.200125e-07	2.967650e-07	2866
686522	3.221052e-07	5.200211e-07	2.967188e-07	2866
694778	3.221339e-07	5.200297e-07	2.966726e-07	2866
703034	3.221626e-07	5.200383e-07	2.966263e-07	2866
711290	3.221913e-07	5.200469e-07	2.965801e-07	2866
719546	3.222200e-07	5.200556e-07	2.965338e-07	2866
727802	3.222486e-07	5.200641e-07	2.964876e-07	2866
736058	3.222773e-07	5.200728e-07	2.964413e-07	2866
744314	3.223060e-07	5.200814e-07	2.963951e-07	2866
752570	3.223346e-07	5.200899e-07	2.963488e-07	2866
760826	3.223633e-07	5.200986e-07	2.963025e-07	2866
769082	3.223919e-07	5.201072e-07	2.962563e-07	2866
777338	3.224205e-07	5.201158e-07	2.962100e-07	2866
785594	3.224492e-07	5.201244e-07	2.961637e-07	2866
793850	3.224777e-07	5.201330e-07	2.961174e-07	2866
802106	3.225064e-07	5.201416e-07	2.960711e-07	2866
810362	3.225350e-07	5.201503e-07	2.960249e-07	2866
818618	3.225636e-07	5.201588e-07	2.959786e-07	2866
826874	3.225921e-07	5.201675e-07	2.959323e-07	2866
835130	3.226207e-07	5.201761e-07	2.958859e-07	2866
843386	3.226493e-07	5.201847e-07	2.958396e-07	2866
851642	3.226779e-07	5.201933e-07	2.957933e-07	2866
859898	3.227065e-07	5.202019e-07	2.957470e-07	2866
868154	3.227350e-07	5.202106e-07	2.957007e-07	2866
876410	3.227636e-07	5.202191e-07	2.956544e-07	2866
884666	3.227921e-07	5.202278e-07	2.956080e-07	2866
892922	3.228206e-07	5.202364e-07	2.955617e-07	2866
901178	3.228491e-07	5.202450e-07	2.955154e-07	2866
909434	3.228777e-07	5.202536e-07	2.954690e-07	2866
917690	3.229062e-07	5.202623e-07	2.954227e-07	2866
925946	3.229347e-07	5.202709e-07	2.953763e-07	2866
934202	3.229632e-07	5.202795e-07	2.953300e-07	2866
942458	3.229917e-07	5.202882e-07	2.952836e-07	2866
950714	3.230202e-07	5.202967e-07	2.952373e-07	2866
958970	3.230487e-07	5.203054e-07	2.951909e-07	2866
967226	3.230771e-07	5.203140e-07	2.951445e-07	2866
975482	3.231056e-07	5.203227e-07	2.950981e-07	2866
983738	3.231340e-07	5.203313e-07	2.950518e-07	2866
991994	3.231625e-07	5.203399e-07	2.950054e-07	2866
1000250	3.231909e-07	5.203485e-07	2.949590e-07	2866
1008506	3.232194e-07	5.203572e-07	2.949126e-07	2866
1016762	3.232478e-07	5.203658e-07	2.948662e-07	2866
1025018	3.232762e-07	5.203744e-07	2.948198e-07	2866
1033274	3.233046e-07	5.203831e-07	2.947734e-07	2866
1041530	3.233330e-07	5.203917e-07	2.947270e-07	2866
1049786	3.233615e-07	5.204003e-07	2.946806e-07	2866
1058042	3.233899e-07	5.204089e-07	2.946342e-07	2866
1066298	3.234182e-07	5.204176e-07	2.945878e-07	2866
1074554	3.234466e-07	5.204262e-07	2.945413e-07	2866
1082810	3.234750e-07	5.204349e-07	2.944949e-07	2866
1091066	3.235034e-07	5.204435e-07	2.944485e-07	2866
1099322	3.235317e-07	5.204521e-07	2.944020e-07	2866
1107578	3.235601e-07	5.204608e-07	2.943556e-07	2866
1115834	3.235884e-07	5.204694e-07	2.943092e-07	2866
1124090	3.236168e-07	5.204781e-07	2.942627e-07	2866
1132346	3.236451e-07	5.204867e-07	2.942163e-07	2866
1140602	3.236734e-07	5.204953e-07	2.941698e-07	2866
1148858	3.237018e-07	5.205040e-07	2.941234e-07	2866
6717	3.546257e-07	5.218758e-07	2.885338e-07	19019
14973	3.546532e-07	5.218852e-07	2.884829e-07	19019
23229	3.546807e-07	5.218947e-07	2.884320e-07	19019
31485	3.547081e-07	5.219042e-07	2.883811e-07	19019
39741	3.547356e-07	5.219136e-07	2.883302e-07	19019
47997	3.547630e-07	5.219231e-07	2.882793e-07	19019
56253	3.547904e-07	5.219326e-07	2.882284e-07	19019
64509	3.548179e-07	5.219421e-07	2.881774e-07	19019
72765	3.548453e-07	5.219515e-07	2.881265e-07	19019
81021	3.548727e-07	5.219610e-07	2.880756e-07	19019
89277	3.549001e-07	5.219705e-07	2.880246e-07	19019
97533	3.549275e-07	5.219799e-07	2.879737e-07	19019
105789	3.549549e-07	5.219894e-07	2.879228e-07	19019
114045	3.549823e-07	5.219989e-07	2.878718e-07	19019
122301	3.550097e-07	5.220084e-07	2.878209e-07	19019
130557	3.550370e-07	5.220178e-07	2.877699e-07	19019
138813	3.550644e-07	5.220273e-07	2.877190e-07	19019
147069	3.550917e-07	5.220368e-07	2.876680e-07	19019
155325	3.551191e-07	5.220463e-07	2.876170e-07	19019
163581	3.551464e-07	5.220558e-07	2.875661e-07	19019
171837	3.551738e-07	5.220652e-07	2.875151e-07	19019
180093	3.552011e-07	5.220747e-07	2.874641e-07	19019
188349	3.552284e-07	5.220842e-07	2.874131e-07	19019
196605	3.552557e-07	5.220937e-07	2.873622e-07	19019
204861	3.552830e-07	5.221032e-07	2.873112e-07	19019
213117	3.553103e-07	5.221127e-07	2.872602e-07	19019
221373	3.553376e-07	5.221221e-07	2.872092e-07	19019
229629	3.553649e-07	5.221316e-07	2.871582e-07	19019
237885	3.553921e-07	5.221411e-07	2.871072e-07	19019
246141	3.554194e-07	5.221506e-07	2.870562e-07	19019
254397	3.554467e-07	5.221601e-07	2.870052e-07	19019
262653	3.554739e-07	5.221696e-07	2.869541e-07	19019
270909	3.555012e-07	5.221791e-07	2.869031e-07	19019
279165	3.555284e-07	5.221885e-07	2.868521e-07	19019
287421	3.555556e-07	5.221980e-07	2.868011e-07	19019
295677	3.555828e-07	5.222075e-07	2.867500e-07	19019
303933	3.556100e-07	5.222170e-07	2.866990e-07	19019
312189	3.556372e-07	5.222265e-07	2.866480e-07	19019
320445	3.556644e-07	5.222360e-07	2.865969e-07	19019
328701	3.556916e-07	5.222455e-07	2.865459e-07	19019
336957	3.557188e-07	5.222550e-07	2.864948e-07	19019
345213	3.557460e-07	5.222645e-07	2.864438e-07	19019
353469	3.557732e-07	5.222740e-07	2.863927e-07	19019
361725	3.558003e-07	5.222835e-07	2.863416e-07	19019
369981	3.558275e-07	5.222930e-07	2.862906e-07	19019
378237	3.558546e-07	5.223025e-07	2.862395e-07	19019
386493	3.558817e-07	5.223120e-07	2.861884e-07	19019
394749	3.559089e-07	5.223215e-07	2.861374e-07	19019
403005	3.559360e-07	5.223310e-07	2.860863e-07	19019
411261	3.559631e-07	5.223405e-07	2.860352e-07	19019
419517	3.559902e-07	5.223500e-07	2.859841e-07	19019
427773	3.560173e-07	5.223595e-07	2.859330e-07	19019
436029	3.560444e-07	5.223690e-07	2.858819e-07	19019
444285	3.560715e-07	5.223785e-07	2.858308e-07	19019
452541	3.560986e-07	5.223880e-07	2.857797e-07	19019
460797	3.561256e-07	5.223976e-07	2.857286e-07	19019
469053	3.561527e-07	5.224070e-07	2.856775e-07	19019
477309	3.561797e-07	5.224165e-07	2.856264e-07	19019
485565	3.562068e-07	5.224260e-07	2.855753e-07	19019
493821	3.562338e-07	5.224356e-07	2.855241e-07	19019
502077	3.562608e-07	5.224451e-07	2.854730e-07	19019
510333	3.562878e-07	5.224546e-07	2.854219e-07	19019
518589	3.563149e-07	5.224641e-07	2.853707e-07	19019
526845	3.563419e-07	5.224736e-07	2.853196e-07	19019
535101	3.563689e-07	5.224831e-07	2.852684e-07	19019
543357	3.563958e-07	5.224927e-07	2.852173e-07	19019
551613	3.564228e-07	5.225021e-07	2.851662e-07	19019
559869	3.564498e-07	5.225116e-07	2.851150e-07	19019
568125	3.564768e-07	5.225212e-07	2.850638e-07	19019
576381	3.565037e-07	5.225307e-07	2.850126e-07	19019
584637	3.565307e-07	5.225402e-07	2.849615e-07	19019
592893	3.565576e-07	5.225497e-07	2.849103e-07	19019
601149	3.565846e-07	5.225592e-07	2.848591e-07	19019
609405	3.566115e-07	5.225688e-07	2.848080e-07	19019
617661	3.566384e-07	5.225783e-07	2.847568e-07	19019
625917	3.566653e-07	5.225878e-07	2.847056e-07	19019
634173	3.566923e-07	5.225973e-07	2.846544e-07	19019
642429	3.567191e-07	5.226069e-07	2.846032e-07	19019
650685	3.567461e-07	5.226163e-07	2.845520e-07	19019
658941	3.567729e-07	5.226259e-07	2.845008e-07	19019
667197	3.567998e-07	5.226354e-07	2.844496e-07	19019
675453	3.568267e-07	5.226449e-07	2.843984e-07	19019
683709	3.568535e-07	5.226545e-07	2.843472e-07	19019
691965	3.568804e-07	5.226640e-07	2.842960e-07	19019
700221	3.569072e-07	5.226735e-07	2.842447e-07	19019
708477	3.569341e-07	5.226830e-07	2.841935e-07	19019
716733	3.569609e-07	5.226926e-07	2.841423e-07	19019
724989	3.569877e-07	5.227021e-07	2.840911e-07	19019
733245	3.570146e-07	5.227116e-07	2.840398e-07	19019
741501	3.570414e-07	5.227212e-07	2.839886e-07	19019
749757	3.570682e-07	5.227307e-07	2.839373e-07	19019
758013	3.570950e-07	5.227402e-07	2.838861e-07	19019
766269	3.571217e-07	5.227498e-07	2.838349e-07	19019
774525	3.571485e-07	5.227593e-07	2.837836e-07	19019
782781	3.571753e-07	5.227688e-07	2.837323e-07	19019
791037	3.572021e-07	5.227784e-07	2.836811e-07	19019
799293	3.572288e-07	5.227879e-07	2.836298e-07	19019
807549	3.572555e-07	5.227974e-07	2.835785e-07	19019
815805	3.572823e-07	5.228069e-07	2.835272e-07	19019
824061	3.573090e-07	5.228165e-07	2.834760e-07	19019
832317	3.573358e-07	5.228260e-07	2.834247e-07	19019
840573	3.573625e-07	5.228356e-07	2.833734e-07	19019
848829	3.573892e-07	5.228451e-07	2.833221e-07	19019
857085	3.574159e-07	5.228546e-07	2.832708e-07	19019
865341	3.574426e-07	5.228642e-07	2.832195e-07	19019
873597	3.574693e-07	5.228737e-07	2.831682e-07	19019
881853	3.574959e-07	5.228833e-07	2.831169e-07	19019
890109	3.575226e-07	5.228928e-07	2.830656e-07	19019
898365	3.575493e-07	5.229024e-07	2.830143e-07	19019
906621	3.575759e-07	5.229119e-07	2.829630e-07	19019
914877	3.576026e-07	5.229215e-07	2.829117e-07	19019
923133	3.576292e-07	5.229310e-07	2.828603e-07	19019
931389	3.576559e-07	5.229405e-07	2.828090e-07	19019
939645	3.576825e-07	5.229501e-07	2.827577e-07	19019
947901	3.577091e-07	5.229596e-07	2.827063e-07	19019
956157	3.577357e-07	5.229692e-07	2.826550e-07	19019
964413	3.577623e-07	5.229787e-07	2.826037e-07	19019
972669	3.577889e-07	5.229883e-07	2.825523e-07	19019
980925	3.578155e-07	5.229978e-07	2.825009e-07	19019
989181	3.578421e-07	5.230074e-07	2.824496e-07	19019
997437	3.578687e-07	5.230169e-07	2.823982e-07	19019
1005693	3.578952e-07	5.230265e-07	2.823469e-07	19019
1013949	3.579218e-07	5.230361e-07	2.822955e-07	19019
1022205	3.579483e-07	5.230456e-07	2.822441e-07	19019
1030461	3.579749e-07	5.230552e-07	2.821928e-07	19019
1038717	3.580014e-07	5.230647e-07	2.821414e-07	19019
1046973	3.580279e-07	5.230743e-07	2.820900e-07	19019
1055229	3.580545e-07	5.230838e-07	2.820386e-07	19019
1063485	3.580810e-07	5.230934e-07	2.819872e-07	19019
1071741	3.581075e-07	5.231029e-07	2.819358e-07	19019
1079997	3.581340e-07	5.231125e-07	2.818844e-07	19019
1088253	3.581605e-07	5.231221e-07	2.818330e-07	19019
1096509	3.581869e-07	5.231316e-07	2.817816e-07	19019
1104765	3.582134e-07	5.231412e-07	2.817302e-07	19019
1113021	3.582399e-07	5.231507e-07	2.816788e-07	19019
1121277	3.582663e-07	5.231603e-07	2.816274e-07	19019
1129533	3.582928e-07	5.231699e-07	2.815760e-07	19019
1137789	3.583192e-07	5.231794e-07	2.815245e-07	19019
1146045	3.583457e-07	5.231890e-07	2.814731e-07	19019
1154301	3.583721e-07	5.231986e-07	2.814217e-07	19019
1849	1.543327e-07	5.243462e-07	3.587980e-07	4146
10105	1.543702e-07	5.243504e-07	3.587758e-07	4146
18361	1.544077e-07	5.243545e-07	3.587537e-07	4146
26617	1.544452e-07	5.243587e-07	3.587315e-07	4146
34873	1.544826e-07	5.243627e-07	3.587093e-07	4146
43129	1.545201e-07	5.243669e-07	3.586871e-07	4146
51385	1.545576e-07	5.243710e-07	3.586649e-07	4146
59641	1.545951e-07	5.243752e-07	3.586427e-07	4146
67897	1.546325e-07	5.243793e-07	3.586204e-07	4146
76153	1.546700e-07	5.243835e-07	3.585982e-07	4146
84409	1.547074e-07	5.243876e-07	3.585760e-07	4146
92665	1.547449e-07	5.243918e-07	3.585538e-07	4146
100921	1.547823e-07	5.243959e-07	3.585315e-07	4146
109177	1.548198e-07	5.244001e-07	3.585093e-07	4146
117433	1.548572e-07	5.244042e-07	3.584870e-07	4146
125689	1.548947e-07	5.244084e-07	3.584648e-07	4146
133945	1.549321e-07	5.244126e-07	3.584425e-07	4146
142201	1.549695e-07	5.244167e-07	3.584203e-07	4146
150457	1.550070e-07	5.244209e-07	3.583980e-07	4146
158713	1.550444e-07	5.244250e-07	3.583757e-07	4146
166969	1.550818e-07	5.244292e-07	3.583534e-07	4146
175225	1.551193e-07	5.244333e-07	3.583312e-07	4146
183481	1.551567e-07	5.244376e-07	3.583089e-07	4146
191737	1.551941e-07	5.244417e-07	3.582866e-07	4146
199993	1.552315e-07	5.244459e-07	3.582643e-07	4146
208249	1.552689e-07	5.244500e-07	3.582419e-07	4146
216505	1.553063e-07	5.244542e-07	3.582196e-07	4146
224761	1.553437e-07	5.244584e-07	3.581973e-07	4146
233017	1.553811e-07	5.244625e-07	3.581750e-07	4146
241273	1.554185e-07	5.244667e-07	3.581527e-07	4146
249529	1.554559e-07	5.244709e-07	3.581303e-07	4146
257785	1.554933e-07	5.244750e-07	3.581080e-07	4146
266041	1.555307e-07	5.244792e-07	3.580857e-07	4146
274297	1.555680e-07	5.244834e-07	3.580633e-07	4146
282553	1.556054e-07	5.244876e-07	3.580409e-07	4146
290809	1.556428e-07	5.244917e-07	3.580186e-07	4146
299065	1.556802e-07	5.244959e-07	3.579962e-07	4146
307321	1.557175e-07	5.245001e-07	3.579738e-07	4146
315577	1.557549e-07	5.245042e-07	3.579515e-07	4146
323833	1.557923e-07	5.245084e-07	3.579291e-07	4146
332089	1.558296e-07	5.245126e-07	3.579067e-07	4146
340345	1.558670e-07	5.245168e-07	3.578843e-07	4146
348601	1.559043e-07	5.245210e-07	3.578619e-07	4146
356857	1.559417e-07	5.245251e-07	3.578395e-07	4146
365113	1.559790e-07	5.245294e-07	3.578171e-07	4146
373369	1.560164e-07	5.245335e-07	3.577947e-07	4146
381625	1.560537e-07	5.245377e-07	3.577723e-07	4146
389881	1.560910e-07	5.245419e-07	3.577498e-07	4146
398137	1.561284e-07	5.245461e-07	3.577274e-07	4146
406393	1.561657e-07	5.245503e-07	3.577050e-07	4146
414649	1.562030e-07	5.245545e-07	3.576825e-07	4146
422905	1.562403e-07	5.245586e-07	3.576601e-07	4146
431161	1.562777e-07	5.245628e-07	3.576376e-07	4146
439417	1.563150e-07	5.245670e-07	3.576152e-07	4146
447673	1.563523e-07	5.245712e-07	3.575927e-07	4146
455929	1.563896e-07	5.245754e-07	3.575702e-07	4146
464185	1.564269e-07	5.245796e-07	3.575478e-07	4146
472441	1.564642e-07	5.245838e-07	3.575253e-07	4146
480697	1.565015e-07	5.245880e-07	3.575028e-07	4146
488953	1.565388e-07	5.245922e-07	3.574803e-07	4146
497209	1.565761e-07	5.245964e-07	3.574578e-07	4146
505465	1.566134e-07	5.246006e-07	3.574353e-07	4146
513721	1.566507e-07	5.246048e-07	3.574128e-07	4146
521977	1.566879e-07	5.246090e-07	3.573903e-07	4146
530233	1.567252e-07	5.246132e-07	3.573678e-07	4146
538489	1.567625e-07	5.246174e-07	3.573453e-07	4146
546745	1.567998e-07	5.246216e-07	3.573227e-07	4146
555001	1.568370e-07	5.246258e-07	3.573002e-07	4146
563257	1.568743e-07	5.246300e-07	3.572777e-07	4146
571513	1.569116e-07	5.246342e-07	3.572551e-07	4146
579769	1.569488e-07	5.246384e-07	3.572326e-07	4146
588025	1.569861e-07	5.246426e-07	3.572100e-07	4146
596281	1.570233e-07	5.246469e-07	3.571875e-07	4146
604537	1.570606e-07	5.246511e-07	3.571649e-07	4146
612793	1.570978e-07	5.246553e-07	3.571423e-07	4146
621049	1.571350e-07	5.246595e-07	3.571197e-07	4146
629305	1.571723e-07	5.246637e-07	3.570972e-07	4146
637561	1.572095e-07	5.246679e-07	3.570746e-07	4146
645817	1.572468e-07	5.246721e-07	3.570520e-07	4146
654073	1.572840e-07	5.246764e-07	3.570294e-07	4146
662329	1.573212e-07	5.246806e-07	3.570068e-07	4146
670585	1.573584e-07	5.246848e-07	3.569842e-07	4146
678841	1.573956e-07	5.246890e-07	3.569616e-07	4146
687097	1.574329e-07	5.246933e-07	3.569390e-07	4146
695353	1.574701e-07	5.246975e-07	3.569163e-07	4146
703609	1.575073e-07	5.247017e-07	3.568937e-07	4146
711865	1.575445e-07	5.247060e-07	3.568711e-07	4146
720121	1.575817e-07	5.247102e-07	3.568484e-07	4146
728377	1.576189e-07	5.247144e-07	3.568258e-07	4146
736633	1.576561e-07	5.247186e-07	3.568032e-07	4146
744889	1.576933e-07	5.247229e-07	3.567805e-07	4146
753145	1.577305e-07	5.247271e-07	3.567578e-07	4146
761401	1.577676e-07	5.247313e-07	3.567352e-07	4146
769657	1.578048e-07	5.247355e-07	3.567125e-07	4146
777913	1.578420e-07	5.247398e-07	3.566898e-07	4146
786169	1.578792e-07	5.247440e-07	3.566671e-07	4146
794425	1.579163e-07	5.247483e-07	3.566444e-07	4146
802681	1.579535e-07	5.247525e-07	3.566218e-07	4146
810937	1.579907e-07	5.247567e-07	3.565991e-07	4146
819193	1.580278e-07	5.247609e-07	3.565764e-07	4146
827449	1.580650e-07	5.247652e-07	3.565536e-07	4146
835705	1.581021e-07	5.247695e-07	3.565309e-07	4146
843961	1.581393e-07	5.247737e-07	3.565082e-07	4146
852217	1.581764e-07	5.247779e-07	3.564855e-07	4146
860473	1.582136e-07	5.247821e-07	3.564627e-07	4146
868729	1.582507e-07	5.247864e-07	3.564400e-07	4146
876985	1.582879e-07	5.247907e-07	3.564173e-07	4146
885241	1.583250e-07	5.247949e-07	3.563945e-07	4146
893497	1.583621e-07	5.247991e-07	3.563718e-07	4146
901753	1.583993e-07	5.248034e-07	3.563490e-07	4146
910009	1.584364e-07	5.248077e-07	3.563263e-07	4146
918265	1.584735e-07	5.248119e-07	3.563035e-07	4146
926521	1.585106e-07	5.248161e-07	3.562807e-07	4146
934777	1.585477e-07	5.248204e-07	3.562579e-07	4146
943033	1.585848e-07	5.248247e-07	3.562352e-07	4146
951289	1.586219e-07	5.248289e-07	3.562124e-07	4146
959545	1.586590e-07	5.248331e-07	3.561896e-07	4146
967801	1.586962e-07	5.248374e-07	3.561668e-07	4146
976057	1.587332e-07	5.248417e-07	3.561440e-07	4146
984313	1.587703e-07	5.248459e-07	3.561212e-07	4146
992569	1.588074e-07	5.248502e-07	3.560984e-07	4146
1000825	1.588445e-07	5.248544e-07	3.560755e-07	4146
1009081	1.588816e-07	5.248587e-07	3.560527e-07	4146
1017337	1.589187e-07	5.248630e-07	3.560299e-07	4146
1025593	1.589558e-07	5.248672e-07	3.560070e-07	4146
1033849	1.589928e-07	5.248715e-07	3.559842e-07	4146
1042105	1.590299e-07	5.248758e-07	3.559614e-07	4146
1050361	1.590670e-07	5.248800e-07	3.559385e-07	4146
1058617	1.591040e-07	5.248843e-07	3.559157e-07	4146
1066873	1.591411e-07	5.248885e-07	3.558928e-07	4146
1075129	1.591781e-07	5.248928e-07	3.558699e-07	4146
1083385	1.592152e-07	5.248971e-07	3.558470e-07	4146
1091641	1.592522e-07	5.249013e-07	3.558242e-07	4146
1099897	1.592893e-07	5.249057e-07	3.558013e-07	4146
1108153	1.593263e-07	5.249099e-07	3.557784e-07	4146
1116409	1.593634e-07	5.249142e-07	3.557555e-07	4146
1124665	1.594004e-07	5.249184e-07	3.557326e-07	4146
1132921	1.594374e-07	5.249227e-07	3.557097e-07	4146
1141177	1.594745e-07	5.249270e-07	3.556868e-07	4146
1149433	1.595115e-07	5.249313e-07	3.556639e-07	4146
3506	1.069493e-07	5.253384e-07	3.798917e-07	8227
11762	1.069898e-07	5.253412e-07	3.798763e-07	8227
20018	1.070303e-07	5.253441e-07	3.798609e-07	8227
28274	1.070708e-07	5.253470e-07	3.798455e-07	8227
36530	1.071113e-07	5.253498e-07	3.798301e-07	8227
44786	1.071517e-07	5.253527e-07	3.798147e-07	8227
53042	1.071922e-07	5.253556e-07	3.797993e-07	8227
61298	1.072327e-07	5.253585e-07	3.797839e-07	8227
69554	1.072732e-07	5.253614e-07	3.797685e-07	8227
77810	1.073136e-07	5.253643e-07	3.797530e-07	8227
86066	1.073541e-07	5.253672e-07	3.797376e-07	8227
94322	1.073946e-07	5.253701e-07	3.797221e-07	8227
102578	1.074350e-07	5.253730e-07	3.797067e-07	8227
110834	1.074755e-07	5.253759e-07	3.796912e-07	8227
119090	1.075159e-07	5.253788e-07	3.796758e-07	8227
127346	1.075564e-07	5.253817e-07	3.796603e-07	8227
135602	1.075968e-07	5.253846e-07	3.796449e-07	8227
143858	1.076373e-07	5.253875e-07	3.796294e-07	8227
152114	1.076777e-07	5.253904e-07	3.796139e-07	8227
160370	1.077182e-07	5.253933e-07	3.795984e-07	8227
168626	1.077586e-07	5.253962e-07	3.795829e-07	8227
176882	1.077991e-07	5.253991e-07	3.795674e-07	8227
185138	1.078395e-07	5.254020e-07	3.795519e-07	8227
193394	1.078799e-07	5.254049e-07	3.795364e-07	8227
201650	1.079204e-07	5.254078e-07	3.795209e-07	8227
209906	1.079608e-07	5.254107e-07	3.795053e-07	8227
218162	1.080012e-07	5.254136e-07	3.794898e-07	8227
226418	1.080416e-07	5.254165e-07	3.794743e-07	8227
234674	1.080821e-07	5.254194e-07	3.794587e-07	8227
242930	1.081225e-07	5.254223e-07	3.794432e-07	8227
251186	1.081629e-07	5.254252e-07	3.794276e-07	8227
259442	1.082033e-07	5.254282e-07	3.794121e-07	8227
267698	1.082437e-07	5.254311e-07	3.793965e-07	8227
275954	1.082842e-07	5.254340e-07	3.793809e-07	8227
284210	1.083246e-07	5.254369e-07	3.793654e-07	8227
292466	1.083650e-07	5.254398e-07	3.793498e-07	8227
300722	1.084054e-07	5.254427e-07	3.793342e-07	8227
308978	1.084458e-07	5.254456e-07	3.793186e-07	8227
317234	1.084862e-07	5.254486e-07	3.793030e-07	8227
325490	1.085266e-07	5.254515e-07	3.792874e-07	8227
333746	1.085670e-07	5.254544e-07	3.792718e-07	8227
342002	1.086074e-07	5.254573e-07	3.792562e-07	8227
350258	1.086478e-07	5.254603e-07	3.792406e-07	8227
358514	1.086881e-07	5.254632e-07	3.792249e-07	8227
366770	1.087285e-07	5.254661e-07	3.792093e-07	8227
375026	1.087689e-07	5.254690e-07	3.791937e-07	8227
383282	1.088093e-07	5.254720e-07	3.791780e-07	8227
391538	1.088497e-07	5.254749e-07	3.791623e-07	8227
399794	1.088901e-07	5.254778e-07	3.791467e-07	8227
408050	1.089304e-07	5.254807e-07	3.791311e-07	8227
416306	1.089708e-07	5.254837e-07	3.791154e-07	8227
424562	1.090112e-07	5.254867e-07	3.790997e-07	8227
432818	1.090515e-07	5.254896e-07	3.790840e-07	8227
441074	1.090919e-07	5.254925e-07	3.790683e-07	8227
449330	1.091323e-07	5.254955e-07	3.790526e-07	8227
457586	1.091726e-07	5.254984e-07	3.790369e-07	8227
465842	1.092130e-07	5.255013e-07	3.790212e-07	8227
474098	1.092533e-07	5.255043e-07	3.790055e-07	8227
482354	1.092937e-07	5.255072e-07	3.789898e-07	8227
490610	1.093341e-07	5.255101e-07	3.789741e-07	8227
498866	1.093744e-07	5.255131e-07	3.789584e-07	8227
507122	1.094148e-07	5.255160e-07	3.789426e-07	8227
515378	1.094551e-07	5.255190e-07	3.789269e-07	8227
523634	1.094954e-07	5.255220e-07	3.789112e-07	8227
531890	1.095358e-07	5.255249e-07	3.788954e-07	8227
540146	1.095761e-07	5.255278e-07	3.788797e-07	8227
548402	1.096165e-07	5.255308e-07	3.788639e-07	8227
556658	1.096568e-07	5.255337e-07	3.788481e-07	8227
564914	1.096971e-07	5.255367e-07	3.788323e-07	8227
573170	1.097374e-07	5.255396e-07	3.788166e-07	8227
581426	1.097778e-07	5.255426e-07	3.788008e-07	8227
589682	1.098181e-07	5.255455e-07	3.787850e-07	8227
597938	1.098584e-07	5.255485e-07	3.787692e-07	8227
606194	1.098987e-07	5.255515e-07	3.787534e-07	8227
614450	1.099391e-07	5.255544e-07	3.787376e-07	8227
622706	1.099794e-07	5.255574e-07	3.787218e-07	8227
630962	1.100197e-07	5.255603e-07	3.787059e-07	8227
639218	1.100600e-07	5.255633e-07	3.786901e-07	8227
647474	1.101003e-07	5.255663e-07	3.786743e-07	8227
655730	1.101406e-07	5.255692e-07	3.786585e-07	8227
663986	1.101809e-07	5.255722e-07	3.786426e-07	8227
672242	1.102212e-07	5.255752e-07	3.786268e-07	8227
680498	1.102615e-07	5.255781e-07	3.786109e-07	8227
688754	1.103018e-07	5.255811e-07	3.785951e-07	8227
697010	1.103421e-07	5.255841e-07	3.785792e-07	8227
705266	1.103824e-07	5.255870e-07	3.785633e-07	8227
713522	1.104227e-07	5.255901e-07	3.785474e-07	8227
721778	1.104630e-07	5.255930e-07	3.785316e-07	8227
730034	1.105032e-07	5.255960e-07	3.785157e-07	8227
738290	1.105435e-07	5.255990e-07	3.784998e-07	8227
746546	1.105838e-07	5.256019e-07	3.784839e-07	8227
754802	1.106241e-07	5.256049e-07	3.784680e-07	8227
763058	1.106644e-07	5.256079e-07	3.784521e-07	8227
771314	1.107046e-07	5.256109e-07	3.784361e-07	8227
779570	1.107449e-07	5.256139e-07	3.784202e-07	8227
787826	1.107852e-07	5.256168e-07	3.784043e-07	8227
796082	1.108254e-07	5.256198e-07	3.783884e-07	8227
804338	1.108657e-07	5.256228e-07	3.783724e-07	8227
812594	1.109060e-07	5.256258e-07	3.783565e-07	8227
820850	1.109462e-07	5.256288e-07	3.783405e-07	8227
829106	1.109865e-07	5.256318e-07	3.783246e-07	8227
837362	1.110267e-07	5.256347e-07	3.783086e-07	8227
845618	1.110670e-07	5.256377e-07	3.782926e-07	8227
853874	1.111072e-07	5.256407e-07	3.782767e-07	8227
862130	1.111475e-07	5.256437e-07	3.782607e-07	8227
870386	1.111877e-07	5.256467e-07	3.782447e-07	8227
878642	1.112279e-07	5.256497e-07	3.782287e-07	8227
886898	1.112682e-07	5.256527e-07	3.782127e-07	8227
895154	1.113084e-07	5.256557e-07	3.781967e-07	8227
903410	1.113487e-07	5.256587e-07	3.781807e-07	8227
911666	1.113889e-07	5.256617e-07	3.781647e-07	8227
919922	1.114291e-07	5.256647e-07	3.781487e-07	8227
928178	1.114693e-07	5.256677e-07	3.781326e-07	8227
936434	1.115096e-07	5.256707e-07	3.781166e-07	8227
944690	1.115498e-07	5.256737e-07	3.781006e-07	8227
952946	1.115900e-07	5.256767e-07	3.780845e-07	8227
961202	1.116302e-07	5.256797e-07	3.780685e-07	8227
969458	1.116704e-07	5.256827e-07	3.780524e-07	8227
977714	1.117107e-07	5.256857e-07	3.780364e-07	8227
985970	1.117509e-07	5.256887e-07	3.780203e-07	8227
994226	1.117911e-07	5.256917e-07	3.780042e-07	8227
1002482	1.118313e-07	5.256948e-07	3.779881e-07	8227
1010738	1.118715e-07	5.256978e-07	3.779720e-07	8227
1018994	1.119117e-07	5.257008e-07	3.779560e-07	8227
1027250	1.119519e-07	5.257038e-07	3.779399e-07	8227
1035506	1.119921e-07	5.257068e-07	3.779238e-07	8227
1043762	1.120323e-07	5.257098e-07	3.779076e-07	8227
1052018	1.120725e-07	5.257128e-07	3.778915e-07	8227
1060274	1.121127e-07	5.257158e-07	3.778754e-07	8227
1068530	1.121528e-07	5.257189e-07	3.778593e-07	8227
1076786	1.121930e-07	5.257219e-07	3.778432e-07	8227
1085042	1.122332e-07	5.257249e-07	3.778270e-07	8227
1093298	1.122734e-07	5.257279e-07	3.778109e-07	8227
1101554	1.123136e-07	5.257309e-07	3.777947e-07	8227
1109810	1.123537e-07	5.257340e-07	3.777786e-07	8227
1118066	1.123939e-07	5.257370e-07	3.777624e-07	8227
1126322	1.124341e-07	5.257400e-07	3.777463e-07	8227
1134578	1.124742e-07	5.257430e-07	3.777301e-07	8227
1142834	1.125144e-07	5.257461e-07	3.777139e-07	8227
1151090	1.125546e-07	5.257491e-07	3.776977e-07	8227
7133	3.184593e-07	5.297649e-07	3.098743e-07	21079
15389	3.184896e-07	5.297734e-07	3.098286e-07	21079
23645	3.185199e-07	5.297820e-07	3.097828e-07	21079
31901	3.185502e-07	5.297904e-07	3.097371e-07	21079
40157	3.185805e-07	5.297990e-07	3.096914e-07	21079
48413	3.186108e-07	5.298075e-07	3.096457e-07	21079
56669	3.186411e-07	5.298160e-07	3.095999e-07	21079
64925	3.186714e-07	5.298245e-07	3.095542e-07	21079
73181	3.187017e-07	5.298330e-07	3.095085e-07	21079
81437	3.187319e-07	5.298415e-07	3.094627e-07	21079
89693	3.187622e-07	5.298501e-07	3.094169e-07	21079
97949	3.187924e-07	5.298585e-07	3.093712e-07	21079
106205	3.188227e-07	5.298671e-07	3.093254e-07	21079
114461	3.188530e-07	5.298756e-07	3.092797e-07	21079
122717	3.188832e-07	5.298841e-07	3.092339e-07	21079
130973	3.189134e-07	5.298926e-07	3.091881e-07	21079
139229	3.189436e-07	5.299011e-07	3.091423e-07	21079
147485	3.189739e-07	5.299096e-07	3.090966e-07	21079
155741	3.190041e-07	5.299182e-07	3.090508e-07	21079
163997	3.190343e-07	5.299267e-07	3.090050e-07	21079
172253	3.190645e-07	5.299352e-07	3.089592e-07	21079
180509	3.190947e-07	5.299437e-07	3.089134e-07	21079
188765	3.191248e-07	5.299523e-07	3.088676e-07	21079
197021	3.191550e-07	5.299608e-07	3.088218e-07	21079
205277	3.191852e-07	5.299693e-07	3.087760e-07	21079
213533	3.192154e-07	5.299779e-07	3.087302e-07	21079
221789	3.192455e-07	5.299864e-07	3.086843e-07	21079
230045	3.192757e-07	5.299949e-07	3.086385e-07	21079
238301	3.193058e-07	5.300034e-07	3.085927e-07	21079
246557	3.193359e-07	5.300120e-07	3.085468e-07	21079
254813	3.193661e-07	5.300205e-07	3.085010e-07	21079
263069	3.193962e-07	5.300290e-07	3.084552e-07	21079
271325	3.194263e-07	5.300375e-07	3.084093e-07	21079
279581	3.194564e-07	5.300461e-07	3.083635e-07	21079
287837	3.194865e-07	5.300546e-07	3.083176e-07	21079
296093	3.195166e-07	5.300631e-07	3.082718e-07	21079
304349	3.195467e-07	5.300716e-07	3.082259e-07	21079
312605	3.195768e-07	5.300802e-07	3.081800e-07	21079
320861	3.196068e-07	5.300888e-07	3.081341e-07	21079
329117	3.196369e-07	5.300973e-07	3.080883e-07	21079
337373	3.196670e-07	5.301058e-07	3.080424e-07	21079
345629	3.196970e-07	5.301143e-07	3.079965e-07	21079
353885	3.197271e-07	5.301229e-07	3.079506e-07	21079
362141	3.197571e-07	5.301314e-07	3.079047e-07	21079
370397	3.197871e-07	5.301400e-07	3.078588e-07	21079
378653	3.198172e-07	5.301485e-07	3.078129e-07	21079
386909	3.198472e-07	5.301570e-07	3.077670e-07	21079
395165	3.198772e-07	5.301656e-07	3.077211e-07	21079
403421	3.199072e-07	5.301741e-07	3.076752e-07	21079
411677	3.199372e-07	5.301827e-07	3.076293e-07	21079
419933	3.199672e-07	5.301912e-07	3.075833e-07	21079
428189	3.199972e-07	5.301998e-07	3.075374e-07	21079
436445	3.200272e-07	5.302083e-07	3.074915e-07	21079
444701	3.200572e-07	5.302169e-07	3.074455e-07	21079
452957	3.200871e-07	5.302254e-07	3.073996e-07	21079
461213	3.201171e-07	5.302340e-07	3.073536e-07	21079
469469	3.201470e-07	5.302425e-07	3.073077e-07	21079
477725	3.201770e-07	5.302510e-07	3.072617e-07	21079
485981	3.202069e-07	5.302596e-07	3.072158e-07	21079
494237	3.202368e-07	5.302682e-07	3.071698e-07	21079
502493	3.202668e-07	5.302767e-07	3.071239e-07	21079
510749	3.202967e-07	5.302853e-07	3.070779e-07	21079
519005	3.203266e-07	5.302938e-07	3.070319e-07	21079
527261	3.203565e-07	5.303024e-07	3.069859e-07	21079
535517	3.203864e-07	5.303110e-07	3.069399e-07	21079
543773	3.204163e-07	5.303195e-07	3.068940e-07	21079
552029	3.204462e-07	5.303281e-07	3.068479e-07	21079
560285	3.204760e-07	5.303366e-07	3.068020e-07	21079
568541	3.205059e-07	5.303452e-07	3.067559e-07	21079
576797	3.205358e-07	5.303538e-07	3.067099e-07	21079
585053	3.205656e-07	5.303623e-07	3.066639e-07	21079
593309	3.205955e-07	5.303709e-07	3.066179e-07	21079
601565	3.206253e-07	5.303794e-07	3.065719e-07	21079
609821	3.206551e-07	5.303880e-07	3.065259e-07	21079
618077	3.206850e-07	5.303966e-07	3.064798e-07	21079
626333	3.207148e-07	5.304051e-07	3.064338e-07	21079
634589	3.207446e-07	5.304137e-07	3.063878e-07	21079
642845	3.207744e-07	5.304223e-07	3.063417e-07	21079
651101	3.208042e-07	5.304308e-07	3.062957e-07	21079
659357	3.208340e-07	5.304394e-07	3.062496e-07	21079
667613	3.208638e-07	5.304479e-07	3.062036e-07	21079
675869	3.208936e-07	5.304565e-07	3.061575e-07	21079
684125	3.209234e-07	5.304651e-07	3.061115e-07	21079
692381	3.209531e-07	5.304736e-07	3.060654e-07	21079
700637	3.209829e-07	5.304822e-07	3.060193e-07	21079
708893	3.210127e-07	5.304908e-07	3.059733e-07	21079
717149	3.210424e-07	5.304994e-07	3.059272e-07	21079
725405	3.210722e-07	5.305080e-07	3.058811e-07	21079
733661	3.211019e-07	5.305165e-07	3.058350e-07	21079
741917	3.211316e-07	5.305251e-07	3.057889e-07	21079
750173	3.211613e-07	5.305337e-07	3.057428e-07	21079
758429	3.211910e-07	5.305423e-07	3.056967e-07	21079
766685	3.212207e-07	5.305508e-07	3.056506e-07	21079
774941	3.212504e-07	5.305594e-07	3.056045e-07	21079
783197	3.212801e-07	5.305680e-07	3.055584e-07	21079
791453	3.213098e-07	5.305766e-07	3.055123e-07	21079
799709	3.213395e-07	5.305852e-07	3.054662e-07	21079
807965	3.213692e-07	5.305938e-07	3.054200e-07	21079
816221	3.213988e-07	5.306023e-07	3.053739e-07	21079
824477	3.214285e-07	5.306109e-07	3.053278e-07	21079
832733	3.214581e-07	5.306195e-07	3.052816e-07	21079
840989	3.214878e-07	5.306281e-07	3.052355e-07	21079
849245	3.215174e-07	5.306367e-07	3.051893e-07	21079
857501	3.215470e-07	5.306453e-07	3.051432e-07	21079
865757	3.215767e-07	5.306538e-07	3.050970e-07	21079
874013	3.216063e-07	5.306624e-07	3.050509e-07	21079
882269	3.216359e-07	5.306710e-07	3.050047e-07	21079
890525	3.216655e-07	5.306796e-07	3.049585e-07	21079
898781	3.216951e-07	5.306882e-07	3.049124e-07	21079
907037	3.217247e-07	5.306968e-07	3.048662e-07	21079
915293	3.217543e-07	5.307054e-07	3.048200e-07	21079
923549	3.217839e-07	5.307140e-07	3.047738e-07	21079
931805	3.218134e-07	5.307226e-07	3.047276e-07	21079
940061	3.218430e-07	5.307311e-07	3.046814e-07	21079
948317	3.218725e-07	5.307398e-07	3.046353e-07	21079
956573	3.219021e-07	5.307484e-07	3.045890e-07	21079
964829	3.219316e-07	5.307569e-07	3.045428e-07	21079
973085	3.219612e-07	5.307655e-07	3.044966e-07	21079
981341	3.219907e-07	5.307742e-07	3.044504e-07	21079
989597	3.220202e-07	5.307828e-07	3.044042e-07	21079
997853	3.220497e-07	5.307913e-07	3.043580e-07	21079
1006109	3.220792e-07	5.307999e-07	3.043117e-07	21079
1014365	3.221087e-07	5.308086e-07	3.042655e-07	21079
1022621	3.221382e-07	5.308171e-07	3.042193e-07	21079
1030877	3.221677e-07	5.308258e-07	3.041730e-07	21079
1039133	3.221972e-07	5.308344e-07	3.041268e-07	21079
1047389	3.222267e-07	5.308430e-07	3.040805e-07	21079
1055645	3.222561e-07	5.308516e-07	3.040343e-07	21079
1063901	3.222856e-07	5.308602e-07	3.039880e-07	21079
1072157	3.223151e-07	5.308688e-07	3.039418e-07	21079
1080413	3.223445e-07	5.308774e-07	3.038955e-07	21079
1088669	3.223739e-07	5.308860e-07	3.038492e-07	21079
1096925	3.224034e-07	5.308946e-07	3.038029e-07	21079
1105181	3.224328e-07	5.309032e-07	3.037567e-07	21079
1113437	3.224622e-07	5.309118e-07	3.037104e-07	21079
1121693	3.224916e-07	5.309204e-07	3.036641e-07	21079
1129949	3.225210e-07	5.309291e-07	3.036178e-07	21079
1138205	3.225504e-07	5.309377e-07	3.035715e-07	21079
1146461	3.225798e-07	5.309463e-07	3.035252e-07	21079
1154717	3.226092e-07	5.309549e-07	3.034789e-07	21079
3699	1.678367e-07	5.849208e-07	3.972182e-07	8741
11955	1.678781e-07	5.849253e-07	3.971940e-07	8741
20211	1.679195e-07	5.849298e-07	3.971699e-07	8741
28467	1.679609e-07	5.849342e-07	3.971458e-07	8741
36723	1.680022e-07	5.849388e-07	3.971217e-07	8741
44979	1.680436e-07	5.849433e-07	3.970975e-07	8741
53235	1.680850e-07	5.849478e-07	3.970734e-07	8741
61491	1.681263e-07	5.849523e-07	3.970492e-07	8741
69747	1.681677e-07	5.849568e-07	3.970250e-07	8741
78003	1.682090e-07	5.849613e-07	3.970009e-07	8741
86259	1.682504e-07	5.849658e-07	3.969767e-07	8741
94515	1.682917e-07	5.849703e-07	3.969525e-07	8741
102771	1.683331e-07	5.849749e-07	3.969283e-07	8741
111027	1.683744e-07	5.849794e-07	3.969041e-07	8741
119283	1.684158e-07	5.849839e-07	3.968800e-07	8741
127539	1.684571e-07	5.849884e-07	3.968557e-07	8741
135795	1.684984e-07	5.849929e-07	3.968315e-07	8741
144051	1.685397e-07	5.849975e-07	3.968073e-07	8741
152307	1.685811e-07	5.850020e-07	3.967831e-07	8741
160563	1.686224e-07	5.850065e-07	3.967589e-07	8741
168819	1.686637e-07	5.850110e-07	3.967346e-07	8741
177075	1.687050e-07	5.850155e-07	3.967104e-07	8741
185331	1.687463e-07	5.850201e-07	3.966861e-07	8741
193587	1.687876e-07	5.850246e-07	3.966619e-07	8741
201843	1.688289e-07	5.850291e-07	3.966376e-07	8741
210099	1.688702e-07	5.850337e-07	3.966134e-07	8741
218355	1.689115e-07	5.850382e-07	3.965891e-07	8741
226611	1.689528e-07	5.850427e-07	3.965648e-07	8741
234867	1.689941e-07	5.850472e-07	3.965405e-07	8741
243123	1.690354e-07	5.850518e-07	3.965163e-07	8741
251379	1.690767e-07	5.850563e-07	3.964920e-07	8741
259635	1.691179e-07	5.850609e-07	3.964677e-07	8741
267891	1.691592e-07	5.850654e-07	3.964434e-07	8741
276147	1.692005e-07	5.850699e-07	3.964191e-07	8741
284403	1.692417e-07	5.850745e-07	3.963947e-07	8741
292659	1.692830e-07	5.850790e-07	3.963704e-07	8741
300915	1.693243e-07	5.850836e-07	3.963461e-07	8741
309171	1.693655e-07	5.850881e-07	3.963218e-07	8741
317427	1.694068e-07	5.850927e-07	3.962974e-07	8741
325683	1.694480e-07	5.850972e-07	3.962731e-07	8741
333939	1.694893e-07	5.851018e-07	3.962487e-07	8741
342195	1.695305e-07	5.851063e-07	3.962244e-07	8741
350451	1.695717e-07	5.851109e-07	3.962000e-07	8741
358707	1.696130e-07	5.851154e-07	3.961756e-07	8741
366963	1.696542e-07	5.851199e-07	3.961513e-07	8741
375219	1.696954e-07	5.851245e-07	3.961269e-07	8741
383475	1.697366e-07	5.851290e-07	3.961025e-07	8741
391731	1.697778e-07	5.851336e-07	3.960781e-07	8741
399987	1.698191e-07	5.851381e-07	3.960537e-07	8741
408243	1.698603e-07	5.851427e-07	3.960293e-07	8741
416499	1.699015e-07	5.851473e-07	3.960049e-07	8741
424755	1.699427e-07	5.851518e-07	3.959805e-07	8741
433011	1.699839e-07	5.851564e-07	3.959561e-07	8741
441267	1.700251e-07	5.851609e-07	3.959316e-07	8741
449523	1.700663e-07	5.851655e-07	3.959072e-07	8741
457779	1.701075e-07	5.851701e-07	3.958828e-07	8741
466035	1.701486e-07	5.851746e-07	3.958583e-07	8741
474291	1.701898e-07	5.851792e-07	3.958338e-07	8741
482547	1.702310e-07	5.851838e-07	3.958094e-07	8741
490803	1.702722e-07	5.851883e-07	3.957849e-07	8741
499059	1.703133e-07	5.851929e-07	3.957605e-07	8741
507315	1.703545e-07	5.851975e-07	3.957360e-07	8741
515571	1.703957e-07	5.852020e-07	3.957115e-07	8741
523827	1.704368e-07	5.852066e-07	3.956870e-07	8741
532083	1.704780e-07	5.852112e-07	3.956625e-07	8741
540339	1.705191e-07	5.852158e-07	3.956380e-07	8741
548595	1.705603e-07	5.852203e-07	3.956135e-07	8741
556851	1.706014e-07	5.852249e-07	3.955890e-07	8741
565107	1.706426e-07	5.852295e-07	3.955645e-07	8741
573363	1.706837e-07	5.852341e-07	3.955400e-07	8741
581619	1.707248e-07	5.852386e-07	3.955154e-07	8741
589875	1.707660e-07	5.852432e-07	3.954909e-07	8741
598131	1.708071e-07	5.852478e-07	3.954664e-07	8741
606387	1.708482e-07	5.852524e-07	3.954418e-07	8741
614643	1.708894e-07	5.852570e-07	3.954173e-07	8741
622899	1.709305e-07	5.852615e-07	3.953927e-07	8741
631155	1.709716e-07	5.852662e-07	3.953681e-07	8741
639411	1.710127e-07	5.852708e-07	3.953436e-07	8741
647667	1.710538e-07	5.852753e-07	3.953190e-07	8741
655923	1.710949e-07	5.852799e-07	3.952944e-07	8741
664179	1.711360e-07	5.852845e-07	3.952698e-07	8741
672435	1.711771e-07	5.852891e-07	3.952452e-07	8741
680691	1.712182e-07	5.852937e-07	3.952206e-07	8741
688947	1.712593e-07	5.852983e-07	3.951960e-07	8741
697203	1.713003e-07	5.853029e-07	3.951714e-07	8741
705459	1.713414e-07	5.853075e-07	3.951468e-07	8741
713715	1.713825e-07	5.853121e-07	3.951222e-07	8741
721971	1.714236e-07	5.853167e-07	3.950975e-07	8741
730227	1.714646e-07	5.853213e-07	3.950729e-07	8741
738483	1.715057e-07	5.853258e-07	3.950483e-07	8741
746739	1.715468e-07	5.853304e-07	3.950236e-07	8741
754995	1.715878e-07	5.853350e-07	3.949990e-07	8741
763251	1.716289e-07	5.853396e-07	3.949743e-07	8741
771507	1.716699e-07	5.853443e-07	3.949496e-07	8741
779763	1.717110e-07	5.853489e-07	3.949250e-07	8741
788019	1.717520e-07	5.853535e-07	3.949003e-07	8741
796275	1.717931e-07	5.853581e-07	3.948756e-07	8741
804531	1.718341e-07	5.853627e-07	3.948509e-07	8741
812787	1.718751e-07	5.853673e-07	3.948262e-07	8741
821043	1.719162e-07	5.853719e-07	3.948015e-07	8741
829299	1.719572e-07	5.853765e-07	3.947768e-07	8741
837555	1.719982e-07	5.853811e-07	3.947521e-07	8741
845811	1.720392e-07	5.853857e-07	3.947274e-07	8741
854067	1.720802e-07	5.853904e-07	3.947027e-07	8741
862323	1.721212e-07	5.853950e-07	3.946780e-07	8741
870579	1.721622e-07	5.853996e-07	3.946532e-07	8741
878835	1.722033e-07	5.854042e-07	3.946285e-07	8741
887091	1.722443e-07	5.854088e-07	3.946037e-07	8741
895347	1.722852e-07	5.854135e-07	3.945790e-07	8741
903603	1.723262e-07	5.854181e-07	3.945542e-07	8741
911859	1.723672e-07	5.854227e-07	3.945295e-07	8741
920115	1.724082e-07	5.854274e-07	3.945047e-07	8741
928371	1.724492e-07	5.854320e-07	3.944799e-07	8741
936627	1.724902e-07	5.854366e-07	3.944551e-07	8741
944883	1.725311e-07	5.854412e-07	3.944303e-07	8741
953139	1.725721e-07	5.854458e-07	3.944056e-07	8741
961395	1.726131e-07	5.854505e-07	3.943807e-07	8741
969651	1.726540e-07	5.854551e-07	3.943559e-07	8741
977907	1.726950e-07	5.854598e-07	3.943311e-07	8741
986163	1.727360e-07	5.854644e-07	3.943063e-07	8741
994419	1.727769e-07	5.854690e-07	3.942815e-07	8741
1002675	1.728178e-07	5.854736e-07	3.942567e-07	8741
1010931	1.728588e-07	5.854783e-07	3.942318e-07	8741
1019187	1.728997e-07	5.854829e-07	3.942070e-07	8741
1027443	1.729407e-07	5.854876e-07	3.941821e-07	8741
1035699	1.729816e-07	5.854922e-07	3.941573e-07	8741
1043955	1.730225e-07	5.854968e-07	3.941324e-07	8741
1052211	1.730635e-07	5.855015e-07	3.941076e-07	8741
1060467	1.731044e-07	5.855061e-07	3.940827e-07	8741
1068723	1.731453e-07	5.855107e-07	3.940578e-07	8741
1076979	1.731862e-07	5.855154e-07	3.940330e-07	8741
1085235	1.732271e-07	5.855201e-07	3.940081e-07	8741
1093491	1.732680e-07	5.855247e-07	3.939832e-07	8741
1101747	1.733089e-07	5.855293e-07	3.939583e-07	8741
1110003	1.733498e-07	5.855340e-07	3.939334e-07	8741
1118259	1.733907e-07	5.855387e-07	3.939084e-07	8741
1126515	1.734316e-07	5.855433e-07	3.938835e-07	8741
1134771	1.734725e-07	5.855479e-07	3.938586e-07	8741
1143027	1.735134e-07	5.855526e-07	3.938337e-07	8741
1151283	1.735543e-07	5.855572e-07	3.938087e-07	8741
6662	2.766246e-07	5.920257e-07	3.689455e-07	18763
14918	2.766617e-07	5.920331e-07	3.689058e-07	18763
23174	2.766989e-07	5.920405e-07	3.688661e-07	18763
31430	2.767360e-07	5.920480e-07	3.688263e-07	18763
39686	2.767731e-07	5.920554e-07	3.687866e-07	18763
47942	2.768102e-07	5.920627e-07	3.687468e-07	18763
56198	2.768473e-07	5.920701e-07	3.687071e-07	18763
64454	2.768844e-07	5.920775e-07	3.686673e-07	18763
72710	2.769216e-07	5.920850e-07	3.686276e-07	18763
80966	2.769586e-07	5.920924e-07	3.685878e-07	18763
89222	2.769957e-07	5.920998e-07	3.685481e-07	18763
97478	2.770328e-07	5.921072e-07	3.685083e-07	18763
105734	2.770699e-07	5.921146e-07	3.684685e-07	18763
113990	2.771069e-07	5.921220e-07	3.684287e-07	18763
122246	2.771440e-07	5.921294e-07	3.683890e-07	18763
130502	2.771811e-07	5.921368e-07	3.683491e-07	18763
138758	2.772181e-07	5.921442e-07	3.683093e-07	18763
147014	2.772552e-07	5.921517e-07	3.682696e-07	18763
155270	2.772922e-07	5.921590e-07	3.682297e-07	18763
163526	2.773292e-07	5.921665e-07	3.681899e-07	18763
171782	2.773662e-07	5.921739e-07	3.681501e-07	18763
180038	2.774033e-07	5.921813e-07	3.681103e-07	18763
188294	2.774403e-07	5.921887e-07	3.680704e-07	18763
196550	2.774773e-07	5.921962e-07	3.680306e-07	18763
204806	2.775143e-07	5.922035e-07	3.679908e-07	18763
213062	2.775513e-07	5.922110e-07	3.679509e-07	18763
221318	2.775883e-07	5.922184e-07	3.679110e-07	18763
229574	2.776253e-07	5.922258e-07	3.678712e-07	18763
237830	2.776623e-07	5.922333e-07	3.678313e-07	18763
246086	2.776992e-07	5.922407e-07	3.677915e-07	18763
254342	2.777362e-07	5.922481e-07	3.677516e-07	18763
262598	2.777732e-07	5.922555e-07	3.677117e-07	18763
270854	2.778101e-07	5.922629e-07	3.676718e-07	18763
279110	2.778471e-07	5.922704e-07	3.676319e-07	18763
287366	2.778840e-07	5.922778e-07	3.675920e-07	18763
295622	2.779209e-07	5.922852e-07	3.675521e-07	18763
303878	2.779579e-07	5.922927e-07	3.675122e-07	18763
312134	2.779948e-07	5.923001e-07	3.674723e-07	18763
320390	2.780317e-07	5.923076e-07	3.674324e-07	18763
328646	2.780686e-07	5.923150e-07	3.673925e-07	18763
336902	2.781055e-07	5.923224e-07	3.673526e-07	18763
345158	2.781424e-07	5.923299e-07	3.673126e-07	18763
353414	2.781794e-07	5.923373e-07	3.672727e-07	18763
361670	2.782162e-07	5.923447e-07	3.672328e-07	18763
369926	2.782531e-07	5.923522e-07	3.671928e-07	18763
378182	2.782900e-07	5.923596e-07	3.671528e-07	18763
386438	2.783269e-07	5.923670e-07	3.671129e-07	18763
394694	2.783637e-07	5.923745e-07	3.670729e-07	18763
402950	2.784006e-07	5.923819e-07	3.670330e-07	18763
411206	2.784375e-07	5.923894e-07	3.669930e-07	18763
419462	2.784743e-07	5.923968e-07	3.669530e-07	18763
427718	2.785112e-07	5.924043e-07	3.669130e-07	18763
435974	2.785480e-07	5.924117e-07	3.668730e-07	18763
444230	2.785848e-07	5.924192e-07	3.668330e-07	18763
452486	2.786217e-07	5.924266e-07	3.667930e-07	18763
460742	2.786585e-07	5.924340e-07	3.667530e-07	18763
468998	2.786953e-07	5.924415e-07	3.667130e-07	18763
477254	2.787321e-07	5.924490e-07	3.666730e-07	18763
485510	2.787689e-07	5.924564e-07	3.666330e-07	18763
493766	2.788057e-07	5.924639e-07	3.665929e-07	18763
502022	2.788425e-07	5.924713e-07	3.665529e-07	18763
510278	2.788792e-07	5.924788e-07	3.665129e-07	18763
518534	2.789160e-07	5.924862e-07	3.664728e-07	18763
526790	2.789528e-07	5.924937e-07	3.664328e-07	18763
535046	2.789896e-07	5.925012e-07	3.663927e-07	18763
543302	2.790263e-07	5.925086e-07	3.663527e-07	18763
551558	2.790631e-07	5.925161e-07	3.663126e-07	18763
559814	2.790998e-07	5.925236e-07	3.662725e-07	18763
568070	2.791366e-07	5.925310e-07	3.662325e-07	18763
576326	2.791733e-07	5.925385e-07	3.661924e-07	18763
584582	2.792100e-07	5.925459e-07	3.661523e-07	18763
592838	2.792468e-07	5.925534e-07	3.661122e-07	18763
601094	2.792835e-07	5.925609e-07	3.660721e-07	18763
609350	2.793202e-07	5.925684e-07	3.660320e-07	18763
617606	2.793569e-07	5.925758e-07	3.659919e-07	18763
625862	2.793936e-07	5.925833e-07	3.659518e-07	18763
634118	2.794303e-07	5.925908e-07	3.659117e-07	18763
642374	2.794670e-07	5.925982e-07	3.658716e-07	18763
650630	2.795037e-07	5.926057e-07	3.658314e-07	18763
658886	2.795404e-07	5.926132e-07	3.657913e-07	18763
667142	2.795770e-07	5.926207e-07	3.657511e-07	18763
675398	2.796137e-07	5.926281e-07	3.657110e-07	18763
683654	2.796504e-07	5.926356e-07	3.656708e-07	18763
691910	2.796870e-07	5.926431e-07	3.656307e-07	18763
700166	2.797237e-07	5.926506e-07	3.655906e-07	18763
708422	2.797603e-07	5.926580e-07	3.655504e-07	18763
716678	2.797969e-07	5.926655e-07	3.655102e-07	18763
724934	2.798336e-07	5.926730e-07	3.654700e-07	18763
733190	2.798702e-07	5.926805e-07	3.654299e-07	18763
741446	2.799068e-07	5.926880e-07	3.653897e-07	18763
749702	2.799434e-07	5.926955e-07	3.653495e-07	18763
757958	2.799800e-07	5.927029e-07	3.653093e-07	18763
766214	2.800166e-07	5.927104e-07	3.652691e-07	18763
774470	2.800532e-07	5.927179e-07	3.652289e-07	18763
782726	2.800898e-07	5.927254e-07	3.651887e-07	18763
790982	2.801264e-07	5.927329e-07	3.651485e-07	18763
799238	2.801629e-07	5.927404e-07	3.651082e-07	18763
807494	2.801995e-07	5.927479e-07	3.650680e-07	18763
815750	2.802361e-07	5.927554e-07	3.650278e-07	18763
824006	2.802726e-07	5.927628e-07	3.649875e-07	18763
832262	2.803092e-07	5.927703e-07	3.649473e-07	18763
840518	2.803457e-07	5.927778e-07	3.649070e-07	18763
848774	2.803823e-07	5.927853e-07	3.648668e-07	18763
857030	2.804188e-07	5.927928e-07	3.648265e-07	18763
865286	2.804553e-07	5.928003e-07	3.647862e-07	18763
873542	2.804919e-07	5.928079e-07	3.647460e-07	18763
881798	2.805284e-07	5.928154e-07	3.647057e-07	18763
890054	2.805649e-07	5.928229e-07	3.646654e-07	18763
898310	2.806014e-07	5.928304e-07	3.646252e-07	18763
906566	2.806379e-07	5.928379e-07	3.645848e-07	18763
914822	2.806744e-07	5.928454e-07	3.645446e-07	18763
923078	2.807109e-07	5.928529e-07	3.645043e-07	18763
931334	2.807473e-07	5.928604e-07	3.644639e-07	18763
939590	2.807838e-07	5.928679e-07	3.644236e-07	18763
947846	2.808203e-07	5.928754e-07	3.643833e-07	18763
956102	2.808567e-07	5.928829e-07	3.643430e-07	18763
964358	2.808932e-07	5.928904e-07	3.643027e-07	18763
972614	2.809296e-07	5.928979e-07	3.642623e-07	18763
980870	2.809661e-07	5.929054e-07	3.642220e-07	18763
989126	2.810025e-07	5.929129e-07	3.641817e-07	18763
997382	2.810390e-07	5.929205e-07	3.641413e-07	18763
1005638	2.810754e-07	5.929280e-07	3.641010e-07	18763
1013894	2.811118e-07	5.929355e-07	3.640606e-07	18763
1022150	2.811482e-07	5.929430e-07	3.640203e-07	18763
1030406	2.811846e-07	5.929505e-07	3.639799e-07	18763
1038662	2.812210e-07	5.929580e-07	3.639395e-07	18763
1046918	2.812574e-07	5.929655e-07	3.638991e-07	18763
1055174	2.812938e-07	5.929730e-07	3.638587e-07	18763
1063430	2.813302e-07	5.929806e-07	3.638183e-07	18763
1071686	2.813666e-07	5.929881e-07	3.637780e-07	18763
1079942	2.814029e-07	5.929956e-07	3.637375e-07	18763
1088198	2.814393e-07	5.930032e-07	3.636972e-07	18763
1096454	2.814757e-07	5.930107e-07	3.636567e-07	18763
1104710	2.815120e-07	5.930182e-07	3.636163e-07	18763
1112966	2.815484e-07	5.930257e-07	3.635759e-07	18763
1121222	2.815847e-07	5.930332e-07	3.635355e-07	18763
1129478	2.816211e-07	5.930408e-07	3.634950e-07	18763
1137734	2.816574e-07	5.930483e-07	3.634546e-07	18763
1145990	2.816937e-07	5.930559e-07	3.634142e-07	18763
1154246	2.817300e-07	5.930634e-07	3.633737e-07	18763
1949	2.373120e-07	6.039376e-07	3.978321e-07	4390
10205	2.373529e-07	6.039440e-07	3.977980e-07	4390
18461	2.373939e-07	6.039504e-07	3.977639e-07	4390
26717	2.374348e-07	6.039567e-07	3.977298e-07	4390
34973	2.374758e-07	6.039630e-07	3.976957e-07	4390
43229	2.375167e-07	6.039694e-07	3.976616e-07	4390
51485	2.375577e-07	6.039758e-07	3.976275e-07	4390
59741	2.375986e-07	6.039821e-07	3.975933e-07	4390
67997	2.376395e-07	6.039885e-07	3.975592e-07	4390
76253	2.376805e-07	6.039949e-07	3.975251e-07	4390
84509	2.377214e-07	6.040012e-07	3.974910e-07	4390
92765	2.377623e-07	6.040076e-07	3.974568e-07	4390
101021	2.378032e-07	6.040139e-07	3.974227e-07	4390
109277	2.378441e-07	6.040203e-07	3.973885e-07	4390
117533	2.378850e-07	6.040267e-07	3.973543e-07	4390
125789	2.379259e-07	6.040331e-07	3.973202e-07	4390
134045	2.379668e-07	6.040394e-07	3.972860e-07	4390
142301	2.380077e-07	6.040458e-07	3.972518e-07	4390
150557	2.380485e-07	6.040522e-07	3.972177e-07	4390
158813	2.380894e-07	6.040585e-07	3.971835e-07	4390
167069	2.381303e-07	6.040649e-07	3.971493e-07	4390
175325	2.381712e-07	6.040713e-07	3.971151e-07	4390
183581	2.382120e-07	6.040776e-07	3.970809e-07	4390
191837	2.382529e-07	6.040841e-07	3.970466e-07	4390
200093	2.382937e-07	6.040904e-07	3.970124e-07	4390
208349	2.383346e-07	6.040968e-07	3.969782e-07	4390
216605	2.383754e-07	6.041031e-07	3.969440e-07	4390
224861	2.384162e-07	6.041095e-07	3.969097e-07	4390
233117	2.384571e-07	6.041159e-07	3.968755e-07	4390
241373	2.384979e-07	6.041223e-07	3.968412e-07	4390
249629	2.385387e-07	6.041287e-07	3.968070e-07	4390
257885	2.385795e-07	6.041351e-07	3.967727e-07	4390
266141	2.386203e-07	6.041415e-07	3.967385e-07	4390
274397	2.386611e-07	6.041478e-07	3.967042e-07	4390
282653	2.387019e-07	6.041543e-07	3.966699e-07	4390
290909	2.387427e-07	6.041606e-07	3.966356e-07	4390
299165	2.387835e-07	6.041670e-07	3.966013e-07	4390
307421	2.388243e-07	6.041734e-07	3.965670e-07	4390
315677	2.388651e-07	6.041798e-07	3.965328e-07	4390
323933	2.389058e-07	6.041862e-07	3.964984e-07	4390
332189	2.389466e-07	6.041926e-07	3.964641e-07	4390
340445	2.389874e-07	6.041990e-07	3.964298e-07	4390
348701	2.390281e-07	6.042054e-07	3.963955e-07	4390
356957	2.390688e-07	6.042118e-07	3.963611e-07	4390
365213	2.391096e-07	6.042182e-07	3.963268e-07	4390
373469	2.391503e-07	6.042246e-07	3.962925e-07	4390
381725	2.391911e-07	6.042310e-07	3.962581e-07	4390
389981	2.392318e-07	6.042374e-07	3.962238e-07	4390
398237	2.392725e-07	6.042438e-07	3.961894e-07	4390
406493	2.393132e-07	6.042502e-07	3.961550e-07	4390
414749	2.393540e-07	6.042566e-07	3.961207e-07	4390
423005	2.393947e-07	6.042631e-07	3.960863e-07	4390
431261	2.394354e-07	6.042694e-07	3.960519e-07	4390
439517	2.394761e-07	6.042758e-07	3.960175e-07	4390
447773	2.395168e-07	6.042823e-07	3.959831e-07	4390
456029	2.395575e-07	6.042887e-07	3.959487e-07	4390
464285	2.395981e-07	6.042951e-07	3.959143e-07	4390
472541	2.396388e-07	6.043015e-07	3.958799e-07	4390
480797	2.396795e-07	6.043079e-07	3.958455e-07	4390
489053	2.397202e-07	6.043143e-07	3.958111e-07	4390
497309	2.397609e-07	6.043207e-07	3.957767e-07	4390
505565	2.398015e-07	6.043272e-07	3.957422e-07	4390
513821	2.398421e-07	6.043336e-07	3.957078e-07	4390
522077	2.398828e-07	6.043400e-07	3.956733e-07	4390
530333	2.399235e-07	6.043464e-07	3.956389e-07	4390
538589	2.399641e-07	6.043529e-07	3.956044e-07	4390
546845	2.400047e-07	6.043593e-07	3.955699e-07	4390
555101	2.400454e-07	6.043657e-07	3.955355e-07	4390
563357	2.400860e-07	6.043721e-07	3.955010e-07	4390
571613	2.401266e-07	6.043786e-07	3.954665e-07	4390
579869	2.401672e-07	6.043850e-07	3.954320e-07	4390
588125	2.402078e-07	6.043914e-07	3.953975e-07	4390
596381	2.402484e-07	6.043978e-07	3.953630e-07	4390
604637	2.402890e-07	6.044042e-07	3.953285e-07	4390
612893	2.403296e-07	6.044107e-07	3.952940e-07	4390
621149	2.403702e-07	6.044172e-07	3.952595e-07	4390
629405	2.404108e-07	6.044236e-07	3.952250e-07	4390
637661	2.404514e-07	6.044300e-07	3.951905e-07	4390
645917	2.404919e-07	6.044364e-07	3.951559e-07	4390
654173	2.405325e-07	6.044429e-07	3.951214e-07	4390
662429	2.405731e-07	6.044493e-07	3.950868e-07	4390
670685	2.406136e-07	6.044557e-07	3.950523e-07	4390
678941	2.406541e-07	6.044622e-07	3.950177e-07	4390
687197	2.406947e-07	6.044687e-07	3.949831e-07	4390
695453	2.407353e-07	6.044751e-07	3.949486e-07	4390
703709	2.407758e-07	6.044816e-07	3.949140e-07	4390
711965	2.408163e-07	6.044880e-07	3.948794e-07	4390
720221	2.408568e-07	6.044944e-07	3.948448e-07	4390
728477	2.408974e-07	6.045009e-07	3.948103e-07	4390
736733	2.409379e-07	6.045073e-07	3.947756e-07	4390
744989	2.409784e-07	6.045138e-07	3.947411e-07	4390
753245	2.410189e-07	6.045202e-07	3.947064e-07	4390
761501	2.410594e-07	6.045267e-07	3.946718e-07	4390
769757	2.410999e-07	6.045331e-07	3.946372e-07	4390
778013	2.411404e-07	6.045396e-07	3.946026e-07	4390
786269	2.411809e-07	6.045460e-07	3.945679e-07	4390
794525	2.412214e-07	6.045525e-07	3.945333e-07	4390
802781	2.412618e-07	6.045589e-07	3.944986e-07	4390
811037	2.413023e-07	6.045654e-07	3.944640e-07	4390
819293	2.413427e-07	6.045719e-07	3.944293e-07	4390
827549	2.413832e-07	6.045783e-07	3.943947e-07	4390
835805	2.414237e-07	6.045848e-07	3.943600e-07	4390
844061	2.414641e-07	6.045913e-07	3.943254e-07	4390
852317	2.415046e-07	6.045977e-07	3.942907e-07	4390
860573	2.415450e-07	6.046042e-07	3.942560e-07	4390
868829	2.415854e-07	6.046106e-07	3.942213e-07	4390
877085	2.416259e-07	6.046171e-07	3.941866e-07	4390
885341	2.416663e-07	6.046236e-07	3.941519e-07	4390
893597	2.417067e-07	6.046300e-07	3.941172e-07	4390
901853	2.417471e-07	6.046365e-07	3.940825e-07	4390
910109	2.417875e-07	6.046430e-07	3.940477e-07	4390
918365	2.418279e-07	6.046495e-07	3.940130e-07	4390
926621	2.418683e-07	6.046560e-07	3.939783e-07	4390
934877	2.419087e-07	6.046624e-07	3.939435e-07	4390
943133	2.419491e-07	6.046689e-07	3.939088e-07	4390
951389	2.419895e-07	6.046753e-07	3.938740e-07	4390
959645	2.420299e-07	6.046818e-07	3.938393e-07	4390
967901	2.420702e-07	6.046883e-07	3.938046e-07	4390
976157	2.421106e-07	6.046948e-07	3.937698e-07	4390
984413	2.421510e-07	6.047013e-07	3.937350e-07	4390
992669	2.421913e-07	6.047077e-07	3.937002e-07	4390
1000925	2.422317e-07	6.047142e-07	3.936654e-07	4390
1009181	2.422720e-07	6.047207e-07	3.936306e-07	4390
1017437	2.423124e-07	6.047272e-07	3.935959e-07	4390
1025693	2.423527e-07	6.047337e-07	3.935611e-07	4390
1033949	2.423930e-07	6.047402e-07	3.935262e-07	4390
1042205	2.424333e-07	6.047467e-07	3.934914e-07	4390
1050461	2.424737e-07	6.047532e-07	3.934566e-07	4390
1058717	2.425140e-07	6.047596e-07	3.934218e-07	4390
1066973	2.425543e-07	6.047661e-07	3.933870e-07	4390
1075229	2.425946e-07	6.047727e-07	3.933521e-07	4390
1083485	2.426349e-07	6.047791e-07	3.933173e-07	4390
1091741	2.426752e-07	6.047856e-07	3.932824e-07	4390
1099997	2.427155e-07	6.047921e-07	3.932476e-07	4390
1108253	2.427558e-07	6.047986e-07	3.932127e-07	4390
1116509	2.427960e-07	6.048051e-07	3.931779e-07	4390
1124765	2.428363e-07	6.048116e-07	3.931430e-07	4390
1133021	2.428766e-07	6.048181e-07	3.931081e-07	4390
1141277	2.429169e-07	6.048246e-07	3.930732e-07	4390
1149533	2.429571e-07	6.048311e-07	3.930383e-07	4390
2060	2.457422e-07	6.592857e-07	4.388558e-07	4646
10316	2.457876e-07	6.592923e-07	4.388205e-07	4646
18572	2.458330e-07	6.592988e-07	4.387852e-07	4646
26828	2.458783e-07	6.593054e-07	4.387499e-07	4646
35084	2.459237e-07	6.593120e-07	4.387146e-07	4646
43340	2.459690e-07	6.593186e-07	4.386793e-07	4646
51596	2.460144e-07	6.593252e-07	4.386439e-07	4646
59852	2.460597e-07	6.593318e-07	4.386086e-07	4646
68108	2.461050e-07	6.593384e-07	4.385732e-07	4646
76364	2.461504e-07	6.593449e-07	4.385379e-07	4646
84620	2.461957e-07	6.593515e-07	4.385025e-07	4646
92876	2.462410e-07	6.593581e-07	4.384672e-07	4646
101132	2.462863e-07	6.593647e-07	4.384318e-07	4646
109388	2.463316e-07	6.593713e-07	4.383964e-07	4646
117644	2.463769e-07	6.593779e-07	4.383610e-07	4646
125900	2.464222e-07	6.593845e-07	4.383256e-07	4646
134156	2.464676e-07	6.593912e-07	4.382902e-07	4646
142412	2.465128e-07	6.593978e-07	4.382549e-07	4646
150668	2.465581e-07	6.594043e-07	4.382194e-07	4646
158924	2.466034e-07	6.594109e-07	4.381840e-07	4646
167180	2.466487e-07	6.594175e-07	4.381486e-07	4646
175436	2.466939e-07	6.594241e-07	4.381132e-07	4646
183692	2.467392e-07	6.594308e-07	4.380777e-07	4646
191948	2.467845e-07	6.594374e-07	4.380423e-07	4646
200204	2.468297e-07	6.594440e-07	4.380069e-07	4646
208460	2.468749e-07	6.594506e-07	4.379714e-07	4646
216716	2.469202e-07	6.594572e-07	4.379359e-07	4646
224972	2.469654e-07	6.594638e-07	4.379005e-07	4646
233228	2.470107e-07	6.594704e-07	4.378650e-07	4646
241484	2.470559e-07	6.594771e-07	4.378295e-07	4646
249740	2.471011e-07	6.594836e-07	4.377940e-07	4646
257996	2.471463e-07	6.594903e-07	4.377585e-07	4646
266252	2.471915e-07	6.594969e-07	4.377230e-07	4646
274508	2.472367e-07	6.595035e-07	4.376875e-07	4646
282764	2.472819e-07	6.595101e-07	4.376520e-07	4646
291020	2.473271e-07	6.595168e-07	4.376165e-07	4646
299276	2.473723e-07	6.595234e-07	4.375810e-07	4646
307532	2.474175e-07	6.595300e-07	4.375454e-07	4646
315788	2.474627e-07	6.595366e-07	4.375099e-07	4646
324044	2.475079e-07	6.595433e-07	4.374743e-07	4646
332300	2.475530e-07	6.595499e-07	4.374388e-07	4646
340556	2.475982e-07	6.595565e-07	4.374033e-07	4646
348812	2.476434e-07	6.595632e-07	4.373677e-07	4646
357068	2.476885e-07	6.595698e-07	4.373321e-07	4646
365324	2.477337e-07	6.595764e-07	4.372965e-07	4646
373580	2.477788e-07	6.595831e-07	4.372610e-07	4646
381836	2.478239e-07	6.595897e-07	4.372254e-07	4646
390092	2.478691e-07	6.595963e-07	4.371898e-07	4646
398348	2.479142e-07	6.596030e-07	4.371542e-07	4646
406604	2.479593e-07	6.596096e-07	4.371186e-07	4646
414860	2.480044e-07	6.596163e-07	4.370829e-07	4646
423116	2.480495e-07	6.596229e-07	4.370473e-07	4646
431372	2.480946e-07	6.596295e-07	4.370117e-07	4646
439628	2.481397e-07	6.596362e-07	4.369761e-07	4646
447884	2.481848e-07	6.596428e-07	4.369404e-07	4646
456140	2.482299e-07	6.596495e-07	4.369048e-07	4646
464396	2.482750e-07	6.596561e-07	4.368691e-07	4646
472652	2.483201e-07	6.596628e-07	4.368334e-07	4646
480908	2.483652e-07	6.596694e-07	4.367978e-07	4646
489164	2.484102e-07	6.596761e-07	4.367621e-07	4646
497420	2.484553e-07	6.596827e-07	4.367264e-07	4646
505676	2.485003e-07	6.596894e-07	4.366907e-07	4646
513932	2.485454e-07	6.596960e-07	4.366550e-07	4646
522188	2.485904e-07	6.597027e-07	4.366193e-07	4646
530444	2.486355e-07	6.597093e-07	4.365836e-07	4646
538700	2.486805e-07	6.597160e-07	4.365479e-07	4646
546956	2.487255e-07	6.597227e-07	4.365122e-07	4646
555212	2.487706e-07	6.597293e-07	4.364765e-07	4646
563468	2.488156e-07	6.597360e-07	4.364407e-07	4646
571724	2.488606e-07	6.597426e-07	4.364050e-07	4646
579980	2.489056e-07	6.597493e-07	4.363692e-07	4646
588236	2.489506e-07	6.597560e-07	4.363335e-07	4646
596492	2.489956e-07	6.597626e-07	4.362977e-07	4646
604748	2.490406e-07	6.597693e-07	4.362620e-07	4646
613004	2.490856e-07	6.597760e-07	4.362262e-07	4646
621260	2.491306e-07	6.597826e-07	4.361904e-07	4646
629516	2.491755e-07	6.597893e-07	4.361546e-07	4646
637772	2.492205e-07	6.597960e-07	4.361189e-07	4646
646028	2.492655e-07	6.598027e-07	4.360831e-07	4646
654284	2.493105e-07	6.598093e-07	4.360473e-07	4646
662540	2.493554e-07	6.598160e-07	4.360114e-07	4646
670796	2.494004e-07	6.598227e-07	4.359756e-07	4646
679052	2.494453e-07	6.598294e-07	4.359398e-07	4646
687308	2.494903e-07	6.598360e-07	4.359040e-07	4646
695564	2.495352e-07	6.598427e-07	4.358681e-07	4646
703820	2.495801e-07	6.598494e-07	4.358323e-07	4646
712076	2.496250e-07	6.598561e-07	4.357965e-07	4646
720332	2.496700e-07	6.598628e-07	4.357606e-07	4646
728588	2.497149e-07	6.598694e-07	4.357247e-07	4646
736844	2.497598e-07	6.598762e-07	4.356889e-07	4646
745100	2.498047e-07	6.598829e-07	4.356530e-07	4646
753356	2.498496e-07	6.598895e-07	4.356171e-07	4646
761612	2.498945e-07	6.598962e-07	4.355812e-07	4646
769868	2.499393e-07	6.599029e-07	4.355453e-07	4646
778124	2.499843e-07	6.599096e-07	4.355094e-07	4646
786380	2.500291e-07	6.599163e-07	4.354735e-07	4646
794636	2.500740e-07	6.599230e-07	4.354376e-07	4646
802892	2.501189e-07	6.599297e-07	4.354017e-07	4646
811148	2.501637e-07	6.599364e-07	4.353658e-07	4646
819404	2.502086e-07	6.599431e-07	4.353298e-07	4646
827660	2.502534e-07	6.599498e-07	4.352939e-07	4646
835916	2.502983e-07	6.599565e-07	4.352580e-07	4646
844172	2.503431e-07	6.599632e-07	4.352220e-07	4646
852428	2.503879e-07	6.599699e-07	4.351861e-07	4646
860684	2.504328e-07	6.599766e-07	4.351501e-07	4646
868940	2.504776e-07	6.599833e-07	4.351141e-07	4646
877196	2.505224e-07	6.599900e-07	4.350781e-07	4646
885452	2.505672e-07	6.599967e-07	4.350422e-07	4646
893708	2.506120e-07	6.600034e-07	4.350061e-07	4646
901964	2.506568e-07	6.600101e-07	4.349702e-07	4646
910220	2.507016e-07	6.600168e-07	4.349342e-07	4646
918476	2.507464e-07	6.600235e-07	4.348981e-07	4646
926732	2.507912e-07	6.600303e-07	4.348621e-07	4646
934988	2.508360e-07	6.600370e-07	4.348261e-07	4646
