362250	-3.999793e-06	1.720681e-06	2.766590e-06	21609
856255	-3.726371e-06	1.720708e-06	2.735180e-06	15466
914623	-3.652791e-06	1.720745e-06	2.713728e-06	17770
1120902	-3.475604e-06	1.720751e-06	2.666154e-06	17258
270010	-3.723600e-06	1.720767e-06	2.682215e-06	15210
353994	-4.000144e-06	1.720787e-06	2.766016e-06	21609
847999	-3.726717e-06	1.720808e-06	2.734646e-06	15466
906367	-3.653134e-06	1.720842e-06	2.713204e-06	17770
1112646	-3.475940e-06	1.720843e-06	2.665656e-06	17258
261754	-3.723939e-06	1.720866e-06	2.681681e-06	15210
345738	-4.000494e-06	1.720893e-06	2.765443e-06	21609
839743	-3.727063e-06	1.720906e-06	2.734112e-06	15466
1104390	-3.476277e-06	1.720935e-06	2.665158e-06	17258
898111	-3.653477e-06	1.720939e-06	2.712680e-06	17770
253498	-3.724278e-06	1.720965e-06	2.681147e-06	15210
337482	-4.000845e-06	1.720999e-06	2.764870e-06	21609
831487	-3.727409e-06	1.721005e-06	2.733578e-06	15466
1096134	-3.476613e-06	1.721028e-06	2.664659e-06	17258
889855	-3.653820e-06	1.721036e-06	2.712157e-06	17770
245242	-3.724616e-06	1.721064e-06	2.680613e-06	15210
823231	-3.727755e-06	1.721104e-06	2.733043e-06	15466
329226	-4.001196e-06	1.721106e-06	2.764296e-06	21609
1087878	-3.476949e-06	1.721120e-06	2.664161e-06	17258
881599	-3.654163e-06	1.721133e-06	2.711633e-06	17770
236986	-3.724955e-06	1.721163e-06	2.680079e-06	15210
814975	-3.728102e-06	1.721203e-06	2.732509e-06	15466
320970	-4.001546e-06	1.721212e-06	2.763722e-06	21609
1079622	-3.477285e-06	1.721212e-06	2.663663e-06	17258
873343	-3.654506e-06	1.721230e-06	2.711109e-06	17770
228730	-3.725293e-06	1.721262e-06	2.679545e-06	15210
806719	-3.728447e-06	1.721303e-06	2.731974e-06	15466
1071366	-3.477621e-06	1.721305e-06	2.663164e-06	17258
312714	-4.001897e-06	1.721318e-06	2.763149e-06	21609
865087	-3.654849e-06	1.721328e-06	2.710585e-06	17770
220474	-3.725632e-06	1.721361e-06	2.679011e-06	15210
1063110	-3.477957e-06	1.721397e-06	2.662666e-06	17258
798463	-3.728793e-06	1.721402e-06	2.731440e-06	15466
304458	-4.002247e-06	1.721424e-06	2.762575e-06	21609
856831	-3.655192e-06	1.721424e-06	2.710061e-06	17770
212218	-3.725970e-06	1.721460e-06	2.678477e-06	15210
1054854	-3.478293e-06	1.721489e-06	2.662167e-06	17258
790207	-3.729139e-06	1.721501e-06	2.730905e-06	15466
848575	-3.655535e-06	1.721522e-06	2.709537e-06	17770
296202	-4.002597e-06	1.721531e-06	2.762001e-06	21609
203962	-3.726308e-06	1.721559e-06	2.677943e-06	15210
1046598	-3.478629e-06	1.721582e-06	2.661668e-06	17258
781951	-3.729485e-06	1.721600e-06	2.730371e-06	15466
840319	-3.655877e-06	1.721619e-06	2.709013e-06	17770
287946	-4.002947e-06	1.721637e-06	2.761427e-06	21609
195706	-3.726646e-06	1.721658e-06	2.677409e-06	15210
1038342	-3.478965e-06	1.721674e-06	2.661170e-06	17258
773695	-3.729830e-06	1.721699e-06	2.729836e-06	15466
832063	-3.656220e-06	1.721716e-06	2.708489e-06	17770
279690	-4.003297e-06	1.721744e-06	2.760853e-06	21609
187450	-3.726984e-06	1.721757e-06	2.676874e-06	15210
1030086	-3.479301e-06	1.721767e-06	2.660671e-06	17258
765439	-3.730176e-06	1.721798e-06	2.729301e-06	15466
823807	-3.656563e-06	1.721813e-06	2.707965e-06	17770
271434	-4.003648e-06	1.721850e-06	2.760280e-06	21609
179194	-3.727322e-06	1.721855e-06	2.676340e-06	15210
1021830	-3.479636e-06	1.721859e-06	2.660172e-06	17258
757183	-3.730521e-06	1.721897e-06	2.728767e-06	15466
815551	-3.656905e-06	1.721910e-06	2.707441e-06	17770
1013574	-3.479972e-06	1.721951e-06	2.659673e-06	17258
170938	-3.727660e-06	1.721955e-06	2.675806e-06	15210
263178	-4.003997e-06	1.721956e-06	2.759706e-06	21609
748927	-3.730867e-06	1.721996e-06	2.728232e-06	15466
807295	-3.657247e-06	1.722007e-06	2.706917e-06	17770
1005318	-3.480307e-06	1.722044e-06	2.659174e-06	17258
162682	-3.727998e-06	1.722054e-06	2.675271e-06	15210
254922	-4.004347e-06	1.722063e-06	2.759132e-06	21609
740671	-3.731212e-06	1.722095e-06	2.727697e-06	15466
799039	-3.657590e-06	1.722104e-06	2.706392e-06	17770
997062	-3.480643e-06	1.722136e-06	2.658676e-06	17258
154426	-3.728336e-06	1.722153e-06	2.674737e-06	15210
246666	-4.004697e-06	1.722169e-06	2.758557e-06	21609
732415	-3.731557e-06	1.722194e-06	2.727162e-06	15466
790783	-3.657932e-06	1.722201e-06	2.705868e-06	17770
988806	-3.480978e-06	1.722229e-06	2.658177e-06	17258
146170	-3.728673e-06	1.722252e-06	2.674203e-06	15210
238410	-4.005046e-06	1.722275e-06	2.757983e-06	21609
724159	-3.731903e-06	1.722293e-06	2.726627e-06	15466
782527	-3.658274e-06	1.722299e-06	2.705343e-06	17770
980550	-3.481313e-06	1.722321e-06	2.657677e-06	17258
137914	-3.729011e-06	1.722351e-06	2.673668e-06	15210
230154	-4.005396e-06	1.722382e-06	2.757409e-06	21609
715903	-3.732248e-06	1.722392e-06	2.726092e-06	15466
774271	-3.658616e-06	1.722396e-06	2.704819e-06	17770
972294	-3.481648e-06	1.722414e-06	2.657179e-06	17258
1153539	-3.792318e-06	1.722431e-06	2.786551e-06	15722
129658	-3.729348e-06	1.722450e-06	2.673133e-06	15210
221898	-4.005746e-06	1.722488e-06	2.756835e-06	21609
707647	-3.732593e-06	1.722491e-06	2.725557e-06	15466
766015	-3.658958e-06	1.722493e-06	2.704295e-06	17770
964038	-3.481984e-06	1.722506e-06	2.656679e-06	17258
1145283	-3.792672e-06	1.722531e-06	2.786007e-06	15722
121402	-3.729686e-06	1.722549e-06	2.672599e-06	15210
757759	-3.659300e-06	1.722590e-06	2.703770e-06	17770
699391	-3.732938e-06	1.722591e-06	2.725022e-06	15466
213642	-4.006095e-06	1.722595e-06	2.756261e-06	21609
955782	-3.482319e-06	1.722599e-06	2.656180e-06	17258
1137027	-3.793025e-06	1.722632e-06	2.785464e-06	15722
113146	-3.730023e-06	1.722648e-06	2.672064e-06	15210
749503	-3.659642e-06	1.722687e-06	2.703245e-06	17770
691135	-3.733282e-06	1.722690e-06	2.724487e-06	15466
947526	-3.482654e-06	1.722691e-06	2.655681e-06	17258
205386	-4.006444e-06	1.722701e-06	2.755686e-06	21609
1128771	-3.793379e-06	1.722733e-06	2.784920e-06	15722
104890	-3.730361e-06	1.722747e-06	2.671529e-06	15210
939270	-3.482989e-06	1.722784e-06	2.655182e-06	17258
741247	-3.659983e-06	1.722785e-06	2.702721e-06	17770
682879	-3.733627e-06	1.722789e-06	2.723952e-06	15466
197130	-4.006793e-06	1.722807e-06	2.755112e-06	21609
1120515	-3.793732e-06	1.722834e-06	2.784376e-06	15722
96634	-3.730697e-06	1.722846e-06	2.670994e-06	15210
931014	-3.483324e-06	1.722876e-06	2.654682e-06	17258
732991	-3.660325e-06	1.722882e-06	2.702196e-06	17770
674623	-3.733972e-06	1.722888e-06	2.723416e-06	15466
188874	-4.007143e-06	1.722914e-06	2.754538e-06	21609
1112259	-3.794085e-06	1.722934e-06	2.783832e-06	15722
88378	-3.731035e-06	1.722945e-06	2.670460e-06	15210
922758	-3.483658e-06	1.722969e-06	2.654183e-06	17258
724735	-3.660666e-06	1.722979e-06	2.701671e-06	17770
666367	-3.734317e-06	1.722987e-06	2.722881e-06	15466
180618	-4.007492e-06	1.723020e-06	2.753963e-06	21609
1104003	-3.794439e-06	1.723035e-06	2.783288e-06	15722
80122	-3.731372e-06	1.723044e-06	2.669925e-06	15210
914502	-3.483993e-06	1.723061e-06	2.653684e-06	17258
716479	-3.661008e-06	1.723076e-06	2.701147e-06	17770
658111	-3.734661e-06	1.723086e-06	2.722346e-06	15466
172362	-4.007841e-06	1.723127e-06	2.753389e-06	21609
1095747	-3.794792e-06	1.723136e-06	2.782744e-06	15722
71866	-3.731709e-06	1.723143e-06	2.669390e-06	15210
906246	-3.484327e-06	1.723154e-06	2.653184e-06	17258
708223	-3.661349e-06	1.723173e-06	2.700622e-06	17770
649855	-3.735006e-06	1.723186e-06	2.721810e-06	15466
164106	-4.008190e-06	1.723233e-06	2.752814e-06	21609
1087491	-3.795145e-06	1.723237e-06	2.782200e-06	15722
63610	-3.732046e-06	1.723242e-06	2.668855e-06	15210
897990	-3.484662e-06	1.723246e-06	2.652685e-06	17258
699967	-3.661691e-06	1.723271e-06	2.700097e-06	17770
641599	-3.735350e-06	1.723285e-06	2.721275e-06	15466
1079235	-3.795498e-06	1.723337e-06	2.781656e-06	15722
889734	-3.484997e-06	1.723339e-06	2.652185e-06	17258
155850	-4.008538e-06	1.723340e-06	2.752239e-06	21609
55354	-3.732382e-06	1.723342e-06	2.668320e-06	15210
691711	-3.662032e-06	1.723368e-06	2.699572e-06	17770
633343	-3.735694e-06	1.723384e-06	2.720740e-06	15466
881478	-3.485331e-06	1.723431e-06	2.651686e-06	17258
1070979	-3.795851e-06	1.723438e-06	2.781112e-06	15722
47098	-3.732719e-06	1.723441e-06	2.667785e-06	15210
147594	-4.008887e-06	1.723446e-06	2.751665e-06	21609
683455	-3.662373e-06	1.723465e-06	2.699047e-06	17770
625087	-3.736038e-06	1.723483e-06	2.720204e-06	15466
873222	-3.485665e-06	1.723524e-06	2.651186e-06	17258
1062723	-3.796204e-06	1.723539e-06	2.780568e-06	15722
38842	-3.733056e-06	1.723540e-06	2.667250e-06	15210
139338	-4.009236e-06	1.723553e-06	2.751090e-06	21609
675199	-3.662714e-06	1.723562e-06	2.698522e-06	17770
616831	-3.736382e-06	1.723582e-06	2.719668e-06	15466
864966	-3.486000e-06	1.723616e-06	2.650686e-06	17258
30586	-3.733392e-06	1.723639e-06	2.666715e-06	15210
1054467	-3.796556e-06	1.723640e-06	2.780024e-06	15722
131082	-4.009584e-06	1.723659e-06	2.750515e-06	21609
666943	-3.663055e-06	1.723660e-06	2.697997e-06	17770
608575	-3.736727e-06	1.723682e-06	2.719133e-06	15466
856710	-3.486334e-06	1.723709e-06	2.650187e-06	17258
22330	-3.733729e-06	1.723738e-06	2.666179e-06	15210
1046211	-3.796909e-06	1.723741e-06	2.779479e-06	15722
658687	-3.663396e-06	1.723757e-06	2.697472e-06	17770
122826	-4.009933e-06	1.723766e-06	2.749940e-06	21609
600319	-3.737071e-06	1.723781e-06	2.718597e-06	15466
848454	-3.486668e-06	1.723802e-06	2.649687e-06	17258
14074	-3.734065e-06	1.723837e-06	2.665644e-06	15210
1037955	-3.797262e-06	1.723842e-06	2.778935e-06	15722
650431	-3.663737e-06	1.723854e-06	2.696946e-06	17770
114570	-4.010281e-06	1.723872e-06	2.749366e-06	21609
592063	-3.737415e-06	1.723880e-06	2.718061e-06	15466
840198	-3.487002e-06	1.723894e-06	2.649187e-06	17258
5818	-3.734401e-06	1.723937e-06	2.665109e-06	15210
1029699	-3.797614e-06	1.723942e-06	2.778391e-06	15722
642175	-3.664078e-06	1.723952e-06	2.696421e-06	17770
106314	-4.010630e-06	1.723979e-06	2.748791e-06	21609
583807	-3.737758e-06	1.723980e-06	2.717525e-06	15466
831942	-3.487336e-06	1.723987e-06	2.648687e-06	17258
1021443	-3.797967e-06	1.724043e-06	2.777846e-06	15722
633919	-3.664419e-06	1.724049e-06	2.695896e-06	17770
575551	-3.738102e-06	1.724079e-06	2.716990e-06	15466
823686	-3.487670e-06	1.724079e-06	2.648187e-06	17258
98058	-4.010978e-06	1.724085e-06	2.748216e-06	21609
1013187	-3.798319e-06	1.724144e-06	2.777302e-06	15722
625663	-3.664759e-06	1.724146e-06	2.695371e-06	17770
815430	-3.488003e-06	1.724172e-06	2.647687e-06	17258
567295	-3.738446e-06	1.724178e-06	2.716454e-06	15466
89802	-4.011326e-06	1.724192e-06	2.747641e-06	21609
617407	-3.665100e-06	1.724244e-06	2.694845e-06	17770
1004931	-3.798672e-06	1.724245e-06	2.776757e-06	15722
807174	-3.488337e-06	1.724265e-06	2.647187e-06	17258
559039	-3.738789e-06	1.724277e-06	2.715918e-06	15466
81546	-4.011674e-06	1.724298e-06	2.747066e-06	21609
609151	-3.665440e-06	1.724341e-06	2.694320e-06	17770
996675	-3.799024e-06	1.724346e-06	2.776213e-06	15722
798918	-3.488671e-06	1.724357e-06	2.646687e-06	17258
550783	-3.739133e-06	1.724377e-06	2.715382e-06	15466
73290	-4.012022e-06	1.724405e-06	2.746491e-06	21609
600895	-3.665781e-06	1.724438e-06	2.693794e-06	17770
988419	-3.799376e-06	1.724447e-06	2.775668e-06	15722
790662	-3.489004e-06	1.724450e-06	2.646187e-06	17258
542527	-3.739476e-06	1.724476e-06	2.714846e-06	15466
65034	-4.012370e-06	1.724512e-06	2.745915e-06	21609
592639	-3.666121e-06	1.724536e-06	2.693269e-06	17770
782406	-3.489338e-06	1.724543e-06	2.645687e-06	17258
980163	-3.799728e-06	1.724548e-06	2.775123e-06	15722
534271	-3.739819e-06	1.724575e-06	2.714310e-06	15466
56778	-4.012717e-06	1.724618e-06	2.745340e-06	21609
584383	-3.666461e-06	1.724633e-06	2.692743e-06	17770
774150	-3.489671e-06	1.724635e-06	2.645187e-06	17258
971907	-3.800080e-06	1.724649e-06	2.774579e-06	15722
526015	-3.740163e-06	1.724675e-06	2.713773e-06	15466
48522	-4.013065e-06	1.724725e-06	2.744765e-06	21609
765894	-3.490004e-06	1.724728e-06	2.644686e-06	17258
576127	-3.666801e-06	1.724731e-06	2.692218e-06	17770
963651	-3.800432e-06	1.724750e-06	2.774034e-06	15722
517759	-3.740506e-06	1.724774e-06	2.713237e-06	15466
757638	-3.490338e-06	1.724821e-06	2.644186e-06	17258
567871	-3.667141e-06	1.724828e-06	2.691692e-06	17770
40266	-4.013413e-06	1.724831e-06	2.744190e-06	21609
955395	-3.800784e-06	1.724851e-06	2.773489e-06	15722
509503	-3.740849e-06	1.724873e-06	2.712701e-06	15466
749382	-3.490671e-06	1.724913e-06	2.643686e-06	17258
559615	-3.667481e-06	1.724925e-06	2.691166e-06	17770
32010	-4.013760e-06	1.724938e-06	2.743614e-06	21609
947139	-3.801135e-06	1.724952e-06	2.772944e-06	15722
501247	-3.741192e-06	1.724973e-06	2.712165e-06	15466
741126	-3.491004e-06	1.725006e-06	2.643185e-06	17258
551359	-3.667821e-06	1.725023e-06	2.690641e-06	17770
23754	-4.014108e-06	1.725045e-06	2.743039e-06	21609
938883	-3.801487e-06	1.725052e-06	2.772399e-06	15722
492991	-3.741535e-06	1.725072e-06	2.711628e-06	15466
732870	-3.491337e-06	1.725099e-06	2.642685e-06	17258
543103	-3.668161e-06	1.725120e-06	2.690115e-06	17770
15498	-4.014455e-06	1.725151e-06	2.742463e-06	21609
930627	-3.801839e-06	1.725153e-06	2.771854e-06	15722
484735	-3.741878e-06	1.725172e-06	2.711092e-06	15466
724614	-3.491670e-06	1.725192e-06	2.642184e-06	17258
534847	-3.668501e-06	1.725218e-06	2.689589e-06	17770
922371	-3.802190e-06	1.725254e-06	2.771309e-06	15722
7242	-4.014802e-06	1.725258e-06	2.741888e-06	21609
476479	-3.742221e-06	1.725271e-06	2.710556e-06	15466
716358	-3.492003e-06	1.725284e-06	2.641684e-06	17258
526591	-3.668841e-06	1.725315e-06	2.689063e-06	17770
914115	-3.802541e-06	1.725355e-06	2.770764e-06	15722
468223	-3.742563e-06	1.725370e-06	2.710019e-06	15466
708102	-3.492336e-06	1.725377e-06	2.641183e-06	17258
518335	-3.669180e-06	1.725412e-06	2.688537e-06	17770
905859	-3.802893e-06	1.725456e-06	2.770219e-06	15722
699846	-3.492669e-06	1.725470e-06	2.640682e-06	17258
459967	-3.742906e-06	1.725470e-06	2.709483e-06	15466
510079	-3.669520e-06	1.725510e-06	2.688011e-06	17770
897603	-3.803244e-06	1.725557e-06	2.769674e-06	15722
691590	-3.493001e-06	1.725562e-06	2.640182e-06	17258
451711	-3.743248e-06	1.725569e-06	2.708946e-06	15466
501823	-3.669859e-06	1.725607e-06	2.687485e-06	17770
683334	-3.493334e-06	1.725655e-06	2.639681e-06	17258
889347	-3.803595e-06	1.725658e-06	2.769129e-06	15722
443455	-3.743591e-06	1.725669e-06	2.708410e-06	15466
493567	-3.670199e-06	1.725705e-06	2.686959e-06	17770
675078	-3.493666e-06	1.725748e-06	2.639180e-06	17258
881091	-3.803946e-06	1.725759e-06	2.768583e-06	15722
435199	-3.743933e-06	1.725768e-06	2.707873e-06	15466
485311	-3.670538e-06	1.725802e-06	2.686433e-06	17770
666822	-3.493999e-06	1.725841e-06	2.638679e-06	17258
872835	-3.804297e-06	1.725861e-06	2.768038e-06	15722
426943	-3.744276e-06	1.725867e-06	2.707336e-06	15466
477055	-3.670877e-06	1.725900e-06	2.685907e-06	17770
658566	-3.494331e-06	1.725934e-06	2.638179e-06	17258
864579	-3.804648e-06	1.725962e-06	2.767493e-06	15722
418687	-3.744618e-06	1.725967e-06	2.706799e-06	15466
468799	-3.671216e-06	1.725997e-06	2.685380e-06	17770
650310	-3.494663e-06	1.726026e-06	2.637678e-06	17258
856323	-3.804999e-06	1.726063e-06	2.766947e-06	15722
410431	-3.744960e-06	1.726066e-06	2.706263e-06	15466
460543	-3.671555e-06	1.726095e-06	2.684854e-06	17770
642054	-3.494996e-06	1.726119e-06	2.637177e-06	17258
848067	-3.805350e-06	1.726164e-06	2.766402e-06	15722
402175	-3.745302e-06	1.726166e-06	2.705726e-06	15466
452287	-3.671894e-06	1.726192e-06	2.684328e-06	17770
633798	-3.495328e-06	1.726212e-06	2.636676e-06	17258
839811	-3.805701e-06	1.726265e-06	2.765856e-06	15722
393919	-3.745644e-06	1.726265e-06	2.705189e-06	15466
444031	-3.672233e-06	1.726290e-06	2.683801e-06	17770
625542	-3.495660e-06	1.726305e-06	2.636174e-06	17258
385663	-3.745986e-06	1.726365e-06	2.704652e-06	15466
831555	-3.806051e-06	1.726366e-06	2.765311e-06	15722
435775	-3.672572e-06	1.726387e-06	2.683275e-06	17770
617286	-3.495992e-06	1.726398e-06	2.635673e-06	17258
377407	-3.746328e-06	1.726464e-06	2.704115e-06	15466
823299	-3.806402e-06	1.726467e-06	2.764765e-06	15722
427519	-3.672911e-06	1.726485e-06	2.682748e-06	17770
609030	-3.496324e-06	1.726491e-06	2.635172e-06	17258
369151	-3.746669e-06	1.726564e-06	2.703578e-06	15466
815043	-3.806752e-06	1.726568e-06	2.764220e-06	15722
419263	-3.673249e-06	1.726582e-06	2.682222e-06	17770
600774	-3.496656e-06	1.726583e-06	2.634671e-06	17258
360895	-3.747011e-06	1.726663e-06	2.703041e-06	15466
806787	-3.807103e-06	1.726669e-06	2.763674e-06	15722
592518	-3.496988e-06	1.726676e-06	2.634170e-06	17258
411007	-3.673588e-06	1.726680e-06	2.681695e-06	17770
352639	-3.747353e-06	1.726763e-06	2.702503e-06	15466
584262	-3.497319e-06	1.726769e-06	2.633668e-06	17258
798531	-3.807453e-06	1.726770e-06	2.763128e-06	15722
402751	-3.673927e-06	1.726778e-06	2.681169e-06	17770
576006	-3.497651e-06	1.726862e-06	2.633167e-06	17258
344383	-3.747694e-06	1.726862e-06	2.701966e-06	15466
790275	-3.807803e-06	1.726871e-06	2.762582e-06	15722
394495	-3.674265e-06	1.726875e-06	2.680642e-06	17770
567750	-3.497982e-06	1.726955e-06	2.632666e-06	17258
336127	-3.748036e-06	1.726962e-06	2.701429e-06	15466
782019	-3.808153e-06	1.726973e-06	2.762036e-06	15722
386239	-3.674603e-06	1.726973e-06	2.680115e-06	17770
559494	-3.498314e-06	1.727048e-06	2.632164e-06	17258
327871	-3.748377e-06	1.727062e-06	2.700892e-06	15466
377983	-3.674942e-06	1.727070e-06	2.679589e-06	17770
773763	-3.808503e-06	1.727074e-06	2.761490e-06	15722
551238	-3.498645e-06	1.727141e-06	2.631663e-06	17258
319615	-3.748718e-06	1.727161e-06	2.700354e-06	15466
369727	-3.675280e-06	1.727168e-06	2.679062e-06	17770
765507	-3.808853e-06	1.727175e-06	2.760944e-06	15722
542982	-3.498977e-06	1.727234e-06	2.631161e-06	17258
311359	-3.749059e-06	1.727261e-06	2.699817e-06	15466
361471	-3.675618e-06	1.727266e-06	2.678535e-06	17770
757251	-3.809203e-06	1.727276e-06	2.760398e-06	15722
534726	-3.499308e-06	1.727327e-06	2.630660e-06	17258
303103	-3.749401e-06	1.727360e-06	2.699279e-06	15466
353215	-3.675956e-06	1.727363e-06	2.678008e-06	17770
748995	-3.809553e-06	1.727377e-06	2.759852e-06	15722
526470	-3.499639e-06	1.727420e-06	2.630158e-06	17258
294847	-3.749742e-06	1.727460e-06	2.698742e-06	15466
344959	-3.676294e-06	1.727461e-06	2.677481e-06	17770
740739	-3.809902e-06	1.727478e-06	2.759306e-06	15722
518214	-3.499970e-06	1.727513e-06	2.629656e-06	17258
336703	-3.676632e-06	1.727559e-06	2.676954e-06	17770
286591	-3.750082e-06	1.727559e-06	2.698204e-06	15466
732483	-3.810252e-06	1.727580e-06	2.758760e-06	15722
509958	-3.500301e-06	1.727606e-06	2.629155e-06	17258
328447	-3.676970e-06	1.727656e-06	2.676427e-06	17770
278335	-3.750423e-06	1.727659e-06	2.697667e-06	15466
724227	-3.810602e-06	1.727681e-06	2.758214e-06	15722
501702	-3.500632e-06	1.727698e-06	2.628653e-06	17258
320191	-3.677308e-06	1.727754e-06	2.675900e-06	17770
270079	-3.750764e-06	1.727759e-06	2.697129e-06	15466
715971	-3.810951e-06	1.727782e-06	2.757667e-06	15722
493446	-3.500963e-06	1.727791e-06	2.628151e-06	17258
311935	-3.677645e-06	1.727852e-06	2.675373e-06	17770
261823	-3.751105e-06	1.727858e-06	2.696591e-06	15466
707715	-3.811301e-06	1.727883e-06	2.757121e-06	15722
485190	-3.501294e-06	1.727884e-06	2.627649e-06	17258
303679	-3.677983e-06	1.727949e-06	2.674845e-06	17770
253567	-3.751446e-06	1.727958e-06	2.696054e-06	15466
476934	-3.501625e-06	1.727977e-06	2.627147e-06	17258
699459	-3.811650e-06	1.727984e-06	2.756575e-06	15722
295423	-3.678320e-06	1.728047e-06	2.674318e-06	17770
245311	-3.751786e-06	1.728058e-06	2.695516e-06	15466
468678	-3.501955e-06	1.728070e-06	2.626645e-06	17258
691203	-3.811999e-06	1.728086e-06	2.756028e-06	15722
287167	-3.678658e-06	1.728145e-06	2.673791e-06	17770
237055	-3.752127e-06	1.728157e-06	2.694978e-06	15466
460422	-3.502286e-06	1.728163e-06	2.626143e-06	17258
682947	-3.812348e-06	1.728187e-06	2.755482e-06	15722
278911	-3.678995e-06	1.728242e-06	2.673263e-06	17770
452166	-3.502616e-06	1.728256e-06	2.625641e-06	17258
228799	-3.752467e-06	1.728257e-06	2.694440e-06	15466
674691	-3.812697e-06	1.728288e-06	2.754935e-06	15722
270655	-3.679332e-06	1.728340e-06	2.672736e-06	17770
443910	-3.502947e-06	1.728350e-06	2.625139e-06	17258
220543	-3.752807e-06	1.728357e-06	2.693902e-06	15466
666435	-3.813046e-06	1.728390e-06	2.754389e-06	15722
262399	-3.679670e-06	1.728438e-06	2.672208e-06	17770
435654	-3.503277e-06	1.728442e-06	2.624637e-06	17258
212287	-3.753147e-06	1.728456e-06	2.693364e-06	15466
658179	-3.813395e-06	1.728491e-06	2.753842e-06	15722
254143	-3.680007e-06	1.728535e-06	2.671681e-06	17770
427398	-3.503608e-06	1.728535e-06	2.624135e-06	17258
204031	-3.753488e-06	1.728556e-06	2.692826e-06	15466
649923	-3.813744e-06	1.728592e-06	2.753295e-06	15722
419142	-3.503938e-06	1.728629e-06	2.623632e-06	17258
245887	-3.680344e-06	1.728633e-06	2.671153e-06	17770
195775	-3.753828e-06	1.728656e-06	2.692288e-06	15466
641667	-3.814093e-06	1.728693e-06	2.752749e-06	15722
410886	-3.504268e-06	1.728722e-06	2.623130e-06	17258
237631	-3.680681e-06	1.728731e-06	2.670626e-06	17770
187519	-3.754168e-06	1.728755e-06	2.691750e-06	15466
633411	-3.814441e-06	1.728795e-06	2.752202e-06	15722
402630	-3.504598e-06	1.728815e-06	2.622628e-06	17258
229375	-3.681018e-06	1.728829e-06	2.670098e-06	17770
179263	-3.754508e-06	1.728855e-06	2.691212e-06	15466
625155	-3.814790e-06	1.728896e-06	2.751655e-06	15722
394374	-3.504928e-06	1.728908e-06	2.622125e-06	17258
221119	-3.681354e-06	1.728927e-06	2.669570e-06	17770
171007	-3.754847e-06	1.728955e-06	2.690673e-06	15466
616899	-3.815138e-06	1.728997e-06	2.751108e-06	15722
386118	-3.505258e-06	1.729001e-06	2.621623e-06	17258
212863	-3.681691e-06	1.729024e-06	2.669043e-06	17770
162751	-3.755187e-06	1.729054e-06	2.690135e-06	15466
377862	-3.505588e-06	1.729094e-06	2.621120e-06	17258
608643	-3.815487e-06	1.729099e-06	2.750561e-06	15722
204607	-3.682028e-06	1.729122e-06	2.668515e-06	17770
154495	-3.755527e-06	1.729154e-06	2.689597e-06	15466
369606	-3.505917e-06	1.729187e-06	2.620618e-06	17258
600387	-3.815835e-06	1.729200e-06	2.750014e-06	15722
196351	-3.682364e-06	1.729220e-06	2.667987e-06	17770
146239	-3.755866e-06	1.729254e-06	2.689058e-06	15466
361350	-3.506247e-06	1.729280e-06	2.620115e-06	17258
592131	-3.816183e-06	1.729301e-06	2.749467e-06	15722
188095	-3.682701e-06	1.729318e-06	2.667459e-06	17770
137983	-3.756206e-06	1.729354e-06	2.688520e-06	15466
353094	-3.506577e-06	1.729373e-06	2.619613e-06	17258
583875	-3.816532e-06	1.729403e-06	2.748920e-06	15722
179839	-3.683037e-06	1.729416e-06	2.666931e-06	17770
129727	-3.756545e-06	1.729454e-06	2.687982e-06	15466
344838	-3.506907e-06	1.729466e-06	2.619110e-06	17258
575619	-3.816880e-06	1.729504e-06	2.748373e-06	15722
171583	-3.683374e-06	1.729513e-06	2.666403e-06	17770
121471	-3.756885e-06	1.729553e-06	2.687443e-06	15466
336582	-3.507236e-06	1.729560e-06	2.618607e-06	17258
567363	-3.817227e-06	1.729606e-06	2.747826e-06	15722
163327	-3.683710e-06	1.729611e-06	2.665875e-06	17770
328326	-3.507565e-06	1.729653e-06	2.618104e-06	17258
113215	-3.757224e-06	1.729653e-06	2.686905e-06	15466
559107	-3.817575e-06	1.729707e-06	2.747279e-06	15722
155071	-3.684046e-06	1.729709e-06	2.665347e-06	17770
320070	-3.507895e-06	1.729746e-06	2.617601e-06	17258
104959	-3.757563e-06	1.729753e-06	2.686366e-06	15466
146815	-3.684382e-06	1.729807e-06	2.664819e-06	17770
550851	-3.817923e-06	1.729808e-06	2.746731e-06	15722
311814	-3.508224e-06	1.729839e-06	2.617099e-06	17258
96703	-3.757902e-06	1.729853e-06	2.685827e-06	15466
138559	-3.684718e-06	1.729905e-06	2.664291e-06	17770
542595	-3.818271e-06	1.729910e-06	2.746184e-06	15722
303558	-3.508553e-06	1.729932e-06	2.616596e-06	17258
88447	-3.758241e-06	1.729953e-06	2.685288e-06	15466
130303	-3.685054e-06	1.730003e-06	2.663763e-06	17770
534339	-3.818619e-06	1.730011e-06	2.745636e-06	15722
295302	-3.508882e-06	1.730025e-06	2.616093e-06	17258
80191	-3.758580e-06	1.730052e-06	2.684750e-06	15466
122047	-3.685390e-06	1.730101e-06	2.663234e-06	17770
526083	-3.818966e-06	1.730113e-06	2.745089e-06	15722
287046	-3.509211e-06	1.730119e-06	2.615590e-06	17258
71935	-3.758919e-06	1.730152e-06	2.684211e-06	15466
113791	-3.685726e-06	1.730198e-06	2.662706e-06	17770
278790	-3.509540e-06	1.730212e-06	2.615087e-06	17258
517827	-3.819314e-06	1.730214e-06	2.744542e-06	15722
63679	-3.759258e-06	1.730252e-06	2.683672e-06	15466
105535	-3.686062e-06	1.730296e-06	2.662178e-06	17770
270534	-3.509869e-06	1.730305e-06	2.614584e-06	17258
509571	-3.819661e-06	1.730315e-06	2.743994e-06	15722
55423	-3.759596e-06	1.730352e-06	2.683133e-06	15466
97279	-3.686397e-06	1.730394e-06	2.661649e-06	17770
262278	-3.510198e-06	1.730398e-06	2.614080e-06	17258
501315	-3.820009e-06	1.730417e-06	2.743446e-06	15722
47167	-3.759935e-06	1.730452e-06	2.682594e-06	15466
254022	-3.510527e-06	1.730491e-06	2.613577e-06	17258
89023	-3.686732e-06	1.730492e-06	2.661121e-06	17770
493059	-3.820356e-06	1.730518e-06	2.742899e-06	15722
38911	-3.760274e-06	1.730552e-06	2.682055e-06	15466
245766	-3.510855e-06	1.730585e-06	2.613074e-06	17258
80767	-3.687068e-06	1.730590e-06	2.660592e-06	17770
484803	-3.820703e-06	1.730620e-06	2.742351e-06	15722
30655	-3.760612e-06	1.730652e-06	2.681516e-06	15466
237510	-3.511184e-06	1.730678e-06	2.612571e-06	17258
72511	-3.687403e-06	1.730688e-06	2.660064e-06	17770
476547	-3.821050e-06	1.730721e-06	2.741803e-06	15722
22399	-3.760951e-06	1.730751e-06	2.680977e-06	15466
229254	-3.511512e-06	1.730771e-06	2.612067e-06	17258
64255	-3.687739e-06	1.730786e-06	2.659535e-06	17770
468291	-3.821398e-06	1.730823e-06	2.741256e-06	15722
14143	-3.761289e-06	1.730851e-06	2.680438e-06	15466
220998	-3.511841e-06	1.730864e-06	2.611564e-06	17258
55999	-3.688074e-06	1.730884e-06	2.659006e-06	17770
460035	-3.821744e-06	1.730924e-06	2.740708e-06	15722
5887	-3.761627e-06	1.730951e-06	2.679898e-06	15466
212742	-3.512169e-06	1.730958e-06	2.611060e-06	17258
47743	-3.688409e-06	1.730982e-06	2.658478e-06	17770
451779	-3.822091e-06	1.731026e-06	2.740160e-06	15722
204486	-3.512497e-06	1.731051e-06	2.610557e-06	17258
39487	-3.688744e-06	1.731080e-06	2.657949e-06	17770
443523	-3.822438e-06	1.731127e-06	2.739612e-06	15722
196230	-3.512826e-06	1.731144e-06	2.610053e-06	17258
31231	-3.689079e-06	1.731178e-06	2.657420e-06	17770
435267	-3.822784e-06	1.731229e-06	2.739064e-06	15722
187974	-3.513154e-06	1.731238e-06	2.609550e-06	17258
22975	-3.689414e-06	1.731276e-06	2.656891e-06	17770
427011	-3.823131e-06	1.731330e-06	2.738516e-06	15722
179718	-3.513482e-06	1.731331e-06	2.609046e-06	17258
1154281	-3.039623e-06	1.731373e-06	2.479401e-06	18798
14719	-3.689749e-06	1.731374e-06	2.656362e-06	17770
171462	-3.513810e-06	1.731424e-06	2.608542e-06	17258
418755	-3.823478e-06	1.731432e-06	2.737968e-06	15722
1146025	-3.039932e-06	1.731454e-06	2.478966e-06	18798
6463	-3.690084e-06	1.731472e-06	2.655833e-06	17770
163206	-3.514138e-06	1.731518e-06	2.608039e-06	17258
410499	-3.823824e-06	1.731534e-06	2.737420e-06	15722
1137769	-3.040241e-06	1.731535e-06	2.478530e-06	18798
154950	-3.514466e-06	1.731611e-06	2.607535e-06	17258
1129513	-3.040551e-06	1.731615e-06	2.478094e-06	18798
402243	-3.824171e-06	1.731635e-06	2.736872e-06	15722
1121257	-3.040860e-06	1.731696e-06	2.477658e-06	18798
146694	-3.514793e-06	1.731704e-06	2.607031e-06	17258
393987	-3.824517e-06	1.731737e-06	2.736323e-06	15722
1113001	-3.041169e-06	1.731777e-06	2.477222e-06	18798
138438	-3.515121e-06	1.731798e-06	2.606527e-06	17258
385731	-3.824863e-06	1.731838e-06	2.735775e-06	15722
1104745	-3.041478e-06	1.731858e-06	2.476786e-06	18798
130182	-3.515448e-06	1.731891e-06	2.606023e-06	17258
1096489	-3.041787e-06	1.731938e-06	2.476350e-06	18798
377475	-3.825209e-06	1.731940e-06	2.735227e-06	15722
121926	-3.515776e-06	1.731984e-06	2.605520e-06	17258
1088233	-3.042096e-06	1.732019e-06	2.475914e-06	18798
369219	-3.825555e-06	1.732041e-06	2.734678e-06	15722
113670	-3.516104e-06	1.732078e-06	2.605015e-06	17258
1079977	-3.042405e-06	1.732100e-06	2.475478e-06	18798
1154735	-3.868133e-06	1.732110e-06	2.803772e-06	21097
360963	-3.825901e-06	1.732143e-06	2.734130e-06	15722
105414	-3.516431e-06	1.732171e-06	2.604511e-06	17258
1071721	-3.042714e-06	1.732181e-06	2.475042e-06	18798
1146479	-3.868489e-06	1.732213e-06	2.803218e-06	21097
352707	-3.826247e-06	1.732245e-06	2.733582e-06	15722
1063465	-3.043023e-06	1.732261e-06	2.474606e-06	18798
97158	-3.516758e-06	1.732265e-06	2.604007e-06	17258
1138223	-3.868844e-06	1.732315e-06	2.802663e-06	21097
1055209	-3.043331e-06	1.732342e-06	2.474170e-06	18798
344451	-3.826593e-06	1.732346e-06	2.733033e-06	15722
88902	-3.517086e-06	1.732358e-06	2.603503e-06	17258
1129967	-3.869200e-06	1.732418e-06	2.802108e-06	21097
1046953	-3.043640e-06	1.732423e-06	2.473734e-06	18798
336195	-3.826939e-06	1.732448e-06	2.732485e-06	15722
80646	-3.517413e-06	1.732451e-06	2.602999e-06	17258
1038697	-3.043948e-06	1.732504e-06	2.473297e-06	18798
1121711	-3.869556e-06	1.732521e-06	2.801554e-06	21097
72390	-3.517740e-06	1.732545e-06	2.602495e-06	17258
327939	-3.827285e-06	1.732550e-06	2.731936e-06	15722
1030441	-3.044257e-06	1.732585e-06	2.472861e-06	18798
1113455	-3.869911e-06	1.732624e-06	2.800999e-06	21097
64134	-3.518067e-06	1.732638e-06	2.601990e-06	17258
319683	-3.827630e-06	1.732651e-06	2.731387e-06	15722
1022185	-3.044565e-06	1.732666e-06	2.472424e-06	18798
1105199	-3.870267e-06	1.732726e-06	2.800444e-06	21097
55878	-3.518394e-06	1.732732e-06	2.601486e-06	17258
1013929	-3.044874e-06	1.732746e-06	2.471988e-06	18798
311427	-3.827975e-06	1.732753e-06	2.730838e-06	15722
47622	-3.518721e-06	1.732825e-06	2.600982e-06	17258
1005673	-3.045182e-06	1.732827e-06	2.471551e-06	18798
1096943	-3.870623e-06	1.732829e-06	2.799889e-06	21097
303171	-3.828321e-06	1.732855e-06	2.730290e-06	15722
997417	-3.045490e-06	1.732908e-06	2.471115e-06	18798
39366	-3.519047e-06	1.732919e-06	2.600477e-06	17258
1088687	-3.870978e-06	1.732932e-06	2.799335e-06	21097
294915	-3.828666e-06	1.732956e-06	2.729741e-06	15722
989161	-3.045798e-06	1.732989e-06	2.470678e-06	18798
31110	-3.519374e-06	1.733012e-06	2.599973e-06	17258
1080431	-3.871333e-06	1.733035e-06	2.798780e-06	21097
286659	-3.829011e-06	1.733058e-06	2.729192e-06	15722
980905	-3.046106e-06	1.733070e-06	2.470242e-06	18798
22854	-3.519701e-06	1.733105e-06	2.599468e-06	17258
1072175	-3.871688e-06	1.733138e-06	2.798225e-06	21097
972649	-3.046415e-06	1.733151e-06	2.469805e-06	18798
278403	-3.829357e-06	1.733160e-06	2.728643e-06	15722
14598	-3.520027e-06	1.733199e-06	2.598964e-06	17258
964393	-3.046722e-06	1.733232e-06	2.469368e-06	18798
1063919	-3.872043e-06	1.733241e-06	2.797670e-06	21097
270147	-3.829702e-06	1.733261e-06	2.728094e-06	15722
6342	-3.520354e-06	1.733292e-06	2.598459e-06	17258
956137	-3.047031e-06	1.733313e-06	2.468932e-06	18798
1055663	-3.872398e-06	1.733343e-06	2.797115e-06	21097
261891	-3.830047e-06	1.733363e-06	2.727545e-06	15722
947881	-3.047338e-06	1.733393e-06	2.468495e-06	18798
1047407	-3.872753e-06	1.733446e-06	2.796559e-06	21097
253635	-3.830392e-06	1.733465e-06	2.726996e-06	15722
939625	-3.047646e-06	1.733474e-06	2.468058e-06	18798
1039151	-3.873108e-06	1.733549e-06	2.796004e-06	21097
931369	-3.047954e-06	1.733555e-06	2.467621e-06	18798
245379	-3.830737e-06	1.733567e-06	2.726447e-06	15722
923113	-3.048262e-06	1.733636e-06	2.467184e-06	18798
1030895	-3.873462e-06	1.733652e-06	2.795449e-06	21097
237123	-3.831081e-06	1.733668e-06	2.725898e-06	15722
914857	-3.048569e-06	1.733717e-06	2.466747e-06	18798
1022639	-3.873817e-06	1.733755e-06	2.794894e-06	21097
228867	-3.831426e-06	1.733770e-06	2.725348e-06	15722
906601	-3.048877e-06	1.733798e-06	2.466310e-06	18798
1014383	-3.874172e-06	1.733858e-06	2.794338e-06	21097
220611	-3.831770e-06	1.733872e-06	2.724799e-06	15722
898345	-3.049184e-06	1.733879e-06	2.465873e-06	18798
890089	-3.049491e-06	1.733960e-06	2.465436e-06	18798
1006127	-3.874526e-06	1.733961e-06	2.793783e-06	21097
212355	-3.832115e-06	1.733974e-06	2.724250e-06	15722
881833	-3.049799e-06	1.734041e-06	2.464999e-06	18798
997871	-3.874881e-06	1.734064e-06	2.793227e-06	21097
204099	-3.832459e-06	1.734076e-06	2.723701e-06	15722
873577	-3.050106e-06	1.734122e-06	2.464562e-06	18798
989615	-3.875235e-06	1.734167e-06	2.792672e-06	21097
195843	-3.832804e-06	1.734177e-06	2.723151e-06	15722
865321	-3.050413e-06	1.734203e-06	2.464124e-06	18798
981359	-3.875589e-06	1.734270e-06	2.792116e-06	21097
187587	-3.833148e-06	1.734279e-06	2.722602e-06	15722
857065	-3.050720e-06	1.734284e-06	2.463687e-06	18798
848809	-3.051027e-06	1.734365e-06	2.463250e-06	18798
973103	-3.875943e-06	1.734372e-06	2.791561e-06	21097
179331	-3.833492e-06	1.734381e-06	2.722052e-06	15722
840553	-3.051334e-06	1.734446e-06	2.462813e-06	18798
964847	-3.876297e-06	1.734475e-06	2.791005e-06	21097
171075	-3.833836e-06	1.734483e-06	2.721503e-06	15722
832297	-3.051641e-06	1.734527e-06	2.462375e-06	18798
956591	-3.876651e-06	1.734578e-06	2.790449e-06	21097
162819	-3.834180e-06	1.734585e-06	2.720953e-06	15722
824041	-3.051948e-06	1.734608e-06	2.461938e-06	18798
948335	-3.877005e-06	1.734681e-06	2.789894e-06	21097
154563	-3.834524e-06	1.734687e-06	2.720403e-06	15722
815785	-3.052255e-06	1.734689e-06	2.461500e-06	18798
807529	-3.052562e-06	1.734770e-06	2.461063e-06	18798
940079	-3.877359e-06	1.734784e-06	2.789338e-06	21097
146307	-3.834868e-06	1.734788e-06	2.719854e-06	15722
799273	-3.052868e-06	1.734851e-06	2.460625e-06	18798
931823	-3.877713e-06	1.734887e-06	2.788782e-06	21097
138051	-3.835212e-06	1.734890e-06	2.719304e-06	15722
791017	-3.053175e-06	1.734932e-06	2.460187e-06	18798
923567	-3.878066e-06	1.734990e-06	2.788226e-06	21097
129795	-3.835556e-06	1.734992e-06	2.718754e-06	15722
782761	-3.053482e-06	1.735013e-06	2.459750e-06	18798
915311	-3.878420e-06	1.735093e-06	2.787670e-06	21097
121539	-3.835899e-06	1.735094e-06	2.718204e-06	15722
774505	-3.053788e-06	1.735095e-06	2.459312e-06	18798
766249	-3.054094e-06	1.735176e-06	2.458874e-06	18798
113283	-3.836243e-06	1.735196e-06	2.717654e-06	15722
907055	-3.878773e-06	1.735196e-06	2.787114e-06	21097
757993	-3.054401e-06	1.735257e-06	2.458436e-06	18798
105027	-3.836586e-06	1.735298e-06	2.717104e-06	15722
898799	-3.879127e-06	1.735299e-06	2.786558e-06	21097
749737	-3.054707e-06	1.735338e-06	2.457999e-06	18798
96771	-3.836929e-06	1.735400e-06	2.716554e-06	15722
890543	-3.879480e-06	1.735402e-06	2.786002e-06	21097
741481	-3.055013e-06	1.735419e-06	2.457561e-06	18798
733225	-3.055319e-06	1.735500e-06	2.457123e-06	18798
88515	-3.837273e-06	1.735502e-06	2.716004e-06	15722
882287	-3.879833e-06	1.735505e-06	2.785446e-06	21097
724969	-3.055625e-06	1.735581e-06	2.456685e-06	18798
80259	-3.837616e-06	1.735604e-06	2.715454e-06	15722
874031	-3.880187e-06	1.735609e-06	2.784890e-06	21097
716713	-3.055932e-06	1.735662e-06	2.456247e-06	18798
72003	-3.837959e-06	1.735705e-06	2.714904e-06	15722
865775	-3.880540e-06	1.735712e-06	2.784333e-06	21097
708457	-3.056238e-06	1.735743e-06	2.455809e-06	18798
63747	-3.838302e-06	1.735807e-06	2.714354e-06	15722
857519	-3.880893e-06	1.735815e-06	2.783777e-06	21097
700201	-3.056543e-06	1.735825e-06	2.455371e-06	18798
691945	-3.056849e-06	1.735906e-06	2.454933e-06	18798
55491	-3.838645e-06	1.735909e-06	2.713803e-06	15722
849263	-3.881245e-06	1.735918e-06	2.783221e-06	21097
683689	-3.057155e-06	1.735987e-06	2.454494e-06	18798
47235	-3.838988e-06	1.736011e-06	2.713253e-06	15722
841007	-3.881598e-06	1.736021e-06	2.782664e-06	21097
675433	-3.057461e-06	1.736068e-06	2.454056e-06	18798
38979	-3.839331e-06	1.736113e-06	2.712703e-06	15722
832751	-3.881951e-06	1.736124e-06	2.782108e-06	21097
667177	-3.057766e-06	1.736149e-06	2.453618e-06	18798
30723	-3.839674e-06	1.736215e-06	2.712153e-06	15722
824495	-3.882304e-06	1.736227e-06	2.781551e-06	21097
658921	-3.058072e-06	1.736231e-06	2.453180e-06	18798
650665	-3.058377e-06	1.736312e-06	2.452741e-06	18798
22467	-3.840016e-06	1.736317e-06	2.711602e-06	15722
816239	-3.882657e-06	1.736330e-06	2.780995e-06	21097
642409	-3.058683e-06	1.736393e-06	2.452303e-06	18798
14211	-3.840359e-06	1.736419e-06	2.711052e-06	15722
807983	-3.883009e-06	1.736433e-06	2.780438e-06	21097
634153	-3.058988e-06	1.736474e-06	2.451864e-06	18798
5955	-3.840701e-06	1.736521e-06	2.710501e-06	15722
799727	-3.883361e-06	1.736536e-06	2.779881e-06	21097
625897	-3.059294e-06	1.736555e-06	2.451426e-06	18798
617641	-3.059599e-06	1.736637e-06	2.450987e-06	18798
791471	-3.883714e-06	1.736640e-06	2.779325e-06	21097
609385	-3.059904e-06	1.736718e-06	2.450549e-06	18798
783215	-3.884066e-06	1.736743e-06	2.778768e-06	21097
601129	-3.060209e-06	1.736799e-06	2.450110e-06	18798
774959	-3.884418e-06	1.736846e-06	2.778211e-06	21097
592873	-3.060514e-06	1.736880e-06	2.449671e-06	18798
766703	-3.884770e-06	1.736949e-06	2.777654e-06	21097
584617	-3.060819e-06	1.736962e-06	2.449233e-06	18798
576361	-3.061124e-06	1.737043e-06	2.448794e-06	18798
758447	-3.885122e-06	1.737052e-06	2.777097e-06	21097
568105	-3.061429e-06	1.737124e-06	2.448355e-06	18798
750191	-3.885474e-06	1.737155e-06	2.776540e-06	21097
559849	-3.061734e-06	1.737206e-06	2.447916e-06	18798
741935	-3.885826e-06	1.737259e-06	2.775983e-06	21097
551593	-3.062039e-06	1.737287e-06	2.447477e-06	18798
733679	-3.886178e-06	1.737362e-06	2.775426e-06	21097
543337	-3.062343e-06	1.737368e-06	2.447038e-06	18798
535081	-3.062648e-06	1.737449e-06	2.446599e-06	18798
725423	-3.886530e-06	1.737465e-06	2.774869e-06	21097
526825	-3.062952e-06	1.737531e-06	2.446160e-06	18798
717167	-3.886881e-06	1.737568e-06	2.774312e-06	21097
518569	-3.063257e-06	1.737612e-06	2.445721e-06	18798
708911	-3.887233e-06	1.737672e-06	2.773755e-06	21097
510313	-3.063561e-06	1.737694e-06	2.445282e-06	18798
502057	-3.063866e-06	1.737775e-06	2.444843e-06	18798
700655	-3.887584e-06	1.737775e-06	2.773198e-06	21097
493801	-3.064170e-06	1.737856e-06	2.444404e-06	18798
692399	-3.887935e-06	1.737878e-06	2.772640e-06	21097
485545	-3.064474e-06	1.737938e-06	2.443965e-06	18798
684143	-3.888287e-06	1.737981e-06	2.772083e-06	21097
477289	-3.064778e-06	1.738019e-06	2.443525e-06	18798
675887	-3.888638e-06	1.738085e-06	2.771525e-06	21097
469033	-3.065082e-06	1.738100e-06	2.443086e-06	18798
460777	-3.065386e-06	1.738182e-06	2.442647e-06	18798
667631	-3.888989e-06	1.738188e-06	2.770968e-06	21097
452521	-3.065690e-06	1.738263e-06	2.442207e-06	18798
659375	-3.889340e-06	1.738291e-06	2.770410e-06	21097
444265	-3.065994e-06	1.738345e-06	2.441768e-06	18798
651119	-3.889691e-06	1.738395e-06	2.769853e-06	21097
436009	-3.066298e-06	1.738426e-06	2.441328e-06	18798
642863	-3.890042e-06	1.738498e-06	2.769295e-06	21097
427753	-3.066601e-06	1.738507e-06	2.440889e-06	18798
419497	-3.066905e-06	1.738589e-06	2.440449e-06	18798
634607	-3.890393e-06	1.738601e-06	2.768738e-06	21097
411241	-3.067209e-06	1.738670e-06	2.440009e-06	18798
626351	-3.890743e-06	1.738705e-06	2.768180e-06	21097
402985	-3.067512e-06	1.738752e-06	2.439570e-06	18798
618095	-3.891094e-06	1.738808e-06	2.767622e-06	21097
394729	-3.067816e-06	1.738833e-06	2.439130e-06	18798
609839	-3.891444e-06	1.738911e-06	2.767064e-06	21097
386473	-3.068119e-06	1.738915e-06	2.438690e-06	18798
378217	-3.068423e-06	1.738996e-06	2.438250e-06	18798
601583	-3.891795e-06	1.739015e-06	2.766506e-06	21097
369961	-3.068726e-06	1.739078e-06	2.437811e-06	18798
593327	-3.892145e-06	1.739118e-06	2.765948e-06	21097
361705	-3.069029e-06	1.739159e-06	2.437371e-06	18798
585071	-3.892495e-06	1.739221e-06	2.765390e-06	21097
353449	-3.069332e-06	1.739241e-06	2.436931e-06	18798
345193	-3.069636e-06	1.739322e-06	2.436491e-06	18798
576815	-3.892846e-06	1.739325e-06	2.764833e-06	21097
336937	-3.069938e-06	1.739404e-06	2.436051e-06	18798
568559	-3.893196e-06	1.739428e-06	2.764274e-06	21097
328681	-3.070242e-06	1.739485e-06	2.435611e-06	18798
560303	-3.893545e-06	1.739532e-06	2.763716e-06	21097
320425	-3.070544e-06	1.739567e-06	2.435170e-06	18798
552047	-3.893896e-06	1.739635e-06	2.763158e-06	21097
312169	-3.070847e-06	1.739648e-06	2.434730e-06	18798
303913	-3.071150e-06	1.739730e-06	2.434290e-06	18798
543791	-3.894245e-06	1.739739e-06	2.762600e-06	21097
295657	-3.071453e-06	1.739811e-06	2.433850e-06	18798
535535	-3.894595e-06	1.739842e-06	2.762042e-06	21097
287401	-3.071755e-06	1.739893e-06	2.433409e-06	18798
527279	-3.894945e-06	1.739945e-06	2.761483e-06	21097
279145	-3.072058e-06	1.739974e-06	2.432969e-06	18798
519023	-3.895294e-06	1.740049e-06	2.760925e-06	21097
270889	-3.072360e-06	1.740056e-06	2.432529e-06	18798
262633	-3.072663e-06	1.740138e-06	2.432088e-06	18798
510767	-3.895644e-06	1.740152e-06	2.760366e-06	21097
254377	-3.072965e-06	1.740219e-06	2.431648e-06	18798
502511	-3.895993e-06	1.740256e-06	2.759808e-06	21097
246121	-3.073268e-06	1.740301e-06	2.431208e-06	18798
494255	-3.896343e-06	1.740359e-06	2.759250e-06	21097
237865	-3.073570e-06	1.740382e-06	2.430767e-06	18798
485999	-3.896692e-06	1.740463e-06	2.758691e-06	21097
229609	-3.073872e-06	1.740464e-06	2.430326e-06	18798
221353	-3.074174e-06	1.740546e-06	2.429886e-06	18798
477743	-3.897041e-06	1.740566e-06	2.758132e-06	21097
213097	-3.074476e-06	1.740627e-06	2.429445e-06	18798
469487	-3.897390e-06	1.740670e-06	2.757574e-06	21097
204841	-3.074778e-06	1.740709e-06	2.429004e-06	18798
461231	-3.897740e-06	1.740773e-06	2.757015e-06	21097
196585	-3.075080e-06	1.740791e-06	2.428563e-06	18798
188329	-3.075382e-06	1.740872e-06	2.428123e-06	18798
452975	-3.898088e-06	1.740877e-06	2.756456e-06	21097
180073	-3.075684e-06	1.740954e-06	2.427682e-06	18798
444719	-3.898437e-06	1.740980e-06	2.755897e-06	21097
171817	-3.075985e-06	1.741036e-06	2.427241e-06	18798
436463	-3.898786e-06	1.741084e-06	2.755338e-06	21097
163561	-3.076287e-06	1.741117e-06	2.426800e-06	18798
428207	-3.899135e-06	1.741187e-06	2.754779e-06	21097
155305	-3.076589e-06	1.741199e-06	2.426359e-06	18798
147049	-3.076890e-06	1.741281e-06	2.425918e-06	18798
419951	-3.899484e-06	1.741291e-06	2.754221e-06	21097
138793	-3.077192e-06	1.741362e-06	2.425477e-06	18798
411695	-3.899832e-06	1.741395e-06	2.753661e-06	21097
130537	-3.077493e-06	1.741444e-06	2.425036e-06	18798
403439	-3.900180e-06	1.741498e-06	2.753102e-06	21097
122281	-3.077794e-06	1.741526e-06	2.424595e-06	18798
395183	-3.900529e-06	1.741602e-06	2.752543e-06	21097
114025	-3.078096e-06	1.741608e-06	2.424154e-06	18798
105769	-3.078397e-06	1.741689e-06	2.423712e-06	18798
386927	-3.900877e-06	1.741705e-06	2.751984e-06	21097
97513	-3.078698e-06	1.741771e-06	2.423271e-06	18798
378671	-3.901225e-06	1.741809e-06	2.751425e-06	21097
89257	-3.078999e-06	1.741853e-06	2.422830e-06	18798
370415	-3.901573e-06	1.741913e-06	2.750866e-06	21097
81001	-3.079300e-06	1.741935e-06	2.422388e-06	18798
362159	-3.901921e-06	1.742016e-06	2.750306e-06	21097
72745	-3.079601e-06	1.742016e-06	2.421947e-06	18798
64489	-3.079902e-06	1.742098e-06	2.421505e-06	18798
353903	-3.902269e-06	1.742120e-06	2.749747e-06	21097
56233	-3.080203e-06	1.742180e-06	2.421064e-06	18798
345647	-3.902617e-06	1.742224e-06	2.749187e-06	21097
47977	-3.080504e-06	1.742262e-06	2.420622e-06	18798
337391	-3.902965e-06	1.742327e-06	2.748628e-06	21097
39721	-3.080804e-06	1.742344e-06	2.420181e-06	18798
31465	-3.081105e-06	1.742425e-06	2.419739e-06	18798
329135	-3.903313e-06	1.742431e-06	2.748068e-06	21097
23209	-3.081405e-06	1.742507e-06	2.419298e-06	18798
320879	-3.903660e-06	1.742535e-06	2.747509e-06	21097
14953	-3.081706e-06	1.742589e-06	2.418856e-06	18798
312623	-3.904008e-06	1.742638e-06	2.746949e-06	21097
6697	-3.082006e-06	1.742671e-06	2.418414e-06	18798
304367	-3.904355e-06	1.742742e-06	2.746390e-06	21097
296111	-3.904703e-06	1.742846e-06	2.745830e-06	21097
287855	-3.905050e-06	1.742950e-06	2.745270e-06	21097
279599	-3.905397e-06	1.743053e-06	2.744710e-06	21097
271343	-3.905744e-06	1.743157e-06	2.744150e-06	21097
263087	-3.906091e-06	1.743261e-06	2.743591e-06	21097
254831	-3.906438e-06	1.743364e-06	2.743031e-06	21097
246575	-3.906785e-06	1.743468e-06	2.742471e-06	21097
238319	-3.907132e-06	1.743572e-06	2.741911e-06	21097
230063	-3.907478e-06	1.743676e-06	2.741350e-06	21097
221807	-3.907825e-06	1.743780e-06	2.740790e-06	21097
213551	-3.908171e-06	1.743883e-06	2.740230e-06	21097
205295	-3.908518e-06	1.743987e-06	2.739670e-06	21097
197039	-3.908865e-06	1.744091e-06	2.739109e-06	21097
188783	-3.909211e-06	1.744195e-06	2.738549e-06	21097
180527	-3.909557e-06	1.744299e-06	2.737989e-06	21097
172271	-3.909903e-06	1.744403e-06	2.737428e-06	21097
164015	-3.910249e-06	1.744506e-06	2.736868e-06	21097
155759	-3.910595e-06	1.744610e-06	2.736307e-06	21097
147503	-3.910941e-06	1.744714e-06	2.735746e-06	21097
139247	-3.911287e-06	1.744818e-06	2.735186e-06	21097
130991	-3.911633e-06	1.744922e-06	2.734625e-06	21097
122735	-3.911978e-06	1.745026e-06	2.734064e-06	21097
114479	-3.912324e-06	1.745130e-06	2.733503e-06	21097
106223	-3.912669e-06	1.745234e-06	2.732942e-06	21097
97967	-3.913015e-06	1.745338e-06	2.732382e-06	21097
89711	-3.913360e-06	1.745442e-06	2.731821e-06	21097
81455	-3.913705e-06	1.745546e-06	2.731260e-06	21097
73199	-3.914050e-06	1.745650e-06	2.730698e-06	21097
64943	-3.914395e-06	1.745754e-06	2.730137e-06	21097
56687	-3.914740e-06	1.745858e-06	2.729576e-06	21097
48431	-3.915085e-06	1.745962e-06	2.729015e-06	21097
40175	-3.915430e-06	1.746066e-06	2.728454e-06	21097
31919	-3.915774e-06	1.746170e-06	2.727892e-06	21097
23663	-3.916119e-06	1.746273e-06	2.727331e-06	21097
15407	-3.916464e-06	1.746378e-06	2.726770e-06	21097
7151	-3.916808e-06	1.746482e-06	2.726208e-06	21097
1154447	-2.925090e-06	1.758461e-06	2.473074e-06	19570
1146191	-2.925398e-06	1.758539e-06	2.472655e-06	19570
1154400	-2.532036e-06	1.758610e-06	2.308872e-06	19320
1137935	-2.925706e-06	1.758617e-06	2.472235e-06	19570
1146144	-2.532320e-06	1.758677e-06	2.308509e-06	19320
1129679	-2.926013e-06	1.758694e-06	2.471816e-06	19570
1137888	-2.532604e-06	1.758744e-06	2.308146e-06	19320
1121423	-2.926321e-06	1.758772e-06	2.471396e-06	19570
1129632	-2.532888e-06	1.758811e-06	2.307783e-06	19320
1113167	-2.926628e-06	1.758850e-06	2.470977e-06	19570
1121376	-2.533172e-06	1.758878e-06	2.307420e-06	19320
1104911	-2.926936e-06	1.758927e-06	2.470557e-06	19570
1113120	-2.533456e-06	1.758946e-06	2.307057e-06	19320
1096655	-2.927243e-06	1.759005e-06	2.470138e-06	19570
1104864	-2.533740e-06	1.759013e-06	2.306694e-06	19320
1096608	-2.534024e-06	1.759080e-06	2.306331e-06	19320
1088399	-2.927551e-06	1.759083e-06	2.469718e-06	19570
1088352	-2.534308e-06	1.759147e-06	2.305967e-06	19320
1080143	-2.927858e-06	1.759161e-06	2.469299e-06	19570
1080096	-2.534592e-06	1.759215e-06	2.305604e-06	19320
1071887	-2.928165e-06	1.759238e-06	2.468879e-06	19570
1071840	-2.534876e-06	1.759282e-06	2.305241e-06	19320
1063631	-2.928472e-06	1.759316e-06	2.468459e-06	19570
1063584	-2.535159e-06	1.759349e-06	2.304877e-06	19320
1055375	-2.928779e-06	1.759394e-06	2.468039e-06	19570
1055328	-2.535443e-06	1.759417e-06	2.304514e-06	19320
1047119	-2.929086e-06	1.759472e-06	2.467620e-06	19570
1047072	-2.535726e-06	1.759484e-06	2.304151e-06	19320
1038863	-2.929393e-06	1.759549e-06	2.467200e-06	19570
1038816	-2.536010e-06	1.759551e-06	2.303787e-06	19320
1030560	-2.536294e-06	1.759618e-06	2.303424e-06	19320
1030607	-2.929700e-06	1.759627e-06	2.466780e-06	19570
1022304	-2.536577e-06	1.759686e-06	2.303060e-06	19320
1022351	-2.930007e-06	1.759705e-06	2.466360e-06	19570
1014048	-2.536860e-06	1.759753e-06	2.302696e-06	19320
1014095	-2.930314e-06	1.759783e-06	2.465940e-06	19570
1005792	-2.537144e-06	1.759821e-06	2.302333e-06	19320
1005839	-2.930621e-06	1.759861e-06	2.465520e-06	19570
997536	-2.537427e-06	1.759888e-06	2.301969e-06	19320
997583	-2.930927e-06	1.759938e-06	2.465100e-06	19570
989280	-2.537710e-06	1.759955e-06	2.301605e-06	19320
989327	-2.931234e-06	1.760016e-06	2.464679e-06	19570
981024	-2.537993e-06	1.760023e-06	2.301242e-06	19320
972768	-2.538276e-06	1.760090e-06	2.300878e-06	19320
981071	-2.931540e-06	1.760094e-06	2.464259e-06	19570
964512	-2.538559e-06	1.760157e-06	2.300514e-06	19320
972815	-2.931847e-06	1.760172e-06	2.463839e-06	19570
956256	-2.538842e-06	1.760225e-06	2.300150e-06	19320
964559	-2.932153e-06	1.760250e-06	2.463419e-06	19570
948000	-2.539125e-06	1.760292e-06	2.299786e-06	19320
956303	-2.932459e-06	1.760328e-06	2.462999e-06	19570
939744	-2.539408e-06	1.760360e-06	2.299422e-06	19320
948047	-2.932766e-06	1.760405e-06	2.462578e-06	19570
931488	-2.539691e-06	1.760427e-06	2.299058e-06	19320
939791	-2.933072e-06	1.760483e-06	2.462158e-06	19570
923232	-2.539974e-06	1.760494e-06	2.298694e-06	19320
931535	-2.933378e-06	1.760561e-06	2.461737e-06	19570
914976	-2.540256e-06	1.760562e-06	2.298330e-06	19320
906720	-2.540539e-06	1.760629e-06	2.297966e-06	19320
923279	-2.933684e-06	1.760639e-06	2.461317e-06	19570
898464	-2.540822e-06	1.760697e-06	2.297602e-06	19320
915023	-2.933990e-06	1.760717e-06	2.460896e-06	19570
890208	-2.541104e-06	1.760764e-06	2.297238e-06	19320
906767	-2.934296e-06	1.760795e-06	2.460476e-06	19570
881952	-2.541387e-06	1.760832e-06	2.296874e-06	19320
898511	-2.934602e-06	1.760873e-06	2.460055e-06	19570
873696	-2.541669e-06	1.760899e-06	2.296509e-06	19320
890255	-2.934908e-06	1.760951e-06	2.459635e-06	19570
865440	-2.541952e-06	1.760966e-06	2.296145e-06	19320
881999	-2.935214e-06	1.761029e-06	2.459214e-06	19570
857184	-2.542234e-06	1.761034e-06	2.295781e-06	19320
848928	-2.542516e-06	1.761102e-06	2.295416e-06	19320
873743	-2.935519e-06	1.761107e-06	2.458793e-06	19570
840672	-2.542798e-06	1.761169e-06	2.295052e-06	19320
865487	-2.935825e-06	1.761184e-06	2.458372e-06	19570
832416	-2.543081e-06	1.761236e-06	2.294687e-06	19320
857231	-2.936131e-06	1.761262e-06	2.457951e-06	19570
824160	-2.543363e-06	1.761304e-06	2.294323e-06	19320
848975	-2.936436e-06	1.761340e-06	2.457530e-06	19570
815904	-2.543645e-06	1.761372e-06	2.293958e-06	19320
840719	-2.936742e-06	1.761418e-06	2.457110e-06	19570
807648	-2.543927e-06	1.761439e-06	2.293594e-06	19320
832463	-2.937047e-06	1.761496e-06	2.456688e-06	19570
799392	-2.544209e-06	1.761507e-06	2.293229e-06	19320
791136	-2.544491e-06	1.761574e-06	2.292864e-06	19320
824207	-2.937353e-06	1.761574e-06	2.456268e-06	19570
782880	-2.544773e-06	1.761642e-06	2.292500e-06	19320
815951	-2.937658e-06	1.761652e-06	2.455846e-06	19570
774624	-2.545054e-06	1.761709e-06	2.292135e-06	19320
807695	-2.937963e-06	1.761730e-06	2.455425e-06	19570
766368	-2.545336e-06	1.761777e-06	2.291770e-06	19320
799439	-2.938268e-06	1.761808e-06	2.455004e-06	19570
758112	-2.545618e-06	1.761844e-06	2.291405e-06	19320
791183	-2.938573e-06	1.761886e-06	2.454583e-06	19570
749856	-2.545899e-06	1.761912e-06	2.291040e-06	19320
782927	-2.938878e-06	1.761964e-06	2.454162e-06	19570
741600	-2.546181e-06	1.761980e-06	2.290675e-06	19320
774671	-2.939183e-06	1.762042e-06	2.453741e-06	19570
733344	-2.546463e-06	1.762047e-06	2.290310e-06	19320
725088	-2.546744e-06	1.762115e-06	2.289945e-06	19320
766415	-2.939488e-06	1.762120e-06	2.453319e-06	19570
716832	-2.547025e-06	1.762182e-06	2.289580e-06	19320
758159	-2.939793e-06	1.762199e-06	2.452898e-06	19570
708576	-2.547307e-06	1.762250e-06	2.289215e-06	19320
749903	-2.940098e-06	1.762276e-06	2.452476e-06	19570
700320	-2.547588e-06	1.762318e-06	2.288850e-06	19320
741647	-2.940403e-06	1.762355e-06	2.452055e-06	19570
692064	-2.547869e-06	1.762385e-06	2.288485e-06	19320
733391	-2.940707e-06	1.762433e-06	2.451633e-06	19570
683808	-2.548151e-06	1.762453e-06	2.288120e-06	19320
725135	-2.941012e-06	1.762511e-06	2.451212e-06	19570
675552	-2.548432e-06	1.762520e-06	2.287754e-06	19320
667296	-2.548713e-06	1.762588e-06	2.287389e-06	19320
716879	-2.941316e-06	1.762589e-06	2.450790e-06	19570
659040	-2.548994e-06	1.762656e-06	2.287024e-06	19320
708623	-2.941621e-06	1.762667e-06	2.450369e-06	19570
650784	-2.549275e-06	1.762723e-06	2.286658e-06	19320
700367	-2.941925e-06	1.762745e-06	2.449947e-06	19570
642528	-2.549556e-06	1.762791e-06	2.286293e-06	19320
692111	-2.942229e-06	1.762823e-06	2.449525e-06	19570
634272	-2.549837e-06	1.762859e-06	2.285928e-06	19320
683855	-2.942534e-06	1.762901e-06	2.449103e-06	19570
626016	-2.550117e-06	1.762926e-06	2.285562e-06	19320
675599	-2.942838e-06	1.762979e-06	2.448682e-06	19570
617760	-2.550398e-06	1.762994e-06	2.285197e-06	19320
667343	-2.943142e-06	1.763058e-06	2.448260e-06	19570
609504	-2.550679e-06	1.763062e-06	2.284831e-06	19320
601248	-2.550960e-06	1.763130e-06	2.284465e-06	19320
659087	-2.943446e-06	1.763136e-06	2.447838e-06	19570
592992	-2.551240e-06	1.763197e-06	2.284100e-06	19320
650831	-2.943750e-06	1.763214e-06	2.447416e-06	19570
584736	-2.551521e-06	1.763265e-06	2.283734e-06	19320
642575	-2.944054e-06	1.763292e-06	2.446994e-06	19570
576480	-2.551801e-06	1.763333e-06	2.283368e-06	19320
634319	-2.944358e-06	1.763370e-06	2.446572e-06	19570
568224	-2.552082e-06	1.763401e-06	2.283002e-06	19320
626063	-2.944662e-06	1.763448e-06	2.446150e-06	19570
559968	-2.552362e-06	1.763468e-06	2.282637e-06	19320
617807	-2.944966e-06	1.763527e-06	2.445728e-06	19570
551712	-2.552642e-06	1.763536e-06	2.282271e-06	19320
543456	-2.552923e-06	1.763604e-06	2.281905e-06	19320
609551	-2.945269e-06	1.763605e-06	2.445306e-06	19570
535200	-2.553203e-06	1.763672e-06	2.281539e-06	19320
601295	-2.945573e-06	1.763683e-06	2.444884e-06	19570
526944	-2.553483e-06	1.763739e-06	2.281173e-06	19320
593039	-2.945877e-06	1.763761e-06	2.444461e-06	19570
518688	-2.553763e-06	1.763807e-06	2.280807e-06	19320
584783	-2.946180e-06	1.763839e-06	2.444039e-06	19570
510432	-2.554043e-06	1.763875e-06	2.280441e-06	19320
576527	-2.946484e-06	1.763918e-06	2.443617e-06	19570
502176	-2.554323e-06	1.763943e-06	2.280075e-06	19320
568271	-2.946787e-06	1.763996e-06	2.443194e-06	19570
493920	-2.554603e-06	1.764011e-06	2.279709e-06	19320
560015	-2.947090e-06	1.764074e-06	2.442772e-06	19570
485664	-2.554883e-06	1.764078e-06	2.279343e-06	19320
477408	-2.555163e-06	1.764146e-06	2.278976e-06	19320
551759	-2.947394e-06	1.764152e-06	2.442350e-06	19570
469152	-2.555443e-06	1.764214e-06	2.278610e-06	19320
543503	-2.947697e-06	1.764231e-06	2.441927e-06	19570
460896	-2.555722e-06	1.764282e-06	2.278244e-06	19320
535247	-2.948000e-06	1.764309e-06	2.441504e-06	19570
452640	-2.556002e-06	1.764350e-06	2.277877e-06	19320
526991	-2.948303e-06	1.764387e-06	2.441082e-06	19570
444384	-2.556282e-06	1.764418e-06	2.277511e-06	19320
518735	-2.948606e-06	1.764465e-06	2.440659e-06	19570
436128	-2.556561e-06	1.764485e-06	2.277145e-06	19320
510479	-2.948909e-06	1.764544e-06	2.440237e-06	19570
427872	-2.556841e-06	1.764553e-06	2.276778e-06	19320
419616	-2.557120e-06	1.764621e-06	2.276412e-06	19320
502223	-2.949212e-06	1.764622e-06	2.439814e-06	19570
411360	-2.557400e-06	1.764689e-06	2.276045e-06	19320
493967	-2.949515e-06	1.764700e-06	2.439391e-06	19570
403104	-2.557679e-06	1.764757e-06	2.275679e-06	19320
485711	-2.949818e-06	1.764779e-06	2.438968e-06	19570
394848	-2.557958e-06	1.764825e-06	2.275312e-06	19320
477455	-2.950120e-06	1.764857e-06	2.438545e-06	19570
386592	-2.558238e-06	1.764893e-06	2.274945e-06	19320
469199	-2.950423e-06	1.764935e-06	2.438122e-06	19570
378336	-2.558517e-06	1.764961e-06	2.274579e-06	19320
460943	-2.950726e-06	1.765014e-06	2.437700e-06	19570
370080	-2.558796e-06	1.765029e-06	2.274212e-06	19320
452687	-2.951028e-06	1.765092e-06	2.437277e-06	19570
361824	-2.559075e-06	1.765096e-06	2.273845e-06	19320
353568	-2.559354e-06	1.765164e-06	2.273478e-06	19320
444431	-2.951331e-06	1.765170e-06	2.436854e-06	19570
345312	-2.559633e-06	1.765232e-06	2.273111e-06	19320
436175	-2.951633e-06	1.765249e-06	2.436431e-06	19570
337056	-2.559912e-06	1.765300e-06	2.272745e-06	19320
427919	-2.951935e-06	1.765327e-06	2.436007e-06	19570
328800	-2.560191e-06	1.765368e-06	2.272378e-06	19320
419663	-2.952238e-06	1.765406e-06	2.435584e-06	19570
320544	-2.560470e-06	1.765436e-06	2.272011e-06	19320
411407	-2.952540e-06	1.765484e-06	2.435161e-06	19570
312288	-2.560748e-06	1.765504e-06	2.271644e-06	19320
403151	-2.952842e-06	1.765562e-06	2.434738e-06	19570
304032	-2.561027e-06	1.765572e-06	2.271277e-06	19320
295776	-2.561306e-06	1.765640e-06	2.270910e-06	19320
394895	-2.953144e-06	1.765641e-06	2.434315e-06	19570
287520	-2.561584e-06	1.765708e-06	2.270542e-06	19320
386639	-2.953446e-06	1.765719e-06	2.433891e-06	19570
279264	-2.561863e-06	1.765776e-06	2.270175e-06	19320
378383	-2.953748e-06	1.765797e-06	2.433468e-06	19570
271008	-2.562141e-06	1.765844e-06	2.269808e-06	19320
370127	-2.954050e-06	1.765876e-06	2.433045e-06	19570
262752	-2.562420e-06	1.765912e-06	2.269441e-06	19320
361871	-2.954352e-06	1.765954e-06	2.432621e-06	19570
254496	-2.562698e-06	1.765980e-06	2.269074e-06	19320
353615	-2.954653e-06	1.766033e-06	2.432198e-06	19570
246240	-2.562977e-06	1.766048e-06	2.268706e-06	19320
345359	-2.954955e-06	1.766111e-06	2.431774e-06	19570
237984	-2.563255e-06	1.766116e-06	2.268339e-06	19320
229728	-2.563533e-06	1.766184e-06	2.267971e-06	19320
337103	-2.955257e-06	1.766190e-06	2.431350e-06	19570
221472	-2.563811e-06	1.766252e-06	2.267604e-06	19320
328847	-2.955558e-06	1.766268e-06	2.430927e-06	19570
213216	-2.564089e-06	1.766321e-06	2.267236e-06	19320
320591	-2.955860e-06	1.766347e-06	2.430503e-06	19570
204960	-2.564367e-06	1.766389e-06	2.266869e-06	19320
312335	-2.956161e-06	1.766425e-06	2.430079e-06	19570
196704	-2.564645e-06	1.766457e-06	2.266501e-06	19320
304079	-2.956463e-06	1.766504e-06	2.429656e-06	19570
188448	-2.564923e-06	1.766525e-06	2.266134e-06	19320
295823	-2.956764e-06	1.766582e-06	2.429232e-06	19570
180192	-2.565201e-06	1.766593e-06	2.265766e-06	19320
287567	-2.957065e-06	1.766661e-06	2.428808e-06	19570
171936	-2.565479e-06	1.766661e-06	2.265398e-06	19320
163680	-2.565757e-06	1.766729e-06	2.265031e-06	19320
279311	-2.957366e-06	1.766739e-06	2.428384e-06	19570
155424	-2.566034e-06	1.766797e-06	2.264663e-06	19320
271055	-2.957668e-06	1.766818e-06	2.427960e-06	19570
147168	-2.566312e-06	1.766865e-06	2.264295e-06	19320
262799	-2.957969e-06	1.766896e-06	2.427536e-06	19570
138912	-2.566590e-06	1.766933e-06	2.263927e-06	19320
254543	-2.958270e-06	1.766975e-06	2.427112e-06	19570
130656	-2.566867e-06	1.767002e-06	2.263559e-06	19320
246287	-2.958571e-06	1.767053e-06	2.426688e-06	19570
122400	-2.567145e-06	1.767070e-06	2.263191e-06	19320
238031	-2.958872e-06	1.767132e-06	2.426264e-06	19570
114144	-2.567422e-06	1.767138e-06	2.262823e-06	19320
105888	-2.567700e-06	1.767206e-06	2.262455e-06	19320
229775	-2.959172e-06	1.767211e-06	2.425840e-06	19570
97632	-2.567977e-06	1.767274e-06	2.262087e-06	19320
221519	-2.959473e-06	1.767289e-06	2.425416e-06	19570
89376	-2.568254e-06	1.767342e-06	2.261719e-06	19320
213263	-2.959774e-06	1.767368e-06	2.424991e-06	19570
81120	-2.568531e-06	1.767411e-06	2.261351e-06	19320
205007	-2.960074e-06	1.767446e-06	2.424567e-06	19570
72864	-2.568809e-06	1.767479e-06	2.260983e-06	19320
196751	-2.960375e-06	1.767525e-06	2.424143e-06	19570
64608	-2.569086e-06	1.767547e-06	2.260615e-06	19320
188495	-2.960676e-06	1.767604e-06	2.423719e-06	19570
56352	-2.569363e-06	1.767615e-06	2.260246e-06	19320
180239	-2.960976e-06	1.767682e-06	2.423294e-06	19570
48096	-2.569640e-06	1.767683e-06	2.259878e-06	19320
39840	-2.569917e-06	1.767752e-06	2.259510e-06	19320
171983	-2.961276e-06	1.767761e-06	2.422870e-06	19570
31584	-2.570194e-06	1.767820e-06	2.259141e-06	19320
163727	-2.961577e-06	1.767839e-06	2.422445e-06	19570
23328	-2.570471e-06	1.767888e-06	2.258773e-06	19320
155471	-2.961877e-06	1.767918e-06	2.422021e-06	19570
15072	-2.570747e-06	1.767956e-06	2.258404e-06	19320
147215	-2.962177e-06	1.767997e-06	2.421596e-06	19570
6816	-2.571024e-06	1.768025e-06	2.258036e-06	19320
138959	-2.962477e-06	1.768075e-06	2.421172e-06	19570
130703	-2.962777e-06	1.768154e-06	2.420747e-06	19570
122447	-2.963077e-06	1.768233e-06	2.420322e-06	19570
114191	-2.963377e-06	1.768311e-06	2.419897e-06	19570
105935	-2.963677e-06	1.768390e-06	2.419473e-06	19570
97679	-2.963977e-06	1.768469e-06	2.419048e-06	19570
89423	-2.964277e-06	1.768547e-06	2.418623e-06	19570
81167	-2.964576e-06	1.768626e-06	2.418198e-06	19570
72911	-2.964876e-06	1.768705e-06	2.417773e-06	19570
64655	-2.965176e-06	1.768784e-06	2.417348e-06	19570
56399	-2.965475e-06	1.768862e-06	2.416923e-06	19570
48143	-2.965775e-06	1.768941e-06	2.416498e-06	19570
39887	-2.966074e-06	1.769020e-06	2.416073e-06	19570
31631	-2.966373e-06	1.769099e-06	2.415647e-06	19570
23375	-2.966673e-06	1.769177e-06	2.415222e-06	19570
15119	-2.966972e-06	1.769256e-06	2.414797e-06	19570
6863	-2.967271e-06	1.769335e-06	2.414372e-06	19570
1154399	-2.525030e-06	1.791064e-06	2.332451e-06	19319
1146143	-2.525316e-06	1.791131e-06	2.332089e-06	19319
1137887	-2.525603e-06	1.791198e-06	2.331727e-06	19319
1129631	-2.525890e-06	1.791265e-06	2.331365e-06	19319
1121375	-2.526176e-06	1.791332e-06	2.331003e-06	19319
1113119	-2.526463e-06	1.791399e-06	2.330641e-06	19319
1104863	-2.526749e-06	1.791466e-06	2.330279e-06	19319
1096607	-2.527036e-06	1.791533e-06	2.329917e-06	19319
1088351	-2.527322e-06	1.791600e-06	2.329555e-06	19319
1080095	-2.527609e-06	1.791667e-06	2.329193e-06	19319
1071839	-2.527895e-06	1.791734e-06	2.328830e-06	19319
1063583	-2.528181e-06	1.791801e-06	2.328468e-06	19319
1055327	-2.528467e-06	1.791869e-06	2.328105e-06	19319
1047071	-2.528753e-06	1.791936e-06	2.327743e-06	19319
1038815	-2.529039e-06	1.792003e-06	2.327381e-06	19319
1030559	-2.529325e-06	1.792070e-06	2.327018e-06	19319
1022303	-2.529611e-06	1.792137e-06	2.326655e-06	19319
1014047	-2.529897e-06	1.792204e-06	2.326293e-06	19319
1005791	-2.530183e-06	1.792271e-06	2.325930e-06	19319
997535	-2.530469e-06	1.792339e-06	2.325567e-06	19319
989279	-2.530754e-06	1.792406e-06	2.325205e-06	19319
981023	-2.531040e-06	1.792473e-06	2.324842e-06	19319
972767	-2.531326e-06	1.792540e-06	2.324479e-06	19319
964511	-2.531611e-06	1.792607e-06	2.324116e-06	19319
956255	-2.531897e-06	1.792674e-06	2.323754e-06	19319
947999	-2.532182e-06	1.792742e-06	2.323391e-06	19319
939743	-2.532468e-06	1.792809e-06	2.323028e-06	19319
931487	-2.532753e-06	1.792876e-06	2.322665e-06	19319
923231	-2.533038e-06	1.792943e-06	2.322302e-06	19319
914975	-2.533323e-06	1.793011e-06	2.321939e-06	19319
906719	-2.533608e-06	1.793078e-06	2.321575e-06	19319
898463	-2.533894e-06	1.793145e-06	2.321212e-06	19319
890207	-2.534179e-06	1.793212e-06	2.320849e-06	19319
881951	-2.534464e-06	1.793280e-06	2.320486e-06	19319
873695	-2.534749e-06	1.793347e-06	2.320123e-06	19319
865439	-2.535034e-06	1.793414e-06	2.319759e-06	19319
857183	-2.535319e-06	1.793481e-06	2.319396e-06	19319
848927	-2.535603e-06	1.793549e-06	2.319033e-06	19319
840671	-2.535888e-06	1.793616e-06	2.318669e-06	19319
832415	-2.536173e-06	1.793683e-06	2.318306e-06	19319
824159	-2.536457e-06	1.793751e-06	2.317942e-06	19319
815903	-2.536742e-06	1.793818e-06	2.317578e-06	19319
807647	-2.537027e-06	1.793885e-06	2.317215e-06	19319
799391	-2.537311e-06	1.793953e-06	2.316851e-06	19319
791135	-2.537595e-06	1.794020e-06	2.316488e-06	19319
782879	-2.537880e-06	1.794087e-06	2.316124e-06	19319
774623	-2.538164e-06	1.794155e-06	2.315760e-06	19319
766367	-2.538448e-06	1.794222e-06	2.315396e-06	19319
758111	-2.538733e-06	1.794290e-06	2.315032e-06	19319
749855	-2.539017e-06	1.794357e-06	2.314668e-06	19319
741599	-2.539301e-06	1.794424e-06	2.314305e-06	19319
733343	-2.539585e-06	1.794492e-06	2.313941e-06	19319
725087	-2.539869e-06	1.794559e-06	2.313576e-06	19319
716831	-2.540153e-06	1.794627e-06	2.313212e-06	19319
708575	-2.540437e-06	1.794694e-06	2.312848e-06	19319
700319	-2.540721e-06	1.794761e-06	2.312484e-06	19319
692063	-2.541005e-06	1.794829e-06	2.312120e-06	19319
683807	-2.541288e-06	1.794896e-06	2.311756e-06	19319
675551	-2.541572e-06	1.794964e-06	2.311391e-06	19319
667295	-2.541855e-06	1.795031e-06	2.311027e-06	19319
659039	-2.542139e-06	1.795099e-06	2.310663e-06	19319
650783	-2.542423e-06	1.795166e-06	2.310298e-06	19319
642527	-2.542706e-06	1.795234e-06	2.309934e-06	19319
634271	-2.542989e-06	1.795301e-06	2.309570e-06	19319
626015	-2.543273e-06	1.795369e-06	2.309205e-06	19319
617759	-2.543556e-06	1.795436e-06	2.308841e-06	19319
609503	-2.543839e-06	1.795504e-06	2.308476e-06	19319
601247	-2.544122e-06	1.795571e-06	2.308111e-06	19319
592991	-2.544406e-06	1.795639e-06	2.307747e-06	19319
584735	-2.544689e-06	1.795706e-06	2.307382e-06	19319
576479	-2.544972e-06	1.795774e-06	2.307017e-06	19319
568223	-2.545255e-06	1.795842e-06	2.306653e-06	19319
559967	-2.545538e-06	1.795909e-06	2.306288e-06	19319
551711	-2.545821e-06	1.795977e-06	2.305923e-06	19319
543455	-2.546103e-06	1.796044e-06	2.305558e-06	19319
535199	-2.546386e-06	1.796112e-06	2.305193e-06	19319
526943	-2.546669e-06	1.796179e-06	2.304828e-06	19319
518687	-2.546951e-06	1.796247e-06	2.304463e-06	19319
510431	-2.547234e-06	1.796315e-06	2.304098e-06	19319
502175	-2.547516e-06	1.796382e-06	2.303733e-06	19319
493919	-2.547799e-06	1.796450e-06	2.303367e-06	19319
485663	-2.548081e-06	1.796517e-06	2.303002e-06	19319
477407	-2.548364e-06	1.796585e-06	2.302637e-06	19319
469151	-2.548646e-06	1.796653e-06	2.302272e-06	19319
460895	-2.548928e-06	1.796720e-06	2.301907e-06	19319
452639	-2.549211e-06	1.796788e-06	2.301541e-06	19319
444383	-2.549493e-06	1.796856e-06	2.301176e-06	19319
436127	-2.549775e-06	1.796923e-06	2.300810e-06	19319
427871	-2.550057e-06	1.796991e-06	2.300445e-06	19319
419615	-2.550339e-06	1.797059e-06	2.300079e-06	19319
411359	-2.550621e-06	1.797127e-06	2.299714e-06	19319
403103	-2.550903e-06	1.797194e-06	2.299348e-06	19319
394847	-2.551184e-06	1.797262e-06	2.298983e-06	19319
386591	-2.551466e-06	1.797330e-06	2.298617e-06	19319
378335	-2.551748e-06	1.797397e-06	2.298251e-06	19319
370079	-2.552030e-06	1.797465e-06	2.297885e-06	19319
361823	-2.552311e-06	1.797533e-06	2.297520e-06	19319
353567	-2.552593e-06	1.797601e-06	2.297154e-06	19319
345311	-2.552874e-06	1.797668e-06	2.296788e-06	19319
337055	-2.553156e-06	1.797736e-06	2.296422e-06	19319
328799	-2.553437e-06	1.797804e-06	2.296056e-06	19319
320543	-2.553719e-06	1.797872e-06	2.295690e-06	19319
312287	-2.554000e-06	1.797940e-06	2.295324e-06	19319
304031	-2.554281e-06	1.798007e-06	2.294958e-06	19319
295775	-2.554562e-06	1.798075e-06	2.294592e-06	19319
287519	-2.554843e-06	1.798143e-06	2.294225e-06	19319
279263	-2.555124e-06	1.798211e-06	2.293859e-06	19319
271007	-2.555405e-06	1.798279e-06	2.293493e-06	19319
262751	-2.555686e-06	1.798346e-06	2.293127e-06	19319
254495	-2.555967e-06	1.798414e-06	2.292760e-06	19319
246239	-2.556248e-06	1.798482e-06	2.292394e-06	19319
237983	-2.556529e-06	1.798550e-06	2.292028e-06	19319
229727	-2.556810e-06	1.798618e-06	2.291661e-06	19319
221471	-2.557091e-06	1.798686e-06	2.291295e-06	19319
213215	-2.557371e-06	1.798754e-06	2.290928e-06	19319
204959	-2.557652e-06	1.798822e-06	2.290561e-06	19319
196703	-2.557932e-06	1.798889e-06	2.290195e-06	19319
188447	-2.558213e-06	1.798957e-06	2.289828e-06	19319
180191	-2.558493e-06	1.799025e-06	2.289462e-06	19319
171935	-2.558774e-06	1.799093e-06	2.289095e-06	19319
163679	-2.559054e-06	1.799161e-06	2.288728e-06	19319
155423	-2.559334e-06	1.799229e-06	2.288361e-06	19319
147167	-2.559614e-06	1.799297e-06	2.287994e-06	19319
138911	-2.559894e-06	1.799365e-06	2.287628e-06	19319
130655	-2.560174e-06	1.799433e-06	2.287261e-06	19319
122399	-2.560455e-06	1.799501e-06	2.286894e-06	19319
114143	-2.560734e-06	1.799569e-06	2.286527e-06	19319
105887	-2.561014e-06	1.799637e-06	2.286160e-06	19319
97631	-2.561294e-06	1.799705e-06	2.285793e-06	19319
89375	-2.561574e-06	1.799773e-06	2.285425e-06	19319
81119	-2.561854e-06	1.799841e-06	2.285058e-06	19319
72863	-2.562134e-06	1.799909e-06	2.284691e-06	19319
64607	-2.562413e-06	1.799977e-06	2.284324e-06	19319
56351	-2.562693e-06	1.800045e-06	2.283957e-06	19319
48095	-2.562972e-06	1.800113e-06	2.283589e-06	19319
39839	-2.563252e-06	1.800181e-06	2.283222e-06	19319
31583	-2.563531e-06	1.800249e-06	2.282854e-06	19319
23327	-2.563811e-06	1.800317e-06	2.282487e-06	19319
15071	-2.564090e-06	1.800385e-06	2.282119e-06	19319
6815	-2.564369e-06	1.800453e-06	2.281752e-06	19319
1153332	-3.846490e-06	1.851190e-06	2.906154e-06	14954
1145076	-3.846858e-06	1.851292e-06	2.905602e-06	14954
1136820	-3.847225e-06	1.851394e-06	2.905051e-06	14954
1128564	-3.847593e-06	1.851497e-06	2.904499e-06	14954
1120308	-3.847960e-06	1.851599e-06	2.903948e-06	14954
1112052	-3.848327e-06	1.851701e-06	2.903396e-06	14954
1103796	-3.848694e-06	1.851803e-06	2.902844e-06	14954
1095540	-3.849061e-06	1.851905e-06	2.902293e-06	14954
1087284	-3.849428e-06	1.852008e-06	2.901741e-06	14954
1079028	-3.849794e-06	1.852110e-06	2.901189e-06	14954
1070772	-3.850161e-06	1.852212e-06	2.900637e-06	14954
1062516	-3.850527e-06	1.852314e-06	2.900085e-06	14954
1054260	-3.850894e-06	1.852417e-06	2.899533e-06	14954
1046004	-3.851260e-06	1.852519e-06	2.898981e-06	14954
1037748	-3.851627e-06	1.852621e-06	2.898429e-06	14954
1029492	-3.851993e-06	1.852723e-06	2.897877e-06	14954
1021236	-3.852359e-06	1.852826e-06	2.897325e-06	14954
1012980	-3.852725e-06	1.852928e-06	2.896772e-06	14954
1004724	-3.853091e-06	1.853030e-06	2.896220e-06	14954
996468	-3.853457e-06	1.853133e-06	2.895668e-06	14954
988212	-3.853823e-06	1.853235e-06	2.895115e-06	14954
979956	-3.854189e-06	1.853337e-06	2.894563e-06	14954
971700	-3.854555e-06	1.853440e-06	2.894010e-06	14954
963444	-3.854920e-06	1.853542e-06	2.893458e-06	14954
955188	-3.855285e-06	1.853645e-06	2.892905e-06	14954
946932	-3.855651e-06	1.853747e-06	2.892353e-06	14954
938676	-3.856016e-06	1.853849e-06	2.891800e-06	14954
930420	-3.856382e-06	1.853952e-06	2.891247e-06	14954
922164	-3.856747e-06	1.854054e-06	2.890694e-06	14954
913908	-3.857112e-06	1.854157e-06	2.890141e-06	14954
905652	-3.857477e-06	1.854259e-06	2.889588e-06	14954
897396	-3.857842e-06	1.854361e-06	2.889035e-06	14954
889140	-3.858207e-06	1.854464e-06	2.888482e-06	14954
880884	-3.858571e-06	1.854566e-06	2.887929e-06	14954
872628	-3.858936e-06	1.854669e-06	2.887376e-06	14954
864372	-3.859301e-06	1.854771e-06	2.886823e-06	14954
856116	-3.859665e-06	1.854874e-06	2.886270e-06	14954
847860	-3.860030e-06	1.854976e-06	2.885716e-06	14954
839604	-3.860394e-06	1.855079e-06	2.885163e-06	14954
831348	-3.860758e-06	1.855181e-06	2.884610e-06	14954
823092	-3.861122e-06	1.855284e-06	2.884056e-06	14954
814836	-3.861487e-06	1.855387e-06	2.883502e-06	14954
806580	-3.861850e-06	1.855489e-06	2.882949e-06	14954
798324	-3.862215e-06	1.855592e-06	2.882395e-06	14954
790068	-3.862579e-06	1.855694e-06	2.881842e-06	14954
781812	-3.862942e-06	1.855797e-06	2.881288e-06	14954
773556	-3.863306e-06	1.855899e-06	2.880734e-06	14954
765300	-3.863669e-06	1.856002e-06	2.880180e-06	14954
757044	-3.864033e-06	1.856105e-06	2.879626e-06	14954
748788	-3.864397e-06	1.856207e-06	2.879073e-06	14954
740532	-3.864760e-06	1.856310e-06	2.878518e-06	14954
732276	-3.865123e-06	1.856413e-06	2.877965e-06	14954
724020	-3.865486e-06	1.856515e-06	2.877410e-06	14954
715764	-3.865850e-06	1.856618e-06	2.876856e-06	14954
707508	-3.866212e-06	1.856721e-06	2.876302e-06	14954
699252	-3.866576e-06	1.856823e-06	2.875748e-06	14954
690996	-3.866939e-06	1.856926e-06	2.875194e-06	14954
682740	-3.867301e-06	1.857029e-06	2.874639e-06	14954
674484	-3.867664e-06	1.857131e-06	2.874085e-06	14954
666228	-3.868026e-06	1.857234e-06	2.873530e-06	14954
657972	-3.868389e-06	1.857337e-06	2.872976e-06	14954
649716	-3.868752e-06	1.857440e-06	2.872421e-06	14954
641460	-3.869114e-06	1.857542e-06	2.871867e-06	14954
1154681	-4.428428e-06	1.857596e-06	3.082476e-06	20834
633204	-3.869476e-06	1.857645e-06	2.871312e-06	14954
1146425	-4.428821e-06	1.857713e-06	3.081841e-06	20834
624948	-3.869839e-06	1.857748e-06	2.870757e-06	14954
1138169	-4.429213e-06	1.857831e-06	3.081207e-06	20834
616692	-3.870201e-06	1.857851e-06	2.870202e-06	14954
1129913	-4.429606e-06	1.857948e-06	3.080572e-06	20834
608436	-3.870563e-06	1.857953e-06	2.869648e-06	14954
600180	-3.870925e-06	1.858056e-06	2.869093e-06	14954
1121657	-4.429998e-06	1.858066e-06	3.079937e-06	20834
591924	-3.871286e-06	1.858159e-06	2.868538e-06	14954
1113401	-4.430390e-06	1.858184e-06	3.079301e-06	20834
583668	-3.871648e-06	1.858262e-06	2.867983e-06	14954
1105145	-4.430782e-06	1.858301e-06	3.078666e-06	20834
575412	-3.872010e-06	1.858365e-06	2.867428e-06	14954
1096889	-4.431174e-06	1.858419e-06	3.078031e-06	20834
567156	-3.872372e-06	1.858468e-06	2.866873e-06	14954
1088633	-4.431566e-06	1.858537e-06	3.077396e-06	20834
558900	-3.872733e-06	1.858570e-06	2.866318e-06	14954
1080377	-4.431958e-06	1.858655e-06	3.076761e-06	20834
550644	-3.873095e-06	1.858673e-06	2.865763e-06	14954
1072121	-4.432349e-06	1.858772e-06	3.076125e-06	20834
542388	-3.873456e-06	1.858776e-06	2.865207e-06	14954
534132	-3.873818e-06	1.858879e-06	2.864652e-06	14954
1063865	-4.432741e-06	1.858890e-06	3.075490e-06	20834
525876	-3.874179e-06	1.858982e-06	2.864097e-06	14954
1055609	-4.433132e-06	1.859008e-06	3.074854e-06	20834
517620	-3.874540e-06	1.859085e-06	2.863541e-06	14954
1047353	-4.433524e-06	1.859126e-06	3.074219e-06	20834
509364	-3.874901e-06	1.859188e-06	2.862986e-06	14954
1039097	-4.433915e-06	1.859243e-06	3.073583e-06	20834
501108	-3.875262e-06	1.859291e-06	2.862430e-06	14954
1030841	-4.434306e-06	1.859361e-06	3.072947e-06	20834
492852	-3.875623e-06	1.859394e-06	2.861875e-06	14954
1022585	-4.434697e-06	1.859479e-06	3.072312e-06	20834
484596	-3.875984e-06	1.859496e-06	2.861319e-06	14954
1014329	-4.435088e-06	1.859597e-06	3.071676e-06	20834
476340	-3.876345e-06	1.859599e-06	2.860764e-06	14954
468084	-3.876705e-06	1.859702e-06	2.860208e-06	14954
1006073	-4.435479e-06	1.859715e-06	3.071040e-06	20834
459828	-3.877066e-06	1.859805e-06	2.859652e-06	14954
997817	-4.435870e-06	1.859832e-06	3.070404e-06	20834
1153672	-4.687602e-06	1.859841e-06	3.210890e-06	16234
451572	-3.877426e-06	1.859908e-06	2.859096e-06	14954
989561	-4.436260e-06	1.859950e-06	3.069768e-06	20834
1145416	-4.688012e-06	1.859965e-06	3.210218e-06	16234
443316	-3.877787e-06	1.860011e-06	2.858540e-06	14954
981305	-4.436651e-06	1.860068e-06	3.069132e-06	20834
1137160	-4.688423e-06	1.860090e-06	3.209545e-06	16234
435060	-3.878147e-06	1.860114e-06	2.857985e-06	14954
973049	-4.437042e-06	1.860186e-06	3.068496e-06	20834
1128904	-4.688834e-06	1.860214e-06	3.208873e-06	16234
426804	-3.878507e-06	1.860217e-06	2.857429e-06	14954
964793	-4.437432e-06	1.860304e-06	3.067860e-06	20834
418548	-3.878867e-06	1.860320e-06	2.856873e-06	14954
1120648	-4.689245e-06	1.860339e-06	3.208201e-06	16234
956537	-4.437823e-06	1.860422e-06	3.067224e-06	20834
410292	-3.879227e-06	1.860423e-06	2.856317e-06	14954
1112392	-4.689655e-06	1.860463e-06	3.207529e-06	16234
402036	-3.879587e-06	1.860526e-06	2.855760e-06	14954
948281	-4.438213e-06	1.860540e-06	3.066588e-06	20834
1104136	-4.690065e-06	1.860588e-06	3.206856e-06	16234
393780	-3.879947e-06	1.860629e-06	2.855204e-06	14954
940025	-4.438603e-06	1.860657e-06	3.065952e-06	20834
1095880	-4.690476e-06	1.860712e-06	3.206184e-06	16234
385524	-3.880307e-06	1.860732e-06	2.854648e-06	14954
931769	-4.438993e-06	1.860775e-06	3.065315e-06	20834
377268	-3.880667e-06	1.860836e-06	2.854092e-06	14954
1087624	-4.690886e-06	1.860837e-06	3.205512e-06	16234
923513	-4.439383e-06	1.860893e-06	3.064679e-06	20834
369012	-3.881027e-06	1.860939e-06	2.853536e-06	14954
1079368	-4.691296e-06	1.860962e-06	3.204839e-06	16234
915257	-4.439773e-06	1.861011e-06	3.064043e-06	20834
360756	-3.881386e-06	1.861042e-06	2.852979e-06	14954
1071112	-4.691706e-06	1.861086e-06	3.204167e-06	16234
907001	-4.440163e-06	1.861129e-06	3.063406e-06	20834
352500	-3.881746e-06	1.861145e-06	2.852423e-06	14954
1062856	-4.692115e-06	1.861211e-06	3.203494e-06	16234
898745	-4.440552e-06	1.861247e-06	3.062770e-06	20834
344244	-3.882105e-06	1.861248e-06	2.851866e-06	14954
1054600	-4.692525e-06	1.861336e-06	3.202821e-06	16234
335988	-3.882465e-06	1.861351e-06	2.851310e-06	14954
890489	-4.440942e-06	1.861365e-06	3.062133e-06	20834
327732	-3.882824e-06	1.861454e-06	2.850753e-06	14954
1046344	-4.692935e-06	1.861460e-06	3.202149e-06	16234
882233	-4.441331e-06	1.861483e-06	3.061496e-06	20834
319476	-3.883183e-06	1.861557e-06	2.850197e-06	14954
1038088	-4.693345e-06	1.861585e-06	3.201476e-06	16234
873977	-4.441721e-06	1.861601e-06	3.060860e-06	20834
311220	-3.883542e-06	1.861660e-06	2.849640e-06	14954
1029832	-4.693754e-06	1.861710e-06	3.200803e-06	16234
865721	-4.442110e-06	1.861719e-06	3.060223e-06	20834
302964	-3.883901e-06	1.861764e-06	2.849083e-06	14954
1021576	-4.694163e-06	1.861834e-06	3.200130e-06	16234
857465	-4.442499e-06	1.861837e-06	3.059586e-06	20834
294708	-3.884260e-06	1.861867e-06	2.848526e-06	14954
849209	-4.442888e-06	1.861955e-06	3.058949e-06	20834
1013320	-4.694572e-06	1.861959e-06	3.199457e-06	16234
286452	-3.884619e-06	1.861970e-06	2.847969e-06	14954
840953	-4.443277e-06	1.862073e-06	3.058312e-06	20834
278196	-3.884978e-06	1.862073e-06	2.847413e-06	14954
1005064	-4.694982e-06	1.862084e-06	3.198784e-06	16234
269940	-3.885336e-06	1.862176e-06	2.846856e-06	14954
832697	-4.443666e-06	1.862191e-06	3.057675e-06	20834
996808	-4.695391e-06	1.862208e-06	3.198111e-06	16234
261684	-3.885695e-06	1.862280e-06	2.846299e-06	14954
824441	-4.444055e-06	1.862309e-06	3.057038e-06	20834
988552	-4.695800e-06	1.862333e-06	3.197438e-06	16234
253428	-3.886053e-06	1.862383e-06	2.845742e-06	14954
816185	-4.444444e-06	1.862427e-06	3.056401e-06	20834
980296	-4.696209e-06	1.862458e-06	3.196765e-06	16234
245172	-3.886412e-06	1.862486e-06	2.845185e-06	14954
807929	-4.444832e-06	1.862545e-06	3.055764e-06	20834
972040	-4.696617e-06	1.862583e-06	3.196091e-06	16234
236916	-3.886770e-06	1.862589e-06	2.844627e-06	14954
799673	-4.445221e-06	1.862663e-06	3.055127e-06	20834
228660	-3.887129e-06	1.862692e-06	2.844070e-06	14954
963784	-4.697026e-06	1.862707e-06	3.195418e-06	16234
791417	-4.445609e-06	1.862781e-06	3.054489e-06	20834
220404	-3.887486e-06	1.862796e-06	2.843513e-06	14954
955528	-4.697435e-06	1.862832e-06	3.194745e-06	16234
212148	-3.887845e-06	1.862899e-06	2.842956e-06	14954
783161	-4.445998e-06	1.862899e-06	3.053852e-06	20834
947272	-4.697843e-06	1.862957e-06	3.194071e-06	16234
203892	-3.888203e-06	1.863002e-06	2.842398e-06	14954
774905	-4.446386e-06	1.863018e-06	3.053215e-06	20834
939016	-4.698251e-06	1.863082e-06	3.193398e-06	16234
195636	-3.888561e-06	1.863105e-06	2.841841e-06	14954
766649	-4.446774e-06	1.863136e-06	3.052577e-06	20834
930760	-4.698660e-06	1.863207e-06	3.192724e-06	16234
187380	-3.888918e-06	1.863209e-06	2.841284e-06	14954
758393	-4.447162e-06	1.863254e-06	3.051940e-06	20834
179124	-3.889276e-06	1.863312e-06	2.840726e-06	14954
922504	-4.699068e-06	1.863331e-06	3.192051e-06	16234
750137	-4.447550e-06	1.863372e-06	3.051302e-06	20834
170868	-3.889634e-06	1.863415e-06	2.840168e-06	14954
914248	-4.699476e-06	1.863456e-06	3.191377e-06	16234
741881	-4.447938e-06	1.863490e-06	3.050664e-06	20834
162612	-3.889992e-06	1.863519e-06	2.839611e-06	14954
905992	-4.699884e-06	1.863581e-06	3.190703e-06	16234
733625	-4.448326e-06	1.863608e-06	3.050027e-06	20834
154356	-3.890349e-06	1.863622e-06	2.839053e-06	14954
897736	-4.700291e-06	1.863706e-06	3.190029e-06	16234
146100	-3.890706e-06	1.863725e-06	2.838495e-06	14954
725369	-4.448713e-06	1.863726e-06	3.049389e-06	20834
137844	-3.891064e-06	1.863829e-06	2.837938e-06	14954
889480	-4.700699e-06	1.863831e-06	3.189356e-06	16234
717113	-4.449101e-06	1.863845e-06	3.048751e-06	20834
129588	-3.891421e-06	1.863932e-06	2.837380e-06	14954
881224	-4.701107e-06	1.863956e-06	3.188682e-06	16234
708857	-4.449489e-06	1.863963e-06	3.048114e-06	20834
121332	-3.891778e-06	1.864035e-06	2.836822e-06	14954
872968	-4.701515e-06	1.864081e-06	3.188008e-06	16234
700601	-4.449876e-06	1.864081e-06	3.047476e-06	20834
113076	-3.892135e-06	1.864139e-06	2.836264e-06	14954
692345	-4.450263e-06	1.864199e-06	3.046838e-06	20834
864712	-4.701922e-06	1.864206e-06	3.187334e-06	16234
104820	-3.892492e-06	1.864242e-06	2.835706e-06	14954
684089	-4.450651e-06	1.864317e-06	3.046200e-06	20834
856456	-4.702330e-06	1.864330e-06	3.186660e-06	16234
96564	-3.892849e-06	1.864345e-06	2.835148e-06	14954
675833	-4.451038e-06	1.864436e-06	3.045562e-06	20834
88308	-3.893206e-06	1.864449e-06	2.834590e-06	14954
848200	-4.702737e-06	1.864455e-06	3.185985e-06	16234
80052	-3.893563e-06	1.864552e-06	2.834032e-06	14954
667577	-4.451425e-06	1.864554e-06	3.044924e-06	20834
839944	-4.703144e-06	1.864580e-06	3.185311e-06	16234
71796	-3.893920e-06	1.864656e-06	2.833474e-06	14954
659321	-4.451811e-06	1.864672e-06	3.044285e-06	20834
831688	-4.703551e-06	1.864705e-06	3.184637e-06	16234
63540	-3.894276e-06	1.864759e-06	2.832915e-06	14954
651065	-4.452198e-06	1.864790e-06	3.043647e-06	20834
823432	-4.703958e-06	1.864830e-06	3.183963e-06	16234
55284	-3.894633e-06	1.864862e-06	2.832357e-06	14954
642809	-4.452585e-06	1.864909e-06	3.043009e-06	20834
815176	-4.704365e-06	1.864955e-06	3.183288e-06	16234
47028	-3.894989e-06	1.864966e-06	2.831799e-06	14954
634553	-4.452972e-06	1.865027e-06	3.042371e-06	20834
38772	-3.895346e-06	1.865069e-06	2.831241e-06	14954
806920	-4.704772e-06	1.865080e-06	3.182614e-06	16234
626297	-4.453358e-06	1.865145e-06	3.041732e-06	20834
30516	-3.895702e-06	1.865173e-06	2.830682e-06	14954
798664	-4.705178e-06	1.865205e-06	3.181939e-06	16234
618041	-4.453745e-06	1.865264e-06	3.041094e-06	20834
22260	-3.896058e-06	1.865276e-06	2.830124e-06	14954
790408	-4.705585e-06	1.865330e-06	3.181265e-06	16234
14004	-3.896414e-06	1.865380e-06	2.829565e-06	14954
609785	-4.454131e-06	1.865382e-06	3.040455e-06	20834
782152	-4.705991e-06	1.865455e-06	3.180590e-06	16234
5748	-3.896770e-06	1.865483e-06	2.829007e-06	14954
601529	-4.454517e-06	1.865500e-06	3.039817e-06	20834
773896	-4.706397e-06	1.865580e-06	3.179915e-06	16234
593273	-4.454903e-06	1.865619e-06	3.039178e-06	20834
765640	-4.706804e-06	1.865705e-06	3.179241e-06	16234
585017	-4.455289e-06	1.865737e-06	3.038539e-06	20834
757384	-4.707210e-06	1.865830e-06	3.178566e-06	16234
576761	-4.455675e-06	1.865855e-06	3.037901e-06	20834
749128	-4.707616e-06	1.865955e-06	3.177891e-06	16234
568505	-4.456062e-06	1.865974e-06	3.037262e-06	20834
740872	-4.708022e-06	1.866080e-06	3.177216e-06	16234
560249	-4.456447e-06	1.866092e-06	3.036623e-06	20834
732616	-4.708428e-06	1.866205e-06	3.176541e-06	16234
551993	-4.456833e-06	1.866210e-06	3.035984e-06	20834
543737	-4.457218e-06	1.866329e-06	3.035345e-06	20834
724360	-4.708833e-06	1.866330e-06	3.175866e-06	16234
535481	-4.457604e-06	1.866447e-06	3.034706e-06	20834
716104	-4.709239e-06	1.866456e-06	3.175191e-06	16234
527225	-4.457989e-06	1.866566e-06	3.034067e-06	20834
707848	-4.709645e-06	1.866581e-06	3.174516e-06	16234
518969	-4.458375e-06	1.866684e-06	3.033428e-06	20834
699592	-4.710050e-06	1.866706e-06	3.173841e-06	16234
510713	-4.458760e-06	1.866802e-06	3.032789e-06	20834
691336	-4.710455e-06	1.866831e-06	3.173166e-06	16234
502457	-4.459145e-06	1.866921e-06	3.032150e-06	20834
683080	-4.710861e-06	1.866956e-06	3.172490e-06	16234
494201	-4.459530e-06	1.867039e-06	3.031510e-06	20834
674824	-4.711266e-06	1.867081e-06	3.171815e-06	16234
485945	-4.459915e-06	1.867158e-06	3.030871e-06	20834
666568	-4.711671e-06	1.867206e-06	3.171139e-06	16234
477689	-4.460300e-06	1.867276e-06	3.030232e-06	20834
658312	-4.712076e-06	1.867332e-06	3.170464e-06	16234
469433	-4.460685e-06	1.867395e-06	3.029592e-06	20834
650056	-4.712481e-06	1.867457e-06	3.169789e-06	16234
461177	-4.461069e-06	1.867513e-06	3.028953e-06	20834
641800	-4.712886e-06	1.867582e-06	3.169113e-06	16234
452921	-4.461454e-06	1.867632e-06	3.028313e-06	20834
633544	-4.713290e-06	1.867707e-06	3.168437e-06	16234
444665	-4.461838e-06	1.867750e-06	3.027674e-06	20834
625288	-4.713695e-06	1.867832e-06	3.167762e-06	16234
436409	-4.462222e-06	1.867869e-06	3.027034e-06	20834
617032	-4.714099e-06	1.867958e-06	3.167086e-06	16234
428153	-4.462607e-06	1.867987e-06	3.026395e-06	20834
608776	-4.714504e-06	1.868083e-06	3.166410e-06	16234
419897	-4.462991e-06	1.868106e-06	3.025755e-06	20834
600520	-4.714908e-06	1.868208e-06	3.165734e-06	16234
411641	-4.463375e-06	1.868225e-06	3.025115e-06	20834
592264	-4.715312e-06	1.868333e-06	3.165058e-06	16234
403385	-4.463759e-06	1.868343e-06	3.024475e-06	20834
584008	-4.715716e-06	1.868459e-06	3.164382e-06	16234
395129	-4.464143e-06	1.868462e-06	3.023835e-06	20834
386873	-4.464527e-06	1.868580e-06	3.023195e-06	20834
575752	-4.716120e-06	1.868584e-06	3.163706e-06	16234
378617	-4.464910e-06	1.868699e-06	3.022555e-06	20834
567496	-4.716524e-06	1.868709e-06	3.163030e-06	16234
370361	-4.465294e-06	1.868818e-06	3.021915e-06	20834
559240	-4.716927e-06	1.868834e-06	3.162354e-06	16234
362105	-4.465678e-06	1.868936e-06	3.021275e-06	20834
550984	-4.717331e-06	1.868960e-06	3.161678e-06	16234
353849	-4.466061e-06	1.869055e-06	3.020634e-06	20834
542728	-4.717735e-06	1.869085e-06	3.161001e-06	16234
345593	-4.466444e-06	1.869173e-06	3.019994e-06	20834
534472	-4.718138e-06	1.869210e-06	3.160325e-06	16234
337337	-4.466828e-06	1.869292e-06	3.019354e-06	20834
526216	-4.718541e-06	1.869336e-06	3.159648e-06	16234
329081	-4.467211e-06	1.869411e-06	3.018714e-06	20834
517960	-4.718945e-06	1.869461e-06	3.158972e-06	16234
320825	-4.467594e-06	1.869529e-06	3.018073e-06	20834
509704	-4.719348e-06	1.869586e-06	3.158296e-06	16234
312569	-4.467977e-06	1.869648e-06	3.017433e-06	20834
1154106	-3.546437e-06	1.869710e-06	2.813104e-06	18026
501448	-4.719751e-06	1.869712e-06	3.157619e-06	16234
304313	-4.468360e-06	1.869767e-06	3.016792e-06	20834
1145850	-3.546790e-06	1.869804e-06	2.812596e-06	18026
493192	-4.720154e-06	1.869837e-06	3.156942e-06	16234
296057	-4.468742e-06	1.869886e-06	3.016152e-06	20834
1137594	-3.547144e-06	1.869898e-06	2.812087e-06	18026
484936	-4.720557e-06	1.869963e-06	3.156266e-06	16234
1129338	-3.547497e-06	1.869992e-06	2.811579e-06	18026
287801	-4.469125e-06	1.870004e-06	3.015511e-06	20834
1121082	-3.547850e-06	1.870086e-06	2.811070e-06	18026
476680	-4.720960e-06	1.870088e-06	3.155589e-06	16234
279545	-4.469508e-06	1.870123e-06	3.014870e-06	20834
1112826	-3.548204e-06	1.870181e-06	2.810561e-06	18026
468424	-4.721362e-06	1.870213e-06	3.154912e-06	16234
271289	-4.469890e-06	1.870242e-06	3.014230e-06	20834
1104570	-3.548557e-06	1.870275e-06	2.810053e-06	18026
460168	-4.721765e-06	1.870339e-06	3.154235e-06	16234
263033	-4.470272e-06	1.870360e-06	3.013589e-06	20834
1096314	-3.548910e-06	1.870369e-06	2.809544e-06	18026
1088058	-3.549263e-06	1.870463e-06	2.809036e-06	18026
451912	-4.722167e-06	1.870464e-06	3.153558e-06	16234
254777	-4.470655e-06	1.870479e-06	3.012948e-06	20834
1079802	-3.549616e-06	1.870558e-06	2.808527e-06	18026
443656	-4.722569e-06	1.870590e-06	3.152881e-06	16234
246521	-4.471037e-06	1.870598e-06	3.012307e-06	20834
1071546	-3.549969e-06	1.870652e-06	2.808018e-06	18026
435400	-4.722971e-06	1.870715e-06	3.152204e-06	16234
238265	-4.471419e-06	1.870717e-06	3.011666e-06	20834
1063290	-3.550322e-06	1.870746e-06	2.807509e-06	18026
230009	-4.471801e-06	1.870835e-06	3.011025e-06	20834
1055034	-3.550674e-06	1.870840e-06	2.807000e-06	18026
427144	-4.723374e-06	1.870841e-06	3.151527e-06	16234
1046778	-3.551027e-06	1.870935e-06	2.806491e-06	18026
221753	-4.472183e-06	1.870954e-06	3.010384e-06	20834
418888	-4.723776e-06	1.870966e-06	3.150850e-06	16234
1038522	-3.551380e-06	1.871029e-06	2.805982e-06	18026
213497	-4.472565e-06	1.871073e-06	3.009743e-06	20834
410632	-4.724178e-06	1.871092e-06	3.150173e-06	16234
1030266	-3.551732e-06	1.871123e-06	2.805473e-06	18026
205241	-4.472946e-06	1.871192e-06	3.009101e-06	20834
402376	-4.724579e-06	1.871217e-06	3.149496e-06	16234
1022010	-3.552085e-06	1.871217e-06	2.804964e-06	18026
196985	-4.473328e-06	1.871311e-06	3.008460e-06	20834
1013754	-3.552437e-06	1.871312e-06	2.804454e-06	18026
394120	-4.724981e-06	1.871343e-06	3.148818e-06	16234
1005498	-3.552789e-06	1.871406e-06	2.803945e-06	18026
188729	-4.473709e-06	1.871430e-06	3.007819e-06	20834
385864	-4.725383e-06	1.871468e-06	3.148141e-06	16234
997242	-3.553141e-06	1.871501e-06	2.803436e-06	18026
180473	-4.474091e-06	1.871548e-06	3.007178e-06	20834
377608	-4.725784e-06	1.871594e-06	3.147463e-06	16234
988986	-3.553494e-06	1.871595e-06	2.802927e-06	18026
172217	-4.474472e-06	1.871667e-06	3.006536e-06	20834
980730	-3.553846e-06	1.871689e-06	2.802417e-06	18026
369352	-4.726186e-06	1.871719e-06	3.146786e-06	16234
972474	-3.554198e-06	1.871784e-06	2.801908e-06	18026
163961	-4.474854e-06	1.871786e-06	3.005895e-06	20834
361096	-4.726587e-06	1.871845e-06	3.146108e-06	16234
964218	-3.554549e-06	1.871878e-06	2.801398e-06	18026
155705	-4.475235e-06	1.871905e-06	3.005253e-06	20834
352840	-4.726989e-06	1.871970e-06	3.145431e-06	16234
955962	-3.554901e-06	1.871972e-06	2.800889e-06	18026
147449	-4.475616e-06	1.872024e-06	3.004612e-06	20834
947706	-3.555253e-06	1.872067e-06	2.800379e-06	18026
344584	-4.727390e-06	1.872096e-06	3.144753e-06	16234
139193	-4.475997e-06	1.872143e-06	3.003970e-06	20834
939450	-3.555605e-06	1.872161e-06	2.799869e-06	18026
336328	-4.727791e-06	1.872222e-06	3.144075e-06	16234
931194	-3.555956e-06	1.872256e-06	2.799360e-06	18026
130937	-4.476377e-06	1.872262e-06	3.003328e-06	20834
328072	-4.728191e-06	1.872347e-06	3.143397e-06	16234
922938	-3.556308e-06	1.872350e-06	2.798850e-06	18026
122681	-4.476758e-06	1.872381e-06	3.002687e-06	20834
914682	-3.556659e-06	1.872444e-06	2.798340e-06	18026
319816	-4.728593e-06	1.872473e-06	3.142720e-06	16234
114425	-4.477139e-06	1.872500e-06	3.002045e-06	20834
906426	-3.557011e-06	1.872539e-06	2.797830e-06	18026
311560	-4.728993e-06	1.872598e-06	3.142042e-06	16234
106169	-4.477520e-06	1.872619e-06	3.001403e-06	20834
898170	-3.557362e-06	1.872633e-06	2.797320e-06	18026
303304	-4.729394e-06	1.872724e-06	3.141364e-06	16234
889914	-3.557713e-06	1.872728e-06	2.796810e-06	18026
97913	-4.477900e-06	1.872737e-06	3.000761e-06	20834
881658	-3.558064e-06	1.872822e-06	2.796300e-06	18026
295048	-4.729794e-06	1.872850e-06	3.140686e-06	16234
89657	-4.478281e-06	1.872856e-06	3.000119e-06	20834
873402	-3.558415e-06	1.872917e-06	2.795790e-06	18026
286792	-4.730195e-06	1.872975e-06	3.140008e-06	16234
81401	-4.478661e-06	1.872975e-06	2.999477e-06	20834
865146	-3.558766e-06	1.873011e-06	2.795280e-06	18026
73145	-4.479041e-06	1.873094e-06	2.998835e-06	20834
278536	-4.730595e-06	1.873101e-06	3.139329e-06	16234
856890	-3.559117e-06	1.873106e-06	2.794770e-06	18026
848634	-3.559468e-06	1.873200e-06	2.794260e-06	18026
64889	-4.479421e-06	1.873213e-06	2.998193e-06	20834
270280	-4.730995e-06	1.873227e-06	3.138651e-06	16234
840378	-3.559819e-06	1.873295e-06	2.793750e-06	18026
56633	-4.479801e-06	1.873332e-06	2.997551e-06	20834
262024	-4.731396e-06	1.873352e-06	3.137973e-06	16234
832122	-3.560169e-06	1.873389e-06	2.793239e-06	18026
48377	-4.480181e-06	1.873451e-06	2.996909e-06	20834
253768	-4.731796e-06	1.873478e-06	3.137295e-06	16234
823866	-3.560520e-06	1.873484e-06	2.792729e-06	18026
40121	-4.480561e-06	1.873570e-06	2.996266e-06	20834
815610	-3.560871e-06	1.873579e-06	2.792219e-06	18026
245512	-4.732196e-06	1.873604e-06	3.136616e-06	16234
807354	-3.561221e-06	1.873673e-06	2.791708e-06	18026
31865	-4.480940e-06	1.873689e-06	2.995624e-06	20834
237256	-4.732595e-06	1.873730e-06	3.135938e-06	16234
799098	-3.561571e-06	1.873768e-06	2.791198e-06	18026
23609	-4.481320e-06	1.873809e-06	2.994982e-06	20834
229000	-4.732995e-06	1.873855e-06	3.135259e-06	16234
790842	-3.561922e-06	1.873862e-06	2.790687e-06	18026
15353	-4.481699e-06	1.873928e-06	2.994339e-06	20834
782586	-3.562272e-06	1.873957e-06	2.790176e-06	18026
220744	-4.733395e-06	1.873981e-06	3.134581e-06	16234
7097	-4.482079e-06	1.874047e-06	2.993697e-06	20834
774330	-3.562622e-06	1.874051e-06	2.789666e-06	18026
212488	-4.733794e-06	1.874107e-06	3.133903e-06	16234
766074	-3.562972e-06	1.874146e-06	2.789155e-06	18026
204232	-4.734194e-06	1.874232e-06	3.133224e-06	16234
757818	-3.563322e-06	1.874241e-06	2.788644e-06	18026
749562	-3.563672e-06	1.874335e-06	2.788134e-06	18026
195976	-4.734593e-06	1.874358e-06	3.132545e-06	16234
741306	-3.564022e-06	1.874430e-06	2.787623e-06	18026
187720	-4.734992e-06	1.874484e-06	3.131866e-06	16234
733050	-3.564372e-06	1.874525e-06	2.787112e-06	18026
179464	-4.735391e-06	1.874610e-06	3.131187e-06	16234
724794	-3.564722e-06	1.874619e-06	2.786601e-06	18026
716538	-3.565071e-06	1.874714e-06	2.786090e-06	18026
171208	-4.735790e-06	1.874736e-06	3.130509e-06	16234
708282	-3.565421e-06	1.874809e-06	2.785579e-06	18026
162952	-4.736189e-06	1.874861e-06	3.129830e-06	16234
700026	-3.565770e-06	1.874903e-06	2.785068e-06	18026
154696	-4.736588e-06	1.874987e-06	3.129151e-06	16234
691770	-3.566120e-06	1.874998e-06	2.784557e-06	18026
683514	-3.566469e-06	1.875093e-06	2.784045e-06	18026
146440	-4.736987e-06	1.875113e-06	3.128472e-06	16234
675258	-3.566818e-06	1.875187e-06	2.783534e-06	18026
138184	-4.737386e-06	1.875239e-06	3.127793e-06	16234
667002	-3.567167e-06	1.875282e-06	2.783023e-06	18026
129928	-4.737784e-06	1.875365e-06	3.127113e-06	16234
658746	-3.567517e-06	1.875377e-06	2.782511e-06	18026
650490	-3.567866e-06	1.875472e-06	2.782000e-06	18026
121672	-4.738182e-06	1.875491e-06	3.126434e-06	16234
642234	-3.568214e-06	1.875566e-06	2.781488e-06	18026
113416	-4.738581e-06	1.875617e-06	3.125755e-06	16234
633978	-3.568563e-06	1.875661e-06	2.780977e-06	18026
105160	-4.738979e-06	1.875742e-06	3.125075e-06	16234
625722	-3.568912e-06	1.875756e-06	2.780465e-06	18026
617466	-3.569261e-06	1.875851e-06	2.779954e-06	18026
96904	-4.739377e-06	1.875868e-06	3.124396e-06	16234
609210	-3.569610e-06	1.875945e-06	2.779442e-06	18026
88648	-4.739775e-06	1.875994e-06	3.123717e-06	16234
600954	-3.569958e-06	1.876040e-06	2.778930e-06	18026
80392	-4.740173e-06	1.876120e-06	3.123037e-06	16234
592698	-3.570306e-06	1.876135e-06	2.778419e-06	18026
584442	-3.570655e-06	1.876230e-06	2.777907e-06	18026
72136	-4.740571e-06	1.876246e-06	3.122358e-06	16234
576186	-3.571003e-06	1.876325e-06	2.777395e-06	18026
63880	-4.740969e-06	1.876372e-06	3.121678e-06	16234
567930	-3.571351e-06	1.876420e-06	2.776883e-06	18026
55624	-4.741366e-06	1.876498e-06	3.120998e-06	16234
559674	-3.571700e-06	1.876514e-06	2.776371e-06	18026
551418	-3.572048e-06	1.876609e-06	2.775859e-06	18026
47368	-4.741764e-06	1.876624e-06	3.120319e-06	16234
543162	-3.572396e-06	1.876704e-06	2.775347e-06	18026
39112	-4.742161e-06	1.876750e-06	3.119639e-06	16234
534906	-3.572744e-06	1.876799e-06	2.774835e-06	18026
30856	-4.742558e-06	1.876876e-06	3.118959e-06	16234
526650	-3.573092e-06	1.876894e-06	2.774323e-06	18026
518394	-3.573439e-06	1.876989e-06	2.773810e-06	18026
22600	-4.742956e-06	1.877002e-06	3.118279e-06	16234
510138	-3.573787e-06	1.877084e-06	2.773298e-06	18026
14344	-4.743353e-06	1.877128e-06	3.117599e-06	16234
501882	-3.574135e-06	1.877179e-06	2.772786e-06	18026
6088	-4.743750e-06	1.877254e-06	3.116919e-06	16234
493626	-3.574482e-06	1.877273e-06	2.772274e-06	18026
485370	-3.574830e-06	1.877368e-06	2.771761e-06	18026
477114	-3.575178e-06	1.877463e-06	2.771249e-06	18026
468858	-3.575525e-06	1.877558e-06	2.770736e-06	18026
460602	-3.575872e-06	1.877653e-06	2.770224e-06	18026
452346	-3.576219e-06	1.877748e-06	2.769711e-06	18026
444090	-3.576566e-06	1.877843e-06	2.769198e-06	18026
435834	-3.576914e-06	1.877938e-06	2.768686e-06	18026
427578	-3.577260e-06	1.878033e-06	2.768173e-06	18026
419322	-3.577607e-06	1.878128e-06	2.767660e-06	18026
411066	-3.577954e-06	1.878223e-06	2.767147e-06	18026
402810	-3.578301e-06	1.878318e-06	2.766634e-06	18026
394554	-3.578647e-06	1.878413e-06	2.766121e-06	18026
386298	-3.578994e-06	1.878508e-06	2.765608e-06	18026
378042	-3.579341e-06	1.878603e-06	2.765095e-06	18026
369786	-3.579687e-06	1.878698e-06	2.764582e-06	18026
361530	-3.580034e-06	1.878793e-06	2.764069e-06	18026
353274	-3.580380e-06	1.878888e-06	2.763556e-06	18026
345018	-3.580726e-06	1.878984e-06	2.763042e-06	18026
336762	-3.581072e-06	1.879079e-06	2.762529e-06	18026
328506	-3.581418e-06	1.879174e-06	2.762016e-06	18026
320250	-3.581764e-06	1.879269e-06	2.761502e-06	18026
311994	-3.582110e-06	1.879364e-06	2.760989e-06	18026
303738	-3.582456e-06	1.879459e-06	2.760476e-06	18026
295482	-3.582802e-06	1.879554e-06	2.759962e-06	18026
287226	-3.583147e-06	1.879650e-06	2.759448e-06	18026
278970	-3.583493e-06	1.879745e-06	2.758935e-06	18026
270714	-3.583838e-06	1.879840e-06	2.758421e-06	18026
262458	-3.584184e-06	1.879935e-06	2.757907e-06	18026
254202	-3.584529e-06	1.880030e-06	2.757393e-06	18026
245946	-3.584875e-06	1.880125e-06	2.756879e-06	18026
237690	-3.585220e-06	1.880221e-06	2.756366e-06	18026
229434	-3.585565e-06	1.880316e-06	2.755852e-06	18026
221178	-3.585910e-06	1.880411e-06	2.755338e-06	18026
212922	-3.586255e-06	1.880506e-06	2.754824e-06	18026
204666	-3.586600e-06	1.880602e-06	2.754310e-06	18026
196410	-3.586945e-06	1.880697e-06	2.753795e-06	18026
188154	-3.587289e-06	1.880792e-06	2.753281e-06	18026
179898	-3.587634e-06	1.880887e-06	2.752767e-06	18026
171642	-3.587979e-06	1.880983e-06	2.752253e-06	18026
163386	-3.588323e-06	1.881078e-06	2.751738e-06	18026
155130	-3.588668e-06	1.881173e-06	2.751224e-06	18026
146874	-3.589012e-06	1.881268e-06	2.750709e-06	18026
138618	-3.589356e-06	1.881364e-06	2.750195e-06	18026
130362	-3.589701e-06	1.881459e-06	2.749680e-06	18026
122106	-3.590045e-06	1.881554e-06	2.749166e-06	18026
113850	-3.590389e-06	1.881650e-06	2.748651e-06	18026
105594	-3.590733e-06	1.881745e-06	2.748136e-06	18026
97338	-3.591077e-06	1.881840e-06	2.747622e-06	18026
89082	-3.591421e-06	1.881936e-06	2.747107e-06	18026
80826	-3.591764e-06	1.882031e-06	2.746592e-06	18026
72570	-3.592108e-06	1.882127e-06	2.746077e-06	18026
64314	-3.592452e-06	1.882222e-06	2.745562e-06	18026
56058	-3.592795e-06	1.882317e-06	2.745047e-06	18026
47802	-3.593139e-06	1.882413e-06	2.744532e-06	18026
39546	-3.593482e-06	1.882508e-06	2.744017e-06	18026
31290	-3.593825e-06	1.882604e-06	2.743502e-06	18026
23034	-3.594169e-06	1.882699e-06	2.742987e-06	18026
14778	-3.594512e-06	1.882795e-06	2.742472e-06	18026
6522	-3.594855e-06	1.882890e-06	2.741956e-06	18026
1155255	-3.009081e-06	1.915738e-06	2.647068e-06	24425
1146999	-3.009409e-06	1.915818e-06	2.646637e-06	24425
1138743	-3.009738e-06	1.915898e-06	2.646205e-06	24425
1130487	-3.010066e-06	1.915978e-06	2.645774e-06	24425
1122231	-3.010394e-06	1.916058e-06	2.645342e-06	24425
1113975	-3.010723e-06	1.916138e-06	2.644911e-06	24425
1105719	-3.011051e-06	1.916218e-06	2.644479e-06	24425
1097463	-3.011379e-06	1.916298e-06	2.644048e-06	24425
1089207	-3.011707e-06	1.916377e-06	2.643616e-06	24425
1080951	-3.012035e-06	1.916457e-06	2.643184e-06	24425
1072695	-3.012363e-06	1.916537e-06	2.642752e-06	24425
1064439	-3.012691e-06	1.916618e-06	2.642321e-06	24425
1056183	-3.013019e-06	1.916697e-06	2.641889e-06	24425
1047927	-3.013346e-06	1.916777e-06	2.641457e-06	24425
1039671	-3.013674e-06	1.916857e-06	2.641025e-06	24425
1031415	-3.014002e-06	1.916937e-06	2.640593e-06	24425
1023159	-3.014329e-06	1.917017e-06	2.640161e-06	24425
1014903	-3.014657e-06	1.917098e-06	2.639729e-06	24425
1006647	-3.014984e-06	1.917178e-06	2.639297e-06	24425
998391	-3.015312e-06	1.917258e-06	2.638865e-06	24425
990135	-3.015639e-06	1.917338e-06	2.638432e-06	24425
981879	-3.015966e-06	1.917418e-06	2.638000e-06	24425
973623	-3.016293e-06	1.917498e-06	2.637568e-06	24425
965367	-3.016621e-06	1.917578e-06	2.637135e-06	24425
957111	-3.016948e-06	1.917658e-06	2.636703e-06	24425
948855	-3.017275e-06	1.917738e-06	2.636270e-06	24425
940599	-3.017602e-06	1.917818e-06	2.635838e-06	24425
932343	-3.017929e-06	1.917898e-06	2.635406e-06	24425
924087	-3.018255e-06	1.917978e-06	2.634973e-06	24425
915831	-3.018582e-06	1.918058e-06	2.634540e-06	24425
907575	-3.018909e-06	1.918139e-06	2.634107e-06	24425
899319	-3.019235e-06	1.918219e-06	2.633675e-06	24425
891063	-3.019562e-06	1.918299e-06	2.633242e-06	24425
882807	-3.019888e-06	1.918379e-06	2.632809e-06	24425
874551	-3.020215e-06	1.918459e-06	2.632376e-06	24425
866295	-3.020541e-06	1.918540e-06	2.631943e-06	24425
858039	-3.020867e-06	1.918620e-06	2.631510e-06	24425
849783	-3.021194e-06	1.918700e-06	2.631077e-06	24425
841527	-3.021520e-06	1.918780e-06	2.630644e-06	24425
833271	-3.021846e-06	1.918860e-06	2.630211e-06	24425
825015	-3.022172e-06	1.918940e-06	2.629778e-06	24425
816759	-3.022498e-06	1.919021e-06	2.629345e-06	24425
808503	-3.022824e-06	1.919101e-06	2.628911e-06	24425
800247	-3.023149e-06	1.919181e-06	2.628478e-06	24425
791991	-3.023475e-06	1.919261e-06	2.628045e-06	24425
783735	-3.023801e-06	1.919342e-06	2.627611e-06	24425
775479	-3.024127e-06	1.919422e-06	2.627178e-06	24425
767223	-3.024452e-06	1.919502e-06	2.626745e-06	24425
758967	-3.024778e-06	1.919582e-06	2.626311e-06	24425
750711	-3.025103e-06	1.919663e-06	2.625877e-06	24425
742455	-3.025429e-06	1.919743e-06	2.625444e-06	24425
734199	-3.025754e-06	1.919823e-06	2.625010e-06	24425
725943	-3.026079e-06	1.919904e-06	2.624576e-06	24425
717687	-3.026404e-06	1.919984e-06	2.624143e-06	24425
709431	-3.026729e-06	1.920065e-06	2.623709e-06	24425
701175	-3.027055e-06	1.920145e-06	2.623275e-06	24425
692919	-3.027380e-06	1.920225e-06	2.622841e-06	24425
684663	-3.027704e-06	1.920306e-06	2.622407e-06	24425
676407	-3.028029e-06	1.920386e-06	2.621973e-06	24425
668151	-3.028354e-06	1.920467e-06	2.621539e-06	24425
659895	-3.028679e-06	1.920547e-06	2.621105e-06	24425
651639	-3.029004e-06	1.920627e-06	2.620671e-06	24425
643383	-3.029328e-06	1.920708e-06	2.620237e-06	24425
635127	-3.029653e-06	1.920788e-06	2.619802e-06	24425
626871	-3.029977e-06	1.920868e-06	2.619368e-06	24425
618615	-3.030302e-06	1.920949e-06	2.618934e-06	24425
610359	-3.030626e-06	1.921029e-06	2.618499e-06	24425
602103	-3.030950e-06	1.921110e-06	2.618065e-06	24425
593847	-3.031275e-06	1.921190e-06	2.617631e-06	24425
585591	-3.031599e-06	1.921271e-06	2.617196e-06	24425
577335	-3.031923e-06	1.921351e-06	2.616761e-06	24425
569079	-3.032247e-06	1.921432e-06	2.616327e-06	24425
560823	-3.032571e-06	1.921512e-06	2.615892e-06	24425
552567	-3.032895e-06	1.921593e-06	2.615458e-06	24425
544311	-3.033219e-06	1.921673e-06	2.615023e-06	24425
536055	-3.033542e-06	1.921754e-06	2.614588e-06	24425
527799	-3.033866e-06	1.921834e-06	2.614153e-06	24425
519543	-3.034190e-06	1.921915e-06	2.613718e-06	24425
511287	-3.034513e-06	1.921996e-06	2.613283e-06	24425
503031	-3.034837e-06	1.922076e-06	2.612848e-06	24425
494775	-3.035160e-06	1.922157e-06	2.612413e-06	24425
486519	-3.035484e-06	1.922237e-06	2.611978e-06	24425
478263	-3.035807e-06	1.922318e-06	2.611543e-06	24425
470007	-3.036130e-06	1.922398e-06	2.611108e-06	24425
461751	-3.036454e-06	1.922479e-06	2.610673e-06	24425
453495	-3.036777e-06	1.922560e-06	2.610238e-06	24425
445239	-3.037100e-06	1.922640e-06	2.609802e-06	24425
436983	-3.037423e-06	1.922721e-06	2.609367e-06	24425
428727	-3.037746e-06	1.922802e-06	2.608931e-06	24425
420471	-3.038069e-06	1.922882e-06	2.608496e-06	24425
412215	-3.038391e-06	1.922963e-06	2.608060e-06	24425
403959	-3.038714e-06	1.923044e-06	2.607625e-06	24425
395703	-3.039037e-06	1.923124e-06	2.607189e-06	24425
387447	-3.039359e-06	1.923205e-06	2.606754e-06	24425
379191	-3.039682e-06	1.923286e-06	2.606318e-06	24425
370935	-3.040004e-06	1.923366e-06	2.605882e-06	24425
362679	-3.040327e-06	1.923447e-06	2.605447e-06	24425
354423	-3.040649e-06	1.923528e-06	2.605011e-06	24425
346167	-3.040971e-06	1.923609e-06	2.604575e-06	24425
337911	-3.041294e-06	1.923689e-06	2.604139e-06	24425
329655	-3.041616e-06	1.923770e-06	2.603703e-06	24425
321399	-3.041938e-06	1.923851e-06	2.603267e-06	24425
313143	-3.042260e-06	1.923931e-06	2.602831e-06	24425
304887	-3.042582e-06	1.924012e-06	2.602395e-06	24425
296631	-3.042904e-06	1.924093e-06	2.601959e-06	24425
288375	-3.043226e-06	1.924174e-06	2.601523e-06	24425
280119	-3.043547e-06	1.924255e-06	2.601086e-06	24425
271863	-3.043869e-06	1.924335e-06	2.600650e-06	24425
263607	-3.044191e-06	1.924416e-06	2.600214e-06	24425
255351	-3.044512e-06	1.924497e-06	2.599777e-06	24425
247095	-3.044834e-06	1.924578e-06	2.599341e-06	24425
238839	-3.045155e-06	1.924659e-06	2.598905e-06	24425
230583	-3.045477e-06	1.924740e-06	2.598468e-06	24425
222327	-3.045798e-06	1.924820e-06	2.598031e-06	24425
214071	-3.046119e-06	1.924901e-06	2.597595e-06	24425
205815	-3.046440e-06	1.924982e-06	2.597158e-06	24425
197559	-3.046762e-06	1.925063e-06	2.596722e-06	24425
189303	-3.047083e-06	1.925144e-06	2.596285e-06	24425
181047	-3.047404e-06	1.925225e-06	2.595848e-06	24425
172791	-3.047725e-06	1.925306e-06	2.595411e-06	24425
164535	-3.048046e-06	1.925387e-06	2.594974e-06	24425
156279	-3.048366e-06	1.925468e-06	2.594537e-06	24425
148023	-3.048687e-06	1.925549e-06	2.594100e-06	24425
139767	-3.049008e-06	1.925629e-06	2.593663e-06	24425
131511	-3.049328e-06	1.925710e-06	2.593226e-06	24425
123255	-3.049649e-06	1.925791e-06	2.592789e-06	24425
114999	-3.049969e-06	1.925872e-06	2.592352e-06	24425
106743	-3.050290e-06	1.925953e-06	2.591915e-06	24425
98487	-3.050610e-06	1.926034e-06	2.591478e-06	24425
90231	-3.050930e-06	1.926115e-06	2.591040e-06	24425
81975	-3.051251e-06	1.926196e-06	2.590603e-06	24425
73719	-3.051571e-06	1.926277e-06	2.590166e-06	24425
65463	-3.051891e-06	1.926358e-06	2.589728e-06	24425
57207	-3.052211e-06	1.926439e-06	2.589291e-06	24425
48951	-3.052531e-06	1.926521e-06	2.588853e-06	24425
40695	-3.052851e-06	1.926601e-06	2.588416e-06	24425
32439	-3.053171e-06	1.926683e-06	2.587978e-06	24425
24183	-3.053490e-06	1.926764e-06	2.587540e-06	24425
15927	-3.053810e-06	1.926845e-06	2.587103e-06	24425
7671	-3.054130e-06	1.926926e-06	2.586665e-06	24425
1153737	-4.259887e-06	1.931570e-06	3.115155e-06	16490
1145481	-4.260282e-06	1.931683e-06	3.114544e-06	16490
1137225	-4.260677e-06	1.931797e-06	3.113934e-06	16490
1128969	-4.261072e-06	1.931910e-06	3.113323e-06	16490
1120713	-4.261467e-06	1.932023e-06	3.112712e-06	16490
1112457	-4.261862e-06	1.932136e-06	3.112101e-06	16490
1104201	-4.262256e-06	1.932249e-06	3.111490e-06	16490
1095945	-4.262651e-06	1.932362e-06	3.110879e-06	16490
1087689	-4.263046e-06	1.932476e-06	3.110268e-06	16490
1079433	-4.263440e-06	1.932589e-06	3.109657e-06	16490
1071177	-4.263834e-06	1.932702e-06	3.109046e-06	16490
1062921	-4.264229e-06	1.932815e-06	3.108434e-06	16490
1054665	-4.264623e-06	1.932929e-06	3.107823e-06	16490
1046409	-4.265017e-06	1.933042e-06	3.107212e-06	16490
1038153	-4.265411e-06	1.933155e-06	3.106600e-06	16490
1029897	-4.265805e-06	1.933269e-06	3.105989e-06	16490
1021641	-4.266199e-06	1.933382e-06	3.105377e-06	16490
1013385	-4.266593e-06	1.933495e-06	3.104766e-06	16490
1005129	-4.266987e-06	1.933608e-06	3.104154e-06	16490
996873	-4.267380e-06	1.933722e-06	3.103542e-06	16490
988617	-4.267773e-06	1.933835e-06	3.102931e-06	16490
980361	-4.268167e-06	1.933948e-06	3.102319e-06	16490
972105	-4.268560e-06	1.934062e-06	3.101707e-06	16490
963849	-4.268953e-06	1.934175e-06	3.101095e-06	16490
955593	-4.269347e-06	1.934289e-06	3.100483e-06	16490
947337	-4.269740e-06	1.934402e-06	3.099871e-06	16490
939081	-4.270133e-06	1.934515e-06	3.099259e-06	16490
930825	-4.270526e-06	1.934629e-06	3.098647e-06	16490
922569	-4.270918e-06	1.934742e-06	3.098034e-06	16490
914313	-4.271311e-06	1.934856e-06	3.097422e-06	16490
906057	-4.271703e-06	1.934969e-06	3.096810e-06	16490
897801	-4.272096e-06	1.935083e-06	3.096197e-06	16490
889545	-4.272488e-06	1.935196e-06	3.095585e-06	16490
881289	-4.272881e-06	1.935310e-06	3.094972e-06	16490
873033	-4.273273e-06	1.935423e-06	3.094360e-06	16490
864777	-4.273665e-06	1.935537e-06	3.093747e-06	16490
856521	-4.274057e-06	1.935650e-06	3.093135e-06	16490
848265	-4.274449e-06	1.935764e-06	3.092522e-06	16490
840009	-4.274841e-06	1.935877e-06	3.091909e-06	16490
831753	-4.275233e-06	1.935991e-06	3.091296e-06	16490
823497	-4.275625e-06	1.936104e-06	3.090683e-06	16490
815241	-4.276016e-06	1.936218e-06	3.090071e-06	16490
806985	-4.276408e-06	1.936332e-06	3.089458e-06	16490
798729	-4.276799e-06	1.936445e-06	3.088844e-06	16490
790473	-4.277190e-06	1.936559e-06	3.088231e-06	16490
782217	-4.277581e-06	1.936672e-06	3.087618e-06	16490
773961	-4.277972e-06	1.936786e-06	3.087005e-06	16490
765705	-4.278364e-06	1.936899e-06	3.086392e-06	16490
757449	-4.278755e-06	1.937013e-06	3.085778e-06	16490
749193	-4.279145e-06	1.937127e-06	3.085165e-06	16490
740937	-4.279536e-06	1.937241e-06	3.084552e-06	16490
732681	-4.279927e-06	1.937354e-06	3.083938e-06	16490
724425	-4.280318e-06	1.937468e-06	3.083324e-06	16490
716169	-4.280708e-06	1.937581e-06	3.082711e-06	16490
707913	-4.281098e-06	1.937695e-06	3.082097e-06	16490
699657	-4.281489e-06	1.937809e-06	3.081483e-06	16490
691401	-4.281879e-06	1.937923e-06	3.080870e-06	16490
683145	-4.282269e-06	1.938036e-06	3.080256e-06	16490
674889	-4.282659e-06	1.938150e-06	3.079642e-06	16490
666633	-4.283049e-06	1.938264e-06	3.079028e-06	16490
658377	-4.283439e-06	1.938378e-06	3.078414e-06	16490
650121	-4.283829e-06	1.938491e-06	3.077800e-06	16490
641865	-4.284218e-06	1.938605e-06	3.077186e-06	16490
633609	-4.284608e-06	1.938719e-06	3.076571e-06	16490
625353	-4.284997e-06	1.938833e-06	3.075957e-06	16490
617097	-4.285387e-06	1.938947e-06	3.075343e-06	16490
608841	-4.285776e-06	1.939060e-06	3.074729e-06	16490
600585	-4.286165e-06	1.939174e-06	3.074114e-06	16490
592329	-4.286554e-06	1.939288e-06	3.073500e-06	16490
584073	-4.286943e-06	1.939402e-06	3.072885e-06	16490
575817	-4.287333e-06	1.939516e-06	3.072271e-06	16490
567561	-4.287721e-06	1.939630e-06	3.071656e-06	16490
559305	-4.288110e-06	1.939744e-06	3.071041e-06	16490
551049	-4.288499e-06	1.939858e-06	3.070427e-06	16490
542793	-4.288887e-06	1.939972e-06	3.069812e-06	16490
534537	-4.289276e-06	1.940085e-06	3.069197e-06	16490
526281	-4.289664e-06	1.940199e-06	3.068582e-06	16490
518025	-4.290052e-06	1.940313e-06	3.067967e-06	16490
509769	-4.290441e-06	1.940427e-06	3.067352e-06	16490
501513	-4.290829e-06	1.940541e-06	3.066737e-06	16490
493257	-4.291217e-06	1.940655e-06	3.066122e-06	16490
485001	-4.291605e-06	1.940769e-06	3.065507e-06	16490
476745	-4.291993e-06	1.940883e-06	3.064891e-06	16490
468489	-4.292380e-06	1.940997e-06	3.064276e-06	16490
460233	-4.292768e-06	1.941111e-06	3.063661e-06	16490
451977	-4.293156e-06	1.941225e-06	3.063045e-06	16490
443721	-4.293543e-06	1.941339e-06	3.062430e-06	16490
435465	-4.293930e-06	1.941453e-06	3.061814e-06	16490
427209	-4.294318e-06	1.941567e-06	3.061199e-06	16490
418953	-4.294705e-06	1.941681e-06	3.060583e-06	16490
410697	-4.295092e-06	1.941796e-06	3.059968e-06	16490
402441	-4.295479e-06	1.941910e-06	3.059352e-06	16490
394185	-4.295866e-06	1.942024e-06	3.058736e-06	16490
385929	-4.296253e-06	1.942138e-06	3.058120e-06	16490
377673	-4.296640e-06	1.942252e-06	3.057504e-06	16490
369417	-4.297026e-06	1.942366e-06	3.056888e-06	16490
361161	-4.297413e-06	1.942480e-06	3.056272e-06	16490
352905	-4.297799e-06	1.942594e-06	3.055656e-06	16490
344649	-4.298186e-06	1.942708e-06	3.055040e-06	16490
336393	-4.298572e-06	1.942823e-06	3.054424e-06	16490
328137	-4.298958e-06	1.942937e-06	3.053808e-06	16490
319881	-4.299345e-06	1.943051e-06	3.053191e-06	16490
311625	-4.299730e-06	1.943165e-06	3.052575e-06	16490
303369	-4.300116e-06	1.943279e-06	3.051959e-06	16490
295113	-4.300502e-06	1.943394e-06	3.051342e-06	16490
286857	-4.300888e-06	1.943508e-06	3.050726e-06	16490
278601	-4.301274e-06	1.943622e-06	3.050109e-06	16490
270345	-4.301659e-06	1.943736e-06	3.049493e-06	16490
262089	-4.302045e-06	1.943851e-06	3.048876e-06	16490
253833	-4.302430e-06	1.943965e-06	3.048259e-06	16490
245577	-4.302815e-06	1.944079e-06	3.047642e-06	16490
237321	-4.303201e-06	1.944193e-06	3.047026e-06	16490
229065	-4.303586e-06	1.944308e-06	3.046408e-06	16490
220809	-4.303971e-06	1.944422e-06	3.045792e-06	16490
212553	-4.304356e-06	1.944537e-06	3.045174e-06	16490
204297	-4.304740e-06	1.944651e-06	3.044558e-06	16490
196041	-4.305125e-06	1.944765e-06	3.043940e-06	16490
187785	-4.305510e-06	1.944879e-06	3.043323e-06	16490
179529	-4.305894e-06	1.944994e-06	3.042706e-06	16490
171273	-4.306279e-06	1.945108e-06	3.042089e-06	16490
1154386	-5.240136e-06	1.945120e-06	3.475025e-06	19306
163017	-4.306663e-06	1.945223e-06	3.041471e-06	16490
1146130	-5.240582e-06	1.945260e-06	3.474274e-06	19306
154761	-4.307048e-06	1.945337e-06	3.040854e-06	16490
1137874	-5.241028e-06	1.945399e-06	3.473523e-06	19306
146505	-4.307432e-06	1.945451e-06	3.040237e-06	16490
1129618	-5.241474e-06	1.945538e-06	3.472771e-06	19306
138249	-4.307816e-06	1.945566e-06	3.039619e-06	16490
1121362	-5.241920e-06	1.945677e-06	3.472020e-06	19306
129993	-4.308200e-06	1.945680e-06	3.039002e-06	16490
121737	-4.308584e-06	1.945795e-06	3.038384e-06	16490
1113106	-5.242367e-06	1.945817e-06	3.471268e-06	19306
113481	-4.308968e-06	1.945909e-06	3.037766e-06	16490
1104850	-5.242813e-06	1.945956e-06	3.470517e-06	19306
105225	-4.309351e-06	1.946024e-06	3.037148e-06	16490
1096594	-5.243258e-06	1.946095e-06	3.469765e-06	19306
96969	-4.309735e-06	1.946138e-06	3.036531e-06	16490
1088338	-5.243704e-06	1.946235e-06	3.469014e-06	19306
88713	-4.310119e-06	1.946252e-06	3.035913e-06	16490
80457	-4.310502e-06	1.946367e-06	3.035295e-06	16490
1080082	-5.244150e-06	1.946374e-06	3.468262e-06	19306
72201	-4.310885e-06	1.946481e-06	3.034677e-06	16490
1071826	-5.244595e-06	1.946513e-06	3.467510e-06	19306
63945	-4.311269e-06	1.946596e-06	3.034059e-06	16490
1063570	-5.245040e-06	1.946652e-06	3.466758e-06	19306
55689	-4.311652e-06	1.946711e-06	3.033441e-06	16490
1055314	-5.245486e-06	1.946792e-06	3.466006e-06	19306
47433	-4.312035e-06	1.946825e-06	3.032823e-06	16490
1047058	-5.245930e-06	1.946931e-06	3.465254e-06	19306
39177	-4.312418e-06	1.946940e-06	3.032205e-06	16490
30921	-4.312801e-06	1.947054e-06	3.031586e-06	16490
1038802	-5.246376e-06	1.947070e-06	3.464502e-06	19306
22665	-4.313184e-06	1.947169e-06	3.030968e-06	16490
1030546	-5.246820e-06	1.947210e-06	3.463750e-06	19306
14409	-4.313566e-06	1.947283e-06	3.030350e-06	16490
1022290	-5.247265e-06	1.947349e-06	3.462998e-06	19306
6153	-4.313949e-06	1.947398e-06	3.029731e-06	16490
1014034	-5.247710e-06	1.947489e-06	3.462245e-06	19306
1005778	-5.248155e-06	1.947628e-06	3.461493e-06	19306
997522	-5.248599e-06	1.947767e-06	3.460741e-06	19306
989266	-5.249043e-06	1.947907e-06	3.459988e-06	19306
981010	-5.249487e-06	1.948046e-06	3.459236e-06	19306
972754	-5.249932e-06	1.948186e-06	3.458483e-06	19306
964498	-5.250376e-06	1.948325e-06	3.457730e-06	19306
956242	-5.250819e-06	1.948465e-06	3.456978e-06	19306
947986	-5.251263e-06	1.948604e-06	3.456225e-06	19306
939730	-5.251707e-06	1.948744e-06	3.455472e-06	19306
931474	-5.252150e-06	1.948883e-06	3.454719e-06	19306
923218	-5.252594e-06	1.949023e-06	3.453966e-06	19306
914962	-5.253037e-06	1.949162e-06	3.453213e-06	19306
906706	-5.253480e-06	1.949302e-06	3.452460e-06	19306
898450	-5.253924e-06	1.949442e-06	3.451707e-06	19306
890194	-5.254366e-06	1.949581e-06	3.450953e-06	19306
881938	-5.254809e-06	1.949721e-06	3.450200e-06	19306
873682	-5.255252e-06	1.949860e-06	3.449447e-06	19306
865426	-5.255695e-06	1.950000e-06	3.448694e-06	19306
1154642	-4.453032e-06	1.950119e-06	3.173008e-06	20587
857170	-5.256137e-06	1.950140e-06	3.447940e-06	19306
1146386	-4.453434e-06	1.950238e-06	3.172369e-06	20587
848914	-5.256580e-06	1.950279e-06	3.447187e-06	19306
1138130	-4.453837e-06	1.950356e-06	3.171731e-06	20587
840658	-5.257022e-06	1.950419e-06	3.446433e-06	19306
1129874	-4.454240e-06	1.950474e-06	3.171092e-06	20587
832402	-5.257464e-06	1.950558e-06	3.445679e-06	19306
1121618	-4.454643e-06	1.950593e-06	3.170454e-06	20587
824146	-5.257906e-06	1.950698e-06	3.444926e-06	19306
1113362	-4.455046e-06	1.950711e-06	3.169815e-06	20587
1105106	-4.455448e-06	1.950829e-06	3.169177e-06	20587
815890	-5.258348e-06	1.950838e-06	3.444172e-06	19306
1096850	-4.455851e-06	1.950948e-06	3.168538e-06	20587
807634	-5.258790e-06	1.950978e-06	3.443418e-06	19306
1088594	-4.456253e-06	1.951066e-06	3.167899e-06	20587
799378	-5.259232e-06	1.951117e-06	3.442664e-06	19306
1080338	-4.456655e-06	1.951184e-06	3.167260e-06	20587
791122	-5.259674e-06	1.951257e-06	3.441910e-06	19306
1072082	-4.457057e-06	1.951303e-06	3.166621e-06	20587
782866	-5.260115e-06	1.951397e-06	3.441156e-06	19306
1063826	-4.457459e-06	1.951421e-06	3.165982e-06	20587
774610	-5.260556e-06	1.951536e-06	3.440402e-06	19306
1055570	-4.457861e-06	1.951539e-06	3.165343e-06	20587
1047314	-4.458263e-06	1.951658e-06	3.164704e-06	20587
766354	-5.260998e-06	1.951676e-06	3.439648e-06	19306
1039058	-4.458665e-06	1.951776e-06	3.164065e-06	20587
758098	-5.261439e-06	1.951816e-06	3.438893e-06	19306
1030802	-4.459067e-06	1.951895e-06	3.163426e-06	20587
749842	-5.261880e-06	1.951956e-06	3.438139e-06	19306
1022546	-4.459469e-06	1.952013e-06	3.162787e-06	20587
741586	-5.262321e-06	1.952096e-06	3.437385e-06	19306
1014290	-4.459870e-06	1.952132e-06	3.162147e-06	20587
733330	-5.262762e-06	1.952235e-06	3.436630e-06	19306
1006034	-4.460271e-06	1.952250e-06	3.161508e-06	20587
997778	-4.460673e-06	1.952369e-06	3.160869e-06	20587
725074	-5.263203e-06	1.952375e-06	3.435876e-06	19306
989522	-4.461074e-06	1.952487e-06	3.160229e-06	20587
716818	-5.263643e-06	1.952515e-06	3.435121e-06	19306
981266	-4.461475e-06	1.952606e-06	3.159590e-06	20587
708562	-5.264084e-06	1.952655e-06	3.434367e-06	19306
973010	-4.461876e-06	1.952724e-06	3.158950e-06	20587
700306	-5.264524e-06	1.952795e-06	3.433612e-06	19306
964754	-4.462277e-06	1.952842e-06	3.158310e-06	20587
692050	-5.264965e-06	1.952935e-06	3.432857e-06	19306
956498	-4.462678e-06	1.952961e-06	3.157671e-06	20587
683794	-5.265405e-06	1.953075e-06	3.432102e-06	19306
948242	-4.463078e-06	1.953080e-06	3.157031e-06	20587
939986	-4.463479e-06	1.953198e-06	3.156391e-06	20587
675538	-5.265845e-06	1.953214e-06	3.431348e-06	19306
931730	-4.463880e-06	1.953317e-06	3.155751e-06	20587
667282	-5.266285e-06	1.953354e-06	3.430592e-06	19306
923474	-4.464280e-06	1.953435e-06	3.155111e-06	20587
659026	-5.266725e-06	1.953494e-06	3.429838e-06	19306
915218	-4.464680e-06	1.953554e-06	3.154471e-06	20587
650770	-5.267164e-06	1.953634e-06	3.429082e-06	19306
906962	-4.465081e-06	1.953673e-06	3.153831e-06	20587
642514	-5.267604e-06	1.953774e-06	3.428327e-06	19306
898706	-4.465481e-06	1.953791e-06	3.153191e-06	20587
890450	-4.465881e-06	1.953910e-06	3.152551e-06	20587
634258	-5.268043e-06	1.953914e-06	3.427572e-06	19306
882194	-4.466281e-06	1.954028e-06	3.151911e-06	20587
626002	-5.268483e-06	1.954054e-06	3.426817e-06	19306
873938	-4.466681e-06	1.954147e-06	3.151270e-06	20587
617746	-5.268922e-06	1.954194e-06	3.426062e-06	19306
865682	-4.467081e-06	1.954266e-06	3.150630e-06	20587
609490	-5.269362e-06	1.954334e-06	3.425306e-06	19306
857426	-4.467480e-06	1.954384e-06	3.149990e-06	20587
601234	-5.269801e-06	1.954474e-06	3.424551e-06	19306
849170	-4.467880e-06	1.954503e-06	3.149349e-06	20587
592978	-5.270239e-06	1.954614e-06	3.423795e-06	19306
840914	-4.468279e-06	1.954622e-06	3.148709e-06	20587
832658	-4.468679e-06	1.954740e-06	3.148068e-06	20587
584722	-5.270678e-06	1.954754e-06	3.423040e-06	19306
824402	-4.469078e-06	1.954859e-06	3.147427e-06	20587
576466	-5.271117e-06	1.954894e-06	3.422284e-06	19306
816146	-4.469478e-06	1.954978e-06	3.146787e-06	20587
568210	-5.271556e-06	1.955034e-06	3.421528e-06	19306
807890	-4.469876e-06	1.955096e-06	3.146146e-06	20587
559954	-5.271994e-06	1.955174e-06	3.420773e-06	19306
799634	-4.470276e-06	1.955215e-06	3.145505e-06	20587
551698	-5.272433e-06	1.955314e-06	3.420017e-06	19306
791378	-4.470674e-06	1.955334e-06	3.144864e-06	20587
783122	-4.471073e-06	1.955453e-06	3.144223e-06	20587
543442	-5.272871e-06	1.955454e-06	3.419261e-06	19306
774866	-4.471472e-06	1.955571e-06	3.143582e-06	20587
535186	-5.273309e-06	1.955594e-06	3.418505e-06	19306
766610	-4.471871e-06	1.955690e-06	3.142941e-06	20587
526930	-5.273747e-06	1.955734e-06	3.417749e-06	19306
758354	-4.472269e-06	1.955809e-06	3.142300e-06	20587
518674	-5.274185e-06	1.955874e-06	3.416993e-06	19306
750098	-4.472668e-06	1.955928e-06	3.141659e-06	20587
510418	-5.274623e-06	1.956015e-06	3.416237e-06	19306
741842	-4.473066e-06	1.956047e-06	3.141018e-06	20587
502162	-5.275061e-06	1.956155e-06	3.415480e-06	19306
733586	-4.473464e-06	1.956166e-06	3.140377e-06	20587
725330	-4.473863e-06	1.956284e-06	3.139735e-06	20587
493906	-5.275498e-06	1.956295e-06	3.414724e-06	19306
717074	-4.474261e-06	1.956403e-06	3.139094e-06	20587
485650	-5.275936e-06	1.956435e-06	3.413968e-06	19306
708818	-4.474658e-06	1.956522e-06	3.138453e-06	20587
477394	-5.276373e-06	1.956575e-06	3.413212e-06	19306
700562	-4.475056e-06	1.956641e-06	3.137811e-06	20587
469138	-5.276810e-06	1.956716e-06	3.412455e-06	19306
692306	-4.475454e-06	1.956760e-06	3.137170e-06	20587
460882	-5.277248e-06	1.956856e-06	3.411699e-06	19306
684050	-4.475852e-06	1.956879e-06	3.136528e-06	20587
452626	-5.277685e-06	1.956996e-06	3.410942e-06	19306
675794	-4.476250e-06	1.956997e-06	3.135886e-06	20587
667538	-4.476647e-06	1.957116e-06	3.135245e-06	20587
444370	-5.278122e-06	1.957136e-06	3.410185e-06	19306
659282	-4.477045e-06	1.957235e-06	3.134603e-06	20587
436114	-5.278559e-06	1.957276e-06	3.409429e-06	19306
651026	-4.477442e-06	1.957354e-06	3.133961e-06	20587
427858	-5.278995e-06	1.957417e-06	3.408672e-06	19306
642770	-4.477839e-06	1.957473e-06	3.133319e-06	20587
419602	-5.279432e-06	1.957557e-06	3.407915e-06	19306
634514	-4.478236e-06	1.957592e-06	3.132677e-06	20587
411346	-5.279868e-06	1.957697e-06	3.407158e-06	19306
626258	-4.478633e-06	1.957711e-06	3.132035e-06	20587
618002	-4.479030e-06	1.957830e-06	3.131393e-06	20587
403090	-5.280305e-06	1.957837e-06	3.406401e-06	19306
609746	-4.479427e-06	1.957949e-06	3.130751e-06	20587
394834	-5.280741e-06	1.957978e-06	3.405644e-06	19306
601490	-4.479824e-06	1.958068e-06	3.130109e-06	20587
386578	-5.281177e-06	1.958118e-06	3.404887e-06	19306
593234	-4.480220e-06	1.958187e-06	3.129467e-06	20587
378322	-5.281613e-06	1.958258e-06	3.404130e-06	19306
584978	-4.480617e-06	1.958306e-06	3.128824e-06	20587
370066	-5.282049e-06	1.958399e-06	3.403373e-06	19306
576722	-4.481014e-06	1.958425e-06	3.128182e-06	20587
361810	-5.282485e-06	1.958539e-06	3.402616e-06	19306
568466	-4.481410e-06	1.958544e-06	3.127540e-06	20587
560210	-4.481806e-06	1.958663e-06	3.126897e-06	20587
353554	-5.282920e-06	1.958679e-06	3.401858e-06	19306
551954	-4.482202e-06	1.958782e-06	3.126255e-06	20587
345298	-5.283356e-06	1.958820e-06	3.401101e-06	19306
543698	-4.482598e-06	1.958901e-06	3.125612e-06	20587
337042	-5.283792e-06	1.958960e-06	3.400343e-06	19306
535442	-4.482994e-06	1.959020e-06	3.124969e-06	20587
328786	-5.284227e-06	1.959100e-06	3.399586e-06	19306
527186	-4.483390e-06	1.959139e-06	3.124327e-06	20587
320530	-5.284662e-06	1.959241e-06	3.398828e-06	19306
518930	-4.483786e-06	1.959258e-06	3.123684e-06	20587
510674	-4.484182e-06	1.959378e-06	3.123041e-06	20587
312274	-5.285097e-06	1.959381e-06	3.398071e-06	19306
502418	-4.484577e-06	1.959497e-06	3.122398e-06	20587
304018	-5.285533e-06	1.959522e-06	3.397313e-06	19306
494162	-4.484973e-06	1.959616e-06	3.121756e-06	20587
295762	-5.285967e-06	1.959662e-06	3.396555e-06	19306
485906	-4.485368e-06	1.959735e-06	3.121113e-06	20587
287506	-5.286402e-06	1.959803e-06	3.395797e-06	19306
477650	-4.485763e-06	1.959854e-06	3.120470e-06	20587
279250	-5.286837e-06	1.959943e-06	3.395040e-06	19306
469394	-4.486159e-06	1.959973e-06	3.119826e-06	20587
270994	-5.287272e-06	1.960083e-06	3.394282e-06	19306
461138	-4.486554e-06	1.960093e-06	3.119183e-06	20587
452882	-4.486949e-06	1.960212e-06	3.118540e-06	20587
262738	-5.287706e-06	1.960224e-06	3.393524e-06	19306
444626	-4.487344e-06	1.960331e-06	3.117897e-06	20587
254482	-5.288141e-06	1.960364e-06	3.392765e-06	19306
436370	-4.487739e-06	1.960450e-06	3.117254e-06	20587
246226	-5.288574e-06	1.960505e-06	3.392007e-06	19306
428114	-4.488134e-06	1.960569e-06	3.116610e-06	20587
237970	-5.289009e-06	1.960645e-06	3.391249e-06	19306
419858	-4.488528e-06	1.960688e-06	3.115967e-06	20587
229714	-5.289443e-06	1.960786e-06	3.390491e-06	19306
411602	-4.488923e-06	1.960808e-06	3.115323e-06	20587
221458	-5.289877e-06	1.960927e-06	3.389733e-06	19306
403346	-4.489317e-06	1.960927e-06	3.114680e-06	20587
395090	-4.489712e-06	1.961046e-06	3.114036e-06	20587
213202	-5.290311e-06	1.961067e-06	3.388974e-06	19306
386834	-4.490106e-06	1.961165e-06	3.113392e-06	20587
204946	-5.290744e-06	1.961208e-06	3.388216e-06	19306
378578	-4.490500e-06	1.961285e-06	3.112749e-06	20587
196690	-5.291178e-06	1.961348e-06	3.387457e-06	19306
370322	-4.490894e-06	1.961404e-06	3.112105e-06	20587
188434	-5.291611e-06	1.961489e-06	3.386699e-06	19306
362066	-4.491288e-06	1.961523e-06	3.111461e-06	20587
180178	-5.292045e-06	1.961629e-06	3.385940e-06	19306
353810	-4.491682e-06	1.961643e-06	3.110817e-06	20587
345554	-4.492076e-06	1.961762e-06	3.110174e-06	20587
171922	-5.292478e-06	1.961770e-06	3.385181e-06	19306
337298	-4.492469e-06	1.961881e-06	3.109529e-06	20587
163666	-5.292911e-06	1.961911e-06	3.384423e-06	19306
329042	-4.492863e-06	1.962001e-06	3.108885e-06	20587
155410	-5.293344e-06	1.962051e-06	3.383664e-06	19306
320786	-4.493256e-06	1.962120e-06	3.108241e-06	20587
147154	-5.293777e-06	1.962192e-06	3.382905e-06	19306
312530	-4.493650e-06	1.962239e-06	3.107597e-06	20587
138898	-5.294210e-06	1.962332e-06	3.382146e-06	19306
304274	-4.494043e-06	1.962359e-06	3.106953e-06	20587
130642	-5.294642e-06	1.962473e-06	3.381387e-06	19306
296018	-4.494436e-06	1.962478e-06	3.106309e-06	20587
287762	-4.494830e-06	1.962597e-06	3.105665e-06	20587
122386	-5.295075e-06	1.962614e-06	3.380628e-06	19306
279506	-4.495223e-06	1.962717e-06	3.105020e-06	20587
114130	-5.295507e-06	1.962754e-06	3.379869e-06	19306
271250	-4.495615e-06	1.962836e-06	3.104376e-06	20587
105874	-5.295939e-06	1.962895e-06	3.379110e-06	19306
262994	-4.496008e-06	1.962956e-06	3.103731e-06	20587
97618	-5.296372e-06	1.963036e-06	3.378350e-06	19306
254738	-4.496401e-06	1.963075e-06	3.103087e-06	20587
89362	-5.296804e-06	1.963177e-06	3.377591e-06	19306
246482	-4.496794e-06	1.963195e-06	3.102442e-06	20587
238226	-4.497186e-06	1.963314e-06	3.101797e-06	20587
81106	-5.297236e-06	1.963317e-06	3.376832e-06	19306
229970	-4.497579e-06	1.963434e-06	3.101153e-06	20587
72850	-5.297668e-06	1.963458e-06	3.376072e-06	19306
221714	-4.497971e-06	1.963553e-06	3.100508e-06	20587
64594	-5.298099e-06	1.963599e-06	3.375313e-06	19306
213458	-4.498363e-06	1.963673e-06	3.099863e-06	20587
56338	-5.298531e-06	1.963740e-06	3.374553e-06	19306
205202	-4.498756e-06	1.963792e-06	3.099218e-06	20587
48082	-5.298963e-06	1.963880e-06	3.373794e-06	19306
196946	-4.499148e-06	1.963911e-06	3.098573e-06	20587
39826	-5.299394e-06	1.964021e-06	3.373034e-06	19306
188690	-4.499540e-06	1.964031e-06	3.097928e-06	20587
180434	-4.499931e-06	1.964151e-06	3.097283e-06	20587
31570	-5.299825e-06	1.964162e-06	3.372274e-06	19306
172178	-4.500323e-06	1.964270e-06	3.096638e-06	20587
23314	-5.300257e-06	1.964303e-06	3.371514e-06	19306
163922	-4.500715e-06	1.964390e-06	3.095993e-06	20587
15058	-5.300688e-06	1.964444e-06	3.370754e-06	19306
155666	-4.501107e-06	1.964509e-06	3.095348e-06	20587
6802	-5.301119e-06	1.964584e-06	3.369994e-06	19306
147410	-4.501498e-06	1.964629e-06	3.094702e-06	20587
139154	-4.501889e-06	1.964748e-06	3.094057e-06	20587
130898	-4.502281e-06	1.964868e-06	3.093412e-06	20587
122642	-4.502672e-06	1.964988e-06	3.092766e-06	20587
114386	-4.503063e-06	1.965107e-06	3.092121e-06	20587
106130	-4.503454e-06	1.965227e-06	3.091475e-06	20587
97874	-4.503845e-06	1.965346e-06	3.090830e-06	20587
89618	-4.504236e-06	1.965466e-06	3.090184e-06	20587
81362	-4.504626e-06	1.965586e-06	3.089538e-06	20587
73106	-4.505017e-06	1.965705e-06	3.088892e-06	20587
64850	-4.505408e-06	1.965825e-06	3.088247e-06	20587
56594	-4.505798e-06	1.965945e-06	3.087601e-06	20587
48338	-4.506188e-06	1.966064e-06	3.086955e-06	20587
40082	-4.506579e-06	1.966184e-06	3.086309e-06	20587
31826	-4.506969e-06	1.966304e-06	3.085663e-06	20587
23570	-4.507359e-06	1.966424e-06	3.085016e-06	20587
15314	-4.507749e-06	1.966543e-06	3.084370e-06	20587
7058	-4.508139e-06	1.966663e-06	3.083724e-06	20587
1154991	-4.202363e-06	1.982599e-06	3.095194e-06	22628
1146735	-4.202754e-06	1.982711e-06	3.094591e-06	22628
1138479	-4.203145e-06	1.982823e-06	3.093989e-06	22628
1130223	-4.203536e-06	1.982934e-06	3.093386e-06	22628
1121967	-4.203926e-06	1.983046e-06	3.092784e-06	22628
1113711	-4.204317e-06	1.983158e-06	3.092181e-06	22628
1105455	-4.204708e-06	1.983269e-06	3.091578e-06	22628
1097199	-4.205098e-06	1.983381e-06	3.090975e-06	22628
1088943	-4.205488e-06	1.983492e-06	3.090373e-06	22628
1080687	-4.205879e-06	1.983604e-06	3.089770e-06	22628
1072431	-4.206269e-06	1.983716e-06	3.089167e-06	22628
1064175	-4.206659e-06	1.983828e-06	3.088564e-06	22628
1055919	-4.207049e-06	1.983939e-06	3.087961e-06	22628
1047663	-4.207439e-06	1.984051e-06	3.087358e-06	22628
1039407	-4.207829e-06	1.984163e-06	3.086754e-06	22628
1031151	-4.208218e-06	1.984275e-06	3.086151e-06	22628
1022895	-4.208608e-06	1.984386e-06	3.085548e-06	22628
1014639	-4.208998e-06	1.984498e-06	3.084945e-06	22628
1006383	-4.209387e-06	1.984610e-06	3.084341e-06	22628
998127	-4.209777e-06	1.984722e-06	3.083738e-06	22628
989871	-4.210166e-06	1.984833e-06	3.083134e-06	22628
981615	-4.210555e-06	1.984945e-06	3.082531e-06	22628
973359	-4.210944e-06	1.985057e-06	3.081927e-06	22628
965103	-4.211333e-06	1.985169e-06	3.081323e-06	22628
956847	-4.211722e-06	1.985281e-06	3.080720e-06	22628
948591	-4.212111e-06	1.985393e-06	3.080116e-06	22628
940335	-4.212500e-06	1.985505e-06	3.079512e-06	22628
932079	-4.212889e-06	1.985617e-06	3.078908e-06	22628
923823	-4.213277e-06	1.985728e-06	3.078304e-06	22628
915567	-4.213665e-06	1.985840e-06	3.077700e-06	22628
907311	-4.214054e-06	1.985952e-06	3.077096e-06	22628
899055	-4.214442e-06	1.986064e-06	3.076492e-06	22628
890799	-4.214830e-06	1.986176e-06	3.075888e-06	22628
882543	-4.215219e-06	1.986288e-06	3.075284e-06	22628
874287	-4.215607e-06	1.986400e-06	3.074679e-06	22628
866031	-4.215995e-06	1.986512e-06	3.074075e-06	22628
857775	-4.216382e-06	1.986624e-06	3.073471e-06	22628
849519	-4.216770e-06	1.986736e-06	3.072866e-06	22628
841263	-4.217158e-06	1.986848e-06	3.072262e-06	22628
833007	-4.217546e-06	1.986960e-06	3.071657e-06	22628
824751	-4.217933e-06	1.987072e-06	3.071053e-06	22628
816495	-4.218321e-06	1.987184e-06	3.070448e-06	22628
808239	-4.218708e-06	1.987296e-06	3.069843e-06	22628
799983	-4.219095e-06	1.987408e-06	3.069238e-06	22628
791727	-4.219482e-06	1.987520e-06	3.068634e-06	22628
783471	-4.219869e-06	1.987632e-06	3.068029e-06	22628
775215	-4.220256e-06	1.987744e-06	3.067424e-06	22628
766959	-4.220643e-06	1.987856e-06	3.066819e-06	22628
758703	-4.221030e-06	1.987969e-06	3.066214e-06	22628
750447	-4.221416e-06	1.988081e-06	3.065609e-06	22628
742191	-4.221803e-06	1.988193e-06	3.065003e-06	22628
733935	-4.222190e-06	1.988305e-06	3.064398e-06	22628
725679	-4.222576e-06	1.988417e-06	3.063793e-06	22628
717423	-4.222962e-06	1.988529e-06	3.063187e-06	22628
709167	-4.223349e-06	1.988642e-06	3.062582e-06	22628
700911	-4.223735e-06	1.988754e-06	3.061977e-06	22628
692655	-4.224121e-06	1.988866e-06	3.061371e-06	22628
684399	-4.224507e-06	1.988978e-06	3.060766e-06	22628
676143	-4.224893e-06	1.989090e-06	3.060160e-06	22628
667887	-4.225279e-06	1.989202e-06	3.059554e-06	22628
659631	-4.225664e-06	1.989315e-06	3.058949e-06	22628
651375	-4.226050e-06	1.989427e-06	3.058343e-06	22628
643119	-4.226436e-06	1.989539e-06	3.057737e-06	22628
634863	-4.226821e-06	1.989652e-06	3.057131e-06	22628
626607	-4.227206e-06	1.989764e-06	3.056525e-06	22628
618351	-4.227591e-06	1.989876e-06	3.055919e-06	22628
610095	-4.227977e-06	1.989988e-06	3.055313e-06	22628
601839	-4.228362e-06	1.990101e-06	3.054707e-06	22628
593583	-4.228747e-06	1.990213e-06	3.054101e-06	22628
585327	-4.229132e-06	1.990325e-06	3.053495e-06	22628
577071	-4.229516e-06	1.990438e-06	3.052888e-06	22628
568815	-4.229901e-06	1.990550e-06	3.052282e-06	22628
560559	-4.230286e-06	1.990662e-06	3.051676e-06	22628
552303	-4.230670e-06	1.990775e-06	3.051069e-06	22628
544047	-4.231055e-06	1.990887e-06	3.050463e-06	22628
535791	-4.231439e-06	1.990999e-06	3.049856e-06	22628
527535	-4.231823e-06	1.991112e-06	3.049249e-06	22628
519279	-4.232208e-06	1.991224e-06	3.048643e-06	22628
511023	-4.232591e-06	1.991337e-06	3.048036e-06	22628
502767	-4.232976e-06	1.991449e-06	3.047429e-06	22628
494511	-4.233360e-06	1.991561e-06	3.046822e-06	22628
486255	-4.233743e-06	1.991674e-06	3.046216e-06	22628
477999	-4.234127e-06	1.991786e-06	3.045609e-06	22628
469743	-4.234511e-06	1.991899e-06	3.045002e-06	22628
461487	-4.234894e-06	1.992011e-06	3.044395e-06	22628
453231	-4.235278e-06	1.992124e-06	3.043788e-06	22628
444975	-4.235661e-06	1.992236e-06	3.043180e-06	22628
436719	-4.236044e-06	1.992349e-06	3.042573e-06	22628
428463	-4.236428e-06	1.992461e-06	3.041966e-06	22628
420207	-4.236811e-06	1.992574e-06	3.041359e-06	22628
411951	-4.237193e-06	1.992686e-06	3.040751e-06	22628
403695	-4.237576e-06	1.992799e-06	3.040144e-06	22628
395439	-4.237959e-06	1.992911e-06	3.039536e-06	22628
387183	-4.238342e-06	1.993024e-06	3.038929e-06	22628
378927	-4.238725e-06	1.993137e-06	3.038321e-06	22628
370671	-4.239108e-06	1.993249e-06	3.037714e-06	22628
362415	-4.239490e-06	1.993362e-06	3.037106e-06	22628
354159	-4.239872e-06	1.993474e-06	3.036498e-06	22628
345903	-4.240254e-06	1.993587e-06	3.035890e-06	22628
337647	-4.240637e-06	1.993700e-06	3.035282e-06	22628
329391	-4.241019e-06	1.993812e-06	3.034675e-06	22628
321135	-4.241401e-06	1.993925e-06	3.034067e-06	22628
312879	-4.241783e-06	1.994038e-06	3.033459e-06	22628
304623	-4.242165e-06	1.994150e-06	3.032850e-06	22628
296367	-4.242546e-06	1.994263e-06	3.032242e-06	22628
288111	-4.242928e-06	1.994376e-06	3.031634e-06	22628
279855	-4.243309e-06	1.994488e-06	3.031026e-06	22628
271599	-4.243691e-06	1.994601e-06	3.030417e-06	22628
263343	-4.244072e-06	1.994714e-06	3.029809e-06	22628
255087	-4.244454e-06	1.994827e-06	3.029201e-06	22628
246831	-4.244835e-06	1.994939e-06	3.028592e-06	22628
238575	-4.245216e-06	1.995052e-06	3.027984e-06	22628
230319	-4.245597e-06	1.995165e-06	3.027375e-06	22628
222063	-4.245978e-06	1.995278e-06	3.026767e-06	22628
213807	-4.246359e-06	1.995390e-06	3.026158e-06	22628
205551	-4.246740e-06	1.995503e-06	3.025549e-06	22628
197295	-4.247120e-06	1.995616e-06	3.024940e-06	22628
189039	-4.247501e-06	1.995729e-06	3.024331e-06	22628
180783	-4.247881e-06	1.995842e-06	3.023722e-06	22628
172527	-4.248262e-06	1.995954e-06	3.023114e-06	22628
164271	-4.248642e-06	1.996067e-06	3.022505e-06	22628
156015	-4.249022e-06	1.996180e-06	3.021896e-06	22628
147759	-4.249403e-06	1.996293e-06	3.021286e-06	22628
139503	-4.249782e-06	1.996406e-06	3.020677e-06	22628
131247	-4.250162e-06	1.996519e-06	3.020068e-06	22628
122991	-4.250542e-06	1.996632e-06	3.019459e-06	22628
114735	-4.250922e-06	1.996744e-06	3.018849e-06	22628
106479	-4.251302e-06	1.996857e-06	3.018240e-06	22628
98223	-4.251681e-06	1.996970e-06	3.017630e-06	22628
89967	-4.252061e-06	1.997083e-06	3.017021e-06	22628
81711	-4.252440e-06	1.997196e-06	3.016411e-06	22628
73455	-4.252820e-06	1.997309e-06	3.015802e-06	22628
65199	-4.253199e-06	1.997422e-06	3.015192e-06	22628
56943	-4.253578e-06	1.997535e-06	3.014582e-06	22628
48687	-4.253957e-06	1.997648e-06	3.013973e-06	22628
40431	-4.254336e-06	1.997761e-06	3.013363e-06	22628
32175	-4.254714e-06	1.997874e-06	3.012753e-06	22628
23919	-4.255093e-06	1.997987e-06	3.012143e-06	22628
15663	-4.255472e-06	1.998100e-06	3.011533e-06	22628
7407	-4.255851e-06	1.998213e-06	3.010923e-06	22628
1155282	-3.768400e-06	2.038301e-06	3.004066e-06	24675
1147026	-3.768777e-06	2.038401e-06	3.003526e-06	24675
1138770	-3.769153e-06	2.038501e-06	3.002986e-06	24675
1130514	-3.769529e-06	2.038601e-06	3.002445e-06	24675
1122258	-3.769905e-06	2.038701e-06	3.001905e-06	24675
1114002	-3.770282e-06	2.038802e-06	3.001365e-06	24675
1105746	-3.770658e-06	2.038902e-06	3.000824e-06	24675
1097490	-3.771034e-06	2.039002e-06	3.000283e-06	24675
1089234	-3.771409e-06	2.039102e-06	2.999743e-06	24675
1080978	-3.771785e-06	2.039202e-06	2.999202e-06	24675
1072722	-3.772161e-06	2.039302e-06	2.998662e-06	24675
1064466	-3.772537e-06	2.039402e-06	2.998121e-06	24675
1056210	-3.772912e-06	2.039503e-06	2.997580e-06	24675
1047954	-3.773288e-06	2.039603e-06	2.997039e-06	24675
1039698	-3.773663e-06	2.039703e-06	2.996498e-06	24675
1031442	-3.774039e-06	2.039803e-06	2.995957e-06	24675
1023186	-3.774414e-06	2.039903e-06	2.995416e-06	24675
1014930	-3.774789e-06	2.040004e-06	2.994875e-06	24675
1006674	-3.775164e-06	2.040104e-06	2.994334e-06	24675
998418	-3.775539e-06	2.040204e-06	2.993793e-06	24675
990162	-3.775914e-06	2.040304e-06	2.993252e-06	24675
981906	-3.776289e-06	2.040405e-06	2.992711e-06	24675
973650	-3.776664e-06	2.040505e-06	2.992169e-06	24675
965394	-3.777038e-06	2.040605e-06	2.991628e-06	24675
957138	-3.777413e-06	2.040706e-06	2.991086e-06	24675
948882	-3.777787e-06	2.040806e-06	2.990545e-06	24675
940626	-3.778162e-06	2.040906e-06	2.990003e-06	24675
932370	-3.778536e-06	2.041007e-06	2.989462e-06	24675
924114	-3.778910e-06	2.041107e-06	2.988920e-06	24675
915858	-3.779284e-06	2.041207e-06	2.988378e-06	24675
907602	-3.779659e-06	2.041308e-06	2.987837e-06	24675
899346	-3.780033e-06	2.041408e-06	2.987295e-06	24675
891090	-3.780407e-06	2.041508e-06	2.986753e-06	24675
882834	-3.780781e-06	2.041609e-06	2.986211e-06	24675
874578	-3.781154e-06	2.041709e-06	2.985669e-06	24675
866322	-3.781528e-06	2.041809e-06	2.985127e-06	24675
858066	-3.781902e-06	2.041910e-06	2.984585e-06	24675
849810	-3.782275e-06	2.042010e-06	2.984043e-06	24675
841554	-3.782649e-06	2.042111e-06	2.983501e-06	24675
833298	-3.783022e-06	2.042211e-06	2.982958e-06	24675
825042	-3.783396e-06	2.042312e-06	2.982416e-06	24675
816786	-3.783769e-06	2.042412e-06	2.981873e-06	24675
808530	-3.784142e-06	2.042513e-06	2.981331e-06	24675
800274	-3.784515e-06	2.042613e-06	2.980789e-06	24675
792018	-3.784888e-06	2.042714e-06	2.980246e-06	24675
783762	-3.785261e-06	2.042814e-06	2.979704e-06	24675
775506	-3.785634e-06	2.042915e-06	2.979161e-06	24675
767250	-3.786007e-06	2.043015e-06	2.978618e-06	24675
758994	-3.786379e-06	2.043116e-06	2.978076e-06	24675
750738	-3.786752e-06	2.043216e-06	2.977533e-06	24675
742482	-3.787124e-06	2.043317e-06	2.976990e-06	24675
734226	-3.787497e-06	2.043417e-06	2.976447e-06	24675
725970	-3.787869e-06	2.043518e-06	2.975904e-06	24675
717714	-3.788241e-06	2.043619e-06	2.975361e-06	24675
709458	-3.788614e-06	2.043719e-06	2.974818e-06	24675
701202	-3.788986e-06	2.043820e-06	2.974275e-06	24675
692946	-3.789358e-06	2.043921e-06	2.973732e-06	24675
684690	-3.789730e-06	2.044021e-06	2.973189e-06	24675
676434	-3.790102e-06	2.044122e-06	2.972645e-06	24675
668178	-3.790473e-06	2.044222e-06	2.972102e-06	24675
659922	-3.790845e-06	2.044323e-06	2.971559e-06	24675
651666	-3.791217e-06	2.044424e-06	2.971015e-06	24675
643410	-3.791588e-06	2.044525e-06	2.970472e-06	24675
635154	-3.791960e-06	2.044625e-06	2.969928e-06	24675
626898	-3.792331e-06	2.044726e-06	2.969385e-06	24675
618642	-3.792702e-06	2.044826e-06	2.968841e-06	24675
610386	-3.793074e-06	2.044927e-06	2.968297e-06	24675
602130	-3.793445e-06	2.045028e-06	2.967754e-06	24675
593874	-3.793816e-06	2.045129e-06	2.967210e-06	24675
585618	-3.794187e-06	2.045230e-06	2.966666e-06	24675
577362	-3.794558e-06	2.045330e-06	2.966122e-06	24675
569106	-3.794928e-06	2.045431e-06	2.965578e-06	24675
560850	-3.795299e-06	2.045532e-06	2.965034e-06	24675
552594	-3.795670e-06	2.045633e-06	2.964490e-06	24675
544338	-3.796041e-06	2.045733e-06	2.963946e-06	24675
536082	-3.796411e-06	2.045834e-06	2.963402e-06	24675
527826	-3.796781e-06	2.045935e-06	2.962857e-06	24675
519570	-3.797152e-06	2.046036e-06	2.962313e-06	24675
511314	-3.797522e-06	2.046137e-06	2.961769e-06	24675
503058	-3.797892e-06	2.046238e-06	2.961224e-06	24675
494802	-3.798262e-06	2.046339e-06	2.960680e-06	24675
486546	-3.798632e-06	2.046439e-06	2.960136e-06	24675
478290	-3.799002e-06	2.046540e-06	2.959591e-06	24675
470034	-3.799372e-06	2.046641e-06	2.959046e-06	24675
461778	-3.799742e-06	2.046742e-06	2.958502e-06	24675
453522	-3.800111e-06	2.046843e-06	2.957957e-06	24675
445266	-3.800481e-06	2.046944e-06	2.957412e-06	24675
437010	-3.800851e-06	2.047045e-06	2.956868e-06	24675
428754	-3.801220e-06	2.047146e-06	2.956323e-06	24675
420498	-3.801589e-06	2.047247e-06	2.955778e-06	24675
412242	-3.801959e-06	2.047348e-06	2.955233e-06	24675
403986	-3.802328e-06	2.047449e-06	2.954688e-06	24675
395730	-3.802697e-06	2.047550e-06	2.954143e-06	24675
387474	-3.803066e-06	2.047650e-06	2.953598e-06	24675
379218	-3.803435e-06	2.047751e-06	2.953052e-06	24675
370962	-3.803804e-06	2.047853e-06	2.952507e-06	24675
362706	-3.804173e-06	2.047954e-06	2.951962e-06	24675
354450	-3.804542e-06	2.048055e-06	2.951416e-06	24675
346194	-3.804910e-06	2.048156e-06	2.950871e-06	24675
337938	-3.805279e-06	2.048257e-06	2.950326e-06	24675
329682	-3.805647e-06	2.048358e-06	2.949780e-06	24675
321426	-3.806016e-06	2.048459e-06	2.949235e-06	24675
313170	-3.806384e-06	2.048560e-06	2.948689e-06	24675
304914	-3.806752e-06	2.048661e-06	2.948143e-06	24675
296658	-3.807120e-06	2.048762e-06	2.947598e-06	24675
288402	-3.807488e-06	2.048863e-06	2.947052e-06	24675
280146	-3.807857e-06	2.048964e-06	2.946506e-06	24675
271890	-3.808224e-06	2.049065e-06	2.945960e-06	24675
263634	-3.808592e-06	2.049167e-06	2.945415e-06	24675
255378	-3.808960e-06	2.049268e-06	2.944869e-06	24675
247122	-3.809328e-06	2.049369e-06	2.944322e-06	24675
238866	-3.809695e-06	2.049470e-06	2.943776e-06	24675
230610	-3.810063e-06	2.049571e-06	2.943230e-06	24675
222354	-3.810430e-06	2.049672e-06	2.942684e-06	24675
214098	-3.810797e-06	2.049773e-06	2.942138e-06	24675
205842	-3.811165e-06	2.049875e-06	2.941592e-06	24675
197586	-3.811532e-06	2.049976e-06	2.941045e-06	24675
189330	-3.811899e-06	2.050077e-06	2.940499e-06	24675
181074	-3.812266e-06	2.050178e-06	2.939952e-06	24675
172818	-3.812633e-06	2.050280e-06	2.939406e-06	24675
164562	-3.813000e-06	2.050381e-06	2.938859e-06	24675
156306	-3.813367e-06	2.050482e-06	2.938313e-06	24675
148050	-3.813733e-06	2.050583e-06	2.937766e-06	24675
139794	-3.814100e-06	2.050685e-06	2.937220e-06	24675
131538	-3.814466e-06	2.050786e-06	2.936673e-06	24675
123282	-3.814833e-06	2.050887e-06	2.936126e-06	24675
115026	-3.815199e-06	2.050989e-06	2.935579e-06	24675
106770	-3.815565e-06	2.051090e-06	2.935032e-06	24675
98514	-3.815932e-06	2.051191e-06	2.934485e-06	24675
90258	-3.816298e-06	2.051293e-06	2.933938e-06	24675
82002	-3.816664e-06	2.051394e-06	2.933391e-06	24675
73746	-3.817030e-06	2.051495e-06	2.932844e-06	24675
65490	-3.817396e-06	2.051597e-06	2.932297e-06	24675
57234	-3.817762e-06	2.051698e-06	2.931750e-06	24675
48978	-3.818127e-06	2.051800e-06	2.931202e-06	24675
40722	-3.818493e-06	2.051901e-06	2.930655e-06	24675
32466	-3.818859e-06	2.052002e-06	2.930107e-06	24675
24210	-3.819224e-06	2.052104e-06	2.929560e-06	24675
15954	-3.819589e-06	2.052205e-06	2.929012e-06	24675
7698	-3.819955e-06	2.052307e-06	2.928465e-06	24675
1152821	-2.587754e-06	2.061612e-06	2.593845e-06	13169
1144565	-2.588071e-06	2.061681e-06	2.593474e-06	13169
1136309	-2.588388e-06	2.061750e-06	2.593104e-06	13169
1128053	-2.588705e-06	2.061818e-06	2.592732e-06	13169
1119797	-2.589022e-06	2.061887e-06	2.592361e-06	13169
1111541	-2.589338e-06	2.061956e-06	2.591990e-06	13169
1103285	-2.589655e-06	2.062024e-06	2.591619e-06	13169
1095029	-2.589972e-06	2.062093e-06	2.591248e-06	13169
1086773	-2.590288e-06	2.062162e-06	2.590877e-06	13169
1078517	-2.590605e-06	2.062231e-06	2.590506e-06	13169
1070261	-2.590921e-06	2.062299e-06	2.590134e-06	13169
1062005	-2.591238e-06	2.062368e-06	2.589763e-06	13169
1053749	-2.591554e-06	2.062437e-06	2.589391e-06	13169
1045493	-2.591871e-06	2.062506e-06	2.589020e-06	13169
1037237	-2.592187e-06	2.062574e-06	2.588649e-06	13169
1028981	-2.592503e-06	2.062643e-06	2.588277e-06	13169
1020725	-2.592820e-06	2.062712e-06	2.587905e-06	13169
1012469	-2.593136e-06	2.062781e-06	2.587534e-06	13169
1004213	-2.593452e-06	2.062850e-06	2.587162e-06	13169
995957	-2.593768e-06	2.062918e-06	2.586790e-06	13169
987701	-2.594084e-06	2.062987e-06	2.586419e-06	13169
979445	-2.594400e-06	2.063056e-06	2.586047e-06	13169
971189	-2.594716e-06	2.063125e-06	2.585675e-06	13169
962933	-2.595031e-06	2.063194e-06	2.585303e-06	13169
954677	-2.595347e-06	2.063263e-06	2.584931e-06	13169
946421	-2.595663e-06	2.063332e-06	2.584559e-06	13169
938165	-2.595978e-06	2.063400e-06	2.584187e-06	13169
929909	-2.596294e-06	2.063469e-06	2.583815e-06	13169
921653	-2.596610e-06	2.063538e-06	2.583443e-06	13169
913397	-2.596925e-06	2.063607e-06	2.583071e-06	13169
905141	-2.597240e-06	2.063676e-06	2.582698e-06	13169
896885	-2.597556e-06	2.063745e-06	2.582326e-06	13169
888629	-2.597871e-06	2.063814e-06	2.581954e-06	13169
880373	-2.598186e-06	2.063883e-06	2.581582e-06	13169
872117	-2.598502e-06	2.063952e-06	2.581209e-06	13169
863861	-2.598817e-06	2.064021e-06	2.580837e-06	13169
855605	-2.599132e-06	2.064090e-06	2.580464e-06	13169
847349	-2.599447e-06	2.064159e-06	2.580092e-06	13169
839093	-2.599762e-06	2.064228e-06	2.579719e-06	13169
830837	-2.600077e-06	2.064297e-06	2.579347e-06	13169
822581	-2.600392e-06	2.064366e-06	2.578974e-06	13169
814325	-2.600706e-06	2.064435e-06	2.578601e-06	13169
806069	-2.601021e-06	2.064504e-06	2.578228e-06	13169
797813	-2.601336e-06	2.064573e-06	2.577855e-06	13169
789557	-2.601651e-06	2.064642e-06	2.577483e-06	13169
781301	-2.601965e-06	2.064711e-06	2.577110e-06	13169
773045	-2.602280e-06	2.064780e-06	2.576737e-06	13169
764789	-2.602594e-06	2.064849e-06	2.576364e-06	13169
756533	-2.602909e-06	2.064918e-06	2.575991e-06	13169
748277	-2.603223e-06	2.064987e-06	2.575618e-06	13169
740021	-2.603537e-06	2.065056e-06	2.575244e-06	13169
731765	-2.603851e-06	2.065125e-06	2.574871e-06	13169
723509	-2.604166e-06	2.065194e-06	2.574498e-06	13169
715253	-2.604480e-06	2.065264e-06	2.574125e-06	13169
706997	-2.604794e-06	2.065333e-06	2.573752e-06	13169
698741	-2.605108e-06	2.065402e-06	2.573378e-06	13169
690485	-2.605422e-06	2.065471e-06	2.573005e-06	13169
682229	-2.605736e-06	2.065540e-06	2.572632e-06	13169
673973	-2.606050e-06	2.065609e-06	2.572258e-06	13169
665717	-2.606364e-06	2.065678e-06	2.571884e-06	13169
657461	-2.606677e-06	2.065748e-06	2.571511e-06	13169
649205	-2.606991e-06	2.065817e-06	2.571137e-06	13169
640949	-2.607305e-06	2.065886e-06	2.570764e-06	13169
632693	-2.607618e-06	2.065955e-06	2.570390e-06	13169
624437	-2.607932e-06	2.066024e-06	2.570016e-06	13169
616181	-2.608245e-06	2.066093e-06	2.569642e-06	13169
607925	-2.608559e-06	2.066163e-06	2.569268e-06	13169
599669	-2.608872e-06	2.066232e-06	2.568895e-06	13169
591413	-2.609185e-06	2.066301e-06	2.568521e-06	13169
583157	-2.609499e-06	2.066370e-06	2.568147e-06	13169
574901	-2.609812e-06	2.066440e-06	2.567773e-06	13169
566645	-2.610125e-06	2.066509e-06	2.567398e-06	13169
558389	-2.610438e-06	2.066578e-06	2.567024e-06	13169
550133	-2.610751e-06	2.066648e-06	2.566650e-06	13169
541877	-2.611064e-06	2.066717e-06	2.566276e-06	13169
533621	-2.611377e-06	2.066786e-06	2.565902e-06	13169
525365	-2.611690e-06	2.066855e-06	2.565528e-06	13169
517109	-2.612003e-06	2.066925e-06	2.565153e-06	13169
508853	-2.612316e-06	2.066994e-06	2.564779e-06	13169
500597	-2.612628e-06	2.067063e-06	2.564404e-06	13169
492341	-2.612941e-06	2.067133e-06	2.564030e-06	13169
484085	-2.613254e-06	2.067202e-06	2.563655e-06	13169
475829	-2.613566e-06	2.067271e-06	2.563281e-06	13169
467573	-2.613879e-06	2.067341e-06	2.562906e-06	13169
459317	-2.614191e-06	2.067410e-06	2.562532e-06	13169
451061	-2.614504e-06	2.067479e-06	2.562157e-06	13169
442805	-2.614816e-06	2.067549e-06	2.561782e-06	13169
434549	-2.615128e-06	2.067618e-06	2.561407e-06	13169
426293	-2.615440e-06	2.067688e-06	2.561033e-06	13169
418037	-2.615752e-06	2.067757e-06	2.560658e-06	13169
409781	-2.616064e-06	2.067826e-06	2.560283e-06	13169
401525	-2.616377e-06	2.067896e-06	2.559908e-06	13169
393269	-2.616689e-06	2.067965e-06	2.559533e-06	13169
385013	-2.617001e-06	2.068035e-06	2.559158e-06	13169
376757	-2.617312e-06	2.068104e-06	2.558783e-06	13169
368501	-2.617624e-06	2.068174e-06	2.558407e-06	13169
360245	-2.617936e-06	2.068243e-06	2.558032e-06	13169
351989	-2.618248e-06	2.068313e-06	2.557657e-06	13169
343733	-2.618559e-06	2.068382e-06	2.557282e-06	13169
335477	-2.618871e-06	2.068452e-06	2.556907e-06	13169
327221	-2.619182e-06	2.068521e-06	2.556531e-06	13169
318965	-2.619494e-06	2.068591e-06	2.556156e-06	13169
310709	-2.619805e-06	2.068660e-06	2.555780e-06	13169
302453	-2.620117e-06	2.068730e-06	2.555405e-06	13169
294197	-2.620428e-06	2.068799e-06	2.555029e-06	13169
285941	-2.620739e-06	2.068869e-06	2.554654e-06	13169
277685	-2.621050e-06	2.068938e-06	2.554278e-06	13169
269429	-2.621362e-06	2.069008e-06	2.553902e-06	13169
261173	-2.621673e-06	2.069077e-06	2.553527e-06	13169
252917	-2.621984e-06	2.069147e-06	2.553151e-06	13169
244661	-2.622295e-06	2.069217e-06	2.552775e-06	13169
236405	-2.622606e-06	2.069286e-06	2.552399e-06	13169
228149	-2.622917e-06	2.069356e-06	2.552023e-06	13169
219893	-2.623227e-06	2.069426e-06	2.551647e-06	13169
211637	-2.623538e-06	2.069495e-06	2.551271e-06	13169
203381	-2.623849e-06	2.069565e-06	2.550895e-06	13169
195125	-2.624159e-06	2.069635e-06	2.550519e-06	13169
186869	-2.624470e-06	2.069704e-06	2.550143e-06	13169
178613	-2.624781e-06	2.069774e-06	2.549767e-06	13169
170357	-2.625091e-06	2.069844e-06	2.549391e-06	13169
162101	-2.625402e-06	2.069913e-06	2.549014e-06	13169
153845	-2.625712e-06	2.069983e-06	2.548638e-06	13169
145589	-2.626022e-06	2.070052e-06	2.548262e-06	13169
137333	-2.626332e-06	2.070122e-06	2.547886e-06	13169
129077	-2.626643e-06	2.070192e-06	2.547509e-06	13169
120821	-2.626953e-06	2.070262e-06	2.547132e-06	13169
112565	-2.627263e-06	2.070331e-06	2.546756e-06	13169
104309	-2.627573e-06	2.070401e-06	2.546379e-06	13169
96053	-2.627883e-06	2.070471e-06	2.546003e-06	13169
87797	-2.628193e-06	2.070540e-06	2.545626e-06	13169
79541	-2.628503e-06	2.070610e-06	2.545250e-06	13169
71285	-2.628813e-06	2.070680e-06	2.544873e-06	13169
63029	-2.629122e-06	2.070750e-06	2.544496e-06	13169
54773	-2.629432e-06	2.070820e-06	2.544119e-06	13169
46517	-2.629742e-06	2.070889e-06	2.543742e-06	13169
38261	-2.630051e-06	2.070959e-06	2.543365e-06	13169
30005	-2.630361e-06	2.071029e-06	2.542988e-06	13169
21749	-2.630670e-06	2.071099e-06	2.542611e-06	13169
13493	-2.630980e-06	2.071169e-06	2.542234e-06	13169
5237	-2.631289e-06	2.071238e-06	2.541857e-06	13169
1154655	-3.888039e-06	2.097921e-06	3.075392e-06	20600
1146399	-3.888424e-06	2.098024e-06	3.074835e-06	20600
1138143	-3.888809e-06	2.098127e-06	3.074277e-06	20600
1129887	-3.889194e-06	2.098231e-06	3.073720e-06	20600
1121631	-3.889579e-06	2.098334e-06	3.073162e-06	20600
1113375	-3.889963e-06	2.098437e-06	3.072605e-06	20600
1105119	-3.890348e-06	2.098541e-06	3.072047e-06	20600
1096863	-3.890733e-06	2.098644e-06	3.071489e-06	20600
1088607	-3.891117e-06	2.098747e-06	3.070932e-06	20600
1080351	-3.891502e-06	2.098850e-06	3.070374e-06	20600
1072095	-3.891886e-06	2.098954e-06	3.069816e-06	20600
1063839	-3.892270e-06	2.099057e-06	3.069258e-06	20600
1055583	-3.892655e-06	2.099161e-06	3.068700e-06	20600
1047327	-3.893038e-06	2.099264e-06	3.068142e-06	20600
1039071	-3.893423e-06	2.099367e-06	3.067584e-06	20600
1030815	-3.893806e-06	2.099471e-06	3.067026e-06	20600
1022559	-3.894190e-06	2.099574e-06	3.066468e-06	20600
1014303	-3.894574e-06	2.099677e-06	3.065909e-06	20600
1006047	-3.894958e-06	2.099781e-06	3.065351e-06	20600
997791	-3.895341e-06	2.099884e-06	3.064793e-06	20600
989535	-3.895725e-06	2.099988e-06	3.064234e-06	20600
981279	-3.896108e-06	2.100091e-06	3.063676e-06	20600
973023	-3.896492e-06	2.100195e-06	3.063117e-06	20600
964767	-3.896875e-06	2.100298e-06	3.062559e-06	20600
956511	-3.897258e-06	2.100402e-06	3.062000e-06	20600
948255	-3.897641e-06	2.100505e-06	3.061441e-06	20600
939999	-3.898024e-06	2.100609e-06	3.060883e-06	20600
931743	-3.898407e-06	2.100712e-06	3.060324e-06	20600
923487	-3.898790e-06	2.100816e-06	3.059765e-06	20600
915231	-3.899173e-06	2.100919e-06	3.059206e-06	20600
906975	-3.899555e-06	2.101023e-06	3.058647e-06	20600
898719	-3.899938e-06	2.101126e-06	3.058088e-06	20600
890463	-3.900321e-06	2.101230e-06	3.057529e-06	20600
882207	-3.900703e-06	2.101334e-06	3.056970e-06	20600
873951	-3.901086e-06	2.101437e-06	3.056411e-06	20600
865695	-3.901468e-06	2.101541e-06	3.055852e-06	20600
857439	-3.901850e-06	2.101644e-06	3.055292e-06	20600
849183	-3.902232e-06	2.101748e-06	3.054733e-06	20600
840927	-3.902614e-06	2.101852e-06	3.054174e-06	20600
832671	-3.902996e-06	2.101955e-06	3.053614e-06	20600
824415	-3.903378e-06	2.102059e-06	3.053055e-06	20600
816159	-3.903760e-06	2.102163e-06	3.052495e-06	20600
807903	-3.904142e-06	2.102266e-06	3.051936e-06	20600
799647	-3.904523e-06	2.102370e-06	3.051376e-06	20600
791391	-3.904905e-06	2.102474e-06	3.050816e-06	20600
783135	-3.905286e-06	2.102577e-06	3.050257e-06	20600
774879	-3.905667e-06	2.102681e-06	3.049697e-06	20600
766623	-3.906049e-06	2.102785e-06	3.049137e-06	20600
758367	-3.906430e-06	2.102888e-06	3.048577e-06	20600
750111	-3.906811e-06	2.102992e-06	3.048017e-06	20600
741855	-3.907192e-06	2.103096e-06	3.047457e-06	20600
733599	-3.907573e-06	2.103200e-06	3.046897e-06	20600
725343	-3.907954e-06	2.103304e-06	3.046337e-06	20600
717087	-3.908335e-06	2.103407e-06	3.045776e-06	20600
708831	-3.908715e-06	2.103511e-06	3.045216e-06	20600
700575	-3.909096e-06	2.103615e-06	3.044656e-06	20600
692319	-3.909476e-06	2.103719e-06	3.044095e-06	20600
684063	-3.909857e-06	2.103822e-06	3.043535e-06	20600
675807	-3.910237e-06	2.103926e-06	3.042974e-06	20600
667551	-3.910618e-06	2.104030e-06	3.042414e-06	20600
659295	-3.910998e-06	2.104134e-06	3.041853e-06	20600
651039	-3.911378e-06	2.104238e-06	3.041293e-06	20600
642783	-3.911758e-06	2.104342e-06	3.040732e-06	20600
634527	-3.912138e-06	2.104446e-06	3.040171e-06	20600
626271	-3.912518e-06	2.104550e-06	3.039610e-06	20600
618015	-3.912897e-06	2.104654e-06	3.039049e-06	20600
609759	-3.913277e-06	2.104757e-06	3.038489e-06	20600
601503	-3.913657e-06	2.104861e-06	3.037928e-06	20600
593247	-3.914036e-06	2.104965e-06	3.037367e-06	20600
584991	-3.914416e-06	2.105069e-06	3.036806e-06	20600
576735	-3.914795e-06	2.105173e-06	3.036244e-06	20600
568479	-3.915174e-06	2.105277e-06	3.035683e-06	20600
560223	-3.915553e-06	2.105381e-06	3.035122e-06	20600
551967	-3.915933e-06	2.105485e-06	3.034561e-06	20600
543711	-3.916311e-06	2.105589e-06	3.033999e-06	20600
535455	-3.916691e-06	2.105693e-06	3.033438e-06	20600
527199	-3.917070e-06	2.105797e-06	3.032877e-06	20600
518943	-3.917448e-06	2.105901e-06	3.032315e-06	20600
510687	-3.917827e-06	2.106005e-06	3.031753e-06	20600
502431	-3.918205e-06	2.106109e-06	3.031192e-06	20600
494175	-3.918584e-06	2.106213e-06	3.030630e-06	20600
485919	-3.918963e-06	2.106317e-06	3.030068e-06	20600
477663	-3.919341e-06	2.106421e-06	3.029507e-06	20600
469407	-3.919719e-06	2.106525e-06	3.028945e-06	20600
461151	-3.920097e-06	2.106630e-06	3.028383e-06	20600
452895	-3.920476e-06	2.106734e-06	3.027821e-06	20600
444639	-3.920853e-06	2.106838e-06	3.027259e-06	20600
436383	-3.921231e-06	2.106942e-06	3.026697e-06	20600
428127	-3.921609e-06	2.107046e-06	3.026135e-06	20600
419871	-3.921987e-06	2.107150e-06	3.025573e-06	20600
411615	-3.922365e-06	2.107254e-06	3.025010e-06	20600
403359	-3.922743e-06	2.107359e-06	3.024448e-06	20600
395103	-3.923120e-06	2.107463e-06	3.023886e-06	20600
386847	-3.923497e-06	2.107567e-06	3.023323e-06	20600
378591	-3.923875e-06	2.107671e-06	3.022761e-06	20600
370335	-3.924252e-06	2.107775e-06	3.022198e-06	20600
362079	-3.924629e-06	2.107879e-06	3.021636e-06	20600
353823	-3.925006e-06	2.107984e-06	3.021073e-06	20600
345567	-3.925384e-06	2.108088e-06	3.020511e-06	20600
337311	-3.925760e-06	2.108192e-06	3.019948e-06	20600
329055	-3.926137e-06	2.108296e-06	3.019385e-06	20600
320799	-3.926514e-06	2.108401e-06	3.018822e-06	20600
312543	-3.926891e-06	2.108505e-06	3.018259e-06	20600
304287	-3.927267e-06	2.108609e-06	3.017696e-06	20600
296031	-3.927644e-06	2.108714e-06	3.017133e-06	20600
287775	-3.928020e-06	2.108818e-06	3.016570e-06	20600
279519	-3.928397e-06	2.108922e-06	3.016007e-06	20600
271263	-3.928773e-06	2.109027e-06	3.015444e-06	20600
263007	-3.929149e-06	2.109131e-06	3.014881e-06	20600
254751	-3.929526e-06	2.109235e-06	3.014318e-06	20600
246495	-3.929901e-06	2.109340e-06	3.013754e-06	20600
238239	-3.930277e-06	2.109444e-06	3.013191e-06	20600
229983	-3.930653e-06	2.109548e-06	3.012628e-06	20600
221727	-3.931029e-06	2.109653e-06	3.012064e-06	20600
213471	-3.931405e-06	2.109757e-06	3.011501e-06	20600
205215	-3.931780e-06	2.109861e-06	3.010937e-06	20600
196959	-3.932156e-06	2.109966e-06	3.010374e-06	20600
188703	-3.932531e-06	2.110070e-06	3.009810e-06	20600
180447	-3.932907e-06	2.110175e-06	3.009246e-06	20600
172191	-3.933282e-06	2.110279e-06	3.008682e-06	20600
163935	-3.933657e-06	2.110384e-06	3.008118e-06	20600
155679	-3.934032e-06	2.110488e-06	3.007555e-06	20600
147423	-3.934407e-06	2.110593e-06	3.006991e-06	20600
139167	-3.934782e-06	2.110697e-06	3.006427e-06	20600
130911	-3.935157e-06	2.110802e-06	3.005862e-06	20600
122655	-3.935532e-06	2.110906e-06	3.005298e-06	20600
114399	-3.935907e-06	2.111011e-06	3.004734e-06	20600
106143	-3.936281e-06	2.111115e-06	3.004170e-06	20600
97887	-3.936656e-06	2.111220e-06	3.003606e-06	20600
89631	-3.937030e-06	2.111324e-06	3.003041e-06	20600
81375	-3.937404e-06	2.111429e-06	3.002477e-06	20600
73119	-3.937779e-06	2.111534e-06	3.001913e-06	20600
64863	-3.938153e-06	2.111638e-06	3.001348e-06	20600
56607	-3.938527e-06	2.111743e-06	3.000784e-06	20600
48351	-3.938901e-06	2.111847e-06	3.000219e-06	20600
40095	-3.939275e-06	2.111952e-06	2.999654e-06	20600
31839	-3.939649e-06	2.112057e-06	2.999090e-06	20600
23583	-3.940022e-06	2.112161e-06	2.998525e-06	20600
15327	-3.940396e-06	2.112266e-06	2.997960e-06	20600
7071	-3.940770e-06	2.112371e-06	2.997395e-06	20600
1154996	-5.886019e-06	2.120663e-06	3.833246e-06	22633
1146740	-5.886513e-06	2.120820e-06	3.832402e-06	22633
1138484	-5.887005e-06	2.120976e-06	3.831558e-06	22633
1130228	-5.887498e-06	2.121132e-06	3.830714e-06	22633
1121972	-5.887991e-06	2.121289e-06	3.829870e-06	22633
1113716	-5.888483e-06	2.121445e-06	3.829026e-06	22633
1105460	-5.888976e-06	2.121601e-06	3.828182e-06	22633
1097204	-5.889468e-06	2.121758e-06	3.827338e-06	22633
1088948	-5.889961e-06	2.121915e-06	3.826493e-06	22633
1080692	-5.890453e-06	2.122071e-06	3.825649e-06	22633
1072436	-5.890945e-06	2.122227e-06	3.824804e-06	22633
1064180	-5.891437e-06	2.122384e-06	3.823960e-06	22633
1055924	-5.891929e-06	2.122541e-06	3.823116e-06	22633
1047668	-5.892420e-06	2.122697e-06	3.822271e-06	22633
1039412	-5.892912e-06	2.122854e-06	3.821426e-06	22633
1031156	-5.893403e-06	2.123010e-06	3.820581e-06	22633
1022900	-5.893894e-06	2.123167e-06	3.819736e-06	22633
1014644	-5.894386e-06	2.123323e-06	3.818891e-06	22633
1006388	-5.894876e-06	2.123480e-06	3.818046e-06	22633
998132	-5.895367e-06	2.123636e-06	3.817201e-06	22633
989876	-5.895858e-06	2.123793e-06	3.816356e-06	22633
981620	-5.896349e-06	2.123950e-06	3.815511e-06	22633
973364	-5.896839e-06	2.124106e-06	3.814665e-06	22633
965108	-5.897330e-06	2.124263e-06	3.813820e-06	22633
956852	-5.897820e-06	2.124420e-06	3.812974e-06	22633
948596	-5.898310e-06	2.124576e-06	3.812129e-06	22633
940340	-5.898800e-06	2.124733e-06	3.811283e-06	22633
932084	-5.899290e-06	2.124890e-06	3.810437e-06	22633
923828	-5.899779e-06	2.125047e-06	3.809592e-06	22633
915572	-5.900269e-06	2.125203e-06	3.808746e-06	22633
907316	-5.900759e-06	2.125360e-06	3.807900e-06	22633
899060	-5.901248e-06	2.125517e-06	3.807054e-06	22633
890804	-5.901737e-06	2.125674e-06	3.806208e-06	22633
882548	-5.902226e-06	2.125830e-06	3.805362e-06	22633
874292	-5.902715e-06	2.125987e-06	3.804516e-06	22633
866036	-5.903205e-06	2.126144e-06	3.803669e-06	22633
857780	-5.903693e-06	2.126301e-06	3.802823e-06	22633
849524	-5.904182e-06	2.126458e-06	3.801977e-06	22633
841268	-5.904670e-06	2.126615e-06	3.801130e-06	22633
833012	-5.905159e-06	2.126772e-06	3.800284e-06	22633
824756	-5.905647e-06	2.126928e-06	3.799437e-06	22633
816500	-5.906135e-06	2.127085e-06	3.798591e-06	22633
808244	-5.906623e-06	2.127242e-06	3.797744e-06	22633
799988	-5.907111e-06	2.127399e-06	3.796897e-06	22633
791732	-5.907598e-06	2.127556e-06	3.796050e-06	22633
783476	-5.908086e-06	2.127713e-06	3.795203e-06	22633
775220	-5.908574e-06	2.127870e-06	3.794356e-06	22633
766964	-5.909061e-06	2.128027e-06	3.793509e-06	22633
758708	-5.909548e-06	2.128184e-06	3.792662e-06	22633
750452	-5.910035e-06	2.128341e-06	3.791815e-06	22633
742196	-5.910522e-06	2.128498e-06	3.790967e-06	22633
733940	-5.911009e-06	2.128655e-06	3.790120e-06	22633
725684	-5.911496e-06	2.128812e-06	3.789273e-06	22633
717428	-5.911982e-06	2.128969e-06	3.788425e-06	22633
709172	-5.912469e-06	2.129126e-06	3.787577e-06	22633
700916	-5.912955e-06	2.129283e-06	3.786730e-06	22633
692660	-5.913442e-06	2.129440e-06	3.785882e-06	22633
684404	-5.913927e-06	2.129598e-06	3.785034e-06	22633
676148	-5.914414e-06	2.129755e-06	3.784186e-06	22633
667892	-5.914900e-06	2.129912e-06	3.783339e-06	22633
659636	-5.915385e-06	2.130069e-06	3.782491e-06	22633
651380	-5.915871e-06	2.130226e-06	3.781643e-06	22633
1154654	-3.881033e-06	2.130375e-06	3.098971e-06	20599
643124	-5.916356e-06	2.130383e-06	3.780794e-06	22633
1146398	-3.881421e-06	2.130478e-06	3.098415e-06	20599
634868	-5.916841e-06	2.130541e-06	3.779946e-06	22633
1138142	-3.881808e-06	2.130581e-06	3.097859e-06	20599
1129886	-3.882195e-06	2.130684e-06	3.097302e-06	20599
626612	-5.917327e-06	2.130698e-06	3.779098e-06	22633
1121630	-3.882583e-06	2.130787e-06	3.096746e-06	20599
618356	-5.917812e-06	2.130855e-06	3.778249e-06	22633
1113374	-3.882970e-06	2.130891e-06	3.096189e-06	20599
1105118	-3.883357e-06	2.130994e-06	3.095632e-06	20599
610100	-5.918297e-06	2.131012e-06	3.777401e-06	22633
1096862	-3.883744e-06	2.131097e-06	3.095076e-06	20599
601844	-5.918782e-06	2.131169e-06	3.776553e-06	22633
1088606	-3.884131e-06	2.131200e-06	3.094519e-06	20599
1080350	-3.884518e-06	2.131303e-06	3.093962e-06	20599
593588	-5.919267e-06	2.131327e-06	3.775704e-06	22633
1072094	-3.884905e-06	2.131406e-06	3.093405e-06	20599
585332	-5.919751e-06	2.131484e-06	3.774855e-06	22633
1063838	-3.885292e-06	2.131509e-06	3.092848e-06	20599
1055582	-3.885679e-06	2.131613e-06	3.092291e-06	20599
577076	-5.920236e-06	2.131641e-06	3.774007e-06	22633
1047326	-3.886065e-06	2.131716e-06	3.091734e-06	20599
568820	-5.920720e-06	2.131799e-06	3.773158e-06	22633
1039070	-3.886452e-06	2.131819e-06	3.091177e-06	20599
1030814	-3.886838e-06	2.131922e-06	3.090620e-06	20599
560564	-5.921204e-06	2.131956e-06	3.772309e-06	22633
1022558	-3.887224e-06	2.132025e-06	3.090063e-06	20599
552308	-5.921688e-06	2.132113e-06	3.771460e-06	22633
1014302	-3.887611e-06	2.132129e-06	3.089506e-06	20599
1006046	-3.887997e-06	2.132232e-06	3.088948e-06	20599
544052	-5.922172e-06	2.132271e-06	3.770611e-06	22633
997790	-3.888383e-06	2.132335e-06	3.088391e-06	20599
535796	-5.922656e-06	2.132428e-06	3.769762e-06	22633
989534	-3.888769e-06	2.132438e-06	3.087834e-06	20599
981278	-3.889155e-06	2.132542e-06	3.087276e-06	20599
527540	-5.923140e-06	2.132585e-06	3.768913e-06	22633
973022	-3.889541e-06	2.132645e-06	3.086719e-06	20599
519284	-5.923624e-06	2.132743e-06	3.768064e-06	22633
964766	-3.889927e-06	2.132748e-06	3.086161e-06	20599
956510	-3.890313e-06	2.132851e-06	3.085604e-06	20599
511028	-5.924107e-06	2.132900e-06	3.767215e-06	22633
948254	-3.890698e-06	2.132955e-06	3.085046e-06	20599
502772	-5.924590e-06	2.133057e-06	3.766366e-06	22633
939998	-3.891084e-06	2.133058e-06	3.084488e-06	20599
931742	-3.891469e-06	2.133161e-06	3.083930e-06	20599
494516	-5.925073e-06	2.133215e-06	3.765516e-06	22633
923486	-3.891855e-06	2.133265e-06	3.083373e-06	20599
915230	-3.892240e-06	2.133368e-06	3.082815e-06	20599
486260	-5.925557e-06	2.133372e-06	3.764667e-06	22633
906974	-3.892625e-06	2.133472e-06	3.082257e-06	20599
478004	-5.926040e-06	2.133530e-06	3.763817e-06	22633
898718	-3.893010e-06	2.133575e-06	3.081699e-06	20599
890462	-3.893395e-06	2.133678e-06	3.081141e-06	20599
469748	-5.926522e-06	2.133687e-06	3.762967e-06	22633
882206	-3.893780e-06	2.133782e-06	3.080582e-06	20599
461492	-5.927005e-06	2.133845e-06	3.762118e-06	22633
873950	-3.894165e-06	2.133885e-06	3.080024e-06	20599
865694	-3.894550e-06	2.133988e-06	3.079466e-06	20599
453236	-5.927488e-06	2.134002e-06	3.761268e-06	22633
1154333	-2.738656e-06	2.134007e-06	2.687910e-06	19051
1146077	-2.738985e-06	2.134079e-06	2.687517e-06	19051
857438	-3.894935e-06	2.134092e-06	3.078908e-06	20599
1137821	-2.739313e-06	2.134152e-06	2.687124e-06	19051
444980	-5.927970e-06	2.134160e-06	3.760418e-06	22633
849182	-3.895319e-06	2.134195e-06	3.078349e-06	20599
1129565	-2.739642e-06	2.134225e-06	2.686732e-06	19051
1121309	-2.739970e-06	2.134297e-06	2.686339e-06	19051
840926	-3.895704e-06	2.134299e-06	3.077791e-06	20599
436724	-5.928453e-06	2.134317e-06	3.759568e-06	22633
1113053	-2.740299e-06	2.134370e-06	2.685946e-06	19051
832670	-3.896088e-06	2.134402e-06	3.077233e-06	20599
1104797	-2.740627e-06	2.134443e-06	2.685553e-06	19051
428468	-5.928935e-06	2.134474e-06	3.758719e-06	22633
824414	-3.896473e-06	2.134506e-06	3.076674e-06	20599
1096541	-2.740955e-06	2.134515e-06	2.685161e-06	19051
1088285	-2.741283e-06	2.134588e-06	2.684768e-06	19051
816158	-3.896857e-06	2.134609e-06	3.076115e-06	20599
420212	-5.929417e-06	2.134632e-06	3.757869e-06	22633
1080029	-2.741611e-06	2.134661e-06	2.684375e-06	19051
807902	-3.897241e-06	2.134713e-06	3.075557e-06	20599
1071773	-2.741939e-06	2.134734e-06	2.683982e-06	19051
411956	-5.929899e-06	2.134790e-06	3.757018e-06	22633
1063517	-2.742267e-06	2.134806e-06	2.683589e-06	19051
799646	-3.897625e-06	2.134816e-06	3.074998e-06	20599
1055261	-2.742595e-06	2.134879e-06	2.683196e-06	19051
791390	-3.898009e-06	2.134920e-06	3.074440e-06	20599
403700	-5.930380e-06	2.134947e-06	3.756168e-06	22633
1047005	-2.742923e-06	2.134952e-06	2.682803e-06	19051
783134	-3.898393e-06	2.135023e-06	3.073881e-06	20599
1038749	-2.743251e-06	2.135025e-06	2.682410e-06	19051
1030493	-2.743579e-06	2.135098e-06	2.682016e-06	19051
395444	-5.930862e-06	2.135105e-06	3.755318e-06	22633
774878	-3.898777e-06	2.135127e-06	3.073322e-06	20599
1022237	-2.743907e-06	2.135170e-06	2.681623e-06	19051
766622	-3.899161e-06	2.135230e-06	3.072763e-06	20599
1013981	-2.744234e-06	2.135243e-06	2.681230e-06	19051
387188	-5.931344e-06	2.135262e-06	3.754468e-06	22633
1005725	-2.744562e-06	2.135316e-06	2.680837e-06	19051
758366	-3.899544e-06	2.135334e-06	3.072204e-06	20599
997469	-2.744889e-06	2.135389e-06	2.680443e-06	19051
378932	-5.931825e-06	2.135420e-06	3.753617e-06	22633
750110	-3.899928e-06	2.135437e-06	3.071645e-06	20599
989213	-2.745217e-06	2.135462e-06	2.680050e-06	19051
980957	-2.745544e-06	2.135535e-06	2.679656e-06	19051
741854	-3.900312e-06	2.135541e-06	3.071086e-06	20599
370676	-5.932307e-06	2.135577e-06	3.752767e-06	22633
972701	-2.745872e-06	2.135607e-06	2.679263e-06	19051
733598	-3.900695e-06	2.135644e-06	3.070527e-06	20599
964445	-2.746199e-06	2.135680e-06	2.678869e-06	19051
362420	-5.932788e-06	2.135735e-06	3.751916e-06	22633
725342	-3.901079e-06	2.135748e-06	3.069968e-06	20599
956189	-2.746526e-06	2.135753e-06	2.678476e-06	19051
947933	-2.746853e-06	2.135826e-06	2.678082e-06	19051
717086	-3.901462e-06	2.135852e-06	3.069408e-06	20599
354164	-5.933269e-06	2.135893e-06	3.751066e-06	22633
939677	-2.747180e-06	2.135899e-06	2.677688e-06	19051
708830	-3.901845e-06	2.135955e-06	3.068849e-06	20599
931421	-2.747508e-06	2.135972e-06	2.677294e-06	19051
923165	-2.747835e-06	2.136045e-06	2.676901e-06	19051
345908	-5.933749e-06	2.136050e-06	3.750215e-06	22633
700574	-3.902228e-06	2.136059e-06	3.068290e-06	20599
914909	-2.748161e-06	2.136118e-06	2.676507e-06	19051
692318	-3.902611e-06	2.136162e-06	3.067730e-06	20599
906653	-2.748488e-06	2.136191e-06	2.676113e-06	19051
337652	-5.934231e-06	2.136208e-06	3.749365e-06	22633
898397	-2.748815e-06	2.136264e-06	2.675719e-06	19051
684062	-3.902995e-06	2.136266e-06	3.067171e-06	20599
890141	-2.749142e-06	2.136337e-06	2.675325e-06	19051
329396	-5.934711e-06	2.136366e-06	3.748514e-06	22633
675806	-3.903377e-06	2.136370e-06	3.066611e-06	20599
881885	-2.749469e-06	2.136410e-06	2.674931e-06	19051
667550	-3.903760e-06	2.136473e-06	3.066052e-06	20599
873629	-2.749795e-06	2.136483e-06	2.674537e-06	19051
321140	-5.935192e-06	2.136523e-06	3.747663e-06	22633
865373	-2.750122e-06	2.136556e-06	2.674143e-06	19051
659294	-3.904143e-06	2.136577e-06	3.065492e-06	20599
857117	-2.750448e-06	2.136629e-06	2.673748e-06	19051
651038	-3.904525e-06	2.136681e-06	3.064933e-06	20599
312884	-5.935672e-06	2.136681e-06	3.746812e-06	22633
848861	-2.750775e-06	2.136702e-06	2.673354e-06	19051
840605	-2.751101e-06	2.136775e-06	2.672960e-06	19051
642782	-3.904908e-06	2.136784e-06	3.064373e-06	20599
304628	-5.936152e-06	2.136839e-06	3.745961e-06	22633
832349	-2.751428e-06	2.136848e-06	2.672566e-06	19051
634526	-3.905291e-06	2.136888e-06	3.063813e-06	20599
824093	-2.751754e-06	2.136921e-06	2.672171e-06	19051
626270	-3.905673e-06	2.136992e-06	3.063253e-06	20599
815837	-2.752080e-06	2.136994e-06	2.671777e-06	19051
296372	-5.936633e-06	2.136996e-06	3.745110e-06	22633
807581	-2.752406e-06	2.137067e-06	2.671382e-06	19051
618014	-3.906055e-06	2.137096e-06	3.062694e-06	20599
799325	-2.752733e-06	2.137140e-06	2.670988e-06	19051
288116	-5.937113e-06	2.137154e-06	3.744259e-06	22633
609758	-3.906438e-06	2.137199e-06	3.062134e-06	20599
791069	-2.753059e-06	2.137213e-06	2.670593e-06	19051
782813	-2.753385e-06	2.137286e-06	2.670199e-06	19051
601502	-3.906820e-06	2.137303e-06	3.061574e-06	20599
279860	-5.937593e-06	2.137312e-06	3.743408e-06	22633
774557	-2.753711e-06	2.137359e-06	2.669804e-06	19051
593246	-3.907202e-06	2.137407e-06	3.061014e-06	20599
766301	-2.754036e-06	2.137432e-06	2.669409e-06	19051
271604	-5.938072e-06	2.137470e-06	3.742557e-06	22633
758045	-2.754362e-06	2.137505e-06	2.669015e-06	19051
584990	-3.907584e-06	2.137511e-06	3.060454e-06	20599
749789	-2.754688e-06	2.137578e-06	2.668620e-06	19051
576734	-3.907965e-06	2.137614e-06	3.059893e-06	20599
263348	-5.938552e-06	2.137627e-06	3.741705e-06	22633
741533	-2.755014e-06	2.137651e-06	2.668225e-06	19051
568478	-3.908347e-06	2.137718e-06	3.059333e-06	20599
733277	-2.755339e-06	2.137725e-06	2.667830e-06	19051
255092	-5.939032e-06	2.137785e-06	3.740854e-06	22633
725021	-2.755665e-06	2.137798e-06	2.667435e-06	19051
560222	-3.908729e-06	2.137822e-06	3.058773e-06	20599
716765	-2.755991e-06	2.137871e-06	2.667040e-06	19051
551966	-3.909111e-06	2.137926e-06	3.058213e-06	20599
246836	-5.939511e-06	2.137943e-06	3.740003e-06	22633
708509	-2.756316e-06	2.137944e-06	2.666645e-06	19051
700253	-2.756641e-06	2.138017e-06	2.666250e-06	19051
543710	-3.909492e-06	2.138029e-06	3.057652e-06	20599
691997	-2.756967e-06	2.138090e-06	2.665855e-06	19051
238580	-5.939990e-06	2.138101e-06	3.739151e-06	22633
535454	-3.909874e-06	2.138133e-06	3.057092e-06	20599
683741	-2.757292e-06	2.138163e-06	2.665460e-06	19051
675485	-2.757617e-06	2.138237e-06	2.665065e-06	19051
527198	-3.910255e-06	2.138237e-06	3.056531e-06	20599
230324	-5.940470e-06	2.138259e-06	3.738299e-06	22633
667229	-2.757943e-06	2.138310e-06	2.664669e-06	19051
518942	-3.910636e-06	2.138341e-06	3.055971e-06	20599
658973	-2.758268e-06	2.138383e-06	2.664274e-06	19051
222068	-5.940949e-06	2.138417e-06	3.737448e-06	22633
510686	-3.911018e-06	2.138445e-06	3.055410e-06	20599
650717	-2.758593e-06	2.138456e-06	2.663879e-06	19051
642461	-2.758918e-06	2.138529e-06	2.663483e-06	19051
502430	-3.911399e-06	2.138549e-06	3.054849e-06	20599
213812	-5.941427e-06	2.138574e-06	3.736596e-06	22633
634205	-2.759243e-06	2.138603e-06	2.663088e-06	19051
494174	-3.911780e-06	2.138653e-06	3.054289e-06	20599
625949	-2.759568e-06	2.138676e-06	2.662692e-06	19051
205556	-5.941906e-06	2.138732e-06	3.735744e-06	22633
617693	-2.759893e-06	2.138749e-06	2.662297e-06	19051
485918	-3.912161e-06	2.138756e-06	3.053728e-06	20599
609437	-2.760217e-06	2.138822e-06	2.661901e-06	19051
477662	-3.912542e-06	2.138860e-06	3.053167e-06	20599
197300	-5.942385e-06	2.138890e-06	3.734892e-06	22633
601181	-2.760542e-06	2.138896e-06	2.661506e-06	19051
469406	-3.912923e-06	2.138964e-06	3.052606e-06	20599
592925	-2.760867e-06	2.138969e-06	2.661110e-06	19051
584669	-2.761191e-06	2.139042e-06	2.660714e-06	19051
189044	-5.942863e-06	2.139048e-06	3.734040e-06	22633
461150	-3.913303e-06	2.139068e-06	3.052045e-06	20599
576413	-2.761516e-06	2.139115e-06	2.660319e-06	19051
452894	-3.913684e-06	2.139172e-06	3.051485e-06	20599
568157	-2.761840e-06	2.139189e-06	2.659923e-06	19051
180788	-5.943342e-06	2.139206e-06	3.733188e-06	22633
559901	-2.762165e-06	2.139262e-06	2.659527e-06	19051
444638	-3.914065e-06	2.139276e-06	3.050923e-06	20599
551645	-2.762489e-06	2.139335e-06	2.659131e-06	19051
172532	-5.943820e-06	2.139364e-06	3.732336e-06	22633
436382	-3.914445e-06	2.139380e-06	3.050362e-06	20599
543389	-2.762813e-06	2.139409e-06	2.658735e-06	19051
535133	-2.763138e-06	2.139482e-06	2.658339e-06	19051
428126	-3.914825e-06	2.139484e-06	3.049801e-06	20599
164276	-5.944299e-06	2.139522e-06	3.731484e-06	22633
526877	-2.763462e-06	2.139555e-06	2.657943e-06	19051
419870	-3.915206e-06	2.139588e-06	3.049240e-06	20599
518621	-2.763786e-06	2.139629e-06	2.657547e-06	19051
156020	-5.944777e-06	2.139680e-06	3.730632e-06	22633
411614	-3.915586e-06	2.139692e-06	3.048679e-06	20599
510365	-2.764110e-06	2.139702e-06	2.657151e-06	19051
502109	-2.764434e-06	2.139775e-06	2.656755e-06	19051
403358	-3.915966e-06	2.139796e-06	3.048117e-06	20599
147764	-5.945255e-06	2.139838e-06	3.729780e-06	22633
493853	-2.764758e-06	2.139849e-06	2.656358e-06	19051
395102	-3.916346e-06	2.139900e-06	3.047556e-06	20599
485597	-2.765082e-06	2.139922e-06	2.655962e-06	19051
477341	-2.765406e-06	2.139996e-06	2.655566e-06	19051
139508	-5.945732e-06	2.139996e-06	3.728927e-06	22633
386846	-3.916726e-06	2.140004e-06	3.046995e-06	20599
469085	-2.765730e-06	2.140069e-06	2.655169e-06	19051
378590	-3.917106e-06	2.140108e-06	3.046433e-06	20599
460829	-2.766053e-06	2.140142e-06	2.654773e-06	19051
131252	-5.946210e-06	2.140154e-06	3.728075e-06	22633
370334	-3.917486e-06	2.140212e-06	3.045872e-06	20599
452573	-2.766377e-06	2.140216e-06	2.654376e-06	19051
444317	-2.766701e-06	2.140289e-06	2.653980e-06	19051
122996	-5.946687e-06	2.140312e-06	3.727223e-06	22633
362078	-3.917865e-06	2.140316e-06	3.045310e-06	20599
436061	-2.767024e-06	2.140363e-06	2.653583e-06	19051
353822	-3.918245e-06	2.140420e-06	3.044748e-06	20599
427805	-2.767347e-06	2.140436e-06	2.653187e-06	19051
114740	-5.947165e-06	2.140470e-06	3.726370e-06	22633
419549	-2.767671e-06	2.140509e-06	2.652790e-06	19051
345566	-3.918625e-06	2.140524e-06	3.044187e-06	20599
411293	-2.767994e-06	2.140583e-06	2.652394e-06	19051
106484	-5.947642e-06	2.140628e-06	3.725517e-06	22633
337310	-3.919004e-06	2.140628e-06	3.043625e-06	20599
403037	-2.768318e-06	2.140657e-06	2.651997e-06	19051
394781	-2.768641e-06	2.140730e-06	2.651600e-06	19051
329054	-3.919384e-06	2.140732e-06	3.043063e-06	20599
98228	-5.948119e-06	2.140786e-06	3.724665e-06	22633
386525	-2.768964e-06	2.140803e-06	2.651203e-06	19051
320798	-3.919763e-06	2.140836e-06	3.042501e-06	20599
378269	-2.769287e-06	2.140877e-06	2.650806e-06	19051
312542	-3.920142e-06	2.140940e-06	3.041940e-06	20599
89972	-5.948596e-06	2.140944e-06	3.723812e-06	22633
370013	-2.769610e-06	2.140950e-06	2.650409e-06	19051
361757	-2.769933e-06	2.141024e-06	2.650012e-06	19051
304286	-3.920522e-06	2.141044e-06	3.041378e-06	20599
353501	-2.770256e-06	2.141097e-06	2.649615e-06	19051
81716	-5.949073e-06	2.141102e-06	3.722959e-06	22633
296030	-3.920900e-06	2.141149e-06	3.040815e-06	20599
345245	-2.770579e-06	2.141171e-06	2.649218e-06	19051
336989	-2.770902e-06	2.141245e-06	2.648821e-06	19051
287774	-3.921280e-06	2.141253e-06	3.040253e-06	20599
73460	-5.949550e-06	2.141260e-06	3.722106e-06	22633
328733	-2.771225e-06	2.141318e-06	2.648424e-06	19051
279518	-3.921658e-06	2.141357e-06	3.039691e-06	20599
320477	-2.771548e-06	2.141392e-06	2.648027e-06	19051
65204	-5.950027e-06	2.141418e-06	3.721253e-06	22633
271262	-3.922037e-06	2.141461e-06	3.039129e-06	20599
312221	-2.771870e-06	2.141465e-06	2.647630e-06	19051
303965	-2.772193e-06	2.141539e-06	2.647232e-06	19051
263006	-3.922416e-06	2.141565e-06	3.038567e-06	20599
56948	-5.950503e-06	2.141576e-06	3.720400e-06	22633
295709	-2.772515e-06	2.141612e-06	2.646835e-06	19051
254750	-3.922794e-06	2.141669e-06	3.038005e-06	20599
287453	-2.772838e-06	2.141686e-06	2.646437e-06	19051
48692	-5.950979e-06	2.141734e-06	3.719547e-06	22633
279197	-2.773160e-06	2.141760e-06	2.646040e-06	19051
246494	-3.923173e-06	2.141774e-06	3.037442e-06	20599
270941	-2.773483e-06	2.141833e-06	2.645643e-06	19051
238238	-3.923552e-06	2.141878e-06	3.036880e-06	20599
40436	-5.951456e-06	2.141892e-06	3.718694e-06	22633
262685	-2.773805e-06	2.141907e-06	2.645245e-06	19051
254429	-2.774127e-06	2.141980e-06	2.644847e-06	19051
229982	-3.923930e-06	2.141982e-06	3.036318e-06	20599
32180	-5.951932e-06	2.142050e-06	3.717841e-06	22633
246173	-2.774450e-06	2.142054e-06	2.644450e-06	19051
221726	-3.924308e-06	2.142086e-06	3.035755e-06	20599
237917	-2.774771e-06	2.142128e-06	2.644052e-06	19051
213470	-3.924687e-06	2.142190e-06	3.035193e-06	20599
229661	-2.775094e-06	2.142201e-06	2.643654e-06	19051
23924	-5.952408e-06	2.142209e-06	3.716987e-06	22633
221405	-2.775416e-06	2.142275e-06	2.643257e-06	19051
205214	-3.925064e-06	2.142295e-06	3.034630e-06	20599
213149	-2.775738e-06	2.142348e-06	2.642859e-06	19051
15668	-5.952884e-06	2.142367e-06	3.716134e-06	22633
196958	-3.925443e-06	2.142399e-06	3.034067e-06	20599
204893	-2.776060e-06	2.142422e-06	2.642461e-06	19051
196637	-2.776381e-06	2.142496e-06	2.642063e-06	19051
188702	-3.925821e-06	2.142503e-06	3.033505e-06	20599
7412	-5.953360e-06	2.142525e-06	3.715280e-06	22633
188381	-2.776703e-06	2.142570e-06	2.641665e-06	19051
180446	-3.926199e-06	2.142607e-06	3.032942e-06	20599
180125	-2.777025e-06	2.142643e-06	2.641267e-06	19051
172190	-3.926576e-06	2.142712e-06	3.032379e-06	20599
171869	-2.777346e-06	2.142717e-06	2.640869e-06	19051
163613	-2.777668e-06	2.142791e-06	2.640471e-06	19051
163934	-3.926954e-06	2.142816e-06	3.031816e-06	20599
155357	-2.777990e-06	2.142864e-06	2.640073e-06	19051
155678	-3.927332e-06	2.142920e-06	3.031253e-06	20599
147101	-2.778311e-06	2.142938e-06	2.639675e-06	19051
138845	-2.778633e-06	2.143012e-06	2.639277e-06	19051
147422	-3.927709e-06	2.143024e-06	3.030690e-06	20599
130589	-2.778954e-06	2.143086e-06	2.638878e-06	19051
139166	-3.928087e-06	2.143129e-06	3.030127e-06	20599
122333	-2.779275e-06	2.143159e-06	2.638480e-06	19051
130910	-3.928464e-06	2.143233e-06	3.029564e-06	20599
114077	-2.779597e-06	2.143233e-06	2.638081e-06	19051
105821	-2.779918e-06	2.143307e-06	2.637683e-06	19051
122654	-3.928842e-06	2.143337e-06	3.029001e-06	20599
97565	-2.780239e-06	2.143381e-06	2.637285e-06	19051
114398	-3.929219e-06	2.143442e-06	3.028438e-06	20599
89309	-2.780560e-06	2.143455e-06	2.636886e-06	19051
81053	-2.780881e-06	2.143528e-06	2.636488e-06	19051
106142	-3.929596e-06	2.143546e-06	3.027874e-06	20599
72797	-2.781202e-06	2.143602e-06	2.636089e-06	19051
97886	-3.929973e-06	2.143651e-06	3.027311e-06	20599
64541	-2.781523e-06	2.143676e-06	2.635690e-06	19051
56285	-2.781843e-06	2.143750e-06	2.635292e-06	19051
89630	-3.930350e-06	2.143755e-06	3.026748e-06	20599
48029	-2.782164e-06	2.143824e-06	2.634893e-06	19051
81374	-3.930727e-06	2.143859e-06	3.026184e-06	20599
39773	-2.782485e-06	2.143898e-06	2.634494e-06	19051
73118	-3.931103e-06	2.143964e-06	3.025621e-06	20599
31517	-2.782806e-06	2.143971e-06	2.634095e-06	19051
23261	-2.783126e-06	2.144045e-06	2.633697e-06	19051
64862	-3.931480e-06	2.144068e-06	3.025057e-06	20599
15005	-2.783447e-06	2.144119e-06	2.633298e-06	19051
56606	-3.931857e-06	2.144172e-06	3.024494e-06	20599
6749	-2.783767e-06	2.144193e-06	2.632899e-06	19051
48350	-3.932234e-06	2.144277e-06	3.023930e-06	20599
40094	-3.932610e-06	2.144381e-06	3.023366e-06	20599
31838	-3.932986e-06	2.144486e-06	3.022803e-06	20599
23582	-3.933363e-06	2.144590e-06	3.022239e-06	20599
15326	-3.933739e-06	2.144695e-06	3.021675e-06	20599
7070	-3.934115e-06	2.144799e-06	3.021111e-06	20599
1154600	-4.404486e-06	2.164806e-06	3.342717e-06	20338
1146344	-4.404908e-06	2.164923e-06	3.342086e-06	20338
1138088	-4.405329e-06	2.165040e-06	3.341454e-06	20338
1129832	-4.405751e-06	2.165157e-06	3.340823e-06	20338
1121576	-4.406172e-06	2.165274e-06	3.340191e-06	20338
1113320	-4.406593e-06	2.165391e-06	3.339559e-06	20338
1105064	-4.407014e-06	2.165508e-06	3.338928e-06	20338
1096808	-4.407435e-06	2.165625e-06	3.338296e-06	20338
1088552	-4.407857e-06	2.165742e-06	3.337664e-06	20338
1080296	-4.408278e-06	2.165859e-06	3.337032e-06	20338
1072040	-4.408698e-06	2.165976e-06	3.336400e-06	20338
1063784	-4.409119e-06	2.166094e-06	3.335768e-06	20338
1055528	-4.409540e-06	2.166211e-06	3.335136e-06	20338
1047272	-4.409960e-06	2.166328e-06	3.334504e-06	20338
1039016	-4.410380e-06	2.166445e-06	3.333872e-06	20338
1030760	-4.410801e-06	2.166562e-06	3.333240e-06	20338
1022504	-4.411221e-06	2.166679e-06	3.332607e-06	20338
1014248	-4.411641e-06	2.166796e-06	3.331975e-06	20338
1005992	-4.412061e-06	2.166913e-06	3.331343e-06	20338
997736	-4.412481e-06	2.167031e-06	3.330710e-06	20338
989480	-4.412901e-06	2.167148e-06	3.330078e-06	20338
981224	-4.413321e-06	2.167265e-06	3.329445e-06	20338
972968	-4.413740e-06	2.167382e-06	3.328812e-06	20338
964712	-4.414160e-06	2.167499e-06	3.328179e-06	20338
956456	-4.414580e-06	2.167617e-06	3.327547e-06	20338
948200	-4.414999e-06	2.167734e-06	3.326914e-06	20338
939944	-4.415418e-06	2.167851e-06	3.326281e-06	20338
931688	-4.415837e-06	2.167968e-06	3.325648e-06	20338
923432	-4.416257e-06	2.168086e-06	3.325015e-06	20338
915176	-4.416675e-06	2.168203e-06	3.324382e-06	20338
906920	-4.417094e-06	2.168320e-06	3.323749e-06	20338
898664	-4.417513e-06	2.168438e-06	3.323115e-06	20338
890408	-4.417932e-06	2.168555e-06	3.322482e-06	20338
882152	-4.418351e-06	2.168672e-06	3.321849e-06	20338
873896	-4.418769e-06	2.168790e-06	3.321215e-06	20338
865640	-4.419187e-06	2.168907e-06	3.320582e-06	20338
857384	-4.419606e-06	2.169024e-06	3.319949e-06	20338
849128	-4.420024e-06	2.169142e-06	3.319315e-06	20338
840872	-4.420442e-06	2.169259e-06	3.318681e-06	20338
832616	-4.420860e-06	2.169377e-06	3.318048e-06	20338
824360	-4.421278e-06	2.169494e-06	3.317414e-06	20338
816104	-4.421696e-06	2.169611e-06	3.316780e-06	20338
807848	-4.422114e-06	2.169729e-06	3.316146e-06	20338
799592	-4.422532e-06	2.169846e-06	3.315512e-06	20338
791336	-4.422949e-06	2.169964e-06	3.314878e-06	20338
783080	-4.423367e-06	2.170081e-06	3.314244e-06	20338
774824	-4.423784e-06	2.170199e-06	3.313610e-06	20338
766568	-4.424202e-06	2.170316e-06	3.312976e-06	20338
758312	-4.424619e-06	2.170434e-06	3.312342e-06	20338
750056	-4.425036e-06	2.170551e-06	3.311707e-06	20338
741800	-4.425453e-06	2.170669e-06	3.311073e-06	20338
733544	-4.425870e-06	2.170786e-06	3.310439e-06	20338
725288	-4.426287e-06	2.170904e-06	3.309804e-06	20338
717032	-4.426704e-06	2.171021e-06	3.309170e-06	20338
708776	-4.427120e-06	2.171139e-06	3.308535e-06	20338
700520	-4.427537e-06	2.171256e-06	3.307900e-06	20338
692264	-4.427953e-06	2.171374e-06	3.307266e-06	20338
684008	-4.428370e-06	2.171492e-06	3.306631e-06	20338
675752	-4.428786e-06	2.171609e-06	3.305996e-06	20338
667496	-4.429202e-06	2.171727e-06	3.305361e-06	20338
659240	-4.429618e-06	2.171845e-06	3.304726e-06	20338
650984	-4.430034e-06	2.171962e-06	3.304091e-06	20338
642728	-4.430450e-06	2.172080e-06	3.303456e-06	20338
634472	-4.430866e-06	2.172198e-06	3.302821e-06	20338
626216	-4.431281e-06	2.172315e-06	3.302186e-06	20338
617960	-4.431697e-06	2.172433e-06	3.301551e-06	20338
609704	-4.432113e-06	2.172551e-06	3.300915e-06	20338
601448	-4.432528e-06	2.172668e-06	3.300280e-06	20338
593192	-4.432944e-06	2.172786e-06	3.299645e-06	20338
584936	-4.433359e-06	2.172904e-06	3.299009e-06	20338
576680	-4.433774e-06	2.173022e-06	3.298373e-06	20338
568424	-4.434189e-06	2.173139e-06	3.297738e-06	20338
560168	-4.434604e-06	2.173257e-06	3.297102e-06	20338
551912	-4.435019e-06	2.173375e-06	3.296467e-06	20338
543656	-4.435434e-06	2.173493e-06	3.295831e-06	20338
535400	-4.435848e-06	2.173610e-06	3.295195e-06	20338
527144	-4.436263e-06	2.173728e-06	3.294559e-06	20338
518888	-4.436678e-06	2.173846e-06	3.293923e-06	20338
510632	-4.437092e-06	2.173964e-06	3.293287e-06	20338
502376	-4.437506e-06	2.174082e-06	3.292651e-06	20338
494120	-4.437920e-06	2.174200e-06	3.292015e-06	20338
485864	-4.438334e-06	2.174318e-06	3.291379e-06	20338
477608	-4.438748e-06	2.174435e-06	3.290742e-06	20338
469352	-4.439162e-06	2.174553e-06	3.290106e-06	20338
461096	-4.439576e-06	2.174671e-06	3.289470e-06	20338
452840	-4.439990e-06	2.174789e-06	3.288833e-06	20338
444584	-4.440404e-06	2.174907e-06	3.288197e-06	20338
436328	-4.440817e-06	2.175025e-06	3.287560e-06	20338
428072	-4.441230e-06	2.175143e-06	3.286923e-06	20338
419816	-4.441644e-06	2.175261e-06	3.286287e-06	20338
411560	-4.442057e-06	2.175379e-06	3.285650e-06	20338
403304	-4.442470e-06	2.175497e-06	3.285013e-06	20338
395048	-4.442883e-06	2.175615e-06	3.284376e-06	20338
386792	-4.443296e-06	2.175733e-06	3.283739e-06	20338
378536	-4.443709e-06	2.175851e-06	3.283103e-06	20338
370280	-4.444122e-06	2.175969e-06	3.282466e-06	20338
362024	-4.444535e-06	2.176087e-06	3.281828e-06	20338
353768	-4.444948e-06	2.176205e-06	3.281191e-06	20338
345512	-4.445360e-06	2.176323e-06	3.280554e-06	20338
337256	-4.445772e-06	2.176441e-06	3.279917e-06	20338
329000	-4.446184e-06	2.176559e-06	3.279280e-06	20338
320744	-4.446597e-06	2.176677e-06	3.278642e-06	20338
312488	-4.447009e-06	2.176796e-06	3.278005e-06	20338
304232	-4.447421e-06	2.176914e-06	3.277367e-06	20338
295976	-4.447833e-06	2.177032e-06	3.276730e-06	20338
287720	-4.448245e-06	2.177150e-06	3.276092e-06	20338
279464	-4.448656e-06	2.177268e-06	3.275454e-06	20338
271208	-4.449068e-06	2.177386e-06	3.274816e-06	20338
262952	-4.449480e-06	2.177504e-06	3.274179e-06	20338
254696	-4.449891e-06	2.177622e-06	3.273541e-06	20338
246440	-4.450303e-06	2.177741e-06	3.272903e-06	20338
238184	-4.450714e-06	2.177859e-06	3.272265e-06	20338
229928	-4.451125e-06	2.177977e-06	3.271627e-06	20338
221672	-4.451536e-06	2.178095e-06	3.270989e-06	20338
213416	-4.451947e-06	2.178214e-06	3.270351e-06	20338
205160	-4.452358e-06	2.178332e-06	3.269713e-06	20338
196904	-4.452769e-06	2.178450e-06	3.269074e-06	20338
188648	-4.453179e-06	2.178568e-06	3.268436e-06	20338
180392	-4.453590e-06	2.178687e-06	3.267797e-06	20338
172136	-4.454001e-06	2.178805e-06	3.267159e-06	20338
163880	-4.454411e-06	2.178923e-06	3.266520e-06	20338
155624	-4.454821e-06	2.179042e-06	3.265882e-06	20338
147368	-4.455232e-06	2.179160e-06	3.265243e-06	20338
139112	-4.455642e-06	2.179278e-06	3.264605e-06	20338
130856	-4.456052e-06	2.179396e-06	3.263966e-06	20338
122600	-4.456462e-06	2.179515e-06	3.263327e-06	20338
114344	-4.456871e-06	2.179633e-06	3.262688e-06	20338
106088	-4.457282e-06	2.179752e-06	3.262049e-06	20338
97832	-4.457691e-06	2.179870e-06	3.261410e-06	20338
89576	-4.458101e-06	2.179988e-06	3.260771e-06	20338
81320	-4.458510e-06	2.180107e-06	3.260132e-06	20338
73064	-4.458920e-06	2.180225e-06	3.259493e-06	20338
64808	-4.459329e-06	2.180344e-06	3.258854e-06	20338
56552	-4.459738e-06	2.180462e-06	3.258215e-06	20338
48296	-4.460147e-06	2.180581e-06	3.257575e-06	20338
40040	-4.460556e-06	2.180699e-06	3.256936e-06	20338
31784	-4.460965e-06	2.180818e-06	3.256296e-06	20338
23528	-4.461374e-06	2.180936e-06	3.255657e-06	20338
15272	-4.461783e-06	2.181054e-06	3.255017e-06	20338
7016	-4.462191e-06	2.181173e-06	3.254378e-06	20338
1154278	-2.815298e-06	2.203871e-06	2.769862e-06	18795
1146022	-2.815637e-06	2.203946e-06	2.769458e-06	18795
1137766	-2.815975e-06	2.204021e-06	2.769054e-06	18795
1129510	-2.816314e-06	2.204096e-06	2.768651e-06	18795
1121254	-2.816652e-06	2.204170e-06	2.768247e-06	18795
1112998	-2.816990e-06	2.204245e-06	2.767843e-06	18795
1104742	-2.817328e-06	2.204320e-06	2.767440e-06	18795
1096486	-2.817666e-06	2.204395e-06	2.767036e-06	18795
1088230	-2.818005e-06	2.204469e-06	2.766632e-06	18795
1079974	-2.818342e-06	2.204544e-06	2.766228e-06	18795
1071718	-2.818680e-06	2.204619e-06	2.765824e-06	18795
1063462	-2.819018e-06	2.204694e-06	2.765420e-06	18795
1055206	-2.819356e-06	2.204769e-06	2.765016e-06	18795
1046950	-2.819694e-06	2.204843e-06	2.764612e-06	18795
1038694	-2.820032e-06	2.204918e-06	2.764208e-06	18795
1030438	-2.820369e-06	2.204993e-06	2.763804e-06	18795
1022182	-2.820707e-06	2.205068e-06	2.763399e-06	18795
1013926	-2.821044e-06	2.205143e-06	2.762995e-06	18795
1005670	-2.821382e-06	2.205218e-06	2.762591e-06	18795
997414	-2.821719e-06	2.205293e-06	2.762186e-06	18795
989158	-2.822056e-06	2.205367e-06	2.761782e-06	18795
980902	-2.822394e-06	2.205442e-06	2.761377e-06	18795
972646	-2.822731e-06	2.205517e-06	2.760973e-06	18795
964390	-2.823068e-06	2.205592e-06	2.760568e-06	18795
956134	-2.823405e-06	2.205667e-06	2.760164e-06	18795
947878	-2.823742e-06	2.205742e-06	2.759759e-06	18795
939622	-2.824079e-06	2.205817e-06	2.759354e-06	18795
931366	-2.824416e-06	2.205892e-06	2.758949e-06	18795
923110	-2.824753e-06	2.205967e-06	2.758544e-06	18795
914854	-2.825090e-06	2.206042e-06	2.758140e-06	18795
906598	-2.825426e-06	2.206117e-06	2.757735e-06	18795
898342	-2.825763e-06	2.206192e-06	2.757330e-06	18795
890086	-2.826100e-06	2.206267e-06	2.756925e-06	18795
881830	-2.826436e-06	2.206342e-06	2.756520e-06	18795
873574	-2.826773e-06	2.206417e-06	2.756115e-06	18795
865318	-2.827109e-06	2.206492e-06	2.755709e-06	18795
857062	-2.827446e-06	2.206567e-06	2.755304e-06	18795
848806	-2.827782e-06	2.206642e-06	2.754899e-06	18795
840550	-2.828118e-06	2.206717e-06	2.754494e-06	18795
832294	-2.828454e-06	2.206792e-06	2.754088e-06	18795
824038	-2.828790e-06	2.206867e-06	2.753683e-06	18795
815782	-2.829127e-06	2.206942e-06	2.753277e-06	18795
807526	-2.829462e-06	2.207017e-06	2.752872e-06	18795
799270	-2.829798e-06	2.207092e-06	2.752466e-06	18795
791014	-2.830134e-06	2.207167e-06	2.752061e-06	18795
782758	-2.830470e-06	2.207242e-06	2.751655e-06	18795
774502	-2.830806e-06	2.207318e-06	2.751249e-06	18795
766246	-2.831142e-06	2.207393e-06	2.750844e-06	18795
757990	-2.831477e-06	2.207468e-06	2.750438e-06	18795
749734	-2.831813e-06	2.207543e-06	2.750032e-06	18795
741478	-2.832148e-06	2.207618e-06	2.749626e-06	18795
733222	-2.832484e-06	2.207693e-06	2.749220e-06	18795
724966	-2.832819e-06	2.207769e-06	2.748814e-06	18795
716710	-2.833155e-06	2.207844e-06	2.748408e-06	18795
708454	-2.833490e-06	2.207919e-06	2.748002e-06	18795
700198	-2.833825e-06	2.207994e-06	2.747596e-06	18795
691942	-2.834160e-06	2.208069e-06	2.747190e-06	18795
683686	-2.834495e-06	2.208144e-06	2.746784e-06	18795
675430	-2.834830e-06	2.208220e-06	2.746377e-06	18795
667174	-2.835165e-06	2.208295e-06	2.745971e-06	18795
658918	-2.835500e-06	2.208370e-06	2.745565e-06	18795
650662	-2.835835e-06	2.208445e-06	2.745158e-06	18795
642406	-2.836170e-06	2.208521e-06	2.744752e-06	18795
634150	-2.836505e-06	2.208596e-06	2.744345e-06	18795
625894	-2.836839e-06	2.208671e-06	2.743939e-06	18795
617638	-2.837174e-06	2.208747e-06	2.743532e-06	18795
609382	-2.837509e-06	2.208822e-06	2.743125e-06	18795
601126	-2.837843e-06	2.208897e-06	2.742719e-06	18795
592870	-2.838178e-06	2.208973e-06	2.742312e-06	18795
584614	-2.838512e-06	2.209048e-06	2.741905e-06	18795
576358	-2.838846e-06	2.209123e-06	2.741498e-06	18795
568102	-2.839181e-06	2.209199e-06	2.741091e-06	18795
559846	-2.839515e-06	2.209274e-06	2.740685e-06	18795
551590	-2.839849e-06	2.209349e-06	2.740278e-06	18795
543334	-2.840183e-06	2.209425e-06	2.739870e-06	18795
535078	-2.840517e-06	2.209500e-06	2.739463e-06	18795
526822	-2.840851e-06	2.209576e-06	2.739056e-06	18795
518566	-2.841185e-06	2.209651e-06	2.738649e-06	18795
510310	-2.841519e-06	2.209726e-06	2.738242e-06	18795
502054	-2.841852e-06	2.209802e-06	2.737834e-06	18795
493798	-2.842186e-06	2.209877e-06	2.737427e-06	18795
485542	-2.842520e-06	2.209953e-06	2.737020e-06	18795
477286	-2.842854e-06	2.210028e-06	2.736612e-06	18795
469030	-2.843187e-06	2.210104e-06	2.736205e-06	18795
460774	-2.843520e-06	2.210179e-06	2.735797e-06	18795
452518	-2.843854e-06	2.210254e-06	2.735390e-06	18795
444262	-2.844187e-06	2.210330e-06	2.734982e-06	18795
436006	-2.844521e-06	2.210405e-06	2.734575e-06	18795
427750	-2.844854e-06	2.210481e-06	2.734167e-06	18795
419494	-2.845187e-06	2.210556e-06	2.733759e-06	18795
411238	-2.845520e-06	2.210632e-06	2.733351e-06	18795
402982	-2.845853e-06	2.210707e-06	2.732943e-06	18795
394726	-2.846186e-06	2.210783e-06	2.732535e-06	18795
386470	-2.846519e-06	2.210858e-06	2.732128e-06	18795
378214	-2.846852e-06	2.210934e-06	2.731720e-06	18795
369958	-2.847185e-06	2.211010e-06	2.731311e-06	18795
361702	-2.847517e-06	2.211085e-06	2.730903e-06	18795
353446	-2.847850e-06	2.211161e-06	2.730495e-06	18795
345190	-2.848183e-06	2.211236e-06	2.730087e-06	18795
336934	-2.848515e-06	2.211312e-06	2.729679e-06	18795
328678	-2.848848e-06	2.211387e-06	2.729271e-06	18795
320422	-2.849180e-06	2.211463e-06	2.728862e-06	18795
312166	-2.849513e-06	2.211539e-06	2.728454e-06	18795
303910	-2.849845e-06	2.211614e-06	2.728046e-06	18795
295654	-2.850177e-06	2.211690e-06	2.727637e-06	18795
287398	-2.850509e-06	2.211766e-06	2.727228e-06	18795
279142	-2.850842e-06	2.211841e-06	2.726820e-06	18795
270886	-2.851174e-06	2.211917e-06	2.726411e-06	18795
262630	-2.851506e-06	2.211993e-06	2.726003e-06	18795
254374	-2.851838e-06	2.212068e-06	2.725594e-06	18795
246118	-2.852170e-06	2.212144e-06	2.725185e-06	18795
237862	-2.852501e-06	2.212220e-06	2.724776e-06	18795
229606	-2.852833e-06	2.212295e-06	2.724368e-06	18795
221350	-2.853165e-06	2.212371e-06	2.723958e-06	18795
213094	-2.853497e-06	2.212447e-06	2.723550e-06	18795
204838	-2.853828e-06	2.212523e-06	2.723141e-06	18795
196582	-2.854160e-06	2.212598e-06	2.722732e-06	18795
188326	-2.854491e-06	2.212674e-06	2.722323e-06	18795
180070	-2.854823e-06	2.212750e-06	2.721913e-06	18795
171814	-2.855154e-06	2.212826e-06	2.721504e-06	18795
163558	-2.855485e-06	2.212901e-06	2.721095e-06	18795
155302	-2.855817e-06	2.212977e-06	2.720686e-06	18795
147046	-2.856148e-06	2.213053e-06	2.720276e-06	18795
138790	-2.856479e-06	2.213129e-06	2.719867e-06	18795
130534	-2.856810e-06	2.213205e-06	2.719457e-06	18795
122278	-2.857141e-06	2.213280e-06	2.719048e-06	18795
114022	-2.857472e-06	2.213356e-06	2.718638e-06	18795
105766	-2.857803e-06	2.213432e-06	2.718229e-06	18795
97510	-2.858133e-06	2.213508e-06	2.717819e-06	18795
89254	-2.858464e-06	2.213584e-06	2.717410e-06	18795
80998	-2.858795e-06	2.213660e-06	2.717000e-06	18795
72742	-2.859126e-06	2.213736e-06	2.716590e-06	18795
64486	-2.859456e-06	2.213812e-06	2.716180e-06	18795
56230	-2.859787e-06	2.213887e-06	2.715771e-06	18795
47974	-2.860117e-06	2.213963e-06	2.715361e-06	18795
39718	-2.860447e-06	2.214039e-06	2.714951e-06	18795
31462	-2.860778e-06	2.214115e-06	2.714541e-06	18795
23206	-2.861108e-06	2.214191e-06	2.714131e-06	18795
14950	-2.861438e-06	2.214267e-06	2.713721e-06	18795
6694	-2.861769e-06	2.214343e-06	2.713310e-06	18795
1154652	-3.568475e-06	2.253546e-06	3.081396e-06	20597
1146396	-3.568856e-06	2.253641e-06	3.080885e-06	20597
1138140	-3.569238e-06	2.253736e-06	3.080373e-06	20597
1129884	-3.569620e-06	2.253830e-06	3.079861e-06	20597
1121628	-3.570001e-06	2.253925e-06	3.079350e-06	20597
1113372	-3.570383e-06	2.254020e-06	3.078838e-06	20597
1105116	-3.570764e-06	2.254115e-06	3.078326e-06	20597
1096860	-3.571146e-06	2.254210e-06	3.077814e-06	20597
1088604	-3.571527e-06	2.254304e-06	3.077302e-06	20597
1080348	-3.571908e-06	2.254399e-06	3.076790e-06	20597
1072092	-3.572289e-06	2.254494e-06	3.076279e-06	20597
1063836	-3.572670e-06	2.254589e-06	3.075766e-06	20597
1055580	-3.573051e-06	2.254684e-06	3.075254e-06	20597
1047324	-3.573432e-06	2.254779e-06	3.074742e-06	20597
1039068	-3.573813e-06	2.254874e-06	3.074230e-06	20597
1030812	-3.574194e-06	2.254968e-06	3.073718e-06	20597
1022556	-3.574575e-06	2.255063e-06	3.073205e-06	20597
1014300	-3.574955e-06	2.255158e-06	3.072693e-06	20597
1006044	-3.575336e-06	2.255253e-06	3.072180e-06	20597
997788	-3.575716e-06	2.255348e-06	3.071668e-06	20597
989532	-3.576096e-06	2.255443e-06	3.071155e-06	20597
981276	-3.576477e-06	2.255538e-06	3.070643e-06	20597
973020	-3.576857e-06	2.255633e-06	3.070130e-06	20597
964764	-3.577237e-06	2.255728e-06	3.069617e-06	20597
956508	-3.577617e-06	2.255823e-06	3.069104e-06	20597
948252	-3.577997e-06	2.255918e-06	3.068592e-06	20597
939996	-3.578377e-06	2.256013e-06	3.068079e-06	20597
931740	-3.578757e-06	2.256108e-06	3.067566e-06	20597
923484	-3.579137e-06	2.256203e-06	3.067053e-06	20597
915228	-3.579516e-06	2.256298e-06	3.066540e-06	20597
906972	-3.579896e-06	2.256393e-06	3.066027e-06	20597
898716	-3.580275e-06	2.256488e-06	3.065514e-06	20597
890460	-3.580655e-06	2.256583e-06	3.065000e-06	20597
882204	-3.581034e-06	2.256678e-06	3.064487e-06	20597
1154446	-3.500021e-06	2.256696e-06	3.082645e-06	19569
873948	-3.581413e-06	2.256773e-06	3.063974e-06	20597
1146190	-3.500403e-06	2.256789e-06	3.082143e-06	19569
865692	-3.581793e-06	2.256868e-06	3.063460e-06	20597
1137934	-3.500785e-06	2.256882e-06	3.081641e-06	19569
857436	-3.582172e-06	2.256963e-06	3.062947e-06	20597
1129678	-3.501167e-06	2.256975e-06	3.081139e-06	19569
849180	-3.582551e-06	2.257058e-06	3.062434e-06	20597
1121422	-3.501548e-06	2.257068e-06	3.080637e-06	19569
840924	-3.582930e-06	2.257153e-06	3.061920e-06	20597
1113166	-3.501930e-06	2.257161e-06	3.080135e-06	19569
832668	-3.583309e-06	2.257249e-06	3.061406e-06	20597
1104910	-3.502312e-06	2.257253e-06	3.079634e-06	19569
824412	-3.583688e-06	2.257344e-06	3.060893e-06	20597
1096654	-3.502693e-06	2.257346e-06	3.079132e-06	19569
816156	-3.584066e-06	2.257439e-06	3.060379e-06	20597
1088398	-3.503074e-06	2.257439e-06	3.078630e-06	19569
1080142	-3.503456e-06	2.257532e-06	3.078127e-06	19569
807900	-3.584445e-06	2.257534e-06	3.059865e-06	20597
1071886	-3.503837e-06	2.257625e-06	3.077625e-06	19569
799644	-3.584824e-06	2.257629e-06	3.059351e-06	20597
1063630	-3.504218e-06	2.257719e-06	3.077123e-06	19569
791388	-3.585202e-06	2.257724e-06	3.058838e-06	20597
1055374	-3.504599e-06	2.257812e-06	3.076620e-06	19569
783132	-3.585581e-06	2.257820e-06	3.058324e-06	20597
1047118	-3.504980e-06	2.257904e-06	3.076118e-06	19569
774876	-3.585959e-06	2.257915e-06	3.057810e-06	20597
1038862	-3.505361e-06	2.257997e-06	3.075616e-06	19569
766620	-3.586337e-06	2.258010e-06	3.057296e-06	20597
1030606	-3.505742e-06	2.258090e-06	3.075113e-06	19569
758364	-3.586716e-06	2.258105e-06	3.056782e-06	20597
1022350	-3.506123e-06	2.258184e-06	3.074611e-06	19569
750108	-3.587094e-06	2.258201e-06	3.056267e-06	20597
1014094	-3.506503e-06	2.258277e-06	3.074108e-06	19569
741852	-3.587472e-06	2.258296e-06	3.055753e-06	20597
1005838	-3.506884e-06	2.258370e-06	3.073606e-06	19569
733596	-3.587850e-06	2.258391e-06	3.055239e-06	20597
997582	-3.507265e-06	2.258463e-06	3.073103e-06	19569
725340	-3.588228e-06	2.258486e-06	3.054725e-06	20597
989326	-3.507645e-06	2.258556e-06	3.072600e-06	19569
717084	-3.588606e-06	2.258582e-06	3.054210e-06	20597
981070	-3.508025e-06	2.258649e-06	3.072097e-06	19569
708828	-3.588984e-06	2.258677e-06	3.053696e-06	20597
972814	-3.508406e-06	2.258742e-06	3.071595e-06	19569
700572	-3.589361e-06	2.258772e-06	3.053181e-06	20597
964558	-3.508786e-06	2.258835e-06	3.071092e-06	19569
692316	-3.589739e-06	2.258867e-06	3.052667e-06	20597
956302	-3.509166e-06	2.258929e-06	3.070589e-06	19569
684060	-3.590116e-06	2.258963e-06	3.052152e-06	20597
948046	-3.509546e-06	2.259022e-06	3.070086e-06	19569
675804	-3.590494e-06	2.259058e-06	3.051638e-06	20597
939790	-3.509927e-06	2.259115e-06	3.069583e-06	19569
667548	-3.590871e-06	2.259153e-06	3.051123e-06	20597
931534	-3.510306e-06	2.259208e-06	3.069079e-06	19569
659292	-3.591249e-06	2.259249e-06	3.050608e-06	20597
923278	-3.510686e-06	2.259301e-06	3.068576e-06	19569
651036	-3.591626e-06	2.259344e-06	3.050094e-06	20597
915022	-3.511066e-06	2.259394e-06	3.068073e-06	19569
642780	-3.592003e-06	2.259439e-06	3.049579e-06	20597
906766	-3.511446e-06	2.259488e-06	3.067570e-06	19569
634524	-3.592380e-06	2.259535e-06	3.049064e-06	20597
898510	-3.511826e-06	2.259581e-06	3.067066e-06	19569
626268	-3.592757e-06	2.259630e-06	3.048549e-06	20597
890254	-3.512205e-06	2.259674e-06	3.066563e-06	19569
618012	-3.593134e-06	2.259726e-06	3.048034e-06	20597
881998	-3.512585e-06	2.259767e-06	3.066060e-06	19569
609756	-3.593511e-06	2.259821e-06	3.047519e-06	20597
873742	-3.512964e-06	2.259861e-06	3.065556e-06	19569
601500	-3.593888e-06	2.259916e-06	3.047004e-06	20597
865486	-3.513343e-06	2.259954e-06	3.065053e-06	19569
593244	-3.594264e-06	2.260012e-06	3.046489e-06	20597
857230	-3.513723e-06	2.260047e-06	3.064549e-06	19569
584988	-3.594641e-06	2.260107e-06	3.045973e-06	20597
848974	-3.514102e-06	2.260140e-06	3.064045e-06	19569
576732	-3.595018e-06	2.260203e-06	3.045458e-06	20597
840718	-3.514481e-06	2.260234e-06	3.063541e-06	19569
568476	-3.595394e-06	2.260298e-06	3.044943e-06	20597
832462	-3.514860e-06	2.260327e-06	3.063038e-06	19569
560220	-3.595771e-06	2.260394e-06	3.044427e-06	20597
824206	-3.515239e-06	2.260420e-06	3.062534e-06	19569
551964	-3.596147e-06	2.260489e-06	3.043912e-06	20597
815950	-3.515618e-06	2.260514e-06	3.062030e-06	19569
543708	-3.596523e-06	2.260585e-06	3.043396e-06	20597
807694	-3.515997e-06	2.260607e-06	3.061526e-06	19569
535452	-3.596899e-06	2.260680e-06	3.042881e-06	20597
799438	-3.516376e-06	2.260701e-06	3.061022e-06	19569
527196	-3.597275e-06	2.260776e-06	3.042365e-06	20597
791182	-3.516755e-06	2.260794e-06	3.060518e-06	19569
518940	-3.597651e-06	2.260871e-06	3.041850e-06	20597
782926	-3.517133e-06	2.260887e-06	3.060014e-06	19569
510684	-3.598027e-06	2.260967e-06	3.041334e-06	20597
774670	-3.517512e-06	2.260981e-06	3.059510e-06	19569
502428	-3.598403e-06	2.261062e-06	3.040818e-06	20597
766414	-3.517890e-06	2.261074e-06	3.059006e-06	19569
494172	-3.598779e-06	2.261158e-06	3.040303e-06	20597
758158	-3.518269e-06	2.261167e-06	3.058501e-06	19569
485916	-3.599155e-06	2.261253e-06	3.039787e-06	20597
749902	-3.518647e-06	2.261261e-06	3.057997e-06	19569
477660	-3.599530e-06	2.261349e-06	3.039271e-06	20597
741646	-3.519025e-06	2.261354e-06	3.057493e-06	19569
469404	-3.599906e-06	2.261444e-06	3.038755e-06	20597
733390	-3.519403e-06	2.261448e-06	3.056988e-06	19569
461148	-3.600281e-06	2.261540e-06	3.038239e-06	20597
725134	-3.519781e-06	2.261541e-06	3.056484e-06	19569
716878	-3.520159e-06	2.261635e-06	3.055979e-06	19569
452892	-3.600657e-06	2.261635e-06	3.037723e-06	20597
708622	-3.520537e-06	2.261728e-06	3.055475e-06	19569
444636	-3.601032e-06	2.261731e-06	3.037206e-06	20597
700366	-3.520915e-06	2.261821e-06	3.054970e-06	19569
436380	-3.601407e-06	2.261827e-06	3.036690e-06	20597
692110	-3.521293e-06	2.261915e-06	3.054465e-06	19569
428124	-3.601783e-06	2.261922e-06	3.036174e-06	20597
683854	-3.521671e-06	2.262008e-06	3.053960e-06	19569
419868	-3.602158e-06	2.262018e-06	3.035658e-06	20597
675598	-3.522048e-06	2.262102e-06	3.053456e-06	19569
411612	-3.602533e-06	2.262114e-06	3.035141e-06	20597
667342	-3.522426e-06	2.262195e-06	3.052951e-06	19569
403356	-3.602908e-06	2.262209e-06	3.034625e-06	20597
659086	-3.522804e-06	2.262289e-06	3.052446e-06	19569
395100	-3.603282e-06	2.262305e-06	3.034109e-06	20597
650830	-3.523181e-06	2.262382e-06	3.051941e-06	19569
386844	-3.603657e-06	2.262401e-06	3.033592e-06	20597
642574	-3.523558e-06	2.262476e-06	3.051436e-06	19569
378588	-3.604032e-06	2.262496e-06	3.033075e-06	20597
634318	-3.523935e-06	2.262570e-06	3.050931e-06	19569
370332	-3.604407e-06	2.262592e-06	3.032559e-06	20597
626062	-3.524313e-06	2.262663e-06	3.050426e-06	19569
362076	-3.604781e-06	2.262688e-06	3.032042e-06	20597
617806	-3.524690e-06	2.262757e-06	3.049920e-06	19569
353820	-3.605156e-06	2.262783e-06	3.031525e-06	20597
609550	-3.525067e-06	2.262850e-06	3.049415e-06	19569
345564	-3.605530e-06	2.262879e-06	3.031009e-06	20597
601294	-3.525444e-06	2.262944e-06	3.048910e-06	19569
337308	-3.605904e-06	2.262975e-06	3.030492e-06	20597
593038	-3.525821e-06	2.263037e-06	3.048405e-06	19569
329052	-3.606279e-06	2.263071e-06	3.029975e-06	20597
584782	-3.526198e-06	2.263131e-06	3.047899e-06	19569
320796	-3.606653e-06	2.263166e-06	3.029458e-06	20597
576526	-3.526574e-06	2.263225e-06	3.047394e-06	19569
312540	-3.607027e-06	2.263262e-06	3.028941e-06	20597
568270	-3.526951e-06	2.263318e-06	3.046888e-06	19569
304284	-3.607401e-06	2.263358e-06	3.028424e-06	20597
560014	-3.527328e-06	2.263412e-06	3.046383e-06	19569
296028	-3.607775e-06	2.263454e-06	3.027907e-06	20597
551758	-3.527704e-06	2.263506e-06	3.045877e-06	19569
287772	-3.608149e-06	2.263550e-06	3.027390e-06	20597
543502	-3.528081e-06	2.263599e-06	3.045371e-06	19569
279516	-3.608523e-06	2.263645e-06	3.026872e-06	20597
535246	-3.528457e-06	2.263693e-06	3.044866e-06	19569
271260	-3.608896e-06	2.263741e-06	3.026355e-06	20597
526990	-3.528833e-06	2.263786e-06	3.044360e-06	19569
263004	-3.609270e-06	2.263837e-06	3.025838e-06	20597
518734	-3.529210e-06	2.263880e-06	3.043854e-06	19569
254748	-3.609643e-06	2.263933e-06	3.025321e-06	20597
510478	-3.529586e-06	2.263974e-06	3.043348e-06	19569
246492	-3.610017e-06	2.264029e-06	3.024803e-06	20597
502222	-3.529962e-06	2.264068e-06	3.042842e-06	19569
238236	-3.610390e-06	2.264125e-06	3.024286e-06	20597
493966	-3.530338e-06	2.264161e-06	3.042336e-06	19569
229980	-3.610764e-06	2.264220e-06	3.023768e-06	20597
485710	-3.530714e-06	2.264255e-06	3.041830e-06	19569
221724	-3.611137e-06	2.264316e-06	3.023251e-06	20597
477454	-3.531090e-06	2.264349e-06	3.041324e-06	19569
213468	-3.611510e-06	2.264412e-06	3.022733e-06	20597
469198	-3.531465e-06	2.264443e-06	3.040818e-06	19569
205212	-3.611883e-06	2.264508e-06	3.022215e-06	20597
460942	-3.531841e-06	2.264536e-06	3.040312e-06	19569
196956	-3.612256e-06	2.264604e-06	3.021697e-06	20597
452686	-3.532217e-06	2.264630e-06	3.039806e-06	19569
188700	-3.612629e-06	2.264700e-06	3.021180e-06	20597
444430	-3.532592e-06	2.264724e-06	3.039299e-06	19569
180444	-3.613002e-06	2.264796e-06	3.020662e-06	20597
436174	-3.532968e-06	2.264818e-06	3.038793e-06	19569
172188	-3.613375e-06	2.264892e-06	3.020144e-06	20597
427918	-3.533343e-06	2.264911e-06	3.038286e-06	19569
163932	-3.613748e-06	2.264988e-06	3.019626e-06	20597
419662	-3.533718e-06	2.265005e-06	3.037780e-06	19569
155676	-3.614120e-06	2.265084e-06	3.019108e-06	20597
411406	-3.534094e-06	2.265099e-06	3.037273e-06	19569
147420	-3.614493e-06	2.265180e-06	3.018590e-06	20597
403150	-3.534469e-06	2.265193e-06	3.036767e-06	19569
139164	-3.614866e-06	2.265275e-06	3.018072e-06	20597
394894	-3.534844e-06	2.265287e-06	3.036260e-06	19569
130908	-3.615238e-06	2.265371e-06	3.017554e-06	20597
386638	-3.535219e-06	2.265381e-06	3.035753e-06	19569
122652	-3.615610e-06	2.265467e-06	3.017035e-06	20597
378382	-3.535594e-06	2.265474e-06	3.035247e-06	19569
114396	-3.615982e-06	2.265563e-06	3.016517e-06	20597
370126	-3.535969e-06	2.265568e-06	3.034740e-06	19569
106140	-3.616355e-06	2.265660e-06	3.015999e-06	20597
361870	-3.536344e-06	2.265662e-06	3.034233e-06	19569
97884	-3.616727e-06	2.265755e-06	3.015480e-06	20597
353614	-3.536718e-06	2.265756e-06	3.033726e-06	19569
345358	-3.537093e-06	2.265850e-06	3.033219e-06	19569
89628	-3.617099e-06	2.265851e-06	3.014962e-06	20597
337102	-3.537468e-06	2.265944e-06	3.032712e-06	19569
81372	-3.617471e-06	2.265948e-06	3.014444e-06	20597
328846	-3.537842e-06	2.266038e-06	3.032205e-06	19569
73116	-3.617843e-06	2.266044e-06	3.013925e-06	20597
320590	-3.538217e-06	2.266132e-06	3.031698e-06	19569
64860	-3.618215e-06	2.266140e-06	3.013407e-06	20597
312334	-3.538591e-06	2.266226e-06	3.031191e-06	19569
56604	-3.618586e-06	2.266236e-06	3.012888e-06	20597
304078	-3.538965e-06	2.266320e-06	3.030684e-06	19569
48348	-3.618958e-06	2.266332e-06	3.012369e-06	20597
295822	-3.539339e-06	2.266414e-06	3.030176e-06	19569
40092	-3.619329e-06	2.266428e-06	3.011850e-06	20597
287566	-3.539713e-06	2.266508e-06	3.029669e-06	19569
31836	-3.619701e-06	2.266524e-06	3.011332e-06	20597
279310	-3.540087e-06	2.266602e-06	3.029161e-06	19569
23580	-3.620072e-06	2.266620e-06	3.010813e-06	20597
271054	-3.540461e-06	2.266696e-06	3.028654e-06	19569
15324	-3.620444e-06	2.266716e-06	3.010294e-06	20597
262798	-3.540835e-06	2.266790e-06	3.028146e-06	19569
7068	-3.620815e-06	2.266812e-06	3.009775e-06	20597
254542	-3.541209e-06	2.266883e-06	3.027639e-06	19569
246286	-3.541583e-06	2.266978e-06	3.027131e-06	19569
238030	-3.541957e-06	2.267072e-06	3.026624e-06	19569
229774	-3.542330e-06	2.267166e-06	3.026116e-06	19569
221518	-3.542704e-06	2.267260e-06	3.025608e-06	19569
213262	-3.543077e-06	2.267354e-06	3.025100e-06	19569
205006	-3.543450e-06	2.267448e-06	3.024593e-06	19569
196750	-3.543824e-06	2.267542e-06	3.024085e-06	19569
188494	-3.544197e-06	2.267636e-06	3.023577e-06	19569
180238	-3.544570e-06	2.267730e-06	3.023069e-06	19569
171982	-3.544943e-06	2.267824e-06	3.022561e-06	19569
163726	-3.545316e-06	2.267918e-06	3.022052e-06	19569
155470	-3.545689e-06	2.268012e-06	3.021544e-06	19569
147214	-3.546062e-06	2.268107e-06	3.021036e-06	19569
138958	-3.546435e-06	2.268201e-06	3.020528e-06	19569
130702	-3.546807e-06	2.268295e-06	3.020019e-06	19569
122446	-3.547180e-06	2.268389e-06	3.019511e-06	19569
114190	-3.547553e-06	2.268483e-06	3.019002e-06	19569
105934	-3.547925e-06	2.268577e-06	3.018494e-06	19569
97678	-3.548297e-06	2.268672e-06	3.017985e-06	19569
89422	-3.548670e-06	2.268766e-06	3.017477e-06	19569
81166	-3.549042e-06	2.268860e-06	3.016968e-06	19569
72910	-3.549414e-06	2.268954e-06	3.016459e-06	19569
64654	-3.549786e-06	2.269049e-06	3.015950e-06	19569
56398	-3.550158e-06	2.269143e-06	3.015442e-06	19569
48142	-3.550530e-06	2.269237e-06	3.014933e-06	19569
39886	-3.550902e-06	2.269331e-06	3.014424e-06	19569
31630	-3.551274e-06	2.269426e-06	3.013915e-06	19569
23374	-3.551646e-06	2.269520e-06	3.013406e-06	19569
15118	-3.552017e-06	2.269614e-06	3.012897e-06	19569
6862	-3.552389e-06	2.269709e-06	3.012387e-06	19569
1154653	-3.644302e-06	2.271566e-06	3.123521e-06	20598
1146397	-3.644689e-06	2.271663e-06	3.122998e-06	20598
1138141	-3.645077e-06	2.271760e-06	3.122476e-06	20598
1129885	-3.645464e-06	2.271856e-06	3.121953e-06	20598
1121629	-3.645851e-06	2.271953e-06	3.121431e-06	20598
1113373	-3.646238e-06	2.272050e-06	3.120908e-06	20598
1105117	-3.646625e-06	2.272147e-06	3.120386e-06	20598
1096861	-3.647012e-06	2.272244e-06	3.119863e-06	20598
1088605	-3.647399e-06	2.272340e-06	3.119340e-06	20598
1080349	-3.647785e-06	2.272437e-06	3.118817e-06	20598
1072093	-3.648172e-06	2.272534e-06	3.118294e-06	20598
1063837	-3.648559e-06	2.272631e-06	3.117771e-06	20598
1055581	-3.648945e-06	2.272728e-06	3.117248e-06	20598
1047325	-3.649332e-06	2.272825e-06	3.116725e-06	20598
1039069	-3.649718e-06	2.272922e-06	3.116202e-06	20598
1030813	-3.650104e-06	2.273018e-06	3.115679e-06	20598
1022557	-3.650490e-06	2.273115e-06	3.115156e-06	20598
1014301	-3.650877e-06	2.273212e-06	3.114633e-06	20598
1006045	-3.651263e-06	2.273309e-06	3.114109e-06	20598
997789	-3.651649e-06	2.273406e-06	3.113586e-06	20598
989533	-3.652034e-06	2.273503e-06	3.113062e-06	20598
981277	-3.652420e-06	2.273600e-06	3.112539e-06	20598
973021	-3.652806e-06	2.273697e-06	3.112015e-06	20598
964765	-3.653192e-06	2.273794e-06	3.111492e-06	20598
956509	-3.653577e-06	2.273891e-06	3.110968e-06	20598
948253	-3.653963e-06	2.273988e-06	3.110444e-06	20598
939997	-3.654348e-06	2.274085e-06	3.109920e-06	20598
931741	-3.654734e-06	2.274182e-06	3.109397e-06	20598
923485	-3.655119e-06	2.274279e-06	3.108873e-06	20598
915229	-3.655504e-06	2.274376e-06	3.108349e-06	20598
906973	-3.655889e-06	2.274473e-06	3.107825e-06	20598
898717	-3.656274e-06	2.274570e-06	3.107301e-06	20598
890461	-3.656659e-06	2.274667e-06	3.106777e-06	20598
882205	-3.657044e-06	2.274764e-06	3.106253e-06	20598
873949	-3.657429e-06	2.274862e-06	3.105728e-06	20598
865693	-3.657814e-06	2.274959e-06	3.105204e-06	20598
857437	-3.658198e-06	2.275056e-06	3.104680e-06	20598
849181	-3.658583e-06	2.275153e-06	3.104155e-06	20598
840925	-3.658967e-06	2.275250e-06	3.103631e-06	20598
832669	-3.659352e-06	2.275347e-06	3.103106e-06	20598
824413	-3.659736e-06	2.275444e-06	3.102582e-06	20598
816157	-3.660120e-06	2.275542e-06	3.102057e-06	20598
807901	-3.660504e-06	2.275639e-06	3.101533e-06	20598
799645	-3.660889e-06	2.275736e-06	3.101008e-06	20598
791389	-3.661273e-06	2.275833e-06	3.100483e-06	20598
783133	-3.661657e-06	2.275930e-06	3.099958e-06	20598
774877	-3.662040e-06	2.276028e-06	3.099433e-06	20598
766621	-3.662424e-06	2.276125e-06	3.098909e-06	20598
758365	-3.662808e-06	2.276222e-06	3.098384e-06	20598
750109	-3.663192e-06	2.276319e-06	3.097859e-06	20598
741853	-3.663575e-06	2.276417e-06	3.097333e-06	20598
733597	-3.663959e-06	2.276514e-06	3.096808e-06	20598
725341	-3.664342e-06	2.276611e-06	3.096283e-06	20598
717085	-3.664725e-06	2.276708e-06	3.095758e-06	20598
708829	-3.665109e-06	2.276806e-06	3.095232e-06	20598
700573	-3.665492e-06	2.276903e-06	3.094707e-06	20598
692317	-3.665875e-06	2.277000e-06	3.094182e-06	20598
684061	-3.666258e-06	2.277098e-06	3.093656e-06	20598
675805	-3.666641e-06	2.277195e-06	3.093131e-06	20598
667549	-3.667024e-06	2.277292e-06	3.092605e-06	20598
659293	-3.667407e-06	2.277390e-06	3.092079e-06	20598
651037	-3.667789e-06	2.277487e-06	3.091554e-06	20598
642781	-3.668172e-06	2.277585e-06	3.091028e-06	20598
634525	-3.668554e-06	2.277682e-06	3.090502e-06	20598
626269	-3.668937e-06	2.277779e-06	3.089976e-06	20598
618013	-3.669319e-06	2.277877e-06	3.089450e-06	20598
609757	-3.669702e-06	2.277974e-06	3.088924e-06	20598
601501	-3.670084e-06	2.278072e-06	3.088398e-06	20598
593245	-3.670466e-06	2.278169e-06	3.087872e-06	20598
584989	-3.670848e-06	2.278266e-06	3.087346e-06	20598
576733	-3.671230e-06	2.278364e-06	3.086820e-06	20598
568477	-3.671612e-06	2.278461e-06	3.086294e-06	20598
560221	-3.671994e-06	2.278559e-06	3.085767e-06	20598
551965	-3.672376e-06	2.278656e-06	3.085241e-06	20598
543709	-3.672757e-06	2.278754e-06	3.084715e-06	20598
535453	-3.673139e-06	2.278852e-06	3.084188e-06	20598
527197	-3.673520e-06	2.278949e-06	3.083662e-06	20598
518941	-3.673902e-06	2.279046e-06	3.083135e-06	20598
510685	-3.674283e-06	2.279144e-06	3.082608e-06	20598
502429	-3.674665e-06	2.279242e-06	3.082082e-06	20598
494173	-3.675046e-06	2.279339e-06	3.081555e-06	20598
485917	-3.675427e-06	2.279437e-06	3.081028e-06	20598
477661	-3.675808e-06	2.279534e-06	3.080501e-06	20598
469405	-3.676189e-06	2.279632e-06	3.079974e-06	20598
461149	-3.676570e-06	2.279730e-06	3.079447e-06	20598
452893	-3.676951e-06	2.279827e-06	3.078920e-06	20598
444637	-3.677332e-06	2.279925e-06	3.078393e-06	20598
436381	-3.677712e-06	2.280022e-06	3.077866e-06	20598
428125	-3.678093e-06	2.280120e-06	3.077339e-06	20598
419869	-3.678473e-06	2.280218e-06	3.076812e-06	20598
411613	-3.678854e-06	2.280315e-06	3.076284e-06	20598
403357	-3.679234e-06	2.280413e-06	3.075757e-06	20598
395101	-3.679615e-06	2.280511e-06	3.075230e-06	20598
386845	-3.679995e-06	2.280608e-06	3.074702e-06	20598
378589	-3.680375e-06	2.280706e-06	3.074175e-06	20598
370333	-3.680755e-06	2.280804e-06	3.073647e-06	20598
362077	-3.681135e-06	2.280902e-06	3.073120e-06	20598
353821	-3.681515e-06	2.280999e-06	3.072592e-06	20598
345565	-3.681894e-06	2.281097e-06	3.072064e-06	20598
337309	-3.682274e-06	2.281195e-06	3.071536e-06	20598
329053	-3.682654e-06	2.281293e-06	3.071009e-06	20598
320797	-3.683034e-06	2.281390e-06	3.070481e-06	20598
312541	-3.683413e-06	2.281488e-06	3.069953e-06	20598
304285	-3.683792e-06	2.281586e-06	3.069425e-06	20598
296029	-3.684172e-06	2.281684e-06	3.068897e-06	20598
287773	-3.684551e-06	2.281782e-06	3.068369e-06	20598
279517	-3.684930e-06	2.281879e-06	3.067840e-06	20598
271261	-3.685309e-06	2.281977e-06	3.067312e-06	20598
263005	-3.685688e-06	2.282075e-06	3.066784e-06	20598
254749	-3.686067e-06	2.282173e-06	3.066256e-06	20598
246493	-3.686446e-06	2.282271e-06	3.065727e-06	20598
238237	-3.686825e-06	2.282369e-06	3.065199e-06	20598
229981	-3.687204e-06	2.282467e-06	3.064670e-06	20598
221725	-3.687582e-06	2.282565e-06	3.064142e-06	20598
213469	-3.687961e-06	2.282663e-06	3.063613e-06	20598
205213	-3.688339e-06	2.282761e-06	3.063084e-06	20598
196957	-3.688718e-06	2.282858e-06	3.062556e-06	20598
188701	-3.689096e-06	2.282956e-06	3.062027e-06	20598
180445	-3.689474e-06	2.283054e-06	3.061498e-06	20598
172189	-3.689853e-06	2.283152e-06	3.060969e-06	20598
163933	-3.690231e-06	2.283250e-06	3.060441e-06	20598
155677	-3.690609e-06	2.283348e-06	3.059911e-06	20598
147421	-3.690987e-06	2.283446e-06	3.059382e-06	20598
139165	-3.691365e-06	2.283544e-06	3.058853e-06	20598
130909	-3.691742e-06	2.283642e-06	3.058324e-06	20598
122653	-3.692120e-06	2.283740e-06	3.057795e-06	20598
114397	-3.692498e-06	2.283838e-06	3.057266e-06	20598
106141	-3.692875e-06	2.283936e-06	3.056736e-06	20598
97885	-3.693253e-06	2.284035e-06	3.056207e-06	20598
89629	-3.693630e-06	2.284133e-06	3.055678e-06	20598
81373	-3.694007e-06	2.284231e-06	3.055148e-06	20598
73117	-3.694385e-06	2.284329e-06	3.054619e-06	20598
64861	-3.694762e-06	2.284427e-06	3.054089e-06	20598
1154641	-6.596139e-06	2.284432e-06	4.241545e-06	20586
56605	-3.695139e-06	2.284525e-06	3.053560e-06	20598
1146385	-6.596686e-06	2.284607e-06	4.240600e-06	20586
48349	-3.695516e-06	2.284623e-06	3.053030e-06	20598
40093	-3.695893e-06	2.284721e-06	3.052500e-06	20598
1138129	-6.597233e-06	2.284782e-06	4.239654e-06	20586
31837	-3.696269e-06	2.284819e-06	3.051970e-06	20598
23581	-3.696646e-06	2.284917e-06	3.051440e-06	20598
1129873	-6.597780e-06	2.284957e-06	4.238708e-06	20586
15325	-3.697023e-06	2.285016e-06	3.050911e-06	20598
7069	-3.697400e-06	2.285114e-06	3.050381e-06	20598
1121617	-6.598327e-06	2.285133e-06	4.237762e-06	20586
1113361	-6.598874e-06	2.285308e-06	4.236816e-06	20586
1105105	-6.599420e-06	2.285484e-06	4.235870e-06	20586
1096849	-6.599967e-06	2.285659e-06	4.234924e-06	20586
1088593	-6.600513e-06	2.285834e-06	4.233978e-06	20586
1080337	-6.601059e-06	2.286009e-06	4.233032e-06	20586
1072081	-6.601605e-06	2.286185e-06	4.232085e-06	20586
1063825	-6.602151e-06	2.286360e-06	4.231139e-06	20586
1055569	-6.602697e-06	2.286536e-06	4.230192e-06	20586
1047313	-6.603243e-06	2.286711e-06	4.229245e-06	20586
1039057	-6.603788e-06	2.286886e-06	4.228299e-06	20586
1030801	-6.604334e-06	2.287062e-06	4.227352e-06	20586
1022545	-6.604879e-06	2.287238e-06	4.226405e-06	20586
1014289	-6.605424e-06	2.287413e-06	4.225458e-06	20586
1006033	-6.605969e-06	2.287588e-06	4.224511e-06	20586
997777	-6.606514e-06	2.287764e-06	4.223564e-06	20586
989521	-6.607058e-06	2.287939e-06	4.222617e-06	20586
981265	-6.607603e-06	2.288115e-06	4.221670e-06	20586
973009	-6.608147e-06	2.288291e-06	4.220723e-06	20586
964753	-6.608691e-06	2.288466e-06	4.219775e-06	20586
956497	-6.609235e-06	2.288642e-06	4.218828e-06	20586
948241	-6.609779e-06	2.288817e-06	4.217880e-06	20586
939985	-6.610323e-06	2.288993e-06	4.216933e-06	20586
931729	-6.610867e-06	2.289169e-06	4.215985e-06	20586
923473	-6.611410e-06	2.289344e-06	4.215037e-06	20586
915217	-6.611954e-06	2.289520e-06	4.214089e-06	20586
906961	-6.612497e-06	2.289696e-06	4.213141e-06	20586
898705	-6.613040e-06	2.289871e-06	4.212193e-06	20586
890449	-6.613583e-06	2.290047e-06	4.211245e-06	20586
882193	-6.614126e-06	2.290223e-06	4.210297e-06	20586
873937	-6.614669e-06	2.290398e-06	4.209349e-06	20586
865681	-6.615211e-06	2.290574e-06	4.208400e-06	20586
857425	-6.615753e-06	2.290750e-06	4.207452e-06	20586
849169	-6.616296e-06	2.290926e-06	4.206503e-06	20586
840913	-6.616838e-06	2.291102e-06	4.205555e-06	20586
832657	-6.617380e-06	2.291277e-06	4.204606e-06	20586
824401	-6.617921e-06	2.291453e-06	4.203658e-06	20586
816145	-6.618463e-06	2.291629e-06	4.202709e-06	20586
807889	-6.619005e-06	2.291805e-06	4.201760e-06	20586
799633	-6.619546e-06	2.291981e-06	4.200811e-06	20586
791377	-6.620087e-06	2.292157e-06	4.199862e-06	20586
783121	-6.620628e-06	2.292333e-06	4.198913e-06	20586
774865	-6.621170e-06	2.292508e-06	4.197964e-06	20586
766609	-6.621710e-06	2.292684e-06	4.197014e-06	20586
758353	-6.622251e-06	2.292860e-06	4.196065e-06	20586
750097	-6.622792e-06	2.293036e-06	4.195116e-06	20586
741841	-6.623332e-06	2.293212e-06	4.194166e-06	20586
733585	-6.623872e-06	2.293388e-06	4.193217e-06	20586
725329	-6.624412e-06	2.293564e-06	4.192267e-06	20586
717073	-6.624953e-06	2.293740e-06	4.191317e-06	20586
708817	-6.625492e-06	2.293916e-06	4.190367e-06	20586
700561	-6.626032e-06	2.294092e-06	4.189418e-06	20586
692305	-6.626572e-06	2.294268e-06	4.188468e-06	20586
684049	-6.627111e-06	2.294444e-06	4.187517e-06	20586
675793	-6.627650e-06	2.294620e-06	4.186567e-06	20586
667537	-6.628190e-06	2.294796e-06	4.185617e-06	20586
659281	-6.628728e-06	2.294973e-06	4.184667e-06	20586
651025	-6.629267e-06	2.295149e-06	4.183717e-06	20586
642769	-6.629806e-06	2.295325e-06	4.182766e-06	20586
634513	-6.630345e-06	2.295501e-06	4.181816e-06	20586
626257	-6.630883e-06	2.295677e-06	4.180865e-06	20586
618001	-6.631421e-06	2.295853e-06	4.179914e-06	20586
609745	-6.631960e-06	2.296029e-06	4.178964e-06	20586
601489	-6.632498e-06	2.296206e-06	4.178013e-06	20586
593233	-6.633036e-06	2.296382e-06	4.177062e-06	20586
584977	-6.633573e-06	2.296558e-06	4.176111e-06	20586
576721	-6.634111e-06	2.296734e-06	4.175160e-06	20586
568465	-6.634648e-06	2.296911e-06	4.174209e-06	20586
560209	-6.635186e-06	2.297087e-06	4.173258e-06	20586
551953	-6.635723e-06	2.297263e-06	4.172306e-06	20586
543697	-6.636260e-06	2.297440e-06	4.171355e-06	20586
535441	-6.636797e-06	2.297616e-06	4.170404e-06	20586
527185	-6.637334e-06	2.297792e-06	4.169452e-06	20586
518929	-6.637870e-06	2.297969e-06	4.168501e-06	20586
510673	-6.638407e-06	2.298145e-06	4.167549e-06	20586
502417	-6.638943e-06	2.298321e-06	4.166597e-06	20586
494161	-6.639479e-06	2.298498e-06	4.165645e-06	20586
485905	-6.640015e-06	2.298674e-06	4.164694e-06	20586
477649	-6.640551e-06	2.298851e-06	4.163742e-06	20586
469393	-6.641087e-06	2.299027e-06	4.162790e-06	20586
461137	-6.641623e-06	2.299204e-06	4.161838e-06	20586
452881	-6.642158e-06	2.299380e-06	4.160886e-06	20586
444625	-6.642693e-06	2.299556e-06	4.159933e-06	20586
436369	-6.643229e-06	2.299733e-06	4.158981e-06	20586
428113	-6.643764e-06	2.299909e-06	4.158028e-06	20586
419857	-6.644299e-06	2.300086e-06	4.157076e-06	20586
411601	-6.644833e-06	2.300262e-06	4.156123e-06	20586
403345	-6.645368e-06	2.300439e-06	4.155171e-06	20586
395089	-6.645902e-06	2.300616e-06	4.154218e-06	20586
386833	-6.646437e-06	2.300792e-06	4.153265e-06	20586
378577	-6.646971e-06	2.300969e-06	4.152312e-06	20586
370321	-6.647505e-06	2.301145e-06	4.151359e-06	20586
362065	-6.648039e-06	2.301322e-06	4.150406e-06	20586
353809	-6.648573e-06	2.301499e-06	4.149453e-06	20586
345553	-6.649107e-06	2.301675e-06	4.148500e-06	20586
337297	-6.649640e-06	2.301852e-06	4.147547e-06	20586
329041	-6.650173e-06	2.302029e-06	4.146593e-06	20586
320785	-6.650707e-06	2.302205e-06	4.145640e-06	20586
312529	-6.651240e-06	2.302382e-06	4.144686e-06	20586
304273	-6.651773e-06	2.302559e-06	4.143733e-06	20586
296017	-6.652306e-06	2.302736e-06	4.142779e-06	20586
287761	-6.652838e-06	2.302912e-06	4.141826e-06	20586
279505	-6.653371e-06	2.303089e-06	4.140872e-06	20586
271249	-6.653903e-06	2.303266e-06	4.139918e-06	20586
262993	-6.654435e-06	2.303443e-06	4.138964e-06	20586
254737	-6.654967e-06	2.303619e-06	4.138010e-06	20586
246481	-6.655499e-06	2.303796e-06	4.137056e-06	20586
238225	-6.656031e-06	2.303973e-06	4.136101e-06	20586
229969	-6.656563e-06	2.304150e-06	4.135147e-06	20586
221713	-6.657094e-06	2.304327e-06	4.134193e-06	20586
213457	-6.657626e-06	2.304504e-06	4.133239e-06	20586
205201	-6.658157e-06	2.304680e-06	4.132284e-06	20586
196945	-6.658688e-06	2.304857e-06	4.131330e-06	20586
188689	-6.659219e-06	2.305035e-06	4.130375e-06	20586
180433	-6.659750e-06	2.305211e-06	4.129420e-06	20586
172177	-6.660281e-06	2.305388e-06	4.128465e-06	20586
163921	-6.660811e-06	2.305565e-06	4.127511e-06	20586
155665	-6.661342e-06	2.305742e-06	4.126556e-06	20586
147409	-6.661872e-06	2.305919e-06	4.125601e-06	20586
139153	-6.662402e-06	2.306096e-06	4.124645e-06	20586
130897	-6.662932e-06	2.306273e-06	4.123690e-06	20586
122641	-6.663462e-06	2.306450e-06	4.122735e-06	20586
114385	-6.663991e-06	2.306627e-06	4.121780e-06	20586
106129	-6.664521e-06	2.306804e-06	4.120825e-06	20586
97873	-6.665050e-06	2.306982e-06	4.119869e-06	20586
89617	-6.665580e-06	2.307159e-06	4.118913e-06	20586
81361	-6.666109e-06	2.307336e-06	4.117958e-06	20586
73105	-6.666638e-06	2.307513e-06	4.117002e-06	20586
64849	-6.667166e-06	2.307690e-06	4.116046e-06	20586
56593	-6.667695e-06	2.307867e-06	4.115090e-06	20586
48337	-6.668224e-06	2.308044e-06	4.114134e-06	20586
40081	-6.668752e-06	2.308221e-06	4.113178e-06	20586
31825	-6.669281e-06	2.308399e-06	4.112223e-06	20586
23569	-6.669808e-06	2.308576e-06	4.111266e-06	20586
15313	-6.670336e-06	2.308753e-06	4.110310e-06	20586
7057	-6.670864e-06	2.308930e-06	4.109354e-06	20586
1154221	-3.093458e-06	2.342224e-06	3.019001e-06	18538
1145965	-3.093829e-06	2.342306e-06	3.018557e-06	18538
1137709	-3.094199e-06	2.342388e-06	3.018114e-06	18538
1129453	-3.094570e-06	2.342470e-06	3.017670e-06	18538
1121197	-3.094940e-06	2.342552e-06	3.017227e-06	18538
1112941	-3.095310e-06	2.342634e-06	3.016783e-06	18538
1104685	-3.095680e-06	2.342716e-06	3.016339e-06	18538
1096429	-3.096050e-06	2.342798e-06	3.015896e-06	18538
1088173	-3.096420e-06	2.342881e-06	3.015452e-06	18538
1079917	-3.096791e-06	2.342963e-06	3.015008e-06	18538
1071661	-3.097160e-06	2.343045e-06	3.014564e-06	18538
1063405	-3.097530e-06	2.343127e-06	3.014120e-06	18538
1055149	-3.097900e-06	2.343209e-06	3.013676e-06	18538
1046893	-3.098270e-06	2.343291e-06	3.013232e-06	18538
1038637	-3.098639e-06	2.343374e-06	3.012788e-06	18538
1030381	-3.099009e-06	2.343456e-06	3.012344e-06	18538
1022125	-3.099379e-06	2.343538e-06	3.011900e-06	18538
1013869	-3.099748e-06	2.343621e-06	3.011456e-06	18538
1005613	-3.100117e-06	2.343703e-06	3.011011e-06	18538
997357	-3.100487e-06	2.343785e-06	3.010567e-06	18538
989101	-3.100856e-06	2.343867e-06	3.010123e-06	18538
980845	-3.101225e-06	2.343950e-06	3.009678e-06	18538
972589	-3.101594e-06	2.344032e-06	3.009234e-06	18538
964333	-3.101963e-06	2.344114e-06	3.008789e-06	18538
956077	-3.102332e-06	2.344197e-06	3.008344e-06	18538
947821	-3.102701e-06	2.344279e-06	3.007900e-06	18538
939565	-3.103070e-06	2.344361e-06	3.007455e-06	18538
931309	-3.103439e-06	2.344444e-06	3.007010e-06	18538
923053	-3.103808e-06	2.344526e-06	3.006565e-06	18538
914797	-3.104176e-06	2.344608e-06	3.006121e-06	18538
906541	-3.104545e-06	2.344691e-06	3.005676e-06	18538
898285	-3.104914e-06	2.344773e-06	3.005231e-06	18538
890029	-3.105282e-06	2.344856e-06	3.004786e-06	18538
881773	-3.105650e-06	2.344938e-06	3.004340e-06	18538
873517	-3.106019e-06	2.345020e-06	3.003895e-06	18538
865261	-3.106387e-06	2.345103e-06	3.003450e-06	18538
857005	-3.106755e-06	2.345185e-06	3.003005e-06	18538
848749	-3.107123e-06	2.345268e-06	3.002560e-06	18538
840493	-3.107491e-06	2.345350e-06	3.002114e-06	18538
832237	-3.107859e-06	2.345433e-06	3.001669e-06	18538
823981	-3.108227e-06	2.345515e-06	3.001223e-06	18538
815725	-3.108595e-06	2.345598e-06	3.000778e-06	18538
807469	-3.108963e-06	2.345680e-06	3.000332e-06	18538
799213	-3.109331e-06	2.345763e-06	2.999887e-06	18538
790957	-3.109698e-06	2.345845e-06	2.999441e-06	18538
782701	-3.110066e-06	2.345928e-06	2.998995e-06	18538
774445	-3.110433e-06	2.346010e-06	2.998549e-06	18538
766189	-3.110801e-06	2.346093e-06	2.998104e-06	18538
757933	-3.111168e-06	2.346176e-06	2.997658e-06	18538
749677	-3.111536e-06	2.346258e-06	2.997212e-06	18538
741421	-3.111903e-06	2.346341e-06	2.996766e-06	18538
733165	-3.112270e-06	2.346423e-06	2.996320e-06	18538
724909	-3.112637e-06	2.346506e-06	2.995874e-06	18538
716653	-3.113004e-06	2.346588e-06	2.995428e-06	18538
708397	-3.113371e-06	2.346671e-06	2.994981e-06	18538
700141	-3.113738e-06	2.346754e-06	2.994535e-06	18538
691885	-3.114105e-06	2.346836e-06	2.994089e-06	18538
683629	-3.114472e-06	2.346919e-06	2.993643e-06	18538
675373	-3.114839e-06	2.347002e-06	2.993196e-06	18538
667117	-3.115205e-06	2.347084e-06	2.992750e-06	18538
658861	-3.115572e-06	2.347167e-06	2.992303e-06	18538
650605	-3.115939e-06	2.347250e-06	2.991856e-06	18538
642349	-3.116305e-06	2.347332e-06	2.991410e-06	18538
634093	-3.116671e-06	2.347415e-06	2.990963e-06	18538
625837	-3.117038e-06	2.347498e-06	2.990516e-06	18538
617581	-3.117404e-06	2.347580e-06	2.990070e-06	18538
609325	-3.117770e-06	2.347663e-06	2.989623e-06	18538
601069	-3.118136e-06	2.347746e-06	2.989176e-06	18538
592813	-3.118502e-06	2.347829e-06	2.988729e-06	18538
584557	-3.118869e-06	2.347912e-06	2.988282e-06	18538
576301	-3.119235e-06	2.347994e-06	2.987835e-06	18538
568045	-3.119600e-06	2.348077e-06	2.987388e-06	18538
559789	-3.119966e-06	2.348160e-06	2.986941e-06	18538
551533	-3.120332e-06	2.348243e-06	2.986494e-06	18538
543277	-3.120698e-06	2.348326e-06	2.986046e-06	18538
535021	-3.121063e-06	2.348408e-06	2.985599e-06	18538
526765	-3.121429e-06	2.348491e-06	2.985152e-06	18538
518509	-3.121794e-06	2.348574e-06	2.984704e-06	18538
510253	-3.122160e-06	2.348657e-06	2.984257e-06	18538
501997	-3.122525e-06	2.348740e-06	2.983809e-06	18538
493741	-3.122890e-06	2.348823e-06	2.983362e-06	18538
485485	-3.123256e-06	2.348906e-06	2.982914e-06	18538
477229	-3.123621e-06	2.348988e-06	2.982466e-06	18538
468973	-3.123986e-06	2.349071e-06	2.982019e-06	18538
460717	-3.124351e-06	2.349154e-06	2.981571e-06	18538
452461	-3.124716e-06	2.349237e-06	2.981123e-06	18538
444205	-3.125081e-06	2.349320e-06	2.980675e-06	18538
435949	-3.125446e-06	2.349403e-06	2.980227e-06	18538
427693	-3.125810e-06	2.349486e-06	2.979779e-06	18538
419437	-3.126175e-06	2.349569e-06	2.979331e-06	18538
411181	-3.126540e-06	2.349652e-06	2.978883e-06	18538
402925	-3.126904e-06	2.349735e-06	2.978435e-06	18538
394669	-3.127269e-06	2.349818e-06	2.977987e-06	18538
386413	-3.127633e-06	2.349901e-06	2.977539e-06	18538
378157	-3.127997e-06	2.349984e-06	2.977090e-06	18538
369901	-3.128362e-06	2.350067e-06	2.976642e-06	18538
361645	-3.128726e-06	2.350150e-06	2.976194e-06	18538
353389	-3.129090e-06	2.350233e-06	2.975745e-06	18538
345133	-3.129454e-06	2.350316e-06	2.975297e-06	18538
336877	-3.129818e-06	2.350399e-06	2.974848e-06	18538
328621	-3.130182e-06	2.350482e-06	2.974399e-06	18538
320365	-3.130546e-06	2.350565e-06	2.973951e-06	18538
312109	-3.130910e-06	2.350648e-06	2.973502e-06	18538
303853	-3.131274e-06	2.350732e-06	2.973053e-06	18538
295597	-3.131637e-06	2.350815e-06	2.972605e-06	18538
287341	-3.132001e-06	2.350898e-06	2.972156e-06	18538
279085	-3.132365e-06	2.350981e-06	2.971707e-06	18538
270829	-3.132728e-06	2.351064e-06	2.971258e-06	18538
262573	-3.133091e-06	2.351147e-06	2.970809e-06	18538
254317	-3.133455e-06	2.351230e-06	2.970360e-06	18538
246061	-3.133818e-06	2.351313e-06	2.969910e-06	18538
237805	-3.134181e-06	2.351397e-06	2.969461e-06	18538
229549	-3.134545e-06	2.351480e-06	2.969012e-06	18538
221293	-3.134908e-06	2.351563e-06	2.968563e-06	18538
213037	-3.135271e-06	2.351646e-06	2.968113e-06	18538
204781	-3.135634e-06	2.351730e-06	2.967664e-06	18538
196525	-3.135996e-06	2.351813e-06	2.967215e-06	18538
188269	-3.136359e-06	2.351896e-06	2.966765e-06	18538
180013	-3.136722e-06	2.351979e-06	2.966316e-06	18538
171757	-3.137085e-06	2.352062e-06	2.965866e-06	18538
163501	-3.137447e-06	2.352146e-06	2.965416e-06	18538
155245	-3.137810e-06	2.352229e-06	2.964967e-06	18538
146989	-3.138172e-06	2.352312e-06	2.964517e-06	18538
138733	-3.138535e-06	2.352396e-06	2.964067e-06	18538
130477	-3.138897e-06	2.352479e-06	2.963617e-06	18538
122221	-3.139259e-06	2.352562e-06	2.963167e-06	18538
113965	-3.139622e-06	2.352645e-06	2.962717e-06	18538
105709	-3.139984e-06	2.352729e-06	2.962267e-06	18538
97453	-3.140346e-06	2.352812e-06	2.961817e-06	18538
89197	-3.140708e-06	2.352896e-06	2.961367e-06	18538
80941	-3.141070e-06	2.352979e-06	2.960917e-06	18538
72685	-3.141432e-06	2.353062e-06	2.960467e-06	18538
64429	-3.141794e-06	2.353146e-06	2.960016e-06	18538
56173	-3.142155e-06	2.353229e-06	2.959566e-06	18538
47917	-3.142517e-06	2.353313e-06	2.959116e-06	18538
39661	-3.142879e-06	2.353396e-06	2.958665e-06	18538
31405	-3.143240e-06	2.353479e-06	2.958215e-06	18538
23149	-3.143602e-06	2.353563e-06	2.957764e-06	18538
14893	-3.143963e-06	2.353646e-06	2.957314e-06	18538
6637	-3.144325e-06	2.353730e-06	2.956863e-06	18538
1154164	-3.196065e-06	2.381346e-06	3.086839e-06	18282
1145908	-3.196444e-06	2.381431e-06	3.086381e-06	18282
1137652	-3.196823e-06	2.381516e-06	3.085923e-06	18282
1129396	-3.197202e-06	2.381601e-06	3.085465e-06	18282
1121140	-3.197581e-06	2.381686e-06	3.085006e-06	18282
1112884	-3.197960e-06	2.381771e-06	3.084548e-06	18282
1104628	-3.198339e-06	2.381856e-06	3.084090e-06	18282
1096372	-3.198718e-06	2.381940e-06	3.083631e-06	18282
1088116	-3.199097e-06	2.382025e-06	3.083173e-06	18282
1079860	-3.199475e-06	2.382110e-06	3.082714e-06	18282
1071604	-3.199854e-06	2.382195e-06	3.082255e-06	18282
1063348	-3.200232e-06	2.382280e-06	3.081797e-06	18282
1055092	-3.200611e-06	2.382365e-06	3.081338e-06	18282
1046836	-3.200989e-06	2.382450e-06	3.080879e-06	18282
1038580	-3.201368e-06	2.382535e-06	3.080421e-06	18282
1030324	-3.201746e-06	2.382620e-06	3.079962e-06	18282
1022068	-3.202124e-06	2.382705e-06	3.079503e-06	18282
1013812	-3.202502e-06	2.382790e-06	3.079044e-06	18282
1005556	-3.202880e-06	2.382875e-06	3.078585e-06	18282
997300	-3.203258e-06	2.382960e-06	3.078126e-06	18282
989044	-3.203636e-06	2.383045e-06	3.077667e-06	18282
980788	-3.204014e-06	2.383130e-06	3.077207e-06	18282
972532	-3.204392e-06	2.383215e-06	3.076748e-06	18282
964276	-3.204769e-06	2.383300e-06	3.076289e-06	18282
956020	-3.205147e-06	2.383385e-06	3.075829e-06	18282
947764	-3.205525e-06	2.383470e-06	3.075370e-06	18282
939508	-3.205902e-06	2.383555e-06	3.074911e-06	18282
931252	-3.206279e-06	2.383640e-06	3.074451e-06	18282
922996	-3.206657e-06	2.383725e-06	3.073992e-06	18282
914740	-3.207034e-06	2.383811e-06	3.073532e-06	18282
906484	-3.207411e-06	2.383896e-06	3.073072e-06	18282
898228	-3.207788e-06	2.383981e-06	3.072613e-06	18282
889972	-3.208165e-06	2.384066e-06	3.072153e-06	18282
881716	-3.208542e-06	2.384151e-06	3.071693e-06	18282
873460	-3.208919e-06	2.384236e-06	3.071233e-06	18282
865204	-3.209296e-06	2.384321e-06	3.070773e-06	18282
856948	-3.209673e-06	2.384407e-06	3.070313e-06	18282
848692	-3.210050e-06	2.384492e-06	3.069853e-06	18282
840436	-3.210426e-06	2.384577e-06	3.069393e-06	18282
832180	-3.210803e-06	2.384662e-06	3.068933e-06	18282
823924	-3.211180e-06	2.384747e-06	3.068473e-06	18282
815668	-3.211556e-06	2.384833e-06	3.068012e-06	18282
807412	-3.211933e-06	2.384918e-06	3.067552e-06	18282
799156	-3.212309e-06	2.385003e-06	3.067091e-06	18282
790900	-3.212685e-06	2.385088e-06	3.066631e-06	18282
782644	-3.213061e-06	2.385174e-06	3.066171e-06	18282
774388	-3.213438e-06	2.385259e-06	3.065710e-06	18282
766132	-3.213814e-06	2.385344e-06	3.065250e-06	18282
757876	-3.214190e-06	2.385430e-06	3.064789e-06	18282
749620	-3.214566e-06	2.385515e-06	3.064328e-06	18282
741364	-3.214941e-06	2.385600e-06	3.063867e-06	18282
733108	-3.215317e-06	2.385686e-06	3.063406e-06	18282
724852	-3.215693e-06	2.385771e-06	3.062946e-06	18282
716596	-3.216069e-06	2.385856e-06	3.062485e-06	18282
708340	-3.216444e-06	2.385942e-06	3.062024e-06	18282
700084	-3.216820e-06	2.386027e-06	3.061563e-06	18282
691828	-3.217195e-06	2.386112e-06	3.061102e-06	18282
683572	-3.217570e-06	2.386198e-06	3.060640e-06	18282
675316	-3.217946e-06	2.386283e-06	3.060179e-06	18282
667060	-3.218321e-06	2.386369e-06	3.059718e-06	18282
658804	-3.218696e-06	2.386454e-06	3.059257e-06	18282
650548	-3.219071e-06	2.386539e-06	3.058795e-06	18282
642292	-3.219446e-06	2.386625e-06	3.058334e-06	18282
634036	-3.219821e-06	2.386710e-06	3.057873e-06	18282
625780	-3.220196e-06	2.386796e-06	3.057411e-06	18282
617524	-3.220571e-06	2.386881e-06	3.056949e-06	18282
609268	-3.220946e-06	2.386967e-06	3.056488e-06	18282
601012	-3.221320e-06	2.387052e-06	3.056026e-06	18282
592756	-3.221695e-06	2.387138e-06	3.055565e-06	18282
584500	-3.222070e-06	2.387223e-06	3.055103e-06	18282
576244	-3.222444e-06	2.387309e-06	3.054641e-06	18282
567988	-3.222818e-06	2.387394e-06	3.054179e-06	18282
559732	-3.223193e-06	2.387480e-06	3.053717e-06	18282
551476	-3.223567e-06	2.387565e-06	3.053255e-06	18282
543220	-3.223941e-06	2.387651e-06	3.052793e-06	18282
534964	-3.224315e-06	2.387736e-06	3.052331e-06	18282
526708	-3.224689e-06	2.387822e-06	3.051869e-06	18282
518452	-3.225063e-06	2.387908e-06	3.051407e-06	18282
510196	-3.225437e-06	2.387993e-06	3.050944e-06	18282
501940	-3.225811e-06	2.388079e-06	3.050482e-06	18282
493684	-3.226185e-06	2.388164e-06	3.050020e-06	18282
485428	-3.226559e-06	2.388250e-06	3.049557e-06	18282
477172	-3.226932e-06	2.388336e-06	3.049095e-06	18282
468916	-3.227306e-06	2.388421e-06	3.048632e-06	18282
460660	-3.227680e-06	2.388507e-06	3.048169e-06	18282
452404	-3.228053e-06	2.388593e-06	3.047707e-06	18282
444148	-3.228427e-06	2.388678e-06	3.047244e-06	18282
435892	-3.228800e-06	2.388764e-06	3.046781e-06	18282
427636	-3.229173e-06	2.388850e-06	3.046319e-06	18282
419380	-3.229546e-06	2.388935e-06	3.045856e-06	18282
411124	-3.229919e-06	2.389021e-06	3.045393e-06	18282
402868	-3.230292e-06	2.389107e-06	3.044930e-06	18282
394612	-3.230665e-06	2.389193e-06	3.044467e-06	18282
386356	-3.231038e-06	2.389279e-06	3.044004e-06	18282
378100	-3.231411e-06	2.389364e-06	3.043541e-06	18282
369844	-3.231784e-06	2.389450e-06	3.043077e-06	18282
361588	-3.232157e-06	2.389536e-06	3.042614e-06	18282
353332	-3.232529e-06	2.389622e-06	3.042151e-06	18282
345076	-3.232902e-06	2.389707e-06	3.041688e-06	18282
336820	-3.233274e-06	2.389793e-06	3.041224e-06	18282
328564	-3.233647e-06	2.389879e-06	3.040761e-06	18282
320308	-3.234019e-06	2.389965e-06	3.040297e-06	18282
312052	-3.234391e-06	2.390051e-06	3.039834e-06	18282
303796	-3.234764e-06	2.390136e-06	3.039370e-06	18282
295540	-3.235136e-06	2.390222e-06	3.038906e-06	18282
287284	-3.235508e-06	2.390308e-06	3.038443e-06	18282
279028	-3.235880e-06	2.390394e-06	3.037979e-06	18282
270772	-3.236252e-06	2.390480e-06	3.037515e-06	18282
262516	-3.236624e-06	2.390566e-06	3.037051e-06	18282
254260	-3.236995e-06	2.390652e-06	3.036587e-06	18282
246004	-3.237367e-06	2.390738e-06	3.036123e-06	18282
237748	-3.237739e-06	2.390824e-06	3.035659e-06	18282
229492	-3.238110e-06	2.390909e-06	3.035195e-06	18282
221236	-3.238482e-06	2.390995e-06	3.034731e-06	18282
212980	-3.238853e-06	2.391082e-06	3.034267e-06	18282
204724	-3.239225e-06	2.391168e-06	3.033803e-06	18282
196468	-3.239596e-06	2.391253e-06	3.033339e-06	18282
188212	-3.239967e-06	2.391339e-06	3.032874e-06	18282
179956	-3.240339e-06	2.391425e-06	3.032410e-06	18282
171700	-3.240710e-06	2.391511e-06	3.031945e-06	18282
163444	-3.241081e-06	2.391597e-06	3.031481e-06	18282
155188	-3.241452e-06	2.391683e-06	3.031016e-06	18282
146932	-3.241823e-06	2.391770e-06	3.030552e-06	18282
138676	-3.242194e-06	2.391856e-06	3.030087e-06	18282
130420	-3.242564e-06	2.391942e-06	3.029622e-06	18282
122164	-3.242935e-06	2.392028e-06	3.029157e-06	18282
113908	-3.243306e-06	2.392114e-06	3.028693e-06	18282
105652	-3.243676e-06	2.392200e-06	3.028228e-06	18282
97396	-3.244047e-06	2.392286e-06	3.027763e-06	18282
89140	-3.244417e-06	2.392372e-06	3.027298e-06	18282
80884	-3.244787e-06	2.392458e-06	3.026833e-06	18282
72628	-3.245158e-06	2.392544e-06	3.026368e-06	18282
64372	-3.245528e-06	2.392630e-06	3.025903e-06	18282
56116	-3.245898e-06	2.392717e-06	3.025437e-06	18282
47860	-3.246268e-06	2.392803e-06	3.024972e-06	18282
39604	-3.246638e-06	2.392889e-06	3.024507e-06	18282
31348	-3.247008e-06	2.392975e-06	3.024041e-06	18282
23092	-3.247378e-06	2.393061e-06	3.023576e-06	18282
14836	-3.247748e-06	2.393147e-06	3.023111e-06	18282
6580	-3.248118e-06	2.393234e-06	3.022645e-06	18282
1154499	-3.028962e-06	2.397965e-06	3.014042e-06	19826
1146243	-3.029331e-06	2.398046e-06	3.013608e-06	19826
1137987	-3.029699e-06	2.398126e-06	3.013174e-06	19826
1129731	-3.030067e-06	2.398206e-06	3.012740e-06	19826
1121475	-3.030435e-06	2.398287e-06	3.012305e-06	19826
1113219	-3.030803e-06	2.398367e-06	3.011871e-06	19826
1104963	-3.031171e-06	2.398448e-06	3.011437e-06	19826
1096707	-3.031539e-06	2.398528e-06	3.011002e-06	19826
1088451	-3.031907e-06	2.398609e-06	3.010568e-06	19826
1080195	-3.032275e-06	2.398689e-06	3.010133e-06	19826
1071939	-3.032643e-06	2.398770e-06	3.009699e-06	19826
1063683	-3.033010e-06	2.398850e-06	3.009264e-06	19826
1055427	-3.033378e-06	2.398931e-06	3.008829e-06	19826
1047171	-3.033745e-06	2.399011e-06	3.008394e-06	19826
1038915	-3.034113e-06	2.399091e-06	3.007960e-06	19826
1030659	-3.034480e-06	2.399172e-06	3.007525e-06	19826
1022403	-3.034848e-06	2.399252e-06	3.007090e-06	19826
1014147	-3.035215e-06	2.399333e-06	3.006655e-06	19826
1005891	-3.035582e-06	2.399414e-06	3.006220e-06	19826
997635	-3.035949e-06	2.399494e-06	3.005784e-06	19826
989379	-3.036316e-06	2.399575e-06	3.005349e-06	19826
981123	-3.036683e-06	2.399655e-06	3.004914e-06	19826
972867	-3.037050e-06	2.399736e-06	3.004479e-06	19826
964611	-3.037417e-06	2.399817e-06	3.004043e-06	19826
956355	-3.037784e-06	2.399897e-06	3.003608e-06	19826
948099	-3.038151e-06	2.399978e-06	3.003173e-06	19826
939843	-3.038518e-06	2.400058e-06	3.002737e-06	19826
931587	-3.038884e-06	2.400139e-06	3.002302e-06	19826
923331	-3.039251e-06	2.400220e-06	3.001866e-06	19826
915075	-3.039617e-06	2.400300e-06	3.001431e-06	19826
906819	-3.039984e-06	2.400381e-06	3.000995e-06	19826
898563	-3.040350e-06	2.400462e-06	3.000559e-06	19826
890307	-3.040716e-06	2.400542e-06	3.000124e-06	19826
882051	-3.041083e-06	2.400623e-06	2.999688e-06	19826
873795	-3.041449e-06	2.400704e-06	2.999252e-06	19826
865539	-3.041815e-06	2.400785e-06	2.998816e-06	19826
857283	-3.042181e-06	2.400865e-06	2.998380e-06	19826
849027	-3.042547e-06	2.400946e-06	2.997944e-06	19826
840771	-3.042913e-06	2.401027e-06	2.997508e-06	19826
832515	-3.043279e-06	2.401107e-06	2.997072e-06	19826
824259	-3.043644e-06	2.401188e-06	2.996635e-06	19826
816003	-3.044010e-06	2.401269e-06	2.996199e-06	19826
807747	-3.044376e-06	2.401350e-06	2.995763e-06	19826
799491	-3.044742e-06	2.401430e-06	2.995326e-06	19826
791235	-3.045107e-06	2.401511e-06	2.994890e-06	19826
782979	-3.045473e-06	2.401592e-06	2.994454e-06	19826
774723	-3.045838e-06	2.401673e-06	2.994017e-06	19826
766467	-3.046203e-06	2.401754e-06	2.993581e-06	19826
758211	-3.046569e-06	2.401835e-06	2.993144e-06	19826
749955	-3.046934e-06	2.401915e-06	2.992707e-06	19826
741699	-3.047299e-06	2.401996e-06	2.992271e-06	19826
733443	-3.047664e-06	2.402077e-06	2.991834e-06	19826
725187	-3.048029e-06	2.402158e-06	2.991397e-06	19826
716931	-3.048394e-06	2.402239e-06	2.990960e-06	19826
708675	-3.048759e-06	2.402320e-06	2.990523e-06	19826
700419	-3.049124e-06	2.402401e-06	2.990086e-06	19826
692163	-3.049488e-06	2.402482e-06	2.989649e-06	19826
683907	-3.049853e-06	2.402563e-06	2.989212e-06	19826
675651	-3.050218e-06	2.402644e-06	2.988775e-06	19826
667395	-3.050582e-06	2.402725e-06	2.988338e-06	19826
659139	-3.050947e-06	2.402806e-06	2.987900e-06	19826
650883	-3.051311e-06	2.402887e-06	2.987463e-06	19826
642627	-3.051676e-06	2.402968e-06	2.987026e-06	19826
634371	-3.052040e-06	2.403048e-06	2.986588e-06	19826
626115	-3.052404e-06	2.403129e-06	2.986151e-06	19826
617859	-3.052769e-06	2.403211e-06	2.985714e-06	19826
609603	-3.053133e-06	2.403292e-06	2.985276e-06	19826
601347	-3.053497e-06	2.403372e-06	2.984838e-06	19826
593091	-3.053861e-06	2.403454e-06	2.984401e-06	19826
584835	-3.054224e-06	2.403535e-06	2.983963e-06	19826
576579	-3.054588e-06	2.403616e-06	2.983525e-06	19826
568323	-3.054952e-06	2.403697e-06	2.983087e-06	19826
560067	-3.055316e-06	2.403778e-06	2.982649e-06	19826
551811	-3.055680e-06	2.403859e-06	2.982212e-06	19826
543555	-3.056043e-06	2.403940e-06	2.981774e-06	19826
535299	-3.056407e-06	2.404021e-06	2.981335e-06	19826
527043	-3.056770e-06	2.404102e-06	2.980898e-06	19826
518787	-3.057133e-06	2.404183e-06	2.980459e-06	19826
510531	-3.057497e-06	2.404264e-06	2.980021e-06	19826
502275	-3.057860e-06	2.404346e-06	2.979583e-06	19826
494019	-3.058223e-06	2.404427e-06	2.979145e-06	19826
485763	-3.058586e-06	2.404508e-06	2.978706e-06	19826
477507	-3.058949e-06	2.404589e-06	2.978268e-06	19826
469251	-3.059313e-06	2.404670e-06	2.977829e-06	19826
460995	-3.059675e-06	2.404752e-06	2.977391e-06	19826
452739	-3.060038e-06	2.404833e-06	2.976952e-06	19826
444483	-3.060401e-06	2.404914e-06	2.976514e-06	19826
436227	-3.060764e-06	2.404995e-06	2.976075e-06	19826
427971	-3.061127e-06	2.405076e-06	2.975637e-06	19826
419715	-3.061489e-06	2.405158e-06	2.975198e-06	19826
411459	-3.061852e-06	2.405239e-06	2.974759e-06	19826
403203	-3.062214e-06	2.405320e-06	2.974320e-06	19826
394947	-3.062577e-06	2.405402e-06	2.973881e-06	19826
386691	-3.062939e-06	2.405483e-06	2.973442e-06	19826
378435	-3.063301e-06	2.405564e-06	2.973003e-06	19826
370179	-3.063664e-06	2.405645e-06	2.972564e-06	19826
361923	-3.064026e-06	2.405727e-06	2.972125e-06	19826
353667	-3.064388e-06	2.405808e-06	2.971686e-06	19826
345411	-3.064750e-06	2.405889e-06	2.971247e-06	19826
337155	-3.065112e-06	2.405971e-06	2.970807e-06	19826
328899	-3.065474e-06	2.406052e-06	2.970368e-06	19826
320643	-3.065835e-06	2.406133e-06	2.969929e-06	19826
312387	-3.066197e-06	2.406215e-06	2.969489e-06	19826
304131	-3.066559e-06	2.406296e-06	2.969050e-06	19826
295875	-3.066920e-06	2.406377e-06	2.968610e-06	19826
287619	-3.067282e-06	2.406459e-06	2.968171e-06	19826
279363	-3.067644e-06	2.406540e-06	2.967731e-06	19826
271107	-3.068005e-06	2.406622e-06	2.967291e-06	19826
262851	-3.068367e-06	2.406703e-06	2.966852e-06	19826
254595	-3.068728e-06	2.406785e-06	2.966412e-06	19826
246339	-3.069089e-06	2.406866e-06	2.965972e-06	19826
238083	-3.069450e-06	2.406947e-06	2.965532e-06	19826
229827	-3.069811e-06	2.407029e-06	2.965092e-06	19826
221571	-3.070172e-06	2.407111e-06	2.964652e-06	19826
213315	-3.070533e-06	2.407192e-06	2.964212e-06	19826
205059	-3.070894e-06	2.407273e-06	2.963772e-06	19826
196803	-3.071255e-06	2.407355e-06	2.963332e-06	19826
188547	-3.071616e-06	2.407436e-06	2.962892e-06	19826
180291	-3.071977e-06	2.407518e-06	2.962451e-06	19826
172035	-3.072337e-06	2.407599e-06	2.962011e-06	19826
163779	-3.072698e-06	2.407681e-06	2.961571e-06	19826
155523	-3.073058e-06	2.407763e-06	2.961130e-06	19826
147267	-3.073419e-06	2.407844e-06	2.960690e-06	19826
139011	-3.073779e-06	2.407926e-06	2.960249e-06	19826
130755	-3.074140e-06	2.408007e-06	2.959809e-06	19826
122499	-3.074500e-06	2.408089e-06	2.959368e-06	19826
114243	-3.074860e-06	2.408171e-06	2.958927e-06	19826
105987	-3.075220e-06	2.408252e-06	2.958487e-06	19826
97731	-3.075580e-06	2.408334e-06	2.958046e-06	19826
89475	-3.075940e-06	2.408415e-06	2.957605e-06	19826
81219	-3.076300e-06	2.408497e-06	2.957164e-06	19826
72963	-3.076660e-06	2.408579e-06	2.956723e-06	19826
64707	-3.077020e-06	2.408660e-06	2.956282e-06	19826
56451	-3.077380e-06	2.408742e-06	2.955841e-06	19826
48195	-3.077739e-06	2.408824e-06	2.955400e-06	19826
39939	-3.078099e-06	2.408905e-06	2.954959e-06	19826
31683	-3.078459e-06	2.408987e-06	2.954518e-06	19826
23427	-3.078818e-06	2.409069e-06	2.954077e-06	19826
15171	-3.079178e-06	2.409151e-06	2.953635e-06	19826
6915	-3.079537e-06	2.409232e-06	2.953194e-06	19826
1154651	-2.924313e-06	2.414042e-06	2.978816e-06	20596
1146395	-2.924676e-06	2.414120e-06	2.978397e-06	20596
1138139	-2.925039e-06	2.414198e-06	2.977978e-06	20596
1129883	-2.925402e-06	2.414275e-06	2.977559e-06	20596
1121627	-2.925764e-06	2.414353e-06	2.977140e-06	20596
1113371	-2.926127e-06	2.414431e-06	2.976720e-06	20596
1105115	-2.926489e-06	2.414508e-06	2.976301e-06	20596
1096859	-2.926852e-06	2.414586e-06	2.975881e-06	20596
1088603	-2.927214e-06	2.414663e-06	2.975462e-06	20596
1080347	-2.927577e-06	2.414741e-06	2.975042e-06	20596
1072091	-2.927939e-06	2.414819e-06	2.974623e-06	20596
1063835	-2.928301e-06	2.414896e-06	2.974203e-06	20596
1055579	-2.928663e-06	2.414974e-06	2.973783e-06	20596
1047323	-2.929025e-06	2.415052e-06	2.973364e-06	20596
1039067	-2.929387e-06	2.415130e-06	2.972944e-06	20596
1030811	-2.929749e-06	2.415208e-06	2.972524e-06	20596
1022555	-2.930111e-06	2.415285e-06	2.972104e-06	20596
1014299	-2.930473e-06	2.415363e-06	2.971684e-06	20596
1006043	-2.930835e-06	2.415441e-06	2.971264e-06	20596
997787	-2.931197e-06	2.415519e-06	2.970844e-06	20596
989531	-2.931558e-06	2.415596e-06	2.970424e-06	20596
981275	-2.931920e-06	2.415674e-06	2.970004e-06	20596
973019	-2.932281e-06	2.415752e-06	2.969583e-06	20596
964763	-2.932643e-06	2.415830e-06	2.969163e-06	20596
956507	-2.933004e-06	2.415908e-06	2.968743e-06	20596
948251	-2.933366e-06	2.415985e-06	2.968322e-06	20596
939995	-2.933727e-06	2.416063e-06	2.967902e-06	20596
931739	-2.934088e-06	2.416141e-06	2.967481e-06	20596
923483	-2.934449e-06	2.416219e-06	2.967061e-06	20596
915227	-2.934810e-06	2.416297e-06	2.966640e-06	20596
906971	-2.935171e-06	2.416375e-06	2.966220e-06	20596
898715	-2.935532e-06	2.416453e-06	2.965799e-06	20596
890459	-2.935893e-06	2.416530e-06	2.965378e-06	20596
882203	-2.936254e-06	2.416608e-06	2.964958e-06	20596
873947	-2.936615e-06	2.416686e-06	2.964537e-06	20596
865691	-2.936976e-06	2.416764e-06	2.964116e-06	20596
857435	-2.937336e-06	2.416842e-06	2.963695e-06	20596
849179	-2.937697e-06	2.416920e-06	2.963274e-06	20596
840923	-2.938057e-06	2.416998e-06	2.962853e-06	20596
832667	-2.938418e-06	2.417076e-06	2.962432e-06	20596
824411	-2.938778e-06	2.417154e-06	2.962010e-06	20596
816155	-2.939139e-06	2.417232e-06	2.961589e-06	20596
807899	-2.939499e-06	2.417310e-06	2.961168e-06	20596
799643	-2.939859e-06	2.417388e-06	2.960747e-06	20596
791387	-2.940219e-06	2.417466e-06	2.960325e-06	20596
783131	-2.940579e-06	2.417544e-06	2.959904e-06	20596
774875	-2.940939e-06	2.417622e-06	2.959482e-06	20596
766619	-2.941299e-06	2.417700e-06	2.959061e-06	20596
758363	-2.941659e-06	2.417778e-06	2.958639e-06	20596
750107	-2.942019e-06	2.417856e-06	2.958218e-06	20596
741851	-2.942379e-06	2.417934e-06	2.957796e-06	20596
733595	-2.942739e-06	2.418012e-06	2.957374e-06	20596
725339	-2.943098e-06	2.418090e-06	2.956952e-06	20596
717083	-2.943458e-06	2.418169e-06	2.956531e-06	20596
708827	-2.943817e-06	2.418247e-06	2.956109e-06	20596
700571	-2.944177e-06	2.418325e-06	2.955687e-06	20596
692315	-2.944536e-06	2.418403e-06	2.955265e-06	20596
684059	-2.944895e-06	2.418481e-06	2.954843e-06	20596
675803	-2.945255e-06	2.418559e-06	2.954421e-06	20596
667547	-2.945614e-06	2.418637e-06	2.953999e-06	20596
659291	-2.945973e-06	2.418716e-06	2.953576e-06	20596
651035	-2.946332e-06	2.418794e-06	2.953154e-06	20596
642779	-2.946691e-06	2.418872e-06	2.952732e-06	20596
634523	-2.947050e-06	2.418950e-06	2.952309e-06	20596
626267	-2.947409e-06	2.419028e-06	2.951887e-06	20596
618011	-2.947768e-06	2.419107e-06	2.951465e-06	20596
609755	-2.948127e-06	2.419185e-06	2.951042e-06	20596
601499	-2.948485e-06	2.419263e-06	2.950620e-06	20596
593243	-2.948844e-06	2.419341e-06	2.950197e-06	20596
584987	-2.949203e-06	2.419420e-06	2.949774e-06	20596
576731	-2.949561e-06	2.419498e-06	2.949352e-06	20596
568475	-2.949920e-06	2.419576e-06	2.948929e-06	20596
560219	-2.950278e-06	2.419654e-06	2.948506e-06	20596
551963	-2.950636e-06	2.419733e-06	2.948083e-06	20596
543707	-2.950995e-06	2.419811e-06	2.947660e-06	20596
535451	-2.951353e-06	2.419889e-06	2.947237e-06	20596
527195	-2.951711e-06	2.419968e-06	2.946814e-06	20596
518939	-2.952069e-06	2.420046e-06	2.946391e-06	20596
510683	-2.952427e-06	2.420124e-06	2.945968e-06	20596
502427	-2.952785e-06	2.420203e-06	2.945545e-06	20596
494171	-2.953143e-06	2.420281e-06	2.945122e-06	20596
485915	-2.953501e-06	2.420359e-06	2.944699e-06	20596
477659	-2.953859e-06	2.420438e-06	2.944275e-06	20596
469403	-2.954216e-06	2.420516e-06	2.943852e-06	20596
461147	-2.954574e-06	2.420594e-06	2.943428e-06	20596
452891	-2.954932e-06	2.420673e-06	2.943005e-06	20596
444635	-2.955289e-06	2.420751e-06	2.942581e-06	20596
436379	-2.955647e-06	2.420830e-06	2.942158e-06	20596
428123	-2.956004e-06	2.420908e-06	2.941734e-06	20596
419867	-2.956361e-06	2.420987e-06	2.941310e-06	20596
411611	-2.956719e-06	2.421065e-06	2.940887e-06	20596
403355	-2.957076e-06	2.421144e-06	2.940463e-06	20596
395099	-2.957433e-06	2.421222e-06	2.940039e-06	20596
386843	-2.957790e-06	2.421300e-06	2.939615e-06	20596
378587	-2.958147e-06	2.421379e-06	2.939191e-06	20596
370331	-2.958504e-06	2.421458e-06	2.938767e-06	20596
362075	-2.958861e-06	2.421536e-06	2.938343e-06	20596
353819	-2.959218e-06	2.421615e-06	2.937919e-06	20596
345563	-2.959574e-06	2.421693e-06	2.937495e-06	20596
337307	-2.959931e-06	2.421772e-06	2.937071e-06	20596
329051	-2.960288e-06	2.421850e-06	2.936647e-06	20596
320795	-2.960644e-06	2.421929e-06	2.936222e-06	20596
312539	-2.961001e-06	2.422007e-06	2.935798e-06	20596
304283	-2.961357e-06	2.422086e-06	2.935374e-06	20596
296027	-2.961714e-06	2.422164e-06	2.934949e-06	20596
287771	-2.962070e-06	2.422243e-06	2.934525e-06	20596
279515	-2.962426e-06	2.422322e-06	2.934100e-06	20596
271259	-2.962783e-06	2.422400e-06	2.933675e-06	20596
263003	-2.963139e-06	2.422479e-06	2.933251e-06	20596
254747	-2.963495e-06	2.422558e-06	2.932826e-06	20596
246491	-2.963851e-06	2.422636e-06	2.932401e-06	20596
238235	-2.964207e-06	2.422715e-06	2.931976e-06	20596
229979	-2.964563e-06	2.422794e-06	2.931552e-06	20596
221723	-2.964918e-06	2.422872e-06	2.931127e-06	20596
213467	-2.965274e-06	2.422951e-06	2.930702e-06	20596
205211	-2.965630e-06	2.423030e-06	2.930277e-06	20596
196955	-2.965985e-06	2.423108e-06	2.929852e-06	20596
188699	-2.966341e-06	2.423187e-06	2.929427e-06	20596
180443	-2.966697e-06	2.423266e-06	2.929002e-06	20596
172187	-2.967052e-06	2.423345e-06	2.928576e-06	20596
163931	-2.967407e-06	2.423423e-06	2.928151e-06	20596
155675	-2.967763e-06	2.423502e-06	2.927726e-06	20596
147419	-2.968118e-06	2.423581e-06	2.927300e-06	20596
139163	-2.968473e-06	2.423659e-06	2.926875e-06	20596
130907	-2.968828e-06	2.423738e-06	2.926449e-06	20596
122651	-2.969183e-06	2.423817e-06	2.926024e-06	20596
114395	-2.969538e-06	2.423896e-06	2.925598e-06	20596
106139	-2.969893e-06	2.423975e-06	2.925173e-06	20596
97883	-2.970248e-06	2.424053e-06	2.924747e-06	20596
89627	-2.970603e-06	2.424132e-06	2.924321e-06	20596
81371	-2.970958e-06	2.424211e-06	2.923896e-06	20596
73115	-2.971313e-06	2.424290e-06	2.923470e-06	20596
64859	-2.971667e-06	2.424369e-06	2.923044e-06	20596
56603	-2.972022e-06	2.424448e-06	2.922618e-06	20596
48347	-2.972376e-06	2.424527e-06	2.922192e-06	20596
40091	-2.972731e-06	2.424606e-06	2.921766e-06	20596
31835	-2.973085e-06	2.424684e-06	2.921340e-06	20596
23579	-2.973439e-06	2.424763e-06	2.920914e-06	20596
15323	-2.973793e-06	2.424842e-06	2.920488e-06	20596
7067	-2.974148e-06	2.424921e-06	2.920061e-06	20596
1155003	-4.022223e-06	2.440541e-06	3.390603e-06	22640
1146747	-4.022644e-06	2.440648e-06	3.390027e-06	22640
1138491	-4.023065e-06	2.440755e-06	3.389450e-06	22640
1130235	-4.023486e-06	2.440861e-06	3.388873e-06	22640
1121979	-4.023907e-06	2.440968e-06	3.388297e-06	22640
1113723	-4.024328e-06	2.441075e-06	3.387720e-06	22640
1105467	-4.024749e-06	2.441182e-06	3.387143e-06	22640
1097211	-4.025169e-06	2.441289e-06	3.386566e-06	22640
1088955	-4.025590e-06	2.441396e-06	3.385989e-06	22640
1080699	-4.026011e-06	2.441503e-06	3.385412e-06	22640
1072443	-4.026431e-06	2.441609e-06	3.384835e-06	22640
1064187	-4.026851e-06	2.441716e-06	3.384258e-06	22640
1055931	-4.027271e-06	2.441823e-06	3.383680e-06	22640
1047675	-4.027691e-06	2.441930e-06	3.383103e-06	22640
1039419	-4.028112e-06	2.442037e-06	3.382526e-06	22640
1031163	-4.028531e-06	2.442144e-06	3.381948e-06	22640
1022907	-4.028951e-06	2.442251e-06	3.381371e-06	22640
1014651	-4.029371e-06	2.442358e-06	3.380793e-06	22640
1006395	-4.029791e-06	2.442465e-06	3.380216e-06	22640
998139	-4.030211e-06	2.442572e-06	3.379638e-06	22640
989883	-4.030630e-06	2.442679e-06	3.379060e-06	22640
981627	-4.031050e-06	2.442786e-06	3.378482e-06	22640
973371	-4.031469e-06	2.442893e-06	3.377905e-06	22640
965115	-4.031888e-06	2.443000e-06	3.377327e-06	22640
956859	-4.032308e-06	2.443107e-06	3.376749e-06	22640
948603	-4.032726e-06	2.443214e-06	3.376171e-06	22640
1153261	-3.848733e-06	2.443214e-06	3.367801e-06	14698
1145005	-3.849151e-06	2.443317e-06	3.367250e-06	14698
940347	-4.033146e-06	2.443321e-06	3.375593e-06	22640
1136749	-3.849569e-06	2.443419e-06	3.366698e-06	14698
932091	-4.033564e-06	2.443428e-06	3.375015e-06	22640
1128493	-3.849986e-06	2.443521e-06	3.366146e-06	14698
923835	-4.033983e-06	2.443536e-06	3.374437e-06	22640
1120237	-3.850404e-06	2.443623e-06	3.365594e-06	14698
915579	-4.034402e-06	2.443643e-06	3.373858e-06	22640
1111981	-3.850821e-06	2.443725e-06	3.365042e-06	14698
907323	-4.034821e-06	2.443750e-06	3.373280e-06	22640
1103725	-3.851239e-06	2.443827e-06	3.364490e-06	14698
899067	-4.035239e-06	2.443857e-06	3.372701e-06	22640
1095469	-3.851656e-06	2.443930e-06	3.363938e-06	14698
890811	-4.035658e-06	2.443964e-06	3.372123e-06	22640
1087213	-3.852073e-06	2.444032e-06	3.363386e-06	14698
882555	-4.036076e-06	2.444071e-06	3.371545e-06	22640
1078957	-3.852490e-06	2.444134e-06	3.362834e-06	14698
874299	-4.036494e-06	2.444178e-06	3.370966e-06	22640
1070701	-3.852908e-06	2.444237e-06	3.362282e-06	14698
866043	-4.036913e-06	2.444286e-06	3.370388e-06	22640
1062445	-3.853325e-06	2.444339e-06	3.361729e-06	14698
857787	-4.037331e-06	2.444393e-06	3.369809e-06	22640
1054189	-3.853741e-06	2.444441e-06	3.361177e-06	14698
849531	-4.037749e-06	2.444500e-06	3.369230e-06	22640
1045933	-3.854158e-06	2.444543e-06	3.360625e-06	14698
841275	-4.038167e-06	2.444607e-06	3.368651e-06	22640
1037677	-3.854575e-06	2.444646e-06	3.360072e-06	14698
833019	-4.038585e-06	2.444714e-06	3.368072e-06	22640
1029421	-3.854992e-06	2.444748e-06	3.359519e-06	14698
824763	-4.039003e-06	2.444822e-06	3.367493e-06	22640
1021165	-3.855409e-06	2.444850e-06	3.358967e-06	14698
816507	-4.039421e-06	2.444929e-06	3.366914e-06	22640
1012909	-3.855825e-06	2.444953e-06	3.358414e-06	14698
808251	-4.039838e-06	2.445036e-06	3.366335e-06	22640
1004653	-3.856242e-06	2.445055e-06	3.357861e-06	14698
799995	-4.040256e-06	2.445143e-06	3.365756e-06	22640
996397	-3.856658e-06	2.445158e-06	3.357309e-06	14698
791739	-4.040673e-06	2.445251e-06	3.365177e-06	22640
988141	-3.857074e-06	2.445260e-06	3.356756e-06	14698
783483	-4.041091e-06	2.445358e-06	3.364598e-06	22640
979885	-3.857490e-06	2.445362e-06	3.356203e-06	14698
971629	-3.857906e-06	2.445465e-06	3.355650e-06	14698
775227	-4.041508e-06	2.445465e-06	3.364019e-06	22640
963373	-3.858323e-06	2.445567e-06	3.355097e-06	14698
766971	-4.041925e-06	2.445573e-06	3.363439e-06	22640
955117	-3.858738e-06	2.445670e-06	3.354544e-06	14698
758715	-4.042342e-06	2.445680e-06	3.362860e-06	22640
946861	-3.859154e-06	2.445772e-06	3.353991e-06	14698
750459	-4.042759e-06	2.445787e-06	3.362280e-06	22640
938605	-3.859570e-06	2.445875e-06	3.353438e-06	14698
742203	-4.043176e-06	2.445895e-06	3.361701e-06	22640
930349	-3.859986e-06	2.445977e-06	3.352885e-06	14698
733947	-4.043593e-06	2.446002e-06	3.361121e-06	22640
922093	-3.860401e-06	2.446080e-06	3.352331e-06	14698
725691	-4.044010e-06	2.446109e-06	3.360542e-06	22640
913837	-3.860817e-06	2.446182e-06	3.351778e-06	14698
717435	-4.044427e-06	2.446217e-06	3.359962e-06	22640
905581	-3.861232e-06	2.446284e-06	3.351224e-06	14698
709179	-4.044843e-06	2.446324e-06	3.359382e-06	22640
897325	-3.861648e-06	2.446387e-06	3.350671e-06	14698
700923	-4.045260e-06	2.446431e-06	3.358803e-06	22640
889069	-3.862063e-06	2.446490e-06	3.350117e-06	14698
692667	-4.045676e-06	2.446539e-06	3.358223e-06	22640
880813	-3.862478e-06	2.446592e-06	3.349564e-06	14698
684411	-4.046093e-06	2.446646e-06	3.357643e-06	22640
872557	-3.862893e-06	2.446695e-06	3.349010e-06	14698
676155	-4.046509e-06	2.446754e-06	3.357063e-06	22640
864301	-3.863308e-06	2.446797e-06	3.348456e-06	14698
667899	-4.046925e-06	2.446861e-06	3.356483e-06	22640
856045	-3.863723e-06	2.446900e-06	3.347903e-06	14698
659643	-4.047341e-06	2.446969e-06	3.355903e-06	22640
847789	-3.864138e-06	2.447002e-06	3.347349e-06	14698
651387	-4.047757e-06	2.447076e-06	3.355322e-06	22640
839533	-3.864553e-06	2.447105e-06	3.346795e-06	14698
643131	-4.048173e-06	2.447184e-06	3.354742e-06	22640
831277	-3.864968e-06	2.447208e-06	3.346241e-06	14698
1152898	-2.846545e-06	2.447277e-06	2.995761e-06	13425
634875	-4.048589e-06	2.447291e-06	3.354162e-06	22640
823021	-3.865382e-06	2.447310e-06	3.345687e-06	14698
1144642	-2.846909e-06	2.447353e-06	2.995353e-06	13425
626619	-4.049005e-06	2.447399e-06	3.353582e-06	22640
814765	-3.865797e-06	2.447413e-06	3.345133e-06	14698
1136386	-2.847273e-06	2.447428e-06	2.994945e-06	13425
1128130	-2.847638e-06	2.447504e-06	2.994537e-06	13425
618363	-4.049421e-06	2.447506e-06	3.353001e-06	22640
806509	-3.866211e-06	2.447515e-06	3.344579e-06	14698
1119874	-2.848002e-06	2.447579e-06	2.994129e-06	13425
610107	-4.049836e-06	2.447613e-06	3.352421e-06	22640
798253	-3.866626e-06	2.447618e-06	3.344024e-06	14698
1111618	-2.848366e-06	2.447655e-06	2.993721e-06	13425
789997	-3.867040e-06	2.447721e-06	3.343470e-06	14698
601851	-4.050251e-06	2.447721e-06	3.351840e-06	22640
1103362	-2.848730e-06	2.447731e-06	2.993313e-06	13425
1095106	-2.849094e-06	2.447806e-06	2.992904e-06	13425
781741	-3.867454e-06	2.447823e-06	3.342916e-06	14698
593595	-4.050667e-06	2.447829e-06	3.351259e-06	22640
1086850	-2.849458e-06	2.447882e-06	2.992496e-06	13425
773485	-3.867868e-06	2.447926e-06	3.342361e-06	14698
585339	-4.051082e-06	2.447936e-06	3.350679e-06	22640
1078594	-2.849822e-06	2.447958e-06	2.992088e-06	13425
765229	-3.868282e-06	2.448029e-06	3.341807e-06	14698
1070338	-2.850186e-06	2.448033e-06	2.991679e-06	13425
577083	-4.051497e-06	2.448044e-06	3.350098e-06	22640
1062082	-2.850549e-06	2.448109e-06	2.991271e-06	13425
756973	-3.868696e-06	2.448131e-06	3.341253e-06	14698
568827	-4.051913e-06	2.448151e-06	3.349517e-06	22640
1053826	-2.850913e-06	2.448184e-06	2.990862e-06	13425
748717	-3.869110e-06	2.448234e-06	3.340698e-06	14698
560571	-4.052328e-06	2.448259e-06	3.348937e-06	22640
1045570	-2.851277e-06	2.448260e-06	2.990453e-06	13425
1037314	-2.851640e-06	2.448336e-06	2.990045e-06	13425
740461	-3.869524e-06	2.448337e-06	3.340143e-06	14698
552315	-4.052743e-06	2.448367e-06	3.348356e-06	22640
1029058	-2.852004e-06	2.448411e-06	2.989636e-06	13425
732205	-3.869938e-06	2.448440e-06	3.339589e-06	14698
544059	-4.053158e-06	2.448474e-06	3.347775e-06	22640
1020802	-2.852368e-06	2.448487e-06	2.989227e-06	13425
723949	-3.870352e-06	2.448542e-06	3.339034e-06	14698
1012546	-2.852731e-06	2.448563e-06	2.988818e-06	13425
535803	-4.053572e-06	2.448582e-06	3.347194e-06	22640
1004290	-2.853094e-06	2.448638e-06	2.988410e-06	13425
715693	-3.870765e-06	2.448645e-06	3.338479e-06	14698
527547	-4.053987e-06	2.448689e-06	3.346613e-06	22640
996034	-2.853458e-06	2.448714e-06	2.988001e-06	13425
707437	-3.871178e-06	2.448748e-06	3.337924e-06	14698
987778	-2.853821e-06	2.448790e-06	2.987592e-06	13425
519291	-4.054402e-06	2.448797e-06	3.346032e-06	22640
699181	-3.871592e-06	2.448851e-06	3.337369e-06	14698
979522	-2.854184e-06	2.448865e-06	2.987183e-06	13425
511035	-4.054816e-06	2.448905e-06	3.345451e-06	22640
971266	-2.854547e-06	2.448941e-06	2.986774e-06	13425
690925	-3.872005e-06	2.448953e-06	3.336814e-06	14698
502779	-4.055231e-06	2.449013e-06	3.344869e-06	22640
963010	-2.854910e-06	2.449017e-06	2.986365e-06	13425
682669	-3.872418e-06	2.449056e-06	3.336259e-06	14698
954754	-2.855273e-06	2.449093e-06	2.985955e-06	13425
494523	-4.055645e-06	2.449120e-06	3.344288e-06	22640
674413	-3.872831e-06	2.449159e-06	3.335704e-06	14698
946498	-2.855636e-06	2.449169e-06	2.985546e-06	13425
486267	-4.056059e-06	2.449228e-06	3.343707e-06	22640
938242	-2.855999e-06	2.449244e-06	2.985137e-06	13425
666157	-3.873245e-06	2.449262e-06	3.335149e-06	14698
929986	-2.856362e-06	2.449320e-06	2.984727e-06	13425
478011	-4.056474e-06	2.449335e-06	3.343125e-06	22640
657901	-3.873658e-06	2.449365e-06	3.334594e-06	14698
921730	-2.856724e-06	2.449396e-06	2.984318e-06	13425
469755	-4.056888e-06	2.449443e-06	3.342544e-06	22640
649645	-3.874070e-06	2.449468e-06	3.334039e-06	14698
913474	-2.857087e-06	2.449472e-06	2.983908e-06	13425
905218	-2.857450e-06	2.449547e-06	2.983499e-06	13425
461499	-4.057302e-06	2.449551e-06	3.341962e-06	22640
641389	-3.874483e-06	2.449571e-06	3.333483e-06	14698
896962	-2.857812e-06	2.449623e-06	2.983089e-06	13425
453243	-4.057716e-06	2.449659e-06	3.341381e-06	22640
633133	-3.874896e-06	2.449673e-06	3.332928e-06	14698
888706	-2.858175e-06	2.449699e-06	2.982680e-06	13425
444987	-4.058130e-06	2.449766e-06	3.340799e-06	22640
880450	-2.858537e-06	2.449775e-06	2.982270e-06	13425
624877	-3.875309e-06	2.449776e-06	3.332373e-06	14698
872194	-2.858900e-06	2.449851e-06	2.981860e-06	13425
436731	-4.058543e-06	2.449874e-06	3.340217e-06	22640
616621	-3.875721e-06	2.449879e-06	3.331817e-06	14698
863938	-2.859262e-06	2.449927e-06	2.981451e-06	13425
428475	-4.058957e-06	2.449982e-06	3.339635e-06	22640
608365	-3.876134e-06	2.449982e-06	3.331261e-06	14698
855682	-2.859624e-06	2.450003e-06	2.981041e-06	13425
847426	-2.859986e-06	2.450078e-06	2.980631e-06	13425
600109	-3.876546e-06	2.450085e-06	3.330706e-06	14698
420219	-4.059371e-06	2.450090e-06	3.339054e-06	22640
839170	-2.860349e-06	2.450154e-06	2.980221e-06	13425
591853	-3.876959e-06	2.450188e-06	3.330150e-06	14698
411963	-4.059784e-06	2.450197e-06	3.338472e-06	22640
830914	-2.860711e-06	2.450230e-06	2.979811e-06	13425
583597	-3.877371e-06	2.450291e-06	3.329595e-06	14698
403707	-4.060198e-06	2.450305e-06	3.337890e-06	22640
822658	-2.861073e-06	2.450306e-06	2.979401e-06	13425
814402	-2.861434e-06	2.450382e-06	2.978991e-06	13425
575341	-3.877783e-06	2.450394e-06	3.329039e-06	14698
395451	-4.060611e-06	2.450413e-06	3.337308e-06	22640
806146	-2.861796e-06	2.450458e-06	2.978581e-06	13425
567085	-3.878195e-06	2.450497e-06	3.328483e-06	14698
387195	-4.061024e-06	2.450521e-06	3.336726e-06	22640
797890	-2.862158e-06	2.450534e-06	2.978171e-06	13425
558829	-3.878607e-06	2.450600e-06	3.327927e-06	14698
789634	-2.862520e-06	2.450610e-06	2.977761e-06	13425
378939	-4.061437e-06	2.450629e-06	3.336143e-06	22640
781378	-2.862882e-06	2.450686e-06	2.977350e-06	13425
550573	-3.879019e-06	2.450703e-06	3.327371e-06	14698
370683	-4.061851e-06	2.450737e-06	3.335561e-06	22640
773122	-2.863243e-06	2.450762e-06	2.976940e-06	13425
542317	-3.879431e-06	2.450806e-06	3.326815e-06	14698
764866	-2.863605e-06	2.450838e-06	2.976530e-06	13425
362427	-4.062264e-06	2.450844e-06	3.334979e-06	22640
534061	-3.879843e-06	2.450909e-06	3.326259e-06	14698
756610	-2.863967e-06	2.450914e-06	2.976119e-06	13425
354171	-4.062676e-06	2.450952e-06	3.334397e-06	22640
748354	-2.864328e-06	2.450990e-06	2.975709e-06	13425
525805	-3.880254e-06	2.451012e-06	3.325703e-06	14698
345915	-4.063089e-06	2.451060e-06	3.333814e-06	22640
740098	-2.864689e-06	2.451066e-06	2.975298e-06	13425
517549	-3.880666e-06	2.451115e-06	3.325147e-06	14698
731842	-2.865051e-06	2.451142e-06	2.974888e-06	13425
337659	-4.063502e-06	2.451168e-06	3.333232e-06	22640
509293	-3.881077e-06	2.451218e-06	3.324590e-06	14698
723586	-2.865412e-06	2.451218e-06	2.974477e-06	13425
329403	-4.063915e-06	2.451276e-06	3.332649e-06	22640
715330	-2.865773e-06	2.451294e-06	2.974066e-06	13425
501037	-3.881488e-06	2.451321e-06	3.324034e-06	14698
707074	-2.866135e-06	2.451370e-06	2.973656e-06	13425
321147	-4.064327e-06	2.451384e-06	3.332067e-06	22640
492781	-3.881900e-06	2.451424e-06	3.323478e-06	14698
698818	-2.866496e-06	2.451446e-06	2.973245e-06	13425
312891	-4.064740e-06	2.451492e-06	3.331484e-06	22640
690562	-2.866857e-06	2.451522e-06	2.972834e-06	13425
484525	-3.882311e-06	2.451527e-06	3.322921e-06	14698
682306	-2.867218e-06	2.451598e-06	2.972423e-06	13425
304635	-4.065152e-06	2.451600e-06	3.330902e-06	22640
476269	-3.882722e-06	2.451630e-06	3.322365e-06	14698
674050	-2.867578e-06	2.451674e-06	2.972012e-06	13425
296379	-4.065565e-06	2.451708e-06	3.330319e-06	22640
468013	-3.883134e-06	2.451733e-06	3.321808e-06	14698
665794	-2.867939e-06	2.451750e-06	2.971601e-06	13425
288123	-4.065977e-06	2.451816e-06	3.329736e-06	22640
657538	-2.868300e-06	2.451826e-06	2.971190e-06	13425
459757	-3.883544e-06	2.451836e-06	3.321251e-06	14698
649282	-2.868661e-06	2.451902e-06	2.970779e-06	13425
279867	-4.066389e-06	2.451924e-06	3.329153e-06	22640
451501	-3.883955e-06	2.451939e-06	3.320695e-06	14698
641026	-2.869022e-06	2.451978e-06	2.970368e-06	13425
271611	-4.066801e-06	2.452032e-06	3.328570e-06	22640
443245	-3.884366e-06	2.452042e-06	3.320138e-06	14698
632770	-2.869382e-06	2.452055e-06	2.969957e-06	13425
624514	-2.869743e-06	2.452131e-06	2.969545e-06	13425
263355	-4.067213e-06	2.452140e-06	3.327987e-06	22640
434989	-3.884777e-06	2.452146e-06	3.319581e-06	14698
616258	-2.870103e-06	2.452207e-06	2.969134e-06	13425
255099	-4.067625e-06	2.452248e-06	3.327404e-06	22640
426733	-3.885188e-06	2.452249e-06	3.319024e-06	14698
608002	-2.870464e-06	2.452283e-06	2.968723e-06	13425
418477	-3.885598e-06	2.452352e-06	3.318467e-06	14698
246843	-4.068037e-06	2.452356e-06	3.326821e-06	22640
599746	-2.870824e-06	2.452359e-06	2.968311e-06	13425
591490	-2.871184e-06	2.452435e-06	2.967900e-06	13425
410221	-3.886008e-06	2.452455e-06	3.317910e-06	14698
238587	-4.068448e-06	2.452464e-06	3.326238e-06	22640
583234	-2.871545e-06	2.452512e-06	2.967488e-06	13425
401965	-3.886419e-06	2.452558e-06	3.317353e-06	14698
230331	-4.068860e-06	2.452572e-06	3.325655e-06	22640
574978	-2.871905e-06	2.452588e-06	2.967077e-06	13425
393709	-3.886829e-06	2.452661e-06	3.316796e-06	14698
566722	-2.872265e-06	2.452664e-06	2.966665e-06	13425
222075	-4.069271e-06	2.452680e-06	3.325072e-06	22640
558466	-2.872625e-06	2.452740e-06	2.966254e-06	13425
385453	-3.887239e-06	2.452764e-06	3.316239e-06	14698
213819	-4.069683e-06	2.452788e-06	3.324488e-06	22640
550210	-2.872985e-06	2.452816e-06	2.965842e-06	13425
377197	-3.887650e-06	2.452868e-06	3.315682e-06	14698
541954	-2.873345e-06	2.452893e-06	2.965430e-06	13425
205563	-4.070094e-06	2.452896e-06	3.323905e-06	22640
533698	-2.873705e-06	2.452969e-06	2.965018e-06	13425
368941	-3.888060e-06	2.452971e-06	3.315125e-06	14698
197307	-4.070505e-06	2.453004e-06	3.323322e-06	22640
525442	-2.874065e-06	2.453045e-06	2.964606e-06	13425
360685	-3.888470e-06	2.453074e-06	3.314567e-06	14698
189051	-4.070916e-06	2.453112e-06	3.322738e-06	22640
517186	-2.874424e-06	2.453121e-06	2.964194e-06	13425
352429	-3.888880e-06	2.453177e-06	3.314010e-06	14698
508930	-2.874784e-06	2.453198e-06	2.963782e-06	13425
180795	-4.071328e-06	2.453220e-06	3.322154e-06	22640
500674	-2.875144e-06	2.453274e-06	2.963370e-06	13425
344173	-3.889290e-06	2.453281e-06	3.313452e-06	14698
172539	-4.071739e-06	2.453328e-06	3.321571e-06	22640
492418	-2.875503e-06	2.453350e-06	2.962958e-06	13425
335917	-3.889700e-06	2.453384e-06	3.312895e-06	14698
484162	-2.875863e-06	2.453427e-06	2.962546e-06	13425
164283	-4.072150e-06	2.453436e-06	3.320987e-06	22640
327661	-3.890109e-06	2.453487e-06	3.312337e-06	14698
475906	-2.876222e-06	2.453503e-06	2.962134e-06	13425
156027	-4.072560e-06	2.453544e-06	3.320403e-06	22640
467650	-2.876582e-06	2.453579e-06	2.961722e-06	13425
319405	-3.890519e-06	2.453590e-06	3.311780e-06	14698
147771	-4.072971e-06	2.453653e-06	3.319820e-06	22640
459394	-2.876941e-06	2.453655e-06	2.961309e-06	13425
311149	-3.890928e-06	2.453694e-06	3.311222e-06	14698
451138	-2.877300e-06	2.453732e-06	2.960897e-06	13425
139515	-4.073382e-06	2.453761e-06	3.319236e-06	22640
302893	-3.891338e-06	2.453797e-06	3.310664e-06	14698
442882	-2.877659e-06	2.453808e-06	2.960485e-06	13425
131259	-4.073792e-06	2.453869e-06	3.318652e-06	22640
434626	-2.878019e-06	2.453884e-06	2.960072e-06	13425
294637	-3.891747e-06	2.453900e-06	3.310106e-06	14698
426370	-2.878378e-06	2.453961e-06	2.959660e-06	13425
123003	-4.074203e-06	2.453977e-06	3.318068e-06	22640
286381	-3.892156e-06	2.454004e-06	3.309549e-06	14698
418114	-2.878737e-06	2.454037e-06	2.959247e-06	13425
114747	-4.074614e-06	2.454085e-06	3.317484e-06	22640
278125	-3.892565e-06	2.454107e-06	3.308991e-06	14698
409858	-2.879096e-06	2.454114e-06	2.958835e-06	13425
401602	-2.879455e-06	2.454190e-06	2.958422e-06	13425
106491	-4.075024e-06	2.454193e-06	3.316900e-06	22640
269869	-3.892975e-06	2.454210e-06	3.308433e-06	14698
393346	-2.879813e-06	2.454266e-06	2.958009e-06	13425
98235	-4.075434e-06	2.454302e-06	3.316316e-06	22640
261613	-3.893384e-06	2.454314e-06	3.307875e-06	14698
385090	-2.880172e-06	2.454343e-06	2.957597e-06	13425
89979	-4.075844e-06	2.454410e-06	3.315732e-06	22640
253357	-3.893792e-06	2.454417e-06	3.307317e-06	14698
376834	-2.880531e-06	2.454419e-06	2.957184e-06	13425
368578	-2.880889e-06	2.454496e-06	2.956771e-06	13425
81723	-4.076254e-06	2.454518e-06	3.315147e-06	22640
245101	-3.894202e-06	2.454520e-06	3.306759e-06	14698
360322	-2.881248e-06	2.454572e-06	2.956358e-06	13425
236845	-3.894610e-06	2.454624e-06	3.306200e-06	14698
73467	-4.076664e-06	2.454626e-06	3.314563e-06	22640
352066	-2.881607e-06	2.454649e-06	2.955945e-06	13425
343810	-2.881965e-06	2.454725e-06	2.955532e-06	13425
228589	-3.895019e-06	2.454727e-06	3.305642e-06	14698
65211	-4.077074e-06	2.454735e-06	3.313979e-06	22640
335554	-2.882324e-06	2.454802e-06	2.955119e-06	13425
220333	-3.895428e-06	2.454831e-06	3.305084e-06	14698
56955	-4.077484e-06	2.454843e-06	3.313394e-06	22640
327298	-2.882682e-06	2.454878e-06	2.954706e-06	13425
212077	-3.895836e-06	2.454934e-06	3.304525e-06	14698
48699	-4.077894e-06	2.454951e-06	3.312810e-06	22640
319042	-2.883040e-06	2.454954e-06	2.954293e-06	13425
310786	-2.883399e-06	2.455031e-06	2.953879e-06	13425
203821	-3.896244e-06	2.455037e-06	3.303967e-06	14698
40443	-4.078303e-06	2.455059e-06	3.312225e-06	22640
302530	-2.883757e-06	2.455108e-06	2.953466e-06	13425
195565	-3.896653e-06	2.455141e-06	3.303408e-06	14698
32187	-4.078713e-06	2.455168e-06	3.311641e-06	22640
294274	-2.884115e-06	2.455184e-06	2.953053e-06	13425
187309	-3.897061e-06	2.455244e-06	3.302850e-06	14698
286018	-2.884473e-06	2.455261e-06	2.952640e-06	13425
23931	-4.079122e-06	2.455276e-06	3.311056e-06	22640
277762	-2.884831e-06	2.455337e-06	2.952226e-06	13425
179053	-3.897469e-06	2.455348e-06	3.302291e-06	14698
15675	-4.079532e-06	2.455384e-06	3.310471e-06	22640
269506	-2.885189e-06	2.455414e-06	2.951813e-06	13425
170797	-3.897877e-06	2.455451e-06	3.301732e-06	14698
261250	-2.885547e-06	2.455490e-06	2.951399e-06	13425
7419	-4.079941e-06	2.455493e-06	3.309886e-06	22640
162541	-3.898285e-06	2.455555e-06	3.301174e-06	14698
252994	-2.885904e-06	2.455567e-06	2.950985e-06	13425
244738	-2.886262e-06	2.455643e-06	2.950572e-06	13425
154285	-3.898693e-06	2.455658e-06	3.300615e-06	14698
236482	-2.886620e-06	2.455720e-06	2.950158e-06	13425
146029	-3.899101e-06	2.455762e-06	3.300056e-06	14698
228226	-2.886977e-06	2.455797e-06	2.949744e-06	13425
137773	-3.899509e-06	2.455865e-06	3.299497e-06	14698
219970	-2.887335e-06	2.455873e-06	2.949331e-06	13425
211714	-2.887693e-06	2.455950e-06	2.948917e-06	13425
129517	-3.899917e-06	2.455969e-06	3.298938e-06	14698
203458	-2.888050e-06	2.456027e-06	2.948503e-06	13425
121261	-3.900324e-06	2.456072e-06	3.298379e-06	14698
195202	-2.888407e-06	2.456103e-06	2.948089e-06	13425
113005	-3.900732e-06	2.456176e-06	3.297820e-06	14698
186946	-2.888765e-06	2.456180e-06	2.947675e-06	13425
178690	-2.889122e-06	2.456256e-06	2.947261e-06	13425
104749	-3.901139e-06	2.456280e-06	3.297261e-06	14698
170434	-2.889479e-06	2.456333e-06	2.946847e-06	13425
96493	-3.901547e-06	2.456383e-06	3.296702e-06	14698
162178	-2.889836e-06	2.456410e-06	2.946433e-06	13425
153922	-2.890193e-06	2.456487e-06	2.946019e-06	13425
88237	-3.901954e-06	2.456487e-06	3.296142e-06	14698
145666	-2.890550e-06	2.456563e-06	2.945604e-06	13425
79981	-3.902361e-06	2.456590e-06	3.295583e-06	14698
137410	-2.890907e-06	2.456640e-06	2.945190e-06	13425
71725	-3.902768e-06	2.456694e-06	3.295024e-06	14698
129154	-2.891264e-06	2.456717e-06	2.944776e-06	13425
120898	-2.891621e-06	2.456793e-06	2.944361e-06	13425
63469	-3.903175e-06	2.456798e-06	3.294464e-06	14698
112642	-2.891978e-06	2.456870e-06	2.943947e-06	13425
55213	-3.903582e-06	2.456901e-06	3.293905e-06	14698
104386	-2.892334e-06	2.456947e-06	2.943532e-06	13425
46957	-3.903989e-06	2.457005e-06	3.293345e-06	14698
96130	-2.892691e-06	2.457024e-06	2.943118e-06	13425
87874	-2.893047e-06	2.457100e-06	2.942703e-06	13425
38701	-3.904396e-06	2.457109e-06	3.292786e-06	14698
79618	-2.893404e-06	2.457177e-06	2.942289e-06	13425
30445	-3.904803e-06	2.457212e-06	3.292226e-06	14698
71362	-2.893760e-06	2.457254e-06	2.941874e-06	13425
22189	-3.905209e-06	2.457316e-06	3.291666e-06	14698
63106	-2.894117e-06	2.457331e-06	2.941459e-06	13425
54850	-2.894473e-06	2.457407e-06	2.941044e-06	13425
13933	-3.905616e-06	2.457420e-06	3.291107e-06	14698
46594	-2.894829e-06	2.457484e-06	2.940629e-06	13425
5677	-3.906022e-06	2.457523e-06	3.290547e-06	14698
38338	-2.895186e-06	2.457561e-06	2.940214e-06	13425
30082	-2.895542e-06	2.457638e-06	2.939800e-06	13425
21826	-2.895898e-06	2.457715e-06	2.939385e-06	13425
13570	-2.896254e-06	2.457792e-06	2.938970e-06	13425
5314	-2.896610e-06	2.457869e-06	2.938554e-06	13425
1154332	-4.881763e-06	2.468319e-06	3.756447e-06	19050
1146076	-4.882236e-06	2.468449e-06	3.755747e-06	19050
1137820	-4.882709e-06	2.468578e-06	3.755047e-06	19050
1129564	-4.883182e-06	2.468708e-06	3.754347e-06	19050
1121308	-4.883654e-06	2.468838e-06	3.753647e-06	19050
1113052	-4.884127e-06	2.468967e-06	3.752947e-06	19050
1104796	-4.884599e-06	2.469097e-06	3.752247e-06	19050
1096540	-4.885071e-06	2.469227e-06	3.751547e-06	19050
1088284	-4.885544e-06	2.469357e-06	3.750847e-06	19050
1080028	-4.886016e-06	2.469486e-06	3.750146e-06	19050
1071772	-4.886488e-06	2.469616e-06	3.749446e-06	19050
1063516	-4.886959e-06	2.469746e-06	3.748745e-06	19050
1055260	-4.887431e-06	2.469876e-06	3.748045e-06	19050
1047004	-4.887903e-06	2.470005e-06	3.747344e-06	19050
1038748	-4.888374e-06	2.470135e-06	3.746643e-06	19050
1030492	-4.888846e-06	2.470265e-06	3.745943e-06	19050
1022236	-4.889317e-06	2.470395e-06	3.745242e-06	19050
1013980	-4.889788e-06	2.470525e-06	3.744541e-06	19050
1005724	-4.890259e-06	2.470655e-06	3.743840e-06	19050
997468	-4.890730e-06	2.470784e-06	3.743139e-06	19050
989212	-4.891201e-06	2.470914e-06	3.742438e-06	19050
980956	-4.891672e-06	2.471044e-06	3.741736e-06	19050
972700	-4.892142e-06	2.471174e-06	3.741035e-06	19050
964444	-4.892613e-06	2.471304e-06	3.740334e-06	19050
956188	-4.893084e-06	2.471434e-06	3.739633e-06	19050
947932	-4.893554e-06	2.471564e-06	3.738931e-06	19050
939676	-4.894024e-06	2.471694e-06	3.738230e-06	19050
931420	-4.894494e-06	2.471824e-06	3.737528e-06	19050
923164	-4.894965e-06	2.471954e-06	3.736827e-06	19050
914908	-4.895434e-06	2.472084e-06	3.736125e-06	19050
906652	-4.895905e-06	2.472214e-06	3.735423e-06	19050
898396	-4.896374e-06	2.472344e-06	3.734721e-06	19050
890140	-4.896844e-06	2.472474e-06	3.734019e-06	19050
881884	-4.897313e-06	2.472604e-06	3.733317e-06	19050
873628	-4.897783e-06	2.472734e-06	3.732615e-06	19050
865372	-4.898252e-06	2.472864e-06	3.731913e-06	19050
857116	-4.898721e-06	2.472994e-06	3.731211e-06	19050
848860	-4.899191e-06	2.473124e-06	3.730509e-06	19050
840604	-4.899659e-06	2.473254e-06	3.729806e-06	19050
832348	-4.900129e-06	2.473384e-06	3.729104e-06	19050
824092	-4.900597e-06	2.473515e-06	3.728401e-06	19050
815836	-4.901066e-06	2.473645e-06	3.727699e-06	19050
807580	-4.901535e-06	2.473775e-06	3.726996e-06	19050
799324	-4.902003e-06	2.473905e-06	3.726294e-06	19050
791068	-4.902472e-06	2.474035e-06	3.725591e-06	19050
782812	-4.902940e-06	2.474166e-06	3.724888e-06	19050
774556	-4.903408e-06	2.474296e-06	3.724185e-06	19050
766300	-4.903876e-06	2.474426e-06	3.723482e-06	19050
758044	-4.904344e-06	2.474556e-06	3.722779e-06	19050
749788	-4.904812e-06	2.474687e-06	3.722076e-06	19050
741532	-4.905280e-06	2.474817e-06	3.721373e-06	19050
733276	-4.905748e-06	2.474947e-06	3.720670e-06	19050
725020	-4.906215e-06	2.475077e-06	3.719967e-06	19050
716764	-4.906683e-06	2.475208e-06	3.719264e-06	19050
708508	-4.907150e-06	2.475338e-06	3.718560e-06	19050
700252	-4.907617e-06	2.475468e-06	3.717857e-06	19050
691996	-4.908084e-06	2.475599e-06	3.717153e-06	19050
683740	-4.908551e-06	2.475729e-06	3.716450e-06	19050
675484	-4.909018e-06	2.475859e-06	3.715746e-06	19050
667228	-4.909485e-06	2.475990e-06	3.715042e-06	19050
658972	-4.909952e-06	2.476120e-06	3.714338e-06	19050
650716	-4.910418e-06	2.476251e-06	3.713634e-06	19050
642460	-4.910885e-06	2.476381e-06	3.712930e-06	19050
634204	-4.911351e-06	2.476511e-06	3.712227e-06	19050
625948	-4.911818e-06	2.476642e-06	3.711522e-06	19050
617692	-4.912284e-06	2.476772e-06	3.710818e-06	19050
609436	-4.912750e-06	2.476903e-06	3.710114e-06	19050
601180	-4.913216e-06	2.477033e-06	3.709410e-06	19050
592924	-4.913682e-06	2.477164e-06	3.708705e-06	19050
584668	-4.914148e-06	2.477294e-06	3.708001e-06	19050
576412	-4.914613e-06	2.477425e-06	3.707297e-06	19050
568156	-4.915079e-06	2.477555e-06	3.706592e-06	19050
559900	-4.915545e-06	2.477686e-06	3.705888e-06	19050
551644	-4.916010e-06	2.477816e-06	3.705183e-06	19050
543388	-4.916475e-06	2.477947e-06	3.704478e-06	19050
535132	-4.916940e-06	2.478077e-06	3.703773e-06	19050
526876	-4.917405e-06	2.478208e-06	3.703068e-06	19050
518620	-4.917870e-06	2.478339e-06	3.702364e-06	19050
510364	-4.918335e-06	2.478469e-06	3.701658e-06	19050
502108	-4.918800e-06	2.478600e-06	3.700954e-06	19050
493852	-4.919264e-06	2.478730e-06	3.700248e-06	19050
485596	-4.919729e-06	2.478861e-06	3.699543e-06	19050
477340	-4.920194e-06	2.478992e-06	3.698838e-06	19050
469084	-4.920658e-06	2.479122e-06	3.698133e-06	19050
460828	-4.921122e-06	2.479253e-06	3.697427e-06	19050
452572	-4.921586e-06	2.479384e-06	3.696722e-06	19050
444316	-4.922050e-06	2.479515e-06	3.696016e-06	19050
436060	-4.922514e-06	2.479645e-06	3.695311e-06	19050
427804	-4.922978e-06	2.479776e-06	3.694605e-06	19050
419548	-4.923442e-06	2.479907e-06	3.693899e-06	19050
411292	-4.923905e-06	2.480038e-06	3.693193e-06	19050
403036	-4.924369e-06	2.480168e-06	3.692488e-06	19050
394780	-4.924832e-06	2.480299e-06	3.691782e-06	19050
386524	-4.925295e-06	2.480430e-06	3.691076e-06	19050
378268	-4.925759e-06	2.480561e-06	3.690370e-06	19050
370012	-4.926222e-06	2.480692e-06	3.689663e-06	19050
361756	-4.926685e-06	2.480823e-06	3.688957e-06	19050
353500	-4.927148e-06	2.480953e-06	3.688251e-06	19050
345244	-4.927610e-06	2.481084e-06	3.687545e-06	19050
336988	-4.928073e-06	2.481215e-06	3.686838e-06	19050
328732	-4.928535e-06	2.481346e-06	3.686132e-06	19050
320476	-4.928998e-06	2.481477e-06	3.685425e-06	19050
312220	-4.929460e-06	2.481608e-06	3.684719e-06	19050
303964	-4.929922e-06	2.481739e-06	3.684012e-06	19050
295708	-4.930384e-06	2.481870e-06	3.683305e-06	19050
287452	-4.930846e-06	2.482001e-06	3.682598e-06	19050
279196	-4.931308e-06	2.482132e-06	3.681892e-06	19050
270940	-4.931770e-06	2.482263e-06	3.681185e-06	19050
262684	-4.932232e-06	2.482393e-06	3.680478e-06	19050
254428	-4.932694e-06	2.482524e-06	3.679771e-06	19050
246172	-4.933155e-06	2.482655e-06	3.679064e-06	19050
237916	-4.933617e-06	2.482787e-06	3.678356e-06	19050
229660	-4.934078e-06	2.482918e-06	3.677649e-06	19050
221404	-4.934539e-06	2.483049e-06	3.676942e-06	19050
213148	-4.935000e-06	2.483180e-06	3.676234e-06	19050
204892	-4.935461e-06	2.483311e-06	3.675527e-06	19050
196636	-4.935922e-06	2.483442e-06	3.674819e-06	19050
188380	-4.936383e-06	2.483573e-06	3.674112e-06	19050
180124	-4.936843e-06	2.483704e-06	3.673404e-06	19050
171868	-4.937304e-06	2.483835e-06	3.672696e-06	19050
163612	-4.937765e-06	2.483966e-06	3.671989e-06	19050
155356	-4.938225e-06	2.484097e-06	3.671281e-06	19050
147100	-4.938685e-06	2.484229e-06	3.670573e-06	19050
138844	-4.939145e-06	2.484360e-06	3.669865e-06	19050
130588	-4.939605e-06	2.484491e-06	3.669157e-06	19050
122332	-4.940065e-06	2.484622e-06	3.668449e-06	19050
114076	-4.940525e-06	2.484753e-06	3.667741e-06	19050
105820	-4.940985e-06	2.484885e-06	3.667032e-06	19050
97564	-4.941444e-06	2.485016e-06	3.666324e-06	19050
89308	-4.941904e-06	2.485147e-06	3.665616e-06	19050
81052	-4.942363e-06	2.485278e-06	3.664907e-06	19050
72796	-4.942822e-06	2.485410e-06	3.664199e-06	19050
64540	-4.943282e-06	2.485541e-06	3.663490e-06	19050
56284	-4.943741e-06	2.485672e-06	3.662781e-06	19050
48028	-4.944200e-06	2.485803e-06	3.662073e-06	19050
39772	-4.944658e-06	2.485935e-06	3.661364e-06	19050
31516	-4.945117e-06	2.486066e-06	3.660655e-06	19050
23260	-4.945576e-06	2.486197e-06	3.659946e-06	19050
15004	-4.946035e-06	2.486329e-06	3.659237e-06	19050
6748	-4.946493e-06	2.486460e-06	3.658528e-06	19050
1152974	-3.038705e-06	2.510577e-06	3.114861e-06	13681
1144718	-3.039085e-06	2.510658e-06	3.114426e-06	13681
1136462	-3.039464e-06	2.510738e-06	3.113990e-06	13681
1128206	-3.039844e-06	2.510819e-06	3.113555e-06	13681
1119950	-3.040224e-06	2.510900e-06	3.113119e-06	13681
1111694	-3.040603e-06	2.510980e-06	3.112683e-06	13681
1103438	-3.040983e-06	2.511061e-06	3.112247e-06	13681
1095182	-3.041362e-06	2.511142e-06	3.111812e-06	13681
1086926	-3.041741e-06	2.511222e-06	3.111376e-06	13681
1078670	-3.042121e-06	2.511303e-06	3.110940e-06	13681
1070414	-3.042500e-06	2.511384e-06	3.110504e-06	13681
1062158	-3.042879e-06	2.511465e-06	3.110068e-06	13681
1053902	-3.043258e-06	2.511546e-06	3.109632e-06	13681
1045646	-3.043637e-06	2.511626e-06	3.109195e-06	13681
1037390	-3.044016e-06	2.511707e-06	3.108759e-06	13681
1029134	-3.044395e-06	2.511788e-06	3.108323e-06	13681
1020878	-3.044774e-06	2.511869e-06	3.107886e-06	13681
1012622	-3.045152e-06	2.511949e-06	3.107450e-06	13681
1004366	-3.045531e-06	2.512030e-06	3.107014e-06	13681
996110	-3.045910e-06	2.512111e-06	3.106577e-06	13681
987854	-3.046288e-06	2.512192e-06	3.106140e-06	13681
979598	-3.046667e-06	2.512273e-06	3.105704e-06	13681
971342	-3.047045e-06	2.512353e-06	3.105267e-06	13681
963086	-3.047423e-06	2.512434e-06	3.104831e-06	13681
954830	-3.047802e-06	2.512515e-06	3.104394e-06	13681
946574	-3.048180e-06	2.512596e-06	3.103957e-06	13681
938318	-3.048558e-06	2.512677e-06	3.103520e-06	13681
930062	-3.048936e-06	2.512758e-06	3.103083e-06	13681
921806	-3.049314e-06	2.512839e-06	3.102646e-06	13681
913550	-3.049692e-06	2.512920e-06	3.102209e-06	13681
905294	-3.050070e-06	2.513001e-06	3.101772e-06	13681
897038	-3.050448e-06	2.513081e-06	3.101335e-06	13681
888782	-3.050826e-06	2.513162e-06	3.100897e-06	13681
880526	-3.051203e-06	2.513244e-06	3.100460e-06	13681
872270	-3.051581e-06	2.513324e-06	3.100023e-06	13681
864014	-3.051958e-06	2.513405e-06	3.099585e-06	13681
855758	-3.052336e-06	2.513486e-06	3.099148e-06	13681
847502	-3.052713e-06	2.513567e-06	3.098711e-06	13681
839246	-3.053091e-06	2.513648e-06	3.098273e-06	13681
830990	-3.053468e-06	2.513729e-06	3.097835e-06	13681
822734	-3.053845e-06	2.513810e-06	3.097398e-06	13681
814478	-3.054223e-06	2.513892e-06	3.096960e-06	13681
806222	-3.054600e-06	2.513973e-06	3.096522e-06	13681
797966	-3.054977e-06	2.514054e-06	3.096085e-06	13681
789710	-3.055354e-06	2.514135e-06	3.095647e-06	13681
781454	-3.055731e-06	2.514216e-06	3.095209e-06	13681
773198	-3.056108e-06	2.514297e-06	3.094771e-06	13681
764942	-3.056484e-06	2.514378e-06	3.094333e-06	13681
756686	-3.056861e-06	2.514459e-06	3.093895e-06	13681
748430	-3.057238e-06	2.514540e-06	3.093457e-06	13681
740174	-3.057614e-06	2.514621e-06	3.093018e-06	13681
731918	-3.057991e-06	2.514702e-06	3.092580e-06	13681
723662	-3.058367e-06	2.514784e-06	3.092142e-06	13681
715406	-3.058744e-06	2.514865e-06	3.091703e-06	13681
707150	-3.059120e-06	2.514946e-06	3.091265e-06	13681
698894	-3.059496e-06	2.515027e-06	3.090827e-06	13681
690638	-3.059872e-06	2.515108e-06	3.090388e-06	13681
682382	-3.060249e-06	2.515189e-06	3.089950e-06	13681
674126	-3.060625e-06	2.515271e-06	3.089511e-06	13681
665870	-3.061001e-06	2.515352e-06	3.089072e-06	13681
657614	-3.061377e-06	2.515433e-06	3.088634e-06	13681
649358	-3.061753e-06	2.515514e-06	3.088195e-06	13681
641102	-3.062128e-06	2.515596e-06	3.087756e-06	13681
632846	-3.062504e-06	2.515677e-06	3.087317e-06	13681
624590	-3.062880e-06	2.515758e-06	3.086878e-06	13681
616334	-3.063255e-06	2.515839e-06	3.086439e-06	13681
608078	-3.063631e-06	2.515921e-06	3.086000e-06	13681
599822	-3.064006e-06	2.516002e-06	3.085561e-06	13681
591566	-3.064382e-06	2.516083e-06	3.085122e-06	13681
583310	-3.064757e-06	2.516165e-06	3.084682e-06	13681
575054	-3.065132e-06	2.516246e-06	3.084243e-06	13681
566798	-3.065508e-06	2.516327e-06	3.083804e-06	13681
558542	-3.065883e-06	2.516409e-06	3.083365e-06	13681
550286	-3.066258e-06	2.516490e-06	3.082925e-06	13681
542030	-3.066633e-06	2.516571e-06	3.082486e-06	13681
533774	-3.067008e-06	2.516653e-06	3.082046e-06	13681
525518	-3.067383e-06	2.516734e-06	3.081607e-06	13681
517262	-3.067758e-06	2.516816e-06	3.081167e-06	13681
509006	-3.068132e-06	2.516897e-06	3.080727e-06	13681
500750	-3.068507e-06	2.516978e-06	3.080287e-06	13681
492494	-3.068882e-06	2.517060e-06	3.079848e-06	13681
484238	-3.069256e-06	2.517141e-06	3.079408e-06	13681
475982	-3.069631e-06	2.517223e-06	3.078968e-06	13681
467726	-3.070005e-06	2.517304e-06	3.078528e-06	13681
459470	-3.070380e-06	2.517386e-06	3.078088e-06	13681
451214	-3.070754e-06	2.517467e-06	3.077648e-06	13681
442958	-3.071128e-06	2.517549e-06	3.077208e-06	13681
434702	-3.071503e-06	2.517630e-06	3.076767e-06	13681
426446	-3.071877e-06	2.517712e-06	3.076327e-06	13681
418190	-3.072251e-06	2.517793e-06	3.075887e-06	13681
409934	-3.072625e-06	2.517875e-06	3.075447e-06	13681
401678	-3.072999e-06	2.517956e-06	3.075006e-06	13681
393422	-3.073372e-06	2.518038e-06	3.074566e-06	13681
385166	-3.073746e-06	2.518119e-06	3.074125e-06	13681
376910	-3.074120e-06	2.518201e-06	3.073685e-06	13681
368654	-3.074494e-06	2.518283e-06	3.073244e-06	13681
360398	-3.074867e-06	2.518364e-06	3.072803e-06	13681
352142	-3.075241e-06	2.518446e-06	3.072363e-06	13681
343886	-3.075614e-06	2.518527e-06	3.071922e-06	13681
335630	-3.075988e-06	2.518609e-06	3.071481e-06	13681
327374	-3.076361e-06	2.518691e-06	3.071040e-06	13681
319118	-3.076734e-06	2.518772e-06	3.070599e-06	13681
310862	-3.077108e-06	2.518854e-06	3.070158e-06	13681
302606	-3.077481e-06	2.518935e-06	3.069717e-06	13681
294350	-3.077854e-06	2.519017e-06	3.069276e-06	13681
286094	-3.078227e-06	2.519099e-06	3.068835e-06	13681
277838	-3.078600e-06	2.519180e-06	3.068394e-06	13681
269582	-3.078972e-06	2.519262e-06	3.067953e-06	13681
261326	-3.079345e-06	2.519344e-06	3.067511e-06	13681
253070	-3.079718e-06	2.519426e-06	3.067070e-06	13681
244814	-3.080091e-06	2.519507e-06	3.066629e-06	13681
236558	-3.080463e-06	2.519589e-06	3.066187e-06	13681
228302	-3.080836e-06	2.519671e-06	3.065745e-06	13681
220046	-3.081208e-06	2.519753e-06	3.065304e-06	13681
211790	-3.081581e-06	2.519834e-06	3.064862e-06	13681
203534	-3.081953e-06	2.519916e-06	3.064421e-06	13681
195278	-3.082326e-06	2.519998e-06	3.063979e-06	13681
187022	-3.082698e-06	2.520080e-06	3.063537e-06	13681
178766	-3.083070e-06	2.520162e-06	3.063095e-06	13681
170510	-3.083442e-06	2.520243e-06	3.062653e-06	13681
162254	-3.083814e-06	2.520325e-06	3.062211e-06	13681
153998	-3.084186e-06	2.520407e-06	3.061770e-06	13681
145742	-3.084558e-06	2.520489e-06	3.061327e-06	13681
137486	-3.084930e-06	2.520571e-06	3.060885e-06	13681
129230	-3.085301e-06	2.520653e-06	3.060443e-06	13681
120974	-3.085673e-06	2.520735e-06	3.060001e-06	13681
112718	-3.086045e-06	2.520816e-06	3.059559e-06	13681
104462	-3.086416e-06	2.520898e-06	3.059116e-06	13681
96206	-3.086788e-06	2.520980e-06	3.058674e-06	13681
87950	-3.087159e-06	2.521062e-06	3.058232e-06	13681
79694	-3.087531e-06	2.521144e-06	3.057789e-06	13681
71438	-3.087902e-06	2.521226e-06	3.057346e-06	13681
63182	-3.088273e-06	2.521308e-06	3.056904e-06	13681
54926	-3.088644e-06	2.521390e-06	3.056461e-06	13681
46670	-3.089016e-06	2.521472e-06	3.056019e-06	13681
38414	-3.089387e-06	2.521554e-06	3.055576e-06	13681
30158	-3.089757e-06	2.521636e-06	3.055133e-06	13681
21902	-3.090129e-06	2.521718e-06	3.054690e-06	13681
13646	-3.090499e-06	2.521800e-06	3.054247e-06	13681
5390	-3.090870e-06	2.521882e-06	3.053804e-06	13681
1154277	-4.958405e-06	2.538184e-06	3.838399e-06	18794
1146021	-4.958888e-06	2.538315e-06	3.837688e-06	18794
1137765	-4.959371e-06	2.538447e-06	3.836978e-06	18794
1129509	-4.959853e-06	2.538579e-06	3.836266e-06	18794
1121253	-4.960336e-06	2.538711e-06	3.835556e-06	18794
1112997	-4.960818e-06	2.538842e-06	3.834844e-06	18794
1104741	-4.961300e-06	2.538974e-06	3.834133e-06	18794
1096485	-4.961782e-06	2.539106e-06	3.833422e-06	18794
1088229	-4.962264e-06	2.539238e-06	3.832711e-06	18794
1079973	-4.962747e-06	2.539369e-06	3.831999e-06	18794
1071717	-4.963229e-06	2.539501e-06	3.831288e-06	18794
1063461	-4.963710e-06	2.539633e-06	3.830577e-06	18794
1055205	-4.964192e-06	2.539765e-06	3.829865e-06	18794
1046949	-4.964673e-06	2.539897e-06	3.829153e-06	18794
1038693	-4.965154e-06	2.540028e-06	3.828442e-06	18794
1030437	-4.965636e-06	2.540160e-06	3.827730e-06	18794
1022181	-4.966117e-06	2.540292e-06	3.827018e-06	18794
1013925	-4.966598e-06	2.540424e-06	3.826306e-06	18794
1005669	-4.967079e-06	2.540556e-06	3.825594e-06	18794
997413	-4.967560e-06	2.540688e-06	3.824882e-06	18794
989157	-4.968041e-06	2.540820e-06	3.824170e-06	18794
980901	-4.968521e-06	2.540952e-06	3.823458e-06	18794
972645	-4.969002e-06	2.541084e-06	3.822745e-06	18794
964389	-4.969482e-06	2.541216e-06	3.822033e-06	18794
956133	-4.969963e-06	2.541348e-06	3.821321e-06	18794
947877	-4.970443e-06	2.541480e-06	3.820608e-06	18794
939621	-4.970923e-06	2.541612e-06	3.819895e-06	18794
931365	-4.971403e-06	2.541744e-06	3.819183e-06	18794
923109	-4.971883e-06	2.541876e-06	3.818470e-06	18794
914853	-4.972363e-06	2.542008e-06	3.817758e-06	18794
906597	-4.972842e-06	2.542140e-06	3.817045e-06	18794
898341	-4.973322e-06	2.542272e-06	3.816332e-06	18794
890085	-4.973801e-06	2.542404e-06	3.815619e-06	18794
881829	-4.974281e-06	2.542536e-06	3.814906e-06	18794
873573	-4.974760e-06	2.542668e-06	3.814193e-06	18794
865317	-4.975239e-06	2.542800e-06	3.813480e-06	18794
857061	-4.975719e-06	2.542932e-06	3.812767e-06	18794
848805	-4.976197e-06	2.543065e-06	3.812053e-06	18794
840549	-4.976676e-06	2.543197e-06	3.811340e-06	18794
832293	-4.977155e-06	2.543329e-06	3.810627e-06	18794
824037	-4.977634e-06	2.543461e-06	3.809913e-06	18794
815781	-4.978112e-06	2.543593e-06	3.809199e-06	18794
807525	-4.978591e-06	2.543725e-06	3.808486e-06	18794
799269	-4.979069e-06	2.543858e-06	3.807772e-06	18794
791013	-4.979547e-06	2.543990e-06	3.807058e-06	18794
782757	-4.980026e-06	2.544122e-06	3.806344e-06	18794
774501	-4.980503e-06	2.544254e-06	3.805631e-06	18794
766245	-4.980981e-06	2.544387e-06	3.804917e-06	18794
757989	-4.981459e-06	2.544519e-06	3.804203e-06	18794
749733	-4.981937e-06	2.544651e-06	3.803488e-06	18794
741477	-4.982414e-06	2.544784e-06	3.802774e-06	18794
733221	-4.982892e-06	2.544916e-06	3.802060e-06	18794
724965	-4.983369e-06	2.545048e-06	3.801346e-06	18794
716709	-4.983846e-06	2.545181e-06	3.800631e-06	18794
708453	-4.984324e-06	2.545313e-06	3.799917e-06	18794
700197	-4.984801e-06	2.545445e-06	3.799202e-06	18794
691941	-4.985277e-06	2.545578e-06	3.798488e-06	18794
683685	-4.985754e-06	2.545710e-06	3.797773e-06	18794
675429	-4.986231e-06	2.545843e-06	3.797059e-06	18794
667173	-4.986708e-06	2.545975e-06	3.796344e-06	18794
658917	-4.987184e-06	2.546107e-06	3.795629e-06	18794
650661	-4.987661e-06	2.546240e-06	3.794914e-06	18794
642405	-4.988137e-06	2.546372e-06	3.794199e-06	18794
634149	-4.988613e-06	2.546505e-06	3.793484e-06	18794
625893	-4.989090e-06	2.546637e-06	3.792769e-06	18794
617637	-4.989565e-06	2.546770e-06	3.792053e-06	18794
609381	-4.990041e-06	2.546902e-06	3.791338e-06	18794
601125	-4.990517e-06	2.547035e-06	3.790623e-06	18794
592869	-4.990993e-06	2.547167e-06	3.789907e-06	18794
584613	-4.991468e-06	2.547300e-06	3.789192e-06	18794
576357	-4.991944e-06	2.547433e-06	3.788476e-06	18794
568101	-4.992419e-06	2.547565e-06	3.787761e-06	18794
559845	-4.992894e-06	2.547698e-06	3.787045e-06	18794
551589	-4.993370e-06	2.547830e-06	3.786329e-06	18794
543333	-4.993844e-06	2.547963e-06	3.785613e-06	18794
535077	-4.994320e-06	2.548096e-06	3.784898e-06	18794
526821	-4.994794e-06	2.548228e-06	3.784182e-06	18794
518565	-4.995269e-06	2.548361e-06	3.783466e-06	18794
510309	-4.995744e-06	2.548494e-06	3.782749e-06	18794
502053	-4.996218e-06	2.548626e-06	3.782033e-06	18794
493797	-4.996692e-06	2.548759e-06	3.781317e-06	18794
485541	-4.997167e-06	2.548892e-06	3.780601e-06	18794
477285	-4.997641e-06	2.549024e-06	3.779885e-06	18794
469029	-4.998115e-06	2.549157e-06	3.779168e-06	18794
460773	-4.998589e-06	2.549290e-06	3.778452e-06	18794
452517	-4.999063e-06	2.549423e-06	3.777735e-06	18794
444261	-4.999537e-06	2.549555e-06	3.777018e-06	18794
436005	-5.000010e-06	2.549688e-06	3.776302e-06	18794
427749	-5.000484e-06	2.549821e-06	3.775585e-06	18794
419493	-5.000958e-06	2.549954e-06	3.774868e-06	18794
411237	-5.001431e-06	2.550086e-06	3.774151e-06	18794
402981	-5.001904e-06	2.550219e-06	3.773434e-06	18794
394725	-5.002377e-06	2.550352e-06	3.772717e-06	18794
386469	-5.002850e-06	2.550485e-06	3.772000e-06	18794
378213	-5.003323e-06	2.550618e-06	3.771283e-06	18794
369957	-5.003796e-06	2.550751e-06	3.770566e-06	18794
361701	-5.004269e-06	2.550884e-06	3.769848e-06	18794
353445	-5.004741e-06	2.551017e-06	3.769131e-06	18794
345189	-5.005214e-06	2.551149e-06	3.768414e-06	18794
336933	-5.005686e-06	2.551282e-06	3.767696e-06	18794
328677	-5.006159e-06	2.551415e-06	3.766978e-06	18794
320421	-5.006631e-06	2.551548e-06	3.766261e-06	18794
312165	-5.007103e-06	2.551681e-06	3.765543e-06	18794
303909	-5.007575e-06	2.551814e-06	3.764825e-06	18794
295653	-5.008047e-06	2.551947e-06	3.764107e-06	18794
287397	-5.008518e-06	2.552080e-06	3.763389e-06	18794
279141	-5.008990e-06	2.552213e-06	3.762671e-06	18794
270885	-5.009461e-06	2.552346e-06	3.761953e-06	18794
262629	-5.009933e-06	2.552479e-06	3.761235e-06	18794
254373	-5.010404e-06	2.552612e-06	3.760517e-06	18794
246117	-5.010875e-06	2.552746e-06	3.759799e-06	18794
237861	-5.011346e-06	2.552879e-06	3.759081e-06	18794
229605	-5.011817e-06	2.553012e-06	3.758362e-06	18794
221349	-5.012289e-06	2.553145e-06	3.757644e-06	18794
213093	-5.012759e-06	2.553278e-06	3.756925e-06	18794
204837	-5.013230e-06	2.553411e-06	3.756207e-06	18794
196581	-5.013701e-06	2.553544e-06	3.755488e-06	18794
188325	-5.014171e-06	2.553677e-06	3.754769e-06	18794
180069	-5.014641e-06	2.553811e-06	3.754050e-06	18794
171813	-5.015112e-06	2.553944e-06	3.753331e-06	18794
163557	-5.015582e-06	2.554077e-06	3.752612e-06	18794
155301	-5.016052e-06	2.554210e-06	3.751893e-06	18794
147045	-5.016522e-06	2.554343e-06	3.751175e-06	18794
138789	-5.016992e-06	2.554477e-06	3.750455e-06	18794
130533	-5.017461e-06	2.554610e-06	3.749736e-06	18794
122277	-5.017931e-06	2.554743e-06	3.749017e-06	18794
114021	-5.018400e-06	2.554876e-06	3.748298e-06	18794
105765	-5.018870e-06	2.555010e-06	3.747578e-06	18794
97509	-5.019339e-06	2.555143e-06	3.746859e-06	18794
89253	-5.019808e-06	2.555276e-06	3.746139e-06	18794
80997	-5.020277e-06	2.555410e-06	3.745419e-06	18794
72741	-5.020746e-06	2.555543e-06	3.744700e-06	18794
64485	-5.021215e-06	2.555676e-06	3.743980e-06	18794
56229	-5.021684e-06	2.555810e-06	3.743260e-06	18794
47973	-5.022152e-06	2.555943e-06	3.742540e-06	18794
39717	-5.022621e-06	2.556076e-06	3.741820e-06	18794
31461	-5.023089e-06	2.556210e-06	3.741100e-06	18794
23205	-5.023558e-06	2.556343e-06	3.740380e-06	18794
14949	-5.024026e-06	2.556477e-06	3.739660e-06	18794
6693	-5.024494e-06	2.556610e-06	3.738940e-06	18794
1154550	-3.097224e-06	2.579092e-06	3.181377e-06	20082
1146294	-3.097611e-06	2.579174e-06	3.180933e-06	20082
1138038	-3.097999e-06	2.579256e-06	3.180489e-06	20082
1129782	-3.098386e-06	2.579339e-06	3.180045e-06	20082
1121526	-3.098773e-06	2.579421e-06	3.179601e-06	20082
1113270	-3.099160e-06	2.579503e-06	3.179156e-06	20082
1105014	-3.099548e-06	2.579585e-06	3.178712e-06	20082
1096758	-3.099935e-06	2.579668e-06	3.178268e-06	20082
1088502	-3.100322e-06	2.579750e-06	3.177824e-06	20082
1080246	-3.100709e-06	2.579832e-06	3.177380e-06	20082
1071990	-3.101096e-06	2.579914e-06	3.176935e-06	20082
1063734	-3.101482e-06	2.579997e-06	3.176491e-06	20082
1055478	-3.101869e-06	2.580079e-06	3.176046e-06	20082
1047222	-3.102256e-06	2.580161e-06	3.175601e-06	20082
1038966	-3.102642e-06	2.580244e-06	3.175157e-06	20082
1030710	-3.103029e-06	2.580326e-06	3.174712e-06	20082
1022454	-3.103416e-06	2.580408e-06	3.174267e-06	20082
1014198	-3.103802e-06	2.580491e-06	3.173823e-06	20082
1005942	-3.104188e-06	2.580573e-06	3.173378e-06	20082
997686	-3.104575e-06	2.580655e-06	3.172933e-06	20082
989430	-3.104961e-06	2.580738e-06	3.172488e-06	20082
981174	-3.105347e-06	2.580820e-06	3.172043e-06	20082
972918	-3.105733e-06	2.580902e-06	3.171598e-06	20082
964662	-3.106119e-06	2.580985e-06	3.171152e-06	20082
956406	-3.106505e-06	2.581067e-06	3.170707e-06	20082
948150	-3.106891e-06	2.581150e-06	3.170262e-06	20082
939894	-3.107277e-06	2.581232e-06	3.169817e-06	20082
931638	-3.107663e-06	2.581315e-06	3.169371e-06	20082
923382	-3.108048e-06	2.581397e-06	3.168926e-06	20082
915126	-3.108434e-06	2.581480e-06	3.168481e-06	20082
906870	-3.108820e-06	2.581562e-06	3.168035e-06	20082
898614	-3.109205e-06	2.581645e-06	3.167590e-06	20082
890358	-3.109591e-06	2.581727e-06	3.167144e-06	20082
882102	-3.109976e-06	2.581810e-06	3.166698e-06	20082
873846	-3.110361e-06	2.581892e-06	3.166252e-06	20082
865590	-3.110746e-06	2.581975e-06	3.165807e-06	20082
857334	-3.111131e-06	2.582057e-06	3.165361e-06	20082
849078	-3.111517e-06	2.582140e-06	3.164915e-06	20082
840822	-3.111902e-06	2.582222e-06	3.164469e-06	20082
832566	-3.112287e-06	2.582305e-06	3.164023e-06	20082
824310	-3.112672e-06	2.582387e-06	3.163577e-06	20082
816054	-3.113056e-06	2.582470e-06	3.163131e-06	20082
807798	-3.113441e-06	2.582553e-06	3.162684e-06	20082
799542	-3.113826e-06	2.582635e-06	3.162238e-06	20082
791286	-3.114211e-06	2.582718e-06	3.161792e-06	20082
783030	-3.114595e-06	2.582801e-06	3.161346e-06	20082
774774	-3.114980e-06	2.582883e-06	3.160899e-06	20082
766518	-3.115364e-06	2.582966e-06	3.160453e-06	20082
758262	-3.115749e-06	2.583049e-06	3.160006e-06	20082
750006	-3.116133e-06	2.583131e-06	3.159560e-06	20082
741750	-3.116517e-06	2.583214e-06	3.159113e-06	20082
733494	-3.116901e-06	2.583297e-06	3.158666e-06	20082
725238	-3.117285e-06	2.583379e-06	3.158219e-06	20082
716982	-3.117669e-06	2.583462e-06	3.157773e-06	20082
708726	-3.118053e-06	2.583545e-06	3.157326e-06	20082
700470	-3.118437e-06	2.583628e-06	3.156879e-06	20082
692214	-3.118821e-06	2.583710e-06	3.156432e-06	20082
683958	-3.119205e-06	2.583793e-06	3.155985e-06	20082
675702	-3.119589e-06	2.583876e-06	3.155538e-06	20082
667446	-3.119972e-06	2.583959e-06	3.155091e-06	20082
659190	-3.120356e-06	2.584042e-06	3.154644e-06	20082
650934	-3.120739e-06	2.584124e-06	3.154197e-06	20082
642678	-3.121123e-06	2.584207e-06	3.153749e-06	20082
634422	-3.121506e-06	2.584290e-06	3.153302e-06	20082
626166	-3.121890e-06	2.584373e-06	3.152854e-06	20082
617910	-3.122273e-06	2.584456e-06	3.152407e-06	20082
609654	-3.122656e-06	2.584538e-06	3.151959e-06	20082
601398	-3.123039e-06	2.584621e-06	3.151512e-06	20082
593142	-3.123422e-06	2.584704e-06	3.151064e-06	20082
584886	-3.123805e-06	2.584787e-06	3.150617e-06	20082
576630	-3.124188e-06	2.584870e-06	3.150169e-06	20082
568374	-3.124571e-06	2.584953e-06	3.149721e-06	20082
560118	-3.124954e-06	2.585036e-06	3.149273e-06	20082
551862	-3.125336e-06	2.585119e-06	3.148825e-06	20082
543606	-3.125719e-06	2.585202e-06	3.148377e-06	20082
535350	-3.126102e-06	2.585285e-06	3.147929e-06	20082
527094	-3.126484e-06	2.585368e-06	3.147481e-06	20082
518838	-3.126867e-06	2.585451e-06	3.147033e-06	20082
510582	-3.127249e-06	2.585534e-06	3.146585e-06	20082
502326	-3.127632e-06	2.585617e-06	3.146137e-06	20082
494070	-3.128014e-06	2.585700e-06	3.145688e-06	20082
485814	-3.128396e-06	2.585783e-06	3.145240e-06	20082
477558	-3.128778e-06	2.585866e-06	3.144792e-06	20082
469302	-3.129160e-06	2.585949e-06	3.144343e-06	20082
461046	-3.129542e-06	2.586032e-06	3.143895e-06	20082
452790	-3.129924e-06	2.586115e-06	3.143446e-06	20082
444534	-3.130306e-06	2.586198e-06	3.142998e-06	20082
436278	-3.130688e-06	2.586281e-06	3.142549e-06	20082
428022	-3.131069e-06	2.586364e-06	3.142100e-06	20082
419766	-3.131451e-06	2.586447e-06	3.141652e-06	20082
411510	-3.131833e-06	2.586530e-06	3.141203e-06	20082
403254	-3.132214e-06	2.586613e-06	3.140754e-06	20082
394998	-3.132596e-06	2.586696e-06	3.140305e-06	20082
386742	-3.132977e-06	2.586779e-06	3.139856e-06	20082
378486	-3.133358e-06	2.586863e-06	3.139407e-06	20082
370230	-3.133739e-06	2.586946e-06	3.138958e-06	20082
361974	-3.134121e-06	2.587029e-06	3.138509e-06	20082
353718	-3.134502e-06	2.587112e-06	3.138059e-06	20082
345462	-3.134883e-06	2.587195e-06	3.137610e-06	20082
337206	-3.135264e-06	2.587278e-06	3.137161e-06	20082
328950	-3.135645e-06	2.587362e-06	3.136711e-06	20082
320694	-3.136026e-06	2.587445e-06	3.136262e-06	20082
312438	-3.136407e-06	2.587528e-06	3.135813e-06	20082
304182	-3.136787e-06	2.587611e-06	3.135363e-06	20082
295926	-3.137168e-06	2.587695e-06	3.134913e-06	20082
287670	-3.137548e-06	2.587778e-06	3.134464e-06	20082
279414	-3.137929e-06	2.587861e-06	3.134014e-06	20082
271158	-3.138309e-06	2.587944e-06	3.133564e-06	20082
262902	-3.138690e-06	2.588028e-06	3.133115e-06	20082
254646	-3.139070e-06	2.588111e-06	3.132665e-06	20082
246390	-3.139450e-06	2.588194e-06	3.132215e-06	20082
238134	-3.139831e-06	2.588278e-06	3.131765e-06	20082
229878	-3.140211e-06	2.588361e-06	3.131315e-06	20082
221622	-3.140591e-06	2.588444e-06	3.130865e-06	20082
213366	-3.140971e-06	2.588527e-06	3.130415e-06	20082
205110	-3.141351e-06	2.588611e-06	3.129964e-06	20082
196854	-3.141731e-06	2.588694e-06	3.129514e-06	20082
188598	-3.142110e-06	2.588778e-06	3.129064e-06	20082
180342	-3.142490e-06	2.588861e-06	3.128614e-06	20082
172086	-3.142870e-06	2.588944e-06	3.128163e-06	20082
163830	-3.143249e-06	2.589028e-06	3.127713e-06	20082
155574	-3.143629e-06	2.589111e-06	3.127262e-06	20082
147318	-3.144008e-06	2.589195e-06	3.126812e-06	20082
139062	-3.144388e-06	2.589278e-06	3.126361e-06	20082
130806	-3.144767e-06	2.589361e-06	3.125910e-06	20082
122550	-3.145146e-06	2.589445e-06	3.125459e-06	20082
114294	-3.145526e-06	2.589529e-06	3.125009e-06	20082
106038	-3.145905e-06	2.589612e-06	3.124558e-06	20082
97782	-3.146284e-06	2.589695e-06	3.124107e-06	20082
89526	-3.146663e-06	2.589779e-06	3.123656e-06	20082
81270	-3.147042e-06	2.589862e-06	3.123205e-06	20082
73014	-3.147421e-06	2.589946e-06	3.122754e-06	20082
64758	-3.147799e-06	2.590029e-06	3.122303e-06	20082
56502	-3.148178e-06	2.590113e-06	3.121852e-06	20082
48246	-3.148557e-06	2.590197e-06	3.121400e-06	20082
39990	-3.148935e-06	2.590280e-06	3.120949e-06	20082
31734	-3.149314e-06	2.590364e-06	3.120498e-06	20082
23478	-3.149692e-06	2.590447e-06	3.120046e-06	20082
15222	-3.150071e-06	2.590531e-06	3.119595e-06	20082
6966	-3.150449e-06	2.590614e-06	3.119143e-06	20082
1154682	-4.719242e-06	2.643243e-06	3.818537e-06	20835
1146426	-4.719720e-06	2.643368e-06	3.817860e-06	20835
1138170	-4.720197e-06	2.643493e-06	3.817184e-06	20835
1129914	-4.720674e-06	2.643619e-06	3.816507e-06	20835
1121658	-4.721150e-06	2.643744e-06	3.815830e-06	20835
1113402	-4.721627e-06	2.643869e-06	3.815153e-06	20835
1105146	-4.722104e-06	2.643995e-06	3.814477e-06	20835
1096890	-4.722580e-06	2.644120e-06	3.813800e-06	20835
1088634	-4.723056e-06	2.644246e-06	3.813123e-06	20835
1080378	-4.723533e-06	2.644371e-06	3.812446e-06	20835
1072122	-4.724009e-06	2.644496e-06	3.811769e-06	20835
1063866	-4.724485e-06	2.644622e-06	3.811092e-06	20835
1055610	-4.724961e-06	2.644747e-06	3.810414e-06	20835
1047354	-4.725437e-06	2.644873e-06	3.809737e-06	20835
1039098	-4.725913e-06	2.644998e-06	3.809060e-06	20835
1030842	-4.726389e-06	2.645124e-06	3.808382e-06	20835
1022586	-4.726865e-06	2.645249e-06	3.807705e-06	20835
1014330	-4.727340e-06	2.645375e-06	3.807027e-06	20835
1006074	-4.727815e-06	2.645500e-06	3.806349e-06	20835
997818	-4.728291e-06	2.645626e-06	3.805672e-06	20835
989562	-4.728766e-06	2.645751e-06	3.804994e-06	20835
981306	-4.729241e-06	2.645877e-06	3.804316e-06	20835
973050	-4.729716e-06	2.646003e-06	3.803638e-06	20835
964794	-4.730191e-06	2.646128e-06	3.802960e-06	20835
956538	-4.730666e-06	2.646254e-06	3.802282e-06	20835
948282	-4.731141e-06	2.646379e-06	3.801604e-06	20835
940026	-4.731615e-06	2.646505e-06	3.800925e-06	20835
931770	-4.732090e-06	2.646631e-06	3.800247e-06	20835
923514	-4.732564e-06	2.646756e-06	3.799569e-06	20835
915258	-4.733038e-06	2.646882e-06	3.798890e-06	20835
907002	-4.733512e-06	2.647008e-06	3.798212e-06	20835
898746	-4.733987e-06	2.647133e-06	3.797534e-06	20835
890490	-4.734461e-06	2.647259e-06	3.796855e-06	20835
882234	-4.734934e-06	2.647385e-06	3.796176e-06	20835
873978	-4.735408e-06	2.647511e-06	3.795497e-06	20835
865722	-4.735882e-06	2.647636e-06	3.794819e-06	20835
857466	-4.736356e-06	2.647762e-06	3.794140e-06	20835
849210	-4.736829e-06	2.647888e-06	3.793461e-06	20835
840954	-4.737302e-06	2.648014e-06	3.792782e-06	20835
832698	-4.737776e-06	2.648140e-06	3.792103e-06	20835
824442	-4.738249e-06	2.648265e-06	3.791424e-06	20835
816186	-4.738722e-06	2.648391e-06	3.790744e-06	20835
807930	-4.739195e-06	2.648517e-06	3.790065e-06	20835
799674	-4.739668e-06	2.648643e-06	3.789386e-06	20835
791418	-4.740141e-06	2.648769e-06	3.788706e-06	20835
783162	-4.740613e-06	2.648894e-06	3.788027e-06	20835
774906	-4.741086e-06	2.649020e-06	3.787347e-06	20835
766650	-4.741559e-06	2.649146e-06	3.786668e-06	20835
758394	-4.742031e-06	2.649272e-06	3.785988e-06	20835
750138	-4.742503e-06	2.649398e-06	3.785308e-06	20835
741882	-4.742975e-06	2.649524e-06	3.784628e-06	20835
733626	-4.743448e-06	2.649650e-06	3.783948e-06	20835
725370	-4.743919e-06	2.649776e-06	3.783268e-06	20835
717114	-4.744391e-06	2.649902e-06	3.782588e-06	20835
708858	-4.744863e-06	2.650028e-06	3.781908e-06	20835
700602	-4.745335e-06	2.650154e-06	3.781228e-06	20835
692346	-4.745807e-06	2.650280e-06	3.780548e-06	20835
684090	-4.746278e-06	2.650406e-06	3.779867e-06	20835
675834	-4.746749e-06	2.650532e-06	3.779187e-06	20835
667578	-4.747221e-06	2.650658e-06	3.778507e-06	20835
659322	-4.747692e-06	2.650784e-06	3.777826e-06	20835
651066	-4.748163e-06	2.650910e-06	3.777146e-06	20835
642810	-4.748634e-06	2.651036e-06	3.776465e-06	20835
634554	-4.749105e-06	2.651163e-06	3.775784e-06	20835
626298	-4.749576e-06	2.651288e-06	3.775103e-06	20835
618042	-4.750046e-06	2.651415e-06	3.774423e-06	20835
609786	-4.750517e-06	2.651541e-06	3.773742e-06	20835
601530	-4.750988e-06	2.651667e-06	3.773061e-06	20835
593274	-4.751458e-06	2.651793e-06	3.772380e-06	20835
585018	-4.751928e-06	2.651919e-06	3.771698e-06	20835
576762	-4.752398e-06	2.652046e-06	3.771017e-06	20835
568506	-4.752868e-06	2.652172e-06	3.770336e-06	20835
560250	-4.753338e-06	2.652298e-06	3.769655e-06	20835
551994	-4.753808e-06	2.652424e-06	3.768973e-06	20835
543738	-4.754278e-06	2.652550e-06	3.768292e-06	20835
535482	-4.754747e-06	2.652677e-06	3.767610e-06	20835
527226	-4.755217e-06	2.652803e-06	3.766929e-06	20835
518970	-4.755686e-06	2.652929e-06	3.766247e-06	20835
510714	-4.756156e-06	2.653055e-06	3.765565e-06	20835
502458	-4.756625e-06	2.653182e-06	3.764884e-06	20835
494202	-4.757094e-06	2.653308e-06	3.764202e-06	20835
485946	-4.757564e-06	2.653434e-06	3.763520e-06	20835
477690	-4.758032e-06	2.653561e-06	3.762838e-06	20835
469434	-4.758501e-06	2.653687e-06	3.762156e-06	20835
461178	-4.758970e-06	2.653813e-06	3.761474e-06	20835
452922	-4.759439e-06	2.653940e-06	3.760791e-06	20835
444666	-4.759907e-06	2.654066e-06	3.760109e-06	20835
436410	-4.760376e-06	2.654193e-06	3.759427e-06	20835
1155002	-3.932496e-06	2.654256e-06	3.526241e-06	22639
428154	-4.760844e-06	2.654319e-06	3.758744e-06	20835
1146746	-3.932932e-06	2.654361e-06	3.525677e-06	22639
419898	-4.761312e-06	2.654446e-06	3.758062e-06	20835
1138490	-3.933366e-06	2.654465e-06	3.525113e-06	22639
1130234	-3.933801e-06	2.654570e-06	3.524549e-06	22639
411642	-4.761780e-06	2.654572e-06	3.757379e-06	20835
1121978	-3.934236e-06	2.654674e-06	3.523985e-06	22639
403386	-4.762248e-06	2.654698e-06	3.756697e-06	20835
1113722	-3.934670e-06	2.654778e-06	3.523422e-06	22639
395130	-4.762716e-06	2.654825e-06	3.756014e-06	20835
1105466	-3.935105e-06	2.654883e-06	3.522858e-06	22639
386874	-4.763184e-06	2.654951e-06	3.755331e-06	20835
1097210	-3.935539e-06	2.654987e-06	3.522294e-06	22639
378618	-4.763652e-06	2.655078e-06	3.754649e-06	20835
1088954	-3.935973e-06	2.655092e-06	3.521729e-06	22639
1080698	-3.936408e-06	2.655196e-06	3.521165e-06	22639
370362	-4.764120e-06	2.655204e-06	3.753966e-06	20835
1072442	-3.936842e-06	2.655301e-06	3.520601e-06	22639
362106	-4.764587e-06	2.655331e-06	3.753283e-06	20835
1064186	-3.937276e-06	2.655406e-06	3.520037e-06	22639
353850	-4.765055e-06	2.655457e-06	3.752600e-06	20835
1055930	-3.937710e-06	2.655510e-06	3.519472e-06	22639
345594	-4.765522e-06	2.655584e-06	3.751917e-06	20835
1047674	-3.938144e-06	2.655614e-06	3.518908e-06	22639
337338	-4.765989e-06	2.655710e-06	3.751234e-06	20835
1039418	-3.938578e-06	2.655719e-06	3.518343e-06	22639
1031162	-3.939012e-06	2.655824e-06	3.517779e-06	22639
329082	-4.766456e-06	2.655837e-06	3.750550e-06	20835
1022906	-3.939445e-06	2.655928e-06	3.517214e-06	22639
320826	-4.766924e-06	2.655964e-06	3.749867e-06	20835
1014650	-3.939879e-06	2.656033e-06	3.516649e-06	22639
312570	-4.767390e-06	2.656090e-06	3.749184e-06	20835
1006394	-3.940312e-06	2.656137e-06	3.516085e-06	22639
304314	-4.767857e-06	2.656217e-06	3.748500e-06	20835
998138	-3.940746e-06	2.656242e-06	3.515520e-06	22639
296058	-4.768324e-06	2.656343e-06	3.747817e-06	20835
989882	-3.941179e-06	2.656347e-06	3.514955e-06	22639
981626	-3.941612e-06	2.656451e-06	3.514390e-06	22639
287802	-4.768790e-06	2.656470e-06	3.747133e-06	20835
973370	-3.942046e-06	2.656556e-06	3.513825e-06	22639
279546	-4.769257e-06	2.656597e-06	3.746450e-06	20835
965114	-3.942479e-06	2.656660e-06	3.513260e-06	22639
271290	-4.769724e-06	2.656723e-06	3.745766e-06	20835
956858	-3.942911e-06	2.656765e-06	3.512695e-06	22639
263034	-4.770190e-06	2.656850e-06	3.745082e-06	20835
948602	-3.943344e-06	2.656870e-06	3.512130e-06	22639
940346	-3.943777e-06	2.656974e-06	3.511565e-06	22639
254778	-4.770656e-06	2.656977e-06	3.744399e-06	20835
932090	-3.944210e-06	2.657079e-06	3.510999e-06	22639
246522	-4.771122e-06	2.657103e-06	3.743715e-06	20835
923834	-3.944643e-06	2.657184e-06	3.510434e-06	22639
238266	-4.771588e-06	2.657230e-06	3.743031e-06	20835
915578	-3.945075e-06	2.657289e-06	3.509869e-06	22639
230010	-4.772054e-06	2.657357e-06	3.742347e-06	20835
907322	-3.945508e-06	2.657393e-06	3.509303e-06	22639
221754	-4.772520e-06	2.657483e-06	3.741663e-06	20835
899066	-3.945940e-06	2.657498e-06	3.508738e-06	22639
890810	-3.946373e-06	2.657603e-06	3.508172e-06	22639
213498	-4.772986e-06	2.657610e-06	3.740978e-06	20835
882554	-3.946805e-06	2.657708e-06	3.507606e-06	22639
205242	-4.773452e-06	2.657737e-06	3.740294e-06	20835
874298	-3.947237e-06	2.657812e-06	3.507040e-06	22639
196986	-4.773917e-06	2.657864e-06	3.739610e-06	20835
866042	-3.947669e-06	2.657917e-06	3.506475e-06	22639
188730	-4.774382e-06	2.657991e-06	3.738926e-06	20835
857786	-3.948101e-06	2.658022e-06	3.505909e-06	22639
180474	-4.774848e-06	2.658117e-06	3.738241e-06	20835
849530	-3.948533e-06	2.658127e-06	3.505343e-06	22639
841274	-3.948965e-06	2.658232e-06	3.504777e-06	22639
172218	-4.775313e-06	2.658244e-06	3.737557e-06	20835
833018	-3.949397e-06	2.658336e-06	3.504211e-06	22639
163962	-4.775778e-06	2.658371e-06	3.736872e-06	20835
824762	-3.949828e-06	2.658441e-06	3.503645e-06	22639
155706	-4.776243e-06	2.658498e-06	3.736188e-06	20835
816506	-3.950260e-06	2.658546e-06	3.503079e-06	22639
147450	-4.776708e-06	2.658625e-06	3.735503e-06	20835
808250	-3.950691e-06	2.658651e-06	3.502512e-06	22639
139194	-4.777173e-06	2.658752e-06	3.734818e-06	20835
799994	-3.951122e-06	2.658756e-06	3.501946e-06	22639
791738	-3.951554e-06	2.658861e-06	3.501380e-06	22639
130938	-4.777638e-06	2.658878e-06	3.734133e-06	20835
783482	-3.951985e-06	2.658966e-06	3.500813e-06	22639
122682	-4.778102e-06	2.659005e-06	3.733448e-06	20835
775226	-3.952416e-06	2.659071e-06	3.500247e-06	22639
114426	-4.778567e-06	2.659132e-06	3.732764e-06	20835
766970	-3.952847e-06	2.659176e-06	3.499680e-06	22639
106170	-4.779031e-06	2.659259e-06	3.732079e-06	20835
758714	-3.953278e-06	2.659280e-06	3.499114e-06	22639
750458	-3.953709e-06	2.659385e-06	3.498547e-06	22639
97914	-4.779495e-06	2.659386e-06	3.731393e-06	20835
742202	-3.954140e-06	2.659490e-06	3.497980e-06	22639
89658	-4.779959e-06	2.659513e-06	3.730708e-06	20835
733946	-3.954571e-06	2.659595e-06	3.497413e-06	22639
81402	-4.780423e-06	2.659640e-06	3.730023e-06	20835
725690	-3.955001e-06	2.659700e-06	3.496847e-06	22639
73146	-4.780888e-06	2.659767e-06	3.729338e-06	20835
717434	-3.955432e-06	2.659805e-06	3.496280e-06	22639
64890	-4.781351e-06	2.659894e-06	3.728652e-06	20835
709178	-3.955863e-06	2.659910e-06	3.495713e-06	22639
700922	-3.956293e-06	2.660015e-06	3.495146e-06	22639
56634	-4.781815e-06	2.660021e-06	3.727967e-06	20835
692666	-3.956723e-06	2.660120e-06	3.494579e-06	22639
48378	-4.782279e-06	2.660148e-06	3.727282e-06	20835
684410	-3.957153e-06	2.660225e-06	3.494011e-06	22639
40122	-4.782743e-06	2.660275e-06	3.726596e-06	20835
676154	-3.957583e-06	2.660330e-06	3.493444e-06	22639
31866	-4.783206e-06	2.660402e-06	3.725911e-06	20835
667898	-3.958014e-06	2.660435e-06	3.492877e-06	22639
23610	-4.783669e-06	2.660529e-06	3.725225e-06	20835
659642	-3.958444e-06	2.660541e-06	3.492310e-06	22639
651386	-3.958874e-06	2.660646e-06	3.491742e-06	22639
15354	-4.784133e-06	2.660656e-06	3.724539e-06	20835
643130	-3.959303e-06	2.660751e-06	3.491175e-06	22639
7098	-4.784596e-06	2.660783e-06	3.723853e-06	20835
634874	-3.959733e-06	2.660856e-06	3.490607e-06	22639
626618	-3.960163e-06	2.660961e-06	3.490040e-06	22639
618362	-3.960592e-06	2.661066e-06	3.489472e-06	22639
610106	-3.961022e-06	2.661171e-06	3.488904e-06	22639
601850	-3.961451e-06	2.661277e-06	3.488336e-06	22639
593594	-3.961880e-06	2.661382e-06	3.487769e-06	22639
585338	-3.962310e-06	2.661487e-06	3.487201e-06	22639
577082	-3.962739e-06	2.661592e-06	3.486633e-06	22639
568826	-3.963168e-06	2.661697e-06	3.486065e-06	22639
560570	-3.963597e-06	2.661802e-06	3.485497e-06	22639
552314	-3.964026e-06	2.661908e-06	3.484929e-06	22639
544058	-3.964455e-06	2.662013e-06	3.484360e-06	22639
535802	-3.964883e-06	2.662118e-06	3.483792e-06	22639
527546	-3.965312e-06	2.662223e-06	3.483224e-06	22639
519290	-3.965740e-06	2.662329e-06	3.482655e-06	22639
511034	-3.966169e-06	2.662434e-06	3.482087e-06	22639
502778	-3.966597e-06	2.662539e-06	3.481518e-06	22639
494522	-3.967025e-06	2.662645e-06	3.480950e-06	22639
486266	-3.967454e-06	2.662750e-06	3.480381e-06	22639
478010	-3.967882e-06	2.662855e-06	3.479812e-06	22639
469754	-3.968310e-06	2.662960e-06	3.479244e-06	22639
1154599	-4.979417e-06	2.663041e-06	3.952288e-06	20337
461498	-3.968738e-06	2.663066e-06	3.478675e-06	22639
453242	-3.969166e-06	2.663171e-06	3.478106e-06	22639
1146343	-4.979913e-06	2.663173e-06	3.951574e-06	20337
444986	-3.969593e-06	2.663277e-06	3.477537e-06	22639
1138087	-4.980408e-06	2.663305e-06	3.950860e-06	20337
436730	-3.970021e-06	2.663382e-06	3.476968e-06	22639
1129831	-4.980904e-06	2.663437e-06	3.950146e-06	20337
428474	-3.970449e-06	2.663488e-06	3.476399e-06	22639
1121575	-4.981399e-06	2.663570e-06	3.949432e-06	20337
420218	-3.970876e-06	2.663593e-06	3.475830e-06	22639
411962	-3.971304e-06	2.663698e-06	3.475261e-06	22639
1113319	-4.981895e-06	2.663702e-06	3.948718e-06	20337
403706	-3.971731e-06	2.663804e-06	3.474692e-06	22639
1105063	-4.982390e-06	2.663834e-06	3.948004e-06	20337
395450	-3.972159e-06	2.663909e-06	3.474122e-06	22639
1096807	-4.982885e-06	2.663966e-06	3.947290e-06	20337
387194	-3.972586e-06	2.664015e-06	3.473553e-06	22639
1088551	-4.983380e-06	2.664099e-06	3.946575e-06	20337
378938	-3.973013e-06	2.664120e-06	3.472983e-06	22639
370682	-3.973440e-06	2.664226e-06	3.472414e-06	22639
1080295	-4.983875e-06	2.664231e-06	3.945861e-06	20337
362426	-3.973867e-06	2.664331e-06	3.471844e-06	22639
1072039	-4.984370e-06	2.664363e-06	3.945147e-06	20337
354170	-3.974294e-06	2.664437e-06	3.471275e-06	22639
1063783	-4.984865e-06	2.664496e-06	3.944432e-06	20337
345914	-3.974720e-06	2.664542e-06	3.470705e-06	22639
1055527	-4.985359e-06	2.664628e-06	3.943717e-06	20337
337658	-3.975147e-06	2.664648e-06	3.470135e-06	22639
329402	-3.975574e-06	2.664753e-06	3.469565e-06	22639
1047271	-4.985854e-06	2.664761e-06	3.943003e-06	20337
321146	-3.976000e-06	2.664859e-06	3.468996e-06	22639
1039015	-4.986348e-06	2.664893e-06	3.942288e-06	20337
312890	-3.976426e-06	2.664964e-06	3.468426e-06	22639
1030759	-4.986842e-06	2.665025e-06	3.941573e-06	20337
304634	-3.976853e-06	2.665070e-06	3.467856e-06	22639
1022503	-4.987337e-06	2.665158e-06	3.940858e-06	20337
296378	-3.977279e-06	2.665175e-06	3.467286e-06	22639
288122	-3.977706e-06	2.665281e-06	3.466715e-06	22639
1014247	-4.987831e-06	2.665290e-06	3.940143e-06	20337
279866	-3.978132e-06	2.665387e-06	3.466145e-06	22639
1005991	-4.988325e-06	2.665423e-06	3.939429e-06	20337
271610	-3.978557e-06	2.665492e-06	3.465575e-06	22639
997735	-4.988819e-06	2.665555e-06	3.938713e-06	20337
263354	-3.978983e-06	2.665598e-06	3.465005e-06	22639
989479	-4.989312e-06	2.665688e-06	3.937998e-06	20337
255098	-3.979409e-06	2.665704e-06	3.464434e-06	22639
246842	-3.979835e-06	2.665809e-06	3.463864e-06	22639
981223	-4.989806e-06	2.665820e-06	3.937283e-06	20337
238586	-3.980261e-06	2.665915e-06	3.463294e-06	22639
972967	-4.990300e-06	2.665953e-06	3.936568e-06	20337
230330	-3.980686e-06	2.666020e-06	3.462723e-06	22639
964711	-4.990793e-06	2.666085e-06	3.935852e-06	20337
222074	-3.981112e-06	2.666126e-06	3.462153e-06	22639
956455	-4.991286e-06	2.666218e-06	3.935137e-06	20337
213818	-3.981537e-06	2.666232e-06	3.461582e-06	22639
205562	-3.981962e-06	2.666337e-06	3.461011e-06	22639
948199	-4.991779e-06	2.666350e-06	3.934421e-06	20337
197306	-3.982388e-06	2.666443e-06	3.460440e-06	22639
939943	-4.992273e-06	2.666483e-06	3.933706e-06	20337
189050	-3.982813e-06	2.666549e-06	3.459870e-06	22639
931687	-4.992766e-06	2.666616e-06	3.932990e-06	20337
180794	-3.983238e-06	2.666655e-06	3.459299e-06	22639
923431	-4.993259e-06	2.666748e-06	3.932274e-06	20337
172538	-3.983663e-06	2.666761e-06	3.458728e-06	22639
164282	-3.984088e-06	2.666866e-06	3.458157e-06	22639
915175	-4.993751e-06	2.666881e-06	3.931559e-06	20337
156026	-3.984513e-06	2.666972e-06	3.457586e-06	22639
906919	-4.994244e-06	2.667013e-06	3.930843e-06	20337
147770	-3.984937e-06	2.667078e-06	3.457014e-06	22639
898663	-4.994737e-06	2.667146e-06	3.930127e-06	20337
139514	-3.985362e-06	2.667183e-06	3.456443e-06	22639
890407	-4.995229e-06	2.667279e-06	3.929411e-06	20337
131258	-3.985787e-06	2.667289e-06	3.455872e-06	22639
123002	-3.986211e-06	2.667395e-06	3.455301e-06	22639
882151	-4.995722e-06	2.667411e-06	3.928695e-06	20337
114746	-3.986635e-06	2.667501e-06	3.454729e-06	22639
873895	-4.996214e-06	2.667544e-06	3.927978e-06	20337
106490	-3.987060e-06	2.667607e-06	3.454158e-06	22639
865639	-4.996706e-06	2.667676e-06	3.927262e-06	20337
98234	-3.987484e-06	2.667713e-06	3.453586e-06	22639
857383	-4.997198e-06	2.667809e-06	3.926546e-06	20337
89978	-3.987908e-06	2.667819e-06	3.453015e-06	22639
81722	-3.988333e-06	2.667924e-06	3.452443e-06	22639
849127	-4.997690e-06	2.667942e-06	3.925830e-06	20337
73466	-3.988756e-06	2.668030e-06	3.451871e-06	22639
840871	-4.998182e-06	2.668075e-06	3.925113e-06	20337
65210	-3.989180e-06	2.668136e-06	3.451300e-06	22639
832615	-4.998673e-06	2.668207e-06	3.924397e-06	20337
56954	-3.989604e-06	2.668242e-06	3.450728e-06	22639
824359	-4.999165e-06	2.668340e-06	3.923680e-06	20337
48698	-3.990028e-06	2.668348e-06	3.450156e-06	22639
40442	-3.990451e-06	2.668454e-06	3.449584e-06	22639
816103	-4.999657e-06	2.668473e-06	3.922964e-06	20337
32186	-3.990875e-06	2.668560e-06	3.449012e-06	22639
807847	-5.000148e-06	2.668606e-06	3.922247e-06	20337
23930	-3.991298e-06	2.668666e-06	3.448440e-06	22639
799591	-5.000639e-06	2.668738e-06	3.921530e-06	20337
15674	-3.991722e-06	2.668772e-06	3.447868e-06	22639
791335	-5.001131e-06	2.668871e-06	3.920813e-06	20337
7418	-3.992145e-06	2.668878e-06	3.447296e-06	22639
783079	-5.001622e-06	2.669004e-06	3.920096e-06	20337
774823	-5.002113e-06	2.669137e-06	3.919379e-06	20337
766567	-5.002604e-06	2.669270e-06	3.918662e-06	20337
758311	-5.003094e-06	2.669403e-06	3.917945e-06	20337
750055	-5.003585e-06	2.669535e-06	3.917228e-06	20337
741799	-5.004076e-06	2.669668e-06	3.916511e-06	20337
733543	-5.004566e-06	2.669801e-06	3.915794e-06	20337
725287	-5.005057e-06	2.669934e-06	3.915076e-06	20337
717031	-5.005547e-06	2.670067e-06	3.914358e-06	20337
708775	-5.006037e-06	2.670200e-06	3.913641e-06	20337
700519	-5.006527e-06	2.670333e-06	3.912923e-06	20337
692263	-5.007017e-06	2.670466e-06	3.912206e-06	20337
684007	-5.007507e-06	2.670599e-06	3.911488e-06	20337
675751	-5.007997e-06	2.670732e-06	3.910770e-06	20337
667495	-5.008486e-06	2.670865e-06	3.910052e-06	20337
659239	-5.008976e-06	2.670998e-06	3.909334e-06	20337
650983	-5.009465e-06	2.671131e-06	3.908616e-06	20337
642727	-5.009954e-06	2.671264e-06	3.907898e-06	20337
634471	-5.010444e-06	2.671397e-06	3.907180e-06	20337
626215	-5.010932e-06	2.671530e-06	3.906462e-06	20337
617959	-5.011421e-06	2.671663e-06	3.905743e-06	20337
609703	-5.011910e-06	2.671796e-06	3.905025e-06	20337
601447	-5.012399e-06	2.671929e-06	3.904306e-06	20337
593191	-5.012888e-06	2.672062e-06	3.903588e-06	20337
584935	-5.013376e-06	2.672195e-06	3.902869e-06	20337
576679	-5.013865e-06	2.672329e-06	3.902151e-06	20337
568423	-5.014353e-06	2.672462e-06	3.901432e-06	20337
560167	-5.014841e-06	2.672595e-06	3.900713e-06	20337
551911	-5.015329e-06	2.672728e-06	3.899994e-06	20337
543655	-5.015817e-06	2.672861e-06	3.899275e-06	20337
535399	-5.016305e-06	2.672994e-06	3.898556e-06	20337
527143	-5.016793e-06	2.673128e-06	3.897837e-06	20337
518887	-5.017281e-06	2.673261e-06	3.897118e-06	20337
510631	-5.017768e-06	2.673394e-06	3.896399e-06	20337
502375	-5.018256e-06	2.673527e-06	3.895679e-06	20337
494119	-5.018743e-06	2.673661e-06	3.894960e-06	20337
485863	-5.019231e-06	2.673794e-06	3.894240e-06	20337
477607	-5.019718e-06	2.673927e-06	3.893521e-06	20337
469351	-5.020205e-06	2.674061e-06	3.892801e-06	20337
461095	-5.020692e-06	2.674194e-06	3.892082e-06	20337
452839	-5.021178e-06	2.674327e-06	3.891362e-06	20337
444583	-5.021665e-06	2.674461e-06	3.890642e-06	20337
436327	-5.022152e-06	2.674594e-06	3.889922e-06	20337
428071	-5.022639e-06	2.674727e-06	3.889202e-06	20337
419815	-5.023125e-06	2.674861e-06	3.888482e-06	20337
411559	-5.023611e-06	2.674994e-06	3.887762e-06	20337
403303	-5.024097e-06	2.675127e-06	3.887042e-06	20337
395047	-5.024584e-06	2.675261e-06	3.886322e-06	20337
386791	-5.025070e-06	2.675394e-06	3.885601e-06	20337
378535	-5.025555e-06	2.675528e-06	3.884881e-06	20337
370279	-5.026041e-06	2.675661e-06	3.884161e-06	20337
362023	-5.026527e-06	2.675795e-06	3.883441e-06	20337
353767	-5.027012e-06	2.675928e-06	3.882720e-06	20337
345511	-5.027498e-06	2.676062e-06	3.881999e-06	20337
337255	-5.027983e-06	2.676195e-06	3.881279e-06	20337
328999	-5.028468e-06	2.676329e-06	3.880558e-06	20337
320743	-5.028954e-06	2.676462e-06	3.879837e-06	20337
312487	-5.029438e-06	2.676596e-06	3.879116e-06	20337
304231	-5.029924e-06	2.676730e-06	3.878395e-06	20337
295975	-5.030408e-06	2.676863e-06	3.877674e-06	20337
287719	-5.030893e-06	2.676997e-06	3.876953e-06	20337
279463	-5.031377e-06	2.677130e-06	3.876231e-06	20337
271207	-5.031862e-06	2.677264e-06	3.875510e-06	20337
262951	-5.032347e-06	2.677398e-06	3.874789e-06	20337
254695	-5.032831e-06	2.677531e-06	3.874068e-06	20337
246439	-5.033315e-06	2.677665e-06	3.873346e-06	20337
238183	-5.033799e-06	2.677799e-06	3.872625e-06	20337
229927	-5.034283e-06	2.677932e-06	3.871903e-06	20337
221671	-5.034767e-06	2.678066e-06	3.871181e-06	20337
213415	-5.035251e-06	2.678200e-06	3.870460e-06	20337
205159	-5.035734e-06	2.678333e-06	3.869738e-06	20337
196903	-5.036218e-06	2.678467e-06	3.869016e-06	20337
188647	-5.036701e-06	2.678601e-06	3.868294e-06	20337
180391	-5.037184e-06	2.678735e-06	3.867572e-06	20337
172135	-5.037668e-06	2.678868e-06	3.866850e-06	20337
163879	-5.038150e-06	2.679002e-06	3.866128e-06	20337
155623	-5.038634e-06	2.679136e-06	3.865405e-06	20337
147367	-5.039116e-06	2.679270e-06	3.864683e-06	20337
139111	-5.039599e-06	2.679404e-06	3.863961e-06	20337
130855	-5.040082e-06	2.679537e-06	3.863238e-06	20337
122599	-5.040565e-06	2.679671e-06	3.862516e-06	20337
114343	-5.041047e-06	2.679805e-06	3.861793e-06	20337
106087	-5.041529e-06	2.679939e-06	3.861071e-06	20337
97831	-5.042012e-06	2.680073e-06	3.860348e-06	20337
89575	-5.042494e-06	2.680207e-06	3.859625e-06	20337
81319	-5.042976e-06	2.680341e-06	3.858902e-06	20337
73063	-5.043458e-06	2.680475e-06	3.858179e-06	20337
64807	-5.043939e-06	2.680609e-06	3.857456e-06	20337
56551	-5.044421e-06	2.680743e-06	3.856733e-06	20337
48295	-5.044903e-06	2.680877e-06	3.856010e-06	20337
40039	-5.045384e-06	2.681011e-06	3.855287e-06	20337
31783	-5.045866e-06	2.681145e-06	3.854564e-06	20337
23527	-5.046347e-06	2.681279e-06	3.853841e-06	20337
15271	-5.046828e-06	2.681413e-06	3.853117e-06	20337
7015	-5.047309e-06	2.681547e-06	3.852394e-06	20337
1154650	-2.572954e-06	2.697672e-06	3.080128e-06	20595
1146394	-2.573324e-06	2.697741e-06	3.079759e-06	20595
1138138	-2.573694e-06	2.697809e-06	3.079390e-06	20595
1129882	-2.574064e-06	2.697877e-06	3.079022e-06	20595
1121626	-2.574433e-06	2.697946e-06	3.078653e-06	20595
1113370	-2.574803e-06	2.698014e-06	3.078284e-06	20595
1105114	-2.575172e-06	2.698082e-06	3.077915e-06	20595
1096858	-2.575542e-06	2.698150e-06	3.077546e-06	20595
1088602	-2.575911e-06	2.698219e-06	3.077177e-06	20595
1080346	-2.576281e-06	2.698287e-06	3.076807e-06	20595
1072090	-2.576650e-06	2.698355e-06	3.076438e-06	20595
1063834	-2.577019e-06	2.698423e-06	3.076069e-06	20595
1055578	-2.577388e-06	2.698492e-06	3.075700e-06	20595
1047322	-2.577758e-06	2.698560e-06	3.075330e-06	20595
1039066	-2.578127e-06	2.698629e-06	3.074961e-06	20595
1030810	-2.578496e-06	2.698697e-06	3.074591e-06	20595
1022554	-2.578865e-06	2.698765e-06	3.074222e-06	20595
1014298	-2.579234e-06	2.698834e-06	3.073852e-06	20595
1006042	-2.579603e-06	2.698902e-06	3.073483e-06	20595
997786	-2.579971e-06	2.698971e-06	3.073113e-06	20595
989530	-2.580340e-06	2.699039e-06	3.072743e-06	20595
981274	-2.580709e-06	2.699107e-06	3.072374e-06	20595
973018	-2.581078e-06	2.699176e-06	3.072004e-06	20595
964762	-2.581446e-06	2.699244e-06	3.071634e-06	20595
956506	-2.581815e-06	2.699313e-06	3.071264e-06	20595
948250	-2.582183e-06	2.699381e-06	3.070894e-06	20595
939994	-2.582552e-06	2.699450e-06	3.070524e-06	20595
931738	-2.582920e-06	2.699518e-06	3.070154e-06	20595
923482	-2.583288e-06	2.699587e-06	3.069784e-06	20595
915226	-2.583657e-06	2.699655e-06	3.069413e-06	20595
906970	-2.584025e-06	2.699724e-06	3.069043e-06	20595
898714	-2.584393e-06	2.699792e-06	3.068673e-06	20595
890458	-2.584761e-06	2.699861e-06	3.068302e-06	20595
882202	-2.585129e-06	2.699929e-06	3.067932e-06	20595
873946	-2.585497e-06	2.699998e-06	3.067561e-06	20595
865690	-2.585865e-06	2.700067e-06	3.067191e-06	20595
857434	-2.586233e-06	2.700135e-06	3.066820e-06	20595
849178	-2.586601e-06	2.700204e-06	3.066450e-06	20595
840922	-2.586969e-06	2.700272e-06	3.066079e-06	20595
832666	-2.587336e-06	2.700341e-06	3.065708e-06	20595
824410	-2.587704e-06	2.700410e-06	3.065338e-06	20595
816154	-2.588072e-06	2.700478e-06	3.064967e-06	20595
807898	-2.588439e-06	2.700547e-06	3.064596e-06	20595
799642	-2.588807e-06	2.700616e-06	3.064225e-06	20595
791386	-2.589174e-06	2.700684e-06	3.063854e-06	20595
783130	-2.589542e-06	2.700753e-06	3.063483e-06	20595
774874	-2.589909e-06	2.700822e-06	3.063112e-06	20595
766618	-2.590276e-06	2.700890e-06	3.062740e-06	20595
758362	-2.590644e-06	2.700959e-06	3.062369e-06	20595
750106	-2.591011e-06	2.701028e-06	3.061998e-06	20595
741850	-2.591378e-06	2.701096e-06	3.061627e-06	20595
733594	-2.591745e-06	2.701165e-06	3.061255e-06	20595
725338	-2.592112e-06	2.701234e-06	3.060884e-06	20595
717082	-2.592479e-06	2.701302e-06	3.060512e-06	20595
708826	-2.592846e-06	2.701371e-06	3.060141e-06	20595
700570	-2.593213e-06	2.701440e-06	3.059769e-06	20595
692314	-2.593579e-06	2.701509e-06	3.059398e-06	20595
684058	-2.593946e-06	2.701578e-06	3.059026e-06	20595
675802	-2.594313e-06	2.701647e-06	3.058654e-06	20595
667546	-2.594679e-06	2.701715e-06	3.058282e-06	20595
659290	-2.595046e-06	2.701784e-06	3.057911e-06	20595
651034	-2.595413e-06	2.701853e-06	3.057539e-06	20595
642778	-2.595779e-06	2.701922e-06	3.057167e-06	20595
634522	-2.596146e-06	2.701991e-06	3.056795e-06	20595
626266	-2.596512e-06	2.702059e-06	3.056423e-06	20595
618010	-2.596878e-06	2.702128e-06	3.056050e-06	20595
609754	-2.597244e-06	2.702197e-06	3.055678e-06	20595
601498	-2.597611e-06	2.702266e-06	3.055306e-06	20595
593242	-2.597977e-06	2.702335e-06	3.054934e-06	20595
584986	-2.598343e-06	2.702404e-06	3.054562e-06	20595
576730	-2.598709e-06	2.702473e-06	3.054189e-06	20595
568474	-2.599075e-06	2.702542e-06	3.053817e-06	20595
560218	-2.599441e-06	2.702611e-06	3.053444e-06	20595
551962	-2.599807e-06	2.702680e-06	3.053072e-06	20595
543706	-2.600172e-06	2.702749e-06	3.052699e-06	20595
535450	-2.600538e-06	2.702817e-06	3.052327e-06	20595
527194	-2.600904e-06	2.702887e-06	3.051954e-06	20595
518938	-2.601269e-06	2.702955e-06	3.051581e-06	20595
510682	-2.601635e-06	2.703024e-06	3.051208e-06	20595
502426	-2.602000e-06	2.703094e-06	3.050836e-06	20595
494170	-2.602366e-06	2.703162e-06	3.050463e-06	20595
485914	-2.602731e-06	2.703232e-06	3.050090e-06	20595
477658	-2.603097e-06	2.703301e-06	3.049717e-06	20595
469402	-2.603462e-06	2.703370e-06	3.049344e-06	20595
461146	-2.603827e-06	2.703439e-06	3.048970e-06	20595
452890	-2.604193e-06	2.703508e-06	3.048597e-06	20595
444634	-2.604558e-06	2.703577e-06	3.048224e-06	20595
436378	-2.604923e-06	2.703646e-06	3.047851e-06	20595
428122	-2.605288e-06	2.703715e-06	3.047478e-06	20595
419866	-2.605653e-06	2.703784e-06	3.047104e-06	20595
411610	-2.606018e-06	2.703853e-06	3.046731e-06	20595
403354	-2.606382e-06	2.703922e-06	3.046357e-06	20595
395098	-2.606747e-06	2.703991e-06	3.045984e-06	20595
386842	-2.607112e-06	2.704061e-06	3.045610e-06	20595
378586	-2.607477e-06	2.704130e-06	3.045237e-06	20595
370330	-2.607841e-06	2.704199e-06	3.044863e-06	20595
362074	-2.608206e-06	2.704268e-06	3.044489e-06	20595
353818	-2.608570e-06	2.704337e-06	3.044115e-06	20595
345562	-2.608935e-06	2.704406e-06	3.043742e-06	20595
337306	-2.609299e-06	2.704475e-06	3.043368e-06	20595
329050	-2.609664e-06	2.704545e-06	3.042994e-06	20595
320794	-2.610028e-06	2.704614e-06	3.042620e-06	20595
312538	-2.610392e-06	2.704683e-06	3.042246e-06	20595
304282	-2.610757e-06	2.704752e-06	3.041872e-06	20595
296026	-2.611121e-06	2.704822e-06	3.041497e-06	20595
287770	-2.611485e-06	2.704891e-06	3.041123e-06	20595
279514	-2.611849e-06	2.704960e-06	3.040749e-06	20595
271258	-2.612213e-06	2.705030e-06	3.040375e-06	20595
263002	-2.612577e-06	2.705099e-06	3.040000e-06	20595
254746	-2.612941e-06	2.705168e-06	3.039626e-06	20595
246490	-2.613304e-06	2.705237e-06	3.039251e-06	20595
238234	-2.613668e-06	2.705307e-06	3.038877e-06	20595
229978	-2.614032e-06	2.705376e-06	3.038502e-06	20595
221722	-2.614395e-06	2.705445e-06	3.038128e-06	20595
213466	-2.614759e-06	2.705515e-06	3.037753e-06	20595
205210	-2.615123e-06	2.705584e-06	3.037378e-06	20595
196954	-2.615486e-06	2.705654e-06	3.037004e-06	20595
188698	-2.615849e-06	2.705723e-06	3.036629e-06	20595
180442	-2.616213e-06	2.705792e-06	3.036254e-06	20595
172186	-2.616576e-06	2.705862e-06	3.035879e-06	20595
163930	-2.616939e-06	2.705931e-06	3.035504e-06	20595
155674	-2.617302e-06	2.706000e-06	3.035129e-06	20595
147418	-2.617666e-06	2.706070e-06	3.034754e-06	20595
139162	-2.618029e-06	2.706139e-06	3.034379e-06	20595
130906	-2.618392e-06	2.706209e-06	3.034004e-06	20595
122650	-2.618755e-06	2.706278e-06	3.033628e-06	20595
114394	-2.619118e-06	2.706348e-06	3.033253e-06	20595
106138	-2.619480e-06	2.706417e-06	3.032878e-06	20595
97882	-2.619843e-06	2.706487e-06	3.032502e-06	20595
89626	-2.620206e-06	2.706556e-06	3.032127e-06	20595
81370	-2.620569e-06	2.706626e-06	3.031751e-06	20595
73114	-2.620931e-06	2.706695e-06	3.031376e-06	20595
64858	-2.621294e-06	2.706765e-06	3.031000e-06	20595
56602	-2.621656e-06	2.706834e-06	3.030624e-06	20595
48346	-2.622019e-06	2.706904e-06	3.030249e-06	20595
40090	-2.622382e-06	2.706973e-06	3.029873e-06	20595
31834	-2.622744e-06	2.707043e-06	3.029497e-06	20595
23578	-2.623106e-06	2.707112e-06	3.029121e-06	20595
15322	-2.623468e-06	2.707182e-06	3.028745e-06	20595
7066	-2.623831e-06	2.707251e-06	3.028369e-06	20595
1154956	-4.234737e-06	2.769240e-06	3.761266e-06	22378
1146700	-4.235202e-06	2.769353e-06	3.760659e-06	22378
1138444	-4.235668e-06	2.769465e-06	3.760052e-06	22378
1130188	-4.236133e-06	2.769578e-06	3.759445e-06	22378
1121932	-4.236599e-06	2.769690e-06	3.758837e-06	22378
1113676	-4.237064e-06	2.769803e-06	3.758230e-06	22378
1105420	-4.237529e-06	2.769915e-06	3.757623e-06	22378
1097164	-4.237994e-06	2.770028e-06	3.757016e-06	22378
1088908	-4.238459e-06	2.770140e-06	3.756408e-06	22378
1080652	-4.238923e-06	2.770253e-06	3.755800e-06	22378
1072396	-4.239388e-06	2.770365e-06	3.755193e-06	22378
1064140	-4.239853e-06	2.770478e-06	3.754585e-06	22378
1055884	-4.240318e-06	2.770590e-06	3.753977e-06	22378
1047628	-4.240782e-06	2.770703e-06	3.753370e-06	22378
1039372	-4.241246e-06	2.770815e-06	3.752762e-06	22378
1031116	-4.241711e-06	2.770928e-06	3.752154e-06	22378
1022860	-4.242175e-06	2.771041e-06	3.751546e-06	22378
1014604	-4.242639e-06	2.771153e-06	3.750938e-06	22378
1006348	-4.243103e-06	2.771266e-06	3.750329e-06	22378
998092	-4.243567e-06	2.771379e-06	3.749721e-06	22378
989836	-4.244031e-06	2.771491e-06	3.749113e-06	22378
981580	-4.244494e-06	2.771604e-06	3.748505e-06	22378
973324	-4.244958e-06	2.771716e-06	3.747896e-06	22378
965068	-4.245422e-06	2.771829e-06	3.747288e-06	22378
956812	-4.245886e-06	2.771942e-06	3.746679e-06	22378
948556	-4.246349e-06	2.772055e-06	3.746070e-06	22378
940300	-4.246812e-06	2.772167e-06	3.745462e-06	22378
932044	-4.247275e-06	2.772280e-06	3.744853e-06	22378
923788	-4.247739e-06	2.772393e-06	3.744244e-06	22378
915532	-4.248202e-06	2.772506e-06	3.743635e-06	22378
907276	-4.248664e-06	2.772618e-06	3.743026e-06	22378
899020	-4.249127e-06	2.772731e-06	3.742417e-06	22378
890764	-4.249590e-06	2.772844e-06	3.741808e-06	22378
882508	-4.250053e-06	2.772957e-06	3.741199e-06	22378
874252	-4.250515e-06	2.773070e-06	3.740590e-06	22378
865996	-4.250978e-06	2.773183e-06	3.739981e-06	22378
857740	-4.251440e-06	2.773295e-06	3.739371e-06	22378
849484	-4.251902e-06	2.773408e-06	3.738762e-06	22378
841228	-4.252365e-06	2.773521e-06	3.738153e-06	22378
832972	-4.252827e-06	2.773634e-06	3.737543e-06	22378
824716	-4.253289e-06	2.773747e-06	3.736933e-06	22378
816460	-4.253751e-06	2.773860e-06	3.736324e-06	22378
808204	-4.254213e-06	2.773973e-06	3.735714e-06	22378
799948	-4.254674e-06	2.774086e-06	3.735104e-06	22378
791692	-4.255136e-06	2.774199e-06	3.734494e-06	22378
783436	-4.255598e-06	2.774312e-06	3.733884e-06	22378
775180	-4.256059e-06	2.774425e-06	3.733274e-06	22378
766924	-4.256521e-06	2.774538e-06	3.732664e-06	22378
758668	-4.256982e-06	2.774651e-06	3.732054e-06	22378
750412	-4.257443e-06	2.774764e-06	3.731444e-06	22378
742156	-4.257904e-06	2.774877e-06	3.730834e-06	22378
733900	-4.258365e-06	2.774990e-06	3.730223e-06	22378
725644	-4.258826e-06	2.775103e-06	3.729613e-06	22378
717388	-4.259287e-06	2.775216e-06	3.729002e-06	22378
709132	-4.259748e-06	2.775329e-06	3.728392e-06	22378
700876	-4.260209e-06	2.775442e-06	3.727781e-06	22378
692620	-4.260669e-06	2.775555e-06	3.727171e-06	22378
684364	-4.261130e-06	2.775668e-06	3.726560e-06	22378
676108	-4.261590e-06	2.775781e-06	3.725949e-06	22378
667852	-4.262050e-06	2.775894e-06	3.725338e-06	22378
659596	-4.262511e-06	2.776008e-06	3.724727e-06	22378
651340	-4.262971e-06	2.776121e-06	3.724116e-06	22378
643084	-4.263431e-06	2.776234e-06	3.723505e-06	22378
634828	-4.263891e-06	2.776347e-06	3.722894e-06	22378
626572	-4.264351e-06	2.776460e-06	3.722283e-06	22378
618316	-4.264811e-06	2.776574e-06	3.721672e-06	22378
610060	-4.265270e-06	2.776687e-06	3.721060e-06	22378
601804	-4.265730e-06	2.776800e-06	3.720449e-06	22378
593548	-4.266189e-06	2.776913e-06	3.719837e-06	22378
585292	-4.266649e-06	2.777027e-06	3.719226e-06	22378
1155000	-3.485631e-06	2.777045e-06	3.453574e-06	22637
1146744	-3.486052e-06	2.777138e-06	3.453074e-06	22637
577036	-4.267108e-06	2.777140e-06	3.718614e-06	22378
1138488	-3.486473e-06	2.777231e-06	3.452575e-06	22637
568780	-4.267567e-06	2.777253e-06	3.718003e-06	22378
1130232	-3.486894e-06	2.777323e-06	3.452075e-06	22637
560524	-4.268026e-06	2.777366e-06	3.717391e-06	22378
1121976	-3.487315e-06	2.777415e-06	3.451575e-06	22637
552268	-4.268486e-06	2.777480e-06	3.716779e-06	22378
1113720	-3.487736e-06	2.777508e-06	3.451075e-06	22637
544012	-4.268944e-06	2.777593e-06	3.716167e-06	22378
1105464	-3.488157e-06	2.777601e-06	3.450575e-06	22637
1097208	-3.488578e-06	2.777693e-06	3.450076e-06	22637
535756	-4.269403e-06	2.777706e-06	3.715555e-06	22378
1088952	-3.488999e-06	2.777786e-06	3.449575e-06	22637
527500	-4.269862e-06	2.777820e-06	3.714943e-06	22378
1080696	-3.489419e-06	2.777878e-06	3.449075e-06	22637
519244	-4.270321e-06	2.777933e-06	3.714331e-06	22378
1072440	-3.489840e-06	2.777971e-06	3.448575e-06	22637
510988	-4.270779e-06	2.778047e-06	3.713719e-06	22378
1064184	-3.490260e-06	2.778064e-06	3.448075e-06	22637
1055928	-3.490681e-06	2.778156e-06	3.447575e-06	22637
502732	-4.271238e-06	2.778160e-06	3.713107e-06	22378
1047672	-3.491101e-06	2.778249e-06	3.447075e-06	22637
494476	-4.271697e-06	2.778273e-06	3.712495e-06	22378
1039416	-3.491522e-06	2.778341e-06	3.446574e-06	22637
486220	-4.272154e-06	2.778387e-06	3.711883e-06	22378
1031160	-3.491942e-06	2.778434e-06	3.446074e-06	22637
477964	-4.272613e-06	2.778500e-06	3.711270e-06	22378
1022904	-3.492362e-06	2.778527e-06	3.445573e-06	22637
469708	-4.273071e-06	2.778613e-06	3.710658e-06	22378
1014648	-3.492782e-06	2.778620e-06	3.445072e-06	22637
1006392	-3.493202e-06	2.778712e-06	3.444572e-06	22637
461452	-4.273529e-06	2.778727e-06	3.710045e-06	22378
998136	-3.493622e-06	2.778805e-06	3.444071e-06	22637
453196	-4.273987e-06	2.778840e-06	3.709433e-06	22378
989880	-3.494041e-06	2.778898e-06	3.443570e-06	22637
444940	-4.274445e-06	2.778954e-06	3.708820e-06	22378
981624	-3.494461e-06	2.778990e-06	3.443070e-06	22637
436684	-4.274902e-06	2.779067e-06	3.708207e-06	22378
973368	-3.494881e-06	2.779083e-06	3.442569e-06	22637
965112	-3.495301e-06	2.779176e-06	3.442068e-06	22637
428428	-4.275360e-06	2.779181e-06	3.707594e-06	22378
956856	-3.495720e-06	2.779269e-06	3.441567e-06	22637
420172	-4.275818e-06	2.779294e-06	3.706981e-06	22378
948600	-3.496140e-06	2.779361e-06	3.441066e-06	22637
411916	-4.276275e-06	2.779408e-06	3.706369e-06	22378
940344	-3.496559e-06	2.779454e-06	3.440565e-06	22637
403660	-4.276733e-06	2.779521e-06	3.705756e-06	22378
932088	-3.496978e-06	2.779547e-06	3.440064e-06	22637
395404	-4.277190e-06	2.779635e-06	3.705143e-06	22378
923832	-3.497398e-06	2.779640e-06	3.439563e-06	22637
915576	-3.497817e-06	2.779733e-06	3.439061e-06	22637
387148	-4.277647e-06	2.779748e-06	3.704529e-06	22378
907320	-3.498236e-06	2.779825e-06	3.438560e-06	22637
378892	-4.278105e-06	2.779862e-06	3.703916e-06	22378
899064	-3.498655e-06	2.779918e-06	3.438058e-06	22637
370636	-4.278562e-06	2.779976e-06	3.703303e-06	22378
890808	-3.499074e-06	2.780011e-06	3.437557e-06	22637
362380	-4.279018e-06	2.780089e-06	3.702690e-06	22378
882552	-3.499493e-06	2.780104e-06	3.437056e-06	22637
874296	-3.499911e-06	2.780197e-06	3.436554e-06	22637
354124	-4.279475e-06	2.780203e-06	3.702077e-06	22378
866040	-3.500330e-06	2.780290e-06	3.436052e-06	22637
345868	-4.279932e-06	2.780316e-06	3.701463e-06	22378
857784	-3.500749e-06	2.780383e-06	3.435551e-06	22637
337612	-4.280389e-06	2.780430e-06	3.700850e-06	22378
849528	-3.501167e-06	2.780476e-06	3.435049e-06	22637
329356	-4.280846e-06	2.780544e-06	3.700236e-06	22378
841272	-3.501586e-06	2.780568e-06	3.434547e-06	22637
321100	-4.281302e-06	2.780657e-06	3.699622e-06	22378
833016	-3.502004e-06	2.780661e-06	3.434045e-06	22637
824760	-3.502422e-06	2.780754e-06	3.433543e-06	22637
312844	-4.281759e-06	2.780771e-06	3.699009e-06	22378
816504	-3.502841e-06	2.780847e-06	3.433041e-06	22637
304588	-4.282215e-06	2.780885e-06	3.698395e-06	22378
808248	-3.503259e-06	2.780940e-06	3.432539e-06	22637
296332	-4.282671e-06	2.780999e-06	3.697781e-06	22378
799992	-3.503677e-06	2.781033e-06	3.432037e-06	22637
288076	-4.283127e-06	2.781112e-06	3.697167e-06	22378
791736	-3.504095e-06	2.781126e-06	3.431535e-06	22637
783480	-3.504513e-06	2.781219e-06	3.431032e-06	22637
279820	-4.283583e-06	2.781226e-06	3.696553e-06	22378
775224	-3.504931e-06	2.781312e-06	3.430530e-06	22637
271564	-4.284039e-06	2.781340e-06	3.695939e-06	22378
766968	-3.505349e-06	2.781405e-06	3.430028e-06	22637
263308	-4.284495e-06	2.781453e-06	3.695325e-06	22378
758712	-3.505767e-06	2.781498e-06	3.429525e-06	22637
255052	-4.284951e-06	2.781567e-06	3.694711e-06	22378
750456	-3.506184e-06	2.781591e-06	3.429023e-06	22637
246796	-4.285407e-06	2.781681e-06	3.694097e-06	22378
742200	-3.506602e-06	2.781684e-06	3.428520e-06	22637
733944	-3.507020e-06	2.781777e-06	3.428018e-06	22637
238540	-4.285862e-06	2.781795e-06	3.693483e-06	22378
725688	-3.507437e-06	2.781871e-06	3.427515e-06	22637
230284	-4.286318e-06	2.781909e-06	3.692868e-06	22378
717432	-3.507854e-06	2.781964e-06	3.427012e-06	22637
222028	-4.286773e-06	2.782022e-06	3.692254e-06	22378
709176	-3.508272e-06	2.782057e-06	3.426509e-06	22637
213772	-4.287228e-06	2.782136e-06	3.691639e-06	22378
700920	-3.508689e-06	2.782150e-06	3.426007e-06	22637
692664	-3.509106e-06	2.782243e-06	3.425504e-06	22637
205516	-4.287684e-06	2.782250e-06	3.691025e-06	22378
684408	-3.509523e-06	2.782336e-06	3.425001e-06	22637
197260	-4.288139e-06	2.782364e-06	3.690410e-06	22378
676152	-3.509940e-06	2.782429e-06	3.424498e-06	22637
189004	-4.288594e-06	2.782478e-06	3.689795e-06	22378
667896	-3.510357e-06	2.782522e-06	3.423995e-06	22637
180748	-4.289049e-06	2.782591e-06	3.689181e-06	22378
659640	-3.510774e-06	2.782615e-06	3.423492e-06	22637
172492	-4.289504e-06	2.782705e-06	3.688566e-06	22378
651384	-3.511191e-06	2.782709e-06	3.422988e-06	22637
643128	-3.511607e-06	2.782802e-06	3.422485e-06	22637
164236	-4.289958e-06	2.782819e-06	3.687951e-06	22378
634872	-3.512024e-06	2.782895e-06	3.421982e-06	22637
155980	-4.290413e-06	2.782933e-06	3.687336e-06	22378
626616	-3.512441e-06	2.782988e-06	3.421478e-06	22637
147724	-4.290868e-06	2.783047e-06	3.686721e-06	22378
618360	-3.512857e-06	2.783082e-06	3.420975e-06	22637
139468	-4.291322e-06	2.783161e-06	3.686106e-06	22378
610104	-3.513273e-06	2.783175e-06	3.420472e-06	22637
601848	-3.513690e-06	2.783268e-06	3.419968e-06	22637
131212	-4.291777e-06	2.783275e-06	3.685491e-06	22378
593592	-3.514106e-06	2.783361e-06	3.419464e-06	22637
122956	-4.292231e-06	2.783389e-06	3.684876e-06	22378
585336	-3.514522e-06	2.783454e-06	3.418961e-06	22637
114700	-4.292685e-06	2.783503e-06	3.684260e-06	22378
577080	-3.514938e-06	2.783548e-06	3.418457e-06	22637
106444	-4.293139e-06	2.783617e-06	3.683645e-06	22378
568824	-3.515354e-06	2.783641e-06	3.417953e-06	22637
98188	-4.293594e-06	2.783731e-06	3.683030e-06	22378
560568	-3.515770e-06	2.783734e-06	3.417449e-06	22637
552312	-3.516186e-06	2.783828e-06	3.416945e-06	22637
89932	-4.294047e-06	2.783845e-06	3.682414e-06	22378
544056	-3.516602e-06	2.783921e-06	3.416441e-06	22637
81676	-4.294501e-06	2.783959e-06	3.681799e-06	22378
535800	-3.517018e-06	2.784014e-06	3.415937e-06	22637
73420	-4.294955e-06	2.784073e-06	3.681183e-06	22378
527544	-3.517433e-06	2.784108e-06	3.415433e-06	22637
65164	-4.295409e-06	2.784187e-06	3.680567e-06	22378
519288	-3.517849e-06	2.784201e-06	3.414929e-06	22637
511032	-3.518264e-06	2.784294e-06	3.414425e-06	22637
56908	-4.295862e-06	2.784301e-06	3.679952e-06	22378
502776	-3.518680e-06	2.784388e-06	3.413920e-06	22637
48652	-4.296316e-06	2.784415e-06	3.679336e-06	22378
494520	-3.519095e-06	2.784481e-06	3.413416e-06	22637
40396	-4.296769e-06	2.784529e-06	3.678720e-06	22378
486264	-3.519511e-06	2.784574e-06	3.412912e-06	22637
32140	-4.297222e-06	2.784643e-06	3.678104e-06	22378
478008	-3.519926e-06	2.784668e-06	3.412407e-06	22637
23884	-4.297676e-06	2.784757e-06	3.677488e-06	22378
469752	-3.520341e-06	2.784761e-06	3.411903e-06	22637
461496	-3.520756e-06	2.784855e-06	3.411398e-06	22637
15628	-4.298129e-06	2.784871e-06	3.676872e-06	22378
453240	-3.521171e-06	2.784948e-06	3.410894e-06	22637
7372	-4.298582e-06	2.784985e-06	3.676256e-06	22378
444984	-3.521586e-06	2.785042e-06	3.410389e-06	22637
436728	-3.522001e-06	2.785135e-06	3.409884e-06	22637
428472	-3.522415e-06	2.785229e-06	3.409379e-06	22637
420216	-3.522830e-06	2.785322e-06	3.408875e-06	22637
411960	-3.523245e-06	2.785416e-06	3.408370e-06	22637
403704	-3.523659e-06	2.785509e-06	3.407865e-06	22637
395448	-3.524074e-06	2.785603e-06	3.407360e-06	22637
387192	-3.524488e-06	2.785696e-06	3.406854e-06	22637
378936	-3.524902e-06	2.785790e-06	3.406349e-06	22637
370680	-3.525317e-06	2.785883e-06	3.405844e-06	22637
362424	-3.525731e-06	2.785977e-06	3.405339e-06	22637
354168	-3.526145e-06	2.786070e-06	3.404833e-06	22637
345912	-3.526559e-06	2.786164e-06	3.404328e-06	22637
337656	-3.526973e-06	2.786257e-06	3.403823e-06	22637
329400	-3.527387e-06	2.786351e-06	3.403317e-06	22637
321144	-3.527800e-06	2.786445e-06	3.402811e-06	22637
312888	-3.528214e-06	2.786539e-06	3.402306e-06	22637
304632	-3.528628e-06	2.786632e-06	3.401800e-06	22637
296376	-3.529041e-06	2.786726e-06	3.401294e-06	22637
288120	-3.529455e-06	2.786819e-06	3.400789e-06	22637
279864	-3.529868e-06	2.786913e-06	3.400283e-06	22637
271608	-3.530282e-06	2.787007e-06	3.399777e-06	22637
263352	-3.530695e-06	2.787100e-06	3.399271e-06	22637
255096	-3.531108e-06	2.787194e-06	3.398765e-06	22637
246840	-3.531521e-06	2.787288e-06	3.398259e-06	22637
238584	-3.531934e-06	2.787382e-06	3.397752e-06	22637
230328	-3.532347e-06	2.787475e-06	3.397246e-06	22637
222072	-3.532760e-06	2.787569e-06	3.396740e-06	22637
213816	-3.533173e-06	2.787663e-06	3.396234e-06	22637
205560	-3.533586e-06	2.787757e-06	3.395727e-06	22637
197304	-3.533998e-06	2.787850e-06	3.395221e-06	22637
189048	-3.534411e-06	2.787944e-06	3.394714e-06	22637
180792	-3.534823e-06	2.788038e-06	3.394207e-06	22637
172536	-3.535236e-06	2.788132e-06	3.393701e-06	22637
164280	-3.535648e-06	2.788226e-06	3.393194e-06	22637
156024	-3.536060e-06	2.788320e-06	3.392687e-06	22637
147768	-3.536473e-06	2.788413e-06	3.392181e-06	22637
139512	-3.536885e-06	2.788507e-06	3.391674e-06	22637
131256	-3.537297e-06	2.788601e-06	3.391167e-06	22637
123000	-3.537709e-06	2.788695e-06	3.390660e-06	22637
114744	-3.538121e-06	2.788789e-06	3.390153e-06	22637
106488	-3.538533e-06	2.788883e-06	3.389646e-06	22637
98232	-3.538944e-06	2.788977e-06	3.389138e-06	22637
89976	-3.539356e-06	2.789071e-06	3.388631e-06	22637
81720	-3.539767e-06	2.789165e-06	3.388124e-06	22637
73464	-3.540179e-06	2.789259e-06	3.387617e-06	22637
65208	-3.540591e-06	2.789352e-06	3.387109e-06	22637
56952	-3.541002e-06	2.789446e-06	3.386602e-06	22637
48696	-3.541413e-06	2.789541e-06	3.386094e-06	22637
40440	-3.541825e-06	2.789634e-06	3.385586e-06	22637
32184	-3.542236e-06	2.789729e-06	3.385079e-06	22637
23928	-3.542647e-06	2.789822e-06	3.384571e-06	22637
15672	-3.543058e-06	2.789917e-06	3.384063e-06	22637
7416	-3.543469e-06	2.790011e-06	3.383555e-06	22637
1154999	-3.260604e-06	2.818870e-06	3.403333e-06	22636
1146743	-3.261017e-06	2.818957e-06	3.402866e-06	22636
1138487	-3.261430e-06	2.819043e-06	3.402399e-06	22636
1130231	-3.261843e-06	2.819130e-06	3.401931e-06	22636
1121975	-3.262255e-06	2.819216e-06	3.401464e-06	22636
1113719	-3.262668e-06	2.819303e-06	3.400996e-06	22636
1105463	-3.263081e-06	2.819389e-06	3.400529e-06	22636
1097207	-3.263493e-06	2.819476e-06	3.400061e-06	22636
1088951	-3.263905e-06	2.819562e-06	3.399593e-06	22636
1080695	-3.264318e-06	2.819649e-06	3.399125e-06	22636
1072439	-3.264730e-06	2.819736e-06	3.398658e-06	22636
1064183	-3.265142e-06	2.819822e-06	3.398190e-06	22636
1055927	-3.265555e-06	2.819909e-06	3.397722e-06	22636
1047671	-3.265967e-06	2.819996e-06	3.397254e-06	22636
1039415	-3.266379e-06	2.820082e-06	3.396786e-06	22636
1031159	-3.266791e-06	2.820169e-06	3.396317e-06	22636
1022903	-3.267203e-06	2.820256e-06	3.395849e-06	22636
1014647	-3.267614e-06	2.820342e-06	3.395381e-06	22636
1006391	-3.268026e-06	2.820429e-06	3.394913e-06	22636
998135	-3.268438e-06	2.820516e-06	3.394444e-06	22636
989879	-3.268849e-06	2.820603e-06	3.393976e-06	22636
981623	-3.269261e-06	2.820689e-06	3.393507e-06	22636
973367	-3.269672e-06	2.820776e-06	3.393039e-06	22636
965111	-3.270084e-06	2.820863e-06	3.392570e-06	22636
956855	-3.270495e-06	2.820949e-06	3.392101e-06	22636
948599	-3.270906e-06	2.821036e-06	3.391633e-06	22636
940343	-3.271318e-06	2.821123e-06	3.391164e-06	22636
932087	-3.271729e-06	2.821210e-06	3.390695e-06	22636
923831	-3.272140e-06	2.821297e-06	3.390226e-06	22636
915575	-3.272551e-06	2.821384e-06	3.389757e-06	22636
907319	-3.272962e-06	2.821470e-06	3.389288e-06	22636
899063	-3.273372e-06	2.821557e-06	3.388819e-06	22636
890807	-3.273783e-06	2.821644e-06	3.388350e-06	22636
882551	-3.274194e-06	2.821731e-06	3.387880e-06	22636
874295	-3.274605e-06	2.821818e-06	3.387411e-06	22636
866039	-3.275015e-06	2.821905e-06	3.386942e-06	22636
857783	-3.275426e-06	2.821992e-06	3.386473e-06	22636
849527	-3.275836e-06	2.822079e-06	3.386003e-06	22636
841271	-3.276246e-06	2.822165e-06	3.385534e-06	22636
833015	-3.276657e-06	2.822253e-06	3.385064e-06	22636
824759	-3.277067e-06	2.822339e-06	3.384594e-06	22636
816503	-3.277477e-06	2.822426e-06	3.384125e-06	22636
808247	-3.277887e-06	2.822513e-06	3.383655e-06	22636
799991	-3.278297e-06	2.822600e-06	3.383185e-06	22636
791735	-3.278707e-06	2.822687e-06	3.382715e-06	22636
783479	-3.279117e-06	2.822774e-06	3.382245e-06	22636
775223	-3.279527e-06	2.822861e-06	3.381776e-06	22636
766967	-3.279936e-06	2.822948e-06	3.381305e-06	22636
758711	-3.280346e-06	2.823035e-06	3.380835e-06	22636
750455	-3.280756e-06	2.823122e-06	3.380365e-06	22636
742199	-3.281165e-06	2.823210e-06	3.379895e-06	22636
733943	-3.281575e-06	2.823296e-06	3.379425e-06	22636
725687	-3.281984e-06	2.823384e-06	3.378954e-06	22636
717431	-3.282393e-06	2.823471e-06	3.378484e-06	22636
709175	-3.282803e-06	2.823558e-06	3.378013e-06	22636
700919	-3.283212e-06	2.823645e-06	3.377543e-06	22636
692663	-3.283621e-06	2.823732e-06	3.377072e-06	22636
684407	-3.284030e-06	2.823819e-06	3.376602e-06	22636
676151	-3.284439e-06	2.823906e-06	3.376131e-06	22636
667895	-3.284848e-06	2.823994e-06	3.375660e-06	22636
659639	-3.285257e-06	2.824081e-06	3.375190e-06	22636
651383	-3.285665e-06	2.824168e-06	3.374719e-06	22636
643127	-3.286074e-06	2.824255e-06	3.374248e-06	22636
634871	-3.286483e-06	2.824342e-06	3.373777e-06	22636
626615	-3.286891e-06	2.824429e-06	3.373306e-06	22636
618359	-3.287300e-06	2.824517e-06	3.372835e-06	22636
610103	-3.287708e-06	2.824604e-06	3.372364e-06	22636
601847	-3.288116e-06	2.824691e-06	3.371892e-06	22636
593591	-3.288525e-06	2.824778e-06	3.371421e-06	22636
585335	-3.288933e-06	2.824866e-06	3.370950e-06	22636
577079	-3.289341e-06	2.824953e-06	3.370478e-06	22636
568823	-3.289749e-06	2.825040e-06	3.370007e-06	22636
560567	-3.290157e-06	2.825127e-06	3.369535e-06	22636
552311	-3.290565e-06	2.825215e-06	3.369064e-06	22636
544055	-3.290973e-06	2.825302e-06	3.368592e-06	22636
535799	-3.291381e-06	2.825389e-06	3.368121e-06	22636
527543	-3.291788e-06	2.825477e-06	3.367649e-06	22636
519287	-3.292196e-06	2.825564e-06	3.367177e-06	22636
511031	-3.292603e-06	2.825652e-06	3.366705e-06	22636
502775	-3.293011e-06	2.825739e-06	3.366233e-06	22636
494519	-3.293418e-06	2.825826e-06	3.365761e-06	22636
486263	-3.293826e-06	2.825913e-06	3.365289e-06	22636
478007	-3.294233e-06	2.826001e-06	3.364817e-06	22636
469751	-3.294640e-06	2.826088e-06	3.364345e-06	22636
461495	-3.295047e-06	2.826176e-06	3.363873e-06	22636
453239	-3.295454e-06	2.826263e-06	3.363401e-06	22636
444983	-3.295861e-06	2.826351e-06	3.362928e-06	22636
436727	-3.296268e-06	2.826438e-06	3.362456e-06	22636
428471	-3.296675e-06	2.826526e-06	3.361983e-06	22636
420215	-3.297082e-06	2.826613e-06	3.361511e-06	22636
411959	-3.297489e-06	2.826701e-06	3.361038e-06	22636
403703	-3.297895e-06	2.826788e-06	3.360566e-06	22636
395447	-3.298302e-06	2.826876e-06	3.360093e-06	22636
387191	-3.298708e-06	2.826963e-06	3.359620e-06	22636
378935	-3.299115e-06	2.827051e-06	3.359148e-06	22636
370679	-3.299521e-06	2.827138e-06	3.358675e-06	22636
362423	-3.299928e-06	2.827226e-06	3.358202e-06	22636
354167	-3.300334e-06	2.827313e-06	3.357729e-06	22636
345911	-3.300740e-06	2.827401e-06	3.357256e-06	22636
337655	-3.301146e-06	2.827489e-06	3.356783e-06	22636
329399	-3.301552e-06	2.827576e-06	3.356309e-06	22636
321143	-3.301958e-06	2.827664e-06	3.355836e-06	22636
312887	-3.302364e-06	2.827751e-06	3.355363e-06	22636
304631	-3.302770e-06	2.827839e-06	3.354890e-06	22636
296375	-3.303175e-06	2.827927e-06	3.354416e-06	22636
288119	-3.303581e-06	2.828014e-06	3.353943e-06	22636
279863	-3.303987e-06	2.828102e-06	3.353470e-06	22636
271607	-3.304392e-06	2.828190e-06	3.352996e-06	22636
263351	-3.304798e-06	2.828277e-06	3.352522e-06	22636
255095	-3.305203e-06	2.828365e-06	3.352049e-06	22636
246839	-3.305609e-06	2.828453e-06	3.351575e-06	22636
238583	-3.306014e-06	2.828541e-06	3.351101e-06	22636
230327	-3.306419e-06	2.828628e-06	3.350627e-06	22636
222071	-3.306824e-06	2.828716e-06	3.350154e-06	22636
213815	-3.307229e-06	2.828804e-06	3.349679e-06	22636
205559	-3.307634e-06	2.828891e-06	3.349205e-06	22636
197303	-3.308039e-06	2.828979e-06	3.348731e-06	22636
189047	-3.308444e-06	2.829067e-06	3.348257e-06	22636
180791	-3.308848e-06	2.829155e-06	3.347783e-06	22636
172535	-3.309253e-06	2.829243e-06	3.347309e-06	22636
164279	-3.309658e-06	2.829330e-06	3.346835e-06	22636
156023	-3.310062e-06	2.829418e-06	3.346360e-06	22636
147767	-3.310467e-06	2.829506e-06	3.345886e-06	22636
139511	-3.310871e-06	2.829594e-06	3.345411e-06	22636
131255	-3.311276e-06	2.829682e-06	3.344937e-06	22636
122999	-3.311680e-06	2.829770e-06	3.344462e-06	22636
114743	-3.312084e-06	2.829858e-06	3.343988e-06	22636
106487	-3.312488e-06	2.829946e-06	3.343513e-06	22636
98231	-3.312892e-06	2.830033e-06	3.343038e-06	22636
89975	-3.313296e-06	2.830121e-06	3.342563e-06	22636
81719	-3.313700e-06	2.830209e-06	3.342088e-06	22636
73463	-3.314104e-06	2.830297e-06	3.341613e-06	22636
65207	-3.314508e-06	2.830385e-06	3.341138e-06	22636
56951	-3.314911e-06	2.830473e-06	3.340663e-06	22636
48695	-3.315315e-06	2.830561e-06	3.340188e-06	22636
40439	-3.315718e-06	2.830649e-06	3.339713e-06	22636
32183	-3.316122e-06	2.830737e-06	3.339238e-06	22636
23927	-3.316525e-06	2.830825e-06	3.338763e-06	22636
15671	-3.316929e-06	2.830913e-06	3.338287e-06	22636
7415	-3.317332e-06	2.831001e-06	3.337812e-06	22636
1154914	-4.059876e-06	2.851440e-06	3.763787e-06	22122
1146658	-4.060340e-06	2.851548e-06	3.763205e-06	22122
1138402	-4.060803e-06	2.851656e-06	3.762623e-06	22122
1130146	-4.061267e-06	2.851763e-06	3.762041e-06	22122
1121890	-4.061730e-06	2.851871e-06	3.761459e-06	22122
1113634	-4.062194e-06	2.851979e-06	3.760877e-06	22122
1105378	-4.062657e-06	2.852087e-06	3.760294e-06	22122
1097122	-4.063120e-06	2.852194e-06	3.759712e-06	22122
1088866	-4.063583e-06	2.852302e-06	3.759130e-06	22122
1080610	-4.064046e-06	2.852410e-06	3.758547e-06	22122
1072354	-4.064509e-06	2.852518e-06	3.757965e-06	22122
1064098	-4.064972e-06	2.852626e-06	3.757382e-06	22122
1055842	-4.065435e-06	2.852734e-06	3.756800e-06	22122
1047586	-4.065897e-06	2.852842e-06	3.756217e-06	22122
1039330	-4.066360e-06	2.852950e-06	3.755634e-06	22122
1031074	-4.066823e-06	2.853058e-06	3.755051e-06	22122
1022818	-4.067285e-06	2.853166e-06	3.754468e-06	22122
1014562	-4.067747e-06	2.853274e-06	3.753885e-06	22122
1006306	-4.068210e-06	2.853382e-06	3.753302e-06	22122
998050	-4.068672e-06	2.853490e-06	3.752719e-06	22122
989794	-4.069134e-06	2.853598e-06	3.752136e-06	22122
981538	-4.069596e-06	2.853706e-06	3.751553e-06	22122
973282	-4.070058e-06	2.853814e-06	3.750969e-06	22122
965026	-4.070520e-06	2.853922e-06	3.750386e-06	22122
956770	-4.070982e-06	2.854030e-06	3.749802e-06	22122
948514	-4.071443e-06	2.854138e-06	3.749219e-06	22122
940258	-4.071905e-06	2.854246e-06	3.748635e-06	22122
932002	-4.072366e-06	2.854354e-06	3.748052e-06	22122
923746	-4.072828e-06	2.854462e-06	3.747468e-06	22122
915490	-4.073289e-06	2.854570e-06	3.746884e-06	22122
907234	-4.073750e-06	2.854678e-06	3.746300e-06	22122
898978	-4.074211e-06	2.854787e-06	3.745716e-06	22122
890722	-4.074672e-06	2.854895e-06	3.745132e-06	22122
882466	-4.075133e-06	2.855003e-06	3.744548e-06	22122
874210	-4.075594e-06	2.855111e-06	3.743964e-06	22122
865954	-4.076055e-06	2.855219e-06	3.743380e-06	22122
857698	-4.076516e-06	2.855327e-06	3.742796e-06	22122
849442	-4.076976e-06	2.855435e-06	3.742211e-06	22122
841186	-4.077437e-06	2.855544e-06	3.741627e-06	22122
832930	-4.077897e-06	2.855652e-06	3.741043e-06	22122
824674	-4.078358e-06	2.855760e-06	3.740458e-06	22122
816418	-4.078818e-06	2.855869e-06	3.739873e-06	22122
808162	-4.079278e-06	2.855977e-06	3.739289e-06	22122
799906	-4.079738e-06	2.856085e-06	3.738704e-06	22122
791650	-4.080198e-06	2.856193e-06	3.738119e-06	22122
783394	-4.080658e-06	2.856302e-06	3.737534e-06	22122
775138	-4.081118e-06	2.856410e-06	3.736950e-06	22122
766882	-4.081578e-06	2.856518e-06	3.736365e-06	22122
758626	-4.082037e-06	2.856627e-06	3.735780e-06	22122
750370	-4.082497e-06	2.856735e-06	3.735194e-06	22122
742114	-4.082956e-06	2.856843e-06	3.734609e-06	22122
733858	-4.083416e-06	2.856952e-06	3.734024e-06	22122
725602	-4.083875e-06	2.857060e-06	3.733439e-06	22122
717346	-4.084335e-06	2.857169e-06	3.732853e-06	22122
709090	-4.084794e-06	2.857277e-06	3.732268e-06	22122
700834	-4.085253e-06	2.857385e-06	3.731682e-06	22122
692578	-4.085712e-06	2.857494e-06	3.731097e-06	22122
684322	-4.086171e-06	2.857602e-06	3.730511e-06	22122
676066	-4.086629e-06	2.857711e-06	3.729925e-06	22122
667810	-4.087088e-06	2.857819e-06	3.729340e-06	22122
659554	-4.087547e-06	2.857928e-06	3.728754e-06	22122
651298	-4.088005e-06	2.858036e-06	3.728168e-06	22122
643042	-4.088464e-06	2.858145e-06	3.727582e-06	22122
634786	-4.088922e-06	2.858253e-06	3.726996e-06	22122
626530	-4.089380e-06	2.858362e-06	3.726410e-06	22122
618274	-4.089839e-06	2.858470e-06	3.725824e-06	22122
610018	-4.090296e-06	2.858579e-06	3.725237e-06	22122
601762	-4.090755e-06	2.858688e-06	3.724651e-06	22122
593506	-4.091213e-06	2.858796e-06	3.724065e-06	22122
585250	-4.091670e-06	2.858905e-06	3.723478e-06	22122
576994	-4.092128e-06	2.859013e-06	3.722892e-06	22122
568738	-4.092586e-06	2.859122e-06	3.722305e-06	22122
560482	-4.093044e-06	2.859231e-06	3.721719e-06	22122
552226	-4.093501e-06	2.859339e-06	3.721132e-06	22122
543970	-4.093959e-06	2.859448e-06	3.720545e-06	22122
535714	-4.094416e-06	2.859557e-06	3.719958e-06	22122
527458	-4.094873e-06	2.859665e-06	3.719372e-06	22122
519202	-4.095330e-06	2.859774e-06	3.718784e-06	22122
510946	-4.095787e-06	2.859883e-06	3.718198e-06	22122
502690	-4.096244e-06	2.859992e-06	3.717611e-06	22122
494434	-4.096701e-06	2.860100e-06	3.717023e-06	22122
486178	-4.097158e-06	2.860209e-06	3.716436e-06	22122
477922	-4.097615e-06	2.860318e-06	3.715849e-06	22122
469666	-4.098071e-06	2.860427e-06	3.715262e-06	22122
461410	-4.098528e-06	2.860535e-06	3.714674e-06	22122
453154	-4.098984e-06	2.860644e-06	3.714086e-06	22122
444898	-4.099441e-06	2.860753e-06	3.713499e-06	22122
436642	-4.099897e-06	2.860862e-06	3.712911e-06	22122
428386	-4.100353e-06	2.860971e-06	3.712324e-06	22122
420130	-4.100809e-06	2.861079e-06	3.711736e-06	22122
411874	-4.101265e-06	2.861188e-06	3.711148e-06	22122
403618	-4.101721e-06	2.861297e-06	3.710560e-06	22122
395362	-4.102177e-06	2.861406e-06	3.709972e-06	22122
387106	-4.102632e-06	2.861515e-06	3.709384e-06	22122
378850	-4.103088e-06	2.861624e-06	3.708796e-06	22122
370594	-4.103544e-06	2.861733e-06	3.708208e-06	22122
362338	-4.103999e-06	2.861842e-06	3.707620e-06	22122
354082	-4.104455e-06	2.861951e-06	3.707032e-06	22122
345826	-4.104910e-06	2.862060e-06	3.706443e-06	22122
337570	-4.105365e-06	2.862168e-06	3.705855e-06	22122
329314	-4.105821e-06	2.862278e-06	3.705267e-06	22122
321058	-4.106275e-06	2.862387e-06	3.704678e-06	22122
312802	-4.106731e-06	2.862496e-06	3.704090e-06	22122
304546	-4.107185e-06	2.862605e-06	3.703501e-06	22122
296290	-4.107640e-06	2.862714e-06	3.702912e-06	22122
288034	-4.108095e-06	2.862823e-06	3.702323e-06	22122
279778	-4.108550e-06	2.862932e-06	3.701734e-06	22122
271522	-4.109004e-06	2.863041e-06	3.701145e-06	22122
263266	-4.109459e-06	2.863150e-06	3.700557e-06	22122
255010	-4.109913e-06	2.863259e-06	3.699967e-06	22122
246754	-4.110367e-06	2.863368e-06	3.699378e-06	22122
238498	-4.110821e-06	2.863477e-06	3.698789e-06	22122
230242	-4.111275e-06	2.863586e-06	3.698200e-06	22122
221986	-4.111729e-06	2.863695e-06	3.697611e-06	22122
213730	-4.112183e-06	2.863805e-06	3.697021e-06	22122
205474	-4.112637e-06	2.863914e-06	3.696432e-06	22122
197218	-4.113091e-06	2.864023e-06	3.695842e-06	22122
188962	-4.113544e-06	2.864132e-06	3.695253e-06	22122
180706	-4.113998e-06	2.864241e-06	3.694663e-06	22122
172450	-4.114452e-06	2.864351e-06	3.694073e-06	22122
164194	-4.114905e-06	2.864460e-06	3.693484e-06	22122
155938	-4.115358e-06	2.864569e-06	3.692894e-06	22122
147682	-4.115811e-06	2.864678e-06	3.692304e-06	22122
139426	-4.116265e-06	2.864788e-06	3.691714e-06	22122
131170	-4.116718e-06	2.864897e-06	3.691124e-06	22122
122914	-4.117171e-06	2.865006e-06	3.690534e-06	22122
114658	-4.117624e-06	2.865115e-06	3.689944e-06	22122
106402	-4.118076e-06	2.865225e-06	3.689354e-06	22122
98146	-4.118529e-06	2.865334e-06	3.688763e-06	22122
89890	-4.118981e-06	2.865443e-06	3.688173e-06	22122
81634	-4.119434e-06	2.865553e-06	3.687583e-06	22122
73378	-4.119886e-06	2.865662e-06	3.686992e-06	22122
65122	-4.120339e-06	2.865771e-06	3.686401e-06	22122
56866	-4.120791e-06	2.865881e-06	3.685811e-06	22122
48610	-4.121243e-06	2.865990e-06	3.685220e-06	22122
40354	-4.121695e-06	2.866100e-06	3.684630e-06	22122
32098	-4.122147e-06	2.866209e-06	3.684039e-06	22122
23842	-4.122599e-06	2.866318e-06	3.683448e-06	22122
15586	-4.123051e-06	2.866428e-06	3.682857e-06	22122
7330	-4.123503e-06	2.866537e-06	3.682266e-06	22122
1155001	-4.011231e-06	2.881938e-06	3.735221e-06	22638
1146745	-4.011690e-06	2.882044e-06	3.734646e-06	22638
1138489	-4.012149e-06	2.882151e-06	3.734071e-06	22638
1130233	-4.012607e-06	2.882257e-06	3.733496e-06	22638
1121977	-4.013066e-06	2.882364e-06	3.732921e-06	22638
1113721	-4.013525e-06	2.882470e-06	3.732346e-06	22638
1105465	-4.013983e-06	2.882577e-06	3.731770e-06	22638
1097209	-4.014441e-06	2.882683e-06	3.731195e-06	22638
1088953	-4.014899e-06	2.882790e-06	3.730620e-06	22638
1080697	-4.015358e-06	2.882897e-06	3.730044e-06	22638
1072441	-4.015816e-06	2.883003e-06	3.729469e-06	22638
1064185	-4.016274e-06	2.883110e-06	3.728893e-06	22638
1055929	-4.016732e-06	2.883216e-06	3.728317e-06	22638
1047673	-4.017189e-06	2.883323e-06	3.727742e-06	22638
1039417	-4.017647e-06	2.883429e-06	3.727166e-06	22638
1031161	-4.018105e-06	2.883536e-06	3.726590e-06	22638
1022905	-4.018562e-06	2.883643e-06	3.726014e-06	22638
1014649	-4.019020e-06	2.883750e-06	3.725438e-06	22638
1006393	-4.019477e-06	2.883856e-06	3.724862e-06	22638
998137	-4.019934e-06	2.883963e-06	3.724286e-06	22638
989881	-4.020391e-06	2.884070e-06	3.723710e-06	22638
981625	-4.020849e-06	2.884176e-06	3.723133e-06	22638
973369	-4.021306e-06	2.884283e-06	3.722557e-06	22638
965113	-4.021763e-06	2.884390e-06	3.721981e-06	22638
956857	-4.022219e-06	2.884497e-06	3.721404e-06	22638
948601	-4.022676e-06	2.884603e-06	3.720828e-06	22638
940345	-4.023133e-06	2.884710e-06	3.720251e-06	22638
932089	-4.023590e-06	2.884817e-06	3.719674e-06	22638
923833	-4.024046e-06	2.884924e-06	3.719098e-06	22638
915577	-4.024503e-06	2.885030e-06	3.718521e-06	22638
907321	-4.024959e-06	2.885137e-06	3.717944e-06	22638
899065	-4.025415e-06	2.885244e-06	3.717367e-06	22638
890809	-4.025871e-06	2.885351e-06	3.716790e-06	22638
882553	-4.026328e-06	2.885458e-06	3.716213e-06	22638
874297	-4.026783e-06	2.885565e-06	3.715636e-06	22638
866041	-4.027239e-06	2.885672e-06	3.715059e-06	22638
857785	-4.027695e-06	2.885778e-06	3.714481e-06	22638
849529	-4.028151e-06	2.885886e-06	3.713904e-06	22638
841273	-4.028607e-06	2.885992e-06	3.713327e-06	22638
833017	-4.029062e-06	2.886099e-06	3.712749e-06	22638
824761	-4.029518e-06	2.886206e-06	3.712172e-06	22638
816505	-4.029973e-06	2.886313e-06	3.711594e-06	22638
808249	-4.030428e-06	2.886420e-06	3.711016e-06	22638
799993	-4.030884e-06	2.886527e-06	3.710439e-06	22638
791737	-4.031339e-06	2.886634e-06	3.709861e-06	22638
783481	-4.031794e-06	2.886741e-06	3.709283e-06	22638
775225	-4.032249e-06	2.886848e-06	3.708705e-06	22638
766969	-4.032704e-06	2.886955e-06	3.708127e-06	22638
758713	-4.033158e-06	2.887062e-06	3.707549e-06	22638
750457	-4.033613e-06	2.887169e-06	3.706971e-06	22638
742201	-4.034068e-06	2.887276e-06	3.706393e-06	22638
733945	-4.034523e-06	2.887384e-06	3.705815e-06	22638
725689	-4.034977e-06	2.887491e-06	3.705236e-06	22638
717433	-4.035431e-06	2.887598e-06	3.704658e-06	22638
709177	-4.035885e-06	2.887705e-06	3.704080e-06	22638
700921	-4.036340e-06	2.887812e-06	3.703501e-06	22638
692665	-4.036794e-06	2.887919e-06	3.702923e-06	22638
684409	-4.037248e-06	2.888026e-06	3.702344e-06	22638
676153	-4.037702e-06	2.888133e-06	3.701765e-06	22638
667897	-4.038156e-06	2.888241e-06	3.701187e-06	22638
659641	-4.038609e-06	2.888348e-06	3.700608e-06	22638
651385	-4.039063e-06	2.888455e-06	3.700029e-06	22638
643129	-4.039517e-06	2.888562e-06	3.699450e-06	22638
634873	-4.039970e-06	2.888670e-06	3.698871e-06	22638
626617	-4.040424e-06	2.888777e-06	3.698292e-06	22638
618361	-4.040877e-06	2.888884e-06	3.697713e-06	22638
610105	-4.041331e-06	2.888991e-06	3.697133e-06	22638
601849	-4.041784e-06	2.889099e-06	3.696554e-06	22638
593593	-4.042237e-06	2.889206e-06	3.695975e-06	22638
585337	-4.042690e-06	2.889313e-06	3.695395e-06	22638
577081	-4.043143e-06	2.889421e-06	3.694816e-06	22638
568825	-4.043596e-06	2.889528e-06	3.694237e-06	22638
560569	-4.044048e-06	2.889635e-06	3.693657e-06	22638
552313	-4.044501e-06	2.889743e-06	3.693077e-06	22638
544057	-4.044954e-06	2.889850e-06	3.692498e-06	22638
535801	-4.045406e-06	2.889957e-06	3.691918e-06	22638
527545	-4.045859e-06	2.890064e-06	3.691338e-06	22638
519289	-4.046311e-06	2.890172e-06	3.690758e-06	22638
511033	-4.046763e-06	2.890279e-06	3.690178e-06	22638
502777	-4.047215e-06	2.890387e-06	3.689598e-06	22638
494521	-4.047667e-06	2.890494e-06	3.689018e-06	22638
486265	-4.048119e-06	2.890602e-06	3.688438e-06	22638
478009	-4.048571e-06	2.890709e-06	3.687857e-06	22638
469753	-4.049023e-06	2.890817e-06	3.687277e-06	22638
461497	-4.049475e-06	2.890924e-06	3.686697e-06	22638
453241	-4.049926e-06	2.891031e-06	3.686116e-06	22638
444985	-4.050378e-06	2.891139e-06	3.685536e-06	22638
436729	-4.050829e-06	2.891247e-06	3.684955e-06	22638
428473	-4.051280e-06	2.891354e-06	3.684375e-06	22638
420217	-4.051732e-06	2.891462e-06	3.683794e-06	22638
411961	-4.052183e-06	2.891569e-06	3.683213e-06	22638
403705	-4.052634e-06	2.891677e-06	3.682632e-06	22638
395449	-4.053085e-06	2.891784e-06	3.682051e-06	22638
387193	-4.053536e-06	2.891892e-06	3.681470e-06	22638
378937	-4.053987e-06	2.892000e-06	3.680889e-06	22638
370681	-4.054438e-06	2.892107e-06	3.680308e-06	22638
362425	-4.054888e-06	2.892215e-06	3.679727e-06	22638
354169	-4.055339e-06	2.892323e-06	3.679146e-06	22638
345913	-4.055789e-06	2.892430e-06	3.678565e-06	22638
337657	-4.056240e-06	2.892538e-06	3.677983e-06	22638
329401	-4.056690e-06	2.892645e-06	3.677402e-06	22638
321145	-4.057140e-06	2.892753e-06	3.676820e-06	22638
312889	-4.057591e-06	2.892861e-06	3.676239e-06	22638
304633	-4.058041e-06	2.892968e-06	3.675657e-06	22638
296377	-4.058491e-06	2.893076e-06	3.675076e-06	22638
288121	-4.058941e-06	2.893184e-06	3.674494e-06	22638
279865	-4.059390e-06	2.893292e-06	3.673912e-06	22638
271609	-4.059840e-06	2.893400e-06	3.673330e-06	22638
263353	-4.060290e-06	2.893507e-06	3.672748e-06	22638
255097	-4.060739e-06	2.893615e-06	3.672166e-06	22638
246841	-4.061189e-06	2.893723e-06	3.671584e-06	22638
238585	-4.061638e-06	2.893831e-06	3.671002e-06	22638
230329	-4.062088e-06	2.893938e-06	3.670420e-06	22638
222073	-4.062537e-06	2.894046e-06	3.669838e-06	22638
213817	-4.062986e-06	2.894154e-06	3.669255e-06	22638
205561	-4.063435e-06	2.894262e-06	3.668673e-06	22638
197305	-4.063884e-06	2.894370e-06	3.668091e-06	22638
189049	-4.064333e-06	2.894478e-06	3.667508e-06	22638
180793	-4.064781e-06	2.894586e-06	3.666926e-06	22638
172537	-4.065230e-06	2.894694e-06	3.666343e-06	22638
164281	-4.065679e-06	2.894802e-06	3.665760e-06	22638
156025	-4.066128e-06	2.894910e-06	3.665177e-06	22638
147769	-4.066576e-06	2.895017e-06	3.664594e-06	22638
139513	-4.067024e-06	2.895125e-06	3.664012e-06	22638
131257	-4.067473e-06	2.895233e-06	3.663429e-06	22638
123001	-4.067921e-06	2.895341e-06	3.662846e-06	22638
114745	-4.068369e-06	2.895449e-06	3.662263e-06	22638
106489	-4.068817e-06	2.895557e-06	3.661680e-06	22638
98233	-4.069265e-06	2.895665e-06	3.661096e-06	22638
89977	-4.069713e-06	2.895773e-06	3.660513e-06	22638
81721	-4.070160e-06	2.895881e-06	3.659930e-06	22638
73465	-4.070608e-06	2.895989e-06	3.659346e-06	22638
65209	-4.071056e-06	2.896097e-06	3.658763e-06	22638
1154498	-3.603893e-06	2.896200e-06	3.623613e-06	19825
56953	-4.071503e-06	2.896206e-06	3.658179e-06	22638
1146242	-3.604336e-06	2.896295e-06	3.623097e-06	19825
48697	-4.071951e-06	2.896314e-06	3.657596e-06	22638
1137986	-3.604778e-06	2.896391e-06	3.622580e-06	19825
40441	-4.072398e-06	2.896422e-06	3.657012e-06	22638
1129730	-3.605220e-06	2.896487e-06	3.622063e-06	19825
32185	-4.072845e-06	2.896530e-06	3.656428e-06	22638
1121474	-3.605663e-06	2.896582e-06	3.621547e-06	19825
23929	-4.073292e-06	2.896638e-06	3.655844e-06	22638
1113218	-3.606105e-06	2.896678e-06	3.621030e-06	19825
15673	-4.073739e-06	2.896746e-06	3.655261e-06	22638
1104962	-3.606547e-06	2.896774e-06	3.620513e-06	19825
7417	-4.074186e-06	2.896854e-06	3.654677e-06	22638
1096706	-3.606989e-06	2.896869e-06	3.619996e-06	19825
1088450	-3.607431e-06	2.896965e-06	3.619479e-06	19825
1080194	-3.607872e-06	2.897061e-06	3.618962e-06	19825
1071938	-3.608314e-06	2.897156e-06	3.618445e-06	19825
1063682	-3.608756e-06	2.897252e-06	3.617927e-06	19825
1055426	-3.609198e-06	2.897348e-06	3.617410e-06	19825
1047170	-3.609639e-06	2.897444e-06	3.616893e-06	19825
1038914	-3.610081e-06	2.897540e-06	3.616376e-06	19825
1030658	-3.610522e-06	2.897635e-06	3.615858e-06	19825
1022402	-3.610963e-06	2.897731e-06	3.615341e-06	19825
1014146	-3.611405e-06	2.897827e-06	3.614823e-06	19825
1005890	-3.611846e-06	2.897923e-06	3.614306e-06	19825
997634	-3.612287e-06	2.898019e-06	3.613788e-06	19825
989378	-3.612728e-06	2.898115e-06	3.613270e-06	19825
981122	-3.613169e-06	2.898211e-06	3.612752e-06	19825
972866	-3.613609e-06	2.898306e-06	3.612234e-06	19825
964610	-3.614050e-06	2.898402e-06	3.611716e-06	19825
956354	-3.614491e-06	2.898498e-06	3.611199e-06	19825
948098	-3.614932e-06	2.898594e-06	3.610680e-06	19825
939842	-3.615372e-06	2.898690e-06	3.610162e-06	19825
931586	-3.615812e-06	2.898786e-06	3.609644e-06	19825
923330	-3.616253e-06	2.898882e-06	3.609126e-06	19825
915074	-3.616693e-06	2.898978e-06	3.608607e-06	19825
906818	-3.617133e-06	2.899074e-06	3.608089e-06	19825
898562	-3.617574e-06	2.899170e-06	3.607571e-06	19825
890306	-3.618014e-06	2.899266e-06	3.607052e-06	19825
882050	-3.618454e-06	2.899362e-06	3.606533e-06	19825
873794	-3.618894e-06	2.899458e-06	3.606015e-06	19825
865538	-3.619333e-06	2.899554e-06	3.605496e-06	19825
857282	-3.619773e-06	2.899650e-06	3.604978e-06	19825
849026	-3.620213e-06	2.899746e-06	3.604459e-06	19825
840770	-3.620652e-06	2.899842e-06	3.603940e-06	19825
832514	-3.621092e-06	2.899938e-06	3.603421e-06	19825
824258	-3.621531e-06	2.900034e-06	3.602902e-06	19825
816002	-3.621971e-06	2.900131e-06	3.602383e-06	19825
807746	-3.622410e-06	2.900226e-06	3.601864e-06	19825
799490	-3.622849e-06	2.900323e-06	3.601344e-06	19825
791234	-3.623288e-06	2.900419e-06	3.600825e-06	19825
782978	-3.623727e-06	2.900515e-06	3.600306e-06	19825
774722	-3.624167e-06	2.900611e-06	3.599786e-06	19825
766466	-3.624605e-06	2.900707e-06	3.599267e-06	19825
758210	-3.625044e-06	2.900804e-06	3.598748e-06	19825
749954	-3.625483e-06	2.900900e-06	3.598228e-06	19825
741698	-3.625922e-06	2.900996e-06	3.597708e-06	19825
733442	-3.626360e-06	2.901092e-06	3.597188e-06	19825
725186	-3.626799e-06	2.901189e-06	3.596669e-06	19825
716930	-3.627237e-06	2.901285e-06	3.596149e-06	19825
708674	-3.627676e-06	2.901381e-06	3.595629e-06	19825
700418	-3.628114e-06	2.901477e-06	3.595109e-06	19825
692162	-3.628552e-06	2.901573e-06	3.594589e-06	19825
683906	-3.628990e-06	2.901670e-06	3.594069e-06	19825
675650	-3.629428e-06	2.901766e-06	3.593549e-06	19825
667394	-3.629866e-06	2.901862e-06	3.593029e-06	19825
659138	-3.630304e-06	2.901959e-06	3.592508e-06	19825
650882	-3.630742e-06	2.902055e-06	3.591988e-06	19825
642626	-3.631180e-06	2.902151e-06	3.591468e-06	19825
634370	-3.631618e-06	2.902248e-06	3.590947e-06	19825
626114	-3.632055e-06	2.902344e-06	3.590427e-06	19825
617858	-3.632493e-06	2.902441e-06	3.589906e-06	19825
609602	-3.632930e-06	2.902537e-06	3.589385e-06	19825
601346	-3.633367e-06	2.902633e-06	3.588865e-06	19825
593090	-3.633805e-06	2.902730e-06	3.588344e-06	19825
584834	-3.634242e-06	2.902826e-06	3.587823e-06	19825
576578	-3.634679e-06	2.902923e-06	3.587302e-06	19825
568322	-3.635116e-06	2.903019e-06	3.586781e-06	19825
560066	-3.635553e-06	2.903116e-06	3.586260e-06	19825
551810	-3.635990e-06	2.903212e-06	3.585739e-06	19825
543554	-3.636427e-06	2.903309e-06	3.585218e-06	19825
535298	-3.636864e-06	2.903405e-06	3.584697e-06	19825
527042	-3.637300e-06	2.903502e-06	3.584176e-06	19825
518786	-3.637737e-06	2.903598e-06	3.583654e-06	19825
510530	-3.638173e-06	2.903695e-06	3.583133e-06	19825
502274	-3.638610e-06	2.903791e-06	3.582611e-06	19825
494018	-3.639046e-06	2.903888e-06	3.582090e-06	19825
485762	-3.639483e-06	2.903985e-06	3.581568e-06	19825
477506	-3.639919e-06	2.904081e-06	3.581046e-06	19825
469250	-3.640355e-06	2.904178e-06	3.580525e-06	19825
460994	-3.640791e-06	2.904274e-06	3.580003e-06	19825
452738	-3.641227e-06	2.904371e-06	3.579481e-06	19825
444482	-3.641663e-06	2.904467e-06	3.578959e-06	19825
436226	-3.642099e-06	2.904564e-06	3.578437e-06	19825
427970	-3.642534e-06	2.904661e-06	3.577915e-06	19825
419714	-3.642970e-06	2.904757e-06	3.577393e-06	19825
411458	-3.643406e-06	2.904854e-06	3.576871e-06	19825
403202	-3.643841e-06	2.904951e-06	3.576349e-06	19825
394946	-3.644277e-06	2.905047e-06	3.575827e-06	19825
386690	-3.644712e-06	2.905144e-06	3.575304e-06	19825
378434	-3.645147e-06	2.905241e-06	3.574782e-06	19825
370178	-3.645583e-06	2.905338e-06	3.574259e-06	19825
361922	-3.646018e-06	2.905434e-06	3.573737e-06	19825
353666	-3.646453e-06	2.905531e-06	3.573214e-06	19825
345410	-3.646888e-06	2.905628e-06	3.572692e-06	19825
337154	-3.647323e-06	2.905725e-06	3.572169e-06	19825
328898	-3.647757e-06	2.905822e-06	3.571646e-06	19825
320642	-3.648192e-06	2.905918e-06	3.571123e-06	19825
312386	-3.648627e-06	2.906015e-06	3.570600e-06	19825
304130	-3.649061e-06	2.906112e-06	3.570078e-06	19825
295874	-3.649496e-06	2.906209e-06	3.569555e-06	19825
287618	-3.649930e-06	2.906306e-06	3.569031e-06	19825
279362	-3.650365e-06	2.906403e-06	3.568508e-06	19825
271106	-3.650799e-06	2.906500e-06	3.567985e-06	19825
262850	-3.651233e-06	2.906596e-06	3.567462e-06	19825
254594	-3.651667e-06	2.906693e-06	3.566938e-06	19825
246338	-3.652101e-06	2.906790e-06	3.566415e-06	19825
238082	-3.652535e-06	2.906887e-06	3.565892e-06	19825
229826	-3.652969e-06	2.906984e-06	3.565368e-06	19825
221570	-3.653403e-06	2.907081e-06	3.564845e-06	19825
213314	-3.653837e-06	2.907178e-06	3.564321e-06	19825
205058	-3.654270e-06	2.907275e-06	3.563797e-06	19825
196802	-3.654704e-06	2.907372e-06	3.563273e-06	19825
188546	-3.655138e-06	2.907469e-06	3.562749e-06	19825
180290	-3.655571e-06	2.907566e-06	3.562226e-06	19825
172034	-3.656004e-06	2.907663e-06	3.561702e-06	19825
163778	-3.656437e-06	2.907760e-06	3.561178e-06	19825
155522	-3.656871e-06	2.907857e-06	3.560654e-06	19825
147266	-3.657304e-06	2.907954e-06	3.560129e-06	19825
139010	-3.657737e-06	2.908051e-06	3.559605e-06	19825
130754	-3.658170e-06	2.908148e-06	3.559081e-06	19825
122498	-3.658603e-06	2.908245e-06	3.558557e-06	19825
114242	-3.659035e-06	2.908342e-06	3.558032e-06	19825
105986	-3.659468e-06	2.908439e-06	3.557508e-06	19825
97730	-3.659901e-06	2.908537e-06	3.556983e-06	19825
89474	-3.660334e-06	2.908634e-06	3.556459e-06	19825
81218	-3.660766e-06	2.908731e-06	3.555934e-06	19825
72962	-3.661198e-06	2.908828e-06	3.555409e-06	19825
64706	-3.661631e-06	2.908925e-06	3.554885e-06	19825
56450	-3.662063e-06	2.909022e-06	3.554360e-06	19825
48194	-3.662495e-06	2.909120e-06	3.553835e-06	19825
39938	-3.662927e-06	2.909217e-06	3.553310e-06	19825
31682	-3.663359e-06	2.909314e-06	3.552785e-06	19825
23426	-3.663791e-06	2.909411e-06	3.552260e-06	19825
15170	-3.664223e-06	2.909509e-06	3.551735e-06	19825
6914	-3.664655e-06	2.909606e-06	3.551210e-06	19825
1154871	-3.871894e-06	2.944439e-06	3.770128e-06	21866
1146615	-3.872357e-06	2.944541e-06	3.769573e-06	21866
1138359	-3.872819e-06	2.944644e-06	3.769018e-06	21866
1130103	-3.873281e-06	2.944747e-06	3.768463e-06	21866
1121847	-3.873743e-06	2.944850e-06	3.767908e-06	21866
1113591	-3.874204e-06	2.944952e-06	3.767353e-06	21866
1105335	-3.874666e-06	2.945055e-06	3.766798e-06	21866
1097079	-3.875128e-06	2.945158e-06	3.766242e-06	21866
1088823	-3.875589e-06	2.945261e-06	3.765687e-06	21866
1080567	-3.876051e-06	2.945364e-06	3.765131e-06	21866
1072311	-3.876512e-06	2.945467e-06	3.764576e-06	21866
1064055	-3.876974e-06	2.945570e-06	3.764020e-06	21866
1055799	-3.877435e-06	2.945673e-06	3.763464e-06	21866
1047543	-3.877896e-06	2.945776e-06	3.762909e-06	21866
1039287	-3.878357e-06	2.945878e-06	3.762353e-06	21866
1031031	-3.878818e-06	2.945981e-06	3.761797e-06	21866
1022775	-3.879279e-06	2.946084e-06	3.761241e-06	21866
1014519	-3.879740e-06	2.946187e-06	3.760685e-06	21866
1006263	-3.880201e-06	2.946290e-06	3.760129e-06	21866
998007	-3.880662e-06	2.946393e-06	3.759573e-06	21866
989751	-3.881122e-06	2.946496e-06	3.759016e-06	21866
981495	-3.881582e-06	2.946599e-06	3.758460e-06	21866
973239	-3.882043e-06	2.946702e-06	3.757904e-06	21866
964983	-3.882503e-06	2.946805e-06	3.757347e-06	21866
956727	-3.882963e-06	2.946908e-06	3.756791e-06	21866
948471	-3.883424e-06	2.947011e-06	3.756234e-06	21866
940215	-3.883884e-06	2.947114e-06	3.755678e-06	21866
931959	-3.884344e-06	2.947218e-06	3.755121e-06	21866
923703	-3.884804e-06	2.947321e-06	3.754564e-06	21866
915447	-3.885264e-06	2.947424e-06	3.754007e-06	21866
907191	-3.885723e-06	2.947527e-06	3.753451e-06	21866
898935	-3.886183e-06	2.947630e-06	3.752893e-06	21866
890679	-3.886643e-06	2.947733e-06	3.752336e-06	21866
882423	-3.887102e-06	2.947836e-06	3.751779e-06	21866
874167	-3.887562e-06	2.947939e-06	3.751222e-06	21866
865911	-3.888021e-06	2.948042e-06	3.750665e-06	21866
857655	-3.888480e-06	2.948146e-06	3.750108e-06	21866
849399	-3.888940e-06	2.948249e-06	3.749550e-06	21866
841143	-3.889399e-06	2.948352e-06	3.748993e-06	21866
832887	-3.889858e-06	2.948455e-06	3.748436e-06	21866
824631	-3.890317e-06	2.948559e-06	3.747878e-06	21866
816375	-3.890776e-06	2.948662e-06	3.747320e-06	21866
808119	-3.891234e-06	2.948765e-06	3.746763e-06	21866
799863	-3.891693e-06	2.948869e-06	3.746205e-06	21866
791607	-3.892152e-06	2.948972e-06	3.745647e-06	21866
783351	-3.892610e-06	2.949075e-06	3.745089e-06	21866
775095	-3.893069e-06	2.949178e-06	3.744531e-06	21866
766839	-3.893527e-06	2.949282e-06	3.743973e-06	21866
758583	-3.893985e-06	2.949385e-06	3.743415e-06	21866
750327	-3.894444e-06	2.949488e-06	3.742857e-06	21866
742071	-3.894902e-06	2.949592e-06	3.742299e-06	21866
733815	-3.895360e-06	2.949695e-06	3.741741e-06	21866
725559	-3.895818e-06	2.949798e-06	3.741182e-06	21866
717303	-3.896276e-06	2.949902e-06	3.740624e-06	21866
709047	-3.896733e-06	2.950005e-06	3.740065e-06	21866
700791	-3.897191e-06	2.950109e-06	3.739507e-06	21866
692535	-3.897649e-06	2.950212e-06	3.738948e-06	21866
684279	-3.898106e-06	2.950316e-06	3.738390e-06	21866
676023	-3.898564e-06	2.950419e-06	3.737831e-06	21866
667767	-3.899021e-06	2.950523e-06	3.737272e-06	21866
659511	-3.899479e-06	2.950626e-06	3.736713e-06	21866
651255	-3.899936e-06	2.950730e-06	3.736154e-06	21866
642999	-3.900393e-06	2.950833e-06	3.735595e-06	21866
634743	-3.900850e-06	2.950937e-06	3.735036e-06	21866
626487	-3.901307e-06	2.951040e-06	3.734477e-06	21866
618231	-3.901764e-06	2.951144e-06	3.733918e-06	21866
609975	-3.902221e-06	2.951247e-06	3.733359e-06	21866
601719	-3.902677e-06	2.951351e-06	3.732799e-06	21866
593463	-3.903134e-06	2.951454e-06	3.732240e-06	21866
585207	-3.903590e-06	2.951558e-06	3.731680e-06	21866
576951	-3.904047e-06	2.951662e-06	3.731121e-06	21866
568695	-3.904503e-06	2.951765e-06	3.730562e-06	21866
560439	-3.904960e-06	2.951869e-06	3.730002e-06	21866
552183	-3.905416e-06	2.951972e-06	3.729442e-06	21866
543927	-3.905872e-06	2.952076e-06	3.728882e-06	21866
535671	-3.906328e-06	2.952180e-06	3.728322e-06	21866
527415	-3.906784e-06	2.952283e-06	3.727763e-06	21866
519159	-3.907240e-06	2.952387e-06	3.727203e-06	21866
510903	-3.907696e-06	2.952491e-06	3.726642e-06	21866
502647	-3.908151e-06	2.952595e-06	3.726082e-06	21866
494391	-3.908607e-06	2.952698e-06	3.725522e-06	21866
486135	-3.909062e-06	2.952802e-06	3.724962e-06	21866
477879	-3.909518e-06	2.952906e-06	3.724402e-06	21866
469623	-3.909973e-06	2.953010e-06	3.723841e-06	21866
461367	-3.910429e-06	2.953113e-06	3.723281e-06	21866
453111	-3.910884e-06	2.953217e-06	3.722721e-06	21866
444855	-3.911339e-06	2.953321e-06	3.722160e-06	21866
436599	-3.911794e-06	2.953425e-06	3.721599e-06	21866
428343	-3.912249e-06	2.953529e-06	3.721039e-06	21866
420087	-3.912704e-06	2.953632e-06	3.720478e-06	21866
411831	-3.913159e-06	2.953736e-06	3.719917e-06	21866
403575	-3.913613e-06	2.953840e-06	3.719356e-06	21866
395319	-3.914068e-06	2.953944e-06	3.718795e-06	21866
387063	-3.914522e-06	2.954048e-06	3.718234e-06	21866
378807	-3.914977e-06	2.954152e-06	3.717673e-06	21866
370551	-3.915432e-06	2.954256e-06	3.717112e-06	21866
362295	-3.915886e-06	2.954360e-06	3.716551e-06	21866
354039	-3.916340e-06	2.954464e-06	3.715989e-06	21866
345783	-3.916794e-06	2.954568e-06	3.715428e-06	21866
337527	-3.917248e-06	2.954672e-06	3.714867e-06	21866
329271	-3.917702e-06	2.954775e-06	3.714305e-06	21866
321015	-3.918156e-06	2.954879e-06	3.713744e-06	21866
312759	-3.918610e-06	2.954984e-06	3.713182e-06	21866
304503	-3.919064e-06	2.955087e-06	3.712620e-06	21866
296247	-3.919517e-06	2.955192e-06	3.712059e-06	21866
287991	-3.919971e-06	2.955295e-06	3.711497e-06	21866
279735	-3.920424e-06	2.955400e-06	3.710935e-06	21866
271479	-3.920878e-06	2.955504e-06	3.710373e-06	21866
263223	-3.921331e-06	2.955608e-06	3.709811e-06	21866
254967	-3.921784e-06	2.955712e-06	3.709249e-06	21866
246711	-3.922237e-06	2.955816e-06	3.708687e-06	21866
238455	-3.922691e-06	2.955920e-06	3.708125e-06	21866
230199	-3.923144e-06	2.956024e-06	3.707562e-06	21866
221943	-3.923597e-06	2.956128e-06	3.707000e-06	21866
213687	-3.924049e-06	2.956232e-06	3.706438e-06	21866
205431	-3.924502e-06	2.956337e-06	3.705875e-06	21866
197175	-3.924954e-06	2.956441e-06	3.705313e-06	21866
188919	-3.925407e-06	2.956545e-06	3.704750e-06	21866
180663	-3.925860e-06	2.956649e-06	3.704188e-06	21866
172407	-3.926312e-06	2.956753e-06	3.703625e-06	21866
164151	-3.926764e-06	2.956858e-06	3.703062e-06	21866
155895	-3.927216e-06	2.956962e-06	3.702499e-06	21866
147639	-3.927669e-06	2.957066e-06	3.701936e-06	21866
139383	-3.928121e-06	2.957170e-06	3.701373e-06	21866
131127	-3.928573e-06	2.957275e-06	3.700810e-06	21866
122871	-3.929024e-06	2.957379e-06	3.700247e-06	21866
114615	-3.929476e-06	2.957483e-06	3.699684e-06	21866
106359	-3.929928e-06	2.957587e-06	3.699121e-06	21866
98103	-3.930380e-06	2.957692e-06	3.698558e-06	21866
89847	-3.930831e-06	2.957796e-06	3.697994e-06	21866
81591	-3.931283e-06	2.957900e-06	3.697431e-06	21866
73335	-3.931734e-06	2.958005e-06	3.696867e-06	21866
65079	-3.932185e-06	2.958109e-06	3.696304e-06	21866
56823	-3.932636e-06	2.958213e-06	3.695740e-06	21866
48567	-3.933088e-06	2.958318e-06	3.695176e-06	21866
40311	-3.933539e-06	2.958422e-06	3.694613e-06	21866
32055	-3.933990e-06	2.958526e-06	3.694049e-06	21866
23799	-3.934441e-06	2.958631e-06	3.693485e-06	21866
15543	-3.934892e-06	2.958735e-06	3.692921e-06	21866
7287	-3.935342e-06	2.958840e-06	3.692357e-06	21866
1154782	-3.795563e-06	2.998265e-06	3.785440e-06	21354
1146526	-3.796026e-06	2.998366e-06	3.784897e-06	21354
1138270	-3.796489e-06	2.998467e-06	3.784352e-06	21354
1130014	-3.796952e-06	2.998568e-06	3.783808e-06	21354
1121758	-3.797415e-06	2.998669e-06	3.783264e-06	21354
1113502	-3.797877e-06	2.998769e-06	3.782720e-06	21354
1105246	-3.798340e-06	2.998870e-06	3.782175e-06	21354
1096990	-3.798802e-06	2.998971e-06	3.781631e-06	21354
1088734	-3.799265e-06	2.999072e-06	3.781086e-06	21354
1080478	-3.799727e-06	2.999172e-06	3.780542e-06	21354
1072222	-3.800189e-06	2.999273e-06	3.779997e-06	21354
1063966	-3.800651e-06	2.999374e-06	3.779453e-06	21354
1055710	-3.801113e-06	2.999475e-06	3.778908e-06	21354
1047454	-3.801575e-06	2.999576e-06	3.778363e-06	21354
1039198	-3.802037e-06	2.999677e-06	3.777818e-06	21354
1030942	-3.802499e-06	2.999778e-06	3.777273e-06	21354
1022686	-3.802960e-06	2.999879e-06	3.776728e-06	21354
1014430	-3.803422e-06	2.999980e-06	3.776183e-06	21354
1006174	-3.803884e-06	3.000081e-06	3.775638e-06	21354
997918	-3.804345e-06	3.000182e-06	3.775093e-06	21354
989662	-3.804807e-06	3.000283e-06	3.774547e-06	21354
981406	-3.805268e-06	3.000383e-06	3.774002e-06	21354
973150	-3.805729e-06	3.000484e-06	3.773457e-06	21354
964894	-3.806190e-06	3.000585e-06	3.772911e-06	21354
956638	-3.806651e-06	3.000686e-06	3.772366e-06	21354
948382	-3.807113e-06	3.000788e-06	3.771820e-06	21354
940126	-3.807573e-06	3.000888e-06	3.771274e-06	21354
931870	-3.808034e-06	3.000990e-06	3.770729e-06	21354
923614	-3.808495e-06	3.001091e-06	3.770183e-06	21354
915358	-3.808956e-06	3.001192e-06	3.769637e-06	21354
907102	-3.809416e-06	3.001293e-06	3.769091e-06	21354
898846	-3.809877e-06	3.001394e-06	3.768545e-06	21354
890590	-3.810337e-06	3.001495e-06	3.767999e-06	21354
882334	-3.810798e-06	3.001596e-06	3.767453e-06	21354
874078	-3.811258e-06	3.001697e-06	3.766907e-06	21354
865822	-3.811718e-06	3.001798e-06	3.766360e-06	21354
857566	-3.812178e-06	3.001900e-06	3.765814e-06	21354
849310	-3.812638e-06	3.002001e-06	3.765268e-06	21354
841054	-3.813098e-06	3.002102e-06	3.764721e-06	21354
832798	-3.813558e-06	3.002203e-06	3.764175e-06	21354
824542	-3.814018e-06	3.002304e-06	3.763628e-06	21354
816286	-3.814477e-06	3.002405e-06	3.763081e-06	21354
808030	-3.814937e-06	3.002507e-06	3.762535e-06	21354
799774	-3.815397e-06	3.002608e-06	3.761988e-06	21354
791518	-3.815856e-06	3.002709e-06	3.761441e-06	21354
783262	-3.816315e-06	3.002810e-06	3.760894e-06	21354
775006	-3.816775e-06	3.002912e-06	3.760347e-06	21354
766750	-3.817234e-06	3.003013e-06	3.759800e-06	21354
758494	-3.817693e-06	3.003114e-06	3.759253e-06	21354
750238	-3.818152e-06	3.003216e-06	3.758706e-06	21354
741982	-3.818611e-06	3.003317e-06	3.758158e-06	21354
733726	-3.819070e-06	3.003418e-06	3.757611e-06	21354
725470	-3.819529e-06	3.003520e-06	3.757063e-06	21354
717214	-3.819987e-06	3.003621e-06	3.756516e-06	21354
708958	-3.820446e-06	3.003722e-06	3.755968e-06	21354
700702	-3.820905e-06	3.003824e-06	3.755421e-06	21354
692446	-3.821363e-06	3.003925e-06	3.754873e-06	21354
684190	-3.821821e-06	3.004027e-06	3.754326e-06	21354
675934	-3.822280e-06	3.004128e-06	3.753778e-06	21354
667678	-3.822738e-06	3.004229e-06	3.753230e-06	21354
659422	-3.823196e-06	3.004331e-06	3.752682e-06	21354
651166	-3.823654e-06	3.004433e-06	3.752134e-06	21354
642910	-3.824112e-06	3.004534e-06	3.751586e-06	21354
634654	-3.824570e-06	3.004635e-06	3.751038e-06	21354
626398	-3.825028e-06	3.004737e-06	3.750490e-06	21354
618142	-3.825486e-06	3.004838e-06	3.749941e-06	21354
609886	-3.825944e-06	3.004940e-06	3.749393e-06	21354
601630	-3.826401e-06	3.005041e-06	3.748845e-06	21354
593374	-3.826859e-06	3.005143e-06	3.748296e-06	21354
585118	-3.827316e-06	3.005245e-06	3.747748e-06	21354
576862	-3.827774e-06	3.005346e-06	3.747199e-06	21354
568606	-3.828231e-06	3.005448e-06	3.746651e-06	21354
560350	-3.828688e-06	3.005549e-06	3.746102e-06	21354
552094	-3.829145e-06	3.005651e-06	3.745553e-06	21354
543838	-3.829602e-06	3.005753e-06	3.745004e-06	21354
535582	-3.830059e-06	3.005854e-06	3.744455e-06	21354
527326	-3.830516e-06	3.005956e-06	3.743907e-06	21354
519070	-3.830972e-06	3.006058e-06	3.743357e-06	21354
510814	-3.831429e-06	3.006159e-06	3.742808e-06	21354
502558	-3.831886e-06	3.006261e-06	3.742259e-06	21354
494302	-3.832342e-06	3.006363e-06	3.741710e-06	21354
486046	-3.832799e-06	3.006464e-06	3.741161e-06	21354
477790	-3.833255e-06	3.006566e-06	3.740611e-06	21354
469534	-3.833711e-06	3.006668e-06	3.740062e-06	21354
461278	-3.834168e-06	3.006769e-06	3.739512e-06	21354
453022	-3.834624e-06	3.006871e-06	3.738963e-06	21354
444766	-3.835080e-06	3.006973e-06	3.738413e-06	21354
436510	-3.835536e-06	3.007075e-06	3.737863e-06	21354
428254	-3.835992e-06	3.007177e-06	3.737314e-06	21354
419998	-3.836447e-06	3.007279e-06	3.736764e-06	21354
411742	-3.836903e-06	3.007380e-06	3.736214e-06	21354
403486	-3.837359e-06	3.007482e-06	3.735664e-06	21354
395230	-3.837814e-06	3.007584e-06	3.735114e-06	21354
386974	-3.838270e-06	3.007686e-06	3.734564e-06	21354
378718	-3.838725e-06	3.007788e-06	3.734014e-06	21354
370462	-3.839180e-06	3.007890e-06	3.733464e-06	21354
362206	-3.839636e-06	3.007991e-06	3.732913e-06	21354
353950	-3.840091e-06	3.008093e-06	3.732363e-06	21354
345694	-3.840546e-06	3.008195e-06	3.731813e-06	21354
337438	-3.841001e-06	3.008297e-06	3.731262e-06	21354
329182	-3.841456e-06	3.008399e-06	3.730712e-06	21354
320926	-3.841911e-06	3.008501e-06	3.730161e-06	21354
312670	-3.842365e-06	3.008603e-06	3.729610e-06	21354
304414	-3.842820e-06	3.008705e-06	3.729059e-06	21354
296158	-3.843274e-06	3.008807e-06	3.728509e-06	21354
287902	-3.843729e-06	3.008909e-06	3.727958e-06	21354
279646	-3.844184e-06	3.009011e-06	3.727407e-06	21354
271390	-3.844638e-06	3.009113e-06	3.726856e-06	21354
263134	-3.845092e-06	3.009215e-06	3.726305e-06	21354
254878	-3.845546e-06	3.009317e-06	3.725754e-06	21354
246622	-3.846000e-06	3.009419e-06	3.725203e-06	21354
238366	-3.846454e-06	3.009521e-06	3.724651e-06	21354
230110	-3.846908e-06	3.009623e-06	3.724100e-06	21354
221854	-3.847362e-06	3.009726e-06	3.723549e-06	21354
213598	-3.847816e-06	3.009828e-06	3.722997e-06	21354
205342	-3.848269e-06	3.009930e-06	3.722446e-06	21354
197086	-3.848723e-06	3.010032e-06	3.721894e-06	21354
188830	-3.849177e-06	3.010134e-06	3.721342e-06	21354
180574	-3.849630e-06	3.010236e-06	3.720791e-06	21354
172318	-3.850083e-06	3.010338e-06	3.720239e-06	21354
164062	-3.850536e-06	3.010440e-06	3.719687e-06	21354
155806	-3.850990e-06	3.010543e-06	3.719135e-06	21354
147550	-3.851443e-06	3.010645e-06	3.718583e-06	21354
139294	-3.851896e-06	3.010747e-06	3.718031e-06	21354
131038	-3.852349e-06	3.010849e-06	3.717479e-06	21354
122782	-3.852801e-06	3.010952e-06	3.716927e-06	21354
114526	-3.853254e-06	3.011054e-06	3.716375e-06	21354
106270	-3.853707e-06	3.011156e-06	3.715822e-06	21354
98014	-3.854160e-06	3.011259e-06	3.715270e-06	21354
89758	-3.854612e-06	3.011361e-06	3.714718e-06	21354
81502	-3.855065e-06	3.011463e-06	3.714165e-06	21354
73246	-3.855517e-06	3.011565e-06	3.713613e-06	21354
64990	-3.855969e-06	3.011668e-06	3.713060e-06	21354
56734	-3.856422e-06	3.011770e-06	3.712507e-06	21354
48478	-3.856874e-06	3.011872e-06	3.711955e-06	21354
40222	-3.857326e-06	3.011975e-06	3.711402e-06	21354
31966	-3.857778e-06	3.012077e-06	3.710849e-06	21354
23710	-3.858229e-06	3.012180e-06	3.710296e-06	21354
15454	-3.858681e-06	3.012282e-06	3.709743e-06	21354
7198	-3.859133e-06	3.012384e-06	3.709190e-06	21354
750570	-2.511955e-06	3.041000e-06	3.330570e-06	23402
742314	-2.512352e-06	3.041067e-06	3.330210e-06	23402
734058	-2.512748e-06	3.041133e-06	3.329850e-06	23402
725802	-2.513145e-06	3.041200e-06	3.329490e-06	23402
717546	-2.513541e-06	3.041267e-06	3.329130e-06	23402
709290	-2.513937e-06	3.041333e-06	3.328770e-06	23402
701034	-2.514334e-06	3.041400e-06	3.328410e-06	23402
692778	-2.514730e-06	3.041467e-06	3.328049e-06	23402
684522	-2.515126e-06	3.041533e-06	3.327689e-06	23402
676266	-2.515522e-06	3.041600e-06	3.327329e-06	23402
668010	-2.515918e-06	3.041667e-06	3.326968e-06	23402
659754	-2.516314e-06	3.041733e-06	3.326608e-06	23402
651498	-2.516711e-06	3.041800e-06	3.326247e-06	23402
643242	-2.517106e-06	3.041867e-06	3.325886e-06	23402
634986	-2.517502e-06	3.041933e-06	3.325526e-06	23402
626730	-2.517898e-06	3.042000e-06	3.325165e-06	23402
618474	-2.518294e-06	3.042067e-06	3.324804e-06	23402
610218	-2.518690e-06	3.042134e-06	3.324443e-06	23402
601962	-2.519085e-06	3.042200e-06	3.324082e-06	23402
593706	-2.519481e-06	3.042267e-06	3.323721e-06	23402
585450	-2.519876e-06	3.042334e-06	3.323360e-06	23402
577194	-2.520272e-06	3.042401e-06	3.322999e-06	23402
568938	-2.520668e-06	3.042468e-06	3.322638e-06	23402
560682	-2.521063e-06	3.042534e-06	3.322277e-06	23402
552426	-2.521458e-06	3.042601e-06	3.321916e-06	23402
544170	-2.521854e-06	3.042668e-06	3.321554e-06	23402
535914	-2.522249e-06	3.042735e-06	3.321193e-06	23402
527658	-2.522644e-06	3.042802e-06	3.320831e-06	23402
519402	-2.523039e-06	3.042869e-06	3.320470e-06	23402
511146	-2.523434e-06	3.042936e-06	3.320108e-06	23402
502890	-2.523829e-06	3.043003e-06	3.319747e-06	23402
494634	-2.524224e-06	3.043069e-06	3.319385e-06	23402
486378	-2.524619e-06	3.043136e-06	3.319023e-06	23402
478122	-2.525014e-06	3.043203e-06	3.318662e-06	23402
469866	-2.525409e-06	3.043270e-06	3.318300e-06	23402
461610	-2.525804e-06	3.043337e-06	3.317938e-06	23402
453354	-2.526198e-06	3.043404e-06	3.317576e-06	23402
445098	-2.526593e-06	3.043471e-06	3.317214e-06	23402
436842	-2.526988e-06	3.043538e-06	3.316852e-06	23402
428586	-2.527382e-06	3.043605e-06	3.316490e-06	23402
420330	-2.527777e-06	3.043672e-06	3.316128e-06	23402
412074	-2.528171e-06	3.043739e-06	3.315766e-06	23402
403818	-2.528566e-06	3.043806e-06	3.315403e-06	23402
395562	-2.528960e-06	3.043873e-06	3.315041e-06	23402
387306	-2.529354e-06	3.043940e-06	3.314678e-06	23402
379050	-2.529748e-06	3.044007e-06	3.314316e-06	23402
370794	-2.530143e-06	3.044074e-06	3.313954e-06	23402
362538	-2.530537e-06	3.044142e-06	3.313591e-06	23402
354282	-2.530931e-06	3.044209e-06	3.313228e-06	23402
346026	-2.531325e-06	3.044276e-06	3.312866e-06	23402
337770	-2.531719e-06	3.044343e-06	3.312503e-06	23402
329514	-2.532113e-06	3.044410e-06	3.312140e-06	23402
321258	-2.532506e-06	3.044477e-06	3.311777e-06	23402
313002	-2.532900e-06	3.044544e-06	3.311414e-06	23402
304746	-2.533294e-06	3.044611e-06	3.311051e-06	23402
296490	-2.533688e-06	3.044678e-06	3.310688e-06	23402
288234	-2.534081e-06	3.044746e-06	3.310325e-06	23402
279978	-2.534475e-06	3.044813e-06	3.309962e-06	23402
271722	-2.534868e-06	3.044880e-06	3.309599e-06	23402
263466	-2.535262e-06	3.044947e-06	3.309236e-06	23402
255210	-2.535655e-06	3.045014e-06	3.308872e-06	23402
246954	-2.536049e-06	3.045082e-06	3.308509e-06	23402
238698	-2.536442e-06	3.045149e-06	3.308146e-06	23402
1153049	-2.997850e-06	3.045173e-06	3.521670e-06	13937
230442	-2.536835e-06	3.045216e-06	3.307782e-06	23402
1144793	-2.998274e-06	3.045253e-06	3.521241e-06	13937
222186	-2.537229e-06	3.045283e-06	3.307419e-06	23402
1136537	-2.998698e-06	3.045332e-06	3.520811e-06	13937
213930	-2.537622e-06	3.045351e-06	3.307055e-06	23402
1128281	-2.999122e-06	3.045412e-06	3.520381e-06	13937
205674	-2.538015e-06	3.045418e-06	3.306691e-06	23402
197418	-2.538408e-06	3.045485e-06	3.306328e-06	23402
1120025	-2.999545e-06	3.045491e-06	3.519951e-06	13937
189162	-2.538801e-06	3.045553e-06	3.305964e-06	23402
1111769	-2.999969e-06	3.045571e-06	3.519521e-06	13937
180906	-2.539194e-06	3.045620e-06	3.305600e-06	23402
1103513	-3.000392e-06	3.045650e-06	3.519091e-06	13937
172650	-2.539587e-06	3.045687e-06	3.305236e-06	23402
1095257	-3.000816e-06	3.045730e-06	3.518662e-06	13937
164394	-2.539980e-06	3.045755e-06	3.304873e-06	23402
1087001	-3.001239e-06	3.045810e-06	3.518231e-06	13937
156138	-2.540372e-06	3.045822e-06	3.304508e-06	23402
1078745	-3.001663e-06	3.045889e-06	3.517801e-06	13937
147882	-2.540765e-06	3.045889e-06	3.304144e-06	23402
139626	-2.541158e-06	3.045956e-06	3.303780e-06	23402
1070489	-3.002086e-06	3.045969e-06	3.517371e-06	13937
131370	-2.541550e-06	3.046024e-06	3.303416e-06	23402
1062233	-3.002509e-06	3.046048e-06	3.516941e-06	13937
123114	-2.541943e-06	3.046091e-06	3.303052e-06	23402
1053977	-3.002932e-06	3.046128e-06	3.516511e-06	13937
114858	-2.542335e-06	3.046159e-06	3.302688e-06	23402
1045721	-3.003355e-06	3.046208e-06	3.516080e-06	13937
106602	-2.542728e-06	3.046226e-06	3.302323e-06	23402
1037465	-3.003779e-06	3.046287e-06	3.515650e-06	13937
98346	-2.543120e-06	3.046293e-06	3.301959e-06	23402
90090	-2.543512e-06	3.046361e-06	3.301595e-06	23402
1029209	-3.004202e-06	3.046367e-06	3.515219e-06	13937
81834	-2.543905e-06	3.046428e-06	3.301230e-06	23402
1020953	-3.004624e-06	3.046447e-06	3.514789e-06	13937
73578	-2.544297e-06	3.046496e-06	3.300866e-06	23402
1012697	-3.005047e-06	3.046526e-06	3.514358e-06	13937
65322	-2.544689e-06	3.046563e-06	3.300501e-06	23402
1004441	-3.005470e-06	3.046606e-06	3.513928e-06	13937
57066	-2.545081e-06	3.046631e-06	3.300137e-06	23402
996185	-3.005893e-06	3.046686e-06	3.513497e-06	13937
48810	-2.545473e-06	3.046698e-06	3.299772e-06	23402
987929	-3.006315e-06	3.046765e-06	3.513066e-06	13937
40554	-2.545865e-06	3.046766e-06	3.299407e-06	23402
32298	-2.546257e-06	3.046833e-06	3.299042e-06	23402
979673	-3.006738e-06	3.046845e-06	3.512635e-06	13937
24042	-2.546649e-06	3.046901e-06	3.298677e-06	23402
971417	-3.007161e-06	3.046925e-06	3.512204e-06	13937
15786	-2.547041e-06	3.046968e-06	3.298312e-06	23402
963161	-3.007583e-06	3.047005e-06	3.511773e-06	13937
7530	-2.547433e-06	3.047036e-06	3.297947e-06	23402
954905	-3.008005e-06	3.047084e-06	3.511342e-06	13937
946649	-3.008428e-06	3.047164e-06	3.510911e-06	13937
938393	-3.008850e-06	3.047244e-06	3.510480e-06	13937
930137	-3.009272e-06	3.047324e-06	3.510049e-06	13937
921881	-3.009694e-06	3.047404e-06	3.509617e-06	13937
913625	-3.010116e-06	3.047483e-06	3.509186e-06	13937
905369	-3.010538e-06	3.047563e-06	3.508755e-06	13937
897113	-3.010960e-06	3.047643e-06	3.508324e-06	13937
888857	-3.011382e-06	3.047723e-06	3.507892e-06	13937
880601	-3.011804e-06	3.047803e-06	3.507460e-06	13937
872345	-3.012226e-06	3.047883e-06	3.507029e-06	13937
864089	-3.012648e-06	3.047963e-06	3.506597e-06	13937
855833	-3.013069e-06	3.048043e-06	3.506165e-06	13937
847577	-3.013491e-06	3.048123e-06	3.505734e-06	13937
839321	-3.013912e-06	3.048202e-06	3.505301e-06	13937
831065	-3.014334e-06	3.048282e-06	3.504870e-06	13937
822809	-3.014755e-06	3.048362e-06	3.504438e-06	13937
814553	-3.015177e-06	3.048442e-06	3.504006e-06	13937
806297	-3.015598e-06	3.048522e-06	3.503573e-06	13937
798041	-3.016019e-06	3.048602e-06	3.503141e-06	13937
789785	-3.016440e-06	3.048682e-06	3.502709e-06	13937
781529	-3.016861e-06	3.048762e-06	3.502277e-06	13937
773273	-3.017282e-06	3.048842e-06	3.501845e-06	13937
765017	-3.017703e-06	3.048922e-06	3.501412e-06	13937
756761	-3.018124e-06	3.049002e-06	3.500980e-06	13937
748505	-3.018545e-06	3.049082e-06	3.500547e-06	13937
740249	-3.018966e-06	3.049163e-06	3.500114e-06	13937
731993	-3.019386e-06	3.049243e-06	3.499682e-06	13937
723737	-3.019807e-06	3.049323e-06	3.499249e-06	13937
715481	-3.020227e-06	3.049403e-06	3.498816e-06	13937
707225	-3.020648e-06	3.049483e-06	3.498383e-06	13937
698969	-3.021068e-06	3.049563e-06	3.497951e-06	13937
690713	-3.021489e-06	3.049643e-06	3.497518e-06	13937
682457	-3.021909e-06	3.049723e-06	3.497084e-06	13937
674201	-3.022329e-06	3.049803e-06	3.496652e-06	13937
665945	-3.022749e-06	3.049884e-06	3.496218e-06	13937
657689	-3.023169e-06	3.049964e-06	3.495785e-06	13937
649433	-3.023589e-06	3.050044e-06	3.495352e-06	13937
641177	-3.024009e-06	3.050124e-06	3.494918e-06	13937
632921	-3.024429e-06	3.050204e-06	3.494485e-06	13937
624665	-3.024849e-06	3.050285e-06	3.494052e-06	13937
616409	-3.025269e-06	3.050365e-06	3.493618e-06	13937
608153	-3.025689e-06	3.050445e-06	3.493185e-06	13937
599897	-3.026108e-06	3.050525e-06	3.492751e-06	13937
591641	-3.026528e-06	3.050606e-06	3.492317e-06	13937
583385	-3.026947e-06	3.050686e-06	3.491883e-06	13937
575129	-3.027367e-06	3.050766e-06	3.491450e-06	13937
566873	-3.027786e-06	3.050847e-06	3.491016e-06	13937
558617	-3.028205e-06	3.050927e-06	3.490582e-06	13937
550361	-3.028625e-06	3.051007e-06	3.490148e-06	13937
542105	-3.029044e-06	3.051087e-06	3.489714e-06	13937
533849	-3.029463e-06	3.051168e-06	3.489280e-06	13937
525593	-3.029882e-06	3.051248e-06	3.488846e-06	13937
517337	-3.030301e-06	3.051329e-06	3.488411e-06	13937
509081	-3.030720e-06	3.051409e-06	3.487977e-06	13937
500825	-3.031139e-06	3.051489e-06	3.487543e-06	13937
492569	-3.031558e-06	3.051570e-06	3.487108e-06	13937
484313	-3.031977e-06	3.051650e-06	3.486674e-06	13937
476057	-3.032395e-06	3.051731e-06	3.486239e-06	13937
467801	-3.032814e-06	3.051811e-06	3.485805e-06	13937
459545	-3.033232e-06	3.051891e-06	3.485370e-06	13937
451289	-3.033651e-06	3.051972e-06	3.484936e-06	13937
443033	-3.034069e-06	3.052052e-06	3.484501e-06	13937
434777	-3.034488e-06	3.052133e-06	3.484066e-06	13937
426521	-3.034906e-06	3.052213e-06	3.483631e-06	13937
418265	-3.035324e-06	3.052294e-06	3.483196e-06	13937
410009	-3.035742e-06	3.052374e-06	3.482761e-06	13937
401753	-3.036160e-06	3.052455e-06	3.482326e-06	13937
393497	-3.036578e-06	3.052535e-06	3.481891e-06	13937
385241	-3.036996e-06	3.052616e-06	3.481456e-06	13937
376985	-3.037414e-06	3.052696e-06	3.481020e-06	13937
368729	-3.037832e-06	3.052777e-06	3.480585e-06	13937
360473	-3.038250e-06	3.052858e-06	3.480150e-06	13937
352217	-3.038668e-06	3.052938e-06	3.479714e-06	13937
343961	-3.039085e-06	3.053019e-06	3.479279e-06	13937
335705	-3.039503e-06	3.053099e-06	3.478843e-06	13937
327449	-3.039920e-06	3.053180e-06	3.478408e-06	13937
319193	-3.040338e-06	3.053261e-06	3.477972e-06	13937
310937	-3.040755e-06	3.053341e-06	3.477536e-06	13937
302681	-3.041172e-06	3.053422e-06	3.477101e-06	13937
294425	-3.041590e-06	3.053503e-06	3.476665e-06	13937
286169	-3.042007e-06	3.053583e-06	3.476229e-06	13937
277913	-3.042424e-06	3.053664e-06	3.475793e-06	13937
269657	-3.042841e-06	3.053745e-06	3.475357e-06	13937
261401	-3.043258e-06	3.053825e-06	3.474921e-06	13937
253145	-3.043675e-06	3.053906e-06	3.474485e-06	13937
244889	-3.044092e-06	3.053987e-06	3.474049e-06	13937
236633	-3.044509e-06	3.054068e-06	3.473612e-06	13937
228377	-3.044926e-06	3.054148e-06	3.473176e-06	13937
220121	-3.045342e-06	3.054229e-06	3.472740e-06	13937
211865	-3.045759e-06	3.054310e-06	3.472303e-06	13937
203609	-3.046175e-06	3.054391e-06	3.471867e-06	13937
195353	-3.046592e-06	3.054472e-06	3.471430e-06	13937
187097	-3.047008e-06	3.054552e-06	3.470994e-06	13937
178841	-3.047425e-06	3.054633e-06	3.470557e-06	13937
170585	-3.047841e-06	3.054714e-06	3.470120e-06	13937
162329	-3.048257e-06	3.054795e-06	3.469683e-06	13937
154073	-3.048673e-06	3.054876e-06	3.469246e-06	13937
145817	-3.049089e-06	3.054957e-06	3.468809e-06	13937
137561	-3.049505e-06	3.055037e-06	3.468372e-06	13937
129305	-3.049921e-06	3.055118e-06	3.467935e-06	13937
121049	-3.050337e-06	3.055199e-06	3.467498e-06	13937
112793	-3.050753e-06	3.055280e-06	3.467061e-06	13937
104537	-3.051169e-06	3.055361e-06	3.466624e-06	13937
96281	-3.051585e-06	3.055442e-06	3.466187e-06	13937
88025	-3.052000e-06	3.055523e-06	3.465749e-06	13937
79769	-3.052416e-06	3.055604e-06	3.465312e-06	13937
71513	-3.052832e-06	3.055685e-06	3.464874e-06	13937
63257	-3.053247e-06	3.055766e-06	3.464437e-06	13937
55001	-3.053662e-06	3.055847e-06	3.464000e-06	13937
46745	-3.054078e-06	3.055928e-06	3.463562e-06	13937
38489	-3.054493e-06	3.056009e-06	3.463124e-06	13937
30233	-3.054908e-06	3.056090e-06	3.462686e-06	13937
21977	-3.055323e-06	3.056171e-06	3.462249e-06	13937
13721	-3.055738e-06	3.056252e-06	3.461811e-06	13937
5465	-3.056153e-06	3.056333e-06	3.461373e-06	13937
1153123	-2.666891e-06	3.057363e-06	3.414900e-06	14193
1144867	-2.667299e-06	3.057434e-06	3.414518e-06	14193
1136611	-2.667707e-06	3.057504e-06	3.414136e-06	14193
1128355	-2.668115e-06	3.057575e-06	3.413753e-06	14193
1120099	-2.668523e-06	3.057646e-06	3.413371e-06	14193
1111843	-2.668931e-06	3.057716e-06	3.412988e-06	14193
1103587	-2.669339e-06	3.057787e-06	3.412606e-06	14193
1095331	-2.669747e-06	3.057858e-06	3.412223e-06	14193
1087075	-2.670155e-06	3.057929e-06	3.411841e-06	14193
1078819	-2.670563e-06	3.057999e-06	3.411458e-06	14193
1070563	-2.670970e-06	3.058070e-06	3.411076e-06	14193
1062307	-2.671378e-06	3.058141e-06	3.410693e-06	14193
1054051	-2.671786e-06	3.058212e-06	3.410310e-06	14193
1045795	-2.672193e-06	3.058283e-06	3.409927e-06	14193
1037539	-2.672601e-06	3.058354e-06	3.409544e-06	14193
1029283	-2.673008e-06	3.058424e-06	3.409161e-06	14193
1021027	-2.673416e-06	3.058495e-06	3.408778e-06	14193
1012771	-2.673823e-06	3.058566e-06	3.408395e-06	14193
1004515	-2.674230e-06	3.058637e-06	3.408012e-06	14193
996259	-2.674637e-06	3.058708e-06	3.407629e-06	14193
988003	-2.675045e-06	3.058779e-06	3.407245e-06	14193
979747	-2.675452e-06	3.058850e-06	3.406862e-06	14193
971491	-2.675859e-06	3.058921e-06	3.406479e-06	14193
963235	-2.676266e-06	3.058992e-06	3.406095e-06	14193
954979	-2.676673e-06	3.059063e-06	3.405712e-06	14193
946723	-2.677080e-06	3.059134e-06	3.405328e-06	14193
938467	-2.677486e-06	3.059205e-06	3.404944e-06	14193
930211	-2.677893e-06	3.059276e-06	3.404561e-06	14193
921955	-2.678300e-06	3.059347e-06	3.404177e-06	14193
913699	-2.678707e-06	3.059418e-06	3.403793e-06	14193
905443	-2.679113e-06	3.059489e-06	3.403409e-06	14193
897187	-2.679520e-06	3.059560e-06	3.403025e-06	14193
888931	-2.679926e-06	3.059631e-06	3.402641e-06	14193
880675	-2.680332e-06	3.059702e-06	3.402257e-06	14193
872419	-2.680739e-06	3.059773e-06	3.401873e-06	14193
864163	-2.681145e-06	3.059844e-06	3.401489e-06	14193
855907	-2.681551e-06	3.059915e-06	3.401105e-06	14193
847651	-2.681958e-06	3.059986e-06	3.400721e-06	14193
839395	-2.682364e-06	3.060057e-06	3.400336e-06	14193
831139	-2.682770e-06	3.060128e-06	3.399952e-06	14193
822883	-2.683176e-06	3.060200e-06	3.399568e-06	14193
814627	-2.683582e-06	3.060271e-06	3.399183e-06	14193
806371	-2.683988e-06	3.060342e-06	3.398798e-06	14193
798115	-2.684394e-06	3.060413e-06	3.398414e-06	14193
789859	-2.684799e-06	3.060484e-06	3.398029e-06	14193
781603	-2.685205e-06	3.060555e-06	3.397644e-06	14193
773347	-2.685611e-06	3.060627e-06	3.397259e-06	14193
765091	-2.686017e-06	3.060698e-06	3.396875e-06	14193
756835	-2.686422e-06	3.060769e-06	3.396490e-06	14193
748579	-2.686828e-06	3.060840e-06	3.396105e-06	14193
740323	-2.687233e-06	3.060911e-06	3.395720e-06	14193
732067	-2.687638e-06	3.060983e-06	3.395335e-06	14193
723811	-2.688044e-06	3.061054e-06	3.394950e-06	14193
715555	-2.688449e-06	3.061125e-06	3.394564e-06	14193
707299	-2.688854e-06	3.061197e-06	3.394179e-06	14193
699043	-2.689259e-06	3.061268e-06	3.393794e-06	14193
690787	-2.689665e-06	3.061339e-06	3.393408e-06	14193
682531	-2.690070e-06	3.061411e-06	3.393023e-06	14193
674275	-2.690475e-06	3.061482e-06	3.392637e-06	14193
666019	-2.690879e-06	3.061553e-06	3.392252e-06	14193
657763	-2.691284e-06	3.061625e-06	3.391866e-06	14193
649507	-2.691689e-06	3.061696e-06	3.391481e-06	14193
641251	-2.692094e-06	3.061767e-06	3.391095e-06	14193
632995	-2.692499e-06	3.061839e-06	3.390709e-06	14193
624739	-2.692903e-06	3.061910e-06	3.390323e-06	14193
616483	-2.693308e-06	3.061981e-06	3.389937e-06	14193
608227	-2.693713e-06	3.062053e-06	3.389551e-06	14193
599971	-2.694117e-06	3.062124e-06	3.389165e-06	14193
591715	-2.694522e-06	3.062196e-06	3.388779e-06	14193
583459	-2.694926e-06	3.062267e-06	3.388393e-06	14193
575203	-2.695330e-06	3.062339e-06	3.388007e-06	14193
566947	-2.695734e-06	3.062410e-06	3.387621e-06	14193
558691	-2.696139e-06	3.062482e-06	3.387235e-06	14193
550435	-2.696543e-06	3.062553e-06	3.386848e-06	14193
542179	-2.696947e-06	3.062625e-06	3.386462e-06	14193
533923	-2.697351e-06	3.062696e-06	3.386075e-06	14193
525667	-2.697755e-06	3.062768e-06	3.385689e-06	14193
517411	-2.698159e-06	3.062839e-06	3.385302e-06	14193
509155	-2.698562e-06	3.062911e-06	3.384915e-06	14193
500899	-2.698966e-06	3.062982e-06	3.384529e-06	14193
492643	-2.699370e-06	3.063054e-06	3.384142e-06	14193
484387	-2.699774e-06	3.063125e-06	3.383755e-06	14193
476131	-2.700177e-06	3.063197e-06	3.383368e-06	14193
467875	-2.700581e-06	3.063269e-06	3.382981e-06	14193
459619	-2.700984e-06	3.063340e-06	3.382594e-06	14193
451363	-2.701388e-06	3.063412e-06	3.382207e-06	14193
443107	-2.701791e-06	3.063484e-06	3.381820e-06	14193
434851	-2.702195e-06	3.063555e-06	3.381433e-06	14193
426595	-2.702598e-06	3.063627e-06	3.381046e-06	14193
418339	-2.703001e-06	3.063698e-06	3.380658e-06	14193
410083	-2.703404e-06	3.063770e-06	3.380271e-06	14193
401827	-2.703807e-06	3.063842e-06	3.379884e-06	14193
393571	-2.704210e-06	3.063913e-06	3.379496e-06	14193
385315	-2.704614e-06	3.063985e-06	3.379109e-06	14193
377059	-2.705016e-06	3.064057e-06	3.378721e-06	14193
368803	-2.705419e-06	3.064129e-06	3.378333e-06	14193
360547	-2.705822e-06	3.064200e-06	3.377946e-06	14193
352291	-2.706225e-06	3.064272e-06	3.377558e-06	14193
344035	-2.706628e-06	3.064344e-06	3.377170e-06	14193
335779	-2.707030e-06	3.064416e-06	3.376782e-06	14193
327523	-2.707433e-06	3.064487e-06	3.376394e-06	14193
319267	-2.707835e-06	3.064559e-06	3.376006e-06	14193
311011	-2.708238e-06	3.064631e-06	3.375618e-06	14193
302755	-2.708640e-06	3.064703e-06	3.375230e-06	14193
294499	-2.709043e-06	3.064775e-06	3.374842e-06	14193
286243	-2.709445e-06	3.064846e-06	3.374454e-06	14193
277987	-2.709847e-06	3.064918e-06	3.374065e-06	14193
269731	-2.710249e-06	3.064990e-06	3.373677e-06	14193
261475	-2.710651e-06	3.065062e-06	3.373289e-06	14193
253219	-2.711053e-06	3.065134e-06	3.372900e-06	14193
244963	-2.711455e-06	3.065206e-06	3.372512e-06	14193
236707	-2.711857e-06	3.065278e-06	3.372123e-06	14193
228451	-2.712259e-06	3.065350e-06	3.371735e-06	14193
220195	-2.712661e-06	3.065422e-06	3.371346e-06	14193
211939	-2.713063e-06	3.065494e-06	3.370957e-06	14193
203683	-2.713465e-06	3.065565e-06	3.370568e-06	14193
195427	-2.713866e-06	3.065637e-06	3.370180e-06	14193
187171	-2.714268e-06	3.065709e-06	3.369791e-06	14193
178915	-2.714669e-06	3.065781e-06	3.369402e-06	14193
170659	-2.715071e-06	3.065853e-06	3.369013e-06	14193
162403	-2.715472e-06	3.065925e-06	3.368624e-06	14193
154147	-2.715874e-06	3.065997e-06	3.368235e-06	14193
145891	-2.716275e-06	3.066069e-06	3.367845e-06	14193
137635	-2.716676e-06	3.066141e-06	3.367456e-06	14193
129379	-2.717077e-06	3.066213e-06	3.367067e-06	14193
121123	-2.717479e-06	3.066285e-06	3.366677e-06	14193
112867	-2.717880e-06	3.066358e-06	3.366288e-06	14193
104611	-2.718281e-06	3.066430e-06	3.365898e-06	14193
96355	-2.718682e-06	3.066502e-06	3.365509e-06	14193
88099	-2.719083e-06	3.066574e-06	3.365119e-06	14193
79843	-2.719484e-06	3.066646e-06	3.364730e-06	14193
71587	-2.719884e-06	3.066718e-06	3.364340e-06	14193
63331	-2.720285e-06	3.066790e-06	3.363950e-06	14193
55075	-2.720686e-06	3.066862e-06	3.363560e-06	14193
46819	-2.721086e-06	3.066934e-06	3.363171e-06	14193
38563	-2.721487e-06	3.067006e-06	3.362781e-06	14193
30307	-2.721888e-06	3.067079e-06	3.362391e-06	14193
22051	-2.722288e-06	3.067151e-06	3.362001e-06	14193
13795	-2.722688e-06	3.067223e-06	3.361610e-06	14193
5539	-2.723089e-06	3.067295e-06	3.361220e-06	14193
1154549	-3.672155e-06	3.077326e-06	3.790947e-06	20081
1146293	-3.672616e-06	3.077424e-06	3.790421e-06	20081
1138037	-3.673078e-06	3.077521e-06	3.789895e-06	20081
1129781	-3.673539e-06	3.077619e-06	3.789368e-06	20081
1121525	-3.674001e-06	3.077716e-06	3.788842e-06	20081
1113269	-3.674462e-06	3.077814e-06	3.788315e-06	20081
1105013	-3.674923e-06	3.077911e-06	3.787789e-06	20081
1096757	-3.675384e-06	3.078009e-06	3.787262e-06	20081
1088501	-3.675845e-06	3.078106e-06	3.786735e-06	20081
1080245	-3.676306e-06	3.078204e-06	3.786208e-06	20081
1071989	-3.676767e-06	3.078301e-06	3.785681e-06	20081
1063733	-3.677228e-06	3.078399e-06	3.785154e-06	20081
1055477	-3.677689e-06	3.078497e-06	3.784627e-06	20081
1047221	-3.678150e-06	3.078594e-06	3.784100e-06	20081
1038965	-3.678610e-06	3.078692e-06	3.783573e-06	20081
1030709	-3.679071e-06	3.078789e-06	3.783046e-06	20081
1022453	-3.679531e-06	3.078887e-06	3.782518e-06	20081
1014197	-3.679992e-06	3.078984e-06	3.781991e-06	20081
1005941	-3.680452e-06	3.079082e-06	3.781464e-06	20081
997685	-3.680912e-06	3.079180e-06	3.780936e-06	20081
989429	-3.681372e-06	3.079278e-06	3.780408e-06	20081
981173	-3.681832e-06	3.079375e-06	3.779881e-06	20081
972917	-3.682292e-06	3.079473e-06	3.779353e-06	20081
964661	-3.682752e-06	3.079571e-06	3.778825e-06	20081
956405	-3.683212e-06	3.079668e-06	3.778297e-06	20081
948149	-3.683672e-06	3.079766e-06	3.777770e-06	20081
939893	-3.684131e-06	3.079864e-06	3.777242e-06	20081
931637	-3.684591e-06	3.079962e-06	3.776714e-06	20081
923381	-3.685050e-06	3.080060e-06	3.776186e-06	20081
915125	-3.685510e-06	3.080157e-06	3.775657e-06	20081
906869	-3.685969e-06	3.080255e-06	3.775129e-06	20081
898613	-3.686428e-06	3.080353e-06	3.774601e-06	20081
890357	-3.686888e-06	3.080451e-06	3.774072e-06	20081
882101	-3.687347e-06	3.080548e-06	3.773544e-06	20081
873845	-3.687806e-06	3.080646e-06	3.773016e-06	20081
865589	-3.688265e-06	3.080744e-06	3.772487e-06	20081
857333	-3.688724e-06	3.080842e-06	3.771958e-06	20081
849077	-3.689182e-06	3.080940e-06	3.771430e-06	20081
840821	-3.689641e-06	3.081038e-06	3.770901e-06	20081
832565	-3.690100e-06	3.081136e-06	3.770372e-06	20081
824309	-3.690559e-06	3.081234e-06	3.769843e-06	20081
816053	-3.691017e-06	3.081332e-06	3.769314e-06	20081
807797	-3.691475e-06	3.081429e-06	3.768785e-06	20081
799541	-3.691934e-06	3.081527e-06	3.768256e-06	20081
791285	-3.692392e-06	3.081625e-06	3.767727e-06	20081
783029	-3.692850e-06	3.081723e-06	3.767198e-06	20081
774773	-3.693308e-06	3.081821e-06	3.766668e-06	20081
766517	-3.693766e-06	3.081919e-06	3.766139e-06	20081
758261	-3.694224e-06	3.082017e-06	3.765610e-06	20081
750005	-3.694682e-06	3.082115e-06	3.765080e-06	20081
741749	-3.695140e-06	3.082213e-06	3.764551e-06	20081
733493	-3.695598e-06	3.082312e-06	3.764021e-06	20081
725237	-3.696055e-06	3.082410e-06	3.763491e-06	20081
716981	-3.696513e-06	3.082508e-06	3.762962e-06	20081
708725	-3.696970e-06	3.082606e-06	3.762432e-06	20081
700469	-3.697427e-06	3.082704e-06	3.761902e-06	20081
692213	-3.697885e-06	3.082802e-06	3.761372e-06	20081
683957	-3.698342e-06	3.082900e-06	3.760842e-06	20081
675701	-3.698799e-06	3.082998e-06	3.760312e-06	20081
667445	-3.699256e-06	3.083097e-06	3.759782e-06	20081
659189	-3.699713e-06	3.083195e-06	3.759252e-06	20081
650933	-3.700170e-06	3.083293e-06	3.758721e-06	20081
642677	-3.700627e-06	3.083391e-06	3.758191e-06	20081
634421	-3.701084e-06	3.083489e-06	3.757661e-06	20081
626165	-3.701540e-06	3.083587e-06	3.757130e-06	20081
617909	-3.701997e-06	3.083686e-06	3.756599e-06	20081
609653	-3.702454e-06	3.083784e-06	3.756069e-06	20081
601397	-3.702910e-06	3.083882e-06	3.755538e-06	20081
593141	-3.703366e-06	3.083980e-06	3.755008e-06	20081
584885	-3.703823e-06	3.084079e-06	3.754477e-06	20081
576629	-3.704279e-06	3.084177e-06	3.753946e-06	20081
568373	-3.704735e-06	3.084275e-06	3.753415e-06	20081
560117	-3.705191e-06	3.084373e-06	3.752884e-06	20081
551861	-3.705647e-06	3.084472e-06	3.752353e-06	20081
543605	-3.706103e-06	3.084570e-06	3.751822e-06	20081
535349	-3.706559e-06	3.084669e-06	3.751290e-06	20081
527093	-3.707015e-06	3.084767e-06	3.750759e-06	20081
518837	-3.707470e-06	3.084865e-06	3.750228e-06	20081
510581	-3.707926e-06	3.084964e-06	3.749697e-06	20081
502325	-3.708381e-06	3.085062e-06	3.749165e-06	20081
494069	-3.708837e-06	3.085160e-06	3.748634e-06	20081
485813	-3.709292e-06	3.085259e-06	3.748102e-06	20081
477557	-3.709747e-06	3.085357e-06	3.747570e-06	20081
469301	-3.710202e-06	3.085456e-06	3.747039e-06	20081
461045	-3.710658e-06	3.085554e-06	3.746507e-06	20081
452789	-3.711113e-06	3.085653e-06	3.745975e-06	20081
444533	-3.711568e-06	3.085751e-06	3.745443e-06	20081
436277	-3.712023e-06	3.085850e-06	3.744911e-06	20081
428021	-3.712477e-06	3.085948e-06	3.744379e-06	20081
419765	-3.712932e-06	3.086047e-06	3.743847e-06	20081
411509	-3.713387e-06	3.086145e-06	3.743315e-06	20081
403253	-3.713841e-06	3.086244e-06	3.742783e-06	20081
394997	-3.714296e-06	3.086342e-06	3.742250e-06	20081
386741	-3.714750e-06	3.086441e-06	3.741718e-06	20081
378485	-3.715204e-06	3.086539e-06	3.741186e-06	20081
370229	-3.715659e-06	3.086638e-06	3.740653e-06	20081
361973	-3.716113e-06	3.086737e-06	3.740121e-06	20081
353717	-3.716567e-06	3.086835e-06	3.739588e-06	20081
345461	-3.717021e-06	3.086934e-06	3.739055e-06	20081
337205	-3.717475e-06	3.087033e-06	3.738523e-06	20081
328949	-3.717929e-06	3.087131e-06	3.737990e-06	20081
320693	-3.718382e-06	3.087230e-06	3.737457e-06	20081
312437	-3.718836e-06	3.087329e-06	3.736924e-06	20081
304181	-3.719290e-06	3.087427e-06	3.736391e-06	20081
295925	-3.719743e-06	3.087526e-06	3.735858e-06	20081
287669	-3.720197e-06	3.087625e-06	3.735325e-06	20081
279413	-3.720650e-06	3.087723e-06	3.734791e-06	20081
271157	-3.721103e-06	3.087822e-06	3.734258e-06	20081
262901	-3.721557e-06	3.087921e-06	3.733725e-06	20081
254645	-3.722010e-06	3.088020e-06	3.733192e-06	20081
246389	-3.722463e-06	3.088118e-06	3.732658e-06	20081
238133	-3.722916e-06	3.088217e-06	3.732124e-06	20081
229877	-3.723369e-06	3.088316e-06	3.731591e-06	20081
221621	-3.723821e-06	3.088415e-06	3.731057e-06	20081
213365	-3.724274e-06	3.088514e-06	3.730524e-06	20081
205109	-3.724727e-06	3.088612e-06	3.729990e-06	20081
196853	-3.725179e-06	3.088711e-06	3.729456e-06	20081
188597	-3.725632e-06	3.088810e-06	3.728922e-06	20081
180341	-3.726084e-06	3.088909e-06	3.728388e-06	20081
172085	-3.726537e-06	3.089008e-06	3.727854e-06	20081
163829	-3.726989e-06	3.089107e-06	3.727320e-06	20081
155573	-3.727441e-06	3.089206e-06	3.726786e-06	20081
147317	-3.727893e-06	3.089305e-06	3.726251e-06	20081
139061	-3.728345e-06	3.089404e-06	3.725717e-06	20081
130805	-3.728797e-06	3.089503e-06	3.725183e-06	20081
122549	-3.729249e-06	3.089601e-06	3.724648e-06	20081
114293	-3.729701e-06	3.089700e-06	3.724114e-06	20081
106037	-3.730152e-06	3.089799e-06	3.723579e-06	20081
97781	-3.730604e-06	3.089898e-06	3.723045e-06	20081
89525	-3.731056e-06	3.089997e-06	3.722510e-06	20081
81269	-3.731507e-06	3.090096e-06	3.721975e-06	20081
73013	-3.731958e-06	3.090195e-06	3.721440e-06	20081
64757	-3.732410e-06	3.090295e-06	3.720905e-06	20081
56501	-3.732861e-06	3.090393e-06	3.720370e-06	20081
48245	-3.733312e-06	3.090493e-06	3.719835e-06	20081
39989	-3.733763e-06	3.090592e-06	3.719300e-06	20081
31733	-3.734214e-06	3.090691e-06	3.718765e-06	20081
23477	-3.734665e-06	3.090790e-06	3.718230e-06	20081
15221	-3.735116e-06	3.090889e-06	3.717695e-06	20081
6965	-3.735567e-06	3.090988e-06	3.717159e-06	20081
1155222	-3.416920e-06	3.095229e-06	3.728243e-06	24170
1146966	-3.417372e-06	3.095320e-06	3.727753e-06	24170
1138710	-3.417824e-06	3.095411e-06	3.727264e-06	24170
1130454	-3.418276e-06	3.095501e-06	3.726774e-06	24170
1122198	-3.418728e-06	3.095592e-06	3.726284e-06	24170
1113942	-3.419180e-06	3.095683e-06	3.725794e-06	24170
1105686	-3.419632e-06	3.095774e-06	3.725304e-06	24170
1097430	-3.420083e-06	3.095864e-06	3.724814e-06	24170
1089174	-3.420535e-06	3.095955e-06	3.724324e-06	24170
1080918	-3.420987e-06	3.096046e-06	3.723833e-06	24170
1072662	-3.421438e-06	3.096136e-06	3.723343e-06	24170
1064406	-3.421889e-06	3.096227e-06	3.722853e-06	24170
1056150	-3.422341e-06	3.096318e-06	3.722362e-06	24170
1047894	-3.422792e-06	3.096409e-06	3.721872e-06	24170
1039638	-3.423243e-06	3.096500e-06	3.721381e-06	24170
1031382	-3.423695e-06	3.096590e-06	3.720890e-06	24170
1023126	-3.424146e-06	3.096681e-06	3.720400e-06	24170
1014870	-3.424597e-06	3.096772e-06	3.719909e-06	24170
1006614	-3.425047e-06	3.096863e-06	3.719418e-06	24170
998358	-3.425498e-06	3.096954e-06	3.718927e-06	24170
990102	-3.425949e-06	3.097045e-06	3.718436e-06	24170
981846	-3.426400e-06	3.097136e-06	3.717945e-06	24170
973590	-3.426851e-06	3.097226e-06	3.717454e-06	24170
965334	-3.427301e-06	3.097317e-06	3.716963e-06	24170
957078	-3.427752e-06	3.097408e-06	3.716472e-06	24170
948822	-3.428202e-06	3.097499e-06	3.715981e-06	24170
940566	-3.428652e-06	3.097590e-06	3.715489e-06	24170
932310	-3.429102e-06	3.097681e-06	3.714998e-06	24170
924054	-3.429553e-06	3.097772e-06	3.714506e-06	24170
915798	-3.430003e-06	3.097863e-06	3.714015e-06	24170
907542	-3.430453e-06	3.097954e-06	3.713523e-06	24170
899286	-3.430903e-06	3.098045e-06	3.713032e-06	24170
891030	-3.431353e-06	3.098136e-06	3.712540e-06	24170
882774	-3.431802e-06	3.098227e-06	3.712048e-06	24170
874518	-3.432252e-06	3.098318e-06	3.711556e-06	24170
866262	-3.432702e-06	3.098409e-06	3.711064e-06	24170
858006	-3.433152e-06	3.098500e-06	3.710572e-06	24170
849750	-3.433601e-06	3.098592e-06	3.710080e-06	24170
841494	-3.434051e-06	3.098683e-06	3.709588e-06	24170
833238	-3.434500e-06	3.098774e-06	3.709096e-06	24170
824982	-3.434949e-06	3.098865e-06	3.708604e-06	24170
816726	-3.435399e-06	3.098956e-06	3.708112e-06	24170
808470	-3.435848e-06	3.099047e-06	3.707619e-06	24170
800214	-3.436297e-06	3.099138e-06	3.707127e-06	24170
791958	-3.436746e-06	3.099229e-06	3.706634e-06	24170
783702	-3.437195e-06	3.099321e-06	3.706142e-06	24170
775446	-3.437644e-06	3.099412e-06	3.705649e-06	24170
767190	-3.438093e-06	3.099503e-06	3.705156e-06	24170
758934	-3.438541e-06	3.099594e-06	3.704664e-06	24170
750678	-3.438990e-06	3.099686e-06	3.704171e-06	24170
742422	-3.439438e-06	3.099777e-06	3.703678e-06	24170
734166	-3.439887e-06	3.099868e-06	3.703185e-06	24170
725910	-3.440335e-06	3.099959e-06	3.702692e-06	24170
717654	-3.440784e-06	3.100050e-06	3.702199e-06	24170
709398	-3.441232e-06	3.100142e-06	3.701706e-06	24170
701142	-3.441680e-06	3.100233e-06	3.701213e-06	24170
692886	-3.442128e-06	3.100324e-06	3.700719e-06	24170
684630	-3.442577e-06	3.100416e-06	3.700226e-06	24170
676374	-3.443025e-06	3.100507e-06	3.699733e-06	24170
668118	-3.443472e-06	3.100598e-06	3.699239e-06	24170
659862	-3.443920e-06	3.100690e-06	3.698746e-06	24170
651606	-3.444368e-06	3.100781e-06	3.698252e-06	24170
643350	-3.444816e-06	3.100873e-06	3.697758e-06	24170
635094	-3.445263e-06	3.100964e-06	3.697265e-06	24170
626838	-3.445711e-06	3.101055e-06	3.696771e-06	24170
618582	-3.446158e-06	3.101147e-06	3.696277e-06	24170
610326	-3.446606e-06	3.101238e-06	3.695783e-06	24170
602070	-3.447053e-06	3.101330e-06	3.695289e-06	24170
593814	-3.447500e-06	3.101421e-06	3.694795e-06	24170
585558	-3.447948e-06	3.101512e-06	3.694301e-06	24170
577302	-3.448395e-06	3.101604e-06	3.693807e-06	24170
569046	-3.448842e-06	3.101695e-06	3.693312e-06	24170
560790	-3.449289e-06	3.101787e-06	3.692818e-06	24170
552534	-3.449736e-06	3.101879e-06	3.692324e-06	24170
544278	-3.450182e-06	3.101970e-06	3.691830e-06	24170
536022	-3.450629e-06	3.102062e-06	3.691335e-06	24170
527766	-3.451076e-06	3.102153e-06	3.690840e-06	24170
519510	-3.451523e-06	3.102245e-06	3.690346e-06	24170
511254	-3.451969e-06	3.102336e-06	3.689851e-06	24170
502998	-3.452416e-06	3.102428e-06	3.689356e-06	24170
494742	-3.452862e-06	3.102519e-06	3.688862e-06	24170
486486	-3.453308e-06	3.102611e-06	3.688367e-06	24170
478230	-3.453755e-06	3.102703e-06	3.687872e-06	24170
469974	-3.454201e-06	3.102794e-06	3.687377e-06	24170
461718	-3.454647e-06	3.102886e-06	3.686882e-06	24170
453462	-3.455093e-06	3.102978e-06	3.686387e-06	24170
445206	-3.455539e-06	3.103069e-06	3.685891e-06	24170
436950	-3.455985e-06	3.103161e-06	3.685396e-06	24170
428694	-3.456430e-06	3.103253e-06	3.684901e-06	24170
420438	-3.456876e-06	3.103344e-06	3.684405e-06	24170
412182	-3.457322e-06	3.103436e-06	3.683910e-06	24170
403926	-3.457767e-06	3.103528e-06	3.683414e-06	24170
395670	-3.458213e-06	3.103620e-06	3.682919e-06	24170
387414	-3.458658e-06	3.103711e-06	3.682423e-06	24170
379158	-3.459104e-06	3.103803e-06	3.681928e-06	24170
370902	-3.459549e-06	3.103895e-06	3.681432e-06	24170
362646	-3.459994e-06	3.103987e-06	3.680936e-06	24170
354390	-3.460439e-06	3.104079e-06	3.680440e-06	24170
346134	-3.460884e-06	3.104170e-06	3.679944e-06	24170
337878	-3.461329e-06	3.104262e-06	3.679448e-06	24170
329622	-3.461774e-06	3.104354e-06	3.678952e-06	24170
321366	-3.462219e-06	3.104446e-06	3.678456e-06	24170
313110	-3.462664e-06	3.104538e-06	3.677960e-06	24170
304854	-3.463109e-06	3.104630e-06	3.677463e-06	24170
296598	-3.463553e-06	3.104721e-06	3.676967e-06	24170
288342	-3.463998e-06	3.104813e-06	3.676471e-06	24170
280086	-3.464442e-06	3.104905e-06	3.675974e-06	24170
271830	-3.464887e-06	3.104997e-06	3.675478e-06	24170
263574	-3.465331e-06	3.105089e-06	3.674981e-06	24170
255318	-3.465775e-06	3.105181e-06	3.674484e-06	24170
247062	-3.466219e-06	3.105273e-06	3.673988e-06	24170
238806	-3.466663e-06	3.105365e-06	3.673491e-06	24170
230550	-3.467107e-06	3.105457e-06	3.672994e-06	24170
222294	-3.467552e-06	3.105549e-06	3.672497e-06	24170
214038	-3.467995e-06	3.105641e-06	3.672000e-06	24170
205782	-3.468439e-06	3.105733e-06	3.671503e-06	24170
197526	-3.468883e-06	3.105825e-06	3.671006e-06	24170
189270	-3.469327e-06	3.105917e-06	3.670509e-06	24170
181014	-3.469770e-06	3.106009e-06	3.670012e-06	24170
172758	-3.470214e-06	3.106101e-06	3.669514e-06	24170
164502	-3.470657e-06	3.106193e-06	3.669017e-06	24170
156246	-3.471101e-06	3.106285e-06	3.668519e-06	24170
147990	-3.471544e-06	3.106377e-06	3.668022e-06	24170
139734	-3.471987e-06	3.106469e-06	3.667524e-06	24170
131478	-3.472430e-06	3.106562e-06	3.667027e-06	24170
123222	-3.472873e-06	3.106654e-06	3.666529e-06	24170
114966	-3.473316e-06	3.106746e-06	3.666031e-06	24170
106710	-3.473759e-06	3.106838e-06	3.665534e-06	24170
98454	-3.474202e-06	3.106930e-06	3.665036e-06	24170
90198	-3.474645e-06	3.107022e-06	3.664538e-06	24170
81942	-3.475088e-06	3.107115e-06	3.664040e-06	24170
73686	-3.475530e-06	3.107207e-06	3.663542e-06	24170
65430	-3.475973e-06	3.107299e-06	3.663044e-06	24170
57174	-3.476415e-06	3.107391e-06	3.662545e-06	24170
48918	-3.476858e-06	3.107484e-06	3.662047e-06	24170
40662	-3.477300e-06	3.107576e-06	3.661549e-06	24170
32406	-3.477742e-06	3.107668e-06	3.661050e-06	24170
24150	-3.478184e-06	3.107760e-06	3.660552e-06	24170
15894	-3.478626e-06	3.107853e-06	3.660054e-06	24170
7638	-3.479068e-06	3.107945e-06	3.659555e-06	24170
1155187	-3.032115e-06	3.128953e-06	3.618181e-06	23914
1146931	-3.032551e-06	3.129033e-06	3.617747e-06	23914
1138675	-3.032986e-06	3.129114e-06	3.617312e-06	23914
1130419	-3.033422e-06	3.129194e-06	3.616878e-06	23914
1122163	-3.033857e-06	3.129274e-06	3.616443e-06	23914
1113907	-3.034292e-06	3.129355e-06	3.616008e-06	23914
1105651	-3.034727e-06	3.129435e-06	3.615573e-06	23914
1097395	-3.035162e-06	3.129516e-06	3.615138e-06	23914
1089139	-3.035597e-06	3.129596e-06	3.614703e-06	23914
1080883	-3.036032e-06	3.129677e-06	3.614268e-06	23914
1072627	-3.036467e-06	3.129757e-06	3.613833e-06	23914
1064371	-3.036902e-06	3.129838e-06	3.613398e-06	23914
1056115	-3.037337e-06	3.129918e-06	3.612963e-06	23914
1047859	-3.037772e-06	3.129999e-06	3.612528e-06	23914
1039603	-3.038206e-06	3.130079e-06	3.612092e-06	23914
1031347	-3.038641e-06	3.130160e-06	3.611657e-06	23914
1023091	-3.039075e-06	3.130241e-06	3.611221e-06	23914
1014835	-3.039510e-06	3.130321e-06	3.610786e-06	23914
1006579	-3.039944e-06	3.130402e-06	3.610350e-06	23914
998323	-3.040378e-06	3.130483e-06	3.609915e-06	23914
990067	-3.040813e-06	3.130563e-06	3.609479e-06	23914
981811	-3.041247e-06	3.130644e-06	3.609043e-06	23914
973555	-3.041681e-06	3.130725e-06	3.608607e-06	23914
965299	-3.042115e-06	3.130805e-06	3.608171e-06	23914
957043	-3.042549e-06	3.130886e-06	3.607735e-06	23914
948787	-3.042983e-06	3.130966e-06	3.607299e-06	23914
940531	-3.043417e-06	3.131047e-06	3.606863e-06	23914
932275	-3.043851e-06	3.131128e-06	3.606427e-06	23914
924019	-3.044284e-06	3.131209e-06	3.605991e-06	23914
915763	-3.044718e-06	3.131289e-06	3.605555e-06	23914
907507	-3.045152e-06	3.131370e-06	3.605118e-06	23914
899251	-3.045585e-06	3.131451e-06	3.604682e-06	23914
890995	-3.046019e-06	3.131532e-06	3.604245e-06	23914
882739	-3.046452e-06	3.131612e-06	3.603809e-06	23914
874483	-3.046885e-06	3.131693e-06	3.603372e-06	23914
866227	-3.047319e-06	3.131774e-06	3.602936e-06	23914
857971	-3.047752e-06	3.131855e-06	3.602499e-06	23914
849715	-3.048185e-06	3.131936e-06	3.602062e-06	23914
841459	-3.048618e-06	3.132017e-06	3.601625e-06	23914
833203	-3.049051e-06	3.132097e-06	3.601188e-06	23914
824947	-3.049484e-06	3.132178e-06	3.600751e-06	23914
816691	-3.049917e-06	3.132259e-06	3.600314e-06	23914
808435	-3.050350e-06	3.132340e-06	3.599877e-06	23914
800179	-3.050783e-06	3.132421e-06	3.599440e-06	23914
791923	-3.051215e-06	3.132502e-06	3.599003e-06	23914
783667	-3.051648e-06	3.132583e-06	3.598566e-06	23914
775411	-3.052081e-06	3.132664e-06	3.598128e-06	23914
767155	-3.052513e-06	3.132745e-06	3.597691e-06	23914
758899	-3.052945e-06	3.132826e-06	3.597253e-06	23914
750643	-3.053378e-06	3.132907e-06	3.596816e-06	23914
742387	-3.053810e-06	3.132988e-06	3.596378e-06	23914
734131	-3.054242e-06	3.133069e-06	3.595941e-06	23914
725875	-3.054675e-06	3.133150e-06	3.595503e-06	23914
717619	-3.055107e-06	3.133231e-06	3.595065e-06	23914
709363	-3.055539e-06	3.133312e-06	3.594627e-06	23914
701107	-3.055971e-06	3.133393e-06	3.594189e-06	23914
692851	-3.056403e-06	3.133474e-06	3.593751e-06	23914
684595	-3.056835e-06	3.133555e-06	3.593314e-06	23914
676339	-3.057266e-06	3.133636e-06	3.592875e-06	23914
668083	-3.057698e-06	3.133717e-06	3.592437e-06	23914
659827	-3.058130e-06	3.133798e-06	3.591999e-06	23914
651571	-3.058561e-06	3.133879e-06	3.591561e-06	23914
643315	-3.058993e-06	3.133960e-06	3.591123e-06	23914
635059	-3.059424e-06	3.134041e-06	3.590684e-06	23914
626803	-3.059856e-06	3.134123e-06	3.590246e-06	23914
618547	-3.060287e-06	3.134204e-06	3.589807e-06	23914
610291	-3.060718e-06	3.134285e-06	3.589369e-06	23914
602035	-3.061150e-06	3.134366e-06	3.588930e-06	23914
593779	-3.061581e-06	3.134447e-06	3.588491e-06	23914
585523	-3.062012e-06	3.134528e-06	3.588052e-06	23914
577267	-3.062443e-06	3.134610e-06	3.587613e-06	23914
569011	-3.062874e-06	3.134691e-06	3.587175e-06	23914
560755	-3.063305e-06	3.134772e-06	3.586736e-06	23914
552499	-3.063735e-06	3.134853e-06	3.586297e-06	23914
544243	-3.064166e-06	3.134935e-06	3.585858e-06	23914
535987	-3.064597e-06	3.135016e-06	3.585419e-06	23914
527731	-3.065027e-06	3.135097e-06	3.584979e-06	23914
519475	-3.065458e-06	3.135179e-06	3.584540e-06	23914
511219	-3.065888e-06	3.135260e-06	3.584101e-06	23914
502963	-3.066319e-06	3.135341e-06	3.583661e-06	23914
494707	-3.066749e-06	3.135423e-06	3.583222e-06	23914
486451	-3.067179e-06	3.135504e-06	3.582782e-06	23914
478195	-3.067610e-06	3.135585e-06	3.582343e-06	23914
469939	-3.068040e-06	3.135666e-06	3.581903e-06	23914
461683	-3.068470e-06	3.135748e-06	3.581463e-06	23914
453427	-3.068900e-06	3.135829e-06	3.581024e-06	23914
445171	-3.069330e-06	3.135911e-06	3.580584e-06	23914
436915	-3.069760e-06	3.135992e-06	3.580144e-06	23914
428659	-3.070190e-06	3.136073e-06	3.579704e-06	23914
420403	-3.070620e-06	3.136155e-06	3.579264e-06	23914
412147	-3.071049e-06	3.136237e-06	3.578824e-06	23914
403891	-3.071479e-06	3.136318e-06	3.578384e-06	23914
395635	-3.071909e-06	3.136399e-06	3.577944e-06	23914
387379	-3.072338e-06	3.136481e-06	3.577504e-06	23914
379123	-3.072767e-06	3.136562e-06	3.577063e-06	23914
370867	-3.073197e-06	3.136644e-06	3.576623e-06	23914
362611	-3.073626e-06	3.136725e-06	3.576183e-06	23914
354355	-3.074055e-06	3.136807e-06	3.575742e-06	23914
346099	-3.074485e-06	3.136888e-06	3.575301e-06	23914
337843	-3.074914e-06	3.136970e-06	3.574861e-06	23914
329587	-3.075343e-06	3.137051e-06	3.574420e-06	23914
321331	-3.075772e-06	3.137133e-06	3.573979e-06	23914
313075	-3.076201e-06	3.137215e-06	3.573539e-06	23914
304819	-3.076630e-06	3.137296e-06	3.573098e-06	23914
296563	-3.077058e-06	3.137378e-06	3.572657e-06	23914
288307	-3.077487e-06	3.137460e-06	3.572216e-06	23914
280051	-3.077916e-06	3.137541e-06	3.571775e-06	23914
271795	-3.078344e-06	3.137623e-06	3.571334e-06	23914
263539	-3.078773e-06	3.137704e-06	3.570893e-06	23914
255283	-3.079201e-06	3.137786e-06	3.570451e-06	23914
247027	-3.079630e-06	3.137868e-06	3.570010e-06	23914
238771	-3.080058e-06	3.137949e-06	3.569569e-06	23914
230515	-3.080486e-06	3.138031e-06	3.569127e-06	23914
222259	-3.080914e-06	3.138113e-06	3.568686e-06	23914
214003	-3.081343e-06	3.138194e-06	3.568244e-06	23914
205747	-3.081771e-06	3.138276e-06	3.567803e-06	23914
197491	-3.082199e-06	3.138358e-06	3.567361e-06	23914
189235	-3.082627e-06	3.138440e-06	3.566919e-06	23914
180979	-3.083054e-06	3.138521e-06	3.566478e-06	23914
172723	-3.083482e-06	3.138603e-06	3.566036e-06	23914
164467	-3.083910e-06	3.138685e-06	3.565594e-06	23914
156211	-3.084338e-06	3.138767e-06	3.565152e-06	23914
147955	-3.084765e-06	3.138849e-06	3.564710e-06	23914
139699	-3.085193e-06	3.138930e-06	3.564268e-06	23914
131443	-3.085620e-06	3.139012e-06	3.563826e-06	23914
123187	-3.086048e-06	3.139094e-06	3.563383e-06	23914
114931	-3.086475e-06	3.139176e-06	3.562941e-06	23914
106675	-3.086903e-06	3.139258e-06	3.562499e-06	23914
98419	-3.087330e-06	3.139340e-06	3.562056e-06	23914
90163	-3.087757e-06	3.139422e-06	3.561614e-06	23914
81907	-3.088184e-06	3.139504e-06	3.561172e-06	23914
73651	-3.088611e-06	3.139585e-06	3.560729e-06	23914
65395	-3.089038e-06	3.139667e-06	3.560286e-06	23914
57139	-3.089465e-06	3.139749e-06	3.559843e-06	23914
48883	-3.089892e-06	3.139831e-06	3.559401e-06	23914
40627	-3.090318e-06	3.139913e-06	3.558958e-06	23914
32371	-3.090745e-06	3.139995e-06	3.558515e-06	23914
24115	-3.091172e-06	3.140077e-06	3.558072e-06	23914
15859	-3.091598e-06	3.140159e-06	3.557629e-06	23914
7603	-3.092025e-06	3.140241e-06	3.557186e-06	23914
1154394	-2.657398e-06	3.143044e-06	3.463592e-06	19314
1146138	-2.657811e-06	3.143115e-06	3.463211e-06	19314
1137882	-2.658224e-06	3.143185e-06	3.462830e-06	19314
1129626	-2.658637e-06	3.143256e-06	3.462450e-06	19314
1121370	-2.659050e-06	3.143326e-06	3.462068e-06	19314
1113114	-2.659462e-06	3.143396e-06	3.461687e-06	19314
1104858	-2.659875e-06	3.143467e-06	3.461306e-06	19314
1096602	-2.660287e-06	3.143538e-06	3.460925e-06	19314
1088346	-2.660700e-06	3.143608e-06	3.460544e-06	19314
1080090	-2.661113e-06	3.143679e-06	3.460163e-06	19314
1071834	-2.661525e-06	3.143749e-06	3.459781e-06	19314
1063578	-2.661938e-06	3.143820e-06	3.459400e-06	19314
1055322	-2.662350e-06	3.143890e-06	3.459018e-06	19314
1047066	-2.662762e-06	3.143961e-06	3.458637e-06	19314
1038810	-2.663174e-06	3.144032e-06	3.458255e-06	19314
1030554	-2.663586e-06	3.144102e-06	3.457874e-06	19314
1022298	-2.663998e-06	3.144173e-06	3.457492e-06	19314
1014042	-2.664410e-06	3.144243e-06	3.457110e-06	19314
1005786	-2.664822e-06	3.144314e-06	3.456729e-06	19314
997530	-2.665234e-06	3.144385e-06	3.456347e-06	19314
989274	-2.665646e-06	3.144455e-06	3.455965e-06	19314
981018	-2.666058e-06	3.144526e-06	3.455583e-06	19314
972762	-2.666470e-06	3.144597e-06	3.455201e-06	19314
964506	-2.666882e-06	3.144667e-06	3.454819e-06	19314
956250	-2.667293e-06	3.144738e-06	3.454436e-06	19314
947994	-2.667705e-06	3.144809e-06	3.454054e-06	19314
939738	-2.668116e-06	3.144879e-06	3.453672e-06	19314
931482	-2.668528e-06	3.144950e-06	3.453290e-06	19314
923226	-2.668939e-06	3.145021e-06	3.452907e-06	19314
914970	-2.669351e-06	3.145092e-06	3.452525e-06	19314
906714	-2.669762e-06	3.145163e-06	3.452142e-06	19314
898458	-2.670173e-06	3.145233e-06	3.451760e-06	19314
890202	-2.670584e-06	3.145304e-06	3.451377e-06	19314
881946	-2.670995e-06	3.145375e-06	3.450994e-06	19314
873690	-2.671406e-06	3.145446e-06	3.450612e-06	19314
865434	-2.671817e-06	3.145517e-06	3.450229e-06	19314
857178	-2.672228e-06	3.145587e-06	3.449846e-06	19314
848922	-2.672639e-06	3.145658e-06	3.449463e-06	19314
840666	-2.673050e-06	3.145729e-06	3.449080e-06	19314
832410	-2.673461e-06	3.145800e-06	3.448697e-06	19314
824154	-2.673872e-06	3.145871e-06	3.448314e-06	19314
815898	-2.674282e-06	3.145942e-06	3.447931e-06	19314
807642	-2.674693e-06	3.146013e-06	3.447547e-06	19314
799386	-2.675104e-06	3.146084e-06	3.447164e-06	19314
791130	-2.675514e-06	3.146155e-06	3.446781e-06	19314
782874	-2.675924e-06	3.146225e-06	3.446397e-06	19314
774618	-2.676335e-06	3.146296e-06	3.446014e-06	19314
766362	-2.676745e-06	3.146367e-06	3.445630e-06	19314
758106	-2.677155e-06	3.146438e-06	3.445247e-06	19314
749850	-2.677566e-06	3.146509e-06	3.444863e-06	19314
741594	-2.677976e-06	3.146580e-06	3.444479e-06	19314
733338	-2.678386e-06	3.146651e-06	3.444096e-06	19314
725082	-2.678796e-06	3.146722e-06	3.443712e-06	19314
716826	-2.679206e-06	3.146793e-06	3.443328e-06	19314
708570	-2.679616e-06	3.146864e-06	3.442944e-06	19314
700314	-2.680026e-06	3.146935e-06	3.442560e-06	19314
692058	-2.680436e-06	3.147007e-06	3.442176e-06	19314
683802	-2.680845e-06	3.147077e-06	3.441792e-06	19314
675546	-2.681255e-06	3.147149e-06	3.441408e-06	19314
667290	-2.681665e-06	3.147220e-06	3.441024e-06	19314
659034	-2.682074e-06	3.147291e-06	3.440639e-06	19314
650778	-2.682484e-06	3.147362e-06	3.440255e-06	19314
642522	-2.682893e-06	3.147433e-06	3.439871e-06	19314
634266	-2.683303e-06	3.147504e-06	3.439486e-06	19314
626010	-2.683712e-06	3.147575e-06	3.439102e-06	19314
617754	-2.684121e-06	3.147647e-06	3.438717e-06	19314
609498	-2.684531e-06	3.147718e-06	3.438332e-06	19314
601242	-2.684940e-06	3.147789e-06	3.437948e-06	19314
592986	-2.685349e-06	3.147860e-06	3.437563e-06	19314
584730	-2.685758e-06	3.147931e-06	3.437178e-06	19314
576474	-2.686167e-06	3.148002e-06	3.436793e-06	19314
568218	-2.686576e-06	3.148074e-06	3.436408e-06	19314
559962	-2.686985e-06	3.148145e-06	3.436023e-06	19314
1155288	-2.907766e-06	3.148160e-06	3.574482e-06	24681
551706	-2.687394e-06	3.148216e-06	3.435638e-06	19314
1147032	-2.908194e-06	3.148237e-06	3.574065e-06	24681
543450	-2.687803e-06	3.148287e-06	3.435253e-06	19314
1138776	-2.908623e-06	3.148314e-06	3.573649e-06	24681
535194	-2.688211e-06	3.148359e-06	3.434868e-06	19314
1130520	-2.909052e-06	3.148391e-06	3.573232e-06	24681
526938	-2.688620e-06	3.148430e-06	3.434483e-06	19314
1122264	-2.909480e-06	3.148468e-06	3.572815e-06	24681
518682	-2.689029e-06	3.148501e-06	3.434098e-06	19314
1114008	-2.909909e-06	3.148546e-06	3.572398e-06	24681
510426	-2.689437e-06	3.148572e-06	3.433712e-06	19314
1105752	-2.910337e-06	3.148623e-06	3.571981e-06	24681
502170	-2.689846e-06	3.148644e-06	3.433327e-06	19314
1097496	-2.910765e-06	3.148700e-06	3.571564e-06	24681
493914	-2.690254e-06	3.148715e-06	3.432941e-06	19314
1089240	-2.911193e-06	3.148777e-06	3.571147e-06	24681
485658	-2.690663e-06	3.148786e-06	3.432556e-06	19314
1080984	-2.911622e-06	3.148854e-06	3.570730e-06	24681
477402	-2.691071e-06	3.148858e-06	3.432170e-06	19314
469146	-2.691479e-06	3.148929e-06	3.431785e-06	19314
1072728	-2.912050e-06	3.148931e-06	3.570312e-06	24681
460890	-2.691888e-06	3.149001e-06	3.431399e-06	19314
1064472	-2.912478e-06	3.149009e-06	3.569895e-06	24681
452634	-2.692296e-06	3.149072e-06	3.431013e-06	19314
1056216	-2.912906e-06	3.149086e-06	3.569477e-06	24681
444378	-2.692704e-06	3.149143e-06	3.430627e-06	19314
1047960	-2.913334e-06	3.149163e-06	3.569060e-06	24681
436122	-2.693112e-06	3.149215e-06	3.430242e-06	19314
1039704	-2.913762e-06	3.149240e-06	3.568643e-06	24681
427866	-2.693520e-06	3.149286e-06	3.429856e-06	19314
1031448	-2.914190e-06	3.149318e-06	3.568225e-06	24681
419610	-2.693928e-06	3.149358e-06	3.429470e-06	19314
1023192	-2.914617e-06	3.149395e-06	3.567807e-06	24681
411354	-2.694336e-06	3.149429e-06	3.429084e-06	19314
1014936	-2.915045e-06	3.149472e-06	3.567390e-06	24681
403098	-2.694743e-06	3.149500e-06	3.428697e-06	19314
1006680	-2.915473e-06	3.149549e-06	3.566972e-06	24681
394842	-2.695151e-06	3.149572e-06	3.428311e-06	19314
998424	-2.915900e-06	3.149627e-06	3.566554e-06	24681
386586	-2.695559e-06	3.149643e-06	3.427925e-06	19314
990168	-2.916328e-06	3.149704e-06	3.566136e-06	24681
378330	-2.695967e-06	3.149715e-06	3.427539e-06	19314
981912	-2.916755e-06	3.149782e-06	3.565718e-06	24681
370074	-2.696374e-06	3.149786e-06	3.427152e-06	19314
361818	-2.696782e-06	3.149858e-06	3.426766e-06	19314
973656	-2.917183e-06	3.149859e-06	3.565300e-06	24681
353562	-2.697189e-06	3.149929e-06	3.426380e-06	19314
965400	-2.917610e-06	3.149936e-06	3.564882e-06	24681
345306	-2.697597e-06	3.150001e-06	3.425993e-06	19314
957144	-2.918037e-06	3.150014e-06	3.564464e-06	24681
337050	-2.698004e-06	3.150072e-06	3.425607e-06	19314
948888	-2.918465e-06	3.150091e-06	3.564046e-06	24681
328794	-2.698411e-06	3.150144e-06	3.425220e-06	19314
940632	-2.918892e-06	3.150168e-06	3.563628e-06	24681
320538	-2.698819e-06	3.150215e-06	3.424833e-06	19314
932376	-2.919319e-06	3.150246e-06	3.563209e-06	24681
312282	-2.699226e-06	3.150287e-06	3.424447e-06	19314
924120	-2.919746e-06	3.150323e-06	3.562791e-06	24681
304026	-2.699633e-06	3.150358e-06	3.424060e-06	19314
915864	-2.920173e-06	3.150401e-06	3.562373e-06	24681
295770	-2.700040e-06	3.150430e-06	3.423673e-06	19314
907608	-2.920600e-06	3.150478e-06	3.561954e-06	24681
287514	-2.700447e-06	3.150502e-06	3.423286e-06	19314
899352	-2.921027e-06	3.150556e-06	3.561536e-06	24681
279258	-2.700854e-06	3.150573e-06	3.422899e-06	19314
891096	-2.921453e-06	3.150633e-06	3.561117e-06	24681
271002	-2.701261e-06	3.150645e-06	3.422512e-06	19314
882840	-2.921880e-06	3.150710e-06	3.560698e-06	24681
262746	-2.701668e-06	3.150717e-06	3.422125e-06	19314
874584	-2.922307e-06	3.150788e-06	3.560280e-06	24681
254490	-2.702074e-06	3.150788e-06	3.421738e-06	19314
246234	-2.702481e-06	3.150860e-06	3.421351e-06	19314
866328	-2.922733e-06	3.150865e-06	3.559861e-06	24681
237978	-2.702888e-06	3.150931e-06	3.420963e-06	19314
858072	-2.923160e-06	3.150943e-06	3.559442e-06	24681
229722	-2.703295e-06	3.151003e-06	3.420576e-06	19314
849816	-2.923586e-06	3.151021e-06	3.559023e-06	24681
221466	-2.703701e-06	3.151075e-06	3.420188e-06	19314
841560	-2.924013e-06	3.151098e-06	3.558604e-06	24681
213210	-2.704108e-06	3.151147e-06	3.419801e-06	19314
833304	-2.924439e-06	3.151176e-06	3.558185e-06	24681
204954	-2.704514e-06	3.151218e-06	3.419414e-06	19314
825048	-2.924865e-06	3.151253e-06	3.557766e-06	24681
196698	-2.704920e-06	3.151290e-06	3.419026e-06	19314
816792	-2.925292e-06	3.151331e-06	3.557347e-06	24681
188442	-2.705327e-06	3.151362e-06	3.418638e-06	19314
808536	-2.925718e-06	3.151408e-06	3.556928e-06	24681
180186	-2.705733e-06	3.151433e-06	3.418251e-06	19314
800280	-2.926144e-06	3.151486e-06	3.556508e-06	24681
171930	-2.706139e-06	3.151505e-06	3.417863e-06	19314
792024	-2.926570e-06	3.151564e-06	3.556089e-06	24681
163674	-2.706546e-06	3.151577e-06	3.417475e-06	19314
783768	-2.926996e-06	3.151641e-06	3.555670e-06	24681
155418	-2.706952e-06	3.151649e-06	3.417087e-06	19314
775512	-2.927422e-06	3.151719e-06	3.555250e-06	24681
147162	-2.707358e-06	3.151720e-06	3.416699e-06	19314
138906	-2.707764e-06	3.151792e-06	3.416312e-06	19314
767256	-2.927848e-06	3.151796e-06	3.554831e-06	24681
130650	-2.708169e-06	3.151864e-06	3.415923e-06	19314
759000	-2.928273e-06	3.151874e-06	3.554411e-06	24681
122394	-2.708575e-06	3.151936e-06	3.415536e-06	19314
750744	-2.928699e-06	3.151952e-06	3.553992e-06	24681
114138	-2.708981e-06	3.152008e-06	3.415147e-06	19314
742488	-2.929125e-06	3.152029e-06	3.553572e-06	24681
105882	-2.709387e-06	3.152079e-06	3.414759e-06	19314
734232	-2.929550e-06	3.152107e-06	3.553152e-06	24681
97626	-2.709793e-06	3.152151e-06	3.414371e-06	19314
725976	-2.929976e-06	3.152185e-06	3.552732e-06	24681
89370	-2.710198e-06	3.152223e-06	3.413983e-06	19314
717720	-2.930401e-06	3.152262e-06	3.552312e-06	24681
81114	-2.710604e-06	3.152295e-06	3.413594e-06	19314
709464	-2.930827e-06	3.152340e-06	3.551892e-06	24681
72858	-2.711009e-06	3.152367e-06	3.413206e-06	19314
701208	-2.931252e-06	3.152418e-06	3.551472e-06	24681
64602	-2.711415e-06	3.152439e-06	3.412817e-06	19314
692952	-2.931677e-06	3.152496e-06	3.551052e-06	24681
56346	-2.711820e-06	3.152511e-06	3.412429e-06	19314
684696	-2.932103e-06	3.152573e-06	3.550632e-06	24681
48090	-2.712226e-06	3.152582e-06	3.412040e-06	19314
676440	-2.932528e-06	3.152651e-06	3.550212e-06	24681
39834	-2.712631e-06	3.152654e-06	3.411652e-06	19314
31578	-2.713036e-06	3.152726e-06	3.411263e-06	19314
668184	-2.932953e-06	3.152729e-06	3.549792e-06	24681
23322	-2.713441e-06	3.152798e-06	3.410874e-06	19314
659928	-2.933378e-06	3.152807e-06	3.549371e-06	24681
15066	-2.713846e-06	3.152870e-06	3.410485e-06	19314
651672	-2.933803e-06	3.152884e-06	3.548951e-06	24681
6810	-2.714251e-06	3.152942e-06	3.410096e-06	19314
643416	-2.934228e-06	3.152962e-06	3.548530e-06	24681
635160	-2.934653e-06	3.153040e-06	3.548110e-06	24681
626904	-2.935078e-06	3.153118e-06	3.547689e-06	24681
618648	-2.935502e-06	3.153196e-06	3.547269e-06	24681
610392	-2.935927e-06	3.153274e-06	3.546848e-06	24681
602136	-2.936352e-06	3.153351e-06	3.546427e-06	24681
593880	-2.936776e-06	3.153429e-06	3.546007e-06	24681
585624	-2.937201e-06	3.153507e-06	3.545586e-06	24681
577368	-2.937625e-06	3.153585e-06	3.545165e-06	24681
569112	-2.938049e-06	3.153663e-06	3.544744e-06	24681
560856	-2.938474e-06	3.153741e-06	3.544323e-06	24681
552600	-2.938898e-06	3.153819e-06	3.543902e-06	24681
544344	-2.939322e-06	3.153897e-06	3.543480e-06	24681
536088	-2.939746e-06	3.153975e-06	3.543059e-06	24681
527832	-2.940170e-06	3.154053e-06	3.542638e-06	24681
519576	-2.940594e-06	3.154131e-06	3.542217e-06	24681
511320	-2.941018e-06	3.154209e-06	3.541795e-06	24681
503064	-2.941442e-06	3.154287e-06	3.541374e-06	24681
494808	-2.941866e-06	3.154365e-06	3.540952e-06	24681
486552	-2.942289e-06	3.154443e-06	3.540531e-06	24681
478296	-2.942713e-06	3.154521e-06	3.540109e-06	24681
470040	-2.943137e-06	3.154599e-06	3.539687e-06	24681
461784	-2.943560e-06	3.154677e-06	3.539265e-06	24681
453528	-2.943984e-06	3.154755e-06	3.538844e-06	24681
445272	-2.944407e-06	3.154833e-06	3.538422e-06	24681
437016	-2.944831e-06	3.154911e-06	3.538000e-06	24681
428760	-2.945254e-06	3.154989e-06	3.537578e-06	24681
420504	-2.945677e-06	3.155067e-06	3.537156e-06	24681
412248	-2.946100e-06	3.155145e-06	3.536734e-06	24681
403992	-2.946523e-06	3.155223e-06	3.536311e-06	24681
395736	-2.946946e-06	3.155302e-06	3.535889e-06	24681
387480	-2.947369e-06	3.155380e-06	3.535467e-06	24681
379224	-2.947792e-06	3.155458e-06	3.535044e-06	24681
370968	-2.948215e-06	3.155536e-06	3.534622e-06	24681
362712	-2.948638e-06	3.155614e-06	3.534200e-06	24681
354456	-2.949061e-06	3.155692e-06	3.533777e-06	24681
346200	-2.949483e-06	3.155771e-06	3.533354e-06	24681
337944	-2.949906e-06	3.155849e-06	3.532931e-06	24681
329688	-2.950329e-06	3.155927e-06	3.532509e-06	24681
321432	-2.950751e-06	3.156005e-06	3.532086e-06	24681
313176	-2.951173e-06	3.156084e-06	3.531663e-06	24681
304920	-2.951596e-06	3.156162e-06	3.531240e-06	24681
296664	-2.952018e-06	3.156240e-06	3.530817e-06	24681
288408	-2.952440e-06	3.156318e-06	3.530394e-06	24681
280152	-2.952862e-06	3.156397e-06	3.529971e-06	24681
271896	-2.953285e-06	3.156475e-06	3.529548e-06	24681
263640	-2.953707e-06	3.156553e-06	3.529125e-06	24681
255384	-2.954129e-06	3.156632e-06	3.528701e-06	24681
247128	-2.954550e-06	3.156710e-06	3.528278e-06	24681
238872	-2.954972e-06	3.156788e-06	3.527855e-06	24681
230616	-2.955394e-06	3.156867e-06	3.527431e-06	24681
222360	-2.955816e-06	3.156945e-06	3.527008e-06	24681
214104	-2.956237e-06	3.157024e-06	3.526584e-06	24681
205848	-2.956659e-06	3.157102e-06	3.526160e-06	24681
197592	-2.957081e-06	3.157180e-06	3.525737e-06	24681
189336	-2.957502e-06	3.157259e-06	3.525313e-06	24681
181080	-2.957923e-06	3.157337e-06	3.524889e-06	24681
172824	-2.958345e-06	3.157416e-06	3.524465e-06	24681
164568	-2.958766e-06	3.157494e-06	3.524041e-06	24681
156312	-2.959187e-06	3.157573e-06	3.523617e-06	24681
148056	-2.959609e-06	3.157651e-06	3.523193e-06	24681
139800	-2.960030e-06	3.157730e-06	3.522769e-06	24681
131544	-2.960451e-06	3.157808e-06	3.522345e-06	24681
123288	-2.960872e-06	3.157887e-06	3.521920e-06	24681
115032	-2.961292e-06	3.157965e-06	3.521496e-06	24681
106776	-2.961713e-06	3.158044e-06	3.521072e-06	24681
98520	-2.962134e-06	3.158122e-06	3.520647e-06	24681
90264	-2.962555e-06	3.158201e-06	3.520223e-06	24681
82008	-2.962975e-06	3.158279e-06	3.519798e-06	24681
73752	-2.963396e-06	3.158358e-06	3.519374e-06	24681
65496	-2.963817e-06	3.158437e-06	3.518949e-06	24681
57240	-2.964237e-06	3.158515e-06	3.518524e-06	24681
48984	-2.964658e-06	3.158594e-06	3.518099e-06	24681
40728	-2.965078e-06	3.158672e-06	3.517675e-06	24681
32472	-2.965498e-06	3.158751e-06	3.517250e-06	24681
24216	-2.965918e-06	3.158830e-06	3.516825e-06	24681
15960	-2.966339e-06	3.158908e-06	3.516400e-06	24681
7704	-2.966759e-06	3.158987e-06	3.515975e-06	24681
948751	-2.512319e-06	3.174537e-06	3.449403e-06	23658
940495	-2.512729e-06	3.174604e-06	3.449042e-06	23658
932239	-2.513139e-06	3.174670e-06	3.448682e-06	23658
923983	-2.513549e-06	3.174737e-06	3.448322e-06	23658
915727	-2.513959e-06	3.174803e-06	3.447962e-06	23658
907471	-2.514369e-06	3.174870e-06	3.447602e-06	23658
899215	-2.514779e-06	3.174937e-06	3.447242e-06	23658
890959	-2.515188e-06	3.175003e-06	3.446881e-06	23658
882703	-2.515598e-06	3.175070e-06	3.446521e-06	23658
874447	-2.516008e-06	3.175137e-06	3.446160e-06	23658
866191	-2.516417e-06	3.175203e-06	3.445800e-06	23658
857935	-2.516827e-06	3.175270e-06	3.445439e-06	23658
849679	-2.517236e-06	3.175337e-06	3.445079e-06	23658
841423	-2.517646e-06	3.175403e-06	3.444718e-06	23658
833167	-2.518055e-06	3.175470e-06	3.444357e-06	23658
824911	-2.518465e-06	3.175537e-06	3.443996e-06	23658
816655	-2.518874e-06	3.175604e-06	3.443635e-06	23658
808399	-2.519283e-06	3.175671e-06	3.443275e-06	23658
800143	-2.519692e-06	3.175737e-06	3.442914e-06	23658
791887	-2.520101e-06	3.175804e-06	3.442552e-06	23658
783631	-2.520510e-06	3.175871e-06	3.442191e-06	23658
775375	-2.520919e-06	3.175938e-06	3.441830e-06	23658
767119	-2.521328e-06	3.176005e-06	3.441469e-06	23658
758863	-2.521737e-06	3.176071e-06	3.441108e-06	23658
750607	-2.522146e-06	3.176138e-06	3.440746e-06	23658
742351	-2.522555e-06	3.176205e-06	3.440385e-06	23658
734095	-2.522964e-06	3.176272e-06	3.440023e-06	23658
725839	-2.523372e-06	3.176339e-06	3.439662e-06	23658
717583	-2.523781e-06	3.176406e-06	3.439300e-06	23658
709327	-2.524190e-06	3.176473e-06	3.438939e-06	23658
701071	-2.524598e-06	3.176539e-06	3.438577e-06	23658
692815	-2.525006e-06	3.176606e-06	3.438215e-06	23658
684559	-2.525415e-06	3.176673e-06	3.437854e-06	23658
676303	-2.525823e-06	3.176740e-06	3.437492e-06	23658
668047	-2.526232e-06	3.176807e-06	3.437130e-06	23658
659791	-2.526640e-06	3.176874e-06	3.436768e-06	23658
651535	-2.527048e-06	3.176941e-06	3.436406e-06	23658
643279	-2.527456e-06	3.177008e-06	3.436043e-06	23658
635023	-2.527864e-06	3.177075e-06	3.435681e-06	23658
626767	-2.528272e-06	3.177142e-06	3.435319e-06	23658
618511	-2.528680e-06	3.177209e-06	3.434957e-06	23658
610255	-2.529088e-06	3.177276e-06	3.434594e-06	23658
601999	-2.529496e-06	3.177343e-06	3.434232e-06	23658
593743	-2.529904e-06	3.177410e-06	3.433870e-06	23658
585487	-2.530312e-06	3.177477e-06	3.433507e-06	23658
577231	-2.530719e-06	3.177544e-06	3.433144e-06	23658
568975	-2.531127e-06	3.177611e-06	3.432782e-06	23658
560719	-2.531535e-06	3.177679e-06	3.432419e-06	23658
552463	-2.531942e-06	3.177746e-06	3.432056e-06	23658
544207	-2.532350e-06	3.177813e-06	3.431694e-06	23658
535951	-2.532757e-06	3.177880e-06	3.431331e-06	23658
527695	-2.533165e-06	3.177947e-06	3.430968e-06	23658
519439	-2.533572e-06	3.178014e-06	3.430605e-06	23658
511183	-2.533979e-06	3.178081e-06	3.430242e-06	23658
502927	-2.534386e-06	3.178149e-06	3.429879e-06	23658
494671	-2.534794e-06	3.178216e-06	3.429516e-06	23658
486415	-2.535201e-06	3.178283e-06	3.429152e-06	23658
478159	-2.535608e-06	3.178350e-06	3.428789e-06	23658
469903	-2.536015e-06	3.178417e-06	3.428426e-06	23658
461647	-2.536422e-06	3.178485e-06	3.428062e-06	23658
453391	-2.536829e-06	3.178552e-06	3.427699e-06	23658
445135	-2.537236e-06	3.178619e-06	3.427335e-06	23658
436879	-2.537642e-06	3.178686e-06	3.426972e-06	23658
428623	-2.538049e-06	3.178754e-06	3.426608e-06	23658
420367	-2.538456e-06	3.178821e-06	3.426245e-06	23658
412111	-2.538862e-06	3.178888e-06	3.425881e-06	23658
403855	-2.539269e-06	3.178955e-06	3.425517e-06	23658
395599	-2.539676e-06	3.179023e-06	3.425153e-06	23658
387343	-2.540082e-06	3.179090e-06	3.424789e-06	23658
379087	-2.540488e-06	3.179157e-06	3.424425e-06	23658
370831	-2.540895e-06	3.179225e-06	3.424061e-06	23658
362575	-2.541301e-06	3.179292e-06	3.423697e-06	23658
354319	-2.541707e-06	3.179360e-06	3.423333e-06	23658
346063	-2.542113e-06	3.179427e-06	3.422969e-06	23658
337807	-2.542520e-06	3.179494e-06	3.422604e-06	23658
329551	-2.542926e-06	3.179562e-06	3.422240e-06	23658
321295	-2.543332e-06	3.179629e-06	3.421876e-06	23658
313039	-2.543738e-06	3.179696e-06	3.421511e-06	23658
304783	-2.544144e-06	3.179764e-06	3.421147e-06	23658
296527	-2.544549e-06	3.179831e-06	3.420782e-06	23658
288271	-2.544955e-06	3.179899e-06	3.420418e-06	23658
280015	-2.545361e-06	3.179966e-06	3.420053e-06	23658
271759	-2.545767e-06	3.180034e-06	3.419688e-06	23658
263503	-2.546172e-06	3.180101e-06	3.419323e-06	23658
255247	-2.546578e-06	3.180169e-06	3.418959e-06	23658
246991	-2.546984e-06	3.180236e-06	3.418594e-06	23658
238735	-2.547389e-06	3.180304e-06	3.418229e-06	23658
230479	-2.547795e-06	3.180371e-06	3.417864e-06	23658
222223	-2.548200e-06	3.180439e-06	3.417499e-06	23658
213967	-2.548605e-06	3.180506e-06	3.417133e-06	23658
205711	-2.549011e-06	3.180574e-06	3.416768e-06	23658
197455	-2.549416e-06	3.180641e-06	3.416403e-06	23658
189199	-2.549821e-06	3.180709e-06	3.416038e-06	23658
180943	-2.550226e-06	3.180777e-06	3.415672e-06	23658
172687	-2.550631e-06	3.180844e-06	3.415307e-06	23658
164431	-2.551036e-06	3.180912e-06	3.414941e-06	23658
156175	-2.551441e-06	3.180980e-06	3.414576e-06	23658
147919	-2.551846e-06	3.181047e-06	3.414210e-06	23658
139663	-2.552251e-06	3.181115e-06	3.413845e-06	23658
131407	-2.552656e-06	3.181182e-06	3.413479e-06	23658
123151	-2.553061e-06	3.181250e-06	3.413113e-06	23658
114895	-2.553465e-06	3.181318e-06	3.412747e-06	23658
106639	-2.553870e-06	3.181385e-06	3.412381e-06	23658
98383	-2.554274e-06	3.181453e-06	3.412015e-06	23658
90127	-2.554679e-06	3.181521e-06	3.411649e-06	23658
81871	-2.555083e-06	3.181588e-06	3.411283e-06	23658
73615	-2.555488e-06	3.181656e-06	3.410917e-06	23658
65359	-2.555892e-06	3.181724e-06	3.410551e-06	23658
57103	-2.556297e-06	3.181792e-06	3.410185e-06	23658
48847	-2.556701e-06	3.181859e-06	3.409818e-06	23658
40591	-2.557105e-06	3.181927e-06	3.409452e-06	23658
32335	-2.557509e-06	3.181995e-06	3.409086e-06	23658
24079	-2.557913e-06	3.182063e-06	3.408719e-06	23658
15823	-2.558317e-06	3.182131e-06	3.408353e-06	23658
7567	-2.558721e-06	3.182198e-06	3.407986e-06	23658
1154827	-4.009711e-06	3.278610e-06	4.082374e-06	21610
1146571	-4.010209e-06	3.278716e-06	4.081799e-06	21610
1138315	-4.010707e-06	3.278823e-06	4.081224e-06	21610
1130059	-4.011205e-06	3.278929e-06	4.080649e-06	21610
1121803	-4.011702e-06	3.279036e-06	4.080075e-06	21610
1113547	-4.012200e-06	3.279142e-06	4.079500e-06	21610
1105291	-4.012697e-06	3.279248e-06	4.078925e-06	21610
1097035	-4.013195e-06	3.279355e-06	4.078349e-06	21610
1088779	-4.013692e-06	3.279461e-06	4.077774e-06	21610
1080523	-4.014190e-06	3.279568e-06	4.077199e-06	21610
1072267	-4.014687e-06	3.279675e-06	4.076624e-06	21610
1064011	-4.015184e-06	3.279781e-06	4.076048e-06	21610
1055755	-4.015681e-06	3.279888e-06	4.075473e-06	21610
1047499	-4.016179e-06	3.279994e-06	4.074897e-06	21610
1153196	-2.645182e-06	3.280011e-06	3.581068e-06	14449
1144940	-2.645608e-06	3.280081e-06	3.580689e-06	14449
1039243	-4.016676e-06	3.280101e-06	4.074322e-06	21610
1136684	-2.646035e-06	3.280152e-06	3.580310e-06	14449
1030987	-4.017173e-06	3.280207e-06	4.073746e-06	21610
1128428	-2.646460e-06	3.280222e-06	3.579931e-06	14449
1120172	-2.646887e-06	3.280292e-06	3.579552e-06	14449
1022731	-4.017669e-06	3.280314e-06	4.073170e-06	21610
1111916	-2.647312e-06	3.280362e-06	3.579172e-06	14449
1014475	-4.018166e-06	3.280421e-06	4.072594e-06	21610
1103660	-2.647738e-06	3.280432e-06	3.578793e-06	14449
1095404	-2.648164e-06	3.280502e-06	3.578413e-06	14449
1006219	-4.018662e-06	3.280527e-06	4.072018e-06	21610
1087148	-2.648590e-06	3.280572e-06	3.578034e-06	14449
997963	-4.019159e-06	3.280634e-06	4.071442e-06	21610
1078892	-2.649015e-06	3.280643e-06	3.577654e-06	14449
1070636	-2.649441e-06	3.280713e-06	3.577275e-06	14449
989707	-4.019656e-06	3.280740e-06	4.070866e-06	21610
1062380	-2.649867e-06	3.280783e-06	3.576895e-06	14449
981451	-4.020152e-06	3.280847e-06	4.070290e-06	21610
1054124	-2.650292e-06	3.280853e-06	3.576515e-06	14449
1045868	-2.650718e-06	3.280924e-06	3.576136e-06	14449
973195	-4.020648e-06	3.280954e-06	4.069714e-06	21610
1037612	-2.651143e-06	3.280994e-06	3.575756e-06	14449
964939	-4.021144e-06	3.281061e-06	4.069138e-06	21610
1029356	-2.651568e-06	3.281064e-06	3.575376e-06	14449
1021100	-2.651994e-06	3.281134e-06	3.574996e-06	14449
956683	-4.021640e-06	3.281167e-06	4.068561e-06	21610
1012844	-2.652419e-06	3.281205e-06	3.574616e-06	14449
948427	-4.022136e-06	3.281274e-06	4.067985e-06	21610
1004588	-2.652844e-06	3.281275e-06	3.574236e-06	14449
996332	-2.653269e-06	3.281345e-06	3.573856e-06	14449
940171	-4.022632e-06	3.281381e-06	4.067409e-06	21610
988076	-2.653694e-06	3.281416e-06	3.573476e-06	14449
979820	-2.654119e-06	3.281486e-06	3.573095e-06	14449
931915	-4.023128e-06	3.281487e-06	4.066832e-06	21610
971564	-2.654544e-06	3.281556e-06	3.572715e-06	14449
923659	-4.023624e-06	3.281594e-06	4.066255e-06	21610
963308	-2.654969e-06	3.281627e-06	3.572335e-06	14449
955052	-2.655394e-06	3.281697e-06	3.571954e-06	14449
915403	-4.024119e-06	3.281701e-06	4.065678e-06	21610
946796	-2.655819e-06	3.281768e-06	3.571574e-06	14449
907147	-4.024615e-06	3.281808e-06	4.065102e-06	21610
938540	-2.656244e-06	3.281838e-06	3.571193e-06	14449
930284	-2.656668e-06	3.281908e-06	3.570812e-06	14449
898891	-4.025110e-06	3.281915e-06	4.064525e-06	21610
922028	-2.657093e-06	3.281979e-06	3.570432e-06	14449
890635	-4.025606e-06	3.282021e-06	4.063948e-06	21610
913772	-2.657517e-06	3.282049e-06	3.570051e-06	14449
905516	-2.657942e-06	3.282120e-06	3.569670e-06	14449
882379	-4.026101e-06	3.282128e-06	4.063371e-06	21610
897260	-2.658366e-06	3.282190e-06	3.569289e-06	14449
874123	-4.026596e-06	3.282235e-06	4.062794e-06	21610
889004	-2.658791e-06	3.282261e-06	3.568908e-06	14449
880748	-2.659215e-06	3.282331e-06	3.568527e-06	14449
865867	-4.027092e-06	3.282342e-06	4.062217e-06	21610
872492	-2.659639e-06	3.282402e-06	3.568146e-06	14449
857611	-4.027586e-06	3.282449e-06	4.061640e-06	21610
864236	-2.660064e-06	3.282472e-06	3.567765e-06	14449
855980	-2.660488e-06	3.282543e-06	3.567384e-06	14449
849355	-4.028082e-06	3.282556e-06	4.061062e-06	21610
847724	-2.660912e-06	3.282613e-06	3.567003e-06	14449
841099	-4.028576e-06	3.282662e-06	4.060485e-06	21610
839468	-2.661336e-06	3.282684e-06	3.566621e-06	14449
831212	-2.661760e-06	3.282754e-06	3.566240e-06	14449
832843	-4.029071e-06	3.282770e-06	4.059907e-06	21610
822956	-2.662184e-06	3.282825e-06	3.565859e-06	14449
824587	-4.029566e-06	3.282876e-06	4.059330e-06	21610
814700	-2.662608e-06	3.282895e-06	3.565477e-06	14449
806444	-2.663032e-06	3.282966e-06	3.565096e-06	14449
816331	-4.030061e-06	3.282983e-06	4.058752e-06	21610
798188	-2.663455e-06	3.283036e-06	3.564714e-06	14449
808075	-4.030555e-06	3.283090e-06	4.058175e-06	21610
789932	-2.663879e-06	3.283107e-06	3.564332e-06	14449
781676	-2.664303e-06	3.283178e-06	3.563951e-06	14449
799819	-4.031050e-06	3.283197e-06	4.057597e-06	21610
773420	-2.664726e-06	3.283248e-06	3.563569e-06	14449
791563	-4.031544e-06	3.283304e-06	4.057019e-06	21610
765164	-2.665150e-06	3.283319e-06	3.563187e-06	14449
756908	-2.665573e-06	3.283390e-06	3.562805e-06	14449
783307	-4.032038e-06	3.283411e-06	4.056441e-06	21610
748652	-2.665997e-06	3.283460e-06	3.562423e-06	14449
775051	-4.032533e-06	3.283518e-06	4.055863e-06	21610
740396	-2.666420e-06	3.283531e-06	3.562041e-06	14449
732140	-2.666844e-06	3.283602e-06	3.561659e-06	14449
766795	-4.033026e-06	3.283625e-06	4.055285e-06	21610
723884	-2.667267e-06	3.283672e-06	3.561277e-06	14449
758539	-4.033520e-06	3.283732e-06	4.054707e-06	21610
715628	-2.667690e-06	3.283743e-06	3.560895e-06	14449
707372	-2.668113e-06	3.283814e-06	3.560513e-06	14449
750283	-4.034015e-06	3.283839e-06	4.054129e-06	21610
699116	-2.668536e-06	3.283885e-06	3.560130e-06	14449
742027	-4.034508e-06	3.283946e-06	4.053551e-06	21610
690860	-2.668959e-06	3.283955e-06	3.559748e-06	14449
682604	-2.669382e-06	3.284026e-06	3.559365e-06	14449
733771	-4.035002e-06	3.284053e-06	4.052973e-06	21610
674348	-2.669805e-06	3.284097e-06	3.558983e-06	14449
725515	-4.035496e-06	3.284160e-06	4.052395e-06	21610
666092	-2.670228e-06	3.284168e-06	3.558600e-06	14449
657836	-2.670651e-06	3.284238e-06	3.558218e-06	14449
717259	-4.035990e-06	3.284267e-06	4.051816e-06	21610
649580	-2.671074e-06	3.284309e-06	3.557835e-06	14449
709003	-4.036483e-06	3.284375e-06	4.051238e-06	21610
641324	-2.671496e-06	3.284380e-06	3.557452e-06	14449
633068	-2.671919e-06	3.284451e-06	3.557069e-06	14449
700747	-4.036976e-06	3.284482e-06	4.050659e-06	21610
624812	-2.672341e-06	3.284522e-06	3.556687e-06	14449
692491	-4.037470e-06	3.284589e-06	4.050081e-06	21610
616556	-2.672764e-06	3.284592e-06	3.556304e-06	14449
608300	-2.673187e-06	3.284663e-06	3.555921e-06	14449
684235	-4.037963e-06	3.284696e-06	4.049502e-06	21610
600044	-2.673609e-06	3.284734e-06	3.555537e-06	14449
675979	-4.038456e-06	3.284803e-06	4.048923e-06	21610
591788	-2.674031e-06	3.284805e-06	3.555154e-06	14449
583532	-2.674454e-06	3.284876e-06	3.554771e-06	14449
667723	-4.038949e-06	3.284910e-06	4.048344e-06	21610
575276	-2.674876e-06	3.284947e-06	3.554388e-06	14449
659467	-4.039442e-06	3.285018e-06	4.047765e-06	21610
567020	-2.675298e-06	3.285018e-06	3.554005e-06	14449
558764	-2.675720e-06	3.285089e-06	3.553621e-06	14449
651211	-4.039935e-06	3.285125e-06	4.047186e-06	21610
550508	-2.676142e-06	3.285160e-06	3.553238e-06	14449
542252	-2.676564e-06	3.285231e-06	3.552854e-06	14449
642955	-4.040428e-06	3.285232e-06	4.046608e-06	21610
533996	-2.676986e-06	3.285302e-06	3.552471e-06	14449
634699	-4.040921e-06	3.285339e-06	4.046028e-06	21610
525740	-2.677408e-06	3.285372e-06	3.552087e-06	14449
517484	-2.677830e-06	3.285443e-06	3.551704e-06	14449
626443	-4.041413e-06	3.285446e-06	4.045449e-06	21610
509228	-2.678252e-06	3.285514e-06	3.551320e-06	14449
618187	-4.041906e-06	3.285554e-06	4.044870e-06	21610
500972	-2.678673e-06	3.285586e-06	3.550936e-06	14449
492716	-2.679095e-06	3.285656e-06	3.550552e-06	14449
609931	-4.042398e-06	3.285661e-06	4.044291e-06	21610
484460	-2.679517e-06	3.285727e-06	3.550168e-06	14449
601675	-4.042891e-06	3.285768e-06	4.043711e-06	21610
476204	-2.679938e-06	3.285799e-06	3.549784e-06	14449
467948	-2.680360e-06	3.285870e-06	3.549400e-06	14449
593419	-4.043383e-06	3.285875e-06	4.043132e-06	21610
459692	-2.680781e-06	3.285941e-06	3.549016e-06	14449
585163	-4.043875e-06	3.285983e-06	4.042552e-06	21610
451436	-2.681203e-06	3.286012e-06	3.548632e-06	14449
443180	-2.681624e-06	3.286083e-06	3.548248e-06	14449
576907	-4.044367e-06	3.286090e-06	4.041973e-06	21610
434924	-2.682045e-06	3.286154e-06	3.547864e-06	14449
568651	-4.044859e-06	3.286197e-06	4.041393e-06	21610
426668	-2.682466e-06	3.286225e-06	3.547479e-06	14449
418412	-2.682887e-06	3.286296e-06	3.547095e-06	14449
560395	-4.045351e-06	3.286305e-06	4.040813e-06	21610
410156	-2.683309e-06	3.286367e-06	3.546711e-06	14449
552139	-4.045844e-06	3.286412e-06	4.040233e-06	21610
401900	-2.683730e-06	3.286438e-06	3.546326e-06	14449
393644	-2.684151e-06	3.286510e-06	3.545942e-06	14449
543883	-4.046335e-06	3.286519e-06	4.039654e-06	21610
385388	-2.684572e-06	3.286581e-06	3.545557e-06	14449
535627	-4.046827e-06	3.286627e-06	4.039074e-06	21610
377132	-2.684993e-06	3.286652e-06	3.545172e-06	14449
368876	-2.685413e-06	3.286723e-06	3.544787e-06	14449
527371	-4.047318e-06	3.286734e-06	4.038493e-06	21610
360620	-2.685834e-06	3.286794e-06	3.544403e-06	14449
519115	-4.047810e-06	3.286842e-06	4.037913e-06	21610
352364	-2.686255e-06	3.286865e-06	3.544018e-06	14449
344108	-2.686675e-06	3.286937e-06	3.543633e-06	14449
510859	-4.048301e-06	3.286949e-06	4.037333e-06	21610
335852	-2.687096e-06	3.287008e-06	3.543248e-06	14449
502603	-4.048793e-06	3.287056e-06	4.036753e-06	21610
327596	-2.687517e-06	3.287079e-06	3.542863e-06	14449
319340	-2.687937e-06	3.287150e-06	3.542478e-06	14449
494347	-4.049284e-06	3.287164e-06	4.036173e-06	21610
311084	-2.688357e-06	3.287221e-06	3.542093e-06	14449
486091	-4.049775e-06	3.287272e-06	4.035592e-06	21610
302828	-2.688778e-06	3.287293e-06	3.541707e-06	14449
294572	-2.689198e-06	3.287364e-06	3.541322e-06	14449
477835	-4.050266e-06	3.287379e-06	4.035012e-06	21610
286316	-2.689618e-06	3.287435e-06	3.540937e-06	14449
469579	-4.050758e-06	3.287486e-06	4.034431e-06	21610
278060	-2.690039e-06	3.287507e-06	3.540551e-06	14449
269804	-2.690459e-06	3.287578e-06	3.540166e-06	14449
461323	-4.051248e-06	3.287594e-06	4.033851e-06	21610
261548	-2.690879e-06	3.287649e-06	3.539780e-06	14449
453067	-4.051739e-06	3.287701e-06	4.033270e-06	21610
253292	-2.691299e-06	3.287721e-06	3.539395e-06	14449
245036	-2.691719e-06	3.287792e-06	3.539009e-06	14449
444811	-4.052230e-06	3.287809e-06	4.032690e-06	21610
236780	-2.692139e-06	3.287863e-06	3.538623e-06	14449
436555	-4.052721e-06	3.287917e-06	4.032108e-06	21610
228524	-2.692558e-06	3.287935e-06	3.538237e-06	14449
220268	-2.692978e-06	3.288006e-06	3.537852e-06	14449
428299	-4.053211e-06	3.288024e-06	4.031528e-06	21610
212012	-2.693398e-06	3.288078e-06	3.537466e-06	14449
420043	-4.053702e-06	3.288132e-06	4.030947e-06	21610
203756	-2.693818e-06	3.288149e-06	3.537080e-06	14449
195500	-2.694237e-06	3.288220e-06	3.536694e-06	14449
411787	-4.054192e-06	3.288239e-06	4.030366e-06	21610
187244	-2.694657e-06	3.288292e-06	3.536308e-06	14449
403531	-4.054682e-06	3.288347e-06	4.029785e-06	21610
178988	-2.695076e-06	3.288363e-06	3.535922e-06	14449
170732	-2.695496e-06	3.288435e-06	3.535535e-06	14449
395275	-4.055173e-06	3.288454e-06	4.029203e-06	21610
162476	-2.695915e-06	3.288506e-06	3.535149e-06	14449
387019	-4.055663e-06	3.288562e-06	4.028622e-06	21610
154220	-2.696334e-06	3.288578e-06	3.534763e-06	14449
145964	-2.696754e-06	3.288649e-06	3.534376e-06	14449
378763	-4.056153e-06	3.288670e-06	4.028041e-06	21610
137708	-2.697173e-06	3.288721e-06	3.533990e-06	14449
370507	-4.056643e-06	3.288777e-06	4.027459e-06	21610
129452	-2.697592e-06	3.288792e-06	3.533604e-06	14449
121196	-2.698011e-06	3.288864e-06	3.533217e-06	14449
362251	-4.057133e-06	3.288885e-06	4.026878e-06	21610
112940	-2.698430e-06	3.288935e-06	3.532830e-06	14449
353995	-4.057623e-06	3.288993e-06	4.026297e-06	21610
104684	-2.698849e-06	3.289007e-06	3.532444e-06	14449
96428	-2.699268e-06	3.289078e-06	3.532057e-06	14449
345739	-4.058113e-06	3.289100e-06	4.025715e-06	21610
88172	-2.699687e-06	3.289150e-06	3.531670e-06	14449
337483	-4.058602e-06	3.289208e-06	4.025133e-06	21610
79916	-2.700106e-06	3.289221e-06	3.531283e-06	14449
71660	-2.700525e-06	3.289293e-06	3.530896e-06	14449
329227	-4.059092e-06	3.289316e-06	4.024552e-06	21610
63404	-2.700943e-06	3.289364e-06	3.530510e-06	14449
320971	-4.059581e-06	3.289423e-06	4.023970e-06	21610
55148	-2.701362e-06	3.289436e-06	3.530122e-06	14449
46892	-2.701780e-06	3.289508e-06	3.529735e-06	14449
312715	-4.060070e-06	3.289531e-06	4.023388e-06	21610
38636	-2.702199e-06	3.289579e-06	3.529348e-06	14449
304459	-4.060560e-06	3.289639e-06	4.022806e-06	21610
30380	-2.702618e-06	3.289651e-06	3.528961e-06	14449
22124	-2.703036e-06	3.289723e-06	3.528574e-06	14449
296203	-4.061049e-06	3.289747e-06	4.022224e-06	21610
13868	-2.703454e-06	3.289794e-06	3.528186e-06	14449
287947	-4.061538e-06	3.289854e-06	4.021642e-06	21610
5612	-2.703872e-06	3.289866e-06	3.527799e-06	14449
279691	-4.062027e-06	3.289962e-06	4.021060e-06	21610
271435	-4.062516e-06	3.290070e-06	4.020478e-06	21610
263179	-4.063005e-06	3.290178e-06	4.019896e-06	21610
254923	-4.063494e-06	3.290286e-06	4.019313e-06	21610
246667	-4.063982e-06	3.290394e-06	4.018731e-06	21610
238411	-4.064471e-06	3.290501e-06	4.018148e-06	21610
230155	-4.064960e-06	3.290609e-06	4.017566e-06	21610
221899	-4.065448e-06	3.290717e-06	4.016983e-06	21610
213643	-4.065937e-06	3.290825e-06	4.016400e-06	21610
205387	-4.066424e-06	3.290933e-06	4.015817e-06	21610
197131	-4.066913e-06	3.291041e-06	4.015235e-06	21610
188875	-4.067401e-06	3.291149e-06	4.014652e-06	21610
180619	-4.067889e-06	3.291257e-06	4.014069e-06	21610
172363	-4.068377e-06	3.291365e-06	4.013486e-06	21610
164107	-4.068865e-06	3.291473e-06	4.012903e-06	21610
155851	-4.069352e-06	3.291580e-06	4.012320e-06	21610
147595	-4.069840e-06	3.291688e-06	4.011736e-06	21610
139339	-4.070328e-06	3.291796e-06	4.011153e-06	21610
131083	-4.070815e-06	3.291905e-06	4.010570e-06	21610
122827	-4.071303e-06	3.292013e-06	4.009986e-06	21610
114571	-4.071790e-06	3.292121e-06	4.009402e-06	21610
106315	-4.072277e-06	3.292229e-06	4.008819e-06	21610
98059	-4.072764e-06	3.292337e-06	4.008235e-06	21610
89803	-4.073251e-06	3.292445e-06	4.007652e-06	21610
81547	-4.073738e-06	3.292553e-06	4.007068e-06	21610
73291	-4.074225e-06	3.292661e-06	4.006484e-06	21610
65035	-4.074712e-06	3.292769e-06	4.005900e-06	21610
56779	-4.075198e-06	3.292877e-06	4.005316e-06	21610
48523	-4.075685e-06	3.292986e-06	4.004732e-06	21610
40267	-4.076172e-06	3.293094e-06	4.004147e-06	21610
32011	-4.076658e-06	3.293202e-06	4.003563e-06	21610
23755	-4.077144e-06	3.293310e-06	4.002979e-06	21610
15499	-4.077631e-06	3.293418e-06	4.002395e-06	21610
7243	-4.078117e-06	3.293527e-06	4.001810e-06	21610
1154736	-3.912127e-06	3.300195e-06	4.064745e-06	21098
1146480	-3.912623e-06	3.300299e-06	4.064184e-06	21098
1138224	-3.913117e-06	3.300403e-06	4.063623e-06	21098
1129968	-3.913612e-06	3.300507e-06	4.063063e-06	21098
1121712	-3.914107e-06	3.300611e-06	4.062501e-06	21098
1113456	-3.914602e-06	3.300715e-06	4.061941e-06	21098
1105200	-3.915096e-06	3.300818e-06	4.061380e-06	21098
1096944	-3.915590e-06	3.300922e-06	4.060818e-06	21098
1088688	-3.916085e-06	3.301026e-06	4.060257e-06	21098
1080432	-3.916579e-06	3.301130e-06	4.059696e-06	21098
1072176	-3.917073e-06	3.301234e-06	4.059134e-06	21098
1063920	-3.917567e-06	3.301338e-06	4.058573e-06	21098
1055664	-3.918061e-06	3.301442e-06	4.058012e-06	21098
1047408	-3.918555e-06	3.301546e-06	4.057450e-06	21098
1039152	-3.919049e-06	3.301650e-06	4.056888e-06	21098
1030896	-3.919543e-06	3.301754e-06	4.056327e-06	21098
1022640	-3.920037e-06	3.301858e-06	4.055765e-06	21098
1014384	-3.920530e-06	3.301962e-06	4.055203e-06	21098
1006128	-3.921024e-06	3.302066e-06	4.054641e-06	21098
997872	-3.921517e-06	3.302170e-06	4.054079e-06	21098
989616	-3.922011e-06	3.302274e-06	4.053517e-06	21098
981360	-3.922504e-06	3.302378e-06	4.052955e-06	21098
973104	-3.922997e-06	3.302482e-06	4.052393e-06	21098
964848	-3.923490e-06	3.302586e-06	4.051831e-06	21098
956592	-3.923983e-06	3.302690e-06	4.051268e-06	21098
948336	-3.924476e-06	3.302794e-06	4.050706e-06	21098
940080	-3.924969e-06	3.302898e-06	4.050143e-06	21098
931824	-3.925462e-06	3.303003e-06	4.049581e-06	21098
923568	-3.925954e-06	3.303107e-06	4.049018e-06	21098
915312	-3.926447e-06	3.303211e-06	4.048456e-06	21098
907056	-3.926940e-06	3.303315e-06	4.047893e-06	21098
898800	-3.927432e-06	3.303419e-06	4.047330e-06	21098
890544	-3.927924e-06	3.303524e-06	4.046767e-06	21098
882288	-3.928417e-06	3.303628e-06	4.046204e-06	21098
874032	-3.928909e-06	3.303732e-06	4.045641e-06	21098
865776	-3.929401e-06	3.303836e-06	4.045078e-06	21098
857520	-3.929893e-06	3.303941e-06	4.044515e-06	21098
849264	-3.930385e-06	3.304045e-06	4.043951e-06	21098
841008	-3.930877e-06	3.304149e-06	4.043388e-06	21098
832752	-3.931369e-06	3.304254e-06	4.042824e-06	21098
824496	-3.931860e-06	3.304358e-06	4.042261e-06	21098
816240	-3.932352e-06	3.304462e-06	4.041698e-06	21098
807984	-3.932843e-06	3.304566e-06	4.041134e-06	21098
799728	-3.933335e-06	3.304671e-06	4.040570e-06	21098
791472	-3.933827e-06	3.304775e-06	4.040006e-06	21098
783216	-3.934318e-06	3.304880e-06	4.039443e-06	21098
774960	-3.934809e-06	3.304984e-06	4.038879e-06	21098
766704	-3.935300e-06	3.305089e-06	4.038315e-06	21098
758448	-3.935791e-06	3.305193e-06	4.037751e-06	21098
750192	-3.936282e-06	3.305297e-06	4.037186e-06	21098
741936	-3.936773e-06	3.305402e-06	4.036623e-06	21098
733680	-3.937264e-06	3.305506e-06	4.036058e-06	21098
725424	-3.937754e-06	3.305611e-06	4.035494e-06	21098
717168	-3.938245e-06	3.305715e-06	4.034930e-06	21098
708912	-3.938736e-06	3.305820e-06	4.034365e-06	21098
700656	-3.939226e-06	3.305924e-06	4.033800e-06	21098
692400	-3.939716e-06	3.306029e-06	4.033236e-06	21098
684144	-3.940206e-06	3.306133e-06	4.032671e-06	21098
675888	-3.940696e-06	3.306238e-06	4.032107e-06	21098
667632	-3.941187e-06	3.306342e-06	4.031542e-06	21098
659376	-3.941677e-06	3.306447e-06	4.030977e-06	21098
651120	-3.942167e-06	3.306552e-06	4.030412e-06	21098
642864	-3.942656e-06	3.306656e-06	4.029847e-06	21098
634608	-3.943146e-06	3.306761e-06	4.029282e-06	21098
626352	-3.943636e-06	3.306865e-06	4.028717e-06	21098
618096	-3.944126e-06	3.306970e-06	4.028152e-06	21098
609840	-3.944615e-06	3.307075e-06	4.027586e-06	21098
601584	-3.945104e-06	3.307179e-06	4.027021e-06	21098
593328	-3.945594e-06	3.307284e-06	4.026455e-06	21098
585072	-3.946083e-06	3.307389e-06	4.025890e-06	21098
576816	-3.946572e-06	3.307493e-06	4.025324e-06	21098
568560	-3.947061e-06	3.307598e-06	4.024759e-06	21098
560304	-3.947550e-06	3.307703e-06	4.024193e-06	21098
552048	-3.948039e-06	3.307808e-06	4.023627e-06	21098
543792	-3.948528e-06	3.307912e-06	4.023061e-06	21098
535536	-3.949017e-06	3.308017e-06	4.022495e-06	21098
527280	-3.949506e-06	3.308122e-06	4.021929e-06	21098
519024	-3.949994e-06	3.308227e-06	4.021363e-06	21098
510768	-3.950483e-06	3.308332e-06	4.020797e-06	21098
502512	-3.950971e-06	3.308437e-06	4.020231e-06	21098
494256	-3.951459e-06	3.308541e-06	4.019665e-06	21098
486000	-3.951948e-06	3.308646e-06	4.019098e-06	21098
477744	-3.952436e-06	3.308751e-06	4.018532e-06	21098
469488	-3.952924e-06	3.308856e-06	4.017965e-06	21098
461232	-3.953412e-06	3.308961e-06	4.017399e-06	21098
452976	-3.953900e-06	3.309066e-06	4.016832e-06	21098
444720	-3.954388e-06	3.309171e-06	4.016265e-06	21098
436464	-3.954875e-06	3.309276e-06	4.015699e-06	21098
428208	-3.955363e-06	3.309381e-06	4.015132e-06	21098
419952	-3.955851e-06	3.309486e-06	4.014565e-06	21098
411696	-3.956338e-06	3.309591e-06	4.013998e-06	21098
403440	-3.956826e-06	3.309696e-06	4.013431e-06	21098
395184	-3.957313e-06	3.309801e-06	4.012864e-06	21098
386928	-3.957800e-06	3.309906e-06	4.012296e-06	21098
378672	-3.958287e-06	3.310011e-06	4.011729e-06	21098
370416	-3.958774e-06	3.310116e-06	4.011162e-06	21098
362160	-3.959261e-06	3.310221e-06	4.010595e-06	21098
353904	-3.959748e-06	3.310326e-06	4.010027e-06	21098
345648	-3.960235e-06	3.310431e-06	4.009460e-06	21098
337392	-3.960722e-06	3.310536e-06	4.008892e-06	21098
329136	-3.961209e-06	3.310641e-06	4.008324e-06	21098
320880	-3.961695e-06	3.310746e-06	4.007757e-06	21098
312624	-3.962182e-06	3.310851e-06	4.007189e-06	21098
304368	-3.962668e-06	3.310956e-06	4.006621e-06	21098
296112	-3.963155e-06	3.311062e-06	4.006053e-06	21098
287856	-3.963641e-06	3.311167e-06	4.005485e-06	21098
279600	-3.964127e-06	3.311272e-06	4.004917e-06	21098
271344	-3.964613e-06	3.311377e-06	4.004349e-06	21098
263088	-3.965099e-06	3.311482e-06	4.003780e-06	21098
254832	-3.965585e-06	3.311588e-06	4.003212e-06	21098
246576	-3.966071e-06	3.311693e-06	4.002643e-06	21098
238320	-3.966557e-06	3.311798e-06	4.002075e-06	21098
230064	-3.967042e-06	3.311903e-06	4.001507e-06	21098
221808	-3.967527e-06	3.312009e-06	4.000938e-06	21098
213552	-3.968013e-06	3.312114e-06	4.000369e-06	21098
205296	-3.968498e-06	3.312219e-06	3.999801e-06	21098
197040	-3.968984e-06	3.312324e-06	3.999232e-06	21098
188784	-3.969469e-06	3.312430e-06	3.998663e-06	21098
180528	-3.969954e-06	3.312535e-06	3.998094e-06	21098
172272	-3.970439e-06	3.312641e-06	3.997525e-06	21098
164016	-3.970924e-06	3.312746e-06	3.996956e-06	21098
155760	-3.971409e-06	3.312851e-06	3.996387e-06	21098
147504	-3.971894e-06	3.312957e-06	3.995818e-06	21098
139248	-3.972379e-06	3.313062e-06	3.995248e-06	21098
130992	-3.972863e-06	3.313168e-06	3.994679e-06	21098
122736	-3.973348e-06	3.313273e-06	3.994110e-06	21098
114480	-3.973832e-06	3.313378e-06	3.993540e-06	21098
106224	-3.974317e-06	3.313484e-06	3.992971e-06	21098
97968	-3.974801e-06	3.313589e-06	3.992401e-06	21098
89712	-3.975285e-06	3.313695e-06	3.991831e-06	21098
81456	-3.975769e-06	3.313800e-06	3.991262e-06	21098
73200	-3.976254e-06	3.313906e-06	3.990692e-06	21098
64944	-3.976737e-06	3.314011e-06	3.990122e-06	21098
56688	-3.977221e-06	3.314117e-06	3.989552e-06	21098
48432	-3.977705e-06	3.314222e-06	3.988982e-06	21098
40176	-3.978188e-06	3.314328e-06	3.988412e-06	21098
31920	-3.978672e-06	3.314433e-06	3.987841e-06	21098
23664	-3.979156e-06	3.314539e-06	3.987271e-06	21098
15408	-3.979639e-06	3.314645e-06	3.986701e-06	21098
7152	-3.980123e-06	3.314750e-06	3.986131e-06	21098
1154998	-3.786907e-06	3.354436e-06	4.025681e-06	22635
1146742	-3.787395e-06	3.354537e-06	4.025139e-06	22635
1138486	-3.787882e-06	3.354637e-06	4.024596e-06	22635
1130230	-3.788370e-06	3.354738e-06	4.024053e-06	22635
1121974	-3.788858e-06	3.354838e-06	4.023510e-06	22635
1113718	-3.789346e-06	3.354939e-06	4.022967e-06	22635
1105462	-3.789833e-06	3.355039e-06	4.022424e-06	22635
1097206	-3.790320e-06	3.355140e-06	4.021881e-06	22635
1088950	-3.790808e-06	3.355240e-06	4.021338e-06	22635
1080694	-3.791295e-06	3.355341e-06	4.020794e-06	22635
1072438	-3.791782e-06	3.355441e-06	4.020251e-06	22635
1064182	-3.792269e-06	3.355542e-06	4.019707e-06	22635
1055926	-3.792756e-06	3.355643e-06	4.019164e-06	22635
1047670	-3.793243e-06	3.355743e-06	4.018620e-06	22635
1039414	-3.793730e-06	3.355844e-06	4.018077e-06	22635
1031158	-3.794217e-06	3.355945e-06	4.017533e-06	22635
1022902	-3.794703e-06	3.356045e-06	4.016989e-06	22635
1014646	-3.795190e-06	3.356146e-06	4.016445e-06	22635
1006390	-3.795677e-06	3.356247e-06	4.015901e-06	22635
998134	-3.796163e-06	3.356347e-06	4.015357e-06	22635
989878	-3.796649e-06	3.356448e-06	4.014813e-06	22635
981622	-3.797136e-06	3.356549e-06	4.014269e-06	22635
973366	-3.797622e-06	3.356650e-06	4.013725e-06	22635
965110	-3.798108e-06	3.356750e-06	4.013180e-06	22635
956854	-3.798594e-06	3.356851e-06	4.012636e-06	22635
948598	-3.799080e-06	3.356952e-06	4.012092e-06	22635
940342	-3.799566e-06	3.357053e-06	4.011547e-06	22635
932086	-3.800052e-06	3.357153e-06	4.011003e-06	22635
923830	-3.800538e-06	3.357254e-06	4.010458e-06	22635
915574	-3.801023e-06	3.357355e-06	4.009913e-06	22635
907318	-3.801509e-06	3.357456e-06	4.009369e-06	22635
899062	-3.801994e-06	3.357557e-06	4.008823e-06	22635
890806	-3.802480e-06	3.357658e-06	4.008279e-06	22635
882550	-3.802965e-06	3.357759e-06	4.007734e-06	22635
874294	-3.803450e-06	3.357859e-06	4.007189e-06	22635
866038	-3.803935e-06	3.357960e-06	4.006643e-06	22635
857782	-3.804420e-06	3.358061e-06	4.006098e-06	22635
849526	-3.804905e-06	3.358162e-06	4.005553e-06	22635
841270	-3.805390e-06	3.358263e-06	4.005008e-06	22635
833014	-3.805875e-06	3.358364e-06	4.004462e-06	22635
824758	-3.806360e-06	3.358465e-06	4.003917e-06	22635
816502	-3.806844e-06	3.358566e-06	4.003371e-06	22635
808246	-3.807329e-06	3.358667e-06	4.002826e-06	22635
799990	-3.807814e-06	3.358768e-06	4.002280e-06	22635
791734	-3.808298e-06	3.358869e-06	4.001734e-06	22635
783478	-3.808782e-06	3.358970e-06	4.001189e-06	22635
775222	-3.809267e-06	3.359071e-06	4.000643e-06	22635
766966	-3.809751e-06	3.359173e-06	4.000097e-06	22635
758710	-3.810235e-06	3.359273e-06	3.999551e-06	22635
750454	-3.810719e-06	3.359375e-06	3.999005e-06	22635
742198	-3.811203e-06	3.359476e-06	3.998458e-06	22635
733942	-3.811687e-06	3.359577e-06	3.997912e-06	22635
725686	-3.812171e-06	3.359678e-06	3.997366e-06	22635
717430	-3.812654e-06	3.359779e-06	3.996819e-06	22635
709174	-3.813138e-06	3.359880e-06	3.996273e-06	22635
700918	-3.813622e-06	3.359982e-06	3.995726e-06	22635
692662	-3.814105e-06	3.360083e-06	3.995180e-06	22635
684406	-3.814588e-06	3.360184e-06	3.994633e-06	22635
676150	-3.815072e-06	3.360285e-06	3.994086e-06	22635
667894	-3.815555e-06	3.360386e-06	3.993540e-06	22635
659638	-3.816038e-06	3.360488e-06	3.992993e-06	22635
651382	-3.816521e-06	3.360589e-06	3.992446e-06	22635
643126	-3.817004e-06	3.360690e-06	3.991899e-06	22635
634870	-3.817487e-06	3.360791e-06	3.991352e-06	22635
626614	-3.817970e-06	3.360893e-06	3.990805e-06	22635
618358	-3.818453e-06	3.360994e-06	3.990257e-06	22635
610102	-3.818935e-06	3.361095e-06	3.989710e-06	22635
601846	-3.819418e-06	3.361197e-06	3.989163e-06	22635
593590	-3.819900e-06	3.361298e-06	3.988615e-06	22635
585334	-3.820383e-06	3.361399e-06	3.988068e-06	22635
577078	-3.820865e-06	3.361501e-06	3.987520e-06	22635
568822	-3.821347e-06	3.361602e-06	3.986973e-06	22635
560566	-3.821829e-06	3.361703e-06	3.986425e-06	22635
552310	-3.822311e-06	3.361805e-06	3.985877e-06	22635
544054	-3.822793e-06	3.361906e-06	3.985329e-06	22635
535798	-3.823275e-06	3.362008e-06	3.984782e-06	22635
527542	-3.823757e-06	3.362109e-06	3.984234e-06	22635
519286	-3.824239e-06	3.362211e-06	3.983685e-06	22635
511030	-3.824720e-06	3.362312e-06	3.983138e-06	22635
502774	-3.825202e-06	3.362414e-06	3.982590e-06	22635
494518	-3.825684e-06	3.362515e-06	3.982041e-06	22635
486262	-3.826165e-06	3.362617e-06	3.981493e-06	22635
478006	-3.826646e-06	3.362718e-06	3.980945e-06	22635
469750	-3.827128e-06	3.362820e-06	3.980396e-06	22635
461494	-3.827609e-06	3.362921e-06	3.979847e-06	22635
453238	-3.828090e-06	3.363023e-06	3.979299e-06	22635
444982	-3.828571e-06	3.363124e-06	3.978750e-06	22635
436726	-3.829052e-06	3.363226e-06	3.978202e-06	22635
428470	-3.829532e-06	3.363328e-06	3.977653e-06	22635
420214	-3.830014e-06	3.363429e-06	3.977104e-06	22635
411958	-3.830494e-06	3.363531e-06	3.976555e-06	22635
403702	-3.830975e-06	3.363632e-06	3.976006e-06	22635
395446	-3.831455e-06	3.363734e-06	3.975457e-06	22635
387190	-3.831936e-06	3.363836e-06	3.974908e-06	22635
378934	-3.832416e-06	3.363937e-06	3.974359e-06	22635
370678	-3.832896e-06	3.364039e-06	3.973809e-06	22635
362422	-3.833376e-06	3.364141e-06	3.973260e-06	22635
354166	-3.833857e-06	3.364243e-06	3.972711e-06	22635
345910	-3.834337e-06	3.364344e-06	3.972161e-06	22635
337654	-3.834817e-06	3.364446e-06	3.971611e-06	22635
329398	-3.835297e-06	3.364548e-06	3.971062e-06	22635
321142	-3.835777e-06	3.364650e-06	3.970512e-06	22635
312886	-3.836256e-06	3.364751e-06	3.969963e-06	22635
304630	-3.836736e-06	3.364853e-06	3.969413e-06	22635
296374	-3.837215e-06	3.364955e-06	3.968863e-06	22635
288118	-3.837695e-06	3.365057e-06	3.968313e-06	22635
279862	-3.838174e-06	3.365159e-06	3.967762e-06	22635
271606	-3.838653e-06	3.365260e-06	3.967213e-06	22635
263350	-3.839133e-06	3.365362e-06	3.966662e-06	22635
255094	-3.839612e-06	3.365464e-06	3.966112e-06	22635
246838	-3.840091e-06	3.365566e-06	3.965562e-06	22635
238582	-3.840570e-06	3.365668e-06	3.965011e-06	22635
230326	-3.841049e-06	3.365770e-06	3.964461e-06	22635
222070	-3.841528e-06	3.365872e-06	3.963910e-06	22635
213814	-3.842006e-06	3.365974e-06	3.963360e-06	22635
205558	-3.842485e-06	3.366076e-06	3.962809e-06	22635
197302	-3.842963e-06	3.366178e-06	3.962259e-06	22635
189046	-3.843442e-06	3.366280e-06	3.961708e-06	22635
180790	-3.843921e-06	3.366382e-06	3.961157e-06	22635
172534	-3.844399e-06	3.366483e-06	3.960606e-06	22635
164278	-3.844877e-06	3.366586e-06	3.960055e-06	22635
156022	-3.845355e-06	3.366688e-06	3.959504e-06	22635
147766	-3.845833e-06	3.366790e-06	3.958953e-06	22635
139510	-3.846311e-06	3.366892e-06	3.958402e-06	22635
131254	-3.846789e-06	3.366994e-06	3.957850e-06	22635
122998	-3.847267e-06	3.367096e-06	3.957299e-06	22635
114742	-3.847745e-06	3.367198e-06	3.956748e-06	22635
106486	-3.848223e-06	3.367300e-06	3.956196e-06	22635
98230	-3.848700e-06	3.367402e-06	3.955644e-06	22635
89974	-3.849178e-06	3.367504e-06	3.955093e-06	22635
81718	-3.849655e-06	3.367606e-06	3.954541e-06	22635
73462	-3.850133e-06	3.367709e-06	3.953990e-06	22635
65206	-3.850610e-06	3.367811e-06	3.953438e-06	22635
56950	-3.851087e-06	3.367913e-06	3.952886e-06	22635
48694	-3.851564e-06	3.368015e-06	3.952334e-06	22635
40438	-3.852041e-06	3.368117e-06	3.951782e-06	22635
32182	-3.852518e-06	3.368219e-06	3.951230e-06	22635
23926	-3.852995e-06	3.368322e-06	3.950678e-06	22635
15670	-3.853472e-06	3.368424e-06	3.950126e-06	22635
7414	-3.853948e-06	3.368526e-06	3.949573e-06	22635
1154649	-4.013401e-06	3.482356e-06	4.230112e-06	20594
1146393	-4.013915e-06	3.482462e-06	4.229537e-06	20594
1138137	-4.014429e-06	3.482568e-06	4.228962e-06	20594
1129881	-4.014943e-06	3.482675e-06	4.228386e-06	20594
1121625	-4.015456e-06	3.482781e-06	4.227811e-06	20594
1113369	-4.015969e-06	3.482888e-06	4.227235e-06	20594
1105113	-4.016483e-06	3.482995e-06	4.226660e-06	20594
1096857	-4.016996e-06	3.483101e-06	4.226084e-06	20594
1088601	-4.017509e-06	3.483208e-06	4.225508e-06	20594
1080345	-4.018023e-06	3.483314e-06	4.224933e-06	20594
1072089	-4.018535e-06	3.483421e-06	4.224356e-06	20594
1063833	-4.019048e-06	3.483528e-06	4.223781e-06	20594
1055577	-4.019561e-06	3.483634e-06	4.223205e-06	20594
1047321	-4.020074e-06	3.483741e-06	4.222628e-06	20594
1155256	-3.053075e-06	3.483824e-06	3.908041e-06	24426
1039065	-4.020587e-06	3.483848e-06	4.222052e-06	20594
1147000	-3.053543e-06	3.483904e-06	3.907603e-06	24426
1030809	-4.021099e-06	3.483954e-06	4.221476e-06	20594
1138744	-3.054010e-06	3.483985e-06	3.907166e-06	24426
1022553	-4.021612e-06	3.484061e-06	4.220900e-06	20594
1130488	-3.054478e-06	3.484066e-06	3.906728e-06	24426
1122232	-3.054945e-06	3.484147e-06	3.906290e-06	24426
1014297	-4.022124e-06	3.484168e-06	4.220323e-06	20594
1113976	-3.055413e-06	3.484229e-06	3.905852e-06	24426
1006041	-4.022637e-06	3.484274e-06	4.219747e-06	20594
1105720	-3.055880e-06	3.484309e-06	3.905414e-06	24426
997785	-4.023149e-06	3.484381e-06	4.219170e-06	20594
1097464	-3.056347e-06	3.484390e-06	3.904976e-06	24426
1089208	-3.056814e-06	3.484472e-06	3.904539e-06	24426
989529	-4.023661e-06	3.484488e-06	4.218594e-06	20594
1080952	-3.057281e-06	3.484553e-06	3.904101e-06	24426
981273	-4.024173e-06	3.484595e-06	4.218017e-06	20594
1072696	-3.057748e-06	3.484634e-06	3.903662e-06	24426
973017	-4.024685e-06	3.484701e-06	4.217440e-06	20594
1064440	-3.058215e-06	3.484715e-06	3.903224e-06	24426
1056184	-3.058682e-06	3.484796e-06	3.902786e-06	24426
964761	-4.025197e-06	3.484808e-06	4.216864e-06	20594
1047928	-3.059149e-06	3.484877e-06	3.902348e-06	24426
956505	-4.025709e-06	3.484915e-06	4.216286e-06	20594
1039672	-3.059616e-06	3.484958e-06	3.901909e-06	24426
948249	-4.026221e-06	3.485022e-06	4.215709e-06	20594
1031416	-3.060082e-06	3.485039e-06	3.901471e-06	24426
1023160	-3.060549e-06	3.485120e-06	3.901032e-06	24426
939993	-4.026732e-06	3.485129e-06	4.215132e-06	20594
1014904	-3.061016e-06	3.485201e-06	3.900594e-06	24426
931737	-4.027244e-06	3.485236e-06	4.214555e-06	20594
1006648	-3.061482e-06	3.485283e-06	3.900155e-06	24426
923481	-4.027755e-06	3.485342e-06	4.213978e-06	20594
998392	-3.061949e-06	3.485364e-06	3.899716e-06	24426
990136	-3.062415e-06	3.485445e-06	3.899278e-06	24426
915225	-4.028267e-06	3.485449e-06	4.213401e-06	20594
981880	-3.062881e-06	3.485526e-06	3.898839e-06	24426
906969	-4.028778e-06	3.485556e-06	4.212824e-06	20594
973624	-3.063347e-06	3.485607e-06	3.898400e-06	24426
898713	-4.029289e-06	3.485663e-06	4.212246e-06	20594
965368	-3.063813e-06	3.485688e-06	3.897961e-06	24426
890457	-4.029800e-06	3.485770e-06	4.211669e-06	20594
957112	-3.064280e-06	3.485770e-06	3.897522e-06	24426
948856	-3.064746e-06	3.485851e-06	3.897082e-06	24426
882201	-4.030312e-06	3.485877e-06	4.211091e-06	20594
940600	-3.065212e-06	3.485932e-06	3.896644e-06	24426
873945	-4.030823e-06	3.485984e-06	4.210513e-06	20594
932344	-3.065677e-06	3.486014e-06	3.896204e-06	24426
865689	-4.031333e-06	3.486091e-06	4.209935e-06	20594
924088	-3.066143e-06	3.486095e-06	3.895765e-06	24426
915832	-3.066609e-06	3.486176e-06	3.895325e-06	24426
857433	-4.031845e-06	3.486198e-06	4.209358e-06	20594
907576	-3.067075e-06	3.486257e-06	3.894886e-06	24426
849177	-4.032355e-06	3.486305e-06	4.208780e-06	20594
899320	-3.067541e-06	3.486339e-06	3.894446e-06	24426
840921	-4.032866e-06	3.486412e-06	4.208202e-06	20594
891064	-3.068006e-06	3.486420e-06	3.894007e-06	24426
882808	-3.068472e-06	3.486502e-06	3.893567e-06	24426
832665	-4.033376e-06	3.486519e-06	4.207624e-06	20594
874552	-3.068937e-06	3.486583e-06	3.893128e-06	24426
824409	-4.033887e-06	3.486626e-06	4.207046e-06	20594
866296	-3.069402e-06	3.486664e-06	3.892688e-06	24426
816153	-4.034397e-06	3.486733e-06	4.206468e-06	20594
858040	-3.069868e-06	3.486746e-06	3.892248e-06	24426
849784	-3.070333e-06	3.486827e-06	3.891808e-06	24426
807897	-4.034907e-06	3.486840e-06	4.205890e-06	20594
841528	-3.070798e-06	3.486908e-06	3.891368e-06	24426
799641	-4.035418e-06	3.486947e-06	4.205311e-06	20594
833272	-3.071263e-06	3.486990e-06	3.890928e-06	24426
791385	-4.035928e-06	3.487054e-06	4.204733e-06	20594
825016	-3.071728e-06	3.487071e-06	3.890488e-06	24426
816760	-3.072193e-06	3.487153e-06	3.890048e-06	24426
783129	-4.036438e-06	3.487161e-06	4.204154e-06	20594
808504	-3.072658e-06	3.487234e-06	3.889607e-06	24426
774873	-4.036948e-06	3.487268e-06	4.203576e-06	20594
800248	-3.073123e-06	3.487316e-06	3.889167e-06	24426
766617	-4.037458e-06	3.487375e-06	4.202997e-06	20594
791992	-3.073588e-06	3.487397e-06	3.888726e-06	24426
783736	-3.074053e-06	3.487479e-06	3.888286e-06	24426
758361	-4.037967e-06	3.487482e-06	4.202418e-06	20594
775480	-3.074517e-06	3.487560e-06	3.887846e-06	24426
750105	-4.038477e-06	3.487590e-06	4.201840e-06	20594
767224	-3.074982e-06	3.487642e-06	3.887405e-06	24426
741849	-4.038987e-06	3.487697e-06	4.201261e-06	20594
758968	-3.075446e-06	3.487723e-06	3.886964e-06	24426
733593	-4.039496e-06	3.487804e-06	4.200682e-06	20594
750712	-3.075911e-06	3.487805e-06	3.886524e-06	24426
742456	-3.076375e-06	3.487886e-06	3.886083e-06	24426
725337	-4.040006e-06	3.487911e-06	4.200103e-06	20594
734200	-3.076840e-06	3.487968e-06	3.885642e-06	24426
717081	-4.040515e-06	3.488018e-06	4.199524e-06	20594
725944	-3.077304e-06	3.488050e-06	3.885201e-06	24426
708825	-4.041025e-06	3.488125e-06	4.198945e-06	20594
717688	-3.077768e-06	3.488131e-06	3.884760e-06	24426
709432	-3.078232e-06	3.488213e-06	3.884319e-06	24426
700569	-4.041533e-06	3.488233e-06	4.198366e-06	20594
701176	-3.078696e-06	3.488294e-06	3.883878e-06	24426
692313	-4.042043e-06	3.488340e-06	4.197786e-06	20594
692920	-3.079160e-06	3.488376e-06	3.883437e-06	24426
684057	-4.042552e-06	3.488447e-06	4.197207e-06	20594
684664	-3.079624e-06	3.488457e-06	3.882996e-06	24426
676408	-3.080088e-06	3.488539e-06	3.882554e-06	24426
675801	-4.043060e-06	3.488555e-06	4.196628e-06	20594
668152	-3.080552e-06	3.488621e-06	3.882113e-06	24426
667545	-4.043569e-06	3.488662e-06	4.196048e-06	20594
659896	-3.081016e-06	3.488703e-06	3.881672e-06	24426
659289	-4.044078e-06	3.488769e-06	4.195469e-06	20594
651640	-3.081479e-06	3.488784e-06	3.881230e-06	24426
643384	-3.081943e-06	3.488866e-06	3.880788e-06	24426
651033	-4.044587e-06	3.488876e-06	4.194889e-06	20594
635128	-3.082407e-06	3.488948e-06	3.880346e-06	24426
642777	-4.045095e-06	3.488984e-06	4.194309e-06	20594
626872	-3.082870e-06	3.489029e-06	3.879905e-06	24426
634521	-4.045604e-06	3.489091e-06	4.193730e-06	20594
618616	-3.083333e-06	3.489111e-06	3.879463e-06	24426
610360	-3.083797e-06	3.489193e-06	3.879021e-06	24426
626265	-4.046112e-06	3.489198e-06	4.193150e-06	20594
602104	-3.084260e-06	3.489275e-06	3.878579e-06	24426
618009	-4.046621e-06	3.489306e-06	4.192570e-06	20594
593848	-3.084723e-06	3.489356e-06	3.878137e-06	24426
609753	-4.047129e-06	3.489413e-06	4.191990e-06	20594
585592	-3.085187e-06	3.489438e-06	3.877695e-06	24426
577336	-3.085650e-06	3.489520e-06	3.877253e-06	24426
601497	-4.047637e-06	3.489521e-06	4.191410e-06	20594
569080	-3.086113e-06	3.489602e-06	3.876811e-06	24426
593241	-4.048145e-06	3.489628e-06	4.190830e-06	20594
560824	-3.086576e-06	3.489684e-06	3.876369e-06	24426
584985	-4.048653e-06	3.489735e-06	4.190249e-06	20594
552568	-3.087039e-06	3.489766e-06	3.875926e-06	24426
576729	-4.049161e-06	3.489843e-06	4.189669e-06	20594
544312	-3.087501e-06	3.489847e-06	3.875484e-06	24426
536056	-3.087964e-06	3.489929e-06	3.875042e-06	24426
568473	-4.049669e-06	3.489950e-06	4.189089e-06	20594
527800	-3.088427e-06	3.490011e-06	3.874599e-06	24426
560217	-4.050176e-06	3.490058e-06	4.188509e-06	20594
519544	-3.088889e-06	3.490093e-06	3.874156e-06	24426
551961	-4.050684e-06	3.490165e-06	4.187928e-06	20594
511288	-3.089352e-06	3.490175e-06	3.873714e-06	24426
503032	-3.089815e-06	3.490257e-06	3.873271e-06	24426
543705	-4.051192e-06	3.490273e-06	4.187348e-06	20594
494776	-3.090277e-06	3.490339e-06	3.872829e-06	24426
535449	-4.051699e-06	3.490380e-06	4.186767e-06	20594
486520	-3.090739e-06	3.490421e-06	3.872386e-06	24426
527193	-4.052207e-06	3.490488e-06	4.186186e-06	20594
478264	-3.091202e-06	3.490503e-06	3.871943e-06	24426
470008	-3.091664e-06	3.490585e-06	3.871500e-06	24426
518937	-4.052714e-06	3.490595e-06	4.185606e-06	20594
461752	-3.092126e-06	3.490667e-06	3.871056e-06	24426
510681	-4.053221e-06	3.490703e-06	4.185024e-06	20594
453496	-3.092588e-06	3.490749e-06	3.870613e-06	24426
502425	-4.053728e-06	3.490810e-06	4.184444e-06	20594
445240	-3.093050e-06	3.490831e-06	3.870170e-06	24426
436984	-3.093512e-06	3.490913e-06	3.869727e-06	24426
494169	-4.054235e-06	3.490918e-06	4.183863e-06	20594
428728	-3.093974e-06	3.490995e-06	3.869284e-06	24426
485913	-4.054742e-06	3.491025e-06	4.183281e-06	20594
420472	-3.094436e-06	3.491077e-06	3.868840e-06	24426
477657	-4.055249e-06	3.491133e-06	4.182701e-06	20594
412216	-3.094898e-06	3.491159e-06	3.868397e-06	24426
469401	-4.055756e-06	3.491241e-06	4.182119e-06	20594
403960	-3.095359e-06	3.491241e-06	3.867953e-06	24426
395704	-3.095821e-06	3.491323e-06	3.867510e-06	24426
461145	-4.056263e-06	3.491348e-06	4.181538e-06	20594
387448	-3.096283e-06	3.491405e-06	3.867066e-06	24426
452889	-4.056769e-06	3.491456e-06	4.180957e-06	20594
379192	-3.096744e-06	3.491487e-06	3.866623e-06	24426
444633	-4.057275e-06	3.491564e-06	4.180375e-06	20594
370936	-3.097206e-06	3.491569e-06	3.866179e-06	24426
362680	-3.097667e-06	3.491651e-06	3.865735e-06	24426
436377	-4.057782e-06	3.491671e-06	4.179793e-06	20594
354424	-3.098128e-06	3.491733e-06	3.865291e-06	24426
428121	-4.058289e-06	3.491779e-06	4.179212e-06	20594
346168	-3.098590e-06	3.491816e-06	3.864847e-06	24426
419865	-4.058795e-06	3.491886e-06	4.178630e-06	20594
337912	-3.099051e-06	3.491898e-06	3.864403e-06	24426
329656	-3.099512e-06	3.491980e-06	3.863959e-06	24426
411609	-4.059301e-06	3.491994e-06	4.178049e-06	20594
321400	-3.099973e-06	3.492062e-06	3.863515e-06	24426
403353	-4.059807e-06	3.492102e-06	4.177467e-06	20594
313144	-3.100434e-06	3.492144e-06	3.863071e-06	24426
395097	-4.060313e-06	3.492210e-06	4.176885e-06	20594
304888	-3.100895e-06	3.492227e-06	3.862626e-06	24426
296632	-3.101356e-06	3.492309e-06	3.862182e-06	24426
386841	-4.060819e-06	3.492317e-06	4.176303e-06	20594
288376	-3.101816e-06	3.492391e-06	3.861737e-06	24426
378585	-4.061324e-06	3.492425e-06	4.175721e-06	20594
280120	-3.102277e-06	3.492473e-06	3.861293e-06	24426
370329	-4.061830e-06	3.492533e-06	4.175139e-06	20594
271864	-3.102738e-06	3.492556e-06	3.860848e-06	24426
263608	-3.103198e-06	3.492638e-06	3.860403e-06	24426
362073	-4.062336e-06	3.492641e-06	4.174557e-06	20594
255352	-3.103659e-06	3.492720e-06	3.859959e-06	24426
353817	-4.062842e-06	3.492748e-06	4.173975e-06	20594
247096	-3.104120e-06	3.492802e-06	3.859514e-06	24426
345561	-4.063347e-06	3.492856e-06	4.173392e-06	20594
238840	-3.104580e-06	3.492885e-06	3.859069e-06	24426
337305	-4.063852e-06	3.492964e-06	4.172810e-06	20594
230584	-3.105040e-06	3.492967e-06	3.858624e-06	24426
222328	-3.105501e-06	3.493049e-06	3.858179e-06	24426
329049	-4.064358e-06	3.493072e-06	4.172227e-06	20594
214072	-3.105961e-06	3.493132e-06	3.857735e-06	24426
320793	-4.064863e-06	3.493180e-06	4.171645e-06	20594
205816	-3.106421e-06	3.493214e-06	3.857289e-06	24426
312537	-4.065368e-06	3.493288e-06	4.171062e-06	20594
197560	-3.106881e-06	3.493296e-06	3.856844e-06	24426
189304	-3.107341e-06	3.493379e-06	3.856399e-06	24426
304281	-4.065873e-06	3.493396e-06	4.170480e-06	20594
181048	-3.107801e-06	3.493461e-06	3.855954e-06	24426
296025	-4.066378e-06	3.493504e-06	4.169897e-06	20594
172792	-3.108261e-06	3.493544e-06	3.855508e-06	24426
287769	-4.066883e-06	3.493611e-06	4.169314e-06	20594
164536	-3.108720e-06	3.493626e-06	3.855063e-06	24426
156280	-3.109180e-06	3.493709e-06	3.854617e-06	24426
279513	-4.067388e-06	3.493719e-06	4.168731e-06	20594
148024	-3.109640e-06	3.493791e-06	3.854172e-06	24426
271257	-4.067892e-06	3.493827e-06	4.168148e-06	20594
139768	-3.110099e-06	3.493873e-06	3.853726e-06	24426
263001	-4.068397e-06	3.493935e-06	4.167565e-06	20594
131512	-3.110559e-06	3.493956e-06	3.853280e-06	24426
123256	-3.111018e-06	3.494038e-06	3.852835e-06	24426
254745	-4.068901e-06	3.494043e-06	4.166982e-06	20594
115000	-3.111478e-06	3.494121e-06	3.852389e-06	24426
246489	-4.069406e-06	3.494151e-06	4.166399e-06	20594
106744	-3.111937e-06	3.494203e-06	3.851943e-06	24426
238233	-4.069911e-06	3.494259e-06	4.165815e-06	20594
98488	-3.112397e-06	3.494286e-06	3.851497e-06	24426
229977	-4.070415e-06	3.494367e-06	4.165232e-06	20594
90232	-3.112856e-06	3.494368e-06	3.851051e-06	24426
81976	-3.113315e-06	3.494451e-06	3.850605e-06	24426
221721	-4.070919e-06	3.494475e-06	4.164649e-06	20594
73720	-3.113774e-06	3.494534e-06	3.850159e-06	24426
213465	-4.071423e-06	3.494583e-06	4.164066e-06	20594
65464	-3.114233e-06	3.494616e-06	3.849713e-06	24426
205209	-4.071927e-06	3.494691e-06	4.163482e-06	20594
57208	-3.114692e-06	3.494699e-06	3.849266e-06	24426
48952	-3.115151e-06	3.494781e-06	3.848820e-06	24426
196953	-4.072431e-06	3.494799e-06	4.162898e-06	20594
40696	-3.115610e-06	3.494864e-06	3.848374e-06	24426
188697	-4.072935e-06	3.494907e-06	4.162315e-06	20594
32440	-3.116068e-06	3.494946e-06	3.847927e-06	24426
180441	-4.073439e-06	3.495015e-06	4.161731e-06	20594
24184	-3.116527e-06	3.495029e-06	3.847480e-06	24426
15928	-3.116986e-06	3.495112e-06	3.847034e-06	24426
172185	-4.073942e-06	3.495123e-06	4.161147e-06	20594
7672	-3.117444e-06	3.495195e-06	3.846587e-06	24426
163929	-4.074446e-06	3.495232e-06	4.160563e-06	20594
155673	-4.074949e-06	3.495340e-06	4.159979e-06	20594
147417	-4.075453e-06	3.495448e-06	4.159395e-06	20594
139161	-4.075956e-06	3.495556e-06	4.158811e-06	20594
130905	-4.076459e-06	3.495664e-06	4.158227e-06	20594
122649	-4.076962e-06	3.495772e-06	4.157643e-06	20594
114393	-4.077465e-06	3.495880e-06	4.157058e-06	20594
106137	-4.077968e-06	3.495989e-06	4.156474e-06	20594
97881	-4.078471e-06	3.496097e-06	4.155889e-06	20594
89625	-4.078974e-06	3.496205e-06	4.155305e-06	20594
81369	-4.079477e-06	3.496313e-06	4.154720e-06	20594
73113	-4.079980e-06	3.496422e-06	4.154136e-06	20594
64857	-4.080482e-06	3.496530e-06	4.153551e-06	20594
56601	-4.080985e-06	3.496638e-06	4.152966e-06	20594
48345	-4.081487e-06	3.496746e-06	4.152381e-06	20594
40089	-4.081989e-06	3.496855e-06	4.151796e-06	20594
31833	-4.082491e-06	3.496963e-06	4.151211e-06	20594
23577	-4.082993e-06	3.497071e-06	4.150626e-06	20594
15321	-4.083495e-06	3.497180e-06	4.150041e-06	20594
7065	-4.083997e-06	3.497288e-06	4.149455e-06	20594
1155011	-3.221914e-06	3.502238e-06	3.928066e-06	22648
1146755	-3.222384e-06	3.502323e-06	3.927604e-06	22648
1138499	-3.222854e-06	3.502408e-06	3.927142e-06	22648
1130243	-3.223324e-06	3.502494e-06	3.926680e-06	22648
1121987	-3.223794e-06	3.502579e-06	3.926219e-06	22648
1113731	-3.224263e-06	3.502665e-06	3.925757e-06	22648
1105475	-3.224733e-06	3.502750e-06	3.925295e-06	22648
1097219	-3.225203e-06	3.502836e-06	3.924832e-06	22648
1088963	-3.225672e-06	3.502922e-06	3.924370e-06	22648
1080707	-3.226141e-06	3.503007e-06	3.923908e-06	22648
1072451	-3.226611e-06	3.503093e-06	3.923446e-06	22648
1064195	-3.227080e-06	3.503178e-06	3.922983e-06	22648
1055939	-3.227549e-06	3.503264e-06	3.922521e-06	22648
1047683	-3.228019e-06	3.503349e-06	3.922058e-06	22648
1039427	-3.228488e-06	3.503435e-06	3.921596e-06	22648
1031171	-3.228957e-06	3.503520e-06	3.921133e-06	22648
1022915	-3.229426e-06	3.503606e-06	3.920670e-06	22648
1014659	-3.229894e-06	3.503692e-06	3.920207e-06	22648
1006403	-3.230363e-06	3.503777e-06	3.919744e-06	22648
998147	-3.230832e-06	3.503863e-06	3.919281e-06	22648
989891	-3.231301e-06	3.503949e-06	3.918818e-06	22648
981635	-3.231769e-06	3.504035e-06	3.918356e-06	22648
973379	-3.232238e-06	3.504120e-06	3.917892e-06	22648
965123	-3.232706e-06	3.504206e-06	3.917429e-06	22648
956867	-3.233175e-06	3.504292e-06	3.916966e-06	22648
948611	-3.233643e-06	3.504377e-06	3.916502e-06	22648
940355	-3.234111e-06	3.504463e-06	3.916039e-06	22648
932099	-3.234579e-06	3.504549e-06	3.915576e-06	22648
923843	-3.235048e-06	3.504635e-06	3.915112e-06	22648
915587	-3.235516e-06	3.504721e-06	3.914648e-06	22648
907331	-3.235984e-06	3.504806e-06	3.914185e-06	22648
899075	-3.236451e-06	3.504892e-06	3.913721e-06	22648
890819	-3.236919e-06	3.504978e-06	3.913257e-06	22648
882563	-3.237387e-06	3.505064e-06	3.912793e-06	22648
874307	-3.237855e-06	3.505150e-06	3.912329e-06	22648
866051	-3.238323e-06	3.505236e-06	3.911865e-06	22648
857795	-3.238790e-06	3.505322e-06	3.911401e-06	22648
849539	-3.239257e-06	3.505407e-06	3.910937e-06	22648
841283	-3.239725e-06	3.505493e-06	3.910473e-06	22648
833027	-3.240192e-06	3.505579e-06	3.910009e-06	22648
824771	-3.240660e-06	3.505665e-06	3.909544e-06	22648
816515	-3.241127e-06	3.505751e-06	3.909080e-06	22648
808259	-3.241594e-06	3.505837e-06	3.908615e-06	22648
800003	-3.242061e-06	3.505923e-06	3.908151e-06	22648
791747	-3.242528e-06	3.506009e-06	3.907686e-06	22648
783491	-3.242995e-06	3.506095e-06	3.907222e-06	22648
775235	-3.243462e-06	3.506181e-06	3.906757e-06	22648
766979	-3.243929e-06	3.506267e-06	3.906292e-06	22648
758723	-3.244396e-06	3.506353e-06	3.905827e-06	22648
750467	-3.244862e-06	3.506439e-06	3.905362e-06	22648
742211	-3.245329e-06	3.506525e-06	3.904897e-06	22648
733955	-3.245795e-06	3.506611e-06	3.904432e-06	22648
725699	-3.246262e-06	3.506697e-06	3.903967e-06	22648
717443	-3.246728e-06	3.506783e-06	3.903502e-06	22648
709187	-3.247195e-06	3.506869e-06	3.903036e-06	22648
700931	-3.247661e-06	3.506955e-06	3.902571e-06	22648
692675	-3.248127e-06	3.507042e-06	3.902106e-06	22648
684419	-3.248593e-06	3.507128e-06	3.901640e-06	22648
676163	-3.249059e-06	3.507214e-06	3.901175e-06	22648
667907	-3.249525e-06	3.507300e-06	3.900709e-06	22648
659651	-3.249991e-06	3.507386e-06	3.900243e-06	22648
651395	-3.250457e-06	3.507472e-06	3.899778e-06	22648
643139	-3.250923e-06	3.507559e-06	3.899312e-06	22648
634883	-3.251389e-06	3.507645e-06	3.898846e-06	22648
626627	-3.251854e-06	3.507731e-06	3.898380e-06	22648
618371	-3.252320e-06	3.507817e-06	3.897914e-06	22648
610115	-3.252785e-06	3.507904e-06	3.897448e-06	22648
601859	-3.253250e-06	3.507990e-06	3.896982e-06	22648
593603	-3.253716e-06	3.508076e-06	3.896515e-06	22648
585347	-3.254181e-06	3.508163e-06	3.896049e-06	22648
577091	-3.254647e-06	3.508249e-06	3.895583e-06	22648
568835	-3.255112e-06	3.508335e-06	3.895117e-06	22648
560579	-3.255577e-06	3.508421e-06	3.894650e-06	22648
552323	-3.256042e-06	3.508508e-06	3.894183e-06	22648
544067	-3.256507e-06	3.508594e-06	3.893717e-06	22648
535811	-3.256971e-06	3.508680e-06	3.893250e-06	22648
527555	-3.257436e-06	3.508767e-06	3.892783e-06	22648
519299	-3.257901e-06	3.508853e-06	3.892317e-06	22648
511043	-3.258366e-06	3.508940e-06	3.891850e-06	22648
502787	-3.258830e-06	3.509026e-06	3.891383e-06	22648
494531	-3.259295e-06	3.509113e-06	3.890916e-06	22648
486275	-3.259759e-06	3.509199e-06	3.890449e-06	22648
478019	-3.260224e-06	3.509285e-06	3.889982e-06	22648
469763	-3.260688e-06	3.509372e-06	3.889514e-06	22648
461507	-3.261152e-06	3.509458e-06	3.889047e-06	22648
453251	-3.261616e-06	3.509545e-06	3.888580e-06	22648
444995	-3.262081e-06	3.509631e-06	3.888112e-06	22648
436739	-3.262545e-06	3.509718e-06	3.887645e-06	22648
428483	-3.263009e-06	3.509804e-06	3.887177e-06	22648
420227	-3.263473e-06	3.509891e-06	3.886710e-06	22648
411971	-3.263936e-06	3.509977e-06	3.886242e-06	22648
403715	-3.264400e-06	3.510064e-06	3.885774e-06	22648
395459	-3.264864e-06	3.510150e-06	3.885306e-06	22648
387203	-3.265327e-06	3.510237e-06	3.884838e-06	22648
378947	-3.265791e-06	3.510324e-06	3.884370e-06	22648
370691	-3.266255e-06	3.510410e-06	3.883903e-06	22648
362435	-3.266718e-06	3.510497e-06	3.883435e-06	22648
354179	-3.267181e-06	3.510584e-06	3.882966e-06	22648
345923	-3.267645e-06	3.510670e-06	3.882498e-06	22648
337667	-3.268108e-06	3.510757e-06	3.882030e-06	22648
329411	-3.268571e-06	3.510844e-06	3.881561e-06	22648
321155	-3.269034e-06	3.510930e-06	3.881093e-06	22648
312899	-3.269497e-06	3.511017e-06	3.880625e-06	22648
304643	-3.269960e-06	3.511104e-06	3.880156e-06	22648
296387	-3.270423e-06	3.511190e-06	3.879687e-06	22648
288131	-3.270886e-06	3.511277e-06	3.879219e-06	22648
279875	-3.271349e-06	3.511364e-06	3.878750e-06	22648
271619	-3.271811e-06	3.511451e-06	3.878281e-06	22648
263363	-3.272274e-06	3.511537e-06	3.877813e-06	22648
255107	-3.272736e-06	3.511624e-06	3.877343e-06	22648
246851	-3.273199e-06	3.511711e-06	3.876874e-06	22648
238595	-3.273661e-06	3.511798e-06	3.876405e-06	22648
230339	-3.274123e-06	3.511885e-06	3.875936e-06	22648
222083	-3.274586e-06	3.511971e-06	3.875467e-06	22648
213827	-3.275048e-06	3.512058e-06	3.874998e-06	22648
205571	-3.275510e-06	3.512145e-06	3.874528e-06	22648
197315	-3.275972e-06	3.512232e-06	3.874059e-06	22648
189059	-3.276434e-06	3.512319e-06	3.873589e-06	22648
180803	-3.276896e-06	3.512406e-06	3.873120e-06	22648
172547	-3.277358e-06	3.512493e-06	3.872650e-06	22648
164291	-3.277819e-06	3.512580e-06	3.872181e-06	22648
156035	-3.278281e-06	3.512667e-06	3.871711e-06	22648
147779	-3.278743e-06	3.512754e-06	3.871241e-06	22648
139523	-3.279204e-06	3.512841e-06	3.870771e-06	22648
131267	-3.279666e-06	3.512928e-06	3.870301e-06	22648
123011	-3.280127e-06	3.513014e-06	3.869831e-06	22648
114755	-3.280588e-06	3.513102e-06	3.869361e-06	22648
106499	-3.281050e-06	3.513189e-06	3.868891e-06	22648
98243	-3.281511e-06	3.513275e-06	3.868421e-06	22648
89987	-3.281972e-06	3.513363e-06	3.867950e-06	22648
81731	-3.282433e-06	3.513450e-06	3.867480e-06	22648
73475	-3.282894e-06	3.513537e-06	3.867010e-06	22648
65219	-3.283355e-06	3.513624e-06	3.866539e-06	22648
56963	-3.283816e-06	3.513711e-06	3.866069e-06	22648
48707	-3.284277e-06	3.513798e-06	3.865599e-06	22648
40451	-3.284737e-06	3.513885e-06	3.865128e-06	22648
32195	-3.285198e-06	3.513972e-06	3.864657e-06	22648
23939	-3.285659e-06	3.514059e-06	3.864186e-06	22648
15683	-3.286119e-06	3.514147e-06	3.863715e-06	22648
7427	-3.286579e-06	3.514234e-06	3.863244e-06	22648
1155010	-3.214908e-06	3.534692e-06	3.951645e-06	22647
1146754	-3.215381e-06	3.534777e-06	3.951184e-06	22647
1138498	-3.215853e-06	3.534862e-06	3.950724e-06	22647
1130242	-3.216325e-06	3.534948e-06	3.950262e-06	22647
1121986	-3.216798e-06	3.535033e-06	3.949802e-06	22647
1113730	-3.217270e-06	3.535118e-06	3.949341e-06	22647
1105474	-3.217742e-06	3.535204e-06	3.948880e-06	22647
1097218	-3.218214e-06	3.535289e-06	3.948418e-06	22647
1088962	-3.218686e-06	3.535374e-06	3.947957e-06	22647
1080706	-3.219158e-06	3.535460e-06	3.947496e-06	22647
1072450	-3.219630e-06	3.535545e-06	3.947035e-06	22647
1064194	-3.220102e-06	3.535630e-06	3.946574e-06	22647
1055938	-3.220573e-06	3.535716e-06	3.946112e-06	22647
1047682	-3.221045e-06	3.535801e-06	3.945650e-06	22647
1039426	-3.221517e-06	3.535886e-06	3.945189e-06	22647
1031170	-3.221988e-06	3.535972e-06	3.944727e-06	22647
1022914	-3.222460e-06	3.536057e-06	3.944265e-06	22647
1014658	-3.222931e-06	3.536143e-06	3.943804e-06	22647
1006402	-3.223402e-06	3.536228e-06	3.943342e-06	22647
998146	-3.223874e-06	3.536314e-06	3.942880e-06	22647
989890	-3.224345e-06	3.536399e-06	3.942418e-06	22647
981634	-3.224816e-06	3.536485e-06	3.941956e-06	22647
973378	-3.225287e-06	3.536570e-06	3.941494e-06	22647
965122	-3.225758e-06	3.536656e-06	3.941032e-06	22647
956866	-3.226229e-06	3.536741e-06	3.940569e-06	22647
948610	-3.226700e-06	3.536827e-06	3.940107e-06	22647
940354	-3.227171e-06	3.536913e-06	3.939645e-06	22647
932098	-3.227641e-06	3.536998e-06	3.939182e-06	22647
923842	-3.228112e-06	3.537084e-06	3.938719e-06	22647
915586	-3.228583e-06	3.537169e-06	3.938257e-06	22647
907330	-3.229053e-06	3.537255e-06	3.937794e-06	22647
899074	-3.229524e-06	3.537340e-06	3.937331e-06	22647
890818	-3.229994e-06	3.537426e-06	3.936868e-06	22647
882562	-3.230464e-06	3.537512e-06	3.936406e-06	22647
874306	-3.230934e-06	3.537597e-06	3.935942e-06	22647
866050	-3.231405e-06	3.537683e-06	3.935480e-06	22647
857794	-3.231875e-06	3.537769e-06	3.935017e-06	22647
849538	-3.232345e-06	3.537855e-06	3.934554e-06	22647
841282	-3.232815e-06	3.537940e-06	3.934090e-06	22647
833026	-3.233285e-06	3.538026e-06	3.933627e-06	22647
824770	-3.233754e-06	3.538112e-06	3.933163e-06	22647
816514	-3.234224e-06	3.538197e-06	3.932700e-06	22647
808258	-3.234694e-06	3.538283e-06	3.932237e-06	22647
800002	-3.235163e-06	3.538369e-06	3.931773e-06	22647
791746	-3.235633e-06	3.538455e-06	3.931309e-06	22647
783490	-3.236102e-06	3.538541e-06	3.930846e-06	22647
775234	-3.236572e-06	3.538627e-06	3.930382e-06	22647
766978	-3.237041e-06	3.538712e-06	3.929918e-06	22647
758722	-3.237510e-06	3.538798e-06	3.929455e-06	22647
750466	-3.237980e-06	3.538884e-06	3.928990e-06	22647
742210	-3.238449e-06	3.538970e-06	3.928526e-06	22647
733954	-3.238918e-06	3.539056e-06	3.928062e-06	22647
725698	-3.239387e-06	3.539142e-06	3.927598e-06	22647
717442	-3.239856e-06	3.539228e-06	3.927134e-06	22647
709186	-3.240325e-06	3.539313e-06	3.926670e-06	22647
700930	-3.240793e-06	3.539399e-06	3.926205e-06	22647
692674	-3.241262e-06	3.539485e-06	3.925741e-06	22647
684418	-3.241731e-06	3.539571e-06	3.925276e-06	22647
676162	-3.242199e-06	3.539657e-06	3.924812e-06	22647
667906	-3.242668e-06	3.539743e-06	3.924347e-06	22647
659650	-3.243136e-06	3.539829e-06	3.923883e-06	22647
651394	-3.243605e-06	3.539915e-06	3.923418e-06	22647
643138	-3.244073e-06	3.540001e-06	3.922953e-06	22647
634882	-3.244541e-06	3.540087e-06	3.922488e-06	22647
626626	-3.245009e-06	3.540173e-06	3.922023e-06	22647
618370	-3.245478e-06	3.540260e-06	3.921558e-06	22647
610114	-3.245945e-06	3.540345e-06	3.921093e-06	22647
601858	-3.246413e-06	3.540432e-06	3.920628e-06	22647
593602	-3.246881e-06	3.540518e-06	3.920162e-06	22647
585346	-3.247349e-06	3.540604e-06	3.919697e-06	22647
577090	-3.247817e-06	3.540690e-06	3.919232e-06	22647
568834	-3.248285e-06	3.540776e-06	3.918766e-06	22647
560578	-3.248752e-06	3.540862e-06	3.918301e-06	22647
552322	-3.249220e-06	3.540948e-06	3.917835e-06	22647
544066	-3.249687e-06	3.541035e-06	3.917370e-06	22647
535810	-3.250155e-06	3.541121e-06	3.916904e-06	22647
527554	-3.250622e-06	3.541207e-06	3.916438e-06	22647
519298	-3.251089e-06	3.541293e-06	3.915972e-06	22647
511042	-3.251557e-06	3.541379e-06	3.915507e-06	22647
502786	-3.252024e-06	3.541466e-06	3.915040e-06	22647
494530	-3.252491e-06	3.541552e-06	3.914574e-06	22647
486274	-3.252958e-06	3.541638e-06	3.914108e-06	22647
478018	-3.253425e-06	3.541724e-06	3.913642e-06	22647
469762	-3.253891e-06	3.541811e-06	3.913176e-06	22647
461506	-3.254358e-06	3.541897e-06	3.912710e-06	22647
453250	-3.254825e-06	3.541983e-06	3.912243e-06	22647
444994	-3.255292e-06	3.542070e-06	3.911777e-06	22647
436738	-3.255758e-06	3.542156e-06	3.911310e-06	22647
428482	-3.256225e-06	3.542242e-06	3.910844e-06	22647
420226	-3.256691e-06	3.542329e-06	3.910377e-06	22647
411970	-3.257157e-06	3.542415e-06	3.909910e-06	22647
403714	-3.257624e-06	3.542501e-06	3.909443e-06	22647
395458	-3.258090e-06	3.542588e-06	3.908977e-06	22647
387202	-3.258556e-06	3.542674e-06	3.908510e-06	22647
378946	-3.259022e-06	3.542761e-06	3.908043e-06	22647
370690	-3.259488e-06	3.542847e-06	3.907576e-06	22647
362434	-3.259954e-06	3.542933e-06	3.907109e-06	22647
354178	-3.260420e-06	3.543020e-06	3.906642e-06	22647
345922	-3.260886e-06	3.543106e-06	3.906174e-06	22647
337666	-3.261352e-06	3.543193e-06	3.905707e-06	22647
329410	-3.261817e-06	3.543279e-06	3.905240e-06	22647
321154	-3.262283e-06	3.543366e-06	3.904772e-06	22647
312898	-3.262749e-06	3.543452e-06	3.904305e-06	22647
304642	-3.263214e-06	3.543539e-06	3.903837e-06	22647
296386	-3.263679e-06	3.543625e-06	3.903369e-06	22647
288130	-3.264145e-06	3.543712e-06	3.902902e-06	22647
279874	-3.264610e-06	3.543799e-06	3.902434e-06	22647
271618	-3.265075e-06	3.543885e-06	3.901966e-06	22647
263362	-3.265540e-06	3.543972e-06	3.901498e-06	22647
255106	-3.266005e-06	3.544058e-06	3.901030e-06	22647
246850	-3.266470e-06	3.544145e-06	3.900562e-06	22647
238594	-3.266935e-06	3.544232e-06	3.900094e-06	22647
230338	-3.267400e-06	3.544318e-06	3.899626e-06	22647
222082	-3.267865e-06	3.544405e-06	3.899158e-06	22647
213826	-3.268329e-06	3.544492e-06	3.898690e-06	22647
205570	-3.268794e-06	3.544578e-06	3.898221e-06	22647
197314	-3.269259e-06	3.544665e-06	3.897753e-06	22647
189058	-3.269723e-06	3.544752e-06	3.897284e-06	22647
180802	-3.270188e-06	3.544838e-06	3.896816e-06	22647
172546	-3.270652e-06	3.544925e-06	3.896347e-06	22647
164290	-3.271116e-06	3.545012e-06	3.895878e-06	22647
156034	-3.271581e-06	3.545098e-06	3.895409e-06	22647
147778	-3.272045e-06	3.545185e-06	3.894941e-06	22647
139522	-3.272509e-06	3.545272e-06	3.894472e-06	22647
131266	-3.272973e-06	3.545359e-06	3.894003e-06	22647
123010	-3.273437e-06	3.545446e-06	3.893534e-06	22647
114754	-3.273901e-06	3.545533e-06	3.893065e-06	22647
106498	-3.274364e-06	3.545619e-06	3.892595e-06	22647
98242	-3.274828e-06	3.545706e-06	3.892126e-06	22647
89986	-3.275292e-06	3.545793e-06	3.891657e-06	22647
81730	-3.275755e-06	3.545880e-06	3.891188e-06	22647
73474	-3.276219e-06	3.545967e-06	3.890718e-06	22647
65218	-3.276682e-06	3.546054e-06	3.890249e-06	22647
56962	-3.277146e-06	3.546141e-06	3.889779e-06	22647
48706	-3.277609e-06	3.546228e-06	3.889309e-06	22647
40450	-3.278072e-06	3.546314e-06	3.888840e-06	22647
32194	-3.278536e-06	3.546401e-06	3.888370e-06	22647
23938	-3.278999e-06	3.546488e-06	3.887900e-06	22647
15682	-3.279462e-06	3.546575e-06	3.887430e-06	22647
7426	-3.279925e-06	3.546662e-06	3.886960e-06	22647
1153679	-2.679795e-06	3.555999e-06	3.809027e-06	16241
1145423	-2.680247e-06	3.556070e-06	3.808643e-06	16241
1137167	-2.680698e-06	3.556141e-06	3.808259e-06	16241
1128911	-2.681149e-06	3.556212e-06	3.807875e-06	16241
1120655	-2.681601e-06	3.556283e-06	3.807491e-06	16241
1112399	-2.682052e-06	3.556354e-06	3.807106e-06	16241
1104143	-2.682503e-06	3.556425e-06	3.806722e-06	16241
1095887	-2.682954e-06	3.556496e-06	3.806338e-06	16241
1087631	-2.683405e-06	3.556567e-06	3.805953e-06	16241
1079375	-2.683857e-06	3.556638e-06	3.805569e-06	16241
1071119	-2.684307e-06	3.556710e-06	3.805184e-06	16241
1062863	-2.684758e-06	3.556781e-06	3.804800e-06	16241
1054607	-2.685209e-06	3.556852e-06	3.804415e-06	16241
1046351	-2.685660e-06	3.556923e-06	3.804030e-06	16241
1038095	-2.686111e-06	3.556994e-06	3.803645e-06	16241
1029839	-2.686561e-06	3.557065e-06	3.803261e-06	16241
1021583	-2.687012e-06	3.557137e-06	3.802876e-06	16241
1013327	-2.687463e-06	3.557208e-06	3.802490e-06	16241
1005071	-2.687913e-06	3.557279e-06	3.802106e-06	16241
996815	-2.688364e-06	3.557350e-06	3.801720e-06	16241
988559	-2.688814e-06	3.557421e-06	3.801335e-06	16241
980303	-2.689264e-06	3.557493e-06	3.800950e-06	16241
972047	-2.689715e-06	3.557564e-06	3.800564e-06	16241
963791	-2.690165e-06	3.557635e-06	3.800179e-06	16241
955535	-2.690615e-06	3.557707e-06	3.799794e-06	16241
947279	-2.691065e-06	3.557778e-06	3.799408e-06	16241
939023	-2.691515e-06	3.557849e-06	3.799023e-06	16241
930767	-2.691965e-06	3.557921e-06	3.798637e-06	16241
922511	-2.692415e-06	3.557992e-06	3.798251e-06	16241
914255	-2.692865e-06	3.558063e-06	3.797865e-06	16241
905999	-2.693315e-06	3.558134e-06	3.797479e-06	16241
897743	-2.693765e-06	3.558206e-06	3.797094e-06	16241
889487	-2.694214e-06	3.558277e-06	3.796707e-06	16241
881231	-2.694664e-06	3.558349e-06	3.796322e-06	16241
872975	-2.695114e-06	3.558420e-06	3.795935e-06	16241
864719	-2.695563e-06	3.558492e-06	3.795549e-06	16241
856463	-2.696013e-06	3.558563e-06	3.795163e-06	16241
848207	-2.696462e-06	3.558634e-06	3.794777e-06	16241
839951	-2.696911e-06	3.558706e-06	3.794390e-06	16241
831695	-2.697361e-06	3.558778e-06	3.794004e-06	16241
823439	-2.697810e-06	3.558849e-06	3.793617e-06	16241
815183	-2.698259e-06	3.558921e-06	3.793231e-06	16241
806927	-2.698708e-06	3.558992e-06	3.792844e-06	16241
798671	-2.699157e-06	3.559064e-06	3.792457e-06	16241
790415	-2.699606e-06	3.559135e-06	3.792071e-06	16241
782159	-2.700055e-06	3.559207e-06	3.791684e-06	16241
773903	-2.700504e-06	3.559278e-06	3.791297e-06	16241
765647	-2.700953e-06	3.559350e-06	3.790910e-06	16241
757391	-2.701402e-06	3.559421e-06	3.790523e-06	16241
749135	-2.701851e-06	3.559493e-06	3.790136e-06	16241
740879	-2.702299e-06	3.559564e-06	3.789749e-06	16241
732623	-2.702748e-06	3.559636e-06	3.789362e-06	16241
724367	-2.703197e-06	3.559708e-06	3.788974e-06	16241
716111	-2.703645e-06	3.559779e-06	3.788587e-06	16241
707855	-2.704094e-06	3.559851e-06	3.788200e-06	16241
699599	-2.704542e-06	3.559923e-06	3.787812e-06	16241
691343	-2.704990e-06	3.559994e-06	3.787425e-06	16241
683087	-2.705438e-06	3.560066e-06	3.787037e-06	16241
674831	-2.705887e-06	3.560138e-06	3.786649e-06	16241
666575	-2.706335e-06	3.560210e-06	3.786262e-06	16241
658319	-2.706783e-06	3.560281e-06	3.785874e-06	16241
650063	-2.707231e-06	3.560353e-06	3.785486e-06	16241
641807	-2.707679e-06	3.560425e-06	3.785098e-06	16241
633551	-2.708127e-06	3.560496e-06	3.784710e-06	16241
625295	-2.708575e-06	3.560568e-06	3.784322e-06	16241
617039	-2.709023e-06	3.560640e-06	3.783934e-06	16241
608783	-2.709470e-06	3.560712e-06	3.783546e-06	16241
600527	-2.709918e-06	3.560784e-06	3.783158e-06	16241
592271	-2.710366e-06	3.560855e-06	3.782769e-06	16241
584015	-2.710813e-06	3.560927e-06	3.782381e-06	16241
575759	-2.711261e-06	3.560999e-06	3.781993e-06	16241
567503	-2.711708e-06	3.561071e-06	3.781604e-06	16241
559247	-2.712156e-06	3.561143e-06	3.781215e-06	16241
550991	-2.712603e-06	3.561215e-06	3.780827e-06	16241
542735	-2.713050e-06	3.561287e-06	3.780438e-06	16241
534479	-2.713497e-06	3.561359e-06	3.780049e-06	16241
526223	-2.713945e-06	3.561431e-06	3.779661e-06	16241
517967	-2.714392e-06	3.561502e-06	3.779272e-06	16241
509711	-2.714839e-06	3.561574e-06	3.778883e-06	16241
501455	-2.715286e-06	3.561646e-06	3.778494e-06	16241
493199	-2.715733e-06	3.561718e-06	3.778105e-06	16241
484943	-2.716180e-06	3.561790e-06	3.777715e-06	16241
476687	-2.716627e-06	3.561862e-06	3.777326e-06	16241
468431	-2.717073e-06	3.561934e-06	3.776937e-06	16241
460175	-2.717520e-06	3.562006e-06	3.776548e-06	16241
451919	-2.717967e-06	3.562078e-06	3.776158e-06	16241
443663	-2.718413e-06	3.562150e-06	3.775769e-06	16241
435407	-2.718860e-06	3.562222e-06	3.775379e-06	16241
427151	-2.719306e-06	3.562295e-06	3.774990e-06	16241
418895	-2.719753e-06	3.562367e-06	3.774600e-06	16241
410639	-2.720199e-06	3.562439e-06	3.774210e-06	16241
402383	-2.720645e-06	3.562511e-06	3.773821e-06	16241
394127	-2.721092e-06	3.562583e-06	3.773431e-06	16241
385871	-2.721538e-06	3.562655e-06	3.773041e-06	16241
377615	-2.721984e-06	3.562727e-06	3.772651e-06	16241
369359	-2.722430e-06	3.562799e-06	3.772261e-06	16241
361103	-2.722876e-06	3.562871e-06	3.771871e-06	16241
352847	-2.723322e-06	3.562943e-06	3.771481e-06	16241
344591	-2.723768e-06	3.563016e-06	3.771090e-06	16241
336335	-2.724214e-06	3.563088e-06	3.770700e-06	16241
328079	-2.724660e-06	3.563160e-06	3.770310e-06	16241
319823	-2.725106e-06	3.563232e-06	3.769919e-06	16241
311567	-2.725551e-06	3.563305e-06	3.769529e-06	16241
303311	-2.725997e-06	3.563377e-06	3.769138e-06	16241
295055	-2.726442e-06	3.563449e-06	3.768748e-06	16241
286799	-2.726888e-06	3.563521e-06	3.768357e-06	16241
278543	-2.727333e-06	3.563594e-06	3.767966e-06	16241
270287	-2.727779e-06	3.563666e-06	3.767576e-06	16241
262031	-2.728224e-06	3.563738e-06	3.767185e-06	16241
253775	-2.728669e-06	3.563810e-06	3.766794e-06	16241
245519	-2.729114e-06	3.563883e-06	3.766403e-06	16241
237263	-2.729560e-06	3.563955e-06	3.766012e-06	16241
229007	-2.730005e-06	3.564028e-06	3.765621e-06	16241
220751	-2.730450e-06	3.564100e-06	3.765229e-06	16241
212495	-2.730895e-06	3.564172e-06	3.764838e-06	16241
204239	-2.731340e-06	3.564245e-06	3.764447e-06	16241
195983	-2.731785e-06	3.564317e-06	3.764055e-06	16241
187727	-2.732229e-06	3.564389e-06	3.763664e-06	16241
179471	-2.732674e-06	3.564462e-06	3.763273e-06	16241
171215	-2.733119e-06	3.564534e-06	3.762881e-06	16241
162959	-2.733563e-06	3.564607e-06	3.762489e-06	16241
154703	-2.734008e-06	3.564679e-06	3.762098e-06	16241
146447	-2.734453e-06	3.564752e-06	3.761706e-06	16241
138191	-2.734897e-06	3.564824e-06	3.761314e-06	16241
129935	-2.735341e-06	3.564897e-06	3.760922e-06	16241
121679	-2.735786e-06	3.564969e-06	3.760530e-06	16241
113423	-2.736230e-06	3.565042e-06	3.760138e-06	16241
105167	-2.736674e-06	3.565114e-06	3.759746e-06	16241
96911	-2.737118e-06	3.565187e-06	3.759354e-06	16241
88655	-2.737562e-06	3.565259e-06	3.758962e-06	16241
80399	-2.738007e-06	3.565332e-06	3.758570e-06	16241
72143	-2.738451e-06	3.565404e-06	3.758177e-06	16241
63887	-2.738895e-06	3.565477e-06	3.757785e-06	16241
55631	-2.739338e-06	3.565550e-06	3.757393e-06	16241
47375	-2.739782e-06	3.565622e-06	3.757000e-06	16241
39119	-2.740226e-06	3.565695e-06	3.756607e-06	16241
30863	-2.740670e-06	3.565767e-06	3.756215e-06	16241
22607	-2.741113e-06	3.565840e-06	3.755822e-06	16241
14351	-2.741557e-06	3.565913e-06	3.755429e-06	16241
6095	-2.742001e-06	3.565985e-06	3.755036e-06	16241
1154393	-3.232329e-06	3.641279e-06	4.073163e-06	19313
1146137	-3.232816e-06	3.641364e-06	4.072700e-06	19313
1137881	-3.233303e-06	3.641450e-06	4.072236e-06	19313
1129625	-3.233790e-06	3.641536e-06	4.071773e-06	19313
1121369	-3.234277e-06	3.641622e-06	4.071309e-06	19313
1113113	-3.234764e-06	3.641707e-06	4.070846e-06	19313
1104857	-3.235250e-06	3.641793e-06	4.070383e-06	19313
1096601	-3.235737e-06	3.641879e-06	4.069919e-06	19313
1088345	-3.236224e-06	3.641965e-06	4.069455e-06	19313
1080089	-3.236710e-06	3.642050e-06	4.068992e-06	19313
1071833	-3.237197e-06	3.642136e-06	4.068528e-06	19313
1063577	-3.237683e-06	3.642222e-06	4.068064e-06	19313
1055321	-3.238169e-06	3.642308e-06	4.067600e-06	19313
1047065	-3.238656e-06	3.642394e-06	4.067136e-06	19313
1038809	-3.239142e-06	3.642480e-06	4.066671e-06	19313
1030553	-3.239628e-06	3.642566e-06	4.066208e-06	19313
1022297	-3.240114e-06	3.642652e-06	4.065743e-06	19313
1014041	-3.240600e-06	3.642737e-06	4.065279e-06	19313
1005785	-3.241086e-06	3.642823e-06	4.064814e-06	19313
997529	-3.241572e-06	3.642909e-06	4.064350e-06	19313
989273	-3.242058e-06	3.642995e-06	4.063886e-06	19313
981017	-3.242543e-06	3.643081e-06	4.063421e-06	19313
972761	-3.243029e-06	3.643167e-06	4.062956e-06	19313
964505	-3.243514e-06	3.643253e-06	4.062491e-06	19313
956249	-3.244000e-06	3.643339e-06	4.062027e-06	19313
947993	-3.244485e-06	3.643425e-06	4.061562e-06	19313
939737	-3.244971e-06	3.643511e-06	4.061097e-06	19313
931481	-3.245456e-06	3.643597e-06	4.060632e-06	19313
923225	-3.245941e-06	3.643683e-06	4.060167e-06	19313
914969	-3.246426e-06	3.643769e-06	4.059701e-06	19313
906713	-3.246912e-06	3.643856e-06	4.059236e-06	19313
898457	-3.247397e-06	3.643941e-06	4.058771e-06	19313
890201	-3.247882e-06	3.644028e-06	4.058305e-06	19313
881945	-3.248366e-06	3.644114e-06	4.057840e-06	19313
873689	-3.248851e-06	3.644200e-06	4.057375e-06	19313
865433	-3.249336e-06	3.644286e-06	4.056909e-06	19313
857177	-3.249821e-06	3.644372e-06	4.056444e-06	19313
848921	-3.250305e-06	3.644459e-06	4.055978e-06	19313
840665	-3.250790e-06	3.644545e-06	4.055512e-06	19313
832409	-3.251274e-06	3.644631e-06	4.055046e-06	19313
824153	-3.251758e-06	3.644717e-06	4.054580e-06	19313
815897	-3.252243e-06	3.644803e-06	4.054114e-06	19313
807641	-3.252727e-06	3.644889e-06	4.053648e-06	19313
799385	-3.253211e-06	3.644976e-06	4.053182e-06	19313
791129	-3.253695e-06	3.645062e-06	4.052716e-06	19313
782873	-3.254179e-06	3.645148e-06	4.052250e-06	19313
774617	-3.254663e-06	3.645235e-06	4.051783e-06	19313
766361	-3.255147e-06	3.645321e-06	4.051317e-06	19313
758105	-3.255631e-06	3.645407e-06	4.050850e-06	19313
749849	-3.256115e-06	3.645494e-06	4.050384e-06	19313
741593	-3.256599e-06	3.645580e-06	4.049917e-06	19313
733337	-3.257082e-06	3.645666e-06	4.049451e-06	19313
725081	-3.257566e-06	3.645752e-06	4.048984e-06	19313
716825	-3.258049e-06	3.645839e-06	4.048517e-06	19313
708569	-3.258533e-06	3.645925e-06	4.048050e-06	19313
700313	-3.259016e-06	3.646012e-06	4.047583e-06	19313
692057	-3.259499e-06	3.646098e-06	4.047116e-06	19313
683801	-3.259983e-06	3.646184e-06	4.046649e-06	19313
675545	-3.260466e-06	3.646271e-06	4.046182e-06	19313
667289	-3.260949e-06	3.646358e-06	4.045714e-06	19313
659033	-3.261432e-06	3.646444e-06	4.045247e-06	19313
650777	-3.261915e-06	3.646531e-06	4.044780e-06	19313
642521	-3.262398e-06	3.646617e-06	4.044312e-06	19313
634265	-3.262880e-06	3.646703e-06	4.043845e-06	19313
626009	-3.263363e-06	3.646790e-06	4.043377e-06	19313
617753	-3.263846e-06	3.646877e-06	4.042909e-06	19313
609497	-3.264328e-06	3.646963e-06	4.042442e-06	19313
601241	-3.264811e-06	3.647050e-06	4.041974e-06	19313
592985	-3.265293e-06	3.647136e-06	4.041506e-06	19313
584729	-3.265776e-06	3.647223e-06	4.041038e-06	19313
576473	-3.266258e-06	3.647309e-06	4.040570e-06	19313
568217	-3.266740e-06	3.647396e-06	4.040102e-06	19313
559961	-3.267222e-06	3.647483e-06	4.039634e-06	19313
551705	-3.267705e-06	3.647569e-06	4.039166e-06	19313
543449	-3.268187e-06	3.647656e-06	4.038698e-06	19313
535193	-3.268668e-06	3.647743e-06	4.038229e-06	19313
526937	-3.269151e-06	3.647829e-06	4.037761e-06	19313
518681	-3.269632e-06	3.647916e-06	4.037292e-06	19313
510425	-3.270114e-06	3.648003e-06	4.036824e-06	19313
502169	-3.270596e-06	3.648089e-06	4.036355e-06	19313
493913	-3.271077e-06	3.648176e-06	4.035886e-06	19313
485657	-3.271559e-06	3.648263e-06	4.035418e-06	19313
477401	-3.272040e-06	3.648350e-06	4.034949e-06	19313
469145	-3.272522e-06	3.648436e-06	4.034480e-06	19313
460889	-3.273003e-06	3.648523e-06	4.034011e-06	19313
452633	-3.273484e-06	3.648610e-06	4.033542e-06	19313
444377	-3.273966e-06	3.648697e-06	4.033073e-06	19313
436121	-3.274447e-06	3.648784e-06	4.032604e-06	19313
427865	-3.274928e-06	3.648870e-06	4.032135e-06	19313
419609	-3.275409e-06	3.648957e-06	4.031665e-06	19313
411353	-3.275890e-06	3.649044e-06	4.031196e-06	19313
403097	-3.276371e-06	3.649131e-06	4.030726e-06	19313
394841	-3.276851e-06	3.649218e-06	4.030257e-06	19313
386585	-3.277332e-06	3.649305e-06	4.029787e-06	19313
378329	-3.277813e-06	3.649392e-06	4.029318e-06	19313
370073	-3.278293e-06	3.649479e-06	4.028848e-06	19313
361817	-3.278774e-06	3.649566e-06	4.028378e-06	19313
353561	-3.279254e-06	3.649652e-06	4.027908e-06	19313
345305	-3.279735e-06	3.649739e-06	4.027438e-06	19313
337049	-3.280215e-06	3.649826e-06	4.026968e-06	19313
328793	-3.280695e-06	3.649913e-06	4.026498e-06	19313
320537	-3.281175e-06	3.650000e-06	4.026028e-06	19313
312281	-3.281655e-06	3.650087e-06	4.025558e-06	19313
304025	-3.282135e-06	3.650174e-06	4.025087e-06	19313
295769	-3.282615e-06	3.650262e-06	4.024617e-06	19313
287513	-3.283095e-06	3.650348e-06	4.024147e-06	19313
279257	-3.283575e-06	3.650435e-06	4.023676e-06	19313
271001	-3.284055e-06	3.650523e-06	4.023206e-06	19313
262745	-3.284534e-06	3.650610e-06	4.022735e-06	19313
254489	-3.285014e-06	3.650697e-06	4.022264e-06	19313
246233	-3.285493e-06	3.650784e-06	4.021794e-06	19313
237977	-3.285973e-06	3.650871e-06	4.021323e-06	19313
229721	-3.286452e-06	3.650958e-06	4.020852e-06	19313
221465	-3.286932e-06	3.651045e-06	4.020381e-06	19313
213209	-3.287411e-06	3.651133e-06	4.019910e-06	19313
204953	-3.287890e-06	3.651220e-06	4.019439e-06	19313
196697	-3.288369e-06	3.651307e-06	4.018968e-06	19313
188441	-3.288848e-06	3.651394e-06	4.018496e-06	19313
180185	-3.289327e-06	3.651481e-06	4.018025e-06	19313
171929	-3.289806e-06	3.651568e-06	4.017554e-06	19313
163673	-3.290285e-06	3.651656e-06	4.017083e-06	19313
155417	-3.290764e-06	3.651743e-06	4.016611e-06	19313
147161	-3.291242e-06	3.651830e-06	4.016139e-06	19313
138905	-3.291721e-06	3.651917e-06	4.015667e-06	19313
130649	-3.292200e-06	3.652005e-06	4.015196e-06	19313
122393	-3.292678e-06	3.652092e-06	4.014724e-06	19313
114137	-3.293156e-06	3.652179e-06	4.014252e-06	19313
105881	-3.293635e-06	3.652267e-06	4.013780e-06	19313
97625	-3.294113e-06	3.652354e-06	4.013308e-06	19313
89369	-3.294591e-06	3.652442e-06	4.012836e-06	19313
81113	-3.295070e-06	3.652529e-06	4.012364e-06	19313
72857	-3.295547e-06	3.652616e-06	4.011892e-06	19313
64601	-3.296025e-06	3.652704e-06	4.011420e-06	19313
56345	-3.296503e-06	3.652791e-06	4.010947e-06	19313
48089	-3.296981e-06	3.652879e-06	4.010475e-06	19313
39833	-3.297459e-06	3.652966e-06	4.010003e-06	19313
31577	-3.297937e-06	3.653053e-06	4.009530e-06	19313
23321	-3.298414e-06	3.653141e-06	4.009057e-06	19313
15065	-3.298892e-06	3.653228e-06	4.008585e-06	19313
6809	-3.299369e-06	3.653316e-06	4.008112e-06	19313
1155008	-2.902350e-06	3.657863e-06	3.934070e-06	22645
1146752	-2.902817e-06	3.657940e-06	3.933654e-06	22645
1138496	-2.903283e-06	3.658017e-06	3.933238e-06	22645
1130240	-2.903750e-06	3.658094e-06	3.932822e-06	22645
1121984	-2.904216e-06	3.658171e-06	3.932406e-06	22645
1113728	-2.904683e-06	3.658248e-06	3.931990e-06	22645
1105472	-2.905149e-06	3.658325e-06	3.931573e-06	22645
1097216	-2.905615e-06	3.658402e-06	3.931157e-06	22645
1088960	-2.906082e-06	3.658479e-06	3.930741e-06	22645
1080704	-2.906548e-06	3.658556e-06	3.930325e-06	22645
1072448	-2.907014e-06	3.658633e-06	3.929908e-06	22645
1064192	-2.907480e-06	3.658710e-06	3.929491e-06	22645
1055936	-2.907946e-06	3.658787e-06	3.929075e-06	22645
1047680	-2.908412e-06	3.658864e-06	3.928658e-06	22645
1039424	-2.908878e-06	3.658941e-06	3.928241e-06	22645
1031168	-2.909344e-06	3.659018e-06	3.927824e-06	22645
1022912	-2.909810e-06	3.659095e-06	3.927408e-06	22645
1014656	-2.910275e-06	3.659173e-06	3.926991e-06	22645
1006400	-2.910741e-06	3.659250e-06	3.926574e-06	22645
998144	-2.911207e-06	3.659327e-06	3.926156e-06	22645
989888	-2.911672e-06	3.659404e-06	3.925739e-06	22645
981632	-2.912137e-06	3.659481e-06	3.925322e-06	22645
973376	-2.912603e-06	3.659558e-06	3.924905e-06	22645
965120	-2.913068e-06	3.659635e-06	3.924487e-06	22645
956864	-2.913534e-06	3.659713e-06	3.924070e-06	22645
948608	-2.913999e-06	3.659790e-06	3.923652e-06	22645
940352	-2.914464e-06	3.659867e-06	3.923235e-06	22645
932096	-2.914929e-06	3.659944e-06	3.922818e-06	22645
923840	-2.915394e-06	3.660022e-06	3.922400e-06	22645
915584	-2.915859e-06	3.660099e-06	3.921982e-06	22645
907328	-2.916324e-06	3.660176e-06	3.921564e-06	22645
899072	-2.916789e-06	3.660254e-06	3.921146e-06	22645
890816	-2.917253e-06	3.660331e-06	3.920728e-06	22645
882560	-2.917718e-06	3.660408e-06	3.920310e-06	22645
874304	-2.918183e-06	3.660486e-06	3.919892e-06	22645
866048	-2.918647e-06	3.660563e-06	3.919474e-06	22645
857792	-2.919112e-06	3.660640e-06	3.919056e-06	22645
849536	-2.919576e-06	3.660718e-06	3.918638e-06	22645
841280	-2.920041e-06	3.660795e-06	3.918219e-06	22645
833024	-2.920505e-06	3.660873e-06	3.917801e-06	22645
824768	-2.920970e-06	3.660950e-06	3.917382e-06	22645
816512	-2.921434e-06	3.661027e-06	3.916964e-06	22645
808256	-2.921898e-06	3.661105e-06	3.916545e-06	22645
800000	-2.922362e-06	3.661182e-06	3.916126e-06	22645
791744	-2.922826e-06	3.661260e-06	3.915708e-06	22645
783488	-2.923290e-06	3.661337e-06	3.915289e-06	22645
775232	-2.923754e-06	3.661415e-06	3.914870e-06	22645
766976	-2.924218e-06	3.661492e-06	3.914451e-06	22645
758720	-2.924681e-06	3.661570e-06	3.914032e-06	22645
750464	-2.925145e-06	3.661647e-06	3.913613e-06	22645
742208	-2.925609e-06	3.661725e-06	3.913194e-06	22645
733952	-2.926073e-06	3.661802e-06	3.912774e-06	22645
725696	-2.926536e-06	3.661880e-06	3.912355e-06	22645
717440	-2.927000e-06	3.661958e-06	3.911936e-06	22645
709184	-2.927463e-06	3.662035e-06	3.911516e-06	22645
700928	-2.927926e-06	3.662113e-06	3.911097e-06	22645
692672	-2.928389e-06	3.662190e-06	3.910677e-06	22645
684416	-2.928853e-06	3.662268e-06	3.910258e-06	22645
676160	-2.929316e-06	3.662346e-06	3.909838e-06	22645
667904	-2.929779e-06	3.662423e-06	3.909418e-06	22645
659648	-2.930242e-06	3.662501e-06	3.908999e-06	22645
651392	-2.930705e-06	3.662579e-06	3.908578e-06	22645
643136	-2.931168e-06	3.662656e-06	3.908159e-06	22645
634880	-2.931631e-06	3.662734e-06	3.907739e-06	22645
626624	-2.932094e-06	3.662812e-06	3.907318e-06	22645
618368	-2.932556e-06	3.662889e-06	3.906898e-06	22645
610112	-2.933019e-06	3.662967e-06	3.906478e-06	22645
601856	-2.933481e-06	3.663045e-06	3.906058e-06	22645
593600	-2.933944e-06	3.663123e-06	3.905638e-06	22645
585344	-2.934407e-06	3.663200e-06	3.905217e-06	22645
577088	-2.934869e-06	3.663278e-06	3.904797e-06	22645
568832	-2.935331e-06	3.663356e-06	3.904376e-06	22645
560576	-2.935794e-06	3.663434e-06	3.903956e-06	22645
552320	-2.936256e-06	3.663512e-06	3.903535e-06	22645
544064	-2.936718e-06	3.663589e-06	3.903114e-06	22645
535808	-2.937180e-06	3.663667e-06	3.902693e-06	22645
527552	-2.937642e-06	3.663745e-06	3.902273e-06	22645
519296	-2.938104e-06	3.663823e-06	3.901851e-06	22645
511040	-2.938566e-06	3.663901e-06	3.901430e-06	22645
502784	-2.939028e-06	3.663979e-06	3.901009e-06	22645
494528	-2.939490e-06	3.664057e-06	3.900588e-06	22645
486272	-2.939951e-06	3.664135e-06	3.900167e-06	22645
478016	-2.940413e-06	3.664213e-06	3.899745e-06	22645
469760	-2.940875e-06	3.664291e-06	3.899324e-06	22645
461504	-2.941336e-06	3.664369e-06	3.898903e-06	22645
453248	-2.941798e-06	3.664447e-06	3.898481e-06	22645
444992	-2.942259e-06	3.664525e-06	3.898060e-06	22645
436736	-2.942721e-06	3.664603e-06	3.897638e-06	22645
428480	-2.943182e-06	3.664681e-06	3.897217e-06	22645
420224	-2.943643e-06	3.664759e-06	3.896795e-06	22645
411968	-2.944104e-06	3.664837e-06	3.896373e-06	22645
403712	-2.944565e-06	3.664915e-06	3.895951e-06	22645
395456	-2.945026e-06	3.664993e-06	3.895529e-06	22645
387200	-2.945487e-06	3.665071e-06	3.895107e-06	22645
378944	-2.945948e-06	3.665149e-06	3.894685e-06	22645
370688	-2.946409e-06	3.665227e-06	3.894263e-06	22645
362432	-2.946870e-06	3.665305e-06	3.893841e-06	22645
354176	-2.947331e-06	3.665383e-06	3.893419e-06	22645
345920	-2.947791e-06	3.665461e-06	3.892996e-06	22645
337664	-2.948252e-06	3.665540e-06	3.892574e-06	22645
329408	-2.948712e-06	3.665618e-06	3.892151e-06	22645
321152	-2.949173e-06	3.665696e-06	3.891729e-06	22645
312896	-2.949633e-06	3.665774e-06	3.891306e-06	22645
304640	-2.950094e-06	3.665852e-06	3.890884e-06	22645
296384	-2.950554e-06	3.665931e-06	3.890461e-06	22645
288128	-2.951014e-06	3.666009e-06	3.890038e-06	22645
279872	-2.951474e-06	3.666087e-06	3.889615e-06	22645
271616	-2.951934e-06	3.666165e-06	3.889192e-06	22645
263360	-2.952394e-06	3.666243e-06	3.888769e-06	22645
255104	-2.952854e-06	3.666322e-06	3.888346e-06	22645
246848	-2.953314e-06	3.666400e-06	3.887923e-06	22645
238592	-2.953774e-06	3.666478e-06	3.887500e-06	22645
230336	-2.954234e-06	3.666556e-06	3.887077e-06	22645
222080	-2.954694e-06	3.666635e-06	3.886653e-06	22645
213824	-2.955153e-06	3.666713e-06	3.886230e-06	22645
205568	-2.955613e-06	3.666792e-06	3.885807e-06	22645
197312	-2.956073e-06	3.666870e-06	3.885383e-06	22645
189056	-2.956532e-06	3.666948e-06	3.884959e-06	22645
180800	-2.956991e-06	3.667027e-06	3.884536e-06	22645
172544	-2.957451e-06	3.667105e-06	3.884112e-06	22645
164288	-2.957910e-06	3.667184e-06	3.883688e-06	22645
156032	-2.958369e-06	3.667262e-06	3.883265e-06	22645
147776	-2.958828e-06	3.667340e-06	3.882840e-06	22645
139520	-2.959287e-06	3.667419e-06	3.882416e-06	22645
131264	-2.959747e-06	3.667497e-06	3.881993e-06	22645
123008	-2.960206e-06	3.667576e-06	3.881568e-06	22645
114752	-2.960664e-06	3.667654e-06	3.881144e-06	22645
106496	-2.961123e-06	3.667733e-06	3.880720e-06	22645
98240	-2.961582e-06	3.667811e-06	3.880295e-06	22645
89984	-2.962041e-06	3.667890e-06	3.879871e-06	22645
81728	-2.962500e-06	3.667968e-06	3.879447e-06	22645
73472	-2.962958e-06	3.668047e-06	3.879022e-06	22645
65216	-2.963417e-06	3.668125e-06	3.878597e-06	22645
56960	-2.963875e-06	3.668204e-06	3.878173e-06	22645
48704	-2.964334e-06	3.668282e-06	3.877748e-06	22645
40448	-2.964792e-06	3.668361e-06	3.877324e-06	22645
32192	-2.965250e-06	3.668440e-06	3.876899e-06	22645
23936	-2.965708e-06	3.668518e-06	3.876474e-06	22645
15680	-2.966166e-06	3.668597e-06	3.876049e-06	22645
7424	-2.966625e-06	3.668676e-06	3.875624e-06	22645
1155009	-2.978177e-06	3.675883e-06	3.976194e-06	22646
1146753	-2.978649e-06	3.675962e-06	3.975768e-06	22646
1138497	-2.979122e-06	3.676041e-06	3.975341e-06	22646
1130241	-2.979594e-06	3.676120e-06	3.974914e-06	22646
1121985	-2.980066e-06	3.676199e-06	3.974487e-06	22646
1113729	-2.980538e-06	3.676278e-06	3.974060e-06	22646
1105473	-2.981010e-06	3.676357e-06	3.973633e-06	22646
1097217	-2.981482e-06	3.676436e-06	3.973206e-06	22646
1088961	-2.981953e-06	3.676515e-06	3.972778e-06	22646
1080705	-2.982425e-06	3.676594e-06	3.972351e-06	22646
1072449	-2.982897e-06	3.676673e-06	3.971924e-06	22646
1064193	-2.983368e-06	3.676752e-06	3.971496e-06	22646
1055937	-2.983840e-06	3.676831e-06	3.971069e-06	22646
1047681	-2.984312e-06	3.676910e-06	3.970642e-06	22646
1039425	-2.984783e-06	3.676989e-06	3.970214e-06	22646
1031169	-2.985254e-06	3.677068e-06	3.969786e-06	22646
1022913	-2.985726e-06	3.677148e-06	3.969358e-06	22646
1014657	-2.986197e-06	3.677227e-06	3.968930e-06	22646
1006401	-2.986668e-06	3.677306e-06	3.968502e-06	22646
998145	-2.987139e-06	3.677385e-06	3.968074e-06	22646
989889	-2.987610e-06	3.677464e-06	3.967647e-06	22646
981633	-2.988081e-06	3.677543e-06	3.967218e-06	22646
973377	-2.988552e-06	3.677623e-06	3.966790e-06	22646
965121	-2.989023e-06	3.677702e-06	3.966362e-06	22646
956865	-2.989494e-06	3.677781e-06	3.965934e-06	22646
948609	-2.989965e-06	3.677860e-06	3.965505e-06	22646
940353	-2.990435e-06	3.677940e-06	3.965077e-06	22646
932097	-2.990906e-06	3.678019e-06	3.964648e-06	22646
923841	-2.991376e-06	3.678098e-06	3.964220e-06	22646
915585	-2.991847e-06	3.678177e-06	3.963791e-06	22646
907329	-2.992317e-06	3.678257e-06	3.963362e-06	22646
899073	-2.992788e-06	3.678336e-06	3.962934e-06	22646
890817	-2.993258e-06	3.678415e-06	3.962505e-06	22646
882561	-2.993728e-06	3.678495e-06	3.962076e-06	22646
874305	-2.994198e-06	3.678574e-06	3.961647e-06	22646
866049	-2.994668e-06	3.678653e-06	3.961218e-06	22646
857793	-2.995138e-06	3.678733e-06	3.960788e-06	22646
849537	-2.995608e-06	3.678812e-06	3.960359e-06	22646
841281	-2.996078e-06	3.678892e-06	3.959930e-06	22646
833025	-2.996548e-06	3.678971e-06	3.959501e-06	22646
824769	-2.997018e-06	3.679050e-06	3.959071e-06	22646
816513	-2.997488e-06	3.679130e-06	3.958642e-06	22646
808257	-2.997957e-06	3.679209e-06	3.958212e-06	22646
800001	-2.998427e-06	3.679289e-06	3.957783e-06	22646
791745	-2.998896e-06	3.679369e-06	3.957353e-06	22646
783489	-2.999366e-06	3.679448e-06	3.956924e-06	22646
775233	-2.999835e-06	3.679527e-06	3.956493e-06	22646
766977	-3.000305e-06	3.679607e-06	3.956064e-06	22646
758721	-3.000774e-06	3.679686e-06	3.955634e-06	22646
750465	-3.001243e-06	3.679766e-06	3.955204e-06	22646
742209	-3.001712e-06	3.679846e-06	3.954774e-06	22646
733953	-3.002181e-06	3.679925e-06	3.954344e-06	22646
725697	-3.002650e-06	3.680005e-06	3.953914e-06	22646
717441	-3.003119e-06	3.680084e-06	3.953483e-06	22646
709185	-3.003588e-06	3.680164e-06	3.953053e-06	22646
700929	-3.004057e-06	3.680244e-06	3.952623e-06	22646
692673	-3.004526e-06	3.680323e-06	3.952192e-06	22646
684417	-3.004994e-06	3.680403e-06	3.951761e-06	22646
676161	-3.005463e-06	3.680483e-06	3.951331e-06	22646
667905	-3.005932e-06	3.680562e-06	3.950900e-06	22646
659649	-3.006400e-06	3.680642e-06	3.950469e-06	22646
651393	-3.006868e-06	3.680722e-06	3.950039e-06	22646
643137	-3.007337e-06	3.680801e-06	3.949608e-06	22646
634881	-3.007805e-06	3.680881e-06	3.949177e-06	22646
626625	-3.008273e-06	3.680961e-06	3.948746e-06	22646
618369	-3.008741e-06	3.681041e-06	3.948315e-06	22646
610113	-3.009210e-06	3.681120e-06	3.947884e-06	22646
601857	-3.009678e-06	3.681200e-06	3.947453e-06	22646
593601	-3.010146e-06	3.681280e-06	3.947021e-06	22646
585345	-3.010614e-06	3.681360e-06	3.946590e-06	22646
577089	-3.011082e-06	3.681439e-06	3.946158e-06	22646
568833	-3.011549e-06	3.681519e-06	3.945727e-06	22646
560577	-3.012017e-06	3.681599e-06	3.945295e-06	22646
552321	-3.012485e-06	3.681679e-06	3.944864e-06	22646
544065	-3.012952e-06	3.681759e-06	3.944432e-06	22646
535809	-3.013420e-06	3.681839e-06	3.944000e-06	22646
527553	-3.013887e-06	3.681919e-06	3.943569e-06	22646
519297	-3.014355e-06	3.681999e-06	3.943137e-06	22646
511041	-3.014822e-06	3.682079e-06	3.942705e-06	22646
502785	-3.015289e-06	3.682158e-06	3.942273e-06	22646
494529	-3.015757e-06	3.682238e-06	3.941841e-06	22646
486273	-3.016224e-06	3.682318e-06	3.941409e-06	22646
478017	-3.016691e-06	3.682398e-06	3.940976e-06	22646
469761	-3.017158e-06	3.682478e-06	3.940544e-06	22646
461505	-3.017625e-06	3.682558e-06	3.940112e-06	22646
453249	-3.018092e-06	3.682638e-06	3.939679e-06	22646
444993	-3.018559e-06	3.682718e-06	3.939247e-06	22646
436737	-3.019025e-06	3.682798e-06	3.938814e-06	22646
428481	-3.019492e-06	3.682878e-06	3.938382e-06	22646
420225	-3.019959e-06	3.682958e-06	3.937949e-06	22646
411969	-3.020425e-06	3.683039e-06	3.937516e-06	22646
403713	-3.020892e-06	3.683119e-06	3.937083e-06	22646
395457	-3.021358e-06	3.683199e-06	3.936651e-06	22646
387201	-3.021825e-06	3.683279e-06	3.936218e-06	22646
378945	-3.022291e-06	3.683359e-06	3.935785e-06	22646
370689	-3.022757e-06	3.683439e-06	3.935351e-06	22646
362433	-3.023224e-06	3.683519e-06	3.934918e-06	22646
354177	-3.023690e-06	3.683599e-06	3.934485e-06	22646
345921	-3.024156e-06	3.683680e-06	3.934052e-06	22646
337665	-3.024622e-06	3.683760e-06	3.933618e-06	22646
329409	-3.025088e-06	3.683840e-06	3.933185e-06	22646
321153	-3.025553e-06	3.683920e-06	3.932751e-06	22646
312897	-3.026019e-06	3.684000e-06	3.932318e-06	22646
304641	-3.026485e-06	3.684080e-06	3.931884e-06	22646
296385	-3.026951e-06	3.684161e-06	3.931450e-06	22646
288129	-3.027416e-06	3.684241e-06	3.931017e-06	22646
279873	-3.027882e-06	3.684321e-06	3.930583e-06	22646
271617	-3.028347e-06	3.684401e-06	3.930149e-06	22646
263361	-3.028813e-06	3.684482e-06	3.929715e-06	22646
255105	-3.029278e-06	3.684562e-06	3.929281e-06	22646
246849	-3.029744e-06	3.684642e-06	3.928847e-06	22646
238593	-3.030209e-06	3.684723e-06	3.928413e-06	22646
230337	-3.030674e-06	3.684803e-06	3.927979e-06	22646
222081	-3.031139e-06	3.684883e-06	3.927545e-06	22646
213825	-3.031604e-06	3.684964e-06	3.927110e-06	22646
205569	-3.032069e-06	3.685044e-06	3.926676e-06	22646
197313	-3.032534e-06	3.685125e-06	3.926241e-06	22646
189057	-3.032999e-06	3.685205e-06	3.925807e-06	22646
180801	-3.033464e-06	3.685285e-06	3.925372e-06	22646
172545	-3.033928e-06	3.685366e-06	3.924938e-06	22646
164289	-3.034393e-06	3.685446e-06	3.924503e-06	22646
156033	-3.034858e-06	3.685527e-06	3.924068e-06	22646
147777	-3.035322e-06	3.685607e-06	3.923633e-06	22646
139521	-3.035786e-06	3.685687e-06	3.923198e-06	22646
131265	-3.036251e-06	3.685768e-06	3.922763e-06	22646
123009	-3.036715e-06	3.685848e-06	3.922328e-06	22646
114753	-3.037180e-06	3.685929e-06	3.921893e-06	22646
106497	-3.037644e-06	3.686010e-06	3.921457e-06	22646
98241	-3.038108e-06	3.686090e-06	3.921022e-06	22646
89985	-3.038572e-06	3.686171e-06	3.920587e-06	22646
81729	-3.039036e-06	3.686251e-06	3.920151e-06	22646
73473	-3.039500e-06	3.686332e-06	3.919716e-06	22646
65217	-3.039964e-06	3.686412e-06	3.919281e-06	22646
56961	-3.040428e-06	3.686493e-06	3.918845e-06	22646
48705	-3.040891e-06	3.686574e-06	3.918409e-06	22646
40449	-3.041355e-06	3.686654e-06	3.917974e-06	22646
32193	-3.041819e-06	3.686735e-06	3.917537e-06	22646
23937	-3.042282e-06	3.686815e-06	3.917102e-06	22646
15681	-3.042746e-06	3.686896e-06	3.916666e-06	22646
7425	-3.043209e-06	3.686977e-06	3.916230e-06	22646
1154997	-5.930014e-06	3.688748e-06	5.094219e-06	22634
1146741	-5.930646e-06	3.688906e-06	5.093369e-06	22634
1138485	-5.931278e-06	3.689063e-06	5.092519e-06	22634
1130229	-5.931910e-06	3.689221e-06	5.091669e-06	22634
1121973	-5.932542e-06	3.689378e-06	5.090818e-06	22634
1113717	-5.933174e-06	3.689536e-06	5.089968e-06	22634
1105461	-5.933805e-06	3.689693e-06	5.089118e-06	22634
1097205	-5.934437e-06	3.689851e-06	5.088267e-06	22634
1088949	-5.935068e-06	3.690008e-06	5.087416e-06	22634
1080693	-5.935699e-06	3.690166e-06	5.086566e-06	22634
1072437	-5.936330e-06	3.690324e-06	5.085715e-06	22634
1064181	-5.936961e-06	3.690481e-06	5.084863e-06	22634
1055925	-5.937592e-06	3.690639e-06	5.084013e-06	22634
1047669	-5.938223e-06	3.690797e-06	5.083161e-06	22634
1039413	-5.938853e-06	3.690954e-06	5.082310e-06	22634
1031157	-5.939483e-06	3.691112e-06	5.081459e-06	22634
1022901	-5.940114e-06	3.691270e-06	5.080607e-06	22634
1014645	-5.940744e-06	3.691427e-06	5.079756e-06	22634
1006389	-5.941374e-06	3.691585e-06	5.078904e-06	22634
998133	-5.942004e-06	3.691743e-06	5.078053e-06	22634
989877	-5.942634e-06	3.691900e-06	5.077201e-06	22634
981621	-5.943264e-06	3.692058e-06	5.076349e-06	22634
973365	-5.943893e-06	3.692216e-06	5.075497e-06	22634
965109	-5.944522e-06	3.692374e-06	5.074645e-06	22634
956853	-5.945152e-06	3.692532e-06	5.073793e-06	22634
948597	-5.945781e-06	3.692689e-06	5.072941e-06	22634
940341	-5.946410e-06	3.692847e-06	5.072089e-06	22634
932085	-5.947039e-06	3.693005e-06	5.071236e-06	22634
923829	-5.947667e-06	3.693163e-06	5.070384e-06	22634
915573	-5.948296e-06	3.693321e-06	5.069531e-06	22634
907317	-5.948925e-06	3.693479e-06	5.068679e-06	22634
899061	-5.949553e-06	3.693637e-06	5.067826e-06	22634
890805	-5.950182e-06	3.693795e-06	5.066973e-06	22634
882549	-5.950810e-06	3.693953e-06	5.066120e-06	22634
874293	-5.951438e-06	3.694111e-06	5.065267e-06	22634
866037	-5.952066e-06	3.694269e-06	5.064414e-06	22634
857781	-5.952693e-06	3.694427e-06	5.063561e-06	22634
849525	-5.953321e-06	3.694585e-06	5.062707e-06	22634
841269	-5.953948e-06	3.694743e-06	5.061854e-06	22634
833013	-5.954576e-06	3.694901e-06	5.061001e-06	22634
824757	-5.955203e-06	3.695059e-06	5.060147e-06	22634
816501	-5.955830e-06	3.695217e-06	5.059293e-06	22634
808245	-5.956457e-06	3.695375e-06	5.058439e-06	22634
799989	-5.957084e-06	3.695534e-06	5.057586e-06	22634
791733	-5.957711e-06	3.695692e-06	5.056732e-06	22634
783477	-5.958338e-06	3.695850e-06	5.055878e-06	22634
775221	-5.958964e-06	3.696008e-06	5.055024e-06	22634
766965	-5.959590e-06	3.696166e-06	5.054170e-06	22634
758709	-5.960217e-06	3.696325e-06	5.053315e-06	22634
750453	-5.960843e-06	3.696483e-06	5.052461e-06	22634
742197	-5.961469e-06	3.696641e-06	5.051606e-06	22634
733941	-5.962095e-06	3.696799e-06	5.050752e-06	22634
725685	-5.962720e-06	3.696958e-06	5.049897e-06	22634
717429	-5.963346e-06	3.697116e-06	5.049043e-06	22634
709173	-5.963971e-06	3.697274e-06	5.048188e-06	22634
700917	-5.964597e-06	3.697433e-06	5.047333e-06	22634
692661	-5.965222e-06	3.697591e-06	5.046478e-06	22634
684405	-5.965847e-06	3.697749e-06	5.045623e-06	22634
676149	-5.966473e-06	3.697908e-06	5.044767e-06	22634
667893	-5.967097e-06	3.698066e-06	5.043913e-06	22634
659637	-5.967722e-06	3.698225e-06	5.043057e-06	22634
651381	-5.968347e-06	3.698383e-06	5.042202e-06	22634
643125	-5.968971e-06	3.698542e-06	5.041346e-06	22634
634869	-5.969595e-06	3.698700e-06	5.040491e-06	22634
626613	-5.970220e-06	3.698859e-06	5.039635e-06	22634
618357	-5.970844e-06	3.699017e-06	5.038779e-06	22634
610101	-5.971468e-06	3.699176e-06	5.037923e-06	22634
601845	-5.972091e-06	3.699334e-06	5.037067e-06	22634
593589	-5.972715e-06	3.699493e-06	5.036211e-06	22634
585333	-5.973339e-06	3.699651e-06	5.035355e-06	22634
577077	-5.973962e-06	3.699810e-06	5.034498e-06	22634
568821	-5.974586e-06	3.699969e-06	5.033642e-06	22634
560565	-5.975209e-06	3.700127e-06	5.032786e-06	22634
552309	-5.975832e-06	3.700286e-06	5.031930e-06	22634
544053	-5.976455e-06	3.700444e-06	5.031073e-06	22634
535797	-5.977078e-06	3.700603e-06	5.030216e-06	22634
527541	-5.977700e-06	3.700762e-06	5.029359e-06	22634
519285	-5.978323e-06	3.700921e-06	5.028503e-06	22634
511029	-5.978945e-06	3.701079e-06	5.027645e-06	22634
502773	-5.979568e-06	3.701238e-06	5.026788e-06	22634
494517	-5.980190e-06	3.701397e-06	5.025931e-06	22634
486261	-5.980812e-06	3.701556e-06	5.025074e-06	22634
478005	-5.981434e-06	3.701715e-06	5.024217e-06	22634
469749	-5.982056e-06	3.701873e-06	5.023359e-06	22634
461493	-5.982678e-06	3.702032e-06	5.022502e-06	22634
453237	-5.983299e-06	3.702191e-06	5.021644e-06	22634
444981	-5.983920e-06	3.702350e-06	5.020786e-06	22634
436725	-5.984542e-06	3.702509e-06	5.019929e-06	22634
428469	-5.985163e-06	3.702668e-06	5.019071e-06	22634
420213	-5.985784e-06	3.702827e-06	5.018213e-06	22634
411957	-5.986405e-06	3.702986e-06	5.017355e-06	22634
403701	-5.987026e-06	3.703145e-06	5.016497e-06	22634
395445	-5.987647e-06	3.703303e-06	5.015639e-06	22634
387189	-5.988267e-06	3.703462e-06	5.014780e-06	22634
378933	-5.988888e-06	3.703621e-06	5.013922e-06	22634
370677	-5.989508e-06	3.703781e-06	5.013063e-06	22634
362421	-5.990128e-06	3.703939e-06	5.012205e-06	22634
354165	-5.990748e-06	3.704099e-06	5.011346e-06	22634
345909	-5.991368e-06	3.704258e-06	5.010487e-06	22634
337653	-5.991988e-06	3.704417e-06	5.009629e-06	22634
329397	-5.992607e-06	3.704576e-06	5.008770e-06	22634
321141	-5.993227e-06	3.704735e-06	5.007911e-06	22634
312885	-5.993846e-06	3.704894e-06	5.007052e-06	22634
304629	-5.994465e-06	3.705053e-06	5.006193e-06	22634
296373	-5.995084e-06	3.705212e-06	5.005333e-06	22634
288117	-5.995704e-06	3.705371e-06	5.004474e-06	22634
279861	-5.996322e-06	3.705531e-06	5.003614e-06	22634
271605	-5.996941e-06	3.705690e-06	5.002755e-06	22634
263349	-5.997560e-06	3.705849e-06	5.001895e-06	22634
255093	-5.998178e-06	3.706008e-06	5.001035e-06	22634
246837	-5.998796e-06	3.706168e-06	5.000175e-06	22634
238581	-5.999415e-06	3.706327e-06	4.999316e-06	22634
230325	-6.000033e-06	3.706486e-06	4.998456e-06	22634
222069	-6.000651e-06	3.706646e-06	4.997596e-06	22634
213813	-6.001269e-06	3.706805e-06	4.996736e-06	22634
205557	-6.001887e-06	3.706964e-06	4.995875e-06	22634
197301	-6.002504e-06	3.707124e-06	4.995015e-06	22634
189045	-6.003122e-06	3.707283e-06	4.994155e-06	22634
180789	-6.003739e-06	3.707442e-06	4.993294e-06	22634
172533	-6.004356e-06	3.707602e-06	4.992433e-06	22634
164277	-6.004973e-06	3.707761e-06	4.991572e-06	22634
156021	-6.005590e-06	3.707921e-06	4.990712e-06	22634
147765	-6.006207e-06	3.708080e-06	4.989851e-06	22634
139509	-6.006824e-06	3.708240e-06	4.988990e-06	22634
131253	-6.007440e-06	3.708399e-06	4.988129e-06	22634
122997	-6.008057e-06	3.708559e-06	4.987268e-06	22634
114741	-6.008673e-06	3.708718e-06	4.986407e-06	22634
106485	-6.009289e-06	3.708878e-06	4.985545e-06	22634
98229	-6.009906e-06	3.709037e-06	4.984684e-06	22634
89973	-6.010522e-06	3.709197e-06	4.983822e-06	22634
81717	-6.011137e-06	3.709356e-06	4.982961e-06	22634
73461	-6.011753e-06	3.709516e-06	4.982099e-06	22634
65205	-6.012368e-06	3.709676e-06	4.981237e-06	22634
56949	-6.012984e-06	3.709835e-06	4.980376e-06	22634
48693	-6.013599e-06	3.709995e-06	4.979514e-06	22634
40437	-6.014215e-06	3.710155e-06	4.978652e-06	22634
32181	-6.014830e-06	3.710314e-06	4.977790e-06	22634
23925	-6.015444e-06	3.710474e-06	4.976927e-06	22634
15669	-6.016059e-06	3.710634e-06	4.976065e-06	22634
7413	-6.016674e-06	3.710793e-06	4.975203e-06	22634
1154688	-3.858608e-06	3.753102e-06	4.388953e-06	20841
1146432	-3.859137e-06	3.753204e-06	4.388400e-06	20841
1138176	-3.859667e-06	3.753306e-06	4.387847e-06	20841
1129920	-3.860196e-06	3.753409e-06	4.387294e-06	20841
1121664	-3.860725e-06	3.753511e-06	4.386740e-06	20841
1113408	-3.861254e-06	3.753613e-06	4.386187e-06	20841
1105152	-3.861783e-06	3.753716e-06	4.385633e-06	20841
1096896	-3.862312e-06	3.753818e-06	4.385080e-06	20841
1088640	-3.862840e-06	3.753921e-06	4.384527e-06	20841
1080384	-3.863369e-06	3.754023e-06	4.383973e-06	20841
1072128	-3.863898e-06	3.754126e-06	4.383419e-06	20841
1063872	-3.864427e-06	3.754228e-06	4.382865e-06	20841
1055616	-3.864955e-06	3.754331e-06	4.382312e-06	20841
1047360	-3.865483e-06	3.754433e-06	4.381758e-06	20841
1039104	-3.866012e-06	3.754536e-06	4.381204e-06	20841
1030848	-3.866540e-06	3.754638e-06	4.380650e-06	20841
1022592	-3.867068e-06	3.754741e-06	4.380096e-06	20841
1014336	-3.867596e-06	3.754843e-06	4.379542e-06	20841
1006080	-3.868124e-06	3.754946e-06	4.378987e-06	20841
997824	-3.868652e-06	3.755049e-06	4.378433e-06	20841
989568	-3.869180e-06	3.755151e-06	4.377878e-06	20841
981312	-3.869708e-06	3.755254e-06	4.377324e-06	20841
973056	-3.870235e-06	3.755357e-06	4.376769e-06	20841
964800	-3.870763e-06	3.755459e-06	4.376215e-06	20841
956544	-3.871290e-06	3.755562e-06	4.375660e-06	20841
948288	-3.871818e-06	3.755664e-06	4.375105e-06	20841
940032	-3.872345e-06	3.755767e-06	4.374550e-06	20841
931776	-3.872872e-06	3.755870e-06	4.373995e-06	20841
923520	-3.873399e-06	3.755973e-06	4.373440e-06	20841
915264	-3.873926e-06	3.756076e-06	4.372885e-06	20841
907008	-3.874453e-06	3.756178e-06	4.372330e-06	20841
898752	-3.874980e-06	3.756281e-06	4.371775e-06	20841
890496	-3.875507e-06	3.756384e-06	4.371219e-06	20841
882240	-3.876034e-06	3.756487e-06	4.370664e-06	20841
873984	-3.876561e-06	3.756589e-06	4.370108e-06	20841
865728	-3.877087e-06	3.756692e-06	4.369553e-06	20841
857472	-3.877614e-06	3.756795e-06	4.368997e-06	20841
849216	-3.878140e-06	3.756898e-06	4.368441e-06	20841
840960	-3.878667e-06	3.757001e-06	4.367886e-06	20841
832704	-3.879193e-06	3.757104e-06	4.367329e-06	20841
824448	-3.879719e-06	3.757207e-06	4.366774e-06	20841
816192	-3.880245e-06	3.757310e-06	4.366218e-06	20841
807936	-3.880771e-06	3.757413e-06	4.365661e-06	20841
799680	-3.881297e-06	3.757516e-06	4.365105e-06	20841
791424	-3.881823e-06	3.757618e-06	4.364549e-06	20841
783168	-3.882349e-06	3.757721e-06	4.363993e-06	20841
774912	-3.882874e-06	3.757824e-06	4.363436e-06	20841
766656	-3.883400e-06	3.757927e-06	4.362880e-06	20841
758400	-3.883925e-06	3.758030e-06	4.362323e-06	20841
750144	-3.884451e-06	3.758133e-06	4.361767e-06	20841
741888	-3.884976e-06	3.758237e-06	4.361210e-06	20841
733632	-3.885501e-06	3.758340e-06	4.360653e-06	20841
725376	-3.886027e-06	3.758443e-06	4.360096e-06	20841
717120	-3.886551e-06	3.758546e-06	4.359540e-06	20841
708864	-3.887077e-06	3.758649e-06	4.358983e-06	20841
700608	-3.887601e-06	3.758752e-06	4.358425e-06	20841
692352	-3.888126e-06	3.758855e-06	4.357868e-06	20841
684096	-3.888651e-06	3.758958e-06	4.357311e-06	20841
675840	-3.889176e-06	3.759061e-06	4.356754e-06	20841
667584	-3.889701e-06	3.759164e-06	4.356196e-06	20841
659328	-3.890225e-06	3.759268e-06	4.355639e-06	20841
651072	-3.890749e-06	3.759371e-06	4.355081e-06	20841
642816	-3.891274e-06	3.759474e-06	4.354524e-06	20841
634560	-3.891798e-06	3.759577e-06	4.353966e-06	20841
626304	-3.892322e-06	3.759681e-06	4.353408e-06	20841
618048	-3.892846e-06	3.759784e-06	4.352850e-06	20841
609792	-3.893370e-06	3.759887e-06	4.352292e-06	20841
601536	-3.893894e-06	3.759990e-06	4.351734e-06	20841
593280	-3.894418e-06	3.760094e-06	4.351176e-06	20841
585024	-3.894942e-06	3.760197e-06	4.350618e-06	20841
576768	-3.895465e-06	3.760300e-06	4.350060e-06	20841
568512	-3.895989e-06	3.760404e-06	4.349502e-06	20841
560256	-3.896513e-06	3.760507e-06	4.348944e-06	20841
552000	-3.897036e-06	3.760610e-06	4.348385e-06	20841
543744	-3.897560e-06	3.760714e-06	4.347827e-06	20841
535488	-3.898083e-06	3.760817e-06	4.347268e-06	20841
527232	-3.898606e-06	3.760920e-06	4.346709e-06	20841
518976	-3.899129e-06	3.761024e-06	4.346150e-06	20841
510720	-3.899652e-06	3.761127e-06	4.345592e-06	20841
502464	-3.900175e-06	3.761231e-06	4.345033e-06	20841
494208	-3.900698e-06	3.761334e-06	4.344474e-06	20841
485952	-3.901221e-06	3.761438e-06	4.343915e-06	20841
477696	-3.901743e-06	3.761541e-06	4.343356e-06	20841
469440	-3.902266e-06	3.761645e-06	4.342797e-06	20841
461184	-3.902789e-06	3.761748e-06	4.342237e-06	20841
452928	-3.903311e-06	3.761852e-06	4.341678e-06	20841
444672	-3.903833e-06	3.761955e-06	4.341119e-06	20841
436416	-3.904356e-06	3.762059e-06	4.340559e-06	20841
428160	-3.904878e-06	3.762163e-06	4.340000e-06	20841
419904	-3.905400e-06	3.762266e-06	4.339440e-06	20841
411648	-3.905922e-06	3.762370e-06	4.338880e-06	20841
403392	-3.906444e-06	3.762473e-06	4.338320e-06	20841
395136	-3.906966e-06	3.762577e-06	4.337760e-06	20841
386880	-3.907488e-06	3.762681e-06	4.337201e-06	20841
378624	-3.908009e-06	3.762784e-06	4.336640e-06	20841
370368	-3.908531e-06	3.762888e-06	4.336081e-06	20841
362112	-3.909052e-06	3.762992e-06	4.335520e-06	20841
353856	-3.909574e-06	3.763095e-06	4.334960e-06	20841
345600	-3.910095e-06	3.763199e-06	4.334400e-06	20841
337344	-3.910617e-06	3.763303e-06	4.333840e-06	20841
329088	-3.911138e-06	3.763407e-06	4.333279e-06	20841
320832	-3.911659e-06	3.763510e-06	4.332718e-06	20841
312576	-3.912180e-06	3.763614e-06	4.332158e-06	20841
304320	-3.912701e-06	3.763718e-06	4.331597e-06	20841
296064	-3.913221e-06	3.763821e-06	4.331037e-06	20841
287808	-3.913743e-06	3.763925e-06	4.330475e-06	20841
279552	-3.914263e-06	3.764029e-06	4.329915e-06	20841
271296	-3.914784e-06	3.764133e-06	4.329353e-06	20841
263040	-3.915304e-06	3.764237e-06	4.328793e-06	20841
254784	-3.915825e-06	3.764341e-06	4.328232e-06	20841
246528	-3.916345e-06	3.764445e-06	4.327670e-06	20841
238272	-3.916865e-06	3.764549e-06	4.327109e-06	20841
230016	-3.917386e-06	3.764653e-06	4.326548e-06	20841
221760	-3.917906e-06	3.764756e-06	4.325986e-06	20841
213504	-3.918426e-06	3.764860e-06	4.325424e-06	20841
205248	-3.918946e-06	3.764964e-06	4.324863e-06	20841
196992	-3.919466e-06	3.765068e-06	4.324301e-06	20841
188736	-3.919985e-06	3.765172e-06	4.323740e-06	20841
180480	-3.920505e-06	3.765276e-06	4.323178e-06	20841
172224	-3.921025e-06	3.765380e-06	4.322616e-06	20841
163968	-3.921544e-06	3.765484e-06	4.322054e-06	20841
155712	-3.922064e-06	3.765588e-06	4.321492e-06	20841
147456	-3.922583e-06	3.765692e-06	4.320930e-06	20841
139200	-3.923102e-06	3.765796e-06	4.320368e-06	20841
130944	-3.923622e-06	3.765901e-06	4.319806e-06	20841
122688	-3.924141e-06	3.766005e-06	4.319243e-06	20841
114432	-3.924660e-06	3.766109e-06	4.318681e-06	20841
106176	-3.925179e-06	3.766213e-06	4.318118e-06	20841
97920	-3.925697e-06	3.766317e-06	4.317556e-06	20841
89664	-3.926216e-06	3.766421e-06	4.316993e-06	20841
81408	-3.926735e-06	3.766525e-06	4.316430e-06	20841
73152	-3.927254e-06	3.766629e-06	4.315868e-06	20841
64896	-3.927772e-06	3.766734e-06	4.315305e-06	20841
56640	-3.928290e-06	3.766838e-06	4.314742e-06	20841
48384	-3.928809e-06	3.766942e-06	4.314179e-06	20841
40128	-3.929327e-06	3.767046e-06	4.313616e-06	20841
31872	-3.929846e-06	3.767150e-06	4.313053e-06	20841
23616	-3.930364e-06	3.767255e-06	4.312490e-06	20841
15360	-3.930882e-06	3.767359e-06	4.311926e-06	20841
7104	-3.931400e-06	3.767463e-06	4.311363e-06	20841
1154648	-4.588332e-06	3.980590e-06	4.839683e-06	20593
1146392	-4.588920e-06	3.980712e-06	4.839025e-06	20593
1138136	-4.589508e-06	3.980833e-06	4.838367e-06	20593
1129880	-4.590096e-06	3.980955e-06	4.837710e-06	20593
1121624	-4.590683e-06	3.981077e-06	4.837052e-06	20593
1113368	-4.591271e-06	3.981199e-06	4.836394e-06	20593
1105112	-4.591858e-06	3.981321e-06	4.835736e-06	20593
1096856	-4.592446e-06	3.981443e-06	4.835078e-06	20593
1088600	-4.593033e-06	3.981565e-06	4.834420e-06	20593
1080344	-4.593620e-06	3.981686e-06	4.833761e-06	20593
1072088	-4.594207e-06	3.981808e-06	4.833103e-06	20593
1063832	-4.594794e-06	3.981930e-06	4.832444e-06	20593
1055576	-4.595381e-06	3.982052e-06	4.831786e-06	20593
1047320	-4.595968e-06	3.982174e-06	4.831127e-06	20593
1039064	-4.596554e-06	3.982296e-06	4.830468e-06	20593
1030808	-4.597141e-06	3.982418e-06	4.829810e-06	20593
1022552	-4.597728e-06	3.982540e-06	4.829151e-06	20593
1014296	-4.598314e-06	3.982662e-06	4.828492e-06	20593
1006040	-4.598900e-06	3.982784e-06	4.827833e-06	20593
997784	-4.599486e-06	3.982906e-06	4.827174e-06	20593
989528	-4.600072e-06	3.983028e-06	4.826514e-06	20593
981272	-4.600658e-06	3.983150e-06	4.825855e-06	20593
973016	-4.601244e-06	3.983272e-06	4.825195e-06	20593
964760	-4.601830e-06	3.983394e-06	4.824536e-06	20593
956504	-4.602416e-06	3.983516e-06	4.823877e-06	20593
948248	-4.603001e-06	3.983638e-06	4.823217e-06	20593
939992	-4.603587e-06	3.983761e-06	4.822557e-06	20593
931736	-4.604172e-06	3.983882e-06	4.821898e-06	20593
923480	-4.604758e-06	3.984005e-06	4.821237e-06	20593
915224	-4.605343e-06	3.984127e-06	4.820577e-06	20593
906968	-4.605928e-06	3.984249e-06	4.819918e-06	20593
898712	-4.606513e-06	3.984371e-06	4.819257e-06	20593
890456	-4.607098e-06	3.984494e-06	4.818597e-06	20593
882200	-4.607683e-06	3.984616e-06	4.817937e-06	20593
873944	-4.608267e-06	3.984738e-06	4.817276e-06	20593
865688	-4.608852e-06	3.984860e-06	4.816616e-06	20593
857432	-4.609436e-06	3.984982e-06	4.815955e-06	20593
849176	-4.610021e-06	3.985105e-06	4.815295e-06	20593
840920	-4.610605e-06	3.985227e-06	4.814634e-06	20593
832664	-4.611190e-06	3.985349e-06	4.813973e-06	20593
824408	-4.611773e-06	3.985472e-06	4.813312e-06	20593
816152	-4.612358e-06	3.985594e-06	4.812651e-06	20593
807896	-4.612942e-06	3.985717e-06	4.811990e-06	20593
799640	-4.613526e-06	3.985839e-06	4.811329e-06	20593
791384	-4.614109e-06	3.985961e-06	4.810668e-06	20593
783128	-4.614693e-06	3.986084e-06	4.810006e-06	20593
774872	-4.615276e-06	3.986206e-06	4.809345e-06	20593
766616	-4.615860e-06	3.986329e-06	4.808684e-06	20593
758360	-4.616443e-06	3.986451e-06	4.808022e-06	20593
750104	-4.617026e-06	3.986574e-06	4.807360e-06	20593
741848	-4.617610e-06	3.986696e-06	4.806699e-06	20593
733592	-4.618193e-06	3.986819e-06	4.806037e-06	20593
725336	-4.618776e-06	3.986941e-06	4.805375e-06	20593
717080	-4.619359e-06	3.987064e-06	4.804713e-06	20593
708824	-4.619941e-06	3.987187e-06	4.804051e-06	20593
700568	-4.620524e-06	3.987309e-06	4.803389e-06	20593
692312	-4.621106e-06	3.987432e-06	4.802726e-06	20593
684056	-4.621689e-06	3.987554e-06	4.802064e-06	20593
675800	-4.622271e-06	3.987677e-06	4.801402e-06	20593
667544	-4.622853e-06	3.987800e-06	4.800739e-06	20593
659288	-4.623435e-06	3.987922e-06	4.800077e-06	20593
651032	-4.624017e-06	3.988045e-06	4.799414e-06	20593
642776	-4.624600e-06	3.988167e-06	4.798751e-06	20593
634520	-4.625182e-06	3.988290e-06	4.798088e-06	20593
626264	-4.625763e-06	3.988413e-06	4.797425e-06	20593
618008	-4.626345e-06	3.988536e-06	4.796763e-06	20593
609752	-4.626927e-06	3.988659e-06	4.796099e-06	20593
601496	-4.627508e-06	3.988781e-06	4.795436e-06	20593
593240	-4.628089e-06	3.988904e-06	4.794773e-06	20593
584984	-4.628670e-06	3.989027e-06	4.794110e-06	20593
576728	-4.629252e-06	3.989150e-06	4.793446e-06	20593
568472	-4.629833e-06	3.989272e-06	4.792783e-06	20593
560216	-4.630414e-06	3.989395e-06	4.792119e-06	20593
551960	-4.630995e-06	3.989519e-06	4.791456e-06	20593
543704	-4.631575e-06	3.989641e-06	4.790792e-06	20593
535448	-4.632156e-06	3.989764e-06	4.790128e-06	20593
527192	-4.632737e-06	3.989887e-06	4.789464e-06	20593
518936	-4.633318e-06	3.990010e-06	4.788800e-06	20593
510680	-4.633898e-06	3.990133e-06	4.788136e-06	20593
502424	-4.634478e-06	3.990256e-06	4.787472e-06	20593
494168	-4.635058e-06	3.990379e-06	4.786808e-06	20593
485912	-4.635639e-06	3.990502e-06	4.786144e-06	20593
477656	-4.636218e-06	3.990625e-06	4.785479e-06	20593
469400	-4.636798e-06	3.990748e-06	4.784815e-06	20593
461144	-4.637378e-06	3.990871e-06	4.784150e-06	20593
452888	-4.637958e-06	3.990994e-06	4.783486e-06	20593
444632	-4.638538e-06	3.991117e-06	4.782821e-06	20593
436376	-4.639117e-06	3.991240e-06	4.782156e-06	20593
428120	-4.639696e-06	3.991363e-06	4.781491e-06	20593
419864	-4.640276e-06	3.991486e-06	4.780826e-06	20593
411608	-4.640855e-06	3.991609e-06	4.780161e-06	20593
403352	-4.641434e-06	3.991733e-06	4.779496e-06	20593
395096	-4.642013e-06	3.991856e-06	4.778830e-06	20593
386840	-4.642592e-06	3.991979e-06	4.778165e-06	20593
378584	-4.643171e-06	3.992102e-06	4.777500e-06	20593
370328	-4.643749e-06	3.992225e-06	4.776834e-06	20593
362072	-4.644328e-06	3.992348e-06	4.776169e-06	20593
353816	-4.644907e-06	3.992472e-06	4.775503e-06	20593
345560	-4.645485e-06	3.992595e-06	4.774837e-06	20593
337304	-4.646063e-06	3.992718e-06	4.774171e-06	20593
329048	-4.646642e-06	3.992841e-06	4.773506e-06	20593
320792	-4.647220e-06	3.992965e-06	4.772839e-06	20593
312536	-4.647798e-06	3.993088e-06	4.772174e-06	20593
304280	-4.648376e-06	3.993212e-06	4.771508e-06	20593
296024	-4.648954e-06	3.993335e-06	4.770841e-06	20593
287768	-4.649531e-06	3.993458e-06	4.770175e-06	20593
279512	-4.650109e-06	3.993582e-06	4.769508e-06	20593
271256	-4.650686e-06	3.993705e-06	4.768842e-06	20593
263000	-4.651264e-06	3.993829e-06	4.768176e-06	20593
254744	-4.651841e-06	3.993952e-06	4.767509e-06	20593
246488	-4.652418e-06	3.994075e-06	4.766842e-06	20593
238232	-4.652995e-06	3.994199e-06	4.766175e-06	20593
229976	-4.653572e-06	3.994322e-06	4.765508e-06	20593
221720	-4.654150e-06	3.994446e-06	4.764841e-06	20593
213464	-4.654726e-06	3.994569e-06	4.764174e-06	20593
205208	-4.655303e-06	3.994693e-06	4.763507e-06	20593
196952	-4.655880e-06	3.994816e-06	4.762840e-06	20593
188696	-4.656456e-06	3.994940e-06	4.762172e-06	20593
180440	-4.657033e-06	3.995063e-06	4.761505e-06	20593
172184	-4.657609e-06	3.995187e-06	4.760838e-06	20593
163928	-4.658185e-06	3.995311e-06	4.760170e-06	20593
155672	-4.658762e-06	3.995434e-06	4.759503e-06	20593
147416	-4.659337e-06	3.995558e-06	4.758835e-06	20593
139160	-4.659913e-06	3.995681e-06	4.758167e-06	20593
130904	-4.660489e-06	3.995805e-06	4.757499e-06	20593
122648	-4.661065e-06	3.995929e-06	4.756831e-06	20593
114392	-4.661641e-06	3.996052e-06	4.756163e-06	20593
106136	-4.662216e-06	3.996176e-06	4.755495e-06	20593
97880	-4.662792e-06	3.996300e-06	4.754827e-06	20593
89624	-4.663367e-06	3.996423e-06	4.754158e-06	20593
81368	-4.663942e-06	3.996548e-06	4.753490e-06	20593
73112	-4.664517e-06	3.996671e-06	4.752821e-06	20593
64856	-4.665093e-06	3.996795e-06	4.752153e-06	20593
56600	-4.665667e-06	3.996919e-06	4.751485e-06	20593
48344	-4.666242e-06	3.997042e-06	4.750816e-06	20593
40088	-4.666817e-06	3.997166e-06	4.750147e-06	20593
31832	-4.667392e-06	3.997290e-06	4.749478e-06	20593
23576	-4.667967e-06	3.997414e-06	4.748809e-06	20593
15320	-4.668541e-06	3.997538e-06	4.748140e-06	20593
7064	-4.669115e-06	3.997662e-06	4.747471e-06	20593
1154339	-2.873957e-06	4.164477e-06	4.354585e-06	19057
1146083	-2.874471e-06	4.164554e-06	4.354173e-06	19057
1137827	-2.874984e-06	4.164629e-06	4.353761e-06	19057
1129571	-2.875497e-06	4.164706e-06	4.353349e-06	19057
1121315	-2.876011e-06	4.164782e-06	4.352937e-06	19057
1113059	-2.876524e-06	4.164858e-06	4.352525e-06	19057
1104803	-2.877037e-06	4.164934e-06	4.352113e-06	19057
1096547	-2.877550e-06	4.165011e-06	4.351701e-06	19057
1088291	-2.878063e-06	4.165086e-06	4.351288e-06	19057
1080035	-2.878576e-06	4.165163e-06	4.350876e-06	19057
1071779	-2.879089e-06	4.165239e-06	4.350463e-06	19057
1063523	-2.879602e-06	4.165316e-06	4.350051e-06	19057
1055267	-2.880115e-06	4.165392e-06	4.349638e-06	19057
1047011	-2.880628e-06	4.165468e-06	4.349225e-06	19057
1038755	-2.881141e-06	4.165544e-06	4.348813e-06	19057
1030499	-2.881653e-06	4.165621e-06	4.348400e-06	19057
1022243	-2.882166e-06	4.165697e-06	4.347987e-06	19057
1013987	-2.882678e-06	4.165774e-06	4.347574e-06	19057
1005731	-2.883191e-06	4.165850e-06	4.347161e-06	19057
997475	-2.883703e-06	4.165926e-06	4.346748e-06	19057
989219	-2.884216e-06	4.166003e-06	4.346335e-06	19057
980963	-2.884728e-06	4.166079e-06	4.345922e-06	19057
972707	-2.885240e-06	4.166156e-06	4.345508e-06	19057
964451	-2.885752e-06	4.166232e-06	4.345095e-06	19057
956195	-2.886264e-06	4.166308e-06	4.344682e-06	19057
947939	-2.886776e-06	4.166385e-06	4.344268e-06	19057
939683	-2.887288e-06	4.166461e-06	4.343854e-06	19057
931427	-2.887800e-06	4.166538e-06	4.343441e-06	19057
923171	-2.888312e-06	4.166614e-06	4.343027e-06	19057
914915	-2.888824e-06	4.166691e-06	4.342613e-06	19057
906659	-2.889336e-06	4.166767e-06	4.342199e-06	19057
898403	-2.889847e-06	4.166844e-06	4.341785e-06	19057
890147	-2.890359e-06	4.166920e-06	4.341371e-06	19057
881891	-2.890870e-06	4.166997e-06	4.340957e-06	19057
873635	-2.891382e-06	4.167074e-06	4.340543e-06	19057
865379	-2.891893e-06	4.167150e-06	4.340129e-06	19057
857123	-2.892405e-06	4.167227e-06	4.339714e-06	19057
848867	-2.892916e-06	4.167303e-06	4.339300e-06	19057
840611	-2.893427e-06	4.167380e-06	4.338885e-06	19057
832355	-2.893938e-06	4.167457e-06	4.338471e-06	19057
824099	-2.894449e-06	4.167533e-06	4.338056e-06	19057
815843	-2.894961e-06	4.167610e-06	4.337641e-06	19057
807587	-2.895471e-06	4.167687e-06	4.337227e-06	19057
799331	-2.895982e-06	4.167764e-06	4.336812e-06	19057
791075	-2.896493e-06	4.167840e-06	4.336397e-06	19057
782819	-2.897004e-06	4.167917e-06	4.335982e-06	19057
774563	-2.897515e-06	4.167994e-06	4.335567e-06	19057
766307	-2.898026e-06	4.168071e-06	4.335152e-06	19057
758051	-2.898536e-06	4.168147e-06	4.334736e-06	19057
749795	-2.899047e-06	4.168224e-06	4.334321e-06	19057
741539	-2.899557e-06	4.168301e-06	4.333906e-06	19057
733283	-2.900068e-06	4.168378e-06	4.333490e-06	19057
725027	-2.900578e-06	4.168455e-06	4.333075e-06	19057
716771	-2.901088e-06	4.168532e-06	4.332659e-06	19057
708515	-2.901599e-06	4.168608e-06	4.332243e-06	19057
700259	-2.902109e-06	4.168685e-06	4.331828e-06	19057
692003	-2.902619e-06	4.168762e-06	4.331412e-06	19057
683747	-2.903129e-06	4.168839e-06	4.330996e-06	19057
675491	-2.903639e-06	4.168916e-06	4.330580e-06	19057
667235	-2.904149e-06	4.168993e-06	4.330164e-06	19057
658979	-2.904659e-06	4.169070e-06	4.329748e-06	19057
650723	-2.905169e-06	4.169147e-06	4.329332e-06	19057
642467	-2.905678e-06	4.169224e-06	4.328916e-06	19057
634211	-2.906188e-06	4.169301e-06	4.328499e-06	19057
625955	-2.906698e-06	4.169378e-06	4.328083e-06	19057
617699	-2.907207e-06	4.169455e-06	4.327666e-06	19057
609443	-2.907717e-06	4.169532e-06	4.327250e-06	19057
601187	-2.908226e-06	4.169609e-06	4.326833e-06	19057
592931	-2.908736e-06	4.169686e-06	4.326417e-06	19057
584675	-2.909245e-06	4.169763e-06	4.326000e-06	19057
576419	-2.909754e-06	4.169840e-06	4.325583e-06	19057
568163	-2.910263e-06	4.169917e-06	4.325166e-06	19057
559907	-2.910773e-06	4.169994e-06	4.324749e-06	19057
551651	-2.911282e-06	4.170071e-06	4.324332e-06	19057
543395	-2.911791e-06	4.170149e-06	4.323915e-06	19057
535139	-2.912300e-06	4.170226e-06	4.323498e-06	19057
526883	-2.912809e-06	4.170303e-06	4.323080e-06	19057
518627	-2.913318e-06	4.170380e-06	4.322663e-06	19057
510371	-2.913826e-06	4.170457e-06	4.322246e-06	19057
502115	-2.914335e-06	4.170534e-06	4.321828e-06	19057
493859	-2.914844e-06	4.170612e-06	4.321410e-06	19057
485603	-2.915352e-06	4.170689e-06	4.320993e-06	19057
477347	-2.915861e-06	4.170766e-06	4.320575e-06	19057
469091	-2.916369e-06	4.170844e-06	4.320158e-06	19057
460835	-2.916878e-06	4.170921e-06	4.319740e-06	19057
452579	-2.917386e-06	4.170998e-06	4.319322e-06	19057
444323	-2.917894e-06	4.171075e-06	4.318904e-06	19057
436067	-2.918402e-06	4.171153e-06	4.318485e-06	19057
427811	-2.918910e-06	4.171230e-06	4.318068e-06	19057
419555	-2.919419e-06	4.171307e-06	4.317649e-06	19057
411299	-2.919927e-06	4.171385e-06	4.317231e-06	19057
403043	-2.920435e-06	4.171462e-06	4.316812e-06	19057
394787	-2.920943e-06	4.171539e-06	4.316394e-06	19057
386531	-2.921450e-06	4.171617e-06	4.315976e-06	19057
378275	-2.921958e-06	4.171694e-06	4.315557e-06	19057
370019	-2.922466e-06	4.171772e-06	4.315139e-06	19057
361763	-2.922973e-06	4.171849e-06	4.314720e-06	19057
353507	-2.923481e-06	4.171926e-06	4.314301e-06	19057
345251	-2.923989e-06	4.172004e-06	4.313882e-06	19057
336995	-2.924496e-06	4.172081e-06	4.313463e-06	19057
328739	-2.925003e-06	4.172159e-06	4.313044e-06	19057
320483	-2.925511e-06	4.172236e-06	4.312625e-06	19057
312227	-2.926018e-06	4.172314e-06	4.312206e-06	19057
303971	-2.926525e-06	4.172392e-06	4.311787e-06	19057
295715	-2.927032e-06	4.172469e-06	4.311367e-06	19057
287459	-2.927540e-06	4.172547e-06	4.310948e-06	19057
279203	-2.928047e-06	4.172624e-06	4.310528e-06	19057
270947	-2.928554e-06	4.172702e-06	4.310109e-06	19057
262691	-2.929060e-06	4.172779e-06	4.309689e-06	19057
254435	-2.929567e-06	4.172857e-06	4.309270e-06	19057
246179	-2.930074e-06	4.172934e-06	4.308850e-06	19057
237923	-2.930581e-06	4.173012e-06	4.308430e-06	19057
229667	-2.931087e-06	4.173090e-06	4.308010e-06	19057
221411	-2.931594e-06	4.173167e-06	4.307590e-06	19057
213155	-2.932101e-06	4.173245e-06	4.307170e-06	19057
204899	-2.932607e-06	4.173323e-06	4.306750e-06	19057
196643	-2.933114e-06	4.173401e-06	4.306330e-06	19057
188387	-2.933620e-06	4.173478e-06	4.305909e-06	19057
180131	-2.934126e-06	4.173556e-06	4.305489e-06	19057
171875	-2.934632e-06	4.173634e-06	4.305069e-06	19057
163619	-2.935139e-06	4.173712e-06	4.304648e-06	19057
155363	-2.935645e-06	4.173789e-06	4.304228e-06	19057
147107	-2.936151e-06	4.173867e-06	4.303807e-06	19057
138851	-2.936657e-06	4.173945e-06	4.303387e-06	19057
130595	-2.937163e-06	4.174023e-06	4.302966e-06	19057
122339	-2.937668e-06	4.174100e-06	4.302545e-06	19057
114083	-2.938174e-06	4.174178e-06	4.302124e-06	19057
105827	-2.938680e-06	4.174256e-06	4.301703e-06	19057
97571	-2.939186e-06	4.174334e-06	4.301282e-06	19057
89315	-2.939691e-06	4.174412e-06	4.300861e-06	19057
81059	-2.940197e-06	4.174490e-06	4.300440e-06	19057
72803	-2.940702e-06	4.174568e-06	4.300019e-06	19057
64547	-2.941208e-06	4.174646e-06	4.299597e-06	19057
56291	-2.941713e-06	4.174723e-06	4.299176e-06	19057
48035	-2.942218e-06	4.174802e-06	4.298754e-06	19057
39779	-2.942724e-06	4.174879e-06	4.298332e-06	19057
31523	-2.943229e-06	4.174958e-06	4.297911e-06	19057
23267	-2.943734e-06	4.175035e-06	4.297489e-06	19057
15011	-2.944239e-06	4.175114e-06	4.297067e-06	19057
6755	-2.944744e-06	4.175191e-06	4.296646e-06	19057
1154284	-2.950599e-06	4.234342e-06	4.436537e-06	18801
1146028	-2.951122e-06	4.234420e-06	4.436114e-06	18801
1137772	-2.951646e-06	4.234498e-06	4.435691e-06	18801
1129516	-2.952169e-06	4.234576e-06	4.435268e-06	18801
1121260	-2.952692e-06	4.234655e-06	4.434845e-06	18801
1113004	-2.953215e-06	4.234733e-06	4.434422e-06	18801
1104748	-2.953738e-06	4.234811e-06	4.433999e-06	18801
1096492	-2.954261e-06	4.234889e-06	4.433576e-06	18801
1088236	-2.954784e-06	4.234968e-06	4.433152e-06	18801
1079980	-2.955307e-06	4.235046e-06	4.432729e-06	18801
1071724	-2.955830e-06	4.235124e-06	4.432306e-06	18801
1063468	-2.956353e-06	4.235203e-06	4.431882e-06	18801
1055212	-2.956876e-06	4.235281e-06	4.431458e-06	18801
1046956	-2.957398e-06	4.235359e-06	4.431035e-06	18801
1038700	-2.957921e-06	4.235438e-06	4.430611e-06	18801
1030444	-2.958443e-06	4.235516e-06	4.430187e-06	18801
1022188	-2.958966e-06	4.235595e-06	4.429764e-06	18801
1013932	-2.959488e-06	4.235673e-06	4.429339e-06	18801
1005676	-2.960011e-06	4.235751e-06	4.428915e-06	18801
997420	-2.960533e-06	4.235830e-06	4.428491e-06	18801
989164	-2.961055e-06	4.235908e-06	4.428067e-06	18801
980908	-2.961577e-06	4.235987e-06	4.427643e-06	18801
972652	-2.962099e-06	4.236065e-06	4.427218e-06	18801
964396	-2.962621e-06	4.236143e-06	4.426794e-06	18801
956140	-2.963143e-06	4.236222e-06	4.426370e-06	18801
947884	-2.963665e-06	4.236300e-06	4.425945e-06	18801
939628	-2.964187e-06	4.236379e-06	4.425520e-06	18801
931372	-2.964709e-06	4.236458e-06	4.425096e-06	18801
923116	-2.965230e-06	4.236536e-06	4.424671e-06	18801
914860	-2.965752e-06	4.236615e-06	4.424246e-06	18801
906604	-2.966274e-06	4.236693e-06	4.423821e-06	18801
898348	-2.966795e-06	4.236772e-06	4.423396e-06	18801
890092	-2.967317e-06	4.236851e-06	4.422971e-06	18801
881836	-2.967838e-06	4.236929e-06	4.422546e-06	18801
873580	-2.968359e-06	4.237008e-06	4.422121e-06	18801
865324	-2.968881e-06	4.237087e-06	4.421695e-06	18801
857068	-2.969402e-06	4.237165e-06	4.421270e-06	18801
848812	-2.969923e-06	4.237244e-06	4.420845e-06	18801
840556	-2.970444e-06	4.237323e-06	4.420419e-06	18801
832300	-2.970965e-06	4.237401e-06	4.419993e-06	18801
824044	-2.971486e-06	4.237480e-06	4.419568e-06	18801
815788	-2.972007e-06	4.237559e-06	4.419142e-06	18801
807532	-2.972527e-06	4.237637e-06	4.418716e-06	18801
799276	-2.973048e-06	4.237716e-06	4.418290e-06	18801
791020	-2.973569e-06	4.237795e-06	4.417864e-06	18801
782764	-2.974090e-06	4.237874e-06	4.417438e-06	18801
774508	-2.974610e-06	4.237952e-06	4.417012e-06	18801
766252	-2.975131e-06	4.238031e-06	4.416586e-06	18801
757996	-2.975651e-06	4.238110e-06	4.416160e-06	18801
749740	-2.976172e-06	4.238189e-06	4.415733e-06	18801
741484	-2.976692e-06	4.238268e-06	4.415307e-06	18801
733228	-2.977212e-06	4.238347e-06	4.414881e-06	18801
724972	-2.977732e-06	4.238425e-06	4.414454e-06	18801
716716	-2.978252e-06	4.238505e-06	4.414027e-06	18801
708460	-2.978772e-06	4.238583e-06	4.413600e-06	18801
700204	-2.979293e-06	4.238662e-06	4.413173e-06	18801
691948	-2.979812e-06	4.238741e-06	4.412747e-06	18801
683692	-2.980332e-06	4.238820e-06	4.412320e-06	18801
675436	-2.980852e-06	4.238899e-06	4.411893e-06	18801
667180	-2.981372e-06	4.238978e-06	4.411466e-06	18801
658924	-2.981891e-06	4.239057e-06	4.411038e-06	18801
650668	-2.982411e-06	4.239136e-06	4.410611e-06	18801
642412	-2.982931e-06	4.239215e-06	4.410184e-06	18801
634156	-2.983450e-06	4.239294e-06	4.409756e-06	18801
625900	-2.983970e-06	4.239373e-06	4.409329e-06	18801
617644	-2.984489e-06	4.239452e-06	4.408902e-06	18801
609388	-2.985008e-06	4.239531e-06	4.408474e-06	18801
601132	-2.985527e-06	4.239610e-06	4.408046e-06	18801
592876	-2.986047e-06	4.239690e-06	4.407618e-06	18801
584620	-2.986566e-06	4.239769e-06	4.407191e-06	18801
576364	-2.987085e-06	4.239848e-06	4.406763e-06	18801
568108	-2.987604e-06	4.239927e-06	4.406334e-06	18801
559852	-2.988123e-06	4.240006e-06	4.405907e-06	18801
551596	-2.988641e-06	4.240085e-06	4.405479e-06	18801
543340	-2.989160e-06	4.240164e-06	4.405050e-06	18801
535084	-2.989679e-06	4.240244e-06	4.404622e-06	18801
526828	-2.990198e-06	4.240323e-06	4.404194e-06	18801
518572	-2.990716e-06	4.240402e-06	4.403765e-06	18801
510316	-2.991235e-06	4.240481e-06	4.403337e-06	18801
502060	-2.991753e-06	4.240561e-06	4.402908e-06	18801
493804	-2.992272e-06	4.240640e-06	4.402480e-06	18801
485548	-2.992790e-06	4.240719e-06	4.402051e-06	18801
477292	-2.993308e-06	4.240799e-06	4.401622e-06	18801
469036	-2.993826e-06	4.240878e-06	4.401193e-06	18801
460780	-2.994345e-06	4.240957e-06	4.400764e-06	18801
452524	-2.994863e-06	4.241037e-06	4.400335e-06	18801
444268	-2.995381e-06	4.241116e-06	4.399906e-06	18801
436012	-2.995899e-06	4.241195e-06	4.399477e-06	18801
427756	-2.996417e-06	4.241275e-06	4.399048e-06	18801
419500	-2.996934e-06	4.241354e-06	4.398618e-06	18801
411244	-2.997452e-06	4.241434e-06	4.398189e-06	18801
402988	-2.997970e-06	4.241513e-06	4.397759e-06	18801
394732	-2.998488e-06	4.241592e-06	4.397330e-06	18801
386476	-2.999005e-06	4.241672e-06	4.396900e-06	18801
378220	-2.999523e-06	4.241751e-06	4.396471e-06	18801
369964	-3.000040e-06	4.241831e-06	4.396041e-06	18801
361708	-3.000558e-06	4.241910e-06	4.395611e-06	18801
353452	-3.001075e-06	4.241990e-06	4.395181e-06	18801
345196	-3.001592e-06	4.242069e-06	4.394751e-06	18801
336940	-3.002109e-06	4.242149e-06	4.394321e-06	18801
328684	-3.002626e-06	4.242228e-06	4.393891e-06	18801
320428	-3.003144e-06	4.242308e-06	4.393461e-06	18801
312172	-3.003661e-06	4.242388e-06	4.393030e-06	18801
303916	-3.004177e-06	4.242467e-06	4.392600e-06	18801
295660	-3.004694e-06	4.242547e-06	4.392170e-06	18801
287404	-3.005211e-06	4.242626e-06	4.391739e-06	18801
279148	-3.005728e-06	4.242706e-06	4.391308e-06	18801
270892	-3.006245e-06	4.242786e-06	4.390878e-06	18801
262636	-3.006761e-06	4.242865e-06	4.390447e-06	18801
254380	-3.007278e-06	4.242945e-06	4.390016e-06	18801
246124	-3.007794e-06	4.243025e-06	4.389585e-06	18801
237868	-3.008311e-06	4.243104e-06	4.389154e-06	18801
229612	-3.008827e-06	4.243184e-06	4.388723e-06	18801
221356	-3.009343e-06	4.243264e-06	4.388292e-06	18801
213100	-3.009860e-06	4.243343e-06	4.387861e-06	18801
204844	-3.010376e-06	4.243423e-06	4.387430e-06	18801
196588	-3.010892e-06	4.243503e-06	4.386998e-06	18801
188332	-3.011408e-06	4.243583e-06	4.386567e-06	18801
180076	-3.011924e-06	4.243663e-06	4.386136e-06	18801
171820	-3.012440e-06	4.243742e-06	4.385704e-06	18801
163564	-3.012956e-06	4.243822e-06	4.385272e-06	18801
155308	-3.013472e-06	4.243902e-06	4.384840e-06	18801
147052	-3.013987e-06	4.243982e-06	4.384409e-06	18801
138796	-3.014503e-06	4.244062e-06	4.383977e-06	18801
130540	-3.015019e-06	4.244142e-06	4.383545e-06	18801
122284	-3.015534e-06	4.244222e-06	4.383113e-06	18801
114028	-3.016050e-06	4.244302e-06	4.382681e-06	18801
105772	-3.016565e-06	4.244381e-06	4.382249e-06	18801
97516	-3.017080e-06	4.244461e-06	4.381817e-06	18801
89260	-3.017596e-06	4.244541e-06	4.381384e-06	18801
81004	-3.018111e-06	4.244621e-06	4.380952e-06	18801
72748	-3.018626e-06	4.244701e-06	4.380519e-06	18801
64492	-3.019141e-06	4.244781e-06	4.380087e-06	18801
56236	-3.019656e-06	4.244861e-06	4.379654e-06	18801
47980	-3.020171e-06	4.244941e-06	4.379222e-06	18801
39724	-3.020686e-06	4.245022e-06	4.378789e-06	18801
31468	-3.021201e-06	4.245102e-06	4.378356e-06	18801
23212	-3.021715e-06	4.245182e-06	4.377923e-06	18801
14956	-3.022230e-06	4.245262e-06	4.377490e-06	18801
6700	-3.022745e-06	4.245342e-06	4.377057e-06	18801
1155289	-2.951760e-06	4.716245e-06	4.835455e-06	24682
1147033	-2.952328e-06	4.716323e-06	4.835032e-06	24682
1138777	-2.952896e-06	4.716402e-06	4.834609e-06	24682
1130521	-2.953463e-06	4.716480e-06	4.834186e-06	24682
1122265	-2.954031e-06	4.716558e-06	4.833763e-06	24682
1114009	-2.954598e-06	4.716636e-06	4.833340e-06	24682
1105753	-2.955166e-06	4.716715e-06	4.832916e-06	24682
1097497	-2.955733e-06	4.716793e-06	4.832493e-06	24682
1089241	-2.956300e-06	4.716871e-06	4.832069e-06	24682
1080985	-2.956868e-06	4.716949e-06	4.831646e-06	24682
1072729	-2.957435e-06	4.717027e-06	4.831222e-06	24682
1064473	-2.958002e-06	4.717106e-06	4.830798e-06	24682
1056217	-2.958569e-06	4.717184e-06	4.830375e-06	24682
1047961	-2.959136e-06	4.717263e-06	4.829951e-06	24682
1039705	-2.959703e-06	4.717341e-06	4.829527e-06	24682
1031449	-2.960270e-06	4.717419e-06	4.829103e-06	24682
1023193	-2.960837e-06	4.717498e-06	4.828679e-06	24682
1014937	-2.961404e-06	4.717576e-06	4.828255e-06	24682
1006681	-2.961970e-06	4.717655e-06	4.827830e-06	24682
998425	-2.962537e-06	4.717733e-06	4.827406e-06	24682
990169	-2.963103e-06	4.717811e-06	4.826982e-06	24682
981913	-2.963670e-06	4.717890e-06	4.826557e-06	24682
973657	-2.964237e-06	4.717968e-06	4.826132e-06	24682
965401	-2.964803e-06	4.718047e-06	4.825708e-06	24682
957145	-2.965369e-06	4.718126e-06	4.825283e-06	24682
948889	-2.965935e-06	4.718204e-06	4.824858e-06	24682
940633	-2.966502e-06	4.718283e-06	4.824433e-06	24682
932377	-2.967068e-06	4.718361e-06	4.824008e-06	24682
924121	-2.967634e-06	4.718440e-06	4.823583e-06	24682
915865	-2.968200e-06	4.718519e-06	4.823158e-06	24682
907609	-2.968766e-06	4.718597e-06	4.822733e-06	24682
899353	-2.969332e-06	4.718675e-06	4.822307e-06	24682
891097	-2.969898e-06	4.718754e-06	4.821882e-06	24682
882841	-2.970463e-06	4.718833e-06	4.821457e-06	24682
874585	-2.971029e-06	4.718911e-06	4.821031e-06	24682
866329	-2.971595e-06	4.718990e-06	4.820605e-06	24682
858073	-2.972160e-06	4.719069e-06	4.820180e-06	24682
849817	-2.972726e-06	4.719147e-06	4.819754e-06	24682
841561	-2.973291e-06	4.719227e-06	4.819328e-06	24682
833305	-2.973856e-06	4.719305e-06	4.818902e-06	24682
825049	-2.974422e-06	4.719384e-06	4.818476e-06	24682
816793	-2.974987e-06	4.719463e-06	4.818050e-06	24682
808537	-2.975552e-06	4.719541e-06	4.817623e-06	24682
800281	-2.976117e-06	4.719620e-06	4.817197e-06	24682
792025	-2.976682e-06	4.719699e-06	4.816771e-06	24682
783769	-2.977248e-06	4.719778e-06	4.816344e-06	24682
775513	-2.977812e-06	4.719857e-06	4.815918e-06	24682
767257	-2.978377e-06	4.719936e-06	4.815491e-06	24682
759001	-2.978942e-06	4.720015e-06	4.815065e-06	24682
750745	-2.979507e-06	4.720093e-06	4.814638e-06	24682
742489	-2.980071e-06	4.720172e-06	4.814211e-06	24682
734233	-2.980636e-06	4.720251e-06	4.813784e-06	24682
725977	-2.981201e-06	4.720330e-06	4.813357e-06	24682
717721	-2.981765e-06	4.720409e-06	4.812930e-06	24682
709465	-2.982330e-06	4.720488e-06	4.812503e-06	24682
701209	-2.982894e-06	4.720567e-06	4.812076e-06	24682
692953	-2.983458e-06	4.720646e-06	4.811648e-06	24682
684697	-2.984023e-06	4.720725e-06	4.811221e-06	24682
676441	-2.984587e-06	4.720804e-06	4.810793e-06	24682
668185	-2.985151e-06	4.720883e-06	4.810366e-06	24682
659929	-2.985715e-06	4.720962e-06	4.809938e-06	24682
651673	-2.986279e-06	4.721041e-06	4.809510e-06	24682
643417	-2.986843e-06	4.721121e-06	4.809082e-06	24682
635161	-2.987407e-06	4.721200e-06	4.808654e-06	24682
626905	-2.987970e-06	4.721279e-06	4.808226e-06	24682
618649	-2.988534e-06	4.721358e-06	4.807798e-06	24682
610393	-2.989098e-06	4.721437e-06	4.807370e-06	24682
602137	-2.989661e-06	4.721516e-06	4.806942e-06	24682
593881	-2.990225e-06	4.721595e-06	4.806514e-06	24682
585625	-2.990788e-06	4.721674e-06	4.806085e-06	24682
577369	-2.991352e-06	4.721754e-06	4.805657e-06	24682
569113	-2.991915e-06	4.721833e-06	4.805228e-06	24682
560857	-2.992478e-06	4.721912e-06	4.804800e-06	24682
552601	-2.993042e-06	4.721991e-06	4.804371e-06	24682
544345	-2.993605e-06	4.722071e-06	4.803942e-06	24682
536089	-2.994168e-06	4.722150e-06	4.803513e-06	24682
527833	-2.994731e-06	4.722229e-06	4.803084e-06	24682
519577	-2.995294e-06	4.722309e-06	4.802655e-06	24682
511321	-2.995857e-06	4.722388e-06	4.802226e-06	24682
503065	-2.996420e-06	4.722468e-06	4.801796e-06	24682
494809	-2.996982e-06	4.722547e-06	4.801367e-06	24682
486553	-2.997545e-06	4.722626e-06	4.800938e-06	24682
478297	-2.998108e-06	4.722705e-06	4.800509e-06	24682
470041	-2.998670e-06	4.722785e-06	4.800079e-06	24682
461785	-2.999233e-06	4.722864e-06	4.799650e-06	24682
453529	-2.999795e-06	4.722944e-06	4.799220e-06	24682
445273	-3.000358e-06	4.723023e-06	4.798790e-06	24682
437017	-3.000920e-06	4.723103e-06	4.798360e-06	24682
428761	-3.001482e-06	4.723182e-06	4.797930e-06	24682
420505	-3.002044e-06	4.723262e-06	4.797500e-06	24682
412249	-3.002607e-06	4.723341e-06	4.797070e-06	24682
403993	-3.003169e-06	4.723421e-06	4.796640e-06	24682
395737	-3.003731e-06	4.723500e-06	4.796209e-06	24682
387481	-3.004293e-06	4.723580e-06	4.795779e-06	24682
379225	-3.004855e-06	4.723659e-06	4.795349e-06	24682
370969	-3.005416e-06	4.723739e-06	4.794918e-06	24682
362713	-3.005978e-06	4.723819e-06	4.794488e-06	24682
354457	-3.006540e-06	4.723898e-06	4.794057e-06	24682
346201	-3.007101e-06	4.723978e-06	4.793626e-06	24682
337945	-3.007663e-06	4.724057e-06	4.793195e-06	24682
329689	-3.008224e-06	4.724137e-06	4.792765e-06	24682
321433	-3.008786e-06	4.724217e-06	4.792334e-06	24682
313177	-3.009347e-06	4.724297e-06	4.791902e-06	24682
304921	-3.009909e-06	4.724376e-06	4.791471e-06	24682
296665	-3.010470e-06	4.724456e-06	4.791040e-06	24682
288409	-3.011031e-06	4.724536e-06	4.790609e-06	24682
280153	-3.011592e-06	4.724615e-06	4.790178e-06	24682
271897	-3.012153e-06	4.724695e-06	4.789746e-06	24682
263641	-3.012714e-06	4.724775e-06	4.789315e-06	24682
255385	-3.013275e-06	4.724855e-06	4.788883e-06	24682
247129	-3.013836e-06	4.724935e-06	4.788451e-06	24682
238873	-3.014397e-06	4.725015e-06	4.788019e-06	24682
230617	-3.014957e-06	4.725094e-06	4.787587e-06	24682
222361	-3.015518e-06	4.725174e-06	4.787156e-06	24682
214105	-3.016079e-06	4.725254e-06	4.786724e-06	24682
205849	-3.016639e-06	4.725334e-06	4.786291e-06	24682
197593	-3.017200e-06	4.725414e-06	4.785859e-06	24682
189337	-3.017760e-06	4.725494e-06	4.785427e-06	24682
181081	-3.018321e-06	4.725573e-06	4.784995e-06	24682
172825	-3.018881e-06	4.725654e-06	4.784562e-06	24682
164569	-3.019441e-06	4.725734e-06	4.784130e-06	24682
156313	-3.020001e-06	4.725814e-06	4.783697e-06	24682
148057	-3.020561e-06	4.725894e-06	4.783265e-06	24682
139801	-3.021121e-06	4.725974e-06	4.782832e-06	24682
131545	-3.021681e-06	4.726054e-06	4.782399e-06	24682
123289	-3.022241e-06	4.726134e-06	4.781966e-06	24682
115033	-3.022801e-06	4.726214e-06	4.781533e-06	24682
106777	-3.023361e-06	4.726294e-06	4.781100e-06	24682
98521	-3.023920e-06	4.726374e-06	4.780667e-06	24682
90265	-3.024480e-06	4.726454e-06	4.780234e-06	24682
82009	-3.025040e-06	4.726534e-06	4.779800e-06	24682
73753	-3.025599e-06	4.726614e-06	4.779367e-06	24682
65497	-3.026159e-06	4.726694e-06	4.778934e-06	24682
57241	-3.026718e-06	4.726774e-06	4.778500e-06	24682
48985	-3.027277e-06	4.726855e-06	4.778066e-06	24682
40729	-3.027837e-06	4.726935e-06	4.777633e-06	24682
32473	-3.028396e-06	4.727015e-06	4.777199e-06	24682
24217	-3.028955e-06	4.727095e-06	4.776765e-06	24682
15961	-3.029514e-06	4.727176e-06	4.776331e-06	24682
7705	-3.030073e-06	4.727256e-06	4.775897e-06	24682
1155005	-3.347277e-06	4.886672e-06	5.082786e-06	22642
1146749	-3.347875e-06	4.886761e-06	5.082306e-06	22642
1138493	-3.348474e-06	4.886850e-06	5.081827e-06	22642
1130237	-3.349072e-06	4.886938e-06	5.081347e-06	22642
1121981	-3.349671e-06	4.887027e-06	5.080867e-06	22642
1113725	-3.350269e-06	4.887116e-06	5.080387e-06	22642
1105469	-3.350868e-06	4.887205e-06	5.079907e-06	22642
1097213	-3.351466e-06	4.887293e-06	5.079427e-06	22642
1088957	-3.352064e-06	4.887382e-06	5.078947e-06	22642
1080701	-3.352662e-06	4.887471e-06	5.078467e-06	22642
1072445	-3.353260e-06	4.887560e-06	5.077986e-06	22642
1064189	-3.353858e-06	4.887649e-06	5.077506e-06	22642
1055933	-3.354456e-06	4.887737e-06	5.077025e-06	22642
1047677	-3.355054e-06	4.887826e-06	5.076544e-06	22642
1039421	-3.355652e-06	4.887915e-06	5.076064e-06	22642
1031165	-3.356249e-06	4.888004e-06	5.075583e-06	22642
1022909	-3.356847e-06	4.888093e-06	5.075102e-06	22642
1014653	-3.357445e-06	4.888182e-06	5.074621e-06	22642
1006397	-3.358042e-06	4.888271e-06	5.074140e-06	22642
998141	-3.358640e-06	4.888360e-06	5.073659e-06	22642
989885	-3.359237e-06	4.888449e-06	5.073178e-06	22642
981629	-3.359834e-06	4.888538e-06	5.072696e-06	22642
973373	-3.360431e-06	4.888627e-06	5.072215e-06	22642
965117	-3.361028e-06	4.888716e-06	5.071734e-06	22642
956861	-3.361625e-06	4.888805e-06	5.071252e-06	22642
948605	-3.362223e-06	4.888894e-06	5.070770e-06	22642
940349	-3.362819e-06	4.888983e-06	5.070288e-06	22642
932093	-3.363416e-06	4.889072e-06	5.069807e-06	22642
923837	-3.364013e-06	4.889161e-06	5.069325e-06	22642
915581	-3.364610e-06	4.889250e-06	5.068843e-06	22642
907325	-3.365206e-06	4.889340e-06	5.068361e-06	22642
899069	-3.365803e-06	4.889429e-06	5.067879e-06	22642
890813	-3.366399e-06	4.889518e-06	5.067397e-06	22642
882557	-3.366996e-06	4.889607e-06	5.066914e-06	22642
874301	-3.367592e-06	4.889696e-06	5.066432e-06	22642
866045	-3.368188e-06	4.889785e-06	5.065949e-06	22642
857789	-3.368785e-06	4.889875e-06	5.065467e-06	22642
849533	-3.369381e-06	4.889964e-06	5.064984e-06	22642
841277	-3.369977e-06	4.890053e-06	5.064501e-06	22642
833021	-3.370573e-06	4.890142e-06	5.064018e-06	22642
824765	-3.371169e-06	4.890232e-06	5.063535e-06	22642
816509	-3.371764e-06	4.890321e-06	5.063052e-06	22642
808253	-3.372360e-06	4.890411e-06	5.062569e-06	22642
799997	-3.372956e-06	4.890500e-06	5.062086e-06	22642
791741	-3.373551e-06	4.890589e-06	5.061603e-06	22642
783485	-3.374147e-06	4.890679e-06	5.061119e-06	22642
775229	-3.374743e-06	4.890768e-06	5.060636e-06	22642
766973	-3.375338e-06	4.890857e-06	5.060152e-06	22642
758717	-3.375933e-06	4.890947e-06	5.059669e-06	22642
750461	-3.376529e-06	4.891036e-06	5.059185e-06	22642
742205	-3.377124e-06	4.891126e-06	5.058701e-06	22642
733949	-3.377719e-06	4.891215e-06	5.058218e-06	22642
725693	-3.378314e-06	4.891305e-06	5.057734e-06	22642
717437	-3.378909e-06	4.891394e-06	5.057249e-06	22642
709181	-3.379504e-06	4.891484e-06	5.056766e-06	22642
700925	-3.380099e-06	4.891574e-06	5.056281e-06	22642
692669	-3.380693e-06	4.891663e-06	5.055797e-06	22642
684413	-3.381288e-06	4.891752e-06	5.055313e-06	22642
676157	-3.381883e-06	4.891842e-06	5.054828e-06	22642
667901	-3.382477e-06	4.891932e-06	5.054344e-06	22642
659645	-3.383072e-06	4.892021e-06	5.053859e-06	22642
651389	-3.383666e-06	4.892111e-06	5.053374e-06	22642
643133	-3.384260e-06	4.892201e-06	5.052889e-06	22642
634877	-3.384855e-06	4.892290e-06	5.052405e-06	22642
626621	-3.385449e-06	4.892380e-06	5.051920e-06	22642
618365	-3.386043e-06	4.892470e-06	5.051435e-06	22642
610109	-3.386637e-06	4.892559e-06	5.050949e-06	22642
601853	-3.387231e-06	4.892649e-06	5.050464e-06	22642
593597	-3.387825e-06	4.892739e-06	5.049979e-06	22642
585341	-3.388419e-06	4.892829e-06	5.049493e-06	22642
577085	-3.389012e-06	4.892918e-06	5.049008e-06	22642
568829	-3.389606e-06	4.893008e-06	5.048522e-06	22642
560573	-3.390200e-06	4.893098e-06	5.048037e-06	22642
552317	-3.390793e-06	4.893188e-06	5.047551e-06	22642
544061	-3.391387e-06	4.893277e-06	5.047065e-06	22642
535805	-3.391980e-06	4.893368e-06	5.046579e-06	22642
527549	-3.392573e-06	4.893458e-06	5.046093e-06	22642
519293	-3.393167e-06	4.893547e-06	5.045607e-06	22642
511037	-3.393760e-06	4.893637e-06	5.045121e-06	22642
502781	-3.394353e-06	4.893727e-06	5.044635e-06	22642
494525	-3.394946e-06	4.893817e-06	5.044149e-06	22642
486269	-3.395539e-06	4.893907e-06	5.043662e-06	22642
478013	-3.396132e-06	4.893997e-06	5.043175e-06	22642
469757	-3.396725e-06	4.894087e-06	5.042689e-06	22642
461501	-3.397317e-06	4.894177e-06	5.042202e-06	22642
453245	-3.397910e-06	4.894267e-06	5.041715e-06	22642
444989	-3.398503e-06	4.894357e-06	5.041229e-06	22642
436733	-3.399095e-06	4.894447e-06	5.040742e-06	22642
428477	-3.399688e-06	4.894537e-06	5.040255e-06	22642
420221	-3.400280e-06	4.894627e-06	5.039768e-06	22642
411965	-3.400872e-06	4.894717e-06	5.039280e-06	22642
403709	-3.401465e-06	4.894807e-06	5.038793e-06	22642
395453	-3.402057e-06	4.894897e-06	5.038306e-06	22642
387197	-3.402649e-06	4.894988e-06	5.037818e-06	22642
378941	-3.403241e-06	4.895078e-06	5.037331e-06	22642
370685	-3.403833e-06	4.895168e-06	5.036843e-06	22642
362429	-3.404425e-06	4.895258e-06	5.036356e-06	22642
354173	-3.405017e-06	4.895348e-06	5.035868e-06	22642
345917	-3.405608e-06	4.895438e-06	5.035380e-06	22642
337661	-3.406200e-06	4.895529e-06	5.034892e-06	22642
329405	-3.406792e-06	4.895619e-06	5.034404e-06	22642
321149	-3.407383e-06	4.895709e-06	5.033916e-06	22642
312893	-3.407974e-06	4.895800e-06	5.033427e-06	22642
304637	-3.408566e-06	4.895890e-06	5.032939e-06	22642
296381	-3.409157e-06	4.895980e-06	5.032451e-06	22642
288125	-3.409748e-06	4.896071e-06	5.031962e-06	22642
279869	-3.410340e-06	4.896161e-06	5.031474e-06	22642
271613	-3.410931e-06	4.896252e-06	5.030985e-06	22642
263357	-3.411522e-06	4.896342e-06	5.030497e-06	22642
255101	-3.412113e-06	4.896432e-06	5.030008e-06	22642
246845	-3.412703e-06	4.896523e-06	5.029519e-06	22642
238589	-3.413294e-06	4.896613e-06	5.029030e-06	22642
230333	-3.413885e-06	4.896704e-06	5.028541e-06	22642
222077	-3.414475e-06	4.896794e-06	5.028051e-06	22642
213821	-3.415066e-06	4.896884e-06	5.027563e-06	22642
205565	-3.415657e-06	4.896975e-06	5.027073e-06	22642
197309	-3.416247e-06	4.897065e-06	5.026583e-06	22642
189053	-3.416837e-06	4.897156e-06	5.026094e-06	22642
180797	-3.417428e-06	4.897247e-06	5.025605e-06	22642
172541	-3.418018e-06	4.897337e-06	5.025115e-06	22642
164285	-3.418608e-06	4.897428e-06	5.024625e-06	22642
156029	-3.419198e-06	4.897518e-06	5.024136e-06	22642
147773	-3.419788e-06	4.897609e-06	5.023645e-06	22642
139517	-3.420378e-06	4.897699e-06	5.023156e-06	22642
131261	-3.420968e-06	4.897790e-06	5.022665e-06	22642
123005	-3.421558e-06	4.897880e-06	5.022175e-06	22642
114749	-3.422147e-06	4.897971e-06	5.021685e-06	22642
106493	-3.422737e-06	4.898062e-06	5.021195e-06	22642
98237	-3.423326e-06	4.898152e-06	5.020705e-06	22642
89981	-3.423916e-06	4.898243e-06	5.020214e-06	22642
81725	-3.424505e-06	4.898334e-06	5.019723e-06	22642
73469	-3.425095e-06	4.898425e-06	5.019233e-06	22642
65213	-3.425684e-06	4.898516e-06	5.018742e-06	22642
56957	-3.426273e-06	4.898606e-06	5.018251e-06	22642
48701	-3.426862e-06	4.898697e-06	5.017760e-06	22642
40445	-3.427451e-06	4.898788e-06	5.017269e-06	22642
32189	-3.428040e-06	4.898879e-06	5.016778e-06	22642
23933	-3.428629e-06	4.898970e-06	5.016287e-06	22642
15677	-3.429218e-06	4.899061e-06	5.015796e-06	22642
7421	-3.429807e-06	4.899151e-06	5.015304e-06	22642
1154689	-3.902603e-06	5.321187e-06	5.649925e-06	20842
1146433	-3.903271e-06	5.321290e-06	5.649366e-06	20842
1138177	-3.903939e-06	5.321394e-06	5.648807e-06	20842
1129921	-3.904608e-06	5.321497e-06	5.648248e-06	20842
1121665	-3.905276e-06	5.321601e-06	5.647688e-06	20842
1113409	-3.905944e-06	5.321704e-06	5.647129e-06	20842
1105153	-3.906612e-06	5.321808e-06	5.646569e-06	20842
1096897	-3.907280e-06	5.321911e-06	5.646009e-06	20842
1088641	-3.907948e-06	5.322015e-06	5.645449e-06	20842
1080385	-3.908615e-06	5.322118e-06	5.644889e-06	20842
1072129	-3.909283e-06	5.322222e-06	5.644329e-06	20842
1063873	-3.909951e-06	5.322325e-06	5.643769e-06	20842
1055617	-3.910618e-06	5.322429e-06	5.643209e-06	20842
1047361	-3.911286e-06	5.322533e-06	5.642648e-06	20842
1039105	-3.911953e-06	5.322636e-06	5.642088e-06	20842
1030849	-3.912620e-06	5.322740e-06	5.641527e-06	20842
1022593	-3.913288e-06	5.322844e-06	5.640967e-06	20842
1014337	-3.913955e-06	5.322947e-06	5.640406e-06	20842
1006081	-3.914622e-06	5.323051e-06	5.639845e-06	20842
997825	-3.915289e-06	5.323155e-06	5.639285e-06	20842
989569	-3.915955e-06	5.323258e-06	5.638723e-06	20842
981313	-3.916623e-06	5.323363e-06	5.638162e-06	20842
973057	-3.917289e-06	5.323466e-06	5.637601e-06	20842
964801	-3.917956e-06	5.323570e-06	5.637040e-06	20842
956545	-3.918622e-06	5.323674e-06	5.636479e-06	20842
948289	-3.919289e-06	5.323778e-06	5.635917e-06	20842
940033	-3.919955e-06	5.323881e-06	5.635356e-06	20842
931777	-3.920621e-06	5.323986e-06	5.634794e-06	20842
923521	-3.921287e-06	5.324089e-06	5.634232e-06	20842
915265	-3.921954e-06	5.324193e-06	5.633670e-06	20842
907009	-3.922620e-06	5.324297e-06	5.633108e-06	20842
898753	-3.923285e-06	5.324401e-06	5.632546e-06	20842
890497	-3.923951e-06	5.324505e-06	5.631984e-06	20842
882241	-3.924617e-06	5.324609e-06	5.631422e-06	20842
873985	-3.925283e-06	5.324713e-06	5.630860e-06	20842
865729	-3.925948e-06	5.324817e-06	5.630297e-06	20842
857473	-3.926614e-06	5.324921e-06	5.629734e-06	20842
849217	-3.927280e-06	5.325025e-06	5.629172e-06	20842
840961	-3.927945e-06	5.325129e-06	5.628609e-06	20842
832705	-3.928610e-06	5.325233e-06	5.628046e-06	20842
824449	-3.929275e-06	5.325337e-06	5.627483e-06	20842
816193	-3.929940e-06	5.325442e-06	5.626920e-06	20842
807937	-3.930606e-06	5.325546e-06	5.626358e-06	20842
799681	-3.931270e-06	5.325650e-06	5.625794e-06	20842
791425	-3.931935e-06	5.325754e-06	5.625231e-06	20842
783169	-3.932600e-06	5.325858e-06	5.624668e-06	20842
774913	-3.933265e-06	5.325962e-06	5.624104e-06	20842
766657	-3.933929e-06	5.326067e-06	5.623540e-06	20842
758401	-3.934594e-06	5.326171e-06	5.622977e-06	20842
750145	-3.935259e-06	5.326275e-06	5.622413e-06	20842
741889	-3.935923e-06	5.326379e-06	5.621849e-06	20842
733633	-3.936587e-06	5.326484e-06	5.621285e-06	20842
725377	-3.937251e-06	5.326588e-06	5.620721e-06	20842
717121	-3.937915e-06	5.326693e-06	5.620157e-06	20842
708865	-3.938579e-06	5.326797e-06	5.619593e-06	20842
700609	-3.939243e-06	5.326901e-06	5.619028e-06	20842
692353	-3.939907e-06	5.327006e-06	5.618464e-06	20842
684097	-3.940571e-06	5.327110e-06	5.617899e-06	20842
675841	-3.941234e-06	5.327214e-06	5.617335e-06	20842
667585	-3.941898e-06	5.327319e-06	5.616770e-06	20842
659329	-3.942562e-06	5.327423e-06	5.616205e-06	20842
651073	-3.943225e-06	5.327528e-06	5.615640e-06	20842
642817	-3.943888e-06	5.327632e-06	5.615075e-06	20842
634561	-3.944552e-06	5.327737e-06	5.614510e-06	20842
626305	-3.945215e-06	5.327841e-06	5.613945e-06	20842
618049	-3.945878e-06	5.327946e-06	5.613380e-06	20842
609793	-3.946541e-06	5.328051e-06	5.612814e-06	20842
601537	-3.947204e-06	5.328155e-06	5.612249e-06	20842
593281	-3.947867e-06	5.328260e-06	5.611683e-06	20842
585025	-3.948529e-06	5.328364e-06	5.611118e-06	20842
576769	-3.949192e-06	5.328469e-06	5.610552e-06	20842
568513	-3.949855e-06	5.328573e-06	5.609986e-06	20842
560257	-3.950518e-06	5.328679e-06	5.609420e-06	20842
552001	-3.951180e-06	5.328783e-06	5.608854e-06	20842
543745	-3.951842e-06	5.328888e-06	5.608288e-06	20842
535489	-3.952504e-06	5.328992e-06	5.607722e-06	20842
527233	-3.953166e-06	5.329097e-06	5.607155e-06	20842
518977	-3.953829e-06	5.329202e-06	5.606589e-06	20842
510721	-3.954491e-06	5.329307e-06	5.606022e-06	20842
502465	-3.955153e-06	5.329412e-06	5.605455e-06	20842
494209	-3.955814e-06	5.329517e-06	5.604889e-06	20842
485953	-3.956476e-06	5.329621e-06	5.604322e-06	20842
477697	-3.957138e-06	5.329726e-06	5.603755e-06	20842
469441	-3.957799e-06	5.329831e-06	5.603188e-06	20842
461185	-3.958461e-06	5.329936e-06	5.602621e-06	20842
452929	-3.959122e-06	5.330041e-06	5.602054e-06	20842
444673	-3.959784e-06	5.330146e-06	5.601486e-06	20842
436417	-3.960445e-06	5.330251e-06	5.600919e-06	20842
428161	-3.961106e-06	5.330356e-06	5.600352e-06	20842
419905	-3.961767e-06	5.330461e-06	5.599784e-06	20842
411649	-3.962428e-06	5.330566e-06	5.599216e-06	20842
403393	-3.963089e-06	5.330671e-06	5.598649e-06	20842
395137	-3.963750e-06	5.330776e-06	5.598081e-06	20842
386881	-3.964411e-06	5.330881e-06	5.597513e-06	20842
378625	-3.965071e-06	5.330986e-06	5.596945e-06	20842
370369	-3.965732e-06	5.331091e-06	5.596377e-06	20842
362113	-3.966393e-06	5.331196e-06	5.595808e-06	20842
353857	-3.967053e-06	5.331301e-06	5.595240e-06	20842
345601	-3.967713e-06	5.331406e-06	5.594672e-06	20842
337345	-3.968374e-06	5.331511e-06	5.594103e-06	20842
329089	-3.969034e-06	5.331617e-06	5.593535e-06	20842
320833	-3.969694e-06	5.331722e-06	5.592966e-06	20842
312577	-3.970354e-06	5.331827e-06	5.592397e-06	20842
304321	-3.971013e-06	5.331932e-06	5.591829e-06	20842
296065	-3.971673e-06	5.332037e-06	5.591259e-06	20842
287809	-3.972333e-06	5.332143e-06	5.590690e-06	20842
279553	-3.972993e-06	5.332248e-06	5.590121e-06	20842
271297	-3.973652e-06	5.332353e-06	5.589552e-06	20842
263041	-3.974312e-06	5.332458e-06	5.588982e-06	20842
254785	-3.974971e-06	5.332564e-06	5.588413e-06	20842
246529	-3.975631e-06	5.332669e-06	5.587844e-06	20842
238273	-3.976290e-06	5.332774e-06	5.587274e-06	20842
230017	-3.976949e-06	5.332880e-06	5.586704e-06	20842
221761	-3.977608e-06	5.332985e-06	5.586134e-06	20842
213505	-3.978267e-06	5.333091e-06	5.585564e-06	20842
205249	-3.978926e-06	5.333196e-06	5.584994e-06	20842
196993	-3.979585e-06	5.333301e-06	5.584424e-06	20842
188737	-3.980243e-06	5.333407e-06	5.583854e-06	20842
180481	-3.980902e-06	5.333512e-06	5.583283e-06	20842
172225	-3.981561e-06	5.333618e-06	5.582713e-06	20842
163969	-3.982219e-06	5.333723e-06	5.582142e-06	20842
155713	-3.982877e-06	5.333829e-06	5.581572e-06	20842
147457	-3.983536e-06	5.333935e-06	5.581001e-06	20842
139201	-3.984194e-06	5.334040e-06	5.580431e-06	20842
130945	-3.984852e-06	5.334146e-06	5.579860e-06	20842
122689	-3.985510e-06	5.334251e-06	5.579289e-06	20842
114433	-3.986168e-06	5.334357e-06	5.578718e-06	20842
106177	-3.986826e-06	5.334463e-06	5.578147e-06	20842
97921	-3.987484e-06	5.334568e-06	5.577575e-06	20842
89665	-3.988142e-06	5.334674e-06	5.577004e-06	20842
81409	-3.988799e-06	5.334780e-06	5.576433e-06	20842
73153	-3.989457e-06	5.334885e-06	5.575861e-06	20842
64897	-3.990114e-06	5.334991e-06	5.575289e-06	20842
56641	-3.990772e-06	5.335097e-06	5.574717e-06	20842
48385	-3.991429e-06	5.335203e-06	5.574146e-06	20842
40129	-3.992086e-06	5.335309e-06	5.573574e-06	20842
31873	-3.992743e-06	5.335414e-06	5.573002e-06	20842
23617	-3.993400e-06	5.335520e-06	5.572429e-06	20842
15361	-3.994057e-06	5.335626e-06	5.571857e-06	20842
7105	-3.994714e-06	5.335732e-06	5.571285e-06	20842
1155004	-3.922207e-06	5.384907e-06	5.692356e-06	22641
1146748	-3.922880e-06	5.385011e-06	5.691794e-06	22641
1138492	-3.923553e-06	5.385114e-06	5.691232e-06	22641
1130236	-3.924225e-06	5.385219e-06	5.690670e-06	22641
1121980	-3.924898e-06	5.385322e-06	5.690108e-06	22641
1113724	-3.925571e-06	5.385426e-06	5.689546e-06	22641
1105468	-3.926243e-06	5.385531e-06	5.688983e-06	22641
1097212	-3.926915e-06	5.385635e-06	5.688421e-06	22641
1088956	-3.927588e-06	5.385739e-06	5.687858e-06	22641
1080700	-3.928260e-06	5.385843e-06	5.687295e-06	22641
1072444	-3.928932e-06	5.385947e-06	5.686732e-06	22641
1064188	-3.929604e-06	5.386051e-06	5.686169e-06	22641
1055932	-3.930276e-06	5.386155e-06	5.685606e-06	22641
1047676	-3.930948e-06	5.386259e-06	5.685043e-06	22641
1039420	-3.931620e-06	5.386363e-06	5.684480e-06	22641
1031164	-3.932291e-06	5.386467e-06	5.683917e-06	22641
1022908	-3.932962e-06	5.386572e-06	5.683353e-06	22641
1014652	-3.933634e-06	5.386676e-06	5.682789e-06	22641
1006396	-3.934305e-06	5.386780e-06	5.682226e-06	22641
998140	-3.934977e-06	5.386884e-06	5.681662e-06	22641
989884	-3.935648e-06	5.386989e-06	5.681098e-06	22641
981628	-3.936319e-06	5.387093e-06	5.680534e-06	22641
973372	-3.936990e-06	5.387197e-06	5.679970e-06	22641
965116	-3.937661e-06	5.387302e-06	5.679407e-06	22641
956860	-3.938332e-06	5.387406e-06	5.678842e-06	22641
948604	-3.939003e-06	5.387511e-06	5.678278e-06	22641
940348	-3.939674e-06	5.387615e-06	5.677713e-06	22641
932092	-3.940344e-06	5.387719e-06	5.677149e-06	22641
923836	-3.941015e-06	5.387823e-06	5.676584e-06	22641
915580	-3.941685e-06	5.387928e-06	5.676020e-06	22641
907324	-3.942356e-06	5.388033e-06	5.675455e-06	22641
899068	-3.943026e-06	5.388137e-06	5.674890e-06	22641
890812	-3.943696e-06	5.388241e-06	5.674325e-06	22641
882556	-3.944367e-06	5.388346e-06	5.673760e-06	22641
874300	-3.945037e-06	5.388451e-06	5.673195e-06	22641
866044	-3.945707e-06	5.388555e-06	5.672629e-06	22641
857788	-3.946377e-06	5.388660e-06	5.672064e-06	22641
849532	-3.947046e-06	5.388764e-06	5.671499e-06	22641
841276	-3.947716e-06	5.388869e-06	5.670933e-06	22641
833020	-3.948386e-06	5.388973e-06	5.670367e-06	22641
824764	-3.949056e-06	5.389078e-06	5.669802e-06	22641
816508	-3.949725e-06	5.389183e-06	5.669236e-06	22641
808252	-3.950394e-06	5.389287e-06	5.668670e-06	22641
799996	-3.951064e-06	5.389392e-06	5.668104e-06	22641
791740	-3.951733e-06	5.389497e-06	5.667538e-06	22641
783484	-3.952402e-06	5.389601e-06	5.666971e-06	22641
775228	-3.953071e-06	5.389706e-06	5.666405e-06	22641
766972	-3.953740e-06	5.389811e-06	5.665839e-06	22641
758716	-3.954409e-06	5.389916e-06	5.665273e-06	22641
750460	-3.955078e-06	5.390021e-06	5.664706e-06	22641
742204	-3.955746e-06	5.390125e-06	5.664139e-06	22641
733948	-3.956415e-06	5.390230e-06	5.663572e-06	22641
725692	-3.957084e-06	5.390335e-06	5.663006e-06	22641
717436	-3.957752e-06	5.390440e-06	5.662439e-06	22641
709180	-3.958421e-06	5.390545e-06	5.661871e-06	22641
700924	-3.959089e-06	5.390650e-06	5.661304e-06	22641
692668	-3.959757e-06	5.390755e-06	5.660737e-06	22641
684412	-3.960425e-06	5.390860e-06	5.660169e-06	22641
676156	-3.961093e-06	5.390964e-06	5.659602e-06	22641
667900	-3.961761e-06	5.391069e-06	5.659034e-06	22641
659644	-3.962429e-06	5.391174e-06	5.658467e-06	22641
651388	-3.963097e-06	5.391280e-06	5.657899e-06	22641
643132	-3.963764e-06	5.391385e-06	5.657331e-06	22641
634876	-3.964432e-06	5.391490e-06	5.656763e-06	22641
626620	-3.965100e-06	5.391595e-06	5.656195e-06	22641
618364	-3.965767e-06	5.391700e-06	5.655627e-06	22641
610108	-3.966435e-06	5.391805e-06	5.655059e-06	22641
601852	-3.967102e-06	5.391910e-06	5.654490e-06	22641
593596	-3.967769e-06	5.392015e-06	5.653922e-06	22641
585340	-3.968436e-06	5.392120e-06	5.653354e-06	22641
577084	-3.969103e-06	5.392225e-06	5.652785e-06	22641
568828	-3.969770e-06	5.392330e-06	5.652216e-06	22641
560572	-3.970437e-06	5.392436e-06	5.651647e-06	22641
552316	-3.971104e-06	5.392541e-06	5.651078e-06	22641
544060	-3.971771e-06	5.392646e-06	5.650510e-06	22641
535804	-3.972437e-06	5.392752e-06	5.649940e-06	22641
527548	-3.973104e-06	5.392857e-06	5.649371e-06	22641
519292	-3.973770e-06	5.392962e-06	5.648802e-06	22641
511036	-3.974436e-06	5.393068e-06	5.648233e-06	22641
502780	-3.975103e-06	5.393173e-06	5.647663e-06	22641
494524	-3.975769e-06	5.393278e-06	5.647094e-06	22641
486268	-3.976435e-06	5.393384e-06	5.646524e-06	22641
478012	-3.977101e-06	5.393489e-06	5.645954e-06	22641
469756	-3.977767e-06	5.393594e-06	5.645384e-06	22641
461500	-3.978433e-06	5.393700e-06	5.644814e-06	22641
453244	-3.979099e-06	5.393805e-06	5.644244e-06	22641
444988	-3.979765e-06	5.393911e-06	5.643674e-06	22641
436732	-3.980430e-06	5.394016e-06	5.643104e-06	22641
428476	-3.981096e-06	5.394122e-06	5.642533e-06	22641
420220	-3.981761e-06	5.394227e-06	5.641963e-06	22641
411964	-3.982426e-06	5.394333e-06	5.641392e-06	22641
403708	-3.983092e-06	5.394438e-06	5.640822e-06	22641
395452	-3.983757e-06	5.394544e-06	5.640251e-06	22641
387196	-3.984422e-06	5.394649e-06	5.639680e-06	22641
378940	-3.985087e-06	5.394755e-06	5.639110e-06	22641
370684	-3.985752e-06	5.394860e-06	5.638538e-06	22641
362428	-3.986417e-06	5.394966e-06	5.637967e-06	22641
354172	-3.987082e-06	5.395072e-06	5.637396e-06	22641
345916	-3.987746e-06	5.395177e-06	5.636825e-06	22641
337660	-3.988411e-06	5.395283e-06	5.636253e-06	22641
329404	-3.989075e-06	5.395389e-06	5.635682e-06	22641
321148	-3.989740e-06	5.395495e-06	5.635110e-06	22641
312892	-3.990404e-06	5.395600e-06	5.634539e-06	22641
304636	-3.991068e-06	5.395706e-06	5.633967e-06	22641
296380	-3.991733e-06	5.395812e-06	5.633395e-06	22641
288124	-3.992397e-06	5.395917e-06	5.632823e-06	22641
279868	-3.993061e-06	5.396023e-06	5.632251e-06	22641
271612	-3.993724e-06	5.396129e-06	5.631679e-06	22641
263356	-3.994388e-06	5.396235e-06	5.631107e-06	22641
255100	-3.995052e-06	5.396341e-06	5.630534e-06	22641
246844	-3.995716e-06	5.396447e-06	5.629962e-06	22641
238588	-3.996379e-06	5.396553e-06	5.629389e-06	22641
230332	-3.997043e-06	5.396659e-06	5.628817e-06	22641
222076	-3.997706e-06	5.396765e-06	5.628244e-06	22641
213820	-3.998369e-06	5.396871e-06	5.627671e-06	22641
205564	-3.999033e-06	5.396977e-06	5.627098e-06	22641
197308	-3.999696e-06	5.397083e-06	5.626525e-06	22641
189052	-4.000359e-06	5.397188e-06	5.625952e-06	22641
180796	-4.001022e-06	5.397294e-06	5.625379e-06	22641
172540	-4.001685e-06	5.397400e-06	5.624806e-06	22641
164284	-4.002347e-06	5.397506e-06	5.624232e-06	22641
156028	-4.003010e-06	5.397613e-06	5.623659e-06	22641
147772	-4.003673e-06	5.397719e-06	5.623085e-06	22641
139516	-4.004336e-06	5.397825e-06	5.622512e-06	22641
131260	-4.004998e-06	5.397931e-06	5.621938e-06	22641
123004	-4.005660e-06	5.398037e-06	5.621364e-06	22641
114748	-4.006323e-06	5.398143e-06	5.620790e-06	22641
106492	-4.006985e-06	5.398249e-06	5.620216e-06	22641
98236	-4.007647e-06	5.398355e-06	5.619642e-06	22641
89980	-4.008309e-06	5.398462e-06	5.619068e-06	22641
81724	-4.008971e-06	5.398568e-06	5.618494e-06	22641
73468	-4.009633e-06	5.398674e-06	5.617919e-06	22641
65212	-4.010295e-06	5.398781e-06	5.617344e-06	22641
56956	-4.010956e-06	5.398887e-06	5.616770e-06	22641
48700	-4.011618e-06	5.398993e-06	5.616195e-06	22641
40444	-4.012280e-06	5.399099e-06	5.615620e-06	22641
32188	-4.012941e-06	5.399206e-06	5.615045e-06	22641
23932	-4.013602e-06	5.399312e-06	5.614470e-06	22641
15676	-4.014264e-06	5.399419e-06	5.613895e-06	22641
7420	-4.014925e-06	5.399525e-06	5.613320e-06	22641
