837084	9.506757e-07	1.299742e-06	6.969462e-07	7475
531906	1.068863e-06	1.299758e-06	6.595791e-07	8243
845340	9.507410e-07	1.299767e-06	6.968098e-07	7475
540162	1.068923e-06	1.299787e-06	6.594258e-07	8243
853596	9.508063e-07	1.299793e-06	6.966734e-07	7475
548418	1.068983e-06	1.299815e-06	6.592724e-07	8243
861852	9.508716e-07	1.299818e-06	6.965369e-07	7475
870108	9.509369e-07	1.299843e-06	6.964004e-07	7475
556674	1.069043e-06	1.299844e-06	6.591189e-07	8243
878364	9.510021e-07	1.299869e-06	6.962640e-07	7475
564930	1.069103e-06	1.299872e-06	6.589656e-07	8243
886620	9.510674e-07	1.299894e-06	6.961275e-07	7475
573186	1.069163e-06	1.299901e-06	6.588122e-07	8243
894876	9.511326e-07	1.299920e-06	6.959910e-07	7475
581442	1.069222e-06	1.299930e-06	6.586587e-07	8243
903132	9.511977e-07	1.299945e-06	6.958545e-07	7475
589698	1.069282e-06	1.299958e-06	6.585053e-07	8243
911388	9.512629e-07	1.299970e-06	6.957180e-07	7475
597954	1.069342e-06	1.299987e-06	6.583518e-07	8243
919644	9.513280e-07	1.299996e-06	6.955815e-07	7475
606210	1.069402e-06	1.300015e-06	6.581984e-07	8243
927900	9.513931e-07	1.300021e-06	6.954450e-07	7475
614466	1.069462e-06	1.300044e-06	6.580449e-07	8243
936156	9.514582e-07	1.300047e-06	6.953084e-07	7475
944412	9.515233e-07	1.300072e-06	6.951718e-07	7475
622722	1.069521e-06	1.300072e-06	6.578915e-07	8243
952668	9.515884e-07	1.300097e-06	6.950353e-07	7475
630978	1.069581e-06	1.300101e-06	6.577380e-07	8243
960924	9.516534e-07	1.300123e-06	6.948987e-07	7475
639234	1.069641e-06	1.300129e-06	6.575845e-07	8243
1038	6.917990e-07	1.300132e-06	7.982594e-07	2355
969180	9.517184e-07	1.300148e-06	6.947622e-07	7475
9294	6.918788e-07	1.300150e-06	7.981601e-07	2355
647490	1.069700e-06	1.300158e-06	6.574310e-07	8243
17550	6.919586e-07	1.300169e-06	7.980608e-07	2355
977436	9.517834e-07	1.300173e-06	6.946256e-07	7475
655746	1.069760e-06	1.300186e-06	6.572775e-07	8243
25806	6.920384e-07	1.300187e-06	7.979614e-07	2355
985692	9.518484e-07	1.300199e-06	6.944890e-07	7475
34062	6.921182e-07	1.300206e-06	7.978621e-07	2355
664002	1.069820e-06	1.300215e-06	6.571240e-07	8243
993948	9.519134e-07	1.300224e-06	6.943524e-07	7475
42318	6.921981e-07	1.300224e-06	7.977627e-07	2355
50574	6.922778e-07	1.300243e-06	7.976633e-07	2355
672258	1.069879e-06	1.300243e-06	6.569704e-07	8243
1002204	9.519783e-07	1.300250e-06	6.942157e-07	7475
58830	6.923576e-07	1.300261e-06	7.975639e-07	2355
680514	1.069939e-06	1.300272e-06	6.568169e-07	8243
1010460	9.520433e-07	1.300275e-06	6.940791e-07	7475
67086	6.924373e-07	1.300280e-06	7.974646e-07	2355
75342	6.925170e-07	1.300298e-06	7.973651e-07	2355
1018716	9.521081e-07	1.300300e-06	6.939425e-07	7475
688770	1.069998e-06	1.300300e-06	6.566634e-07	8243
83598	6.925968e-07	1.300317e-06	7.972657e-07	2355
1026972	9.521730e-07	1.300326e-06	6.938058e-07	7475
697026	1.070058e-06	1.300329e-06	6.565098e-07	8243
91854	6.926765e-07	1.300335e-06	7.971663e-07	2355
1035228	9.522379e-07	1.300351e-06	6.936692e-07	7475
100110	6.927561e-07	1.300354e-06	7.970668e-07	2355
705282	1.070117e-06	1.300358e-06	6.563563e-07	8243
108366	6.928358e-07	1.300372e-06	7.969674e-07	2355
1043484	9.523027e-07	1.300377e-06	6.935325e-07	7475
713538	1.070177e-06	1.300386e-06	6.562027e-07	8243
116622	6.929154e-07	1.300391e-06	7.968679e-07	2355
1051740	9.523675e-07	1.300402e-06	6.933959e-07	7475
124878	6.929951e-07	1.300409e-06	7.967685e-07	2355
721794	1.070236e-06	1.300415e-06	6.560492e-07	8243
1059996	9.524323e-07	1.300428e-06	6.932592e-07	7475
133134	6.930747e-07	1.300428e-06	7.966690e-07	2355
730050	1.070296e-06	1.300443e-06	6.558956e-07	8243
141390	6.931543e-07	1.300446e-06	7.965695e-07	2355
1068252	9.524971e-07	1.300453e-06	6.931225e-07	7475
149646	6.932339e-07	1.300465e-06	7.964700e-07	2355
738306	1.070355e-06	1.300472e-06	6.557420e-07	8243
1076508	9.525618e-07	1.300478e-06	6.929858e-07	7475
157902	6.933134e-07	1.300484e-06	7.963704e-07	2355
746562	1.070415e-06	1.300500e-06	6.555884e-07	8243
166158	6.933930e-07	1.300502e-06	7.962709e-07	2355
1084764	9.526266e-07	1.300504e-06	6.928491e-07	7475
174414	6.934725e-07	1.300521e-06	7.961714e-07	2355
3027	8.885839e-07	1.300523e-06	7.328292e-07	6963
754818	1.070474e-06	1.300529e-06	6.554347e-07	8243
1093020	9.526913e-07	1.300529e-06	6.927124e-07	7475
182670	6.935521e-07	1.300539e-06	7.960718e-07	2355
11283	8.886544e-07	1.300547e-06	7.327017e-07	6963
1101276	9.527560e-07	1.300555e-06	6.925757e-07	7475
763074	1.070533e-06	1.300557e-06	6.552812e-07	8243
190926	6.936316e-07	1.300558e-06	7.959722e-07	2355
19539	8.887248e-07	1.300571e-06	7.325742e-07	6963
199182	6.937111e-07	1.300576e-06	7.958727e-07	2355
1109532	9.528206e-07	1.300580e-06	6.924389e-07	7475
771330	1.070593e-06	1.300586e-06	6.551275e-07	8243
27795	8.887952e-07	1.300594e-06	7.324466e-07	6963
207438	6.937906e-07	1.300595e-06	7.957731e-07	2355
1117788	9.528853e-07	1.300606e-06	6.923021e-07	7475
215694	6.938701e-07	1.300613e-06	7.956734e-07	2355
779586	1.070652e-06	1.300614e-06	6.549739e-07	8243
36051	8.888656e-07	1.300618e-06	7.323191e-07	6963
1126044	9.529500e-07	1.300631e-06	6.921654e-07	7475
223950	6.939495e-07	1.300632e-06	7.955738e-07	2355
44307	8.889360e-07	1.300642e-06	7.321914e-07	6963
787842	1.070711e-06	1.300643e-06	6.548203e-07	8243
232206	6.940290e-07	1.300650e-06	7.954742e-07	2355
1134300	9.530145e-07	1.300656e-06	6.920287e-07	7475
52563	8.890063e-07	1.300666e-06	7.320639e-07	6963
240462	6.941084e-07	1.300669e-06	7.953745e-07	2355
796098	1.070771e-06	1.300672e-06	6.546666e-07	8243
1142556	9.530792e-07	1.300682e-06	6.918919e-07	7475
248718	6.941878e-07	1.300687e-06	7.952749e-07	2355
60819	8.890767e-07	1.300689e-06	7.319363e-07	6963
804354	1.070830e-06	1.300700e-06	6.545130e-07	8243
256974	6.942672e-07	1.300706e-06	7.951753e-07	2355
1150812	9.531437e-07	1.300707e-06	6.917551e-07	7475
69075	8.891470e-07	1.300713e-06	7.318087e-07	6963
265230	6.943466e-07	1.300725e-06	7.950756e-07	2355
812610	1.070889e-06	1.300729e-06	6.543593e-07	8243
77331	8.892172e-07	1.300737e-06	7.316810e-07	6963
273486	6.944260e-07	1.300743e-06	7.949759e-07	2355
820866	1.070948e-06	1.300757e-06	6.542056e-07	8243
85587	8.892875e-07	1.300760e-06	7.315534e-07	6963
281742	6.945053e-07	1.300762e-06	7.948762e-07	2355
289998	6.945847e-07	1.300780e-06	7.947765e-07	2355
93843	8.893578e-07	1.300784e-06	7.314258e-07	6963
829122	1.071007e-06	1.300786e-06	6.540519e-07	8243
298254	6.946640e-07	1.300799e-06	7.946768e-07	2355
102099	8.894280e-07	1.300808e-06	7.312981e-07	6963
837378	1.071066e-06	1.300814e-06	6.538983e-07	8243
306510	6.947433e-07	1.300817e-06	7.945771e-07	2355
110355	8.894982e-07	1.300832e-06	7.311705e-07	6963
314766	6.948226e-07	1.300836e-06	7.944773e-07	2355
845634	1.071126e-06	1.300843e-06	6.537446e-07	8243
323022	6.949019e-07	1.300854e-06	7.943776e-07	2355
118611	8.895684e-07	1.300856e-06	7.310429e-07	6963
853890	1.071185e-06	1.300872e-06	6.535909e-07	8243
331278	6.949812e-07	1.300873e-06	7.942778e-07	2355
126867	8.896386e-07	1.300879e-06	7.309151e-07	6963
339534	6.950604e-07	1.300892e-06	7.941780e-07	2355
862146	1.071244e-06	1.300900e-06	6.534371e-07	8243
135123	8.897088e-07	1.300903e-06	7.307875e-07	6963
347790	6.951396e-07	1.300910e-06	7.940782e-07	2355
143379	8.897789e-07	1.300927e-06	7.306598e-07	6963
356046	6.952189e-07	1.300929e-06	7.939785e-07	2355
870402	1.071303e-06	1.300929e-06	6.532834e-07	8243
364302	6.952981e-07	1.300947e-06	7.938787e-07	2355
151635	8.898490e-07	1.300950e-06	7.305321e-07	6963
878658	1.071362e-06	1.300957e-06	6.531296e-07	8243
372558	6.953773e-07	1.300966e-06	7.937788e-07	2355
159891	8.899191e-07	1.300974e-06	7.304043e-07	6963
380814	6.954564e-07	1.300985e-06	7.936790e-07	2355
886914	1.071421e-06	1.300986e-06	6.529759e-07	8243
168147	8.899892e-07	1.300998e-06	7.302766e-07	6963
389070	6.955356e-07	1.301003e-06	7.935791e-07	2355
895170	1.071480e-06	1.301015e-06	6.528222e-07	8243
176403	8.900593e-07	1.301022e-06	7.301489e-07	6963
397326	6.956147e-07	1.301022e-06	7.934793e-07	2355
405582	6.956939e-07	1.301040e-06	7.933795e-07	2355
903426	1.071539e-06	1.301043e-06	6.526684e-07	8243
184659	8.901293e-07	1.301045e-06	7.300212e-07	6963
413838	6.957730e-07	1.301059e-06	7.932796e-07	2355
7884	8.019324e-07	1.301060e-06	7.450960e-07	26220
192915	8.901994e-07	1.301069e-06	7.298934e-07	6963
911682	1.071598e-06	1.301072e-06	6.525146e-07	8243
422094	6.958521e-07	1.301077e-06	7.931797e-07	2355
16140	8.020046e-07	1.301082e-06	7.449809e-07	26220
201171	8.902694e-07	1.301093e-06	7.297656e-07	6963
430350	6.959312e-07	1.301096e-06	7.930798e-07	2355
919938	1.071657e-06	1.301100e-06	6.523609e-07	8243
24396	8.020767e-07	1.301103e-06	7.448658e-07	26220
438606	6.960103e-07	1.301115e-06	7.929798e-07	2355
209427	8.903394e-07	1.301117e-06	7.296379e-07	6963
32652	8.021489e-07	1.301125e-06	7.447507e-07	26220
928194	1.071715e-06	1.301129e-06	6.522071e-07	8243
446862	6.960893e-07	1.301133e-06	7.928800e-07	2355
217683	8.904094e-07	1.301141e-06	7.295101e-07	6963
40908	8.022211e-07	1.301146e-06	7.446355e-07	26220
455118	6.961683e-07	1.301152e-06	7.927800e-07	2355
936450	1.071774e-06	1.301157e-06	6.520533e-07	8243
225939	8.904793e-07	1.301164e-06	7.293823e-07	6963
49164	8.022932e-07	1.301167e-06	7.445203e-07	26220
463374	6.962474e-07	1.301171e-06	7.926801e-07	2355
944706	1.071833e-06	1.301186e-06	6.518995e-07	8243
234195	8.905492e-07	1.301188e-06	7.292545e-07	6963
57420	8.023653e-07	1.301189e-06	7.444052e-07	26220
471630	6.963264e-07	1.301189e-06	7.925801e-07	2355
479886	6.964054e-07	1.301208e-06	7.924801e-07	2355
65676	8.024373e-07	1.301210e-06	7.442900e-07	26220
242451	8.906192e-07	1.301212e-06	7.291267e-07	6963
952962	1.071892e-06	1.301215e-06	6.517457e-07	8243
488142	6.964844e-07	1.301226e-06	7.923801e-07	2355
73932	8.025094e-07	1.301232e-06	7.441748e-07	26220
250707	8.906891e-07	1.301236e-06	7.289988e-07	6963
961218	1.071951e-06	1.301243e-06	6.515918e-07	8243
496398	6.965633e-07	1.301245e-06	7.922802e-07	2355
82188	8.025815e-07	1.301253e-06	7.440596e-07	26220
258963	8.907589e-07	1.301259e-06	7.288710e-07	6963
504654	6.966423e-07	1.301264e-06	7.921802e-07	2355
969474	1.072010e-06	1.301272e-06	6.514380e-07	8243
90444	8.026535e-07	1.301275e-06	7.439444e-07	26220
512910	6.967213e-07	1.301282e-06	7.920802e-07	2355
267219	8.908288e-07	1.301283e-06	7.287431e-07	6963
98700	8.027255e-07	1.301296e-06	7.438292e-07	26220
977730	1.072068e-06	1.301300e-06	6.512842e-07	8243
521166	6.968002e-07	1.301301e-06	7.919801e-07	2355
275475	8.908987e-07	1.301307e-06	7.286153e-07	6963
106956	8.027976e-07	1.301317e-06	7.437140e-07	26220
529422	6.968791e-07	1.301319e-06	7.918801e-07	2355
985986	1.072127e-06	1.301329e-06	6.511303e-07	8243
283731	8.909685e-07	1.301331e-06	7.284874e-07	6963
537678	6.969580e-07	1.301338e-06	7.917801e-07	2355
115212	8.028696e-07	1.301339e-06	7.435988e-07	26220
291987	8.910383e-07	1.301355e-06	7.283596e-07	6963
545934	6.970369e-07	1.301357e-06	7.916800e-07	2355
994242	1.072186e-06	1.301358e-06	6.509765e-07	8243
123468	8.029415e-07	1.301360e-06	7.434835e-07	26220
554190	6.971158e-07	1.301375e-06	7.915800e-07	2355
300243	8.911081e-07	1.301378e-06	7.282317e-07	6963
131724	8.030134e-07	1.301382e-06	7.433683e-07	26220
1002498	1.072245e-06	1.301386e-06	6.508226e-07	8243
562446	6.971946e-07	1.301394e-06	7.914799e-07	2355
308499	8.911778e-07	1.301402e-06	7.281038e-07	6963
139980	8.030854e-07	1.301403e-06	7.432530e-07	26220
570702	6.972734e-07	1.301413e-06	7.913798e-07	2355
1010754	1.072303e-06	1.301415e-06	6.506688e-07	8243
148236	8.031573e-07	1.301425e-06	7.431377e-07	26220
316755	8.912476e-07	1.301426e-06	7.279759e-07	6963
578958	6.973522e-07	1.301431e-06	7.912797e-07	2355
1019010	1.072362e-06	1.301443e-06	6.505149e-07	8243
156492	8.032292e-07	1.301446e-06	7.430224e-07	26220
325011	8.913173e-07	1.301450e-06	7.278479e-07	6963
587214	6.974311e-07	1.301450e-06	7.911796e-07	2355
164748	8.033011e-07	1.301468e-06	7.429072e-07	26220
595470	6.975098e-07	1.301468e-06	7.910795e-07	2355
1027266	1.072420e-06	1.301472e-06	6.503610e-07	8243
333267	8.913870e-07	1.301474e-06	7.277200e-07	6963
603726	6.975886e-07	1.301487e-06	7.909793e-07	2355
173004	8.033730e-07	1.301489e-06	7.427918e-07	26220
341523	8.914567e-07	1.301497e-06	7.275921e-07	6963
1035522	1.072479e-06	1.301501e-06	6.502071e-07	8243
611982	6.976674e-07	1.301506e-06	7.908791e-07	2355
181260	8.034448e-07	1.301510e-06	7.426765e-07	26220
349779	8.915264e-07	1.301521e-06	7.274641e-07	6963
620238	6.977461e-07	1.301524e-06	7.907790e-07	2355
1043778	1.072538e-06	1.301529e-06	6.500532e-07	8243
189516	8.035167e-07	1.301532e-06	7.425612e-07	26220
628494	6.978249e-07	1.301543e-06	7.906788e-07	2355
358035	8.915960e-07	1.301545e-06	7.273362e-07	6963
197772	8.035885e-07	1.301553e-06	7.424459e-07	26220
1052034	1.072596e-06	1.301558e-06	6.498993e-07	8243
636750	6.979036e-07	1.301562e-06	7.905786e-07	2355
366291	8.916656e-07	1.301569e-06	7.272082e-07	6963
206028	8.036603e-07	1.301575e-06	7.423305e-07	26220
645006	6.979823e-07	1.301580e-06	7.904785e-07	2355
1060290	1.072655e-06	1.301587e-06	6.497454e-07	8243
374547	8.917353e-07	1.301593e-06	7.270802e-07	6963
214284	8.037321e-07	1.301596e-06	7.422151e-07	26220
653262	6.980609e-07	1.301599e-06	7.903782e-07	2355
1068546	1.072713e-06	1.301615e-06	6.495915e-07	8243
382803	8.918049e-07	1.301616e-06	7.269522e-07	6963
661518	6.981397e-07	1.301618e-06	7.902780e-07	2355
222540	8.038039e-07	1.301618e-06	7.420998e-07	26220
669774	6.982183e-07	1.301636e-06	7.901778e-07	2355
230796	8.038756e-07	1.301639e-06	7.419844e-07	26220
391059	8.918744e-07	1.301640e-06	7.268243e-07	6963
1076802	1.072772e-06	1.301644e-06	6.494375e-07	8243
678030	6.982970e-07	1.301655e-06	7.900775e-07	2355
239052	8.039473e-07	1.301661e-06	7.418690e-07	26220
399315	8.919440e-07	1.301664e-06	7.266963e-07	6963
1085058	1.072830e-06	1.301672e-06	6.492836e-07	8243
686286	6.983756e-07	1.301674e-06	7.899773e-07	2355
247308	8.040190e-07	1.301682e-06	7.417536e-07	26220
407571	8.920135e-07	1.301688e-06	7.265683e-07	6963
694542	6.984542e-07	1.301692e-06	7.898770e-07	2355
1093314	1.072889e-06	1.301701e-06	6.491296e-07	8243
255564	8.040907e-07	1.301704e-06	7.416382e-07	26220
702798	6.985328e-07	1.301711e-06	7.897768e-07	2355
415827	8.920831e-07	1.301712e-06	7.264402e-07	6963
263820	8.041624e-07	1.301725e-06	7.415228e-07	26220
711054	6.986114e-07	1.301730e-06	7.896765e-07	2355
1101570	1.072947e-06	1.301730e-06	6.489757e-07	8243
424083	8.921526e-07	1.301735e-06	7.263122e-07	6963
272076	8.042340e-07	1.301747e-06	7.414073e-07	26220
719310	6.986899e-07	1.301748e-06	7.895762e-07	2355
1109826	1.073005e-06	1.301758e-06	6.488217e-07	8243
432339	8.922220e-07	1.301759e-06	7.261841e-07	6963
727566	6.987685e-07	1.301767e-06	7.894759e-07	2355
280332	8.043057e-07	1.301768e-06	7.412920e-07	26220
440595	8.922915e-07	1.301783e-06	7.260560e-07	6963
735822	6.988470e-07	1.301786e-06	7.893756e-07	2355
1118082	1.073064e-06	1.301787e-06	6.486677e-07	8243
288588	8.043774e-07	1.301790e-06	7.411765e-07	26220
744078	6.989255e-07	1.301804e-06	7.892752e-07	2355
448851	8.923610e-07	1.301807e-06	7.259280e-07	6963
296844	8.044490e-07	1.301811e-06	7.410610e-07	26220
1126338	1.073122e-06	1.301815e-06	6.485137e-07	8243
752334	6.990041e-07	1.301823e-06	7.891749e-07	2355
457107	8.924304e-07	1.301831e-06	7.257999e-07	6963
305100	8.045205e-07	1.301833e-06	7.409456e-07	26220
760590	6.990825e-07	1.301842e-06	7.890745e-07	2355
1134594	1.073180e-06	1.301844e-06	6.483597e-07	8243
313356	8.045921e-07	1.301854e-06	7.408300e-07	26220
465363	8.924998e-07	1.301854e-06	7.256718e-07	6963
768846	6.991610e-07	1.301860e-06	7.889742e-07	2355
1142850	1.073239e-06	1.301873e-06	6.482057e-07	8243
321612	8.046637e-07	1.301875e-06	7.407146e-07	26220
473619	8.925692e-07	1.301878e-06	7.255438e-07	6963
777102	6.992395e-07	1.301879e-06	7.888738e-07	2355
329868	8.047352e-07	1.301897e-06	7.405991e-07	26220
785358	6.993180e-07	1.301898e-06	7.887734e-07	2355
1151106	1.073297e-06	1.301901e-06	6.480518e-07	8243
481875	8.926385e-07	1.301902e-06	7.254156e-07	6963
793614	6.993964e-07	1.301916e-06	7.886730e-07	2355
338124	8.048067e-07	1.301918e-06	7.404836e-07	26220
490131	8.927079e-07	1.301926e-06	7.252875e-07	6963
801870	6.994748e-07	1.301935e-06	7.885727e-07	2355
346380	8.048783e-07	1.301940e-06	7.403680e-07	26220
498387	8.927772e-07	1.301950e-06	7.251594e-07	6963
810126	6.995532e-07	1.301954e-06	7.884722e-07	2355
354636	8.049498e-07	1.301961e-06	7.402525e-07	26220
818382	6.996316e-07	1.301972e-06	7.883718e-07	2355
506643	8.928465e-07	1.301974e-06	7.250313e-07	6963
362892	8.050212e-07	1.301983e-06	7.401370e-07	26220
826638	6.997100e-07	1.301991e-06	7.882713e-07	2355
514899	8.929158e-07	1.301997e-06	7.249031e-07	6963
371148	8.050927e-07	1.302004e-06	7.400214e-07	26220
834894	6.997884e-07	1.302010e-06	7.881709e-07	2355
523155	8.929851e-07	1.302021e-06	7.247750e-07	6963
379404	8.051641e-07	1.302026e-06	7.399059e-07	26220
843150	6.998667e-07	1.302029e-06	7.880705e-07	2355
531411	8.930543e-07	1.302045e-06	7.246468e-07	6963
851406	6.999450e-07	1.302047e-06	7.879700e-07	2355
387660	8.052356e-07	1.302047e-06	7.397903e-07	26220
859662	7.000233e-07	1.302066e-06	7.878695e-07	2355
539667	8.931236e-07	1.302069e-06	7.245186e-07	6963
395916	8.053070e-07	1.302069e-06	7.396747e-07	26220
867918	7.001016e-07	1.302085e-06	7.877690e-07	2355
404172	8.053784e-07	1.302090e-06	7.395591e-07	26220
547923	8.931927e-07	1.302093e-06	7.243904e-07	6963
876174	7.001799e-07	1.302103e-06	7.876685e-07	2355
412428	8.054497e-07	1.302112e-06	7.394435e-07	26220
556179	8.932620e-07	1.302117e-06	7.242622e-07	6963
884430	7.002582e-07	1.302122e-06	7.875680e-07	2355
420684	8.055211e-07	1.302133e-06	7.393279e-07	26220
564435	8.933312e-07	1.302141e-06	7.241341e-07	6963
892686	7.003364e-07	1.302141e-06	7.874674e-07	2355
428940	8.055924e-07	1.302155e-06	7.392123e-07	26220
900942	7.004147e-07	1.302159e-06	7.873669e-07	2355
572691	8.934003e-07	1.302164e-06	7.240058e-07	6963
437196	8.056637e-07	1.302177e-06	7.390967e-07	26220
909198	7.004929e-07	1.302178e-06	7.872663e-07	2355
580947	8.934695e-07	1.302188e-06	7.238776e-07	6963
917454	7.005711e-07	1.302197e-06	7.871658e-07	2355
445452	8.057351e-07	1.302198e-06	7.389810e-07	26220
589203	8.935386e-07	1.302212e-06	7.237494e-07	6963
925710	7.006493e-07	1.302216e-06	7.870652e-07	2355
453708	8.058063e-07	1.302220e-06	7.388654e-07	26220
933966	7.007275e-07	1.302234e-06	7.869646e-07	2355
597459	8.936076e-07	1.302236e-06	7.236211e-07	6963
461964	8.058776e-07	1.302241e-06	7.387497e-07	26220
942222	7.008057e-07	1.302253e-06	7.868640e-07	2355
605715	8.936768e-07	1.302260e-06	7.234929e-07	6963
470220	8.059488e-07	1.302263e-06	7.386340e-07	26220
950478	7.008838e-07	1.302272e-06	7.867634e-07	2355
613971	8.937458e-07	1.302284e-06	7.233646e-07	6963
478476	8.060201e-07	1.302284e-06	7.385183e-07	26220
958734	7.009619e-07	1.302291e-06	7.866628e-07	2355
486732	8.060913e-07	1.302306e-06	7.384026e-07	26220
622227	8.938148e-07	1.302308e-06	7.232363e-07	6963
966990	7.010401e-07	1.302309e-06	7.865622e-07	2355
494988	8.061625e-07	1.302327e-06	7.382869e-07	26220
975246	7.011182e-07	1.302328e-06	7.864615e-07	2355
630483	8.938839e-07	1.302331e-06	7.231080e-07	6963
983502	7.011963e-07	1.302347e-06	7.863608e-07	2355
503244	8.062337e-07	1.302349e-06	7.381712e-07	26220
638739	8.939529e-07	1.302355e-06	7.229797e-07	6963
991758	7.012744e-07	1.302365e-06	7.862602e-07	2355
511500	8.063049e-07	1.302370e-06	7.380555e-07	26220
646995	8.940219e-07	1.302379e-06	7.228514e-07	6963
1000014	7.013524e-07	1.302384e-06	7.861595e-07	2355
519756	8.063760e-07	1.302392e-06	7.379397e-07	26220
655251	8.940908e-07	1.302403e-06	7.227231e-07	6963
1008270	7.014305e-07	1.302403e-06	7.860588e-07	2355
528012	8.064471e-07	1.302413e-06	7.378240e-07	26220
1016526	7.015085e-07	1.302422e-06	7.859582e-07	2355
663507	8.941598e-07	1.302427e-06	7.225948e-07	6963
536268	8.065182e-07	1.302435e-06	7.377083e-07	26220
1024782	7.015865e-07	1.302441e-06	7.858574e-07	2355
671763	8.942287e-07	1.302451e-06	7.224665e-07	6963
544524	8.065894e-07	1.302456e-06	7.375925e-07	26220
1033038	7.016645e-07	1.302459e-06	7.857567e-07	2355
680019	8.942976e-07	1.302475e-06	7.223381e-07	6963
552780	8.066604e-07	1.302478e-06	7.374767e-07	26220
1041294	7.017425e-07	1.302478e-06	7.856560e-07	2355
1049550	7.018205e-07	1.302497e-06	7.855552e-07	2355
688275	8.943665e-07	1.302498e-06	7.222098e-07	6963
561036	8.067315e-07	1.302499e-06	7.373609e-07	26220
1057806	7.018984e-07	1.302516e-06	7.854545e-07	2355
569292	8.068025e-07	1.302521e-06	7.372451e-07	26220
696531	8.944354e-07	1.302522e-06	7.220814e-07	6963
1066062	7.019764e-07	1.302534e-06	7.853537e-07	2355
577548	8.068736e-07	1.302543e-06	7.371293e-07	26220
704787	8.945042e-07	1.302546e-06	7.219530e-07	6963
1074318	7.020543e-07	1.302553e-06	7.852529e-07	2355
585804	8.069446e-07	1.302564e-06	7.370135e-07	26220
713043	8.945731e-07	1.302570e-06	7.218247e-07	6963
1082574	7.021322e-07	1.302572e-06	7.851521e-07	2355
594060	8.070156e-07	1.302586e-06	7.368977e-07	26220
1090830	7.022101e-07	1.302591e-06	7.850513e-07	2355
721299	8.946419e-07	1.302594e-06	7.216963e-07	6963
602316	8.070865e-07	1.302607e-06	7.367818e-07	26220
1099086	7.022880e-07	1.302609e-06	7.849505e-07	2355
729555	8.947107e-07	1.302618e-06	7.215679e-07	6963
1107342	7.023659e-07	1.302628e-06	7.848497e-07	2355
610572	8.071575e-07	1.302629e-06	7.366660e-07	26220
737811	8.947795e-07	1.302642e-06	7.214394e-07	6963
1115598	7.024437e-07	1.302647e-06	7.847489e-07	2355
618828	8.072284e-07	1.302650e-06	7.365501e-07	26220
746067	8.948482e-07	1.302666e-06	7.213110e-07	6963
1123854	7.025216e-07	1.302666e-06	7.846480e-07	2355
627084	8.072993e-07	1.302672e-06	7.364342e-07	26220
1132110	7.025994e-07	1.302684e-06	7.845472e-07	2355
754323	8.949169e-07	1.302689e-06	7.211826e-07	6963
635340	8.073703e-07	1.302693e-06	7.363184e-07	26220
1140366	7.026772e-07	1.302703e-06	7.844463e-07	2355
762579	8.949856e-07	1.302713e-06	7.210542e-07	6963
643596	8.074412e-07	1.302715e-06	7.362025e-07	26220
1148622	7.027550e-07	1.302722e-06	7.843454e-07	2355
651852	8.075120e-07	1.302736e-06	7.360866e-07	26220
770835	8.950544e-07	1.302737e-06	7.209257e-07	6963
660108	8.075829e-07	1.302758e-06	7.359707e-07	26220
779091	8.951230e-07	1.302761e-06	7.207972e-07	6963
668364	8.076537e-07	1.302780e-06	7.358548e-07	26220
787347	8.951917e-07	1.302785e-06	7.206688e-07	6963
676620	8.077245e-07	1.302801e-06	7.357388e-07	26220
795603	8.952604e-07	1.302809e-06	7.205403e-07	6963
684876	8.077953e-07	1.302823e-06	7.356229e-07	26220
803859	8.953290e-07	1.302833e-06	7.204118e-07	6963
693132	8.078661e-07	1.302844e-06	7.355069e-07	26220
812115	8.953976e-07	1.302857e-06	7.202833e-07	6963
701388	8.079369e-07	1.302866e-06	7.353910e-07	26220
820371	8.954662e-07	1.302881e-06	7.201548e-07	6963
709644	8.080077e-07	1.302887e-06	7.352750e-07	26220
828627	8.955348e-07	1.302905e-06	7.200263e-07	6963
717900	8.080784e-07	1.302909e-06	7.351590e-07	26220
836883	8.956033e-07	1.302928e-06	7.198977e-07	6963
726156	8.081491e-07	1.302931e-06	7.350430e-07	26220
734412	8.082198e-07	1.302952e-06	7.349270e-07	26220
845139	8.956718e-07	1.302952e-06	7.197692e-07	6963
742668	8.082905e-07	1.302974e-06	7.348110e-07	26220
853395	8.957404e-07	1.302976e-06	7.196406e-07	6963
750924	8.083612e-07	1.302995e-06	7.346950e-07	26220
861651	8.958088e-07	1.303000e-06	7.195121e-07	6963
759180	8.084318e-07	1.303017e-06	7.345790e-07	26220
869907	8.958773e-07	1.303024e-06	7.193835e-07	6963
767436	8.085025e-07	1.303039e-06	7.344629e-07	26220
878163	8.959457e-07	1.303048e-06	7.192550e-07	6963
775692	8.085731e-07	1.303060e-06	7.343469e-07	26220
886419	8.960142e-07	1.303072e-06	7.191263e-07	6963
783948	8.086437e-07	1.303082e-06	7.342308e-07	26220
894675	8.960826e-07	1.303096e-06	7.189977e-07	6963
792204	8.087142e-07	1.303103e-06	7.341147e-07	26220
902931	8.961510e-07	1.303120e-06	7.188692e-07	6963
800460	8.087848e-07	1.303125e-06	7.339987e-07	26220
911187	8.962194e-07	1.303144e-06	7.187405e-07	6963
808716	8.088554e-07	1.303147e-06	7.338826e-07	26220
919443	8.962877e-07	1.303168e-06	7.186119e-07	6963
816972	8.089259e-07	1.303168e-06	7.337665e-07	26220
825228	8.089964e-07	1.303190e-06	7.336504e-07	26220
927699	8.963561e-07	1.303192e-06	7.184832e-07	6963
833484	8.090669e-07	1.303211e-06	7.335343e-07	26220
935955	8.964244e-07	1.303216e-06	7.183546e-07	6963
841740	8.091374e-07	1.303233e-06	7.334181e-07	26220
944211	8.964927e-07	1.303239e-06	7.182259e-07	6963
849996	8.092078e-07	1.303255e-06	7.333019e-07	26220
952467	8.965609e-07	1.303263e-06	7.180973e-07	6963
858252	8.092783e-07	1.303276e-06	7.331858e-07	26220
960723	8.966292e-07	1.303287e-06	7.179686e-07	6963
866508	8.093487e-07	1.303298e-06	7.330697e-07	26220
968979	8.966975e-07	1.303311e-06	7.178399e-07	6963
874764	8.094191e-07	1.303319e-06	7.329535e-07	26220
977235	8.967657e-07	1.303335e-06	7.177112e-07	6963
883020	8.094895e-07	1.303341e-06	7.328373e-07	26220
985491	8.968339e-07	1.303359e-06	7.175825e-07	6963
891276	8.095599e-07	1.303363e-06	7.327211e-07	26220
993747	8.969021e-07	1.303383e-06	7.174538e-07	6963
899532	8.096303e-07	1.303384e-06	7.326049e-07	26220
1392	8.193973e-07	1.303392e-06	7.585964e-07	3123
907788	8.097006e-07	1.303406e-06	7.324887e-07	26220
1002003	8.969702e-07	1.303407e-06	7.173251e-07	6963
9648	8.194713e-07	1.303414e-06	7.584788e-07	3123
916044	8.097709e-07	1.303427e-06	7.323724e-07	26220
1010259	8.970384e-07	1.303431e-06	7.171963e-07	6963
17904	8.195454e-07	1.303436e-06	7.583612e-07	3123
924300	8.098412e-07	1.303449e-06	7.322562e-07	26220
1018515	8.971065e-07	1.303455e-06	7.170676e-07	6963
26160	8.196194e-07	1.303458e-06	7.582435e-07	3123
932556	8.099115e-07	1.303471e-06	7.321400e-07	26220
1026771	8.971746e-07	1.303479e-06	7.169388e-07	6963
34416	8.196934e-07	1.303480e-06	7.581259e-07	3123
940812	8.099818e-07	1.303492e-06	7.320238e-07	26220
42672	8.197674e-07	1.303502e-06	7.580082e-07	3123
1035027	8.972427e-07	1.303503e-06	7.168101e-07	6963
949068	8.100520e-07	1.303514e-06	7.319074e-07	26220
50928	8.198414e-07	1.303523e-06	7.578906e-07	3123
1043283	8.973108e-07	1.303527e-06	7.166813e-07	6963
957324	8.101222e-07	1.303536e-06	7.317912e-07	26220
59184	8.199154e-07	1.303545e-06	7.577729e-07	3123
1051539	8.973789e-07	1.303551e-06	7.165525e-07	6963
965580	8.101925e-07	1.303557e-06	7.316749e-07	26220
67440	8.199893e-07	1.303567e-06	7.576552e-07	3123
1059795	8.974469e-07	1.303575e-06	7.164237e-07	6963
973836	8.102627e-07	1.303579e-06	7.315586e-07	26220
75696	8.200632e-07	1.303589e-06	7.575375e-07	3123
1068051	8.975149e-07	1.303599e-06	7.162949e-07	6963
982092	8.103328e-07	1.303600e-06	7.314423e-07	26220
83952	8.201371e-07	1.303611e-06	7.574198e-07	3123
990348	8.104030e-07	1.303622e-06	7.313260e-07	26220
1076307	8.975829e-07	1.303623e-06	7.161661e-07	6963
92208	8.202110e-07	1.303633e-06	7.573021e-07	3123
998604	8.104732e-07	1.303644e-06	7.312097e-07	26220
1084563	8.976509e-07	1.303647e-06	7.160373e-07	6963
100464	8.202849e-07	1.303655e-06	7.571844e-07	3123
1006860	8.105433e-07	1.303665e-06	7.310933e-07	26220
1092819	8.977188e-07	1.303671e-06	7.159084e-07	6963
108720	8.203588e-07	1.303677e-06	7.570666e-07	3123
1015116	8.106134e-07	1.303687e-06	7.309770e-07	26220
1101075	8.977868e-07	1.303694e-06	7.157795e-07	6963
116976	8.204326e-07	1.303699e-06	7.569489e-07	3123
1023372	8.106835e-07	1.303709e-06	7.308606e-07	26220
1109331	8.978546e-07	1.303718e-06	7.156507e-07	6963
125232	8.205064e-07	1.303721e-06	7.568311e-07	3123
1031628	8.107536e-07	1.303730e-06	7.307443e-07	26220
1117587	8.979226e-07	1.303742e-06	7.155219e-07	6963
133488	8.205802e-07	1.303742e-06	7.567133e-07	3123
1039884	8.108237e-07	1.303752e-06	7.306279e-07	26220
141744	8.206540e-07	1.303764e-06	7.565956e-07	3123
1125843	8.979904e-07	1.303766e-06	7.153930e-07	6963
1048140	8.108937e-07	1.303774e-06	7.305115e-07	26220
150000	8.207278e-07	1.303786e-06	7.564777e-07	3123
1134099	8.980583e-07	1.303790e-06	7.152641e-07	6963
1056396	8.109637e-07	1.303795e-06	7.303951e-07	26220
158256	8.208016e-07	1.303808e-06	7.563600e-07	3123
1142355	8.981261e-07	1.303814e-06	7.151352e-07	6963
1064652	8.110338e-07	1.303817e-06	7.302787e-07	26220
166512	8.208753e-07	1.303830e-06	7.562421e-07	3123
1150611	8.981939e-07	1.303838e-06	7.150063e-07	6963
1072908	8.111037e-07	1.303839e-06	7.301623e-07	26220
174768	8.209490e-07	1.303852e-06	7.561243e-07	3123
1081164	8.111737e-07	1.303860e-06	7.300459e-07	26220
183024	8.210227e-07	1.303874e-06	7.560064e-07	3123
1089420	8.112437e-07	1.303882e-06	7.299295e-07	26220
191280	8.210964e-07	1.303896e-06	7.558886e-07	3123
1097676	8.113136e-07	1.303904e-06	7.298130e-07	26220
199536	8.211700e-07	1.303918e-06	7.557708e-07	3123
1105932	8.113835e-07	1.303925e-06	7.296965e-07	26220
207792	8.212437e-07	1.303940e-06	7.556529e-07	3123
1114188	8.114534e-07	1.303947e-06	7.295801e-07	26220
216048	8.213173e-07	1.303962e-06	7.555350e-07	3123
1122444	8.115234e-07	1.303969e-06	7.294636e-07	26220
224304	8.213909e-07	1.303984e-06	7.554171e-07	3123
1130700	8.115932e-07	1.303990e-06	7.293471e-07	26220
232560	8.214645e-07	1.304006e-06	7.552992e-07	3123
1138956	8.116631e-07	1.304012e-06	7.292306e-07	26220
240816	8.215381e-07	1.304027e-06	7.551813e-07	3123
1147212	8.117329e-07	1.304034e-06	7.291141e-07	26220
249072	8.216116e-07	1.304049e-06	7.550634e-07	3123
1155468	8.118027e-07	1.304055e-06	7.289976e-07	26220
257328	8.216852e-07	1.304071e-06	7.549455e-07	3123
265584	8.217588e-07	1.304093e-06	7.548275e-07	3123
273840	8.218323e-07	1.304115e-06	7.547096e-07	3123
282096	8.219058e-07	1.304137e-06	7.545916e-07	3123
290352	8.219792e-07	1.304159e-06	7.544737e-07	3123
298608	8.220526e-07	1.304181e-06	7.543557e-07	3123
306864	8.221261e-07	1.304203e-06	7.542376e-07	3123
315120	8.221995e-07	1.304225e-06	7.541196e-07	3123
323376	8.222729e-07	1.304247e-06	7.540016e-07	3123
331632	8.223463e-07	1.304269e-06	7.538836e-07	3123
339888	8.224197e-07	1.304291e-06	7.537656e-07	3123
348144	8.224930e-07	1.304313e-06	7.536475e-07	3123
356400	8.225663e-07	1.304335e-06	7.535295e-07	3123
364656	8.226397e-07	1.304357e-06	7.534114e-07	3123
372912	8.227130e-07	1.304379e-06	7.532933e-07	3123
381168	8.227863e-07	1.304401e-06	7.531752e-07	3123
389424	8.228595e-07	1.304423e-06	7.530571e-07	3123
397680	8.229327e-07	1.304445e-06	7.529390e-07	3123
405936	8.230060e-07	1.304467e-06	7.528209e-07	3123
414192	8.230792e-07	1.304489e-06	7.527028e-07	3123
422448	8.231524e-07	1.304511e-06	7.525846e-07	3123
430704	8.232255e-07	1.304533e-06	7.524665e-07	3123
438960	8.232987e-07	1.304555e-06	7.523483e-07	3123
447216	8.233719e-07	1.304577e-06	7.522302e-07	3123
455472	8.234450e-07	1.304599e-06	7.521119e-07	3123
463728	8.235181e-07	1.304620e-06	7.519938e-07	3123
471984	8.235912e-07	1.304643e-06	7.518756e-07	3123
480240	8.236643e-07	1.304664e-06	7.517573e-07	3123
488496	8.237373e-07	1.304687e-06	7.516391e-07	3123
496752	8.238103e-07	1.304708e-06	7.515209e-07	3123
505008	8.238833e-07	1.304731e-06	7.514026e-07	3123
513264	8.239563e-07	1.304752e-06	7.512844e-07	3123
521520	8.240293e-07	1.304775e-06	7.511661e-07	3123
529776	8.241023e-07	1.304796e-06	7.510478e-07	3123
538032	8.241752e-07	1.304819e-06	7.509295e-07	3123
546288	8.242482e-07	1.304841e-06	7.508112e-07	3123
554544	8.243211e-07	1.304863e-06	7.506929e-07	3123
562800	8.243940e-07	1.304885e-06	7.505746e-07	3123
571056	8.244668e-07	1.304907e-06	7.504563e-07	3123
579312	8.245397e-07	1.304929e-06	7.503380e-07	3123
587568	8.246125e-07	1.304951e-06	7.502196e-07	3123
595824	8.246853e-07	1.304973e-06	7.501012e-07	3123
604080	8.247582e-07	1.304995e-06	7.499829e-07	3123
612336	8.248310e-07	1.305017e-06	7.498645e-07	3123
620592	8.249037e-07	1.305039e-06	7.497461e-07	3123
628848	8.249765e-07	1.305061e-06	7.496277e-07	3123
637104	8.250492e-07	1.305083e-06	7.495092e-07	3123
645360	8.251220e-07	1.305105e-06	7.493908e-07	3123
653616	8.251947e-07	1.305127e-06	7.492724e-07	3123
661872	8.252673e-07	1.305149e-06	7.491540e-07	3123
670128	8.253400e-07	1.305171e-06	7.490355e-07	3123
678384	8.254127e-07	1.305193e-06	7.489170e-07	3123
686640	8.254852e-07	1.305215e-06	7.487986e-07	3123
694896	8.255579e-07	1.305237e-06	7.486801e-07	3123
703152	8.256305e-07	1.305259e-06	7.485616e-07	3123
711408	8.257031e-07	1.305281e-06	7.484431e-07	3123
719664	8.257756e-07	1.305303e-06	7.483246e-07	3123
727920	8.258481e-07	1.305325e-06	7.482060e-07	3123
736176	8.259207e-07	1.305347e-06	7.480875e-07	3123
744432	8.259932e-07	1.305369e-06	7.479690e-07	3123
752688	8.260657e-07	1.305391e-06	7.478504e-07	3123
760944	8.261381e-07	1.305413e-06	7.477318e-07	3123
769200	8.262106e-07	1.305435e-06	7.476132e-07	3123
777456	8.262830e-07	1.305458e-06	7.474947e-07	3123
785712	8.263555e-07	1.305480e-06	7.473760e-07	3123
793968	8.264279e-07	1.305502e-06	7.472574e-07	3123
802224	8.265002e-07	1.305524e-06	7.471388e-07	3123
810480	8.265726e-07	1.305546e-06	7.470202e-07	3123
818736	8.266450e-07	1.305568e-06	7.469015e-07	3123
826992	8.267173e-07	1.305590e-06	7.467829e-07	3123
835248	8.267896e-07	1.305612e-06	7.466642e-07	3123
843504	8.268619e-07	1.305634e-06	7.465455e-07	3123
851760	8.269342e-07	1.305656e-06	7.464268e-07	3123
860016	8.270064e-07	1.305678e-06	7.463082e-07	3123
868272	8.270787e-07	1.305700e-06	7.461895e-07	3123
876528	8.271509e-07	1.305722e-06	7.460707e-07	3123
884784	8.272231e-07	1.305745e-06	7.459520e-07	3123
893040	8.272953e-07	1.305767e-06	7.458333e-07	3123
901296	8.273675e-07	1.305789e-06	7.457145e-07	3123
909552	8.274396e-07	1.305811e-06	7.455958e-07	3123
917808	8.275118e-07	1.305833e-06	7.454770e-07	3123
926064	8.275839e-07	1.305855e-06	7.453582e-07	3123
934320	8.276560e-07	1.305877e-06	7.452394e-07	3123
942576	8.277281e-07	1.305899e-06	7.451206e-07	3123
950832	8.278001e-07	1.305921e-06	7.450018e-07	3123
959088	8.278722e-07	1.305943e-06	7.448830e-07	3123
967344	8.279442e-07	1.305965e-06	7.447642e-07	3123
975600	8.280163e-07	1.305988e-06	7.446454e-07	3123
983856	8.280883e-07	1.306010e-06	7.445265e-07	3123
992112	8.281602e-07	1.306032e-06	7.444077e-07	3123
1000368	8.282322e-07	1.306054e-06	7.442888e-07	3123
1008624	8.283042e-07	1.306076e-06	7.441699e-07	3123
1016880	8.283761e-07	1.306098e-06	7.440510e-07	3123
1025136	8.284480e-07	1.306120e-06	7.439321e-07	3123
1033392	8.285199e-07	1.306143e-06	7.438132e-07	3123
1041648	8.285917e-07	1.306165e-06	7.436943e-07	3123
1049904	8.286636e-07	1.306187e-06	7.435754e-07	3123
1058160	8.287354e-07	1.306209e-06	7.434564e-07	3123
1066416	8.288072e-07	1.306231e-06	7.433374e-07	3123
1074672	8.288791e-07	1.306253e-06	7.432185e-07	3123
1082928	8.289508e-07	1.306275e-06	7.430995e-07	3123
1091184	8.290226e-07	1.306297e-06	7.429805e-07	3123
1099440	8.290943e-07	1.306320e-06	7.428615e-07	3123
1107696	8.291661e-07	1.306342e-06	7.427425e-07	3123
1115952	8.292378e-07	1.306364e-06	7.426235e-07	3123
1124208	8.293095e-07	1.306386e-06	7.425045e-07	3123
1132464	8.293812e-07	1.306408e-06	7.423855e-07	3123
1140720	8.294529e-07	1.306430e-06	7.422664e-07	3123
1148976	8.295245e-07	1.306452e-06	7.421473e-07	3123
1275	7.224205e-07	1.307666e-06	7.940035e-07	2867
9531	7.224995e-07	1.307685e-06	7.938998e-07	2867
17787	7.225785e-07	1.307704e-06	7.937961e-07	2867
26043	7.226575e-07	1.307724e-06	7.936923e-07	2867
34299	7.227365e-07	1.307743e-06	7.935886e-07	2867
42555	7.228155e-07	1.307762e-06	7.934848e-07	2867
50811	7.228945e-07	1.307782e-06	7.933811e-07	2867
59067	7.229734e-07	1.307801e-06	7.932773e-07	2867
67323	7.230523e-07	1.307820e-06	7.931735e-07	2867
75579	7.231312e-07	1.307840e-06	7.930697e-07	2867
83835	7.232101e-07	1.307859e-06	7.929659e-07	2867
92091	7.232890e-07	1.307878e-06	7.928621e-07	2867
100347	7.233679e-07	1.307897e-06	7.927583e-07	2867
108603	7.234467e-07	1.307917e-06	7.926544e-07	2867
116859	7.235255e-07	1.307936e-06	7.925506e-07	2867
125115	7.236043e-07	1.307955e-06	7.924467e-07	2867
133371	7.236831e-07	1.307975e-06	7.923428e-07	2867
141627	7.237619e-07	1.307994e-06	7.922389e-07	2867
149883	7.238407e-07	1.308013e-06	7.921350e-07	2867
158139	7.239195e-07	1.308033e-06	7.920311e-07	2867
166395	7.239982e-07	1.308052e-06	7.919272e-07	2867
174651	7.240769e-07	1.308072e-06	7.918233e-07	2867
182907	7.241556e-07	1.308091e-06	7.917193e-07	2867
191163	7.242343e-07	1.308110e-06	7.916153e-07	2867
199419	7.243130e-07	1.308130e-06	7.915114e-07	2867
207675	7.243917e-07	1.308149e-06	7.914074e-07	2867
215931	7.244703e-07	1.308168e-06	7.913034e-07	2867
224187	7.245489e-07	1.308188e-06	7.911994e-07	2867
232443	7.246275e-07	1.308207e-06	7.910954e-07	2867
240699	7.247061e-07	1.308226e-06	7.909914e-07	2867
248955	7.247847e-07	1.308246e-06	7.908873e-07	2867
257211	7.248633e-07	1.308265e-06	7.907832e-07	2867
265467	7.249419e-07	1.308284e-06	7.906792e-07	2867
273723	7.250204e-07	1.308304e-06	7.905751e-07	2867
281979	7.250989e-07	1.308323e-06	7.904711e-07	2867
290235	7.251774e-07	1.308343e-06	7.903670e-07	2867
298491	7.252559e-07	1.308362e-06	7.902628e-07	2867
306747	7.253344e-07	1.308381e-06	7.901588e-07	2867
315003	7.254128e-07	1.308401e-06	7.900546e-07	2867
323259	7.254913e-07	1.308420e-06	7.899505e-07	2867
331515	7.255697e-07	1.308439e-06	7.898464e-07	2867
339771	7.256481e-07	1.308459e-06	7.897422e-07	2867
348027	7.257265e-07	1.308478e-06	7.896380e-07	2867
356283	7.258049e-07	1.308498e-06	7.895338e-07	2867
364539	7.258833e-07	1.308517e-06	7.894296e-07	2867
372795	7.259616e-07	1.308536e-06	7.893254e-07	2867
381051	7.260400e-07	1.308556e-06	7.892212e-07	2867
389307	7.261183e-07	1.308575e-06	7.891170e-07	2867
397563	7.261966e-07	1.308595e-06	7.890127e-07	2867
405819	7.262749e-07	1.308614e-06	7.889085e-07	2867
414075	7.263532e-07	1.308634e-06	7.888042e-07	2867
422331	7.264314e-07	1.308653e-06	7.886999e-07	2867
430587	7.265097e-07	1.308672e-06	7.885957e-07	2867
438843	7.265879e-07	1.308692e-06	7.884914e-07	2867
447099	7.266661e-07	1.308711e-06	7.883871e-07	2867
455355	7.267443e-07	1.308730e-06	7.882828e-07	2867
463611	7.268225e-07	1.308750e-06	7.881784e-07	2867
471867	7.269006e-07	1.308769e-06	7.880741e-07	2867
480123	7.269788e-07	1.308789e-06	7.879697e-07	2867
488379	7.270569e-07	1.308808e-06	7.878654e-07	2867
496635	7.271350e-07	1.308828e-06	7.877610e-07	2867
504891	7.272131e-07	1.308847e-06	7.876566e-07	2867
513147	7.272913e-07	1.308866e-06	7.875522e-07	2867
521403	7.273693e-07	1.308886e-06	7.874478e-07	2867
529659	7.274474e-07	1.308905e-06	7.873434e-07	2867
537915	7.275254e-07	1.308925e-06	7.872389e-07	2867
546171	7.276034e-07	1.308944e-06	7.871345e-07	2867
554427	7.276815e-07	1.308964e-06	7.870300e-07	2867
562683	7.277595e-07	1.308983e-06	7.869256e-07	2867
570939	7.278375e-07	1.309003e-06	7.868211e-07	2867
579195	7.279154e-07	1.309022e-06	7.867167e-07	2867
587451	7.279933e-07	1.309041e-06	7.866121e-07	2867
595707	7.280713e-07	1.309061e-06	7.865077e-07	2867
603963	7.281492e-07	1.309080e-06	7.864031e-07	2867
612219	7.282271e-07	1.309100e-06	7.862986e-07	2867
620475	7.283050e-07	1.309119e-06	7.861941e-07	2867
628731	7.283829e-07	1.309139e-06	7.860895e-07	2867
636987	7.284607e-07	1.309158e-06	7.859849e-07	2867
645243	7.285386e-07	1.309178e-06	7.858803e-07	2867
653499	7.286164e-07	1.309197e-06	7.857757e-07	2867
661755	7.286942e-07	1.309217e-06	7.856711e-07	2867
670011	7.287720e-07	1.309236e-06	7.855666e-07	2867
678267	7.288498e-07	1.309255e-06	7.854620e-07	2867
686523	7.289275e-07	1.309275e-06	7.853573e-07	2867
694779	7.290053e-07	1.309294e-06	7.852527e-07	2867
703035	7.290830e-07	1.309314e-06	7.851480e-07	2867
711291	7.291607e-07	1.309333e-06	7.850434e-07	2867
719547	7.292384e-07	1.309353e-06	7.849387e-07	2867
727803	7.293161e-07	1.309372e-06	7.848340e-07	2867
736059	7.293938e-07	1.309392e-06	7.847293e-07	2867
744315	7.294714e-07	1.309411e-06	7.846246e-07	2867
752571	7.295491e-07	1.309431e-06	7.845198e-07	2867
760827	7.296267e-07	1.309450e-06	7.844151e-07	2867
769083	7.297043e-07	1.309470e-06	7.843104e-07	2867
777339	7.297819e-07	1.309489e-06	7.842056e-07	2867
785595	7.298595e-07	1.309509e-06	7.841008e-07	2867
793851	7.299370e-07	1.309528e-06	7.839961e-07	2867
802107	7.300146e-07	1.309548e-06	7.838913e-07	2867
810363	7.300922e-07	1.309567e-06	7.837865e-07	2867
818619	7.301696e-07	1.309587e-06	7.836817e-07	2867
826875	7.302472e-07	1.309606e-06	7.835769e-07	2867
835131	7.303246e-07	1.309626e-06	7.834720e-07	2867
843387	7.304021e-07	1.309645e-06	7.833672e-07	2867
851643	7.304795e-07	1.309665e-06	7.832624e-07	2867
859899	7.305570e-07	1.309684e-06	7.831575e-07	2867
868155	7.306344e-07	1.309704e-06	7.830526e-07	2867
876411	7.307118e-07	1.309724e-06	7.829477e-07	2867
884667	7.307892e-07	1.309743e-06	7.828428e-07	2867
892923	7.308666e-07	1.309763e-06	7.827379e-07	2867
901179	7.309440e-07	1.309782e-06	7.826330e-07	2867
909435	7.310213e-07	1.309802e-06	7.825280e-07	2867
917691	7.310986e-07	1.309821e-06	7.824231e-07	2867
925947	7.311759e-07	1.309841e-06	7.823182e-07	2867
934203	7.312532e-07	1.309860e-06	7.822132e-07	2867
942459	7.313305e-07	1.309880e-06	7.821083e-07	2867
950715	7.314078e-07	1.309899e-06	7.820033e-07	2867
958971	7.314850e-07	1.309919e-06	7.818983e-07	2867
967227	7.315622e-07	1.309938e-06	7.817932e-07	2867
975483	7.316395e-07	1.309958e-06	7.816882e-07	2867
983739	7.317167e-07	1.309977e-06	7.815832e-07	2867
991995	7.317939e-07	1.309997e-06	7.814781e-07	2867
1508	8.681166e-07	1.310016e-06	7.472620e-07	3379
1000251	7.318710e-07	1.310017e-06	7.813731e-07	2867
1008507	7.319482e-07	1.310036e-06	7.812681e-07	2867
9764	8.681889e-07	1.310040e-06	7.471374e-07	3379
1016763	7.320253e-07	1.310056e-06	7.811630e-07	2867
18020	8.682611e-07	1.310063e-06	7.470128e-07	3379
1025019	7.321025e-07	1.310075e-06	7.810578e-07	2867
26276	8.683334e-07	1.310086e-06	7.468882e-07	3379
1033275	7.321796e-07	1.310095e-06	7.809528e-07	2867
34532	8.684056e-07	1.310109e-06	7.467635e-07	3379
1041531	7.322567e-07	1.310114e-06	7.808476e-07	2867
42788	8.684777e-07	1.310132e-06	7.466389e-07	3379
1049787	7.323338e-07	1.310134e-06	7.807425e-07	2867
1058043	7.324108e-07	1.310153e-06	7.806374e-07	2867
51044	8.685499e-07	1.310155e-06	7.465143e-07	3379
1066299	7.324879e-07	1.310173e-06	7.805323e-07	2867
59300	8.686221e-07	1.310179e-06	7.463896e-07	3379
1074555	7.325649e-07	1.310193e-06	7.804271e-07	2867
67556	8.686942e-07	1.310202e-06	7.462649e-07	3379
1082811	7.326419e-07	1.310212e-06	7.803220e-07	2867
75812	8.687663e-07	1.310225e-06	7.461402e-07	3379
1091067	7.327189e-07	1.310232e-06	7.802168e-07	2867
84068	8.688384e-07	1.310248e-06	7.460155e-07	3379
1099323	7.327959e-07	1.310251e-06	7.801116e-07	2867
1107579	7.328729e-07	1.310271e-06	7.800064e-07	2867
92324	8.689105e-07	1.310271e-06	7.458909e-07	3379
1115835	7.329498e-07	1.310290e-06	7.799012e-07	2867
100580	8.689826e-07	1.310295e-06	7.457662e-07	3379
1124091	7.330268e-07	1.310310e-06	7.797960e-07	2867
108836	8.690546e-07	1.310318e-06	7.456414e-07	3379
1132347	7.331037e-07	1.310330e-06	7.796908e-07	2867
117092	8.691266e-07	1.310341e-06	7.455167e-07	3379
1140603	7.331806e-07	1.310349e-06	7.795855e-07	2867
125348	8.691986e-07	1.310364e-06	7.453919e-07	3379
1148859	7.332575e-07	1.310369e-06	7.794803e-07	2867
133604	8.692707e-07	1.310387e-06	7.452672e-07	3379
141860	8.693426e-07	1.310411e-06	7.451424e-07	3379
150116	8.694145e-07	1.310434e-06	7.450176e-07	3379
158372	8.694865e-07	1.310457e-06	7.448929e-07	3379
166628	8.695584e-07	1.310480e-06	7.447680e-07	3379
174884	8.696303e-07	1.310504e-06	7.446432e-07	3379
183140	8.697021e-07	1.310527e-06	7.445184e-07	3379
191396	8.697740e-07	1.310550e-06	7.443936e-07	3379
199652	8.698458e-07	1.310573e-06	7.442687e-07	3379
207908	8.699177e-07	1.310596e-06	7.441439e-07	3379
216164	8.699895e-07	1.310620e-06	7.440191e-07	3379
224420	8.700613e-07	1.310643e-06	7.438942e-07	3379
232676	8.701330e-07	1.310666e-06	7.437693e-07	3379
240932	8.702048e-07	1.310689e-06	7.436444e-07	3379
249188	8.702765e-07	1.310713e-06	7.435195e-07	3379
257444	8.703482e-07	1.310736e-06	7.433946e-07	3379
265700	8.704199e-07	1.310759e-06	7.432697e-07	3379
273956	8.704916e-07	1.310782e-06	7.431448e-07	3379
282212	8.705632e-07	1.310805e-06	7.430198e-07	3379
290468	8.706348e-07	1.310829e-06	7.428949e-07	3379
298724	8.707065e-07	1.310852e-06	7.427699e-07	3379
306980	8.707781e-07	1.310875e-06	7.426449e-07	3379
315236	8.708496e-07	1.310898e-06	7.425199e-07	3379
323492	8.709212e-07	1.310922e-06	7.423949e-07	3379
331748	8.709928e-07	1.310945e-06	7.422699e-07	3379
340004	8.710643e-07	1.310968e-06	7.421449e-07	3379
348260	8.711358e-07	1.310991e-06	7.420199e-07	3379
356516	8.712072e-07	1.311015e-06	7.418949e-07	3379
364772	8.712788e-07	1.311038e-06	7.417698e-07	3379
373028	8.713502e-07	1.311061e-06	7.416448e-07	3379
381284	8.714216e-07	1.311085e-06	7.415197e-07	3379
389540	8.714931e-07	1.311108e-06	7.413947e-07	3379
397796	8.715645e-07	1.311131e-06	7.412696e-07	3379
406052	8.716358e-07	1.311154e-06	7.411444e-07	3379
414308	8.717072e-07	1.311178e-06	7.410194e-07	3379
422564	8.717785e-07	1.311201e-06	7.408943e-07	3379
430820	8.718498e-07	1.311224e-06	7.407691e-07	3379
439076	8.719211e-07	1.311248e-06	7.406440e-07	3379
447332	8.719924e-07	1.311271e-06	7.405188e-07	3379
455588	8.720637e-07	1.311294e-06	7.403937e-07	3379
463844	8.721349e-07	1.311317e-06	7.402685e-07	3379
472100	8.722062e-07	1.311341e-06	7.401434e-07	3379
480356	8.722773e-07	1.311364e-06	7.400182e-07	3379
488612	8.723486e-07	1.311387e-06	7.398930e-07	3379
496868	8.724197e-07	1.311410e-06	7.397678e-07	3379
505124	8.724909e-07	1.311434e-06	7.396425e-07	3379
513380	8.725620e-07	1.311457e-06	7.395173e-07	3379
521636	8.726331e-07	1.311480e-06	7.393921e-07	3379
529892	8.727042e-07	1.311504e-06	7.392669e-07	3379
538148	8.727753e-07	1.311527e-06	7.391416e-07	3379
546404	8.728463e-07	1.311550e-06	7.390163e-07	3379
554660	8.729174e-07	1.311574e-06	7.388910e-07	3379
562916	8.729884e-07	1.311597e-06	7.387657e-07	3379
571172	8.730594e-07	1.311620e-06	7.386404e-07	3379
579428	8.731304e-07	1.311643e-06	7.385152e-07	3379
587684	8.732014e-07	1.311667e-06	7.383898e-07	3379
595940	8.732723e-07	1.311690e-06	7.382645e-07	3379
604196	8.733433e-07	1.311713e-06	7.381391e-07	3379
612452	8.734141e-07	1.311737e-06	7.380138e-07	3379
620708	8.734850e-07	1.311760e-06	7.378885e-07	3379
628964	8.735559e-07	1.311783e-06	7.377631e-07	3379
637220	8.736268e-07	1.311807e-06	7.376377e-07	3379
645476	8.736976e-07	1.311830e-06	7.375123e-07	3379
653732	8.737684e-07	1.311853e-06	7.373869e-07	3379
661988	8.738392e-07	1.311877e-06	7.372615e-07	3379
670244	8.739100e-07	1.311900e-06	7.371361e-07	3379
678500	8.739808e-07	1.311923e-06	7.370106e-07	3379
686756	8.740515e-07	1.311947e-06	7.368852e-07	3379
695012	8.741222e-07	1.311970e-06	7.367597e-07	3379
703268	8.741929e-07	1.311993e-06	7.366343e-07	3379
711524	8.742637e-07	1.312017e-06	7.365088e-07	3379
719780	8.743343e-07	1.312040e-06	7.363833e-07	3379
728036	8.744050e-07	1.312063e-06	7.362578e-07	3379
736292	8.744756e-07	1.312087e-06	7.361323e-07	3379
744548	8.745462e-07	1.312110e-06	7.360068e-07	3379
752804	8.746168e-07	1.312133e-06	7.358813e-07	3379
761060	8.746874e-07	1.312157e-06	7.357557e-07	3379
769316	8.747579e-07	1.312180e-06	7.356302e-07	3379
777572	8.748285e-07	1.312203e-06	7.355047e-07	3379
785828	8.748990e-07	1.312227e-06	7.353791e-07	3379
794084	8.749695e-07	1.312250e-06	7.352535e-07	3379
802340	8.750400e-07	1.312274e-06	7.351280e-07	3379
810596	8.751105e-07	1.312297e-06	7.350023e-07	3379
818852	8.751809e-07	1.312320e-06	7.348768e-07	3379
827108	8.752513e-07	1.312344e-06	7.347512e-07	3379
835364	8.753217e-07	1.312367e-06	7.346255e-07	3379
843620	8.753921e-07	1.312390e-06	7.344999e-07	3379
851876	8.754625e-07	1.312414e-06	7.343742e-07	3379
860132	8.755328e-07	1.312437e-06	7.342486e-07	3379
868388	8.756032e-07	1.312460e-06	7.341229e-07	3379
876644	8.756735e-07	1.312484e-06	7.339972e-07	3379
884900	8.757438e-07	1.312507e-06	7.338716e-07	3379
893156	8.758141e-07	1.312531e-06	7.337459e-07	3379
901412	8.758843e-07	1.312554e-06	7.336201e-07	3379
909668	8.759546e-07	1.312577e-06	7.334945e-07	3379
917924	8.760248e-07	1.312601e-06	7.333687e-07	3379
926180	8.760950e-07	1.312624e-06	7.332430e-07	3379
934436	8.761652e-07	1.312648e-06	7.331172e-07	3379
942692	8.762353e-07	1.312671e-06	7.329915e-07	3379
950948	8.763055e-07	1.312694e-06	7.328657e-07	3379
1850	5.570539e-07	1.312702e-06	8.522597e-07	4147
10106	5.571411e-07	1.312717e-06	8.521797e-07	4147
959204	8.763756e-07	1.312718e-06	7.327400e-07	3379
18362	5.572283e-07	1.312732e-06	8.520997e-07	4147
967460	8.764457e-07	1.312741e-06	7.326142e-07	3379
26618	5.573156e-07	1.312747e-06	8.520197e-07	4147
34874	5.574028e-07	1.312762e-06	8.519397e-07	4147
975716	8.765158e-07	1.312765e-06	7.324884e-07	3379
43130	5.574900e-07	1.312777e-06	8.518596e-07	4147
983972	8.765859e-07	1.312788e-06	7.323626e-07	3379
51386	5.575772e-07	1.312792e-06	8.517795e-07	4147
59642	5.576644e-07	1.312806e-06	8.516994e-07	4147
992228	8.766559e-07	1.312811e-06	7.322367e-07	3379
67898	5.577515e-07	1.312821e-06	8.516193e-07	4147
1000484	8.767259e-07	1.312835e-06	7.321109e-07	3379
76154	5.578387e-07	1.312836e-06	8.515393e-07	4147
84410	5.579258e-07	1.312851e-06	8.514592e-07	4147
1008740	8.767960e-07	1.312858e-06	7.319851e-07	3379
92666	5.580130e-07	1.312866e-06	8.513790e-07	4147
100922	5.581001e-07	1.312881e-06	8.512989e-07	4147
1016996	8.768660e-07	1.312882e-06	7.318592e-07	3379
109178	5.581872e-07	1.312896e-06	8.512188e-07	4147
1025252	8.769360e-07	1.312905e-06	7.317334e-07	3379
117434	5.582743e-07	1.312911e-06	8.511386e-07	4147
125690	5.583614e-07	1.312926e-06	8.510584e-07	4147
1033508	8.770059e-07	1.312928e-06	7.316075e-07	3379
133946	5.584484e-07	1.312941e-06	8.509782e-07	4147
1041764	8.770759e-07	1.312952e-06	7.314816e-07	3379
142202	5.585355e-07	1.312956e-06	8.508981e-07	4147
150458	5.586226e-07	1.312971e-06	8.508179e-07	4147
1050020	8.771458e-07	1.312975e-06	7.313558e-07	3379
158714	5.587096e-07	1.312986e-06	8.507376e-07	4147
1058276	8.772157e-07	1.312999e-06	7.312299e-07	3379
166970	5.587966e-07	1.313001e-06	8.506574e-07	4147
175226	5.588836e-07	1.313016e-06	8.505771e-07	4147
1066532	8.772856e-07	1.313022e-06	7.311040e-07	3379
183482	5.589706e-07	1.313031e-06	8.504969e-07	4147
1074788	8.773554e-07	1.313045e-06	7.309781e-07	3379
191738	5.590576e-07	1.313045e-06	8.504166e-07	4147
199994	5.591446e-07	1.313060e-06	8.503363e-07	4147
1083044	8.774253e-07	1.313069e-06	7.308522e-07	3379
208250	5.592316e-07	1.313075e-06	8.502560e-07	4147
216506	5.593186e-07	1.313090e-06	8.501757e-07	4147
1091300	8.774952e-07	1.313092e-06	7.307262e-07	3379
224762	5.594055e-07	1.313105e-06	8.500954e-07	4147
1099556	8.775650e-07	1.313116e-06	7.306003e-07	3379
233018	5.594924e-07	1.313120e-06	8.500151e-07	4147
241274	5.595793e-07	1.313135e-06	8.499347e-07	4147
1107812	8.776347e-07	1.313139e-06	7.304743e-07	3379
249530	5.596662e-07	1.313150e-06	8.498544e-07	4147
1116068	8.777045e-07	1.313163e-06	7.303483e-07	3379
257786	5.597531e-07	1.313165e-06	8.497740e-07	4147
266042	5.598400e-07	1.313180e-06	8.496935e-07	4147
1124324	8.777743e-07	1.313186e-06	7.302224e-07	3379
274298	5.599269e-07	1.313195e-06	8.496132e-07	4147
1132580	8.778440e-07	1.313209e-06	7.300964e-07	3379
282554	5.600137e-07	1.313210e-06	8.495328e-07	4147
290810	5.601006e-07	1.313225e-06	8.494524e-07	4147
1140836	8.779137e-07	1.313233e-06	7.299704e-07	3379
299066	5.601874e-07	1.313240e-06	8.493719e-07	4147
307322	5.602743e-07	1.313255e-06	8.492914e-07	4147
1149092	8.779834e-07	1.313256e-06	7.298444e-07	3379
315578	5.603611e-07	1.313270e-06	8.492110e-07	4147
323834	5.604479e-07	1.313285e-06	8.491305e-07	4147
332090	5.605347e-07	1.313300e-06	8.490500e-07	4147
340346	5.606214e-07	1.313315e-06	8.489695e-07	4147
348602	5.607082e-07	1.313330e-06	8.488890e-07	4147
356858	5.607949e-07	1.313345e-06	8.488085e-07	4147
365114	5.608817e-07	1.313360e-06	8.487280e-07	4147
373370	5.609684e-07	1.313375e-06	8.486475e-07	4147
381626	5.610551e-07	1.313390e-06	8.485669e-07	4147
389882	5.611418e-07	1.313405e-06	8.484863e-07	4147
398138	5.612285e-07	1.313420e-06	8.484057e-07	4147
406394	5.613152e-07	1.313435e-06	8.483252e-07	4147
414650	5.614019e-07	1.313450e-06	8.482445e-07	4147
422906	5.614885e-07	1.313465e-06	8.481639e-07	4147
431162	5.615752e-07	1.313480e-06	8.480833e-07	4147
439418	5.616618e-07	1.313495e-06	8.480026e-07	4147
447674	5.617484e-07	1.313510e-06	8.479220e-07	4147
455930	5.618350e-07	1.313525e-06	8.478413e-07	4147
464186	5.619216e-07	1.313540e-06	8.477606e-07	4147
472442	5.620082e-07	1.313555e-06	8.476799e-07	4147
480698	5.620948e-07	1.313570e-06	8.475992e-07	4147
488954	5.621814e-07	1.313585e-06	8.475185e-07	4147
497210	5.622679e-07	1.313601e-06	8.474378e-07	4147
505466	5.623544e-07	1.313616e-06	8.473570e-07	4147
513722	5.624410e-07	1.313631e-06	8.472762e-07	4147
521978	5.625275e-07	1.313646e-06	8.471955e-07	4147
530234	5.626139e-07	1.313661e-06	8.471147e-07	4147
538490	5.627004e-07	1.313676e-06	8.470339e-07	4147
546746	5.627869e-07	1.313691e-06	8.469531e-07	4147
555002	5.628734e-07	1.313706e-06	8.468723e-07	4147
563258	5.629598e-07	1.313721e-06	8.467915e-07	4147
571514	5.630463e-07	1.313736e-06	8.467106e-07	4147
579770	5.631327e-07	1.313751e-06	8.466297e-07	4147
588026	5.632191e-07	1.313766e-06	8.465489e-07	4147
596282	5.633055e-07	1.313781e-06	8.464680e-07	4147
604538	5.633919e-07	1.313796e-06	8.463871e-07	4147
612794	5.634783e-07	1.313811e-06	8.463062e-07	4147
621050	5.635647e-07	1.313826e-06	8.462252e-07	4147
629306	5.636510e-07	1.313841e-06	8.461444e-07	4147
637562	5.637374e-07	1.313857e-06	8.460634e-07	4147
645818	5.638237e-07	1.313872e-06	8.459824e-07	4147
654074	5.639100e-07	1.313887e-06	8.459015e-07	4147
662330	5.639963e-07	1.313902e-06	8.458205e-07	4147
670586	5.640827e-07	1.313917e-06	8.457395e-07	4147
678842	5.641689e-07	1.313932e-06	8.456585e-07	4147
687098	5.642552e-07	1.313947e-06	8.455775e-07	4147
695354	5.643415e-07	1.313962e-06	8.454965e-07	4147
703610	5.644277e-07	1.313977e-06	8.454154e-07	4147
711866	5.645139e-07	1.313992e-06	8.453343e-07	4147
720122	5.646002e-07	1.314008e-06	8.452533e-07	4147
728378	5.646864e-07	1.314023e-06	8.451722e-07	4147
736634	5.647726e-07	1.314038e-06	8.450911e-07	4147
744890	5.648587e-07	1.314053e-06	8.450100e-07	4147
753146	5.649449e-07	1.314068e-06	8.449289e-07	4147
761402	5.650311e-07	1.314083e-06	8.448478e-07	4147
769658	5.651173e-07	1.314098e-06	8.447666e-07	4147
777914	5.652034e-07	1.314113e-06	8.446855e-07	4147
786170	5.652895e-07	1.314128e-06	8.446043e-07	4147
794426	5.653756e-07	1.314144e-06	8.445231e-07	4147
802682	5.654617e-07	1.314159e-06	8.444419e-07	4147
810938	5.655479e-07	1.314174e-06	8.443607e-07	4147
819194	5.656339e-07	1.314189e-06	8.442795e-07	4147
827450	5.657200e-07	1.314204e-06	8.441983e-07	4147
835706	5.658060e-07	1.314219e-06	8.441170e-07	4147
843962	5.658921e-07	1.314234e-06	8.440358e-07	4147
852218	5.659781e-07	1.314250e-06	8.439545e-07	4147
860474	5.660642e-07	1.314265e-06	8.438732e-07	4147
868730	5.661502e-07	1.314280e-06	8.437920e-07	4147
876986	5.662361e-07	1.314295e-06	8.437107e-07	4147
885242	5.663221e-07	1.314310e-06	8.436293e-07	4147
893498	5.664081e-07	1.314325e-06	8.435480e-07	4147
901754	5.664941e-07	1.314340e-06	8.434667e-07	4147
910010	5.665800e-07	1.314356e-06	8.433853e-07	4147
918266	5.666660e-07	1.314371e-06	8.433040e-07	4147
926522	5.667519e-07	1.314386e-06	8.432226e-07	4147
934778	5.668377e-07	1.314401e-06	8.431412e-07	4147
943034	5.669237e-07	1.314416e-06	8.430598e-07	4147
951290	5.670096e-07	1.314431e-06	8.429784e-07	4147
959546	5.670954e-07	1.314447e-06	8.428970e-07	4147
967802	5.671813e-07	1.314462e-06	8.428155e-07	4147
976058	5.672671e-07	1.314477e-06	8.427340e-07	4147
984314	5.673530e-07	1.314492e-06	8.426526e-07	4147
992570	5.674388e-07	1.314507e-06	8.425711e-07	4147
1000826	5.675246e-07	1.314522e-06	8.424896e-07	4147
1009082	5.676104e-07	1.314538e-06	8.424082e-07	4147
1017338	5.676962e-07	1.314553e-06	8.423266e-07	4147
1025594	5.677820e-07	1.314568e-06	8.422451e-07	4147
1033850	5.678677e-07	1.314583e-06	8.421636e-07	4147
1042106	5.679535e-07	1.314598e-06	8.420820e-07	4147
1050362	5.680392e-07	1.314614e-06	8.420005e-07	4147
1058618	5.681250e-07	1.314629e-06	8.419189e-07	4147
1066874	5.682107e-07	1.314644e-06	8.418373e-07	4147
1075130	5.682964e-07	1.314659e-06	8.417557e-07	4147
1083386	5.683821e-07	1.314674e-06	8.416741e-07	4147
1091642	5.684678e-07	1.314690e-06	8.415925e-07	4147
1099898	5.685534e-07	1.314705e-06	8.415108e-07	4147
1108154	5.686391e-07	1.314720e-06	8.414292e-07	4147
1116410	5.687248e-07	1.314735e-06	8.413475e-07	4147
1124666	5.688104e-07	1.314750e-06	8.412659e-07	4147
1132922	5.688960e-07	1.314766e-06	8.411842e-07	4147
1141178	5.689816e-07	1.314781e-06	8.411025e-07	4147
1149434	5.690672e-07	1.314796e-06	8.410208e-07	4147
3425	9.413028e-07	1.318052e-06	7.284174e-07	7987
11681	9.413722e-07	1.318077e-06	7.282823e-07	7987
19937	9.414414e-07	1.318102e-06	7.281472e-07	7987
28193	9.415107e-07	1.318128e-06	7.280121e-07	7987
36449	9.415800e-07	1.318153e-06	7.278770e-07	7987
44705	9.416493e-07	1.318178e-06	7.277418e-07	7987
52961	9.417186e-07	1.318203e-06	7.276067e-07	7987
61217	9.417878e-07	1.318228e-06	7.274715e-07	7987
69473	9.418570e-07	1.318253e-06	7.273363e-07	7987
77729	9.419262e-07	1.318278e-06	7.272012e-07	7987
85985	9.419953e-07	1.318303e-06	7.270660e-07	7987
94241	9.420645e-07	1.318329e-06	7.269308e-07	7987
102497	9.421336e-07	1.318354e-06	7.267956e-07	7987
110753	9.422027e-07	1.318379e-06	7.266604e-07	7987
119009	9.422718e-07	1.318404e-06	7.265252e-07	7987
127265	9.423409e-07	1.318429e-06	7.263899e-07	7987
135521	9.424099e-07	1.318454e-06	7.262547e-07	7987
143777	9.424789e-07	1.318480e-06	7.261194e-07	7987
152033	9.425480e-07	1.318505e-06	7.259841e-07	7987
160289	9.426170e-07	1.318530e-06	7.258489e-07	7987
168545	9.426859e-07	1.318555e-06	7.257136e-07	7987
176801	9.427549e-07	1.318580e-06	7.255783e-07	7987
185057	9.428238e-07	1.318605e-06	7.254430e-07	7987
193313	9.428927e-07	1.318631e-06	7.253077e-07	7987
201569	9.429616e-07	1.318656e-06	7.251724e-07	7987
209825	9.430304e-07	1.318681e-06	7.250371e-07	7987
218081	9.430993e-07	1.318706e-06	7.249017e-07	7987
226337	9.431681e-07	1.318731e-06	7.247663e-07	7987
234593	9.432369e-07	1.318756e-06	7.246310e-07	7987
242849	9.433057e-07	1.318782e-06	7.244956e-07	7987
251105	9.433745e-07	1.318807e-06	7.243602e-07	7987
259361	9.434432e-07	1.318832e-06	7.242248e-07	7987
267617	9.435120e-07	1.318857e-06	7.240894e-07	7987
275873	9.435806e-07	1.318882e-06	7.239540e-07	7987
284129	9.436494e-07	1.318907e-06	7.238186e-07	7987
292385	9.437180e-07	1.318933e-06	7.236832e-07	7987
300641	9.437866e-07	1.318958e-06	7.235477e-07	7987
308897	9.438553e-07	1.318983e-06	7.234123e-07	7987
317153	9.439239e-07	1.319008e-06	7.232768e-07	7987
325409	9.439925e-07	1.319033e-06	7.231413e-07	7987
333665	9.440610e-07	1.319059e-06	7.230059e-07	7987
341921	9.441296e-07	1.319084e-06	7.228704e-07	7987
350177	9.441981e-07	1.319109e-06	7.227349e-07	7987
358433	9.442666e-07	1.319134e-06	7.225993e-07	7987
366689	9.443351e-07	1.319159e-06	7.224638e-07	7987
374945	9.444036e-07	1.319185e-06	7.223283e-07	7987
383201	9.444720e-07	1.319210e-06	7.221928e-07	7987
391457	9.445404e-07	1.319235e-06	7.220572e-07	7987
399713	9.446088e-07	1.319260e-06	7.219217e-07	7987
407969	9.446772e-07	1.319286e-06	7.217861e-07	7987
416225	9.447456e-07	1.319311e-06	7.216505e-07	7987
424481	9.448139e-07	1.319336e-06	7.215149e-07	7987
432737	9.448822e-07	1.319361e-06	7.213793e-07	7987
440993	9.449506e-07	1.319386e-06	7.212437e-07	7987
449249	9.450188e-07	1.319412e-06	7.211081e-07	7987
457505	9.450871e-07	1.319437e-06	7.209725e-07	7987
465761	9.451553e-07	1.319462e-06	7.208369e-07	7987
474017	9.452236e-07	1.319487e-06	7.207012e-07	7987
482273	9.452917e-07	1.319512e-06	7.205655e-07	7987
490529	9.453599e-07	1.319538e-06	7.204299e-07	7987
498785	9.454281e-07	1.319563e-06	7.202942e-07	7987
507041	9.454963e-07	1.319588e-06	7.201585e-07	7987
515297	9.455644e-07	1.319613e-06	7.200228e-07	7987
523553	9.456325e-07	1.319639e-06	7.198871e-07	7987
531809	9.457005e-07	1.319664e-06	7.197514e-07	7987
540065	9.457686e-07	1.319689e-06	7.196157e-07	7987
548321	9.458366e-07	1.319714e-06	7.194799e-07	7987
556577	9.459047e-07	1.319740e-06	7.193442e-07	7987
564833	9.459727e-07	1.319765e-06	7.192084e-07	7987
573089	9.460406e-07	1.319790e-06	7.190727e-07	7987
581345	9.461086e-07	1.319815e-06	7.189369e-07	7987
589601	9.461766e-07	1.319841e-06	7.188011e-07	7987
597857	9.462445e-07	1.319866e-06	7.186653e-07	7987
606113	9.463124e-07	1.319891e-06	7.185295e-07	7987
614369	9.463803e-07	1.319916e-06	7.183937e-07	7987
622625	9.464481e-07	1.319942e-06	7.182579e-07	7987
630881	9.465160e-07	1.319967e-06	7.181221e-07	7987
639137	9.465838e-07	1.319992e-06	7.179862e-07	7987
647393	9.466516e-07	1.320017e-06	7.178504e-07	7987
655649	9.467194e-07	1.320043e-06	7.177145e-07	7987
663905	9.467871e-07	1.320068e-06	7.175786e-07	7987
672161	9.468549e-07	1.320093e-06	7.174427e-07	7987
680417	9.469226e-07	1.320118e-06	7.173068e-07	7987
688673	9.469903e-07	1.320144e-06	7.171710e-07	7987
696929	9.470580e-07	1.320169e-06	7.170351e-07	7987
705185	9.471256e-07	1.320194e-06	7.168991e-07	7987
713441	9.471933e-07	1.320220e-06	7.167632e-07	7987
721697	9.472609e-07	1.320245e-06	7.166273e-07	7987
729953	9.473285e-07	1.320270e-06	7.164913e-07	7987
738209	9.473961e-07	1.320295e-06	7.163553e-07	7987
746465	9.474636e-07	1.320321e-06	7.162193e-07	7987
754721	9.475311e-07	1.320346e-06	7.160834e-07	7987
762977	9.475987e-07	1.320371e-06	7.159474e-07	7987
771233	9.476662e-07	1.320397e-06	7.158114e-07	7987
779489	9.477337e-07	1.320422e-06	7.156754e-07	7987
787745	9.478011e-07	1.320447e-06	7.155394e-07	7987
796001	9.478686e-07	1.320473e-06	7.154034e-07	7987
804257	9.479360e-07	1.320498e-06	7.152673e-07	7987
812513	9.480033e-07	1.320523e-06	7.151313e-07	7987
820769	9.480707e-07	1.320548e-06	7.149952e-07	7987
829025	9.481381e-07	1.320574e-06	7.148591e-07	7987
837281	9.482054e-07	1.320599e-06	7.147231e-07	7987
845537	9.482727e-07	1.320624e-06	7.145870e-07	7987
853793	9.483400e-07	1.320650e-06	7.144509e-07	7987
862049	9.484073e-07	1.320675e-06	7.143148e-07	7987
870305	9.484746e-07	1.320700e-06	7.141787e-07	7987
878561	9.485418e-07	1.320726e-06	7.140425e-07	7987
886817	9.486090e-07	1.320751e-06	7.139064e-07	7987
895073	9.486762e-07	1.320776e-06	7.137702e-07	7987
903329	9.487434e-07	1.320802e-06	7.136341e-07	7987
911585	9.488106e-07	1.320827e-06	7.134980e-07	7987
919841	9.488777e-07	1.320852e-06	7.133618e-07	7987
928097	9.489448e-07	1.320877e-06	7.132256e-07	7987
936353	9.490119e-07	1.320903e-06	7.130894e-07	7987
944609	9.490790e-07	1.320928e-06	7.129532e-07	7987
952865	9.491460e-07	1.320954e-06	7.128170e-07	7987
961121	9.492130e-07	1.320979e-06	7.126808e-07	7987
969377	9.492800e-07	1.321004e-06	7.125445e-07	7987
977633	9.493471e-07	1.321029e-06	7.124083e-07	7987
985889	9.494140e-07	1.321055e-06	7.122721e-07	7987
994145	9.494810e-07	1.321080e-06	7.121358e-07	7987
1002401	9.495479e-07	1.321106e-06	7.119995e-07	7987
1010657	9.496148e-07	1.321131e-06	7.118633e-07	7987
1018913	9.496817e-07	1.321156e-06	7.117270e-07	7987
1027169	9.497486e-07	1.321182e-06	7.115907e-07	7987
1035425	9.498154e-07	1.321207e-06	7.114544e-07	7987
1043681	9.498822e-07	1.321232e-06	7.113181e-07	7987
1051937	9.499491e-07	1.321258e-06	7.111817e-07	7987
1060193	9.500159e-07	1.321283e-06	7.110454e-07	7987
1068449	9.500826e-07	1.321308e-06	7.109090e-07	7987
1076705	9.501494e-07	1.321334e-06	7.107727e-07	7987
1084961	9.502161e-07	1.321359e-06	7.106364e-07	7987
1093217	9.502828e-07	1.321384e-06	7.105000e-07	7987
1101473	9.503495e-07	1.321410e-06	7.103636e-07	7987
1109729	9.504162e-07	1.321435e-06	7.102272e-07	7987
1117985	9.504828e-07	1.321460e-06	7.100908e-07	7987
1126241	9.505495e-07	1.321486e-06	7.099544e-07	7987
1134497	9.506161e-07	1.321511e-06	7.098180e-07	7987
1142753	9.506826e-07	1.321537e-06	7.096815e-07	7987
1151009	9.507492e-07	1.321562e-06	7.095451e-07	7987
6664	6.419099e-07	1.335736e-06	8.258478e-07	18765
14920	6.419928e-07	1.335753e-06	8.257556e-07	18765
23176	6.420756e-07	1.335770e-06	8.256634e-07	18765
31432	6.421585e-07	1.335787e-06	8.255712e-07	18765
39688	6.422413e-07	1.335804e-06	8.254790e-07	18765
47944	6.423240e-07	1.335822e-06	8.253868e-07	18765
56200	6.424068e-07	1.335839e-06	8.252946e-07	18765
64456	6.424896e-07	1.335856e-06	8.252024e-07	18765
72712	6.425723e-07	1.335873e-06	8.251101e-07	18765
80968	6.426551e-07	1.335890e-06	8.250179e-07	18765
89224	6.427378e-07	1.335908e-06	8.249256e-07	18765
97480	6.428205e-07	1.335925e-06	8.248333e-07	18765
105736	6.429032e-07	1.335942e-06	8.247410e-07	18765
113992	6.429859e-07	1.335959e-06	8.246487e-07	18765
122248	6.430686e-07	1.335976e-06	8.245564e-07	18765
130504	6.431512e-07	1.335993e-06	8.244641e-07	18765
138760	6.432339e-07	1.336011e-06	8.243717e-07	18765
147016	6.433165e-07	1.336028e-06	8.242794e-07	18765
155272	6.433991e-07	1.336045e-06	8.241870e-07	18765
163528	6.434818e-07	1.336062e-06	8.240946e-07	18765
171784	6.435644e-07	1.336079e-06	8.240022e-07	18765
180040	6.436469e-07	1.336097e-06	8.239098e-07	18765
188296	6.437295e-07	1.336114e-06	8.238174e-07	18765
196552	6.438120e-07	1.336131e-06	8.237250e-07	18765
204808	6.438946e-07	1.336148e-06	8.236325e-07	18765
213064	6.439771e-07	1.336165e-06	8.235401e-07	18765
221320	6.440596e-07	1.336183e-06	8.234476e-07	18765
229576	6.441421e-07	1.336200e-06	8.233551e-07	18765
237832	6.442245e-07	1.336217e-06	8.232626e-07	18765
246088	6.443070e-07	1.336234e-06	8.231701e-07	18765
254344	6.443895e-07	1.336252e-06	8.230776e-07	18765
262600	6.444719e-07	1.336269e-06	8.229851e-07	18765
270856	6.445543e-07	1.336286e-06	8.228926e-07	18765
279112	6.446368e-07	1.336303e-06	8.228000e-07	18765
287368	6.447191e-07	1.336321e-06	8.227075e-07	18765
295624	6.448016e-07	1.336338e-06	8.226149e-07	18765
303880	6.448839e-07	1.336355e-06	8.225223e-07	18765
312136	6.449663e-07	1.336372e-06	8.224297e-07	18765
320392	6.450486e-07	1.336389e-06	8.223371e-07	18765
328648	6.451310e-07	1.336407e-06	8.222445e-07	18765
336904	6.452133e-07	1.336424e-06	8.221519e-07	18765
345160	6.452956e-07	1.336441e-06	8.220592e-07	18765
353416	6.453778e-07	1.336458e-06	8.219666e-07	18765
361672	6.454601e-07	1.336476e-06	8.218739e-07	18765
369928	6.455424e-07	1.336493e-06	8.217812e-07	18765
378184	6.456247e-07	1.336510e-06	8.216886e-07	18765
386440	6.457068e-07	1.336528e-06	8.215958e-07	18765
394696	6.457891e-07	1.336545e-06	8.215031e-07	18765
402952	6.458713e-07	1.336562e-06	8.214104e-07	18765
411208	6.459535e-07	1.336579e-06	8.213177e-07	18765
419464	6.460357e-07	1.336597e-06	8.212249e-07	18765
427720	6.461178e-07	1.336614e-06	8.211322e-07	18765
435976	6.462000e-07	1.336631e-06	8.210394e-07	18765
444232	6.462821e-07	1.336648e-06	8.209466e-07	18765
452488	6.463642e-07	1.336666e-06	8.208538e-07	18765
460744	6.464464e-07	1.336683e-06	8.207610e-07	18765
469000	6.465285e-07	1.336700e-06	8.206682e-07	18765
477256	6.466105e-07	1.336718e-06	8.205754e-07	18765
485512	6.466926e-07	1.336735e-06	8.204825e-07	18765
493768	6.467747e-07	1.336752e-06	8.203897e-07	18765
502024	6.468567e-07	1.336769e-06	8.202968e-07	18765
510280	6.469387e-07	1.336787e-06	8.202039e-07	18765
518536	6.470207e-07	1.336804e-06	8.201110e-07	18765
526792	6.471028e-07	1.336821e-06	8.200182e-07	18765
535048	6.471847e-07	1.336839e-06	8.199252e-07	18765
543304	6.472667e-07	1.336856e-06	8.198323e-07	18765
551560	6.473487e-07	1.336873e-06	8.197394e-07	18765
559816	6.474306e-07	1.336891e-06	8.196465e-07	18765
568072	6.475125e-07	1.336908e-06	8.195535e-07	18765
576328	6.475944e-07	1.336925e-06	8.194605e-07	18765
584584	6.476764e-07	1.336942e-06	8.193675e-07	18765
592840	6.477582e-07	1.336960e-06	8.192745e-07	18765
601096	6.478401e-07	1.336977e-06	8.191815e-07	18765
609352	6.479220e-07	1.336994e-06	8.190885e-07	18765
617608	6.480038e-07	1.337012e-06	8.189955e-07	18765
625864	6.480856e-07	1.337029e-06	8.189024e-07	18765
634120	6.481675e-07	1.337046e-06	8.188094e-07	18765
642376	6.482493e-07	1.337064e-06	8.187163e-07	18765
650632	6.483311e-07	1.337081e-06	8.186232e-07	18765
658888	6.484129e-07	1.337098e-06	8.185302e-07	18765
667144	6.484946e-07	1.337116e-06	8.184371e-07	18765
675400	6.485764e-07	1.337133e-06	8.183439e-07	18765
683656	6.486581e-07	1.337150e-06	8.182508e-07	18765
691912	6.487398e-07	1.337168e-06	8.181577e-07	18765
700168	6.488215e-07	1.337185e-06	8.180646e-07	18765
708424	6.489032e-07	1.337202e-06	8.179714e-07	18765
716680	6.489849e-07	1.337220e-06	8.178782e-07	18765
724936	6.490666e-07	1.337237e-06	8.177850e-07	18765
733192	6.491483e-07	1.337255e-06	8.176918e-07	18765
741448	6.492299e-07	1.337272e-06	8.175986e-07	18765
749704	6.493115e-07	1.337289e-06	8.175054e-07	18765
757960	6.493931e-07	1.337307e-06	8.174122e-07	18765
766216	6.494747e-07	1.337324e-06	8.173189e-07	18765
774472	6.495563e-07	1.337341e-06	8.172257e-07	18765
782728	6.496379e-07	1.337359e-06	8.171324e-07	18765
790984	6.497194e-07	1.337376e-06	8.170392e-07	18765
799240	6.498010e-07	1.337393e-06	8.169459e-07	18765
807496	6.498825e-07	1.337411e-06	8.168525e-07	18765
815752	6.499640e-07	1.337428e-06	8.167593e-07	18765
824008	6.500455e-07	1.337445e-06	8.166659e-07	18765
832264	6.501270e-07	1.337463e-06	8.165726e-07	18765
840520	6.502085e-07	1.337480e-06	8.164793e-07	18765
848776	6.502900e-07	1.337498e-06	8.163859e-07	18765
857032	6.503714e-07	1.337515e-06	8.162925e-07	18765
865288	6.504528e-07	1.337532e-06	8.161991e-07	18765
873544	6.505343e-07	1.337550e-06	8.161057e-07	18765
881800	6.506157e-07	1.337567e-06	8.160123e-07	18765
890056	6.506970e-07	1.337585e-06	8.159190e-07	18765
898312	6.507784e-07	1.337602e-06	8.158255e-07	18765
906568	6.508598e-07	1.337619e-06	8.157321e-07	18765
914824	6.509412e-07	1.337637e-06	8.156386e-07	18765
923080	6.510224e-07	1.337654e-06	8.155451e-07	18765
931336	6.511038e-07	1.337672e-06	8.154517e-07	18765
939592	6.511851e-07	1.337689e-06	8.153582e-07	18765
947848	6.512664e-07	1.337706e-06	8.152647e-07	18765
956104	6.513477e-07	1.337724e-06	8.151712e-07	18765
964360	6.514289e-07	1.337741e-06	8.150777e-07	18765
972616	6.515102e-07	1.337759e-06	8.149842e-07	18765
980872	6.515914e-07	1.337776e-06	8.148906e-07	18765
989128	6.516727e-07	1.337793e-06	8.147970e-07	18765
997384	6.517539e-07	1.337811e-06	8.147035e-07	18765
1005640	6.518351e-07	1.337828e-06	8.146099e-07	18765
1013896	6.519163e-07	1.337846e-06	8.145163e-07	18765
1022152	6.519974e-07	1.337863e-06	8.144227e-07	18765
1030408	6.520786e-07	1.337881e-06	8.143291e-07	18765
1038664	6.521597e-07	1.337898e-06	8.142355e-07	18765
1046920	6.522408e-07	1.337915e-06	8.141419e-07	18765
1055176	6.523219e-07	1.337933e-06	8.140482e-07	18765
1063432	6.524031e-07	1.337950e-06	8.139545e-07	18765
1071688	6.524842e-07	1.337968e-06	8.138609e-07	18765
1079944	6.525652e-07	1.337985e-06	8.137671e-07	18765
1088200	6.526463e-07	1.338003e-06	8.136735e-07	18765
1096456	6.527273e-07	1.338020e-06	8.135798e-07	18765
1104712	6.528084e-07	1.338038e-06	8.134861e-07	18765
1112968	6.528894e-07	1.338055e-06	8.133923e-07	18765
1121224	6.529704e-07	1.338072e-06	8.132986e-07	18765
1129480	6.530514e-07	1.338090e-06	8.132048e-07	18765
1137736	6.531324e-07	1.338107e-06	8.131111e-07	18765
1145992	6.532133e-07	1.338125e-06	8.130173e-07	18765
1154248	6.532943e-07	1.338142e-06	8.129235e-07	18765
3878	6.003224e-07	1.342373e-06	8.658812e-07	9082
12134	6.004108e-07	1.342389e-06	8.657950e-07	9082
20390	6.004992e-07	1.342405e-06	8.657088e-07	9082
28646	6.005876e-07	1.342421e-06	8.656226e-07	9082
36902	6.006760e-07	1.342437e-06	8.655363e-07	9082
45158	6.007643e-07	1.342453e-06	8.654500e-07	9082
53414	6.008527e-07	1.342469e-06	8.653638e-07	9082
61670	6.009410e-07	1.342485e-06	8.652775e-07	9082
69926	6.010293e-07	1.342502e-06	8.651912e-07	9082
78182	6.011177e-07	1.342518e-06	8.651049e-07	9082
86438	6.012060e-07	1.342534e-06	8.650186e-07	9082
94694	6.012942e-07	1.342550e-06	8.649322e-07	9082
102950	6.013825e-07	1.342566e-06	8.648459e-07	9082
111206	6.014708e-07	1.342582e-06	8.647596e-07	9082
119462	6.015591e-07	1.342598e-06	8.646732e-07	9082
127718	6.016473e-07	1.342614e-06	8.645868e-07	9082
135974	6.017355e-07	1.342630e-06	8.645004e-07	9082
144230	6.018237e-07	1.342646e-06	8.644140e-07	9082
152486	6.019119e-07	1.342662e-06	8.643276e-07	9082
160742	6.020001e-07	1.342679e-06	8.642411e-07	9082
168998	6.020883e-07	1.342695e-06	8.641547e-07	9082
177254	6.021764e-07	1.342711e-06	8.640682e-07	9082
185510	6.022645e-07	1.342727e-06	8.639818e-07	9082
193766	6.023527e-07	1.342743e-06	8.638953e-07	9082
202022	6.024408e-07	1.342759e-06	8.638088e-07	9082
210278	6.025289e-07	1.342775e-06	8.637223e-07	9082
218534	6.026170e-07	1.342791e-06	8.636358e-07	9082
226790	6.027051e-07	1.342807e-06	8.635492e-07	9082
235046	6.027932e-07	1.342824e-06	8.634627e-07	9082
243302	6.028812e-07	1.342840e-06	8.633761e-07	9082
251558	6.029693e-07	1.342856e-06	8.632895e-07	9082
259814	6.030573e-07	1.342872e-06	8.632030e-07	9082
268070	6.031453e-07	1.342888e-06	8.631164e-07	9082
276326	6.032333e-07	1.342904e-06	8.630298e-07	9082
284582	6.033213e-07	1.342920e-06	8.629431e-07	9082
292838	6.034093e-07	1.342936e-06	8.628565e-07	9082
301094	6.034973e-07	1.342953e-06	8.627699e-07	9082
309350	6.035852e-07	1.342969e-06	8.626832e-07	9082
317606	6.036731e-07	1.342985e-06	8.625966e-07	9082
325862	6.037611e-07	1.343001e-06	8.625099e-07	9082
334118	6.038490e-07	1.343017e-06	8.624231e-07	9082
342374	6.039369e-07	1.343033e-06	8.623364e-07	9082
350630	6.040248e-07	1.343050e-06	8.622497e-07	9082
358886	6.041126e-07	1.343066e-06	8.621629e-07	9082
367142	6.042005e-07	1.343082e-06	8.620762e-07	9082
375398	6.042884e-07	1.343098e-06	8.619895e-07	9082
383654	6.043762e-07	1.343114e-06	8.619027e-07	9082
391910	6.044640e-07	1.343130e-06	8.618159e-07	9082
400166	6.045519e-07	1.343147e-06	8.617291e-07	9082
408422	6.046396e-07	1.343163e-06	8.616423e-07	9082
416678	6.047275e-07	1.343179e-06	8.615555e-07	9082
424934	6.048152e-07	1.343195e-06	8.614687e-07	9082
433190	6.049030e-07	1.343211e-06	8.613818e-07	9082
441446	6.049907e-07	1.343227e-06	8.612950e-07	9082
449702	6.050785e-07	1.343244e-06	8.612080e-07	9082
457958	6.051662e-07	1.343260e-06	8.611212e-07	9082
466214	6.052539e-07	1.343276e-06	8.610343e-07	9082
474470	6.053416e-07	1.343292e-06	8.609474e-07	9082
482726	6.054292e-07	1.343308e-06	8.608604e-07	9082
490982	6.055169e-07	1.343325e-06	8.607735e-07	9082
499238	6.056046e-07	1.343341e-06	8.606866e-07	9082
507494	6.056922e-07	1.343357e-06	8.605996e-07	9082
515750	6.057799e-07	1.343373e-06	8.605126e-07	9082
524006	6.058675e-07	1.343389e-06	8.604256e-07	9082
532262	6.059551e-07	1.343406e-06	8.603386e-07	9082
540518	6.060426e-07	1.343422e-06	8.602516e-07	9082
548774	6.061302e-07	1.343438e-06	8.601646e-07	9082
557030	6.062178e-07	1.343454e-06	8.600775e-07	9082
565286	6.063054e-07	1.343470e-06	8.599905e-07	9082
573542	6.063929e-07	1.343487e-06	8.599034e-07	9082
581798	6.064805e-07	1.343503e-06	8.598163e-07	9082
590054	6.065679e-07	1.343519e-06	8.597293e-07	9082
598310	6.066555e-07	1.343535e-06	8.596422e-07	9082
606566	6.067430e-07	1.343552e-06	8.595550e-07	9082
614822	6.068304e-07	1.343568e-06	8.594679e-07	9082
623078	6.069179e-07	1.343584e-06	8.593808e-07	9082
631334	6.070053e-07	1.343600e-06	8.592937e-07	9082
639590	6.070928e-07	1.343616e-06	8.592065e-07	9082
647846	6.071802e-07	1.343633e-06	8.591193e-07	9082
656102	6.072676e-07	1.343649e-06	8.590321e-07	9082
664358	6.073550e-07	1.343665e-06	8.589449e-07	9082
672614	6.074424e-07	1.343681e-06	8.588577e-07	9082
680870	6.075298e-07	1.343698e-06	8.587705e-07	9082
689126	6.076172e-07	1.343714e-06	8.586832e-07	9082
697382	6.077045e-07	1.343730e-06	8.585960e-07	9082
705638	6.077918e-07	1.343746e-06	8.585087e-07	9082
713894	6.078791e-07	1.343763e-06	8.584215e-07	9082
722150	6.079665e-07	1.343779e-06	8.583341e-07	9082
730406	6.080537e-07	1.343795e-06	8.582468e-07	9082
738662	6.081410e-07	1.343812e-06	8.581595e-07	9082
746918	6.082283e-07	1.343828e-06	8.580722e-07	9082
755174	6.083155e-07	1.343844e-06	8.579849e-07	9082
763430	6.084028e-07	1.343860e-06	8.578975e-07	9082
771686	6.084900e-07	1.343877e-06	8.578102e-07	9082
779942	6.085772e-07	1.343893e-06	8.577228e-07	9082
788198	6.086644e-07	1.343909e-06	8.576354e-07	9082
796454	6.087516e-07	1.343925e-06	8.575480e-07	9082
804710	6.088388e-07	1.343942e-06	8.574606e-07	9082
812966	6.089260e-07	1.343958e-06	8.573732e-07	9082
821222	6.090131e-07	1.343974e-06	8.572857e-07	9082
829478	6.091003e-07	1.343991e-06	8.571982e-07	9082
837734	6.091874e-07	1.344007e-06	8.571108e-07	9082
845990	6.092745e-07	1.344023e-06	8.570233e-07	9082
854246	6.093616e-07	1.344039e-06	8.569359e-07	9082
862502	6.094487e-07	1.344056e-06	8.568483e-07	9082
870758	6.095358e-07	1.344072e-06	8.567608e-07	9082
879014	6.096228e-07	1.344088e-06	8.566733e-07	9082
887270	6.097099e-07	1.344105e-06	8.565858e-07	9082
895526	6.097969e-07	1.344121e-06	8.564982e-07	9082
903782	6.098840e-07	1.344137e-06	8.564107e-07	9082
912038	6.099709e-07	1.344154e-06	8.563231e-07	9082
920294	6.100580e-07	1.344170e-06	8.562355e-07	9082
928550	6.101449e-07	1.344186e-06	8.561479e-07	9082
936806	6.102319e-07	1.344202e-06	8.560603e-07	9082
945062	6.103189e-07	1.344219e-06	8.559726e-07	9082
953318	6.104058e-07	1.344235e-06	8.558850e-07	9082
961574	6.104927e-07	1.344251e-06	8.557973e-07	9082
969830	6.105797e-07	1.344268e-06	8.557097e-07	9082
978086	6.106666e-07	1.344284e-06	8.556220e-07	9082
986342	6.107534e-07	1.344300e-06	8.555343e-07	9082
994598	6.108403e-07	1.344317e-06	8.554466e-07	9082
1002854	6.109272e-07	1.344333e-06	8.553589e-07	9082
1011110	6.110141e-07	1.344349e-06	8.552712e-07	9082
1019366	6.111009e-07	1.344366e-06	8.551834e-07	9082
1027622	6.111877e-07	1.344382e-06	8.550957e-07	9082
1035878	6.112745e-07	1.344399e-06	8.550080e-07	9082
1044134	6.113613e-07	1.344415e-06	8.549202e-07	9082
1052390	6.114481e-07	1.344431e-06	8.548324e-07	9082
1060646	6.115349e-07	1.344448e-06	8.547446e-07	9082
1068902	6.116217e-07	1.344464e-06	8.546568e-07	9082
1077158	6.117084e-07	1.344480e-06	8.545690e-07	9082
1085414	6.117951e-07	1.344497e-06	8.544811e-07	9082
1093670	6.118819e-07	1.344513e-06	8.543932e-07	9082
1101926	6.119686e-07	1.344529e-06	8.543054e-07	9082
1110182	6.120553e-07	1.344546e-06	8.542175e-07	9082
1118438	6.121419e-07	1.344562e-06	8.541296e-07	9082
1126694	6.122286e-07	1.344579e-06	8.540417e-07	9082
1134950	6.123153e-07	1.344595e-06	8.539538e-07	9082
1143206	6.124019e-07	1.344611e-06	8.538659e-07	9082
1151462	6.124886e-07	1.344628e-06	8.537780e-07	9082
7828	4.019024e-07	1.370313e-06	9.386503e-07	25707
16084	4.020005e-07	1.370324e-06	9.385925e-07	25707
24340	4.020986e-07	1.370335e-06	9.385347e-07	25707
32596	4.021966e-07	1.370345e-06	9.384769e-07	25707
40852	4.022947e-07	1.370356e-06	9.384191e-07	25707
49108	4.023928e-07	1.370367e-06	9.383613e-07	25707
57364	4.024909e-07	1.370378e-06	9.383035e-07	25707
65620	4.025889e-07	1.370389e-06	9.382456e-07	25707
73876	4.026870e-07	1.370399e-06	9.381878e-07	25707
82132	4.027850e-07	1.370410e-06	9.381299e-07	25707
90388	4.028830e-07	1.370421e-06	9.380720e-07	25707
98644	4.029811e-07	1.370432e-06	9.380142e-07	25707
106900	4.030791e-07	1.370443e-06	9.379563e-07	25707
115156	4.031771e-07	1.370453e-06	9.378983e-07	25707
123412	4.032751e-07	1.370464e-06	9.378404e-07	25707
131668	4.033731e-07	1.370475e-06	9.377824e-07	25707
139924	4.034710e-07	1.370486e-06	9.377245e-07	25707
148180	4.035690e-07	1.370497e-06	9.376665e-07	25707
156436	4.036670e-07	1.370507e-06	9.376085e-07	25707
164692	4.037649e-07	1.370518e-06	9.375505e-07	25707
172948	4.038629e-07	1.370529e-06	9.374925e-07	25707
181204	4.039608e-07	1.370540e-06	9.374344e-07	25707
189460	4.040587e-07	1.370551e-06	9.373763e-07	25707
197716	4.041567e-07	1.370562e-06	9.373183e-07	25707
205972	4.042546e-07	1.370572e-06	9.372602e-07	25707
214228	4.043524e-07	1.370583e-06	9.372021e-07	25707
222484	4.044504e-07	1.370594e-06	9.371440e-07	25707
230740	4.045482e-07	1.370605e-06	9.370859e-07	25707
238996	4.046461e-07	1.370616e-06	9.370278e-07	25707
247252	4.047440e-07	1.370627e-06	9.369696e-07	25707
255508	4.048418e-07	1.370638e-06	9.369115e-07	25707
263764	4.049397e-07	1.370649e-06	9.368533e-07	25707
272020	4.050375e-07	1.370659e-06	9.367951e-07	25707
280276	4.051354e-07	1.370670e-06	9.367369e-07	25707
288532	4.052332e-07	1.370681e-06	9.366786e-07	25707
296788	4.053310e-07	1.370692e-06	9.366204e-07	25707
305044	4.054288e-07	1.370703e-06	9.365622e-07	25707
313300	4.055266e-07	1.370714e-06	9.365039e-07	25707
321556	4.056244e-07	1.370725e-06	9.364456e-07	25707
329812	4.057222e-07	1.370736e-06	9.363873e-07	25707
338068	4.058199e-07	1.370746e-06	9.363291e-07	25707
346324	4.059177e-07	1.370757e-06	9.362707e-07	25707
354580	4.060155e-07	1.370768e-06	9.362124e-07	25707
362836	4.061132e-07	1.370779e-06	9.361540e-07	25707
371092	4.062109e-07	1.370790e-06	9.360957e-07	25707
379348	4.063087e-07	1.370801e-06	9.360373e-07	25707
387604	4.064064e-07	1.370812e-06	9.359789e-07	25707
395860	4.065041e-07	1.370823e-06	9.359205e-07	25707
404116	4.066018e-07	1.370834e-06	9.358621e-07	25707
412372	4.066995e-07	1.370844e-06	9.358037e-07	25707
420628	4.067972e-07	1.370855e-06	9.357452e-07	25707
428884	4.068949e-07	1.370866e-06	9.356868e-07	25707
437140	4.069925e-07	1.370877e-06	9.356283e-07	25707
445396	4.070902e-07	1.370888e-06	9.355698e-07	25707
453652	4.071878e-07	1.370899e-06	9.355113e-07	25707
461908	4.072855e-07	1.370910e-06	9.354528e-07	25707
470164	4.073831e-07	1.370921e-06	9.353943e-07	25707
478420	4.074807e-07	1.370932e-06	9.353357e-07	25707
486676	4.075783e-07	1.370943e-06	9.352772e-07	25707
494932	4.076760e-07	1.370954e-06	9.352186e-07	25707
503188	4.077736e-07	1.370965e-06	9.351600e-07	25707
511444	4.078711e-07	1.370975e-06	9.351014e-07	25707
519700	4.079687e-07	1.370987e-06	9.350428e-07	25707
527956	4.080663e-07	1.370997e-06	9.349842e-07	25707
536212	4.081639e-07	1.371008e-06	9.349255e-07	25707
544468	4.082614e-07	1.371019e-06	9.348669e-07	25707
552724	4.083590e-07	1.371030e-06	9.348082e-07	25707
560980	4.084565e-07	1.371041e-06	9.347496e-07	25707
569236	4.085540e-07	1.371052e-06	9.346908e-07	25707
577492	4.086515e-07	1.371063e-06	9.346321e-07	25707
585748	4.087491e-07	1.371074e-06	9.345734e-07	25707
594004	4.088466e-07	1.371085e-06	9.345147e-07	25707
602260	4.089441e-07	1.371096e-06	9.344560e-07	25707
610516	4.090415e-07	1.371107e-06	9.343972e-07	25707
618772	4.091390e-07	1.371118e-06	9.343384e-07	25707
627028	4.092365e-07	1.371129e-06	9.342796e-07	25707
635284	4.093339e-07	1.371140e-06	9.342208e-07	25707
643540	4.094314e-07	1.371151e-06	9.341620e-07	25707
651796	4.095288e-07	1.371162e-06	9.341031e-07	25707
660052	4.096263e-07	1.371173e-06	9.340443e-07	25707
668308	4.097237e-07	1.371184e-06	9.339854e-07	25707
676564	4.098211e-07	1.371195e-06	9.339265e-07	25707
684820	4.099185e-07	1.371206e-06	9.338676e-07	25707
693076	4.100159e-07	1.371217e-06	9.338087e-07	25707
701332	4.101133e-07	1.371228e-06	9.337498e-07	25707
709588	4.102107e-07	1.371239e-06	9.336909e-07	25707
717844	4.103080e-07	1.371250e-06	9.336320e-07	25707
726100	4.104054e-07	1.371261e-06	9.335729e-07	25707
734356	4.105028e-07	1.371272e-06	9.335140e-07	25707
742612	4.106001e-07	1.371283e-06	9.334550e-07	25707
750868	4.106975e-07	1.371294e-06	9.333960e-07	25707
759124	4.107948e-07	1.371305e-06	9.333370e-07	25707
767380	4.108921e-07	1.371316e-06	9.332779e-07	25707
775636	4.109894e-07	1.371327e-06	9.332189e-07	25707
783892	4.110867e-07	1.371338e-06	9.331599e-07	25707
792148	4.111840e-07	1.371349e-06	9.331008e-07	25707
800404	4.112813e-07	1.371360e-06	9.330417e-07	25707
808660	4.113786e-07	1.371371e-06	9.329826e-07	25707
816916	4.114758e-07	1.371382e-06	9.329235e-07	25707
825172	4.115731e-07	1.371393e-06	9.328643e-07	25707
833428	4.116703e-07	1.371404e-06	9.328052e-07	25707
841684	4.117676e-07	1.371415e-06	9.327460e-07	25707
849940	4.118648e-07	1.371426e-06	9.326869e-07	25707
858196	4.119620e-07	1.371437e-06	9.326277e-07	25707
866452	4.120593e-07	1.371448e-06	9.325685e-07	25707
874708	4.121565e-07	1.371459e-06	9.325093e-07	25707
882964	4.122537e-07	1.371470e-06	9.324501e-07	25707
891220	4.123508e-07	1.371482e-06	9.323908e-07	25707
899476	4.124480e-07	1.371493e-06	9.323315e-07	25707
907732	4.125452e-07	1.371504e-06	9.322723e-07	25707
915988	4.126424e-07	1.371515e-06	9.322130e-07	25707
924244	4.127395e-07	1.371526e-06	9.321537e-07	25707
932500	4.128366e-07	1.371537e-06	9.320944e-07	25707
940756	4.129338e-07	1.371548e-06	9.320351e-07	25707
949012	4.130309e-07	1.371559e-06	9.319758e-07	25707
957268	4.131280e-07	1.371570e-06	9.319164e-07	25707
965524	4.132251e-07	1.371581e-06	9.318570e-07	25707
973780	4.133222e-07	1.371592e-06	9.317976e-07	25707
982036	4.134193e-07	1.371603e-06	9.317383e-07	25707
990292	4.135164e-07	1.371614e-06	9.316789e-07	25707
998548	4.136135e-07	1.371626e-06	9.316194e-07	25707
1006804	4.137105e-07	1.371637e-06	9.315600e-07	25707
1015060	4.138076e-07	1.371648e-06	9.315006e-07	25707
1023316	4.139046e-07	1.371659e-06	9.314411e-07	25707
1031572	4.140017e-07	1.371670e-06	9.313816e-07	25707
1039828	4.140987e-07	1.371681e-06	9.313221e-07	25707
1048084	4.141957e-07	1.371692e-06	9.312626e-07	25707
1056340	4.142927e-07	1.371703e-06	9.312031e-07	25707
1064596	4.143897e-07	1.371714e-06	9.311436e-07	25707
1072852	4.144867e-07	1.371725e-06	9.310840e-07	25707
1081108	4.145837e-07	1.371737e-06	9.310244e-07	25707
1089364	4.146807e-07	1.371748e-06	9.309649e-07	25707
1097620	4.147776e-07	1.371759e-06	9.309053e-07	25707
1105876	4.148746e-07	1.371770e-06	9.308457e-07	25707
1114132	4.149716e-07	1.371781e-06	9.307861e-07	25707
1122388	4.150685e-07	1.371792e-06	9.307264e-07	25707
1130644	4.151654e-07	1.371803e-06	9.306668e-07	25707
1138900	4.152623e-07	1.371815e-06	9.306071e-07	25707
1147156	4.153593e-07	1.371826e-06	9.305475e-07	25707
1155412	4.154562e-07	1.371837e-06	9.304878e-07	25707
5167	9.039668e-07	1.377178e-06	7.910722e-07	12921
13423	9.040435e-07	1.377202e-06	7.909425e-07	12921
21679	9.041203e-07	1.377227e-06	7.908127e-07	12921
29935	9.041970e-07	1.377251e-06	7.906830e-07	12921
38191	9.042737e-07	1.377275e-06	7.905531e-07	12921
46447	9.043504e-07	1.377299e-06	7.904234e-07	12921
54703	9.044271e-07	1.377323e-06	7.902936e-07	12921
62959	9.045037e-07	1.377347e-06	7.901638e-07	12921
71215	9.045803e-07	1.377371e-06	7.900339e-07	12921
79471	9.046569e-07	1.377396e-06	7.899041e-07	12921
87727	9.047335e-07	1.377420e-06	7.897743e-07	12921
95983	9.048101e-07	1.377444e-06	7.896444e-07	12921
104239	9.048866e-07	1.377468e-06	7.895146e-07	12921
112495	9.049631e-07	1.377492e-06	7.893847e-07	12921
120751	9.050397e-07	1.377516e-06	7.892548e-07	12921
129007	9.051161e-07	1.377541e-06	7.891248e-07	12921
137263	9.051926e-07	1.377565e-06	7.889950e-07	12921
145519	9.052691e-07	1.377589e-06	7.888650e-07	12921
153775	9.053455e-07	1.377613e-06	7.887351e-07	12921
162031	9.054219e-07	1.377637e-06	7.886052e-07	12921
170287	9.054983e-07	1.377661e-06	7.884752e-07	12921
178543	9.055747e-07	1.377686e-06	7.883452e-07	12921
186799	9.056510e-07	1.377710e-06	7.882152e-07	12921
195055	9.057273e-07	1.377734e-06	7.880853e-07	12921
203311	9.058037e-07	1.377758e-06	7.879553e-07	12921
211567	9.058800e-07	1.377782e-06	7.878252e-07	12921
219823	9.059563e-07	1.377806e-06	7.876952e-07	12921
228079	9.060325e-07	1.377831e-06	7.875652e-07	12921
236335	9.061087e-07	1.377855e-06	7.874352e-07	12921
244591	9.061849e-07	1.377879e-06	7.873051e-07	12921
252847	9.062612e-07	1.377903e-06	7.871751e-07	12921
261103	9.063373e-07	1.377927e-06	7.870449e-07	12921
269359	9.064135e-07	1.377952e-06	7.869149e-07	12921
277615	9.064896e-07	1.377976e-06	7.867848e-07	12921
285871	9.065657e-07	1.378000e-06	7.866547e-07	12921
294127	9.066418e-07	1.378024e-06	7.865245e-07	12921
302383	9.067180e-07	1.378049e-06	7.863944e-07	12921
310639	9.067940e-07	1.378073e-06	7.862643e-07	12921
318895	9.068701e-07	1.378097e-06	7.861341e-07	12921
327151	9.069461e-07	1.378121e-06	7.860040e-07	12921
335407	9.070221e-07	1.378145e-06	7.858738e-07	12921
343663	9.070981e-07	1.378169e-06	7.857436e-07	12921
351919	9.071740e-07	1.378194e-06	7.856134e-07	12921
360175	9.072500e-07	1.378218e-06	7.854832e-07	12921
368431	9.073259e-07	1.378242e-06	7.853530e-07	12921
376687	9.074018e-07	1.378266e-06	7.852228e-07	12921
384943	9.074777e-07	1.378291e-06	7.850925e-07	12921
393199	9.075536e-07	1.378315e-06	7.849623e-07	12921
401455	9.076294e-07	1.378339e-06	7.848320e-07	12921
409711	9.077053e-07	1.378363e-06	7.847017e-07	12921
417967	9.077811e-07	1.378388e-06	7.845715e-07	12921
426223	9.078569e-07	1.378412e-06	7.844412e-07	12921
434479	9.079326e-07	1.378436e-06	7.843108e-07	12921
442735	9.080084e-07	1.378460e-06	7.841805e-07	12921
450991	9.080841e-07	1.378485e-06	7.840502e-07	12921
459247	9.081598e-07	1.378509e-06	7.839199e-07	12921
467503	9.082356e-07	1.378533e-06	7.837895e-07	12921
475759	9.083112e-07	1.378557e-06	7.836592e-07	12921
484015	9.083869e-07	1.378582e-06	7.835288e-07	12921
492271	9.084625e-07	1.378606e-06	7.833984e-07	12921
500527	9.085381e-07	1.378630e-06	7.832680e-07	12921
508783	9.086137e-07	1.378654e-06	7.831376e-07	12921
517039	9.086893e-07	1.378679e-06	7.830072e-07	12921
525295	9.087649e-07	1.378703e-06	7.828768e-07	12921
533551	9.088404e-07	1.378727e-06	7.827463e-07	12921
541807	9.089159e-07	1.378751e-06	7.826159e-07	12921
550063	9.089915e-07	1.378776e-06	7.824855e-07	12921
558319	9.090670e-07	1.378800e-06	7.823550e-07	12921
566575	9.091424e-07	1.378824e-06	7.822245e-07	12921
574831	9.092178e-07	1.378848e-06	7.820940e-07	12921
583087	9.092932e-07	1.378873e-06	7.819635e-07	12921
591343	9.093687e-07	1.378897e-06	7.818330e-07	12921
599599	9.094441e-07	1.378921e-06	7.817025e-07	12921
607855	9.095194e-07	1.378946e-06	7.815719e-07	12921
616111	9.095948e-07	1.378970e-06	7.814414e-07	12921
624367	9.096701e-07	1.378994e-06	7.813109e-07	12921
632623	9.097454e-07	1.379018e-06	7.811803e-07	12921
640879	9.098207e-07	1.379043e-06	7.810497e-07	12921
649135	9.098960e-07	1.379067e-06	7.809192e-07	12921
657391	9.099712e-07	1.379091e-06	7.807885e-07	12921
665647	9.100465e-07	1.379116e-06	7.806579e-07	12921
673903	9.101217e-07	1.379140e-06	7.805273e-07	12921
682159	9.101969e-07	1.379164e-06	7.803966e-07	12921
690415	9.102720e-07	1.379188e-06	7.802660e-07	12921
698671	9.103472e-07	1.379213e-06	7.801354e-07	12921
706927	9.104223e-07	1.379237e-06	7.800047e-07	12921
715183	9.104975e-07	1.379261e-06	7.798740e-07	12921
723439	9.105726e-07	1.379286e-06	7.797433e-07	12921
731695	9.106476e-07	1.379310e-06	7.796127e-07	12921
739951	9.107227e-07	1.379334e-06	7.794820e-07	12921
748207	9.107977e-07	1.379359e-06	7.793512e-07	12921
756463	9.108728e-07	1.379383e-06	7.792205e-07	12921
764719	9.109477e-07	1.379407e-06	7.790898e-07	12921
772975	9.110227e-07	1.379432e-06	7.789590e-07	12921
781231	9.110977e-07	1.379456e-06	7.788283e-07	12921
789487	9.111726e-07	1.379480e-06	7.786975e-07	12921
797743	9.112475e-07	1.379505e-06	7.785667e-07	12921
805999	9.113224e-07	1.379529e-06	7.784359e-07	12921
814255	9.113973e-07	1.379553e-06	7.783052e-07	12921
822511	9.114722e-07	1.379578e-06	7.781743e-07	12921
830767	9.115470e-07	1.379602e-06	7.780435e-07	12921
839023	9.116218e-07	1.379626e-06	7.779126e-07	12921
847279	9.116966e-07	1.379651e-06	7.777818e-07	12921
855535	9.117715e-07	1.379675e-06	7.776509e-07	12921
863791	9.118462e-07	1.379699e-06	7.775201e-07	12921
872047	9.119209e-07	1.379724e-06	7.773892e-07	12921
880303	9.119957e-07	1.379748e-06	7.772583e-07	12921
888559	9.120704e-07	1.379772e-06	7.771274e-07	12921
896815	9.121451e-07	1.379797e-06	7.769965e-07	12921
905071	9.122198e-07	1.379821e-06	7.768656e-07	12921
913327	9.122944e-07	1.379845e-06	7.767347e-07	12921
921583	9.123690e-07	1.379870e-06	7.766037e-07	12921
929839	9.124437e-07	1.379894e-06	7.764728e-07	12921
938095	9.125183e-07	1.379918e-06	7.763418e-07	12921
946351	9.125928e-07	1.379943e-06	7.762109e-07	12921
954607	9.126674e-07	1.379967e-06	7.760798e-07	12921
962863	9.127419e-07	1.379992e-06	7.759489e-07	12921
971119	9.128164e-07	1.380016e-06	7.758179e-07	12921
979375	9.128909e-07	1.380040e-06	7.756868e-07	12921
987631	9.129654e-07	1.380065e-06	7.755558e-07	12921
995887	9.130399e-07	1.380089e-06	7.754248e-07	12921
1004143	9.131143e-07	1.380113e-06	7.752938e-07	12921
1012399	9.131887e-07	1.380138e-06	7.751627e-07	12921
1020655	9.132631e-07	1.380162e-06	7.750316e-07	12921
1028911	9.133375e-07	1.380187e-06	7.749005e-07	12921
1037167	9.134118e-07	1.380211e-06	7.747694e-07	12921
1045423	9.134862e-07	1.380235e-06	7.746384e-07	12921
1053679	9.135605e-07	1.380260e-06	7.745072e-07	12921
1061935	9.136348e-07	1.380284e-06	7.743761e-07	12921
1070191	9.137091e-07	1.380309e-06	7.742450e-07	12921
1078447	9.137834e-07	1.380333e-06	7.741138e-07	12921
1086703	9.138576e-07	1.380357e-06	7.739827e-07	12921
1094959	9.139318e-07	1.380382e-06	7.738515e-07	12921
1103215	9.140060e-07	1.380406e-06	7.737203e-07	12921
1111471	9.140802e-07	1.380430e-06	7.735891e-07	12921
1119727	9.141544e-07	1.380455e-06	7.734579e-07	12921
1127983	9.142285e-07	1.380479e-06	7.733267e-07	12921
1136239	9.143026e-07	1.380504e-06	7.731955e-07	12921
1144495	9.143768e-07	1.380528e-06	7.730643e-07	12921
1152751	9.144508e-07	1.380553e-06	7.729330e-07	12921
5625	1.056073e-06	1.412003e-06	7.520766e-07	14462
13881	1.056143e-06	1.412031e-06	7.519251e-07	14462
22137	1.056214e-06	1.412059e-06	7.517735e-07	14462
30393	1.056284e-06	1.412087e-06	7.516219e-07	14462
38649	1.056354e-06	1.412115e-06	7.514703e-07	14462
46905	1.056424e-06	1.412144e-06	7.513187e-07	14462
55161	1.056494e-06	1.412172e-06	7.511671e-07	14462
63417	1.056564e-06	1.412200e-06	7.510155e-07	14462
71673	1.056634e-06	1.412228e-06	7.508639e-07	14462
79929	1.056704e-06	1.412256e-06	7.507122e-07	14462
88185	1.056774e-06	1.412285e-06	7.505606e-07	14462
96441	1.056844e-06	1.412313e-06	7.504090e-07	14462
104697	1.056914e-06	1.412341e-06	7.502572e-07	14462
112953	1.056984e-06	1.412369e-06	7.501056e-07	14462
121209	1.057054e-06	1.412397e-06	7.499539e-07	14462
129465	1.057124e-06	1.412426e-06	7.498022e-07	14462
137721	1.057194e-06	1.412454e-06	7.496505e-07	14462
145977	1.057264e-06	1.412482e-06	7.494988e-07	14462
154233	1.057334e-06	1.412510e-06	7.493470e-07	14462
162489	1.057404e-06	1.412538e-06	7.491953e-07	14462
170745	1.057474e-06	1.412567e-06	7.490435e-07	14462
179001	1.057543e-06	1.412595e-06	7.488918e-07	14462
187257	1.057613e-06	1.412623e-06	7.487400e-07	14462
195513	1.057683e-06	1.412651e-06	7.485882e-07	14462
203769	1.057753e-06	1.412680e-06	7.484364e-07	14462
212025	1.057822e-06	1.412708e-06	7.482846e-07	14462
220281	1.057892e-06	1.412736e-06	7.481328e-07	14462
228537	1.057962e-06	1.412764e-06	7.479810e-07	14462
236793	1.058031e-06	1.412792e-06	7.478292e-07	14462
245049	1.058101e-06	1.412821e-06	7.476773e-07	14462
253305	1.058170e-06	1.412849e-06	7.475255e-07	14462
261561	1.058240e-06	1.412877e-06	7.473736e-07	14462
269817	1.058310e-06	1.412905e-06	7.472217e-07	14462
278073	1.058379e-06	1.412934e-06	7.470699e-07	14462
286329	1.058449e-06	1.412962e-06	7.469180e-07	14462
294585	1.058518e-06	1.412990e-06	7.467661e-07	14462
302841	1.058587e-06	1.413018e-06	7.466141e-07	14462
311097	1.058657e-06	1.413047e-06	7.464623e-07	14462
319353	1.058726e-06	1.413075e-06	7.463103e-07	14462
327609	1.058796e-06	1.413103e-06	7.461584e-07	14462
335865	1.058865e-06	1.413131e-06	7.460064e-07	14462
344121	1.058934e-06	1.413160e-06	7.458544e-07	14462
352377	1.059004e-06	1.413188e-06	7.457025e-07	14462
360633	1.059073e-06	1.413216e-06	7.455505e-07	14462
368889	1.059142e-06	1.413244e-06	7.453985e-07	14462
377145	1.059212e-06	1.413273e-06	7.452465e-07	14462
385401	1.059281e-06	1.413301e-06	7.450945e-07	14462
393657	1.059350e-06	1.413329e-06	7.449425e-07	14462
401913	1.059419e-06	1.413357e-06	7.447904e-07	14462
410169	1.059488e-06	1.413386e-06	7.446384e-07	14462
418425	1.059557e-06	1.413414e-06	7.444864e-07	14462
426681	1.059626e-06	1.413442e-06	7.443343e-07	14462
434937	1.059696e-06	1.413471e-06	7.441822e-07	14462
443193	1.059765e-06	1.413499e-06	7.440302e-07	14462
451449	1.059834e-06	1.413527e-06	7.438780e-07	14462
459705	1.059903e-06	1.413555e-06	7.437260e-07	14462
467961	1.059972e-06	1.413584e-06	7.435739e-07	14462
476217	1.060041e-06	1.413612e-06	7.434217e-07	14462
484473	1.060110e-06	1.413640e-06	7.432696e-07	14462
492729	1.060179e-06	1.413669e-06	7.431175e-07	14462
500985	1.060248e-06	1.413697e-06	7.429653e-07	14462
509241	1.060316e-06	1.413725e-06	7.428131e-07	14462
517497	1.060385e-06	1.413753e-06	7.426610e-07	14462
525753	1.060454e-06	1.413782e-06	7.425088e-07	14462
534009	1.060523e-06	1.413810e-06	7.423566e-07	14462
542265	1.060592e-06	1.413838e-06	7.422044e-07	14462
550521	1.060660e-06	1.413867e-06	7.420522e-07	14462
558777	1.060729e-06	1.413895e-06	7.419000e-07	14462
567033	1.060798e-06	1.413923e-06	7.417478e-07	14462
575289	1.060867e-06	1.413952e-06	7.415956e-07	14462
583545	1.060935e-06	1.413980e-06	7.414433e-07	14462
591801	1.061004e-06	1.414008e-06	7.412910e-07	14462
600057	1.061073e-06	1.414037e-06	7.411388e-07	14462
608313	1.061141e-06	1.414065e-06	7.409865e-07	14462
616569	1.061210e-06	1.414093e-06	7.408342e-07	14462
624825	1.061278e-06	1.414121e-06	7.406819e-07	14462
633081	1.061347e-06	1.414150e-06	7.405296e-07	14462
641337	1.061415e-06	1.414178e-06	7.403773e-07	14462
649593	1.061484e-06	1.414207e-06	7.402249e-07	14462
657849	1.061552e-06	1.414235e-06	7.400726e-07	14462
666105	1.061621e-06	1.414263e-06	7.399203e-07	14462
674361	1.061689e-06	1.414291e-06	7.397679e-07	14462
682617	1.061758e-06	1.414320e-06	7.396155e-07	14462
690873	1.061826e-06	1.414348e-06	7.394632e-07	14462
699129	1.061895e-06	1.414376e-06	7.393108e-07	14462
707385	1.061963e-06	1.414405e-06	7.391584e-07	14462
715641	1.062031e-06	1.414433e-06	7.390060e-07	14462
723897	1.062099e-06	1.414462e-06	7.388536e-07	14462
732153	1.062168e-06	1.414490e-06	7.387011e-07	14462
740409	1.062236e-06	1.414518e-06	7.385487e-07	14462
748665	1.062304e-06	1.414547e-06	7.383963e-07	14462
756921	1.062372e-06	1.414575e-06	7.382438e-07	14462
765177	1.062441e-06	1.414603e-06	7.380913e-07	14462
773433	1.062509e-06	1.414632e-06	7.379389e-07	14462
781689	1.062577e-06	1.414660e-06	7.377864e-07	14462
789945	1.062645e-06	1.414688e-06	7.376339e-07	14462
798201	1.062713e-06	1.414717e-06	7.374814e-07	14462
806457	1.062781e-06	1.414745e-06	7.373289e-07	14462
814713	1.062849e-06	1.414773e-06	7.371764e-07	14462
822969	1.062917e-06	1.414802e-06	7.370238e-07	14462
831225	1.062985e-06	1.414830e-06	7.368713e-07	14462
839481	1.063053e-06	1.414858e-06	7.367187e-07	14462
847737	1.063121e-06	1.414887e-06	7.365662e-07	14462
855993	1.063189e-06	1.414915e-06	7.364136e-07	14462
864249	1.063257e-06	1.414944e-06	7.362610e-07	14462
872505	1.063325e-06	1.414972e-06	7.361085e-07	14462
880761	1.063393e-06	1.415000e-06	7.359558e-07	14462
889017	1.063461e-06	1.415029e-06	7.358032e-07	14462
897273	1.063529e-06	1.415057e-06	7.356506e-07	14462
905529	1.063596e-06	1.415085e-06	7.354980e-07	14462
913785	1.063664e-06	1.415114e-06	7.353453e-07	14462
922041	1.063732e-06	1.415142e-06	7.351927e-07	14462
930297	1.063800e-06	1.415171e-06	7.350400e-07	14462
938553	1.063867e-06	1.415199e-06	7.348874e-07	14462
946809	1.063935e-06	1.415227e-06	7.347347e-07	14462
955065	1.064003e-06	1.415256e-06	7.345820e-07	14462
963321	1.064070e-06	1.415284e-06	7.344293e-07	14462
971577	1.064138e-06	1.415313e-06	7.342766e-07	14462
979833	1.064206e-06	1.415341e-06	7.341239e-07	14462
988089	1.064273e-06	1.415369e-06	7.339711e-07	14462
996345	1.064341e-06	1.415398e-06	7.338184e-07	14462
1004601	1.064408e-06	1.415426e-06	7.336657e-07	14462
1012857	1.064476e-06	1.415455e-06	7.335129e-07	14462
1021113	1.064543e-06	1.415483e-06	7.333601e-07	14462
1029369	1.064611e-06	1.415511e-06	7.332074e-07	14462
1037625	1.064678e-06	1.415540e-06	7.330546e-07	14462
1045881	1.064745e-06	1.415568e-06	7.329018e-07	14462
1054137	1.064813e-06	1.415597e-06	7.327490e-07	14462
1062393	1.064880e-06	1.415625e-06	7.325962e-07	14462
1070649	1.064948e-06	1.415653e-06	7.324434e-07	14462
1078905	1.065015e-06	1.415682e-06	7.322905e-07	14462
1087161	1.065082e-06	1.415710e-06	7.321377e-07	14462
1095417	1.065149e-06	1.415739e-06	7.319848e-07	14462
1103673	1.065217e-06	1.415767e-06	7.318320e-07	14462
1111929	1.065284e-06	1.415796e-06	7.316791e-07	14462
1120185	1.065351e-06	1.415824e-06	7.315262e-07	14462
1128441	1.065418e-06	1.415852e-06	7.313733e-07	14462
1136697	1.065486e-06	1.415881e-06	7.312204e-07	14462
1144953	1.065553e-06	1.415909e-06	7.310675e-07	14462
1153209	1.065620e-06	1.415938e-06	7.309146e-07	14462
5627	8.609450e-07	1.433747e-06	8.367866e-07	14464
13883	8.610268e-07	1.433770e-06	8.366630e-07	14464
22139	8.611086e-07	1.433793e-06	8.365394e-07	14464
30395	8.611904e-07	1.433816e-06	8.364158e-07	14464
38651	8.612722e-07	1.433839e-06	8.362922e-07	14464
46907	8.613539e-07	1.433862e-06	8.361686e-07	14464
55163	8.614356e-07	1.433885e-06	8.360449e-07	14464
63419	8.615173e-07	1.433908e-06	8.359213e-07	14464
71675	8.615989e-07	1.433931e-06	8.357976e-07	14464
79931	8.616806e-07	1.433954e-06	8.356739e-07	14464
88187	8.617623e-07	1.433977e-06	8.355502e-07	14464
96443	8.618439e-07	1.434000e-06	8.354265e-07	14464
104699	8.619255e-07	1.434023e-06	8.353028e-07	14464
112955	8.620071e-07	1.434046e-06	8.351791e-07	14464
121211	8.620887e-07	1.434069e-06	8.350554e-07	14464
129467	8.621702e-07	1.434092e-06	8.349317e-07	14464
137723	8.622517e-07	1.434115e-06	8.348078e-07	14464
145979	8.623333e-07	1.434138e-06	8.346841e-07	14464
154235	8.624148e-07	1.434161e-06	8.345603e-07	14464
162491	8.624962e-07	1.434184e-06	8.344365e-07	14464
170747	8.625777e-07	1.434207e-06	8.343127e-07	14464
179003	8.626591e-07	1.434230e-06	8.341889e-07	14464
187259	8.627405e-07	1.434253e-06	8.340651e-07	14464
195515	8.628219e-07	1.434277e-06	8.339412e-07	14464
203771	8.629033e-07	1.434300e-06	8.338174e-07	14464
212027	8.629847e-07	1.434323e-06	8.336935e-07	14464
220283	8.630661e-07	1.434346e-06	8.335696e-07	14464
228539	8.631474e-07	1.434369e-06	8.334458e-07	14464
236795	8.632287e-07	1.434392e-06	8.333218e-07	14464
245051	8.633100e-07	1.434415e-06	8.331979e-07	14464
253307	8.633913e-07	1.434438e-06	8.330740e-07	14464
261563	8.634725e-07	1.434461e-06	8.329501e-07	14464
269819	8.635537e-07	1.434484e-06	8.328261e-07	14464
278075	8.636350e-07	1.434507e-06	8.327022e-07	14464
286331	8.637162e-07	1.434530e-06	8.325782e-07	14464
294587	8.637974e-07	1.434553e-06	8.324542e-07	14464
302843	8.638785e-07	1.434576e-06	8.323302e-07	14464
311099	8.639597e-07	1.434599e-06	8.322062e-07	14464
319355	8.640408e-07	1.434622e-06	8.320822e-07	14464
327611	8.641219e-07	1.434645e-06	8.319582e-07	14464
335867	8.642030e-07	1.434669e-06	8.318341e-07	14464
344123	8.642841e-07	1.434692e-06	8.317101e-07	14464
352379	8.643651e-07	1.434715e-06	8.315860e-07	14464
360635	8.644462e-07	1.434738e-06	8.314620e-07	14464
368891	8.645272e-07	1.434761e-06	8.313379e-07	14464
377147	8.646082e-07	1.434784e-06	8.312138e-07	14464
385403	8.646892e-07	1.434807e-06	8.310897e-07	14464
393659	8.647701e-07	1.434830e-06	8.309656e-07	14464
401915	8.648511e-07	1.434853e-06	8.308414e-07	14464
410171	8.649320e-07	1.434876e-06	8.307173e-07	14464
418427	8.650129e-07	1.434900e-06	8.305931e-07	14464
426683	8.650938e-07	1.434923e-06	8.304689e-07	14464
434939	8.651747e-07	1.434946e-06	8.303448e-07	14464
443195	8.652555e-07	1.434969e-06	8.302206e-07	14464
451451	8.653363e-07	1.434992e-06	8.300964e-07	14464
459707	8.654172e-07	1.435015e-06	8.299722e-07	14464
467963	8.654980e-07	1.435038e-06	8.298480e-07	14464
476219	8.655787e-07	1.435061e-06	8.297237e-07	14464
484475	8.656595e-07	1.435084e-06	8.295995e-07	14464
492731	8.657402e-07	1.435107e-06	8.294752e-07	14464
500987	8.658209e-07	1.435131e-06	8.293509e-07	14464
509243	8.659017e-07	1.435154e-06	8.292267e-07	14464
517499	8.659824e-07	1.435177e-06	8.291024e-07	14464
525755	8.660630e-07	1.435200e-06	8.289780e-07	14464
534011	8.661437e-07	1.435223e-06	8.288537e-07	14464
542267	8.662243e-07	1.435246e-06	8.287294e-07	14464
550523	8.663049e-07	1.435269e-06	8.286051e-07	14464
558779	8.663855e-07	1.435293e-06	8.284807e-07	14464
567035	8.664661e-07	1.435316e-06	8.283563e-07	14464
575291	8.665467e-07	1.435339e-06	8.282320e-07	14464
583547	8.666271e-07	1.435362e-06	8.281076e-07	14464
591803	8.667077e-07	1.435385e-06	8.279832e-07	14464
600059	8.667882e-07	1.435408e-06	8.278588e-07	14464
608315	8.668687e-07	1.435431e-06	8.277344e-07	14464
616571	8.669492e-07	1.435455e-06	8.276099e-07	14464
624827	8.670296e-07	1.435478e-06	8.274855e-07	14464
633083	8.671100e-07	1.435501e-06	8.273610e-07	14464
641339	8.671904e-07	1.435524e-06	8.272366e-07	14464
649595	8.672708e-07	1.435547e-06	8.271121e-07	14464
657851	8.673512e-07	1.435570e-06	8.269876e-07	14464
666107	8.674315e-07	1.435594e-06	8.268631e-07	14464
674363	8.675119e-07	1.435617e-06	8.267386e-07	14464
682619	8.675922e-07	1.435640e-06	8.266140e-07	14464
690875	8.676725e-07	1.435663e-06	8.264895e-07	14464
699131	8.677528e-07	1.435686e-06	8.263650e-07	14464
707387	8.678330e-07	1.435709e-06	8.262404e-07	14464
715643	8.679133e-07	1.435733e-06	8.261159e-07	14464
723899	8.679935e-07	1.435756e-06	8.259913e-07	14464
732155	8.680737e-07	1.435779e-06	8.258667e-07	14464
740411	8.681539e-07	1.435802e-06	8.257421e-07	14464
748667	8.682341e-07	1.435825e-06	8.256175e-07	14464
756923	8.683142e-07	1.435849e-06	8.254928e-07	14464
765179	8.683944e-07	1.435872e-06	8.253682e-07	14464
773435	8.684744e-07	1.435895e-06	8.252435e-07	14464
781691	8.685545e-07	1.435918e-06	8.251189e-07	14464
789947	8.686346e-07	1.435941e-06	8.249942e-07	14464
798203	8.687147e-07	1.435964e-06	8.248695e-07	14464
806459	8.687947e-07	1.435988e-06	8.247448e-07	14464
814715	8.688747e-07	1.436011e-06	8.246201e-07	14464
822971	8.689548e-07	1.436034e-06	8.244954e-07	14464
831227	8.690347e-07	1.436057e-06	8.243707e-07	14464
839483	8.691147e-07	1.436081e-06	8.242459e-07	14464
847739	8.691947e-07	1.436104e-06	8.241211e-07	14464
855995	8.692746e-07	1.436127e-06	8.239964e-07	14464
864251	8.693545e-07	1.436150e-06	8.238716e-07	14464
872507	8.694344e-07	1.436173e-06	8.237468e-07	14464
880763	8.695142e-07	1.436197e-06	8.236220e-07	14464
889019	8.695941e-07	1.436220e-06	8.234972e-07	14464
897275	8.696740e-07	1.436243e-06	8.233724e-07	14464
905531	8.697538e-07	1.436266e-06	8.232475e-07	14464
913787	8.698336e-07	1.436289e-06	8.231227e-07	14464
922043	8.699133e-07	1.436313e-06	8.229978e-07	14464
930299	8.699931e-07	1.436336e-06	8.228729e-07	14464
938555	8.700728e-07	1.436359e-06	8.227481e-07	14464
946811	8.701526e-07	1.436382e-06	8.226232e-07	14464
955067	8.702323e-07	1.436406e-06	8.224983e-07	14464
963323	8.703120e-07	1.436429e-06	8.223734e-07	14464
971579	8.703916e-07	1.436452e-06	8.222485e-07	14464
979835	8.704713e-07	1.436475e-06	8.221235e-07	14464
988091	8.705509e-07	1.436499e-06	8.219986e-07	14464
996347	8.706305e-07	1.436522e-06	8.218736e-07	14464
1004603	8.707101e-07	1.436545e-06	8.217486e-07	14464
1012859	8.707897e-07	1.436568e-06	8.216236e-07	14464
1021115	8.708693e-07	1.436592e-06	8.214986e-07	14464
1029371	8.709488e-07	1.436615e-06	8.213736e-07	14464
1037627	8.710283e-07	1.436638e-06	8.212486e-07	14464
1045883	8.711078e-07	1.436661e-06	8.211236e-07	14464
1054139	8.711873e-07	1.436685e-06	8.209985e-07	14464
1062395	8.712668e-07	1.436708e-06	8.208735e-07	14464
1070651	8.713462e-07	1.436731e-06	8.207484e-07	14464
1078907	8.714256e-07	1.436754e-06	8.206234e-07	14464
1087163	8.715051e-07	1.436778e-06	8.204983e-07	14464
1095419	8.715845e-07	1.436801e-06	8.203732e-07	14464
1103675	8.716638e-07	1.436824e-06	8.202481e-07	14464
1111931	8.717432e-07	1.436848e-06	8.201230e-07	14464
1120187	8.718225e-07	1.436871e-06	8.199978e-07	14464
1128443	8.719018e-07	1.436894e-06	8.198727e-07	14464
1136699	8.719811e-07	1.436918e-06	8.197475e-07	14464
1144955	8.720604e-07	1.436941e-06	8.196224e-07	14464
1153211	8.721397e-07	1.436964e-06	8.194972e-07	14464
6874	5.133045e-07	1.449580e-06	9.667951e-07	19581
15130	5.134046e-07	1.449594e-06	9.667214e-07	19581
23386	5.135046e-07	1.449607e-06	9.666476e-07	19581
31642	5.136046e-07	1.449621e-06	9.665738e-07	19581
39898	5.137046e-07	1.449635e-06	9.665000e-07	19581
48154	5.138046e-07	1.449649e-06	9.664262e-07	19581
56410	5.139046e-07	1.449662e-06	9.663524e-07	19581
64666	5.140046e-07	1.449676e-06	9.662787e-07	19581
72922	5.141045e-07	1.449690e-06	9.662048e-07	19581
81178	5.142044e-07	1.449704e-06	9.661310e-07	19581
89434	5.143044e-07	1.449718e-06	9.660571e-07	19581
97690	5.144043e-07	1.449731e-06	9.659832e-07	19581
105946	5.145042e-07	1.449745e-06	9.659093e-07	19581
114202	5.146041e-07	1.449759e-06	9.658354e-07	19581
122458	5.147040e-07	1.449773e-06	9.657615e-07	19581
130714	5.148039e-07	1.449787e-06	9.656875e-07	19581
138970	5.149038e-07	1.449800e-06	9.656136e-07	19581
147226	5.150036e-07	1.449814e-06	9.655396e-07	19581
155482	5.151035e-07	1.449828e-06	9.654656e-07	19581
163738	5.152033e-07	1.449842e-06	9.653917e-07	19581
171994	5.153031e-07	1.449856e-06	9.653177e-07	19581
180250	5.154029e-07	1.449869e-06	9.652435e-07	19581
188506	5.155027e-07	1.449883e-06	9.651695e-07	19581
196762	5.156025e-07	1.449897e-06	9.650955e-07	19581
205018	5.157023e-07	1.449911e-06	9.650214e-07	19581
213274	5.158021e-07	1.449925e-06	9.649474e-07	19581
221530	5.159018e-07	1.449938e-06	9.648733e-07	19581
229786	5.160016e-07	1.449952e-06	9.647991e-07	19581
238042	5.161013e-07	1.449966e-06	9.647250e-07	19581
246298	5.162010e-07	1.449980e-06	9.646509e-07	19581
254554	5.163008e-07	1.449994e-06	9.645768e-07	19581
262810	5.164005e-07	1.450008e-06	9.645025e-07	19581
271066	5.165001e-07	1.450021e-06	9.644284e-07	19581
279322	5.165998e-07	1.450035e-06	9.643542e-07	19581
287578	5.166995e-07	1.450049e-06	9.642799e-07	19581
295834	5.167992e-07	1.450063e-06	9.642058e-07	19581
304090	5.168988e-07	1.450077e-06	9.641316e-07	19581
312346	5.169984e-07	1.450091e-06	9.640572e-07	19581
320602	5.170980e-07	1.450104e-06	9.639830e-07	19581
328858	5.171977e-07	1.450118e-06	9.639087e-07	19581
337114	5.172973e-07	1.450132e-06	9.638344e-07	19581
345370	5.173969e-07	1.450146e-06	9.637602e-07	19581
353626	5.174965e-07	1.450160e-06	9.636858e-07	19581
361882	5.175960e-07	1.450174e-06	9.636115e-07	19581
370138	5.176956e-07	1.450188e-06	9.635371e-07	19581
378394	5.177951e-07	1.450201e-06	9.634628e-07	19581
386650	5.178946e-07	1.450215e-06	9.633884e-07	19581
394906	5.179942e-07	1.450229e-06	9.633139e-07	19581
403162	5.180937e-07	1.450243e-06	9.632396e-07	19581
411418	5.181932e-07	1.450257e-06	9.631651e-07	19581
419674	5.182927e-07	1.450271e-06	9.630907e-07	19581
427930	5.183922e-07	1.450285e-06	9.630162e-07	19581
436186	5.184917e-07	1.450299e-06	9.629417e-07	19581
444442	5.185911e-07	1.450312e-06	9.628673e-07	19581
452698	5.186906e-07	1.450326e-06	9.627928e-07	19581
460954	5.187900e-07	1.450340e-06	9.627183e-07	19581
469210	5.188894e-07	1.450354e-06	9.626438e-07	19581
477466	5.189888e-07	1.450368e-06	9.625692e-07	19581
485722	5.190882e-07	1.450382e-06	9.624947e-07	19581
493978	5.191876e-07	1.450396e-06	9.624201e-07	19581
502234	5.192870e-07	1.450410e-06	9.623456e-07	19581
510490	5.193864e-07	1.450424e-06	9.622710e-07	19581
518746	5.194858e-07	1.450438e-06	9.621963e-07	19581
527002	5.195851e-07	1.450451e-06	9.621217e-07	19581
535258	5.196844e-07	1.450465e-06	9.620470e-07	19581
543514	5.197838e-07	1.450479e-06	9.619724e-07	19581
551770	5.198831e-07	1.450493e-06	9.618977e-07	19581
560026	5.199824e-07	1.450507e-06	9.618230e-07	19581
568282	5.200817e-07	1.450521e-06	9.617484e-07	19581
576538	5.201809e-07	1.450535e-06	9.616737e-07	19581
584794	5.202803e-07	1.450549e-06	9.615990e-07	19581
593050	5.203795e-07	1.450563e-06	9.615242e-07	19581
601306	5.204787e-07	1.450577e-06	9.614495e-07	19581
609562	5.205780e-07	1.450591e-06	9.613747e-07	19581
617818	5.206772e-07	1.450605e-06	9.612999e-07	19581
626074	5.207764e-07	1.450619e-06	9.612251e-07	19581
634330	5.208756e-07	1.450633e-06	9.611502e-07	19581
642586	5.209748e-07	1.450647e-06	9.610754e-07	19581
650842	5.210740e-07	1.450661e-06	9.610006e-07	19581
659098	5.211732e-07	1.450675e-06	9.609257e-07	19581
667354	5.212723e-07	1.450689e-06	9.608509e-07	19581
675610	5.213715e-07	1.450702e-06	9.607760e-07	19581
683866	5.214706e-07	1.450716e-06	9.607012e-07	19581
692122	5.215697e-07	1.450730e-06	9.606263e-07	19581
700378	5.216689e-07	1.450744e-06	9.605513e-07	19581
708634	5.217680e-07	1.450758e-06	9.604763e-07	19581
716890	5.218671e-07	1.450772e-06	9.604014e-07	19581
725146	5.219662e-07	1.450786e-06	9.603265e-07	19581
733402	5.220652e-07	1.450800e-06	9.602514e-07	19581
741658	5.221643e-07	1.450814e-06	9.601765e-07	19581
749914	5.222633e-07	1.450828e-06	9.601015e-07	19581
758170	5.223624e-07	1.450842e-06	9.600265e-07	19581
766426	5.224614e-07	1.450856e-06	9.599514e-07	19581
774682	5.225604e-07	1.450870e-06	9.598764e-07	19581
782938	5.226594e-07	1.450884e-06	9.598012e-07	19581
791194	5.227584e-07	1.450898e-06	9.597262e-07	19581
799450	5.228574e-07	1.450912e-06	9.596512e-07	19581
807706	5.229564e-07	1.450926e-06	9.595760e-07	19581
815962	5.230553e-07	1.450940e-06	9.595009e-07	19581
824218	5.231543e-07	1.450954e-06	9.594257e-07	19581
832474	5.232532e-07	1.450968e-06	9.593506e-07	19581
840730	5.233521e-07	1.450982e-06	9.592754e-07	19581
848986	5.234511e-07	1.450996e-06	9.592003e-07	19581
857242	5.235499e-07	1.451010e-06	9.591250e-07	19581
865498	5.236489e-07	1.451024e-06	9.590499e-07	19581
873754	5.237478e-07	1.451038e-06	9.589746e-07	19581
882010	5.238466e-07	1.451052e-06	9.588994e-07	19581
890266	5.239455e-07	1.451066e-06	9.588242e-07	19581
898522	5.240443e-07	1.451080e-06	9.587490e-07	19581
906778	5.241432e-07	1.451094e-06	9.586736e-07	19581
915034	5.242420e-07	1.451109e-06	9.585983e-07	19581
923290	5.243408e-07	1.451123e-06	9.585231e-07	19581
931546	5.244396e-07	1.451137e-06	9.584477e-07	19581
939802	5.245384e-07	1.451151e-06	9.583724e-07	19581
948058	5.246372e-07	1.451165e-06	9.582971e-07	19581
956314	5.247360e-07	1.451179e-06	9.582217e-07	19581
964570	5.248347e-07	1.451193e-06	9.581463e-07	19581
972826	5.249335e-07	1.451207e-06	9.580709e-07	19581
981082	5.250322e-07	1.451221e-06	9.579954e-07	19581
989338	5.251309e-07	1.451235e-06	9.579201e-07	19581
997594	5.252297e-07	1.451249e-06	9.578447e-07	19581
1005850	5.253283e-07	1.451263e-06	9.577692e-07	19581
1014106	5.254270e-07	1.451277e-06	9.576937e-07	19581
1022362	5.255257e-07	1.451291e-06	9.576182e-07	19581
1030618	5.256244e-07	1.451305e-06	9.575427e-07	19581
1038874	5.257231e-07	1.451319e-06	9.574673e-07	19581
1047130	5.258217e-07	1.451334e-06	9.573918e-07	19581
1055386	5.259203e-07	1.451348e-06	9.573162e-07	19581
1063642	5.260189e-07	1.451362e-06	9.572407e-07	19581
1071898	5.261176e-07	1.451376e-06	9.571651e-07	19581
1080154	5.262162e-07	1.451390e-06	9.570896e-07	19581
1088410	5.263148e-07	1.451404e-06	9.570140e-07	19581
1096666	5.264134e-07	1.451418e-06	9.569384e-07	19581
1104922	5.265119e-07	1.451432e-06	9.568628e-07	19581
1113178	5.266104e-07	1.451446e-06	9.567871e-07	19581
1121434	5.267090e-07	1.451460e-06	9.567115e-07	19581
1129690	5.268076e-07	1.451475e-06	9.566357e-07	19581
1137946	5.269061e-07	1.451489e-06	9.565601e-07	19581
1146202	5.270046e-07	1.451503e-06	9.564844e-07	19581
1154458	5.271031e-07	1.451517e-06	9.564087e-07	19581
4333	4.114595e-07	1.457920e-06	1.024021e-06	10362
12589	4.115676e-07	1.457931e-06	1.023962e-06	10362
20845	4.116756e-07	1.457942e-06	1.023903e-06	10362
29101	4.117836e-07	1.457953e-06	1.023844e-06	10362
37357	4.118915e-07	1.457964e-06	1.023785e-06	10362
45613	4.119995e-07	1.457975e-06	1.023726e-06	10362
53869	4.121075e-07	1.457986e-06	1.023666e-06	10362
62125	4.122155e-07	1.457997e-06	1.023607e-06	10362
70381	4.123234e-07	1.458008e-06	1.023548e-06	10362
78637	4.124313e-07	1.458019e-06	1.023489e-06	10362
86893	4.125393e-07	1.458031e-06	1.023429e-06	10362
95149	4.126472e-07	1.458042e-06	1.023370e-06	10362
103405	4.127552e-07	1.458053e-06	1.023311e-06	10362
111661	4.128630e-07	1.458064e-06	1.023251e-06	10362
119917	4.129710e-07	1.458075e-06	1.023192e-06	10362
128173	4.130789e-07	1.458086e-06	1.023133e-06	10362
136429	4.131867e-07	1.458097e-06	1.023073e-06	10362
144685	4.132946e-07	1.458108e-06	1.023014e-06	10362
152941	4.134025e-07	1.458119e-06	1.022955e-06	10362
161197	4.135103e-07	1.458130e-06	1.022895e-06	10362
169453	4.136182e-07	1.458141e-06	1.022836e-06	10362
177709	4.137260e-07	1.458153e-06	1.022776e-06	10362
185965	4.138338e-07	1.458164e-06	1.022717e-06	10362
194221	4.139417e-07	1.458175e-06	1.022657e-06	10362
202477	4.140495e-07	1.458186e-06	1.022598e-06	10362
210733	4.141573e-07	1.458197e-06	1.022538e-06	10362
218989	4.142651e-07	1.458208e-06	1.022479e-06	10362
227245	4.143729e-07	1.458219e-06	1.022419e-06	10362
235501	4.144807e-07	1.458230e-06	1.022360e-06	10362
243757	4.145884e-07	1.458242e-06	1.022300e-06	10362
252013	4.146962e-07	1.458253e-06	1.022241e-06	10362
260269	4.148039e-07	1.458264e-06	1.022181e-06	10362
268525	4.149117e-07	1.458275e-06	1.022121e-06	10362
276781	4.150194e-07	1.458286e-06	1.022062e-06	10362
285037	4.151271e-07	1.458297e-06	1.022002e-06	10362
293293	4.152349e-07	1.458308e-06	1.021942e-06	10362
301549	4.153426e-07	1.458320e-06	1.021883e-06	10362
309805	4.154503e-07	1.458331e-06	1.021823e-06	10362
318061	4.155580e-07	1.458342e-06	1.021763e-06	10362
326317	4.156657e-07	1.458353e-06	1.021704e-06	10362
334573	4.157733e-07	1.458364e-06	1.021644e-06	10362
342829	4.158810e-07	1.458375e-06	1.021584e-06	10362
351085	4.159886e-07	1.458386e-06	1.021524e-06	10362
359341	4.160963e-07	1.458397e-06	1.021465e-06	10362
367597	4.162039e-07	1.458409e-06	1.021405e-06	10362
375853	4.163115e-07	1.458420e-06	1.021345e-06	10362
384109	4.164192e-07	1.458431e-06	1.021285e-06	10362
392365	4.165268e-07	1.458442e-06	1.021225e-06	10362
400621	4.166344e-07	1.458453e-06	1.021166e-06	10362
408877	4.167420e-07	1.458465e-06	1.021106e-06	10362
417133	4.168496e-07	1.458476e-06	1.021046e-06	10362
425389	4.169571e-07	1.458487e-06	1.020986e-06	10362
433645	4.170647e-07	1.458498e-06	1.020926e-06	10362
441901	4.171723e-07	1.458509e-06	1.020866e-06	10362
450157	4.172798e-07	1.458521e-06	1.020806e-06	10362
458413	4.173873e-07	1.458532e-06	1.020746e-06	10362
466669	4.174949e-07	1.458543e-06	1.020686e-06	10362
474925	4.176024e-07	1.458554e-06	1.020626e-06	10362
483181	4.177099e-07	1.458565e-06	1.020566e-06	10362
491437	4.178174e-07	1.458577e-06	1.020506e-06	10362
499693	4.179249e-07	1.458588e-06	1.020446e-06	10362
507949	4.180324e-07	1.458599e-06	1.020386e-06	10362
516205	4.181399e-07	1.458610e-06	1.020326e-06	10362
524461	4.182473e-07	1.458621e-06	1.020266e-06	10362
532717	4.183548e-07	1.458633e-06	1.020206e-06	10362
540973	4.184622e-07	1.458644e-06	1.020146e-06	10362
549229	4.185697e-07	1.458655e-06	1.020085e-06	10362
557485	4.186771e-07	1.458666e-06	1.020025e-06	10362
565741	4.187845e-07	1.458678e-06	1.019965e-06	10362
573997	4.188919e-07	1.458689e-06	1.019905e-06	10362
582253	4.189993e-07	1.458700e-06	1.019845e-06	10362
590509	4.191068e-07	1.458711e-06	1.019784e-06	10362
598765	4.192141e-07	1.458723e-06	1.019724e-06	10362
607021	4.193215e-07	1.458734e-06	1.019664e-06	10362
615277	4.194289e-07	1.458745e-06	1.019604e-06	10362
623533	4.195363e-07	1.458756e-06	1.019543e-06	10362
631789	4.196436e-07	1.458768e-06	1.019483e-06	10362
640045	4.197510e-07	1.458779e-06	1.019423e-06	10362
648301	4.198583e-07	1.458790e-06	1.019362e-06	10362
656557	4.199656e-07	1.458801e-06	1.019302e-06	10362
664813	4.200729e-07	1.458813e-06	1.019242e-06	10362
673069	4.201802e-07	1.458824e-06	1.019181e-06	10362
681325	4.202875e-07	1.458835e-06	1.019121e-06	10362
689581	4.203948e-07	1.458847e-06	1.019061e-06	10362
697837	4.205021e-07	1.458858e-06	1.019000e-06	10362
706093	4.206094e-07	1.458869e-06	1.018940e-06	10362
714349	4.207166e-07	1.458880e-06	1.018879e-06	10362
722605	4.208239e-07	1.458892e-06	1.018819e-06	10362
730861	4.209311e-07	1.458903e-06	1.018758e-06	10362
739117	4.210384e-07	1.458914e-06	1.018698e-06	10362
747373	4.211456e-07	1.458926e-06	1.018637e-06	10362
755629	4.212528e-07	1.458937e-06	1.018577e-06	10362
763885	4.213600e-07	1.458948e-06	1.018516e-06	10362
772141	4.214672e-07	1.458959e-06	1.018456e-06	10362
780397	4.215744e-07	1.458971e-06	1.018395e-06	10362
788653	4.216816e-07	1.458982e-06	1.018335e-06	10362
796909	4.217888e-07	1.458993e-06	1.018274e-06	10362
805165	4.218959e-07	1.459005e-06	1.018213e-06	10362
813421	4.220031e-07	1.459016e-06	1.018153e-06	10362
821677	4.221102e-07	1.459027e-06	1.018092e-06	10362
829933	4.222174e-07	1.459039e-06	1.018032e-06	10362
838189	4.223245e-07	1.459050e-06	1.017971e-06	10362
846445	4.224316e-07	1.459061e-06	1.017910e-06	10362
854701	4.225387e-07	1.459073e-06	1.017849e-06	10362
862957	4.226458e-07	1.459084e-06	1.017789e-06	10362
871213	4.227529e-07	1.459095e-06	1.017728e-06	10362
879469	4.228600e-07	1.459107e-06	1.017667e-06	10362
887725	4.229671e-07	1.459118e-06	1.017606e-06	10362
895981	4.230741e-07	1.459129e-06	1.017546e-06	10362
904237	4.231812e-07	1.459141e-06	1.017485e-06	10362
912493	4.232882e-07	1.459152e-06	1.017424e-06	10362
920749	4.233953e-07	1.459164e-06	1.017363e-06	10362
929005	4.235023e-07	1.459175e-06	1.017302e-06	10362
937261	4.236093e-07	1.459186e-06	1.017242e-06	10362
945517	4.237163e-07	1.459198e-06	1.017181e-06	10362
953773	4.238233e-07	1.459209e-06	1.017120e-06	10362
962029	4.239303e-07	1.459220e-06	1.017059e-06	10362
970285	4.240373e-07	1.459232e-06	1.016998e-06	10362
978541	4.241443e-07	1.459243e-06	1.016937e-06	10362
986797	4.242513e-07	1.459254e-06	1.016876e-06	10362
995053	4.243582e-07	1.459266e-06	1.016815e-06	10362
1003309	4.244652e-07	1.459277e-06	1.016754e-06	10362
1011565	4.245721e-07	1.459289e-06	1.016693e-06	10362
1019821	4.246790e-07	1.459300e-06	1.016632e-06	10362
1028077	4.247859e-07	1.459311e-06	1.016571e-06	10362
1036333	4.248928e-07	1.459323e-06	1.016510e-06	10362
1044589	4.249997e-07	1.459334e-06	1.016449e-06	10362
1052845	4.251066e-07	1.459346e-06	1.016388e-06	10362
1061101	4.252135e-07	1.459357e-06	1.016327e-06	10362
1069357	4.253204e-07	1.459368e-06	1.016266e-06	10362
1077613	4.254273e-07	1.459380e-06	1.016204e-06	10362
1085869	4.255341e-07	1.459391e-06	1.016143e-06	10362
1094125	4.256410e-07	1.459403e-06	1.016082e-06	10362
1102381	4.257478e-07	1.459414e-06	1.016021e-06	10362
1110637	4.258546e-07	1.459426e-06	1.015960e-06	10362
1118893	4.259614e-07	1.459437e-06	1.015899e-06	10362
1127149	4.260683e-07	1.459448e-06	1.015837e-06	10362
1135405	4.261751e-07	1.459460e-06	1.015776e-06	10362
1143661	4.262819e-07	1.459471e-06	1.015715e-06	10362
1151917	4.263887e-07	1.459483e-06	1.015654e-06	10362
3689	5.131614e-07	1.462988e-06	9.924684e-07	8570
11945	5.132648e-07	1.463002e-06	9.923947e-07	8570
20201	5.133681e-07	1.463015e-06	9.923209e-07	8570
28457	5.134714e-07	1.463029e-06	9.922472e-07	8570
36713	5.135748e-07	1.463043e-06	9.921735e-07	8570
44969	5.136781e-07	1.463057e-06	9.920997e-07	8570
53225	5.137813e-07	1.463070e-06	9.920259e-07	8570
61481	5.138846e-07	1.463084e-06	9.919521e-07	8570
69737	5.139879e-07	1.463098e-06	9.918782e-07	8570
77993	5.140912e-07	1.463112e-06	9.918044e-07	8570
86249	5.141945e-07	1.463125e-06	9.917305e-07	8570
94505	5.142977e-07	1.463139e-06	9.916566e-07	8570
102761	5.144009e-07	1.463153e-06	9.915829e-07	8570
111017	5.145042e-07	1.463167e-06	9.915090e-07	8570
119273	5.146074e-07	1.463181e-06	9.914349e-07	8570
127529	5.147106e-07	1.463194e-06	9.913610e-07	8570
135785	5.148138e-07	1.463208e-06	9.912872e-07	8570
144041	5.149170e-07	1.463222e-06	9.912131e-07	8570
152297	5.150201e-07	1.463236e-06	9.911392e-07	8570
160553	5.151233e-07	1.463250e-06	9.910652e-07	8570
168809	5.152264e-07	1.463263e-06	9.909912e-07	8570
177065	5.153296e-07	1.463277e-06	9.909172e-07	8570
185321	5.154327e-07	1.463291e-06	9.908432e-07	8570
193577	5.155358e-07	1.463305e-06	9.907691e-07	8570
201833	5.156389e-07	1.463319e-06	9.906951e-07	8570
210089	5.157420e-07	1.463332e-06	9.906209e-07	8570
218345	5.158451e-07	1.463346e-06	9.905469e-07	8570
226601	5.159482e-07	1.463360e-06	9.904728e-07	8570
234857	5.160512e-07	1.463374e-06	9.903987e-07	8570
243113	5.161543e-07	1.463388e-06	9.903246e-07	8570
251369	5.162573e-07	1.463402e-06	9.902504e-07	8570
259625	5.163603e-07	1.463415e-06	9.901762e-07	8570
267881	5.164633e-07	1.463429e-06	9.901021e-07	8570
276137	5.165663e-07	1.463443e-06	9.900278e-07	8570
284393	5.166693e-07	1.463457e-06	9.899537e-07	8570
292649	5.167723e-07	1.463471e-06	9.898795e-07	8570
300905	5.168753e-07	1.463485e-06	9.898052e-07	8570
309161	5.169783e-07	1.463498e-06	9.897310e-07	8570
317417	5.170812e-07	1.463512e-06	9.896567e-07	8570
325673	5.171842e-07	1.463526e-06	9.895824e-07	8570
333929	5.172871e-07	1.463540e-06	9.895081e-07	8570
342185	5.173900e-07	1.463554e-06	9.894338e-07	8570
350441	5.174929e-07	1.463568e-06	9.893595e-07	8570
358697	5.175958e-07	1.463582e-06	9.892851e-07	8570
366953	5.176987e-07	1.463595e-06	9.892108e-07	8570
375209	5.178015e-07	1.463609e-06	9.891364e-07	8570
383465	5.179044e-07	1.463623e-06	9.890621e-07	8570
391721	5.180073e-07	1.463637e-06	9.889876e-07	8570
399977	5.181101e-07	1.463651e-06	9.889133e-07	8570
408233	5.182129e-07	1.463665e-06	9.888388e-07	8570
416489	5.183157e-07	1.463679e-06	9.887643e-07	8570
424745	5.184186e-07	1.463693e-06	9.886899e-07	8570
433001	5.185213e-07	1.463706e-06	9.886154e-07	8570
441257	5.186241e-07	1.463720e-06	9.885409e-07	8570
449513	5.187269e-07	1.463734e-06	9.884665e-07	8570
457769	5.188297e-07	1.463748e-06	9.883919e-07	8570
466025	5.189324e-07	1.463762e-06	9.883174e-07	8570
474281	5.190352e-07	1.463776e-06	9.882428e-07	8570
482537	5.191379e-07	1.463790e-06	9.881683e-07	8570
490793	5.192406e-07	1.463804e-06	9.880937e-07	8570
499049	5.193433e-07	1.463818e-06	9.880191e-07	8570
507305	5.194460e-07	1.463832e-06	9.879445e-07	8570
515561	5.195487e-07	1.463845e-06	9.878700e-07	8570
523817	5.196514e-07	1.463859e-06	9.877953e-07	8570
532073	5.197541e-07	1.463873e-06	9.877206e-07	8570
540329	5.198567e-07	1.463887e-06	9.876460e-07	8570
548585	5.199593e-07	1.463901e-06	9.875713e-07	8570
556841	5.200620e-07	1.463915e-06	9.874966e-07	8570
565097	5.201646e-07	1.463929e-06	9.874219e-07	8570
573353	5.202672e-07	1.463943e-06	9.873471e-07	8570
581609	5.203698e-07	1.463957e-06	9.872724e-07	8570
589865	5.204724e-07	1.463971e-06	9.871976e-07	8570
598121	5.205749e-07	1.463985e-06	9.871229e-07	8570
606377	5.206775e-07	1.463999e-06	9.870481e-07	8570
614633	5.207801e-07	1.464013e-06	9.869733e-07	8570
622889	5.208826e-07	1.464027e-06	9.868985e-07	8570
631145	5.209851e-07	1.464041e-06	9.868237e-07	8570
639401	5.210877e-07	1.464055e-06	9.867489e-07	8570
647657	5.211901e-07	1.464069e-06	9.866740e-07	8570
655913	5.212926e-07	1.464083e-06	9.865992e-07	8570
664169	5.213951e-07	1.464096e-06	9.865242e-07	8570
672425	5.214976e-07	1.464110e-06	9.864493e-07	8570
680681	5.216000e-07	1.464124e-06	9.863744e-07	8570
688937	5.217025e-07	1.464138e-06	9.862995e-07	8570
697193	5.218050e-07	1.464152e-06	9.862246e-07	8570
705449	5.219074e-07	1.464166e-06	9.861496e-07	8570
713705	5.220098e-07	1.464180e-06	9.860746e-07	8570
721961	5.221122e-07	1.464194e-06	9.859997e-07	8570
730217	5.222146e-07	1.464208e-06	9.859247e-07	8570
738473	5.223170e-07	1.464222e-06	9.858496e-07	8570
746729	5.224194e-07	1.464236e-06	9.857746e-07	8570
754985	5.225218e-07	1.464250e-06	9.856996e-07	8570
763241	5.226241e-07	1.464264e-06	9.856245e-07	8570
771497	5.227265e-07	1.464278e-06	9.855494e-07	8570
779753	5.228288e-07	1.464292e-06	9.854743e-07	8570
788009	5.229311e-07	1.464306e-06	9.853992e-07	8570
796265	5.230334e-07	1.464320e-06	9.853240e-07	8570
804521	5.231357e-07	1.464334e-06	9.852489e-07	8570
812777	5.232380e-07	1.464348e-06	9.851738e-07	8570
821033	5.233402e-07	1.464362e-06	9.850986e-07	8570
829289	5.234425e-07	1.464376e-06	9.850235e-07	8570
837545	5.235448e-07	1.464390e-06	9.849483e-07	8570
845801	5.236470e-07	1.464404e-06	9.848731e-07	8570
854057	5.237492e-07	1.464418e-06	9.847978e-07	8570
862313	5.238514e-07	1.464433e-06	9.847226e-07	8570
870569	5.239536e-07	1.464447e-06	9.846474e-07	8570
878825	5.240558e-07	1.464461e-06	9.845721e-07	8570
887081	5.241580e-07	1.464475e-06	9.844969e-07	8570
895337	5.242602e-07	1.464489e-06	9.844215e-07	8570
903593	5.243623e-07	1.464503e-06	9.843462e-07	8570
911849	5.244645e-07	1.464517e-06	9.842709e-07	8570
920105	5.245666e-07	1.464531e-06	9.841956e-07	8570
928361	5.246688e-07	1.464545e-06	9.841202e-07	8570
936617	5.247709e-07	1.464559e-06	9.840448e-07	8570
944873	5.248730e-07	1.464573e-06	9.839695e-07	8570
953129	5.249751e-07	1.464587e-06	9.838941e-07	8570
961385	5.250772e-07	1.464601e-06	9.838186e-07	8570
969641	5.251792e-07	1.464615e-06	9.837432e-07	8570
977897	5.252813e-07	1.464629e-06	9.836677e-07	8570
986153	5.253834e-07	1.464643e-06	9.835923e-07	8570
994409	5.254854e-07	1.464657e-06	9.835169e-07	8570
1002665	5.255874e-07	1.464671e-06	9.834414e-07	8570
1010921	5.256895e-07	1.464686e-06	9.833659e-07	8570
1019177	5.257914e-07	1.464700e-06	9.832903e-07	8570
1027433	5.258934e-07	1.464714e-06	9.832148e-07	8570
1035689	5.259954e-07	1.464728e-06	9.831392e-07	8570
1043945	5.260974e-07	1.464742e-06	9.830637e-07	8570
1052201	5.261994e-07	1.464756e-06	9.829881e-07	8570
1060457	5.263013e-07	1.464770e-06	9.829125e-07	8570
1068713	5.264033e-07	1.464784e-06	9.828369e-07	8570
1076969	5.265052e-07	1.464798e-06	9.827613e-07	8570
1085225	5.266071e-07	1.464812e-06	9.826857e-07	8570
1093481	5.267090e-07	1.464826e-06	9.826100e-07	8570
1101737	5.268109e-07	1.464841e-06	9.825344e-07	8570
1109993	5.269128e-07	1.464855e-06	9.824587e-07	8570
1118249	5.270147e-07	1.464869e-06	9.823830e-07	8570
1126505	5.271165e-07	1.464883e-06	9.823074e-07	8570
1134761	5.272183e-07	1.464897e-06	9.822315e-07	8570
1143017	5.273202e-07	1.464911e-06	9.821558e-07	8570
1151273	5.274220e-07	1.464925e-06	9.820801e-07	8570
6109	9.911456e-07	1.486500e-06	8.293012e-07	16255
14365	9.912250e-07	1.486526e-06	8.291589e-07	16255
22621	9.913042e-07	1.486553e-06	8.290166e-07	16255
30877	9.913836e-07	1.486579e-06	8.288744e-07	16255
39133	9.914628e-07	1.486606e-06	8.287321e-07	16255
47389	9.915420e-07	1.486632e-06	8.285897e-07	16255
55645	9.916213e-07	1.486659e-06	8.284475e-07	16255
63901	9.917004e-07	1.486685e-06	8.283051e-07	16255
72157	9.917796e-07	1.486712e-06	8.281628e-07	16255
80413	9.918588e-07	1.486738e-06	8.280205e-07	16255
88669	9.919379e-07	1.486765e-06	8.278781e-07	16255
96925	9.920170e-07	1.486791e-06	8.277357e-07	16255
105181	9.920961e-07	1.486818e-06	8.275933e-07	16255
113437	9.921752e-07	1.486844e-06	8.274509e-07	16255
121693	9.922543e-07	1.486871e-06	8.273086e-07	16255
129949	9.923333e-07	1.486897e-06	8.271661e-07	16255
138205	9.924123e-07	1.486924e-06	8.270237e-07	16255
146461	9.924913e-07	1.486950e-06	8.268813e-07	16255
154717	9.925702e-07	1.486977e-06	8.267388e-07	16255
162973	9.926492e-07	1.487003e-06	8.265964e-07	16255
171229	9.927281e-07	1.487030e-06	8.264539e-07	16255
179485	9.928070e-07	1.487056e-06	8.263114e-07	16255
187741	9.928859e-07	1.487082e-06	8.261689e-07	16255
195997	9.929648e-07	1.487109e-06	8.260264e-07	16255
204253	9.930436e-07	1.487136e-06	8.258839e-07	16255
212509	9.931225e-07	1.487162e-06	8.257413e-07	16255
220765	9.932013e-07	1.487189e-06	8.255988e-07	16255
229021	9.932801e-07	1.487215e-06	8.254563e-07	16255
237277	9.933588e-07	1.487242e-06	8.253137e-07	16255
245533	9.934375e-07	1.487268e-06	8.251711e-07	16255
253789	9.935162e-07	1.487295e-06	8.250285e-07	16255
262045	9.935950e-07	1.487321e-06	8.248859e-07	16255
270301	9.936737e-07	1.487348e-06	8.247433e-07	16255
278557	9.937522e-07	1.487374e-06	8.246007e-07	16255
286813	9.938309e-07	1.487401e-06	8.244581e-07	16255
295069	9.939096e-07	1.487427e-06	8.243154e-07	16255
303325	9.939881e-07	1.487454e-06	8.241728e-07	16255
311581	9.940667e-07	1.487480e-06	8.240301e-07	16255
319837	9.941452e-07	1.487507e-06	8.238874e-07	16255
328093	9.942238e-07	1.487533e-06	8.237448e-07	16255
336349	9.943022e-07	1.487560e-06	8.236020e-07	16255
344605	9.943807e-07	1.487586e-06	8.234593e-07	16255
352861	9.944592e-07	1.487613e-06	8.233166e-07	16255
361117	9.945377e-07	1.487640e-06	8.231739e-07	16255
369373	9.946160e-07	1.487666e-06	8.230311e-07	16255
377629	9.946945e-07	1.487693e-06	8.228884e-07	16255
385885	9.947728e-07	1.487719e-06	8.227456e-07	16255
394141	9.948512e-07	1.487746e-06	8.226028e-07	16255
402397	9.949296e-07	1.487772e-06	8.224600e-07	16255
410653	9.950078e-07	1.487799e-06	8.223172e-07	16255
418909	9.950861e-07	1.487826e-06	8.221745e-07	16255
427165	9.951644e-07	1.487852e-06	8.220316e-07	16255
435421	9.952427e-07	1.487879e-06	8.218888e-07	16255
443677	9.953209e-07	1.487905e-06	8.217459e-07	16255
451933	9.953991e-07	1.487932e-06	8.216031e-07	16255
460189	9.954773e-07	1.487958e-06	8.214602e-07	16255
468445	9.955554e-07	1.487985e-06	8.213173e-07	16255
476701	9.956336e-07	1.488012e-06	8.211744e-07	16255
484957	9.957117e-07	1.488038e-06	8.210316e-07	16255
493213	9.957898e-07	1.488065e-06	8.208886e-07	16255
501469	9.958678e-07	1.488091e-06	8.207457e-07	16255
509725	9.959459e-07	1.488118e-06	8.206028e-07	16255
517981	9.960240e-07	1.488144e-06	8.204598e-07	16255
526237	9.961020e-07	1.488171e-06	8.203169e-07	16255
534493	9.961800e-07	1.488198e-06	8.201739e-07	16255
542749	9.962580e-07	1.488224e-06	8.200309e-07	16255
551005	9.963359e-07	1.488251e-06	8.198879e-07	16255
559261	9.964139e-07	1.488277e-06	8.197449e-07	16255
567517	9.964917e-07	1.488304e-06	8.196019e-07	16255
575773	9.965696e-07	1.488331e-06	8.194589e-07	16255
584029	9.966475e-07	1.488357e-06	8.193159e-07	16255
592285	9.967254e-07	1.488384e-06	8.191728e-07	16255
600541	9.968032e-07	1.488410e-06	8.190298e-07	16255
608797	9.968810e-07	1.488437e-06	8.188867e-07	16255
617053	9.969588e-07	1.488464e-06	8.187436e-07	16255
625309	9.970365e-07	1.488490e-06	8.186005e-07	16255
633565	9.971143e-07	1.488517e-06	8.184574e-07	16255
641821	9.971920e-07	1.488543e-06	8.183143e-07	16255
650077	9.972697e-07	1.488570e-06	8.181711e-07	16255
658333	9.973473e-07	1.488597e-06	8.180280e-07	16255
666589	9.974250e-07	1.488623e-06	8.178849e-07	16255
674845	9.975026e-07	1.488650e-06	8.177417e-07	16255
683101	9.975803e-07	1.488677e-06	8.175986e-07	16255
691357	9.976578e-07	1.488703e-06	8.174554e-07	16255
699613	9.977355e-07	1.488730e-06	8.173122e-07	16255
707869	9.978130e-07	1.488757e-06	8.171690e-07	16255
716125	9.978905e-07	1.488783e-06	8.170258e-07	16255
724381	9.979681e-07	1.488810e-06	8.168826e-07	16255
732637	9.980455e-07	1.488836e-06	8.167393e-07	16255
740893	9.981229e-07	1.488863e-06	8.165961e-07	16255
749149	9.982004e-07	1.488890e-06	8.164528e-07	16255
757405	9.982779e-07	1.488916e-06	8.163095e-07	16255
765661	9.983553e-07	1.488943e-06	8.161663e-07	16255
773917	9.984326e-07	1.488970e-06	8.160230e-07	16255
782173	9.985100e-07	1.488996e-06	8.158797e-07	16255
790429	9.985873e-07	1.489023e-06	8.157364e-07	16255
798685	9.986646e-07	1.489050e-06	8.155930e-07	16255
806941	9.987419e-07	1.489076e-06	8.154497e-07	16255
815197	9.988192e-07	1.489103e-06	8.153064e-07	16255
823453	9.988964e-07	1.489130e-06	8.151630e-07	16255
831709	9.989736e-07	1.489156e-06	8.150196e-07	16255
839965	9.990509e-07	1.489183e-06	8.148762e-07	16255
848221	9.991280e-07	1.489210e-06	8.147329e-07	16255
856477	9.992052e-07	1.489236e-06	8.145894e-07	16255
864733	9.992824e-07	1.489263e-06	8.144460e-07	16255
872989	9.993595e-07	1.489290e-06	8.143026e-07	16255
881245	9.994366e-07	1.489316e-06	8.141592e-07	16255
889501	9.995136e-07	1.489343e-06	8.140157e-07	16255
897757	9.995907e-07	1.489370e-06	8.138722e-07	16255
906013	9.996678e-07	1.489396e-06	8.137288e-07	16255
914269	9.997448e-07	1.489423e-06	8.135853e-07	16255
922525	9.998219e-07	1.489450e-06	8.134418e-07	16255
930781	9.998988e-07	1.489477e-06	8.132984e-07	16255
939037	9.999758e-07	1.489503e-06	8.131548e-07	16255
947293	1.000053e-06	1.489530e-06	8.130113e-07	16255
955549	1.000130e-06	1.489557e-06	8.128678e-07	16255
963805	1.000206e-06	1.489583e-06	8.127242e-07	16255
972061	1.000283e-06	1.489610e-06	8.125807e-07	16255
980317	1.000360e-06	1.489637e-06	8.124371e-07	16255
988573	1.000437e-06	1.489663e-06	8.122935e-07	16255
996829	1.000514e-06	1.489690e-06	8.121499e-07	16255
1005085	1.000591e-06	1.489717e-06	8.120063e-07	16255
1013341	1.000667e-06	1.489743e-06	8.118627e-07	16255
1021597	1.000744e-06	1.489770e-06	8.117191e-07	16255
1029853	1.000821e-06	1.489797e-06	8.115754e-07	16255
1038109	1.000898e-06	1.489824e-06	8.114318e-07	16255
1046365	1.000974e-06	1.489850e-06	8.112881e-07	16255
1054621	1.001051e-06	1.489877e-06	8.111445e-07	16255
1062877	1.001128e-06	1.489904e-06	8.110008e-07	16255
1071133	1.001204e-06	1.489931e-06	8.108571e-07	16255
1079389	1.001281e-06	1.489957e-06	8.107134e-07	16255
1087645	1.001357e-06	1.489984e-06	8.105697e-07	16255
1095901	1.001434e-06	1.490011e-06	8.104260e-07	16255
1104157	1.001510e-06	1.490037e-06	8.102822e-07	16255
1112413	1.001587e-06	1.490064e-06	8.101385e-07	16255
1120669	1.001663e-06	1.490091e-06	8.099947e-07	16255
1128925	1.001740e-06	1.490118e-06	8.098510e-07	16255
1137181	1.001816e-06	1.490144e-06	8.097072e-07	16255
1145437	1.001893e-06	1.490171e-06	8.095634e-07	16255
1153693	1.001969e-06	1.490198e-06	8.094196e-07	16255
7841	9.692712e-07	1.516020e-06	8.523215e-07	25720
16097	9.693531e-07	1.516046e-06	8.521823e-07	25720
24353	9.694348e-07	1.516072e-06	8.520432e-07	25720
32609	9.695167e-07	1.516098e-06	8.519041e-07	25720
40865	9.695984e-07	1.516124e-06	8.517649e-07	25720
49121	9.696802e-07	1.516150e-06	8.516257e-07	25720
57377	9.697619e-07	1.516176e-06	8.514866e-07	25720
65633	9.698437e-07	1.516202e-06	8.513474e-07	25720
73889	9.699254e-07	1.516227e-06	8.512081e-07	25720
82145	9.700070e-07	1.516253e-06	8.510689e-07	25720
90401	9.700888e-07	1.516279e-06	8.509297e-07	25720
98657	9.701704e-07	1.516305e-06	8.507905e-07	25720
106913	9.702520e-07	1.516331e-06	8.506512e-07	25720
115169	9.703335e-07	1.516357e-06	8.505119e-07	25720
123425	9.704152e-07	1.516383e-06	8.503727e-07	25720
131681	9.704967e-07	1.516409e-06	8.502334e-07	25720
139937	9.705782e-07	1.516435e-06	8.500941e-07	25720
148193	9.706597e-07	1.516461e-06	8.499547e-07	25720
156449	9.707412e-07	1.516487e-06	8.498154e-07	25720
164705	9.708227e-07	1.516512e-06	8.496761e-07	25720
172961	9.709041e-07	1.516538e-06	8.495368e-07	25720
181217	9.709855e-07	1.516564e-06	8.493974e-07	25720
189473	9.710670e-07	1.516590e-06	8.492580e-07	25720
197729	9.711483e-07	1.516616e-06	8.491186e-07	25720
205985	9.712297e-07	1.516642e-06	8.489793e-07	25720
214241	9.713111e-07	1.516668e-06	8.488399e-07	25720
222497	9.713924e-07	1.516694e-06	8.487004e-07	25720
230753	9.714737e-07	1.516720e-06	8.485610e-07	25720
239009	9.715550e-07	1.516746e-06	8.484216e-07	25720
247265	9.716363e-07	1.516772e-06	8.482821e-07	25720
255521	9.717176e-07	1.516798e-06	8.481427e-07	25720
263777	9.717987e-07	1.516824e-06	8.480032e-07	25720
272033	9.718799e-07	1.516850e-06	8.478637e-07	25720
280289	9.719611e-07	1.516876e-06	8.477242e-07	25720
288545	9.720422e-07	1.516902e-06	8.475847e-07	25720
296801	9.721234e-07	1.516927e-06	8.474452e-07	25720
305057	9.722046e-07	1.516953e-06	8.473057e-07	25720
313313	9.722856e-07	1.516979e-06	8.471661e-07	25720
321569	9.723667e-07	1.517005e-06	8.470266e-07	25720
329825	9.724478e-07	1.517031e-06	8.468870e-07	25720
338081	9.725288e-07	1.517057e-06	8.467474e-07	25720
346337	9.726099e-07	1.517083e-06	8.466078e-07	25720
354593	9.726908e-07	1.517109e-06	8.464682e-07	25720
362849	9.727718e-07	1.517135e-06	8.463286e-07	25720
371105	9.728527e-07	1.517161e-06	8.461890e-07	25720
379361	9.729337e-07	1.517187e-06	8.460493e-07	25720
387617	9.730146e-07	1.517213e-06	8.459097e-07	25720
395873	9.730956e-07	1.517239e-06	8.457700e-07	25720
404129	9.731764e-07	1.517265e-06	8.456303e-07	25720
6228	5.384981e-07	1.517284e-06	1.006338e-06	16757
412385	9.732572e-07	1.517291e-06	8.454907e-07	25720
14484	5.386019e-07	1.517299e-06	1.006260e-06	16757
22740	5.387058e-07	1.517313e-06	1.006183e-06	16757
420641	9.733380e-07	1.517317e-06	8.453509e-07	25720
30996	5.388097e-07	1.517328e-06	1.006106e-06	16757
39252	5.389136e-07	1.517342e-06	1.006028e-06	16757
428897	9.734189e-07	1.517343e-06	8.452113e-07	25720
47508	5.390174e-07	1.517357e-06	1.005951e-06	16757
437153	9.734996e-07	1.517369e-06	8.450716e-07	25720
55764	5.391212e-07	1.517371e-06	1.005873e-06	16757
64020	5.392251e-07	1.517385e-06	1.005796e-06	16757
445409	9.735804e-07	1.517395e-06	8.449318e-07	25720
72276	5.393289e-07	1.517400e-06	1.005718e-06	16757
80532	5.394327e-07	1.517414e-06	1.005641e-06	16757
453665	9.736611e-07	1.517421e-06	8.447921e-07	25720
88788	5.395365e-07	1.517429e-06	1.005563e-06	16757
97044	5.396403e-07	1.517443e-06	1.005486e-06	16757
461921	9.737419e-07	1.517447e-06	8.446523e-07	25720
105300	5.397441e-07	1.517458e-06	1.005408e-06	16757
113556	5.398478e-07	1.517472e-06	1.005331e-06	16757
470177	9.738226e-07	1.517473e-06	8.445126e-07	25720
121812	5.399516e-07	1.517487e-06	1.005253e-06	16757
478433	9.739033e-07	1.517499e-06	8.443728e-07	25720
130068	5.400553e-07	1.517501e-06	1.005176e-06	16757
138324	5.401590e-07	1.517516e-06	1.005098e-06	16757
486689	9.739839e-07	1.517525e-06	8.442330e-07	25720
146580	5.402628e-07	1.517530e-06	1.005021e-06	16757
154836	5.403664e-07	1.517545e-06	1.004943e-06	16757
494945	9.740646e-07	1.517551e-06	8.440932e-07	25720
163092	5.404701e-07	1.517559e-06	1.004865e-06	16757
171348	5.405738e-07	1.517574e-06	1.004788e-06	16757
503201	9.741452e-07	1.517577e-06	8.439534e-07	25720
179604	5.406775e-07	1.517588e-06	1.004710e-06	16757
187860	5.407812e-07	1.517602e-06	1.004632e-06	16757
511457	9.742258e-07	1.517603e-06	8.438136e-07	25720
196116	5.408848e-07	1.517617e-06	1.004555e-06	16757
519713	9.743064e-07	1.517629e-06	8.436737e-07	25720
204372	5.409884e-07	1.517631e-06	1.004477e-06	16757
212628	5.410920e-07	1.517646e-06	1.004399e-06	16757
527969	9.743869e-07	1.517655e-06	8.435339e-07	25720
220884	5.411957e-07	1.517660e-06	1.004322e-06	16757
229140	5.412993e-07	1.517675e-06	1.004244e-06	16757
536225	9.744675e-07	1.517681e-06	8.433940e-07	25720
237396	5.414029e-07	1.517689e-06	1.004166e-06	16757
245652	5.415064e-07	1.517704e-06	1.004088e-06	16757
544481	9.745480e-07	1.517707e-06	8.432542e-07	25720
253908	5.416100e-07	1.517718e-06	1.004011e-06	16757
262164	5.417136e-07	1.517733e-06	1.003933e-06	16757
552737	9.746285e-07	1.517733e-06	8.431143e-07	25720
270420	5.418171e-07	1.517747e-06	1.003855e-06	16757
560993	9.747090e-07	1.517759e-06	8.429744e-07	25720
278676	5.419207e-07	1.517762e-06	1.003777e-06	16757
286932	5.420242e-07	1.517776e-06	1.003699e-06	16757
569249	9.747895e-07	1.517785e-06	8.428345e-07	25720
295188	5.421277e-07	1.517791e-06	1.003621e-06	16757
303444	5.422311e-07	1.517806e-06	1.003544e-06	16757
577505	9.748699e-07	1.517811e-06	8.426946e-07	25720
311700	5.423346e-07	1.517820e-06	1.003466e-06	16757
319956	5.424381e-07	1.517835e-06	1.003388e-06	16757
585761	9.749504e-07	1.517837e-06	8.425546e-07	25720
328212	5.425416e-07	1.517849e-06	1.003310e-06	16757
594017	9.750307e-07	1.517863e-06	8.424147e-07	25720
336468	5.426450e-07	1.517864e-06	1.003232e-06	16757
344724	5.427485e-07	1.517878e-06	1.003154e-06	16757
602273	9.751111e-07	1.517889e-06	8.422747e-07	25720
352980	5.428519e-07	1.517893e-06	1.003076e-06	16757
361236	5.429553e-07	1.517907e-06	1.002998e-06	16757
610529	9.751914e-07	1.517915e-06	8.421348e-07	25720
369492	5.430587e-07	1.517922e-06	1.002920e-06	16757
377748	5.431621e-07	1.517936e-06	1.002842e-06	16757
618785	9.752717e-07	1.517941e-06	8.419948e-07	25720
386004	5.432655e-07	1.517951e-06	1.002764e-06	16757
394260	5.433689e-07	1.517965e-06	1.002686e-06	16757
627041	9.753520e-07	1.517967e-06	8.418548e-07	25720
402516	5.434722e-07	1.517980e-06	1.002608e-06	16757
635297	9.754324e-07	1.517993e-06	8.417148e-07	25720
410772	5.435755e-07	1.517995e-06	1.002530e-06	16757
419028	5.436789e-07	1.518009e-06	1.002452e-06	16757
643553	9.755126e-07	1.518020e-06	8.415748e-07	25720
427284	5.437822e-07	1.518024e-06	1.002374e-06	16757
435540	5.438855e-07	1.518038e-06	1.002295e-06	16757
651809	9.755929e-07	1.518046e-06	8.414348e-07	25720
443796	5.439888e-07	1.518053e-06	1.002217e-06	16757
452052	5.440921e-07	1.518067e-06	1.002139e-06	16757
660065	9.756731e-07	1.518072e-06	8.412948e-07	25720
460308	5.441954e-07	1.518082e-06	1.002061e-06	16757
468564	5.442986e-07	1.518097e-06	1.001983e-06	16757
668321	9.757533e-07	1.518098e-06	8.411548e-07	25720
476820	5.444019e-07	1.518111e-06	1.001905e-06	16757
676577	9.758335e-07	1.518124e-06	8.410147e-07	25720
485076	5.445052e-07	1.518126e-06	1.001826e-06	16757
493332	5.446084e-07	1.518140e-06	1.001748e-06	16757
684833	9.759136e-07	1.518150e-06	8.408746e-07	25720
501588	5.447116e-07	1.518155e-06	1.001670e-06	16757
509844	5.448148e-07	1.518169e-06	1.001592e-06	16757
693089	9.759938e-07	1.518176e-06	8.407346e-07	25720
518100	5.449180e-07	1.518184e-06	1.001514e-06	16757
526356	5.450212e-07	1.518199e-06	1.001435e-06	16757
701345	9.760739e-07	1.518202e-06	8.405945e-07	25720
534612	5.451244e-07	1.518213e-06	1.001357e-06	16757
709601	9.761541e-07	1.518228e-06	8.404543e-07	25720
542868	5.452275e-07	1.518228e-06	1.001279e-06	16757
551124	5.453306e-07	1.518242e-06	1.001200e-06	16757
717857	9.762341e-07	1.518254e-06	8.403143e-07	25720
559380	5.454338e-07	1.518257e-06	1.001122e-06	16757
567636	5.455369e-07	1.518272e-06	1.001044e-06	16757
726113	9.763141e-07	1.518280e-06	8.401742e-07	25720
575892	5.456400e-07	1.518286e-06	1.000965e-06	16757
584148	5.457431e-07	1.518301e-06	1.000887e-06	16757
734369	9.763942e-07	1.518306e-06	8.400340e-07	25720
592404	5.458462e-07	1.518316e-06	1.000808e-06	16757
600660	5.459493e-07	1.518330e-06	1.000730e-06	16757
742625	9.764742e-07	1.518332e-06	8.398939e-07	25720
608916	5.460524e-07	1.518345e-06	1.000652e-06	16757
750881	9.765542e-07	1.518358e-06	8.397537e-07	25720
617172	5.461554e-07	1.518359e-06	1.000573e-06	16757
625428	5.462584e-07	1.518374e-06	1.000495e-06	16757
759137	9.766342e-07	1.518384e-06	8.396135e-07	25720
633684	5.463615e-07	1.518389e-06	1.000416e-06	16757
641940	5.464645e-07	1.518403e-06	1.000338e-06	16757
767393	9.767142e-07	1.518410e-06	8.394733e-07	25720
650196	5.465675e-07	1.518418e-06	1.000259e-06	16757
658452	5.466705e-07	1.518433e-06	1.000181e-06	16757
775649	9.767941e-07	1.518437e-06	8.393332e-07	25720
666708	5.467735e-07	1.518447e-06	1.000102e-06	16757
674964	5.468765e-07	1.518462e-06	1.000024e-06	16757
783905	9.768740e-07	1.518463e-06	8.391930e-07	25720
683220	5.469794e-07	1.518477e-06	9.999451e-07	16757
792161	9.769540e-07	1.518489e-06	8.390527e-07	25720
691476	5.470824e-07	1.518491e-06	9.998665e-07	16757
699732	5.471853e-07	1.518506e-06	9.997880e-07	16757
800417	9.770338e-07	1.518515e-06	8.389125e-07	25720
707988	5.472883e-07	1.518521e-06	9.997094e-07	16757
716244	5.473912e-07	1.518535e-06	9.996307e-07	16757
808673	9.771137e-07	1.518541e-06	8.387723e-07	25720
724500	5.474941e-07	1.518550e-06	9.995521e-07	16757
732756	5.475970e-07	1.518564e-06	9.994735e-07	16757
816929	9.771935e-07	1.518567e-06	8.386320e-07	25720
741012	5.476999e-07	1.518579e-06	9.993948e-07	16757
825185	9.772733e-07	1.518593e-06	8.384918e-07	25720
749268	5.478027e-07	1.518594e-06	9.993162e-07	16757
757524	5.479056e-07	1.518609e-06	9.992374e-07	16757
833441	9.773531e-07	1.518619e-06	8.383515e-07	25720
765780	5.480084e-07	1.518623e-06	9.991587e-07	16757
774036	5.481112e-07	1.518638e-06	9.990800e-07	16757
841697	9.774328e-07	1.518645e-06	8.382112e-07	25720
782292	5.482141e-07	1.518653e-06	9.990013e-07	16757
790548	5.483169e-07	1.518667e-06	9.989226e-07	16757
849953	9.775126e-07	1.518671e-06	8.380709e-07	25720
798804	5.484197e-07	1.518682e-06	9.988438e-07	16757
807060	5.485225e-07	1.518697e-06	9.987650e-07	16757
858209	9.775923e-07	1.518697e-06	8.379306e-07	25720
815316	5.486252e-07	1.518711e-06	9.986862e-07	16757
866465	9.776720e-07	1.518723e-06	8.377903e-07	25720
823572	5.487280e-07	1.518726e-06	9.986073e-07	16757
831828	5.488308e-07	1.518741e-06	9.985285e-07	16757
874721	9.777517e-07	1.518750e-06	8.376500e-07	25720
840084	5.489335e-07	1.518755e-06	9.984498e-07	16757
848340	5.490362e-07	1.518770e-06	9.983709e-07	16757
882977	9.778314e-07	1.518776e-06	8.375096e-07	25720
856596	5.491389e-07	1.518785e-06	9.982920e-07	16757
864852	5.492416e-07	1.518800e-06	9.982132e-07	16757
891233	9.779111e-07	1.518802e-06	8.373693e-07	25720
873108	5.493443e-07	1.518814e-06	9.981343e-07	16757
899489	9.779907e-07	1.518828e-06	8.372289e-07	25720
881364	5.494470e-07	1.518829e-06	9.980553e-07	16757
889620	5.495497e-07	1.518844e-06	9.979764e-07	16757
907745	9.780703e-07	1.518854e-06	8.370885e-07	25720
897876	5.496523e-07	1.518858e-06	9.978975e-07	16757
906132	5.497550e-07	1.518873e-06	9.978185e-07	16757
916001	9.781498e-07	1.518880e-06	8.369482e-07	25720
914388	5.498576e-07	1.518888e-06	9.977396e-07	16757
922644	5.499602e-07	1.518903e-06	9.976605e-07	16757
924257	9.782294e-07	1.518906e-06	8.368078e-07	25720
930900	5.500629e-07	1.518917e-06	9.975815e-07	16757
939156	5.501655e-07	1.518932e-06	9.975025e-07	16757
932513	9.783090e-07	1.518932e-06	8.366674e-07	25720
947412	5.502681e-07	1.518947e-06	9.974235e-07	16757
940769	9.783885e-07	1.518958e-06	8.365269e-07	25720
955668	5.503707e-07	1.518961e-06	9.973445e-07	16757
963924	5.504732e-07	1.518976e-06	9.972654e-07	16757
949025	9.784679e-07	1.518985e-06	8.363865e-07	25720
972180	5.505757e-07	1.518991e-06	9.971864e-07	16757
980436	5.506783e-07	1.519006e-06	9.971072e-07	16757
957281	9.785475e-07	1.519011e-06	8.362460e-07	25720
988692	5.507808e-07	1.519020e-06	9.970281e-07	16757
996948	5.508833e-07	1.519035e-06	9.969490e-07	16757
965537	9.786270e-07	1.519037e-06	8.361056e-07	25720
1005204	5.509858e-07	1.519050e-06	9.968699e-07	16757
973793	9.787063e-07	1.519063e-06	8.359651e-07	25720
1013460	5.510884e-07	1.519065e-06	9.967907e-07	16757
1021716	5.511908e-07	1.519079e-06	9.967116e-07	16757
982049	9.787858e-07	1.519089e-06	8.358247e-07	25720
1029972	5.512933e-07	1.519094e-06	9.966324e-07	16757
1038228	5.513958e-07	1.519109e-06	9.965532e-07	16757
990305	9.788652e-07	1.519115e-06	8.356842e-07	25720
1046484	5.514982e-07	1.519124e-06	9.964740e-07	16757
1054740	5.516006e-07	1.519139e-06	9.963948e-07	16757
998561	9.789445e-07	1.519141e-06	8.355437e-07	25720
1062996	5.517031e-07	1.519153e-06	9.963155e-07	16757
1006817	9.790239e-07	1.519168e-06	8.354032e-07	25720
1071252	5.518054e-07	1.519168e-06	9.962363e-07	16757
1079508	5.519079e-07	1.519183e-06	9.961570e-07	16757
1015073	9.791032e-07	1.519194e-06	8.352627e-07	25720
1087764	5.520102e-07	1.519198e-06	9.960778e-07	16757
1096020	5.521126e-07	1.519212e-06	9.959984e-07	16757
1023329	9.791826e-07	1.519220e-06	8.351221e-07	25720
1104276	5.522150e-07	1.519227e-06	9.959192e-07	16757
1112532	5.523174e-07	1.519242e-06	9.958399e-07	16757
1031585	9.792618e-07	1.519246e-06	8.349816e-07	25720
1120788	5.524197e-07	1.519257e-06	9.957605e-07	16757
1129044	5.525220e-07	1.519272e-06	9.956811e-07	16757
1039841	9.793412e-07	1.519272e-06	8.348410e-07	25720
1137300	5.526243e-07	1.519286e-06	9.956018e-07	16757
1048097	9.794204e-07	1.519298e-06	8.347005e-07	25720
1145556	5.527266e-07	1.519301e-06	9.955224e-07	16757
1153812	5.528290e-07	1.519316e-06	9.954430e-07	16757
1056353	9.794996e-07	1.519324e-06	8.345598e-07	25720
1064609	9.795788e-07	1.519351e-06	8.344193e-07	25720
1072865	9.796580e-07	1.519377e-06	8.342787e-07	25720
1081121	9.797371e-07	1.519403e-06	8.341381e-07	25720
1089377	9.798163e-07	1.519429e-06	8.339974e-07	25720
1097633	9.798954e-07	1.519455e-06	8.338568e-07	25720
1105889	9.799745e-07	1.519481e-06	8.337162e-07	25720
1114145	9.800536e-07	1.519507e-06	8.335755e-07	25720
1122401	9.801327e-07	1.519534e-06	8.334349e-07	25720
1130657	9.802118e-07	1.519560e-06	8.332942e-07	25720
1138913	9.802908e-07	1.519586e-06	8.331535e-07	25720
1147169	9.803697e-07	1.519612e-06	8.330127e-07	25720
1155425	9.804487e-07	1.519638e-06	8.328720e-07	25720
8010	4.241415e-07	1.530625e-06	1.065731e-06	27506
16266	4.242535e-07	1.530636e-06	1.065670e-06	27506
24522	4.243656e-07	1.530648e-06	1.065609e-06	27506
32778	4.244776e-07	1.530659e-06	1.065548e-06	27506
41034	4.245897e-07	1.530671e-06	1.065487e-06	27506
49290	4.247017e-07	1.530682e-06	1.065426e-06	27506
57546	4.248137e-07	1.530693e-06	1.065365e-06	27506
65802	4.249257e-07	1.530705e-06	1.065304e-06	27506
74058	4.250377e-07	1.530716e-06	1.065243e-06	27506
82314	4.251497e-07	1.530728e-06	1.065182e-06	27506
90570	4.252617e-07	1.530739e-06	1.065121e-06	27506
98826	4.253737e-07	1.530750e-06	1.065060e-06	27506
107082	4.254856e-07	1.530762e-06	1.064999e-06	27506
115338	4.255976e-07	1.530773e-06	1.064938e-06	27506
123594	4.257095e-07	1.530785e-06	1.064876e-06	27506
131850	4.258214e-07	1.530796e-06	1.064815e-06	27506
140106	4.259334e-07	1.530808e-06	1.064754e-06	27506
148362	4.260453e-07	1.530819e-06	1.064693e-06	27506
156618	4.261572e-07	1.530830e-06	1.064632e-06	27506
164874	4.262691e-07	1.530842e-06	1.064570e-06	27506
173130	4.263810e-07	1.530853e-06	1.064509e-06	27506
181386	4.264928e-07	1.530865e-06	1.064448e-06	27506
189642	4.266047e-07	1.530876e-06	1.064386e-06	27506
197898	4.267166e-07	1.530888e-06	1.064325e-06	27506
206154	4.268284e-07	1.530899e-06	1.064264e-06	27506
214410	4.269403e-07	1.530911e-06	1.064202e-06	27506
222666	4.270521e-07	1.530922e-06	1.064141e-06	27506
230922	4.271639e-07	1.530933e-06	1.064080e-06	27506
239178	4.272758e-07	1.530945e-06	1.064018e-06	27506
247434	4.273876e-07	1.530956e-06	1.063957e-06	27506
255690	4.274994e-07	1.530968e-06	1.063896e-06	27506
263946	4.276112e-07	1.530979e-06	1.063834e-06	27506
272202	4.277229e-07	1.530991e-06	1.063773e-06	27506
280458	4.278347e-07	1.531002e-06	1.063711e-06	27506
288714	4.279465e-07	1.531014e-06	1.063650e-06	27506
296970	4.280582e-07	1.531025e-06	1.063588e-06	27506
305226	4.281700e-07	1.531037e-06	1.063527e-06	27506
313482	4.282817e-07	1.531048e-06	1.063465e-06	27506
321738	4.283934e-07	1.531060e-06	1.063403e-06	27506
329994	4.285051e-07	1.531071e-06	1.063342e-06	27506
338250	4.286169e-07	1.531083e-06	1.063280e-06	27506
346506	4.287286e-07	1.531094e-06	1.063219e-06	27506
354762	4.288402e-07	1.531106e-06	1.063157e-06	27506
363018	4.289519e-07	1.531117e-06	1.063096e-06	27506
371274	4.290636e-07	1.531129e-06	1.063034e-06	27506
379530	4.291753e-07	1.531140e-06	1.062972e-06	27506
387786	4.292869e-07	1.531152e-06	1.062911e-06	27506
396042	4.293985e-07	1.531163e-06	1.062849e-06	27506
404298	4.295102e-07	1.531175e-06	1.062787e-06	27506
412554	4.296218e-07	1.531186e-06	1.062725e-06	27506
420810	4.297334e-07	1.531198e-06	1.062664e-06	27506
429066	4.298450e-07	1.531209e-06	1.062602e-06	27506
437322	4.299566e-07	1.531221e-06	1.062540e-06	27506
445578	4.300682e-07	1.531233e-06	1.062478e-06	27506
453834	4.301798e-07	1.531244e-06	1.062416e-06	27506
462090	4.302914e-07	1.531256e-06	1.062355e-06	27506
470346	4.304029e-07	1.531267e-06	1.062293e-06	27506
478602	4.305145e-07	1.531279e-06	1.062231e-06	27506
486858	4.306260e-07	1.531290e-06	1.062169e-06	27506
495114	4.307375e-07	1.531302e-06	1.062107e-06	27506
503370	4.308491e-07	1.531314e-06	1.062045e-06	27506
511626	4.309606e-07	1.531325e-06	1.061983e-06	27506
519882	4.310721e-07	1.531337e-06	1.061921e-06	27506
528138	4.311836e-07	1.531348e-06	1.061860e-06	27506
536394	4.312951e-07	1.531360e-06	1.061797e-06	27506
544650	4.314065e-07	1.531371e-06	1.061735e-06	27506
552906	4.315180e-07	1.531383e-06	1.061674e-06	27506
561162	4.316295e-07	1.531394e-06	1.061611e-06	27506
569418	4.317409e-07	1.531406e-06	1.061549e-06	27506
577674	4.318524e-07	1.531418e-06	1.061487e-06	27506
585930	4.319638e-07	1.531429e-06	1.061425e-06	27506
594186	4.320752e-07	1.531441e-06	1.061363e-06	27506
602442	4.321866e-07	1.531452e-06	1.061301e-06	27506
610698	4.322980e-07	1.531464e-06	1.061239e-06	27506
618954	4.324094e-07	1.531476e-06	1.061177e-06	27506
627210	4.325208e-07	1.531487e-06	1.061115e-06	27506
635466	4.326322e-07	1.531499e-06	1.061053e-06	27506
643722	4.327435e-07	1.531511e-06	1.060990e-06	27506
651978	4.328549e-07	1.531522e-06	1.060928e-06	27506
660234	4.329663e-07	1.531534e-06	1.060866e-06	27506
668490	4.330776e-07	1.531545e-06	1.060804e-06	27506
676746	4.331889e-07	1.531557e-06	1.060742e-06	27506
685002	4.333003e-07	1.531569e-06	1.060679e-06	27506
693258	4.334116e-07	1.531580e-06	1.060617e-06	27506
701514	4.335229e-07	1.531592e-06	1.060555e-06	27506
709770	4.336342e-07	1.531604e-06	1.060492e-06	27506
718026	4.337454e-07	1.531615e-06	1.060430e-06	27506
726282	4.338567e-07	1.531627e-06	1.060368e-06	27506
734538	4.339680e-07	1.531638e-06	1.060305e-06	27506
742794	4.340793e-07	1.531650e-06	1.060243e-06	27506
751050	4.341905e-07	1.531662e-06	1.060181e-06	27506
759306	4.343017e-07	1.531673e-06	1.060118e-06	27506
767562	4.344130e-07	1.531685e-06	1.060056e-06	27506
775818	4.345242e-07	1.531697e-06	1.059993e-06	27506
784074	4.346354e-07	1.531708e-06	1.059931e-06	27506
792330	4.347466e-07	1.531720e-06	1.059869e-06	27506
800586	4.348578e-07	1.531732e-06	1.059806e-06	27506
808842	4.349690e-07	1.531743e-06	1.059744e-06	27506
817098	4.350801e-07	1.531755e-06	1.059681e-06	27506
825354	4.351913e-07	1.531767e-06	1.059619e-06	27506
833610	4.353025e-07	1.531778e-06	1.059556e-06	27506
841866	4.354136e-07	1.531790e-06	1.059493e-06	27506
850122	4.355247e-07	1.531802e-06	1.059431e-06	27506
858378	4.356359e-07	1.531813e-06	1.059368e-06	27506
866634	4.357470e-07	1.531825e-06	1.059306e-06	27506
874890	4.358581e-07	1.531837e-06	1.059243e-06	27506
883146	4.359692e-07	1.531849e-06	1.059180e-06	27506
891402	4.360803e-07	1.531860e-06	1.059118e-06	27506
899658	4.361914e-07	1.531872e-06	1.059055e-06	27506
907914	4.363024e-07	1.531884e-06	1.058992e-06	27506
916170	4.364135e-07	1.531895e-06	1.058930e-06	27506
924426	4.365245e-07	1.531907e-06	1.058867e-06	27506
932682	4.366356e-07	1.531919e-06	1.058804e-06	27506
940938	4.367466e-07	1.531930e-06	1.058741e-06	27506
949194	4.368576e-07	1.531942e-06	1.058679e-06	27506
957450	4.369687e-07	1.531954e-06	1.058616e-06	27506
965706	4.370797e-07	1.531966e-06	1.058553e-06	27506
973962	4.371907e-07	1.531977e-06	1.058490e-06	27506
982218	4.373017e-07	1.531989e-06	1.058427e-06	27506
990474	4.374126e-07	1.532001e-06	1.058365e-06	27506
998730	4.375236e-07	1.532013e-06	1.058302e-06	27506
1006986	4.376346e-07	1.532024e-06	1.058239e-06	27506
1015242	4.377455e-07	1.532036e-06	1.058176e-06	27506
1023498	4.378564e-07	1.532048e-06	1.058113e-06	27506
1031754	4.379674e-07	1.532060e-06	1.058050e-06	27506
1040010	4.380783e-07	1.532071e-06	1.057987e-06	27506
1048266	4.381892e-07	1.532083e-06	1.057924e-06	27506
1056522	4.383001e-07	1.532095e-06	1.057861e-06	27506
1064778	4.384110e-07	1.532107e-06	1.057798e-06	27506
1073034	4.385219e-07	1.532118e-06	1.057735e-06	27506
1081290	4.386328e-07	1.532130e-06	1.057672e-06	27506
1089546	4.387436e-07	1.532142e-06	1.057609e-06	27506
1097802	4.388545e-07	1.532154e-06	1.057546e-06	27506
1106058	4.389653e-07	1.532165e-06	1.057483e-06	27506
1114314	4.390762e-07	1.532177e-06	1.057420e-06	27506
1122570	4.391870e-07	1.532189e-06	1.057357e-06	27506
1130826	4.392978e-07	1.532201e-06	1.057294e-06	27506
1139082	4.394086e-07	1.532213e-06	1.057231e-06	27506
1147338	4.395194e-07	1.532224e-06	1.057167e-06	27506
1155594	4.396302e-07	1.532236e-06	1.057104e-06	27506
6229	4.619135e-07	1.535586e-06	1.046944e-06	16758
14485	4.620227e-07	1.535598e-06	1.046877e-06	16758
22741	4.621320e-07	1.535611e-06	1.046811e-06	16758
30997	4.622412e-07	1.535623e-06	1.046744e-06	16758
39253	4.623504e-07	1.535635e-06	1.046678e-06	16758
47509	4.624596e-07	1.535648e-06	1.046612e-06	16758
55765	4.625688e-07	1.535660e-06	1.046545e-06	16758
64021	4.626779e-07	1.535673e-06	1.046479e-06	16758
72277	4.627871e-07	1.535685e-06	1.046412e-06	16758
80533	4.628963e-07	1.535697e-06	1.046346e-06	16758
88789	4.630054e-07	1.535710e-06	1.046279e-06	16758
97045	4.631145e-07	1.535722e-06	1.046213e-06	16758
105301	4.632237e-07	1.535735e-06	1.046146e-06	16758
113557	4.633328e-07	1.535747e-06	1.046079e-06	16758
121813	4.634419e-07	1.535760e-06	1.046013e-06	16758
130069	4.635510e-07	1.535772e-06	1.045946e-06	16758
138325	4.636601e-07	1.535784e-06	1.045880e-06	16758
146581	4.637692e-07	1.535797e-06	1.045813e-06	16758
154837	4.638782e-07	1.535809e-06	1.045746e-06	16758
163093	4.639873e-07	1.535822e-06	1.045680e-06	16758
171349	4.640963e-07	1.535834e-06	1.045613e-06	16758
179605	4.642054e-07	1.535847e-06	1.045546e-06	16758
187861	4.643144e-07	1.535859e-06	1.045480e-06	16758
196117	4.644234e-07	1.535872e-06	1.045413e-06	16758
204373	4.645324e-07	1.535884e-06	1.045346e-06	16758
212629	4.646414e-07	1.535896e-06	1.045280e-06	16758
220885	4.647504e-07	1.535909e-06	1.045213e-06	16758
229141	4.648594e-07	1.535921e-06	1.045146e-06	16758
237397	4.649683e-07	1.535934e-06	1.045079e-06	16758
245653	4.650773e-07	1.535946e-06	1.045012e-06	16758
253909	4.651862e-07	1.535959e-06	1.044946e-06	16758
262165	4.652952e-07	1.535971e-06	1.044879e-06	16758
270421	4.654041e-07	1.535984e-06	1.044812e-06	16758
278677	4.655130e-07	1.535996e-06	1.044745e-06	16758
286933	4.656220e-07	1.536009e-06	1.044678e-06	16758
295189	4.657309e-07	1.536021e-06	1.044611e-06	16758
303445	4.658397e-07	1.536034e-06	1.044544e-06	16758
311701	4.659486e-07	1.536046e-06	1.044477e-06	16758
319957	4.660575e-07	1.536059e-06	1.044410e-06	16758
328213	4.661663e-07	1.536071e-06	1.044343e-06	16758
336469	4.662752e-07	1.536084e-06	1.044276e-06	16758
344725	4.663840e-07	1.536096e-06	1.044209e-06	16758
352981	4.664929e-07	1.536109e-06	1.044142e-06	16758
361237	4.666017e-07	1.536121e-06	1.044075e-06	16758
369493	4.667105e-07	1.536134e-06	1.044008e-06	16758
377749	4.668193e-07	1.536146e-06	1.043941e-06	16758
386005	4.669281e-07	1.536159e-06	1.043874e-06	16758
394261	4.670369e-07	1.536171e-06	1.043807e-06	16758
402517	4.671456e-07	1.536184e-06	1.043740e-06	16758
410773	4.672544e-07	1.536196e-06	1.043673e-06	16758
419029	4.673632e-07	1.536209e-06	1.043606e-06	16758
427285	4.674719e-07	1.536221e-06	1.043538e-06	16758
435541	4.675806e-07	1.536234e-06	1.043471e-06	16758
443797	4.676893e-07	1.536246e-06	1.043404e-06	16758
452053	4.677980e-07	1.536259e-06	1.043337e-06	16758
460309	4.679067e-07	1.536272e-06	1.043270e-06	16758
468565	4.680154e-07	1.536284e-06	1.043202e-06	16758
476821	4.681241e-07	1.536297e-06	1.043135e-06	16758
485077	4.682328e-07	1.536309e-06	1.043068e-06	16758
493333	4.683414e-07	1.536322e-06	1.043001e-06	16758
501589	4.684501e-07	1.536334e-06	1.042933e-06	16758
509845	4.685587e-07	1.536347e-06	1.042866e-06	16758
518101	4.686674e-07	1.536359e-06	1.042799e-06	16758
526357	4.687760e-07	1.536372e-06	1.042731e-06	16758
534613	4.688846e-07	1.536385e-06	1.042664e-06	16758
542869	4.689932e-07	1.536397e-06	1.042597e-06	16758
551125	4.691018e-07	1.536410e-06	1.042529e-06	16758
559381	4.692104e-07	1.536422e-06	1.042462e-06	16758
567637	4.693189e-07	1.536435e-06	1.042394e-06	16758
575893	4.694275e-07	1.536448e-06	1.042327e-06	16758
584149	4.695360e-07	1.536460e-06	1.042259e-06	16758
592405	4.696446e-07	1.536473e-06	1.042192e-06	16758
600661	4.697531e-07	1.536485e-06	1.042124e-06	16758
608917	4.698616e-07	1.536498e-06	1.042057e-06	16758
617173	4.699701e-07	1.536511e-06	1.041990e-06	16758
625429	4.700786e-07	1.536523e-06	1.041922e-06	16758
633685	4.701871e-07	1.536536e-06	1.041854e-06	16758
641941	4.702956e-07	1.536548e-06	1.041787e-06	16758
650197	4.704041e-07	1.536561e-06	1.041719e-06	16758
658453	4.705125e-07	1.536574e-06	1.041652e-06	16758
666709	4.706210e-07	1.536586e-06	1.041584e-06	16758
674965	4.707294e-07	1.536599e-06	1.041516e-06	16758
683221	4.708378e-07	1.536611e-06	1.041449e-06	16758
691477	4.709463e-07	1.536624e-06	1.041381e-06	16758
699733	4.710547e-07	1.536637e-06	1.041313e-06	16758
707989	4.711631e-07	1.536649e-06	1.041246e-06	16758
716245	4.712715e-07	1.536662e-06	1.041178e-06	16758
724501	4.713798e-07	1.536675e-06	1.041110e-06	16758
732757	4.714882e-07	1.536687e-06	1.041043e-06	16758
741013	4.715966e-07	1.536700e-06	1.040975e-06	16758
749269	4.717049e-07	1.536713e-06	1.040907e-06	16758
757525	4.718133e-07	1.536725e-06	1.040839e-06	16758
765781	4.719216e-07	1.536738e-06	1.040772e-06	16758
774037	4.720299e-07	1.536751e-06	1.040704e-06	16758
782293	4.721382e-07	1.536763e-06	1.040636e-06	16758
790549	4.722465e-07	1.536776e-06	1.040568e-06	16758
798805	4.723548e-07	1.536789e-06	1.040500e-06	16758
807061	4.724631e-07	1.536801e-06	1.040432e-06	16758
815317	4.725714e-07	1.536814e-06	1.040365e-06	16758
823573	4.726796e-07	1.536827e-06	1.040297e-06	16758
831829	4.727879e-07	1.536839e-06	1.040229e-06	16758
840085	4.728961e-07	1.536852e-06	1.040161e-06	16758
848341	4.730043e-07	1.536865e-06	1.040093e-06	16758
856597	4.731126e-07	1.536877e-06	1.040025e-06	16758
864853	4.732208e-07	1.536890e-06	1.039957e-06	16758
873109	4.733290e-07	1.536903e-06	1.039889e-06	16758
881365	4.734372e-07	1.536915e-06	1.039821e-06	16758
889621	4.735453e-07	1.536928e-06	1.039753e-06	16758
897877	4.736535e-07	1.536941e-06	1.039685e-06	16758
906133	4.737616e-07	1.536953e-06	1.039617e-06	16758
914389	4.738698e-07	1.536966e-06	1.039549e-06	16758
922645	4.739779e-07	1.536979e-06	1.039480e-06	16758
930901	4.740861e-07	1.536992e-06	1.039412e-06	16758
939157	4.741942e-07	1.537004e-06	1.039344e-06	16758
947413	4.743023e-07	1.537017e-06	1.039276e-06	16758
955669	4.744104e-07	1.537030e-06	1.039208e-06	16758
963925	4.745185e-07	1.537042e-06	1.039140e-06	16758
972181	4.746265e-07	1.537055e-06	1.039072e-06	16758
980437	4.747346e-07	1.537068e-06	1.039003e-06	16758
988693	4.748427e-07	1.537081e-06	1.038935e-06	16758
996949	4.749507e-07	1.537093e-06	1.038867e-06	16758
1005205	4.750588e-07	1.537106e-06	1.038799e-06	16758
1013461	4.751668e-07	1.537119e-06	1.038730e-06	16758
1021717	4.752748e-07	1.537132e-06	1.038662e-06	16758
1029973	4.753828e-07	1.537144e-06	1.038594e-06	16758
1038229	4.754908e-07	1.537157e-06	1.038526e-06	16758
1046485	4.755988e-07	1.537170e-06	1.038457e-06	16758
1054741	4.757068e-07	1.537183e-06	1.038389e-06	16758
1062997	4.758147e-07	1.537195e-06	1.038321e-06	16758
1071253	4.759227e-07	1.537208e-06	1.038252e-06	16758
1079509	4.760306e-07	1.537221e-06	1.038184e-06	16758
1087765	4.761386e-07	1.537234e-06	1.038115e-06	16758
1096021	4.762465e-07	1.537246e-06	1.038047e-06	16758
1104277	4.763544e-07	1.537259e-06	1.037979e-06	16758
1112533	4.764623e-07	1.537272e-06	1.037910e-06	16758
1120789	4.765702e-07	1.537285e-06	1.037842e-06	16758
1129045	4.766781e-07	1.537298e-06	1.037773e-06	16758
1137301	4.767860e-07	1.537310e-06	1.037705e-06	16758
1145557	4.768938e-07	1.537323e-06	1.037636e-06	16758
1153813	4.770017e-07	1.537336e-06	1.037568e-06	16758
7840	9.759260e-07	1.548449e-06	8.760373e-07	25719
16096	9.760104e-07	1.548475e-06	8.758972e-07	25719
24352	9.760947e-07	1.548501e-06	8.757571e-07	25719
32608	9.761791e-07	1.548527e-06	8.756170e-07	25719
40864	9.762634e-07	1.548553e-06	8.754769e-07	25719
49120	9.763477e-07	1.548579e-06	8.753368e-07	25719
57376	9.764320e-07	1.548605e-06	8.751966e-07	25719
65632	9.765163e-07	1.548632e-06	8.750565e-07	25719
73888	9.766005e-07	1.548658e-06	8.749163e-07	25719
82144	9.766846e-07	1.548684e-06	8.747761e-07	25719
90400	9.767689e-07	1.548710e-06	8.746359e-07	25719
98656	9.768530e-07	1.548736e-06	8.744957e-07	25719
106912	9.769373e-07	1.548762e-06	8.743555e-07	25719
115168	9.770214e-07	1.548788e-06	8.742153e-07	25719
123424	9.771055e-07	1.548814e-06	8.740751e-07	25719
131680	9.771895e-07	1.548840e-06	8.739348e-07	25719
139936	9.772737e-07	1.548866e-06	8.737945e-07	25719
148192	9.773577e-07	1.548892e-06	8.736542e-07	25719
156448	9.774417e-07	1.548918e-06	8.735140e-07	25719
164704	9.775257e-07	1.548945e-06	8.733737e-07	25719
172960	9.776097e-07	1.548971e-06	8.732334e-07	25719
181216	9.776936e-07	1.548997e-06	8.730930e-07	25719
189472	9.777776e-07	1.549023e-06	8.729527e-07	25719
197728	9.778615e-07	1.549049e-06	8.728123e-07	25719
205984	9.779454e-07	1.549075e-06	8.726720e-07	25719
214240	9.780293e-07	1.549101e-06	8.725316e-07	25719
222496	9.781131e-07	1.549127e-06	8.723912e-07	25719
230752	9.781970e-07	1.549153e-06	8.722508e-07	25719
239008	9.782808e-07	1.549180e-06	8.721104e-07	25719
247264	9.783646e-07	1.549206e-06	8.719700e-07	25719
255520	9.784484e-07	1.549232e-06	8.718296e-07	25719
263776	9.785322e-07	1.549258e-06	8.716892e-07	25719
272032	9.786158e-07	1.549284e-06	8.715487e-07	25719
280288	9.786996e-07	1.549310e-06	8.714082e-07	25719
288544	9.787833e-07	1.549336e-06	8.712677e-07	25719
296800	9.788670e-07	1.549362e-06	8.711273e-07	25719
305056	9.789507e-07	1.549389e-06	8.709868e-07	25719
313312	9.790342e-07	1.549415e-06	8.708462e-07	25719
321568	9.791179e-07	1.549441e-06	8.707057e-07	25719
329824	9.792014e-07	1.549467e-06	8.705652e-07	25719
338080	9.792850e-07	1.549493e-06	8.704246e-07	25719
346336	9.793686e-07	1.549519e-06	8.702841e-07	25719
354592	9.794521e-07	1.549545e-06	8.701435e-07	25719
362848	9.795356e-07	1.549572e-06	8.700029e-07	25719
371104	9.796191e-07	1.549598e-06	8.698623e-07	25719
379360	9.797026e-07	1.549624e-06	8.697217e-07	25719
387616	9.797860e-07	1.549650e-06	8.695811e-07	25719
395872	9.798695e-07	1.549676e-06	8.694404e-07	25719
404128	9.799528e-07	1.549702e-06	8.692998e-07	25719
412384	9.800362e-07	1.549729e-06	8.691591e-07	25719
420640	9.801196e-07	1.549755e-06	8.690185e-07	25719
428896	9.802029e-07	1.549781e-06	8.688778e-07	25719
437152	9.802862e-07	1.549807e-06	8.687371e-07	25719
445408	9.803695e-07	1.549833e-06	8.685964e-07	25719
453664	9.804528e-07	1.549859e-06	8.684557e-07	25719
461920	9.805360e-07	1.549886e-06	8.683149e-07	25719
470176	9.806192e-07	1.549912e-06	8.681742e-07	25719
478432	9.807025e-07	1.549938e-06	8.680335e-07	25719
486688	9.807857e-07	1.549964e-06	8.678927e-07	25719
494944	9.808689e-07	1.549990e-06	8.677519e-07	25719
503200	9.809520e-07	1.550017e-06	8.676111e-07	25719
511456	9.810351e-07	1.550043e-06	8.674703e-07	25719
519712	9.811182e-07	1.550069e-06	8.673295e-07	25719
527968	9.812013e-07	1.550095e-06	8.671886e-07	25719
536224	9.812844e-07	1.550121e-06	8.670478e-07	25719
544480	9.813674e-07	1.550148e-06	8.669070e-07	25719
552736	9.814505e-07	1.550174e-06	8.667661e-07	25719
560992	9.815335e-07	1.550200e-06	8.666253e-07	25719
569248	9.816165e-07	1.550226e-06	8.664844e-07	25719
577504	9.816995e-07	1.550252e-06	8.663434e-07	25719
585760	9.817824e-07	1.550279e-06	8.662026e-07	25719
594016	9.818654e-07	1.550305e-06	8.660616e-07	25719
602272	9.819482e-07	1.550331e-06	8.659207e-07	25719
610528	9.820311e-07	1.550357e-06	8.657798e-07	25719
618784	9.821140e-07	1.550383e-06	8.656388e-07	25719
627040	9.821968e-07	1.550410e-06	8.654978e-07	25719
635296	9.822796e-07	1.550436e-06	8.653569e-07	25719
643552	9.823624e-07	1.550462e-06	8.652158e-07	25719
651808	9.824452e-07	1.550488e-06	8.650749e-07	25719
660064	9.825279e-07	1.550515e-06	8.649338e-07	25719
668320	9.826107e-07	1.550541e-06	8.647928e-07	25719
676576	9.826933e-07	1.550567e-06	8.646518e-07	25719
684832	9.827761e-07	1.550593e-06	8.645108e-07	25719
693088	9.828588e-07	1.550620e-06	8.643697e-07	25719
701344	9.829414e-07	1.550646e-06	8.642286e-07	25719
709600	9.830241e-07	1.550672e-06	8.640875e-07	25719
717856	9.831066e-07	1.550698e-06	8.639464e-07	25719
726112	9.831892e-07	1.550725e-06	8.638053e-07	25719
734368	9.832718e-07	1.550751e-06	8.636642e-07	25719
742624	9.833543e-07	1.550777e-06	8.635230e-07	25719
750880	9.834368e-07	1.550803e-06	8.633819e-07	25719
759136	9.835194e-07	1.550830e-06	8.632408e-07	25719
767392	9.836018e-07	1.550856e-06	8.630996e-07	25719
775648	9.836842e-07	1.550882e-06	8.629584e-07	25719
783904	9.837668e-07	1.550908e-06	8.628172e-07	25719
792160	9.838492e-07	1.550935e-06	8.626760e-07	25719
800416	9.839315e-07	1.550961e-06	8.625348e-07	25719
808672	9.840139e-07	1.550987e-06	8.623936e-07	25719
816928	9.840962e-07	1.551013e-06	8.622523e-07	25719
825184	9.841787e-07	1.551040e-06	8.621111e-07	25719
833440	9.842610e-07	1.551066e-06	8.619698e-07	25719
841696	9.843433e-07	1.551092e-06	8.618285e-07	25719
849952	9.844255e-07	1.551119e-06	8.616872e-07	25719
858208	9.845078e-07	1.551145e-06	8.615459e-07	25719
866464	9.845900e-07	1.551171e-06	8.614046e-07	25719
874720	9.846722e-07	1.551197e-06	8.612633e-07	25719
882976	9.847544e-07	1.551224e-06	8.611220e-07	25719
891232	9.848366e-07	1.551250e-06	8.609806e-07	25719
899488	9.849186e-07	1.551276e-06	8.608392e-07	25719
907744	9.850008e-07	1.551303e-06	8.606979e-07	25719
916000	9.850829e-07	1.551329e-06	8.605565e-07	25719
924256	9.851650e-07	1.551355e-06	8.604151e-07	25719
932512	9.852471e-07	1.551382e-06	8.602737e-07	25719
940768	9.853292e-07	1.551408e-06	8.601323e-07	25719
949024	9.854111e-07	1.551434e-06	8.599908e-07	25719
957280	9.854931e-07	1.551460e-06	8.598494e-07	25719
965536	9.855751e-07	1.551487e-06	8.597079e-07	25719
973792	9.856570e-07	1.551513e-06	8.595665e-07	25719
982048	9.857390e-07	1.551539e-06	8.594250e-07	25719
990304	9.858210e-07	1.551566e-06	8.592835e-07	25719
998560	9.859028e-07	1.551592e-06	8.591420e-07	25719
1006816	9.859847e-07	1.551618e-06	8.590005e-07	25719
1015072	9.860665e-07	1.551645e-06	8.588590e-07	25719
1023328	9.861484e-07	1.551671e-06	8.587174e-07	25719
1031584	9.862301e-07	1.551697e-06	8.585759e-07	25719
1039840	9.863120e-07	1.551724e-06	8.584344e-07	25719
1048096	9.863937e-07	1.551750e-06	8.582928e-07	25719
1056352	9.864755e-07	1.551776e-06	8.581512e-07	25719
1064608	9.865572e-07	1.551803e-06	8.580096e-07	25719
1072864	9.866390e-07	1.551829e-06	8.578680e-07	25719
1081120	9.867206e-07	1.551855e-06	8.577264e-07	25719
1089376	9.868023e-07	1.551882e-06	8.575848e-07	25719
1097632	9.868839e-07	1.551908e-06	8.574431e-07	25719
1105888	9.869656e-07	1.551934e-06	8.573015e-07	25719
1114144	9.870471e-07	1.551961e-06	8.571598e-07	25719
1122400	9.871287e-07	1.551987e-06	8.570181e-07	25719
1130656	9.872102e-07	1.552013e-06	8.568765e-07	25719
1138912	9.872919e-07	1.552040e-06	8.567347e-07	25719
1147168	9.873734e-07	1.552066e-06	8.565930e-07	25719
1155424	9.874549e-07	1.552093e-06	8.564513e-07	25719
7911	7.517266e-07	1.572204e-06	9.761420e-07	26477
16167	7.518247e-07	1.572224e-06	9.760341e-07	26477
24423	7.519228e-07	1.572244e-06	9.759262e-07	26477
32679	7.520209e-07	1.572264e-06	9.758182e-07	26477
40935	7.521189e-07	1.572284e-06	9.757102e-07	26477
49191	7.522169e-07	1.572304e-06	9.756022e-07	26477
57447	7.523150e-07	1.572324e-06	9.754942e-07	26477
65703	7.524130e-07	1.572345e-06	9.753862e-07	26477
73959	7.525110e-07	1.572365e-06	9.752782e-07	26477
82215	7.526090e-07	1.572385e-06	9.751701e-07	26477
90471	7.527069e-07	1.572405e-06	9.750621e-07	26477
98727	7.528049e-07	1.572425e-06	9.749540e-07	26477
106983	7.529028e-07	1.572445e-06	9.748459e-07	26477
115239	7.530007e-07	1.572465e-06	9.747378e-07	26477
123495	7.530986e-07	1.572485e-06	9.746296e-07	26477
131751	7.531964e-07	1.572506e-06	9.745215e-07	26477
140007	7.532943e-07	1.572526e-06	9.744134e-07	26477
148263	7.533922e-07	1.572546e-06	9.743053e-07	26477
156519	7.534900e-07	1.572566e-06	9.741971e-07	26477
164775	7.535878e-07	1.572586e-06	9.740889e-07	26477
173031	7.536856e-07	1.572606e-06	9.739807e-07	26477
181287	7.537834e-07	1.572627e-06	9.738725e-07	26477
189543	7.538812e-07	1.572647e-06	9.737643e-07	26477
197799	7.539790e-07	1.572667e-06	9.736560e-07	26477
206055	7.540767e-07	1.572687e-06	9.735477e-07	26477
214311	7.541744e-07	1.572707e-06	9.734395e-07	26477
222567	7.542721e-07	1.572727e-06	9.733312e-07	26477
230823	7.543698e-07	1.572747e-06	9.732229e-07	26477
239079	7.544675e-07	1.572768e-06	9.731145e-07	26477
247335	7.545651e-07	1.572788e-06	9.730062e-07	26477
255591	7.546627e-07	1.572808e-06	9.728979e-07	26477
263847	7.547604e-07	1.572828e-06	9.727895e-07	26477
272103	7.548580e-07	1.572848e-06	9.726812e-07	26477
280359	7.549556e-07	1.572868e-06	9.725728e-07	26477
288615	7.550531e-07	1.572889e-06	9.724644e-07	26477
296871	7.551507e-07	1.572909e-06	9.723560e-07	26477
305127	7.552483e-07	1.572929e-06	9.722476e-07	26477
313383	7.553458e-07	1.572949e-06	9.721391e-07	26477
321639	7.554433e-07	1.572969e-06	9.720306e-07	26477
329895	7.555408e-07	1.572990e-06	9.719222e-07	26477
338151	7.556383e-07	1.573010e-06	9.718137e-07	26477
346407	7.557357e-07	1.573030e-06	9.717052e-07	26477
354663	7.558332e-07	1.573050e-06	9.715967e-07	26477
362919	7.559306e-07	1.573070e-06	9.714881e-07	26477
371175	7.560280e-07	1.573091e-06	9.713797e-07	26477
379431	7.561254e-07	1.573111e-06	9.712711e-07	26477
387687	7.562228e-07	1.573131e-06	9.711625e-07	26477
395943	7.563202e-07	1.573151e-06	9.710540e-07	26477
404199	7.564175e-07	1.573172e-06	9.709454e-07	26477
412455	7.565149e-07	1.573192e-06	9.708367e-07	26477
420711	7.566122e-07	1.573212e-06	9.707281e-07	26477
428967	7.567095e-07	1.573232e-06	9.706195e-07	26477
437223	7.568067e-07	1.573252e-06	9.705108e-07	26477
445479	7.569040e-07	1.573273e-06	9.704022e-07	26477
453735	7.570013e-07	1.573293e-06	9.702935e-07	26477
461991	7.570985e-07	1.573313e-06	9.701848e-07	26477
470247	7.571957e-07	1.573333e-06	9.700760e-07	26477
478503	7.572929e-07	1.573354e-06	9.699673e-07	26477
486759	7.573901e-07	1.573374e-06	9.698587e-07	26477
495015	7.574873e-07	1.573394e-06	9.697499e-07	26477
503271	7.575845e-07	1.573414e-06	9.696411e-07	26477
511527	7.576816e-07	1.573435e-06	9.695324e-07	26477
519783	7.577787e-07	1.573455e-06	9.694236e-07	26477
528039	7.578758e-07	1.573475e-06	9.693148e-07	26477
536295	7.579729e-07	1.573495e-06	9.692060e-07	26477
544551	7.580700e-07	1.573516e-06	9.690971e-07	26477
552807	7.581671e-07	1.573536e-06	9.689883e-07	26477
561063	7.582641e-07	1.573556e-06	9.688794e-07	26477
569319	7.583611e-07	1.573577e-06	9.687706e-07	26477
577575	7.584582e-07	1.573597e-06	9.686617e-07	26477
585831	7.585551e-07	1.573617e-06	9.685527e-07	26477
594087	7.586521e-07	1.573637e-06	9.684438e-07	26477
602343	7.587491e-07	1.573658e-06	9.683349e-07	26477
610599	7.588460e-07	1.573678e-06	9.682260e-07	26477
618855	7.589429e-07	1.573698e-06	9.681170e-07	26477
627111	7.590398e-07	1.573718e-06	9.680081e-07	26477
635367	7.591368e-07	1.573739e-06	9.678990e-07	26477
643623	7.592336e-07	1.573759e-06	9.677900e-07	26477
651879	7.593305e-07	1.573779e-06	9.676810e-07	26477
660135	7.594273e-07	1.573800e-06	9.675720e-07	26477
668391	7.595242e-07	1.573820e-06	9.674629e-07	26477
6823	4.337766e-07	1.573830e-06	1.082377e-06	19327
676647	7.596210e-07	1.573840e-06	9.673539e-07	26477
15079	4.338899e-07	1.573842e-06	1.082314e-06	19327
23335	4.340032e-07	1.573854e-06	1.082252e-06	19327
684903	7.597178e-07	1.573861e-06	9.672449e-07	26477
31591	4.341165e-07	1.573865e-06	1.082190e-06	19327
39847	4.342297e-07	1.573877e-06	1.082127e-06	19327
693159	7.598146e-07	1.573881e-06	9.671357e-07	26477
48103	4.343430e-07	1.573889e-06	1.082065e-06	19327
56359	4.344563e-07	1.573900e-06	1.082002e-06	19327
701415	7.599114e-07	1.573901e-06	9.670267e-07	26477
64615	4.345695e-07	1.573912e-06	1.081940e-06	19327
709671	7.600081e-07	1.573922e-06	9.669176e-07	26477
72871	4.346827e-07	1.573924e-06	1.081877e-06	19327
81127	4.347960e-07	1.573935e-06	1.081815e-06	19327
717927	7.601049e-07	1.573942e-06	9.668084e-07	26477
89383	4.349092e-07	1.573947e-06	1.081752e-06	19327
97639	4.350224e-07	1.573959e-06	1.081690e-06	19327
726183	7.602015e-07	1.573962e-06	9.666993e-07	26477
105895	4.351356e-07	1.573970e-06	1.081627e-06	19327
114151	4.352488e-07	1.573982e-06	1.081565e-06	19327
734439	7.602983e-07	1.573983e-06	9.665902e-07	26477
122407	4.353620e-07	1.573994e-06	1.081502e-06	19327
742695	7.603950e-07	1.574003e-06	9.664810e-07	26477
130663	4.354751e-07	1.574005e-06	1.081440e-06	19327
138919	4.355883e-07	1.574017e-06	1.081377e-06	19327
750951	7.604916e-07	1.574023e-06	9.663718e-07	26477
147175	4.357014e-07	1.574029e-06	1.081315e-06	19327
155431	4.358146e-07	1.574040e-06	1.081252e-06	19327
759207	7.605883e-07	1.574043e-06	9.662626e-07	26477
163687	4.359277e-07	1.574052e-06	1.081189e-06	19327
171943	4.360408e-07	1.574064e-06	1.081127e-06	19327
767463	7.606849e-07	1.574064e-06	9.661534e-07	26477
180199	4.361539e-07	1.574076e-06	1.081064e-06	19327
775719	7.607815e-07	1.574084e-06	9.660442e-07	26477
188455	4.362670e-07	1.574087e-06	1.081001e-06	19327
196711	4.363801e-07	1.574099e-06	1.080939e-06	19327
783975	7.608782e-07	1.574105e-06	9.659350e-07	26477
204967	4.364932e-07	1.574111e-06	1.080876e-06	19327
213223	4.366063e-07	1.574122e-06	1.080813e-06	19327
792231	7.609747e-07	1.574125e-06	9.658257e-07	26477
221479	4.367193e-07	1.574134e-06	1.080750e-06	19327
800487	7.610713e-07	1.574145e-06	9.657165e-07	26477
229735	4.368324e-07	1.574146e-06	1.080688e-06	19327
237991	4.369454e-07	1.574158e-06	1.080625e-06	19327
808743	7.611679e-07	1.574166e-06	9.656071e-07	26477
246247	4.370585e-07	1.574169e-06	1.080562e-06	19327
254503	4.371715e-07	1.574181e-06	1.080499e-06	19327
816999	7.612644e-07	1.574186e-06	9.654979e-07	26477
262759	4.372845e-07	1.574193e-06	1.080436e-06	19327
271015	4.373975e-07	1.574204e-06	1.080374e-06	19327
825255	7.613609e-07	1.574206e-06	9.653886e-07	26477
279271	4.375106e-07	1.574216e-06	1.080311e-06	19327
833511	7.614574e-07	1.574227e-06	9.652792e-07	26477
287527	4.376235e-07	1.574228e-06	1.080248e-06	19327
295783	4.377365e-07	1.574240e-06	1.080185e-06	19327
841767	7.615540e-07	1.574247e-06	9.651699e-07	26477
304039	4.378495e-07	1.574251e-06	1.080122e-06	19327
312295	4.379625e-07	1.574263e-06	1.080059e-06	19327
850023	7.616504e-07	1.574267e-06	9.650606e-07	26477
320551	4.380754e-07	1.574275e-06	1.079996e-06	19327
328807	4.381884e-07	1.574287e-06	1.079933e-06	19327
858279	7.617469e-07	1.574288e-06	9.649513e-07	26477
337063	4.383013e-07	1.574298e-06	1.079870e-06	19327
866535	7.618434e-07	1.574308e-06	9.648419e-07	26477
345319	4.384142e-07	1.574310e-06	1.079807e-06	19327
353575	4.385271e-07	1.574322e-06	1.079744e-06	19327
874791	7.619398e-07	1.574329e-06	9.647324e-07	26477
361831	4.386400e-07	1.574334e-06	1.079681e-06	19327
370087	4.387529e-07	1.574346e-06	1.079618e-06	19327
883047	7.620362e-07	1.574349e-06	9.646230e-07	26477
378343	4.388658e-07	1.574357e-06	1.079555e-06	19327
386599	4.389787e-07	1.574369e-06	1.079492e-06	19327
891303	7.621326e-07	1.574369e-06	9.645137e-07	26477
394855	4.390916e-07	1.574381e-06	1.079429e-06	19327
899559	7.622289e-07	1.574390e-06	9.644042e-07	26477
403111	4.392044e-07	1.574393e-06	1.079366e-06	19327
411367	4.393173e-07	1.574404e-06	1.079303e-06	19327
907815	7.623253e-07	1.574410e-06	9.642948e-07	26477
419623	4.394301e-07	1.574416e-06	1.079239e-06	19327
427879	4.395430e-07	1.574428e-06	1.079176e-06	19327
916071	7.624217e-07	1.574430e-06	9.641853e-07	26477
436135	4.396558e-07	1.574440e-06	1.079113e-06	19327
924327	7.625180e-07	1.574451e-06	9.640759e-07	26477
444391	4.397686e-07	1.574452e-06	1.079050e-06	19327
452647	4.398814e-07	1.574463e-06	1.078987e-06	19327
932583	7.626143e-07	1.574471e-06	9.639664e-07	26477
460903	4.399942e-07	1.574475e-06	1.078924e-06	19327
469159	4.401070e-07	1.574487e-06	1.078860e-06	19327
940839	7.627106e-07	1.574492e-06	9.638569e-07	26477
477415	4.402198e-07	1.574499e-06	1.078797e-06	19327
485671	4.403325e-07	1.574511e-06	1.078734e-06	19327
949095	7.628068e-07	1.574512e-06	9.637473e-07	26477
493927	4.404453e-07	1.574522e-06	1.078670e-06	19327
957351	7.629031e-07	1.574532e-06	9.636378e-07	26477
502183	4.405580e-07	1.574534e-06	1.078607e-06	19327
510439	4.406708e-07	1.574546e-06	1.078544e-06	19327
965607	7.629994e-07	1.574553e-06	9.635284e-07	26477
518695	4.407835e-07	1.574558e-06	1.078481e-06	19327
526951	4.408962e-07	1.574570e-06	1.078417e-06	19327
973863	7.630956e-07	1.574573e-06	9.634188e-07	26477
535207	4.410089e-07	1.574582e-06	1.078354e-06	19327
982119	7.631918e-07	1.574594e-06	9.633092e-07	26477
543463	4.411216e-07	1.574594e-06	1.078290e-06	19327
551719	4.412343e-07	1.574605e-06	1.078227e-06	19327
990375	7.632880e-07	1.574614e-06	9.631996e-07	26477
559975	4.413470e-07	1.574617e-06	1.078164e-06	19327
568231	4.414597e-07	1.574629e-06	1.078100e-06	19327
998631	7.633842e-07	1.574634e-06	9.630900e-07	26477
576487	4.415723e-07	1.574641e-06	1.078037e-06	19327
584743	4.416850e-07	1.574653e-06	1.077973e-06	19327
1006887	7.634804e-07	1.574655e-06	9.629804e-07	26477
592999	4.417976e-07	1.574665e-06	1.077910e-06	19327
1015143	7.635766e-07	1.574675e-06	9.628708e-07	26477
601255	4.419103e-07	1.574676e-06	1.077846e-06	19327
609511	4.420229e-07	1.574688e-06	1.077783e-06	19327
1023399	7.636727e-07	1.574695e-06	9.627612e-07	26477
617767	4.421355e-07	1.574700e-06	1.077719e-06	19327
626023	4.422481e-07	1.574712e-06	1.077656e-06	19327
1031655	7.637688e-07	1.574716e-06	9.626515e-07	26477
634279	4.423607e-07	1.574724e-06	1.077592e-06	19327
642535	4.424733e-07	1.574736e-06	1.077529e-06	19327
1039911	7.638649e-07	1.574736e-06	9.625419e-07	26477
650791	4.425859e-07	1.574748e-06	1.077465e-06	19327
1048167	7.639610e-07	1.574757e-06	9.624322e-07	26477
659047	4.426985e-07	1.574759e-06	1.077401e-06	19327
667303	4.428110e-07	1.574771e-06	1.077338e-06	19327
1056423	7.640571e-07	1.574777e-06	9.623225e-07	26477
675559	4.429236e-07	1.574783e-06	1.077274e-06	19327
683815	4.430361e-07	1.574795e-06	1.077211e-06	19327
1064679	7.641531e-07	1.574798e-06	9.622128e-07	26477
692071	4.431487e-07	1.574807e-06	1.077147e-06	19327
1072935	7.642491e-07	1.574818e-06	9.621031e-07	26477
700327	4.432612e-07	1.574819e-06	1.077083e-06	19327
708583	4.433737e-07	1.574831e-06	1.077019e-06	19327
1081191	7.643452e-07	1.574839e-06	9.619934e-07	26477
716839	4.434862e-07	1.574843e-06	1.076956e-06	19327
725095	4.435987e-07	1.574855e-06	1.076892e-06	19327
1089447	7.644412e-07	1.574859e-06	9.618835e-07	26477
733351	4.437111e-07	1.574867e-06	1.076828e-06	19327
741607	4.438236e-07	1.574879e-06	1.076764e-06	19327
1097703	7.645372e-07	1.574879e-06	9.617738e-07	26477
749863	4.439361e-07	1.574890e-06	1.076701e-06	19327
1105959	7.646332e-07	1.574900e-06	9.616640e-07	26477
758119	4.440485e-07	1.574902e-06	1.076637e-06	19327
766375	4.441610e-07	1.574914e-06	1.076573e-06	19327
1114215	7.647291e-07	1.574920e-06	9.615543e-07	26477
774631	4.442734e-07	1.574926e-06	1.076509e-06	19327
782887	4.443858e-07	1.574938e-06	1.076445e-06	19327
1122471	7.648250e-07	1.574941e-06	9.614445e-07	26477
791143	4.444983e-07	1.574950e-06	1.076382e-06	19327
1130727	7.649210e-07	1.574961e-06	9.613346e-07	26477
799399	4.446107e-07	1.574962e-06	1.076318e-06	19327
807655	4.447231e-07	1.574974e-06	1.076254e-06	19327
1138983	7.650169e-07	1.574982e-06	9.612248e-07	26477
815911	4.448355e-07	1.574986e-06	1.076190e-06	19327
824167	4.449479e-07	1.574998e-06	1.076126e-06	19327
1147239	7.651128e-07	1.575002e-06	9.611150e-07	26477
832423	4.450602e-07	1.575010e-06	1.076062e-06	19327
840679	4.451726e-07	1.575022e-06	1.075998e-06	19327
1155495	7.652087e-07	1.575022e-06	9.610051e-07	26477
848935	4.452849e-07	1.575034e-06	1.075934e-06	19327
857191	4.453973e-07	1.575046e-06	1.075870e-06	19327
865447	4.455096e-07	1.575057e-06	1.075806e-06	19327
873703	4.456219e-07	1.575069e-06	1.075742e-06	19327
881959	4.457343e-07	1.575081e-06	1.075678e-06	19327
890215	4.458466e-07	1.575093e-06	1.075614e-06	19327
898471	4.459588e-07	1.575105e-06	1.075550e-06	19327
906727	4.460711e-07	1.575117e-06	1.075486e-06	19327
914983	4.461834e-07	1.575129e-06	1.075422e-06	19327
923239	4.462957e-07	1.575141e-06	1.075357e-06	19327
931495	4.464079e-07	1.575153e-06	1.075293e-06	19327
939751	4.465202e-07	1.575165e-06	1.075229e-06	19327
948007	4.466324e-07	1.575177e-06	1.075165e-06	19327
956263	4.467447e-07	1.575189e-06	1.075101e-06	19327
964519	4.468569e-07	1.575201e-06	1.075036e-06	19327
972775	4.469691e-07	1.575213e-06	1.074972e-06	19327
981031	4.470813e-07	1.575225e-06	1.074908e-06	19327
989287	4.471935e-07	1.575237e-06	1.074844e-06	19327
997543	4.473056e-07	1.575249e-06	1.074780e-06	19327
1005799	4.474178e-07	1.575261e-06	1.074715e-06	19327
1014055	4.475300e-07	1.575273e-06	1.074651e-06	19327
1022311	4.476421e-07	1.575285e-06	1.074587e-06	19327
1030567	4.477542e-07	1.575297e-06	1.074522e-06	19327
1038823	4.478664e-07	1.575309e-06	1.074458e-06	19327
1047079	4.479785e-07	1.575321e-06	1.074394e-06	19327
1055335	4.480906e-07	1.575333e-06	1.074329e-06	19327
1063591	4.482027e-07	1.575345e-06	1.074265e-06	19327
1071847	4.483148e-07	1.575357e-06	1.074200e-06	19327
1080103	4.484269e-07	1.575369e-06	1.074136e-06	19327
1088359	4.485390e-07	1.575381e-06	1.074072e-06	19327
1096615	4.486510e-07	1.575393e-06	1.074007e-06	19327
1104871	4.487631e-07	1.575405e-06	1.073943e-06	19327
1113127	4.488751e-07	1.575417e-06	1.073878e-06	19327
1121383	4.489872e-07	1.575429e-06	1.073814e-06	19327
1129639	4.490992e-07	1.575442e-06	1.073749e-06	19327
1137895	4.492112e-07	1.575454e-06	1.073685e-06	19327
1146151	4.493232e-07	1.575466e-06	1.073620e-06	19327
1154407	4.494352e-07	1.575478e-06	1.073555e-06	19327
5547	4.094460e-07	1.584879e-06	1.116974e-06	14201
13803	4.095640e-07	1.584890e-06	1.116915e-06	14201
22059	4.096819e-07	1.584901e-06	1.116856e-06	14201
30315	4.097999e-07	1.584912e-06	1.116797e-06	14201
38571	4.099178e-07	1.584923e-06	1.116738e-06	14201
46827	4.100358e-07	1.584934e-06	1.116679e-06	14201
55083	4.101537e-07	1.584945e-06	1.116620e-06	14201
63339	4.102716e-07	1.584956e-06	1.116561e-06	14201
71595	4.103895e-07	1.584967e-06	1.116502e-06	14201
79851	4.105074e-07	1.584978e-06	1.116443e-06	14201
88107	4.106253e-07	1.584989e-06	1.116384e-06	14201
96363	4.107432e-07	1.585000e-06	1.116325e-06	14201
104619	4.108610e-07	1.585011e-06	1.116266e-06	14201
112875	4.109789e-07	1.585022e-06	1.116207e-06	14201
121131	4.110967e-07	1.585034e-06	1.116148e-06	14201
129387	4.112146e-07	1.585045e-06	1.116089e-06	14201
137643	4.113324e-07	1.585056e-06	1.116030e-06	14201
145899	4.114503e-07	1.585067e-06	1.115971e-06	14201
154155	4.115681e-07	1.585078e-06	1.115912e-06	14201
162411	4.116859e-07	1.585089e-06	1.115852e-06	14201
170667	4.118037e-07	1.585100e-06	1.115793e-06	14201
178923	4.119215e-07	1.585111e-06	1.115734e-06	14201
187179	4.120392e-07	1.585122e-06	1.115675e-06	14201
195435	4.121570e-07	1.585133e-06	1.115616e-06	14201
203691	4.122748e-07	1.585144e-06	1.115556e-06	14201
211947	4.123925e-07	1.585155e-06	1.115497e-06	14201
220203	4.125103e-07	1.585166e-06	1.115438e-06	14201
228459	4.126280e-07	1.585177e-06	1.115379e-06	14201
236715	4.127457e-07	1.585188e-06	1.115319e-06	14201
244971	4.128635e-07	1.585200e-06	1.115260e-06	14201
253227	4.129812e-07	1.585211e-06	1.115201e-06	14201
261483	4.130989e-07	1.585222e-06	1.115141e-06	14201
269739	4.132166e-07	1.585233e-06	1.115082e-06	14201
277995	4.133342e-07	1.585244e-06	1.115022e-06	14201
286251	4.134519e-07	1.585255e-06	1.114963e-06	14201
294507	4.135696e-07	1.585266e-06	1.114904e-06	14201
302763	4.136872e-07	1.585277e-06	1.114844e-06	14201
311019	4.138049e-07	1.585288e-06	1.114785e-06	14201
319275	4.139225e-07	1.585300e-06	1.114725e-06	14201
327531	4.140402e-07	1.585311e-06	1.114666e-06	14201
335787	4.141578e-07	1.585322e-06	1.114606e-06	14201
344043	4.142754e-07	1.585333e-06	1.114547e-06	14201
352299	4.143930e-07	1.585344e-06	1.114487e-06	14201
360555	4.145106e-07	1.585355e-06	1.114428e-06	14201
368811	4.146282e-07	1.585366e-06	1.114368e-06	14201
377067	4.147458e-07	1.585377e-06	1.114308e-06	14201
385323	4.148633e-07	1.585389e-06	1.114249e-06	14201
393579	4.149809e-07	1.585400e-06	1.114189e-06	14201
401835	4.150984e-07	1.585411e-06	1.114129e-06	14201
410091	4.152160e-07	1.585422e-06	1.114070e-06	14201
418347	4.153335e-07	1.585433e-06	1.114010e-06	14201
426603	4.154511e-07	1.585444e-06	1.113950e-06	14201
434859	4.155686e-07	1.585455e-06	1.113891e-06	14201
443115	4.156861e-07	1.585467e-06	1.113831e-06	14201
451371	4.158036e-07	1.585478e-06	1.113771e-06	14201
459627	4.159211e-07	1.585489e-06	1.113711e-06	14201
467883	4.160385e-07	1.585500e-06	1.113652e-06	14201
476139	4.161560e-07	1.585511e-06	1.113592e-06	14201
484395	4.162735e-07	1.585522e-06	1.113532e-06	14201
492651	4.163909e-07	1.585534e-06	1.113472e-06	14201
500907	4.165084e-07	1.585545e-06	1.113412e-06	14201
509163	4.166258e-07	1.585556e-06	1.113352e-06	14201
517419	4.167433e-07	1.585567e-06	1.113293e-06	14201
525675	4.168607e-07	1.585578e-06	1.113233e-06	14201
533931	4.169781e-07	1.585590e-06	1.113173e-06	14201
542187	4.170955e-07	1.585601e-06	1.113113e-06	14201
550443	4.172129e-07	1.585612e-06	1.113053e-06	14201
558699	4.173303e-07	1.585623e-06	1.112993e-06	14201
566955	4.174476e-07	1.585634e-06	1.112933e-06	14201
575211	4.175650e-07	1.585646e-06	1.112873e-06	14201
583467	4.176823e-07	1.585657e-06	1.112813e-06	14201
591723	4.177997e-07	1.585668e-06	1.112753e-06	14201
599979	4.179170e-07	1.585679e-06	1.112693e-06	14201
608235	4.180344e-07	1.585690e-06	1.112633e-06	14201
616491	4.181517e-07	1.585702e-06	1.112573e-06	14201
624747	4.182690e-07	1.585713e-06	1.112512e-06	14201
633003	4.183863e-07	1.585724e-06	1.112452e-06	14201
641259	4.185036e-07	1.585735e-06	1.112392e-06	14201
649515	4.186209e-07	1.585747e-06	1.112332e-06	14201
657771	4.187382e-07	1.585758e-06	1.112272e-06	14201
666027	4.188554e-07	1.585769e-06	1.112212e-06	14201
674283	4.189727e-07	1.585780e-06	1.112151e-06	14201
682539	4.190899e-07	1.585792e-06	1.112091e-06	14201
690795	4.192072e-07	1.585803e-06	1.112031e-06	14201
699051	4.193244e-07	1.585814e-06	1.111971e-06	14201
707307	4.194416e-07	1.585825e-06	1.111910e-06	14201
715563	4.195588e-07	1.585837e-06	1.111850e-06	14201
723819	4.196760e-07	1.585848e-06	1.111790e-06	14201
732075	4.197932e-07	1.585859e-06	1.111730e-06	14201
740331	4.199104e-07	1.585871e-06	1.111669e-06	14201
748587	4.200276e-07	1.585882e-06	1.111609e-06	14201
756843	4.201448e-07	1.585893e-06	1.111548e-06	14201
765099	4.202619e-07	1.585904e-06	1.111488e-06	14201
773355	4.203791e-07	1.585916e-06	1.111428e-06	14201
781611	4.204962e-07	1.585927e-06	1.111367e-06	14201
789867	4.206134e-07	1.585938e-06	1.111307e-06	14201
798123	4.207305e-07	1.585950e-06	1.111246e-06	14201
806379	4.208476e-07	1.585961e-06	1.111186e-06	14201
814635	4.209647e-07	1.585972e-06	1.111125e-06	14201
822891	4.210818e-07	1.585983e-06	1.111065e-06	14201
831147	4.211989e-07	1.585995e-06	1.111004e-06	14201
839403	4.213160e-07	1.586006e-06	1.110944e-06	14201
847659	4.214330e-07	1.586017e-06	1.110883e-06	14201
855915	4.215501e-07	1.586029e-06	1.110823e-06	14201
864171	4.216672e-07	1.586040e-06	1.110762e-06	14201
872427	4.217842e-07	1.586051e-06	1.110701e-06	14201
880683	4.219012e-07	1.586063e-06	1.110641e-06	14201
888939	4.220182e-07	1.586074e-06	1.110580e-06	14201
897195	4.221353e-07	1.586085e-06	1.110520e-06	14201
905451	4.222523e-07	1.586097e-06	1.110459e-06	14201
913707	4.223693e-07	1.586108e-06	1.110398e-06	14201
921963	4.224863e-07	1.586119e-06	1.110337e-06	14201
930219	4.226033e-07	1.586131e-06	1.110277e-06	14201
938475	4.227202e-07	1.586142e-06	1.110216e-06	14201
946731	4.228372e-07	1.586153e-06	1.110155e-06	14201
954987	4.229541e-07	1.586165e-06	1.110094e-06	14201
963243	4.230711e-07	1.586176e-06	1.110034e-06	14201
971499	4.231880e-07	1.586188e-06	1.109973e-06	14201
979755	4.233049e-07	1.586199e-06	1.109912e-06	14201
988011	4.234219e-07	1.586210e-06	1.109851e-06	14201
996267	4.235388e-07	1.586222e-06	1.109790e-06	14201
1004523	4.236556e-07	1.586233e-06	1.109729e-06	14201
1012779	4.237725e-07	1.586244e-06	1.109669e-06	14201
1021035	4.238894e-07	1.586256e-06	1.109608e-06	14201
1029291	4.240063e-07	1.586267e-06	1.109547e-06	14201
1037547	4.241232e-07	1.586278e-06	1.109486e-06	14201
1045803	4.242400e-07	1.586290e-06	1.109425e-06	14201
1054059	4.243569e-07	1.586301e-06	1.109364e-06	14201
1062315	4.244737e-07	1.586313e-06	1.109303e-06	14201
1070571	4.245905e-07	1.586324e-06	1.109242e-06	14201
1078827	4.247073e-07	1.586335e-06	1.109181e-06	14201
1087083	4.248242e-07	1.586347e-06	1.109120e-06	14201
1095339	4.249410e-07	1.586358e-06	1.109059e-06	14201
1103595	4.250577e-07	1.586370e-06	1.108998e-06	14201
1111851	4.251745e-07	1.586381e-06	1.108936e-06	14201
1120107	4.252913e-07	1.586393e-06	1.108875e-06	14201
1128363	4.254080e-07	1.586404e-06	1.108814e-06	14201
1136619	4.255248e-07	1.586415e-06	1.108753e-06	14201
1144875	4.256416e-07	1.586427e-06	1.108692e-06	14201
1153131	4.257583e-07	1.586438e-06	1.108631e-06	14201
7910	9.778631e-07	1.613194e-06	9.303985e-07	26476
16166	9.779536e-07	1.613220e-06	9.302581e-07	26476
24422	9.780440e-07	1.613246e-06	9.301177e-07	26476
32678	9.781345e-07	1.613273e-06	9.299774e-07	26476
40934	9.782249e-07	1.613299e-06	9.298370e-07	26476
49190	9.783153e-07	1.613325e-06	9.296965e-07	26476
57446	9.784055e-07	1.613351e-06	9.295561e-07	26476
65702	9.784959e-07	1.613377e-06	9.294156e-07	26476
73958	9.785862e-07	1.613403e-06	9.292752e-07	26476
82214	9.786764e-07	1.613429e-06	9.291347e-07	26476
90470	9.787667e-07	1.613456e-06	9.289943e-07	26476
98726	9.788570e-07	1.613482e-06	9.288538e-07	26476
106982	9.789472e-07	1.613508e-06	9.287132e-07	26476
115238	9.790374e-07	1.613534e-06	9.285727e-07	26476
123494	9.791275e-07	1.613560e-06	9.284322e-07	26476
131750	9.792177e-07	1.613586e-06	9.282916e-07	26476
140006	9.793079e-07	1.613612e-06	9.281511e-07	26476
148262	9.793980e-07	1.613639e-06	9.280105e-07	26476
156518	9.794882e-07	1.613665e-06	9.278700e-07	26476
164774	9.795782e-07	1.613691e-06	9.277293e-07	26476
173030	9.796682e-07	1.613717e-06	9.275888e-07	26476
181286	9.797583e-07	1.613743e-06	9.274481e-07	26476
189542	9.798483e-07	1.613769e-06	9.273075e-07	26476
197798	9.799382e-07	1.613796e-06	9.271668e-07	26476
206054	9.800283e-07	1.613822e-06	9.270262e-07	26476
214310	9.801182e-07	1.613848e-06	9.268855e-07	26476
222566	9.802081e-07	1.613874e-06	9.267448e-07	26476
230822	9.802981e-07	1.613900e-06	9.266041e-07	26476
239078	9.803879e-07	1.613926e-06	9.264634e-07	26476
247334	9.804778e-07	1.613953e-06	9.263227e-07	26476
255590	9.805676e-07	1.613979e-06	9.261819e-07	26476
263846	9.806574e-07	1.614005e-06	9.260411e-07	26476
272102	9.807472e-07	1.614031e-06	9.259004e-07	26476
280358	9.808371e-07	1.614057e-06	9.257596e-07	26476
288614	9.809269e-07	1.614084e-06	9.256188e-07	26476
296870	9.810166e-07	1.614110e-06	9.254780e-07	26476
305126	9.811063e-07	1.614136e-06	9.253372e-07	26476
313382	9.811960e-07	1.614162e-06	9.251964e-07	26476
321638	9.812857e-07	1.614188e-06	9.250555e-07	26476
329894	9.813754e-07	1.614215e-06	9.249147e-07	26476
338150	9.814650e-07	1.614241e-06	9.247738e-07	26476
346406	9.815545e-07	1.614267e-06	9.246330e-07	26476
354662	9.816442e-07	1.614293e-06	9.244920e-07	26476
362918	9.817338e-07	1.614319e-06	9.243511e-07	26476
371174	9.818233e-07	1.614346e-06	9.242102e-07	26476
379430	9.819129e-07	1.614372e-06	9.240693e-07	26476
387686	9.820023e-07	1.614398e-06	9.239283e-07	26476
395942	9.820918e-07	1.614424e-06	9.237874e-07	26476
404198	9.821813e-07	1.614451e-06	9.236464e-07	26476
412454	9.822708e-07	1.614477e-06	9.235054e-07	26476
420710	9.823602e-07	1.614503e-06	9.233644e-07	26476
428966	9.824496e-07	1.614529e-06	9.232234e-07	26476
437222	9.825389e-07	1.614555e-06	9.230824e-07	26476
445478	9.826284e-07	1.614582e-06	9.229414e-07	26476
453734	9.827177e-07	1.614608e-06	9.228003e-07	26476
461990	9.828070e-07	1.614634e-06	9.226592e-07	26476
470246	9.828964e-07	1.614661e-06	9.225182e-07	26476
478502	9.829856e-07	1.614687e-06	9.223771e-07	26476
486758	9.830749e-07	1.614713e-06	9.222360e-07	26476
495014	9.831641e-07	1.614739e-06	9.220949e-07	26476
503270	9.832534e-07	1.614766e-06	9.219538e-07	26476
511526	9.833426e-07	1.614792e-06	9.218126e-07	26476
519782	9.834317e-07	1.614818e-06	9.216715e-07	26476
528038	9.835209e-07	1.614844e-06	9.215303e-07	26476
536294	9.836100e-07	1.614871e-06	9.213891e-07	26476
544550	9.836991e-07	1.614897e-06	9.212479e-07	26476
552806	9.837883e-07	1.614923e-06	9.211067e-07	26476
561062	9.838773e-07	1.614949e-06	9.209655e-07	26476
569318	9.839664e-07	1.614976e-06	9.208243e-07	26476
577574	9.840554e-07	1.615002e-06	9.206831e-07	26476
585830	9.841444e-07	1.615028e-06	9.205418e-07	26476
594086	9.842333e-07	1.615054e-06	9.204005e-07	26476
602342	9.843224e-07	1.615081e-06	9.202593e-07	26476
610598	9.844113e-07	1.615107e-06	9.201179e-07	26476
618854	9.845003e-07	1.615133e-06	9.199767e-07	26476
627110	9.845892e-07	1.615160e-06	9.198354e-07	26476
635366	9.846780e-07	1.615186e-06	9.196940e-07	26476
643622	9.847669e-07	1.615212e-06	9.195527e-07	26476
651878	9.848558e-07	1.615238e-06	9.194113e-07	26476
660134	9.849446e-07	1.615265e-06	9.192700e-07	26476
668390	9.850334e-07	1.615291e-06	9.191286e-07	26476
676646	9.851221e-07	1.615318e-06	9.189872e-07	26476
684902	9.852109e-07	1.615344e-06	9.188458e-07	26476
693158	9.852996e-07	1.615370e-06	9.187044e-07	26476
701414	9.853883e-07	1.615396e-06	9.185629e-07	26476
709670	9.854771e-07	1.615423e-06	9.184215e-07	26476
717926	9.855657e-07	1.615449e-06	9.182800e-07	26476
726182	9.856543e-07	1.615475e-06	9.181385e-07	26476
734438	9.857430e-07	1.615502e-06	9.179971e-07	26476
742694	9.858317e-07	1.615528e-06	9.178556e-07	26476
750950	9.859202e-07	1.615554e-06	9.177141e-07	26476
759206	9.860088e-07	1.615581e-06	9.175725e-07	26476
767462	9.860973e-07	1.615607e-06	9.174310e-07	26476
775718	9.861858e-07	1.615633e-06	9.172895e-07	26476
783974	9.862744e-07	1.615660e-06	9.171479e-07	26476
792230	9.863628e-07	1.615686e-06	9.170063e-07	26476
800486	9.864513e-07	1.615712e-06	9.168648e-07	26476
808742	9.865397e-07	1.615739e-06	9.167232e-07	26476
816998	9.866282e-07	1.615765e-06	9.165815e-07	26476
825254	9.867166e-07	1.615791e-06	9.164399e-07	26476
833510	9.868049e-07	1.615818e-06	9.162983e-07	26476
841766	9.868933e-07	1.615844e-06	9.161566e-07	26476
850022	9.869816e-07	1.615870e-06	9.160150e-07	26476
858278	9.870699e-07	1.615897e-06	9.158733e-07	26476
866534	9.871583e-07	1.615923e-06	9.157316e-07	26476
874790	9.872465e-07	1.615949e-06	9.155900e-07	26476
883046	9.873348e-07	1.615976e-06	9.154483e-07	26476
891302	9.874230e-07	1.616002e-06	9.153065e-07	26476
899558	9.875113e-07	1.616029e-06	9.151648e-07	26476
907814	9.875995e-07	1.616055e-06	9.150230e-07	26476
916070	9.876876e-07	1.616081e-06	9.148812e-07	26476
924326	9.877757e-07	1.616108e-06	9.147395e-07	26476
932582	9.878639e-07	1.616134e-06	9.145977e-07	26476
940838	9.879520e-07	1.616160e-06	9.144559e-07	26476
949094	9.880400e-07	1.616187e-06	9.143141e-07	26476
957350	9.881281e-07	1.616213e-06	9.141723e-07	26476
965606	9.882162e-07	1.616240e-06	9.140304e-07	26476
973862	9.883042e-07	1.616266e-06	9.138886e-07	26476
982118	9.883922e-07	1.616292e-06	9.137467e-07	26476
990374	9.884802e-07	1.616319e-06	9.136048e-07	26476
998630	9.885681e-07	1.616345e-06	9.134629e-07	26476
1006886	9.886561e-07	1.616372e-06	9.133211e-07	26476
1015142	9.887440e-07	1.616398e-06	9.131792e-07	26476
1023398	9.888319e-07	1.616424e-06	9.130372e-07	26476
1031654	9.889197e-07	1.616451e-06	9.128953e-07	26476
1039910	9.890076e-07	1.616477e-06	9.127534e-07	26476
1048166	9.890955e-07	1.616504e-06	9.126114e-07	26476
1056422	9.891833e-07	1.616530e-06	9.124694e-07	26476
1064678	9.892710e-07	1.616556e-06	9.123274e-07	26476
1072934	9.893589e-07	1.616583e-06	9.121854e-07	26476
1081190	9.894466e-07	1.616609e-06	9.120434e-07	26476
1089446	9.895343e-07	1.616636e-06	9.119014e-07	26476
1097702	9.896221e-07	1.616662e-06	9.117593e-07	26476
1105958	9.897097e-07	1.616689e-06	9.116173e-07	26476
1114214	9.897974e-07	1.616715e-06	9.114752e-07	26476
1122470	9.898851e-07	1.616741e-06	9.113331e-07	26476
1130726	9.899727e-07	1.616768e-06	9.111911e-07	26476
1138982	9.900602e-07	1.616794e-06	9.110490e-07	26476
1147238	9.901479e-07	1.616821e-06	9.109069e-07	26476
1155494	9.902354e-07	1.616847e-06	9.107647e-07	26476
6290	6.940120e-07	1.619415e-06	1.044130e-06	17012
14546	6.941186e-07	1.619434e-06	1.044031e-06	17012
22802	6.942252e-07	1.619452e-06	1.043931e-06	17012
31058	6.943317e-07	1.619471e-06	1.043831e-06	17012
39314	6.944383e-07	1.619490e-06	1.043732e-06	17012
47570	6.945448e-07	1.619508e-06	1.043632e-06	17012
55826	6.946514e-07	1.619527e-06	1.043532e-06	17012
64082	6.947578e-07	1.619545e-06	1.043432e-06	17012
72338	6.948644e-07	1.619564e-06	1.043333e-06	17012
80594	6.949708e-07	1.619582e-06	1.043233e-06	17012
88850	6.950773e-07	1.619601e-06	1.043133e-06	17012
97106	6.951838e-07	1.619620e-06	1.043033e-06	17012
105362	6.952902e-07	1.619638e-06	1.042933e-06	17012
113618	6.953966e-07	1.619657e-06	1.042834e-06	17012
121874	6.955030e-07	1.619675e-06	1.042734e-06	17012
130130	6.956094e-07	1.619694e-06	1.042634e-06	17012
138386	6.957158e-07	1.619713e-06	1.042534e-06	17012
146642	6.958221e-07	1.619731e-06	1.042434e-06	17012
154898	6.959285e-07	1.619750e-06	1.042334e-06	17012
163154	6.960348e-07	1.619769e-06	1.042234e-06	17012
171410	6.961411e-07	1.619787e-06	1.042134e-06	17012
179666	6.962474e-07	1.619806e-06	1.042034e-06	17012
187922	6.963537e-07	1.619824e-06	1.041934e-06	17012
196178	6.964599e-07	1.619843e-06	1.041834e-06	17012
204434	6.965662e-07	1.619862e-06	1.041734e-06	17012
212690	6.966725e-07	1.619880e-06	1.041634e-06	17012
220946	6.967787e-07	1.619899e-06	1.041534e-06	17012
229202	6.968849e-07	1.619918e-06	1.041434e-06	17012
237458	6.969911e-07	1.619936e-06	1.041334e-06	17012
245714	6.970973e-07	1.619955e-06	1.041234e-06	17012
253970	6.972035e-07	1.619974e-06	1.041134e-06	17012
262226	6.973096e-07	1.619992e-06	1.041034e-06	17012
270482	6.974158e-07	1.620011e-06	1.040934e-06	17012
278738	6.975218e-07	1.620030e-06	1.040833e-06	17012
286994	6.976280e-07	1.620048e-06	1.040733e-06	17012
295250	6.977341e-07	1.620067e-06	1.040633e-06	17012
303506	6.978402e-07	1.620086e-06	1.040533e-06	17012
311762	6.979462e-07	1.620104e-06	1.040433e-06	17012
320018	6.980522e-07	1.620123e-06	1.040332e-06	17012
328274	6.981583e-07	1.620142e-06	1.040232e-06	17012
336530	6.982643e-07	1.620160e-06	1.040132e-06	17012
344786	6.983703e-07	1.620179e-06	1.040032e-06	17012
353042	6.984763e-07	1.620198e-06	1.039931e-06	17012
361298	6.985823e-07	1.620216e-06	1.039831e-06	17012
369554	6.986882e-07	1.620235e-06	1.039731e-06	17012
377810	6.987942e-07	1.620254e-06	1.039630e-06	17012
386066	6.989001e-07	1.620272e-06	1.039530e-06	17012
394322	6.990060e-07	1.620291e-06	1.039430e-06	17012
402578	6.991119e-07	1.620310e-06	1.039329e-06	17012
410834	6.992178e-07	1.620328e-06	1.039229e-06	17012
419090	6.993237e-07	1.620347e-06	1.039129e-06	17012
427346	6.994296e-07	1.620366e-06	1.039028e-06	17012
435602	6.995354e-07	1.620385e-06	1.038928e-06	17012
443858	6.996412e-07	1.620403e-06	1.038827e-06	17012
452114	6.997470e-07	1.620422e-06	1.038727e-06	17012
460370	6.998528e-07	1.620441e-06	1.038626e-06	17012
468626	6.999586e-07	1.620459e-06	1.038526e-06	17012
476882	7.000643e-07	1.620478e-06	1.038425e-06	17012
485138	7.001701e-07	1.620497e-06	1.038325e-06	17012
493394	7.002758e-07	1.620516e-06	1.038224e-06	17012
501650	7.003816e-07	1.620534e-06	1.038124e-06	17012
509906	7.004872e-07	1.620553e-06	1.038023e-06	17012
518162	7.005930e-07	1.620572e-06	1.037922e-06	17012
526418	7.006986e-07	1.620591e-06	1.037822e-06	17012
534674	7.008043e-07	1.620609e-06	1.037721e-06	17012
542930	7.009099e-07	1.620628e-06	1.037620e-06	17012
551186	7.010156e-07	1.620647e-06	1.037520e-06	17012
559442	7.011212e-07	1.620666e-06	1.037419e-06	17012
567698	7.012268e-07	1.620684e-06	1.037318e-06	17012
575954	7.013324e-07	1.620703e-06	1.037218e-06	17012
584210	7.014380e-07	1.620722e-06	1.037117e-06	17012
592466	7.015435e-07	1.620741e-06	1.037016e-06	17012
600722	7.016491e-07	1.620759e-06	1.036916e-06	17012
608978	7.017546e-07	1.620778e-06	1.036815e-06	17012
617234	7.018601e-07	1.620797e-06	1.036714e-06	17012
625490	7.019656e-07	1.620816e-06	1.036613e-06	17012
633746	7.020711e-07	1.620835e-06	1.036512e-06	17012
642002	7.021765e-07	1.620853e-06	1.036412e-06	17012
650258	7.022820e-07	1.620872e-06	1.036311e-06	17012
658514	7.023874e-07	1.620891e-06	1.036210e-06	17012
666770	7.024929e-07	1.620910e-06	1.036109e-06	17012
675026	7.025982e-07	1.620929e-06	1.036008e-06	17012
683282	7.027036e-07	1.620947e-06	1.035907e-06	17012
691538	7.028090e-07	1.620966e-06	1.035806e-06	17012
699794	7.029144e-07	1.620985e-06	1.035706e-06	17012
708050	7.030197e-07	1.621004e-06	1.035605e-06	17012
716306	7.031251e-07	1.621023e-06	1.035504e-06	17012
724562	7.032304e-07	1.621041e-06	1.035403e-06	17012
732818	7.033357e-07	1.621060e-06	1.035302e-06	17012
741074	7.034409e-07	1.621079e-06	1.035201e-06	17012
749330	7.035462e-07	1.621098e-06	1.035100e-06	17012
757586	7.036515e-07	1.621117e-06	1.034999e-06	17012
765842	7.037568e-07	1.621135e-06	1.034898e-06	17012
774098	7.038620e-07	1.621154e-06	1.034796e-06	17012
782354	7.039672e-07	1.621173e-06	1.034695e-06	17012
790610	7.040724e-07	1.621192e-06	1.034594e-06	17012
798866	7.041776e-07	1.621211e-06	1.034493e-06	17012
807122	7.042827e-07	1.621230e-06	1.034392e-06	17012
815378	7.043879e-07	1.621248e-06	1.034291e-06	17012
823634	7.044930e-07	1.621267e-06	1.034190e-06	17012
831890	7.045982e-07	1.621286e-06	1.034089e-06	17012
840146	7.047033e-07	1.621305e-06	1.033987e-06	17012
848402	7.048084e-07	1.621324e-06	1.033886e-06	17012
856658	7.049134e-07	1.621343e-06	1.033785e-06	17012
864914	7.050185e-07	1.621362e-06	1.033684e-06	17012
873170	7.051235e-07	1.621380e-06	1.033583e-06	17012
881426	7.052286e-07	1.621399e-06	1.033481e-06	17012
889682	7.053336e-07	1.621418e-06	1.033380e-06	17012
897938	7.054386e-07	1.621437e-06	1.033279e-06	17012
906194	7.055436e-07	1.621456e-06	1.033177e-06	17012
914450	7.056485e-07	1.621475e-06	1.033076e-06	17012
922706	7.057535e-07	1.621494e-06	1.032975e-06	17012
930962	7.058584e-07	1.621513e-06	1.032873e-06	17012
939218	7.059634e-07	1.621531e-06	1.032772e-06	17012
947474	7.060683e-07	1.621550e-06	1.032671e-06	17012
955730	7.061732e-07	1.621569e-06	1.032569e-06	17012
963986	7.062781e-07	1.621588e-06	1.032468e-06	17012
972242	7.063829e-07	1.621607e-06	1.032366e-06	17012
980498	7.064878e-07	1.621626e-06	1.032265e-06	17012
988754	7.065926e-07	1.621645e-06	1.032164e-06	17012
997010	7.066974e-07	1.621664e-06	1.032062e-06	17012
1005266	7.068023e-07	1.621683e-06	1.031961e-06	17012
1013522	7.069070e-07	1.621701e-06	1.031859e-06	17012
1021778	7.070118e-07	1.621720e-06	1.031758e-06	17012
1030034	7.071166e-07	1.621739e-06	1.031656e-06	17012
1038290	7.072213e-07	1.621758e-06	1.031555e-06	17012
1046546	7.073261e-07	1.621777e-06	1.031453e-06	17012
1054802	7.074308e-07	1.621796e-06	1.031351e-06	17012
1063058	7.075355e-07	1.621815e-06	1.031250e-06	17012
1071314	7.076401e-07	1.621834e-06	1.031148e-06	17012
1079570	7.077448e-07	1.621853e-06	1.031047e-06	17012
1087826	7.078495e-07	1.621872e-06	1.030945e-06	17012
1096082	7.079541e-07	1.621891e-06	1.030843e-06	17012
1104338	7.080587e-07	1.621910e-06	1.030742e-06	17012
1112594	7.081634e-07	1.621929e-06	1.030640e-06	17012
1120850	7.082680e-07	1.621948e-06	1.030538e-06	17012
1129106	7.083726e-07	1.621967e-06	1.030437e-06	17012
1137362	7.084771e-07	1.621985e-06	1.030335e-06	17012
1145618	7.085816e-07	1.622004e-06	1.030233e-06	17012
1153874	7.086862e-07	1.622023e-06	1.030131e-06	17012
5088	9.518850e-07	1.629815e-06	9.743776e-07	12665
13344	9.519813e-07	1.629840e-06	9.742409e-07	12665
21600	9.520776e-07	1.629866e-06	9.741043e-07	12665
29856	9.521739e-07	1.629891e-06	9.739676e-07	12665
38112	9.522701e-07	1.629917e-06	9.738310e-07	12665
46368	9.523663e-07	1.629942e-06	9.736942e-07	12665
54624	9.524626e-07	1.629968e-06	9.735576e-07	12665
62880	9.525588e-07	1.629993e-06	9.734208e-07	12665
71136	9.526549e-07	1.630018e-06	9.732840e-07	12665
79392	9.527511e-07	1.630044e-06	9.731473e-07	12665
87648	9.528472e-07	1.630069e-06	9.730105e-07	12665
95904	9.529434e-07	1.630095e-06	9.728737e-07	12665
104160	9.530394e-07	1.630120e-06	9.727370e-07	12665
112416	9.531355e-07	1.630146e-06	9.726002e-07	12665
120672	9.532316e-07	1.630171e-06	9.724633e-07	12665
128928	9.533276e-07	1.630197e-06	9.723266e-07	12665
137184	9.534236e-07	1.630222e-06	9.721897e-07	12665
145440	9.535196e-07	1.630248e-06	9.720528e-07	12665
153696	9.536155e-07	1.630273e-06	9.719159e-07	12665
161952	9.537115e-07	1.630299e-06	9.717791e-07	12665
170208	9.538074e-07	1.630324e-06	9.716422e-07	12665
178464	9.539034e-07	1.630350e-06	9.715052e-07	12665
186720	9.539992e-07	1.630375e-06	9.713683e-07	12665
194976	9.540951e-07	1.630400e-06	9.712313e-07	12665
203232	9.541909e-07	1.630426e-06	9.710944e-07	12665
211488	9.542867e-07	1.630451e-06	9.709574e-07	12665
219744	9.543826e-07	1.630477e-06	9.708205e-07	12665
228000	9.544784e-07	1.630502e-06	9.706835e-07	12665
236256	9.545741e-07	1.630528e-06	9.705465e-07	12665
244512	9.546699e-07	1.630553e-06	9.704094e-07	12665
252768	9.547656e-07	1.630579e-06	9.702724e-07	12665
261024	9.548613e-07	1.630605e-06	9.701353e-07	12665
269280	9.549570e-07	1.630630e-06	9.699983e-07	12665
277536	9.550527e-07	1.630655e-06	9.698612e-07	12665
285792	9.551484e-07	1.630681e-06	9.697241e-07	12665
294048	9.552440e-07	1.630706e-06	9.695869e-07	12665
302304	9.553396e-07	1.630732e-06	9.694498e-07	12665
310560	9.554351e-07	1.630758e-06	9.693127e-07	12665
318816	9.555307e-07	1.630783e-06	9.691755e-07	12665
327072	9.556262e-07	1.630809e-06	9.690384e-07	12665
335328	9.557218e-07	1.630834e-06	9.689012e-07	12665
343584	9.558173e-07	1.630860e-06	9.687640e-07	12665
351840	9.559128e-07	1.630885e-06	9.686268e-07	12665
360096	9.560082e-07	1.630911e-06	9.684895e-07	12665
368352	9.561037e-07	1.630936e-06	9.683523e-07	12665
376608	9.561991e-07	1.630962e-06	9.682151e-07	12665
384864	9.562945e-07	1.630987e-06	9.680779e-07	12665
393120	9.563898e-07	1.631013e-06	9.679405e-07	12665
401376	9.564852e-07	1.631038e-06	9.678033e-07	12665
409632	9.565806e-07	1.631064e-06	9.676660e-07	12665
417888	9.566759e-07	1.631090e-06	9.675286e-07	12665
426144	9.567711e-07	1.631115e-06	9.673913e-07	12665
434400	9.568665e-07	1.631141e-06	9.672540e-07	12665
442656	9.569617e-07	1.631166e-06	9.671166e-07	12665
450912	9.570570e-07	1.631192e-06	9.669793e-07	12665
459168	9.571522e-07	1.631217e-06	9.668419e-07	12665
467424	9.572474e-07	1.631243e-06	9.667045e-07	12665
475680	9.573425e-07	1.631268e-06	9.665671e-07	12665
483936	9.574377e-07	1.631294e-06	9.664296e-07	12665
492192	9.575328e-07	1.631320e-06	9.662922e-07	12665
500448	9.576280e-07	1.631345e-06	9.661547e-07	12665
508704	9.577230e-07	1.631371e-06	9.660173e-07	12665
516960	9.578182e-07	1.631396e-06	9.658798e-07	12665
525216	9.579132e-07	1.631422e-06	9.657423e-07	12665
533472	9.580083e-07	1.631448e-06	9.656048e-07	12665
541728	9.581032e-07	1.631473e-06	9.654673e-07	12665
549984	9.581983e-07	1.631499e-06	9.653297e-07	12665
558240	9.582932e-07	1.631524e-06	9.651923e-07	12665
566496	9.583882e-07	1.631550e-06	9.650547e-07	12665
574752	9.584832e-07	1.631576e-06	9.649170e-07	12665
583008	9.585780e-07	1.631601e-06	9.647795e-07	12665
591264	9.586729e-07	1.631627e-06	9.646419e-07	12665
599520	9.587678e-07	1.631652e-06	9.645042e-07	12665
607776	9.588626e-07	1.631678e-06	9.643667e-07	12665
616032	9.589575e-07	1.631704e-06	9.642290e-07	12665
624288	9.590523e-07	1.631729e-06	9.640913e-07	12665
632544	9.591471e-07	1.631755e-06	9.639537e-07	12665
640800	9.592418e-07	1.631780e-06	9.638160e-07	12665
649056	9.593366e-07	1.631806e-06	9.636783e-07	12665
657312	9.594313e-07	1.631832e-06	9.635406e-07	12665
665568	9.595260e-07	1.631857e-06	9.634028e-07	12665
673824	9.596207e-07	1.631883e-06	9.632652e-07	12665
682080	9.597154e-07	1.631909e-06	9.631274e-07	12665
690336	9.598100e-07	1.631934e-06	9.629896e-07	12665
698592	9.599047e-07	1.631960e-06	9.628518e-07	12665
706848	9.599993e-07	1.631985e-06	9.627140e-07	12665
715104	9.600939e-07	1.632011e-06	9.625762e-07	12665
723360	9.601885e-07	1.632037e-06	9.624384e-07	12665
731616	9.602829e-07	1.632062e-06	9.623006e-07	12665
739872	9.603775e-07	1.632088e-06	9.621627e-07	12665
748128	9.604720e-07	1.632114e-06	9.620248e-07	12665
756384	9.605665e-07	1.632139e-06	9.618871e-07	12665
764640	9.606609e-07	1.632165e-06	9.617492e-07	12665
772896	9.607554e-07	1.632191e-06	9.616112e-07	12665
781152	9.608498e-07	1.632216e-06	9.614733e-07	12665
789408	9.609441e-07	1.632242e-06	9.613354e-07	12665
797664	9.610386e-07	1.632268e-06	9.611974e-07	12665
805920	9.611330e-07	1.632293e-06	9.610595e-07	12665
814176	9.612272e-07	1.632319e-06	9.609215e-07	12665
822432	9.613216e-07	1.632345e-06	9.607835e-07	12665
830688	9.614159e-07	1.632370e-06	9.606456e-07	12665
838944	9.615102e-07	1.632396e-06	9.605076e-07	12665
847200	9.616044e-07	1.632422e-06	9.603696e-07	12665
855456	9.616987e-07	1.632447e-06	9.602315e-07	12665
863712	9.617929e-07	1.632473e-06	9.600934e-07	12665
871968	9.618871e-07	1.632499e-06	9.599554e-07	12665
880224	9.619813e-07	1.632525e-06	9.598173e-07	12665
888480	9.620754e-07	1.632550e-06	9.596793e-07	12665
896736	9.621696e-07	1.632576e-06	9.595411e-07	12665
904992	9.622637e-07	1.632602e-06	9.594030e-07	12665
913248	9.623577e-07	1.632627e-06	9.592649e-07	12665
921504	9.624518e-07	1.632653e-06	9.591267e-07	12665
929760	9.625459e-07	1.632679e-06	9.589886e-07	12665
938016	9.626399e-07	1.632705e-06	9.588504e-07	12665
946272	9.627339e-07	1.632730e-06	9.587122e-07	12665
954528	9.628279e-07	1.632756e-06	9.585740e-07	12665
962784	9.629218e-07	1.632782e-06	9.584357e-07	12665
971040	9.630159e-07	1.632807e-06	9.582976e-07	12665
979296	9.631098e-07	1.632833e-06	9.581594e-07	12665
987552	9.632037e-07	1.632859e-06	9.580211e-07	12665
995808	9.632976e-07	1.632885e-06	9.578828e-07	12665
1004064	9.633915e-07	1.632910e-06	9.577445e-07	12665
1012320	9.634853e-07	1.632936e-06	9.576063e-07	12665
1020576	9.635791e-07	1.632962e-06	9.574679e-07	12665
1028832	9.636730e-07	1.632988e-06	9.573297e-07	12665
1037088	9.637668e-07	1.633013e-06	9.571913e-07	12665
1045344	9.638604e-07	1.633039e-06	9.570530e-07	12665
1053600	9.639542e-07	1.633065e-06	9.569146e-07	12665
1061856	9.640479e-07	1.633091e-06	9.567763e-07	12665
1070112	9.641417e-07	1.633116e-06	9.566378e-07	12665
1078368	9.642354e-07	1.633142e-06	9.564994e-07	12665
1086624	9.643290e-07	1.633168e-06	9.563611e-07	12665
1094880	9.644226e-07	1.633194e-06	9.562226e-07	12665
1103136	9.645163e-07	1.633219e-06	9.560841e-07	12665
1111392	9.646099e-07	1.633245e-06	9.559457e-07	12665
1119648	9.647034e-07	1.633271e-06	9.558072e-07	12665
1127904	9.647970e-07	1.633297e-06	9.556687e-07	12665
1136160	9.648905e-07	1.633322e-06	9.555303e-07	12665
1144416	9.649841e-07	1.633348e-06	9.553918e-07	12665
1152672	9.650776e-07	1.633374e-06	9.552532e-07	12665
2033	6.482062e-07	1.673410e-06	1.112340e-06	4474
10289	6.483211e-07	1.673427e-06	1.112247e-06	4474
18545	6.484361e-07	1.673445e-06	1.112153e-06	4474
26801	6.485510e-07	1.673462e-06	1.112060e-06	4474
35057	6.486658e-07	1.673479e-06	1.111967e-06	4474
43313	6.487808e-07	1.673497e-06	1.111874e-06	4474
51569	6.488956e-07	1.673514e-06	1.111781e-06	4474
59825	6.490105e-07	1.673532e-06	1.111688e-06	4474
68081	6.491253e-07	1.673549e-06	1.111594e-06	4474
76337	6.492402e-07	1.673566e-06	1.111501e-06	4474
84593	6.493549e-07	1.673584e-06	1.111408e-06	4474
92849	6.494698e-07	1.673601e-06	1.111315e-06	4474
101105	6.495845e-07	1.673618e-06	1.111221e-06	4474
109361	6.496994e-07	1.673636e-06	1.111128e-06	4474
117617	6.498141e-07	1.673653e-06	1.111035e-06	4474
125873	6.499288e-07	1.673671e-06	1.110941e-06	4474
134129	6.500435e-07	1.673688e-06	1.110848e-06	4474
142385	6.501583e-07	1.673705e-06	1.110755e-06	4474
150641	6.502730e-07	1.673723e-06	1.110661e-06	4474
158897	6.503877e-07	1.673740e-06	1.110568e-06	4474
167153	6.505024e-07	1.673758e-06	1.110474e-06	4474
175409	6.506170e-07	1.673775e-06	1.110381e-06	4474
183665	6.507317e-07	1.673792e-06	1.110288e-06	4474
191921	6.508463e-07	1.673810e-06	1.110194e-06	4474
200177	6.509609e-07	1.673827e-06	1.110101e-06	4474
208433	6.510755e-07	1.673845e-06	1.110007e-06	4474
216689	6.511901e-07	1.673862e-06	1.109914e-06	4474
224945	6.513047e-07	1.673880e-06	1.109820e-06	4474
233201	6.514193e-07	1.673897e-06	1.109727e-06	4474
241457	6.515339e-07	1.673915e-06	1.109633e-06	4474
249713	6.516484e-07	1.673932e-06	1.109539e-06	4474
257969	6.517629e-07	1.673949e-06	1.109446e-06	4474
266225	6.518774e-07	1.673967e-06	1.109352e-06	4474
274481	6.519919e-07	1.673984e-06	1.109259e-06	4474
282737	6.521064e-07	1.674002e-06	1.109165e-06	4474
290993	6.522209e-07	1.674019e-06	1.109071e-06	4474
299249	6.523354e-07	1.674037e-06	1.108978e-06	4474
307505	6.524498e-07	1.674054e-06	1.108884e-06	4474
315761	6.525642e-07	1.674072e-06	1.108790e-06	4474
324017	6.526786e-07	1.674089e-06	1.108696e-06	4474
332273	6.527930e-07	1.674107e-06	1.108603e-06	4474
340529	6.529074e-07	1.674124e-06	1.108509e-06	4474
348785	6.530218e-07	1.674141e-06	1.108415e-06	4474
357041	6.531361e-07	1.674159e-06	1.108321e-06	4474
365297	6.532505e-07	1.674176e-06	1.108228e-06	4474
373553	6.533648e-07	1.674194e-06	1.108134e-06	4474
381809	6.534791e-07	1.674211e-06	1.108040e-06	4474
390065	6.535934e-07	1.674229e-06	1.107946e-06	4474
398321	6.537077e-07	1.674247e-06	1.107852e-06	4474
406577	6.538220e-07	1.674264e-06	1.107758e-06	4474
414833	6.539362e-07	1.674282e-06	1.107664e-06	4474
423089	6.540505e-07	1.674299e-06	1.107570e-06	4474
431345	6.541648e-07	1.674317e-06	1.107477e-06	4474
439601	6.542789e-07	1.674334e-06	1.107383e-06	4474
447857	6.543931e-07	1.674352e-06	1.107289e-06	4474
456113	6.545073e-07	1.674369e-06	1.107195e-06	4474
464369	6.546215e-07	1.674387e-06	1.107101e-06	4474
472625	6.547357e-07	1.674404e-06	1.107007e-06	4474
480881	6.548498e-07	1.674422e-06	1.106913e-06	4474
489137	6.549640e-07	1.674439e-06	1.106819e-06	4474
497393	6.550781e-07	1.674457e-06	1.106724e-06	4474
505649	6.551922e-07	1.674474e-06	1.106630e-06	4474
513905	6.553063e-07	1.674492e-06	1.106536e-06	4474
522161	6.554204e-07	1.674509e-06	1.106442e-06	4474
530417	6.555344e-07	1.674527e-06	1.106348e-06	4474
538673	6.556485e-07	1.674544e-06	1.106254e-06	4474
546929	6.557626e-07	1.674562e-06	1.106160e-06	4474
555185	6.558765e-07	1.674579e-06	1.106065e-06	4474
563441	6.559906e-07	1.674597e-06	1.105971e-06	4474
571697	6.561046e-07	1.674615e-06	1.105877e-06	4474
579953	6.562186e-07	1.674632e-06	1.105783e-06	4474
588209	6.563325e-07	1.674650e-06	1.105689e-06	4474
596465	6.564464e-07	1.674667e-06	1.105594e-06	4474
604721	6.565604e-07	1.674685e-06	1.105500e-06	4474
612977	6.566743e-07	1.674703e-06	1.105406e-06	4474
621233	6.567882e-07	1.674720e-06	1.105311e-06	4474
629489	6.569022e-07	1.674738e-06	1.105217e-06	4474
637745	6.570160e-07	1.674755e-06	1.105123e-06	4474
646001	6.571299e-07	1.674773e-06	1.105028e-06	4474
654257	6.572437e-07	1.674790e-06	1.104934e-06	4474
662513	6.573576e-07	1.674808e-06	1.104840e-06	4474
670769	6.574714e-07	1.674826e-06	1.104745e-06	4474
679025	6.575852e-07	1.674843e-06	1.104651e-06	4474
687281	6.576990e-07	1.674861e-06	1.104556e-06	4474
695537	6.578128e-07	1.674878e-06	1.104462e-06	4474
703793	6.579266e-07	1.674896e-06	1.104367e-06	4474
712049	6.580403e-07	1.674914e-06	1.104273e-06	4474
720305	6.581541e-07	1.674931e-06	1.104178e-06	4474
728561	6.582678e-07	1.674949e-06	1.104084e-06	4474
736817	6.583816e-07	1.674966e-06	1.103989e-06	4474
745073	6.584953e-07	1.674984e-06	1.103895e-06	4474
753329	6.586089e-07	1.675002e-06	1.103800e-06	4474
761585	6.587226e-07	1.675019e-06	1.103706e-06	4474
769841	6.588363e-07	1.675037e-06	1.103611e-06	4474
778097	6.589499e-07	1.675055e-06	1.103516e-06	4474
786353	6.590636e-07	1.675072e-06	1.103422e-06	4474
794609	6.591771e-07	1.675090e-06	1.103327e-06	4474
802865	6.592908e-07	1.675108e-06	1.103232e-06	4474
811121	6.594043e-07	1.675125e-06	1.103138e-06	4474
819377	6.595179e-07	1.675143e-06	1.103043e-06	4474
827633	6.596315e-07	1.675161e-06	1.102948e-06	4474
835889	6.597451e-07	1.675178e-06	1.102854e-06	4474
844145	6.598586e-07	1.675196e-06	1.102759e-06	4474
852401	6.599721e-07	1.675214e-06	1.102664e-06	4474
860657	6.600856e-07	1.675231e-06	1.102569e-06	4474
868913	6.601991e-07	1.675249e-06	1.102474e-06	4474
877169	6.603126e-07	1.675267e-06	1.102380e-06	4474
885425	6.604261e-07	1.675284e-06	1.102285e-06	4474
893681	6.605395e-07	1.675302e-06	1.102190e-06	4474
901937	6.606529e-07	1.675320e-06	1.102095e-06	4474
910193	6.607663e-07	1.675337e-06	1.102000e-06	4474
918449	6.608797e-07	1.675355e-06	1.101905e-06	4474
926705	6.609931e-07	1.675373e-06	1.101810e-06	4474
934961	6.611065e-07	1.675390e-06	1.101715e-06	4474
943217	6.612199e-07	1.675408e-06	1.101620e-06	4474
951473	6.613332e-07	1.675426e-06	1.101525e-06	4474
959729	6.614466e-07	1.675444e-06	1.101430e-06	4474
967985	6.615599e-07	1.675461e-06	1.101335e-06	4474
976241	6.616732e-07	1.675479e-06	1.101240e-06	4474
984497	6.617865e-07	1.675497e-06	1.101145e-06	4474
992753	6.618998e-07	1.675514e-06	1.101050e-06	4474
1001009	6.620131e-07	1.675532e-06	1.100955e-06	4474
1009265	6.621263e-07	1.675550e-06	1.100860e-06	4474
1017521	6.622395e-07	1.675568e-06	1.100765e-06	4474
1025777	6.623528e-07	1.675585e-06	1.100670e-06	4474
1034033	6.624659e-07	1.675603e-06	1.100575e-06	4474
1042289	6.625792e-07	1.675621e-06	1.100480e-06	4474
1050545	6.626923e-07	1.675638e-06	1.100385e-06	4474
1058801	6.628055e-07	1.675656e-06	1.100289e-06	4474
1067057	6.629186e-07	1.675674e-06	1.100194e-06	4474
1075313	6.630318e-07	1.675692e-06	1.100099e-06	4474
1083569	6.631449e-07	1.675709e-06	1.100004e-06	4474
1091825	6.632580e-07	1.675727e-06	1.099908e-06	4474
1100081	6.633711e-07	1.675745e-06	1.099813e-06	4474
1108337	6.634842e-07	1.675763e-06	1.099718e-06	4474
1116593	6.635973e-07	1.675780e-06	1.099623e-06	4474
1124849	6.637104e-07	1.675798e-06	1.099527e-06	4474
1133105	6.638234e-07	1.675816e-06	1.099432e-06	4474
1141361	6.639364e-07	1.675834e-06	1.099337e-06	4474
1149617	6.640494e-07	1.675852e-06	1.099241e-06	4474
7856	5.007144e-07	1.678691e-06	1.148959e-06	25963
16112	5.008345e-07	1.678705e-06	1.148887e-06	25963
24368	5.009545e-07	1.678718e-06	1.148815e-06	25963
32624	5.010745e-07	1.678732e-06	1.148743e-06	25963
40880	5.011946e-07	1.678745e-06	1.148671e-06	25963
49136	5.013146e-07	1.678759e-06	1.148599e-06	25963
57392	5.014346e-07	1.678772e-06	1.148527e-06	25963
65648	5.015546e-07	1.678786e-06	1.148455e-06	25963
73904	5.016745e-07	1.678799e-06	1.148383e-06	25963
82160	5.017945e-07	1.678813e-06	1.148311e-06	25963
90416	5.019145e-07	1.678826e-06	1.148239e-06	25963
98672	5.020344e-07	1.678839e-06	1.148167e-06	25963
106928	5.021544e-07	1.678853e-06	1.148094e-06	25963
115184	5.022742e-07	1.678866e-06	1.148022e-06	25963
123440	5.023942e-07	1.678880e-06	1.147950e-06	25963
131696	5.025141e-07	1.678893e-06	1.147878e-06	25963
139952	5.026340e-07	1.678907e-06	1.147806e-06	25963
148208	5.027538e-07	1.678920e-06	1.147733e-06	25963
156464	5.028737e-07	1.678934e-06	1.147661e-06	25963
164720	5.029936e-07	1.678947e-06	1.147589e-06	25963
172976	5.031134e-07	1.678961e-06	1.147517e-06	25963
181232	5.032333e-07	1.678974e-06	1.147444e-06	25963
189488	5.033531e-07	1.678988e-06	1.147372e-06	25963
197744	5.034729e-07	1.679001e-06	1.147300e-06	25963
206000	5.035927e-07	1.679015e-06	1.147227e-06	25963
214256	5.037125e-07	1.679028e-06	1.147155e-06	25963
222512	5.038323e-07	1.679042e-06	1.147083e-06	25963
230768	5.039521e-07	1.679055e-06	1.147010e-06	25963
239024	5.040719e-07	1.679069e-06	1.146938e-06	25963
247280	5.041916e-07	1.679082e-06	1.146865e-06	25963
255536	5.043113e-07	1.679096e-06	1.146793e-06	25963
263792	5.044311e-07	1.679109e-06	1.146720e-06	25963
272048	5.045508e-07	1.679123e-06	1.146648e-06	25963
280304	5.046705e-07	1.679136e-06	1.146575e-06	25963
288560	5.047902e-07	1.679150e-06	1.146503e-06	25963
296816	5.049099e-07	1.679164e-06	1.146430e-06	25963
305072	5.050296e-07	1.679177e-06	1.146358e-06	25963
313328	5.051492e-07	1.679191e-06	1.146285e-06	25963
321584	5.052689e-07	1.679204e-06	1.146213e-06	25963
329840	5.053885e-07	1.679218e-06	1.146140e-06	25963
338096	5.055082e-07	1.679231e-06	1.146067e-06	25963
346352	5.056278e-07	1.679245e-06	1.145995e-06	25963
354608	5.057474e-07	1.679258e-06	1.145922e-06	25963
362864	5.058670e-07	1.679272e-06	1.145849e-06	25963
371120	5.059866e-07	1.679286e-06	1.145777e-06	25963
379376	5.061062e-07	1.679299e-06	1.145704e-06	25963
387632	5.062258e-07	1.679313e-06	1.145631e-06	25963
395888	5.063453e-07	1.679326e-06	1.145559e-06	25963
404144	5.064649e-07	1.679340e-06	1.145486e-06	25963
412400	5.065844e-07	1.679353e-06	1.145413e-06	25963
420656	5.067039e-07	1.679367e-06	1.145340e-06	25963
428912	5.068234e-07	1.679381e-06	1.145267e-06	25963
437168	5.069430e-07	1.679394e-06	1.145195e-06	25963
445424	5.070625e-07	1.679408e-06	1.145122e-06	25963
453680	5.071819e-07	1.679421e-06	1.145049e-06	25963
461936	5.073014e-07	1.679435e-06	1.144976e-06	25963
470192	5.074209e-07	1.679449e-06	1.144903e-06	25963
478448	5.075403e-07	1.679462e-06	1.144830e-06	25963
486704	5.076598e-07	1.679476e-06	1.144757e-06	25963
494960	5.077792e-07	1.679490e-06	1.144684e-06	25963
503216	5.078986e-07	1.679503e-06	1.144611e-06	25963
511472	5.080180e-07	1.679517e-06	1.144538e-06	25963
519728	5.081374e-07	1.679530e-06	1.144465e-06	25963
527984	5.082568e-07	1.679544e-06	1.144392e-06	25963
536240	5.083762e-07	1.679558e-06	1.144319e-06	25963
544496	5.084955e-07	1.679571e-06	1.144246e-06	25963
552752	5.086148e-07	1.679585e-06	1.144173e-06	25963
561008	5.087342e-07	1.679599e-06	1.144100e-06	25963
569264	5.088535e-07	1.679612e-06	1.144027e-06	25963
577520	5.089728e-07	1.679626e-06	1.143954e-06	25963
585776	5.090922e-07	1.679639e-06	1.143881e-06	25963
594032	5.092115e-07	1.679653e-06	1.143808e-06	25963
602288	5.093308e-07	1.679667e-06	1.143734e-06	25963
610544	5.094500e-07	1.679680e-06	1.143661e-06	25963
618800	5.095693e-07	1.679694e-06	1.143588e-06	25963
627056	5.096886e-07	1.679708e-06	1.143515e-06	25963
635312	5.098078e-07	1.679721e-06	1.143442e-06	25963
643568	5.099270e-07	1.679735e-06	1.143368e-06	25963
651824	5.100463e-07	1.679749e-06	1.143295e-06	25963
660080	5.101655e-07	1.679762e-06	1.143222e-06	25963
668336	5.102847e-07	1.679776e-06	1.143148e-06	25963
676592	5.104039e-07	1.679790e-06	1.143075e-06	25963
684848	5.105231e-07	1.679804e-06	1.143002e-06	25963
693104	5.106422e-07	1.679817e-06	1.142928e-06	25963
701360	5.107614e-07	1.679831e-06	1.142855e-06	25963
709616	5.108805e-07	1.679845e-06	1.142782e-06	25963
717872	5.109997e-07	1.679858e-06	1.142708e-06	25963
726128	5.111188e-07	1.679872e-06	1.142635e-06	25963
734384	5.112379e-07	1.679886e-06	1.142561e-06	25963
742640	5.113570e-07	1.679899e-06	1.142488e-06	25963
750896	5.114761e-07	1.679913e-06	1.142414e-06	25963
759152	5.115952e-07	1.679927e-06	1.142341e-06	25963
767408	5.117142e-07	1.679941e-06	1.142267e-06	25963
775664	5.118333e-07	1.679954e-06	1.142194e-06	25963
783920	5.119524e-07	1.679968e-06	1.142120e-06	25963
792176	5.120714e-07	1.679982e-06	1.142047e-06	25963
800432	5.121904e-07	1.679996e-06	1.141973e-06	25963
808688	5.123094e-07	1.680009e-06	1.141900e-06	25963
816944	5.124285e-07	1.680023e-06	1.141826e-06	25963
825200	5.125474e-07	1.680037e-06	1.141752e-06	25963
833456	5.126664e-07	1.680051e-06	1.141679e-06	25963
841712	5.127854e-07	1.680064e-06	1.141605e-06	25963
849968	5.129044e-07	1.680078e-06	1.141531e-06	25963
858224	5.130233e-07	1.680092e-06	1.141458e-06	25963
866480	5.131423e-07	1.680106e-06	1.141384e-06	25963
874736	5.132612e-07	1.680119e-06	1.141310e-06	25963
882992	5.133801e-07	1.680133e-06	1.141236e-06	25963
891248	5.134990e-07	1.680147e-06	1.141163e-06	25963
899504	5.136179e-07	1.680161e-06	1.141089e-06	25963
907760	5.137368e-07	1.680174e-06	1.141015e-06	25963
916016	5.138556e-07	1.680188e-06	1.140941e-06	25963
924272	5.139745e-07	1.680202e-06	1.140867e-06	25963
932528	5.140934e-07	1.680216e-06	1.140794e-06	25963
940784	5.142122e-07	1.680230e-06	1.140720e-06	25963
949040	5.143310e-07	1.680243e-06	1.140646e-06	25963
957296	5.144499e-07	1.680257e-06	1.140572e-06	25963
965552	5.145687e-07	1.680271e-06	1.140498e-06	25963
973808	5.146875e-07	1.680285e-06	1.140424e-06	25963
982064	5.148062e-07	1.680299e-06	1.140350e-06	25963
990320	5.149250e-07	1.680312e-06	1.140276e-06	25963
998576	5.150438e-07	1.680326e-06	1.140202e-06	25963
1006832	5.151625e-07	1.680340e-06	1.140128e-06	25963
1015088	5.152813e-07	1.680354e-06	1.140054e-06	25963
1023344	5.154000e-07	1.680368e-06	1.139980e-06	25963
1031600	5.155188e-07	1.680381e-06	1.139906e-06	25963
1039856	5.156375e-07	1.680395e-06	1.139832e-06	25963
1048112	5.157561e-07	1.680409e-06	1.139758e-06	25963
1056368	5.158748e-07	1.680423e-06	1.139684e-06	25963
1064624	5.159935e-07	1.680437e-06	1.139610e-06	25963
1072880	5.161122e-07	1.680451e-06	1.139535e-06	25963
1081136	5.162308e-07	1.680464e-06	1.139461e-06	25963
1089392	5.163495e-07	1.680478e-06	1.139387e-06	25963
1097648	5.164681e-07	1.680492e-06	1.139313e-06	25963
1105904	5.165867e-07	1.680506e-06	1.139239e-06	25963
1114160	5.167053e-07	1.680520e-06	1.139164e-06	25963
1122416	5.168239e-07	1.680534e-06	1.139090e-06	25963
1130672	5.169425e-07	1.680547e-06	1.139016e-06	25963
1138928	5.170611e-07	1.680561e-06	1.138942e-06	25963
1147184	5.171797e-07	1.680575e-06	1.138867e-06	25963
1155440	5.172982e-07	1.680589e-06	1.138793e-06	25963
6108	1.017945e-06	1.688122e-06	9.793141e-07	16254
14364	1.018041e-06	1.688149e-06	9.791680e-07	16254
22620	1.018136e-06	1.688176e-06	9.790219e-07	16254
30876	1.018232e-06	1.688204e-06	9.788757e-07	16254
39132	1.018327e-06	1.688231e-06	9.787296e-07	16254
47388	1.018422e-06	1.688258e-06	9.785834e-07	16254
55644	1.018518e-06	1.688285e-06	9.784372e-07	16254
63900	1.018613e-06	1.688312e-06	9.782910e-07	16254
72156	1.018708e-06	1.688340e-06	9.781448e-07	16254
80412	1.018804e-06	1.688367e-06	9.779986e-07	16254
88668	1.018899e-06	1.688394e-06	9.778523e-07	16254
96924	1.018994e-06	1.688421e-06	9.777061e-07	16254
105180	1.019089e-06	1.688448e-06	9.775598e-07	16254
113436	1.019185e-06	1.688476e-06	9.774135e-07	16254
121692	1.019280e-06	1.688503e-06	9.772673e-07	16254
129948	1.019375e-06	1.688530e-06	9.771210e-07	16254
138204	1.019470e-06	1.688557e-06	9.769745e-07	16254
146460	1.019565e-06	1.688585e-06	9.768282e-07	16254
154716	1.019660e-06	1.688612e-06	9.766819e-07	16254
162972	1.019755e-06	1.688639e-06	9.765356e-07	16254
171228	1.019851e-06	1.688666e-06	9.763892e-07	16254
179484	1.019946e-06	1.688693e-06	9.762427e-07	16254
187740	1.020041e-06	1.688721e-06	9.760963e-07	16254
195996	1.020136e-06	1.688748e-06	9.759500e-07	16254
204252	1.020230e-06	1.688775e-06	9.758036e-07	16254
212508	1.020325e-06	1.688803e-06	9.756570e-07	16254
220764	1.020420e-06	1.688830e-06	9.755106e-07	16254
229020	1.020515e-06	1.688857e-06	9.753642e-07	16254
237276	1.020610e-06	1.688884e-06	9.752176e-07	16254
245532	1.020705e-06	1.688912e-06	9.750712e-07	16254
253788	1.020800e-06	1.688939e-06	9.749247e-07	16254
262044	1.020895e-06	1.688966e-06	9.747781e-07	16254
270300	1.020990e-06	1.688993e-06	9.746316e-07	16254
278556	1.021084e-06	1.689021e-06	9.744850e-07	16254
286812	1.021179e-06	1.689048e-06	9.743385e-07	16254
295068	1.021274e-06	1.689075e-06	9.741918e-07	16254
303324	1.021368e-06	1.689102e-06	9.740453e-07	16254
311580	1.021463e-06	1.689130e-06	9.738986e-07	16254
319836	1.021558e-06	1.689157e-06	9.737520e-07	16254
328092	1.021652e-06	1.689184e-06	9.736054e-07	16254
336348	1.021747e-06	1.689212e-06	9.734588e-07	16254
344604	1.021842e-06	1.689239e-06	9.733121e-07	16254
352860	1.021936e-06	1.689266e-06	9.731654e-07	16254
361116	1.022031e-06	1.689293e-06	9.730187e-07	16254
369372	1.022125e-06	1.689321e-06	9.728720e-07	16254
377628	1.022220e-06	1.689348e-06	9.727253e-07	16254
385884	1.022314e-06	1.689375e-06	9.725785e-07	16254
394140	1.022409e-06	1.689403e-06	9.724318e-07	16254
402396	1.022503e-06	1.689430e-06	9.722851e-07	16254
410652	1.022598e-06	1.689457e-06	9.721383e-07	16254
418908	1.022692e-06	1.689485e-06	9.719915e-07	16254
427164	1.022786e-06	1.689512e-06	9.718447e-07	16254
435420	1.022881e-06	1.689539e-06	9.716979e-07	16254
443676	1.022975e-06	1.689566e-06	9.715510e-07	16254
451932	1.023070e-06	1.689594e-06	9.714042e-07	16254
460188	1.023164e-06	1.689621e-06	9.712574e-07	16254
468444	1.023258e-06	1.689648e-06	9.711105e-07	16254
476700	1.023352e-06	1.689676e-06	9.709636e-07	16254
484956	1.023447e-06	1.689703e-06	9.708167e-07	16254
493212	1.023541e-06	1.689730e-06	9.706698e-07	16254
501468	1.023635e-06	1.689758e-06	9.705229e-07	16254
509724	1.023729e-06	1.689785e-06	9.703759e-07	16254
517980	1.023823e-06	1.689813e-06	9.702291e-07	16254
526236	1.023917e-06	1.689840e-06	9.700821e-07	16254
534492	1.024012e-06	1.689867e-06	9.699351e-07	16254
542748	1.024106e-06	1.689894e-06	9.697881e-07	16254
551004	1.024200e-06	1.689922e-06	9.696411e-07	16254
559260	1.024294e-06	1.689949e-06	9.694941e-07	16254
567516	1.024388e-06	1.689977e-06	9.693471e-07	16254
575772	1.024482e-06	1.690004e-06	9.692000e-07	16254
584028	1.024576e-06	1.690031e-06	9.690530e-07	16254
592284	1.024670e-06	1.690059e-06	9.689059e-07	16254
600540	1.024764e-06	1.690086e-06	9.687587e-07	16254
608796	1.024858e-06	1.690113e-06	9.686116e-07	16254
617052	1.024951e-06	1.690141e-06	9.684645e-07	16254
625308	1.025045e-06	1.690168e-06	9.683174e-07	16254
633564	1.025139e-06	1.690196e-06	9.681703e-07	16254
641820	1.025233e-06	1.690223e-06	9.680232e-07	16254
650076	1.025327e-06	1.690250e-06	9.678760e-07	16254
658332	1.025420e-06	1.690278e-06	9.677289e-07	16254
666588	1.025514e-06	1.690305e-06	9.675816e-07	16254
674844	1.025608e-06	1.690332e-06	9.674344e-07	16254
683100	1.025702e-06	1.690360e-06	9.672872e-07	16254
691356	1.025795e-06	1.690387e-06	9.671400e-07	16254
699612	1.025889e-06	1.690415e-06	9.669927e-07	16254
707868	1.025983e-06	1.690442e-06	9.668455e-07	16254
716124	1.026076e-06	1.690469e-06	9.666982e-07	16254
724380	1.026170e-06	1.690497e-06	9.665509e-07	16254
732636	1.026263e-06	1.690524e-06	9.664036e-07	16254
740892	1.026357e-06	1.690552e-06	9.662563e-07	16254
749148	1.026450e-06	1.690579e-06	9.661089e-07	16254
757404	1.026544e-06	1.690606e-06	9.659616e-07	16254
765660	1.026638e-06	1.690634e-06	9.658143e-07	16254
773916	1.026731e-06	1.690661e-06	9.656669e-07	16254
782172	1.026824e-06	1.690689e-06	9.655196e-07	16254
790428	1.026918e-06	1.690716e-06	9.653721e-07	16254
798684	1.027011e-06	1.690744e-06	9.652248e-07	16254
806940	1.027105e-06	1.690771e-06	9.650773e-07	16254
815196	1.027198e-06	1.690798e-06	9.649299e-07	16254
823452	1.027291e-06	1.690826e-06	9.647824e-07	16254
831708	1.027385e-06	1.690853e-06	9.646350e-07	16254
839964	1.027478e-06	1.690881e-06	9.644875e-07	16254
848220	1.027571e-06	1.690908e-06	9.643401e-07	16254
856476	1.027664e-06	1.690936e-06	9.641925e-07	16254
864732	1.027758e-06	1.690963e-06	9.640451e-07	16254
872988	1.027851e-06	1.690991e-06	9.638975e-07	16254
881244	1.027944e-06	1.691018e-06	9.637499e-07	16254
889500	1.028037e-06	1.691045e-06	9.636024e-07	16254
897756	1.028130e-06	1.691073e-06	9.634548e-07	16254
906012	1.028223e-06	1.691100e-06	9.633072e-07	16254
914268	1.028317e-06	1.691128e-06	9.631597e-07	16254
922524	1.028410e-06	1.691155e-06	9.630121e-07	16254
930780	1.028503e-06	1.691183e-06	9.628644e-07	16254
939036	1.028596e-06	1.691210e-06	9.627169e-07	16254
947292	1.028689e-06	1.691238e-06	9.625692e-07	16254
955548	1.028782e-06	1.691265e-06	9.624215e-07	16254
963804	1.028875e-06	1.691293e-06	9.622738e-07	16254
972060	1.028968e-06	1.691320e-06	9.621261e-07	16254
980316	1.029061e-06	1.691348e-06	9.619785e-07	16254
988572	1.029153e-06	1.691375e-06	9.618308e-07	16254
996828	1.029246e-06	1.691403e-06	9.616830e-07	16254
1005084	1.029339e-06	1.691430e-06	9.615353e-07	16254
1013340	1.029432e-06	1.691457e-06	9.613875e-07	16254
1021596	1.029525e-06	1.691485e-06	9.612397e-07	16254
1029852	1.029618e-06	1.691512e-06	9.610919e-07	16254
1038108	1.029710e-06	1.691540e-06	9.609441e-07	16254
1046364	1.029803e-06	1.691567e-06	9.607963e-07	16254
1054620	1.029896e-06	1.691595e-06	9.606485e-07	16254
1062876	1.029989e-06	1.691623e-06	9.605008e-07	16254
1071132	1.030081e-06	1.691650e-06	9.603528e-07	16254
1079388	1.030174e-06	1.691678e-06	9.602051e-07	16254
1087644	1.030267e-06	1.691705e-06	9.600572e-07	16254
1095900	1.030359e-06	1.691733e-06	9.599092e-07	16254
1104156	1.030452e-06	1.691760e-06	9.597613e-07	16254
1112412	1.030544e-06	1.691788e-06	9.596134e-07	16254
1120668	1.030637e-06	1.691815e-06	9.594655e-07	16254
1128924	1.030729e-06	1.691843e-06	9.593176e-07	16254
1137180	1.030822e-06	1.691870e-06	9.591696e-07	16254
1145436	1.030914e-06	1.691898e-06	9.590217e-07	16254
1153692	1.031007e-06	1.691925e-06	9.588737e-07	16254
5247	8.920255e-07	1.693613e-06	1.027329e-06	13179
13503	8.921277e-07	1.693636e-06	1.027201e-06	13179
21759	8.922299e-07	1.693660e-06	1.027073e-06	13179
30015	8.923321e-07	1.693684e-06	1.026945e-06	13179
38271	8.924342e-07	1.693708e-06	1.026817e-06	13179
46527	8.925364e-07	1.693732e-06	1.026689e-06	13179
54783	8.926385e-07	1.693756e-06	1.026561e-06	13179
63039	8.927406e-07	1.693779e-06	1.026433e-06	13179
71295	8.928427e-07	1.693803e-06	1.026304e-06	13179
79551	8.929447e-07	1.693827e-06	1.026176e-06	13179
87807	8.930468e-07	1.693851e-06	1.026048e-06	13179
96063	8.931488e-07	1.693875e-06	1.025920e-06	13179
104319	8.932508e-07	1.693899e-06	1.025792e-06	13179
112575	8.933528e-07	1.693923e-06	1.025663e-06	13179
120831	8.934547e-07	1.693947e-06	1.025535e-06	13179
129087	8.935567e-07	1.693970e-06	1.025407e-06	13179
137343	8.936586e-07	1.693994e-06	1.025279e-06	13179
145599	8.937605e-07	1.694018e-06	1.025150e-06	13179
153855	8.938624e-07	1.694042e-06	1.025022e-06	13179
162111	8.939643e-07	1.694066e-06	1.024894e-06	13179
170367	8.940661e-07	1.694090e-06	1.024765e-06	13179
178623	8.941680e-07	1.694114e-06	1.024637e-06	13179
186879	8.942698e-07	1.694138e-06	1.024509e-06	13179
195135	8.943716e-07	1.694162e-06	1.024380e-06	13179
203391	8.944733e-07	1.694185e-06	1.024252e-06	13179
211647	8.945751e-07	1.694209e-06	1.024123e-06	13179
219903	8.946768e-07	1.694233e-06	1.023995e-06	13179
228159	8.947786e-07	1.694257e-06	1.023867e-06	13179
236415	8.948803e-07	1.694281e-06	1.023738e-06	13179
244671	8.949819e-07	1.694305e-06	1.023610e-06	13179
252927	8.950836e-07	1.694329e-06	1.023481e-06	13179
261183	8.951852e-07	1.694353e-06	1.023353e-06	13179
269439	8.952869e-07	1.694377e-06	1.023224e-06	13179
277695	8.953884e-07	1.694401e-06	1.023095e-06	13179
285951	8.954900e-07	1.694425e-06	1.022967e-06	13179
294207	8.955916e-07	1.694449e-06	1.022838e-06	13179
302463	8.956931e-07	1.694473e-06	1.022710e-06	13179
310719	8.957946e-07	1.694496e-06	1.022581e-06	13179
318975	8.958962e-07	1.694520e-06	1.022453e-06	13179
327231	8.959976e-07	1.694544e-06	1.022324e-06	13179
335487	8.960991e-07	1.694568e-06	1.022195e-06	13179
343743	8.962006e-07	1.694592e-06	1.022067e-06	13179
351999	8.963020e-07	1.694616e-06	1.021938e-06	13179
360255	8.964034e-07	1.694640e-06	1.021809e-06	13179
368511	8.965048e-07	1.694664e-06	1.021681e-06	13179
376767	8.966062e-07	1.694688e-06	1.021552e-06	13179
385023	8.967075e-07	1.694712e-06	1.021423e-06	13179
393279	8.968088e-07	1.694736e-06	1.021295e-06	13179
401535	8.969102e-07	1.694760e-06	1.021166e-06	13179
409791	8.970115e-07	1.694784e-06	1.021037e-06	13179
418047	8.971127e-07	1.694808e-06	1.020908e-06	13179
426303	8.972140e-07	1.694832e-06	1.020779e-06	13179
434559	8.973153e-07	1.694856e-06	1.020651e-06	13179
442815	8.974164e-07	1.694880e-06	1.020522e-06	13179
451071	8.975177e-07	1.694904e-06	1.020393e-06	13179
459327	8.976189e-07	1.694928e-06	1.020264e-06	13179
467583	8.977200e-07	1.694952e-06	1.020135e-06	13179
475839	8.978212e-07	1.694976e-06	1.020006e-06	13179
484095	8.979223e-07	1.695000e-06	1.019877e-06	13179
492351	8.980234e-07	1.695024e-06	1.019749e-06	13179
500607	8.981245e-07	1.695048e-06	1.019620e-06	13179
508863	8.982256e-07	1.695072e-06	1.019491e-06	13179
517119	8.983266e-07	1.695096e-06	1.019362e-06	13179
525375	8.984276e-07	1.695120e-06	1.019233e-06	13179
533631	8.985286e-07	1.695144e-06	1.019104e-06	13179
541887	8.986296e-07	1.695168e-06	1.018975e-06	13179
550143	8.987306e-07	1.695192e-06	1.018846e-06	13179
558399	8.988316e-07	1.695216e-06	1.018717e-06	13179
566655	8.989325e-07	1.695240e-06	1.018588e-06	13179
574911	8.990334e-07	1.695264e-06	1.018459e-06	13179
583167	8.991342e-07	1.695288e-06	1.018330e-06	13179
591423	8.992351e-07	1.695312e-06	1.018201e-06	13179
599679	8.993360e-07	1.695336e-06	1.018071e-06	13179
607935	8.994368e-07	1.695360e-06	1.017942e-06	13179
616191	8.995377e-07	1.695384e-06	1.017813e-06	13179
624447	8.996385e-07	1.695408e-06	1.017684e-06	13179
632703	8.997392e-07	1.695432e-06	1.017555e-06	13179
640959	8.998400e-07	1.695456e-06	1.017426e-06	13179
649215	8.999407e-07	1.695480e-06	1.017297e-06	13179
657471	9.000415e-07	1.695504e-06	1.017167e-06	13179
665727	9.001421e-07	1.695528e-06	1.017038e-06	13179
673983	9.002429e-07	1.695552e-06	1.016909e-06	13179
682239	9.003435e-07	1.695576e-06	1.016780e-06	13179
690495	9.004441e-07	1.695600e-06	1.016650e-06	13179
698751	9.005448e-07	1.695625e-06	1.016521e-06	13179
707007	9.006454e-07	1.695649e-06	1.016392e-06	13179
715263	9.007460e-07	1.695673e-06	1.016263e-06	13179
723519	9.008465e-07	1.695697e-06	1.016133e-06	13179
731775	9.009471e-07	1.695721e-06	1.016004e-06	13179
740031	9.010477e-07	1.695745e-06	1.015875e-06	13179
748287	9.011482e-07	1.695769e-06	1.015745e-06	13179
756543	9.012487e-07	1.695793e-06	1.015616e-06	13179
764799	9.013491e-07	1.695817e-06	1.015486e-06	13179
773055	9.014495e-07	1.695841e-06	1.015357e-06	13179
781311	9.015500e-07	1.695865e-06	1.015228e-06	13179
789567	9.016504e-07	1.695889e-06	1.015098e-06	13179
797823	9.017508e-07	1.695914e-06	1.014969e-06	13179
806079	9.018512e-07	1.695938e-06	1.014839e-06	13179
814335	9.019515e-07	1.695962e-06	1.014710e-06	13179
822591	9.020519e-07	1.695986e-06	1.014580e-06	13179
830847	9.021522e-07	1.696010e-06	1.014451e-06	13179
839103	9.022525e-07	1.696034e-06	1.014321e-06	13179
847359	9.023528e-07	1.696058e-06	1.014192e-06	13179
855615	9.024531e-07	1.696082e-06	1.014062e-06	13179
863871	9.025533e-07	1.696106e-06	1.013933e-06	13179
872127	9.026535e-07	1.696130e-06	1.013803e-06	13179
880383	9.027537e-07	1.696155e-06	1.013674e-06	13179
888639	9.028539e-07	1.696179e-06	1.013544e-06	13179
896895	9.029541e-07	1.696203e-06	1.013414e-06	13179
905151	9.030542e-07	1.696227e-06	1.013285e-06	13179
913407	9.031543e-07	1.696251e-06	1.013155e-06	13179
921663	9.032544e-07	1.696275e-06	1.013025e-06	13179
929919	9.033545e-07	1.696299e-06	1.012896e-06	13179
938175	9.034546e-07	1.696323e-06	1.012766e-06	13179
946431	9.035547e-07	1.696348e-06	1.012636e-06	13179
954687	9.036547e-07	1.696372e-06	1.012507e-06	13179
962943	9.037547e-07	1.696396e-06	1.012377e-06	13179
971199	9.038547e-07	1.696420e-06	1.012247e-06	13179
979455	9.039547e-07	1.696444e-06	1.012117e-06	13179
987711	9.040546e-07	1.696468e-06	1.011988e-06	13179
995967	9.041545e-07	1.696493e-06	1.011858e-06	13179
1004223	9.042545e-07	1.696517e-06	1.011728e-06	13179
1012479	9.043544e-07	1.696541e-06	1.011598e-06	13179
1020735	9.044542e-07	1.696565e-06	1.011468e-06	13179
1028991	9.045541e-07	1.696589e-06	1.011338e-06	13179
1037247	9.046539e-07	1.696613e-06	1.011209e-06	13179
1045503	9.047537e-07	1.696638e-06	1.011079e-06	13179
1053759	9.048536e-07	1.696662e-06	1.010949e-06	13179
1062015	9.049533e-07	1.696686e-06	1.010819e-06	13179
1070271	9.050531e-07	1.696710e-06	1.010689e-06	13179
1078527	9.051528e-07	1.696734e-06	1.010559e-06	13179
1086783	9.052525e-07	1.696759e-06	1.010429e-06	13179
1095039	9.053522e-07	1.696783e-06	1.010299e-06	13179
1103295	9.054519e-07	1.696807e-06	1.010169e-06	13179
1111551	9.055516e-07	1.696831e-06	1.010039e-06	13179
1119807	9.056512e-07	1.696855e-06	1.009909e-06	13179
1128063	9.057509e-07	1.696880e-06	1.009779e-06	13179
1136319	9.058505e-07	1.696904e-06	1.009649e-06	13179
1144575	9.059501e-07	1.696928e-06	1.009519e-06	13179
1152831	9.060496e-07	1.696952e-06	1.009389e-06	13179
318149	3.994220e-07	1.700142e-06	1.219056e-06	10618
326405	3.995516e-07	1.700153e-06	1.218998e-06	10618
334661	3.996811e-07	1.700163e-06	1.218941e-06	10618
342917	3.998106e-07	1.700174e-06	1.218883e-06	10618
351173	3.999401e-07	1.700185e-06	1.218826e-06	10618
359429	4.000696e-07	1.700196e-06	1.218768e-06	10618
367685	4.001991e-07	1.700206e-06	1.218711e-06	10618
375941	4.003286e-07	1.700217e-06	1.218653e-06	10618
384197	4.004581e-07	1.700228e-06	1.218596e-06	10618
392453	4.005876e-07	1.700239e-06	1.218538e-06	10618
400709	4.007170e-07	1.700249e-06	1.218481e-06	10618
408965	4.008465e-07	1.700260e-06	1.218423e-06	10618
417221	4.009759e-07	1.700271e-06	1.218365e-06	10618
425477	4.011053e-07	1.700282e-06	1.218308e-06	10618
433733	4.012348e-07	1.700293e-06	1.218250e-06	10618
441989	4.013642e-07	1.700303e-06	1.218192e-06	10618
450245	4.014936e-07	1.700314e-06	1.218135e-06	10618
458501	4.016230e-07	1.700325e-06	1.218077e-06	10618
466757	4.017524e-07	1.700336e-06	1.218019e-06	10618
475013	4.018817e-07	1.700347e-06	1.217961e-06	10618
483269	4.020111e-07	1.700357e-06	1.217904e-06	10618
491525	4.021405e-07	1.700368e-06	1.217846e-06	10618
499781	4.022698e-07	1.700379e-06	1.217788e-06	10618
508037	4.023992e-07	1.700390e-06	1.217730e-06	10618
516293	4.025285e-07	1.700401e-06	1.217672e-06	10618
524549	4.026578e-07	1.700411e-06	1.217614e-06	10618
532805	4.027872e-07	1.700422e-06	1.217556e-06	10618
541061	4.029165e-07	1.700433e-06	1.217498e-06	10618
549317	4.030458e-07	1.700444e-06	1.217441e-06	10618
557573	4.031751e-07	1.700455e-06	1.217383e-06	10618
565829	4.033044e-07	1.700466e-06	1.217325e-06	10618
574085	4.034336e-07	1.700476e-06	1.217267e-06	10618
582341	4.035629e-07	1.700487e-06	1.217209e-06	10618
590597	4.036922e-07	1.700498e-06	1.217151e-06	10618
598853	4.038214e-07	1.700509e-06	1.217093e-06	10618
607109	4.039507e-07	1.700520e-06	1.217035e-06	10618
615365	4.040799e-07	1.700531e-06	1.216976e-06	10618
623621	4.042091e-07	1.700542e-06	1.216918e-06	10618
631877	4.043383e-07	1.700553e-06	1.216860e-06	10618
640133	4.044675e-07	1.700563e-06	1.216802e-06	10618
648389	4.045967e-07	1.700574e-06	1.216744e-06	10618
656645	4.047259e-07	1.700585e-06	1.216686e-06	10618
664901	4.048551e-07	1.700596e-06	1.216628e-06	10618
673157	4.049843e-07	1.700607e-06	1.216569e-06	10618
681413	4.051134e-07	1.700618e-06	1.216511e-06	10618
689669	4.052426e-07	1.700629e-06	1.216453e-06	10618
697925	4.053718e-07	1.700640e-06	1.216395e-06	10618
706181	4.055009e-07	1.700651e-06	1.216336e-06	10618
714437	4.056300e-07	1.700661e-06	1.216278e-06	10618
722693	4.057592e-07	1.700672e-06	1.216220e-06	10618
730949	4.058883e-07	1.700683e-06	1.216161e-06	10618
739205	4.060174e-07	1.700694e-06	1.216103e-06	10618
747461	4.061465e-07	1.700705e-06	1.216045e-06	10618
755717	4.062755e-07	1.700716e-06	1.215986e-06	10618
763973	4.064046e-07	1.700727e-06	1.215928e-06	10618
772229	4.065337e-07	1.700738e-06	1.215869e-06	10618
780485	4.066628e-07	1.700749e-06	1.215811e-06	10618
788741	4.067918e-07	1.700760e-06	1.215752e-06	10618
796997	4.069209e-07	1.700771e-06	1.215694e-06	10618
805253	4.070499e-07	1.700782e-06	1.215636e-06	10618
813509	4.071789e-07	1.700792e-06	1.215577e-06	10618
821765	4.073079e-07	1.700803e-06	1.215518e-06	10618
830021	4.074369e-07	1.700814e-06	1.215460e-06	10618
838277	4.075659e-07	1.700825e-06	1.215401e-06	10618
846533	4.076949e-07	1.700836e-06	1.215343e-06	10618
854789	4.078239e-07	1.700847e-06	1.215284e-06	10618
863045	4.079529e-07	1.700858e-06	1.215225e-06	10618
871301	4.080819e-07	1.700869e-06	1.215167e-06	10618
879557	4.082108e-07	1.700880e-06	1.215108e-06	10618
887813	4.083398e-07	1.700891e-06	1.215049e-06	10618
896069	4.084687e-07	1.700902e-06	1.214991e-06	10618
904325	4.085976e-07	1.700913e-06	1.214932e-06	10618
912581	4.087265e-07	1.700924e-06	1.214873e-06	10618
920837	4.088555e-07	1.700935e-06	1.214814e-06	10618
929093	4.089844e-07	1.700946e-06	1.214756e-06	10618
937349	4.091133e-07	1.700957e-06	1.214697e-06	10618
945605	4.092421e-07	1.700968e-06	1.214638e-06	10618
953861	4.093710e-07	1.700979e-06	1.214579e-06	10618
962117	4.094999e-07	1.700990e-06	1.214520e-06	10618
970373	4.096288e-07	1.701001e-06	1.214461e-06	10618
978629	4.097576e-07	1.701012e-06	1.214403e-06	10618
986885	4.098865e-07	1.701023e-06	1.214344e-06	10618
995141	4.100153e-07	1.701034e-06	1.214285e-06	10618
1003397	4.101441e-07	1.701045e-06	1.214226e-06	10618
1011653	4.102729e-07	1.701056e-06	1.214167e-06	10618
1019909	4.104018e-07	1.701067e-06	1.214108e-06	10618
1028165	4.105306e-07	1.701078e-06	1.214049e-06	10618
1036421	4.106593e-07	1.701089e-06	1.213990e-06	10618
1044677	4.107881e-07	1.701100e-06	1.213931e-06	10618
1052933	4.109169e-07	1.701111e-06	1.213872e-06	10618
1061189	4.110456e-07	1.701122e-06	1.213813e-06	10618
1069445	4.111744e-07	1.701133e-06	1.213754e-06	10618
1077701	4.113032e-07	1.701145e-06	1.213694e-06	10618
1085957	4.114319e-07	1.701156e-06	1.213635e-06	10618
1094213	4.115606e-07	1.701167e-06	1.213576e-06	10618
1102469	4.116893e-07	1.701178e-06	1.213517e-06	10618
1110725	4.118181e-07	1.701189e-06	1.213458e-06	10618
1118981	4.119468e-07	1.701200e-06	1.213399e-06	10618
1127237	4.120755e-07	1.701211e-06	1.213339e-06	10618
1135493	4.122041e-07	1.701222e-06	1.213280e-06	10618
1143749	4.123328e-07	1.701233e-06	1.213221e-06	10618
1152005	4.124615e-07	1.701244e-06	1.213162e-06	10618
5402	9.748234e-07	1.701753e-06	1.008212e-06	13693
13658	9.749226e-07	1.701779e-06	1.008072e-06	13693
21914	9.750219e-07	1.701805e-06	1.007932e-06	13693
30170	9.751210e-07	1.701831e-06	1.007792e-06	13693
38426	9.752202e-07	1.701858e-06	1.007652e-06	13693
46682	9.753194e-07	1.701884e-06	1.007512e-06	13693
54938	9.754185e-07	1.701910e-06	1.007372e-06	13693
63194	9.755177e-07	1.701936e-06	1.007232e-06	13693
71450	9.756168e-07	1.701962e-06	1.007092e-06	13693
79706	9.757158e-07	1.701988e-06	1.006952e-06	13693
87962	9.758149e-07	1.702014e-06	1.006812e-06	13693
96218	9.759140e-07	1.702040e-06	1.006672e-06	13693
104474	9.760130e-07	1.702066e-06	1.006532e-06	13693
112730	9.761120e-07	1.702092e-06	1.006392e-06	13693
120986	9.762109e-07	1.702118e-06	1.006252e-06	13693
129242	9.763099e-07	1.702144e-06	1.006111e-06	13693
137498	9.764088e-07	1.702170e-06	1.005971e-06	13693
145754	9.765077e-07	1.702196e-06	1.005831e-06	13693
154010	9.766067e-07	1.702223e-06	1.005691e-06	13693
162266	9.767056e-07	1.702249e-06	1.005551e-06	13693
170522	9.768044e-07	1.702275e-06	1.005411e-06	13693
178778	9.769033e-07	1.702301e-06	1.005270e-06	13693
187034	9.770021e-07	1.702327e-06	1.005130e-06	13693
195290	9.771009e-07	1.702353e-06	1.004990e-06	13693
203546	9.771996e-07	1.702379e-06	1.004850e-06	13693
211802	9.772984e-07	1.702405e-06	1.004709e-06	13693
220058	9.773971e-07	1.702431e-06	1.004569e-06	13693
228314	9.774958e-07	1.702457e-06	1.004429e-06	13693
236570	9.775945e-07	1.702484e-06	1.004288e-06	13693
244826	9.776932e-07	1.702510e-06	1.004148e-06	13693
253082	9.777918e-07	1.702536e-06	1.004008e-06	13693
261338	9.778904e-07	1.702562e-06	1.003867e-06	13693
269594	9.779891e-07	1.702588e-06	1.003727e-06	13693
277850	9.780877e-07	1.702614e-06	1.003587e-06	13693
286106	9.781862e-07	1.702640e-06	1.003446e-06	13693
294362	9.782848e-07	1.702666e-06	1.003306e-06	13693
302618	9.783832e-07	1.702693e-06	1.003165e-06	13693
310874	9.784818e-07	1.702719e-06	1.003025e-06	13693
319130	9.785803e-07	1.702745e-06	1.002884e-06	13693
327386	9.786787e-07	1.702771e-06	1.002744e-06	13693
335642	9.787772e-07	1.702797e-06	1.002603e-06	13693
343898	9.788756e-07	1.702823e-06	1.002463e-06	13693
352154	9.789740e-07	1.702849e-06	1.002322e-06	13693
360410	9.790724e-07	1.702876e-06	1.002182e-06	13693
368666	9.791707e-07	1.702902e-06	1.002041e-06	13693
376922	9.792691e-07	1.702928e-06	1.001901e-06	13693
385178	9.793674e-07	1.702954e-06	1.001760e-06	13693
393434	9.794657e-07	1.702980e-06	1.001620e-06	13693
401690	9.795640e-07	1.703006e-06	1.001479e-06	13693
409946	9.796622e-07	1.703032e-06	1.001338e-06	13693
418202	9.797604e-07	1.703059e-06	1.001198e-06	13693
426458	9.798587e-07	1.703085e-06	1.001057e-06	13693
434714	9.799569e-07	1.703111e-06	1.000916e-06	13693
442970	9.800550e-07	1.703137e-06	1.000776e-06	13693
451226	9.801531e-07	1.703163e-06	1.000635e-06	13693
459482	9.802513e-07	1.703190e-06	1.000494e-06	13693
467738	9.803493e-07	1.703216e-06	1.000354e-06	13693
475994	9.804475e-07	1.703242e-06	1.000213e-06	13693
484250	9.805456e-07	1.703268e-06	1.000072e-06	13693
492506	9.806436e-07	1.703294e-06	9.999314e-07	13693
500762	9.807416e-07	1.703321e-06	9.997907e-07	13693
509018	9.808396e-07	1.703347e-06	9.996498e-07	13693
517274	9.809376e-07	1.703373e-06	9.995091e-07	13693
525530	9.810356e-07	1.703399e-06	9.993682e-07	13693
533786	9.811336e-07	1.703425e-06	9.992274e-07	13693
542042	9.812314e-07	1.703452e-06	9.990866e-07	13693
550298	9.813293e-07	1.703478e-06	9.989458e-07	13693
558554	9.814272e-07	1.703504e-06	9.988049e-07	13693
566810	9.815251e-07	1.703530e-06	9.986639e-07	13693
575066	9.816229e-07	1.703556e-06	9.985231e-07	13693
583322	9.817207e-07	1.703583e-06	9.983821e-07	13693
591578	9.818185e-07	1.703609e-06	9.982413e-07	13693
599834	9.819163e-07	1.703635e-06	9.981003e-07	13693
608090	9.820141e-07	1.703661e-06	9.979593e-07	13693
616346	9.821117e-07	1.703688e-06	9.978183e-07	13693
624602	9.822095e-07	1.703714e-06	9.976774e-07	13693
632858	9.823071e-07	1.703740e-06	9.975364e-07	13693
641114	9.824048e-07	1.703766e-06	9.973954e-07	13693
649370	9.825025e-07	1.703793e-06	9.972543e-07	13693
657626	9.826001e-07	1.703819e-06	9.971134e-07	13693
665882	9.826977e-07	1.703845e-06	9.969723e-07	13693
674138	9.827953e-07	1.703871e-06	9.968312e-07	13693
682394	9.828929e-07	1.703898e-06	9.966901e-07	13693
690650	9.829904e-07	1.703924e-06	9.965490e-07	13693
698906	9.830879e-07	1.703950e-06	9.964079e-07	13693
707162	9.831854e-07	1.703976e-06	9.962669e-07	13693
715418	9.832829e-07	1.704003e-06	9.961257e-07	13693
723674	9.833803e-07	1.704029e-06	9.959846e-07	13693
731930	9.834778e-07	1.704055e-06	9.958434e-07	13693
740186	9.835752e-07	1.704081e-06	9.957022e-07	13693
748442	9.836726e-07	1.704108e-06	9.955610e-07	13693
756698	9.837700e-07	1.704134e-06	9.954198e-07	13693
764954	9.838673e-07	1.704160e-06	9.952786e-07	13693
773210	9.839647e-07	1.704187e-06	9.951374e-07	13693
781466	9.840620e-07	1.704213e-06	9.949961e-07	13693
789722	9.841592e-07	1.704239e-06	9.948549e-07	13693
797978	9.842565e-07	1.704265e-06	9.947136e-07	13693
806234	9.843537e-07	1.704292e-06	9.945722e-07	13693
814490	9.844510e-07	1.704318e-06	9.944309e-07	13693
822746	9.845483e-07	1.704344e-06	9.942896e-07	13693
831002	9.846455e-07	1.704371e-06	9.941483e-07	13693
839258	9.847425e-07	1.704397e-06	9.940070e-07	13693
847514	9.848397e-07	1.704423e-06	9.938656e-07	13693
855770	9.849368e-07	1.704449e-06	9.937243e-07	13693
864026	9.850339e-07	1.704476e-06	9.935828e-07	13693
872282	9.851310e-07	1.704502e-06	9.934414e-07	13693
880538	9.852281e-07	1.704528e-06	9.933000e-07	13693
888794	9.853251e-07	1.704555e-06	9.931586e-07	13693
897050	9.854222e-07	1.704581e-06	9.930171e-07	13693
905306	9.855191e-07	1.704607e-06	9.928757e-07	13693
913562	9.856161e-07	1.704634e-06	9.927343e-07	13693
921818	9.857131e-07	1.704660e-06	9.925927e-07	13693
930074	9.858099e-07	1.704686e-06	9.924512e-07	13693
938330	9.859069e-07	1.704713e-06	9.923098e-07	13693
946586	9.860038e-07	1.704739e-06	9.921682e-07	13693
954842	9.861006e-07	1.704765e-06	9.920267e-07	13693
963098	9.861975e-07	1.704792e-06	9.918851e-07	13693
971354	9.862944e-07	1.704818e-06	9.917435e-07	13693
979610	9.863911e-07	1.704844e-06	9.916020e-07	13693
987866	9.864880e-07	1.704871e-06	9.914604e-07	13693
996122	9.865847e-07	1.704897e-06	9.913188e-07	13693
1004378	9.866815e-07	1.704923e-06	9.911771e-07	13693
1012634	9.867782e-07	1.704950e-06	9.910354e-07	13693
1020890	9.868749e-07	1.704976e-06	9.908938e-07	13693
1029146	9.869716e-07	1.705003e-06	9.907521e-07	13693
1037402	9.870682e-07	1.705029e-06	9.906105e-07	13693
1045658	9.871649e-07	1.705055e-06	9.904688e-07	13693
1053914	9.872615e-07	1.705082e-06	9.903271e-07	13693
1062170	9.873581e-07	1.705108e-06	9.901854e-07	13693
1070426	9.874547e-07	1.705134e-06	9.900436e-07	13693
1078682	9.875512e-07	1.705161e-06	9.899019e-07	13693
1086938	9.876478e-07	1.705187e-06	9.897601e-07	13693
1095194	9.877443e-07	1.705214e-06	9.896183e-07	13693
1103450	9.878407e-07	1.705240e-06	9.894766e-07	13693
1111706	9.879373e-07	1.705266e-06	9.893348e-07	13693
1119962	9.880337e-07	1.705293e-06	9.891929e-07	13693
1128218	9.881302e-07	1.705319e-06	9.890512e-07	13693
1136474	9.882266e-07	1.705345e-06	9.889093e-07	13693
1144730	9.883229e-07	1.705372e-06	9.887674e-07	13693
1152986	9.884193e-07	1.705398e-06	9.886255e-07	13693
6110	8.228171e-07	1.709866e-06	1.064024e-06	16256
14366	8.229242e-07	1.709888e-06	1.063906e-06	16256
22622	8.230312e-07	1.709911e-06	1.063788e-06	16256
30878	8.231382e-07	1.709932e-06	1.063670e-06	16256
39134	8.232452e-07	1.709955e-06	1.063551e-06	16256
47390	8.233522e-07	1.709976e-06	1.063433e-06	16256
55646	8.234591e-07	1.709999e-06	1.063315e-06	16256
63902	8.235660e-07	1.710021e-06	1.063197e-06	16256
72158	8.236730e-07	1.710043e-06	1.063079e-06	16256
80414	8.237799e-07	1.710065e-06	1.062960e-06	16256
88670	8.238868e-07	1.710087e-06	1.062842e-06	16256
96926	8.239936e-07	1.710109e-06	1.062724e-06	16256
105182	8.241005e-07	1.710131e-06	1.062605e-06	16256
113438	8.242073e-07	1.710153e-06	1.062487e-06	16256
121694	8.243141e-07	1.710175e-06	1.062369e-06	16256
129950	8.244209e-07	1.710197e-06	1.062250e-06	16256
138206	8.245277e-07	1.710219e-06	1.062132e-06	16256
146462	8.246345e-07	1.710241e-06	1.062014e-06	16256
154718	8.247412e-07	1.710263e-06	1.061895e-06	16256
162974	8.248479e-07	1.710285e-06	1.061777e-06	16256
171230	8.249546e-07	1.710307e-06	1.061658e-06	16256
179486	8.250613e-07	1.710329e-06	1.061540e-06	16256
187742	8.251680e-07	1.710351e-06	1.061421e-06	16256
195998	8.252746e-07	1.710373e-06	1.061303e-06	16256
204254	8.253813e-07	1.710395e-06	1.061184e-06	16256
212510	8.254879e-07	1.710417e-06	1.061066e-06	16256
220766	8.255945e-07	1.710439e-06	1.060947e-06	16256
229022	8.257011e-07	1.710461e-06	1.060829e-06	16256
237278	8.258077e-07	1.710484e-06	1.060710e-06	16256
245534	8.259142e-07	1.710506e-06	1.060592e-06	16256
253790	8.260207e-07	1.710528e-06	1.060473e-06	16256
262046	8.261272e-07	1.710550e-06	1.060355e-06	16256
270302	8.262338e-07	1.710572e-06	1.060236e-06	16256
278558	8.263402e-07	1.710594e-06	1.060117e-06	16256
286814	8.264467e-07	1.710616e-06	1.059999e-06	16256
295070	8.265531e-07	1.710638e-06	1.059880e-06	16256
303326	8.266595e-07	1.710660e-06	1.059761e-06	16256
311582	8.267659e-07	1.710682e-06	1.059643e-06	16256
319838	8.268723e-07	1.710705e-06	1.059524e-06	16256
328094	8.269787e-07	1.710727e-06	1.059405e-06	16256
336350	8.270850e-07	1.710749e-06	1.059286e-06	16256
344606	8.271914e-07	1.710771e-06	1.059168e-06	16256
352862	8.272977e-07	1.710793e-06	1.059049e-06	16256
361118	8.274041e-07	1.710815e-06	1.058930e-06	16256
369374	8.275103e-07	1.710837e-06	1.058811e-06	16256
377630	8.276166e-07	1.710859e-06	1.058693e-06	16256
385886	8.277228e-07	1.710881e-06	1.058574e-06	16256
394142	8.278291e-07	1.710904e-06	1.058455e-06	16256
402398	8.279353e-07	1.710926e-06	1.058336e-06	16256
410654	8.280415e-07	1.710948e-06	1.058217e-06	16256
418910	8.281477e-07	1.710970e-06	1.058098e-06	16256
427166	8.282538e-07	1.710992e-06	1.057979e-06	16256
435422	8.283599e-07	1.711014e-06	1.057860e-06	16256
443678	8.284661e-07	1.711036e-06	1.057742e-06	16256
451934	8.285722e-07	1.711059e-06	1.057623e-06	16256
460190	8.286783e-07	1.711081e-06	1.057504e-06	16256
468446	8.287844e-07	1.711103e-06	1.057385e-06	16256
476702	8.288904e-07	1.711125e-06	1.057266e-06	16256
484958	8.289965e-07	1.711147e-06	1.057147e-06	16256
493214	8.291025e-07	1.711169e-06	1.057028e-06	16256
501470	8.292085e-07	1.711192e-06	1.056909e-06	16256
509726	8.293144e-07	1.711214e-06	1.056789e-06	16256
517982	8.294204e-07	1.711236e-06	1.056670e-06	16256
526238	8.295264e-07	1.711258e-06	1.056551e-06	16256
534494	8.296323e-07	1.711280e-06	1.056432e-06	16256
542750	8.297382e-07	1.711302e-06	1.056313e-06	16256
551006	8.298441e-07	1.711325e-06	1.056194e-06	16256
559262	8.299500e-07	1.711347e-06	1.056075e-06	16256
567518	8.300559e-07	1.711369e-06	1.055956e-06	16256
575774	8.301617e-07	1.711391e-06	1.055836e-06	16256
584030	8.302675e-07	1.711413e-06	1.055717e-06	16256
592286	8.303733e-07	1.711436e-06	1.055598e-06	16256
600542	8.304791e-07	1.711458e-06	1.055479e-06	16256
608798	8.305849e-07	1.711480e-06	1.055360e-06	16256
617054	8.306906e-07	1.711502e-06	1.055240e-06	16256
625310	8.307964e-07	1.711524e-06	1.055121e-06	16256
633566	8.309021e-07	1.711547e-06	1.055002e-06	16256
641822	8.310078e-07	1.711569e-06	1.054882e-06	16256
650078	8.311135e-07	1.711591e-06	1.054763e-06	16256
658334	8.312192e-07	1.711613e-06	1.054644e-06	16256
666590	8.313248e-07	1.711635e-06	1.054524e-06	16256
674846	8.314304e-07	1.711658e-06	1.054405e-06	16256
683102	8.315361e-07	1.711680e-06	1.054286e-06	16256
691358	8.316417e-07	1.711702e-06	1.054166e-06	16256
699614	8.317472e-07	1.711724e-06	1.054047e-06	16256
707870	8.318528e-07	1.711747e-06	1.053927e-06	16256
716126	8.319583e-07	1.711769e-06	1.053808e-06	16256
724382	8.320638e-07	1.711791e-06	1.053689e-06	16256
732638	8.321693e-07	1.711813e-06	1.053569e-06	16256
740894	8.322748e-07	1.711836e-06	1.053450e-06	16256
749150	8.323803e-07	1.711858e-06	1.053330e-06	16256
757406	8.324858e-07	1.711880e-06	1.053211e-06	16256
765662	8.325912e-07	1.711902e-06	1.053091e-06	16256
773918	8.326966e-07	1.711925e-06	1.052972e-06	16256
782174	8.328020e-07	1.711947e-06	1.052852e-06	16256
790430	8.329074e-07	1.711969e-06	1.052732e-06	16256
798686	8.330128e-07	1.711991e-06	1.052613e-06	16256
806942	8.331181e-07	1.712014e-06	1.052493e-06	16256
815198	8.332235e-07	1.712036e-06	1.052374e-06	16256
823454	8.333288e-07	1.712058e-06	1.052254e-06	16256
831710	8.334341e-07	1.712080e-06	1.052134e-06	16256
839966	8.335393e-07	1.712103e-06	1.052015e-06	16256
848222	8.336446e-07	1.712125e-06	1.051895e-06	16256
856478	8.337498e-07	1.712147e-06	1.051775e-06	16256
864734	8.338550e-07	1.712170e-06	1.051656e-06	16256
872990	8.339603e-07	1.712192e-06	1.051536e-06	16256
881246	8.340655e-07	1.712214e-06	1.051416e-06	16256
889502	8.341706e-07	1.712237e-06	1.051296e-06	16256
897758	8.342758e-07	1.712259e-06	1.051177e-06	16256
906014	8.343809e-07	1.712281e-06	1.051057e-06	16256
914270	8.344860e-07	1.712304e-06	1.050937e-06	16256
922526	8.345911e-07	1.712326e-06	1.050817e-06	16256
930782	8.346962e-07	1.712348e-06	1.050697e-06	16256
939038	8.348013e-07	1.712370e-06	1.050578e-06	16256
947294	8.349063e-07	1.712393e-06	1.050458e-06	16256
955550	8.350113e-07	1.712415e-06	1.050338e-06	16256
963806	8.351163e-07	1.712437e-06	1.050218e-06	16256
972062	8.352213e-07	1.712460e-06	1.050098e-06	16256
980318	8.353263e-07	1.712482e-06	1.049978e-06	16256
988574	8.354313e-07	1.712504e-06	1.049858e-06	16256
996830	8.355362e-07	1.712527e-06	1.049738e-06	16256
1005086	8.356411e-07	1.712549e-06	1.049618e-06	16256
1013342	8.357461e-07	1.712571e-06	1.049498e-06	16256
1021598	8.358509e-07	1.712594e-06	1.049378e-06	16256
1029854	8.359558e-07	1.712616e-06	1.049258e-06	16256
1038110	8.360606e-07	1.712638e-06	1.049138e-06	16256
1046366	8.361654e-07	1.712661e-06	1.049018e-06	16256
1054622	8.362703e-07	1.712683e-06	1.048898e-06	16256
1062878	8.363751e-07	1.712706e-06	1.048778e-06	16256
1071134	8.364798e-07	1.712728e-06	1.048658e-06	16256
1079390	8.365846e-07	1.712750e-06	1.048538e-06	16256
1087646	8.366894e-07	1.712773e-06	1.048418e-06	16256
1095902	8.367941e-07	1.712795e-06	1.048298e-06	16256
1104158	8.368988e-07	1.712817e-06	1.048177e-06	16256
1112414	8.370035e-07	1.712840e-06	1.048057e-06	16256
1120670	8.371081e-07	1.712862e-06	1.047937e-06	16256
1128926	8.372128e-07	1.712884e-06	1.047817e-06	16256
1137182	8.373174e-07	1.712907e-06	1.047697e-06	16256
1145438	8.374221e-07	1.712929e-06	1.047576e-06	16256
1153694	8.375267e-07	1.712952e-06	1.047456e-06	16256
5009	5.707279e-07	1.722328e-06	1.178383e-06	12410
13265	5.708511e-07	1.722343e-06	1.178301e-06	12410
21521	5.709741e-07	1.722358e-06	1.178219e-06	12410
29777	5.710972e-07	1.722374e-06	1.178137e-06	12410
38033	5.712203e-07	1.722389e-06	1.178055e-06	12410
46289	5.713434e-07	1.722404e-06	1.177972e-06	12410
54545	5.714664e-07	1.722420e-06	1.177890e-06	12410
62801	5.715895e-07	1.722435e-06	1.177808e-06	12410
71057	5.717125e-07	1.722450e-06	1.177726e-06	12410
79313	5.718355e-07	1.722466e-06	1.177644e-06	12410
87569	5.719585e-07	1.722481e-06	1.177562e-06	12410
95825	5.720815e-07	1.722496e-06	1.177480e-06	12410
104081	5.722044e-07	1.722512e-06	1.177398e-06	12410
112337	5.723274e-07	1.722527e-06	1.177315e-06	12410
120593	5.724503e-07	1.722542e-06	1.177233e-06	12410
128849	5.725733e-07	1.722558e-06	1.177151e-06	12410
137105	5.726963e-07	1.722573e-06	1.177068e-06	12410
145361	5.728191e-07	1.722588e-06	1.176986e-06	12410
153617	5.729420e-07	1.722604e-06	1.176904e-06	12410
161873	5.730649e-07	1.722619e-06	1.176822e-06	12410
170129	5.731878e-07	1.722634e-06	1.176739e-06	12410
178385	5.733107e-07	1.722650e-06	1.176657e-06	12410
186641	5.734335e-07	1.722665e-06	1.176575e-06	12410
194897	5.735563e-07	1.722681e-06	1.176492e-06	12410
203153	5.736792e-07	1.722696e-06	1.176410e-06	12410
211409	5.738020e-07	1.722711e-06	1.176327e-06	12410
219665	5.739248e-07	1.722727e-06	1.176245e-06	12410
227921	5.740476e-07	1.722742e-06	1.176163e-06	12410
236177	5.741704e-07	1.722757e-06	1.176080e-06	12410
244433	5.742932e-07	1.722773e-06	1.175998e-06	12410
252689	5.744159e-07	1.722788e-06	1.175915e-06	12410
260945	5.745387e-07	1.722804e-06	1.175832e-06	12410
269201	5.746614e-07	1.722819e-06	1.175750e-06	12410
277457	5.747841e-07	1.722834e-06	1.175667e-06	12410
285713	5.749068e-07	1.722850e-06	1.175585e-06	12410
293969	5.750295e-07	1.722865e-06	1.175502e-06	12410
302225	5.751522e-07	1.722881e-06	1.175420e-06	12410
310481	5.752748e-07	1.722896e-06	1.175337e-06	12410
318737	5.753975e-07	1.722912e-06	1.175254e-06	12410
326993	5.755202e-07	1.722927e-06	1.175172e-06	12410
335249	5.756428e-07	1.722942e-06	1.175089e-06	12410
343505	5.757654e-07	1.722958e-06	1.175006e-06	12410
351761	5.758880e-07	1.722973e-06	1.174924e-06	12410
360017	5.760106e-07	1.722989e-06	1.174841e-06	12410
368273	5.761332e-07	1.723004e-06	1.174758e-06	12410
376529	5.762558e-07	1.723020e-06	1.174675e-06	12410
384785	5.763783e-07	1.723035e-06	1.174593e-06	12410
393041	5.765009e-07	1.723050e-06	1.174510e-06	12410
401297	5.766234e-07	1.723066e-06	1.174427e-06	12410
409553	5.767459e-07	1.723081e-06	1.174344e-06	12410
417809	5.768684e-07	1.723097e-06	1.174261e-06	12410
426065	5.769909e-07	1.723112e-06	1.174178e-06	12410
434321	5.771134e-07	1.723128e-06	1.174095e-06	12410
442577	5.772359e-07	1.723143e-06	1.174012e-06	12410
450833	5.773584e-07	1.723159e-06	1.173930e-06	12410
459089	5.774808e-07	1.723174e-06	1.173847e-06	12410
467345	5.776033e-07	1.723190e-06	1.173764e-06	12410
475601	5.777257e-07	1.723205e-06	1.173681e-06	12410
483857	5.778481e-07	1.723221e-06	1.173598e-06	12410
492113	5.779705e-07	1.723236e-06	1.173515e-06	12410
500369	5.780929e-07	1.723252e-06	1.173432e-06	12410
508625	5.782152e-07	1.723267e-06	1.173349e-06	12410
516881	5.783376e-07	1.723283e-06	1.173265e-06	12410
525137	5.784599e-07	1.723298e-06	1.173182e-06	12410
533393	5.785823e-07	1.723314e-06	1.173099e-06	12410
541649	5.787046e-07	1.723329e-06	1.173016e-06	12410
549905	5.788269e-07	1.723345e-06	1.172933e-06	12410
558161	5.789493e-07	1.723360e-06	1.172850e-06	12410
566417	5.790715e-07	1.723376e-06	1.172767e-06	12410
574673	5.791938e-07	1.723391e-06	1.172683e-06	12410
582929	5.793161e-07	1.723407e-06	1.172600e-06	12410
591185	5.794383e-07	1.723422e-06	1.172517e-06	12410
599441	5.795605e-07	1.723438e-06	1.172434e-06	12410
607697	5.796828e-07	1.723453e-06	1.172351e-06	12410
615953	5.798050e-07	1.723469e-06	1.172267e-06	12410
624209	5.799272e-07	1.723484e-06	1.172184e-06	12410
632465	5.800494e-07	1.723500e-06	1.172101e-06	12410
640721	5.801716e-07	1.723515e-06	1.172017e-06	12410
648977	5.802937e-07	1.723531e-06	1.171934e-06	12410
657233	5.804159e-07	1.723547e-06	1.171851e-06	12410
665489	5.805380e-07	1.723562e-06	1.171767e-06	12410
673745	5.806601e-07	1.723578e-06	1.171684e-06	12410
682001	5.807823e-07	1.723593e-06	1.171600e-06	12410
690257	5.809044e-07	1.723609e-06	1.171517e-06	12410
698513	5.810265e-07	1.723624e-06	1.171433e-06	12410
706769	5.811485e-07	1.723640e-06	1.171350e-06	12410
715025	5.812706e-07	1.723655e-06	1.171266e-06	12410
723281	5.813927e-07	1.723671e-06	1.171183e-06	12410
731537	5.815147e-07	1.723687e-06	1.171099e-06	12410
739793	5.816368e-07	1.723702e-06	1.171016e-06	12410
748049	5.817587e-07	1.723718e-06	1.170932e-06	12410
756305	5.818807e-07	1.723733e-06	1.170849e-06	12410
764561	5.820028e-07	1.723749e-06	1.170765e-06	12410
772817	5.821247e-07	1.723765e-06	1.170682e-06	12410
781073	5.822467e-07	1.723780e-06	1.170598e-06	12410
789329	5.823687e-07	1.723796e-06	1.170514e-06	12410
797585	5.824906e-07	1.723811e-06	1.170431e-06	12410
805841	5.826125e-07	1.723827e-06	1.170347e-06	12410
814097	5.827345e-07	1.723843e-06	1.170263e-06	12410
822353	5.828563e-07	1.723858e-06	1.170180e-06	12410
830609	5.829782e-07	1.723874e-06	1.170096e-06	12410
838865	5.831001e-07	1.723890e-06	1.170012e-06	12410
847121	5.832219e-07	1.723905e-06	1.169928e-06	12410
855377	5.833438e-07	1.723921e-06	1.169844e-06	12410
863633	5.834657e-07	1.723936e-06	1.169761e-06	12410
871889	5.835875e-07	1.723952e-06	1.169677e-06	12410
880145	5.837093e-07	1.723968e-06	1.169593e-06	12410
888401	5.838311e-07	1.723983e-06	1.169509e-06	12410
896657	5.839529e-07	1.723999e-06	1.169425e-06	12410
904913	5.840747e-07	1.724015e-06	1.169341e-06	12410
913169	5.841965e-07	1.724030e-06	1.169258e-06	12410
921425	5.843182e-07	1.724046e-06	1.169174e-06	12410
929681	5.844400e-07	1.724062e-06	1.169090e-06	12410
937937	5.845617e-07	1.724077e-06	1.169006e-06	12410
946193	5.846834e-07	1.724093e-06	1.168922e-06	12410
954449	5.848051e-07	1.724109e-06	1.168838e-06	12410
962705	5.849268e-07	1.724124e-06	1.168754e-06	12410
970961	5.850485e-07	1.724140e-06	1.168670e-06	12410
979217	5.851701e-07	1.724156e-06	1.168586e-06	12410
987473	5.852918e-07	1.724171e-06	1.168502e-06	12410
995729	5.854134e-07	1.724187e-06	1.168417e-06	12410
1003985	5.855351e-07	1.724203e-06	1.168333e-06	12410
1012241	5.856567e-07	1.724218e-06	1.168249e-06	12410
1020497	5.857783e-07	1.724234e-06	1.168165e-06	12410
1028753	5.858999e-07	1.724250e-06	1.168081e-06	12410
1037009	5.860215e-07	1.724266e-06	1.167997e-06	12410
1045265	5.861431e-07	1.724281e-06	1.167913e-06	12410
1053521	5.862646e-07	1.724297e-06	1.167828e-06	12410
1061777	5.863861e-07	1.724313e-06	1.167744e-06	12410
1070033	5.865077e-07	1.724328e-06	1.167660e-06	12410
1078289	5.866292e-07	1.724344e-06	1.167576e-06	12410
1086545	5.867507e-07	1.724360e-06	1.167491e-06	12410
1094801	5.868722e-07	1.724375e-06	1.167407e-06	12410
1103057	5.869937e-07	1.724391e-06	1.167323e-06	12410
1111313	5.871152e-07	1.724407e-06	1.167238e-06	12410
1119569	5.872366e-07	1.724423e-06	1.167154e-06	12410
1127825	5.873580e-07	1.724438e-06	1.167070e-06	12410
1136081	5.874795e-07	1.724454e-06	1.166985e-06	12410
1144337	5.876009e-07	1.724470e-06	1.166901e-06	12410
1152593	5.877223e-07	1.724486e-06	1.166817e-06	12410
2144	6.566364e-07	1.728758e-06	1.153363e-06	4730
10400	6.567558e-07	1.728776e-06	1.153269e-06	4730
18656	6.568751e-07	1.728793e-06	1.153175e-06	4730
26912	6.569944e-07	1.728811e-06	1.153080e-06	4730
35168	6.571137e-07	1.728828e-06	1.152986e-06	4730
43424	6.572330e-07	1.728846e-06	1.152892e-06	4730
51680	6.573523e-07	1.728864e-06	1.152797e-06	4730
59936	6.574716e-07	1.728881e-06	1.152703e-06	4730
68192	6.575908e-07	1.728899e-06	1.152608e-06	4730
76448	6.577101e-07	1.728916e-06	1.152514e-06	4730
84704	6.578293e-07	1.728934e-06	1.152419e-06	4730
92960	6.579485e-07	1.728952e-06	1.152325e-06	4730
101216	6.580677e-07	1.728969e-06	1.152230e-06	4730
109472	6.581869e-07	1.728987e-06	1.152136e-06	4730
117728	6.583060e-07	1.729004e-06	1.152041e-06	4730
125984	6.584252e-07	1.729022e-06	1.151947e-06	4730
134240	6.585443e-07	1.729040e-06	1.151852e-06	4730
142496	6.586635e-07	1.729057e-06	1.151758e-06	4730
150752	6.587825e-07	1.729075e-06	1.151663e-06	4730
159008	6.589017e-07	1.729093e-06	1.151568e-06	4730
167264	6.590208e-07	1.729110e-06	1.151474e-06	4730
175520	6.591398e-07	1.729128e-06	1.151379e-06	4730
183776	6.592589e-07	1.729146e-06	1.151284e-06	4730
192032	6.593779e-07	1.729163e-06	1.151190e-06	4730
200288	6.594969e-07	1.729181e-06	1.151095e-06	4730
208544	6.596160e-07	1.729199e-06	1.151000e-06	4730
216800	6.597350e-07	1.729216e-06	1.150906e-06	4730
225056	6.598539e-07	1.729234e-06	1.150811e-06	4730
233312	6.599729e-07	1.729251e-06	1.150716e-06	4730
241568	6.600919e-07	1.729269e-06	1.150621e-06	4730
249824	6.602108e-07	1.729287e-06	1.150526e-06	4730
258080	6.603298e-07	1.729305e-06	1.150432e-06	4730
266336	6.604487e-07	1.729322e-06	1.150337e-06	4730
274592	6.605675e-07	1.729340e-06	1.150242e-06	4730
282848	6.606865e-07	1.729358e-06	1.150147e-06	4730
291104	6.608053e-07	1.729375e-06	1.150052e-06	4730
299360	6.609242e-07	1.729393e-06	1.149957e-06	4730
307616	6.610430e-07	1.729411e-06	1.149862e-06	4730
315872	6.611618e-07	1.729428e-06	1.149767e-06	4730
324128	6.612806e-07	1.729446e-06	1.149672e-06	4730
332384	6.613994e-07	1.729464e-06	1.149577e-06	4730
340640	6.615182e-07	1.729482e-06	1.149482e-06	4730
348896	6.616370e-07	1.729499e-06	1.149387e-06	4730
357152	6.617558e-07	1.729517e-06	1.149292e-06	4730
365408	6.618745e-07	1.729535e-06	1.149197e-06	4730
373664	6.619933e-07	1.729552e-06	1.149102e-06	4730
381920	6.621120e-07	1.729570e-06	1.149007e-06	4730
390176	6.622307e-07	1.729588e-06	1.148912e-06	4730
398432	6.623494e-07	1.729606e-06	1.148817e-06	4730
406688	6.624680e-07	1.729623e-06	1.148722e-06	4730
414944	6.625867e-07	1.729641e-06	1.148627e-06	4730
423200	6.627054e-07	1.729659e-06	1.148532e-06	4730
431456	6.628240e-07	1.729677e-06	1.148436e-06	4730
439712	6.629426e-07	1.729694e-06	1.148341e-06	4730
447968	6.630612e-07	1.729712e-06	1.148246e-06	4730
456224	6.631798e-07	1.729730e-06	1.148151e-06	4730
464480	6.632984e-07	1.729748e-06	1.148055e-06	4730
472736	6.634169e-07	1.729765e-06	1.147960e-06	4730
480992	6.635355e-07	1.729783e-06	1.147865e-06	4730
489248	6.636540e-07	1.729801e-06	1.147770e-06	4730
497504	6.637725e-07	1.729819e-06	1.147674e-06	4730
505760	6.638911e-07	1.729836e-06	1.147579e-06	4730
514016	6.640095e-07	1.729854e-06	1.147484e-06	4730
522272	6.641280e-07	1.729872e-06	1.147388e-06	4730
530528	6.642465e-07	1.729890e-06	1.147293e-06	4730
538784	6.643649e-07	1.729908e-06	1.147197e-06	4730
547040	6.644834e-07	1.729925e-06	1.147102e-06	4730
555296	6.646018e-07	1.729943e-06	1.147007e-06	4730
563552	6.647202e-07	1.729961e-06	1.146911e-06	4730
571808	6.648386e-07	1.729979e-06	1.146816e-06	4730
580064	6.649570e-07	1.729996e-06	1.146720e-06	4730
588320	6.650753e-07	1.730014e-06	1.146625e-06	4730
596576	6.651937e-07	1.730032e-06	1.146529e-06	4730
604832	6.653120e-07	1.730050e-06	1.146434e-06	4730
613088	6.654303e-07	1.730068e-06	1.146338e-06	4730
621344	6.655486e-07	1.730086e-06	1.146242e-06	4730
629600	6.656669e-07	1.730103e-06	1.146147e-06	4730
637856	6.657852e-07	1.730121e-06	1.146051e-06	4730
646112	6.659035e-07	1.730139e-06	1.145955e-06	4730
654368	6.660217e-07	1.730157e-06	1.145860e-06	4730
662624	6.661400e-07	1.730175e-06	1.145764e-06	4730
670880	6.662582e-07	1.730193e-06	1.145669e-06	4730
679136	6.663764e-07	1.730210e-06	1.145573e-06	4730
687392	6.664946e-07	1.730228e-06	1.145477e-06	4730
695648	6.666128e-07	1.730246e-06	1.145381e-06	4730
703904	6.667310e-07	1.730264e-06	1.145286e-06	4730
712160	6.668491e-07	1.730282e-06	1.145190e-06	4730
720416	6.669672e-07	1.730300e-06	1.145094e-06	4730
728672	6.670853e-07	1.730318e-06	1.144998e-06	4730
736928	6.672034e-07	1.730335e-06	1.144903e-06	4730
745184	6.673216e-07	1.730353e-06	1.144807e-06	4730
753440	6.674396e-07	1.730371e-06	1.144711e-06	4730
761696	6.675577e-07	1.730389e-06	1.144615e-06	4730
769952	6.676757e-07	1.730407e-06	1.144519e-06	4730
778208	6.677938e-07	1.730425e-06	1.144423e-06	4730
786464	6.679118e-07	1.730443e-06	1.144327e-06	4730
794720	6.680298e-07	1.730460e-06	1.144231e-06	4730
802976	6.681478e-07	1.730478e-06	1.144135e-06	4730
811232	6.682658e-07	1.730496e-06	1.144039e-06	4730
819488	6.683837e-07	1.730514e-06	1.143943e-06	4730
827744	6.685017e-07	1.730532e-06	1.143847e-06	4730
836000	6.686196e-07	1.730550e-06	1.143751e-06	4730
844256	6.687376e-07	1.730568e-06	1.143655e-06	4730
852512	6.688555e-07	1.730586e-06	1.143559e-06	4730
860768	6.689734e-07	1.730604e-06	1.143463e-06	4730
869024	6.690913e-07	1.730622e-06	1.143367e-06	4730
877280	6.692091e-07	1.730639e-06	1.143271e-06	4730
885536	6.693270e-07	1.730657e-06	1.143175e-06	4730
893792	6.694448e-07	1.730675e-06	1.143079e-06	4730
902048	6.695626e-07	1.730693e-06	1.142983e-06	4730
910304	6.696804e-07	1.730711e-06	1.142887e-06	4730
918560	6.697982e-07	1.730729e-06	1.142790e-06	4730
926816	6.699160e-07	1.730747e-06	1.142694e-06	4730
935072	6.700338e-07	1.730765e-06	1.142598e-06	4730
943328	6.701515e-07	1.730783e-06	1.142502e-06	4730
951584	6.702693e-07	1.730801e-06	1.142405e-06	4730
959840	6.703870e-07	1.730819e-06	1.142309e-06	4730
968096	6.705047e-07	1.730837e-06	1.142213e-06	4730
976352	6.706224e-07	1.730855e-06	1.142117e-06	4730
984608	6.707401e-07	1.730873e-06	1.142020e-06	4730
992864	6.708577e-07	1.730891e-06	1.141924e-06	4730
1001120	6.709754e-07	1.730909e-06	1.141828e-06	4730
1009376	6.710931e-07	1.730927e-06	1.141731e-06	4730
1017632	6.712107e-07	1.730945e-06	1.141635e-06	4730
1025888	6.713283e-07	1.730962e-06	1.141538e-06	4730
1034144	6.714459e-07	1.730980e-06	1.141442e-06	4730
1042400	6.715634e-07	1.730998e-06	1.141345e-06	4730
1050656	6.716810e-07	1.731016e-06	1.141249e-06	4730
1058912	6.717985e-07	1.731034e-06	1.141153e-06	4730
1067168	6.719161e-07	1.731052e-06	1.141056e-06	4730
1075424	6.720337e-07	1.731070e-06	1.140960e-06	4730
1083680	6.721511e-07	1.731088e-06	1.140863e-06	4730
1091936	6.722686e-07	1.731106e-06	1.140766e-06	4730
1100192	6.723861e-07	1.731124e-06	1.140670e-06	4730
1108448	6.725036e-07	1.731142e-06	1.140573e-06	4730
1116704	6.726210e-07	1.731160e-06	1.140477e-06	4730
1124960	6.727385e-07	1.731178e-06	1.140380e-06	4730
1133216	6.728559e-07	1.731196e-06	1.140284e-06	4730
1141472	6.729733e-07	1.731214e-06	1.140187e-06	4730
1149728	6.730907e-07	1.731232e-06	1.140090e-06	4730
4508	4.216472e-07	1.735561e-06	1.240239e-06	10874
12764	4.217789e-07	1.735572e-06	1.240179e-06	10874
21020	4.219105e-07	1.735583e-06	1.240118e-06	10874
29276	4.220421e-07	1.735595e-06	1.240057e-06	10874
37532	4.221737e-07	1.735606e-06	1.239997e-06	10874
45788	4.223053e-07	1.735617e-06	1.239936e-06	10874
54044	4.224369e-07	1.735629e-06	1.239875e-06	10874
62300	4.225684e-07	1.735640e-06	1.239814e-06	10874
70556	4.227000e-07	1.735651e-06	1.239754e-06	10874
78812	4.228316e-07	1.735663e-06	1.239693e-06	10874
87068	4.229631e-07	1.735674e-06	1.239632e-06	10874
95324	4.230947e-07	1.735685e-06	1.239571e-06	10874
103580	4.232262e-07	1.735697e-06	1.239511e-06	10874
111836	4.233577e-07	1.735708e-06	1.239450e-06	10874
120092	4.234892e-07	1.735720e-06	1.239389e-06	10874
128348	4.236207e-07	1.735731e-06	1.239328e-06	10874
136604	4.237522e-07	1.735742e-06	1.239267e-06	10874
144860	4.238837e-07	1.735754e-06	1.239206e-06	10874
153116	4.240152e-07	1.735765e-06	1.239145e-06	10874
161372	4.241466e-07	1.735777e-06	1.239084e-06	10874
169628	4.242781e-07	1.735788e-06	1.239023e-06	10874
177884	4.244095e-07	1.735799e-06	1.238962e-06	10874
186140	4.245410e-07	1.735811e-06	1.238901e-06	10874
194396	4.246724e-07	1.735822e-06	1.238840e-06	10874
202652	4.248038e-07	1.735834e-06	1.238779e-06	10874
210908	4.249353e-07	1.735845e-06	1.238718e-06	10874
219164	4.250666e-07	1.735856e-06	1.238657e-06	10874
227420	4.251980e-07	1.735868e-06	1.238596e-06	10874
235676	4.253294e-07	1.735879e-06	1.238535e-06	10874
243932	4.254608e-07	1.735891e-06	1.238473e-06	10874
252188	4.255922e-07	1.735902e-06	1.238412e-06	10874
260444	4.257235e-07	1.735914e-06	1.238351e-06	10874
268700	4.258549e-07	1.735925e-06	1.238290e-06	10874
276956	4.259862e-07	1.735937e-06	1.238229e-06	10874
285212	4.261175e-07	1.735948e-06	1.238168e-06	10874
293468	4.262488e-07	1.735959e-06	1.238106e-06	10874
301724	4.263802e-07	1.735971e-06	1.238045e-06	10874
309980	4.265115e-07	1.735982e-06	1.237984e-06	10874
318236	4.266428e-07	1.735994e-06	1.237922e-06	10874
326492	4.267741e-07	1.736005e-06	1.237861e-06	10874
334748	4.269053e-07	1.736017e-06	1.237800e-06	10874
343004	4.270366e-07	1.736028e-06	1.237738e-06	10874
351260	4.271678e-07	1.736040e-06	1.237677e-06	10874
359516	4.272991e-07	1.736051e-06	1.237615e-06	10874
367772	4.274303e-07	1.736063e-06	1.237554e-06	10874
376028	4.275616e-07	1.736074e-06	1.237493e-06	10874
384284	4.276928e-07	1.736086e-06	1.237431e-06	10874
392540	4.278240e-07	1.736097e-06	1.237370e-06	10874
400796	4.279552e-07	1.736109e-06	1.237308e-06	10874
409052	4.280864e-07	1.736120e-06	1.237247e-06	10874
417308	4.282176e-07	1.736132e-06	1.237185e-06	10874
425564	4.283488e-07	1.736143e-06	1.237123e-06	10874
433820	4.284799e-07	1.736155e-06	1.237062e-06	10874
442076	4.286111e-07	1.736166e-06	1.237000e-06	10874
450332	4.287422e-07	1.736178e-06	1.236939e-06	10874
458588	4.288734e-07	1.736189e-06	1.236877e-06	10874
466844	4.290045e-07	1.736201e-06	1.236815e-06	10874
475100	4.291356e-07	1.736212e-06	1.236754e-06	10874
483356	4.292667e-07	1.736224e-06	1.236692e-06	10874
491612	4.293978e-07	1.736235e-06	1.236630e-06	10874
499868	4.295289e-07	1.736247e-06	1.236569e-06	10874
508124	4.296600e-07	1.736258e-06	1.236507e-06	10874
516380	4.297911e-07	1.736270e-06	1.236445e-06	10874
524636	4.299221e-07	1.736282e-06	1.236383e-06	10874
532892	4.300532e-07	1.736293e-06	1.236321e-06	10874
4594	4.745932e-07	1.736300e-06	1.222882e-06	11130
541148	4.301842e-07	1.736305e-06	1.236260e-06	10874
12850	4.747223e-07	1.736313e-06	1.222814e-06	11130
549404	4.303153e-07	1.736316e-06	1.236198e-06	10874
21106	4.748514e-07	1.736325e-06	1.222746e-06	11130
557660	4.304463e-07	1.736328e-06	1.236136e-06	10874
29362	4.749805e-07	1.736338e-06	1.222678e-06	11130
565916	4.305773e-07	1.736339e-06	1.236074e-06	10874
37618	4.751095e-07	1.736351e-06	1.222610e-06	11130
574172	4.307083e-07	1.736351e-06	1.236012e-06	10874
582428	4.308393e-07	1.736363e-06	1.235950e-06	10874
45874	4.752386e-07	1.736364e-06	1.222541e-06	11130
590684	4.309703e-07	1.736374e-06	1.235888e-06	10874
54130	4.753677e-07	1.736376e-06	1.222473e-06	11130
598940	4.311013e-07	1.736386e-06	1.235826e-06	10874
62386	4.754968e-07	1.736389e-06	1.222405e-06	11130
607196	4.312323e-07	1.736397e-06	1.235764e-06	10874
70642	4.756258e-07	1.736402e-06	1.222336e-06	11130
615452	4.313632e-07	1.736409e-06	1.235702e-06	10874
78898	4.757549e-07	1.736415e-06	1.222268e-06	11130
623708	4.314942e-07	1.736420e-06	1.235640e-06	10874
87154	4.758839e-07	1.736428e-06	1.222200e-06	11130
631964	4.316252e-07	1.736432e-06	1.235578e-06	10874
95410	4.760129e-07	1.736440e-06	1.222131e-06	11130
640220	4.317561e-07	1.736444e-06	1.235516e-06	10874
103666	4.761419e-07	1.736453e-06	1.222063e-06	11130
648476	4.318870e-07	1.736455e-06	1.235454e-06	10874
111922	4.762709e-07	1.736466e-06	1.221994e-06	11130
656732	4.320179e-07	1.736467e-06	1.235392e-06	10874
120178	4.763999e-07	1.736479e-06	1.221926e-06	11130
664988	4.321489e-07	1.736479e-06	1.235330e-06	10874
673244	4.322797e-07	1.736490e-06	1.235268e-06	10874
128434	4.765289e-07	1.736491e-06	1.221857e-06	11130
681500	4.324106e-07	1.736502e-06	1.235206e-06	10874
136690	4.766578e-07	1.736504e-06	1.221789e-06	11130
689756	4.325415e-07	1.736513e-06	1.235143e-06	10874
144946	4.767868e-07	1.736517e-06	1.221720e-06	11130
698012	4.326724e-07	1.736525e-06	1.235081e-06	10874
153202	4.769157e-07	1.736530e-06	1.221652e-06	11130
706268	4.328033e-07	1.736537e-06	1.235019e-06	10874
161458	4.770447e-07	1.736543e-06	1.221583e-06	11130
714524	4.329341e-07	1.736548e-06	1.234957e-06	10874
169714	4.771736e-07	1.736555e-06	1.221515e-06	11130
722780	4.330649e-07	1.736560e-06	1.234895e-06	10874
177970	4.773025e-07	1.736568e-06	1.221446e-06	11130
731036	4.331958e-07	1.736572e-06	1.234832e-06	10874
186226	4.774314e-07	1.736581e-06	1.221377e-06	11130
739292	4.333266e-07	1.736583e-06	1.234770e-06	10874
194482	4.775603e-07	1.736594e-06	1.221309e-06	11130
747548	4.334574e-07	1.736595e-06	1.234708e-06	10874
755804	4.335882e-07	1.736606e-06	1.234646e-06	10874
202738	4.776892e-07	1.736607e-06	1.221240e-06	11130
764060	4.337190e-07	1.736618e-06	1.234583e-06	10874
210994	4.778181e-07	1.736620e-06	1.221172e-06	11130
772316	4.338498e-07	1.736630e-06	1.234521e-06	10874
219250	4.779470e-07	1.736632e-06	1.221103e-06	11130
780572	4.339806e-07	1.736641e-06	1.234458e-06	10874
227506	4.780758e-07	1.736645e-06	1.221034e-06	11130
788828	4.341114e-07	1.736653e-06	1.234396e-06	10874
235762	4.782046e-07	1.736658e-06	1.220965e-06	11130
797084	4.342421e-07	1.736665e-06	1.234334e-06	10874
244018	4.783335e-07	1.736671e-06	1.220897e-06	11130
805340	4.343729e-07	1.736676e-06	1.234271e-06	10874
252274	4.784623e-07	1.736684e-06	1.220828e-06	11130
813596	4.345036e-07	1.736688e-06	1.234209e-06	10874
260530	4.785911e-07	1.736697e-06	1.220759e-06	11130
821852	4.346344e-07	1.736700e-06	1.234146e-06	10874
268786	4.787199e-07	1.736709e-06	1.220690e-06	11130
830108	4.347651e-07	1.736712e-06	1.234084e-06	10874
277042	4.788487e-07	1.736722e-06	1.220622e-06	11130
838364	4.348958e-07	1.736723e-06	1.234021e-06	10874
846620	4.350265e-07	1.736735e-06	1.233959e-06	10874
285298	4.789775e-07	1.736735e-06	1.220553e-06	11130
854876	4.351572e-07	1.736747e-06	1.233896e-06	10874
293554	4.791063e-07	1.736748e-06	1.220484e-06	11130
863132	4.352879e-07	1.736758e-06	1.233834e-06	10874
301810	4.792350e-07	1.736761e-06	1.220415e-06	11130
871388	4.354186e-07	1.736770e-06	1.233771e-06	10874
310066	4.793638e-07	1.736774e-06	1.220346e-06	11130
879644	4.355492e-07	1.736782e-06	1.233709e-06	10874
318322	4.794925e-07	1.736787e-06	1.220277e-06	11130
887900	4.356799e-07	1.736793e-06	1.233646e-06	10874
326578	4.796213e-07	1.736799e-06	1.220208e-06	11130
896156	4.358105e-07	1.736805e-06	1.233583e-06	10874
334834	4.797500e-07	1.736812e-06	1.220140e-06	11130
904412	4.359412e-07	1.736817e-06	1.233521e-06	10874
343090	4.798787e-07	1.736825e-06	1.220071e-06	11130
912668	4.360718e-07	1.736828e-06	1.233458e-06	10874
351346	4.800074e-07	1.736838e-06	1.220002e-06	11130
920924	4.362024e-07	1.736840e-06	1.233395e-06	10874
359602	4.801361e-07	1.736851e-06	1.219933e-06	11130
929180	4.363330e-07	1.736852e-06	1.233333e-06	10874
937436	4.364637e-07	1.736864e-06	1.233270e-06	10874
367858	4.802648e-07	1.736864e-06	1.219864e-06	11130
945692	4.365942e-07	1.736875e-06	1.233207e-06	10874
376114	4.803935e-07	1.736877e-06	1.219795e-06	11130
953948	4.367248e-07	1.736887e-06	1.233144e-06	10874
384370	4.805221e-07	1.736890e-06	1.219726e-06	11130
962204	4.368554e-07	1.736899e-06	1.233082e-06	10874
392626	4.806508e-07	1.736903e-06	1.219656e-06	11130
970460	4.369860e-07	1.736911e-06	1.233019e-06	10874
400882	4.807794e-07	1.736915e-06	1.219587e-06	11130
978716	4.371165e-07	1.736922e-06	1.232956e-06	10874
409138	4.809081e-07	1.736928e-06	1.219518e-06	11130
986972	4.372471e-07	1.736934e-06	1.232893e-06	10874
417394	4.810366e-07	1.736941e-06	1.219449e-06	11130
995228	4.373776e-07	1.736946e-06	1.232830e-06	10874
425650	4.811653e-07	1.736954e-06	1.219380e-06	11130
1003484	4.375081e-07	1.736958e-06	1.232767e-06	10874
433906	4.812939e-07	1.736967e-06	1.219311e-06	11130
1011740	4.376387e-07	1.736969e-06	1.232704e-06	10874
442162	4.814224e-07	1.736980e-06	1.219242e-06	11130
1019996	4.377692e-07	1.736981e-06	1.232642e-06	10874
1028252	4.378997e-07	1.736993e-06	1.232579e-06	10874
450418	4.815510e-07	1.736993e-06	1.219173e-06	11130
1036508	4.380302e-07	1.737005e-06	1.232516e-06	10874
458674	4.816796e-07	1.737006e-06	1.219103e-06	11130
1044764	4.381606e-07	1.737016e-06	1.232453e-06	10874
466930	4.818082e-07	1.737019e-06	1.219034e-06	11130
1053020	4.382911e-07	1.737028e-06	1.232390e-06	10874
475186	4.819367e-07	1.737032e-06	1.218965e-06	11130
1061276	4.384216e-07	1.737040e-06	1.232327e-06	10874
483442	4.820652e-07	1.737045e-06	1.218896e-06	11130
1069532	4.385520e-07	1.737052e-06	1.232264e-06	10874
491698	4.821937e-07	1.737058e-06	1.218826e-06	11130
1077788	4.386825e-07	1.737063e-06	1.232201e-06	10874
499954	4.823223e-07	1.737071e-06	1.218757e-06	11130
1086044	4.388129e-07	1.737075e-06	1.232137e-06	10874
508210	4.824508e-07	1.737083e-06	1.218688e-06	11130
1094300	4.389433e-07	1.737087e-06	1.232075e-06	10874
516466	4.825793e-07	1.737096e-06	1.218618e-06	11130
1102556	4.390738e-07	1.737099e-06	1.232011e-06	10874
524722	4.827078e-07	1.737109e-06	1.218549e-06	11130
1110812	4.392042e-07	1.737111e-06	1.231948e-06	10874
532978	4.828362e-07	1.737122e-06	1.218480e-06	11130
1119068	4.393346e-07	1.737122e-06	1.231885e-06	10874
1127324	4.394650e-07	1.737134e-06	1.231822e-06	10874
541234	4.829647e-07	1.737135e-06	1.218410e-06	11130
1135580	4.395953e-07	1.737146e-06	1.231759e-06	10874
549490	4.830932e-07	1.737148e-06	1.218341e-06	11130
1143836	4.397257e-07	1.737158e-06	1.231696e-06	10874
557746	4.832216e-07	1.737161e-06	1.218271e-06	11130
1152092	4.398561e-07	1.737170e-06	1.231632e-06	10874
566002	4.833500e-07	1.737174e-06	1.218202e-06	11130
574258	4.834785e-07	1.737187e-06	1.218132e-06	11130
582514	4.836069e-07	1.737200e-06	1.218063e-06	11130
590770	4.837353e-07	1.737213e-06	1.217993e-06	11130
599026	4.838637e-07	1.737226e-06	1.217924e-06	11130
607282	4.839921e-07	1.737239e-06	1.217854e-06	11130
615538	4.841204e-07	1.737252e-06	1.217785e-06	11130
623794	4.842488e-07	1.737265e-06	1.217715e-06	11130
632050	4.843772e-07	1.737278e-06	1.217646e-06	11130
640306	4.845055e-07	1.737291e-06	1.217576e-06	11130
648562	4.846339e-07	1.737304e-06	1.217506e-06	11130
656818	4.847622e-07	1.737317e-06	1.217437e-06	11130
665074	4.848904e-07	1.737330e-06	1.217367e-06	11130
673330	4.850187e-07	1.737343e-06	1.217297e-06	11130
681586	4.851470e-07	1.737356e-06	1.217228e-06	11130
689842	4.852753e-07	1.737369e-06	1.217158e-06	11130
698098	4.854036e-07	1.737382e-06	1.217088e-06	11130
706354	4.855319e-07	1.737395e-06	1.217018e-06	11130
714610	4.856601e-07	1.737408e-06	1.216949e-06	11130
722866	4.857883e-07	1.737421e-06	1.216879e-06	11130
731122	4.859166e-07	1.737434e-06	1.216809e-06	11130
739378	4.860448e-07	1.737448e-06	1.216739e-06	11130
747634	4.861730e-07	1.737461e-06	1.216669e-06	11130
755890	4.863012e-07	1.737474e-06	1.216599e-06	11130
764146	4.864294e-07	1.737487e-06	1.216530e-06	11130
772402	4.865576e-07	1.737500e-06	1.216460e-06	11130
780658	4.866857e-07	1.737513e-06	1.216390e-06	11130
788914	4.868139e-07	1.737526e-06	1.216320e-06	11130
797170	4.869420e-07	1.737539e-06	1.216250e-06	11130
805426	4.870702e-07	1.737552e-06	1.216180e-06	11130
813682	4.871983e-07	1.737565e-06	1.216110e-06	11130
821938	4.873264e-07	1.737578e-06	1.216040e-06	11130
830194	4.874545e-07	1.737591e-06	1.215970e-06	11130
838450	4.875826e-07	1.737604e-06	1.215900e-06	11130
846706	4.877107e-07	1.737617e-06	1.215830e-06	11130
854962	4.878387e-07	1.737630e-06	1.215760e-06	11130
863218	4.879668e-07	1.737644e-06	1.215689e-06	11130
871474	4.880949e-07	1.737657e-06	1.215619e-06	11130
879730	4.882230e-07	1.737670e-06	1.215549e-06	11130
887986	4.883510e-07	1.737683e-06	1.215479e-06	11130
896242	4.884790e-07	1.737696e-06	1.215409e-06	11130
904498	4.886070e-07	1.737709e-06	1.215339e-06	11130
912754	4.887350e-07	1.737722e-06	1.215268e-06	11130
921010	4.888630e-07	1.737735e-06	1.215198e-06	11130
929266	4.889910e-07	1.737748e-06	1.215128e-06	11130
937522	4.891189e-07	1.737762e-06	1.215058e-06	11130
945778	4.892469e-07	1.737775e-06	1.214987e-06	11130
954034	4.893748e-07	1.737788e-06	1.214917e-06	11130
962290	4.895028e-07	1.737801e-06	1.214847e-06	11130
970546	4.896307e-07	1.737814e-06	1.214776e-06	11130
978802	4.897586e-07	1.737827e-06	1.214706e-06	11130
987058	4.898865e-07	1.737840e-06	1.214636e-06	11130
995314	4.900144e-07	1.737854e-06	1.214565e-06	11130
1003570	4.901423e-07	1.737867e-06	1.214495e-06	11130
1011826	4.902702e-07	1.737880e-06	1.214424e-06	11130
1020082	4.903980e-07	1.737893e-06	1.214354e-06	11130
1028338	4.905259e-07	1.737906e-06	1.214283e-06	11130
1036594	4.906537e-07	1.737919e-06	1.214213e-06	11130
1044850	4.907816e-07	1.737933e-06	1.214142e-06	11130
1053106	4.909094e-07	1.737946e-06	1.214072e-06	11130
1061362	4.910372e-07	1.737959e-06	1.214001e-06	11130
1069618	4.911650e-07	1.737972e-06	1.213931e-06	11130
1077874	4.912928e-07	1.737985e-06	1.213860e-06	11130
1086130	4.914206e-07	1.737998e-06	1.213789e-06	11130
1094386	4.915483e-07	1.738012e-06	1.213719e-06	11130
1102642	4.916761e-07	1.738025e-06	1.213648e-06	11130
1110898	4.918039e-07	1.738038e-06	1.213577e-06	11130
1119154	4.919316e-07	1.738051e-06	1.213507e-06	11130
1127410	4.920593e-07	1.738064e-06	1.213436e-06	11130
1135666	4.921870e-07	1.738078e-06	1.213365e-06	11130
1143922	4.923148e-07	1.738091e-06	1.213295e-06	11130
1152178	4.924424e-07	1.738104e-06	1.213224e-06	11130
4928	5.359654e-07	1.738906e-06	1.203827e-06	12154
13184	5.360917e-07	1.738920e-06	1.203750e-06	12154
21440	5.362180e-07	1.738935e-06	1.203673e-06	12154
29696	5.363443e-07	1.738949e-06	1.203596e-06	12154
37952	5.364706e-07	1.738964e-06	1.203519e-06	12154
46208	5.365969e-07	1.738978e-06	1.203441e-06	12154
54464	5.367231e-07	1.738992e-06	1.203364e-06	12154
62720	5.368494e-07	1.739007e-06	1.203287e-06	12154
70976	5.369756e-07	1.739021e-06	1.203210e-06	12154
79232	5.371018e-07	1.739035e-06	1.203133e-06	12154
87488	5.372281e-07	1.739050e-06	1.203056e-06	12154
95744	5.373543e-07	1.739064e-06	1.202979e-06	12154
104000	5.374804e-07	1.739079e-06	1.202901e-06	12154
112256	5.376066e-07	1.739093e-06	1.202824e-06	12154
120512	5.377328e-07	1.739108e-06	1.202747e-06	12154
128768	5.378590e-07	1.739122e-06	1.202670e-06	12154
137024	5.379851e-07	1.739136e-06	1.202592e-06	12154
145280	5.381112e-07	1.739151e-06	1.202515e-06	12154
153536	5.382373e-07	1.739165e-06	1.202438e-06	12154
161792	5.383635e-07	1.739180e-06	1.202360e-06	12154
170048	5.384895e-07	1.739194e-06	1.202283e-06	12154
178304	5.386157e-07	1.739209e-06	1.202206e-06	12154
186560	5.387417e-07	1.739223e-06	1.202128e-06	12154
194816	5.388678e-07	1.739238e-06	1.202051e-06	12154
203072	5.389938e-07	1.739252e-06	1.201973e-06	12154
211328	5.391199e-07	1.739267e-06	1.201896e-06	12154
219584	5.392459e-07	1.739281e-06	1.201818e-06	12154
227840	5.393719e-07	1.739295e-06	1.201741e-06	12154
236096	5.394979e-07	1.739310e-06	1.201663e-06	12154
244352	5.396240e-07	1.739324e-06	1.201586e-06	12154
252608	5.397499e-07	1.739339e-06	1.201508e-06	12154
260864	5.398759e-07	1.739353e-06	1.201431e-06	12154
269120	5.400018e-07	1.739368e-06	1.201353e-06	12154
277376	5.401278e-07	1.739382e-06	1.201276e-06	12154
285632	5.402537e-07	1.739397e-06	1.201198e-06	12154
293888	5.403797e-07	1.739411e-06	1.201120e-06	12154
302144	5.405056e-07	1.739426e-06	1.201043e-06	12154
310400	5.406315e-07	1.739440e-06	1.200965e-06	12154
318656	5.407574e-07	1.739455e-06	1.200887e-06	12154
326912	5.408833e-07	1.739469e-06	1.200810e-06	12154
335168	5.410091e-07	1.739484e-06	1.200732e-06	12154
343424	5.411350e-07	1.739498e-06	1.200654e-06	12154
351680	5.412608e-07	1.739513e-06	1.200577e-06	12154
359936	5.413867e-07	1.739527e-06	1.200499e-06	12154
368192	5.415125e-07	1.739542e-06	1.200421e-06	12154
376448	5.416383e-07	1.739556e-06	1.200343e-06	12154
384704	5.417641e-07	1.739571e-06	1.200265e-06	12154
392960	5.418899e-07	1.739585e-06	1.200188e-06	12154
401216	5.420156e-07	1.739600e-06	1.200110e-06	12154
409472	5.421414e-07	1.739614e-06	1.200032e-06	12154
417728	5.422672e-07	1.739629e-06	1.199954e-06	12154
425984	5.423929e-07	1.739643e-06	1.199876e-06	12154
434240	5.425186e-07	1.739658e-06	1.199798e-06	12154
442496	5.426444e-07	1.739673e-06	1.199720e-06	12154
450752	5.427701e-07	1.739687e-06	1.199642e-06	12154
459008	5.428957e-07	1.739702e-06	1.199564e-06	12154
467264	5.430215e-07	1.739716e-06	1.199486e-06	12154
475520	5.431471e-07	1.739731e-06	1.199408e-06	12154
483776	5.432728e-07	1.739745e-06	1.199330e-06	12154
492032	5.433985e-07	1.739760e-06	1.199252e-06	12154
500288	5.435241e-07	1.739775e-06	1.199174e-06	12154
508544	5.436497e-07	1.739789e-06	1.199096e-06	12154
516800	5.437753e-07	1.739804e-06	1.199018e-06	12154
525056	5.439009e-07	1.739818e-06	1.198939e-06	12154
533312	5.440265e-07	1.739833e-06	1.198861e-06	12154
541568	5.441521e-07	1.739847e-06	1.198783e-06	12154
549824	5.442777e-07	1.739862e-06	1.198705e-06	12154
558080	5.444032e-07	1.739877e-06	1.198627e-06	12154
566336	5.445287e-07	1.739891e-06	1.198549e-06	12154
574592	5.446543e-07	1.739906e-06	1.198470e-06	12154
582848	5.447798e-07	1.739920e-06	1.198392e-06	12154
591104	5.449053e-07	1.739935e-06	1.198314e-06	12154
599360	5.450308e-07	1.739950e-06	1.198236e-06	12154
607616	5.451563e-07	1.739964e-06	1.198157e-06	12154
615872	5.452818e-07	1.739979e-06	1.198079e-06	12154
624128	5.454073e-07	1.739994e-06	1.198001e-06	12154
632384	5.455327e-07	1.740008e-06	1.197922e-06	12154
640640	5.456582e-07	1.740023e-06	1.197844e-06	12154
648896	5.457836e-07	1.740037e-06	1.197765e-06	12154
657152	5.459090e-07	1.740052e-06	1.197687e-06	12154
665408	5.460344e-07	1.740067e-06	1.197608e-06	12154
673664	5.461598e-07	1.740081e-06	1.197530e-06	12154
681920	5.462852e-07	1.740096e-06	1.197452e-06	12154
690176	5.464105e-07	1.740111e-06	1.197373e-06	12154
698432	5.465359e-07	1.740125e-06	1.197295e-06	12154
706688	5.466613e-07	1.740140e-06	1.197216e-06	12154
714944	5.467866e-07	1.740155e-06	1.197137e-06	12154
723200	5.469119e-07	1.740169e-06	1.197059e-06	12154
731456	5.470372e-07	1.740184e-06	1.196980e-06	12154
739712	5.471625e-07	1.740199e-06	1.196902e-06	12154
747968	5.472878e-07	1.740213e-06	1.196823e-06	12154
756224	5.474131e-07	1.740228e-06	1.196744e-06	12154
764480	5.475384e-07	1.740243e-06	1.196666e-06	12154
772736	5.476636e-07	1.740257e-06	1.196587e-06	12154
780992	5.477889e-07	1.740272e-06	1.196508e-06	12154
789248	5.479141e-07	1.740287e-06	1.196430e-06	12154
797504	5.480393e-07	1.740301e-06	1.196351e-06	12154
805760	5.481645e-07	1.740316e-06	1.196272e-06	12154
814016	5.482897e-07	1.740331e-06	1.196193e-06	12154
822272	5.484149e-07	1.740346e-06	1.196115e-06	12154
830528	5.485401e-07	1.740360e-06	1.196036e-06	12154
838784	5.486652e-07	1.740375e-06	1.195957e-06	12154
847040	5.487904e-07	1.740390e-06	1.195878e-06	12154
855296	5.489155e-07	1.740404e-06	1.195799e-06	12154
863552	5.490406e-07	1.740419e-06	1.195721e-06	12154
871808	5.491657e-07	1.740434e-06	1.195642e-06	12154
880064	5.492909e-07	1.740449e-06	1.195563e-06	12154
888320	5.494160e-07	1.740463e-06	1.195484e-06	12154
896576	5.495410e-07	1.740478e-06	1.195405e-06	12154
904832	5.496661e-07	1.740493e-06	1.195326e-06	12154
913088	5.497911e-07	1.740508e-06	1.195247e-06	12154
921344	5.499162e-07	1.740522e-06	1.195168e-06	12154
929600	5.500412e-07	1.740537e-06	1.195089e-06	12154
937856	5.501662e-07	1.740552e-06	1.195010e-06	12154
946112	5.502912e-07	1.740567e-06	1.194931e-06	12154
954368	5.504162e-07	1.740581e-06	1.194852e-06	12154
962624	5.505412e-07	1.740596e-06	1.194773e-06	12154
970880	5.506662e-07	1.740611e-06	1.194694e-06	12154
979136	5.507912e-07	1.740626e-06	1.194614e-06	12154
987392	5.509161e-07	1.740640e-06	1.194535e-06	12154
995648	5.510411e-07	1.740655e-06	1.194456e-06	12154
1003904	5.511660e-07	1.740670e-06	1.194377e-06	12154
1012160	5.512909e-07	1.740685e-06	1.194298e-06	12154
1020416	5.514158e-07	1.740699e-06	1.194219e-06	12154
1028672	5.515407e-07	1.740714e-06	1.194139e-06	12154
1036928	5.516656e-07	1.740729e-06	1.194060e-06	12154
1045184	5.517904e-07	1.740744e-06	1.193981e-06	12154
1053440	5.519153e-07	1.740759e-06	1.193902e-06	12154
1061696	5.520401e-07	1.740773e-06	1.193822e-06	12154
1069952	5.521650e-07	1.740788e-06	1.193743e-06	12154
1078208	5.522898e-07	1.740803e-06	1.193664e-06	12154
1086464	5.524146e-07	1.740818e-06	1.193584e-06	12154
1094720	5.525394e-07	1.740833e-06	1.193505e-06	12154
1102976	5.526642e-07	1.740847e-06	1.193425e-06	12154
1111232	5.527889e-07	1.740862e-06	1.193346e-06	12154
1119488	5.529137e-07	1.740877e-06	1.193267e-06	12154
1127744	5.530385e-07	1.740892e-06	1.193187e-06	12154
1136000	5.531632e-07	1.740907e-06	1.193108e-06	12154
1144256	5.532879e-07	1.740922e-06	1.193028e-06	12154
1152512	5.534126e-07	1.740936e-06	1.192949e-06	12154
4846	5.119882e-07	1.755870e-06	1.225459e-06	11898
13102	5.121171e-07	1.755884e-06	1.225386e-06	11898
21358	5.122461e-07	1.755898e-06	1.225312e-06	11898
29614	5.123750e-07	1.755912e-06	1.225239e-06	11898
37870	5.125040e-07	1.755925e-06	1.225165e-06	11898
46126	5.126329e-07	1.755939e-06	1.225091e-06	11898
54382	5.127619e-07	1.755953e-06	1.225018e-06	11898
62638	5.128907e-07	1.755967e-06	1.224944e-06	11898
70894	5.130196e-07	1.755981e-06	1.224870e-06	11898
79150	5.131485e-07	1.755994e-06	1.224796e-06	11898
87406	5.132774e-07	1.756008e-06	1.224723e-06	11898
95662	5.134062e-07	1.756022e-06	1.224649e-06	11898
103918	5.135351e-07	1.756036e-06	1.224575e-06	11898
112174	5.136639e-07	1.756049e-06	1.224501e-06	11898
120430	5.137927e-07	1.756063e-06	1.224427e-06	11898
128686	5.139216e-07	1.756077e-06	1.224354e-06	11898
136942	5.140504e-07	1.756091e-06	1.224280e-06	11898
145198	5.141791e-07	1.756105e-06	1.224206e-06	11898
153454	5.143079e-07	1.756118e-06	1.224132e-06	11898
161710	5.144367e-07	1.756132e-06	1.224058e-06	11898
169966	5.145654e-07	1.756146e-06	1.223984e-06	11898
178222	5.146942e-07	1.756160e-06	1.223910e-06	11898
186478	5.148229e-07	1.756174e-06	1.223836e-06	11898
194734	5.149517e-07	1.756187e-06	1.223762e-06	11898
202990	5.150804e-07	1.756201e-06	1.223688e-06	11898
211246	5.152091e-07	1.756215e-06	1.223614e-06	11898
219502	5.153378e-07	1.756229e-06	1.223540e-06	11898
227758	5.154665e-07	1.756243e-06	1.223466e-06	11898
236014	5.155952e-07	1.756257e-06	1.223392e-06	11898
244270	5.157238e-07	1.756270e-06	1.223318e-06	11898
252526	5.158524e-07	1.756284e-06	1.223244e-06	11898
260782	5.159811e-07	1.756298e-06	1.223170e-06	11898
269038	5.161097e-07	1.756312e-06	1.223096e-06	11898
277294	5.162383e-07	1.756326e-06	1.223022e-06	11898
285550	5.163669e-07	1.756340e-06	1.222947e-06	11898
293806	5.164956e-07	1.756353e-06	1.222873e-06	11898
302062	5.166241e-07	1.756367e-06	1.222799e-06	11898
310318	5.167527e-07	1.756381e-06	1.222725e-06	11898
318574	5.168812e-07	1.756395e-06	1.222650e-06	11898
326830	5.170098e-07	1.756409e-06	1.222576e-06	11898
335086	5.171383e-07	1.756423e-06	1.222502e-06	11898
343342	5.172669e-07	1.756437e-06	1.222427e-06	11898
351598	5.173954e-07	1.756451e-06	1.222353e-06	11898
359854	5.175239e-07	1.756464e-06	1.222279e-06	11898
368110	5.176524e-07	1.756478e-06	1.222204e-06	11898
376366	5.177808e-07	1.756492e-06	1.222130e-06	11898
384622	5.179094e-07	1.756506e-06	1.222056e-06	11898
392878	5.180378e-07	1.756520e-06	1.221981e-06	11898
401134	5.181662e-07	1.756534e-06	1.221907e-06	11898
409390	5.182947e-07	1.756548e-06	1.221832e-06	11898
417646	5.184231e-07	1.756562e-06	1.221758e-06	11898
425902	5.185515e-07	1.756576e-06	1.221683e-06	11898
434158	5.186799e-07	1.756590e-06	1.221609e-06	11898
442414	5.188083e-07	1.756603e-06	1.221534e-06	11898
450670	5.189368e-07	1.756617e-06	1.221460e-06	11898
458926	5.190651e-07	1.756631e-06	1.221385e-06	11898
467182	5.191935e-07	1.756645e-06	1.221311e-06	11898
475438	5.193218e-07	1.756659e-06	1.221236e-06	11898
483694	5.194502e-07	1.756673e-06	1.221161e-06	11898
491950	5.195785e-07	1.756687e-06	1.221087e-06	11898
500206	5.197068e-07	1.756701e-06	1.221012e-06	11898
508462	5.198351e-07	1.756715e-06	1.220937e-06	11898
516718	5.199634e-07	1.756729e-06	1.220863e-06	11898
524974	5.200917e-07	1.756743e-06	1.220788e-06	11898
533230	5.202200e-07	1.756757e-06	1.220713e-06	11898
541486	5.203482e-07	1.756771e-06	1.220638e-06	11898
549742	5.204765e-07	1.756785e-06	1.220564e-06	11898
557998	5.206047e-07	1.756799e-06	1.220489e-06	11898
566254	5.207330e-07	1.756813e-06	1.220414e-06	11898
574510	5.208612e-07	1.756827e-06	1.220339e-06	11898
582766	5.209894e-07	1.756841e-06	1.220264e-06	11898
591022	5.211176e-07	1.756855e-06	1.220189e-06	11898
599278	5.212458e-07	1.756869e-06	1.220115e-06	11898
607534	5.213739e-07	1.756883e-06	1.220040e-06	11898
615790	5.215021e-07	1.756896e-06	1.219965e-06	11898
624046	5.216303e-07	1.756910e-06	1.219890e-06	11898
632302	5.217584e-07	1.756924e-06	1.219815e-06	11898
640558	5.218865e-07	1.756938e-06	1.219740e-06	11898
648814	5.220147e-07	1.756953e-06	1.219665e-06	11898
657070	5.221427e-07	1.756967e-06	1.219590e-06	11898
665326	5.222709e-07	1.756981e-06	1.219515e-06	11898
673582	5.223989e-07	1.756994e-06	1.219440e-06	11898
681838	5.225270e-07	1.757009e-06	1.219365e-06	11898
690094	5.226551e-07	1.757023e-06	1.219290e-06	11898
698350	5.227831e-07	1.757037e-06	1.219214e-06	11898
706606	5.229112e-07	1.757051e-06	1.219139e-06	11898
714862	5.230392e-07	1.757065e-06	1.219064e-06	11898
723118	5.231672e-07	1.757079e-06	1.218989e-06	11898
731374	5.232952e-07	1.757093e-06	1.218914e-06	11898
739630	5.234232e-07	1.757107e-06	1.218839e-06	11898
747886	5.235512e-07	1.757121e-06	1.218763e-06	11898
756142	5.236791e-07	1.757135e-06	1.218688e-06	11898
764398	5.238072e-07	1.757149e-06	1.218613e-06	11898
772654	5.239351e-07	1.757163e-06	1.218538e-06	11898
780910	5.240630e-07	1.757177e-06	1.218462e-06	11898
789166	5.241910e-07	1.757191e-06	1.218387e-06	11898
797422	5.243189e-07	1.757205e-06	1.218312e-06	11898
805678	5.244468e-07	1.757219e-06	1.218236e-06	11898
813934	5.245747e-07	1.757233e-06	1.218161e-06	11898
822190	5.247026e-07	1.757247e-06	1.218086e-06	11898
830446	5.248305e-07	1.757261e-06	1.218010e-06	11898
838702	5.249583e-07	1.757276e-06	1.217935e-06	11898
846958	5.250861e-07	1.757290e-06	1.217859e-06	11898
855214	5.252140e-07	1.757304e-06	1.217784e-06	11898
863470	5.253418e-07	1.757318e-06	1.217708e-06	11898
871726	5.254697e-07	1.757332e-06	1.217633e-06	11898
879982	5.255974e-07	1.757346e-06	1.217557e-06	11898
888238	5.257252e-07	1.757360e-06	1.217482e-06	11898
896494	5.258530e-07	1.757374e-06	1.217406e-06	11898
904750	5.259808e-07	1.757388e-06	1.217331e-06	11898
913006	5.261086e-07	1.757402e-06	1.217255e-06	11898
921262	5.262363e-07	1.757416e-06	1.217180e-06	11898
929518	5.263640e-07	1.757431e-06	1.217104e-06	11898
937774	5.264918e-07	1.757445e-06	1.217028e-06	11898
946030	5.266195e-07	1.757459e-06	1.216953e-06	11898
954286	5.267472e-07	1.757473e-06	1.216877e-06	11898
962542	5.268749e-07	1.757487e-06	1.216801e-06	11898
970798	5.270026e-07	1.757501e-06	1.216726e-06	11898
979054	5.271302e-07	1.757515e-06	1.216650e-06	11898
987310	5.272579e-07	1.757530e-06	1.216574e-06	11898
995566	5.273856e-07	1.757544e-06	1.216498e-06	11898
1003822	5.275132e-07	1.757558e-06	1.216423e-06	11898
1012078	5.276408e-07	1.757572e-06	1.216347e-06	11898
1020334	5.277684e-07	1.757586e-06	1.216271e-06	11898
1028590	5.278960e-07	1.757600e-06	1.216195e-06	11898
1036846	5.280236e-07	1.757614e-06	1.216119e-06	11898
1045102	5.281512e-07	1.757629e-06	1.216043e-06	11898
1053358	5.282788e-07	1.757643e-06	1.215968e-06	11898
1061614	5.284064e-07	1.757657e-06	1.215892e-06	11898
1069870	5.285339e-07	1.757671e-06	1.215816e-06	11898
1078126	5.286614e-07	1.757685e-06	1.215740e-06	11898
1086382	5.287889e-07	1.757699e-06	1.215664e-06	11898
1094638	5.289165e-07	1.757714e-06	1.215588e-06	11898
1102894	5.290440e-07	1.757728e-06	1.215512e-06	11898
1111150	5.291715e-07	1.757742e-06	1.215436e-06	11898
1119406	5.292989e-07	1.757756e-06	1.215360e-06	11898
1127662	5.294264e-07	1.757771e-06	1.215284e-06	11898
1135918	5.295539e-07	1.757785e-06	1.215208e-06	11898
1144174	5.296813e-07	1.757799e-06	1.215132e-06	11898
1152430	5.298087e-07	1.757813e-06	1.215055e-06	11898
2254	6.089298e-07	1.759816e-06	1.194419e-06	4986
10510	6.090542e-07	1.759833e-06	1.194332e-06	4986
18766	6.091786e-07	1.759849e-06	1.194245e-06	4986
27022	6.093030e-07	1.759865e-06	1.194157e-06	4986
35278	6.094273e-07	1.759882e-06	1.194069e-06	4986
43534	6.095517e-07	1.759898e-06	1.193982e-06	4986
51790	6.096760e-07	1.759914e-06	1.193894e-06	4986
60046	6.098004e-07	1.759931e-06	1.193807e-06	4986
68302	6.099247e-07	1.759947e-06	1.193719e-06	4986
76558	6.100490e-07	1.759963e-06	1.193632e-06	4986
84814	6.101733e-07	1.759980e-06	1.193544e-06	4986
93070	6.102975e-07	1.759996e-06	1.193456e-06	4986
101326	6.104219e-07	1.760012e-06	1.193369e-06	4986
109582	6.105461e-07	1.760029e-06	1.193281e-06	4986
117838	6.106703e-07	1.760045e-06	1.193193e-06	4986
126094	6.107946e-07	1.760061e-06	1.193105e-06	4986
134350	6.109188e-07	1.760078e-06	1.193018e-06	4986
142606	6.110430e-07	1.760094e-06	1.192930e-06	4986
150862	6.111672e-07	1.760110e-06	1.192842e-06	4986
159118	6.112913e-07	1.760127e-06	1.192754e-06	4986
167374	6.114155e-07	1.760143e-06	1.192667e-06	4986
175630	6.115396e-07	1.760160e-06	1.192579e-06	4986
4679	4.857353e-07	1.760163e-06	1.237893e-06	11386
183886	6.116638e-07	1.760176e-06	1.192491e-06	4986
12935	4.858659e-07	1.760176e-06	1.237823e-06	11386
21191	4.859965e-07	1.760190e-06	1.237754e-06	11386
192142	6.117879e-07	1.760192e-06	1.192403e-06	4986
29447	4.861271e-07	1.760203e-06	1.237684e-06	11386
200398	6.119120e-07	1.760209e-06	1.192315e-06	4986
37703	4.862577e-07	1.760216e-06	1.237614e-06	11386
208654	6.120361e-07	1.760225e-06	1.192227e-06	4986
45959	4.863883e-07	1.760229e-06	1.237544e-06	11386
216910	6.121602e-07	1.760242e-06	1.192139e-06	4986
54215	4.865189e-07	1.760242e-06	1.237474e-06	11386
62471	4.866495e-07	1.760255e-06	1.237404e-06	11386
225166	6.122843e-07	1.760258e-06	1.192051e-06	4986
70727	4.867800e-07	1.760268e-06	1.237334e-06	11386
233422	6.124084e-07	1.760274e-06	1.191963e-06	4986
78983	4.869106e-07	1.760281e-06	1.237264e-06	11386
241678	6.125324e-07	1.760291e-06	1.191875e-06	4986
87239	4.870411e-07	1.760294e-06	1.237194e-06	11386
95495	4.871716e-07	1.760307e-06	1.237124e-06	11386
249934	6.126564e-07	1.760307e-06	1.191787e-06	4986
103751	4.873022e-07	1.760320e-06	1.237054e-06	11386
258190	6.127805e-07	1.760324e-06	1.191699e-06	4986
112007	4.874327e-07	1.760333e-06	1.236984e-06	11386
266446	6.129044e-07	1.760340e-06	1.191611e-06	4986
120263	4.875632e-07	1.760346e-06	1.236914e-06	11386
274702	6.130284e-07	1.760356e-06	1.191523e-06	4986
128519	4.876937e-07	1.760359e-06	1.236844e-06	11386
136775	4.878241e-07	1.760373e-06	1.236774e-06	11386
282958	6.131525e-07	1.760373e-06	1.191435e-06	4986
145031	4.879547e-07	1.760386e-06	1.236704e-06	11386
291214	6.132764e-07	1.760389e-06	1.191347e-06	4986
153287	4.880851e-07	1.760399e-06	1.236634e-06	11386
299470	6.134003e-07	1.760406e-06	1.191259e-06	4986
161543	4.882156e-07	1.760412e-06	1.236564e-06	11386
307726	6.135243e-07	1.760422e-06	1.191171e-06	4986
169799	4.883460e-07	1.760425e-06	1.236493e-06	11386
178055	4.884764e-07	1.760438e-06	1.236423e-06	11386
315982	6.136482e-07	1.760439e-06	1.191083e-06	4986
186311	4.886068e-07	1.760451e-06	1.236353e-06	11386
324238	6.137722e-07	1.760455e-06	1.190995e-06	4986
194567	4.887372e-07	1.760464e-06	1.236283e-06	11386
332494	6.138960e-07	1.760471e-06	1.190906e-06	4986
202823	4.888676e-07	1.760477e-06	1.236213e-06	11386
340750	6.140199e-07	1.760488e-06	1.190818e-06	4986
211079	4.889980e-07	1.760491e-06	1.236142e-06	11386
219335	4.891284e-07	1.760504e-06	1.236072e-06	11386
349006	6.141438e-07	1.760504e-06	1.190730e-06	4986
227591	4.892588e-07	1.760517e-06	1.236002e-06	11386
357262	6.142677e-07	1.760521e-06	1.190642e-06	4986
235847	4.893891e-07	1.760530e-06	1.235931e-06	11386
365518	6.143915e-07	1.760537e-06	1.190554e-06	4986
244103	4.895195e-07	1.760543e-06	1.235861e-06	11386
373774	6.145153e-07	1.760554e-06	1.190465e-06	4986
252359	4.896498e-07	1.760556e-06	1.235791e-06	11386
260615	4.897801e-07	1.760569e-06	1.235720e-06	11386
382030	6.146392e-07	1.760570e-06	1.190377e-06	4986
268871	4.899105e-07	1.760583e-06	1.235650e-06	11386
390286	6.147630e-07	1.760587e-06	1.190289e-06	4986
277127	4.900407e-07	1.760596e-06	1.235579e-06	11386
398542	6.148868e-07	1.760603e-06	1.190200e-06	4986
285383	4.901710e-07	1.760609e-06	1.235509e-06	11386
406798	6.150105e-07	1.760620e-06	1.190112e-06	4986
293639	4.903013e-07	1.760622e-06	1.235439e-06	11386
301895	4.904316e-07	1.760635e-06	1.235368e-06	11386
415054	6.151344e-07	1.760636e-06	1.190024e-06	4986
310151	4.905618e-07	1.760648e-06	1.235298e-06	11386
423310	6.152581e-07	1.760653e-06	1.189935e-06	4986
318407	4.906921e-07	1.760661e-06	1.235227e-06	11386
431566	6.153819e-07	1.760669e-06	1.189847e-06	4986
326663	4.908223e-07	1.760675e-06	1.235157e-06	11386
439822	6.155056e-07	1.760686e-06	1.189759e-06	4986
334919	4.909526e-07	1.760688e-06	1.235086e-06	11386
343175	4.910828e-07	1.760701e-06	1.235016e-06	11386
448078	6.156293e-07	1.760702e-06	1.189670e-06	4986
351431	4.912130e-07	1.760714e-06	1.234945e-06	11386
456334	6.157530e-07	1.760719e-06	1.189582e-06	4986
359687	4.913432e-07	1.760727e-06	1.234874e-06	11386
464590	6.158767e-07	1.760735e-06	1.189493e-06	4986
367943	4.914734e-07	1.760741e-06	1.234804e-06	11386
472846	6.160004e-07	1.760752e-06	1.189405e-06	4986
376199	4.916035e-07	1.760754e-06	1.234733e-06	11386
384455	4.917337e-07	1.760767e-06	1.234662e-06	11386
481102	6.161241e-07	1.760768e-06	1.189316e-06	4986
392711	4.918639e-07	1.760780e-06	1.234592e-06	11386
489358	6.162477e-07	1.760785e-06	1.189228e-06	4986
400967	4.919941e-07	1.760793e-06	1.234521e-06	11386
497614	6.163713e-07	1.760801e-06	1.189139e-06	4986
409223	4.921242e-07	1.760807e-06	1.234450e-06	11386
505870	6.164950e-07	1.760818e-06	1.189051e-06	4986
417479	4.922543e-07	1.760820e-06	1.234380e-06	11386
425735	4.923844e-07	1.760833e-06	1.234309e-06	11386
514126	6.166186e-07	1.760834e-06	1.188962e-06	4986
433991	4.925145e-07	1.760846e-06	1.234238e-06	11386
522382	6.167422e-07	1.760851e-06	1.188874e-06	4986
442247	4.926446e-07	1.760860e-06	1.234167e-06	11386
530638	6.168657e-07	1.760867e-06	1.188785e-06	4986
450503	4.927747e-07	1.760873e-06	1.234097e-06	11386
538894	6.169893e-07	1.760884e-06	1.188696e-06	4986
458759	4.929047e-07	1.760886e-06	1.234026e-06	11386
467015	4.930348e-07	1.760899e-06	1.233955e-06	11386
547150	6.171129e-07	1.760900e-06	1.188608e-06	4986
475271	4.931649e-07	1.760912e-06	1.233884e-06	11386
555406	6.172364e-07	1.760917e-06	1.188519e-06	4986
483527	4.932949e-07	1.760926e-06	1.233813e-06	11386
563662	6.173600e-07	1.760933e-06	1.188430e-06	4986
491783	4.934250e-07	1.760939e-06	1.233742e-06	11386
571918	6.174835e-07	1.760950e-06	1.188342e-06	4986
500039	4.935550e-07	1.760952e-06	1.233671e-06	11386
508295	4.936850e-07	1.760965e-06	1.233600e-06	11386
580174	6.176070e-07	1.760966e-06	1.188253e-06	4986
516551	4.938150e-07	1.760979e-06	1.233529e-06	11386
588430	6.177305e-07	1.760983e-06	1.188164e-06	4986
524807	4.939450e-07	1.760992e-06	1.233459e-06	11386
596686	6.178540e-07	1.761000e-06	1.188076e-06	4986
533063	4.940749e-07	1.761005e-06	1.233387e-06	11386
604942	6.179774e-07	1.761016e-06	1.187987e-06	4986
541319	4.942049e-07	1.761018e-06	1.233316e-06	11386
549575	4.943349e-07	1.761032e-06	1.233245e-06	11386
613198	6.181009e-07	1.761033e-06	1.187898e-06	4986
557831	4.944648e-07	1.761045e-06	1.233174e-06	11386
621454	6.182244e-07	1.761049e-06	1.187809e-06	4986
566087	4.945948e-07	1.761058e-06	1.233103e-06	11386
629710	6.183478e-07	1.761066e-06	1.187720e-06	4986
574343	4.947247e-07	1.761072e-06	1.233032e-06	11386
637966	6.184712e-07	1.761082e-06	1.187632e-06	4986
582599	4.948546e-07	1.761085e-06	1.232961e-06	11386
590855	4.949845e-07	1.761098e-06	1.232890e-06	11386
646222	6.185946e-07	1.761099e-06	1.187543e-06	4986
599111	4.951144e-07	1.761111e-06	1.232819e-06	11386
654478	6.187180e-07	1.761116e-06	1.187454e-06	4986
607367	4.952443e-07	1.761125e-06	1.232748e-06	11386
662734	6.188413e-07	1.761132e-06	1.187365e-06	4986
615623	4.953741e-07	1.761138e-06	1.232677e-06	11386
670990	6.189647e-07	1.761149e-06	1.187276e-06	4986
623879	4.955040e-07	1.761151e-06	1.232605e-06	11386
632135	4.956339e-07	1.761165e-06	1.232534e-06	11386
679246	6.190881e-07	1.761165e-06	1.187187e-06	4986
640391	4.957637e-07	1.761178e-06	1.232463e-06	11386
687502	6.192114e-07	1.761182e-06	1.187098e-06	4986
648647	4.958935e-07	1.761191e-06	1.232392e-06	11386
695758	6.193347e-07	1.761198e-06	1.187009e-06	4986
656903	4.960233e-07	1.761204e-06	1.232320e-06	11386
704014	6.194580e-07	1.761215e-06	1.186920e-06	4986
665159	4.961532e-07	1.761218e-06	1.232249e-06	11386
673415	4.962830e-07	1.761231e-06	1.232178e-06	11386
712270	6.195813e-07	1.761232e-06	1.186831e-06	4986
681671	4.964127e-07	1.761244e-06	1.232106e-06	11386
720526	6.197046e-07	1.761248e-06	1.186742e-06	4986
689927	4.965426e-07	1.761258e-06	1.232035e-06	11386
728782	6.198279e-07	1.761265e-06	1.186653e-06	4986
698183	4.966723e-07	1.761271e-06	1.231964e-06	11386
737038	6.199512e-07	1.761281e-06	1.186564e-06	4986
706439	4.968020e-07	1.761284e-06	1.231892e-06	11386
714695	4.969318e-07	1.761298e-06	1.231821e-06	11386
745294	6.200744e-07	1.761298e-06	1.186475e-06	4986
722951	4.970615e-07	1.761311e-06	1.231750e-06	11386
753550	6.201976e-07	1.761315e-06	1.186386e-06	4986
731207	4.971913e-07	1.761324e-06	1.231678e-06	11386
761806	6.203209e-07	1.761331e-06	1.186297e-06	4986
739463	4.973210e-07	1.761338e-06	1.231607e-06	11386
770062	6.204440e-07	1.761348e-06	1.186208e-06	4986
747719	4.974507e-07	1.761351e-06	1.231535e-06	11386
755975	4.975803e-07	1.761365e-06	1.231464e-06	11386
778318	6.205673e-07	1.761365e-06	1.186119e-06	4986
764231	4.977101e-07	1.761378e-06	1.231392e-06	11386
786574	6.206905e-07	1.761381e-06	1.186030e-06	4986
772487	4.978397e-07	1.761391e-06	1.231321e-06	11386
794830	6.208136e-07	1.761398e-06	1.185941e-06	4986
780743	4.979694e-07	1.761405e-06	1.231249e-06	11386
803086	6.209368e-07	1.761414e-06	1.185851e-06	4986
788999	4.980990e-07	1.761418e-06	1.231178e-06	11386
811342	6.210599e-07	1.761431e-06	1.185762e-06	4986
797255	4.982287e-07	1.761431e-06	1.231106e-06	11386
805511	4.983583e-07	1.761445e-06	1.231034e-06	11386
819598	6.211830e-07	1.761448e-06	1.185673e-06	4986
813767	4.984879e-07	1.761458e-06	1.230963e-06	11386
827854	6.213061e-07	1.761464e-06	1.185584e-06	4986
822023	4.986175e-07	1.761471e-06	1.230891e-06	11386
836110	6.214293e-07	1.761481e-06	1.185494e-06	4986
830279	4.987471e-07	1.761485e-06	1.230819e-06	11386
844366	6.215523e-07	1.761498e-06	1.185405e-06	4986
838535	4.988767e-07	1.761498e-06	1.230748e-06	11386
846791	4.990063e-07	1.761512e-06	1.230676e-06	11386
852622	6.216754e-07	1.761514e-06	1.185316e-06	4986
855047	4.991359e-07	1.761525e-06	1.230604e-06	11386
860878	6.217984e-07	1.761531e-06	1.185227e-06	4986
863303	4.992654e-07	1.761538e-06	1.230533e-06	11386
869134	6.219215e-07	1.761548e-06	1.185137e-06	4986
871559	4.993950e-07	1.761552e-06	1.230461e-06	11386
877390	6.220445e-07	1.761564e-06	1.185048e-06	4986
879815	4.995245e-07	1.761565e-06	1.230389e-06	11386
888071	4.996540e-07	1.761579e-06	1.230317e-06	11386
885646	6.221675e-07	1.761581e-06	1.184958e-06	4986
896327	4.997835e-07	1.761592e-06	1.230246e-06	11386
893902	6.222905e-07	1.761598e-06	1.184869e-06	4986
904583	4.999130e-07	1.761605e-06	1.230174e-06	11386
902158	6.224136e-07	1.761614e-06	1.184780e-06	4986
912839	5.000425e-07	1.761619e-06	1.230102e-06	11386
910414	6.225365e-07	1.761631e-06	1.184690e-06	4986
921095	5.001720e-07	1.761632e-06	1.230030e-06	11386
929351	5.003014e-07	1.761646e-06	1.229958e-06	11386
918670	6.226595e-07	1.761648e-06	1.184601e-06	4986
937607	5.004309e-07	1.761659e-06	1.229886e-06	11386
926926	6.227825e-07	1.761664e-06	1.184511e-06	4986
945863	5.005604e-07	1.761672e-06	1.229814e-06	11386
935182	6.229054e-07	1.761681e-06	1.184422e-06	4986
954119	5.006898e-07	1.761686e-06	1.229742e-06	11386
943438	6.230283e-07	1.761698e-06	1.184333e-06	4986
962375	5.008192e-07	1.761699e-06	1.229670e-06	11386
970631	5.009487e-07	1.761713e-06	1.229598e-06	11386
951694	6.231512e-07	1.761714e-06	1.184243e-06	4986
978887	5.010780e-07	1.761726e-06	1.229526e-06	11386
959950	6.232742e-07	1.761731e-06	1.184153e-06	4986
987143	5.012075e-07	1.761740e-06	1.229454e-06	11386
968206	6.233970e-07	1.761748e-06	1.184064e-06	4986
995399	5.013368e-07	1.761753e-06	1.229382e-06	11386
976462	6.235199e-07	1.761764e-06	1.183974e-06	4986
1003655	5.014662e-07	1.761767e-06	1.229310e-06	11386
1011911	5.015956e-07	1.761780e-06	1.229238e-06	11386
984718	6.236427e-07	1.761781e-06	1.183885e-06	4986
1020167	5.017249e-07	1.761794e-06	1.229166e-06	11386
992974	6.237656e-07	1.761798e-06	1.183795e-06	4986
1028423	5.018543e-07	1.761807e-06	1.229094e-06	11386
1001230	6.238884e-07	1.761815e-06	1.183706e-06	4986
1036679	5.019836e-07	1.761820e-06	1.229022e-06	11386
1009486	6.240112e-07	1.761831e-06	1.183616e-06	4986
1044935	5.021129e-07	1.761834e-06	1.228950e-06	11386
1053191	5.022422e-07	1.761847e-06	1.228878e-06	11386
1017742	6.241341e-07	1.761848e-06	1.183526e-06	4986
1061447	5.023715e-07	1.761861e-06	1.228805e-06	11386
1025998	6.242569e-07	1.761865e-06	1.183437e-06	4986
1069703	5.025008e-07	1.761874e-06	1.228733e-06	11386
1034254	6.243797e-07	1.761881e-06	1.183347e-06	4986
1077959	5.026301e-07	1.761888e-06	1.228661e-06	11386
1042510	6.245024e-07	1.761898e-06	1.183257e-06	4986
1086215	5.027593e-07	1.761901e-06	1.228589e-06	11386
1094471	5.028886e-07	1.761915e-06	1.228516e-06	11386
1050766	6.246252e-07	1.761915e-06	1.183168e-06	4986
1102727	5.030179e-07	1.761928e-06	1.228444e-06	11386
1059022	6.247479e-07	1.761932e-06	1.183078e-06	4986
1110983	5.031471e-07	1.761942e-06	1.228372e-06	11386
1067278	6.248706e-07	1.761948e-06	1.182988e-06	4986
1119239	5.032763e-07	1.761955e-06	1.228300e-06	11386
1075534	6.249933e-07	1.761965e-06	1.182898e-06	4986
1127495	5.034055e-07	1.761969e-06	1.228227e-06	11386
1083790	6.251161e-07	1.761982e-06	1.182809e-06	4986
1135751	5.035347e-07	1.761982e-06	1.228155e-06	11386
1144007	5.036639e-07	1.761996e-06	1.228083e-06	11386
1092046	6.252387e-07	1.761999e-06	1.182719e-06	4986
1152263	5.037931e-07	1.762009e-06	1.228010e-06	11386
1100302	6.253614e-07	1.762015e-06	1.182629e-06	4986
1108558	6.254841e-07	1.762032e-06	1.182539e-06	4986
1116814	6.256067e-07	1.762049e-06	1.182449e-06	4986
1125070	6.257293e-07	1.762066e-06	1.182359e-06	4986
1133326	6.258520e-07	1.762082e-06	1.182270e-06	4986
1141582	6.259746e-07	1.762099e-06	1.182180e-06	4986
1149838	6.260972e-07	1.762116e-06	1.182090e-06	4986
2363	5.652417e-07	1.763267e-06	1.212688e-06	5242
10619	5.653687e-07	1.763282e-06	1.212607e-06	5242
18875	5.654956e-07	1.763297e-06	1.212525e-06	5242
27131	5.656225e-07	1.763313e-06	1.212444e-06	5242
35387	5.657494e-07	1.763328e-06	1.212363e-06	5242
43643	5.658763e-07	1.763343e-06	1.212282e-06	5242
51899	5.660032e-07	1.763358e-06	1.212200e-06	5242
60155	5.661300e-07	1.763373e-06	1.212119e-06	5242
68411	5.662569e-07	1.763388e-06	1.212038e-06	5242
76667	5.663837e-07	1.763404e-06	1.211956e-06	5242
84923	5.665106e-07	1.763419e-06	1.211875e-06	5242
93179	5.666374e-07	1.763434e-06	1.211793e-06	5242
101435	5.667642e-07	1.763449e-06	1.211712e-06	5242
109691	5.668910e-07	1.763464e-06	1.211631e-06	5242
117947	5.670178e-07	1.763480e-06	1.211549e-06	5242
126203	5.671445e-07	1.763495e-06	1.211468e-06	5242
134459	5.672713e-07	1.763510e-06	1.211386e-06	5242
142715	5.673980e-07	1.763525e-06	1.211305e-06	5242
150971	5.675248e-07	1.763540e-06	1.211223e-06	5242
159227	5.676515e-07	1.763556e-06	1.211142e-06	5242
167483	5.677782e-07	1.763571e-06	1.211060e-06	5242
175739	5.679049e-07	1.763586e-06	1.210978e-06	5242
183995	5.680316e-07	1.763601e-06	1.210897e-06	5242
192251	5.681583e-07	1.763617e-06	1.210815e-06	5242
200507	5.682849e-07	1.763632e-06	1.210734e-06	5242
208763	5.684116e-07	1.763647e-06	1.210652e-06	5242
217019	5.685382e-07	1.763662e-06	1.210570e-06	5242
225275	5.686648e-07	1.763678e-06	1.210489e-06	5242
233531	5.687914e-07	1.763693e-06	1.210407e-06	5242
241787	5.689180e-07	1.763708e-06	1.210325e-06	5242
250043	5.690446e-07	1.763723e-06	1.210243e-06	5242
258299	5.691712e-07	1.763739e-06	1.210162e-06	5242
266555	5.692978e-07	1.763754e-06	1.210080e-06	5242
274811	5.694243e-07	1.763769e-06	1.209998e-06	5242
283067	5.695509e-07	1.763784e-06	1.209916e-06	5242
291323	5.696774e-07	1.763800e-06	1.209834e-06	5242
299579	5.698039e-07	1.763815e-06	1.209753e-06	5242
307835	5.699304e-07	1.763830e-06	1.209671e-06	5242
316091	5.700569e-07	1.763845e-06	1.209589e-06	5242
324347	5.701834e-07	1.763861e-06	1.209507e-06	5242
332603	5.703099e-07	1.763876e-06	1.209425e-06	5242
340859	5.704363e-07	1.763891e-06	1.209343e-06	5242
349115	5.705627e-07	1.763907e-06	1.209261e-06	5242
357371	5.706892e-07	1.763922e-06	1.209179e-06	5242
365627	5.708156e-07	1.763937e-06	1.209097e-06	5242
373883	5.709420e-07	1.763952e-06	1.209015e-06	5242
382139	5.710684e-07	1.763968e-06	1.208933e-06	5242
390395	5.711948e-07	1.763983e-06	1.208851e-06	5242
398651	5.713212e-07	1.763998e-06	1.208769e-06	5242
406907	5.714475e-07	1.764014e-06	1.208687e-06	5242
415163	5.715738e-07	1.764029e-06	1.208605e-06	5242
423419	5.717002e-07	1.764044e-06	1.208523e-06	5242
431675	5.718265e-07	1.764060e-06	1.208440e-06	5242
439931	5.719528e-07	1.764075e-06	1.208358e-06	5242
448187	5.720791e-07	1.764090e-06	1.208276e-06	5242
456443	5.722054e-07	1.764106e-06	1.208194e-06	5242
464699	5.723317e-07	1.764121e-06	1.208112e-06	5242
472955	5.724579e-07	1.764136e-06	1.208030e-06	5242
481211	5.725842e-07	1.764152e-06	1.207947e-06	5242
489467	5.727104e-07	1.764167e-06	1.207865e-06	5242
497723	5.728366e-07	1.764182e-06	1.207783e-06	5242
505979	5.729628e-07	1.764198e-06	1.207700e-06	5242
514235	5.730890e-07	1.764213e-06	1.207618e-06	5242
522491	5.732152e-07	1.764229e-06	1.207536e-06	5242
530747	5.733414e-07	1.764244e-06	1.207453e-06	5242
539003	5.734676e-07	1.764259e-06	1.207371e-06	5242
547259	5.735937e-07	1.764275e-06	1.207289e-06	5242
555515	5.737198e-07	1.764290e-06	1.207206e-06	5242
563771	5.738460e-07	1.764305e-06	1.207124e-06	5242
572027	5.739720e-07	1.764321e-06	1.207041e-06	5242
580283	5.740982e-07	1.764336e-06	1.206959e-06	5242
588539	5.742243e-07	1.764352e-06	1.206876e-06	5242
596795	5.743503e-07	1.764367e-06	1.206794e-06	5242
605051	5.744764e-07	1.764382e-06	1.206711e-06	5242
613307	5.746024e-07	1.764398e-06	1.206629e-06	5242
621563	5.747285e-07	1.764413e-06	1.206546e-06	5242
629819	5.748545e-07	1.764429e-06	1.206464e-06	5242
638075	5.749805e-07	1.764444e-06	1.206381e-06	5242
646331	5.751065e-07	1.764459e-06	1.206299e-06	5242
654587	5.752325e-07	1.764475e-06	1.206216e-06	5242
662843	5.753585e-07	1.764490e-06	1.206133e-06	5242
671099	5.754845e-07	1.764506e-06	1.206051e-06	5242
679355	5.756104e-07	1.764521e-06	1.205968e-06	5242
687611	5.757364e-07	1.764537e-06	1.205885e-06	5242
695867	5.758623e-07	1.764552e-06	1.205803e-06	5242
704123	5.759882e-07	1.764567e-06	1.205720e-06	5242
712379	5.761141e-07	1.764583e-06	1.205637e-06	5242
720635	5.762400e-07	1.764598e-06	1.205554e-06	5242
728891	5.763659e-07	1.764614e-06	1.205471e-06	5242
737147	5.764917e-07	1.764629e-06	1.205389e-06	5242
745403	5.766176e-07	1.764645e-06	1.205306e-06	5242
753659	5.767434e-07	1.764660e-06	1.205223e-06	5242
761915	5.768693e-07	1.764676e-06	1.205140e-06	5242
770171	5.769951e-07	1.764691e-06	1.205057e-06	5242
778427	5.771209e-07	1.764707e-06	1.204974e-06	5242
786683	5.772467e-07	1.764722e-06	1.204891e-06	5242
794939	5.773725e-07	1.764737e-06	1.204808e-06	5242
803195	5.774983e-07	1.764753e-06	1.204725e-06	5242
811451	5.776240e-07	1.764768e-06	1.204642e-06	5242
819707	5.777497e-07	1.764784e-06	1.204559e-06	5242
827963	5.778755e-07	1.764799e-06	1.204476e-06	5242
836219	5.780012e-07	1.764815e-06	1.204393e-06	5242
844475	5.781269e-07	1.764830e-06	1.204310e-06	5242
852731	5.782526e-07	1.764846e-06	1.204227e-06	5242
860987	5.783783e-07	1.764861e-06	1.204144e-06	5242
869243	5.785039e-07	1.764877e-06	1.204061e-06	5242
877499	5.786296e-07	1.764892e-06	1.203978e-06	5242
885755	5.787552e-07	1.764908e-06	1.203895e-06	5242
894011	5.788809e-07	1.764923e-06	1.203812e-06	5242
902267	5.790066e-07	1.764939e-06	1.203729e-06	5242
910523	5.791321e-07	1.764955e-06	1.203645e-06	5242
918779	5.792577e-07	1.764970e-06	1.203562e-06	5242
927035	5.793833e-07	1.764986e-06	1.203479e-06	5242
935291	5.795089e-07	1.765001e-06	1.203396e-06	5242
943547	5.796344e-07	1.765017e-06	1.203313e-06	5242
951803	5.797600e-07	1.765032e-06	1.203229e-06	5242
960059	5.798855e-07	1.765048e-06	1.203146e-06	5242
968315	5.800110e-07	1.765063e-06	1.203063e-06	5242
976571	5.801365e-07	1.765079e-06	1.202979e-06	5242
984827	5.802621e-07	1.765094e-06	1.202896e-06	5242
993083	5.803876e-07	1.765110e-06	1.202813e-06	5242
1001339	5.805130e-07	1.765125e-06	1.202729e-06	5242
1009595	5.806385e-07	1.765141e-06	1.202646e-06	5242
1017851	5.807639e-07	1.765157e-06	1.202562e-06	5242
1026107	5.808894e-07	1.765172e-06	1.202479e-06	5242
1034363	5.810148e-07	1.765188e-06	1.202395e-06	5242
1042619	5.811402e-07	1.765203e-06	1.202312e-06	5242
1050875	5.812656e-07	1.765219e-06	1.202229e-06	5242
1059131	5.813910e-07	1.765234e-06	1.202145e-06	5242
1067387	5.815164e-07	1.765250e-06	1.202061e-06	5242
1075643	5.816417e-07	1.765266e-06	1.201978e-06	5242
1083899	5.817671e-07	1.765281e-06	1.201894e-06	5242
1092155	5.818924e-07	1.765297e-06	1.201811e-06	5242
1100411	5.820177e-07	1.765312e-06	1.201727e-06	5242
1108667	5.821431e-07	1.765328e-06	1.201643e-06	5242
1116923	5.822683e-07	1.765344e-06	1.201560e-06	5242
1125179	5.823936e-07	1.765359e-06	1.201476e-06	5242
1133435	5.825189e-07	1.765375e-06	1.201393e-06	5242
1141691	5.826442e-07	1.765390e-06	1.201309e-06	5242
1149947	5.827694e-07	1.765406e-06	1.201225e-06	5242
868	4.434280e-07	1.768789e-06	1.259056e-06	1914
9124	4.435614e-07	1.768801e-06	1.258993e-06	1914
17380	4.436949e-07	1.768813e-06	1.258929e-06	1914
25636	4.438283e-07	1.768825e-06	1.258865e-06	1914
33892	4.439617e-07	1.768837e-06	1.258801e-06	1914
42148	4.440951e-07	1.768849e-06	1.258737e-06	1914
50404	4.442285e-07	1.768861e-06	1.258674e-06	1914
58660	4.443619e-07	1.768873e-06	1.258610e-06	1914
66916	4.444952e-07	1.768885e-06	1.258546e-06	1914
75172	4.446286e-07	1.768897e-06	1.258482e-06	1914
83428	4.447620e-07	1.768909e-06	1.258418e-06	1914
91684	4.448953e-07	1.768920e-06	1.258354e-06	1914
99940	4.450287e-07	1.768932e-06	1.258290e-06	1914
108196	4.451620e-07	1.768944e-06	1.258226e-06	1914
116452	4.452953e-07	1.768956e-06	1.258162e-06	1914
124708	4.454286e-07	1.768968e-06	1.258098e-06	1914
132964	4.455619e-07	1.768980e-06	1.258034e-06	1914
141220	4.456952e-07	1.768992e-06	1.257970e-06	1914
149476	4.458285e-07	1.769004e-06	1.257906e-06	1914
157732	4.459617e-07	1.769016e-06	1.257842e-06	1914
165988	4.460950e-07	1.769028e-06	1.257778e-06	1914
174244	4.462283e-07	1.769040e-06	1.257714e-06	1914
182500	4.463615e-07	1.769052e-06	1.257650e-06	1914
190756	4.464947e-07	1.769064e-06	1.257585e-06	1914
199012	4.466280e-07	1.769076e-06	1.257521e-06	1914
207268	4.467612e-07	1.769088e-06	1.257457e-06	1914
215524	4.468944e-07	1.769100e-06	1.257393e-06	1914
223780	4.470276e-07	1.769112e-06	1.257328e-06	1914
232036	4.471608e-07	1.769124e-06	1.257264e-06	1914
240292	4.472939e-07	1.769136e-06	1.257200e-06	1914
248548	4.474271e-07	1.769148e-06	1.257136e-06	1914
256804	4.475603e-07	1.769160e-06	1.257071e-06	1914
265060	4.476934e-07	1.769172e-06	1.257007e-06	1914
273316	4.478266e-07	1.769184e-06	1.256943e-06	1914
281572	4.479597e-07	1.769196e-06	1.256878e-06	1914
289828	4.480928e-07	1.769208e-06	1.256814e-06	1914
298084	4.482259e-07	1.769220e-06	1.256749e-06	1914
306340	4.483590e-07	1.769233e-06	1.256685e-06	1914
314596	4.484921e-07	1.769245e-06	1.256621e-06	1914
322852	4.486252e-07	1.769257e-06	1.256556e-06	1914
331108	4.487582e-07	1.769269e-06	1.256492e-06	1914
339364	4.488913e-07	1.769281e-06	1.256427e-06	1914
347620	4.490244e-07	1.769293e-06	1.256363e-06	1914
355876	4.491574e-07	1.769305e-06	1.256298e-06	1914
364132	4.492904e-07	1.769317e-06	1.256233e-06	1914
372388	4.494235e-07	1.769329e-06	1.256169e-06	1914
380644	4.495565e-07	1.769341e-06	1.256104e-06	1914
388900	4.496895e-07	1.769353e-06	1.256040e-06	1914
397156	4.498225e-07	1.769365e-06	1.255975e-06	1914
405412	4.499555e-07	1.769377e-06	1.255910e-06	1914
413668	4.500884e-07	1.769389e-06	1.255846e-06	1914
421924	4.502214e-07	1.769401e-06	1.255781e-06	1914
430180	4.503543e-07	1.769414e-06	1.255716e-06	1914
438436	4.504873e-07	1.769426e-06	1.255651e-06	1914
446692	4.506202e-07	1.769438e-06	1.255587e-06	1914
454948	4.507532e-07	1.769450e-06	1.255522e-06	1914
463204	4.508861e-07	1.769462e-06	1.255457e-06	1914
471460	4.510190e-07	1.769474e-06	1.255392e-06	1914
479716	4.511519e-07	1.769486e-06	1.255327e-06	1914
487972	4.512848e-07	1.769498e-06	1.255263e-06	1914
496228	4.514176e-07	1.769511e-06	1.255198e-06	1914
504484	4.515505e-07	1.769523e-06	1.255133e-06	1914
512740	4.516834e-07	1.769535e-06	1.255068e-06	1914
520996	4.518162e-07	1.769547e-06	1.255003e-06	1914
529252	4.519491e-07	1.769559e-06	1.254938e-06	1914
537508	4.520819e-07	1.769571e-06	1.254873e-06	1914
545764	4.522147e-07	1.769583e-06	1.254808e-06	1914
554020	4.523475e-07	1.769596e-06	1.254743e-06	1914
562276	4.524803e-07	1.769608e-06	1.254678e-06	1914
570532	4.526131e-07	1.769620e-06	1.254613e-06	1914
578788	4.527459e-07	1.769632e-06	1.254548e-06	1914
587044	4.528787e-07	1.769644e-06	1.254483e-06	1914
595300	4.530114e-07	1.769656e-06	1.254418e-06	1914
603556	4.531442e-07	1.769668e-06	1.254353e-06	1914
611812	4.532769e-07	1.769681e-06	1.254287e-06	1914
620068	4.534097e-07	1.769693e-06	1.254222e-06	1914
628324	4.535424e-07	1.769705e-06	1.254157e-06	1914
636580	4.536751e-07	1.769717e-06	1.254092e-06	1914
644836	4.538078e-07	1.769729e-06	1.254027e-06	1914
653092	4.539405e-07	1.769742e-06	1.253961e-06	1914
661348	4.540732e-07	1.769754e-06	1.253896e-06	1914
669604	4.542059e-07	1.769766e-06	1.253831e-06	1914
677860	4.543385e-07	1.769778e-06	1.253766e-06	1914
686116	4.544712e-07	1.769790e-06	1.253700e-06	1914
694372	4.546038e-07	1.769803e-06	1.253635e-06	1914
702628	4.547365e-07	1.769815e-06	1.253570e-06	1914
710884	4.548691e-07	1.769827e-06	1.253504e-06	1914
719140	4.550017e-07	1.769839e-06	1.253439e-06	1914
727396	4.551343e-07	1.769851e-06	1.253374e-06	1914
735652	4.552669e-07	1.769864e-06	1.253308e-06	1914
743908	4.553995e-07	1.769876e-06	1.253243e-06	1914
752164	4.555321e-07	1.769888e-06	1.253177e-06	1914
760420	4.556647e-07	1.769900e-06	1.253112e-06	1914
768676	4.557972e-07	1.769913e-06	1.253046e-06	1914
776932	4.559298e-07	1.769925e-06	1.252981e-06	1914
785188	4.560623e-07	1.769937e-06	1.252915e-06	1914
793444	4.561948e-07	1.769949e-06	1.252850e-06	1914
801700	4.563274e-07	1.769962e-06	1.252784e-06	1914
809956	4.564599e-07	1.769974e-06	1.252718e-06	1914
818212	4.565924e-07	1.769986e-06	1.252653e-06	1914
826468	4.567249e-07	1.769998e-06	1.252587e-06	1914
834724	4.568574e-07	1.770011e-06	1.252521e-06	1914
842980	4.569898e-07	1.770023e-06	1.252456e-06	1914
851236	4.571223e-07	1.770035e-06	1.252390e-06	1914
859492	4.572547e-07	1.770048e-06	1.252324e-06	1914
867748	4.573872e-07	1.770060e-06	1.252259e-06	1914
876004	4.575196e-07	1.770072e-06	1.252193e-06	1914
884260	4.576520e-07	1.770084e-06	1.252127e-06	1914
892516	4.577844e-07	1.770097e-06	1.252061e-06	1914
900772	4.579169e-07	1.770109e-06	1.251996e-06	1914
909028	4.580492e-07	1.770121e-06	1.251930e-06	1914
917284	4.581816e-07	1.770134e-06	1.251864e-06	1914
925540	4.583140e-07	1.770146e-06	1.251798e-06	1914
933796	4.584464e-07	1.770158e-06	1.251732e-06	1914
942052	4.585787e-07	1.770171e-06	1.251666e-06	1914
950308	4.587111e-07	1.770183e-06	1.251600e-06	1914
958564	4.588434e-07	1.770195e-06	1.251534e-06	1914
966820	4.589757e-07	1.770208e-06	1.251468e-06	1914
975076	4.591080e-07	1.770220e-06	1.251402e-06	1914
983332	4.592403e-07	1.770232e-06	1.251336e-06	1914
991588	4.593726e-07	1.770245e-06	1.251270e-06	1914
999844	4.595049e-07	1.770257e-06	1.251204e-06	1914
1008100	4.596372e-07	1.770269e-06	1.251138e-06	1914
1016356	4.597695e-07	1.770282e-06	1.251072e-06	1914
1024612	4.599017e-07	1.770294e-06	1.251006e-06	1914
1032868	4.600340e-07	1.770306e-06	1.250940e-06	1914
1041124	4.601662e-07	1.770319e-06	1.250874e-06	1914
1049380	4.602985e-07	1.770331e-06	1.250808e-06	1914
1057636	4.604307e-07	1.770343e-06	1.250742e-06	1914
1065892	4.605629e-07	1.770356e-06	1.250675e-06	1914
1074148	4.606951e-07	1.770368e-06	1.250609e-06	1914
1082404	4.608273e-07	1.770380e-06	1.250543e-06	1914
1090660	4.609594e-07	1.770393e-06	1.250477e-06	1914
1098916	4.610916e-07	1.770405e-06	1.250410e-06	1914
1107172	4.612237e-07	1.770418e-06	1.250344e-06	1914
1115428	4.613559e-07	1.770430e-06	1.250278e-06	1914
1123684	4.614880e-07	1.770442e-06	1.250212e-06	1914
1131940	4.616202e-07	1.770455e-06	1.250145e-06	1914
1140196	4.617523e-07	1.770467e-06	1.250079e-06	1914
1148452	4.618844e-07	1.770480e-06	1.250012e-06	1914
746	4.155170e-07	1.772047e-06	1.271049e-06	1658
9002	4.156520e-07	1.772058e-06	1.270989e-06	1658
17258	4.157871e-07	1.772069e-06	1.270929e-06	1658
25514	4.159222e-07	1.772080e-06	1.270870e-06	1658
33770	4.160572e-07	1.772091e-06	1.270810e-06	1658
42026	4.161923e-07	1.772102e-06	1.270750e-06	1658
50282	4.163273e-07	1.772114e-06	1.270690e-06	1658
58538	4.164623e-07	1.772125e-06	1.270630e-06	1658
66794	4.165973e-07	1.772136e-06	1.270570e-06	1658
75050	4.167323e-07	1.772147e-06	1.270511e-06	1658
83306	4.168673e-07	1.772158e-06	1.270451e-06	1658
91562	4.170023e-07	1.772170e-06	1.270391e-06	1658
99818	4.171373e-07	1.772181e-06	1.270331e-06	1658
108074	4.172722e-07	1.772192e-06	1.270271e-06	1658
116330	4.174072e-07	1.772203e-06	1.270211e-06	1658
124586	4.175422e-07	1.772215e-06	1.270151e-06	1658
132842	4.176771e-07	1.772226e-06	1.270091e-06	1658
141098	4.178120e-07	1.772237e-06	1.270031e-06	1658
149354	4.179469e-07	1.772248e-06	1.269971e-06	1658
157610	4.180819e-07	1.772259e-06	1.269911e-06	1658
165866	4.182168e-07	1.772271e-06	1.269850e-06	1658
174122	4.183517e-07	1.772282e-06	1.269790e-06	1658
182378	4.184866e-07	1.772293e-06	1.269730e-06	1658
190634	4.186215e-07	1.772304e-06	1.269670e-06	1658
198890	4.187563e-07	1.772316e-06	1.269610e-06	1658
207146	4.188912e-07	1.772327e-06	1.269550e-06	1658
215402	4.190260e-07	1.772338e-06	1.269489e-06	1658
223658	4.191609e-07	1.772349e-06	1.269429e-06	1658
231914	4.192957e-07	1.772361e-06	1.269369e-06	1658
240170	4.194305e-07	1.772372e-06	1.269309e-06	1658
248426	4.195653e-07	1.772383e-06	1.269248e-06	1658
256682	4.197002e-07	1.772395e-06	1.269188e-06	1658
264938	4.198349e-07	1.772406e-06	1.269128e-06	1658
273194	4.199698e-07	1.772417e-06	1.269067e-06	1658
281450	4.201045e-07	1.772429e-06	1.269007e-06	1658
289706	4.202393e-07	1.772440e-06	1.268946e-06	1658
297962	4.203741e-07	1.772451e-06	1.268886e-06	1658
306218	4.205088e-07	1.772462e-06	1.268825e-06	1658
314474	4.206436e-07	1.772474e-06	1.268765e-06	1658
322730	4.207783e-07	1.772485e-06	1.268705e-06	1658
330986	4.209130e-07	1.772496e-06	1.268644e-06	1658
339242	4.210477e-07	1.772508e-06	1.268584e-06	1658
347498	4.211824e-07	1.772519e-06	1.268523e-06	1658
355754	4.213171e-07	1.772530e-06	1.268462e-06	1658
364010	4.214518e-07	1.772542e-06	1.268402e-06	1658
372266	4.215865e-07	1.772553e-06	1.268341e-06	1658
380522	4.217212e-07	1.772564e-06	1.268281e-06	1658
388778	4.218559e-07	1.772576e-06	1.268220e-06	1658
397034	4.219905e-07	1.772587e-06	1.268159e-06	1658
405290	4.221252e-07	1.772598e-06	1.268099e-06	1658
413546	4.222598e-07	1.772610e-06	1.268038e-06	1658
421802	4.223944e-07	1.772621e-06	1.267977e-06	1658
430058	4.225290e-07	1.772632e-06	1.267917e-06	1658
438314	4.226636e-07	1.772644e-06	1.267856e-06	1658
446570	4.227983e-07	1.772655e-06	1.267795e-06	1658
454826	4.229329e-07	1.772666e-06	1.267734e-06	1658
463082	4.230674e-07	1.772678e-06	1.267673e-06	1658
471338	4.232020e-07	1.772689e-06	1.267613e-06	1658
479594	4.233366e-07	1.772701e-06	1.267552e-06	1658
487850	4.234711e-07	1.772712e-06	1.267491e-06	1658
496106	4.236057e-07	1.772723e-06	1.267430e-06	1658
504362	4.237402e-07	1.772735e-06	1.267369e-06	1658
512618	4.238748e-07	1.772746e-06	1.267308e-06	1658
520874	4.240093e-07	1.772758e-06	1.267247e-06	1658
529130	4.241438e-07	1.772769e-06	1.267186e-06	1658
537386	4.242783e-07	1.772780e-06	1.267125e-06	1658
545642	4.244128e-07	1.772792e-06	1.267064e-06	1658
553898	4.245472e-07	1.772803e-06	1.267003e-06	1658
562154	4.246817e-07	1.772815e-06	1.266942e-06	1658
570410	4.248162e-07	1.772826e-06	1.266881e-06	1658
578666	4.249507e-07	1.772837e-06	1.266820e-06	1658
586922	4.250851e-07	1.772849e-06	1.266759e-06	1658
595178	4.252195e-07	1.772860e-06	1.266698e-06	1658
603434	4.253540e-07	1.772872e-06	1.266637e-06	1658
611690	4.254884e-07	1.772883e-06	1.266576e-06	1658
619946	4.256228e-07	1.772895e-06	1.266514e-06	1658
628202	4.257572e-07	1.772906e-06	1.266453e-06	1658
636458	4.258916e-07	1.772917e-06	1.266392e-06	1658
644714	4.260260e-07	1.772929e-06	1.266331e-06	1658
652970	4.261603e-07	1.772940e-06	1.266269e-06	1658
661226	4.262947e-07	1.772952e-06	1.266208e-06	1658
669482	4.264291e-07	1.772963e-06	1.266147e-06	1658
677738	4.265634e-07	1.772975e-06	1.266086e-06	1658
685994	4.266977e-07	1.772986e-06	1.266024e-06	1658
694250	4.268321e-07	1.772998e-06	1.265963e-06	1658
702506	4.269664e-07	1.773009e-06	1.265902e-06	1658
710762	4.271007e-07	1.773021e-06	1.265840e-06	1658
719018	4.272350e-07	1.773032e-06	1.265779e-06	1658
727274	4.273693e-07	1.773044e-06	1.265717e-06	1658
735530	4.275036e-07	1.773055e-06	1.265656e-06	1658
743786	4.276379e-07	1.773067e-06	1.265594e-06	1658
752042	4.277721e-07	1.773078e-06	1.265533e-06	1658
760298	4.279064e-07	1.773090e-06	1.265471e-06	1658
768554	4.280406e-07	1.773101e-06	1.265410e-06	1658
776810	4.281749e-07	1.773113e-06	1.265348e-06	1658
785066	4.283091e-07	1.773124e-06	1.265287e-06	1658
793322	4.284433e-07	1.773136e-06	1.265225e-06	1658
801578	4.285775e-07	1.773147e-06	1.265164e-06	1658
809834	4.287117e-07	1.773159e-06	1.265102e-06	1658
818090	4.288459e-07	1.773170e-06	1.265040e-06	1658
826346	4.289801e-07	1.773182e-06	1.264979e-06	1658
834602	4.291143e-07	1.773193e-06	1.264917e-06	1658
842858	4.292484e-07	1.773205e-06	1.264855e-06	1658
851114	4.293826e-07	1.773216e-06	1.264794e-06	1658
859370	4.295167e-07	1.773228e-06	1.264732e-06	1658
867626	4.296509e-07	1.773239e-06	1.264670e-06	1658
875882	4.297850e-07	1.773251e-06	1.264608e-06	1658
884138	4.299191e-07	1.773263e-06	1.264547e-06	1658
892394	4.300532e-07	1.773274e-06	1.264485e-06	1658
900650	4.301874e-07	1.773286e-06	1.264423e-06	1658
908906	4.303214e-07	1.773297e-06	1.264361e-06	1658
917162	4.304555e-07	1.773309e-06	1.264299e-06	1658
925418	4.305896e-07	1.773320e-06	1.264237e-06	1658
933674	4.307236e-07	1.773332e-06	1.264175e-06	1658
941930	4.308577e-07	1.773344e-06	1.264114e-06	1658
950186	4.309917e-07	1.773355e-06	1.264052e-06	1658
958442	4.311258e-07	1.773367e-06	1.263990e-06	1658
966698	4.312598e-07	1.773378e-06	1.263928e-06	1658
974954	4.313938e-07	1.773390e-06	1.263866e-06	1658
983210	4.315278e-07	1.773402e-06	1.263804e-06	1658
991466	4.316618e-07	1.773413e-06	1.263742e-06	1658
999722	4.317958e-07	1.773425e-06	1.263679e-06	1658
1007978	4.319298e-07	1.773436e-06	1.263617e-06	1658
1016234	4.320638e-07	1.773448e-06	1.263555e-06	1658
1024490	4.321978e-07	1.773460e-06	1.263493e-06	1658
1032746	4.323317e-07	1.773471e-06	1.263431e-06	1658
1041002	4.324656e-07	1.773483e-06	1.263369e-06	1658
1049258	4.325996e-07	1.773494e-06	1.263307e-06	1658
1057514	4.327335e-07	1.773506e-06	1.263244e-06	1658
1065770	4.328674e-07	1.773518e-06	1.263182e-06	1658
1074026	4.330013e-07	1.773529e-06	1.263120e-06	1658
1082282	4.331352e-07	1.773541e-06	1.263058e-06	1658
1090538	4.332691e-07	1.773553e-06	1.262996e-06	1658
1098794	4.334030e-07	1.773564e-06	1.262933e-06	1658
1107050	4.335369e-07	1.773576e-06	1.262871e-06	1658
1115306	4.336707e-07	1.773588e-06	1.262809e-06	1658
1123562	4.338046e-07	1.773599e-06	1.262746e-06	1658
1131818	4.339384e-07	1.773611e-06	1.262684e-06	1658
1140074	4.340723e-07	1.773623e-06	1.262621e-06	1658
1148330	4.342061e-07	1.773634e-06	1.262559e-06	1658
6822	4.605762e-07	1.775452e-06	1.232390e-06	19326
15078	4.607056e-07	1.775465e-06	1.232323e-06	19326
23334	4.608351e-07	1.775477e-06	1.232257e-06	19326
31590	4.609645e-07	1.775490e-06	1.232191e-06	19326
39846	4.610939e-07	1.775502e-06	1.232125e-06	19326
48102	4.612233e-07	1.775514e-06	1.232058e-06	19326
56358	4.613527e-07	1.775527e-06	1.231992e-06	19326
64614	4.614821e-07	1.775539e-06	1.231926e-06	19326
72870	4.616115e-07	1.775552e-06	1.231859e-06	19326
81126	4.617408e-07	1.775564e-06	1.231793e-06	19326
89382	4.618702e-07	1.775576e-06	1.231727e-06	19326
97638	4.619995e-07	1.775589e-06	1.231660e-06	19326
105894	4.621289e-07	1.775601e-06	1.231594e-06	19326
114150	4.622582e-07	1.775614e-06	1.231527e-06	19326
122406	4.623875e-07	1.775626e-06	1.231461e-06	19326
130662	4.625168e-07	1.775638e-06	1.231395e-06	19326
138918	4.626461e-07	1.775651e-06	1.231328e-06	19326
147174	4.627754e-07	1.775663e-06	1.231262e-06	19326
155430	4.629046e-07	1.775676e-06	1.231195e-06	19326
163686	4.630339e-07	1.775688e-06	1.231129e-06	19326
171942	4.631632e-07	1.775701e-06	1.231062e-06	19326
180198	4.632924e-07	1.775713e-06	1.230995e-06	19326
188454	4.634216e-07	1.775725e-06	1.230929e-06	19326
196710	4.635509e-07	1.775738e-06	1.230862e-06	19326
204966	4.636801e-07	1.775750e-06	1.230796e-06	19326
213222	4.638093e-07	1.775763e-06	1.230729e-06	19326
221478	4.639385e-07	1.775775e-06	1.230662e-06	19326
229734	4.640677e-07	1.775788e-06	1.230596e-06	19326
237990	4.641968e-07	1.775800e-06	1.230529e-06	19326
246246	4.643260e-07	1.775813e-06	1.230462e-06	19326
254502	4.644552e-07	1.775825e-06	1.230395e-06	19326
262758	4.645843e-07	1.775838e-06	1.230329e-06	19326
271014	4.647134e-07	1.775850e-06	1.230262e-06	19326
279270	4.648425e-07	1.775863e-06	1.230195e-06	19326
287526	4.649717e-07	1.775875e-06	1.230128e-06	19326
295782	4.651008e-07	1.775888e-06	1.230061e-06	19326
304038	4.652299e-07	1.775900e-06	1.229994e-06	19326
312294	4.653589e-07	1.775913e-06	1.229928e-06	19326
320550	4.654880e-07	1.775925e-06	1.229861e-06	19326
328806	4.656171e-07	1.775938e-06	1.229794e-06	19326
337062	4.657462e-07	1.775950e-06	1.229727e-06	19326
345318	4.658752e-07	1.775963e-06	1.229660e-06	19326
353574	4.660042e-07	1.775975e-06	1.229593e-06	19326
361830	4.661333e-07	1.775988e-06	1.229526e-06	19326
370086	4.662623e-07	1.776000e-06	1.229459e-06	19326
378342	4.663913e-07	1.776013e-06	1.229392e-06	19326
386598	4.665203e-07	1.776025e-06	1.229325e-06	19326
394854	4.666493e-07	1.776038e-06	1.229258e-06	19326
403110	4.667782e-07	1.776050e-06	1.229191e-06	19326
411366	4.669072e-07	1.776063e-06	1.229124e-06	19326
419622	4.670362e-07	1.776075e-06	1.229057e-06	19326
427878	4.671651e-07	1.776088e-06	1.228989e-06	19326
436134	4.672940e-07	1.776100e-06	1.228922e-06	19326
444390	4.674230e-07	1.776113e-06	1.228855e-06	19326
452646	4.675519e-07	1.776125e-06	1.228788e-06	19326
460902	4.676808e-07	1.776138e-06	1.228721e-06	19326
469158	4.678097e-07	1.776151e-06	1.228653e-06	19326
477414	4.679385e-07	1.776163e-06	1.228586e-06	19326
485670	4.680674e-07	1.776176e-06	1.228519e-06	19326
493926	4.681963e-07	1.776188e-06	1.228452e-06	19326
502182	4.683251e-07	1.776201e-06	1.228384e-06	19326
510438	4.684540e-07	1.776213e-06	1.228317e-06	19326
518694	4.685828e-07	1.776226e-06	1.228250e-06	19326
526950	4.687117e-07	1.776239e-06	1.228182e-06	19326
535206	4.688405e-07	1.776251e-06	1.228115e-06	19326
543462	4.689693e-07	1.776264e-06	1.228048e-06	19326
551718	4.690981e-07	1.776276e-06	1.227980e-06	19326
559974	4.692269e-07	1.776289e-06	1.227913e-06	19326
568230	4.693557e-07	1.776302e-06	1.227845e-06	19326
576486	4.694844e-07	1.776314e-06	1.227778e-06	19326
584742	4.696132e-07	1.776327e-06	1.227710e-06	19326
592998	4.697419e-07	1.776339e-06	1.227643e-06	19326
601254	4.698707e-07	1.776352e-06	1.227575e-06	19326
609510	4.699994e-07	1.776365e-06	1.227508e-06	19326
617766	4.701281e-07	1.776377e-06	1.227440e-06	19326
626022	4.702568e-07	1.776390e-06	1.227373e-06	19326
634278	4.703855e-07	1.776403e-06	1.227305e-06	19326
642534	4.705142e-07	1.776415e-06	1.227237e-06	19326
650790	4.706428e-07	1.776428e-06	1.227170e-06	19326
659046	4.707715e-07	1.776440e-06	1.227102e-06	19326
667302	4.709002e-07	1.776453e-06	1.227035e-06	19326
675558	4.710288e-07	1.776466e-06	1.226967e-06	19326
683814	4.711574e-07	1.776478e-06	1.226899e-06	19326
692070	4.712861e-07	1.776491e-06	1.226831e-06	19326
700326	4.714147e-07	1.776504e-06	1.226764e-06	19326
708582	4.715433e-07	1.776516e-06	1.226696e-06	19326
716838	4.716719e-07	1.776529e-06	1.226628e-06	19326
725094	4.718005e-07	1.776542e-06	1.226560e-06	19326
733350	4.719290e-07	1.776554e-06	1.226492e-06	19326
741606	4.720576e-07	1.776567e-06	1.226425e-06	19326
749862	4.721862e-07	1.776580e-06	1.226357e-06	19326
758118	4.723147e-07	1.776592e-06	1.226289e-06	19326
766374	4.724432e-07	1.776605e-06	1.226221e-06	19326
774630	4.725718e-07	1.776618e-06	1.226153e-06	19326
782886	4.727003e-07	1.776630e-06	1.226085e-06	19326
791142	4.728288e-07	1.776643e-06	1.226017e-06	19326
799398	4.729573e-07	1.776656e-06	1.225949e-06	19326
807654	4.730858e-07	1.776668e-06	1.225881e-06	19326
815910	4.732142e-07	1.776681e-06	1.225813e-06	19326
824166	4.733427e-07	1.776694e-06	1.225745e-06	19326
832422	4.734712e-07	1.776707e-06	1.225677e-06	19326
840678	4.735996e-07	1.776719e-06	1.225609e-06	19326
848934	4.737281e-07	1.776732e-06	1.225541e-06	19326
857190	4.738565e-07	1.776745e-06	1.225473e-06	19326
865446	4.739849e-07	1.776757e-06	1.225405e-06	19326
873702	4.741133e-07	1.776770e-06	1.225337e-06	19326
881958	4.742417e-07	1.776783e-06	1.225269e-06	19326
890214	4.743701e-07	1.776796e-06	1.225200e-06	19326
898470	4.744984e-07	1.776808e-06	1.225132e-06	19326
906726	4.746268e-07	1.776821e-06	1.225064e-06	19326
914982	4.747552e-07	1.776834e-06	1.224996e-06	19326
923238	4.748835e-07	1.776847e-06	1.224928e-06	19326
931494	4.750118e-07	1.776859e-06	1.224859e-06	19326
939750	4.751402e-07	1.776872e-06	1.224791e-06	19326
948006	4.752685e-07	1.776885e-06	1.224723e-06	19326
956262	4.753968e-07	1.776898e-06	1.224655e-06	19326
964518	4.755251e-07	1.776910e-06	1.224586e-06	19326
972774	4.756533e-07	1.776923e-06	1.224518e-06	19326
981030	4.757816e-07	1.776936e-06	1.224449e-06	19326
989286	4.759099e-07	1.776949e-06	1.224381e-06	19326
997542	4.760381e-07	1.776962e-06	1.224313e-06	19326
1005798	4.761664e-07	1.776974e-06	1.224244e-06	19326
1014054	4.762946e-07	1.776987e-06	1.224176e-06	19326
1022310	4.764228e-07	1.777000e-06	1.224107e-06	19326
1030566	4.765510e-07	1.777013e-06	1.224039e-06	19326
1038822	4.766792e-07	1.777026e-06	1.223970e-06	19326
1047078	4.768074e-07	1.777038e-06	1.223902e-06	19326
1055334	4.769356e-07	1.777051e-06	1.223833e-06	19326
1063590	4.770638e-07	1.777064e-06	1.223765e-06	19326
1071846	4.771919e-07	1.777077e-06	1.223696e-06	19326
1080102	4.773201e-07	1.777090e-06	1.223628e-06	19326
1088358	4.774482e-07	1.777102e-06	1.223559e-06	19326
1096614	4.775764e-07	1.777115e-06	1.223490e-06	19326
1104870	4.777045e-07	1.777128e-06	1.223422e-06	19326
1113126	4.778326e-07	1.777141e-06	1.223353e-06	19326
1121382	4.779607e-07	1.777154e-06	1.223284e-06	19326
1129638	4.780888e-07	1.777167e-06	1.223216e-06	19326
1137894	4.782169e-07	1.777179e-06	1.223147e-06	19326
1146150	4.783449e-07	1.777192e-06	1.223078e-06	19326
1154406	4.784730e-07	1.777205e-06	1.223009e-06	19326
4763	5.036619e-07	1.784654e-06	1.251028e-06	11642
13019	5.037938e-07	1.784667e-06	1.250955e-06	11642
21275	5.039256e-07	1.784681e-06	1.250883e-06	11642
29531	5.040575e-07	1.784695e-06	1.250810e-06	11642
37787	5.041893e-07	1.784708e-06	1.250738e-06	11642
46043	5.043211e-07	1.784722e-06	1.250665e-06	11642
54299	5.044529e-07	1.784735e-06	1.250593e-06	11642
62555	5.045848e-07	1.784749e-06	1.250520e-06	11642
70811	5.047165e-07	1.784762e-06	1.250448e-06	11642
79067	5.048483e-07	1.784776e-06	1.250375e-06	11642
87323	5.049801e-07	1.784789e-06	1.250303e-06	11642
95579	5.051119e-07	1.784803e-06	1.250230e-06	11642
103835	5.052436e-07	1.784816e-06	1.250158e-06	11642
112091	5.053753e-07	1.784830e-06	1.250085e-06	11642
120347	5.055070e-07	1.784844e-06	1.250012e-06	11642
128603	5.056388e-07	1.784857e-06	1.249940e-06	11642
136859	5.057705e-07	1.784871e-06	1.249867e-06	11642
145115	5.059022e-07	1.784884e-06	1.249794e-06	11642
153371	5.060339e-07	1.784898e-06	1.249722e-06	11642
161627	5.061655e-07	1.784911e-06	1.249649e-06	11642
169883	5.062972e-07	1.784925e-06	1.249576e-06	11642
178139	5.064289e-07	1.784939e-06	1.249503e-06	11642
186395	5.065605e-07	1.784952e-06	1.249431e-06	11642
194651	5.066921e-07	1.784966e-06	1.249358e-06	11642
202907	5.068238e-07	1.784979e-06	1.249285e-06	11642
211163	5.069554e-07	1.784993e-06	1.249212e-06	11642
219419	5.070870e-07	1.785007e-06	1.249139e-06	11642
227675	5.072185e-07	1.785020e-06	1.249066e-06	11642
235931	5.073501e-07	1.785034e-06	1.248994e-06	11642
244187	5.074817e-07	1.785047e-06	1.248921e-06	11642
252443	5.076132e-07	1.785061e-06	1.248848e-06	11642
260699	5.077448e-07	1.785075e-06	1.248775e-06	11642
268955	5.078763e-07	1.785088e-06	1.248702e-06	11642
277211	5.080078e-07	1.785102e-06	1.248629e-06	11642
285467	5.081394e-07	1.785116e-06	1.248556e-06	11642
293723	5.082708e-07	1.785129e-06	1.248483e-06	11642
301979	5.084023e-07	1.785143e-06	1.248410e-06	11642
310235	5.085338e-07	1.785157e-06	1.248337e-06	11642
318491	5.086653e-07	1.785170e-06	1.248264e-06	11642
326747	5.087967e-07	1.785184e-06	1.248191e-06	11642
335003	5.089282e-07	1.785197e-06	1.248117e-06	11642
343259	5.090596e-07	1.785211e-06	1.248044e-06	11642
351515	5.091911e-07	1.785225e-06	1.247971e-06	11642
359771	5.093224e-07	1.785239e-06	1.247898e-06	11642
368027	5.094539e-07	1.785252e-06	1.247825e-06	11642
376283	5.095853e-07	1.785266e-06	1.247751e-06	11642
384539	5.097166e-07	1.785279e-06	1.247678e-06	11642
392795	5.098480e-07	1.785293e-06	1.247605e-06	11642
401051	5.099794e-07	1.785307e-06	1.247532e-06	11642
409307	5.101107e-07	1.785321e-06	1.247458e-06	11642
417563	5.102420e-07	1.785334e-06	1.247385e-06	11642
425819	5.103734e-07	1.785348e-06	1.247312e-06	11642
434075	5.105047e-07	1.785362e-06	1.247238e-06	11642
442331	5.106360e-07	1.785375e-06	1.247165e-06	11642
450587	5.107673e-07	1.785389e-06	1.247092e-06	11642
458843	5.108986e-07	1.785403e-06	1.247018e-06	11642
467099	5.110298e-07	1.785416e-06	1.246945e-06	11642
475355	5.111611e-07	1.785430e-06	1.246871e-06	11642
483611	5.112923e-07	1.785444e-06	1.246798e-06	11642
491867	5.114236e-07	1.785458e-06	1.246724e-06	11642
500123	5.115548e-07	1.785471e-06	1.246651e-06	11642
508379	5.116860e-07	1.785485e-06	1.246577e-06	11642
516635	5.118172e-07	1.785499e-06	1.246504e-06	11642
524891	5.119484e-07	1.785512e-06	1.246430e-06	11642
533147	5.120796e-07	1.785526e-06	1.246357e-06	11642
541403	5.122108e-07	1.785540e-06	1.246283e-06	11642
549659	5.123420e-07	1.785554e-06	1.246210e-06	11642
557915	5.124732e-07	1.785568e-06	1.246136e-06	11642
566171	5.126043e-07	1.785581e-06	1.246062e-06	11642
574427	5.127354e-07	1.785595e-06	1.245989e-06	11642
582683	5.128665e-07	1.785609e-06	1.245915e-06	11642
590939	5.129976e-07	1.785623e-06	1.245841e-06	11642
599195	5.131287e-07	1.785636e-06	1.245768e-06	11642
607451	5.132598e-07	1.785650e-06	1.245694e-06	11642
615707	5.133909e-07	1.785664e-06	1.245620e-06	11642
623963	5.135220e-07	1.785678e-06	1.245546e-06	11642
632219	5.136530e-07	1.785691e-06	1.245472e-06	11642
640475	5.137841e-07	1.785705e-06	1.245399e-06	11642
648731	5.139151e-07	1.785719e-06	1.245325e-06	11642
656987	5.140461e-07	1.785733e-06	1.245251e-06	11642
665243	5.141771e-07	1.785747e-06	1.245177e-06	11642
673499	5.143081e-07	1.785760e-06	1.245103e-06	11642
681755	5.144391e-07	1.785774e-06	1.245029e-06	11642
690011	5.145701e-07	1.785788e-06	1.244955e-06	11642
698267	5.147011e-07	1.785802e-06	1.244881e-06	11642
706523	5.148320e-07	1.785816e-06	1.244807e-06	11642
714779	5.149629e-07	1.785829e-06	1.244733e-06	11642
723035	5.150939e-07	1.785843e-06	1.244659e-06	11642
731291	5.152248e-07	1.785857e-06	1.244585e-06	11642
739547	5.153557e-07	1.785871e-06	1.244511e-06	11642
747803	5.154866e-07	1.785885e-06	1.244437e-06	11642
756059	5.156175e-07	1.785899e-06	1.244363e-06	11642
764315	5.157484e-07	1.785912e-06	1.244289e-06	11642
772571	5.158793e-07	1.785926e-06	1.244215e-06	11642
780827	5.160101e-07	1.785940e-06	1.244141e-06	11642
789083	5.161410e-07	1.785954e-06	1.244067e-06	11642
797339	5.162718e-07	1.785968e-06	1.243993e-06	11642
805595	5.164026e-07	1.785982e-06	1.243918e-06	11642
813851	5.165334e-07	1.785996e-06	1.243844e-06	11642
822107	5.166642e-07	1.786009e-06	1.243770e-06	11642
830363	5.167950e-07	1.786023e-06	1.243696e-06	11642
838619	5.169258e-07	1.786037e-06	1.243621e-06	11642
846875	5.170565e-07	1.786051e-06	1.243547e-06	11642
855131	5.171873e-07	1.786065e-06	1.243473e-06	11642
863387	5.173181e-07	1.786079e-06	1.243398e-06	11642
871643	5.174488e-07	1.786093e-06	1.243324e-06	11642
879899	5.175795e-07	1.786107e-06	1.243250e-06	11642
888155	5.177102e-07	1.786120e-06	1.243175e-06	11642
896411	5.178409e-07	1.786134e-06	1.243101e-06	11642
904667	5.179716e-07	1.786148e-06	1.243027e-06	11642
912923	5.181023e-07	1.786162e-06	1.242952e-06	11642
921179	5.182330e-07	1.786176e-06	1.242878e-06	11642
929435	5.183637e-07	1.786190e-06	1.242803e-06	11642
937691	5.184943e-07	1.786204e-06	1.242729e-06	11642
945947	5.186249e-07	1.786218e-06	1.242654e-06	11642
954203	5.187555e-07	1.786232e-06	1.242580e-06	11642
962459	5.188862e-07	1.786246e-06	1.242505e-06	11642
623	4.666047e-07	1.786258e-06	1.265246e-06	1402
970715	5.190167e-07	1.786260e-06	1.242430e-06	11642
8879	4.667386e-07	1.786271e-06	1.265179e-06	1402
978971	5.191474e-07	1.786273e-06	1.242356e-06	11642
17135	4.668724e-07	1.786283e-06	1.265112e-06	1402
987227	5.192779e-07	1.786287e-06	1.242281e-06	11642
25391	4.670063e-07	1.786296e-06	1.265045e-06	1402
995483	5.194085e-07	1.786301e-06	1.242207e-06	11642
33647	4.671401e-07	1.786308e-06	1.264978e-06	1402
1003739	5.195391e-07	1.786315e-06	1.242132e-06	11642
41903	4.672739e-07	1.786321e-06	1.264911e-06	1402
1011995	5.196696e-07	1.786329e-06	1.242057e-06	11642
50159	4.674077e-07	1.786333e-06	1.264844e-06	1402
1020251	5.198002e-07	1.786343e-06	1.241983e-06	11642
58415	4.675415e-07	1.786346e-06	1.264776e-06	1402
1028507	5.199307e-07	1.786357e-06	1.241908e-06	11642
66671	4.676753e-07	1.786358e-06	1.264709e-06	1402
74927	4.678091e-07	1.786371e-06	1.264642e-06	1402
1036763	5.200612e-07	1.786371e-06	1.241833e-06	11642
83183	4.679429e-07	1.786383e-06	1.264575e-06	1402
1045019	5.201917e-07	1.786385e-06	1.241758e-06	11642
91439	4.680766e-07	1.786396e-06	1.264507e-06	1402
1053275	5.203222e-07	1.786399e-06	1.241684e-06	11642
99695	4.682104e-07	1.786409e-06	1.264440e-06	1402
1061531	5.204527e-07	1.786413e-06	1.241609e-06	11642
107951	4.683442e-07	1.786421e-06	1.264373e-06	1402
1069787	5.205831e-07	1.786427e-06	1.241534e-06	11642
116207	4.684779e-07	1.786434e-06	1.264306e-06	1402
1078043	5.207136e-07	1.786441e-06	1.241459e-06	11642
124463	4.686116e-07	1.786446e-06	1.264238e-06	1402
1086299	5.208440e-07	1.786455e-06	1.241385e-06	11642
132719	4.687453e-07	1.786459e-06	1.264171e-06	1402
1094555	5.209745e-07	1.786469e-06	1.241310e-06	11642
140975	4.688790e-07	1.786472e-06	1.264104e-06	1402
1102811	5.211049e-07	1.786483e-06	1.241235e-06	11642
149231	4.690127e-07	1.786484e-06	1.264036e-06	1402
157487	4.691464e-07	1.786497e-06	1.263969e-06	1402
1111067	5.212353e-07	1.786497e-06	1.241160e-06	11642
165743	4.692801e-07	1.786509e-06	1.263901e-06	1402
1119323	5.213657e-07	1.786511e-06	1.241085e-06	11642
173999	4.694137e-07	1.786522e-06	1.263834e-06	1402
1127579	5.214961e-07	1.786525e-06	1.241010e-06	11642
182255	4.695474e-07	1.786535e-06	1.263766e-06	1402
1135835	5.216265e-07	1.786539e-06	1.240935e-06	11642
190511	4.696810e-07	1.786547e-06	1.263699e-06	1402
1144091	5.217569e-07	1.786553e-06	1.240860e-06	11642
198767	4.698147e-07	1.786560e-06	1.263631e-06	1402
1152347	5.218872e-07	1.786567e-06	1.240785e-06	11642
207023	4.699483e-07	1.786572e-06	1.263564e-06	1402
215279	4.700819e-07	1.786585e-06	1.263496e-06	1402
223535	4.702155e-07	1.786598e-06	1.263429e-06	1402
231791	4.703491e-07	1.786610e-06	1.263361e-06	1402
240047	4.704827e-07	1.786623e-06	1.263293e-06	1402
248303	4.706163e-07	1.786636e-06	1.263226e-06	1402
256559	4.707498e-07	1.786648e-06	1.263158e-06	1402
264815	4.708834e-07	1.786661e-06	1.263090e-06	1402
273071	4.710169e-07	1.786673e-06	1.263023e-06	1402
281327	4.711505e-07	1.786686e-06	1.262955e-06	1402
289583	4.712840e-07	1.786699e-06	1.262887e-06	1402
297839	4.714175e-07	1.786711e-06	1.262820e-06	1402
306095	4.715510e-07	1.786724e-06	1.262752e-06	1402
314351	4.716845e-07	1.786737e-06	1.262684e-06	1402
322607	4.718180e-07	1.786750e-06	1.262616e-06	1402
330863	4.719515e-07	1.786762e-06	1.262548e-06	1402
339119	4.720849e-07	1.786775e-06	1.262481e-06	1402
347375	4.722184e-07	1.786787e-06	1.262413e-06	1402
355631	4.723518e-07	1.786800e-06	1.262345e-06	1402
363887	4.724853e-07	1.786813e-06	1.262277e-06	1402
372143	4.726187e-07	1.786826e-06	1.262209e-06	1402
380399	4.727521e-07	1.786838e-06	1.262141e-06	1402
388655	4.728855e-07	1.786851e-06	1.262073e-06	1402
396911	4.730189e-07	1.786864e-06	1.262005e-06	1402
405167	4.731523e-07	1.786876e-06	1.261937e-06	1402
413423	4.732856e-07	1.786889e-06	1.261869e-06	1402
421679	4.734190e-07	1.786902e-06	1.261801e-06	1402
429935	4.735523e-07	1.786914e-06	1.261733e-06	1402
438191	4.736857e-07	1.786927e-06	1.261665e-06	1402
446447	4.738190e-07	1.786940e-06	1.261597e-06	1402
454703	4.739524e-07	1.786953e-06	1.261529e-06	1402
462959	4.740857e-07	1.786965e-06	1.261461e-06	1402
471215	4.742190e-07	1.786978e-06	1.261393e-06	1402
479471	4.743522e-07	1.786991e-06	1.261324e-06	1402
487727	4.744855e-07	1.787004e-06	1.261256e-06	1402
495983	4.746188e-07	1.787016e-06	1.261188e-06	1402
504239	4.747521e-07	1.787029e-06	1.261120e-06	1402
512495	4.748853e-07	1.787042e-06	1.261052e-06	1402
520751	4.750186e-07	1.787055e-06	1.260983e-06	1402
529007	4.751518e-07	1.787067e-06	1.260915e-06	1402
537263	4.752850e-07	1.787080e-06	1.260847e-06	1402
545519	4.754182e-07	1.787093e-06	1.260778e-06	1402
553775	4.755514e-07	1.787106e-06	1.260710e-06	1402
562031	4.756846e-07	1.787118e-06	1.260642e-06	1402
570287	4.758178e-07	1.787131e-06	1.260573e-06	1402
578543	4.759510e-07	1.787144e-06	1.260505e-06	1402
586799	4.760841e-07	1.787157e-06	1.260437e-06	1402
595055	4.762173e-07	1.787170e-06	1.260368e-06	1402
603311	4.763504e-07	1.787182e-06	1.260300e-06	1402
611567	4.764836e-07	1.787195e-06	1.260231e-06	1402
619823	4.766167e-07	1.787208e-06	1.260163e-06	1402
628079	4.767498e-07	1.787221e-06	1.260094e-06	1402
636335	4.768829e-07	1.787234e-06	1.260026e-06	1402
644591	4.770160e-07	1.787246e-06	1.259957e-06	1402
652847	4.771491e-07	1.787259e-06	1.259889e-06	1402
661103	4.772821e-07	1.787272e-06	1.259820e-06	1402
669359	4.774152e-07	1.787285e-06	1.259751e-06	1402
677615	4.775482e-07	1.787298e-06	1.259683e-06	1402
685871	4.776813e-07	1.787310e-06	1.259614e-06	1402
694127	4.778143e-07	1.787323e-06	1.259545e-06	1402
702383	4.779473e-07	1.787336e-06	1.259477e-06	1402
710639	4.780803e-07	1.787349e-06	1.259408e-06	1402
718895	4.782133e-07	1.787362e-06	1.259339e-06	1402
727151	4.783463e-07	1.787375e-06	1.259271e-06	1402
735407	4.784793e-07	1.787388e-06	1.259202e-06	1402
743663	4.786123e-07	1.787400e-06	1.259133e-06	1402
751919	4.787452e-07	1.787413e-06	1.259064e-06	1402
760175	4.788782e-07	1.787426e-06	1.258995e-06	1402
768431	4.790111e-07	1.787439e-06	1.258927e-06	1402
776687	4.791440e-07	1.787452e-06	1.258858e-06	1402
784943	4.792769e-07	1.787465e-06	1.258789e-06	1402
793199	4.794098e-07	1.787478e-06	1.258720e-06	1402
801455	4.795427e-07	1.787490e-06	1.258651e-06	1402
809711	4.796756e-07	1.787503e-06	1.258582e-06	1402
817967	4.798085e-07	1.787516e-06	1.258513e-06	1402
826223	4.799414e-07	1.787529e-06	1.258444e-06	1402
834479	4.800742e-07	1.787542e-06	1.258375e-06	1402
842735	4.802071e-07	1.787555e-06	1.258306e-06	1402
850991	4.803399e-07	1.787568e-06	1.258237e-06	1402
859247	4.804727e-07	1.787581e-06	1.258168e-06	1402
867503	4.806055e-07	1.787594e-06	1.258099e-06	1402
875759	4.807383e-07	1.787606e-06	1.258030e-06	1402
884015	4.808711e-07	1.787619e-06	1.257961e-06	1402
892271	4.810039e-07	1.787632e-06	1.257892e-06	1402
900527	4.811367e-07	1.787645e-06	1.257823e-06	1402
908783	4.812695e-07	1.787658e-06	1.257754e-06	1402
917039	4.814022e-07	1.787671e-06	1.257684e-06	1402
925295	4.815349e-07	1.787684e-06	1.257615e-06	1402
933551	4.816677e-07	1.787697e-06	1.257546e-06	1402
941807	4.818004e-07	1.787710e-06	1.257477e-06	1402
950063	4.819331e-07	1.787723e-06	1.257407e-06	1402
958319	4.820658e-07	1.787736e-06	1.257338e-06	1402
966575	4.821985e-07	1.787749e-06	1.257269e-06	1402
974831	4.823312e-07	1.787762e-06	1.257200e-06	1402
983087	4.824639e-07	1.787775e-06	1.257130e-06	1402
991343	4.825965e-07	1.787787e-06	1.257061e-06	1402
999599	4.827291e-07	1.787800e-06	1.256992e-06	1402
1007855	4.828618e-07	1.787813e-06	1.256922e-06	1402
1016111	4.829944e-07	1.787826e-06	1.256853e-06	1402
1024367	4.831271e-07	1.787839e-06	1.256783e-06	1402
1032623	4.832597e-07	1.787852e-06	1.256714e-06	1402
1040879	4.833922e-07	1.787865e-06	1.256644e-06	1402
1049135	4.835248e-07	1.787878e-06	1.256575e-06	1402
1057391	4.836574e-07	1.787891e-06	1.256505e-06	1402
1065647	4.837900e-07	1.787904e-06	1.256436e-06	1402
1073903	4.839225e-07	1.787917e-06	1.256366e-06	1402
1082159	4.840551e-07	1.787930e-06	1.256297e-06	1402
1090415	4.841876e-07	1.787943e-06	1.256227e-06	1402
1098671	4.843201e-07	1.787956e-06	1.256158e-06	1402
1106927	4.844526e-07	1.787969e-06	1.256088e-06	1402
1115183	4.845851e-07	1.787982e-06	1.256018e-06	1402
1123439	4.847176e-07	1.787995e-06	1.255949e-06	1402
1131695	4.848501e-07	1.788008e-06	1.255879e-06	1402
1139951	4.849826e-07	1.788021e-06	1.255809e-06	1402
1148207	4.851151e-07	1.788034e-06	1.255740e-06	1402
2471	5.380876e-07	1.796676e-06	1.248733e-06	5498
10727	5.382188e-07	1.796690e-06	1.248656e-06	5498
18983	5.383500e-07	1.796705e-06	1.248579e-06	5498
27239	5.384812e-07	1.796719e-06	1.248501e-06	5498
35495	5.386124e-07	1.796733e-06	1.248424e-06	5498
43751	5.387436e-07	1.796748e-06	1.248346e-06	5498
52007	5.388748e-07	1.796762e-06	1.248269e-06	5498
60263	5.390059e-07	1.796777e-06	1.248192e-06	5498
68519	5.391370e-07	1.796791e-06	1.248114e-06	5498
76775	5.392682e-07	1.796806e-06	1.248037e-06	5498
85031	5.393993e-07	1.796820e-06	1.247959e-06	5498
93287	5.395304e-07	1.796835e-06	1.247882e-06	5498
101543	5.396615e-07	1.796849e-06	1.247804e-06	5498
109799	5.397926e-07	1.796864e-06	1.247726e-06	5498
118055	5.399236e-07	1.796878e-06	1.247649e-06	5498
126311	5.400547e-07	1.796893e-06	1.247571e-06	5498
134567	5.401857e-07	1.796907e-06	1.247494e-06	5498
142823	5.403168e-07	1.796922e-06	1.247416e-06	5498
151079	5.404478e-07	1.796936e-06	1.247338e-06	5498
159335	5.405788e-07	1.796951e-06	1.247261e-06	5498
167591	5.407098e-07	1.796965e-06	1.247183e-06	5498
175847	5.408408e-07	1.796980e-06	1.247105e-06	5498
184103	5.409718e-07	1.796994e-06	1.247028e-06	5498
192359	5.411027e-07	1.797009e-06	1.246950e-06	5498
200615	5.412337e-07	1.797023e-06	1.246872e-06	5498
208871	5.413646e-07	1.797038e-06	1.246794e-06	5498
217127	5.414956e-07	1.797052e-06	1.246717e-06	5498
225383	5.416265e-07	1.797067e-06	1.246639e-06	5498
233639	5.417574e-07	1.797081e-06	1.246561e-06	5498
241895	5.418883e-07	1.797096e-06	1.246483e-06	5498
250151	5.420192e-07	1.797110e-06	1.246405e-06	5498
258407	5.421500e-07	1.797125e-06	1.246327e-06	5498
266663	5.422809e-07	1.797139e-06	1.246250e-06	5498
274919	5.424117e-07	1.797154e-06	1.246172e-06	5498
283175	5.425426e-07	1.797168e-06	1.246094e-06	5498
291431	5.426734e-07	1.797183e-06	1.246016e-06	5498
299687	5.428042e-07	1.797198e-06	1.245938e-06	5498
307943	5.429350e-07	1.797212e-06	1.245860e-06	5498
316199	5.430658e-07	1.797227e-06	1.245782e-06	5498
324455	5.431966e-07	1.797241e-06	1.245704e-06	5498
332711	5.433274e-07	1.797256e-06	1.245626e-06	5498
340967	5.434581e-07	1.797270e-06	1.245548e-06	5498
349223	5.435889e-07	1.797285e-06	1.245469e-06	5498
357479	5.437196e-07	1.797300e-06	1.245391e-06	5498
365735	5.438503e-07	1.797314e-06	1.245313e-06	5498
373991	5.439811e-07	1.797329e-06	1.245235e-06	5498
382247	5.441117e-07	1.797343e-06	1.245157e-06	5498
390503	5.442424e-07	1.797358e-06	1.245079e-06	5498
398759	5.443731e-07	1.797373e-06	1.245000e-06	5498
407015	5.445038e-07	1.797387e-06	1.244922e-06	5498
415271	5.446344e-07	1.797402e-06	1.244844e-06	5498
423527	5.447650e-07	1.797416e-06	1.244766e-06	5498
431783	5.448957e-07	1.797431e-06	1.244687e-06	5498
440039	5.450263e-07	1.797446e-06	1.244609e-06	5498
448295	5.451569e-07	1.797460e-06	1.244531e-06	5498
456551	5.452875e-07	1.797475e-06	1.244453e-06	5498
464807	5.454181e-07	1.797490e-06	1.244374e-06	5498
473063	5.455487e-07	1.797504e-06	1.244296e-06	5498
481319	5.456792e-07	1.797519e-06	1.244217e-06	5498
489575	5.458098e-07	1.797533e-06	1.244139e-06	5498
497831	5.459403e-07	1.797548e-06	1.244061e-06	5498
506087	5.460709e-07	1.797563e-06	1.243982e-06	5498
514343	5.462014e-07	1.797577e-06	1.243904e-06	5498
522599	5.463318e-07	1.797592e-06	1.243825e-06	5498
530855	5.464623e-07	1.797607e-06	1.243747e-06	5498
539111	5.465928e-07	1.797621e-06	1.243668e-06	5498
547367	5.467233e-07	1.797636e-06	1.243590e-06	5498
555623	5.468538e-07	1.797651e-06	1.243511e-06	5498
563879	5.469842e-07	1.797665e-06	1.243432e-06	5498
572135	5.471146e-07	1.797680e-06	1.243354e-06	5498
580391	5.472450e-07	1.797695e-06	1.243275e-06	5498
588647	5.473754e-07	1.797709e-06	1.243197e-06	5498
596903	5.475058e-07	1.797724e-06	1.243118e-06	5498
605159	5.476362e-07	1.797739e-06	1.243039e-06	5498
613415	5.477666e-07	1.797753e-06	1.242960e-06	5498
621671	5.478969e-07	1.797768e-06	1.242882e-06	5498
629927	5.480273e-07	1.797783e-06	1.242803e-06	5498
638183	5.481576e-07	1.797797e-06	1.242724e-06	5498
646439	5.482880e-07	1.797812e-06	1.242646e-06	5498
654695	5.484183e-07	1.797827e-06	1.242567e-06	5498
662951	5.485486e-07	1.797842e-06	1.242488e-06	5498
671207	5.486789e-07	1.797856e-06	1.242409e-06	5498
679463	5.488092e-07	1.797871e-06	1.242330e-06	5498
687719	5.489394e-07	1.797886e-06	1.242251e-06	5498
695975	5.490697e-07	1.797900e-06	1.242173e-06	5498
704231	5.491999e-07	1.797915e-06	1.242094e-06	5498
712487	5.493301e-07	1.797930e-06	1.242015e-06	5498
720743	5.494604e-07	1.797945e-06	1.241936e-06	5498
728999	5.495906e-07	1.797959e-06	1.241857e-06	5498
737255	5.497208e-07	1.797974e-06	1.241778e-06	5498
745511	5.498509e-07	1.797989e-06	1.241699e-06	5498
753767	5.499812e-07	1.798004e-06	1.241620e-06	5498
762023	5.501113e-07	1.798018e-06	1.241541e-06	5498
770279	5.502415e-07	1.798033e-06	1.241462e-06	5498
778535	5.503716e-07	1.798048e-06	1.241383e-06	5498
786791	5.505017e-07	1.798063e-06	1.241304e-06	5498
795047	5.506319e-07	1.798078e-06	1.241225e-06	5498
803303	5.507619e-07	1.798092e-06	1.241145e-06	5498
811559	5.508920e-07	1.798107e-06	1.241066e-06	5498
819815	5.510221e-07	1.798122e-06	1.240987e-06	5498
828071	5.511522e-07	1.798137e-06	1.240908e-06	5498
836327	5.512823e-07	1.798151e-06	1.240829e-06	5498
844583	5.514123e-07	1.798166e-06	1.240749e-06	5498
852839	5.515423e-07	1.798181e-06	1.240670e-06	5498
861095	5.516723e-07	1.798196e-06	1.240591e-06	5498
869351	5.518024e-07	1.798211e-06	1.240512e-06	5498
877607	5.519323e-07	1.798225e-06	1.240433e-06	5498
885863	5.520623e-07	1.798240e-06	1.240353e-06	5498
894119	5.521923e-07	1.798255e-06	1.240274e-06	5498
902375	5.523223e-07	1.798270e-06	1.240194e-06	5498
910631	5.524522e-07	1.798285e-06	1.240115e-06	5498
918887	5.525822e-07	1.798299e-06	1.240036e-06	5498
927143	5.527121e-07	1.798314e-06	1.239956e-06	5498
935399	5.528420e-07	1.798329e-06	1.239877e-06	5498
943655	5.529719e-07	1.798344e-06	1.239797e-06	5498
951911	5.531018e-07	1.798359e-06	1.239718e-06	5498
960167	5.532317e-07	1.798374e-06	1.239639e-06	5498
968423	5.533615e-07	1.798388e-06	1.239559e-06	5498
976679	5.534914e-07	1.798403e-06	1.239480e-06	5498
984935	5.536212e-07	1.798418e-06	1.239400e-06	5498
993191	5.537511e-07	1.798433e-06	1.239320e-06	5498
1001447	5.538809e-07	1.798448e-06	1.239241e-06	5498
1009703	5.540107e-07	1.798463e-06	1.239161e-06	5498
1017959	5.541405e-07	1.798477e-06	1.239082e-06	5498
1026215	5.542703e-07	1.798492e-06	1.239002e-06	5498
1034471	5.544001e-07	1.798507e-06	1.238922e-06	5498
1042727	5.545298e-07	1.798522e-06	1.238843e-06	5498
1050983	5.546596e-07	1.798537e-06	1.238763e-06	5498
1059239	5.547893e-07	1.798552e-06	1.238683e-06	5498
1067495	5.549190e-07	1.798567e-06	1.238604e-06	5498
1075751	5.550488e-07	1.798582e-06	1.238524e-06	5498
1084007	5.551785e-07	1.798596e-06	1.238444e-06	5498
1092263	5.553081e-07	1.798611e-06	1.238364e-06	5498
1100519	5.554379e-07	1.798626e-06	1.238285e-06	5498
1108775	5.555675e-07	1.798641e-06	1.238205e-06	5498
1117031	5.556972e-07	1.798656e-06	1.238125e-06	5498
1125287	5.558268e-07	1.798671e-06	1.238045e-06	5498
1133543	5.559564e-07	1.798686e-06	1.237965e-06	5498
1141799	5.560860e-07	1.798701e-06	1.237885e-06	5498
1150055	5.562156e-07	1.798716e-06	1.237805e-06	5498
5620	4.286621e-07	1.807450e-06	1.283552e-06	14457
13876	4.287980e-07	1.807462e-06	1.283491e-06	14457
22132	4.289339e-07	1.807473e-06	1.283429e-06	14457
30388	4.290698e-07	1.807485e-06	1.283367e-06	14457
38644	4.292057e-07	1.807496e-06	1.283306e-06	14457
46900	4.293416e-07	1.807508e-06	1.283244e-06	14457
55156	4.294775e-07	1.807519e-06	1.283182e-06	14457
63412	4.296134e-07	1.807531e-06	1.283120e-06	14457
71668	4.297492e-07	1.807542e-06	1.283059e-06	14457
79924	4.298851e-07	1.807554e-06	1.282997e-06	14457
88180	4.300209e-07	1.807565e-06	1.282935e-06	14457
96436	4.301567e-07	1.807577e-06	1.282873e-06	14457
104692	4.302926e-07	1.807589e-06	1.282811e-06	14457
112948	4.304284e-07	1.807600e-06	1.282750e-06	14457
121204	4.305642e-07	1.807612e-06	1.282688e-06	14457
129460	4.307000e-07	1.807623e-06	1.282626e-06	14457
137716	4.308358e-07	1.807635e-06	1.282564e-06	14457
145972	4.309716e-07	1.807646e-06	1.282502e-06	14457
154228	4.311073e-07	1.807658e-06	1.282440e-06	14457
162484	4.312431e-07	1.807670e-06	1.282378e-06	14457
170740	4.313789e-07	1.807681e-06	1.282316e-06	14457
178996	4.315146e-07	1.807693e-06	1.282254e-06	14457
187252	4.316503e-07	1.807704e-06	1.282192e-06	14457
195508	4.317860e-07	1.807716e-06	1.282130e-06	14457
203764	4.319218e-07	1.807728e-06	1.282068e-06	14457
212020	4.320574e-07	1.807739e-06	1.282006e-06	14457
220276	4.321932e-07	1.807751e-06	1.281943e-06	14457
228532	4.323288e-07	1.807762e-06	1.281881e-06	14457
236788	4.324645e-07	1.807774e-06	1.281819e-06	14457
245044	4.326002e-07	1.807786e-06	1.281757e-06	14457
253300	4.327358e-07	1.807797e-06	1.281695e-06	14457
261556	4.328715e-07	1.807809e-06	1.281633e-06	14457
269812	4.330071e-07	1.807821e-06	1.281570e-06	14457
278068	4.331428e-07	1.807832e-06	1.281508e-06	14457
286324	4.332784e-07	1.807844e-06	1.281446e-06	14457
294580	4.334140e-07	1.807856e-06	1.281383e-06	14457
302836	4.335496e-07	1.807867e-06	1.281321e-06	14457
311092	4.336852e-07	1.807879e-06	1.281259e-06	14457
319348	4.338208e-07	1.807890e-06	1.281196e-06	14457
327604	4.339564e-07	1.807902e-06	1.281134e-06	14457
335860	4.340919e-07	1.807914e-06	1.281072e-06	14457
344116	4.342275e-07	1.807926e-06	1.281009e-06	14457
352372	4.343630e-07	1.807937e-06	1.280947e-06	14457
360628	4.344986e-07	1.807949e-06	1.280884e-06	14457
368884	4.346341e-07	1.807961e-06	1.280822e-06	14457
377140	4.347696e-07	1.807972e-06	1.280759e-06	14457
385396	4.349051e-07	1.807984e-06	1.280697e-06	14457
393652	4.350406e-07	1.807996e-06	1.280634e-06	14457
401908	4.351761e-07	1.808007e-06	1.280572e-06	14457
410164	4.353116e-07	1.808019e-06	1.280509e-06	14457
418420	4.354471e-07	1.808031e-06	1.280447e-06	14457
426676	4.355825e-07	1.808042e-06	1.280384e-06	14457
434932	4.357180e-07	1.808054e-06	1.280321e-06	14457
443188	4.358535e-07	1.808066e-06	1.280259e-06	14457
451444	4.359889e-07	1.808078e-06	1.280196e-06	14457
459700	4.361243e-07	1.808089e-06	1.280133e-06	14457
467956	4.362597e-07	1.808101e-06	1.280071e-06	14457
476212	4.363951e-07	1.808113e-06	1.280008e-06	14457
484468	4.365305e-07	1.808124e-06	1.279945e-06	14457
492724	4.366659e-07	1.808136e-06	1.279883e-06	14457
500980	4.368013e-07	1.808148e-06	1.279820e-06	14457
509236	4.369367e-07	1.808160e-06	1.279757e-06	14457
517492	4.370720e-07	1.808171e-06	1.279694e-06	14457
525748	4.372074e-07	1.808183e-06	1.279631e-06	14457
534004	4.373427e-07	1.808195e-06	1.279568e-06	14457
542260	4.374781e-07	1.808207e-06	1.279506e-06	14457
550516	4.376134e-07	1.808218e-06	1.279443e-06	14457
558772	4.377487e-07	1.808230e-06	1.279380e-06	14457
567028	4.378840e-07	1.808242e-06	1.279317e-06	14457
575284	4.380193e-07	1.808254e-06	1.279254e-06	14457
583540	4.381546e-07	1.808266e-06	1.279191e-06	14457
591796	4.382899e-07	1.808277e-06	1.279128e-06	14457
600052	4.384251e-07	1.808289e-06	1.279065e-06	14457
608308	4.385604e-07	1.808301e-06	1.279002e-06	14457
616564	4.386957e-07	1.808313e-06	1.278939e-06	14457
624820	4.388309e-07	1.808325e-06	1.278876e-06	14457
633076	4.389661e-07	1.808336e-06	1.278813e-06	14457
641332	4.391013e-07	1.808348e-06	1.278750e-06	14457
649588	4.392365e-07	1.808360e-06	1.278686e-06	14457
657844	4.393717e-07	1.808372e-06	1.278623e-06	14457
666100	4.395069e-07	1.808384e-06	1.278560e-06	14457
674356	4.396421e-07	1.808395e-06	1.278497e-06	14457
682612	4.397773e-07	1.808407e-06	1.278434e-06	14457
690868	4.399125e-07	1.808419e-06	1.278370e-06	14457
699124	4.400476e-07	1.808431e-06	1.278307e-06	14457
707380	4.401828e-07	1.808443e-06	1.278244e-06	14457
715636	4.403179e-07	1.808454e-06	1.278181e-06	14457
723892	4.404531e-07	1.808466e-06	1.278117e-06	14457
732148	4.405882e-07	1.808478e-06	1.278054e-06	14457
740404	4.407233e-07	1.808490e-06	1.277991e-06	14457
748660	4.408584e-07	1.808502e-06	1.277927e-06	14457
756916	4.409935e-07	1.808514e-06	1.277864e-06	14457
765172	4.411285e-07	1.808526e-06	1.277800e-06	14457
773428	4.412636e-07	1.808537e-06	1.277737e-06	14457
781684	4.413987e-07	1.808549e-06	1.277674e-06	14457
789940	4.415337e-07	1.808561e-06	1.277610e-06	14457
798196	4.416688e-07	1.808573e-06	1.277547e-06	14457
806452	4.418038e-07	1.808585e-06	1.277483e-06	14457
814708	4.419388e-07	1.808597e-06	1.277420e-06	14457
822964	4.420738e-07	1.808609e-06	1.277356e-06	14457
831220	4.422089e-07	1.808620e-06	1.277293e-06	14457
839476	4.423438e-07	1.808632e-06	1.277229e-06	14457
847732	4.424788e-07	1.808644e-06	1.277165e-06	14457
855988	4.426138e-07	1.808656e-06	1.277102e-06	14457
864244	4.427488e-07	1.808668e-06	1.277038e-06	14457
872500	4.428837e-07	1.808680e-06	1.276975e-06	14457
880756	4.430187e-07	1.808692e-06	1.276911e-06	14457
889012	4.431536e-07	1.808704e-06	1.276847e-06	14457
897268	4.432885e-07	1.808716e-06	1.276783e-06	14457
905524	4.434235e-07	1.808728e-06	1.276720e-06	14457
913780	4.435584e-07	1.808740e-06	1.276656e-06	14457
922036	4.436933e-07	1.808751e-06	1.276592e-06	14457
930292	4.438282e-07	1.808763e-06	1.276528e-06	14457
938548	4.439630e-07	1.808775e-06	1.276465e-06	14457
946804	4.440979e-07	1.808787e-06	1.276401e-06	14457
955060	4.442328e-07	1.808799e-06	1.276337e-06	14457
963316	4.443677e-07	1.808811e-06	1.276273e-06	14457
971572	4.445025e-07	1.808823e-06	1.276209e-06	14457
979828	4.446373e-07	1.808835e-06	1.276145e-06	14457
988084	4.447722e-07	1.808847e-06	1.276081e-06	14457
996340	4.449070e-07	1.808859e-06	1.276017e-06	14457
1004596	4.450418e-07	1.808871e-06	1.275953e-06	14457
1012852	4.451766e-07	1.808883e-06	1.275889e-06	14457
1021108	4.453114e-07	1.808895e-06	1.275825e-06	14457
1029364	4.454461e-07	1.808907e-06	1.275761e-06	14457
1037620	4.455809e-07	1.808919e-06	1.275697e-06	14457
1045876	4.457157e-07	1.808931e-06	1.275633e-06	14457
1054132	4.458504e-07	1.808943e-06	1.275569e-06	14457
1062388	4.459852e-07	1.808955e-06	1.275505e-06	14457
1070644	4.461199e-07	1.808967e-06	1.275441e-06	14457
1078900	4.462546e-07	1.808979e-06	1.275377e-06	14457
1087156	4.463893e-07	1.808991e-06	1.275313e-06	14457
1095412	4.465240e-07	1.809003e-06	1.275249e-06	14457
1103668	4.466587e-07	1.809015e-06	1.275184e-06	14457
1111924	4.467934e-07	1.809027e-06	1.275120e-06	14457
1120180	4.469281e-07	1.809039e-06	1.275056e-06	14457
1128436	4.470627e-07	1.809051e-06	1.274992e-06	14457
1136692	4.471974e-07	1.809063e-06	1.274927e-06	14457
1144948	4.473320e-07	1.809075e-06	1.274863e-06	14457
1153204	4.474667e-07	1.809087e-06	1.274799e-06	14457
499	4.971829e-07	1.814440e-06	1.276846e-06	1146
8755	4.973177e-07	1.814454e-06	1.276775e-06	1146
17011	4.974524e-07	1.814467e-06	1.276703e-06	1146
25267	4.975872e-07	1.814480e-06	1.276632e-06	1146
33523	4.977219e-07	1.814494e-06	1.276560e-06	1146
41779	4.978567e-07	1.814507e-06	1.276489e-06	1146
50035	4.979914e-07	1.814521e-06	1.276417e-06	1146
58291	4.981261e-07	1.814534e-06	1.276346e-06	1146
66547	4.982608e-07	1.814547e-06	1.276274e-06	1146
74803	4.983955e-07	1.814561e-06	1.276203e-06	1146
83059	4.985302e-07	1.814574e-06	1.276131e-06	1146
91315	4.986649e-07	1.814588e-06	1.276059e-06	1146
99571	4.987995e-07	1.814601e-06	1.275988e-06	1146
107827	4.989341e-07	1.814614e-06	1.275916e-06	1146
116083	4.990688e-07	1.814628e-06	1.275844e-06	1146
124339	4.992034e-07	1.814641e-06	1.275772e-06	1146
132595	4.993381e-07	1.814655e-06	1.275701e-06	1146
140851	4.994727e-07	1.814668e-06	1.275629e-06	1146
149107	4.996073e-07	1.814681e-06	1.275557e-06	1146
157363	4.997418e-07	1.814695e-06	1.275485e-06	1146
165619	4.998764e-07	1.814708e-06	1.275413e-06	1146
173875	5.000110e-07	1.814722e-06	1.275342e-06	1146
182131	5.001455e-07	1.814735e-06	1.275270e-06	1146
190387	5.002801e-07	1.814748e-06	1.275198e-06	1146
198643	5.004146e-07	1.814762e-06	1.275126e-06	1146
206899	5.005491e-07	1.814775e-06	1.275054e-06	1146
215155	5.006836e-07	1.814789e-06	1.274982e-06	1146
223411	5.008181e-07	1.814802e-06	1.274910e-06	1146
231667	5.009526e-07	1.814816e-06	1.274838e-06	1146
239923	5.010871e-07	1.814829e-06	1.274766e-06	1146
248179	5.012216e-07	1.814843e-06	1.274694e-06	1146
256435	5.013560e-07	1.814856e-06	1.274622e-06	1146
264691	5.014905e-07	1.814869e-06	1.274550e-06	1146
272947	5.016249e-07	1.814883e-06	1.274478e-06	1146
281203	5.017593e-07	1.814896e-06	1.274406e-06	1146
289459	5.018937e-07	1.814910e-06	1.274334e-06	1146
297715	5.020282e-07	1.814923e-06	1.274262e-06	1146
305971	5.021625e-07	1.814937e-06	1.274189e-06	1146
314227	5.022969e-07	1.814950e-06	1.274117e-06	1146
322483	5.024313e-07	1.814964e-06	1.274045e-06	1146
330739	5.025656e-07	1.814977e-06	1.273973e-06	1146
338995	5.027000e-07	1.814991e-06	1.273901e-06	1146
347251	5.028343e-07	1.815004e-06	1.273828e-06	1146
355507	5.029686e-07	1.815018e-06	1.273756e-06	1146
363763	5.031030e-07	1.815031e-06	1.273684e-06	1146
372019	5.032373e-07	1.815045e-06	1.273611e-06	1146
380275	5.033716e-07	1.815058e-06	1.273539e-06	1146
388531	5.035059e-07	1.815072e-06	1.273467e-06	1146
396787	5.036401e-07	1.815085e-06	1.273394e-06	1146
405043	5.037744e-07	1.815099e-06	1.273322e-06	1146
413299	5.039087e-07	1.815112e-06	1.273250e-06	1146
421555	5.040429e-07	1.815126e-06	1.273177e-06	1146
429811	5.041771e-07	1.815139e-06	1.273105e-06	1146
438067	5.043113e-07	1.815153e-06	1.273032e-06	1146
446323	5.044456e-07	1.815166e-06	1.272960e-06	1146
454579	5.045798e-07	1.815180e-06	1.272887e-06	1146
462835	5.047140e-07	1.815194e-06	1.272815e-06	1146
471091	5.048481e-07	1.815207e-06	1.272742e-06	1146
479347	5.049823e-07	1.815221e-06	1.272670e-06	1146
487603	5.051165e-07	1.815234e-06	1.272597e-06	1146
495859	5.052506e-07	1.815248e-06	1.272525e-06	1146
504115	5.053848e-07	1.815261e-06	1.272452e-06	1146
512371	5.055189e-07	1.815275e-06	1.272379e-06	1146
520627	5.056530e-07	1.815289e-06	1.272307e-06	1146
528883	5.057871e-07	1.815302e-06	1.272234e-06	1146
537139	5.059212e-07	1.815316e-06	1.272161e-06	1146
545395	5.060552e-07	1.815329e-06	1.272089e-06	1146
553651	5.061893e-07	1.815343e-06	1.272016e-06	1146
561907	5.063234e-07	1.815356e-06	1.271943e-06	1146
570163	5.064575e-07	1.815370e-06	1.271870e-06	1146
578419	5.065915e-07	1.815384e-06	1.271797e-06	1146
586675	5.067255e-07	1.815397e-06	1.271725e-06	1146
594931	5.068595e-07	1.815411e-06	1.271652e-06	1146
603187	5.069936e-07	1.815424e-06	1.271579e-06	1146
611443	5.071275e-07	1.815438e-06	1.271506e-06	1146
619699	5.072615e-07	1.815452e-06	1.271433e-06	1146
627955	5.073955e-07	1.815465e-06	1.271360e-06	1146
636211	5.075294e-07	1.815479e-06	1.271287e-06	1146
644467	5.076634e-07	1.815493e-06	1.271215e-06	1146
652723	5.077973e-07	1.815506e-06	1.271142e-06	1146
660979	5.079312e-07	1.815520e-06	1.271069e-06	1146
669235	5.080652e-07	1.815533e-06	1.270996e-06	1146
677491	5.081991e-07	1.815547e-06	1.270923e-06	1146
685747	5.083330e-07	1.815561e-06	1.270850e-06	1146
694003	5.084669e-07	1.815574e-06	1.270776e-06	1146
702259	5.086007e-07	1.815588e-06	1.270703e-06	1146
710515	5.087346e-07	1.815602e-06	1.270630e-06	1146
718771	5.088685e-07	1.815615e-06	1.270557e-06	1146
727027	5.090023e-07	1.815629e-06	1.270484e-06	1146
735283	5.091362e-07	1.815643e-06	1.270411e-06	1146
743539	5.092700e-07	1.815656e-06	1.270338e-06	1146
751795	5.094038e-07	1.815670e-06	1.270265e-06	1146
760051	5.095376e-07	1.815684e-06	1.270191e-06	1146
768307	5.096714e-07	1.815697e-06	1.270118e-06	1146
776563	5.098051e-07	1.815711e-06	1.270045e-06	1146
784819	5.099389e-07	1.815725e-06	1.269972e-06	1146
793075	5.100727e-07	1.815738e-06	1.269898e-06	1146
801331	5.102064e-07	1.815752e-06	1.269825e-06	1146
809587	5.103402e-07	1.815766e-06	1.269752e-06	1146
817843	5.104739e-07	1.815779e-06	1.269678e-06	1146
826099	5.106076e-07	1.815793e-06	1.269605e-06	1146
834355	5.107413e-07	1.815807e-06	1.269531e-06	1146
842611	5.108750e-07	1.815821e-06	1.269458e-06	1146
850867	5.110087e-07	1.815834e-06	1.269385e-06	1146
859123	5.111423e-07	1.815848e-06	1.269311e-06	1146
867379	5.112760e-07	1.815862e-06	1.269238e-06	1146
875635	5.114097e-07	1.815875e-06	1.269164e-06	1146
883891	5.115433e-07	1.815889e-06	1.269091e-06	1146
892147	5.116769e-07	1.815903e-06	1.269017e-06	1146
900403	5.118105e-07	1.815917e-06	1.268944e-06	1146
908659	5.119441e-07	1.815930e-06	1.268870e-06	1146
916915	5.120777e-07	1.815944e-06	1.268797e-06	1146
925171	5.122113e-07	1.815958e-06	1.268723e-06	1146
933427	5.123449e-07	1.815972e-06	1.268649e-06	1146
941683	5.124784e-07	1.815985e-06	1.268576e-06	1146
949939	5.126120e-07	1.815999e-06	1.268502e-06	1146
958195	5.127455e-07	1.816013e-06	1.268428e-06	1146
966451	5.128791e-07	1.816027e-06	1.268355e-06	1146
974707	5.130125e-07	1.816040e-06	1.268281e-06	1146
982963	5.131461e-07	1.816054e-06	1.268207e-06	1146
991219	5.132796e-07	1.816068e-06	1.268134e-06	1146
999475	5.134131e-07	1.816082e-06	1.268060e-06	1146
1007731	5.135465e-07	1.816096e-06	1.267986e-06	1146
1015987	5.136800e-07	1.816109e-06	1.267912e-06	1146
1024243	5.138135e-07	1.816123e-06	1.267838e-06	1146
1032499	5.139469e-07	1.816137e-06	1.267765e-06	1146
1040755	5.140803e-07	1.816151e-06	1.267691e-06	1146
1049011	5.142137e-07	1.816165e-06	1.267617e-06	1146
1057267	5.143471e-07	1.816178e-06	1.267543e-06	1146
1065523	5.144805e-07	1.816192e-06	1.267469e-06	1146
1073779	5.146139e-07	1.816206e-06	1.267395e-06	1146
1082035	5.147473e-07	1.816220e-06	1.267321e-06	1146
1090291	5.148806e-07	1.816234e-06	1.267247e-06	1146
1098547	5.150140e-07	1.816247e-06	1.267173e-06	1146
1106803	5.151473e-07	1.816261e-06	1.267099e-06	1146
1115059	5.152806e-07	1.816275e-06	1.267025e-06	1146
1123315	5.154140e-07	1.816289e-06	1.266951e-06	1146
1131571	5.155473e-07	1.816303e-06	1.266877e-06	1146
1139827	5.156806e-07	1.816317e-06	1.266803e-06	1146
1148083	5.158139e-07	1.816330e-06	1.266729e-06	1146
2578	5.251214e-07	1.818611e-06	1.270532e-06	5754
10834	5.252551e-07	1.818625e-06	1.270457e-06	5754
19090	5.253889e-07	1.818639e-06	1.270381e-06	5754
27346	5.255226e-07	1.818653e-06	1.270306e-06	5754
35602	5.256563e-07	1.818667e-06	1.270230e-06	5754
43858	5.257900e-07	1.818681e-06	1.270154e-06	5754
52114	5.259237e-07	1.818696e-06	1.270079e-06	5754
60370	5.260574e-07	1.818710e-06	1.270003e-06	5754
68626	5.261911e-07	1.818724e-06	1.269928e-06	5754
76882	5.263248e-07	1.818738e-06	1.269852e-06	5754
85138	5.264585e-07	1.818752e-06	1.269776e-06	5754
93394	5.265921e-07	1.818766e-06	1.269701e-06	5754
101650	5.267257e-07	1.818780e-06	1.269625e-06	5754
109906	5.268594e-07	1.818794e-06	1.269549e-06	5754
118162	5.269929e-07	1.818809e-06	1.269474e-06	5754
126418	5.271266e-07	1.818823e-06	1.269398e-06	5754
134674	5.272602e-07	1.818837e-06	1.269322e-06	5754
142930	5.273938e-07	1.818851e-06	1.269246e-06	5754
151186	5.275273e-07	1.818865e-06	1.269171e-06	5754
159442	5.276609e-07	1.818879e-06	1.269095e-06	5754
167698	5.277944e-07	1.818893e-06	1.269019e-06	5754
175954	5.279280e-07	1.818908e-06	1.268943e-06	5754
184210	5.280615e-07	1.818922e-06	1.268867e-06	5754
192466	5.281950e-07	1.818936e-06	1.268791e-06	5754
200722	5.283285e-07	1.818950e-06	1.268716e-06	5754
208978	5.284620e-07	1.818964e-06	1.268640e-06	5754
217234	5.285955e-07	1.818978e-06	1.268564e-06	5754
225490	5.287289e-07	1.818993e-06	1.268488e-06	5754
233746	5.288624e-07	1.819007e-06	1.268412e-06	5754
242002	5.289958e-07	1.819021e-06	1.268336e-06	5754
250258	5.291293e-07	1.819035e-06	1.268260e-06	5754
258514	5.292627e-07	1.819049e-06	1.268184e-06	5754
266770	5.293961e-07	1.819064e-06	1.268108e-06	5754
275026	5.295295e-07	1.819078e-06	1.268031e-06	5754
283282	5.296629e-07	1.819092e-06	1.267955e-06	5754
291538	5.297963e-07	1.819106e-06	1.267879e-06	5754
299794	5.299297e-07	1.819120e-06	1.267803e-06	5754
308050	5.300630e-07	1.819135e-06	1.267727e-06	5754
316306	5.301964e-07	1.819149e-06	1.267651e-06	5754
324562	5.303297e-07	1.819163e-06	1.267575e-06	5754
332818	5.304630e-07	1.819177e-06	1.267498e-06	5754
341074	5.305963e-07	1.819192e-06	1.267422e-06	5754
349330	5.307296e-07	1.819206e-06	1.267346e-06	5754
357586	5.308629e-07	1.819220e-06	1.267270e-06	5754
365842	5.309961e-07	1.819234e-06	1.267193e-06	5754
374098	5.311294e-07	1.819249e-06	1.267117e-06	5754
382354	5.312627e-07	1.819263e-06	1.267041e-06	5754
390610	5.313959e-07	1.819277e-06	1.266964e-06	5754
398866	5.315292e-07	1.819291e-06	1.266888e-06	5754
407122	5.316624e-07	1.819306e-06	1.266812e-06	5754
415378	5.317956e-07	1.819320e-06	1.266735e-06	5754
423634	5.319288e-07	1.819334e-06	1.266659e-06	5754
431890	5.320620e-07	1.819348e-06	1.266582e-06	5754
440146	5.321951e-07	1.819363e-06	1.266506e-06	5754
448402	5.323283e-07	1.819377e-06	1.266429e-06	5754
456658	5.324615e-07	1.819391e-06	1.266353e-06	5754
464914	5.325946e-07	1.819406e-06	1.266276e-06	5754
473170	5.327277e-07	1.819420e-06	1.266200e-06	5754
481426	5.328608e-07	1.819434e-06	1.266123e-06	5754
489682	5.329939e-07	1.819448e-06	1.266047e-06	5754
497938	5.331270e-07	1.819463e-06	1.265970e-06	5754
506194	5.332601e-07	1.819477e-06	1.265894e-06	5754
514450	5.333932e-07	1.819491e-06	1.265817e-06	5754
522706	5.335262e-07	1.819506e-06	1.265740e-06	5754
530962	5.336593e-07	1.819520e-06	1.265664e-06	5754
539218	5.337923e-07	1.819534e-06	1.265587e-06	5754
547474	5.339253e-07	1.819549e-06	1.265510e-06	5754
555730	5.340584e-07	1.819563e-06	1.265433e-06	5754
563986	5.341914e-07	1.819577e-06	1.265357e-06	5754
572242	5.343244e-07	1.819592e-06	1.265280e-06	5754
580498	5.344573e-07	1.819606e-06	1.265203e-06	5754
588754	5.345903e-07	1.819620e-06	1.265126e-06	5754
597010	5.347233e-07	1.819635e-06	1.265049e-06	5754
605266	5.348562e-07	1.819649e-06	1.264973e-06	5754
613522	5.349892e-07	1.819663e-06	1.264896e-06	5754
621778	5.351221e-07	1.819678e-06	1.264819e-06	5754
630034	5.352550e-07	1.819692e-06	1.264742e-06	5754
638290	5.353879e-07	1.819706e-06	1.264665e-06	5754
646546	5.355208e-07	1.819721e-06	1.264588e-06	5754
654802	5.356537e-07	1.819735e-06	1.264511e-06	5754
663058	5.357865e-07	1.819750e-06	1.264434e-06	5754
671314	5.359194e-07	1.819764e-06	1.264357e-06	5754
679570	5.360522e-07	1.819778e-06	1.264280e-06	5754
687826	5.361850e-07	1.819793e-06	1.264203e-06	5754
696082	5.363179e-07	1.819807e-06	1.264126e-06	5754
704338	5.364507e-07	1.819821e-06	1.264049e-06	5754
712594	5.365835e-07	1.819836e-06	1.263972e-06	5754
720850	5.367162e-07	1.819850e-06	1.263895e-06	5754
729106	5.368490e-07	1.819865e-06	1.263818e-06	5754
737362	5.369818e-07	1.819879e-06	1.263741e-06	5754
745618	5.371145e-07	1.819894e-06	1.263663e-06	5754
753874	5.372473e-07	1.819908e-06	1.263586e-06	5754
762130	5.373800e-07	1.819922e-06	1.263509e-06	5754
770386	5.375127e-07	1.819937e-06	1.263432e-06	5754
778642	5.376455e-07	1.819951e-06	1.263355e-06	5754
786898	5.377781e-07	1.819966e-06	1.263277e-06	5754
795154	5.379108e-07	1.819980e-06	1.263200e-06	5754
803410	5.380435e-07	1.819995e-06	1.263123e-06	5754
811666	5.381762e-07	1.820009e-06	1.263045e-06	5754
819922	5.383088e-07	1.820023e-06	1.262968e-06	5754
828178	5.384414e-07	1.820038e-06	1.262891e-06	5754
836434	5.385741e-07	1.820052e-06	1.262813e-06	5754
844690	5.387067e-07	1.820067e-06	1.262736e-06	5754
852946	5.388393e-07	1.820081e-06	1.262658e-06	5754
861202	5.389719e-07	1.820096e-06	1.262581e-06	5754
869458	5.391045e-07	1.820110e-06	1.262504e-06	5754
877714	5.392370e-07	1.820125e-06	1.262426e-06	5754
885970	5.393696e-07	1.820139e-06	1.262349e-06	5754
894226	5.395021e-07	1.820153e-06	1.262271e-06	5754
902482	5.396347e-07	1.820168e-06	1.262194e-06	5754
910738	5.397672e-07	1.820182e-06	1.262116e-06	5754
918994	5.398997e-07	1.820197e-06	1.262038e-06	5754
927250	5.400322e-07	1.820211e-06	1.261961e-06	5754
935506	5.401647e-07	1.820226e-06	1.261883e-06	5754
943762	5.402972e-07	1.820240e-06	1.261806e-06	5754
952018	5.404297e-07	1.820255e-06	1.261728e-06	5754
960274	5.405621e-07	1.820269e-06	1.261650e-06	5754
968530	5.406945e-07	1.820284e-06	1.261573e-06	5754
976786	5.408269e-07	1.820298e-06	1.261495e-06	5754
985042	5.409594e-07	1.820313e-06	1.261417e-06	5754
993298	5.410918e-07	1.820327e-06	1.261340e-06	5754
1001554	5.412242e-07	1.820342e-06	1.261262e-06	5754
1009810	5.413565e-07	1.820356e-06	1.261184e-06	5754
1018066	5.414889e-07	1.820371e-06	1.261106e-06	5754
1026322	5.416213e-07	1.820385e-06	1.261028e-06	5754
1034578	5.417536e-07	1.820400e-06	1.260951e-06	5754
1042834	5.418860e-07	1.820415e-06	1.260873e-06	5754
1051090	5.420183e-07	1.820429e-06	1.260795e-06	5754
1059346	5.421506e-07	1.820444e-06	1.260717e-06	5754
1067602	5.422829e-07	1.820458e-06	1.260639e-06	5754
1075858	5.424153e-07	1.820473e-06	1.260561e-06	5754
1084114	5.425475e-07	1.820487e-06	1.260483e-06	5754
1092370	5.426798e-07	1.820502e-06	1.260405e-06	5754
1100626	5.428120e-07	1.820516e-06	1.260327e-06	5754
1108882	5.429443e-07	1.820531e-06	1.260249e-06	5754
1117138	5.430765e-07	1.820546e-06	1.260171e-06	5754
1125394	5.432087e-07	1.820560e-06	1.260093e-06	5754
1133650	5.433409e-07	1.820575e-06	1.260015e-06	5754
1141906	5.434732e-07	1.820589e-06	1.259937e-06	5754
1150162	5.436053e-07	1.820604e-06	1.259859e-06	5754
7869	1.068083e-06	1.824399e-06	1.062630e-06	25976
16125	1.068187e-06	1.824427e-06	1.062477e-06	25976
24381	1.068291e-06	1.824456e-06	1.062324e-06	25976
32637	1.068395e-06	1.824484e-06	1.062170e-06	25976
40893	1.068498e-06	1.824513e-06	1.062017e-06	25976
49149	1.068602e-06	1.824542e-06	1.061863e-06	25976
57405	1.068706e-06	1.824570e-06	1.061710e-06	25976
65661	1.068809e-06	1.824599e-06	1.061557e-06	25976
73917	1.068913e-06	1.824627e-06	1.061403e-06	25976
82173	1.069017e-06	1.824656e-06	1.061250e-06	25976
90429	1.069120e-06	1.824684e-06	1.061096e-06	25976
98685	1.069224e-06	1.824713e-06	1.060943e-06	25976
106941	1.069327e-06	1.824741e-06	1.060789e-06	25976
115197	1.069431e-06	1.824770e-06	1.060636e-06	25976
123453	1.069534e-06	1.824798e-06	1.060482e-06	25976
131709	1.069638e-06	1.824827e-06	1.060329e-06	25976
139965	1.069741e-06	1.824856e-06	1.060175e-06	25976
148221	1.069845e-06	1.824884e-06	1.060022e-06	25976
156477	1.069948e-06	1.824913e-06	1.059868e-06	25976
164733	1.070051e-06	1.824941e-06	1.059715e-06	25976
172989	1.070155e-06	1.824970e-06	1.059561e-06	25976
181245	1.070258e-06	1.824999e-06	1.059407e-06	25976
189501	1.070361e-06	1.825027e-06	1.059254e-06	25976
197757	1.070465e-06	1.825056e-06	1.059100e-06	25976
206013	1.070568e-06	1.825084e-06	1.058946e-06	25976
214269	1.070671e-06	1.825113e-06	1.058793e-06	25976
222525	1.070774e-06	1.825142e-06	1.058639e-06	25976
230781	1.070878e-06	1.825170e-06	1.058485e-06	25976
239037	1.070981e-06	1.825199e-06	1.058332e-06	25976
247293	1.071084e-06	1.825227e-06	1.058178e-06	25976
255549	1.071187e-06	1.825256e-06	1.058024e-06	25976
263805	1.071290e-06	1.825285e-06	1.057870e-06	25976
272061	1.071393e-06	1.825313e-06	1.057717e-06	25976
280317	1.071496e-06	1.825342e-06	1.057563e-06	25976
288573	1.071599e-06	1.825370e-06	1.057409e-06	25976
296829	1.071702e-06	1.825399e-06	1.057255e-06	25976
305085	1.071805e-06	1.825428e-06	1.057101e-06	25976
313341	1.071908e-06	1.825456e-06	1.056947e-06	25976
321597	1.072011e-06	1.825485e-06	1.056794e-06	25976
329853	1.072114e-06	1.825514e-06	1.056640e-06	25976
338109	1.072217e-06	1.825542e-06	1.056486e-06	25976
346365	1.072320e-06	1.825571e-06	1.056332e-06	25976
354621	1.072423e-06	1.825599e-06	1.056178e-06	25976
362877	1.072526e-06	1.825628e-06	1.056024e-06	25976
371133	1.072628e-06	1.825657e-06	1.055870e-06	25976
379389	1.072731e-06	1.825685e-06	1.055716e-06	25976
387645	1.072834e-06	1.825714e-06	1.055562e-06	25976
395901	1.072937e-06	1.825743e-06	1.055408e-06	25976
404157	1.073039e-06	1.825771e-06	1.055254e-06	25976
412413	1.073142e-06	1.825800e-06	1.055100e-06	25976
420669	1.073245e-06	1.825829e-06	1.054946e-06	25976
428925	1.073347e-06	1.825857e-06	1.054792e-06	25976
437181	1.073450e-06	1.825886e-06	1.054638e-06	25976
445437	1.073553e-06	1.825915e-06	1.054484e-06	25976
453693	1.073655e-06	1.825943e-06	1.054330e-06	25976
461949	1.073758e-06	1.825972e-06	1.054176e-06	25976
470205	1.073860e-06	1.826001e-06	1.054021e-06	25976
478461	1.073963e-06	1.826029e-06	1.053867e-06	25976
486717	1.074065e-06	1.826058e-06	1.053713e-06	25976
494973	1.074168e-06	1.826087e-06	1.053559e-06	25976
503229	1.074270e-06	1.826116e-06	1.053405e-06	25976
511485	1.074373e-06	1.826144e-06	1.053250e-06	25976
519741	1.074475e-06	1.826173e-06	1.053096e-06	25976
527997	1.074577e-06	1.826202e-06	1.052942e-06	25976
536253	1.074680e-06	1.826230e-06	1.052788e-06	25976
544509	1.074782e-06	1.826259e-06	1.052633e-06	25976
552765	1.074884e-06	1.826288e-06	1.052479e-06	25976
561021	1.074987e-06	1.826316e-06	1.052325e-06	25976
569277	1.075089e-06	1.826345e-06	1.052171e-06	25976
577533	1.075191e-06	1.826374e-06	1.052016e-06	25976
585789	1.075293e-06	1.826403e-06	1.051862e-06	25976
594045	1.075396e-06	1.826431e-06	1.051708e-06	25976
602301	1.075498e-06	1.826460e-06	1.051553e-06	25976
610557	1.075600e-06	1.826489e-06	1.051399e-06	25976
618813	1.075702e-06	1.826518e-06	1.051244e-06	25976
627069	1.075804e-06	1.826546e-06	1.051090e-06	25976
635325	1.075906e-06	1.826575e-06	1.050936e-06	25976
643581	1.076008e-06	1.826604e-06	1.050781e-06	25976
651837	1.076110e-06	1.826632e-06	1.050627e-06	25976
660093	1.076212e-06	1.826661e-06	1.050472e-06	25976
668349	1.076314e-06	1.826690e-06	1.050318e-06	25976
676605	1.076416e-06	1.826719e-06	1.050163e-06	25976
684861	1.076518e-06	1.826747e-06	1.050009e-06	25976
693117	1.076620e-06	1.826776e-06	1.049854e-06	25976
701373	1.076722e-06	1.826805e-06	1.049700e-06	25976
709629	1.076824e-06	1.826834e-06	1.049545e-06	25976
717885	1.076926e-06	1.826862e-06	1.049391e-06	25976
726141	1.077028e-06	1.826891e-06	1.049236e-06	25976
734397	1.077129e-06	1.826920e-06	1.049081e-06	25976
742653	1.077231e-06	1.826949e-06	1.048927e-06	25976
750909	1.077333e-06	1.826977e-06	1.048772e-06	25976
759165	1.077435e-06	1.827006e-06	1.048617e-06	25976
767421	1.077536e-06	1.827035e-06	1.048463e-06	25976
775677	1.077638e-06	1.827064e-06	1.048308e-06	25976
783933	1.077740e-06	1.827093e-06	1.048153e-06	25976
792189	1.077841e-06	1.827121e-06	1.047999e-06	25976
800445	1.077943e-06	1.827150e-06	1.047844e-06	25976
808701	1.078045e-06	1.827179e-06	1.047689e-06	25976
816957	1.078146e-06	1.827208e-06	1.047535e-06	25976
825213	1.078248e-06	1.827237e-06	1.047380e-06	25976
833469	1.078349e-06	1.827265e-06	1.047225e-06	25976
841725	1.078451e-06	1.827294e-06	1.047070e-06	25976
849981	1.078552e-06	1.827323e-06	1.046915e-06	25976
858237	1.078654e-06	1.827352e-06	1.046761e-06	25976
866493	1.078755e-06	1.827381e-06	1.046606e-06	25976
874749	1.078856e-06	1.827409e-06	1.046451e-06	25976
883005	1.078958e-06	1.827438e-06	1.046296e-06	25976
891261	1.079059e-06	1.827467e-06	1.046141e-06	25976
899517	1.079161e-06	1.827496e-06	1.045986e-06	25976
907773	1.079262e-06	1.827525e-06	1.045831e-06	25976
916029	1.079363e-06	1.827554e-06	1.045676e-06	25976
924285	1.079464e-06	1.827582e-06	1.045521e-06	25976
932541	1.079566e-06	1.827611e-06	1.045367e-06	25976
940797	1.079667e-06	1.827640e-06	1.045212e-06	25976
949053	1.079768e-06	1.827669e-06	1.045057e-06	25976
957309	1.079869e-06	1.827698e-06	1.044902e-06	25976
965565	1.079971e-06	1.827727e-06	1.044747e-06	25976
973821	1.080072e-06	1.827755e-06	1.044591e-06	25976
982077	1.080173e-06	1.827784e-06	1.044436e-06	25976
990333	1.080274e-06	1.827813e-06	1.044281e-06	25976
998589	1.080375e-06	1.827842e-06	1.044126e-06	25976
1006845	1.080476e-06	1.827871e-06	1.043971e-06	25976
1015101	1.080577e-06	1.827900e-06	1.043816e-06	25976
1023357	1.080678e-06	1.827928e-06	1.043661e-06	25976
1031613	1.080779e-06	1.827957e-06	1.043506e-06	25976
1039869	1.080880e-06	1.827986e-06	1.043351e-06	25976
1048125	1.080981e-06	1.828015e-06	1.043196e-06	25976
1056381	1.081082e-06	1.828044e-06	1.043040e-06	25976
1064637	1.081183e-06	1.828073e-06	1.042885e-06	25976
1072893	1.081283e-06	1.828102e-06	1.042730e-06	25976
1081149	1.081384e-06	1.828131e-06	1.042575e-06	25976
1089405	1.081485e-06	1.828159e-06	1.042420e-06	25976
1097661	1.081586e-06	1.828188e-06	1.042264e-06	25976
1105917	1.081687e-06	1.828217e-06	1.042109e-06	25976
1114173	1.081787e-06	1.828246e-06	1.041954e-06	25976
1122429	1.081888e-06	1.828275e-06	1.041799e-06	25976
1130685	1.081989e-06	1.828304e-06	1.041643e-06	25976
1138941	1.082090e-06	1.828333e-06	1.041488e-06	25976
1147197	1.082190e-06	1.828362e-06	1.041333e-06	25976
1155453	1.082291e-06	1.828391e-06	1.041177e-06	25976
2684	5.588844e-07	1.831963e-06	1.269203e-06	6010
10940	5.590176e-07	1.831978e-06	1.269123e-06	6010
19196	5.591508e-07	1.831993e-06	1.269042e-06	6010
27452	5.592840e-07	1.832008e-06	1.268962e-06	6010
35708	5.594172e-07	1.832023e-06	1.268881e-06	6010
43964	5.595504e-07	1.832038e-06	1.268801e-06	6010
52220	5.596835e-07	1.832053e-06	1.268721e-06	6010
60476	5.598166e-07	1.832068e-06	1.268640e-06	6010
68732	5.599498e-07	1.832083e-06	1.268560e-06	6010
76988	5.600829e-07	1.832098e-06	1.268479e-06	6010
85244	5.602160e-07	1.832113e-06	1.268399e-06	6010
93500	5.603491e-07	1.832128e-06	1.268318e-06	6010
101756	5.604822e-07	1.832143e-06	1.268238e-06	6010
110012	5.606153e-07	1.832158e-06	1.268157e-06	6010
118268	5.607483e-07	1.832173e-06	1.268077e-06	6010
126524	5.608813e-07	1.832188e-06	1.267996e-06	6010
134780	5.610144e-07	1.832203e-06	1.267916e-06	6010
143036	5.611474e-07	1.832218e-06	1.267835e-06	6010
151292	5.612804e-07	1.832233e-06	1.267754e-06	6010
159548	5.614134e-07	1.832248e-06	1.267674e-06	6010
167804	5.615464e-07	1.832263e-06	1.267593e-06	6010
176060	5.616794e-07	1.832279e-06	1.267512e-06	6010
184316	5.618123e-07	1.832294e-06	1.267432e-06	6010
192572	5.619453e-07	1.832309e-06	1.267351e-06	6010
200828	5.620782e-07	1.832324e-06	1.267270e-06	6010
209084	5.622111e-07	1.832339e-06	1.267189e-06	6010
217340	5.623440e-07	1.832354e-06	1.267109e-06	6010
225596	5.624769e-07	1.832369e-06	1.267028e-06	6010
233852	5.626098e-07	1.832384e-06	1.266947e-06	6010
242108	5.627427e-07	1.832399e-06	1.266866e-06	6010
250364	5.628756e-07	1.832414e-06	1.266785e-06	6010
258620	5.630085e-07	1.832429e-06	1.266704e-06	6010
266876	5.631413e-07	1.832444e-06	1.266623e-06	6010
275132	5.632741e-07	1.832460e-06	1.266543e-06	6010
283388	5.634070e-07	1.832475e-06	1.266462e-06	6010
291644	5.635397e-07	1.832490e-06	1.266381e-06	6010
299900	5.636725e-07	1.832505e-06	1.266300e-06	6010
308156	5.638053e-07	1.832520e-06	1.266219e-06	6010
316412	5.639381e-07	1.832535e-06	1.266138e-06	6010
324668	5.640709e-07	1.832550e-06	1.266057e-06	6010
332924	5.642036e-07	1.832565e-06	1.265976e-06	6010
341180	5.643363e-07	1.832581e-06	1.265895e-06	6010
349436	5.644691e-07	1.832596e-06	1.265813e-06	6010
357692	5.646018e-07	1.832611e-06	1.265732e-06	6010
365948	5.647345e-07	1.832626e-06	1.265651e-06	6010
374204	5.648672e-07	1.832641e-06	1.265570e-06	6010
382460	5.649998e-07	1.832656e-06	1.265489e-06	6010
390716	5.651325e-07	1.832672e-06	1.265408e-06	6010
398972	5.652652e-07	1.832687e-06	1.265326e-06	6010
407228	5.653978e-07	1.832702e-06	1.265245e-06	6010
415484	5.655304e-07	1.832717e-06	1.265164e-06	6010
423740	5.656630e-07	1.832732e-06	1.265083e-06	6010
431996	5.657956e-07	1.832747e-06	1.265002e-06	6010
440252	5.659282e-07	1.832762e-06	1.264920e-06	6010
448508	5.660608e-07	1.832778e-06	1.264839e-06	6010
456764	5.661934e-07	1.832793e-06	1.264758e-06	6010
465020	5.663259e-07	1.832808e-06	1.264676e-06	6010
473276	5.664585e-07	1.832823e-06	1.264595e-06	6010
481532	5.665910e-07	1.832838e-06	1.264513e-06	6010
489788	5.667235e-07	1.832854e-06	1.264432e-06	6010
498044	5.668560e-07	1.832869e-06	1.264351e-06	6010
506300	5.669885e-07	1.832884e-06	1.264269e-06	6010
514556	5.671210e-07	1.832899e-06	1.264188e-06	6010
374	4.691184e-07	1.832914e-06	1.301007e-06	890
522812	5.672534e-07	1.832914e-06	1.264106e-06	6010
8630	4.692562e-07	1.832926e-06	1.300940e-06	890
531068	5.673859e-07	1.832930e-06	1.264025e-06	6010
16886	4.693939e-07	1.832939e-06	1.300872e-06	890
539324	5.675184e-07	1.832945e-06	1.263943e-06	6010
25142	4.695316e-07	1.832952e-06	1.300805e-06	890
547580	5.676508e-07	1.832960e-06	1.263862e-06	6010
33398	4.696693e-07	1.832964e-06	1.300737e-06	890
555836	5.677832e-07	1.832975e-06	1.263780e-06	6010
41654	4.698070e-07	1.832977e-06	1.300670e-06	890
49910	4.699448e-07	1.832989e-06	1.300602e-06	890
564092	5.679156e-07	1.832991e-06	1.263698e-06	6010
58166	4.700824e-07	1.833002e-06	1.300535e-06	890
572348	5.680480e-07	1.833006e-06	1.263617e-06	6010
66422	4.702201e-07	1.833015e-06	1.300467e-06	890
580604	5.681804e-07	1.833021e-06	1.263535e-06	6010
74678	4.703578e-07	1.833027e-06	1.300400e-06	890
588860	5.683128e-07	1.833036e-06	1.263454e-06	6010
82934	4.704954e-07	1.833040e-06	1.300332e-06	890
597116	5.684452e-07	1.833051e-06	1.263372e-06	6010
91190	4.706331e-07	1.833053e-06	1.300264e-06	890
99446	4.707707e-07	1.833065e-06	1.300197e-06	890
605372	5.685775e-07	1.833067e-06	1.263290e-06	6010
107702	4.709084e-07	1.833078e-06	1.300129e-06	890
613628	5.687098e-07	1.833082e-06	1.263208e-06	6010
115958	4.710460e-07	1.833091e-06	1.300061e-06	890
621884	5.688422e-07	1.833097e-06	1.263127e-06	6010
124214	4.711836e-07	1.833103e-06	1.299994e-06	890
630140	5.689744e-07	1.833112e-06	1.263045e-06	6010
132470	4.713212e-07	1.833116e-06	1.299926e-06	890
638396	5.691068e-07	1.833128e-06	1.262963e-06	6010
140726	4.714588e-07	1.833129e-06	1.299858e-06	890
148982	4.715963e-07	1.833141e-06	1.299790e-06	890
646652	5.692390e-07	1.833143e-06	1.262881e-06	6010
157238	4.717339e-07	1.833154e-06	1.299722e-06	890
654908	5.693713e-07	1.833158e-06	1.262800e-06	6010
165494	4.718715e-07	1.833167e-06	1.299655e-06	890
663164	5.695036e-07	1.833174e-06	1.262718e-06	6010
173750	4.720090e-07	1.833179e-06	1.299587e-06	890
671420	5.696359e-07	1.833189e-06	1.262636e-06	6010
182006	4.721466e-07	1.833192e-06	1.299519e-06	890
679676	5.697681e-07	1.833204e-06	1.262554e-06	6010
190262	4.722841e-07	1.833205e-06	1.299451e-06	890
198518	4.724216e-07	1.833217e-06	1.299383e-06	890
687932	5.699003e-07	1.833219e-06	1.262472e-06	6010
206774	4.725591e-07	1.833230e-06	1.299315e-06	890
696188	5.700325e-07	1.833235e-06	1.262390e-06	6010
215030	4.726966e-07	1.833243e-06	1.299247e-06	890
704444	5.701647e-07	1.833250e-06	1.262309e-06	6010
223286	4.728341e-07	1.833255e-06	1.299179e-06	890
712700	5.702969e-07	1.833265e-06	1.262227e-06	6010
231542	4.729716e-07	1.833268e-06	1.299111e-06	890
720956	5.704291e-07	1.833281e-06	1.262145e-06	6010
239798	4.731091e-07	1.833281e-06	1.299043e-06	890
248054	4.732465e-07	1.833293e-06	1.298975e-06	890
729212	5.705613e-07	1.833296e-06	1.262063e-06	6010
256310	4.733839e-07	1.833306e-06	1.298907e-06	890
737468	5.706934e-07	1.833311e-06	1.261981e-06	6010
264566	4.735214e-07	1.833319e-06	1.298839e-06	890
745724	5.708255e-07	1.833326e-06	1.261899e-06	6010
272822	4.736588e-07	1.833332e-06	1.298771e-06	890
753980	5.709577e-07	1.833342e-06	1.261817e-06	6010
281078	4.737962e-07	1.833344e-06	1.298703e-06	890
762236	5.710898e-07	1.833357e-06	1.261735e-06	6010
289334	4.739337e-07	1.833357e-06	1.298635e-06	890
297590	4.740710e-07	1.833370e-06	1.298567e-06	890
770492	5.712219e-07	1.833372e-06	1.261653e-06	6010
305846	4.742084e-07	1.833383e-06	1.298499e-06	890
778748	5.713540e-07	1.833388e-06	1.261571e-06	6010
314102	4.743458e-07	1.833395e-06	1.298431e-06	890
787004	5.714861e-07	1.833403e-06	1.261488e-06	6010
322358	4.744832e-07	1.833408e-06	1.298362e-06	890
795260	5.716182e-07	1.833418e-06	1.261406e-06	6010
330614	4.746205e-07	1.833421e-06	1.298294e-06	890
338870	4.747579e-07	1.833434e-06	1.298226e-06	890
803516	5.717502e-07	1.833434e-06	1.261324e-06	6010
347126	4.748952e-07	1.833446e-06	1.298158e-06	890
811772	5.718823e-07	1.833449e-06	1.261242e-06	6010
355382	4.750326e-07	1.833459e-06	1.298090e-06	890
820028	5.720143e-07	1.833464e-06	1.261160e-06	6010
363638	4.751699e-07	1.833472e-06	1.298021e-06	890
828284	5.721463e-07	1.833480e-06	1.261078e-06	6010
371894	4.753072e-07	1.833485e-06	1.297953e-06	890
836540	5.722783e-07	1.833495e-06	1.260995e-06	6010
380150	4.754445e-07	1.833497e-06	1.297885e-06	890
388406	4.755817e-07	1.833510e-06	1.297816e-06	890
844796	5.724103e-07	1.833510e-06	1.260913e-06	6010
396662	4.757190e-07	1.833523e-06	1.297748e-06	890
853052	5.725423e-07	1.833526e-06	1.260831e-06	6010
404918	4.758563e-07	1.833536e-06	1.297679e-06	890
861308	5.726743e-07	1.833541e-06	1.260749e-06	6010
413174	4.759935e-07	1.833548e-06	1.297611e-06	890
869564	5.728062e-07	1.833556e-06	1.260666e-06	6010
421430	4.761308e-07	1.833561e-06	1.297543e-06	890
877820	5.729382e-07	1.833572e-06	1.260584e-06	6010
429686	4.762680e-07	1.833574e-06	1.297474e-06	890
437942	4.764053e-07	1.833587e-06	1.297406e-06	890
886076	5.730701e-07	1.833587e-06	1.260502e-06	6010
446198	4.765425e-07	1.833600e-06	1.297337e-06	890
894332	5.732020e-07	1.833603e-06	1.260419e-06	6010
454454	4.766797e-07	1.833612e-06	1.297269e-06	890
902588	5.733339e-07	1.833618e-06	1.260337e-06	6010
462710	4.768169e-07	1.833625e-06	1.297200e-06	890
910844	5.734658e-07	1.833633e-06	1.260255e-06	6010
470966	4.769540e-07	1.833638e-06	1.297132e-06	890
919100	5.735977e-07	1.833649e-06	1.260172e-06	6010
479222	4.770912e-07	1.833651e-06	1.297063e-06	890
487478	4.772284e-07	1.833664e-06	1.296995e-06	890
927356	5.737296e-07	1.833664e-06	1.260090e-06	6010
495734	4.773656e-07	1.833677e-06	1.296926e-06	890
935612	5.738614e-07	1.833679e-06	1.260007e-06	6010
503990	4.775027e-07	1.833689e-06	1.296857e-06	890
943868	5.739933e-07	1.833695e-06	1.259925e-06	6010
512246	4.776398e-07	1.833702e-06	1.296789e-06	890
952124	5.741251e-07	1.833710e-06	1.259843e-06	6010
520502	4.777770e-07	1.833715e-06	1.296720e-06	890
960380	5.742569e-07	1.833726e-06	1.259760e-06	6010
528758	4.779141e-07	1.833728e-06	1.296651e-06	890
537014	4.780512e-07	1.833741e-06	1.296583e-06	890
968636	5.743888e-07	1.833741e-06	1.259677e-06	6010
545270	4.781883e-07	1.833754e-06	1.296514e-06	890
976892	5.745206e-07	1.833756e-06	1.259595e-06	6010
553526	4.783253e-07	1.833766e-06	1.296445e-06	890
985148	5.746523e-07	1.833772e-06	1.259512e-06	6010
561782	4.784624e-07	1.833779e-06	1.296376e-06	890
993404	5.747841e-07	1.833787e-06	1.259430e-06	6010
570038	4.785995e-07	1.833792e-06	1.296308e-06	890
1001660	5.749159e-07	1.833803e-06	1.259347e-06	6010
578294	4.787365e-07	1.833805e-06	1.296239e-06	890
586550	4.788736e-07	1.833818e-06	1.296170e-06	890
1009916	5.750476e-07	1.833818e-06	1.259265e-06	6010
594806	4.790106e-07	1.833831e-06	1.296101e-06	890
1018172	5.751794e-07	1.833833e-06	1.259182e-06	6010
603062	4.791476e-07	1.833844e-06	1.296032e-06	890
1026428	5.753111e-07	1.833849e-06	1.259099e-06	6010
611318	4.792846e-07	1.833856e-06	1.295963e-06	890
1034684	5.754428e-07	1.833864e-06	1.259017e-06	6010
619574	4.794217e-07	1.833869e-06	1.295895e-06	890
1042940	5.755745e-07	1.833880e-06	1.258934e-06	6010
627830	4.795587e-07	1.833882e-06	1.295826e-06	890
636086	4.796956e-07	1.833895e-06	1.295757e-06	890
1051196	5.757062e-07	1.833895e-06	1.258851e-06	6010
644342	4.798326e-07	1.833908e-06	1.295688e-06	890
1059452	5.758379e-07	1.833911e-06	1.258769e-06	6010
652598	4.799695e-07	1.833921e-06	1.295619e-06	890
1067708	5.759696e-07	1.833926e-06	1.258686e-06	6010
660854	4.801065e-07	1.833934e-06	1.295550e-06	890
1075964	5.761012e-07	1.833942e-06	1.258603e-06	6010
669110	4.802434e-07	1.833947e-06	1.295481e-06	890
1084220	5.762329e-07	1.833957e-06	1.258520e-06	6010
677366	4.803804e-07	1.833960e-06	1.295412e-06	890
1092476	5.763645e-07	1.833972e-06	1.258438e-06	6010
685622	4.805173e-07	1.833972e-06	1.295343e-06	890
693878	4.806542e-07	1.833985e-06	1.295274e-06	890
1100732	5.764961e-07	1.833988e-06	1.258355e-06	6010
702134	4.807911e-07	1.833998e-06	1.295205e-06	890
1108988	5.766277e-07	1.834003e-06	1.258272e-06	6010
710390	4.809280e-07	1.834011e-06	1.295135e-06	890
1117244	5.767593e-07	1.834019e-06	1.258189e-06	6010
718646	4.810648e-07	1.834024e-06	1.295066e-06	890
1125500	5.768909e-07	1.834034e-06	1.258106e-06	6010
726902	4.812017e-07	1.834037e-06	1.294997e-06	890
1133756	5.770224e-07	1.834050e-06	1.258023e-06	6010
735158	4.813386e-07	1.834050e-06	1.294928e-06	890
743414	4.814754e-07	1.834063e-06	1.294859e-06	890
1142012	5.771540e-07	1.834065e-06	1.257940e-06	6010
751670	4.816123e-07	1.834076e-06	1.294790e-06	890
1150268	5.772856e-07	1.834081e-06	1.257857e-06	6010
759926	4.817491e-07	1.834089e-06	1.294720e-06	890
768182	4.818859e-07	1.834102e-06	1.294651e-06	890
776438	4.820227e-07	1.834115e-06	1.294582e-06	890
784694	4.821595e-07	1.834128e-06	1.294513e-06	890
792950	4.822963e-07	1.834141e-06	1.294443e-06	890
801206	4.824331e-07	1.834154e-06	1.294374e-06	890
809462	4.825698e-07	1.834166e-06	1.294305e-06	890
817718	4.827066e-07	1.834179e-06	1.294235e-06	890
825974	4.828433e-07	1.834192e-06	1.294166e-06	890
834230	4.829801e-07	1.834205e-06	1.294096e-06	890
842486	4.831168e-07	1.834218e-06	1.294027e-06	890
850742	4.832535e-07	1.834231e-06	1.293958e-06	890
858998	4.833902e-07	1.834244e-06	1.293888e-06	890
867254	4.835269e-07	1.834257e-06	1.293819e-06	890
875510	4.836636e-07	1.834270e-06	1.293749e-06	890
883766	4.838002e-07	1.834283e-06	1.293680e-06	890
892022	4.839369e-07	1.834296e-06	1.293610e-06	890
900278	4.840736e-07	1.834309e-06	1.293540e-06	890
908534	4.842102e-07	1.834322e-06	1.293471e-06	890
916790	4.843469e-07	1.834335e-06	1.293401e-06	890
925046	4.844835e-07	1.834348e-06	1.293332e-06	890
933302	4.846201e-07	1.834361e-06	1.293262e-06	890
941558	4.847567e-07	1.834374e-06	1.293192e-06	890
949814	4.848933e-07	1.834387e-06	1.293123e-06	890
958070	4.850298e-07	1.834400e-06	1.293053e-06	890
966326	4.851664e-07	1.834413e-06	1.292983e-06	890
974582	4.853030e-07	1.834426e-06	1.292914e-06	890
982838	4.854395e-07	1.834439e-06	1.292844e-06	890
991094	4.855760e-07	1.834453e-06	1.292774e-06	890
999350	4.857126e-07	1.834465e-06	1.292704e-06	890
1007606	4.858491e-07	1.834479e-06	1.292634e-06	890
1015862	4.859856e-07	1.834492e-06	1.292565e-06	890
1024118	4.861221e-07	1.834505e-06	1.292495e-06	890
1032374	4.862586e-07	1.834518e-06	1.292425e-06	890
1040630	4.863951e-07	1.834531e-06	1.292355e-06	890
1048886	4.865315e-07	1.834544e-06	1.292285e-06	890
1057142	4.866680e-07	1.834557e-06	1.292215e-06	890
1065398	4.868044e-07	1.834570e-06	1.292145e-06	890
1073654	4.869408e-07	1.834583e-06	1.292075e-06	890
1081910	4.870773e-07	1.834596e-06	1.292005e-06	890
1090166	4.872137e-07	1.834609e-06	1.291935e-06	890
1098422	4.873501e-07	1.834622e-06	1.291865e-06	890
1106678	4.874865e-07	1.834635e-06	1.291795e-06	890
1114934	4.876229e-07	1.834649e-06	1.291725e-06	890
1123190	4.877593e-07	1.834662e-06	1.291655e-06	890
1131446	4.878956e-07	1.834675e-06	1.291585e-06	890
1139702	4.880320e-07	1.834688e-06	1.291515e-06	890
1147958	4.881683e-07	1.834701e-06	1.291445e-06	890
2789	5.891532e-07	1.836108e-06	1.261835e-06	6266
11045	5.892852e-07	1.836124e-06	1.261751e-06	6266
19301	5.894173e-07	1.836140e-06	1.261666e-06	6266
27557	5.895493e-07	1.836156e-06	1.261581e-06	6266
35813	5.896813e-07	1.836171e-06	1.261497e-06	6266
44069	5.898133e-07	1.836187e-06	1.261412e-06	6266
52325	5.899453e-07	1.836203e-06	1.261327e-06	6266
60581	5.900773e-07	1.836219e-06	1.261242e-06	6266
68837	5.902092e-07	1.836235e-06	1.261158e-06	6266
77093	5.903411e-07	1.836250e-06	1.261073e-06	6266
85349	5.904731e-07	1.836266e-06	1.260988e-06	6266
93605	5.906050e-07	1.836282e-06	1.260903e-06	6266
101861	5.907369e-07	1.836298e-06	1.260818e-06	6266
110117	5.908688e-07	1.836314e-06	1.260733e-06	6266
118373	5.910007e-07	1.836330e-06	1.260649e-06	6266
126629	5.911326e-07	1.836345e-06	1.260564e-06	6266
134885	5.912644e-07	1.836361e-06	1.260479e-06	6266
143141	5.913963e-07	1.836377e-06	1.260394e-06	6266
151397	5.915281e-07	1.836393e-06	1.260309e-06	6266
159653	5.916599e-07	1.836409e-06	1.260224e-06	6266
167909	5.917917e-07	1.836425e-06	1.260139e-06	6266
176165	5.919235e-07	1.836441e-06	1.260054e-06	6266
184421	5.920553e-07	1.836456e-06	1.259969e-06	6266
192677	5.921871e-07	1.836472e-06	1.259884e-06	6266
200933	5.923188e-07	1.836488e-06	1.259799e-06	6266
209189	5.924505e-07	1.836504e-06	1.259713e-06	6266
217445	5.925823e-07	1.836520e-06	1.259628e-06	6266
225701	5.927140e-07	1.836536e-06	1.259543e-06	6266
233957	5.928457e-07	1.836552e-06	1.259458e-06	6266
242213	5.929774e-07	1.836568e-06	1.259373e-06	6266
250469	5.931091e-07	1.836584e-06	1.259288e-06	6266
258725	5.932408e-07	1.836599e-06	1.259202e-06	6266
266981	5.933724e-07	1.836615e-06	1.259117e-06	6266
275237	5.935041e-07	1.836631e-06	1.259032e-06	6266
283493	5.936357e-07	1.836647e-06	1.258947e-06	6266
291749	5.937673e-07	1.836663e-06	1.258861e-06	6266
300005	5.938989e-07	1.836679e-06	1.258776e-06	6266
308261	5.940305e-07	1.836695e-06	1.258691e-06	6266
316517	5.941621e-07	1.836711e-06	1.258605e-06	6266
324773	5.942936e-07	1.836727e-06	1.258520e-06	6266
333029	5.944252e-07	1.836743e-06	1.258435e-06	6266
341285	5.945568e-07	1.836759e-06	1.258349e-06	6266
349541	5.946883e-07	1.836775e-06	1.258264e-06	6266
357797	5.948198e-07	1.836791e-06	1.258178e-06	6266
366053	5.949513e-07	1.836807e-06	1.258093e-06	6266
374309	5.950828e-07	1.836822e-06	1.258007e-06	6266
382565	5.952143e-07	1.836838e-06	1.257922e-06	6266
390821	5.953457e-07	1.836854e-06	1.257836e-06	6266
399077	5.954772e-07	1.836870e-06	1.257751e-06	6266
407333	5.956086e-07	1.836886e-06	1.257665e-06	6266
415589	5.957401e-07	1.836902e-06	1.257580e-06	6266
423845	5.958715e-07	1.836918e-06	1.257494e-06	6266
432101	5.960028e-07	1.836934e-06	1.257408e-06	6266
440357	5.961343e-07	1.836950e-06	1.257323e-06	6266
448613	5.962656e-07	1.836966e-06	1.257237e-06	6266
456869	5.963970e-07	1.836982e-06	1.257152e-06	6266
465125	5.965284e-07	1.836998e-06	1.257066e-06	6266
473381	5.966597e-07	1.837014e-06	1.256980e-06	6266
481637	5.967910e-07	1.837030e-06	1.256895e-06	6266
489893	5.969223e-07	1.837046e-06	1.256809e-06	6266
498149	5.970536e-07	1.837062e-06	1.256723e-06	6266
506405	5.971849e-07	1.837078e-06	1.256637e-06	6266
514661	5.973162e-07	1.837094e-06	1.256551e-06	6266
522917	5.974475e-07	1.837110e-06	1.256466e-06	6266
531173	5.975787e-07	1.837126e-06	1.256380e-06	6266
539429	5.977099e-07	1.837142e-06	1.256294e-06	6266
547685	5.978412e-07	1.837158e-06	1.256208e-06	6266
555941	5.979724e-07	1.837174e-06	1.256122e-06	6266
564197	5.981036e-07	1.837190e-06	1.256036e-06	6266
572453	5.982347e-07	1.837206e-06	1.255950e-06	6266
580709	5.983659e-07	1.837222e-06	1.255864e-06	6266
588965	5.984971e-07	1.837238e-06	1.255778e-06	6266
597221	5.986282e-07	1.837254e-06	1.255692e-06	6266
605477	5.987594e-07	1.837270e-06	1.255606e-06	6266
613733	5.988905e-07	1.837287e-06	1.255520e-06	6266
621989	5.990216e-07	1.837303e-06	1.255434e-06	6266
630245	5.991527e-07	1.837319e-06	1.255348e-06	6266
638501	5.992838e-07	1.837335e-06	1.255262e-06	6266
646757	5.994149e-07	1.837351e-06	1.255176e-06	6266
655013	5.995459e-07	1.837367e-06	1.255090e-06	6266
663269	5.996770e-07	1.837383e-06	1.255004e-06	6266
671525	5.998080e-07	1.837399e-06	1.254918e-06	6266
679781	5.999390e-07	1.837415e-06	1.254831e-06	6266
688037	6.000700e-07	1.837431e-06	1.254745e-06	6266
696293	6.002010e-07	1.837447e-06	1.254659e-06	6266
704549	6.003320e-07	1.837463e-06	1.254573e-06	6266
712805	6.004630e-07	1.837479e-06	1.254487e-06	6266
721061	6.005939e-07	1.837496e-06	1.254400e-06	6266
729317	6.007249e-07	1.837512e-06	1.254314e-06	6266
737573	6.008558e-07	1.837528e-06	1.254228e-06	6266
745829	6.009867e-07	1.837544e-06	1.254141e-06	6266
754085	6.011176e-07	1.837560e-06	1.254055e-06	6266
762341	6.012485e-07	1.837576e-06	1.253969e-06	6266
770597	6.013794e-07	1.837592e-06	1.253882e-06	6266
778853	6.015102e-07	1.837608e-06	1.253796e-06	6266
787109	6.016411e-07	1.837624e-06	1.253709e-06	6266
795365	6.017719e-07	1.837641e-06	1.253623e-06	6266
803621	6.019028e-07	1.837657e-06	1.253536e-06	6266
811877	6.020336e-07	1.837673e-06	1.253450e-06	6266
820133	6.021644e-07	1.837689e-06	1.253364e-06	6266
828389	6.022952e-07	1.837705e-06	1.253277e-06	6266
836645	6.024260e-07	1.837721e-06	1.253190e-06	6266
844901	6.025567e-07	1.837737e-06	1.253104e-06	6266
853157	6.026875e-07	1.837754e-06	1.253017e-06	6266
861413	6.028182e-07	1.837770e-06	1.252931e-06	6266
869669	6.029489e-07	1.837786e-06	1.252844e-06	6266
877925	6.030796e-07	1.837802e-06	1.252758e-06	6266
886181	6.032104e-07	1.837818e-06	1.252671e-06	6266
894437	6.033411e-07	1.837834e-06	1.252584e-06	6266
902693	6.034717e-07	1.837851e-06	1.252498e-06	6266
910949	6.036024e-07	1.837867e-06	1.252411e-06	6266
919205	6.037330e-07	1.837883e-06	1.252324e-06	6266
927461	6.038637e-07	1.837899e-06	1.252237e-06	6266
935717	6.039943e-07	1.837915e-06	1.252151e-06	6266
943973	6.041249e-07	1.837932e-06	1.252064e-06	6266
952229	6.042555e-07	1.837948e-06	1.251977e-06	6266
960485	6.043861e-07	1.837964e-06	1.251890e-06	6266
968741	6.045166e-07	1.837980e-06	1.251803e-06	6266
976997	6.046472e-07	1.837996e-06	1.251717e-06	6266
985253	6.047777e-07	1.838013e-06	1.251630e-06	6266
993509	6.049083e-07	1.838029e-06	1.251543e-06	6266
1001765	6.050388e-07	1.838045e-06	1.251456e-06	6266
1010021	6.051693e-07	1.838061e-06	1.251369e-06	6266
1018277	6.052998e-07	1.838077e-06	1.251282e-06	6266
1026533	6.054303e-07	1.838094e-06	1.251195e-06	6266
1034789	6.055607e-07	1.838110e-06	1.251108e-06	6266
1043045	6.056912e-07	1.838126e-06	1.251021e-06	6266
1051301	6.058216e-07	1.838142e-06	1.250934e-06	6266
1059557	6.059520e-07	1.838159e-06	1.250847e-06	6266
1067813	6.060825e-07	1.838175e-06	1.250760e-06	6266
1076069	6.062129e-07	1.838191e-06	1.250673e-06	6266
1084325	6.063433e-07	1.838207e-06	1.250586e-06	6266
1092581	6.064736e-07	1.838224e-06	1.250499e-06	6266
1100837	6.066040e-07	1.838240e-06	1.250412e-06	6266
1109093	6.067344e-07	1.838256e-06	1.250324e-06	6266
1117349	6.068647e-07	1.838272e-06	1.250237e-06	6266
1125605	6.069950e-07	1.838289e-06	1.250150e-06	6266
1133861	6.071253e-07	1.838305e-06	1.250063e-06	6266
1142117	6.072556e-07	1.838321e-06	1.249976e-06	6266
1150373	6.073859e-07	1.838337e-06	1.249888e-06	6266
3398	6.781429e-07	1.839109e-06	1.233306e-06	7802
11654	6.782707e-07	1.839127e-06	1.233209e-06	7802
19910	6.783986e-07	1.839145e-06	1.233111e-06	7802
28166	6.785265e-07	1.839163e-06	1.233014e-06	7802
36422	6.786543e-07	1.839182e-06	1.232916e-06	7802
44678	6.787821e-07	1.839200e-06	1.232819e-06	7802
52934	6.789099e-07	1.839218e-06	1.232721e-06	7802
61190	6.790377e-07	1.839236e-06	1.232624e-06	7802
69446	6.791655e-07	1.839254e-06	1.232526e-06	7802
77702	6.792932e-07	1.839272e-06	1.232429e-06	7802
85958	6.794210e-07	1.839291e-06	1.232331e-06	7802
94214	6.795487e-07	1.839309e-06	1.232233e-06	7802
102470	6.796764e-07	1.839327e-06	1.232136e-06	7802
110726	6.798041e-07	1.839345e-06	1.232038e-06	7802
118982	6.799318e-07	1.839364e-06	1.231940e-06	7802
127238	6.800595e-07	1.839382e-06	1.231843e-06	7802
135494	6.801872e-07	1.839400e-06	1.231745e-06	7802
143750	6.803148e-07	1.839418e-06	1.231647e-06	7802
152006	6.804424e-07	1.839436e-06	1.231550e-06	7802
160262	6.805701e-07	1.839455e-06	1.231452e-06	7802
168518	6.806976e-07	1.839473e-06	1.231354e-06	7802
176774	6.808252e-07	1.839491e-06	1.231256e-06	7802
185030	6.809528e-07	1.839509e-06	1.231159e-06	7802
193286	6.810803e-07	1.839528e-06	1.231061e-06	7802
201542	6.812079e-07	1.839546e-06	1.230963e-06	7802
209798	6.813354e-07	1.839564e-06	1.230865e-06	7802
218054	6.814630e-07	1.839582e-06	1.230767e-06	7802
226310	6.815904e-07	1.839601e-06	1.230669e-06	7802
234566	6.817179e-07	1.839619e-06	1.230571e-06	7802
242822	6.818454e-07	1.839637e-06	1.230474e-06	7802
251078	6.819728e-07	1.839655e-06	1.230376e-06	7802
259334	6.821003e-07	1.839674e-06	1.230278e-06	7802
267590	6.822277e-07	1.839692e-06	1.230180e-06	7802
275846	6.823551e-07	1.839710e-06	1.230082e-06	7802
284102	6.824825e-07	1.839728e-06	1.229984e-06	7802
292358	6.826099e-07	1.839747e-06	1.229886e-06	7802
300614	6.827373e-07	1.839765e-06	1.229788e-06	7802
308870	6.828646e-07	1.839783e-06	1.229690e-06	7802
317126	6.829919e-07	1.839802e-06	1.229591e-06	7802
325382	6.831193e-07	1.839820e-06	1.229493e-06	7802
333638	6.832466e-07	1.839838e-06	1.229395e-06	7802
341894	6.833739e-07	1.839856e-06	1.229297e-06	7802
350150	6.835011e-07	1.839875e-06	1.229199e-06	7802
358406	6.836284e-07	1.839893e-06	1.229101e-06	7802
366662	6.837557e-07	1.839911e-06	1.229003e-06	7802
374918	6.838829e-07	1.839930e-06	1.228904e-06	7802
383174	6.840101e-07	1.839948e-06	1.228806e-06	7802
391430	6.841373e-07	1.839966e-06	1.228708e-06	7802
399686	6.842645e-07	1.839985e-06	1.228610e-06	7802
407942	6.843917e-07	1.840003e-06	1.228511e-06	7802
416198	6.845189e-07	1.840021e-06	1.228413e-06	7802
424454	6.846460e-07	1.840040e-06	1.228315e-06	7802
432710	6.847732e-07	1.840058e-06	1.228216e-06	7802
440966	6.849003e-07	1.840076e-06	1.228118e-06	7802
449222	6.850274e-07	1.840095e-06	1.228020e-06	7802
457478	6.851545e-07	1.840113e-06	1.227921e-06	7802
465734	6.852815e-07	1.840131e-06	1.227823e-06	7802
473990	6.854086e-07	1.840150e-06	1.227724e-06	7802
482246	6.855357e-07	1.840168e-06	1.227626e-06	7802
490502	6.856627e-07	1.840186e-06	1.227527e-06	7802
498758	6.857897e-07	1.840205e-06	1.227429e-06	7802
507014	6.859167e-07	1.840223e-06	1.227330e-06	7802
515270	6.860437e-07	1.840241e-06	1.227232e-06	7802
523526	6.861707e-07	1.840260e-06	1.227133e-06	7802
531782	6.862976e-07	1.840278e-06	1.227035e-06	7802
540038	6.864246e-07	1.840297e-06	1.226936e-06	7802
548294	6.865515e-07	1.840315e-06	1.226838e-06	7802
556550	6.866784e-07	1.840333e-06	1.226739e-06	7802
564806	6.868053e-07	1.840352e-06	1.226640e-06	7802
573062	6.869322e-07	1.840370e-06	1.226542e-06	7802
581318	6.870591e-07	1.840389e-06	1.226443e-06	7802
589574	6.871859e-07	1.840407e-06	1.226344e-06	7802
597830	6.873128e-07	1.840425e-06	1.226246e-06	7802
606086	6.874396e-07	1.840444e-06	1.226147e-06	7802
614342	6.875664e-07	1.840462e-06	1.226048e-06	7802
622598	6.876932e-07	1.840481e-06	1.225949e-06	7802
630854	6.878200e-07	1.840499e-06	1.225851e-06	7802
639110	6.879467e-07	1.840517e-06	1.225752e-06	7802
647366	6.880735e-07	1.840536e-06	1.225653e-06	7802
655622	6.882003e-07	1.840554e-06	1.225554e-06	7802
663878	6.883270e-07	1.840573e-06	1.225455e-06	7802
672134	6.884537e-07	1.840591e-06	1.225357e-06	7802
680390	6.885804e-07	1.840610e-06	1.225258e-06	7802
688646	6.887071e-07	1.840628e-06	1.225159e-06	7802
696902	6.888337e-07	1.840647e-06	1.225060e-06	7802
705158	6.889604e-07	1.840665e-06	1.224961e-06	7802
713414	6.890870e-07	1.840683e-06	1.224862e-06	7802
721670	6.892136e-07	1.840702e-06	1.224763e-06	7802
729926	6.893403e-07	1.840720e-06	1.224664e-06	7802
738182	6.894668e-07	1.840739e-06	1.224565e-06	7802
746438	6.895934e-07	1.840757e-06	1.224466e-06	7802
754694	6.897200e-07	1.840776e-06	1.224367e-06	7802
762950	6.898465e-07	1.840794e-06	1.224268e-06	7802
771206	6.899730e-07	1.840813e-06	1.224169e-06	7802
779462	6.900996e-07	1.840831e-06	1.224069e-06	7802
787718	6.902260e-07	1.840850e-06	1.223970e-06	7802
795974	6.903526e-07	1.840868e-06	1.223871e-06	7802
804230	6.904791e-07	1.840887e-06	1.223772e-06	7802
812486	6.906055e-07	1.840905e-06	1.223673e-06	7802
820742	6.907320e-07	1.840924e-06	1.223574e-06	7802
828998	6.908584e-07	1.840942e-06	1.223474e-06	7802
837254	6.909848e-07	1.840961e-06	1.223375e-06	7802
845510	6.911112e-07	1.840979e-06	1.223276e-06	7802
853766	6.912376e-07	1.840998e-06	1.223177e-06	7802
862022	6.913639e-07	1.841016e-06	1.223077e-06	7802
870278	6.914903e-07	1.841035e-06	1.222978e-06	7802
878534	6.916167e-07	1.841053e-06	1.222879e-06	7802
886790	6.917430e-07	1.841072e-06	1.222779e-06	7802
895046	6.918693e-07	1.841090e-06	1.222680e-06	7802
903302	6.919956e-07	1.841109e-06	1.222581e-06	7802
911558	6.921219e-07	1.841127e-06	1.222481e-06	7802
919814	6.922481e-07	1.841146e-06	1.222382e-06	7802
928070	6.923744e-07	1.841164e-06	1.222283e-06	7802
936326	6.925006e-07	1.841183e-06	1.222183e-06	7802
944582	6.926268e-07	1.841201e-06	1.222084e-06	7802
952838	6.927531e-07	1.841220e-06	1.221984e-06	7802
961094	6.928793e-07	1.841238e-06	1.221885e-06	7802
969350	6.930055e-07	1.841257e-06	1.221785e-06	7802
977606	6.931316e-07	1.841276e-06	1.221686e-06	7802
985862	6.932577e-07	1.841294e-06	1.221586e-06	7802
994118	6.933839e-07	1.841313e-06	1.221486e-06	7802
1002374	6.935100e-07	1.841331e-06	1.221387e-06	7802
1010630	6.936361e-07	1.841350e-06	1.221287e-06	7802
1018886	6.937622e-07	1.841368e-06	1.221188e-06	7802
1027142	6.938883e-07	1.841387e-06	1.221088e-06	7802
1035398	6.940143e-07	1.841406e-06	1.220988e-06	7802
1043654	6.941404e-07	1.841424e-06	1.220889e-06	7802
1051910	6.942664e-07	1.841443e-06	1.220789e-06	7802
1060166	6.943924e-07	1.841461e-06	1.220689e-06	7802
1068422	6.945185e-07	1.841480e-06	1.220589e-06	7802
1076678	6.946444e-07	1.841499e-06	1.220490e-06	7802
1084934	6.947704e-07	1.841517e-06	1.220390e-06	7802
1093190	6.948964e-07	1.841536e-06	1.220290e-06	7802
1101446	6.950223e-07	1.841554e-06	1.220190e-06	7802
1109702	6.951482e-07	1.841573e-06	1.220090e-06	7802
1117958	6.952741e-07	1.841592e-06	1.219991e-06	7802
1126214	6.954000e-07	1.841610e-06	1.219891e-06	7802
1134470	6.955260e-07	1.841629e-06	1.219791e-06	7802
1142726	6.956518e-07	1.841648e-06	1.219691e-06	7802
1150982	6.957777e-07	1.841666e-06	1.219591e-06	7802
248	4.490023e-07	1.842864e-06	1.315570e-06	634
8504	4.491419e-07	1.842876e-06	1.315506e-06	634
16760	4.492814e-07	1.842888e-06	1.315441e-06	634
25016	4.494210e-07	1.842900e-06	1.315377e-06	634
33272	4.495605e-07	1.842912e-06	1.315312e-06	634
41528	4.497001e-07	1.842924e-06	1.315248e-06	634
49784	4.498396e-07	1.842936e-06	1.315183e-06	634
58040	4.499791e-07	1.842948e-06	1.315118e-06	634
66296	4.501186e-07	1.842960e-06	1.315054e-06	634
74552	4.502581e-07	1.842972e-06	1.314989e-06	634
82808	4.503976e-07	1.842984e-06	1.314924e-06	634
91064	4.505371e-07	1.842996e-06	1.314859e-06	634
99320	4.506765e-07	1.843009e-06	1.314795e-06	634
107576	4.508160e-07	1.843021e-06	1.314730e-06	634
115832	4.509554e-07	1.843033e-06	1.314665e-06	634
124088	4.510949e-07	1.843045e-06	1.314600e-06	634
132344	4.512343e-07	1.843057e-06	1.314535e-06	634
140600	4.513737e-07	1.843069e-06	1.314470e-06	634
148856	4.515131e-07	1.843081e-06	1.314405e-06	634
157112	4.516525e-07	1.843093e-06	1.314341e-06	634
165368	4.517919e-07	1.843106e-06	1.314276e-06	634
173624	4.519313e-07	1.843118e-06	1.314211e-06	634
181880	4.520707e-07	1.843130e-06	1.314146e-06	634
190136	4.522100e-07	1.843142e-06	1.314081e-06	634
198392	4.523494e-07	1.843154e-06	1.314016e-06	634
206648	4.524887e-07	1.843166e-06	1.313951e-06	634
214904	4.526281e-07	1.843179e-06	1.313886e-06	634
223160	4.527674e-07	1.843191e-06	1.313820e-06	634
231416	4.529067e-07	1.843203e-06	1.313755e-06	634
239672	4.530460e-07	1.843215e-06	1.313690e-06	634
247928	4.531853e-07	1.843227e-06	1.313625e-06	634
256184	4.533246e-07	1.843239e-06	1.313560e-06	634
264440	4.534639e-07	1.843252e-06	1.313495e-06	634
272696	4.536031e-07	1.843264e-06	1.313430e-06	634
280952	4.537424e-07	1.843276e-06	1.313364e-06	634
289208	4.538816e-07	1.843288e-06	1.313299e-06	634
297464	4.540209e-07	1.843300e-06	1.313234e-06	634
305720	4.541601e-07	1.843313e-06	1.313169e-06	634
313976	4.542993e-07	1.843325e-06	1.313103e-06	634
322232	4.544385e-07	1.843337e-06	1.313038e-06	634
330488	4.545777e-07	1.843349e-06	1.312973e-06	634
338744	4.547169e-07	1.843361e-06	1.312907e-06	634
347000	4.548561e-07	1.843374e-06	1.312842e-06	634
355256	4.549952e-07	1.843386e-06	1.312777e-06	634
363512	4.551344e-07	1.843398e-06	1.312711e-06	634
371768	4.552736e-07	1.843410e-06	1.312646e-06	634
380024	4.554127e-07	1.843423e-06	1.312580e-06	634
388280	4.555518e-07	1.843435e-06	1.312515e-06	634
396536	4.556910e-07	1.843447e-06	1.312449e-06	634
404792	4.558300e-07	1.843459e-06	1.312384e-06	634
413048	4.559691e-07	1.843472e-06	1.312318e-06	634
421304	4.561082e-07	1.843484e-06	1.312253e-06	634
429560	4.562473e-07	1.843496e-06	1.312187e-06	634
437816	4.563864e-07	1.843508e-06	1.312122e-06	634
446072	4.565255e-07	1.843521e-06	1.312056e-06	634
454328	4.566645e-07	1.843533e-06	1.311990e-06	634
462584	4.568035e-07	1.843545e-06	1.311925e-06	634
470840	4.569426e-07	1.843557e-06	1.311859e-06	634
479096	4.570816e-07	1.843570e-06	1.311793e-06	634
487352	4.572206e-07	1.843582e-06	1.311728e-06	634
495608	4.573596e-07	1.843594e-06	1.311662e-06	634
503864	4.574986e-07	1.843607e-06	1.311596e-06	634
512120	4.576376e-07	1.843619e-06	1.311530e-06	634
520376	4.577766e-07	1.843631e-06	1.311465e-06	634
528632	4.579155e-07	1.843643e-06	1.311399e-06	634
536888	4.580545e-07	1.843656e-06	1.311333e-06	634
545144	4.581934e-07	1.843668e-06	1.311267e-06	634
553400	4.583324e-07	1.843680e-06	1.311201e-06	634
561656	4.584713e-07	1.843693e-06	1.311135e-06	634
569912	4.586102e-07	1.843705e-06	1.311069e-06	634
578168	4.587491e-07	1.843717e-06	1.311003e-06	634
586424	4.588880e-07	1.843730e-06	1.310937e-06	634
594680	4.590269e-07	1.843742e-06	1.310872e-06	634
602936	4.591658e-07	1.843754e-06	1.310805e-06	634
611192	4.593046e-07	1.843767e-06	1.310740e-06	634
619448	4.594435e-07	1.843779e-06	1.310673e-06	634
627704	4.595823e-07	1.843791e-06	1.310607e-06	634
635960	4.597212e-07	1.843804e-06	1.310541e-06	634
644216	4.598600e-07	1.843816e-06	1.310475e-06	634
652472	4.599988e-07	1.843828e-06	1.310409e-06	634
660728	4.601376e-07	1.843841e-06	1.310343e-06	634
668984	4.602764e-07	1.843853e-06	1.310277e-06	634
677240	4.604152e-07	1.843866e-06	1.310211e-06	634
685496	4.605540e-07	1.843878e-06	1.310145e-06	634
693752	4.606927e-07	1.843890e-06	1.310078e-06	634
702008	4.608315e-07	1.843903e-06	1.310012e-06	634
710264	4.609703e-07	1.843915e-06	1.309946e-06	634
718520	4.611090e-07	1.843928e-06	1.309880e-06	634
726776	4.612477e-07	1.843940e-06	1.309813e-06	634
735032	4.613864e-07	1.843952e-06	1.309747e-06	634
743288	4.615252e-07	1.843965e-06	1.309681e-06	634
751544	4.616639e-07	1.843977e-06	1.309614e-06	634
759800	4.618026e-07	1.843989e-06	1.309548e-06	634
768056	4.619412e-07	1.844002e-06	1.309481e-06	634
776312	4.620799e-07	1.844014e-06	1.309415e-06	634
784568	4.622186e-07	1.844027e-06	1.309349e-06	634
792824	4.623572e-07	1.844039e-06	1.309282e-06	634
801080	4.624958e-07	1.844052e-06	1.309216e-06	634
809336	4.626345e-07	1.844064e-06	1.309149e-06	634
817592	4.627731e-07	1.844076e-06	1.309083e-06	634
825848	4.629117e-07	1.844089e-06	1.309016e-06	634
834104	4.630503e-07	1.844101e-06	1.308950e-06	634
842360	4.631889e-07	1.844114e-06	1.308883e-06	634
850616	4.633275e-07	1.844126e-06	1.308817e-06	634
858872	4.634661e-07	1.844139e-06	1.308750e-06	634
867128	4.636046e-07	1.844151e-06	1.308683e-06	634
875384	4.637432e-07	1.844164e-06	1.308617e-06	634
883640	4.638817e-07	1.844176e-06	1.308550e-06	634
891896	4.640202e-07	1.844189e-06	1.308483e-06	634
900152	4.641587e-07	1.844201e-06	1.308417e-06	634
908408	4.642973e-07	1.844213e-06	1.308350e-06	634
916664	4.644358e-07	1.844226e-06	1.308283e-06	634
924920	4.645743e-07	1.844238e-06	1.308216e-06	634
933176	4.647127e-07	1.844251e-06	1.308150e-06	634
941432	4.648512e-07	1.844263e-06	1.308083e-06	634
949688	4.649897e-07	1.844276e-06	1.308016e-06	634
957944	4.651281e-07	1.844288e-06	1.307949e-06	634
966200	4.652666e-07	1.844301e-06	1.307882e-06	634
974456	4.654050e-07	1.844313e-06	1.307815e-06	634
982712	4.655434e-07	1.844326e-06	1.307748e-06	634
990968	4.656818e-07	1.844338e-06	1.307681e-06	634
999224	4.658202e-07	1.844351e-06	1.307615e-06	634
1007480	4.659586e-07	1.844363e-06	1.307548e-06	634
1015736	4.660970e-07	1.844376e-06	1.307481e-06	634
1023992	4.662354e-07	1.844389e-06	1.307414e-06	634
1032248	4.663737e-07	1.844401e-06	1.307347e-06	634
1040504	4.665121e-07	1.844414e-06	1.307279e-06	634
1048760	4.666504e-07	1.844426e-06	1.307212e-06	634
1057016	4.667888e-07	1.844439e-06	1.307145e-06	634
1065272	4.669271e-07	1.844451e-06	1.307078e-06	634
1073528	4.670654e-07	1.844464e-06	1.307011e-06	634
1081784	4.672037e-07	1.844476e-06	1.306944e-06	634
1090040	4.673420e-07	1.844489e-06	1.306877e-06	634
1098296	4.674803e-07	1.844501e-06	1.306810e-06	634
1106552	4.676186e-07	1.844514e-06	1.306742e-06	634
1114808	4.677568e-07	1.844527e-06	1.306675e-06	634
1123064	4.678951e-07	1.844539e-06	1.306608e-06	634
1131320	4.680333e-07	1.844552e-06	1.306541e-06	634
1139576	4.681715e-07	1.844564e-06	1.306473e-06	634
1147832	4.683098e-07	1.844577e-06	1.306406e-06	634
2893	5.367904e-07	1.850259e-06	1.291363e-06	6522
11149	5.369263e-07	1.850274e-06	1.291286e-06	6522
19405	5.370622e-07	1.850288e-06	1.291209e-06	6522
27661	5.371981e-07	1.850303e-06	1.291132e-06	6522
35917	5.373340e-07	1.850317e-06	1.291055e-06	6522
44173	5.374698e-07	1.850332e-06	1.290977e-06	6522
52429	5.376057e-07	1.850346e-06	1.290900e-06	6522
60685	5.377415e-07	1.850360e-06	1.290823e-06	6522
68941	5.378773e-07	1.850375e-06	1.290746e-06	6522
77197	5.380131e-07	1.850389e-06	1.290668e-06	6522
85453	5.381489e-07	1.850404e-06	1.290591e-06	6522
93709	5.382847e-07	1.850418e-06	1.290514e-06	6522
101965	5.384205e-07	1.850433e-06	1.290436e-06	6522
110221	5.385563e-07	1.850447e-06	1.290359e-06	6522
118477	5.386920e-07	1.850461e-06	1.290282e-06	6522
126733	5.388277e-07	1.850476e-06	1.290204e-06	6522
134989	5.389635e-07	1.850490e-06	1.290127e-06	6522
143245	5.390992e-07	1.850505e-06	1.290049e-06	6522
151501	5.392349e-07	1.850519e-06	1.289972e-06	6522
159757	5.393706e-07	1.850534e-06	1.289894e-06	6522
168013	5.395063e-07	1.850548e-06	1.289817e-06	6522
176269	5.396420e-07	1.850563e-06	1.289739e-06	6522
184525	5.397777e-07	1.850577e-06	1.289662e-06	6522
192781	5.399133e-07	1.850592e-06	1.289584e-06	6522
201037	5.400490e-07	1.850606e-06	1.289507e-06	6522
209293	5.401846e-07	1.850621e-06	1.289429e-06	6522
217549	5.403202e-07	1.850635e-06	1.289351e-06	6522
225805	5.404558e-07	1.850650e-06	1.289274e-06	6522
234061	5.405914e-07	1.850664e-06	1.289196e-06	6522
242317	5.407270e-07	1.850679e-06	1.289118e-06	6522
250573	5.408626e-07	1.850693e-06	1.289041e-06	6522
258829	5.409981e-07	1.850708e-06	1.288963e-06	6522
267085	5.411337e-07	1.850722e-06	1.288885e-06	6522
275341	5.412692e-07	1.850737e-06	1.288807e-06	6522
283597	5.414047e-07	1.850751e-06	1.288730e-06	6522
291853	5.415402e-07	1.850766e-06	1.288652e-06	6522
300109	5.416757e-07	1.850780e-06	1.288574e-06	6522
308365	5.418112e-07	1.850795e-06	1.288496e-06	6522
316621	5.419467e-07	1.850809e-06	1.288418e-06	6522
324877	5.420821e-07	1.850824e-06	1.288340e-06	6522
333133	5.422176e-07	1.850838e-06	1.288263e-06	6522
341389	5.423531e-07	1.850853e-06	1.288185e-06	6522
349645	5.424885e-07	1.850868e-06	1.288107e-06	6522
357901	5.426239e-07	1.850882e-06	1.288029e-06	6522
366157	5.427593e-07	1.850897e-06	1.287951e-06	6522
374413	5.428947e-07	1.850911e-06	1.287873e-06	6522
382669	5.430301e-07	1.850926e-06	1.287795e-06	6522
390925	5.431655e-07	1.850940e-06	1.287717e-06	6522
399181	5.433009e-07	1.850955e-06	1.287639e-06	6522
407437	5.434362e-07	1.850970e-06	1.287561e-06	6522
415693	5.435716e-07	1.850984e-06	1.287482e-06	6522
423949	5.437068e-07	1.850999e-06	1.287404e-06	6522
432205	5.438422e-07	1.851013e-06	1.287326e-06	6522
440461	5.439775e-07	1.851028e-06	1.287248e-06	6522
448717	5.441128e-07	1.851042e-06	1.287170e-06	6522
456973	5.442481e-07	1.851057e-06	1.287092e-06	6522
465229	5.443833e-07	1.851072e-06	1.287013e-06	6522
473485	5.445186e-07	1.851086e-06	1.286935e-06	6522
481741	5.446539e-07	1.851101e-06	1.286857e-06	6522
489997	5.447891e-07	1.851116e-06	1.286779e-06	6522
498253	5.449243e-07	1.851130e-06	1.286700e-06	6522
506509	5.450595e-07	1.851145e-06	1.286622e-06	6522
514765	5.451947e-07	1.851159e-06	1.286544e-06	6522
523021	5.453299e-07	1.851174e-06	1.286465e-06	6522
531277	5.454651e-07	1.851189e-06	1.286387e-06	6522
539533	5.456002e-07	1.851203e-06	1.286309e-06	6522
547789	5.457354e-07	1.851218e-06	1.286230e-06	6522
556045	5.458705e-07	1.851233e-06	1.286152e-06	6522
564301	5.460057e-07	1.851247e-06	1.286073e-06	6522
572557	5.461408e-07	1.851262e-06	1.285995e-06	6522
580813	5.462759e-07	1.851277e-06	1.285916e-06	6522
589069	5.464110e-07	1.851291e-06	1.285838e-06	6522
597325	5.465461e-07	1.851306e-06	1.285759e-06	6522
605581	5.466812e-07	1.851321e-06	1.285681e-06	6522
613837	5.468162e-07	1.851335e-06	1.285602e-06	6522
622093	5.469512e-07	1.851350e-06	1.285524e-06	6522
630349	5.470863e-07	1.851365e-06	1.285445e-06	6522
638605	5.472213e-07	1.851379e-06	1.285367e-06	6522
646861	5.473564e-07	1.851394e-06	1.285288e-06	6522
655117	5.474914e-07	1.851409e-06	1.285209e-06	6522
663373	5.476263e-07	1.851423e-06	1.285131e-06	6522
671629	5.477613e-07	1.851438e-06	1.285052e-06	6522
679885	5.478963e-07	1.851453e-06	1.284973e-06	6522
688141	5.480313e-07	1.851467e-06	1.284894e-06	6522
696397	5.481662e-07	1.851482e-06	1.284816e-06	6522
704653	5.483011e-07	1.851497e-06	1.284737e-06	6522
712909	5.484360e-07	1.851511e-06	1.284658e-06	6522
721165	5.485709e-07	1.851526e-06	1.284579e-06	6522
729421	5.487058e-07	1.851541e-06	1.284500e-06	6522
737677	5.488407e-07	1.851556e-06	1.284422e-06	6522
745933	5.489756e-07	1.851570e-06	1.284343e-06	6522
754189	5.491104e-07	1.851585e-06	1.284264e-06	6522
762445	5.492453e-07	1.851600e-06	1.284185e-06	6522
770701	5.493802e-07	1.851615e-06	1.284106e-06	6522
778957	5.495150e-07	1.851629e-06	1.284027e-06	6522
787213	5.496498e-07	1.851644e-06	1.283948e-06	6522
795469	5.497846e-07	1.851659e-06	1.283869e-06	6522
803725	5.499194e-07	1.851674e-06	1.283790e-06	6522
811981	5.500542e-07	1.851688e-06	1.283711e-06	6522
820237	5.501889e-07	1.851703e-06	1.283632e-06	6522
828493	5.503237e-07	1.851718e-06	1.283553e-06	6522
836749	5.504584e-07	1.851733e-06	1.283474e-06	6522
845005	5.505932e-07	1.851747e-06	1.283395e-06	6522
853261	5.507279e-07	1.851762e-06	1.283316e-06	6522
861517	5.508626e-07	1.851777e-06	1.283237e-06	6522
869773	5.509973e-07	1.851792e-06	1.283157e-06	6522
878029	5.511320e-07	1.851806e-06	1.283078e-06	6522
886285	5.512667e-07	1.851821e-06	1.282999e-06	6522
894541	5.514013e-07	1.851836e-06	1.282920e-06	6522
902797	5.515360e-07	1.851851e-06	1.282840e-06	6522
911053	5.516706e-07	1.851866e-06	1.282761e-06	6522
919309	5.518053e-07	1.851880e-06	1.282682e-06	6522
927565	5.519399e-07	1.851895e-06	1.282603e-06	6522
935821	5.520745e-07	1.851910e-06	1.282523e-06	6522
944077	5.522091e-07	1.851925e-06	1.282444e-06	6522
952333	5.523436e-07	1.851940e-06	1.282365e-06	6522
960589	5.524782e-07	1.851954e-06	1.282285e-06	6522
968845	5.526128e-07	1.851969e-06	1.282206e-06	6522
977101	5.527473e-07	1.851984e-06	1.282127e-06	6522
985357	5.528818e-07	1.851999e-06	1.282047e-06	6522
993613	5.530164e-07	1.852014e-06	1.281968e-06	6522
1001869	5.531509e-07	1.852029e-06	1.281888e-06	6522
1010125	5.532854e-07	1.852044e-06	1.281809e-06	6522
1018381	5.534199e-07	1.852058e-06	1.281729e-06	6522
1026637	5.535543e-07	1.852073e-06	1.281650e-06	6522
1034893	5.536888e-07	1.852088e-06	1.281570e-06	6522
1043149	5.538233e-07	1.852103e-06	1.281491e-06	6522
1051405	5.539577e-07	1.852118e-06	1.281411e-06	6522
1059661	5.540921e-07	1.852133e-06	1.281331e-06	6522
1067917	5.542265e-07	1.852148e-06	1.281252e-06	6522
1076173	5.543610e-07	1.852162e-06	1.281172e-06	6522
1084429	5.544953e-07	1.852177e-06	1.281092e-06	6522
1092685	5.546297e-07	1.852192e-06	1.281013e-06	6522
1100941	5.547641e-07	1.852207e-06	1.280933e-06	6522
1109197	5.548985e-07	1.852222e-06	1.280853e-06	6522
1117453	5.550328e-07	1.852237e-06	1.280774e-06	6522
1125709	5.551671e-07	1.852252e-06	1.280694e-06	6522
1133965	5.553014e-07	1.852267e-06	1.280614e-06	6522
1142221	5.554357e-07	1.852281e-06	1.280534e-06	6522
1150477	5.555701e-07	1.852296e-06	1.280454e-06	6522
1808	5.087640e-07	1.852632e-06	1.303024e-06	3962
10064	5.089015e-07	1.852646e-06	1.302951e-06	3962
18320	5.090390e-07	1.852659e-06	1.302877e-06	3962
26576	5.091765e-07	1.852673e-06	1.302804e-06	3962
34832	5.093140e-07	1.852687e-06	1.302731e-06	3962
43088	5.094515e-07	1.852700e-06	1.302658e-06	3962
51344	5.095889e-07	1.852714e-06	1.302585e-06	3962
59600	5.097264e-07	1.852728e-06	1.302511e-06	3962
67856	5.098638e-07	1.852741e-06	1.302438e-06	3962
76112	5.100013e-07	1.852755e-06	1.302365e-06	3962
84368	5.101386e-07	1.852769e-06	1.302292e-06	3962
92624	5.102760e-07	1.852783e-06	1.302218e-06	3962
100880	5.104134e-07	1.852796e-06	1.302145e-06	3962
109136	5.105508e-07	1.852810e-06	1.302071e-06	3962
117392	5.106882e-07	1.852824e-06	1.301998e-06	3962
125648	5.108255e-07	1.852837e-06	1.301925e-06	3962
133904	5.109629e-07	1.852851e-06	1.301851e-06	3962
142160	5.111003e-07	1.852865e-06	1.301778e-06	3962
150416	5.112376e-07	1.852879e-06	1.301704e-06	3962
158672	5.113749e-07	1.852892e-06	1.301631e-06	3962
166928	5.115122e-07	1.852906e-06	1.301557e-06	3962
175184	5.116495e-07	1.852920e-06	1.301484e-06	3962
183440	5.117868e-07	1.852933e-06	1.301410e-06	3962
191696	5.119240e-07	1.852947e-06	1.301337e-06	3962
199952	5.120613e-07	1.852961e-06	1.301263e-06	3962
208208	5.121986e-07	1.852975e-06	1.301190e-06	3962
216464	5.123358e-07	1.852988e-06	1.301116e-06	3962
224720	5.124730e-07	1.853002e-06	1.301042e-06	3962
232976	5.126103e-07	1.853016e-06	1.300969e-06	3962
241232	5.127475e-07	1.853030e-06	1.300895e-06	3962
249488	5.128846e-07	1.853043e-06	1.300821e-06	3962
257744	5.130219e-07	1.853057e-06	1.300748e-06	3962
266000	5.131590e-07	1.853071e-06	1.300674e-06	3962
274256	5.132962e-07	1.853085e-06	1.300600e-06	3962
282512	5.134333e-07	1.853099e-06	1.300526e-06	3962
290768	5.135705e-07	1.853112e-06	1.300453e-06	3962
299024	5.137076e-07	1.853126e-06	1.300379e-06	3962
307280	5.138447e-07	1.853140e-06	1.300305e-06	3962
315536	5.139818e-07	1.853154e-06	1.300231e-06	3962
323792	5.141189e-07	1.853168e-06	1.300157e-06	3962
332048	5.142560e-07	1.853181e-06	1.300083e-06	3962
340304	5.143931e-07	1.853195e-06	1.300009e-06	3962
348560	5.145302e-07	1.853209e-06	1.299936e-06	3962
356816	5.146672e-07	1.853223e-06	1.299862e-06	3962
365072	5.148043e-07	1.853237e-06	1.299788e-06	3962
373328	5.149413e-07	1.853250e-06	1.299714e-06	3962
381584	5.150783e-07	1.853264e-06	1.299640e-06	3962
389840	5.152153e-07	1.853278e-06	1.299566e-06	3962
398096	5.153523e-07	1.853292e-06	1.299491e-06	3962
406352	5.154893e-07	1.853306e-06	1.299417e-06	3962
414608	5.156263e-07	1.853320e-06	1.299343e-06	3962
422864	5.157633e-07	1.853333e-06	1.299269e-06	3962
431120	5.159002e-07	1.853347e-06	1.299195e-06	3962
439376	5.160372e-07	1.853361e-06	1.299121e-06	3962
447632	5.161741e-07	1.853375e-06	1.299047e-06	3962
455888	5.163110e-07	1.853389e-06	1.298973e-06	3962
464144	5.164479e-07	1.853403e-06	1.298898e-06	3962
472400	5.165849e-07	1.853417e-06	1.298824e-06	3962
480656	5.167217e-07	1.853430e-06	1.298750e-06	3962
488912	5.168586e-07	1.853444e-06	1.298676e-06	3962
497168	5.169955e-07	1.853458e-06	1.298601e-06	3962
505424	5.171324e-07	1.853472e-06	1.298527e-06	3962
513680	5.172692e-07	1.853486e-06	1.298453e-06	3962
521936	5.174060e-07	1.853500e-06	1.298378e-06	3962
530192	5.175428e-07	1.853514e-06	1.298304e-06	3962
538448	5.176797e-07	1.853528e-06	1.298230e-06	3962
546704	5.178165e-07	1.853542e-06	1.298155e-06	3962
554960	5.179533e-07	1.853555e-06	1.298081e-06	3962
563216	5.180900e-07	1.853569e-06	1.298006e-06	3962
571472	5.182268e-07	1.853583e-06	1.297932e-06	3962
579728	5.183635e-07	1.853597e-06	1.297857e-06	3962
587984	5.185003e-07	1.853611e-06	1.297783e-06	3962
596240	5.186370e-07	1.853625e-06	1.297708e-06	3962
604496	5.187738e-07	1.853639e-06	1.297634e-06	3962
612752	5.189105e-07	1.853653e-06	1.297559e-06	3962
621008	5.190472e-07	1.853667e-06	1.297485e-06	3962
629264	5.191839e-07	1.853681e-06	1.297410e-06	3962
637520	5.193206e-07	1.853695e-06	1.297336e-06	3962
645776	5.194572e-07	1.853709e-06	1.297261e-06	3962
654032	5.195939e-07	1.853723e-06	1.297186e-06	3962
662288	5.197305e-07	1.853737e-06	1.297112e-06	3962
670544	5.198672e-07	1.853750e-06	1.297037e-06	3962
678800	5.200038e-07	1.853764e-06	1.296962e-06	3962
687056	5.201404e-07	1.853778e-06	1.296887e-06	3962
695312	5.202770e-07	1.853792e-06	1.296813e-06	3962
703568	5.204136e-07	1.853806e-06	1.296738e-06	3962
711824	5.205502e-07	1.853820e-06	1.296663e-06	3962
720080	5.206867e-07	1.853834e-06	1.296588e-06	3962
728336	5.208233e-07	1.853848e-06	1.296513e-06	3962
736592	5.209599e-07	1.853862e-06	1.296439e-06	3962
2996	5.624431e-07	1.853870e-06	1.285354e-06	6778
744848	5.210964e-07	1.853876e-06	1.296364e-06	3962
11252	5.625780e-07	1.853885e-06	1.285273e-06	6778
753104	5.212329e-07	1.853890e-06	1.296289e-06	3962
19508	5.627130e-07	1.853900e-06	1.285192e-06	6778
761360	5.213694e-07	1.853904e-06	1.296214e-06	3962
27764	5.628478e-07	1.853916e-06	1.285111e-06	6778
769616	5.215059e-07	1.853918e-06	1.296139e-06	3962
36020	5.629828e-07	1.853931e-06	1.285031e-06	6778
777872	5.216424e-07	1.853932e-06	1.296064e-06	3962
44276	5.631177e-07	1.853946e-06	1.284950e-06	6778
786128	5.217789e-07	1.853946e-06	1.295989e-06	3962
794384	5.219154e-07	1.853960e-06	1.295914e-06	3962
52532	5.632526e-07	1.853961e-06	1.284869e-06	6778
802640	5.220518e-07	1.853974e-06	1.295839e-06	3962
60788	5.633875e-07	1.853976e-06	1.284788e-06	6778
810896	5.221883e-07	1.853988e-06	1.295764e-06	3962
69044	5.635223e-07	1.853991e-06	1.284707e-06	6778
819152	5.223247e-07	1.854002e-06	1.295689e-06	3962
77300	5.636571e-07	1.854006e-06	1.284626e-06	6778
827408	5.224612e-07	1.854016e-06	1.295614e-06	3962
85556	5.637920e-07	1.854021e-06	1.284545e-06	6778
835664	5.225976e-07	1.854030e-06	1.295539e-06	3962
93812	5.639268e-07	1.854036e-06	1.284464e-06	6778
843920	5.227340e-07	1.854044e-06	1.295464e-06	3962
102068	5.640616e-07	1.854052e-06	1.284383e-06	6778
852176	5.228704e-07	1.854058e-06	1.295389e-06	3962
110324	5.641964e-07	1.854067e-06	1.284302e-06	6778
860432	5.230067e-07	1.854072e-06	1.295313e-06	3962
118580	5.643312e-07	1.854082e-06	1.284221e-06	6778
868688	5.231431e-07	1.854086e-06	1.295238e-06	3962
126836	5.644660e-07	1.854097e-06	1.284140e-06	6778
876944	5.232795e-07	1.854100e-06	1.295163e-06	3962
135092	5.646008e-07	1.854112e-06	1.284058e-06	6778
885200	5.234158e-07	1.854114e-06	1.295088e-06	3962
143348	5.647355e-07	1.854127e-06	1.283977e-06	6778
893456	5.235522e-07	1.854129e-06	1.295013e-06	3962
151604	5.648703e-07	1.854142e-06	1.283896e-06	6778
901712	5.236885e-07	1.854143e-06	1.294937e-06	3962
909968	5.238248e-07	1.854157e-06	1.294862e-06	3962
159860	5.650050e-07	1.854158e-06	1.283815e-06	6778
918224	5.239611e-07	1.854171e-06	1.294787e-06	3962
168116	5.651397e-07	1.854173e-06	1.283734e-06	6778
926480	5.240974e-07	1.854185e-06	1.294712e-06	3962
176372	5.652744e-07	1.854188e-06	1.283653e-06	6778
934736	5.242337e-07	1.854199e-06	1.294636e-06	3962
184628	5.654091e-07	1.854203e-06	1.283571e-06	6778
942992	5.243699e-07	1.854213e-06	1.294561e-06	3962
192884	5.655438e-07	1.854218e-06	1.283490e-06	6778
951248	5.245062e-07	1.854227e-06	1.294486e-06	3962
201140	5.656785e-07	1.854233e-06	1.283409e-06	6778
959504	5.246424e-07	1.854241e-06	1.294410e-06	3962
209396	5.658131e-07	1.854249e-06	1.283328e-06	6778
967760	5.247787e-07	1.854255e-06	1.294335e-06	3962
217652	5.659477e-07	1.854264e-06	1.283246e-06	6778
976016	5.249149e-07	1.854269e-06	1.294259e-06	3962
225908	5.660824e-07	1.854279e-06	1.283165e-06	6778
984272	5.250511e-07	1.854283e-06	1.294184e-06	3962
234164	5.662170e-07	1.854294e-06	1.283084e-06	6778
992528	5.251873e-07	1.854297e-06	1.294108e-06	3962
242420	5.663516e-07	1.854309e-06	1.283002e-06	6778
1000784	5.253235e-07	1.854311e-06	1.294033e-06	3962
250676	5.664862e-07	1.854325e-06	1.282921e-06	6778
1009040	5.254597e-07	1.854326e-06	1.293957e-06	3962
258932	5.666208e-07	1.854340e-06	1.282840e-06	6778
1017296	5.255959e-07	1.854340e-06	1.293882e-06	3962
1025552	5.257320e-07	1.854354e-06	1.293806e-06	3962
267188	5.667554e-07	1.854355e-06	1.282758e-06	6778
1033808	5.258681e-07	1.854368e-06	1.293731e-06	3962
275444	5.668899e-07	1.854370e-06	1.282677e-06	6778
1042064	5.260043e-07	1.854382e-06	1.293655e-06	3962
283700	5.670245e-07	1.854385e-06	1.282595e-06	6778
1050320	5.261404e-07	1.854396e-06	1.293580e-06	3962
291956	5.671590e-07	1.854401e-06	1.282514e-06	6778
1058576	5.262765e-07	1.854410e-06	1.293504e-06	3962
300212	5.672936e-07	1.854416e-06	1.282432e-06	6778
1066832	5.264126e-07	1.854424e-06	1.293428e-06	3962
308468	5.674281e-07	1.854431e-06	1.282351e-06	6778
1075088	5.265487e-07	1.854439e-06	1.293353e-06	3962
316724	5.675626e-07	1.854446e-06	1.282269e-06	6778
1083344	5.266848e-07	1.854453e-06	1.293277e-06	3962
324980	5.676970e-07	1.854461e-06	1.282188e-06	6778
1091600	5.268208e-07	1.854467e-06	1.293201e-06	3962
333236	5.678315e-07	1.854477e-06	1.282106e-06	6778
1099856	5.269569e-07	1.854481e-06	1.293126e-06	3962
341492	5.679660e-07	1.854492e-06	1.282025e-06	6778
1108112	5.270929e-07	1.854495e-06	1.293050e-06	3962
349748	5.681005e-07	1.854507e-06	1.281943e-06	6778
1116368	5.272290e-07	1.854509e-06	1.292974e-06	3962
358004	5.682349e-07	1.854522e-06	1.281861e-06	6778
1124624	5.273650e-07	1.854523e-06	1.292898e-06	3962
366260	5.683693e-07	1.854538e-06	1.281780e-06	6778
1132880	5.275010e-07	1.854538e-06	1.292823e-06	3962
1141136	5.276370e-07	1.854552e-06	1.292747e-06	3962
374516	5.685037e-07	1.854553e-06	1.281698e-06	6778
1149392	5.277730e-07	1.854566e-06	1.292671e-06	3962
382772	5.686381e-07	1.854568e-06	1.281616e-06	6778
391028	5.687725e-07	1.854583e-06	1.281535e-06	6778
399284	5.689069e-07	1.854599e-06	1.281453e-06	6778
407540	5.690413e-07	1.854614e-06	1.281371e-06	6778
415796	5.691756e-07	1.854629e-06	1.281289e-06	6778
424052	5.693100e-07	1.854644e-06	1.281207e-06	6778
432308	5.694443e-07	1.854660e-06	1.281126e-06	6778
440564	5.695786e-07	1.854675e-06	1.281044e-06	6778
448820	5.697129e-07	1.854690e-06	1.280962e-06	6778
457076	5.698472e-07	1.854705e-06	1.280880e-06	6778
465332	5.699815e-07	1.854721e-06	1.280798e-06	6778
473588	5.701158e-07	1.854736e-06	1.280716e-06	6778
481844	5.702500e-07	1.854751e-06	1.280634e-06	6778
490100	5.703843e-07	1.854767e-06	1.280553e-06	6778
498356	5.705185e-07	1.854782e-06	1.280471e-06	6778
506612	5.706527e-07	1.854797e-06	1.280389e-06	6778
514868	5.707869e-07	1.854813e-06	1.280307e-06	6778
523124	5.709211e-07	1.854828e-06	1.280225e-06	6778
531380	5.710553e-07	1.854843e-06	1.280143e-06	6778
539636	5.711895e-07	1.854859e-06	1.280060e-06	6778
547892	5.713237e-07	1.854874e-06	1.279978e-06	6778
556148	5.714578e-07	1.854889e-06	1.279896e-06	6778
564404	5.715920e-07	1.854904e-06	1.279814e-06	6778
572660	5.717260e-07	1.854920e-06	1.279732e-06	6778
580916	5.718601e-07	1.854935e-06	1.279650e-06	6778
589172	5.719943e-07	1.854950e-06	1.279568e-06	6778
597428	5.721283e-07	1.854966e-06	1.279486e-06	6778
605684	5.722624e-07	1.854981e-06	1.279403e-06	6778
613940	5.723965e-07	1.854997e-06	1.279321e-06	6778
622196	5.725306e-07	1.855012e-06	1.279239e-06	6778
630452	5.726646e-07	1.855027e-06	1.279157e-06	6778
638708	5.727986e-07	1.855043e-06	1.279074e-06	6778
646964	5.729326e-07	1.855058e-06	1.278992e-06	6778
655220	5.730666e-07	1.855073e-06	1.278910e-06	6778
663476	5.732006e-07	1.855089e-06	1.278827e-06	6778
671732	5.733346e-07	1.855104e-06	1.278745e-06	6778
679988	5.734686e-07	1.855119e-06	1.278663e-06	6778
688244	5.736025e-07	1.855135e-06	1.278580e-06	6778
696500	5.737364e-07	1.855150e-06	1.278498e-06	6778
704756	5.738704e-07	1.855166e-06	1.278415e-06	6778
713012	5.740043e-07	1.855181e-06	1.278333e-06	6778
721268	5.741382e-07	1.855196e-06	1.278250e-06	6778
729524	5.742721e-07	1.855212e-06	1.278168e-06	6778
737780	5.744060e-07	1.855227e-06	1.278085e-06	6778
746036	5.745399e-07	1.855243e-06	1.278003e-06	6778
754292	5.746737e-07	1.855258e-06	1.277920e-06	6778
762548	5.748075e-07	1.855273e-06	1.277838e-06	6778
770804	5.749414e-07	1.855289e-06	1.277755e-06	6778
779060	5.750752e-07	1.855304e-06	1.277672e-06	6778
787316	5.752090e-07	1.855320e-06	1.277590e-06	6778
795572	5.753428e-07	1.855335e-06	1.277507e-06	6778
803828	5.754766e-07	1.855351e-06	1.277425e-06	6778
812084	5.756103e-07	1.855366e-06	1.277342e-06	6778
820340	5.757441e-07	1.855381e-06	1.277259e-06	6778
828596	5.758778e-07	1.855397e-06	1.277176e-06	6778
836852	5.760116e-07	1.855412e-06	1.277094e-06	6778
845108	5.761453e-07	1.855428e-06	1.277011e-06	6778
853364	5.762790e-07	1.855443e-06	1.276928e-06	6778
861620	5.764127e-07	1.855459e-06	1.276845e-06	6778
869876	5.765464e-07	1.855474e-06	1.276762e-06	6778
878132	5.766801e-07	1.855490e-06	1.276680e-06	6778
886388	5.768137e-07	1.855505e-06	1.276597e-06	6778
894644	5.769473e-07	1.855521e-06	1.276514e-06	6778
902900	5.770810e-07	1.855536e-06	1.276431e-06	6778
911156	5.772146e-07	1.855551e-06	1.276348e-06	6778
919412	5.773482e-07	1.855567e-06	1.276265e-06	6778
927668	5.774818e-07	1.855582e-06	1.276182e-06	6778
935924	5.776154e-07	1.855598e-06	1.276099e-06	6778
944180	5.777490e-07	1.855613e-06	1.276016e-06	6778
952436	5.778825e-07	1.855629e-06	1.275933e-06	6778
960692	5.780161e-07	1.855644e-06	1.275850e-06	6778
968948	5.781496e-07	1.855660e-06	1.275767e-06	6778
977204	5.782832e-07	1.855675e-06	1.275684e-06	6778
985460	5.784167e-07	1.855691e-06	1.275601e-06	6778
993716	5.785502e-07	1.855706e-06	1.275518e-06	6778
1001972	5.786836e-07	1.855722e-06	1.275435e-06	6778
1010228	5.788171e-07	1.855737e-06	1.275351e-06	6778
1018484	5.789506e-07	1.855753e-06	1.275268e-06	6778
1026740	5.790840e-07	1.855768e-06	1.275185e-06	6778
1034996	5.792174e-07	1.855784e-06	1.275102e-06	6778
1043252	5.793509e-07	1.855800e-06	1.275019e-06	6778
1051508	5.794843e-07	1.855815e-06	1.274935e-06	6778
1059764	5.796177e-07	1.855831e-06	1.274852e-06	6778
1068020	5.797511e-07	1.855846e-06	1.274769e-06	6778
1076276	5.798844e-07	1.855862e-06	1.274686e-06	6778
1084532	5.800179e-07	1.855877e-06	1.274602e-06	6778
1092788	5.801512e-07	1.855893e-06	1.274519e-06	6778
1101044	5.802845e-07	1.855908e-06	1.274436e-06	6778
1109300	5.804179e-07	1.855924e-06	1.274352e-06	6778
1117556	5.805512e-07	1.855940e-06	1.274269e-06	6778
1125812	5.806845e-07	1.855955e-06	1.274185e-06	6778
1134068	5.808178e-07	1.855971e-06	1.274102e-06	6778
1142324	5.809511e-07	1.855986e-06	1.274018e-06	6778
1150580	5.810843e-07	1.856002e-06	1.273935e-06	6778
7868	1.074738e-06	1.856827e-06	1.086346e-06	25975
16124	1.074844e-06	1.856856e-06	1.086192e-06	25975
24380	1.074951e-06	1.856885e-06	1.086037e-06	25975
32636	1.075057e-06	1.856914e-06	1.085883e-06	25975
40892	1.075163e-06	1.856942e-06	1.085729e-06	25975
49148	1.075269e-06	1.856971e-06	1.085574e-06	25975
57404	1.075376e-06	1.857000e-06	1.085420e-06	25975
65660	1.075482e-06	1.857029e-06	1.085266e-06	25975
73916	1.075588e-06	1.857057e-06	1.085111e-06	25975
82172	1.075694e-06	1.857086e-06	1.084957e-06	25975
90428	1.075800e-06	1.857115e-06	1.084803e-06	25975
98684	1.075906e-06	1.857144e-06	1.084648e-06	25975
106940	1.076012e-06	1.857172e-06	1.084494e-06	25975
115196	1.076119e-06	1.857201e-06	1.084339e-06	25975
123452	1.076225e-06	1.857230e-06	1.084185e-06	25975
131708	1.076331e-06	1.857258e-06	1.084030e-06	25975
139964	1.076437e-06	1.857287e-06	1.083876e-06	25975
148220	1.076543e-06	1.857316e-06	1.083721e-06	25975
156476	1.076648e-06	1.857345e-06	1.083567e-06	25975
164732	1.076754e-06	1.857373e-06	1.083412e-06	25975
172988	1.076860e-06	1.857402e-06	1.083258e-06	25975
181244	1.076966e-06	1.857431e-06	1.083103e-06	25975
189500	1.077072e-06	1.857460e-06	1.082948e-06	25975
197756	1.077178e-06	1.857489e-06	1.082794e-06	25975
206012	1.077284e-06	1.857517e-06	1.082639e-06	25975
214268	1.077389e-06	1.857546e-06	1.082484e-06	25975
222524	1.077495e-06	1.857575e-06	1.082330e-06	25975
230780	1.077601e-06	1.857604e-06	1.082175e-06	25975
239036	1.077707e-06	1.857632e-06	1.082021e-06	25975
247292	1.077812e-06	1.857661e-06	1.081866e-06	25975
255548	1.077918e-06	1.857690e-06	1.081711e-06	25975
263804	1.078024e-06	1.857719e-06	1.081556e-06	25975
272060	1.078129e-06	1.857748e-06	1.081402e-06	25975
280316	1.078235e-06	1.857776e-06	1.081247e-06	25975
288572	1.078340e-06	1.857805e-06	1.081092e-06	25975
296828	1.078446e-06	1.857834e-06	1.080937e-06	25975
305084	1.078551e-06	1.857863e-06	1.080782e-06	25975
313340	1.078657e-06	1.857892e-06	1.080628e-06	25975
321596	1.078762e-06	1.857920e-06	1.080473e-06	25975
329852	1.078868e-06	1.857949e-06	1.080318e-06	25975
338108	1.078973e-06	1.857978e-06	1.080163e-06	25975
346364	1.079079e-06	1.858007e-06	1.080008e-06	25975
354620	1.079184e-06	1.858036e-06	1.079853e-06	25975
362876	1.079289e-06	1.858065e-06	1.079698e-06	25975
371132	1.079395e-06	1.858093e-06	1.079543e-06	25975
379388	1.079500e-06	1.858122e-06	1.079388e-06	25975
387644	1.079605e-06	1.858151e-06	1.079233e-06	25975
395900	1.079711e-06	1.858180e-06	1.079079e-06	25975
404156	1.079816e-06	1.858209e-06	1.078924e-06	25975
412412	1.079921e-06	1.858238e-06	1.078768e-06	25975
420668	1.080026e-06	1.858266e-06	1.078614e-06	25975
428924	1.080131e-06	1.858295e-06	1.078458e-06	25975
437180	1.080237e-06	1.858324e-06	1.078303e-06	25975
445436	1.080342e-06	1.858353e-06	1.078148e-06	25975
453692	1.080447e-06	1.858382e-06	1.077993e-06	25975
461948	1.080552e-06	1.858411e-06	1.077838e-06	25975
470204	1.080657e-06	1.858440e-06	1.077683e-06	25975
478460	1.080762e-06	1.858468e-06	1.077528e-06	25975
486716	1.080867e-06	1.858497e-06	1.077373e-06	25975
494972	1.080972e-06	1.858526e-06	1.077218e-06	25975
503228	1.081077e-06	1.858555e-06	1.077062e-06	25975
511484	1.081182e-06	1.858584e-06	1.076907e-06	25975
519740	1.081287e-06	1.858613e-06	1.076752e-06	25975
527996	1.081392e-06	1.858642e-06	1.076597e-06	25975
536252	1.081497e-06	1.858671e-06	1.076442e-06	25975
544508	1.081602e-06	1.858699e-06	1.076286e-06	25975
552764	1.081706e-06	1.858728e-06	1.076131e-06	25975
561020	1.081811e-06	1.858757e-06	1.075976e-06	25975
569276	1.081916e-06	1.858786e-06	1.075820e-06	25975
577532	1.082021e-06	1.858815e-06	1.075665e-06	25975
585788	1.082126e-06	1.858844e-06	1.075510e-06	25975
594044	1.082230e-06	1.858873e-06	1.075355e-06	25975
602300	1.082335e-06	1.858902e-06	1.075199e-06	25975
610556	1.082440e-06	1.858931e-06	1.075044e-06	25975
618812	1.082544e-06	1.858960e-06	1.074888e-06	25975
627068	1.082649e-06	1.858989e-06	1.074733e-06	25975
635324	1.082753e-06	1.859017e-06	1.074578e-06	25975
643580	1.082858e-06	1.859046e-06	1.074422e-06	25975
651836	1.082963e-06	1.859075e-06	1.074267e-06	25975
660092	1.083067e-06	1.859104e-06	1.074111e-06	25975
668348	1.083172e-06	1.859133e-06	1.073956e-06	25975
676604	1.083276e-06	1.859162e-06	1.073800e-06	25975
684860	1.083381e-06	1.859191e-06	1.073645e-06	25975
693116	1.083485e-06	1.859220e-06	1.073489e-06	25975
701372	1.083589e-06	1.859249e-06	1.073334e-06	25975
709628	1.083694e-06	1.859278e-06	1.073178e-06	25975
717884	1.083798e-06	1.859307e-06	1.073023e-06	25975
726140	1.083903e-06	1.859336e-06	1.072867e-06	25975
734396	1.084007e-06	1.859365e-06	1.072711e-06	25975
742652	1.084111e-06	1.859394e-06	1.072556e-06	25975
750908	1.084215e-06	1.859423e-06	1.072400e-06	25975
759164	1.084320e-06	1.859452e-06	1.072245e-06	25975
767420	1.084424e-06	1.859480e-06	1.072089e-06	25975
775676	1.084528e-06	1.859509e-06	1.071933e-06	25975
783932	1.084632e-06	1.859538e-06	1.071778e-06	25975
792188	1.084736e-06	1.859567e-06	1.071622e-06	25975
800444	1.084841e-06	1.859596e-06	1.071466e-06	25975
808700	1.084945e-06	1.859625e-06	1.071311e-06	25975
816956	1.085049e-06	1.859654e-06	1.071155e-06	25975
825212	1.085153e-06	1.859683e-06	1.070999e-06	25975
833468	1.085257e-06	1.859712e-06	1.070843e-06	25975
841724	1.085361e-06	1.859741e-06	1.070688e-06	25975
849980	1.085465e-06	1.859770e-06	1.070532e-06	25975
858236	1.085569e-06	1.859799e-06	1.070376e-06	25975
866492	1.085673e-06	1.859828e-06	1.070220e-06	25975
874748	1.085777e-06	1.859857e-06	1.070064e-06	25975
883004	1.085881e-06	1.859886e-06	1.069908e-06	25975
891260	1.085985e-06	1.859915e-06	1.069752e-06	25975
899516	1.086089e-06	1.859944e-06	1.069597e-06	25975
907772	1.086192e-06	1.859973e-06	1.069441e-06	25975
916028	1.086296e-06	1.860002e-06	1.069285e-06	25975
924284	1.086400e-06	1.860031e-06	1.069129e-06	25975
932540	1.086504e-06	1.860060e-06	1.068973e-06	25975
940796	1.086608e-06	1.860089e-06	1.068817e-06	25975
949052	1.086711e-06	1.860118e-06	1.068661e-06	25975
957308	1.086815e-06	1.860147e-06	1.068505e-06	25975
965564	1.086919e-06	1.860176e-06	1.068349e-06	25975
973820	1.087022e-06	1.860205e-06	1.068193e-06	25975
982076	1.087126e-06	1.860235e-06	1.068037e-06	25975
990332	1.087230e-06	1.860264e-06	1.067881e-06	25975
998588	1.087333e-06	1.860293e-06	1.067725e-06	25975
3199	6.092719e-07	1.860296e-06	1.273904e-06	7290
11455	6.094050e-07	1.860313e-06	1.273816e-06	7290
1006844	1.087437e-06	1.860322e-06	1.067569e-06	25975
19711	6.095382e-07	1.860329e-06	1.273729e-06	7290
27967	6.096713e-07	1.860345e-06	1.273641e-06	7290
1015100	1.087540e-06	1.860351e-06	1.067413e-06	25975
36223	6.098044e-07	1.860362e-06	1.273553e-06	7290
44479	6.099374e-07	1.860378e-06	1.273466e-06	7290
1023356	1.087644e-06	1.860380e-06	1.067256e-06	25975
52735	6.100705e-07	1.860394e-06	1.273378e-06	7290
1031612	1.087747e-06	1.860409e-06	1.067100e-06	25975
60991	6.102036e-07	1.860411e-06	1.273291e-06	7290
69247	6.103366e-07	1.860427e-06	1.273203e-06	7290
1039868	1.087851e-06	1.860438e-06	1.066944e-06	25975
77503	6.104697e-07	1.860444e-06	1.273115e-06	7290
85759	6.106027e-07	1.860460e-06	1.273027e-06	7290
1048124	1.087954e-06	1.860467e-06	1.066788e-06	25975
94015	6.107356e-07	1.860476e-06	1.272940e-06	7290
102271	6.108687e-07	1.860493e-06	1.272852e-06	7290
1056380	1.088058e-06	1.860496e-06	1.066632e-06	25975
110527	6.110016e-07	1.860509e-06	1.272764e-06	7290
1064636	1.088161e-06	1.860525e-06	1.066476e-06	25975
118783	6.111346e-07	1.860525e-06	1.272676e-06	7290
127039	6.112675e-07	1.860542e-06	1.272589e-06	7290
1072892	1.088264e-06	1.860554e-06	1.066319e-06	25975
135295	6.114005e-07	1.860558e-06	1.272501e-06	7290
143551	6.115334e-07	1.860575e-06	1.272413e-06	7290
1081148	1.088368e-06	1.860583e-06	1.066163e-06	25975
151807	6.116663e-07	1.860591e-06	1.272325e-06	7290
160063	6.117992e-07	1.860607e-06	1.272237e-06	7290
1089404	1.088471e-06	1.860612e-06	1.066007e-06	25975
168319	6.119321e-07	1.860624e-06	1.272149e-06	7290
176575	6.120650e-07	1.860640e-06	1.272061e-06	7290
1097660	1.088574e-06	1.860641e-06	1.065851e-06	25975
184831	6.121978e-07	1.860657e-06	1.271973e-06	7290
1105916	1.088678e-06	1.860670e-06	1.065694e-06	25975
193087	6.123307e-07	1.860673e-06	1.271885e-06	7290
201343	6.124635e-07	1.860690e-06	1.271797e-06	7290
1114172	1.088781e-06	1.860699e-06	1.065538e-06	25975
209599	6.125964e-07	1.860706e-06	1.271709e-06	7290
217855	6.127291e-07	1.860722e-06	1.271621e-06	7290
1122428	1.088884e-06	1.860729e-06	1.065382e-06	25975
226111	6.128619e-07	1.860739e-06	1.271534e-06	7290
234367	6.129947e-07	1.860755e-06	1.271445e-06	7290
1130684	1.088987e-06	1.860758e-06	1.065226e-06	25975
242623	6.131275e-07	1.860772e-06	1.271357e-06	7290
1138940	1.089091e-06	1.860787e-06	1.065069e-06	25975
250879	6.132602e-07	1.860788e-06	1.271269e-06	7290
259135	6.133930e-07	1.860804e-06	1.271181e-06	7290
1147196	1.089194e-06	1.860816e-06	1.064913e-06	25975
267391	6.135257e-07	1.860821e-06	1.271093e-06	7290
275647	6.136584e-07	1.860837e-06	1.271005e-06	7290
1155452	1.089297e-06	1.860845e-06	1.064757e-06	25975
283903	6.137911e-07	1.860854e-06	1.270917e-06	7290
292159	6.139238e-07	1.860870e-06	1.270829e-06	7290
300415	6.140565e-07	1.860887e-06	1.270740e-06	7290
308671	6.141892e-07	1.860903e-06	1.270652e-06	7290
316927	6.143218e-07	1.860920e-06	1.270564e-06	7290
325183	6.144544e-07	1.860936e-06	1.270476e-06	7290
333439	6.145871e-07	1.860953e-06	1.270387e-06	7290
341695	6.147197e-07	1.860969e-06	1.270299e-06	7290
349951	6.148523e-07	1.860986e-06	1.270211e-06	7290
358207	6.149849e-07	1.861002e-06	1.270122e-06	7290
366463	6.151174e-07	1.861019e-06	1.270034e-06	7290
374719	6.152500e-07	1.861035e-06	1.269946e-06	7290
382975	6.153825e-07	1.861051e-06	1.269857e-06	7290
391231	6.155151e-07	1.861068e-06	1.269769e-06	7290
399487	6.156476e-07	1.861084e-06	1.269680e-06	7290
407743	6.157801e-07	1.861101e-06	1.269592e-06	7290
415999	6.159126e-07	1.861118e-06	1.269504e-06	7290
424255	6.160450e-07	1.861134e-06	1.269415e-06	7290
432511	6.161775e-07	1.861151e-06	1.269327e-06	7290
440767	6.163100e-07	1.861167e-06	1.269238e-06	7290
449023	6.164424e-07	1.861184e-06	1.269149e-06	7290
457279	6.165748e-07	1.861200e-06	1.269061e-06	7290
465535	6.167073e-07	1.861217e-06	1.268972e-06	7290
473791	6.168397e-07	1.861233e-06	1.268884e-06	7290
482047	6.169720e-07	1.861250e-06	1.268795e-06	7290
490303	6.171044e-07	1.861266e-06	1.268706e-06	7290
498559	6.172368e-07	1.861283e-06	1.268618e-06	7290
506815	6.173692e-07	1.861299e-06	1.268529e-06	7290
515071	6.175015e-07	1.861316e-06	1.268440e-06	7290
523327	6.176338e-07	1.861332e-06	1.268352e-06	7290
531583	6.177661e-07	1.861349e-06	1.268263e-06	7290
539839	6.178984e-07	1.861365e-06	1.268174e-06	7290
548095	6.180307e-07	1.861382e-06	1.268085e-06	7290
556351	6.181630e-07	1.861399e-06	1.267997e-06	7290
564607	6.182952e-07	1.861415e-06	1.267908e-06	7290
572863	6.184275e-07	1.861432e-06	1.267819e-06	7290
581119	6.185597e-07	1.861448e-06	1.267730e-06	7290
589375	6.186919e-07	1.861465e-06	1.267641e-06	7290
597631	6.188241e-07	1.861482e-06	1.267552e-06	7290
605887	6.189563e-07	1.861498e-06	1.267463e-06	7290
614143	6.190884e-07	1.861515e-06	1.267375e-06	7290
622399	6.192207e-07	1.861531e-06	1.267286e-06	7290
630655	6.193528e-07	1.861548e-06	1.267197e-06	7290
638911	6.194849e-07	1.861565e-06	1.267108e-06	7290
647167	6.196170e-07	1.861581e-06	1.267019e-06	7290
655423	6.197491e-07	1.861598e-06	1.266930e-06	7290
663679	6.198812e-07	1.861614e-06	1.266841e-06	7290
671935	6.200133e-07	1.861631e-06	1.266751e-06	7290
680191	6.201454e-07	1.861648e-06	1.266662e-06	7290
688447	6.202775e-07	1.861664e-06	1.266573e-06	7290
696703	6.204095e-07	1.861681e-06	1.266484e-06	7290
704959	6.205415e-07	1.861697e-06	1.266395e-06	7290
713215	6.206736e-07	1.861714e-06	1.266306e-06	7290
721471	6.208056e-07	1.861731e-06	1.266217e-06	7290
729727	6.209376e-07	1.861747e-06	1.266128e-06	7290
737983	6.210695e-07	1.861764e-06	1.266038e-06	7290
746239	6.212015e-07	1.861781e-06	1.265949e-06	7290
754495	6.213335e-07	1.861797e-06	1.265860e-06	7290
762751	6.214654e-07	1.861814e-06	1.265771e-06	7290
771007	6.215973e-07	1.861831e-06	1.265681e-06	7290
779263	6.217292e-07	1.861847e-06	1.265592e-06	7290
787519	6.218611e-07	1.861864e-06	1.265503e-06	7290
795775	6.219930e-07	1.861881e-06	1.265413e-06	7290
804031	6.221249e-07	1.861897e-06	1.265324e-06	7290
812287	6.222568e-07	1.861914e-06	1.265235e-06	7290
820543	6.223886e-07	1.861931e-06	1.265145e-06	7290
828799	6.225204e-07	1.861947e-06	1.265056e-06	7290
837055	6.226522e-07	1.861964e-06	1.264966e-06	7290
845311	6.227841e-07	1.861981e-06	1.264877e-06	7290
853567	6.229159e-07	1.861997e-06	1.264787e-06	7290
861823	6.230476e-07	1.862014e-06	1.264698e-06	7290
870079	6.231794e-07	1.862031e-06	1.264608e-06	7290
878335	6.233112e-07	1.862047e-06	1.264519e-06	7290
886591	6.234429e-07	1.862064e-06	1.264429e-06	7290
894847	6.235746e-07	1.862081e-06	1.264340e-06	7290
903103	6.237063e-07	1.862098e-06	1.264250e-06	7290
911359	6.238380e-07	1.862114e-06	1.264161e-06	7290
919615	6.239697e-07	1.862131e-06	1.264071e-06	7290
927871	6.241014e-07	1.862148e-06	1.263981e-06	7290
936127	6.242331e-07	1.862164e-06	1.263892e-06	7290
944383	6.243647e-07	1.862181e-06	1.263802e-06	7290
952639	6.244964e-07	1.862198e-06	1.263712e-06	7290
960895	6.246279e-07	1.862215e-06	1.263623e-06	7290
969151	6.247595e-07	1.862231e-06	1.263533e-06	7290
977407	6.248911e-07	1.862248e-06	1.263443e-06	7290
985663	6.250227e-07	1.862265e-06	1.263353e-06	7290
993919	6.251543e-07	1.862282e-06	1.263263e-06	7290
1002175	6.252858e-07	1.862299e-06	1.263174e-06	7290
1010431	6.254174e-07	1.862315e-06	1.263084e-06	7290
1018687	6.255489e-07	1.862332e-06	1.262994e-06	7290
1026943	6.256805e-07	1.862349e-06	1.262904e-06	7290
1035199	6.258119e-07	1.862366e-06	1.262814e-06	7290
1043455	6.259434e-07	1.862382e-06	1.262724e-06	7290
1051711	6.260749e-07	1.862399e-06	1.262634e-06	7290
1059967	6.262064e-07	1.862416e-06	1.262545e-06	7290
1068223	6.263378e-07	1.862433e-06	1.262454e-06	7290
1076479	6.264692e-07	1.862449e-06	1.262365e-06	7290
1084735	6.266006e-07	1.862466e-06	1.262275e-06	7290
1092991	6.267321e-07	1.862483e-06	1.262184e-06	7290
1101247	6.268635e-07	1.862500e-06	1.262094e-06	7290
1109503	6.269948e-07	1.862517e-06	1.262004e-06	7290
1117759	6.271262e-07	1.862533e-06	1.261914e-06	7290
1126015	6.272576e-07	1.862550e-06	1.261824e-06	7290
1134271	6.273889e-07	1.862567e-06	1.261734e-06	7290
1142527	6.275203e-07	1.862584e-06	1.261644e-06	7290
1150783	6.276516e-07	1.862601e-06	1.261554e-06	7290
1694	4.901627e-07	1.864620e-06	1.318792e-06	3706
9950	4.903021e-07	1.864633e-06	1.318721e-06	3706
18206	4.904416e-07	1.864646e-06	1.318651e-06	3706
26462	4.905810e-07	1.864659e-06	1.318580e-06	3706
34718	4.907204e-07	1.864673e-06	1.318510e-06	3706
42974	4.908599e-07	1.864686e-06	1.318439e-06	3706
51230	4.909992e-07	1.864699e-06	1.318369e-06	3706
59486	4.911386e-07	1.864712e-06	1.318298e-06	3706
67742	4.912780e-07	1.864725e-06	1.318228e-06	3706
75998	4.914174e-07	1.864738e-06	1.318157e-06	3706
84254	4.915568e-07	1.864752e-06	1.318086e-06	3706
92510	4.916961e-07	1.864765e-06	1.318016e-06	3706
100766	4.918355e-07	1.864778e-06	1.317945e-06	3706
109022	4.919748e-07	1.864791e-06	1.317874e-06	3706
117278	4.921141e-07	1.864805e-06	1.317804e-06	3706
125534	4.922534e-07	1.864818e-06	1.317733e-06	3706
133790	4.923927e-07	1.864831e-06	1.317662e-06	3706
142046	4.925320e-07	1.864844e-06	1.317591e-06	3706
150302	4.926713e-07	1.864857e-06	1.317521e-06	3706
158558	4.928106e-07	1.864871e-06	1.317450e-06	3706
166814	4.929498e-07	1.864884e-06	1.317379e-06	3706
175070	4.930890e-07	1.864897e-06	1.317308e-06	3706
183326	4.932282e-07	1.864910e-06	1.317237e-06	3706
191582	4.933675e-07	1.864924e-06	1.317166e-06	3706
199838	4.935067e-07	1.864937e-06	1.317095e-06	3706
208094	4.936459e-07	1.864950e-06	1.317024e-06	3706
216350	4.937851e-07	1.864963e-06	1.316953e-06	3706
224606	4.939243e-07	1.864977e-06	1.316883e-06	3706
232862	4.940634e-07	1.864990e-06	1.316811e-06	3706
241118	4.942026e-07	1.865003e-06	1.316741e-06	3706
249374	4.943417e-07	1.865016e-06	1.316669e-06	3706
257630	4.944809e-07	1.865030e-06	1.316598e-06	3706
265886	4.946201e-07	1.865043e-06	1.316527e-06	3706
274142	4.947591e-07	1.865056e-06	1.316456e-06	3706
282398	4.948982e-07	1.865070e-06	1.316385e-06	3706
290654	4.950373e-07	1.865083e-06	1.316314e-06	3706
298910	4.951764e-07	1.865096e-06	1.316243e-06	3706
307166	4.953155e-07	1.865109e-06	1.316172e-06	3706
315422	4.954546e-07	1.865123e-06	1.316100e-06	3706
323678	4.955937e-07	1.865136e-06	1.316029e-06	3706
331934	4.957327e-07	1.865149e-06	1.315958e-06	3706
340190	4.958717e-07	1.865163e-06	1.315887e-06	3706
348446	4.960108e-07	1.865176e-06	1.315815e-06	3706
356702	4.961498e-07	1.865189e-06	1.315744e-06	3706
364958	4.962887e-07	1.865203e-06	1.315673e-06	3706
373214	4.964278e-07	1.865216e-06	1.315601e-06	3706
381470	4.965668e-07	1.865229e-06	1.315530e-06	3706
389726	4.967057e-07	1.865243e-06	1.315459e-06	3706
397982	4.968447e-07	1.865256e-06	1.315387e-06	3706
406238	4.969837e-07	1.865269e-06	1.315316e-06	3706
414494	4.971226e-07	1.865283e-06	1.315245e-06	3706
422750	4.972615e-07	1.865296e-06	1.315173e-06	3706
431006	4.974004e-07	1.865309e-06	1.315102e-06	3706
439262	4.975393e-07	1.865323e-06	1.315030e-06	3706
447518	4.976782e-07	1.865336e-06	1.314959e-06	3706
455774	4.978171e-07	1.865350e-06	1.314887e-06	3706
464030	4.979560e-07	1.865363e-06	1.314815e-06	3706
472286	4.980948e-07	1.865376e-06	1.314744e-06	3706
480542	4.982337e-07	1.865390e-06	1.314672e-06	3706
488798	4.983726e-07	1.865403e-06	1.314601e-06	3706
497054	4.985114e-07	1.865416e-06	1.314529e-06	3706
505310	4.986502e-07	1.865430e-06	1.314457e-06	3706
513566	4.987890e-07	1.865443e-06	1.314386e-06	3706
521822	4.989278e-07	1.865457e-06	1.314314e-06	3706
530078	4.990666e-07	1.865470e-06	1.314242e-06	3706
538334	4.992054e-07	1.865483e-06	1.314171e-06	3706
546590	4.993441e-07	1.865497e-06	1.314099e-06	3706
554846	4.994829e-07	1.865510e-06	1.314027e-06	3706
563102	4.996216e-07	1.865524e-06	1.313955e-06	3706
571358	4.997604e-07	1.865537e-06	1.313883e-06	3706
579614	4.998992e-07	1.865550e-06	1.313812e-06	3706
587870	5.000379e-07	1.865564e-06	1.313740e-06	3706
596126	5.001766e-07	1.865577e-06	1.313668e-06	3706
604382	5.003153e-07	1.865591e-06	1.313596e-06	3706
612638	5.004540e-07	1.865604e-06	1.313524e-06	3706
620894	5.005926e-07	1.865618e-06	1.313452e-06	3706
629150	5.007313e-07	1.865631e-06	1.313380e-06	3706
637406	5.008699e-07	1.865644e-06	1.313308e-06	3706
645662	5.010086e-07	1.865658e-06	1.313236e-06	3706
653918	5.011472e-07	1.865671e-06	1.313164e-06	3706
662174	5.012858e-07	1.865685e-06	1.313092e-06	3706
670430	5.014244e-07	1.865698e-06	1.313020e-06	3706
678686	5.015630e-07	1.865712e-06	1.312948e-06	3706
686942	5.017016e-07	1.865725e-06	1.312876e-06	3706
695198	5.018402e-07	1.865739e-06	1.312804e-06	3706
703454	5.019788e-07	1.865752e-06	1.312732e-06	3706
711710	5.021173e-07	1.865766e-06	1.312659e-06	3706
719966	5.022559e-07	1.865779e-06	1.312587e-06	3706
728222	5.023944e-07	1.865793e-06	1.312515e-06	3706
736478	5.025329e-07	1.865806e-06	1.312443e-06	3706
744734	5.026714e-07	1.865820e-06	1.312371e-06	3706
752990	5.028099e-07	1.865833e-06	1.312298e-06	3706
761246	5.029484e-07	1.865847e-06	1.312226e-06	3706
769502	5.030869e-07	1.865860e-06	1.312154e-06	3706
777758	5.032254e-07	1.865874e-06	1.312082e-06	3706
786014	5.033638e-07	1.865887e-06	1.312009e-06	3706
794270	5.035023e-07	1.865901e-06	1.311937e-06	3706
802526	5.036407e-07	1.865914e-06	1.311865e-06	3706
810782	5.037792e-07	1.865928e-06	1.311792e-06	3706
819038	5.039176e-07	1.865941e-06	1.311720e-06	3706
827294	5.040559e-07	1.865955e-06	1.311647e-06	3706
835550	5.041944e-07	1.865968e-06	1.311575e-06	3706
843806	5.043328e-07	1.865982e-06	1.311502e-06	3706
852062	5.044711e-07	1.865995e-06	1.311430e-06	3706
860318	5.046095e-07	1.866009e-06	1.311357e-06	3706
868574	5.047478e-07	1.866023e-06	1.311285e-06	3706
876830	5.048862e-07	1.866036e-06	1.311212e-06	3706
885086	5.050245e-07	1.866050e-06	1.311140e-06	3706
893342	5.051629e-07	1.866063e-06	1.311067e-06	3706
901598	5.053012e-07	1.866077e-06	1.310995e-06	3706
909854	5.054395e-07	1.866090e-06	1.310922e-06	3706
918110	5.055777e-07	1.866104e-06	1.310849e-06	3706
926366	5.057160e-07	1.866117e-06	1.310777e-06	3706
934622	5.058542e-07	1.866131e-06	1.310704e-06	3706
942878	5.059925e-07	1.866145e-06	1.310631e-06	3706
951134	5.061308e-07	1.866158e-06	1.310558e-06	3706
959390	5.062690e-07	1.866172e-06	1.310486e-06	3706
967646	5.064072e-07	1.866185e-06	1.310413e-06	3706
975902	5.065455e-07	1.866199e-06	1.310340e-06	3706
984158	5.066836e-07	1.866213e-06	1.310267e-06	3706
992414	5.068218e-07	1.866226e-06	1.310195e-06	3706
1000670	5.069600e-07	1.866240e-06	1.310122e-06	3706
1008926	5.070982e-07	1.866253e-06	1.310049e-06	3706
1017182	5.072363e-07	1.866267e-06	1.309976e-06	3706
1025438	5.073745e-07	1.866281e-06	1.309903e-06	3706
1033694	5.075126e-07	1.866294e-06	1.309830e-06	3706
1041950	5.076507e-07	1.866308e-06	1.309757e-06	3706
1050206	5.077889e-07	1.866322e-06	1.309684e-06	3706
1058462	5.079270e-07	1.866335e-06	1.309611e-06	3706
1066718	5.080651e-07	1.866349e-06	1.309538e-06	3706
1074974	5.082031e-07	1.866362e-06	1.309465e-06	3706
1083230	5.083412e-07	1.866376e-06	1.309392e-06	3706
1091486	5.084793e-07	1.866390e-06	1.309319e-06	3706
1099742	5.086173e-07	1.866403e-06	1.309246e-06	3706
1107998	5.087554e-07	1.866417e-06	1.309173e-06	3706
1116254	5.088934e-07	1.866431e-06	1.309100e-06	3706
1124510	5.090314e-07	1.866444e-06	1.309027e-06	3706
1132766	5.091694e-07	1.866458e-06	1.308953e-06	3706
1141022	5.093074e-07	1.866472e-06	1.308880e-06	3706
1149278	5.094454e-07	1.866485e-06	1.308807e-06	3706
3299	5.862677e-07	1.866963e-06	1.287073e-06	7546
11555	5.864026e-07	1.866979e-06	1.286989e-06	7546
19811	5.865374e-07	1.866994e-06	1.286904e-06	7546
28067	5.866722e-07	1.867010e-06	1.286820e-06	7546
36323	5.868071e-07	1.867026e-06	1.286736e-06	7546
44579	5.869418e-07	1.867042e-06	1.286651e-06	7546
52835	5.870766e-07	1.867057e-06	1.286567e-06	7546
61091	5.872114e-07	1.867073e-06	1.286483e-06	7546
69347	5.873462e-07	1.867089e-06	1.286398e-06	7546
77603	5.874809e-07	1.867105e-06	1.286314e-06	7546
85859	5.876156e-07	1.867120e-06	1.286230e-06	7546
94115	5.877503e-07	1.867136e-06	1.286145e-06	7546
102371	5.878850e-07	1.867152e-06	1.286061e-06	7546
110627	5.880198e-07	1.867168e-06	1.285976e-06	7546
118883	5.881544e-07	1.867183e-06	1.285892e-06	7546
127139	5.882891e-07	1.867199e-06	1.285807e-06	7546
135395	5.884237e-07	1.867215e-06	1.285723e-06	7546
143651	5.885584e-07	1.867231e-06	1.285638e-06	7546
151907	5.886930e-07	1.867247e-06	1.285554e-06	7546
160163	5.888276e-07	1.867262e-06	1.285469e-06	7546
168419	5.889622e-07	1.867278e-06	1.285384e-06	7546
176675	5.890968e-07	1.867294e-06	1.285300e-06	7546
184931	5.892314e-07	1.867310e-06	1.285215e-06	7546
193187	5.893660e-07	1.867325e-06	1.285130e-06	7546
201443	5.895005e-07	1.867341e-06	1.285046e-06	7546
209699	5.896351e-07	1.867357e-06	1.284961e-06	7546
217955	5.897696e-07	1.867373e-06	1.284876e-06	7546
226211	5.899041e-07	1.867389e-06	1.284792e-06	7546
234467	5.900386e-07	1.867405e-06	1.284707e-06	7546
242723	5.901731e-07	1.867420e-06	1.284622e-06	7546
250979	5.903076e-07	1.867436e-06	1.284537e-06	7546
259235	5.904421e-07	1.867452e-06	1.284453e-06	7546
267491	5.905765e-07	1.867468e-06	1.284368e-06	7546
275747	5.907110e-07	1.867484e-06	1.284283e-06	7546
284003	5.908454e-07	1.867499e-06	1.284198e-06	7546
292259	5.909798e-07	1.867515e-06	1.284113e-06	7546
300515	5.911142e-07	1.867531e-06	1.284028e-06	7546
308771	5.912486e-07	1.867547e-06	1.283943e-06	7546
317027	5.913830e-07	1.867563e-06	1.283858e-06	7546
325283	5.915173e-07	1.867579e-06	1.283773e-06	7546
333539	5.916517e-07	1.867595e-06	1.283688e-06	7546
341795	5.917860e-07	1.867611e-06	1.283603e-06	7546
350051	5.919204e-07	1.867626e-06	1.283518e-06	7546
358307	5.920547e-07	1.867642e-06	1.283433e-06	7546
366563	5.921890e-07	1.867658e-06	1.283348e-06	7546
374819	5.923233e-07	1.867674e-06	1.283263e-06	7546
383075	5.924576e-07	1.867690e-06	1.283178e-06	7546
391331	5.925918e-07	1.867706e-06	1.283093e-06	7546
3593	7.072717e-07	1.867711e-06	1.245773e-06	8314
399587	5.927261e-07	1.867722e-06	1.283008e-06	7546
11849	7.074007e-07	1.867730e-06	1.245671e-06	8314
407843	5.928603e-07	1.867738e-06	1.282922e-06	7546
20105	7.075295e-07	1.867749e-06	1.245570e-06	8314
416099	5.929946e-07	1.867753e-06	1.282837e-06	7546
28361	7.076584e-07	1.867768e-06	1.245468e-06	8314
424355	5.931288e-07	1.867769e-06	1.282752e-06	7546
432611	5.932630e-07	1.867785e-06	1.282667e-06	7546
36617	7.077873e-07	1.867787e-06	1.245366e-06	8314
440867	5.933971e-07	1.867801e-06	1.282582e-06	7546
44873	7.079161e-07	1.867806e-06	1.245265e-06	8314
449123	5.935314e-07	1.867817e-06	1.282496e-06	7546
53129	7.080449e-07	1.867825e-06	1.245163e-06	8314
457379	5.936655e-07	1.867833e-06	1.282411e-06	7546
61385	7.081737e-07	1.867844e-06	1.245061e-06	8314
465635	5.937997e-07	1.867849e-06	1.282326e-06	7546
69641	7.083025e-07	1.867863e-06	1.244960e-06	8314
473891	5.939338e-07	1.867865e-06	1.282240e-06	7546
482147	5.940679e-07	1.867881e-06	1.282155e-06	7546
77897	7.084313e-07	1.867882e-06	1.244858e-06	8314
490403	5.942020e-07	1.867897e-06	1.282070e-06	7546
86153	7.085600e-07	1.867901e-06	1.244756e-06	8314
498659	5.943361e-07	1.867913e-06	1.281984e-06	7546
94409	7.086888e-07	1.867920e-06	1.244654e-06	8314
506915	5.944702e-07	1.867929e-06	1.281899e-06	7546
102665	7.088175e-07	1.867939e-06	1.244553e-06	8314
515171	5.946043e-07	1.867945e-06	1.281814e-06	7546
110921	7.089463e-07	1.867958e-06	1.244451e-06	8314
523427	5.947384e-07	1.867960e-06	1.281728e-06	7546
531683	5.948724e-07	1.867976e-06	1.281643e-06	7546
119177	7.090750e-07	1.867977e-06	1.244349e-06	8314
539939	5.950064e-07	1.867992e-06	1.281557e-06	7546
127433	7.092037e-07	1.867996e-06	1.244247e-06	8314
548195	5.951405e-07	1.868008e-06	1.281472e-06	7546
135689	7.093323e-07	1.868015e-06	1.244145e-06	8314
556451	5.952745e-07	1.868024e-06	1.281386e-06	7546
143945	7.094610e-07	1.868034e-06	1.244043e-06	8314
564707	5.954085e-07	1.868040e-06	1.281301e-06	7546
152201	7.095896e-07	1.868053e-06	1.243941e-06	8314
572963	5.955425e-07	1.868056e-06	1.281215e-06	7546
160457	7.097183e-07	1.868072e-06	1.243840e-06	8314
581219	5.956765e-07	1.868072e-06	1.281130e-06	7546
589475	5.958104e-07	1.868088e-06	1.281044e-06	7546
168713	7.098469e-07	1.868091e-06	1.243738e-06	8314
597731	5.959444e-07	1.868104e-06	1.280958e-06	7546
176969	7.099755e-07	1.868110e-06	1.243636e-06	8314
605987	5.960783e-07	1.868120e-06	1.280873e-06	7546
185225	7.101041e-07	1.868129e-06	1.243534e-06	8314
614243	5.962122e-07	1.868136e-06	1.280787e-06	7546
193481	7.102327e-07	1.868148e-06	1.243432e-06	8314
622499	5.963461e-07	1.868152e-06	1.280701e-06	7546
201737	7.103612e-07	1.868167e-06	1.243330e-06	8314
630755	5.964800e-07	1.868168e-06	1.280616e-06	7546
639011	5.966139e-07	1.868184e-06	1.280530e-06	7546
209993	7.104897e-07	1.868186e-06	1.243228e-06	8314
647267	5.967478e-07	1.868200e-06	1.280444e-06	7546
218249	7.106182e-07	1.868205e-06	1.243126e-06	8314
655523	5.968816e-07	1.868216e-06	1.280359e-06	7546
226505	7.107467e-07	1.868224e-06	1.243023e-06	8314
663779	5.970155e-07	1.868232e-06	1.280273e-06	7546
234761	7.108753e-07	1.868243e-06	1.242921e-06	8314
672035	5.971493e-07	1.868248e-06	1.280187e-06	7546
243017	7.110037e-07	1.868262e-06	1.242819e-06	8314
680291	5.972831e-07	1.868264e-06	1.280101e-06	7546
688547	5.974169e-07	1.868280e-06	1.280015e-06	7546
251273	7.111322e-07	1.868281e-06	1.242717e-06	8314
696803	5.975508e-07	1.868296e-06	1.279930e-06	7546
259529	7.112606e-07	1.868300e-06	1.242615e-06	8314
705059	5.976846e-07	1.868312e-06	1.279844e-06	7546
267785	7.113891e-07	1.868319e-06	1.242513e-06	8314
713315	5.978183e-07	1.868328e-06	1.279758e-06	7546
276041	7.115175e-07	1.868338e-06	1.242411e-06	8314
721571	5.979521e-07	1.868344e-06	1.279672e-06	7546
284297	7.116459e-07	1.868357e-06	1.242308e-06	8314
729827	5.980858e-07	1.868360e-06	1.279586e-06	7546
738083	5.982196e-07	1.868376e-06	1.279500e-06	7546
292553	7.117742e-07	1.868376e-06	1.242206e-06	8314
746339	5.983533e-07	1.868392e-06	1.279414e-06	7546
300809	7.119027e-07	1.868395e-06	1.242104e-06	8314
754595	5.984870e-07	1.868408e-06	1.279328e-06	7546
309065	7.120310e-07	1.868414e-06	1.242002e-06	8314
762851	5.986207e-07	1.868424e-06	1.279242e-06	7546
317321	7.121593e-07	1.868434e-06	1.241900e-06	8314
771107	5.987544e-07	1.868440e-06	1.279156e-06	7546
325577	7.122877e-07	1.868453e-06	1.241797e-06	8314
779363	5.988881e-07	1.868456e-06	1.279070e-06	7546
333833	7.124160e-07	1.868472e-06	1.241695e-06	8314
787619	5.990217e-07	1.868473e-06	1.278984e-06	7546
795875	5.991553e-07	1.868489e-06	1.278898e-06	7546
342089	7.125442e-07	1.868491e-06	1.241593e-06	8314
804131	5.992890e-07	1.868505e-06	1.278812e-06	7546
350345	7.126725e-07	1.868510e-06	1.241490e-06	8314
812387	5.994226e-07	1.868521e-06	1.278726e-06	7546
358601	7.128008e-07	1.868529e-06	1.241388e-06	8314
820643	5.995562e-07	1.868537e-06	1.278640e-06	7546
366857	7.129291e-07	1.868548e-06	1.241286e-06	8314
828899	5.996898e-07	1.868553e-06	1.278554e-06	7546
375113	7.130573e-07	1.868567e-06	1.241183e-06	8314
837155	5.998234e-07	1.868569e-06	1.278467e-06	7546
845411	5.999569e-07	1.868585e-06	1.278381e-06	7546
383369	7.131855e-07	1.868586e-06	1.241081e-06	8314
853667	6.000905e-07	1.868601e-06	1.278295e-06	7546
391625	7.133137e-07	1.868605e-06	1.240978e-06	8314
861923	6.002240e-07	1.868617e-06	1.278209e-06	7546
399881	7.134419e-07	1.868624e-06	1.240876e-06	8314
870179	6.003576e-07	1.868633e-06	1.278123e-06	7546
408137	7.135701e-07	1.868643e-06	1.240773e-06	8314
878435	6.004910e-07	1.868649e-06	1.278036e-06	7546
416393	7.136982e-07	1.868663e-06	1.240671e-06	8314
886691	6.006246e-07	1.868666e-06	1.277950e-06	7546
894947	6.007580e-07	1.868682e-06	1.277864e-06	7546
424649	7.138264e-07	1.868682e-06	1.240568e-06	8314
903203	6.008916e-07	1.868698e-06	1.277777e-06	7546
432905	7.139545e-07	1.868701e-06	1.240466e-06	8314
911459	6.010250e-07	1.868714e-06	1.277691e-06	7546
441161	7.140826e-07	1.868720e-06	1.240363e-06	8314
919715	6.011584e-07	1.868730e-06	1.277605e-06	7546
449417	7.142107e-07	1.868739e-06	1.240261e-06	8314
927971	6.012919e-07	1.868746e-06	1.277518e-06	7546
457673	7.143388e-07	1.868758e-06	1.240158e-06	8314
936227	6.014253e-07	1.868762e-06	1.277432e-06	7546
465929	7.144669e-07	1.868777e-06	1.240056e-06	8314
944483	6.015587e-07	1.868778e-06	1.277346e-06	7546
952739	6.016921e-07	1.868794e-06	1.277259e-06	7546
474185	7.145949e-07	1.868796e-06	1.239953e-06	8314
960995	6.018255e-07	1.868811e-06	1.277173e-06	7546
482441	7.147229e-07	1.868816e-06	1.239850e-06	8314
969251	6.019589e-07	1.868827e-06	1.277086e-06	7546
490697	7.148510e-07	1.868835e-06	1.239748e-06	8314
977507	6.020923e-07	1.868843e-06	1.277000e-06	7546
498953	7.149790e-07	1.868854e-06	1.239645e-06	8314
985763	6.022256e-07	1.868859e-06	1.276913e-06	7546
507209	7.151070e-07	1.868873e-06	1.239542e-06	8314
994019	6.023589e-07	1.868875e-06	1.276827e-06	7546
1002275	6.024923e-07	1.868891e-06	1.276740e-06	7546
515465	7.152349e-07	1.868892e-06	1.239439e-06	8314
1010531	6.026256e-07	1.868907e-06	1.276654e-06	7546
523721	7.153629e-07	1.868911e-06	1.239337e-06	8314
1018787	6.027589e-07	1.868924e-06	1.276567e-06	7546
531977	7.154908e-07	1.868930e-06	1.239234e-06	8314
1027043	6.028922e-07	1.868940e-06	1.276480e-06	7546
540233	7.156188e-07	1.868950e-06	1.239131e-06	8314
1035299	6.030254e-07	1.868956e-06	1.276394e-06	7546
548489	7.157467e-07	1.868969e-06	1.239029e-06	8314
1043555	6.031587e-07	1.868972e-06	1.276307e-06	7546
556745	7.158746e-07	1.868988e-06	1.238926e-06	8314
1051811	6.032919e-07	1.868988e-06	1.276220e-06	7546
1060067	6.034252e-07	1.869004e-06	1.276134e-06	7546
565001	7.160025e-07	1.869007e-06	1.238823e-06	8314
1068323	6.035584e-07	1.869021e-06	1.276047e-06	7546
573257	7.161304e-07	1.869026e-06	1.238720e-06	8314
1076579	6.036916e-07	1.869037e-06	1.275960e-06	7546
581513	7.162582e-07	1.869045e-06	1.238617e-06	8314
1084835	6.038248e-07	1.869053e-06	1.275874e-06	7546
589769	7.163861e-07	1.869065e-06	1.238514e-06	8314
1093091	6.039580e-07	1.869069e-06	1.275787e-06	7546
598025	7.165139e-07	1.869084e-06	1.238411e-06	8314
1101347	6.040912e-07	1.869085e-06	1.275700e-06	7546
1109603	6.042243e-07	1.869102e-06	1.275613e-06	7546
606281	7.166417e-07	1.869103e-06	1.238308e-06	8314
1117859	6.043574e-07	1.869118e-06	1.275527e-06	7546
614537	7.167695e-07	1.869122e-06	1.238206e-06	8314
1126115	6.044906e-07	1.869134e-06	1.275440e-06	7546
622793	7.168973e-07	1.869141e-06	1.238103e-06	8314
1134371	6.046237e-07	1.869150e-06	1.275353e-06	7546
631049	7.170250e-07	1.869161e-06	1.238000e-06	8314
1142627	6.047568e-07	1.869166e-06	1.275266e-06	7546
639305	7.171528e-07	1.869180e-06	1.237897e-06	8314
1150883	6.048899e-07	1.869183e-06	1.275179e-06	7546
647561	7.172805e-07	1.869199e-06	1.237794e-06	8314
655817	7.174082e-07	1.869218e-06	1.237691e-06	8314
664073	7.175359e-07	1.869237e-06	1.237588e-06	8314
672329	7.176636e-07	1.869257e-06	1.237485e-06	8314
680585	7.177913e-07	1.869276e-06	1.237381e-06	8314
688841	7.179189e-07	1.869295e-06	1.237278e-06	8314
697097	7.180466e-07	1.869314e-06	1.237175e-06	8314
705353	7.181742e-07	1.869333e-06	1.237072e-06	8314
713609	7.183018e-07	1.869353e-06	1.236969e-06	8314
721865	7.184294e-07	1.869372e-06	1.236866e-06	8314
730121	7.185570e-07	1.869391e-06	1.236763e-06	8314
738377	7.186845e-07	1.869410e-06	1.236659e-06	8314
746633	7.188121e-07	1.869430e-06	1.236556e-06	8314
754889	7.189396e-07	1.869449e-06	1.236453e-06	8314
763145	7.190671e-07	1.869468e-06	1.236350e-06	8314
771401	7.191946e-07	1.869487e-06	1.236246e-06	8314
779657	7.193221e-07	1.869507e-06	1.236143e-06	8314
787913	7.194496e-07	1.869526e-06	1.236040e-06	8314
796169	7.195770e-07	1.869545e-06	1.235936e-06	8314
804425	7.197045e-07	1.869564e-06	1.235833e-06	8314
812681	7.198319e-07	1.869584e-06	1.235730e-06	8314
820937	7.199594e-07	1.869603e-06	1.235626e-06	8314
829193	7.200867e-07	1.869622e-06	1.235523e-06	8314
837449	7.202141e-07	1.869642e-06	1.235419e-06	8314
845705	7.203415e-07	1.869661e-06	1.235316e-06	8314
853961	7.204688e-07	1.869680e-06	1.235212e-06	8314
862217	7.205962e-07	1.869699e-06	1.235109e-06	8314
870473	7.207234e-07	1.869719e-06	1.235006e-06	8314
878729	7.208508e-07	1.869738e-06	1.234902e-06	8314
886985	7.209781e-07	1.869757e-06	1.234798e-06	8314
895241	7.211053e-07	1.869777e-06	1.234695e-06	8314
903497	7.212326e-07	1.869796e-06	1.234591e-06	8314
911753	7.213598e-07	1.869815e-06	1.234488e-06	8314
920009	7.214871e-07	1.869835e-06	1.234384e-06	8314
928265	7.216142e-07	1.869854e-06	1.234280e-06	8314
936521	7.217415e-07	1.869873e-06	1.234177e-06	8314
944777	7.218686e-07	1.869893e-06	1.234073e-06	8314
953033	7.219958e-07	1.869912e-06	1.233970e-06	8314
961289	7.221229e-07	1.869931e-06	1.233866e-06	8314
969545	7.222501e-07	1.869951e-06	1.233762e-06	8314
977801	7.223772e-07	1.869970e-06	1.233658e-06	8314
986057	7.225043e-07	1.869989e-06	1.233555e-06	8314
994313	7.226314e-07	1.870009e-06	1.233451e-06	8314
1002569	7.227585e-07	1.870028e-06	1.233347e-06	8314
1010825	7.228855e-07	1.870047e-06	1.233243e-06	8314
1019081	7.230126e-07	1.870067e-06	1.233139e-06	8314
1027337	7.231396e-07	1.870086e-06	1.233036e-06	8314
1035593	7.232666e-07	1.870105e-06	1.232932e-06	8314
1043849	7.233936e-07	1.870125e-06	1.232828e-06	8314
1052105	7.235206e-07	1.870144e-06	1.232724e-06	8314
1060361	7.236475e-07	1.870163e-06	1.232620e-06	8314
1068617	7.237745e-07	1.870183e-06	1.232516e-06	8314
1076873	7.239015e-07	1.870202e-06	1.232412e-06	8314
1085129	7.240283e-07	1.870222e-06	1.232308e-06	8314
1093385	7.241553e-07	1.870241e-06	1.232204e-06	8314
1101641	7.242821e-07	1.870260e-06	1.232100e-06	8314
1109897	7.244090e-07	1.870280e-06	1.231996e-06	8314
3098	5.308775e-07	1.870298e-06	1.309224e-06	7034
1118153	7.245359e-07	1.870299e-06	1.231892e-06	8314
11354	5.310154e-07	1.870312e-06	1.309148e-06	7034
1126409	7.246627e-07	1.870319e-06	1.231788e-06	8314
19610	5.311533e-07	1.870326e-06	1.309072e-06	7034
1134665	7.247895e-07	1.870338e-06	1.231684e-06	8314
27866	5.312912e-07	1.870341e-06	1.308995e-06	7034
36122	5.314291e-07	1.870355e-06	1.308919e-06	7034
1142921	7.249163e-07	1.870357e-06	1.231580e-06	8314
44378	5.315670e-07	1.870369e-06	1.308843e-06	7034
1151177	7.250432e-07	1.870377e-06	1.231476e-06	8314
52634	5.317049e-07	1.870383e-06	1.308766e-06	7034
60890	5.318428e-07	1.870398e-06	1.308690e-06	7034
69146	5.319806e-07	1.870412e-06	1.308613e-06	7034
77402	5.321185e-07	1.870426e-06	1.308537e-06	7034
85658	5.322563e-07	1.870440e-06	1.308461e-06	7034
93914	5.323941e-07	1.870455e-06	1.308384e-06	7034
102170	5.325319e-07	1.870469e-06	1.308308e-06	7034
110426	5.326697e-07	1.870483e-06	1.308231e-06	7034
118682	5.328075e-07	1.870498e-06	1.308155e-06	7034
126938	5.329453e-07	1.870512e-06	1.308078e-06	7034
135194	5.330830e-07	1.870526e-06	1.308001e-06	7034
143450	5.332208e-07	1.870541e-06	1.307925e-06	7034
151706	5.333585e-07	1.870555e-06	1.307848e-06	7034
159962	5.334962e-07	1.870569e-06	1.307771e-06	7034
168218	5.336340e-07	1.870583e-06	1.307695e-06	7034
176474	5.337716e-07	1.870598e-06	1.307618e-06	7034
184730	5.339094e-07	1.870612e-06	1.307541e-06	7034
192986	5.340470e-07	1.870627e-06	1.307465e-06	7034
201242	5.341847e-07	1.870641e-06	1.307388e-06	7034
209498	5.343224e-07	1.870655e-06	1.307311e-06	7034
217754	5.344600e-07	1.870670e-06	1.307234e-06	7034
226010	5.345976e-07	1.870684e-06	1.307158e-06	7034
234266	5.347353e-07	1.870698e-06	1.307081e-06	7034
242522	5.348729e-07	1.870713e-06	1.307004e-06	7034
250778	5.350105e-07	1.870727e-06	1.306927e-06	7034
259034	5.351481e-07	1.870741e-06	1.306850e-06	7034
267290	5.352857e-07	1.870756e-06	1.306773e-06	7034
275546	5.354232e-07	1.870770e-06	1.306696e-06	7034
283802	5.355608e-07	1.870784e-06	1.306619e-06	7034
292058	5.356983e-07	1.870799e-06	1.306542e-06	7034
300314	5.358359e-07	1.870813e-06	1.306465e-06	7034
308570	5.359734e-07	1.870828e-06	1.306388e-06	7034
316826	5.361109e-07	1.870842e-06	1.306311e-06	7034
325082	5.362484e-07	1.870856e-06	1.306234e-06	7034
333338	5.363859e-07	1.870871e-06	1.306157e-06	7034
341594	5.365234e-07	1.870885e-06	1.306080e-06	7034
349850	5.366608e-07	1.870899e-06	1.306003e-06	7034
358106	5.367983e-07	1.870914e-06	1.305926e-06	7034
366362	5.369357e-07	1.870928e-06	1.305849e-06	7034
374618	5.370732e-07	1.870943e-06	1.305772e-06	7034
382874	5.372106e-07	1.870957e-06	1.305694e-06	7034
391130	5.373480e-07	1.870971e-06	1.305617e-06	7034
399386	5.374854e-07	1.870986e-06	1.305540e-06	7034
407642	5.376228e-07	1.871000e-06	1.305463e-06	7034
415898	5.377601e-07	1.871015e-06	1.305385e-06	7034
424154	5.378975e-07	1.871029e-06	1.305308e-06	7034
432410	5.380348e-07	1.871044e-06	1.305231e-06	7034
440666	5.381722e-07	1.871058e-06	1.305154e-06	7034
448922	5.383095e-07	1.871073e-06	1.305076e-06	7034
457178	5.384468e-07	1.871087e-06	1.304999e-06	7034
465434	5.385841e-07	1.871101e-06	1.304921e-06	7034
473690	5.387215e-07	1.871116e-06	1.304844e-06	7034
481946	5.388587e-07	1.871130e-06	1.304767e-06	7034
490202	5.389960e-07	1.871145e-06	1.304689e-06	7034
498458	5.391332e-07	1.871159e-06	1.304612e-06	7034
506714	5.392705e-07	1.871174e-06	1.304534e-06	7034
514970	5.394077e-07	1.871188e-06	1.304457e-06	7034
523226	5.395449e-07	1.871203e-06	1.304379e-06	7034
531482	5.396822e-07	1.871217e-06	1.304302e-06	7034
539738	5.398194e-07	1.871232e-06	1.304224e-06	7034
547994	5.399565e-07	1.871246e-06	1.304147e-06	7034
556250	5.400938e-07	1.871261e-06	1.304069e-06	7034
564506	5.402309e-07	1.871275e-06	1.303991e-06	7034
572762	5.403680e-07	1.871290e-06	1.303914e-06	7034
581018	5.405052e-07	1.871304e-06	1.303836e-06	7034
589274	5.406424e-07	1.871319e-06	1.303758e-06	7034
597530	5.407795e-07	1.871333e-06	1.303681e-06	7034
605786	5.409166e-07	1.871348e-06	1.303603e-06	7034
614042	5.410537e-07	1.871362e-06	1.303525e-06	7034
622298	5.411907e-07	1.871377e-06	1.303447e-06	7034
630554	5.413278e-07	1.871391e-06	1.303370e-06	7034
638810	5.414649e-07	1.871406e-06	1.303292e-06	7034
647066	5.416019e-07	1.871420e-06	1.303214e-06	7034
655322	5.417390e-07	1.871435e-06	1.303136e-06	7034
663578	5.418760e-07	1.871449e-06	1.303058e-06	7034
671834	5.420130e-07	1.871464e-06	1.302981e-06	7034
680090	5.421500e-07	1.871479e-06	1.302903e-06	7034
688346	5.422870e-07	1.871493e-06	1.302825e-06	7034
696602	5.424240e-07	1.871508e-06	1.302747e-06	7034
704858	5.425610e-07	1.871522e-06	1.302669e-06	7034
713114	5.426979e-07	1.871537e-06	1.302591e-06	7034
721370	5.428349e-07	1.871551e-06	1.302513e-06	7034
729626	5.429718e-07	1.871566e-06	1.302435e-06	7034
737882	5.431087e-07	1.871580e-06	1.302357e-06	7034
746138	5.432457e-07	1.871595e-06	1.302279e-06	7034
754394	5.433826e-07	1.871610e-06	1.302201e-06	7034
762650	5.435194e-07	1.871624e-06	1.302123e-06	7034
770906	5.436563e-07	1.871639e-06	1.302044e-06	7034
779162	5.437932e-07	1.871653e-06	1.301966e-06	7034
787418	5.439301e-07	1.871668e-06	1.301888e-06	7034
795674	5.440669e-07	1.871682e-06	1.301810e-06	7034
803930	5.442037e-07	1.871697e-06	1.301732e-06	7034
812186	5.443405e-07	1.871712e-06	1.301654e-06	7034
820442	5.444774e-07	1.871726e-06	1.301575e-06	7034
828698	5.446141e-07	1.871741e-06	1.301497e-06	7034
836954	5.447509e-07	1.871756e-06	1.301419e-06	7034
845210	5.448877e-07	1.871770e-06	1.301341e-06	7034
853466	5.450245e-07	1.871785e-06	1.301262e-06	7034
861722	5.451612e-07	1.871799e-06	1.301184e-06	7034
869978	5.452980e-07	1.871814e-06	1.301106e-06	7034
878234	5.454347e-07	1.871829e-06	1.301027e-06	7034
886490	5.455714e-07	1.871843e-06	1.300949e-06	7034
894746	5.457081e-07	1.871858e-06	1.300871e-06	7034
903002	5.458448e-07	1.871873e-06	1.300792e-06	7034
911258	5.459815e-07	1.871887e-06	1.300714e-06	7034
919514	5.461181e-07	1.871902e-06	1.300635e-06	7034
927770	5.462548e-07	1.871917e-06	1.300557e-06	7034
936026	5.463914e-07	1.871931e-06	1.300478e-06	7034
944282	5.465281e-07	1.871946e-06	1.300400e-06	7034
952538	5.466647e-07	1.871961e-06	1.300321e-06	7034
960794	5.468013e-07	1.871975e-06	1.300243e-06	7034
969050	5.469379e-07	1.871990e-06	1.300164e-06	7034
977306	5.470745e-07	1.872005e-06	1.300085e-06	7034
985562	5.472111e-07	1.872019e-06	1.300007e-06	7034
993818	5.473477e-07	1.872034e-06	1.299928e-06	7034
1002074	5.474842e-07	1.872049e-06	1.299849e-06	7034
1010330	5.476207e-07	1.872063e-06	1.299771e-06	7034
1018586	5.477573e-07	1.872078e-06	1.299692e-06	7034
1026842	5.478938e-07	1.872093e-06	1.299613e-06	7034
1035098	5.480303e-07	1.872107e-06	1.299535e-06	7034
1043354	5.481668e-07	1.872122e-06	1.299456e-06	7034
1051610	5.483033e-07	1.872137e-06	1.299377e-06	7034
1059866	5.484397e-07	1.872152e-06	1.299298e-06	7034
1068122	5.485762e-07	1.872166e-06	1.299220e-06	7034
1076378	5.487126e-07	1.872181e-06	1.299141e-06	7034
1084634	5.488491e-07	1.872196e-06	1.299062e-06	7034
1092890	5.489855e-07	1.872210e-06	1.298983e-06	7034
1101146	5.491219e-07	1.872225e-06	1.298904e-06	7034
1109402	5.492583e-07	1.872240e-06	1.298825e-06	7034
1117658	5.493947e-07	1.872255e-06	1.298746e-06	7034
1125914	5.495311e-07	1.872269e-06	1.298667e-06	7034
1134170	5.496674e-07	1.872284e-06	1.298588e-06	7034
1142426	5.498038e-07	1.872299e-06	1.298509e-06	7034
1150682	5.499401e-07	1.872314e-06	1.298430e-06	7034
1463	4.616909e-07	1.873167e-06	1.334992e-06	3194
9719	4.618324e-07	1.873179e-06	1.334925e-06	3194
17975	4.619739e-07	1.873192e-06	1.334859e-06	3194
26231	4.621155e-07	1.873204e-06	1.334793e-06	3194
34487	4.622570e-07	1.873216e-06	1.334726e-06	3194
42743	4.623985e-07	1.873229e-06	1.334660e-06	3194
50999	4.625400e-07	1.873241e-06	1.334593e-06	3194
59255	4.626815e-07	1.873254e-06	1.334527e-06	3194
67511	4.628230e-07	1.873266e-06	1.334460e-06	3194
75767	4.629645e-07	1.873279e-06	1.334394e-06	3194
84023	4.631059e-07	1.873291e-06	1.334327e-06	3194
92279	4.632474e-07	1.873303e-06	1.334260e-06	3194
100535	4.633888e-07	1.873316e-06	1.334194e-06	3194
108791	4.635303e-07	1.873328e-06	1.334127e-06	3194
117047	4.636717e-07	1.873341e-06	1.334061e-06	3194
125303	4.638131e-07	1.873353e-06	1.333994e-06	3194
133559	4.639545e-07	1.873366e-06	1.333927e-06	3194
141815	4.640959e-07	1.873378e-06	1.333860e-06	3194
150071	4.642372e-07	1.873391e-06	1.333794e-06	3194
158327	4.643786e-07	1.873403e-06	1.333727e-06	3194
166583	4.645200e-07	1.873416e-06	1.333660e-06	3194
174839	4.646614e-07	1.873428e-06	1.333593e-06	3194
183095	4.648027e-07	1.873441e-06	1.333527e-06	3194
191351	4.649440e-07	1.873453e-06	1.333460e-06	3194
199607	4.650853e-07	1.873466e-06	1.333393e-06	3194
207863	4.652267e-07	1.873478e-06	1.333326e-06	3194
216119	4.653680e-07	1.873491e-06	1.333259e-06	3194
224375	4.655093e-07	1.873503e-06	1.333192e-06	3194
232631	4.656505e-07	1.873516e-06	1.333126e-06	3194
240887	4.657918e-07	1.873528e-06	1.333059e-06	3194
249143	4.659331e-07	1.873541e-06	1.332992e-06	3194
257399	4.660743e-07	1.873553e-06	1.332925e-06	3194
265655	4.662156e-07	1.873566e-06	1.332858e-06	3194
273911	4.663568e-07	1.873578e-06	1.332790e-06	3194
282167	4.664981e-07	1.873591e-06	1.332724e-06	3194
290423	4.666392e-07	1.873603e-06	1.332656e-06	3194
298679	4.667804e-07	1.873616e-06	1.332589e-06	3194
306935	4.669216e-07	1.873628e-06	1.332522e-06	3194
315191	4.670628e-07	1.873641e-06	1.332455e-06	3194
323447	4.672040e-07	1.873653e-06	1.332388e-06	3194
331703	4.673452e-07	1.873666e-06	1.332321e-06	3194
339959	4.674863e-07	1.873679e-06	1.332254e-06	3194
348215	4.676275e-07	1.873691e-06	1.332186e-06	3194
356471	4.677686e-07	1.873704e-06	1.332119e-06	3194
364727	4.679097e-07	1.873716e-06	1.332052e-06	3194
372983	4.680508e-07	1.873729e-06	1.331985e-06	3194
381239	4.681920e-07	1.873741e-06	1.331917e-06	3194
389495	4.683330e-07	1.873754e-06	1.331850e-06	3194
397751	4.684741e-07	1.873767e-06	1.331783e-06	3194
406007	4.686152e-07	1.873779e-06	1.331715e-06	3194
414263	4.687563e-07	1.873792e-06	1.331648e-06	3194
422519	4.688973e-07	1.873804e-06	1.331581e-06	3194
430775	4.690384e-07	1.873817e-06	1.331513e-06	3194
439031	4.691794e-07	1.873830e-06	1.331446e-06	3194
447287	4.693204e-07	1.873842e-06	1.331378e-06	3194
455543	4.694614e-07	1.873855e-06	1.331311e-06	3194
463799	4.696024e-07	1.873868e-06	1.331243e-06	3194
472055	4.697434e-07	1.873880e-06	1.331176e-06	3194
480311	4.698844e-07	1.873893e-06	1.331108e-06	3194
488567	4.700254e-07	1.873905e-06	1.331041e-06	3194
496823	4.701664e-07	1.873918e-06	1.330973e-06	3194
505079	4.703073e-07	1.873931e-06	1.330906e-06	3194
513335	4.704483e-07	1.873943e-06	1.330838e-06	3194
521591	4.705892e-07	1.873956e-06	1.330770e-06	3194
529847	4.707301e-07	1.873969e-06	1.330703e-06	3194
538103	4.708710e-07	1.873981e-06	1.330635e-06	3194
546359	4.710120e-07	1.873994e-06	1.330567e-06	3194
554615	4.711528e-07	1.874007e-06	1.330500e-06	3194
562871	4.712937e-07	1.874019e-06	1.330432e-06	3194
571127	4.714346e-07	1.874032e-06	1.330364e-06	3194
579383	4.715755e-07	1.874045e-06	1.330296e-06	3194
587639	4.717163e-07	1.874057e-06	1.330229e-06	3194
595895	4.718572e-07	1.874070e-06	1.330161e-06	3194
604151	4.719980e-07	1.874082e-06	1.330093e-06	3194
612407	4.721388e-07	1.874095e-06	1.330025e-06	3194
620663	4.722797e-07	1.874108e-06	1.329957e-06	3194
628919	4.724205e-07	1.874121e-06	1.329889e-06	3194
637175	4.725612e-07	1.874133e-06	1.329821e-06	3194
645431	4.727020e-07	1.874146e-06	1.329753e-06	3194
653687	4.728428e-07	1.874159e-06	1.329685e-06	3194
661943	4.729835e-07	1.874171e-06	1.329617e-06	3194
670199	4.731243e-07	1.874184e-06	1.329549e-06	3194
678455	4.732651e-07	1.874197e-06	1.329482e-06	3194
686711	4.734058e-07	1.874209e-06	1.329414e-06	3194
694967	4.735465e-07	1.874222e-06	1.329345e-06	3194
703223	4.736872e-07	1.874235e-06	1.329277e-06	3194
711479	4.738279e-07	1.874248e-06	1.329209e-06	3194
719735	4.739686e-07	1.874260e-06	1.329141e-06	3194
727991	4.741093e-07	1.874273e-06	1.329073e-06	3194
736247	4.742500e-07	1.874286e-06	1.329005e-06	3194
744503	4.743906e-07	1.874299e-06	1.328937e-06	3194
752759	4.745313e-07	1.874311e-06	1.328869e-06	3194
761015	4.746719e-07	1.874324e-06	1.328800e-06	3194
769271	4.748126e-07	1.874337e-06	1.328732e-06	3194
777527	4.749532e-07	1.874350e-06	1.328664e-06	3194
785783	4.750938e-07	1.874362e-06	1.328595e-06	3194
794039	4.752344e-07	1.874375e-06	1.328527e-06	3194
802295	4.753750e-07	1.874388e-06	1.328459e-06	3194
810551	4.755156e-07	1.874401e-06	1.328391e-06	3194
818807	4.756562e-07	1.874414e-06	1.328322e-06	3194
827063	4.757967e-07	1.874426e-06	1.328254e-06	3194
835319	4.759373e-07	1.874439e-06	1.328185e-06	3194
843575	4.760778e-07	1.874452e-06	1.328117e-06	3194
851831	4.762183e-07	1.874465e-06	1.328048e-06	3194
860087	4.763588e-07	1.874477e-06	1.327980e-06	3194
868343	4.764994e-07	1.874490e-06	1.327912e-06	3194
876599	4.766399e-07	1.874503e-06	1.327843e-06	3194
884855	4.767803e-07	1.874516e-06	1.327775e-06	3194
893111	4.769208e-07	1.874529e-06	1.327706e-06	3194
901367	4.770613e-07	1.874542e-06	1.327638e-06	3194
909623	4.772018e-07	1.874554e-06	1.327569e-06	3194
917879	4.773422e-07	1.874567e-06	1.327500e-06	3194
926135	4.774827e-07	1.874580e-06	1.327432e-06	3194
934391	4.776231e-07	1.874593e-06	1.327363e-06	3194
942647	4.777635e-07	1.874606e-06	1.327294e-06	3194
950903	4.779039e-07	1.874619e-06	1.327226e-06	3194
959159	4.780443e-07	1.874631e-06	1.327157e-06	3194
967415	4.781847e-07	1.874644e-06	1.327088e-06	3194
975671	4.783251e-07	1.874657e-06	1.327020e-06	3194
983927	4.784654e-07	1.874670e-06	1.326951e-06	3194
992183	4.786058e-07	1.874683e-06	1.326882e-06	3194
1000439	4.787461e-07	1.874696e-06	1.326813e-06	3194
1008695	4.788865e-07	1.874708e-06	1.326744e-06	3194
1016951	4.790268e-07	1.874721e-06	1.326675e-06	3194
1025207	4.791671e-07	1.874734e-06	1.326607e-06	3194
1033463	4.793075e-07	1.874747e-06	1.326538e-06	3194
1041719	4.794477e-07	1.874760e-06	1.326469e-06	3194
1049975	4.795880e-07	1.874773e-06	1.326400e-06	3194
1058231	4.797283e-07	1.874786e-06	1.326331e-06	3194
1066487	4.798686e-07	1.874799e-06	1.326262e-06	3194
1074743	4.800088e-07	1.874811e-06	1.326193e-06	3194
1082999	4.801491e-07	1.874824e-06	1.326124e-06	3194
1091255	4.802893e-07	1.874837e-06	1.326055e-06	3194
1099511	4.804295e-07	1.874850e-06	1.325986e-06	3194
1107767	4.805697e-07	1.874863e-06	1.325917e-06	3194
1116023	4.807100e-07	1.874876e-06	1.325848e-06	3194
1124279	4.808501e-07	1.874889e-06	1.325779e-06	3194
1132535	4.809903e-07	1.874902e-06	1.325710e-06	3194
1140791	4.811305e-07	1.874915e-06	1.325640e-06	3194
1149047	4.812707e-07	1.874928e-06	1.325571e-06	3194
1579	5.104102e-07	1.879791e-06	1.323657e-06	3450
9835	5.105500e-07	1.879805e-06	1.323584e-06	3450
18091	5.106897e-07	1.879818e-06	1.323511e-06	3450
26347	5.108294e-07	1.879832e-06	1.323437e-06	3450
34603	5.109691e-07	1.879846e-06	1.323364e-06	3450
42859	5.111089e-07	1.879859e-06	1.323290e-06	3450
51115	5.112485e-07	1.879873e-06	1.323217e-06	3450
59371	5.113882e-07	1.879887e-06	1.323143e-06	3450
67627	5.115279e-07	1.879901e-06	1.323070e-06	3450
75883	5.116676e-07	1.879915e-06	1.322996e-06	3450
84139	5.118072e-07	1.879928e-06	1.322923e-06	3450
92395	5.119468e-07	1.879942e-06	1.322849e-06	3450
100651	5.120864e-07	1.879956e-06	1.322776e-06	3450
108907	5.122261e-07	1.879969e-06	1.322702e-06	3450
117163	5.123657e-07	1.879983e-06	1.322628e-06	3450
125419	5.125053e-07	1.879997e-06	1.322555e-06	3450
133675	5.126449e-07	1.880011e-06	1.322481e-06	3450
141931	5.127844e-07	1.880024e-06	1.322407e-06	3450
150187	5.129240e-07	1.880038e-06	1.322334e-06	3450
158443	5.130636e-07	1.880052e-06	1.322260e-06	3450
166699	5.132031e-07	1.880066e-06	1.322186e-06	3450
174955	5.133426e-07	1.880080e-06	1.322112e-06	3450
183211	5.134822e-07	1.880093e-06	1.322039e-06	3450
191467	5.136217e-07	1.880107e-06	1.321965e-06	3450
199723	5.137612e-07	1.880121e-06	1.321891e-06	3450
207979	5.139007e-07	1.880135e-06	1.321817e-06	3450
216235	5.140401e-07	1.880149e-06	1.321743e-06	3450
224491	5.141796e-07	1.880162e-06	1.321669e-06	3450
232747	5.143190e-07	1.880176e-06	1.321596e-06	3450
241003	5.144585e-07	1.880190e-06	1.321522e-06	3450
249259	5.145979e-07	1.880204e-06	1.321448e-06	3450
257515	5.147373e-07	1.880218e-06	1.321374e-06	3450
265771	5.148767e-07	1.880231e-06	1.321300e-06	3450
274027	5.150162e-07	1.880245e-06	1.321226e-06	3450
282283	5.151555e-07	1.880259e-06	1.321152e-06	3450
290539	5.152949e-07	1.880273e-06	1.321078e-06	3450
298795	5.154343e-07	1.880287e-06	1.321004e-06	3450
307051	5.155736e-07	1.880301e-06	1.320930e-06	3450
315307	5.157130e-07	1.880314e-06	1.320855e-06	3450
323563	5.158523e-07	1.880328e-06	1.320781e-06	3450
331819	5.159916e-07	1.880342e-06	1.320707e-06	3450
340075	5.161310e-07	1.880356e-06	1.320633e-06	3450
348331	5.162702e-07	1.880370e-06	1.320559e-06	3450
356587	5.164096e-07	1.880384e-06	1.320485e-06	3450
364843	5.165488e-07	1.880398e-06	1.320410e-06	3450
373099	5.166881e-07	1.880411e-06	1.320336e-06	3450
381355	5.168274e-07	1.880425e-06	1.320262e-06	3450
389611	5.169666e-07	1.880439e-06	1.320188e-06	3450
397867	5.171058e-07	1.880453e-06	1.320113e-06	3450
406123	5.172450e-07	1.880467e-06	1.320039e-06	3450
414379	5.173843e-07	1.880481e-06	1.319965e-06	3450
422635	5.175235e-07	1.880495e-06	1.319890e-06	3450
430891	5.176626e-07	1.880509e-06	1.319816e-06	3450
439147	5.178018e-07	1.880523e-06	1.319742e-06	3450
447403	5.179410e-07	1.880536e-06	1.319667e-06	3450
455659	5.180801e-07	1.880550e-06	1.319593e-06	3450
463915	5.182193e-07	1.880564e-06	1.319518e-06	3450
472171	5.183584e-07	1.880578e-06	1.319444e-06	3450
480427	5.184975e-07	1.880592e-06	1.319369e-06	3450
488683	5.186367e-07	1.880606e-06	1.319295e-06	3450
496939	5.187758e-07	1.880620e-06	1.319220e-06	3450
505195	5.189149e-07	1.880634e-06	1.319146e-06	3450
513451	5.190539e-07	1.880648e-06	1.319071e-06	3450
521707	5.191930e-07	1.880662e-06	1.318996e-06	3450
529963	5.193320e-07	1.880676e-06	1.318922e-06	3450
538219	5.194711e-07	1.880690e-06	1.318847e-06	3450
546475	5.196101e-07	1.880704e-06	1.318772e-06	3450
554731	5.197492e-07	1.880717e-06	1.318698e-06	3450
562987	5.198881e-07	1.880731e-06	1.318623e-06	3450
571243	5.200272e-07	1.880745e-06	1.318548e-06	3450
579499	5.201662e-07	1.880759e-06	1.318474e-06	3450
587755	5.203052e-07	1.880773e-06	1.318399e-06	3450
596011	5.204441e-07	1.880787e-06	1.318324e-06	3450
604267	5.205831e-07	1.880801e-06	1.318249e-06	3450
612523	5.207220e-07	1.880815e-06	1.318174e-06	3450
620779	5.208610e-07	1.880829e-06	1.318100e-06	3450
629035	5.209999e-07	1.880843e-06	1.318025e-06	3450
637291	5.211388e-07	1.880857e-06	1.317950e-06	3450
645547	5.212777e-07	1.880871e-06	1.317875e-06	3450
653803	5.214166e-07	1.880885e-06	1.317800e-06	3450
662059	5.215555e-07	1.880899e-06	1.317725e-06	3450
670315	5.216943e-07	1.880913e-06	1.317650e-06	3450
678571	5.218332e-07	1.880927e-06	1.317575e-06	3450
686827	5.219720e-07	1.880941e-06	1.317500e-06	3450
695083	5.221109e-07	1.880955e-06	1.317425e-06	3450
703339	5.222497e-07	1.880969e-06	1.317350e-06	3450
711595	5.223885e-07	1.880983e-06	1.317275e-06	3450
719851	5.225273e-07	1.880997e-06	1.317200e-06	3450
728107	5.226661e-07	1.881011e-06	1.317125e-06	3450
736363	5.228049e-07	1.881025e-06	1.317050e-06	3450
744619	5.229437e-07	1.881039e-06	1.316975e-06	3450
752875	5.230824e-07	1.881053e-06	1.316899e-06	3450
761131	5.232212e-07	1.881067e-06	1.316824e-06	3450
769387	5.233599e-07	1.881082e-06	1.316749e-06	3450
777643	5.234986e-07	1.881096e-06	1.316674e-06	3450
785899	5.236373e-07	1.881110e-06	1.316599e-06	3450
794155	5.237760e-07	1.881124e-06	1.316523e-06	3450
802411	5.239147e-07	1.881138e-06	1.316448e-06	3450
810667	5.240534e-07	1.881152e-06	1.316373e-06	3450
818923	5.241920e-07	1.881166e-06	1.316297e-06	3450
827179	5.243307e-07	1.881180e-06	1.316222e-06	3450
835435	5.244694e-07	1.881194e-06	1.316147e-06	3450
843691	5.246080e-07	1.881208e-06	1.316071e-06	3450
851947	5.247466e-07	1.881222e-06	1.315996e-06	3450
860203	5.248853e-07	1.881236e-06	1.315920e-06	3450
868459	5.250238e-07	1.881250e-06	1.315845e-06	3450
876715	5.251624e-07	1.881264e-06	1.315770e-06	3450
884971	5.253010e-07	1.881279e-06	1.315694e-06	3450
893227	5.254396e-07	1.881293e-06	1.315619e-06	3450
901483	5.255781e-07	1.881307e-06	1.315543e-06	3450
909739	5.257166e-07	1.881321e-06	1.315468e-06	3450
917995	5.258552e-07	1.881335e-06	1.315392e-06	3450
926251	5.259937e-07	1.881349e-06	1.315316e-06	3450
934507	5.261322e-07	1.881363e-06	1.315241e-06	3450
942763	5.262708e-07	1.881377e-06	1.315165e-06	3450
951019	5.264092e-07	1.881392e-06	1.315090e-06	3450
959275	5.265477e-07	1.881406e-06	1.315014e-06	3450
967531	5.266862e-07	1.881420e-06	1.314938e-06	3450
975787	5.268246e-07	1.881434e-06	1.314863e-06	3450
984043	5.269630e-07	1.881448e-06	1.314787e-06	3450
992299	5.271015e-07	1.881462e-06	1.314711e-06	3450
1000555	5.272399e-07	1.881476e-06	1.314635e-06	3450
1008811	5.273783e-07	1.881490e-06	1.314560e-06	3450
1017067	5.275167e-07	1.881505e-06	1.314484e-06	3450
1025323	5.276551e-07	1.881519e-06	1.314408e-06	3450
1033579	5.277935e-07	1.881533e-06	1.314332e-06	3450
1041835	5.279319e-07	1.881547e-06	1.314256e-06	3450
1050091	5.280702e-07	1.881561e-06	1.314180e-06	3450
1058347	5.282085e-07	1.881575e-06	1.314104e-06	3450
1066603	5.283469e-07	1.881590e-06	1.314029e-06	3450
1074859	5.284852e-07	1.881604e-06	1.313953e-06	3450
1083115	5.286235e-07	1.881618e-06	1.313877e-06	3450
1091371	5.287618e-07	1.881632e-06	1.313801e-06	3450
1099627	5.289001e-07	1.881646e-06	1.313725e-06	3450
1107883	5.290384e-07	1.881661e-06	1.313649e-06	3450
1116139	5.291766e-07	1.881675e-06	1.313573e-06	3450
1124395	5.293149e-07	1.881689e-06	1.313497e-06	3450
1132651	5.294531e-07	1.881703e-06	1.313421e-06	3450
1140907	5.295914e-07	1.881717e-06	1.313344e-06	3450
1149163	5.297296e-07	1.881732e-06	1.313268e-06	3450
2026	4.199082e-07	1.884463e-06	1.358700e-06	4467
10282	4.200529e-07	1.884475e-06	1.358640e-06	4467
18538	4.201975e-07	1.884486e-06	1.358579e-06	4467
26794	4.203421e-07	1.884497e-06	1.358519e-06	4467
35050	4.204868e-07	1.884509e-06	1.358458e-06	4467
43306	4.206314e-07	1.884520e-06	1.358398e-06	4467
51562	4.207760e-07	1.884531e-06	1.358337e-06	4467
59818	4.209206e-07	1.884543e-06	1.358277e-06	4467
68074	4.210652e-07	1.884554e-06	1.358216e-06	4467
76330	4.212097e-07	1.884565e-06	1.358156e-06	4467
84586	4.213543e-07	1.884577e-06	1.358095e-06	4467
92842	4.214989e-07	1.884588e-06	1.358035e-06	4467
101098	4.216434e-07	1.884599e-06	1.357974e-06	4467
109354	4.217880e-07	1.884611e-06	1.357913e-06	4467
117610	4.219325e-07	1.884622e-06	1.357853e-06	4467
125866	4.220770e-07	1.884633e-06	1.357792e-06	4467
134122	4.222215e-07	1.884645e-06	1.357731e-06	4467
142378	4.223660e-07	1.884656e-06	1.357670e-06	4467
150634	4.225105e-07	1.884667e-06	1.357610e-06	4467
158890	4.226550e-07	1.884679e-06	1.357549e-06	4467
167146	4.227995e-07	1.884690e-06	1.357488e-06	4467
175402	4.229440e-07	1.884702e-06	1.357427e-06	4467
183658	4.230884e-07	1.884713e-06	1.357367e-06	4467
191914	4.232329e-07	1.884724e-06	1.357306e-06	4467
200170	4.233773e-07	1.884736e-06	1.357245e-06	4467
208426	4.235218e-07	1.884747e-06	1.357184e-06	4467
216682	4.236662e-07	1.884758e-06	1.357123e-06	4467
224938	4.238106e-07	1.884770e-06	1.357062e-06	4467
233194	4.239550e-07	1.884781e-06	1.357001e-06	4467
241450	4.240994e-07	1.884793e-06	1.356940e-06	4467
249706	4.242438e-07	1.884804e-06	1.356879e-06	4467
257962	4.243882e-07	1.884816e-06	1.356818e-06	4467
266218	4.245325e-07	1.884827e-06	1.356757e-06	4467
274474	4.246769e-07	1.884838e-06	1.356696e-06	4467
282730	4.248213e-07	1.884850e-06	1.356635e-06	4467
290986	4.249656e-07	1.884861e-06	1.356574e-06	4467
299242	4.251100e-07	1.884873e-06	1.356513e-06	4467
307498	4.252543e-07	1.884884e-06	1.356452e-06	4467
315754	4.253986e-07	1.884896e-06	1.356391e-06	4467
324010	4.255429e-07	1.884907e-06	1.356329e-06	4467
332266	4.256872e-07	1.884918e-06	1.356268e-06	4467
340522	4.258315e-07	1.884930e-06	1.356207e-06	4467
348778	4.259758e-07	1.884941e-06	1.356146e-06	4467
357034	4.261200e-07	1.884953e-06	1.356085e-06	4467
365290	4.262643e-07	1.884964e-06	1.356023e-06	4467
373546	4.264085e-07	1.884976e-06	1.355962e-06	4467
381802	4.265528e-07	1.884987e-06	1.355901e-06	4467
390058	4.266970e-07	1.884999e-06	1.355839e-06	4467
398314	4.268413e-07	1.885010e-06	1.355778e-06	4467
406570	4.269855e-07	1.885022e-06	1.355717e-06	4467
414826	4.271297e-07	1.885033e-06	1.355655e-06	4467
423082	4.272739e-07	1.885045e-06	1.355594e-06	4467
431338	4.274181e-07	1.885056e-06	1.355532e-06	4467
439594	4.275622e-07	1.885068e-06	1.355471e-06	4467
447850	4.277064e-07	1.885079e-06	1.355409e-06	4467
456106	4.278506e-07	1.885091e-06	1.355348e-06	4467
464362	4.279947e-07	1.885102e-06	1.355286e-06	4467
472618	4.281389e-07	1.885114e-06	1.355225e-06	4467
480874	4.282830e-07	1.885125e-06	1.355163e-06	4467
489130	4.284271e-07	1.885137e-06	1.355102e-06	4467
497386	4.285713e-07	1.885148e-06	1.355040e-06	4467
505642	4.287154e-07	1.885160e-06	1.354978e-06	4467
513898	4.288595e-07	1.885171e-06	1.354917e-06	4467
522154	4.290036e-07	1.885183e-06	1.354855e-06	4467
530410	4.291476e-07	1.885194e-06	1.354793e-06	4467
538666	4.292917e-07	1.885206e-06	1.354732e-06	4467
546922	4.294358e-07	1.885217e-06	1.354670e-06	4467
555178	4.295798e-07	1.885229e-06	1.354608e-06	4467
563434	4.297239e-07	1.885241e-06	1.354546e-06	4467
571690	4.298679e-07	1.885252e-06	1.354485e-06	4467
579946	4.300119e-07	1.885264e-06	1.354423e-06	4467
588202	4.301559e-07	1.885275e-06	1.354361e-06	4467
596458	4.302999e-07	1.885287e-06	1.354299e-06	4467
604714	4.304439e-07	1.885299e-06	1.354237e-06	4467
612970	4.305879e-07	1.885310e-06	1.354175e-06	4467
621226	4.307319e-07	1.885322e-06	1.354113e-06	4467
629482	4.308759e-07	1.885333e-06	1.354052e-06	4467
637738	4.310198e-07	1.885345e-06	1.353990e-06	4467
645994	4.311638e-07	1.885356e-06	1.353928e-06	4467
654250	4.313077e-07	1.885368e-06	1.353866e-06	4467
662506	4.314517e-07	1.885380e-06	1.353804e-06	4467
670762	4.315956e-07	1.885391e-06	1.353742e-06	4467
679018	4.317395e-07	1.885403e-06	1.353680e-06	4467
687274	4.318834e-07	1.885414e-06	1.353617e-06	4467
695530	4.320273e-07	1.885426e-06	1.353555e-06	4467
703786	4.321712e-07	1.885438e-06	1.353493e-06	4467
712042	4.323151e-07	1.885449e-06	1.353431e-06	4467
720298	4.324589e-07	1.885461e-06	1.353369e-06	4467
728554	4.326028e-07	1.885473e-06	1.353307e-06	4467
736810	4.327466e-07	1.885484e-06	1.353244e-06	4467
745066	4.328905e-07	1.885496e-06	1.353182e-06	4467
753322	4.330343e-07	1.885507e-06	1.353120e-06	4467
761578	4.331781e-07	1.885519e-06	1.353058e-06	4467
769834	4.333220e-07	1.885531e-06	1.352995e-06	4467
778090	4.334657e-07	1.885542e-06	1.352933e-06	4467
786346	4.336096e-07	1.885554e-06	1.352871e-06	4467
794602	4.337533e-07	1.885566e-06	1.352808e-06	4467
802858	4.338971e-07	1.885577e-06	1.352746e-06	4467
811114	4.340409e-07	1.885589e-06	1.352684e-06	4467
819370	4.341846e-07	1.885601e-06	1.352621e-06	4467
827626	4.343284e-07	1.885613e-06	1.352559e-06	4467
835882	4.344721e-07	1.885624e-06	1.352496e-06	4467
844138	4.346159e-07	1.885636e-06	1.352434e-06	4467
852394	4.347596e-07	1.885648e-06	1.352371e-06	4467
860650	4.349033e-07	1.885659e-06	1.352309e-06	4467
868906	4.350470e-07	1.885671e-06	1.352246e-06	4467
877162	4.351907e-07	1.885683e-06	1.352184e-06	4467
885418	4.353344e-07	1.885694e-06	1.352121e-06	4467
893674	4.354780e-07	1.885706e-06	1.352059e-06	4467
901930	4.356217e-07	1.885718e-06	1.351996e-06	4467
910186	4.357653e-07	1.885729e-06	1.351933e-06	4467
918442	4.359090e-07	1.885741e-06	1.351871e-06	4467
926698	4.360526e-07	1.885753e-06	1.351808e-06	4467
934954	4.361963e-07	1.885765e-06	1.351745e-06	4467
943210	4.363399e-07	1.885776e-06	1.351683e-06	4467
951466	4.364835e-07	1.885788e-06	1.351620e-06	4467
959722	4.366271e-07	1.885800e-06	1.351557e-06	4467
967978	4.367707e-07	1.885812e-06	1.351494e-06	4467
976234	4.369143e-07	1.885823e-06	1.351431e-06	4467
984490	4.370578e-07	1.885835e-06	1.351369e-06	4467
992746	4.372014e-07	1.885847e-06	1.351306e-06	4467
1001002	4.373449e-07	1.885859e-06	1.351243e-06	4467
1009258	4.374885e-07	1.885870e-06	1.351180e-06	4467
1017514	4.376320e-07	1.885882e-06	1.351117e-06	4467
1025770	4.377756e-07	1.885894e-06	1.351054e-06	4467
1034026	4.379191e-07	1.885906e-06	1.350991e-06	4467
1042282	4.380626e-07	1.885917e-06	1.350928e-06	4467
1050538	4.382061e-07	1.885929e-06	1.350865e-06	4467
1058794	4.383496e-07	1.885941e-06	1.350802e-06	4467
1067050	4.384930e-07	1.885953e-06	1.350739e-06	4467
1075306	4.386365e-07	1.885965e-06	1.350676e-06	4467
1083562	4.387799e-07	1.885976e-06	1.350613e-06	4467
1091818	4.389234e-07	1.885988e-06	1.350550e-06	4467
1100074	4.390669e-07	1.886000e-06	1.350487e-06	4467
1108330	4.392103e-07	1.886012e-06	1.350424e-06	4467
1116586	4.393537e-07	1.886024e-06	1.350361e-06	4467
1124842	4.394971e-07	1.886035e-06	1.350298e-06	4467
1133098	4.396405e-07	1.886047e-06	1.350234e-06	4467
1141354	4.397839e-07	1.886059e-06	1.350171e-06	4467
1149610	4.399273e-07	1.886071e-06	1.350108e-06	4467
7935	5.568245e-07	1.887381e-06	1.295778e-06	26732
16191	5.569600e-07	1.887396e-06	1.295698e-06	26732
24447	5.570956e-07	1.887411e-06	1.295618e-06	26732
32703	5.572311e-07	1.887426e-06	1.295538e-06	26732
40959	5.573666e-07	1.887440e-06	1.295458e-06	26732
49215	5.575021e-07	1.887455e-06	1.295378e-06	26732
57471	5.576376e-07	1.887470e-06	1.295298e-06	26732
65727	5.577731e-07	1.887485e-06	1.295218e-06	26732
73983	5.579085e-07	1.887500e-06	1.295138e-06	26732
82239	5.580440e-07	1.887515e-06	1.295057e-06	26732
90495	5.581794e-07	1.887530e-06	1.294977e-06	26732
98751	5.583149e-07	1.887545e-06	1.294897e-06	26732
107007	5.584503e-07	1.887560e-06	1.294817e-06	26732
115263	5.585857e-07	1.887575e-06	1.294736e-06	26732
123519	5.587211e-07	1.887590e-06	1.294656e-06	26732
131775	5.588565e-07	1.887605e-06	1.294576e-06	26732
140031	5.589918e-07	1.887620e-06	1.294496e-06	26732
148287	5.591272e-07	1.887635e-06	1.294415e-06	26732
156543	5.592626e-07	1.887650e-06	1.294335e-06	26732
164799	5.593978e-07	1.887665e-06	1.294255e-06	26732
173055	5.595332e-07	1.887680e-06	1.294174e-06	26732
181311	5.596685e-07	1.887695e-06	1.294094e-06	26732
189567	5.598038e-07	1.887710e-06	1.294013e-06	26732
197823	5.599391e-07	1.887725e-06	1.293933e-06	26732
206079	5.600743e-07	1.887740e-06	1.293852e-06	26732
214335	5.602096e-07	1.887755e-06	1.293772e-06	26732
222591	5.603449e-07	1.887770e-06	1.293691e-06	26732
230847	5.604801e-07	1.887785e-06	1.293611e-06	26732
239103	5.606153e-07	1.887800e-06	1.293530e-06	26732
247359	5.607505e-07	1.887815e-06	1.293450e-06	26732
3496	5.835964e-07	1.887827e-06	1.304813e-06	8058
255615	5.608858e-07	1.887831e-06	1.293369e-06	26732
11752	5.837332e-07	1.887842e-06	1.304729e-06	8058
263871	5.610210e-07	1.887846e-06	1.293289e-06	26732
20008	5.838700e-07	1.887858e-06	1.304645e-06	8058
272127	5.611561e-07	1.887861e-06	1.293208e-06	26732
28264	5.840068e-07	1.887874e-06	1.304561e-06	8058
280383	5.612913e-07	1.887876e-06	1.293127e-06	26732
36520	5.841436e-07	1.887889e-06	1.304477e-06	8058
288639	5.614265e-07	1.887891e-06	1.293047e-06	26732
44776	5.842804e-07	1.887905e-06	1.304393e-06	8058
296895	5.615616e-07	1.887906e-06	1.292966e-06	26732
53032	5.844171e-07	1.887921e-06	1.304309e-06	8058
305151	5.616967e-07	1.887921e-06	1.292885e-06	26732
313407	5.618318e-07	1.887936e-06	1.292805e-06	26732
61288	5.845539e-07	1.887936e-06	1.304225e-06	8058
321663	5.619669e-07	1.887951e-06	1.292724e-06	26732
69544	5.846907e-07	1.887952e-06	1.304141e-06	8058
329919	5.621021e-07	1.887966e-06	1.292643e-06	26732
77800	5.848274e-07	1.887968e-06	1.304057e-06	8058
338175	5.622371e-07	1.887981e-06	1.292562e-06	26732
86056	5.849641e-07	1.887983e-06	1.303973e-06	8058
346431	5.623722e-07	1.887996e-06	1.292482e-06	26732
94312	5.851008e-07	1.887999e-06	1.303889e-06	8058
354687	5.625072e-07	1.888011e-06	1.292401e-06	26732
102568	5.852375e-07	1.888015e-06	1.303805e-06	8058
362943	5.626423e-07	1.888026e-06	1.292320e-06	26732
110824	5.853742e-07	1.888031e-06	1.303721e-06	8058
371199	5.627774e-07	1.888041e-06	1.292239e-06	26732
119080	5.855109e-07	1.888046e-06	1.303637e-06	8058
379455	5.629124e-07	1.888057e-06	1.292158e-06	26732
127336	5.856475e-07	1.888062e-06	1.303553e-06	8058
387711	5.630474e-07	1.888072e-06	1.292077e-06	26732
135592	5.857842e-07	1.888078e-06	1.303469e-06	8058
395967	5.631824e-07	1.888087e-06	1.291996e-06	26732
143848	5.859208e-07	1.888093e-06	1.303384e-06	8058
404223	5.633174e-07	1.888102e-06	1.291915e-06	26732
152104	5.860574e-07	1.888109e-06	1.303300e-06	8058
412479	5.634523e-07	1.888117e-06	1.291834e-06	26732
160360	5.861940e-07	1.888125e-06	1.303216e-06	8058
420735	5.635873e-07	1.888132e-06	1.291754e-06	26732
168616	5.863306e-07	1.888141e-06	1.303132e-06	8058
428991	5.637223e-07	1.888147e-06	1.291673e-06	26732
176872	5.864672e-07	1.888156e-06	1.303047e-06	8058
437247	5.638572e-07	1.888162e-06	1.291592e-06	26732
185128	5.866038e-07	1.888172e-06	1.302963e-06	8058
445503	5.639921e-07	1.888178e-06	1.291511e-06	26732
193384	5.867403e-07	1.888188e-06	1.302879e-06	8058
453759	5.641270e-07	1.888193e-06	1.291429e-06	26732
201640	5.868769e-07	1.888203e-06	1.302795e-06	8058
462015	5.642619e-07	1.888208e-06	1.291348e-06	26732
209896	5.870134e-07	1.888219e-06	1.302710e-06	8058
470271	5.643968e-07	1.888223e-06	1.291267e-06	26732
218152	5.871499e-07	1.888235e-06	1.302626e-06	8058
478527	5.645317e-07	1.888238e-06	1.291186e-06	26732
226408	5.872864e-07	1.888251e-06	1.302542e-06	8058
486783	5.646666e-07	1.888253e-06	1.291105e-06	26732
234664	5.874230e-07	1.888266e-06	1.302457e-06	8058
495039	5.648014e-07	1.888268e-06	1.291024e-06	26732
242920	5.875594e-07	1.888282e-06	1.302373e-06	8058
503295	5.649363e-07	1.888283e-06	1.290943e-06	26732
251176	5.876959e-07	1.888298e-06	1.302288e-06	8058
511551	5.650711e-07	1.888299e-06	1.290862e-06	26732
259432	5.878323e-07	1.888314e-06	1.302204e-06	8058
519807	5.652059e-07	1.888314e-06	1.290780e-06	26732
528063	5.653407e-07	1.888329e-06	1.290699e-06	26732
267688	5.879688e-07	1.888330e-06	1.302119e-06	8058
536319	5.654755e-07	1.888344e-06	1.290618e-06	26732
275944	5.881053e-07	1.888345e-06	1.302035e-06	8058
544575	5.656103e-07	1.888359e-06	1.290537e-06	26732
284200	5.882416e-07	1.888361e-06	1.301951e-06	8058
552831	5.657451e-07	1.888374e-06	1.290455e-06	26732
292456	5.883780e-07	1.888377e-06	1.301866e-06	8058
561087	5.658799e-07	1.888390e-06	1.290374e-06	26732
300712	5.885145e-07	1.888393e-06	1.301781e-06	8058
569343	5.660146e-07	1.888405e-06	1.290293e-06	26732
308968	5.886508e-07	1.888408e-06	1.301697e-06	8058
577599	5.661493e-07	1.888420e-06	1.290211e-06	26732
317224	5.887872e-07	1.888424e-06	1.301612e-06	8058
585855	5.662840e-07	1.888435e-06	1.290130e-06	26732
325480	5.889236e-07	1.888440e-06	1.301528e-06	8058
594111	5.664187e-07	1.888450e-06	1.290049e-06	26732
333736	5.890599e-07	1.888456e-06	1.301443e-06	8058
602367	5.665535e-07	1.888466e-06	1.289967e-06	26732
341992	5.891962e-07	1.888472e-06	1.301358e-06	8058
610623	5.666881e-07	1.888481e-06	1.289886e-06	26732
350248	5.893326e-07	1.888487e-06	1.301274e-06	8058
618879	5.668228e-07	1.888496e-06	1.289804e-06	26732
358504	5.894689e-07	1.888503e-06	1.301189e-06	8058
627135	5.669575e-07	1.888511e-06	1.289723e-06	26732
366760	5.896052e-07	1.888519e-06	1.301104e-06	8058
635391	5.670921e-07	1.888526e-06	1.289642e-06	26732
375016	5.897414e-07	1.888535e-06	1.301020e-06	8058
643647	5.672268e-07	1.888542e-06	1.289560e-06	26732
383272	5.898777e-07	1.888551e-06	1.300935e-06	8058
651903	5.673614e-07	1.888557e-06	1.289479e-06	26732
391528	5.900139e-07	1.888566e-06	1.300850e-06	8058
660159	5.674960e-07	1.888572e-06	1.289397e-06	26732
399784	5.901502e-07	1.888582e-06	1.300765e-06	8058
668415	5.676306e-07	1.888587e-06	1.289315e-06	26732
408040	5.902864e-07	1.888598e-06	1.300681e-06	8058
676671	5.677652e-07	1.888602e-06	1.289234e-06	26732
416296	5.904226e-07	1.888614e-06	1.300596e-06	8058
684927	5.678998e-07	1.888618e-06	1.289152e-06	26732
424552	5.905588e-07	1.888630e-06	1.300511e-06	8058
693183	5.680344e-07	1.888633e-06	1.289071e-06	26732
432808	5.906950e-07	1.888646e-06	1.300426e-06	8058
701439	5.681689e-07	1.888648e-06	1.288989e-06	26732
441064	5.908312e-07	1.888661e-06	1.300341e-06	8058
709695	5.683034e-07	1.888663e-06	1.288907e-06	26732
449320	5.909674e-07	1.888677e-06	1.300256e-06	8058
717951	5.684380e-07	1.888679e-06	1.288826e-06	26732
457576	5.911036e-07	1.888693e-06	1.300171e-06	8058
726207	5.685725e-07	1.888694e-06	1.288744e-06	26732
465832	5.912397e-07	1.888709e-06	1.300086e-06	8058
734463	5.687070e-07	1.888709e-06	1.288662e-06	26732
742719	5.688415e-07	1.888724e-06	1.288581e-06	26732
474088	5.913759e-07	1.888725e-06	1.300001e-06	8058
750975	5.689760e-07	1.888740e-06	1.288499e-06	26732
482344	5.915119e-07	1.888741e-06	1.299917e-06	8058
759231	5.691105e-07	1.888755e-06	1.288417e-06	26732
490600	5.916481e-07	1.888757e-06	1.299832e-06	8058
767487	5.692449e-07	1.888770e-06	1.288335e-06	26732
498856	5.917842e-07	1.888772e-06	1.299746e-06	8058
775743	5.693793e-07	1.888786e-06	1.288254e-06	26732
507112	5.919202e-07	1.888788e-06	1.299661e-06	8058
783999	5.695138e-07	1.888801e-06	1.288172e-06	26732
515368	5.920563e-07	1.888804e-06	1.299576e-06	8058
792255	5.696482e-07	1.888816e-06	1.288090e-06	26732
523624	5.921924e-07	1.888820e-06	1.299491e-06	8058
800511	5.697826e-07	1.888831e-06	1.288008e-06	26732
531880	5.923284e-07	1.888836e-06	1.299406e-06	8058
808767	5.699170e-07	1.888847e-06	1.287926e-06	26732
540136	5.924644e-07	1.888852e-06	1.299321e-06	8058
817023	5.700514e-07	1.888862e-06	1.287844e-06	26732
548392	5.926004e-07	1.888868e-06	1.299236e-06	8058
825279	5.701858e-07	1.888877e-06	1.287762e-06	26732
556648	5.927365e-07	1.888884e-06	1.299151e-06	8058
833535	5.703201e-07	1.888892e-06	1.287680e-06	26732
564904	5.928724e-07	1.888900e-06	1.299066e-06	8058
841791	5.704545e-07	1.888908e-06	1.287598e-06	26732
573160	5.930084e-07	1.888915e-06	1.298981e-06	8058
850047	5.705888e-07	1.888923e-06	1.287517e-06	26732
581416	5.931444e-07	1.888931e-06	1.298895e-06	8058
858303	5.707231e-07	1.888938e-06	1.287435e-06	26732
589672	5.932803e-07	1.888947e-06	1.298810e-06	8058
866559	5.708574e-07	1.888954e-06	1.287352e-06	26732
597928	5.934163e-07	1.888963e-06	1.298725e-06	8058
874815	5.709917e-07	1.888969e-06	1.287270e-06	26732
606184	5.935522e-07	1.888979e-06	1.298640e-06	8058
883071	5.711260e-07	1.888984e-06	1.287188e-06	26732
614440	5.936881e-07	1.888995e-06	1.298554e-06	8058
891327	5.712603e-07	1.889000e-06	1.287106e-06	26732
622696	5.938240e-07	1.889011e-06	1.298469e-06	8058
899583	5.713945e-07	1.889015e-06	1.287024e-06	26732
630952	5.939599e-07	1.889027e-06	1.298384e-06	8058
907839	5.715288e-07	1.889030e-06	1.286942e-06	26732
639208	5.940958e-07	1.889043e-06	1.298298e-06	8058
916095	5.716630e-07	1.889046e-06	1.286860e-06	26732
647464	5.942317e-07	1.889059e-06	1.298213e-06	8058
924351	5.717973e-07	1.889061e-06	1.286778e-06	26732
655720	5.943675e-07	1.889075e-06	1.298128e-06	8058
932607	5.719315e-07	1.889076e-06	1.286696e-06	26732
663976	5.945034e-07	1.889091e-06	1.298042e-06	8058
940863	5.720657e-07	1.889092e-06	1.286613e-06	26732
672232	5.946392e-07	1.889106e-06	1.297957e-06	8058
949119	5.721998e-07	1.889107e-06	1.286531e-06	26732
680488	5.947750e-07	1.889122e-06	1.297871e-06	8058
957375	5.723340e-07	1.889122e-06	1.286449e-06	26732
965631	5.724682e-07	1.889138e-06	1.286367e-06	26732
688744	5.949108e-07	1.889138e-06	1.297786e-06	8058
973887	5.726023e-07	1.889153e-06	1.286285e-06	26732
697000	5.950466e-07	1.889154e-06	1.297700e-06	8058
982143	5.727365e-07	1.889168e-06	1.286202e-06	26732
705256	5.951824e-07	1.889170e-06	1.297615e-06	8058
990399	5.728706e-07	1.889184e-06	1.286120e-06	26732
713512	5.953181e-07	1.889186e-06	1.297529e-06	8058
998655	5.730047e-07	1.889199e-06	1.286038e-06	26732
721768	5.954539e-07	1.889202e-06	1.297444e-06	8058
1006911	5.731388e-07	1.889214e-06	1.285955e-06	26732
730024	5.955896e-07	1.889218e-06	1.297358e-06	8058
1015167	5.732729e-07	1.889230e-06	1.285873e-06	26732
738280	5.957253e-07	1.889234e-06	1.297273e-06	8058
1023423	5.734070e-07	1.889245e-06	1.285791e-06	26732
746536	5.958611e-07	1.889250e-06	1.297187e-06	8058
1031679	5.735411e-07	1.889261e-06	1.285708e-06	26732
754792	5.959968e-07	1.889266e-06	1.297101e-06	8058
1039935	5.736752e-07	1.889276e-06	1.285626e-06	26732
763048	5.961325e-07	1.889282e-06	1.297016e-06	8058
1048191	5.738092e-07	1.889291e-06	1.285543e-06	26732
771304	5.962681e-07	1.889298e-06	1.296930e-06	8058
1056447	5.739432e-07	1.889307e-06	1.285461e-06	26732
779560	5.964038e-07	1.889314e-06	1.296845e-06	8058
1064703	5.740772e-07	1.889322e-06	1.285379e-06	26732
787816	5.965395e-07	1.889330e-06	1.296759e-06	8058
1072959	5.742112e-07	1.889338e-06	1.285296e-06	26732
796072	5.966751e-07	1.889346e-06	1.296673e-06	8058
1081215	5.743452e-07	1.889353e-06	1.285213e-06	26732
804328	5.968107e-07	1.889362e-06	1.296587e-06	8058
1089471	5.744792e-07	1.889368e-06	1.285131e-06	26732
812584	5.969463e-07	1.889378e-06	1.296502e-06	8058
1097727	5.746132e-07	1.889384e-06	1.285048e-06	26732
820840	5.970819e-07	1.889394e-06	1.296416e-06	8058
1105983	5.747471e-07	1.889399e-06	1.284966e-06	26732
829096	5.972175e-07	1.889410e-06	1.296330e-06	8058
1114239	5.748811e-07	1.889415e-06	1.284883e-06	26732
837352	5.973531e-07	1.889426e-06	1.296244e-06	8058
1122495	5.750150e-07	1.889430e-06	1.284801e-06	26732
845608	5.974886e-07	1.889442e-06	1.296158e-06	8058
1130751	5.751489e-07	1.889445e-06	1.284718e-06	26732
853864	5.976242e-07	1.889458e-06	1.296073e-06	8058
1139007	5.752829e-07	1.889461e-06	1.284635e-06	26732
862120	5.977597e-07	1.889474e-06	1.295987e-06	8058
1147263	5.754167e-07	1.889476e-06	1.284553e-06	26732
870376	5.978952e-07	1.889490e-06	1.295901e-06	8058
1155519	5.755506e-07	1.889492e-06	1.284470e-06	26732
878632	5.980307e-07	1.889506e-06	1.295815e-06	8058
886888	5.981663e-07	1.889522e-06	1.295729e-06	8058
895144	5.983017e-07	1.889538e-06	1.295643e-06	8058
903400	5.984372e-07	1.889554e-06	1.295557e-06	8058
911656	5.985726e-07	1.889570e-06	1.295471e-06	8058
919912	5.987081e-07	1.889586e-06	1.295385e-06	8058
928168	5.988435e-07	1.889602e-06	1.295299e-06	8058
936424	5.989789e-07	1.889618e-06	1.295213e-06	8058
944680	5.991143e-07	1.889635e-06	1.295127e-06	8058
952936	5.992497e-07	1.889651e-06	1.295041e-06	8058
961192	5.993851e-07	1.889667e-06	1.294955e-06	8058
969448	5.995205e-07	1.889683e-06	1.294869e-06	8058
977704	5.996558e-07	1.889699e-06	1.294782e-06	8058
985960	5.997912e-07	1.889715e-06	1.294696e-06	8058
994216	5.999265e-07	1.889731e-06	1.294610e-06	8058
1002472	6.000619e-07	1.889747e-06	1.294524e-06	8058
1010728	6.001972e-07	1.889763e-06	1.294438e-06	8058
1018984	6.003324e-07	1.889779e-06	1.294351e-06	8058
1027240	6.004677e-07	1.889795e-06	1.294265e-06	8058
1035496	6.006030e-07	1.889812e-06	1.294179e-06	8058
1043752	6.007382e-07	1.889828e-06	1.294093e-06	8058
1052008	6.008735e-07	1.889844e-06	1.294006e-06	8058
1060264	6.010087e-07	1.889860e-06	1.293920e-06	8058
1068520	6.011439e-07	1.889876e-06	1.293834e-06	8058
1076776	6.012792e-07	1.889892e-06	1.293747e-06	8058
1085032	6.014143e-07	1.889908e-06	1.293661e-06	8058
1093288	6.015495e-07	1.889924e-06	1.293574e-06	8058
1101544	6.016847e-07	1.889940e-06	1.293488e-06	8058
1109800	6.018198e-07	1.889957e-06	1.293402e-06	8058
1118056	6.019550e-07	1.889973e-06	1.293315e-06	8058
1126312	6.020901e-07	1.889989e-06	1.293229e-06	8058
1134568	6.022252e-07	1.890005e-06	1.293142e-06	8058
1142824	6.023603e-07	1.890021e-06	1.293056e-06	8058
1151080	6.024954e-07	1.890037e-06	1.292969e-06	8058
6038	4.415892e-07	1.892180e-06	1.356368e-06	15994
14294	4.417333e-07	1.892192e-06	1.356304e-06	15994
22550	4.418774e-07	1.892203e-06	1.356241e-06	15994
30806	4.420215e-07	1.892215e-06	1.356177e-06	15994
39062	4.421656e-07	1.892227e-06	1.356114e-06	15994
47318	4.423096e-07	1.892239e-06	1.356050e-06	15994
55574	4.424537e-07	1.892251e-06	1.355986e-06	15994
63830	4.425978e-07	1.892263e-06	1.355923e-06	15994
72086	4.427418e-07	1.892275e-06	1.355859e-06	15994
80342	4.428858e-07	1.892287e-06	1.355795e-06	15994
88598	4.430299e-07	1.892299e-06	1.355732e-06	15994
96854	4.431739e-07	1.892310e-06	1.355668e-06	15994
105110	4.433179e-07	1.892322e-06	1.355604e-06	15994
113366	4.434619e-07	1.892334e-06	1.355541e-06	15994
121622	4.436059e-07	1.892346e-06	1.355477e-06	15994
129878	4.437499e-07	1.892358e-06	1.355413e-06	15994
138134	4.438938e-07	1.892370e-06	1.355349e-06	15994
146390	4.440378e-07	1.892382e-06	1.355285e-06	15994
154646	4.441817e-07	1.892394e-06	1.355222e-06	15994
162902	4.443257e-07	1.892406e-06	1.355158e-06	15994
171158	4.444696e-07	1.892418e-06	1.355094e-06	15994
179414	4.446135e-07	1.892430e-06	1.355030e-06	15994
187670	4.447574e-07	1.892442e-06	1.354966e-06	15994
195926	4.449013e-07	1.892454e-06	1.354902e-06	15994
204182	4.450452e-07	1.892466e-06	1.354838e-06	15994
212438	4.451891e-07	1.892478e-06	1.354774e-06	15994
220694	4.453330e-07	1.892490e-06	1.354710e-06	15994
228950	4.454768e-07	1.892502e-06	1.354646e-06	15994
237206	4.456207e-07	1.892514e-06	1.354582e-06	15994
245462	4.457646e-07	1.892526e-06	1.354518e-06	15994
253718	4.459084e-07	1.892538e-06	1.354454e-06	15994
261974	4.460522e-07	1.892550e-06	1.354390e-06	15994
270230	4.461960e-07	1.892562e-06	1.354325e-06	15994
278486	4.463398e-07	1.892574e-06	1.354261e-06	15994
286742	4.464836e-07	1.892586e-06	1.354197e-06	15994
294998	4.466274e-07	1.892598e-06	1.354133e-06	15994
303254	4.467712e-07	1.892610e-06	1.354069e-06	15994
311510	4.469150e-07	1.892622e-06	1.354005e-06	15994
319766	4.470587e-07	1.892634e-06	1.353940e-06	15994
328022	4.472025e-07	1.892646e-06	1.353876e-06	15994
336278	4.473462e-07	1.892658e-06	1.353812e-06	15994
344534	4.474900e-07	1.892670e-06	1.353747e-06	15994
352790	4.476337e-07	1.892682e-06	1.353683e-06	15994
361046	4.477774e-07	1.892694e-06	1.353619e-06	15994
369302	4.479211e-07	1.892706e-06	1.353554e-06	15994
377558	4.480648e-07	1.892718e-06	1.353490e-06	15994
385814	4.482085e-07	1.892730e-06	1.353425e-06	15994
394070	4.483521e-07	1.892742e-06	1.353361e-06	15994
402326	4.484958e-07	1.892754e-06	1.353297e-06	15994
410582	4.486394e-07	1.892766e-06	1.353232e-06	15994
418838	4.487831e-07	1.892778e-06	1.353168e-06	15994
427094	4.489267e-07	1.892790e-06	1.353103e-06	15994
435350	4.490704e-07	1.892802e-06	1.353038e-06	15994
443606	4.492140e-07	1.892814e-06	1.352974e-06	15994
451862	4.493576e-07	1.892827e-06	1.352909e-06	15994
460118	4.495012e-07	1.892839e-06	1.352845e-06	15994
468374	4.496448e-07	1.892851e-06	1.352780e-06	15994
476630	4.497883e-07	1.892863e-06	1.352715e-06	15994
484886	4.499319e-07	1.892875e-06	1.352651e-06	15994
493142	4.500755e-07	1.892887e-06	1.352586e-06	15994
501398	4.502190e-07	1.892899e-06	1.352521e-06	15994
509654	4.503626e-07	1.892911e-06	1.352457e-06	15994
517910	4.505061e-07	1.892923e-06	1.352392e-06	15994
526166	4.506496e-07	1.892935e-06	1.352327e-06	15994
534422	4.507931e-07	1.892947e-06	1.352262e-06	15994
542678	4.509366e-07	1.892960e-06	1.352198e-06	15994
550934	4.510801e-07	1.892972e-06	1.352133e-06	15994
559190	4.512236e-07	1.892984e-06	1.352068e-06	15994
567446	4.513671e-07	1.892996e-06	1.352003e-06	15994
575702	4.515105e-07	1.893008e-06	1.351938e-06	15994
583958	4.516540e-07	1.893020e-06	1.351873e-06	15994
592214	4.517974e-07	1.893032e-06	1.351808e-06	15994
600470	4.519408e-07	1.893045e-06	1.351743e-06	15994
608726	4.520843e-07	1.893057e-06	1.351678e-06	15994
616982	4.522277e-07	1.893069e-06	1.351613e-06	15994
625238	4.523711e-07	1.893081e-06	1.351548e-06	15994
633494	4.525145e-07	1.893093e-06	1.351483e-06	15994
641750	4.526579e-07	1.893105e-06	1.351418e-06	15994
650006	4.528013e-07	1.893118e-06	1.351353e-06	15994
658262	4.529446e-07	1.893130e-06	1.351288e-06	15994
666518	4.530880e-07	1.893142e-06	1.351223e-06	15994
674774	4.532313e-07	1.893154e-06	1.351158e-06	15994
683030	4.533747e-07	1.893166e-06	1.351092e-06	15994
691286	4.535180e-07	1.893178e-06	1.351027e-06	15994
699542	4.536613e-07	1.893191e-06	1.350962e-06	15994
707798	4.538046e-07	1.893203e-06	1.350897e-06	15994
716054	4.539479e-07	1.893215e-06	1.350832e-06	15994
724310	4.540912e-07	1.893227e-06	1.350766e-06	15994
732566	4.542345e-07	1.893239e-06	1.350701e-06	15994
740822	4.543778e-07	1.893252e-06	1.350636e-06	15994
749078	4.545210e-07	1.893264e-06	1.350570e-06	15994
757334	4.546642e-07	1.893276e-06	1.350505e-06	15994
765590	4.548075e-07	1.893288e-06	1.350440e-06	15994
773846	4.549507e-07	1.893301e-06	1.350374e-06	15994
782102	4.550940e-07	1.893313e-06	1.350309e-06	15994
790358	4.552372e-07	1.893325e-06	1.350243e-06	15994
798614	4.553804e-07	1.893337e-06	1.350178e-06	15994
806870	4.555235e-07	1.893350e-06	1.350112e-06	15994
815126	4.556667e-07	1.893362e-06	1.350047e-06	15994
823382	4.558099e-07	1.893374e-06	1.349982e-06	15994
831638	4.559531e-07	1.893386e-06	1.349916e-06	15994
839894	4.560962e-07	1.893399e-06	1.349850e-06	15994
848150	4.562394e-07	1.893411e-06	1.349785e-06	15994
7767	5.506793e-07	1.893417e-06	1.317666e-06	25193
856406	4.563825e-07	1.893423e-06	1.349719e-06	15994
16023	5.508178e-07	1.893431e-06	1.317587e-06	25193
864662	4.565256e-07	1.893435e-06	1.349654e-06	15994
24279	5.509564e-07	1.893446e-06	1.317508e-06	25193
872918	4.566687e-07	1.893448e-06	1.349588e-06	15994
881174	4.568118e-07	1.893460e-06	1.349522e-06	15994
32535	5.510949e-07	1.893461e-06	1.317429e-06	25193
889430	4.569550e-07	1.893472e-06	1.349457e-06	15994
40791	5.512334e-07	1.893476e-06	1.317350e-06	25193
897686	4.570980e-07	1.893484e-06	1.349391e-06	15994
49047	5.513718e-07	1.893491e-06	1.317271e-06	25193
905942	4.572411e-07	1.893497e-06	1.349325e-06	15994
57303	5.515103e-07	1.893505e-06	1.317191e-06	25193
914198	4.573842e-07	1.893509e-06	1.349259e-06	15994
65559	5.516488e-07	1.893520e-06	1.317112e-06	25193
922454	4.575272e-07	1.893521e-06	1.349194e-06	15994
930710	4.576703e-07	1.893534e-06	1.349128e-06	15994
73815	5.517872e-07	1.893535e-06	1.317033e-06	25193
938966	4.578133e-07	1.893546e-06	1.349062e-06	15994
82071	5.519257e-07	1.893550e-06	1.316953e-06	25193
947222	4.579563e-07	1.893558e-06	1.348996e-06	15994
90327	5.520641e-07	1.893565e-06	1.316874e-06	25193
955478	4.580994e-07	1.893571e-06	1.348930e-06	15994
98583	5.522025e-07	1.893579e-06	1.316795e-06	25193
963734	4.582423e-07	1.893583e-06	1.348865e-06	15994
106839	5.523409e-07	1.893594e-06	1.316715e-06	25193
971990	4.583853e-07	1.893595e-06	1.348799e-06	15994
980246	4.585283e-07	1.893608e-06	1.348733e-06	15994
115095	5.524793e-07	1.893609e-06	1.316636e-06	25193
988502	4.586713e-07	1.893620e-06	1.348667e-06	15994
123351	5.526176e-07	1.893624e-06	1.316557e-06	25193
996758	4.588143e-07	1.893632e-06	1.348601e-06	15994
131607	5.527560e-07	1.893639e-06	1.316477e-06	25193
1005014	4.589572e-07	1.893644e-06	1.348535e-06	15994
139863	5.528943e-07	1.893654e-06	1.316398e-06	25193
1013270	4.591002e-07	1.893657e-06	1.348469e-06	15994
148119	5.530327e-07	1.893668e-06	1.316318e-06	25193
1021526	4.592431e-07	1.893669e-06	1.348403e-06	15994
1029782	4.593861e-07	1.893682e-06	1.348337e-06	15994
156375	5.531710e-07	1.893683e-06	1.316239e-06	25193
1038038	4.595290e-07	1.893694e-06	1.348271e-06	15994
164631	5.533093e-07	1.893698e-06	1.316159e-06	25193
1046294	4.596719e-07	1.893706e-06	1.348205e-06	15994
172887	5.534476e-07	1.893713e-06	1.316080e-06	25193
1054550	4.598148e-07	1.893719e-06	1.348139e-06	15994
181143	5.535859e-07	1.893728e-06	1.316000e-06	25193
1062806	4.599577e-07	1.893731e-06	1.348073e-06	15994
189399	5.537242e-07	1.893743e-06	1.315921e-06	25193
1071062	4.601006e-07	1.893743e-06	1.348007e-06	15994
1079318	4.602434e-07	1.893756e-06	1.347940e-06	15994
197655	5.538625e-07	1.893757e-06	1.315841e-06	25193
1087574	4.603863e-07	1.893768e-06	1.347874e-06	15994
205911	5.540007e-07	1.893772e-06	1.315762e-06	25193
1095830	4.605291e-07	1.893780e-06	1.347808e-06	15994
214167	5.541390e-07	1.893787e-06	1.315682e-06	25193
1104086	4.606720e-07	1.893793e-06	1.347742e-06	15994
222423	5.542772e-07	1.893802e-06	1.315602e-06	25193
1112342	4.608148e-07	1.893805e-06	1.347676e-06	15994
230679	5.544154e-07	1.893817e-06	1.315523e-06	25193
1120598	4.609576e-07	1.893818e-06	1.347609e-06	15994
1128854	4.611004e-07	1.893830e-06	1.347543e-06	15994
238935	5.545537e-07	1.893832e-06	1.315443e-06	25193
1137110	4.612432e-07	1.893842e-06	1.347477e-06	15994
247191	5.546918e-07	1.893847e-06	1.315363e-06	25193
1145366	4.613860e-07	1.893855e-06	1.347410e-06	15994
255447	5.548300e-07	1.893862e-06	1.315284e-06	25193
1153622	4.615288e-07	1.893867e-06	1.347344e-06	15994
263703	5.549682e-07	1.893877e-06	1.315204e-06	25193
271959	5.551063e-07	1.893891e-06	1.315124e-06	25193
280215	5.552445e-07	1.893906e-06	1.315044e-06	25193
288471	5.553827e-07	1.893921e-06	1.314964e-06	25193
296727	5.555207e-07	1.893936e-06	1.314885e-06	25193
304983	5.556589e-07	1.893951e-06	1.314805e-06	25193
313239	5.557970e-07	1.893966e-06	1.314725e-06	25193
321495	5.559351e-07	1.893981e-06	1.314645e-06	25193
329751	5.560731e-07	1.893996e-06	1.314565e-06	25193
338007	5.562112e-07	1.894011e-06	1.314485e-06	25193
346263	5.563493e-07	1.894026e-06	1.314405e-06	25193
354519	5.564873e-07	1.894041e-06	1.314325e-06	25193
362775	5.566253e-07	1.894055e-06	1.314246e-06	25193
371031	5.567634e-07	1.894070e-06	1.314166e-06	25193
379287	5.569013e-07	1.894085e-06	1.314085e-06	25193
387543	5.570394e-07	1.894100e-06	1.314005e-06	25193
395799	5.571773e-07	1.894115e-06	1.313925e-06	25193
404055	5.573153e-07	1.894130e-06	1.313845e-06	25193
412311	5.574533e-07	1.894145e-06	1.313765e-06	25193
420567	5.575912e-07	1.894160e-06	1.313685e-06	25193
428823	5.577292e-07	1.894175e-06	1.313605e-06	25193
437079	5.578671e-07	1.894190e-06	1.313525e-06	25193
445335	5.580050e-07	1.894205e-06	1.313445e-06	25193
453591	5.581429e-07	1.894220e-06	1.313365e-06	25193
461847	5.582808e-07	1.894235e-06	1.313284e-06	25193
470103	5.584187e-07	1.894250e-06	1.313204e-06	25193
478359	5.585565e-07	1.894265e-06	1.313124e-06	25193
486615	5.586944e-07	1.894280e-06	1.313044e-06	25193
494871	5.588322e-07	1.894295e-06	1.312963e-06	25193
503127	5.589700e-07	1.894310e-06	1.312883e-06	25193
511383	5.591078e-07	1.894325e-06	1.312803e-06	25193
519639	5.592457e-07	1.894340e-06	1.312722e-06	25193
527895	5.593835e-07	1.894355e-06	1.312642e-06	25193
536151	5.595213e-07	1.894370e-06	1.312562e-06	25193
544407	5.596590e-07	1.894385e-06	1.312481e-06	25193
552663	5.597968e-07	1.894400e-06	1.312401e-06	25193
560919	5.599345e-07	1.894415e-06	1.312320e-06	25193
569175	5.600722e-07	1.894430e-06	1.312240e-06	25193
577431	5.602100e-07	1.894445e-06	1.312159e-06	25193
585687	5.603477e-07	1.894460e-06	1.312079e-06	25193
593943	5.604854e-07	1.894475e-06	1.311998e-06	25193
602199	5.606231e-07	1.894490e-06	1.311918e-06	25193
610455	5.607607e-07	1.894505e-06	1.311837e-06	25193
618711	5.608984e-07	1.894520e-06	1.311757e-06	25193
626967	5.610360e-07	1.894535e-06	1.311676e-06	25193
635223	5.611737e-07	1.894550e-06	1.311595e-06	25193
643479	5.613113e-07	1.894565e-06	1.311515e-06	25193
651735	5.614489e-07	1.894580e-06	1.311434e-06	25193
659991	5.615865e-07	1.894595e-06	1.311353e-06	25193
668247	5.617241e-07	1.894611e-06	1.311273e-06	25193
676503	5.618617e-07	1.894626e-06	1.311192e-06	25193
684759	5.619992e-07	1.894641e-06	1.311111e-06	25193
693015	5.621368e-07	1.894656e-06	1.311030e-06	25193
701271	5.622744e-07	1.894671e-06	1.310950e-06	25193
709527	5.624119e-07	1.894686e-06	1.310869e-06	25193
717783	5.625494e-07	1.894701e-06	1.310788e-06	25193
726039	5.626869e-07	1.894716e-06	1.310707e-06	25193
734295	5.628244e-07	1.894731e-06	1.310626e-06	25193
742551	5.629619e-07	1.894746e-06	1.310545e-06	25193
750807	5.630994e-07	1.894761e-06	1.310465e-06	25193
759063	5.632368e-07	1.894777e-06	1.310384e-06	25193
767319	5.633743e-07	1.894792e-06	1.310303e-06	25193
775575	5.635117e-07	1.894807e-06	1.310222e-06	25193
783831	5.636491e-07	1.894822e-06	1.310141e-06	25193
792087	5.637865e-07	1.894837e-06	1.310060e-06	25193
800343	5.639239e-07	1.894852e-06	1.309979e-06	25193
808599	5.640613e-07	1.894867e-06	1.309898e-06	25193
816855	5.641987e-07	1.894882e-06	1.309817e-06	25193
825111	5.643361e-07	1.894898e-06	1.309736e-06	25193
833367	5.644734e-07	1.894913e-06	1.309655e-06	25193
841623	5.646107e-07	1.894928e-06	1.309573e-06	25193
849879	5.647481e-07	1.894943e-06	1.309492e-06	25193
858135	5.648853e-07	1.894958e-06	1.309411e-06	25193
866391	5.650227e-07	1.894973e-06	1.309330e-06	25193
874647	5.651600e-07	1.894988e-06	1.309249e-06	25193
882903	5.652972e-07	1.895004e-06	1.309167e-06	25193
891159	5.654345e-07	1.895019e-06	1.309086e-06	25193
899415	5.655718e-07	1.895034e-06	1.309005e-06	25193
907671	5.657090e-07	1.895049e-06	1.308924e-06	25193
915927	5.658462e-07	1.895064e-06	1.308842e-06	25193
924183	5.659834e-07	1.895079e-06	1.308761e-06	25193
932439	5.661207e-07	1.895095e-06	1.308680e-06	25193
940695	5.662578e-07	1.895110e-06	1.308598e-06	25193
948951	5.663950e-07	1.895125e-06	1.308517e-06	25193
957207	5.665322e-07	1.895140e-06	1.308436e-06	25193
965463	5.666694e-07	1.895155e-06	1.308354e-06	25193
973719	5.668065e-07	1.895171e-06	1.308273e-06	25193
981975	5.669436e-07	1.895186e-06	1.308191e-06	25193
990231	5.670807e-07	1.895201e-06	1.308110e-06	25193
998487	5.672179e-07	1.895216e-06	1.308028e-06	25193
1006743	5.673550e-07	1.895231e-06	1.307947e-06	25193
1014999	5.674921e-07	1.895247e-06	1.307865e-06	25193
1023255	5.676291e-07	1.895262e-06	1.307784e-06	25193
1031511	5.677662e-07	1.895277e-06	1.307702e-06	25193
1039767	5.679032e-07	1.895292e-06	1.307621e-06	25193
1048023	5.680403e-07	1.895308e-06	1.307539e-06	25193
1056279	5.681773e-07	1.895323e-06	1.307458e-06	25193
1064535	5.683143e-07	1.895338e-06	1.307376e-06	25193
1072791	5.684513e-07	1.895353e-06	1.307294e-06	25193
1081047	5.685883e-07	1.895369e-06	1.307212e-06	25193
1089303	5.687252e-07	1.895384e-06	1.307131e-06	25193
1097559	5.688622e-07	1.895399e-06	1.307049e-06	25193
1105815	5.689992e-07	1.895414e-06	1.306967e-06	25193
1114071	5.691361e-07	1.895430e-06	1.306886e-06	25193
1122327	5.692730e-07	1.895445e-06	1.306804e-06	25193
1130583	5.694100e-07	1.895460e-06	1.306722e-06	25193
1138839	5.695468e-07	1.895475e-06	1.306640e-06	25193
1147095	5.696837e-07	1.895491e-06	1.306558e-06	25193
1155351	5.698206e-07	1.895506e-06	1.306476e-06	25193
6419	6.121963e-07	1.897969e-06	1.302797e-06	17530
14675	6.123326e-07	1.897986e-06	1.302709e-06	17530
22931	6.124689e-07	1.898002e-06	1.302621e-06	17530
31187	6.126051e-07	1.898018e-06	1.302533e-06	17530
39443	6.127414e-07	1.898035e-06	1.302445e-06	17530
47699	6.128776e-07	1.898051e-06	1.302357e-06	17530
55955	6.130138e-07	1.898068e-06	1.302269e-06	17530
64211	6.131500e-07	1.898084e-06	1.302181e-06	17530
72467	6.132861e-07	1.898101e-06	1.302093e-06	17530
80723	6.134223e-07	1.898117e-06	1.302005e-06	17530
88979	6.135585e-07	1.898134e-06	1.301916e-06	17530
97235	6.136946e-07	1.898150e-06	1.301828e-06	17530
105491	6.138308e-07	1.898166e-06	1.301740e-06	17530
113747	6.139668e-07	1.898183e-06	1.301652e-06	17530
122003	6.141030e-07	1.898199e-06	1.301564e-06	17530
130259	6.142391e-07	1.898216e-06	1.301475e-06	17530
138515	6.143752e-07	1.898232e-06	1.301387e-06	17530
146771	6.145112e-07	1.898249e-06	1.301299e-06	17530
155027	6.146473e-07	1.898265e-06	1.301211e-06	17530
163283	6.147833e-07	1.898282e-06	1.301122e-06	17530
171539	6.149193e-07	1.898298e-06	1.301034e-06	17530
179795	6.150553e-07	1.898315e-06	1.300946e-06	17530
188051	6.151913e-07	1.898331e-06	1.300857e-06	17530
196307	6.153273e-07	1.898348e-06	1.300769e-06	17530
204563	6.154633e-07	1.898364e-06	1.300681e-06	17530
212819	6.155992e-07	1.898381e-06	1.300592e-06	17530
221075	6.157352e-07	1.898397e-06	1.300504e-06	17530
229331	6.158711e-07	1.898414e-06	1.300415e-06	17530
237587	6.160070e-07	1.898430e-06	1.300327e-06	17530
245843	6.161429e-07	1.898447e-06	1.300238e-06	17530
254099	6.162788e-07	1.898463e-06	1.300150e-06	17530
262355	6.164147e-07	1.898480e-06	1.300061e-06	17530
270611	6.165506e-07	1.898496e-06	1.299972e-06	17530
278867	6.166864e-07	1.898513e-06	1.299884e-06	17530
287123	6.168223e-07	1.898529e-06	1.299795e-06	17530
295379	6.169581e-07	1.898546e-06	1.299707e-06	17530
303635	6.170939e-07	1.898562e-06	1.299618e-06	17530
311891	6.172297e-07	1.898579e-06	1.299529e-06	17530
320147	6.173655e-07	1.898595e-06	1.299441e-06	17530
328403	6.175013e-07	1.898612e-06	1.299352e-06	17530
336659	6.176371e-07	1.898629e-06	1.299263e-06	17530
344915	6.177728e-07	1.898645e-06	1.299175e-06	17530
353171	6.179085e-07	1.898662e-06	1.299086e-06	17530
361427	6.180442e-07	1.898678e-06	1.298997e-06	17530
369683	6.181800e-07	1.898695e-06	1.298908e-06	17530
377939	6.183157e-07	1.898711e-06	1.298819e-06	17530
386195	6.184513e-07	1.898728e-06	1.298731e-06	17530
394451	6.185870e-07	1.898745e-06	1.298642e-06	17530
402707	6.187227e-07	1.898761e-06	1.298553e-06	17530
410963	6.188583e-07	1.898778e-06	1.298464e-06	17530
419219	6.189939e-07	1.898794e-06	1.298375e-06	17530
427475	6.191295e-07	1.898811e-06	1.298286e-06	17530
435731	6.192652e-07	1.898828e-06	1.298197e-06	17530
443987	6.194007e-07	1.898844e-06	1.298108e-06	17530
452243	6.195363e-07	1.898861e-06	1.298019e-06	17530
460499	6.196719e-07	1.898877e-06	1.297930e-06	17530
468755	6.198075e-07	1.898894e-06	1.297841e-06	17530
477011	6.199430e-07	1.898911e-06	1.297752e-06	17530
485267	6.200785e-07	1.898927e-06	1.297663e-06	17530
493523	6.202140e-07	1.898944e-06	1.297574e-06	17530
501779	6.203495e-07	1.898960e-06	1.297485e-06	17530
510035	6.204850e-07	1.898977e-06	1.297396e-06	17530
518291	6.206204e-07	1.898994e-06	1.297307e-06	17530
526547	6.207559e-07	1.899010e-06	1.297217e-06	17530
534803	6.208913e-07	1.899027e-06	1.297128e-06	17530
543059	6.210268e-07	1.899044e-06	1.297039e-06	17530
551315	6.211622e-07	1.899060e-06	1.296950e-06	17530
559571	6.212976e-07	1.899077e-06	1.296861e-06	17530
567827	6.214330e-07	1.899094e-06	1.296771e-06	17530
576083	6.215684e-07	1.899110e-06	1.296682e-06	17530
584339	6.217037e-07	1.899127e-06	1.296593e-06	17530
592595	6.218391e-07	1.899144e-06	1.296503e-06	17530
600851	6.219744e-07	1.899160e-06	1.296414e-06	17530
609107	6.221098e-07	1.899177e-06	1.296325e-06	17530
617363	6.222451e-07	1.899194e-06	1.296235e-06	17530
625619	6.223804e-07	1.899210e-06	1.296146e-06	17530
633875	6.225156e-07	1.899227e-06	1.296056e-06	17530
642131	6.226509e-07	1.899244e-06	1.295967e-06	17530
650387	6.227862e-07	1.899260e-06	1.295877e-06	17530
658643	6.229214e-07	1.899277e-06	1.295788e-06	17530
666899	6.230567e-07	1.899294e-06	1.295699e-06	17530
675155	6.231919e-07	1.899310e-06	1.295609e-06	17530
683411	6.233271e-07	1.899327e-06	1.295519e-06	17530
691667	6.234623e-07	1.899344e-06	1.295430e-06	17530
699923	6.235975e-07	1.899361e-06	1.295340e-06	17530
708179	6.237327e-07	1.899377e-06	1.295251e-06	17530
716435	6.238678e-07	1.899394e-06	1.295161e-06	17530
724691	6.240030e-07	1.899411e-06	1.295072e-06	17530
732947	6.241381e-07	1.899428e-06	1.294982e-06	17530
741203	6.242732e-07	1.899444e-06	1.294892e-06	17530
749459	6.244082e-07	1.899461e-06	1.294803e-06	17530
757715	6.245434e-07	1.899478e-06	1.294713e-06	17530
765971	6.246784e-07	1.899494e-06	1.294623e-06	17530
774227	6.248135e-07	1.899511e-06	1.294533e-06	17530
782483	6.249485e-07	1.899528e-06	1.294444e-06	17530
790739	6.250835e-07	1.899545e-06	1.294354e-06	17530
798995	6.252186e-07	1.899561e-06	1.294264e-06	17530
807251	6.253536e-07	1.899578e-06	1.294174e-06	17530
815507	6.254886e-07	1.899595e-06	1.294084e-06	17530
823763	6.256236e-07	1.899612e-06	1.293995e-06	17530
832019	6.257585e-07	1.899629e-06	1.293905e-06	17530
840275	6.258935e-07	1.899645e-06	1.293815e-06	17530
848531	6.260284e-07	1.899662e-06	1.293725e-06	17530
856787	6.261633e-07	1.899679e-06	1.293635e-06	17530
865043	6.262983e-07	1.899696e-06	1.293545e-06	17530
873299	6.264332e-07	1.899712e-06	1.293455e-06	17530
881555	6.265681e-07	1.899729e-06	1.293365e-06	17530
889811	6.267029e-07	1.899746e-06	1.293275e-06	17530
898067	6.268378e-07	1.899763e-06	1.293185e-06	17530
906323	6.269726e-07	1.899780e-06	1.293095e-06	17530
914579	6.271075e-07	1.899796e-06	1.293005e-06	17530
922835	6.272423e-07	1.899813e-06	1.292915e-06	17530
931091	6.273771e-07	1.899830e-06	1.292824e-06	17530
939347	6.275119e-07	1.899847e-06	1.292734e-06	17530
947603	6.276467e-07	1.899864e-06	1.292644e-06	17530
955859	6.277814e-07	1.899881e-06	1.292554e-06	17530
964115	6.279162e-07	1.899897e-06	1.292464e-06	17530
972371	6.280509e-07	1.899914e-06	1.292374e-06	17530
980627	6.281857e-07	1.899931e-06	1.292283e-06	17530
988883	6.283204e-07	1.899948e-06	1.292193e-06	17530
997139	6.284550e-07	1.899965e-06	1.292103e-06	17530
1005395	6.285898e-07	1.899981e-06	1.292012e-06	17530
1013651	6.287244e-07	1.899998e-06	1.291922e-06	17530
1021907	6.288591e-07	1.900015e-06	1.291832e-06	17530
1030163	6.289937e-07	1.900032e-06	1.291742e-06	17530
1038419	6.291284e-07	1.900049e-06	1.291651e-06	17530
1046675	6.292630e-07	1.900066e-06	1.291561e-06	17530
1054931	6.293976e-07	1.900083e-06	1.291470e-06	17530
1063187	6.295322e-07	1.900100e-06	1.291380e-06	17530
1071443	6.296668e-07	1.900116e-06	1.291290e-06	17530
1079699	6.298013e-07	1.900133e-06	1.291199e-06	17530
1087955	6.299359e-07	1.900150e-06	1.291109e-06	17530
1096211	6.300704e-07	1.900167e-06	1.291018e-06	17530
1104467	6.302049e-07	1.900184e-06	1.290928e-06	17530
1112723	6.303395e-07	1.900201e-06	1.290837e-06	17530
1120979	6.304739e-07	1.900218e-06	1.290746e-06	17530
1129235	6.306084e-07	1.900235e-06	1.290656e-06	17530
1137491	6.307429e-07	1.900252e-06	1.290565e-06	17530
1145747	6.308774e-07	1.900268e-06	1.290475e-06	17530
1154003	6.310118e-07	1.900285e-06	1.290384e-06	17530
1920	1.058300e-06	1.901524e-06	1.149870e-06	4217
10176	1.058414e-06	1.901553e-06	1.149718e-06	4217
18432	1.058528e-06	1.901581e-06	1.149566e-06	4217
26688	1.058642e-06	1.901609e-06	1.149414e-06	4217
34944	1.058756e-06	1.901638e-06	1.149262e-06	4217
43200	1.058870e-06	1.901666e-06	1.149111e-06	4217
51456	1.058985e-06	1.901694e-06	1.148958e-06	4217
59712	1.059099e-06	1.901722e-06	1.148806e-06	4217
6289	1.044329e-06	1.901746e-06	1.152438e-06	17011
67968	1.059213e-06	1.901751e-06	1.148654e-06	4217
14545	1.044444e-06	1.901774e-06	1.152289e-06	17011
76224	1.059327e-06	1.901779e-06	1.148502e-06	4217
22801	1.044558e-06	1.901801e-06	1.152139e-06	17011
84480	1.059441e-06	1.901807e-06	1.148350e-06	4217
31057	1.044673e-06	1.901829e-06	1.151989e-06	17011
92736	1.059555e-06	1.901836e-06	1.148198e-06	4217
39313	1.044787e-06	1.901857e-06	1.151839e-06	17011
100992	1.059669e-06	1.901864e-06	1.148046e-06	4217
47569	1.044902e-06	1.901885e-06	1.151689e-06	17011
109248	1.059783e-06	1.901892e-06	1.147894e-06	4217
55825	1.045016e-06	1.901913e-06	1.151539e-06	17011
117504	1.059897e-06	1.901921e-06	1.147742e-06	4217
64081	1.045131e-06	1.901941e-06	1.151389e-06	17011
125760	1.060011e-06	1.901949e-06	1.147590e-06	4217
72337	1.045245e-06	1.901969e-06	1.151239e-06	17011
134016	1.060125e-06	1.901977e-06	1.147438e-06	4217
80593	1.045360e-06	1.901997e-06	1.151089e-06	17011
142272	1.060239e-06	1.902006e-06	1.147285e-06	4217
88849	1.045474e-06	1.902025e-06	1.150938e-06	17011
150528	1.060352e-06	1.902034e-06	1.147133e-06	4217
97105	1.045589e-06	1.902053e-06	1.150788e-06	17011
158784	1.060466e-06	1.902062e-06	1.146981e-06	4217
105361	1.045703e-06	1.902081e-06	1.150638e-06	17011
167040	1.060580e-06	1.902091e-06	1.146829e-06	4217
113617	1.045817e-06	1.902109e-06	1.150488e-06	17011
175296	1.060694e-06	1.902119e-06	1.146676e-06	4217
121873	1.045932e-06	1.902137e-06	1.150338e-06	17011
183552	1.060808e-06	1.902147e-06	1.146524e-06	4217
130129	1.046046e-06	1.902165e-06	1.150188e-06	17011
191808	1.060921e-06	1.902176e-06	1.146372e-06	4217
138385	1.046160e-06	1.902192e-06	1.150038e-06	17011
200064	1.061035e-06	1.902204e-06	1.146220e-06	4217
146641	1.046275e-06	1.902220e-06	1.149887e-06	17011
208320	1.061149e-06	1.902232e-06	1.146067e-06	4217
154897	1.046389e-06	1.902248e-06	1.149737e-06	17011
216576	1.061263e-06	1.902261e-06	1.145915e-06	4217
163153	1.046503e-06	1.902276e-06	1.149587e-06	17011
224832	1.061376e-06	1.902289e-06	1.145763e-06	4217
171409	1.046617e-06	1.902304e-06	1.149437e-06	17011
233088	1.061490e-06	1.902317e-06	1.145610e-06	4217
179665	1.046731e-06	1.902332e-06	1.149287e-06	17011
241344	1.061603e-06	1.902346e-06	1.145458e-06	4217
187921	1.046845e-06	1.902360e-06	1.149136e-06	17011
249600	1.061717e-06	1.902374e-06	1.145305e-06	4217
196177	1.046959e-06	1.902388e-06	1.148986e-06	17011
257856	1.061831e-06	1.902402e-06	1.145153e-06	4217
204433	1.047074e-06	1.902416e-06	1.148836e-06	17011
266112	1.061944e-06	1.902431e-06	1.145001e-06	4217
212689	1.047188e-06	1.902444e-06	1.148685e-06	17011
274368	1.062058e-06	1.902459e-06	1.144848e-06	4217
220945	1.047302e-06	1.902472e-06	1.148535e-06	17011
282624	1.062171e-06	1.902488e-06	1.144696e-06	4217
229201	1.047416e-06	1.902500e-06	1.148385e-06	17011
290880	1.062285e-06	1.902516e-06	1.144543e-06	4217
237457	1.047530e-06	1.902528e-06	1.148234e-06	17011
299136	1.062398e-06	1.902544e-06	1.144391e-06	4217
245713	1.047644e-06	1.902556e-06	1.148084e-06	17011
307392	1.062512e-06	1.902573e-06	1.144238e-06	4217
253969	1.047758e-06	1.902584e-06	1.147934e-06	17011
315648	1.062625e-06	1.902601e-06	1.144086e-06	4217
262225	1.047872e-06	1.902612e-06	1.147783e-06	17011
323904	1.062738e-06	1.902629e-06	1.143933e-06	4217
270481	1.047986e-06	1.902640e-06	1.147633e-06	17011
332160	1.062852e-06	1.902658e-06	1.143781e-06	4217
278737	1.048099e-06	1.902668e-06	1.147482e-06	17011
340416	1.062965e-06	1.902686e-06	1.143628e-06	4217
286993	1.048213e-06	1.902696e-06	1.147332e-06	17011
348672	1.063078e-06	1.902715e-06	1.143475e-06	4217
295249	1.048327e-06	1.902724e-06	1.147181e-06	17011
356928	1.063192e-06	1.902743e-06	1.143323e-06	4217
303505	1.048441e-06	1.902752e-06	1.147031e-06	17011
365184	1.063305e-06	1.902771e-06	1.143170e-06	4217
311761	1.048555e-06	1.902780e-06	1.146880e-06	17011
373440	1.063418e-06	1.902800e-06	1.143017e-06	4217
320017	1.048669e-06	1.902808e-06	1.146730e-06	17011
381696	1.063531e-06	1.902828e-06	1.142865e-06	4217
328273	1.048782e-06	1.902836e-06	1.146579e-06	17011
389952	1.063645e-06	1.902857e-06	1.142712e-06	4217
336529	1.048896e-06	1.902864e-06	1.146429e-06	17011
398208	1.063758e-06	1.902885e-06	1.142559e-06	4217
344785	1.049010e-06	1.902892e-06	1.146278e-06	17011
406464	1.063871e-06	1.902914e-06	1.142407e-06	4217
353041	1.049124e-06	1.902920e-06	1.146127e-06	17011
414720	1.063984e-06	1.902942e-06	1.142254e-06	4217
361297	1.049237e-06	1.902948e-06	1.145977e-06	17011
422976	1.064097e-06	1.902970e-06	1.142101e-06	4217
369553	1.049351e-06	1.902976e-06	1.145826e-06	17011
431232	1.064210e-06	1.902999e-06	1.141948e-06	4217
377809	1.049464e-06	1.903004e-06	1.145676e-06	17011
439488	1.064323e-06	1.903027e-06	1.141796e-06	4217
386065	1.049578e-06	1.903032e-06	1.145525e-06	17011
447744	1.064436e-06	1.903056e-06	1.141643e-06	4217
394321	1.049692e-06	1.903060e-06	1.145374e-06	17011
456000	1.064549e-06	1.903084e-06	1.141490e-06	4217
402577	1.049805e-06	1.903088e-06	1.145224e-06	17011
464256	1.064662e-06	1.903113e-06	1.141337e-06	4217
410833	1.049919e-06	1.903117e-06	1.145073e-06	17011
472512	1.064775e-06	1.903141e-06	1.141184e-06	4217
419089	1.050032e-06	1.903145e-06	1.144922e-06	17011
480768	1.064888e-06	1.903170e-06	1.141032e-06	4217
427345	1.050146e-06	1.903173e-06	1.144771e-06	17011
489024	1.065001e-06	1.903198e-06	1.140879e-06	4217
435601	1.050259e-06	1.903201e-06	1.144621e-06	17011
497280	1.065114e-06	1.903226e-06	1.140726e-06	4217
443857	1.050373e-06	1.903229e-06	1.144470e-06	17011
505536	1.065227e-06	1.903255e-06	1.140573e-06	4217
452113	1.050486e-06	1.903257e-06	1.144319e-06	17011
513792	1.065340e-06	1.903283e-06	1.140420e-06	4217
460369	1.050600e-06	1.903285e-06	1.144168e-06	17011
522048	1.065453e-06	1.903312e-06	1.140267e-06	4217
468625	1.050713e-06	1.903313e-06	1.144018e-06	17011
530304	1.065566e-06	1.903340e-06	1.140114e-06	4217
476881	1.050826e-06	1.903341e-06	1.143867e-06	17011
538560	1.065678e-06	1.903369e-06	1.139961e-06	4217
485137	1.050940e-06	1.903369e-06	1.143716e-06	17011
546816	1.065791e-06	1.903397e-06	1.139808e-06	4217
493393	1.051053e-06	1.903397e-06	1.143565e-06	17011
501649	1.051166e-06	1.903425e-06	1.143414e-06	17011
555072	1.065904e-06	1.903426e-06	1.139655e-06	4217
509905	1.051279e-06	1.903453e-06	1.143263e-06	17011
563328	1.066017e-06	1.903454e-06	1.139502e-06	4217
518161	1.051393e-06	1.903481e-06	1.143112e-06	17011
571584	1.066129e-06	1.903483e-06	1.139349e-06	4217
526417	1.051506e-06	1.903510e-06	1.142961e-06	17011
579840	1.066242e-06	1.903511e-06	1.139196e-06	4217
534673	1.051619e-06	1.903538e-06	1.142810e-06	17011
588096	1.066355e-06	1.903540e-06	1.139043e-06	4217
542929	1.051732e-06	1.903566e-06	1.142659e-06	17011
596352	1.066467e-06	1.903568e-06	1.138890e-06	4217
551185	1.051845e-06	1.903594e-06	1.142508e-06	17011
604608	1.066580e-06	1.903597e-06	1.138737e-06	4217
559441	1.051959e-06	1.903622e-06	1.142357e-06	17011
612864	1.066693e-06	1.903625e-06	1.138584e-06	4217
567697	1.052072e-06	1.903650e-06	1.142206e-06	17011
621120	1.066805e-06	1.903654e-06	1.138431e-06	4217
575953	1.052185e-06	1.903678e-06	1.142055e-06	17011
629376	1.066918e-06	1.903682e-06	1.138277e-06	4217
584209	1.052298e-06	1.903706e-06	1.141904e-06	17011
637632	1.067030e-06	1.903711e-06	1.138124e-06	4217
592465	1.052411e-06	1.903734e-06	1.141753e-06	17011
645888	1.067143e-06	1.903739e-06	1.137971e-06	4217
600721	1.052524e-06	1.903762e-06	1.141602e-06	17011
654144	1.067255e-06	1.903768e-06	1.137818e-06	4217
608977	1.052637e-06	1.903791e-06	1.141451e-06	17011
662400	1.067368e-06	1.903796e-06	1.137665e-06	4217
617233	1.052750e-06	1.903819e-06	1.141300e-06	17011
670656	1.067480e-06	1.903825e-06	1.137512e-06	4217
625489	1.052863e-06	1.903847e-06	1.141149e-06	17011
678912	1.067593e-06	1.903853e-06	1.137358e-06	4217
633745	1.052976e-06	1.903875e-06	1.140998e-06	17011
687168	1.067705e-06	1.903882e-06	1.137205e-06	4217
642001	1.053089e-06	1.903903e-06	1.140847e-06	17011
695424	1.067817e-06	1.903910e-06	1.137052e-06	4217
650257	1.053202e-06	1.903931e-06	1.140695e-06	17011
703680	1.067930e-06	1.903939e-06	1.136898e-06	4217
658513	1.053314e-06	1.903960e-06	1.140544e-06	17011
711936	1.068042e-06	1.903967e-06	1.136745e-06	4217
666769	1.053427e-06	1.903988e-06	1.140393e-06	17011
720192	1.068154e-06	1.903996e-06	1.136592e-06	4217
675025	1.053540e-06	1.904016e-06	1.140242e-06	17011
728448	1.068267e-06	1.904024e-06	1.136438e-06	4217
683281	1.053653e-06	1.904044e-06	1.140090e-06	17011
736704	1.068379e-06	1.904053e-06	1.136285e-06	4217
691537	1.053766e-06	1.904072e-06	1.139939e-06	17011
744960	1.068491e-06	1.904082e-06	1.136132e-06	4217
699793	1.053878e-06	1.904100e-06	1.139788e-06	17011
753216	1.068603e-06	1.904110e-06	1.135978e-06	4217
708049	1.053991e-06	1.904128e-06	1.139637e-06	17011
761472	1.068715e-06	1.904139e-06	1.135825e-06	4217
716305	1.054104e-06	1.904157e-06	1.139485e-06	17011
769728	1.068827e-06	1.904167e-06	1.135671e-06	4217
724561	1.054217e-06	1.904185e-06	1.139334e-06	17011
777984	1.068940e-06	1.904196e-06	1.135518e-06	4217
732817	1.054329e-06	1.904213e-06	1.139183e-06	17011
786240	1.069052e-06	1.904224e-06	1.135365e-06	4217
741073	1.054442e-06	1.904241e-06	1.139031e-06	17011
794496	1.069164e-06	1.904253e-06	1.135211e-06	4217
749329	1.054554e-06	1.904269e-06	1.138880e-06	17011
802752	1.069276e-06	1.904281e-06	1.135058e-06	4217
757585	1.054667e-06	1.904297e-06	1.138729e-06	17011
811008	1.069388e-06	1.904310e-06	1.134904e-06	4217
765841	1.054780e-06	1.904326e-06	1.138577e-06	17011
819264	1.069500e-06	1.904339e-06	1.134751e-06	4217
774097	1.054892e-06	1.904354e-06	1.138426e-06	17011
827520	1.069612e-06	1.904367e-06	1.134597e-06	4217
782353	1.055005e-06	1.904382e-06	1.138274e-06	17011
835776	1.069724e-06	1.904396e-06	1.134444e-06	4217
790609	1.055117e-06	1.904410e-06	1.138123e-06	17011
844032	1.069836e-06	1.904424e-06	1.134290e-06	4217
798865	1.055230e-06	1.904438e-06	1.137971e-06	17011
852288	1.069948e-06	1.904453e-06	1.134136e-06	4217
807121	1.055342e-06	1.904467e-06	1.137820e-06	17011
860544	1.070060e-06	1.904481e-06	1.133983e-06	4217
815377	1.055455e-06	1.904495e-06	1.137668e-06	17011
868800	1.070172e-06	1.904510e-06	1.133829e-06	4217
823633	1.055567e-06	1.904523e-06	1.137517e-06	17011
877056	1.070284e-06	1.904539e-06	1.133676e-06	4217
831889	1.055679e-06	1.904551e-06	1.137365e-06	17011
885312	1.070395e-06	1.904567e-06	1.133522e-06	4217
840145	1.055792e-06	1.904579e-06	1.137214e-06	17011
893568	1.070507e-06	1.904596e-06	1.133368e-06	4217
848401	1.055904e-06	1.904608e-06	1.137062e-06	17011
901824	1.070619e-06	1.904624e-06	1.133215e-06	4217
856657	1.056016e-06	1.904636e-06	1.136911e-06	17011
910080	1.070731e-06	1.904653e-06	1.133061e-06	4217
864913	1.056129e-06	1.904664e-06	1.136759e-06	17011
918336	1.070843e-06	1.904682e-06	1.132907e-06	4217
873169	1.056241e-06	1.904692e-06	1.136607e-06	17011
926592	1.070954e-06	1.904710e-06	1.132753e-06	4217
881425	1.056353e-06	1.904720e-06	1.136456e-06	17011
934848	1.071066e-06	1.904739e-06	1.132600e-06	4217
889681	1.056466e-06	1.904749e-06	1.136304e-06	17011
943104	1.071178e-06	1.904767e-06	1.132446e-06	4217
897937	1.056578e-06	1.904777e-06	1.136152e-06	17011
951360	1.071289e-06	1.904796e-06	1.132292e-06	4217
906193	1.056690e-06	1.904805e-06	1.136001e-06	17011
959616	1.071401e-06	1.904825e-06	1.132138e-06	4217
914449	1.056802e-06	1.904833e-06	1.135849e-06	17011
967872	1.071513e-06	1.904853e-06	1.131985e-06	4217
922705	1.056914e-06	1.904862e-06	1.135697e-06	17011
976128	1.071624e-06	1.904882e-06	1.131831e-06	4217
930961	1.057026e-06	1.904890e-06	1.135546e-06	17011
984384	1.071736e-06	1.904911e-06	1.131677e-06	4217
939217	1.057139e-06	1.904918e-06	1.135394e-06	17011
992640	1.071847e-06	1.904939e-06	1.131523e-06	4217
947473	1.057251e-06	1.904946e-06	1.135242e-06	17011
1000896	1.071959e-06	1.904968e-06	1.131369e-06	4217
955729	1.057363e-06	1.904975e-06	1.135090e-06	17011
1009152	1.072070e-06	1.904997e-06	1.131215e-06	4217
963985	1.057475e-06	1.905003e-06	1.134939e-06	17011
1017408	1.072182e-06	1.905025e-06	1.131061e-06	4217
972241	1.057587e-06	1.905031e-06	1.134787e-06	17011
1025664	1.072293e-06	1.905054e-06	1.130908e-06	4217
980497	1.057699e-06	1.905059e-06	1.134635e-06	17011
1033920	1.072405e-06	1.905082e-06	1.130754e-06	4217
988753	1.057811e-06	1.905088e-06	1.134483e-06	17011
1042176	1.072516e-06	1.905111e-06	1.130600e-06	4217
997009	1.057923e-06	1.905116e-06	1.134331e-06	17011
1050432	1.072627e-06	1.905140e-06	1.130446e-06	4217
1005265	1.058035e-06	1.905144e-06	1.134179e-06	17011
1058688	1.072739e-06	1.905168e-06	1.130292e-06	4217
1013521	1.058146e-06	1.905172e-06	1.134028e-06	17011
1066944	1.072850e-06	1.905197e-06	1.130138e-06	4217
1021777	1.058258e-06	1.905201e-06	1.133876e-06	17011
1075200	1.072961e-06	1.905226e-06	1.129984e-06	4217
1030033	1.058370e-06	1.905229e-06	1.133724e-06	17011
1083456	1.073073e-06	1.905254e-06	1.129830e-06	4217
1038289	1.058482e-06	1.905257e-06	1.133572e-06	17011
1091712	1.073184e-06	1.905283e-06	1.129676e-06	4217
1046545	1.058594e-06	1.905285e-06	1.133420e-06	17011
1099968	1.073295e-06	1.905312e-06	1.129522e-06	4217
1054801	1.058706e-06	1.905314e-06	1.133268e-06	17011
1108224	1.073407e-06	1.905340e-06	1.129368e-06	4217
1063057	1.058817e-06	1.905342e-06	1.133116e-06	17011
1116480	1.073518e-06	1.905369e-06	1.129214e-06	4217
1071313	1.058929e-06	1.905370e-06	1.132964e-06	17011
1124736	1.073629e-06	1.905398e-06	1.129059e-06	4217
1079569	1.059041e-06	1.905399e-06	1.132812e-06	17011
1132992	1.073740e-06	1.905426e-06	1.128905e-06	4217
1087825	1.059153e-06	1.905427e-06	1.132660e-06	17011
1096081	1.059264e-06	1.905455e-06	1.132508e-06	17011
1141248	1.073851e-06	1.905455e-06	1.128751e-06	4217
6718	6.076451e-07	1.905483e-06	1.284258e-06	19020
1104337	1.059376e-06	1.905483e-06	1.132356e-06	17011
1149504	1.073962e-06	1.905484e-06	1.128597e-06	4217
14974	6.077785e-07	1.905499e-06	1.284171e-06	19020
1112593	1.059487e-06	1.905512e-06	1.132204e-06	17011
23230	6.079119e-07	1.905516e-06	1.284084e-06	19020
31486	6.080452e-07	1.905532e-06	1.283996e-06	19020
1120849	1.059599e-06	1.905540e-06	1.132052e-06	17011
39742	6.081787e-07	1.905548e-06	1.283909e-06	19020
47998	6.083120e-07	1.905565e-06	1.283821e-06	19020
1129105	1.059711e-06	1.905568e-06	1.131899e-06	17011
56254	6.084454e-07	1.905581e-06	1.283734e-06	19020
1137361	1.059822e-06	1.905597e-06	1.131747e-06	17011
64510	6.085787e-07	1.905597e-06	1.283647e-06	19020
72766	6.087120e-07	1.905613e-06	1.283559e-06	19020
1145617	1.059934e-06	1.905625e-06	1.131595e-06	17011
81022	6.088453e-07	1.905630e-06	1.283472e-06	19020
89278	6.089786e-07	1.905646e-06	1.283384e-06	19020
1153873	1.060045e-06	1.905653e-06	1.131443e-06	17011
97534	6.091119e-07	1.905662e-06	1.283297e-06	19020
105790	6.092451e-07	1.905679e-06	1.283209e-06	19020
114046	6.093784e-07	1.905695e-06	1.283122e-06	19020
122302	6.095117e-07	1.905711e-06	1.283034e-06	19020
130558	6.096449e-07	1.905728e-06	1.282947e-06	19020
138814	6.097781e-07	1.905744e-06	1.282859e-06	19020
147070	6.099114e-07	1.905761e-06	1.282771e-06	19020
155326	6.100445e-07	1.905777e-06	1.282684e-06	19020
163582	6.101777e-07	1.905793e-06	1.282596e-06	19020
171838	6.103108e-07	1.905810e-06	1.282508e-06	19020
180094	6.104440e-07	1.905826e-06	1.282421e-06	19020
188350	6.105772e-07	1.905842e-06	1.282333e-06	19020
196606	6.107103e-07	1.905859e-06	1.282245e-06	19020
204862	6.108434e-07	1.905875e-06	1.282158e-06	19020
213118	6.109765e-07	1.905891e-06	1.282070e-06	19020
221374	6.111096e-07	1.905908e-06	1.281982e-06	19020
229630	6.112427e-07	1.905924e-06	1.281894e-06	19020
237886	6.113758e-07	1.905941e-06	1.281806e-06	19020
246142	6.115088e-07	1.905957e-06	1.281718e-06	19020
254398	6.116418e-07	1.905973e-06	1.281631e-06	19020
262654	6.117749e-07	1.905990e-06	1.281543e-06	19020
270910	6.119079e-07	1.906006e-06	1.281455e-06	19020
279166	6.120409e-07	1.906023e-06	1.281367e-06	19020
287422	6.121738e-07	1.906039e-06	1.281279e-06	19020
295678	6.123068e-07	1.906055e-06	1.281191e-06	19020
303934	6.124398e-07	1.906072e-06	1.281103e-06	19020
312190	6.125727e-07	1.906088e-06	1.281015e-06	19020
320446	6.127057e-07	1.906105e-06	1.280927e-06	19020
328702	6.128386e-07	1.906121e-06	1.280839e-06	19020
336958	6.129715e-07	1.906138e-06	1.280751e-06	19020
345214	6.131044e-07	1.906154e-06	1.280663e-06	19020
353470	6.132373e-07	1.906170e-06	1.280575e-06	19020
361726	6.133702e-07	1.906187e-06	1.280487e-06	19020
369982	6.135030e-07	1.906203e-06	1.280399e-06	19020
378238	6.136358e-07	1.906220e-06	1.280310e-06	19020
386494	6.137686e-07	1.906236e-06	1.280222e-06	19020
394750	6.139015e-07	1.906253e-06	1.280134e-06	19020
403006	6.140343e-07	1.906269e-06	1.280046e-06	19020
411262	6.141670e-07	1.906286e-06	1.279958e-06	19020
419518	6.142998e-07	1.906302e-06	1.279869e-06	19020
427774	6.144326e-07	1.906318e-06	1.279781e-06	19020
436030	6.145654e-07	1.906335e-06	1.279693e-06	19020
444286	6.146981e-07	1.906351e-06	1.279605e-06	19020
452542	6.148308e-07	1.906368e-06	1.279516e-06	19020
460798	6.149635e-07	1.906384e-06	1.279428e-06	19020
469054	6.150962e-07	1.906401e-06	1.279340e-06	19020
477310	6.152289e-07	1.906417e-06	1.279251e-06	19020
485566	6.153616e-07	1.906434e-06	1.279163e-06	19020
493822	6.154942e-07	1.906450e-06	1.279074e-06	19020
502078	6.156269e-07	1.906467e-06	1.278986e-06	19020
510334	6.157595e-07	1.906483e-06	1.278897e-06	19020
518590	6.158921e-07	1.906500e-06	1.278809e-06	19020
526846	6.160247e-07	1.906516e-06	1.278721e-06	19020
535102	6.161573e-07	1.906533e-06	1.278632e-06	19020
543358	6.162899e-07	1.906549e-06	1.278544e-06	19020
551614	6.164225e-07	1.906566e-06	1.278455e-06	19020
559870	6.165550e-07	1.906582e-06	1.278366e-06	19020
568126	6.166876e-07	1.906599e-06	1.278278e-06	19020
576382	6.168201e-07	1.906615e-06	1.278189e-06	19020
584638	6.169526e-07	1.906632e-06	1.278101e-06	19020
592894	6.170851e-07	1.906649e-06	1.278012e-06	19020
601150	6.172176e-07	1.906665e-06	1.277923e-06	19020
609406	6.173501e-07	1.906682e-06	1.277835e-06	19020
617662	6.174826e-07	1.906698e-06	1.277746e-06	19020
625918	6.176150e-07	1.906715e-06	1.277657e-06	19020
634174	6.177474e-07	1.906731e-06	1.277568e-06	19020
642430	6.178798e-07	1.906748e-06	1.277480e-06	19020
650686	6.180123e-07	1.906764e-06	1.277391e-06	19020
658942	6.181447e-07	1.906781e-06	1.277302e-06	19020
667198	6.182771e-07	1.906798e-06	1.277213e-06	19020
675454	6.184094e-07	1.906814e-06	1.277125e-06	19020
683710	6.185418e-07	1.906831e-06	1.277036e-06	19020
691966	6.186741e-07	1.906847e-06	1.276947e-06	19020
700222	6.188064e-07	1.906864e-06	1.276858e-06	19020
708478	6.189388e-07	1.906880e-06	1.276769e-06	19020
716734	6.190710e-07	1.906897e-06	1.276680e-06	19020
724990	6.192033e-07	1.906914e-06	1.276591e-06	19020
733246	6.193356e-07	1.906930e-06	1.276502e-06	19020
741502	6.194679e-07	1.906947e-06	1.276413e-06	19020
749758	6.196001e-07	1.906963e-06	1.276324e-06	19020
758014	6.197324e-07	1.906980e-06	1.276235e-06	19020
766270	6.198646e-07	1.906997e-06	1.276146e-06	19020
774526	6.199968e-07	1.907013e-06	1.276057e-06	19020
782782	6.201290e-07	1.907030e-06	1.275968e-06	19020
791038	6.202612e-07	1.907047e-06	1.275879e-06	19020
799294	6.203933e-07	1.907063e-06	1.275790e-06	19020
807550	6.205255e-07	1.907080e-06	1.275701e-06	19020
815806	6.206577e-07	1.907096e-06	1.275611e-06	19020
824062	6.207898e-07	1.907113e-06	1.275522e-06	19020
832318	6.209219e-07	1.907130e-06	1.275433e-06	19020
840574	6.210540e-07	1.907146e-06	1.275344e-06	19020
848830	6.211861e-07	1.907163e-06	1.275255e-06	19020
857086	6.213182e-07	1.907180e-06	1.275165e-06	19020
865342	6.214502e-07	1.907196e-06	1.275076e-06	19020
873598	6.215823e-07	1.907213e-06	1.274987e-06	19020
881854	6.217143e-07	1.907230e-06	1.274897e-06	19020
890110	6.218464e-07	1.907246e-06	1.274808e-06	19020
898366	6.219784e-07	1.907263e-06	1.274719e-06	19020
906622	6.221103e-07	1.907280e-06	1.274630e-06	19020
914878	6.222423e-07	1.907296e-06	1.274540e-06	19020
923134	6.223743e-07	1.907313e-06	1.274451e-06	19020
931390	6.225063e-07	1.907330e-06	1.274361e-06	19020
939646	6.226383e-07	1.907346e-06	1.274272e-06	19020
947902	6.227702e-07	1.907363e-06	1.274182e-06	19020
956158	6.229021e-07	1.907380e-06	1.274093e-06	19020
964414	6.230340e-07	1.907396e-06	1.274003e-06	19020
972670	6.231659e-07	1.907413e-06	1.273914e-06	19020
980926	6.232978e-07	1.907430e-06	1.273824e-06	19020
989182	6.234296e-07	1.907447e-06	1.273735e-06	19020
997438	6.235615e-07	1.907463e-06	1.273645e-06	19020
1005694	6.236933e-07	1.907480e-06	1.273556e-06	19020
1013950	6.238251e-07	1.907497e-06	1.273466e-06	19020
1022206	6.239570e-07	1.907513e-06	1.273376e-06	19020
1030462	6.240888e-07	1.907530e-06	1.273287e-06	19020
1038718	6.242205e-07	1.907547e-06	1.273197e-06	19020
1046974	6.243523e-07	1.907564e-06	1.273107e-06	19020
1055230	6.244841e-07	1.907580e-06	1.273018e-06	19020
1063486	6.246158e-07	1.907597e-06	1.272928e-06	19020
1071742	6.247475e-07	1.907614e-06	1.272838e-06	19020
1079998	6.248793e-07	1.907631e-06	1.272748e-06	19020
1088254	6.250110e-07	1.907647e-06	1.272659e-06	19020
1096510	6.251427e-07	1.907664e-06	1.272569e-06	19020
1104766	6.252744e-07	1.907681e-06	1.272479e-06	19020
1113022	6.254060e-07	1.907698e-06	1.272389e-06	19020
1121278	6.255377e-07	1.907714e-06	1.272299e-06	19020
1129534	6.256693e-07	1.907731e-06	1.272210e-06	19020
1137790	6.258010e-07	1.907748e-06	1.272120e-06	19020
1146046	6.259326e-07	1.907765e-06	1.272030e-06	19020
1154302	6.260641e-07	1.907781e-06	1.271940e-06	19020
5834	5.409307e-07	1.911204e-06	1.337764e-06	15226
14090	5.410716e-07	1.911219e-06	1.337687e-06	15226
22346	5.412125e-07	1.911233e-06	1.337609e-06	15226
30602	5.413534e-07	1.911248e-06	1.337531e-06	15226
38858	5.414943e-07	1.911262e-06	1.337453e-06	15226
47114	5.416352e-07	1.911277e-06	1.337375e-06	15226
55370	5.417761e-07	1.911291e-06	1.337298e-06	15226
63626	5.419170e-07	1.911306e-06	1.337220e-06	15226
71882	5.420578e-07	1.911320e-06	1.337142e-06	15226
80138	5.421986e-07	1.911335e-06	1.337064e-06	15226
88394	5.423395e-07	1.911350e-06	1.336986e-06	15226
96650	5.424803e-07	1.911364e-06	1.336908e-06	15226
104906	5.426211e-07	1.911379e-06	1.336830e-06	15226
113162	5.427619e-07	1.911393e-06	1.336752e-06	15226
121418	5.429027e-07	1.911408e-06	1.336674e-06	15226
129674	5.430435e-07	1.911422e-06	1.336596e-06	15226
137930	5.431842e-07	1.911437e-06	1.336518e-06	15226
146186	5.433250e-07	1.911452e-06	1.336440e-06	15226
154442	5.434657e-07	1.911466e-06	1.336362e-06	15226
162698	5.436065e-07	1.911481e-06	1.336284e-06	15226
170954	5.437471e-07	1.911495e-06	1.336206e-06	15226
179210	5.438878e-07	1.911510e-06	1.336128e-06	15226
187466	5.440285e-07	1.911525e-06	1.336049e-06	15226
195722	5.441692e-07	1.911539e-06	1.335971e-06	15226
203978	5.443099e-07	1.911554e-06	1.335893e-06	15226
212234	5.444505e-07	1.911568e-06	1.335815e-06	15226
220490	5.445912e-07	1.911583e-06	1.335736e-06	15226
228746	5.447318e-07	1.911598e-06	1.335658e-06	15226
237002	5.448725e-07	1.911612e-06	1.335580e-06	15226
245258	5.450131e-07	1.911627e-06	1.335502e-06	15226
253514	5.451537e-07	1.911641e-06	1.335423e-06	15226
261770	5.452943e-07	1.911656e-06	1.335345e-06	15226
270026	5.454348e-07	1.911671e-06	1.335267e-06	15226
278282	5.455754e-07	1.911685e-06	1.335188e-06	15226
286538	5.457159e-07	1.911700e-06	1.335110e-06	15226
294794	5.458565e-07	1.911715e-06	1.335031e-06	15226
303050	5.459970e-07	1.911729e-06	1.334953e-06	15226
311306	5.461375e-07	1.911744e-06	1.334874e-06	15226
319562	5.462780e-07	1.911759e-06	1.334796e-06	15226
327818	5.464186e-07	1.911773e-06	1.334717e-06	15226
336074	5.465590e-07	1.911788e-06	1.334639e-06	15226
344330	5.466995e-07	1.911803e-06	1.334560e-06	15226
352586	5.468399e-07	1.911817e-06	1.334482e-06	15226
360842	5.469804e-07	1.911832e-06	1.334403e-06	15226
369098	5.471208e-07	1.911847e-06	1.334325e-06	15226
377354	5.472613e-07	1.911861e-06	1.334246e-06	15226
385610	5.474017e-07	1.911876e-06	1.334167e-06	15226
393866	5.475421e-07	1.911891e-06	1.334089e-06	15226
402122	5.476825e-07	1.911905e-06	1.334010e-06	15226
410378	5.478228e-07	1.911920e-06	1.333931e-06	15226
418634	5.479632e-07	1.911935e-06	1.333852e-06	15226
426890	5.481036e-07	1.911950e-06	1.333774e-06	15226
435146	5.482439e-07	1.911964e-06	1.333695e-06	15226
443402	5.483842e-07	1.911979e-06	1.333616e-06	15226
451658	5.485246e-07	1.911994e-06	1.333537e-06	15226
459914	5.486648e-07	1.912008e-06	1.333458e-06	15226
468170	5.488051e-07	1.912023e-06	1.333380e-06	15226
476426	5.489454e-07	1.912038e-06	1.333301e-06	15226
484682	5.490857e-07	1.912053e-06	1.333222e-06	15226
492938	5.492260e-07	1.912067e-06	1.333143e-06	15226
501194	5.493662e-07	1.912082e-06	1.333064e-06	15226
509450	5.495065e-07	1.912097e-06	1.332985e-06	15226
517706	5.496467e-07	1.912111e-06	1.332906e-06	15226
525962	5.497869e-07	1.912126e-06	1.332827e-06	15226
534218	5.499271e-07	1.912141e-06	1.332748e-06	15226
542474	5.500673e-07	1.912156e-06	1.332669e-06	15226
550730	5.502075e-07	1.912171e-06	1.332590e-06	15226
558986	5.503476e-07	1.912185e-06	1.332511e-06	15226
567242	5.504878e-07	1.912200e-06	1.332432e-06	15226
575498	5.506279e-07	1.912215e-06	1.332353e-06	15226
583754	5.507680e-07	1.912230e-06	1.332274e-06	15226
592010	5.509082e-07	1.912244e-06	1.332195e-06	15226
600266	5.510483e-07	1.912259e-06	1.332115e-06	15226
608522	5.511884e-07	1.912274e-06	1.332036e-06	15226
616778	5.513285e-07	1.912289e-06	1.331957e-06	15226
625034	5.514685e-07	1.912304e-06	1.331878e-06	15226
633290	5.516086e-07	1.912318e-06	1.331798e-06	15226
641546	5.517487e-07	1.912333e-06	1.331719e-06	15226
649802	5.518887e-07	1.912348e-06	1.331640e-06	15226
658058	5.520287e-07	1.912363e-06	1.331560e-06	15226
666314	5.521687e-07	1.912378e-06	1.331481e-06	15226
674570	5.523087e-07	1.912392e-06	1.331402e-06	15226
682826	5.524487e-07	1.912407e-06	1.331322e-06	15226
691082	5.525887e-07	1.912422e-06	1.331243e-06	15226
699338	5.527287e-07	1.912437e-06	1.331164e-06	15226
707594	5.528686e-07	1.912452e-06	1.331084e-06	15226
715850	5.530086e-07	1.912467e-06	1.331005e-06	15226
724106	5.531485e-07	1.912481e-06	1.330925e-06	15226
732362	5.532884e-07	1.912496e-06	1.330846e-06	15226
740618	5.534283e-07	1.912511e-06	1.330766e-06	15226
748874	5.535683e-07	1.912526e-06	1.330687e-06	15226
757130	5.537081e-07	1.912541e-06	1.330607e-06	15226
765386	5.538480e-07	1.912556e-06	1.330528e-06	15226
773642	5.539879e-07	1.912570e-06	1.330448e-06	15226
781898	5.541277e-07	1.912586e-06	1.330368e-06	15226
790154	5.542676e-07	1.912600e-06	1.330289e-06	15226
798410	5.544074e-07	1.912615e-06	1.330209e-06	15226
806666	5.545472e-07	1.912630e-06	1.330130e-06	15226
814922	5.546870e-07	1.912645e-06	1.330050e-06	15226
823178	5.548268e-07	1.912660e-06	1.329970e-06	15226
831434	5.549666e-07	1.912675e-06	1.329890e-06	15226
839690	5.551063e-07	1.912690e-06	1.329811e-06	15226
847946	5.552461e-07	1.912704e-06	1.329731e-06	15226
856202	5.553858e-07	1.912719e-06	1.329651e-06	15226
864458	5.555256e-07	1.912734e-06	1.329571e-06	15226
872714	5.556653e-07	1.912749e-06	1.329491e-06	15226
880970	5.558050e-07	1.912764e-06	1.329411e-06	15226
889226	5.559447e-07	1.912779e-06	1.329332e-06	15226
897482	5.560844e-07	1.912794e-06	1.329252e-06	15226
905738	5.562241e-07	1.912809e-06	1.329172e-06	15226
913994	5.563637e-07	1.912824e-06	1.329092e-06	15226
922250	5.565033e-07	1.912839e-06	1.329012e-06	15226
930506	5.566430e-07	1.912854e-06	1.328932e-06	15226
938762	5.567826e-07	1.912869e-06	1.328852e-06	15226
947018	5.569222e-07	1.912884e-06	1.328772e-06	15226
955274	5.570618e-07	1.912898e-06	1.328692e-06	15226
963530	5.572014e-07	1.912913e-06	1.328612e-06	15226
971786	5.573410e-07	1.912928e-06	1.328532e-06	15226
980042	5.574806e-07	1.912943e-06	1.328452e-06	15226
988298	5.576201e-07	1.912958e-06	1.328372e-06	15226
996554	5.577596e-07	1.912973e-06	1.328291e-06	15226
1004810	5.578992e-07	1.912988e-06	1.328211e-06	15226
1013066	5.580387e-07	1.913003e-06	1.328131e-06	15226
1021322	5.581782e-07	1.913018e-06	1.328051e-06	15226
1029578	5.583177e-07	1.913033e-06	1.327971e-06	15226
1037834	5.584571e-07	1.913048e-06	1.327890e-06	15226
1046090	5.585966e-07	1.913063e-06	1.327810e-06	15226
1054346	5.587361e-07	1.913078e-06	1.327730e-06	15226
1062602	5.588756e-07	1.913093e-06	1.327650e-06	15226
1070858	5.590150e-07	1.913108e-06	1.327569e-06	15226
1079114	5.591544e-07	1.913123e-06	1.327489e-06	15226
1087370	5.592938e-07	1.913138e-06	1.327409e-06	15226
1095626	5.594332e-07	1.913153e-06	1.327328e-06	15226
1103882	5.595726e-07	1.913168e-06	1.327248e-06	15226
1112138	5.597120e-07	1.913183e-06	1.327167e-06	15226
1120394	5.598513e-07	1.913198e-06	1.327087e-06	15226
1128650	5.599907e-07	1.913213e-06	1.327007e-06	15226
1136906	5.601300e-07	1.913228e-06	1.326926e-06	15226
1145162	5.602694e-07	1.913243e-06	1.326846e-06	15226
1153418	5.604087e-07	1.913258e-06	1.326765e-06	15226
5903	5.137047e-07	1.918219e-06	1.352554e-06	15482
14159	5.138476e-07	1.918233e-06	1.352480e-06	15482
22415	5.139905e-07	1.918246e-06	1.352406e-06	15482
30671	5.141333e-07	1.918260e-06	1.352332e-06	15482
38927	5.142762e-07	1.918274e-06	1.352259e-06	15482
47183	5.144190e-07	1.918288e-06	1.352185e-06	15482
55439	5.145618e-07	1.918302e-06	1.352111e-06	15482
63695	5.147046e-07	1.918316e-06	1.352037e-06	15482
71951	5.148474e-07	1.918329e-06	1.351963e-06	15482
80207	5.149902e-07	1.918343e-06	1.351889e-06	15482
88463	5.151329e-07	1.918357e-06	1.351815e-06	15482
96719	5.152757e-07	1.918371e-06	1.351741e-06	15482
104975	5.154184e-07	1.918385e-06	1.351667e-06	15482
113231	5.155612e-07	1.918399e-06	1.351592e-06	15482
121487	5.157039e-07	1.918412e-06	1.351518e-06	15482
129743	5.158466e-07	1.918426e-06	1.351444e-06	15482
137999	5.159893e-07	1.918440e-06	1.351370e-06	15482
146255	5.161320e-07	1.918454e-06	1.351296e-06	15482
154511	5.162747e-07	1.918468e-06	1.351222e-06	15482
162767	5.164173e-07	1.918482e-06	1.351147e-06	15482
171023	5.165600e-07	1.918496e-06	1.351073e-06	15482
179279	5.167027e-07	1.918509e-06	1.350999e-06	15482
187535	5.168453e-07	1.918523e-06	1.350925e-06	15482
195791	5.169879e-07	1.918537e-06	1.350851e-06	15482
204047	5.171306e-07	1.918551e-06	1.350776e-06	15482
212303	5.172732e-07	1.918565e-06	1.350702e-06	15482
220559	5.174157e-07	1.918579e-06	1.350627e-06	15482
228815	5.175584e-07	1.918593e-06	1.350553e-06	15482
237071	5.177009e-07	1.918607e-06	1.350479e-06	15482
245327	5.178435e-07	1.918620e-06	1.350404e-06	15482
253583	5.179861e-07	1.918634e-06	1.350330e-06	15482
261839	5.181286e-07	1.918648e-06	1.350256e-06	15482
270095	5.182711e-07	1.918662e-06	1.350181e-06	15482
278351	5.184136e-07	1.918676e-06	1.350106e-06	15482
286607	5.185561e-07	1.918690e-06	1.350032e-06	15482
294863	5.186986e-07	1.918704e-06	1.349957e-06	15482
303119	5.188411e-07	1.918718e-06	1.349883e-06	15482
311375	5.189836e-07	1.918732e-06	1.349808e-06	15482
6479	5.852481e-07	1.918739e-06	1.328489e-06	17786
319631	5.191260e-07	1.918746e-06	1.349734e-06	15482
14735	5.853875e-07	1.918755e-06	1.328405e-06	17786
327887	5.192685e-07	1.918760e-06	1.349659e-06	15482
22991	5.855269e-07	1.918771e-06	1.328321e-06	17786
336143	5.194109e-07	1.918774e-06	1.349584e-06	15482
31247	5.856663e-07	1.918786e-06	1.328236e-06	17786
344399	5.195533e-07	1.918788e-06	1.349510e-06	15482
352655	5.196958e-07	1.918802e-06	1.349435e-06	15482
39503	5.858056e-07	1.918802e-06	1.328152e-06	17786
360911	5.198382e-07	1.918816e-06	1.349360e-06	15482
47759	5.859450e-07	1.918818e-06	1.328068e-06	17786
369167	5.199806e-07	1.918829e-06	1.349286e-06	15482
56015	5.860843e-07	1.918834e-06	1.327984e-06	17786
377423	5.201230e-07	1.918844e-06	1.349211e-06	15482
64271	5.862236e-07	1.918849e-06	1.327900e-06	17786
385679	5.202654e-07	1.918857e-06	1.349136e-06	15482
72527	5.863629e-07	1.918865e-06	1.327815e-06	17786
393935	5.204077e-07	1.918871e-06	1.349061e-06	15482
80783	5.865023e-07	1.918881e-06	1.327731e-06	17786
402191	5.205500e-07	1.918885e-06	1.348987e-06	15482
89039	5.866415e-07	1.918896e-06	1.327647e-06	17786
410447	5.206924e-07	1.918899e-06	1.348912e-06	15482
97295	5.867808e-07	1.918912e-06	1.327563e-06	17786
418703	5.208347e-07	1.918913e-06	1.348837e-06	15482
426959	5.209770e-07	1.918927e-06	1.348762e-06	15482
105551	5.869201e-07	1.918928e-06	1.327478e-06	17786
435215	5.211193e-07	1.918941e-06	1.348687e-06	15482
113807	5.870593e-07	1.918944e-06	1.327394e-06	17786
443471	5.212617e-07	1.918955e-06	1.348612e-06	15482
122063	5.871986e-07	1.918959e-06	1.327310e-06	17786
451727	5.214039e-07	1.918969e-06	1.348537e-06	15482
130319	5.873378e-07	1.918975e-06	1.327225e-06	17786
459983	5.215462e-07	1.918983e-06	1.348462e-06	15482
138575	5.874770e-07	1.918991e-06	1.327141e-06	17786
468239	5.216884e-07	1.918997e-06	1.348388e-06	15482
146831	5.876162e-07	1.919007e-06	1.327056e-06	17786
476495	5.218307e-07	1.919011e-06	1.348312e-06	15482
155087	5.877554e-07	1.919023e-06	1.326972e-06	17786
484751	5.219729e-07	1.919025e-06	1.348238e-06	15482
163343	5.878946e-07	1.919038e-06	1.326888e-06	17786
493007	5.221152e-07	1.919039e-06	1.348163e-06	15482
501263	5.222574e-07	1.919053e-06	1.348087e-06	15482
171599	5.880338e-07	1.919054e-06	1.326803e-06	17786
509519	5.223996e-07	1.919067e-06	1.348012e-06	15482
179855	5.881730e-07	1.919070e-06	1.326719e-06	17786
517775	5.225418e-07	1.919081e-06	1.347937e-06	15482
188111	5.883120e-07	1.919086e-06	1.326634e-06	17786
526031	5.226840e-07	1.919095e-06	1.347862e-06	15482
196367	5.884512e-07	1.919101e-06	1.326550e-06	17786
534287	5.228262e-07	1.919110e-06	1.347787e-06	15482
204623	5.885903e-07	1.919117e-06	1.326465e-06	17786
542543	5.229683e-07	1.919124e-06	1.347712e-06	15482
212879	5.887294e-07	1.919133e-06	1.326380e-06	17786
550799	5.231105e-07	1.919138e-06	1.347637e-06	15482
221135	5.888685e-07	1.919149e-06	1.326296e-06	17786
559055	5.232526e-07	1.919152e-06	1.347562e-06	15482
229391	5.890076e-07	1.919165e-06	1.326211e-06	17786
567311	5.233947e-07	1.919166e-06	1.347486e-06	15482
575567	5.235369e-07	1.919180e-06	1.347411e-06	15482
237647	5.891467e-07	1.919180e-06	1.326126e-06	17786
583823	5.236790e-07	1.919194e-06	1.347336e-06	15482
245903	5.892857e-07	1.919196e-06	1.326042e-06	17786
592079	5.238210e-07	1.919208e-06	1.347261e-06	15482
254159	5.894248e-07	1.919212e-06	1.325957e-06	17786
600335	5.239631e-07	1.919222e-06	1.347185e-06	15482
262415	5.895638e-07	1.919228e-06	1.325873e-06	17786
608591	5.241052e-07	1.919236e-06	1.347110e-06	15482
270671	5.897028e-07	1.919244e-06	1.325788e-06	17786
616847	5.242472e-07	1.919250e-06	1.347035e-06	15482
278927	5.898418e-07	1.919259e-06	1.325703e-06	17786
625103	5.243893e-07	1.919264e-06	1.346959e-06	15482
287183	5.899808e-07	1.919275e-06	1.325618e-06	17786
633359	5.245313e-07	1.919278e-06	1.346884e-06	15482
295439	5.901198e-07	1.919291e-06	1.325534e-06	17786
641615	5.246734e-07	1.919292e-06	1.346809e-06	15482
649871	5.248154e-07	1.919306e-06	1.346733e-06	15482
303695	5.902587e-07	1.919307e-06	1.325449e-06	17786
658127	5.249574e-07	1.919321e-06	1.346658e-06	15482
311951	5.903977e-07	1.919323e-06	1.325364e-06	17786
666383	5.250994e-07	1.919335e-06	1.346582e-06	15482
320207	5.905366e-07	1.919339e-06	1.325279e-06	17786
674639	5.252414e-07	1.919349e-06	1.346507e-06	15482
328463	5.906755e-07	1.919354e-06	1.325194e-06	17786
682895	5.253834e-07	1.919363e-06	1.346431e-06	15482
336719	5.908145e-07	1.919370e-06	1.325109e-06	17786
691151	5.255253e-07	1.919377e-06	1.346356e-06	15482
344975	5.909534e-07	1.919386e-06	1.325024e-06	17786
699407	5.256672e-07	1.919391e-06	1.346280e-06	15482
353231	5.910923e-07	1.919402e-06	1.324939e-06	17786
707663	5.258092e-07	1.919405e-06	1.346205e-06	15482
361487	5.912311e-07	1.919418e-06	1.324855e-06	17786
715919	5.259511e-07	1.919419e-06	1.346129e-06	15482
724175	5.260931e-07	1.919433e-06	1.346054e-06	15482
369743	5.913700e-07	1.919434e-06	1.324770e-06	17786
732431	5.262349e-07	1.919447e-06	1.345978e-06	15482
377999	5.915089e-07	1.919449e-06	1.324685e-06	17786
740687	5.263768e-07	1.919462e-06	1.345902e-06	15482
386255	5.916477e-07	1.919465e-06	1.324600e-06	17786
748943	5.265187e-07	1.919476e-06	1.345827e-06	15482
394511	5.917865e-07	1.919481e-06	1.324515e-06	17786
757199	5.266606e-07	1.919490e-06	1.345751e-06	15482
402767	5.919254e-07	1.919497e-06	1.324430e-06	17786
765455	5.268025e-07	1.919504e-06	1.345675e-06	15482
