...found 11 targets...
...updating 10 targets...
gcc.compile.c++ bin.v2/libs/config/checks/architecture/gcc-4.8/debug/threading-multi/visibility-hidden/32.o
libs/config/checks/architecture/32.cpp:9:36: error: size of array ‘test’ is negative
 int test[sizeof(void*) == 4? 1 : -1];
                                    ^

    "g++"   -fvisibility-inlines-hidden -fPIC -pthread -O0 -fno-inline -Wall -g -fvisibility=hidden  -DBOOST_ALL_NO_LIB=1  -I"."  -c -o "bin.v2/libs/config/checks/architecture/gcc-4.8/debug/threading-multi/visibility-hidden/32.o" "libs/config/checks/architecture/32.cpp"

...failed gcc.compile.c++ bin.v2/libs/config/checks/architecture/gcc-4.8/debug/threading-multi/visibility-hidden/32.o...
...failed updating 1 target...
...updated 9 targets...
...found 2 targets...
...updating 1 target...
gcc.compile.c++ bin.v2/libs/config/checks/architecture/gcc-4.8/debug/threading-multi/visibility-hidden/64.o
...updated 1 target...
...found 2 targets...
...updating 1 target...
gcc.compile.c++ bin.v2/libs/config/checks/architecture/gcc-4.8/debug/threading-multi/visibility-hidden/arm.o
libs/config/checks/architecture/arm.cpp:13:2: error: #error "Not ARM"
 #error "Not ARM"
  ^

    "g++"   -fvisibility-inlines-hidden -fPIC -pthread -O0 -fno-inline -Wall -g -fvisibility=hidden  -DBOOST_ALL_NO_LIB=1  -I"."  -c -o "bin.v2/libs/config/checks/architecture/gcc-4.8/debug/threading-multi/visibility-hidden/arm.o" "libs/config/checks/architecture/arm.cpp"

...failed gcc.compile.c++ bin.v2/libs/config/checks/architecture/gcc-4.8/debug/threading-multi/visibility-hidden/arm.o...
...failed updating 1 target...
...found 2 targets...
...updating 1 target...
gcc.compile.c++ bin.v2/libs/config/checks/architecture/gcc-4.8/debug/threading-multi/visibility-hidden/mips1.o
libs/config/checks/architecture/mips1.cpp:10:2: error: #error "Not MIPS1"
 #error "Not MIPS1"
  ^

    "g++"   -fvisibility-inlines-hidden -fPIC -pthread -O0 -fno-inline -Wall -g -fvisibility=hidden  -DBOOST_ALL_NO_LIB=1  -I"."  -c -o "bin.v2/libs/config/checks/architecture/gcc-4.8/debug/threading-multi/visibility-hidden/mips1.o" "libs/config/checks/architecture/mips1.cpp"

...failed gcc.compile.c++ bin.v2/libs/config/checks/architecture/gcc-4.8/debug/threading-multi/visibility-hidden/mips1.o...
...failed updating 1 target...
...found 2 targets...
...updating 1 target...
gcc.compile.c++ bin.v2/libs/config/checks/architecture/gcc-4.8/debug/threading-multi/visibility-hidden/power.o
libs/config/checks/architecture/power.cpp:13:2: error: #error "Not PPC"
 #error "Not PPC"
  ^

    "g++"   -fvisibility-inlines-hidden -fPIC -pthread -O0 -fno-inline -Wall -g -fvisibility=hidden  -DBOOST_ALL_NO_LIB=1  -I"."  -c -o "bin.v2/libs/config/checks/architecture/gcc-4.8/debug/threading-multi/visibility-hidden/power.o" "libs/config/checks/architecture/power.cpp"

...failed gcc.compile.c++ bin.v2/libs/config/checks/architecture/gcc-4.8/debug/threading-multi/visibility-hidden/power.o...
...failed updating 1 target...
...found 2 targets...
...updating 1 target...
gcc.compile.c++ bin.v2/libs/config/checks/architecture/gcc-4.8/debug/threading-multi/visibility-hidden/riscv.o
libs/config/checks/architecture/riscv.cpp:9:2: error: #error "Not RISC-V"
 #error "Not RISC-V"
  ^

    "g++"   -fvisibility-inlines-hidden -fPIC -pthread -O0 -fno-inline -Wall -g -fvisibility=hidden  -DBOOST_ALL_NO_LIB=1  -I"."  -c -o "bin.v2/libs/config/checks/architecture/gcc-4.8/debug/threading-multi/visibility-hidden/riscv.o" "libs/config/checks/architecture/riscv.cpp"

...failed gcc.compile.c++ bin.v2/libs/config/checks/architecture/gcc-4.8/debug/threading-multi/visibility-hidden/riscv.o...
...failed updating 1 target...
...found 2 targets...
...updating 1 target...
gcc.compile.c++ bin.v2/libs/config/checks/architecture/gcc-4.8/debug/threading-multi/visibility-hidden/s390x.o
libs/config/checks/architecture/s390x.cpp:10:2: error: #error "Not S390x"
 #error "Not S390x"
  ^

    "g++"   -fvisibility-inlines-hidden -fPIC -pthread -O0 -fno-inline -Wall -g -fvisibility=hidden  -DBOOST_ALL_NO_LIB=1  -I"."  -c -o "bin.v2/libs/config/checks/architecture/gcc-4.8/debug/threading-multi/visibility-hidden/s390x.o" "libs/config/checks/architecture/s390x.cpp"

...failed gcc.compile.c++ bin.v2/libs/config/checks/architecture/gcc-4.8/debug/threading-multi/visibility-hidden/s390x.o...
...failed updating 1 target...
...found 2 targets...
...updating 1 target...
gcc.compile.c++ bin.v2/libs/config/checks/architecture/gcc-4.8/debug/threading-multi/visibility-hidden/sparc.o
libs/config/checks/architecture/sparc.cpp:10:2: error: #error "Not SPARC"
 #error "Not SPARC"
  ^

    "g++"   -fvisibility-inlines-hidden -fPIC -pthread -O0 -fno-inline -Wall -g -fvisibility=hidden  -DBOOST_ALL_NO_LIB=1  -I"."  -c -o "bin.v2/libs/config/checks/architecture/gcc-4.8/debug/threading-multi/visibility-hidden/sparc.o" "libs/config/checks/architecture/sparc.cpp"

...failed gcc.compile.c++ bin.v2/libs/config/checks/architecture/gcc-4.8/debug/threading-multi/visibility-hidden/sparc.o...
...failed updating 1 target...
...found 2 targets...
...updating 1 target...
gcc.compile.c++ bin.v2/libs/config/checks/architecture/gcc-4.8/debug/threading-multi/visibility-hidden/x86.o
...updated 1 target...
...found 9 targets...
...updating 7 targets...
gcc.compile.c++ bin.v2/libs/atomic/config/gcc-4.8/release/threading-multi/visibility-hidden/has_sse2.o
...updated 7 targets...
...found 3 targets...
...updating 1 target...
gcc.compile.c++ bin.v2/libs/atomic/config/gcc-4.8/release/threading-multi/visibility-hidden/has_sse41.o
...updated 1 target...
...patience...
...found 291 targets...
...updating 8 targets...
gcc.compile.c++ bin.v2/libs/thread/build/gcc-4.8/release/threading-multi/visibility-hidden/has_atomic_flag_lockfree_test.o
gcc.link bin.v2/libs/thread/build/gcc-4.8/release/threading-multi/visibility-hidden/has_atomic_flag_lockfree
...updated 8 targets...
...found 9 targets...
...updating 7 targets...
gcc.compile.c++ bin.v2/libs/filesystem/config/gcc-4.8/release/threading-multi/visibility-hidden/has_cxx20_atomic_ref.o
In file included from /usr/include/c++/4.8.2/atomic:38:0,
                 from libs/filesystem/config/has_cxx20_atomic_ref.cpp:8:
/usr/include/c++/4.8.2/bits/c++0x_warning.h:32:2: error: #error This file requires compiler and library support for the ISO C++ 2011 standard. This support is currently experimental, and must be enabled with the -std=c++11 or -std=gnu++11 compiler options.
 #error This file requires compiler and library support for the \
  ^
In file included from /usr/include/c++/4.8.2/atomic:41:0,
                 from libs/filesystem/config/has_cxx20_atomic_ref.cpp:8:
/usr/include/c++/4.8.2/bits/atomic_base.h:70:3: error: ‘constexpr’ does not name a type
   constexpr memory_order
   ^
/usr/include/c++/4.8.2/bits/atomic_base.h:70:3: note: C++11 ‘constexpr’ only available with -std=c++11 or -std=gnu++11
/usr/include/c++/4.8.2/bits/atomic_base.h:76:3: error: ‘constexpr’ does not name a type
   constexpr memory_order
   ^
/usr/include/c++/4.8.2/bits/atomic_base.h:76:3: note: C++11 ‘constexpr’ only available with -std=c++11 or -std=gnu++11
/usr/include/c++/4.8.2/bits/atomic_base.h:83:3: error: ‘constexpr’ does not name a type
   constexpr memory_order
   ^
/usr/include/c++/4.8.2/bits/atomic_base.h:83:3: note: C++11 ‘constexpr’ only available with -std=c++11 or -std=gnu++11
/usr/include/c++/4.8.2/bits/atomic_base.h:90:3: error: ‘constexpr’ does not name a type
   constexpr memory_order
   ^
/usr/include/c++/4.8.2/bits/atomic_base.h:90:3: note: C++11 ‘constexpr’ only available with -std=c++11 or -std=gnu++11
/usr/include/c++/4.8.2/bits/atomic_base.h:98:41: error: expected initializer before ‘noexcept’
   atomic_thread_fence(memory_order __m) noexcept
                                         ^
/usr/include/c++/4.8.2/bits/atomic_base.h:102:41: error: expected initializer before ‘noexcept’
   atomic_signal_fence(memory_order __m) noexcept
                                         ^
/usr/include/c++/4.8.2/bits/atomic_base.h:108:30: error: expected initializer before ‘noexcept’
     kill_dependency(_Tp __y) noexcept
                              ^
/usr/include/c++/4.8.2/bits/atomic_base.h:156:25: error: ‘char16_t’ was not declared in this scope
   typedef __atomic_base<char16_t>    atomic_char16_t;
                         ^
/usr/include/c++/4.8.2/bits/atomic_base.h:156:33: error: template argument 1 is invalid
   typedef __atomic_base<char16_t>    atomic_char16_t;
                                 ^
/usr/include/c++/4.8.2/bits/atomic_base.h:156:53: error: invalid type in declaration before ‘;’ token
   typedef __atomic_base<char16_t>    atomic_char16_t;
                                                     ^
/usr/include/c++/4.8.2/bits/atomic_base.h:159:25: error: ‘char32_t’ was not declared in this scope
   typedef __atomic_base<char32_t>    atomic_char32_t;
                         ^
/usr/include/c++/4.8.2/bits/atomic_base.h:159:33: error: template argument 1 is invalid
   typedef __atomic_base<char32_t>    atomic_char32_t;
                                 ^
/usr/include/c++/4.8.2/bits/atomic_base.h:159:53: error: invalid type in declaration before ‘;’ token
   typedef __atomic_base<char32_t>    atomic_char32_t;
                                                     ^
/usr/include/c++/4.8.2/bits/atomic_base.h:162:25: error: ‘char32_t’ was not declared in this scope
   typedef __atomic_base<char32_t>    atomic_char32_t;
                         ^
/usr/include/c++/4.8.2/bits/atomic_base.h:162:33: error: template argument 1 is invalid
   typedef __atomic_base<char32_t>    atomic_char32_t;
                                 ^
/usr/include/c++/4.8.2/bits/atomic_base.h:162:53: error: invalid type in declaration before ‘;’ token
   typedef __atomic_base<char32_t>    atomic_char32_t;
                                                     ^
/usr/include/c++/4.8.2/bits/atomic_base.h:273:17: error: expected ‘;’ at end of member declaration
     atomic_flag() noexcept = default;
                 ^
/usr/include/c++/4.8.2/bits/atomic_base.h:273:19: error: ‘noexcept’ does not name a type
     atomic_flag() noexcept = default;
                   ^
/usr/include/c++/4.8.2/bits/atomic_base.h:274:18: error: expected ‘;’ at end of member declaration
     ~atomic_flag() noexcept = default;
                  ^
/usr/include/c++/4.8.2/bits/atomic_base.h:274:20: error: ‘noexcept’ does not name a type
     ~atomic_flag() noexcept = default;
                    ^
/usr/include/c++/4.8.2/bits/atomic_base.h:280:5: error: ‘constexpr’ does not name a type
     constexpr atomic_flag(bool __i) noexcept
     ^
/usr/include/c++/4.8.2/bits/atomic_base.h:280:5: note: C++11 ‘constexpr’ only available with -std=c++11 or -std=gnu++11
/usr/include/c++/4.8.2/bits/atomic_base.h:282:5: error: expected unqualified-id before ‘{’ token
     { }
     ^
/usr/include/c++/4.8.2/bits/atomic_base.h:285:57: error: expected ‘;’ at end of member declaration
     test_and_set(memory_order __m = memory_order_seq_cst) noexcept
                                                         ^
/usr/include/c++/4.8.2/bits/atomic_base.h:285:59: error: ‘noexcept’ does not name a type
     test_and_set(memory_order __m = memory_order_seq_cst) noexcept
                                                           ^
/usr/include/c++/4.8.2/bits/atomic_base.h:291:59: error: expected ‘;’ at end of member declaration
     test_and_set(memory_order __m = memory_order_seq_cst) volatile noexcept
                                                           ^
/usr/include/c++/4.8.2/bits/atomic_base.h:291:68: error: ‘noexcept’ does not name a type
     test_and_set(memory_order __m = memory_order_seq_cst) volatile noexcept
                                                                    ^
/usr/include/c++/4.8.2/bits/atomic_base.h:297:50: error: expected ‘;’ at end of member declaration
     clear(memory_order __m = memory_order_seq_cst) noexcept
                                                  ^
/usr/include/c++/4.8.2/bits/atomic_base.h:297:52: error: ‘noexcept’ does not name a type
     clear(memory_order __m = memory_order_seq_cst) noexcept
                                                    ^
/usr/include/c++/4.8.2/bits/atomic_base.h:308:52: error: expected ‘;’ at end of member declaration
     clear(memory_order __m = memory_order_seq_cst) volatile noexcept
                                                    ^
/usr/include/c++/4.8.2/bits/atomic_base.h:308:61: error: ‘noexcept’ does not name a type
     clear(memory_order __m = memory_order_seq_cst) volatile noexcept
                                                             ^
/usr/include/c++/4.8.2/bits/atomic_base.h:319:12: error: ‘constexpr’ does not name a type
     static constexpr __atomic_flag_data_type
            ^
/usr/include/c++/4.8.2/bits/atomic_base.h:319:12: note: C++11 ‘constexpr’ only available with -std=c++11 or -std=gnu++11
/usr/include/c++/4.8.2/bits/atomic_base.h:357:21: error: expected ‘;’ at end of member declaration
       __atomic_base() noexcept = default;
                     ^
/usr/include/c++/4.8.2/bits/atomic_base.h:357:23: error: ‘noexcept’ does not name a type
       __atomic_base() noexcept = default;
                       ^
/usr/include/c++/4.8.2/bits/atomic_base.h:358:22: error: expected ‘;’ at end of member declaration
       ~__atomic_base() noexcept = default;
                      ^
/usr/include/c++/4.8.2/bits/atomic_base.h:358:24: error: ‘noexcept’ does not name a type
       ~__atomic_base() noexcept = default;
                        ^
/usr/include/c++/4.8.2/bits/atomic_base.h:364:7: error: ‘constexpr’ does not name a type
       constexpr __atomic_base(__int_type __i) noexcept : _M_i (__i) { }
       ^
/usr/include/c++/4.8.2/bits/atomic_base.h:364:7: note: C++11 ‘constexpr’ only available with -std=c++11 or -std=gnu++11
/usr/include/c++/4.8.2/bits/atomic_base.h:366:29: error: expected ‘;’ at end of member declaration
       operator __int_type() const noexcept
                             ^
/usr/include/c++/4.8.2/bits/atomic_base.h:366:35: error: ‘noexcept’ does not name a type
       operator __int_type() const noexcept
                                   ^
/usr/include/c++/4.8.2/bits/atomic_base.h:369:35: error: expected ‘;’ at end of member declaration
       operator __int_type() const volatile noexcept
                                   ^
/usr/include/c++/4.8.2/bits/atomic_base.h:369:44: error: ‘noexcept’ does not name a type
       operator __int_type() const volatile noexcept
                                            ^
/usr/include/c++/4.8.2/bits/atomic_base.h:373:31: error: expected ‘;’ at end of member declaration
       operator=(__int_type __i) noexcept
                               ^
/usr/include/c++/4.8.2/bits/atomic_base.h:373:33: error: ‘noexcept’ does not name a type
       operator=(__int_type __i) noexcept
                                 ^
/usr/include/c++/4.8.2/bits/atomic_base.h:380:33: error: expected ‘;’ at end of member declaration
       operator=(__int_type __i) volatile noexcept
                                 ^
/usr/include/c++/4.8.2/bits/atomic_base.h:380:42: error: ‘noexcept’ does not name a type
       operator=(__int_type __i) volatile noexcept
                                          ^
/usr/include/c++/4.8.2/bits/atomic_base.h:387:21: error: expected ‘;’ at end of member declaration
       operator++(int) noexcept
                     ^
/usr/include/c++/4.8.2/bits/atomic_base.h:387:23: error: ‘noexcept’ does not name a type
       operator++(int) noexcept
                       ^
/usr/include/c++/4.8.2/bits/atomic_base.h:391:23: error: expected ‘;’ at end of member declaration
       operator++(int) volatile noexcept
                       ^
/usr/include/c++/4.8.2/bits/atomic_base.h:391:32: error: ‘noexcept’ does not name a type
       operator++(int) volatile noexcept
                                ^
/usr/include/c++/4.8.2/bits/atomic_base.h:395:21: error: expected ‘;’ at end of member declaration
       operator--(int) noexcept
                     ^
/usr/include/c++/4.8.2/bits/atomic_base.h:395:23: error: ‘noexcept’ does not name a type
       operator--(int) noexcept
                       ^
/usr/include/c++/4.8.2/bits/atomic_base.h:399:23: error: expected ‘;’ at end of member declaration
       operator--(int) volatile noexcept
                       ^
/usr/include/c++/4.8.2/bits/atomic_base.h:399:32: error: ‘noexcept’ does not name a type
       operator--(int) volatile noexcept
                                ^
/usr/include/c++/4.8.2/bits/atomic_base.h:403:18: error: expected ‘;’ at end of member declaration
       operator++() noexcept
                  ^
/usr/include/c++/4.8.2/bits/atomic_base.h:403:20: error: ‘noexcept’ does not name a type
       operator++() noexcept
                    ^
/usr/include/c++/4.8.2/bits/atomic_base.h:407:20: error: expected ‘;’ at end of member declaration
       operator++() volatile noexcept
                    ^
/usr/include/c++/4.8.2/bits/atomic_base.h:407:29: error: ‘noexcept’ does not name a type
       operator++() volatile noexcept
                             ^
/usr/include/c++/4.8.2/bits/atomic_base.h:411:18: error: expected ‘;’ at end of member declaration
       operator--() noexcept
                  ^
/usr/include/c++/4.8.2/bits/atomic_base.h:411:20: error: ‘noexcept’ does not name a type
       operator--() noexcept
                    ^
/usr/include/c++/4.8.2/bits/atomic_base.h:415:20: error: expected ‘;’ at end of member declaration
       operator--() volatile noexcept
                    ^
/usr/include/c++/4.8.2/bits/atomic_base.h:415:29: error: ‘noexcept’ does not name a type
       operator--() volatile noexcept
                             ^
/usr/include/c++/4.8.2/bits/atomic_base.h:419:32: error: expected ‘;’ at end of member declaration
       operator+=(__int_type __i) noexcept
                                ^
/usr/include/c++/4.8.2/bits/atomic_base.h:419:34: error: ‘noexcept’ does not name a type
       operator+=(__int_type __i) noexcept
                                  ^
/usr/include/c++/4.8.2/bits/atomic_base.h:423:34: error: expected ‘;’ at end of member declaration
       operator+=(__int_type __i) volatile noexcept
                                  ^
/usr/include/c++/4.8.2/bits/atomic_base.h:423:43: error: ‘noexcept’ does not name a type
       operator+=(__int_type __i) volatile noexcept
                                           ^
/usr/include/c++/4.8.2/bits/atomic_base.h:427:32: error: expected ‘;’ at end of member declaration
       operator-=(__int_type __i) noexcept
                                ^
/usr/include/c++/4.8.2/bits/atomic_base.h:427:34: error: ‘noexcept’ does not name a type
       operator-=(__int_type __i) noexcept
                                  ^
/usr/include/c++/4.8.2/bits/atomic_base.h:431:34: error: expected ‘;’ at end of member declaration
       operator-=(__int_type __i) volatile noexcept
                                  ^
/usr/include/c++/4.8.2/bits/atomic_base.h:431:43: error: ‘noexcept’ does not name a type
       operator-=(__int_type __i) volatile noexcept
                                           ^
/usr/include/c++/4.8.2/bits/atomic_base.h:435:32: error: expected ‘;’ at end of member declaration
       operator&=(__int_type __i) noexcept
                                ^
/usr/include/c++/4.8.2/bits/atomic_base.h:435:34: error: ‘noexcept’ does not name a type
       operator&=(__int_type __i) noexcept
                                  ^
/usr/include/c++/4.8.2/bits/atomic_base.h:439:34: error: expected ‘;’ at end of member declaration
       operator&=(__int_type __i) volatile noexcept
                                  ^
/usr/include/c++/4.8.2/bits/atomic_base.h:439:43: error: ‘noexcept’ does not name a type
       operator&=(__int_type __i) volatile noexcept
                                           ^
/usr/include/c++/4.8.2/bits/atomic_base.h:443:32: error: expected ‘;’ at end of member declaration
       operator|=(__int_type __i) noexcept
                                ^
/usr/include/c++/4.8.2/bits/atomic_base.h:443:34: error: ‘noexcept’ does not name a type
       operator|=(__int_type __i) noexcept
                                  ^
/usr/include/c++/4.8.2/bits/atomic_base.h:447:34: error: expected ‘;’ at end of member declaration
       operator|=(__int_type __i) volatile noexcept
                                  ^
/usr/include/c++/4.8.2/bits/atomic_base.h:447:43: error: ‘noexcept’ does not name a type
       operator|=(__int_type __i) volatile noexcept
                                           ^
/usr/include/c++/4.8.2/bits/atomic_base.h:451:32: error: expected ‘;’ at end of member declaration
       operator^=(__int_type __i) noexcept
                                ^
/usr/include/c++/4.8.2/bits/atomic_base.h:451:34: error: ‘noexcept’ does not name a type
       operator^=(__int_type __i) noexcept
                                  ^
/usr/include/c++/4.8.2/bits/atomic_base.h:455:34: error: expected ‘;’ at end of member declaration
       operator^=(__int_type __i) volatile noexcept
                                  ^
/usr/include/c++/4.8.2/bits/atomic_base.h:455:43: error: ‘noexcept’ does not name a type
       operator^=(__int_type __i) volatile noexcept
                                           ^
/usr/include/c++/4.8.2/bits/atomic_base.h:459:22: error: expected ‘;’ at end of member declaration
       is_lock_free() const noexcept
                      ^
/usr/include/c++/4.8.2/bits/atomic_base.h:459:28: error: ‘noexcept’ does not name a type
       is_lock_free() const noexcept
                            ^
/usr/include/c++/4.8.2/bits/atomic_base.h:463:28: error: expected ‘;’ at end of member declaration
       is_lock_free() const volatile noexcept
                            ^
/usr/include/c++/4.8.2/bits/atomic_base.h:463:37: error: ‘noexcept’ does not name a type
       is_lock_free() const volatile noexcept
                                     ^
/usr/include/c++/4.8.2/bits/atomic_base.h:467:68: error: expected ‘;’ at end of member declaration
       store(__int_type __i, memory_order __m = memory_order_seq_cst) noexcept
                                                                    ^
/usr/include/c++/4.8.2/bits/atomic_base.h:467:70: error: ‘noexcept’ does not name a type
       store(__int_type __i, memory_order __m = memory_order_seq_cst) noexcept
                                                                      ^
/usr/include/c++/4.8.2/bits/atomic_base.h:479:47: error: expected ‘;’ at end of member declaration
      memory_order __m = memory_order_seq_cst) volatile noexcept
                                               ^
/usr/include/c++/4.8.2/bits/atomic_base.h:479:56: error: ‘noexcept’ does not name a type
      memory_order __m = memory_order_seq_cst) volatile noexcept
                                                        ^
/usr/include/c++/4.8.2/bits/atomic_base.h:490:53: error: expected ‘;’ at end of member declaration
       load(memory_order __m = memory_order_seq_cst) const noexcept
                                                     ^
/usr/include/c++/4.8.2/bits/atomic_base.h:490:59: error: ‘noexcept’ does not name a type
       load(memory_order __m = memory_order_seq_cst) const noexcept
                                                           ^
/usr/include/c++/4.8.2/bits/atomic_base.h:500:59: error: expected ‘;’ at end of member declaration
       load(memory_order __m = memory_order_seq_cst) const volatile noexcept
                                                           ^
/usr/include/c++/4.8.2/bits/atomic_base.h:500:68: error: ‘noexcept’ does not name a type
       load(memory_order __m = memory_order_seq_cst) const volatile noexcept
                                                                    ^
/usr/include/c++/4.8.2/bits/atomic_base.h:511:48: error: expected ‘;’ at end of member declaration
         memory_order __m = memory_order_seq_cst) noexcept
                                                ^
/usr/include/c++/4.8.2/bits/atomic_base.h:511:50: error: ‘noexcept’ does not name a type
         memory_order __m = memory_order_seq_cst) noexcept
                                                  ^
/usr/include/c++/4.8.2/bits/atomic_base.h:519:50: error: expected ‘;’ at end of member declaration
         memory_order __m = memory_order_seq_cst) volatile noexcept
                                                  ^
/usr/include/c++/4.8.2/bits/atomic_base.h:519:59: error: ‘noexcept’ does not name a type
         memory_order __m = memory_order_seq_cst) volatile noexcept
                                                           ^
/usr/include/c++/4.8.2/bits/atomic_base.h:526:44: error: expected ‘;’ at end of member declaration
        memory_order __m1, memory_order __m2) noexcept
                                            ^
/usr/include/c++/4.8.2/bits/atomic_base.h:526:46: error: ‘noexcept’ does not name a type
        memory_order __m1, memory_order __m2) noexcept
                                              ^
/usr/include/c++/4.8.2/bits/atomic_base.h:540:27: error: expected ‘;’ at end of member declaration
        memory_order __m2) volatile noexcept
                           ^
/usr/include/c++/4.8.2/bits/atomic_base.h:540:36: error: ‘noexcept’ does not name a type
        memory_order __m2) volatile noexcept
                                    ^
/usr/include/c++/4.8.2/bits/atomic_base.h:553:47: error: expected ‘;’ at end of member declaration
        memory_order __m = memory_order_seq_cst) noexcept
                                               ^
/usr/include/c++/4.8.2/bits/atomic_base.h:553:49: error: ‘noexcept’ does not name a type
        memory_order __m = memory_order_seq_cst) noexcept
                                                 ^
/usr/include/c++/4.8.2/bits/atomic_base.h:561:47: error: expected ‘;’ at end of member declaration
      memory_order __m = memory_order_seq_cst) volatile noexcept
                                               ^
/usr/include/c++/4.8.2/bits/atomic_base.h:561:56: error: ‘noexcept’ does not name a type
      memory_order __m = memory_order_seq_cst) volatile noexcept
                                                        ^
/usr/include/c++/4.8.2/bits/atomic_base.h:569:46: error: expected ‘;’ at end of member declaration
          memory_order __m1, memory_order __m2) noexcept
                                              ^
/usr/include/c++/4.8.2/bits/atomic_base.h:569:48: error: ‘noexcept’ does not name a type
          memory_order __m1, memory_order __m2) noexcept
                                                ^
/usr/include/c++/4.8.2/bits/atomic_base.h:583:29: error: expected ‘;’ at end of member declaration
          memory_order __m2) volatile noexcept
                             ^
/usr/include/c++/4.8.2/bits/atomic_base.h:583:38: error: ‘noexcept’ does not name a type
          memory_order __m2) volatile noexcept
                                      ^
/usr/include/c++/4.8.2/bits/atomic_base.h:597:49: error: expected ‘;’ at end of member declaration
          memory_order __m = memory_order_seq_cst) noexcept
                                                 ^
/usr/include/c++/4.8.2/bits/atomic_base.h:597:51: error: ‘noexcept’ does not name a type
          memory_order __m = memory_order_seq_cst) noexcept
                                                   ^
/usr/include/c++/4.8.2/bits/atomic_base.h:605:45: error: expected ‘;’ at end of member declaration
    memory_order __m = memory_order_seq_cst) volatile noexcept
                                             ^
/usr/include/c++/4.8.2/bits/atomic_base.h:605:54: error: ‘noexcept’ does not name a type
    memory_order __m = memory_order_seq_cst) volatile noexcept
                                                      ^
/usr/include/c++/4.8.2/bits/atomic_base.h:613:42: error: expected ‘;’ at end of member declaration
   memory_order __m = memory_order_seq_cst) noexcept
                                          ^
/usr/include/c++/4.8.2/bits/atomic_base.h:613:44: error: ‘noexcept’ does not name a type
   memory_order __m = memory_order_seq_cst) noexcept
                                            ^
/usr/include/c++/4.8.2/bits/atomic_base.h:618:44: error: expected ‘;’ at end of member declaration
   memory_order __m = memory_order_seq_cst) volatile noexcept
                                            ^
/usr/include/c++/4.8.2/bits/atomic_base.h:618:53: error: ‘noexcept’ does not name a type
   memory_order __m = memory_order_seq_cst) volatile noexcept
                                                     ^
/usr/include/c++/4.8.2/bits/atomic_base.h:623:42: error: expected ‘;’ at end of member declaration
   memory_order __m = memory_order_seq_cst) noexcept
                                          ^
/usr/include/c++/4.8.2/bits/atomic_base.h:623:44: error: ‘noexcept’ does not name a type
   memory_order __m = memory_order_seq_cst) noexcept
                                            ^
/usr/include/c++/4.8.2/bits/atomic_base.h:628:44: error: expected ‘;’ at end of member declaration
   memory_order __m = memory_order_seq_cst) volatile noexcept
                                            ^
/usr/include/c++/4.8.2/bits/atomic_base.h:628:53: error: ‘noexcept’ does not name a type
   memory_order __m = memory_order_seq_cst) volatile noexcept
                                                     ^
/usr/include/c++/4.8.2/bits/atomic_base.h:633:42: error: expected ‘;’ at end of member declaration
   memory_order __m = memory_order_seq_cst) noexcept
                                          ^
/usr/include/c++/4.8.2/bits/atomic_base.h:633:44: error: ‘noexcept’ does not name a type
   memory_order __m = memory_order_seq_cst) noexcept
                                            ^
/usr/include/c++/4.8.2/bits/atomic_base.h:638:44: error: expected ‘;’ at end of member declaration
   memory_order __m = memory_order_seq_cst) volatile noexcept
                                            ^
/usr/include/c++/4.8.2/bits/atomic_base.h:638:53: error: ‘noexcept’ does not name a type
   memory_order __m = memory_order_seq_cst) volatile noexcept
                                                     ^
/usr/include/c++/4.8.2/bits/atomic_base.h:643:48: error: expected ‘;’ at end of member declaration
         memory_order __m = memory_order_seq_cst) noexcept
                                                ^
/usr/include/c++/4.8.2/bits/atomic_base.h:643:50: error: ‘noexcept’ does not name a type
         memory_order __m = memory_order_seq_cst) noexcept
                                                  ^
/usr/include/c++/4.8.2/bits/atomic_base.h:648:50: error: expected ‘;’ at end of member declaration
         memory_order __m = memory_order_seq_cst) volatile noexcept
                                                  ^
/usr/include/c++/4.8.2/bits/atomic_base.h:648:59: error: ‘noexcept’ does not name a type
         memory_order __m = memory_order_seq_cst) volatile noexcept
                                                           ^
/usr/include/c++/4.8.2/bits/atomic_base.h:653:42: error: expected ‘;’ at end of member declaration
   memory_order __m = memory_order_seq_cst) noexcept
                                          ^
/usr/include/c++/4.8.2/bits/atomic_base.h:653:44: error: ‘noexcept’ does not name a type
   memory_order __m = memory_order_seq_cst) noexcept
                                            ^
/usr/include/c++/4.8.2/bits/atomic_base.h:658:44: error: expected ‘;’ at end of member declaration
   memory_order __m = memory_order_seq_cst) volatile noexcept
                                            ^
/usr/include/c++/4.8.2/bits/atomic_base.h:658:53: error: ‘noexcept’ does not name a type
   memory_order __m = memory_order_seq_cst) volatile noexcept
                                                     ^
/usr/include/c++/4.8.2/bits/atomic_base.h:673:7: error: ‘constexpr’ does not name a type
       constexpr ptrdiff_t
       ^
/usr/include/c++/4.8.2/bits/atomic_base.h:673:7: note: C++11 ‘constexpr’ only available with -std=c++11 or -std=gnu++11
/usr/include/c++/4.8.2/bits/atomic_base.h:676:7: error: ‘constexpr’ does not name a type
       constexpr ptrdiff_t
       ^
/usr/include/c++/4.8.2/bits/atomic_base.h:676:7: note: C++11 ‘constexpr’ only available with -std=c++11 or -std=gnu++11
/usr/include/c++/4.8.2/bits/atomic_base.h:680:21: error: expected ‘;’ at end of member declaration
       __atomic_base() noexcept = default;
                     ^
/usr/include/c++/4.8.2/bits/atomic_base.h:680:23: error: ‘noexcept’ does not name a type
       __atomic_base() noexcept = default;
                       ^
/usr/include/c++/4.8.2/bits/atomic_base.h:681:22: error: expected ‘;’ at end of member declaration
       ~__atomic_base() noexcept = default;
                      ^
/usr/include/c++/4.8.2/bits/atomic_base.h:681:24: error: ‘noexcept’ does not name a type
       ~__atomic_base() noexcept = default;
                        ^
/usr/include/c++/4.8.2/bits/atomic_base.h:687:7: error: ‘constexpr’ does not name a type
       constexpr __atomic_base(__pointer_type __p) noexcept : _M_p (__p) { }
       ^
/usr/include/c++/4.8.2/bits/atomic_base.h:687:7: note: C++11 ‘constexpr’ only available with -std=c++11 or -std=gnu++11
/usr/include/c++/4.8.2/bits/atomic_base.h:689:33: error: expected ‘;’ at end of member declaration
       operator __pointer_type() const noexcept
                                 ^
/usr/include/c++/4.8.2/bits/atomic_base.h:689:39: error: ‘noexcept’ does not name a type
       operator __pointer_type() const noexcept
                                       ^
/usr/include/c++/4.8.2/bits/atomic_base.h:692:39: error: expected ‘;’ at end of member declaration
       operator __pointer_type() const volatile noexcept
                                       ^
/usr/include/c++/4.8.2/bits/atomic_base.h:692:48: error: ‘noexcept’ does not name a type
       operator __pointer_type() const volatile noexcept
                                                ^
/usr/include/c++/4.8.2/bits/atomic_base.h:696:35: error: expected ‘;’ at end of member declaration
       operator=(__pointer_type __p) noexcept
                                   ^
/usr/include/c++/4.8.2/bits/atomic_base.h:696:37: error: ‘noexcept’ does not name a type
       operator=(__pointer_type __p) noexcept
                                     ^
/usr/include/c++/4.8.2/bits/atomic_base.h:703:37: error: expected ‘;’ at end of member declaration
       operator=(__pointer_type __p) volatile noexcept
                                     ^
/usr/include/c++/4.8.2/bits/atomic_base.h:703:46: error: ‘noexcept’ does not name a type
       operator=(__pointer_type __p) volatile noexcept
                                              ^
/usr/include/c++/4.8.2/bits/atomic_base.h:710:21: error: expected ‘;’ at end of member declaration
       operator++(int) noexcept
                     ^
/usr/include/c++/4.8.2/bits/atomic_base.h:710:23: error: ‘noexcept’ does not name a type
       operator++(int) noexcept
                       ^
/usr/include/c++/4.8.2/bits/atomic_base.h:714:23: error: expected ‘;’ at end of member declaration
       operator++(int) volatile noexcept
                       ^
/usr/include/c++/4.8.2/bits/atomic_base.h:714:32: error: ‘noexcept’ does not name a type
       operator++(int) volatile noexcept
                                ^
/usr/include/c++/4.8.2/bits/atomic_base.h:718:21: error: expected ‘;’ at end of member declaration
       operator--(int) noexcept
                     ^
/usr/include/c++/4.8.2/bits/atomic_base.h:718:23: error: ‘noexcept’ does not name a type
       operator--(int) noexcept
                       ^
/usr/include/c++/4.8.2/bits/atomic_base.h:722:23: error: expected ‘;’ at end of member declaration
       operator--(int) volatile noexcept
                       ^
/usr/include/c++/4.8.2/bits/atomic_base.h:722:32: error: ‘noexcept’ does not name a type
       operator--(int) volatile noexcept
                                ^
/usr/include/c++/4.8.2/bits/atomic_base.h:726:18: error: expected ‘;’ at end of member declaration
       operator++() noexcept
                  ^
/usr/include/c++/4.8.2/bits/atomic_base.h:726:20: error: ‘noexcept’ does not name a type
       operator++() noexcept
                    ^
/usr/include/c++/4.8.2/bits/atomic_base.h:731:20: error: expected ‘;’ at end of member declaration
       operator++() volatile noexcept
                    ^
/usr/include/c++/4.8.2/bits/atomic_base.h:731:29: error: ‘noexcept’ does not name a type
       operator++() volatile noexcept
                             ^
/usr/include/c++/4.8.2/bits/atomic_base.h:736:18: error: expected ‘;’ at end of member declaration
       operator--() noexcept
                  ^
/usr/include/c++/4.8.2/bits/atomic_base.h:736:20: error: ‘noexcept’ does not name a type
       operator--() noexcept
                    ^
/usr/include/c++/4.8.2/bits/atomic_base.h:741:20: error: expected ‘;’ at end of member declaration
       operator--() volatile noexcept
                    ^
/usr/include/c++/4.8.2/bits/atomic_base.h:741:29: error: ‘noexcept’ does not name a type
       operator--() volatile noexcept
                             ^
/usr/include/c++/4.8.2/bits/atomic_base.h:746:31: error: expected ‘;’ at end of member declaration
       operator+=(ptrdiff_t __d) noexcept
                               ^
/usr/include/c++/4.8.2/bits/atomic_base.h:746:33: error: ‘noexcept’ does not name a type
       operator+=(ptrdiff_t __d) noexcept
                                 ^
/usr/include/c++/4.8.2/bits/atomic_base.h:751:33: error: expected ‘;’ at end of member declaration
       operator+=(ptrdiff_t __d) volatile noexcept
                                 ^
/usr/include/c++/4.8.2/bits/atomic_base.h:751:42: error: ‘noexcept’ does not name a type
       operator+=(ptrdiff_t __d) volatile noexcept
                                          ^
/usr/include/c++/4.8.2/bits/atomic_base.h:756:31: error: expected ‘;’ at end of member declaration
       operator-=(ptrdiff_t __d) noexcept
                               ^
/usr/include/c++/4.8.2/bits/atomic_base.h:756:33: error: ‘noexcept’ does not name a type
       operator-=(ptrdiff_t __d) noexcept
                                 ^
/usr/include/c++/4.8.2/bits/atomic_base.h:761:33: error: expected ‘;’ at end of member declaration
       operator-=(ptrdiff_t __d) volatile noexcept
                                 ^
/usr/include/c++/4.8.2/bits/atomic_base.h:761:42: error: ‘noexcept’ does not name a type
       operator-=(ptrdiff_t __d) volatile noexcept
                                          ^
/usr/include/c++/4.8.2/bits/atomic_base.h:766:22: error: expected ‘;’ at end of member declaration
       is_lock_free() const noexcept
                      ^
/usr/include/c++/4.8.2/bits/atomic_base.h:766:28: error: ‘noexcept’ does not name a type
       is_lock_free() const noexcept
                            ^
/usr/include/c++/4.8.2/bits/atomic_base.h:770:28: error: expected ‘;’ at end of member declaration
       is_lock_free() const volatile noexcept
                            ^
/usr/include/c++/4.8.2/bits/atomic_base.h:770:37: error: ‘noexcept’ does not name a type
       is_lock_free() const volatile noexcept
                                     ^
/usr/include/c++/4.8.2/bits/atomic_base.h:775:45: error: expected ‘;’ at end of member declaration
      memory_order __m = memory_order_seq_cst) noexcept
                                             ^
/usr/include/c++/4.8.2/bits/atomic_base.h:775:47: error: ‘noexcept’ does not name a type
      memory_order __m = memory_order_seq_cst) noexcept
                                               ^
/usr/include/c++/4.8.2/bits/atomic_base.h:788:47: error: expected ‘;’ at end of member declaration
      memory_order __m = memory_order_seq_cst) volatile noexcept
                                               ^
/usr/include/c++/4.8.2/bits/atomic_base.h:788:56: error: ‘noexcept’ does not name a type
      memory_order __m = memory_order_seq_cst) volatile noexcept
                                                        ^
/usr/include/c++/4.8.2/bits/atomic_base.h:799:53: error: expected ‘;’ at end of member declaration
       load(memory_order __m = memory_order_seq_cst) const noexcept
                                                     ^
/usr/include/c++/4.8.2/bits/atomic_base.h:799:59: error: ‘noexcept’ does not name a type
       load(memory_order __m = memory_order_seq_cst) const noexcept
                                                           ^
/usr/include/c++/4.8.2/bits/atomic_base.h:809:59: error: expected ‘;’ at end of member declaration
       load(memory_order __m = memory_order_seq_cst) const volatile noexcept
                                                           ^
/usr/include/c++/4.8.2/bits/atomic_base.h:809:68: error: ‘noexcept’ does not name a type
       load(memory_order __m = memory_order_seq_cst) const volatile noexcept
                                                                    ^
/usr/include/c++/4.8.2/bits/atomic_base.h:820:48: error: expected ‘;’ at end of member declaration
         memory_order __m = memory_order_seq_cst) noexcept
                                                ^
/usr/include/c++/4.8.2/bits/atomic_base.h:820:50: error: ‘noexcept’ does not name a type
         memory_order __m = memory_order_seq_cst) noexcept
                                                  ^
/usr/include/c++/4.8.2/bits/atomic_base.h:828:50: error: expected ‘;’ at end of member declaration
         memory_order __m = memory_order_seq_cst) volatile noexcept
                                                  ^
/usr/include/c++/4.8.2/bits/atomic_base.h:828:59: error: ‘noexcept’ does not name a type
         memory_order __m = memory_order_seq_cst) volatile noexcept
                                                           ^
/usr/include/c++/4.8.2/bits/atomic_base.h:836:27: error: expected ‘;’ at end of member declaration
          memory_order __m2) noexcept
                           ^
/usr/include/c++/4.8.2/bits/atomic_base.h:836:29: error: ‘noexcept’ does not name a type
          memory_order __m2) noexcept
                             ^
/usr/include/c++/4.8.2/bits/atomic_base.h:850:29: error: expected ‘;’ at end of member declaration
          memory_order __m2) volatile noexcept
                             ^
/usr/include/c++/4.8.2/bits/atomic_base.h:850:38: error: ‘noexcept’ does not name a type
          memory_order __m2) volatile noexcept
                                      ^
/usr/include/c++/4.8.2/bits/atomic_base.h:864:42: error: expected ‘;’ at end of member declaration
   memory_order __m = memory_order_seq_cst) noexcept
                                          ^
/usr/include/c++/4.8.2/bits/atomic_base.h:864:44: error: ‘noexcept’ does not name a type
   memory_order __m = memory_order_seq_cst) noexcept
                                            ^
/usr/include/c++/4.8.2/bits/atomic_base.h:869:44: error: expected ‘;’ at end of member declaration
   memory_order __m = memory_order_seq_cst) volatile noexcept
                                            ^
/usr/include/c++/4.8.2/bits/atomic_base.h:869:53: error: ‘noexcept’ does not name a type
   memory_order __m = memory_order_seq_cst) volatile noexcept
                                                     ^
/usr/include/c++/4.8.2/bits/atomic_base.h:874:42: error: expected ‘;’ at end of member declaration
   memory_order __m = memory_order_seq_cst) noexcept
                                          ^
/usr/include/c++/4.8.2/bits/atomic_base.h:874:44: error: ‘noexcept’ does not name a type
   memory_order __m = memory_order_seq_cst) noexcept
                                            ^
/usr/include/c++/4.8.2/bits/atomic_base.h:879:44: error: expected ‘;’ at end of member declaration
   memory_order __m = memory_order_seq_cst) volatile noexcept
                                            ^
/usr/include/c++/4.8.2/bits/atomic_base.h:879:53: error: ‘noexcept’ does not name a type
   memory_order __m = memory_order_seq_cst) volatile noexcept
                                                     ^
In file included from libs/filesystem/config/has_cxx20_atomic_ref.cpp:8:0:
/usr/include/c++/4.8.2/atomic:60:17: error: expected ‘;’ at end of member declaration
     atomic_bool() noexcept = default;
                 ^
/usr/include/c++/4.8.2/atomic:60:19: error: ‘noexcept’ does not name a type
     atomic_bool() noexcept = default;
                   ^
/usr/include/c++/4.8.2/atomic:61:18: error: expected ‘;’ at end of member declaration
     ~atomic_bool() noexcept = default;
                  ^
/usr/include/c++/4.8.2/atomic:61:20: error: ‘noexcept’ does not name a type
     ~atomic_bool() noexcept = default;
                    ^
/usr/include/c++/4.8.2/atomic:66:5: error: ‘constexpr’ does not name a type
     constexpr atomic_bool(bool __i) noexcept : _M_base(__i) { }
     ^
/usr/include/c++/4.8.2/atomic:66:5: note: C++11 ‘constexpr’ only available with -std=c++11 or -std=gnu++11
/usr/include/c++/4.8.2/atomic:69:23: error: expected ‘;’ at end of member declaration
     operator=(bool __i) noexcept
                       ^
/usr/include/c++/4.8.2/atomic:69:25: error: ‘noexcept’ does not name a type
     operator=(bool __i) noexcept
                         ^
/usr/include/c++/4.8.2/atomic:73:25: error: expected ‘;’ at end of member declaration
     operator=(bool __i) volatile noexcept
                         ^
/usr/include/c++/4.8.2/atomic:73:34: error: ‘noexcept’ does not name a type
     operator=(bool __i) volatile noexcept
                                  ^
/usr/include/c++/4.8.2/atomic:76:21: error: expected ‘;’ at end of member declaration
     operator bool() const noexcept
                     ^
/usr/include/c++/4.8.2/atomic:76:27: error: ‘noexcept’ does not name a type
     operator bool() const noexcept
                           ^
/usr/include/c++/4.8.2/atomic:79:27: error: expected ‘;’ at end of member declaration
     operator bool() const volatile noexcept
                           ^
/usr/include/c++/4.8.2/atomic:79:36: error: ‘noexcept’ does not name a type
     operator bool() const volatile noexcept
                                    ^
/usr/include/c++/4.8.2/atomic:83:20: error: expected ‘;’ at end of member declaration
     is_lock_free() const noexcept { return _M_base.is_lock_free(); }
                    ^
/usr/include/c++/4.8.2/atomic:83:26: error: ‘noexcept’ does not name a type
     is_lock_free() const noexcept { return _M_base.is_lock_free(); }
                          ^
/usr/include/c++/4.8.2/atomic:86:26: error: expected ‘;’ at end of member declaration
     is_lock_free() const volatile noexcept { return _M_base.is_lock_free(); }
                          ^
/usr/include/c++/4.8.2/atomic:86:35: error: ‘noexcept’ does not name a type
     is_lock_free() const volatile noexcept { return _M_base.is_lock_free(); }
                                   ^
/usr/include/c++/4.8.2/atomic:89:60: error: expected ‘;’ at end of member declaration
     store(bool __i, memory_order __m = memory_order_seq_cst) noexcept
                                                            ^
/usr/include/c++/4.8.2/atomic:89:62: error: ‘noexcept’ does not name a type
     store(bool __i, memory_order __m = memory_order_seq_cst) noexcept
                                                              ^
/usr/include/c++/4.8.2/atomic:93:62: error: expected ‘;’ at end of member declaration
     store(bool __i, memory_order __m = memory_order_seq_cst) volatile noexcept
                                                              ^
/usr/include/c++/4.8.2/atomic:93:71: error: ‘noexcept’ does not name a type
     store(bool __i, memory_order __m = memory_order_seq_cst) volatile noexcept
                                                                       ^
/usr/include/c++/4.8.2/atomic:97:51: error: expected ‘;’ at end of member declaration
     load(memory_order __m = memory_order_seq_cst) const noexcept
                                                   ^
/usr/include/c++/4.8.2/atomic:97:57: error: ‘noexcept’ does not name a type
     load(memory_order __m = memory_order_seq_cst) const noexcept
                                                         ^
/usr/include/c++/4.8.2/atomic:101:57: error: expected ‘;’ at end of member declaration
     load(memory_order __m = memory_order_seq_cst) const volatile noexcept
                                                         ^
/usr/include/c++/4.8.2/atomic:101:66: error: ‘noexcept’ does not name a type
     load(memory_order __m = memory_order_seq_cst) const volatile noexcept
                                                                  ^
/usr/include/c++/4.8.2/atomic:105:63: error: expected ‘;’ at end of member declaration
     exchange(bool __i, memory_order __m = memory_order_seq_cst) noexcept
                                                               ^
/usr/include/c++/4.8.2/atomic:105:65: error: ‘noexcept’ does not name a type
     exchange(bool __i, memory_order __m = memory_order_seq_cst) noexcept
                                                                 ^
/usr/include/c++/4.8.2/atomic:110:48: error: expected ‘;’ at end of member declaration
       memory_order __m = memory_order_seq_cst) volatile noexcept
                                                ^
/usr/include/c++/4.8.2/atomic:110:57: error: ‘noexcept’ does not name a type
       memory_order __m = memory_order_seq_cst) volatile noexcept
                                                         ^
/usr/include/c++/4.8.2/atomic:115:23: error: expected ‘;’ at end of member declaration
      memory_order __m2) noexcept
                       ^
/usr/include/c++/4.8.2/atomic:115:25: error: ‘noexcept’ does not name a type
      memory_order __m2) noexcept
                         ^
/usr/include/c++/4.8.2/atomic:120:25: error: expected ‘;’ at end of member declaration
      memory_order __m2) volatile noexcept
                         ^
/usr/include/c++/4.8.2/atomic:120:34: error: ‘noexcept’ does not name a type
      memory_order __m2) volatile noexcept
                                  ^
/usr/include/c++/4.8.2/atomic:125:45: error: expected ‘;’ at end of member declaration
      memory_order __m = memory_order_seq_cst) noexcept
                                             ^
/usr/include/c++/4.8.2/atomic:125:47: error: ‘noexcept’ does not name a type
      memory_order __m = memory_order_seq_cst) noexcept
                                               ^
/usr/include/c++/4.8.2/atomic:130:49: error: expected ‘;’ at end of member declaration
        memory_order __m = memory_order_seq_cst) volatile noexcept
                                                 ^
/usr/include/c++/4.8.2/atomic:130:58: error: ‘noexcept’ does not name a type
        memory_order __m = memory_order_seq_cst) volatile noexcept
                                                          ^
/usr/include/c++/4.8.2/atomic:135:25: error: expected ‘;’ at end of member declaration
        memory_order __m2) noexcept
                         ^
/usr/include/c++/4.8.2/atomic:135:27: error: ‘noexcept’ does not name a type
        memory_order __m2) noexcept
                           ^
/usr/include/c++/4.8.2/atomic:140:27: error: expected ‘;’ at end of member declaration
        memory_order __m2) volatile noexcept
                           ^
/usr/include/c++/4.8.2/atomic:140:36: error: ‘noexcept’ does not name a type
        memory_order __m2) volatile noexcept
                                    ^
/usr/include/c++/4.8.2/atomic:145:47: error: expected ‘;’ at end of member declaration
        memory_order __m = memory_order_seq_cst) noexcept
                                               ^
/usr/include/c++/4.8.2/atomic:145:49: error: ‘noexcept’ does not name a type
        memory_order __m = memory_order_seq_cst) noexcept
                                                 ^
/usr/include/c++/4.8.2/atomic:150:48: error: expected ‘;’ at end of member declaration
       memory_order __m = memory_order_seq_cst) volatile noexcept
                                                ^
/usr/include/c++/4.8.2/atomic:150:57: error: ‘noexcept’ does not name a type
       memory_order __m = memory_order_seq_cst) volatile noexcept
                                                         ^
/usr/include/c++/4.8.2/atomic:167:14: error: expected ‘;’ at end of member declaration
       atomic() noexcept = default;
              ^
/usr/include/c++/4.8.2/atomic:167:16: error: ‘noexcept’ does not name a type
       atomic() noexcept = default;
                ^
/usr/include/c++/4.8.2/atomic:168:15: error: expected ‘;’ at end of member declaration
       ~atomic() noexcept = default;
               ^
/usr/include/c++/4.8.2/atomic:168:17: error: ‘noexcept’ does not name a type
       ~atomic() noexcept = default;
                 ^
/usr/include/c++/4.8.2/atomic:173:7: error: ‘constexpr’ does not name a type
       constexpr atomic(_Tp __i) noexcept : _M_i(__i) { }
       ^
/usr/include/c++/4.8.2/atomic:173:7: note: C++11 ‘constexpr’ only available with -std=c++11 or -std=gnu++11
/usr/include/c++/4.8.2/atomic:175:22: error: expected ‘;’ at end of member declaration
       operator _Tp() const noexcept
                      ^
/usr/include/c++/4.8.2/atomic:175:28: error: ‘noexcept’ does not name a type
       operator _Tp() const noexcept
                            ^
/usr/include/c++/4.8.2/atomic:178:28: error: expected ‘;’ at end of member declaration
       operator _Tp() const volatile noexcept
                            ^
/usr/include/c++/4.8.2/atomic:178:37: error: ‘noexcept’ does not name a type
       operator _Tp() const volatile noexcept
                                     ^
/usr/include/c++/4.8.2/atomic:182:24: error: expected ‘;’ at end of member declaration
       operator=(_Tp __i) noexcept 
                        ^
/usr/include/c++/4.8.2/atomic:182:26: error: ‘noexcept’ does not name a type
       operator=(_Tp __i) noexcept 
                          ^
/usr/include/c++/4.8.2/atomic:186:26: error: expected ‘;’ at end of member declaration
       operator=(_Tp __i) volatile noexcept 
                          ^
/usr/include/c++/4.8.2/atomic:186:35: error: ‘noexcept’ does not name a type
       operator=(_Tp __i) volatile noexcept 
                                   ^
/usr/include/c++/4.8.2/atomic:190:22: error: expected ‘;’ at end of member declaration
       is_lock_free() const noexcept
                      ^
/usr/include/c++/4.8.2/atomic:190:28: error: ‘noexcept’ does not name a type
       is_lock_free() const noexcept
                            ^
/usr/include/c++/4.8.2/atomic:194:28: error: expected ‘;’ at end of member declaration
       is_lock_free() const volatile noexcept
                            ^
/usr/include/c++/4.8.2/atomic:194:37: error: ‘noexcept’ does not name a type
       is_lock_free() const volatile noexcept
                                     ^
/usr/include/c++/4.8.2/atomic:198:60: error: expected ‘;’ at end of member declaration
       store(_Tp __i, memory_order _m = memory_order_seq_cst) noexcept
                                                            ^
/usr/include/c++/4.8.2/atomic:198:62: error: ‘noexcept’ does not name a type
       store(_Tp __i, memory_order _m = memory_order_seq_cst) noexcept
                                                              ^
/usr/include/c++/4.8.2/atomic:202:62: error: expected ‘;’ at end of member declaration
       store(_Tp __i, memory_order _m = memory_order_seq_cst) volatile noexcept
                                                              ^
/usr/include/c++/4.8.2/atomic:202:71: error: ‘noexcept’ does not name a type
       store(_Tp __i, memory_order _m = memory_order_seq_cst) volatile noexcept
                                                                       ^
/usr/include/c++/4.8.2/atomic:206:52: error: expected ‘;’ at end of member declaration
       load(memory_order _m = memory_order_seq_cst) const noexcept
                                                    ^
/usr/include/c++/4.8.2/atomic:206:58: error: ‘noexcept’ does not name a type
       load(memory_order _m = memory_order_seq_cst) const noexcept
                                                          ^
/usr/include/c++/4.8.2/atomic:214:58: error: expected ‘;’ at end of member declaration
       load(memory_order _m = memory_order_seq_cst) const volatile noexcept
                                                          ^
/usr/include/c++/4.8.2/atomic:214:67: error: ‘noexcept’ does not name a type
       load(memory_order _m = memory_order_seq_cst) const volatile noexcept
                                                                   ^
/usr/include/c++/4.8.2/atomic:222:63: error: expected ‘;’ at end of member declaration
       exchange(_Tp __i, memory_order _m = memory_order_seq_cst) noexcept
                                                               ^
/usr/include/c++/4.8.2/atomic:222:65: error: ‘noexcept’ does not name a type
       exchange(_Tp __i, memory_order _m = memory_order_seq_cst) noexcept
                                                                 ^
/usr/include/c++/4.8.2/atomic:231:49: error: expected ‘;’ at end of member declaration
         memory_order _m = memory_order_seq_cst) volatile noexcept
                                                 ^
/usr/include/c++/4.8.2/atomic:231:58: error: ‘noexcept’ does not name a type
         memory_order _m = memory_order_seq_cst) volatile noexcept
                                                          ^
/usr/include/c++/4.8.2/atomic:240:24: error: expected ‘;’ at end of member declaration
        memory_order __f) noexcept
                        ^
/usr/include/c++/4.8.2/atomic:240:26: error: ‘noexcept’ does not name a type
        memory_order __f) noexcept
                          ^
/usr/include/c++/4.8.2/atomic:247:26: error: expected ‘;’ at end of member declaration
        memory_order __f) volatile noexcept
                          ^
/usr/include/c++/4.8.2/atomic:247:35: error: ‘noexcept’ does not name a type
        memory_order __f) volatile noexcept
                                   ^
/usr/include/c++/4.8.2/atomic:254:47: error: expected ‘;’ at end of member declaration
        memory_order __m = memory_order_seq_cst) noexcept
                                               ^
/usr/include/c++/4.8.2/atomic:254:49: error: ‘noexcept’ does not name a type
        memory_order __m = memory_order_seq_cst) noexcept
                                                 ^
/usr/include/c++/4.8.2/atomic:259:49: error: expected ‘;’ at end of member declaration
        memory_order __m = memory_order_seq_cst) volatile noexcept
                                                 ^
/usr/include/c++/4.8.2/atomic:259:58: error: ‘noexcept’ does not name a type
        memory_order __m = memory_order_seq_cst) volatile noexcept
                                                          ^
/usr/include/c++/4.8.2/atomic:264:26: error: expected ‘;’ at end of member declaration
          memory_order __f) noexcept
                          ^
/usr/include/c++/4.8.2/atomic:264:28: error: ‘noexcept’ does not name a type
          memory_order __f) noexcept
                            ^
/usr/include/c++/4.8.2/atomic:271:28: error: expected ‘;’ at end of member declaration
          memory_order __f) volatile noexcept
                            ^
/usr/include/c++/4.8.2/atomic:271:37: error: ‘noexcept’ does not name a type
          memory_order __f) volatile noexcept
                                     ^
/usr/include/c++/4.8.2/atomic:278:50: error: expected ‘;’ at end of member declaration
           memory_order __m = memory_order_seq_cst) noexcept
                                                  ^
/usr/include/c++/4.8.2/atomic:278:52: error: ‘noexcept’ does not name a type
           memory_order __m = memory_order_seq_cst) noexcept
                                                    ^
/usr/include/c++/4.8.2/atomic:283:49: error: expected ‘;’ at end of member declaration
        memory_order __m = memory_order_seq_cst) volatile noexcept
                                                 ^
/usr/include/c++/4.8.2/atomic:283:58: error: ‘noexcept’ does not name a type
        memory_order __m = memory_order_seq_cst) volatile noexcept
                                                          ^
/usr/include/c++/4.8.2/atomic:296:14: error: expected ‘;’ at end of member declaration
       atomic() noexcept = default;
              ^
/usr/include/c++/4.8.2/atomic:296:16: error: ‘noexcept’ does not name a type
       atomic() noexcept = default;
                ^
/usr/include/c++/4.8.2/atomic:297:15: error: expected ‘;’ at end of member declaration
       ~atomic() noexcept = default;
               ^
/usr/include/c++/4.8.2/atomic:297:17: error: ‘noexcept’ does not name a type
       ~atomic() noexcept = default;
                 ^
/usr/include/c++/4.8.2/atomic:302:7: error: ‘constexpr’ does not name a type
       constexpr atomic(__pointer_type __p) noexcept : _M_b(__p) { }
       ^
/usr/include/c++/4.8.2/atomic:302:7: note: C++11 ‘constexpr’ only available with -std=c++11 or -std=gnu++11
/usr/include/c++/4.8.2/atomic:304:33: error: expected ‘;’ at end of member declaration
       operator __pointer_type() const noexcept
                                 ^
/usr/include/c++/4.8.2/atomic:304:39: error: ‘noexcept’ does not name a type
       operator __pointer_type() const noexcept
                                       ^
/usr/include/c++/4.8.2/atomic:307:39: error: expected ‘;’ at end of member declaration
       operator __pointer_type() const volatile noexcept
                                       ^
/usr/include/c++/4.8.2/atomic:307:48: error: ‘noexcept’ does not name a type
       operator __pointer_type() const volatile noexcept
                                                ^
/usr/include/c++/4.8.2/atomic:311:35: error: expected ‘;’ at end of member declaration
       operator=(__pointer_type __p) noexcept
                                   ^
/usr/include/c++/4.8.2/atomic:311:37: error: ‘noexcept’ does not name a type
       operator=(__pointer_type __p) noexcept
                                     ^
/usr/include/c++/4.8.2/atomic:315:37: error: expected ‘;’ at end of member declaration
       operator=(__pointer_type __p) volatile noexcept
                                     ^
/usr/include/c++/4.8.2/atomic:315:46: error: ‘noexcept’ does not name a type
       operator=(__pointer_type __p) volatile noexcept
                                              ^
/usr/include/c++/4.8.2/atomic:319:21: error: expected ‘;’ at end of member declaration
       operator++(int) noexcept
                     ^
/usr/include/c++/4.8.2/atomic:319:23: error: ‘noexcept’ does not name a type
       operator++(int) noexcept
                       ^
/usr/include/c++/4.8.2/atomic:323:23: error: expected ‘;’ at end of member declaration
       operator++(int) volatile noexcept
                       ^
/usr/include/c++/4.8.2/atomic:323:32: error: ‘noexcept’ does not name a type
       operator++(int) volatile noexcept
                                ^
/usr/include/c++/4.8.2/atomic:327:21: error: expected ‘;’ at end of member declaration
       operator--(int) noexcept
                     ^
/usr/include/c++/4.8.2/atomic:327:23: error: ‘noexcept’ does not name a type
       operator--(int) noexcept
                       ^
/usr/include/c++/4.8.2/atomic:331:23: error: expected ‘;’ at end of member declaration
       operator--(int) volatile noexcept
                       ^
/usr/include/c++/4.8.2/atomic:331:32: error: ‘noexcept’ does not name a type
       operator--(int) volatile noexcept
                                ^
/usr/include/c++/4.8.2/atomic:335:18: error: expected ‘;’ at end of member declaration
       operator++() noexcept
                  ^
/usr/include/c++/4.8.2/atomic:335:20: error: ‘noexcept’ does not name a type
       operator++() noexcept
                    ^
/usr/include/c++/4.8.2/atomic:339:20: error: expected ‘;’ at end of member declaration
       operator++() volatile noexcept
                    ^
/usr/include/c++/4.8.2/atomic:339:29: error: ‘noexcept’ does not name a type
       operator++() volatile noexcept
                             ^
/usr/include/c++/4.8.2/atomic:343:18: error: expected ‘;’ at end of member declaration
       operator--() noexcept
                  ^
/usr/include/c++/4.8.2/atomic:343:20: error: ‘noexcept’ does not name a type
       operator--() noexcept
                    ^
/usr/include/c++/4.8.2/atomic:347:20: error: expected ‘;’ at end of member declaration
       operator--() volatile noexcept
                    ^
/usr/include/c++/4.8.2/atomic:347:29: error: ‘noexcept’ does not name a type
       operator--() volatile noexcept
                             ^
/usr/include/c++/4.8.2/atomic:351:31: error: expected ‘;’ at end of member declaration
       operator+=(ptrdiff_t __d) noexcept
                               ^
/usr/include/c++/4.8.2/atomic:351:33: error: ‘noexcept’ does not name a type
       operator+=(ptrdiff_t __d) noexcept
                                 ^
/usr/include/c++/4.8.2/atomic:355:33: error: expected ‘;’ at end of member declaration
       operator+=(ptrdiff_t __d) volatile noexcept
                                 ^
/usr/include/c++/4.8.2/atomic:355:42: error: ‘noexcept’ does not name a type
       operator+=(ptrdiff_t __d) volatile noexcept
                                          ^
/usr/include/c++/4.8.2/atomic:359:31: error: expected ‘;’ at end of member declaration
       operator-=(ptrdiff_t __d) noexcept
                               ^
/usr/include/c++/4.8.2/atomic:359:33: error: ‘noexcept’ does not name a type
       operator-=(ptrdiff_t __d) noexcept
                                 ^
/usr/include/c++/4.8.2/atomic:363:33: error: expected ‘;’ at end of member declaration
       operator-=(ptrdiff_t __d) volatile noexcept
                                 ^
/usr/include/c++/4.8.2/atomic:363:42: error: ‘noexcept’ does not name a type
       operator-=(ptrdiff_t __d) volatile noexcept
                                          ^
/usr/include/c++/4.8.2/atomic:367:22: error: expected ‘;’ at end of member declaration
       is_lock_free() const noexcept
                      ^
/usr/include/c++/4.8.2/atomic:367:28: error: ‘noexcept’ does not name a type
       is_lock_free() const noexcept
                            ^
/usr/include/c++/4.8.2/atomic:371:28: error: expected ‘;’ at end of member declaration
       is_lock_free() const volatile noexcept
                            ^
/usr/include/c++/4.8.2/atomic:371:37: error: ‘noexcept’ does not name a type
       is_lock_free() const volatile noexcept
                                     ^
/usr/include/c++/4.8.2/atomic:376:45: error: expected ‘;’ at end of member declaration
      memory_order __m = memory_order_seq_cst) noexcept
                                             ^
/usr/include/c++/4.8.2/atomic:376:47: error: ‘noexcept’ does not name a type
      memory_order __m = memory_order_seq_cst) noexcept
                                               ^
/usr/include/c++/4.8.2/atomic:381:47: error: expected ‘;’ at end of member declaration
      memory_order __m = memory_order_seq_cst) volatile noexcept
                                               ^
/usr/include/c++/4.8.2/atomic:381:56: error: ‘noexcept’ does not name a type
      memory_order __m = memory_order_seq_cst) volatile noexcept
                                                        ^
/usr/include/c++/4.8.2/atomic:385:53: error: expected ‘;’ at end of member declaration
       load(memory_order __m = memory_order_seq_cst) const noexcept
                                                     ^
/usr/include/c++/4.8.2/atomic:385:59: error: ‘noexcept’ does not name a type
       load(memory_order __m = memory_order_seq_cst) const noexcept
                                                           ^
/usr/include/c++/4.8.2/atomic:389:59: error: expected ‘;’ at end of member declaration
       load(memory_order __m = memory_order_seq_cst) const volatile noexcept
                                                           ^
/usr/include/c++/4.8.2/atomic:389:68: error: ‘noexcept’ does not name a type
       load(memory_order __m = memory_order_seq_cst) const volatile noexcept
                                                                    ^
/usr/include/c++/4.8.2/atomic:394:48: error: expected ‘;’ at end of member declaration
         memory_order __m = memory_order_seq_cst) noexcept
                                                ^
/usr/include/c++/4.8.2/atomic:394:50: error: ‘noexcept’ does not name a type
         memory_order __m = memory_order_seq_cst) noexcept
                                                  ^
/usr/include/c++/4.8.2/atomic:399:50: error: expected ‘;’ at end of member declaration
         memory_order __m = memory_order_seq_cst) volatile noexcept
                                                  ^
/usr/include/c++/4.8.2/atomic:399:59: error: ‘noexcept’ does not name a type
         memory_order __m = memory_order_seq_cst) volatile noexcept
                                                           ^
/usr/include/c++/4.8.2/atomic:404:44: error: expected ‘;’ at end of member declaration
        memory_order __m1, memory_order __m2) noexcept
                                            ^
/usr/include/c++/4.8.2/atomic:404:46: error: ‘noexcept’ does not name a type
        memory_order __m1, memory_order __m2) noexcept
                                              ^
/usr/include/c++/4.8.2/atomic:410:27: error: expected ‘;’ at end of member declaration
        memory_order __m2) volatile noexcept
                           ^
/usr/include/c++/4.8.2/atomic:410:36: error: ‘noexcept’ does not name a type
        memory_order __m2) volatile noexcept
                                    ^
/usr/include/c++/4.8.2/atomic:415:47: error: expected ‘;’ at end of member declaration
        memory_order __m = memory_order_seq_cst) noexcept
                                               ^
/usr/include/c++/4.8.2/atomic:415:49: error: ‘noexcept’ does not name a type
        memory_order __m = memory_order_seq_cst) noexcept
                                                 ^
/usr/include/c++/4.8.2/atomic:423:48: error: expected ‘;’ at end of member declaration
       memory_order __m = memory_order_seq_cst) volatile noexcept
                                                ^
/usr/include/c++/4.8.2/atomic:423:57: error: ‘noexcept’ does not name a type
       memory_order __m = memory_order_seq_cst) volatile noexcept
                                                         ^
/usr/include/c++/4.8.2/atomic:431:46: error: expected ‘;’ at end of member declaration
          memory_order __m1, memory_order __m2) noexcept
                                              ^
/usr/include/c++/4.8.2/atomic:431:48: error: ‘noexcept’ does not name a type
          memory_order __m1, memory_order __m2) noexcept
                                                ^
/usr/include/c++/4.8.2/atomic:437:29: error: expected ‘;’ at end of member declaration
          memory_order __m2) volatile noexcept
                             ^
/usr/include/c++/4.8.2/atomic:437:38: error: ‘noexcept’ does not name a type
          memory_order __m2) volatile noexcept
                                      ^
/usr/include/c++/4.8.2/atomic:442:49: error: expected ‘;’ at end of member declaration
          memory_order __m = memory_order_seq_cst) noexcept
                                                 ^
/usr/include/c++/4.8.2/atomic:442:51: error: ‘noexcept’ does not name a type
          memory_order __m = memory_order_seq_cst) noexcept
                                                   ^
/usr/include/c++/4.8.2/atomic:450:48: error: expected ‘;’ at end of member declaration
       memory_order __m = memory_order_seq_cst) volatile noexcept
                                                ^
/usr/include/c++/4.8.2/atomic:450:57: error: ‘noexcept’ does not name a type
       memory_order __m = memory_order_seq_cst) volatile noexcept
                                                         ^
/usr/include/c++/4.8.2/atomic:458:42: error: expected ‘;’ at end of member declaration
   memory_order __m = memory_order_seq_cst) noexcept
                                          ^
/usr/include/c++/4.8.2/atomic:458:44: error: ‘noexcept’ does not name a type
   memory_order __m = memory_order_seq_cst) noexcept
                                            ^
/usr/include/c++/4.8.2/atomic:463:44: error: expected ‘;’ at end of member declaration
   memory_order __m = memory_order_seq_cst) volatile noexcept
                                            ^
/usr/include/c++/4.8.2/atomic:463:53: error: ‘noexcept’ does not name a type
   memory_order __m = memory_order_seq_cst) volatile noexcept
                                                     ^
/usr/include/c++/4.8.2/atomic:468:42: error: expected ‘;’ at end of member declaration
   memory_order __m = memory_order_seq_cst) noexcept
                                          ^
/usr/include/c++/4.8.2/atomic:468:44: error: ‘noexcept’ does not name a type
   memory_order __m = memory_order_seq_cst) noexcept
                                            ^
/usr/include/c++/4.8.2/atomic:473:44: error: expected ‘;’ at end of member declaration
   memory_order __m = memory_order_seq_cst) volatile noexcept
                                            ^
/usr/include/c++/4.8.2/atomic:473:53: error: ‘noexcept’ does not name a type
   memory_order __m = memory_order_seq_cst) volatile noexcept
                                                     ^
/usr/include/c++/4.8.2/atomic:485:14: error: expected ‘;’ at end of member declaration
       atomic() noexcept = default;
              ^
/usr/include/c++/4.8.2/atomic:485:16: error: ‘noexcept’ does not name a type
       atomic() noexcept = default;
                ^
/usr/include/c++/4.8.2/atomic:486:15: error: expected ‘;’ at end of member declaration
       ~atomic() noexcept = default;
               ^
/usr/include/c++/4.8.2/atomic:486:17: error: ‘noexcept’ does not name a type
       ~atomic() noexcept = default;
                 ^
/usr/include/c++/4.8.2/atomic:491:7: error: ‘constexpr’ does not name a type
       constexpr atomic(__integral_type __i) noexcept : __base_type(__i) { }
       ^
/usr/include/c++/4.8.2/atomic:491:7: note: C++11 ‘constexpr’ only available with -std=c++11 or -std=gnu++11
/usr/include/c++/4.8.2/atomic:504:14: error: expected ‘;’ at end of member declaration
       atomic() noexcept = default;
              ^
/usr/include/c++/4.8.2/atomic:504:16: error: ‘noexcept’ does not name a type
       atomic() noexcept = default;
                ^
/usr/include/c++/4.8.2/atomic:505:15: error: expected ‘;’ at end of member declaration
       ~atomic() noexcept = default;
               ^
/usr/include/c++/4.8.2/atomic:505:17: error: ‘noexcept’ does not name a type
       ~atomic() noexcept = default;
                 ^
/usr/include/c++/4.8.2/atomic:510:7: error: ‘constexpr’ does not name a type
       constexpr atomic(__integral_type __i) noexcept : __base_type(__i) { }
       ^
/usr/include/c++/4.8.2/atomic:510:7: note: C++11 ‘constexpr’ only available with -std=c++11 or -std=gnu++11
/usr/include/c++/4.8.2/atomic:523:14: error: expected ‘;’ at end of member declaration
       atomic() noexcept= default;
              ^
/usr/include/c++/4.8.2/atomic:523:16: error: ‘noexcept’ does not name a type
       atomic() noexcept= default;
                ^
/usr/include/c++/4.8.2/atomic:524:15: error: expected ‘;’ at end of member declaration
       ~atomic() noexcept = default;
               ^
/usr/include/c++/4.8.2/atomic:524:17: error: ‘noexcept’ does not name a type
       ~atomic() noexcept = default;
                 ^
/usr/include/c++/4.8.2/atomic:529:7: error: ‘constexpr’ does not name a type
       constexpr atomic(__integral_type __i) noexcept : __base_type(__i) { }
       ^
/usr/include/c++/4.8.2/atomic:529:7: note: C++11 ‘constexpr’ only available with -std=c++11 or -std=gnu++11
/usr/include/c++/4.8.2/atomic:542:14: error: expected ‘;’ at end of member declaration
       atomic() noexcept= default;
              ^
/usr/include/c++/4.8.2/atomic:542:16: error: ‘noexcept’ does not name a type
       atomic() noexcept= default;
                ^
/usr/include/c++/4.8.2/atomic:543:15: error: expected ‘;’ at end of member declaration
       ~atomic() noexcept = default;
               ^
/usr/include/c++/4.8.2/atomic:543:17: error: ‘noexcept’ does not name a type
       ~atomic() noexcept = default;
                 ^
/usr/include/c++/4.8.2/atomic:548:7: error: ‘constexpr’ does not name a type
       constexpr atomic(__integral_type __i) noexcept : __base_type(__i) { }
       ^
/usr/include/c++/4.8.2/atomic:548:7: note: C++11 ‘constexpr’ only available with -std=c++11 or -std=gnu++11
/usr/include/c++/4.8.2/atomic:561:14: error: expected ‘;’ at end of member declaration
       atomic() noexcept = default;
              ^
/usr/include/c++/4.8.2/atomic:561:16: error: ‘noexcept’ does not name a type
       atomic() noexcept = default;
                ^
/usr/include/c++/4.8.2/atomic:562:15: error: expected ‘;’ at end of member declaration
       ~atomic() noexcept = default;
               ^
/usr/include/c++/4.8.2/atomic:562:17: error: ‘noexcept’ does not name a type
       ~atomic() noexcept = default;
                 ^
/usr/include/c++/4.8.2/atomic:567:7: error: ‘constexpr’ does not name a type
       constexpr atomic(__integral_type __i) noexcept : __base_type(__i) { }
       ^
/usr/include/c++/4.8.2/atomic:567:7: note: C++11 ‘constexpr’ only available with -std=c++11 or -std=gnu++11
/usr/include/c++/4.8.2/atomic:580:14: error: expected ‘;’ at end of member declaration
       atomic() noexcept = default;
              ^
/usr/include/c++/4.8.2/atomic:580:16: error: ‘noexcept’ does not name a type
       atomic() noexcept = default;
                ^
/usr/include/c++/4.8.2/atomic:581:15: error: expected ‘;’ at end of member declaration
       ~atomic() noexcept = default;
               ^
/usr/include/c++/4.8.2/atomic:581:17: error: ‘noexcept’ does not name a type
       ~atomic() noexcept = default;
                 ^
/usr/include/c++/4.8.2/atomic:586:7: error: ‘constexpr’ does not name a type
       constexpr atomic(__integral_type __i) noexcept : __base_type(__i) { }
       ^
/usr/include/c++/4.8.2/atomic:586:7: note: C++11 ‘constexpr’ only available with -std=c++11 or -std=gnu++11
/usr/include/c++/4.8.2/atomic:599:14: error: expected ‘;’ at end of member declaration
       atomic() noexcept = default;
              ^
/usr/include/c++/4.8.2/atomic:599:16: error: ‘noexcept’ does not name a type
       atomic() noexcept = default;
                ^
/usr/include/c++/4.8.2/atomic:600:15: error: expected ‘;’ at end of member declaration
       ~atomic() noexcept = default;
               ^
/usr/include/c++/4.8.2/atomic:600:17: error: ‘noexcept’ does not name a type
       ~atomic() noexcept = default;
                 ^
/usr/include/c++/4.8.2/atomic:605:7: error: ‘constexpr’ does not name a type
       constexpr atomic(__integral_type __i) noexcept : __base_type(__i) { }
       ^
/usr/include/c++/4.8.2/atomic:605:7: note: C++11 ‘constexpr’ only available with -std=c++11 or -std=gnu++11
/usr/include/c++/4.8.2/atomic:618:14: error: expected ‘;’ at end of member declaration
       atomic() noexcept = default;
              ^
/usr/include/c++/4.8.2/atomic:618:16: error: ‘noexcept’ does not name a type
       atomic() noexcept = default;
                ^
/usr/include/c++/4.8.2/atomic:619:15: error: expected ‘;’ at end of member declaration
       ~atomic() noexcept = default;
               ^
/usr/include/c++/4.8.2/atomic:619:17: error: ‘noexcept’ does not name a type
       ~atomic() noexcept = default;
                 ^
/usr/include/c++/4.8.2/atomic:624:7: error: ‘constexpr’ does not name a type
       constexpr atomic(__integral_type __i) noexcept : __base_type(__i) { }
       ^
/usr/include/c++/4.8.2/atomic:624:7: note: C++11 ‘constexpr’ only available with -std=c++11 or -std=gnu++11
/usr/include/c++/4.8.2/atomic:637:14: error: expected ‘;’ at end of member declaration
       atomic() noexcept = default;
              ^
/usr/include/c++/4.8.2/atomic:637:16: error: ‘noexcept’ does not name a type
       atomic() noexcept = default;
                ^
/usr/include/c++/4.8.2/atomic:638:15: error: expected ‘;’ at end of member declaration
       ~atomic() noexcept = default;
               ^
/usr/include/c++/4.8.2/atomic:638:17: error: ‘noexcept’ does not name a type
       ~atomic() noexcept = default;
                 ^
/usr/include/c++/4.8.2/atomic:643:7: error: ‘constexpr’ does not name a type
       constexpr atomic(__integral_type __i) noexcept : __base_type(__i) { }
       ^
/usr/include/c++/4.8.2/atomic:643:7: note: C++11 ‘constexpr’ only available with -std=c++11 or -std=gnu++11
/usr/include/c++/4.8.2/atomic:656:14: error: expected ‘;’ at end of member declaration
       atomic() noexcept = default;
              ^
/usr/include/c++/4.8.2/atomic:656:16: error: ‘noexcept’ does not name a type
       atomic() noexcept = default;
                ^
/usr/include/c++/4.8.2/atomic:657:15: error: expected ‘;’ at end of member declaration
       ~atomic() noexcept = default;
               ^
/usr/include/c++/4.8.2/atomic:657:17: error: ‘noexcept’ does not name a type
       ~atomic() noexcept = default;
                 ^
/usr/include/c++/4.8.2/atomic:662:7: error: ‘constexpr’ does not name a type
       constexpr atomic(__integral_type __i) noexcept : __base_type(__i) { }
       ^
/usr/include/c++/4.8.2/atomic:662:7: note: C++11 ‘constexpr’ only available with -std=c++11 or -std=gnu++11
/usr/include/c++/4.8.2/atomic:675:14: error: expected ‘;’ at end of member declaration
       atomic() noexcept = default;
              ^
/usr/include/c++/4.8.2/atomic:675:16: error: ‘noexcept’ does not name a type
       atomic() noexcept = default;
                ^
/usr/include/c++/4.8.2/atomic:676:15: error: expected ‘;’ at end of member declaration
       ~atomic() noexcept = default;
               ^
/usr/include/c++/4.8.2/atomic:676:17: error: ‘noexcept’ does not name a type
       ~atomic() noexcept = default;
                 ^
/usr/include/c++/4.8.2/atomic:681:7: error: ‘constexpr’ does not name a type
       constexpr atomic(__integral_type __i) noexcept : __base_type(__i) { }
       ^
/usr/include/c++/4.8.2/atomic:681:7: note: C++11 ‘constexpr’ only available with -std=c++11 or -std=gnu++11
/usr/include/c++/4.8.2/atomic:694:14: error: expected ‘;’ at end of member declaration
       atomic() noexcept = default;
              ^
/usr/include/c++/4.8.2/atomic:694:16: error: ‘noexcept’ does not name a type
       atomic() noexcept = default;
                ^
/usr/include/c++/4.8.2/atomic:695:15: error: expected ‘;’ at end of member declaration
       ~atomic() noexcept = default;
               ^
/usr/include/c++/4.8.2/atomic:695:17: error: ‘noexcept’ does not name a type
       ~atomic() noexcept = default;
                 ^
/usr/include/c++/4.8.2/atomic:700:7: error: ‘constexpr’ does not name a type
       constexpr atomic(__integral_type __i) noexcept : __base_type(__i) { }
       ^
/usr/include/c++/4.8.2/atomic:700:7: note: C++11 ‘constexpr’ only available with -std=c++11 or -std=gnu++11
/usr/include/c++/4.8.2/atomic:713:14: error: expected ‘;’ at end of member declaration
       atomic() noexcept = default;
              ^
/usr/include/c++/4.8.2/atomic:713:16: error: ‘noexcept’ does not name a type
       atomic() noexcept = default;
                ^
/usr/include/c++/4.8.2/atomic:714:15: error: expected ‘;’ at end of member declaration
       ~atomic() noexcept = default;
               ^
/usr/include/c++/4.8.2/atomic:714:17: error: ‘noexcept’ does not name a type
       ~atomic() noexcept = default;
                 ^
/usr/include/c++/4.8.2/atomic:719:7: error: ‘constexpr’ does not name a type
       constexpr atomic(__integral_type __i) noexcept : __base_type(__i) { }
       ^
/usr/include/c++/4.8.2/atomic:719:7: note: C++11 ‘constexpr’ only available with -std=c++11 or -std=gnu++11
/usr/include/c++/4.8.2/atomic:727:19: error: ‘char16_t’ was not declared in this scope
     struct atomic<char16_t> : public atomic_char16_t
                   ^
/usr/include/c++/4.8.2/atomic:727:27: error: template argument 1 is invalid
     struct atomic<char16_t> : public atomic_char16_t
                           ^
/usr/include/c++/4.8.2/atomic:728:5: error: expected class-name before ‘{’ token
     {
     ^
/usr/include/c++/4.8.2/atomic:746:19: error: ‘char32_t’ was not declared in this scope
     struct atomic<char32_t> : public atomic_char32_t
                   ^
/usr/include/c++/4.8.2/atomic:746:27: error: template argument 1 is invalid
     struct atomic<char32_t> : public atomic_char32_t
                           ^
/usr/include/c++/4.8.2/atomic:747:5: error: expected class-name before ‘{’ token
     {
     ^
/usr/include/c++/4.8.2/atomic:767:27: error: expected initializer before ‘noexcept’
         memory_order __m) noexcept
                           ^
/usr/include/c++/4.8.2/atomic:772:27: error: expected initializer before ‘noexcept’
         memory_order __m) noexcept
                           ^
/usr/include/c++/4.8.2/atomic:776:66: error: expected initializer before ‘noexcept’
   atomic_flag_clear_explicit(atomic_flag* __a, memory_order __m) noexcept
                                                                  ^
/usr/include/c++/4.8.2/atomic:781:27: error: expected initializer before ‘noexcept’
         memory_order __m) noexcept
                           ^
/usr/include/c++/4.8.2/atomic:785:46: error: expected initializer before ‘noexcept’
   atomic_flag_test_and_set(atomic_flag* __a) noexcept
                                              ^
/usr/include/c++/4.8.2/atomic:789:55: error: expected initializer before ‘noexcept’
   atomic_flag_test_and_set(volatile atomic_flag* __a) noexcept
                                                       ^
/usr/include/c++/4.8.2/atomic:793:39: error: expected initializer before ‘noexcept’
   atomic_flag_clear(atomic_flag* __a) noexcept
                                       ^
/usr/include/c++/4.8.2/atomic:797:48: error: expected initializer before ‘noexcept’
   atomic_flag_clear(volatile atomic_flag* __a) noexcept
                                                ^
/usr/include/c++/4.8.2/atomic:804:50: error: expected initializer before ‘noexcept’
     atomic_is_lock_free(const atomic<_ITp>* __a) noexcept
                                                  ^
/usr/include/c++/4.8.2/atomic:809:59: error: expected initializer before ‘noexcept’
     atomic_is_lock_free(const volatile atomic<_ITp>* __a) noexcept
                                                           ^
/usr/include/c++/4.8.2/atomic:814:46: error: expected initializer before ‘noexcept’
     atomic_init(atomic<_ITp>* __a, _ITp __i) noexcept;
                                              ^
/usr/include/c++/4.8.2/atomic:818:55: error: expected initializer before ‘noexcept’
     atomic_init(volatile atomic<_ITp>* __a, _ITp __i) noexcept;
                                                       ^
/usr/include/c++/4.8.2/atomic:823:24: error: expected initializer before ‘noexcept’
      memory_order __m) noexcept
                        ^
/usr/include/c++/4.8.2/atomic:829:24: error: expected initializer before ‘noexcept’
      memory_order __m) noexcept
                        ^
/usr/include/c++/4.8.2/atomic:834:69: error: expected initializer before ‘noexcept’
     atomic_load_explicit(const atomic<_ITp>* __a, memory_order __m) noexcept
                                                                     ^
/usr/include/c++/4.8.2/atomic:840:23: error: expected initializer before ‘noexcept’
     memory_order __m) noexcept
                       ^
/usr/include/c++/4.8.2/atomic:846:27: error: expected initializer before ‘noexcept’
         memory_order __m) noexcept
                           ^
/usr/include/c++/4.8.2/atomic:852:27: error: expected initializer before ‘noexcept’
         memory_order __m) noexcept
                           ^
/usr/include/c++/4.8.2/atomic:860:27: error: expected initializer before ‘noexcept’
        memory_order __m2) noexcept
                           ^
/usr/include/c++/4.8.2/atomic:868:27: error: expected initializer before ‘noexcept’
        memory_order __m2) noexcept
                           ^
/usr/include/c++/4.8.2/atomic:876:29: error: expected initializer before ‘noexcept’
          memory_order __m2) noexcept
                             ^
/usr/include/c++/4.8.2/atomic:884:29: error: expected initializer before ‘noexcept’
          memory_order __m2) noexcept
                             ^
/usr/include/c++/4.8.2/atomic:890:47: error: expected initializer before ‘noexcept’
     atomic_store(atomic<_ITp>* __a, _ITp __i) noexcept
                                               ^
/usr/include/c++/4.8.2/atomic:895:56: error: expected initializer before ‘noexcept’
     atomic_store(volatile atomic<_ITp>* __a, _ITp __i) noexcept
                                                        ^
/usr/include/c++/4.8.2/atomic:900:42: error: expected initializer before ‘noexcept’
     atomic_load(const atomic<_ITp>* __a) noexcept
                                          ^
/usr/include/c++/4.8.2/atomic:905:51: error: expected initializer before ‘noexcept’
     atomic_load(const volatile atomic<_ITp>* __a) noexcept
                                                   ^
/usr/include/c++/4.8.2/atomic:910:50: error: expected initializer before ‘noexcept’
     atomic_exchange(atomic<_ITp>* __a, _ITp __i) noexcept
                                                  ^
/usr/include/c++/4.8.2/atomic:915:59: error: expected initializer before ‘noexcept’
     atomic_exchange(volatile atomic<_ITp>* __a, _ITp __i) noexcept
                                                           ^
/usr/include/c++/4.8.2/atomic:921:29: error: expected initializer before ‘noexcept’
      _ITp* __i1, _ITp __i2) noexcept
                             ^
/usr/include/c++/4.8.2/atomic:931:29: error: expected initializer before ‘noexcept’
      _ITp* __i1, _ITp __i2) noexcept
                             ^
/usr/include/c++/4.8.2/atomic:941:31: error: expected initializer before ‘noexcept’
        _ITp* __i1, _ITp __i2) noexcept
                               ^
/usr/include/c++/4.8.2/atomic:951:31: error: expected initializer before ‘noexcept’
        _ITp* __i1, _ITp __i2) noexcept
                               ^
/usr/include/c++/4.8.2/atomic:965:28: error: expected initializer before ‘noexcept’
          memory_order __m) noexcept
                            ^
/usr/include/c++/4.8.2/atomic:971:28: error: expected initializer before ‘noexcept’
          memory_order __m) noexcept
                            ^
/usr/include/c++/4.8.2/atomic:977:28: error: expected initializer before ‘noexcept’
          memory_order __m) noexcept
                            ^
/usr/include/c++/4.8.2/atomic:983:28: error: expected initializer before ‘noexcept’
          memory_order __m) noexcept
                            ^
/usr/include/c++/4.8.2/atomic:989:28: error: expected initializer before ‘noexcept’
          memory_order __m) noexcept
                            ^
/usr/include/c++/4.8.2/atomic:995:28: error: expected initializer before ‘noexcept’
          memory_order __m) noexcept
                            ^
/usr/include/c++/4.8.2/atomic:1001:27: error: expected initializer before ‘noexcept’
         memory_order __m) noexcept
                           ^
/usr/include/c++/4.8.2/atomic:1007:27: error: expected initializer before ‘noexcept’
         memory_order __m) noexcept
                           ^
/usr/include/c++/4.8.2/atomic:1013:28: error: expected initializer before ‘noexcept’
          memory_order __m) noexcept
                            ^
/usr/include/c++/4.8.2/atomic:1019:28: error: expected initializer before ‘noexcept’
          memory_order __m) noexcept
                            ^
/usr/include/c++/4.8.2/atomic:1024:58: error: expected initializer before ‘noexcept’
     atomic_fetch_add(__atomic_base<_ITp>* __a, _ITp __i) noexcept
                                                          ^
/usr/include/c++/4.8.2/atomic:1029:67: error: expected initializer before ‘noexcept’
     atomic_fetch_add(volatile __atomic_base<_ITp>* __a, _ITp __i) noexcept
                                                                   ^
/usr/include/c++/4.8.2/atomic:1034:58: error: expected initializer before ‘noexcept’
     atomic_fetch_sub(__atomic_base<_ITp>* __a, _ITp __i) noexcept
                                                          ^
/usr/include/c++/4.8.2/atomic:1039:67: error: expected initializer before ‘noexcept’
     atomic_fetch_sub(volatile __atomic_base<_ITp>* __a, _ITp __i) noexcept
                                                                   ^
/usr/include/c++/4.8.2/atomic:1044:58: error: expected initializer before ‘noexcept’
     atomic_fetch_and(__atomic_base<_ITp>* __a, _ITp __i) noexcept
                                                          ^
/usr/include/c++/4.8.2/atomic:1049:67: error: expected initializer before ‘noexcept’
     atomic_fetch_and(volatile __atomic_base<_ITp>* __a, _ITp __i) noexcept
                                                                   ^
/usr/include/c++/4.8.2/atomic:1054:57: error: expected initializer before ‘noexcept’
     atomic_fetch_or(__atomic_base<_ITp>* __a, _ITp __i) noexcept
                                                         ^
/usr/include/c++/4.8.2/atomic:1059:66: error: expected initializer before ‘noexcept’
     atomic_fetch_or(volatile __atomic_base<_ITp>* __a, _ITp __i) noexcept
                                                                  ^
/usr/include/c++/4.8.2/atomic:1064:58: error: expected initializer before ‘noexcept’
     atomic_fetch_xor(__atomic_base<_ITp>* __a, _ITp __i) noexcept
                                                          ^
/usr/include/c++/4.8.2/atomic:1069:67: error: expected initializer before ‘noexcept’
     atomic_fetch_xor(volatile __atomic_base<_ITp>* __a, _ITp __i) noexcept
                                                                   ^
/usr/include/c++/4.8.2/atomic:1077:28: error: expected initializer before ‘noexcept’
          memory_order __m) noexcept
                            ^
/usr/include/c++/4.8.2/atomic:1083:28: error: expected initializer before ‘noexcept’
          memory_order __m) noexcept
                            ^
/usr/include/c++/4.8.2/atomic:1088:66: error: expected initializer before ‘noexcept’
     atomic_fetch_add(volatile atomic<_ITp*>* __a, ptrdiff_t __d) noexcept
                                                                  ^
/usr/include/c++/4.8.2/atomic:1093:57: error: expected initializer before ‘noexcept’
     atomic_fetch_add(atomic<_ITp*>* __a, ptrdiff_t __d) noexcept
                                                         ^
/usr/include/c++/4.8.2/atomic:1099:43: error: expected initializer before ‘noexcept’
          ptrdiff_t __d, memory_order __m) noexcept
                                           ^
/usr/include/c++/4.8.2/atomic:1105:28: error: expected initializer before ‘noexcept’
          memory_order __m) noexcept
                            ^
/usr/include/c++/4.8.2/atomic:1110:66: error: expected initializer before ‘noexcept’
     atomic_fetch_sub(volatile atomic<_ITp*>* __a, ptrdiff_t __d) noexcept
                                                                  ^
/usr/include/c++/4.8.2/atomic:1115:57: error: expected initializer before ‘noexcept’
     atomic_fetch_sub(atomic<_ITp*>* __a, ptrdiff_t __d) noexcept
                                                         ^
libs/filesystem/config/has_cxx20_atomic_ref.cpp: In function ‘int main()’:
libs/filesystem/config/has_cxx20_atomic_ref.cpp:15:5: error: ‘atomic_ref’ is not a member of ‘std’
     std::atomic_ref< func_t* > ref(func);
     ^
libs/filesystem/config/has_cxx20_atomic_ref.cpp:15:28: error: expected primary-expression before ‘*’ token
     std::atomic_ref< func_t* > ref(func);
                            ^
libs/filesystem/config/has_cxx20_atomic_ref.cpp:15:30: error: expected primary-expression before ‘>’ token
     std::atomic_ref< func_t* > ref(func);
                              ^
libs/filesystem/config/has_cxx20_atomic_ref.cpp:15:40: error: ‘ref’ was not declared in this scope
     std::atomic_ref< func_t* > ref(func);
                                        ^

    "g++"   -fvisibility-inlines-hidden -fPIC -m64 -pthread -O3 -finline-functions -Wno-inline -Wall -fvisibility=hidden  -DBOOST_ALL_NO_LIB=1 -DNDEBUG  -I"." -I"libs/filesystem/src"  -c -o "bin.v2/libs/filesystem/config/gcc-4.8/release/threading-multi/visibility-hidden/has_cxx20_atomic_ref.o" "libs/filesystem/config/has_cxx20_atomic_ref.cpp"

...failed gcc.compile.c++ bin.v2/libs/filesystem/config/gcc-4.8/release/threading-multi/visibility-hidden/has_cxx20_atomic_ref.o...
...failed updating 1 target...
...updated 6 targets...
...found 137 targets...
...updating 1 target...
gcc.compile.c++ bin.v2/libs/filesystem/config/gcc-4.8/release/threading-multi/visibility-hidden/has_statx.o
libs/filesystem/config/has_statx.cpp: In function ‘int main()’:
libs/filesystem/config/has_statx.cpp:17:18: error: aggregate ‘main()::statx st’ has incomplete type and cannot be defined
     struct statx st;
                  ^
libs/filesystem/config/has_statx.cpp:18:75: error: ‘STATX_BTIME’ was not declared in this scope
     int res = statx(AT_FDCWD, ".", AT_SYMLINK_NOFOLLOW | AT_NO_AUTOMOUNT, STATX_BTIME, &st);
                                                                           ^
libs/filesystem/config/has_statx.cpp:18:91: error: invalid use of incomplete type ‘struct main()::statx’
     int res = statx(AT_FDCWD, ".", AT_SYMLINK_NOFOLLOW | AT_NO_AUTOMOUNT, STATX_BTIME, &st);
                                                                                           ^
libs/filesystem/config/has_statx.cpp:17:12: error: forward declaration of ‘struct main()::statx’
     struct statx st;
            ^
libs/filesystem/config/has_statx.cpp:18:9: warning: unused variable ‘res’ [-Wunused-variable]
     int res = statx(AT_FDCWD, ".", AT_SYMLINK_NOFOLLOW | AT_NO_AUTOMOUNT, STATX_BTIME, &st);
         ^

    "g++"   -fvisibility-inlines-hidden -fPIC -m64 -pthread -O3 -finline-functions -Wno-inline -Wall -fvisibility=hidden  -DBOOST_ALL_NO_LIB=1 -DNDEBUG  -I"." -I"libs/filesystem/src"  -c -o "bin.v2/libs/filesystem/config/gcc-4.8/release/threading-multi/visibility-hidden/has_statx.o" "libs/filesystem/config/has_statx.cpp"

...failed gcc.compile.c++ bin.v2/libs/filesystem/config/gcc-4.8/release/threading-multi/visibility-hidden/has_statx.o...
...failed updating 1 target...
...found 4 targets...
...updating 1 target...
gcc.compile.c++ bin.v2/libs/filesystem/config/gcc-4.8/release/threading-multi/visibility-hidden/has_statx_syscall.o
libs/filesystem/config/has_statx_syscall.cpp:21:2: error: #error "No statx syscall"
 #error "No statx syscall"
  ^
libs/filesystem/config/has_statx_syscall.cpp: In function ‘int main()’:
libs/filesystem/config/has_statx_syscall.cpp:26:18: error: aggregate ‘main()::statx st’ has incomplete type and cannot be defined
     struct statx st;
                  ^
libs/filesystem/config/has_statx_syscall.cpp:27:23: error: ‘__NR_statx’ was not declared in this scope
     int res = syscall(__NR_statx, AT_FDCWD, ".", AT_SYMLINK_NOFOLLOW | AT_NO_AUTOMOUNT, STATX_BTIME, &st);
                       ^
libs/filesystem/config/has_statx_syscall.cpp:27:89: error: ‘STATX_BTIME’ was not declared in this scope
     int res = syscall(__NR_statx, AT_FDCWD, ".", AT_SYMLINK_NOFOLLOW | AT_NO_AUTOMOUNT, STATX_BTIME, &st);
                                                                                         ^
libs/filesystem/config/has_statx_syscall.cpp:27:9: warning: unused variable ‘res’ [-Wunused-variable]
     int res = syscall(__NR_statx, AT_FDCWD, ".", AT_SYMLINK_NOFOLLOW | AT_NO_AUTOMOUNT, STATX_BTIME, &st);
         ^

    "g++"   -fvisibility-inlines-hidden -fPIC -m64 -pthread -O3 -finline-functions -Wno-inline -Wall -fvisibility=hidden  -DBOOST_ALL_NO_LIB=1 -DNDEBUG  -I"." -I"libs/filesystem/src"  -c -o "bin.v2/libs/filesystem/config/gcc-4.8/release/threading-multi/visibility-hidden/has_statx_syscall.o" "libs/filesystem/config/has_statx_syscall.cpp"

...failed gcc.compile.c++ bin.v2/libs/filesystem/config/gcc-4.8/release/threading-multi/visibility-hidden/has_statx_syscall.o...
...failed updating 1 target...
...found 2 targets...
...updating 1 target...
gcc.compile.c++ bin.v2/libs/filesystem/config/gcc-4.8/release/threading-multi/visibility-hidden/has_attribute_init_priority.o
...updated 1 target...
...found 2 targets...
...updating 1 target...
gcc.compile.c++ bin.v2/libs/filesystem/config/gcc-4.8/release/threading-multi/visibility-hidden/has_stat_st_mtim.o
libs/filesystem/config/has_stat_st_mtim.cpp: In function ‘int main()’:
libs/filesystem/config/has_stat_st_mtim.cpp:16:17: warning: variable ‘st’ set but not used [-Wunused-but-set-variable]
     struct stat st;
                 ^
...updated 1 target...
...found 2 targets...
...updating 1 target...
gcc.compile.c++ bin.v2/libs/filesystem/config/gcc-4.8/release/threading-multi/visibility-hidden/has_stat_st_mtimensec.o
libs/filesystem/config/has_stat_st_mtimensec.cpp: In function ‘int main()’:
libs/filesystem/config/has_stat_st_mtimensec.cpp:17:8: error: ‘struct stat’ has no member named ‘st_mtimensec’
     st.st_mtimensec = 10;
        ^

    "g++"   -fvisibility-inlines-hidden -fPIC -m64 -pthread -O3 -finline-functions -Wno-inline -Wall -fvisibility=hidden  -DBOOST_ALL_NO_LIB=1 -DNDEBUG  -I"." -I"libs/filesystem/src"  -c -o "bin.v2/libs/filesystem/config/gcc-4.8/release/threading-multi/visibility-hidden/has_stat_st_mtimensec.o" "libs/filesystem/config/has_stat_st_mtimensec.cpp"

...failed gcc.compile.c++ bin.v2/libs/filesystem/config/gcc-4.8/release/threading-multi/visibility-hidden/has_stat_st_mtimensec.o...
...failed updating 1 target...
...found 2 targets...
...updating 1 target...
gcc.compile.c++ bin.v2/libs/filesystem/config/gcc-4.8/release/threading-multi/visibility-hidden/has_stat_st_mtimespec.o
libs/filesystem/config/has_stat_st_mtimespec.cpp: In function ‘int main()’:
libs/filesystem/config/has_stat_st_mtimespec.cpp:17:8: error: ‘struct stat’ has no member named ‘st_mtimespec’
     st.st_mtimespec.tv_nsec = 10;
        ^

    "g++"   -fvisibility-inlines-hidden -fPIC -m64 -pthread -O3 -finline-functions -Wno-inline -Wall -fvisibility=hidden  -DBOOST_ALL_NO_LIB=1 -DNDEBUG  -I"." -I"libs/filesystem/src"  -c -o "bin.v2/libs/filesystem/config/gcc-4.8/release/threading-multi/visibility-hidden/has_stat_st_mtimespec.o" "libs/filesystem/config/has_stat_st_mtimespec.cpp"

...failed gcc.compile.c++ bin.v2/libs/filesystem/config/gcc-4.8/release/threading-multi/visibility-hidden/has_stat_st_mtimespec.o...
...failed updating 1 target...
...found 2 targets...
...updating 1 target...
gcc.compile.c++ bin.v2/libs/filesystem/config/gcc-4.8/release/threading-multi/visibility-hidden/has_stat_st_birthtim.o
libs/filesystem/config/has_stat_st_birthtim.cpp: In function ‘int main()’:
libs/filesystem/config/has_stat_st_birthtim.cpp:17:8: error: ‘struct stat’ has no member named ‘st_birthtim’
     st.st_birthtim.tv_sec = 1;
        ^
libs/filesystem/config/has_stat_st_birthtim.cpp:18:8: error: ‘struct stat’ has no member named ‘st_birthtim’
     st.st_birthtim.tv_nsec = 10;
        ^

    "g++"   -fvisibility-inlines-hidden -fPIC -m64 -pthread -O3 -finline-functions -Wno-inline -Wall -fvisibility=hidden  -DBOOST_ALL_NO_LIB=1 -DNDEBUG  -I"." -I"libs/filesystem/src"  -c -o "bin.v2/libs/filesystem/config/gcc-4.8/release/threading-multi/visibility-hidden/has_stat_st_birthtim.o" "libs/filesystem/config/has_stat_st_birthtim.cpp"

...failed gcc.compile.c++ bin.v2/libs/filesystem/config/gcc-4.8/release/threading-multi/visibility-hidden/has_stat_st_birthtim.o...
...failed updating 1 target...
...found 2 targets...
...updating 1 target...
gcc.compile.c++ bin.v2/libs/filesystem/config/gcc-4.8/release/threading-multi/visibility-hidden/has_stat_st_birthtimensec.o
libs/filesystem/config/has_stat_st_birthtimensec.cpp: In function ‘int main()’:
libs/filesystem/config/has_stat_st_birthtimensec.cpp:17:8: error: ‘struct stat’ has no member named ‘st_birthtime’
     st.st_birthtime = 1;
        ^
libs/filesystem/config/has_stat_st_birthtimensec.cpp:18:8: error: ‘struct stat’ has no member named ‘st_birthtimensec’
     st.st_birthtimensec = 10;
        ^

    "g++"   -fvisibility-inlines-hidden -fPIC -m64 -pthread -O3 -finline-functions -Wno-inline -Wall -fvisibility=hidden  -DBOOST_ALL_NO_LIB=1 -DNDEBUG  -I"." -I"libs/filesystem/src"  -c -o "bin.v2/libs/filesystem/config/gcc-4.8/release/threading-multi/visibility-hidden/has_stat_st_birthtimensec.o" "libs/filesystem/config/has_stat_st_birthtimensec.cpp"

...failed gcc.compile.c++ bin.v2/libs/filesystem/config/gcc-4.8/release/threading-multi/visibility-hidden/has_stat_st_birthtimensec.o...
...failed updating 1 target...
...found 2 targets...
...updating 1 target...
gcc.compile.c++ bin.v2/libs/filesystem/config/gcc-4.8/release/threading-multi/visibility-hidden/has_stat_st_birthtimespec.o
libs/filesystem/config/has_stat_st_birthtimespec.cpp: In function ‘int main()’:
libs/filesystem/config/has_stat_st_birthtimespec.cpp:17:8: error: ‘struct stat’ has no member named ‘st_birthtimespec’
     st.st_birthtimespec.tv_sec = 1;
        ^
libs/filesystem/config/has_stat_st_birthtimespec.cpp:18:8: error: ‘struct stat’ has no member named ‘st_birthtimespec’
     st.st_birthtimespec.tv_nsec = 10;
        ^

    "g++"   -fvisibility-inlines-hidden -fPIC -m64 -pthread -O3 -finline-functions -Wno-inline -Wall -fvisibility=hidden  -DBOOST_ALL_NO_LIB=1 -DNDEBUG  -I"." -I"libs/filesystem/src"  -c -o "bin.v2/libs/filesystem/config/gcc-4.8/release/threading-multi/visibility-hidden/has_stat_st_birthtimespec.o" "libs/filesystem/config/has_stat_st_birthtimespec.cpp"

...failed gcc.compile.c++ bin.v2/libs/filesystem/config/gcc-4.8/release/threading-multi/visibility-hidden/has_stat_st_birthtimespec.o...
...failed updating 1 target...
...found 6 targets...
...updating 5 targets...
gcc.compile.c++ bin.v2/libs/config/checks/gcc-4.8/release/threading-multi/visibility-hidden/cxx11_auto_declarations.o
libs/config/checks/test_case.cpp:216:7: error: #error "Defect macro BOOST_NO_CXX11_AUTO_DECLARATIONS is defined."
 #     error "Defect macro BOOST_NO_CXX11_AUTO_DECLARATIONS is defined."
       ^

    "g++"   -fvisibility-inlines-hidden -fPIC -m64 -pthread -O3 -finline-functions -Wno-inline -Wall -fvisibility=hidden  -DBOOST_ALL_NO_LIB=1 -DNDEBUG -DTEST_BOOST_NO_CXX11_AUTO_DECLARATIONS  -I"."  -c -o "bin.v2/libs/config/checks/gcc-4.8/release/threading-multi/visibility-hidden/cxx11_auto_declarations.o" "libs/config/checks/test_case.cpp"

...failed gcc.compile.c++ bin.v2/libs/config/checks/gcc-4.8/release/threading-multi/visibility-hidden/cxx11_auto_declarations.o...
...failed updating 1 target...
...updated 4 targets...
...found 1 target...
...updating 1 target...
gcc.compile.c++ bin.v2/libs/config/checks/gcc-4.8/release/threading-multi/visibility-hidden/cxx11_constexpr.o
libs/config/checks/test_case.cpp:251:7: error: #error "Defect macro BOOST_NO_CXX11_CONSTEXPR is defined."
 #     error "Defect macro BOOST_NO_CXX11_CONSTEXPR is defined."
       ^

    "g++"   -fvisibility-inlines-hidden -fPIC -m64 -pthread -O3 -finline-functions -Wno-inline -Wall -fvisibility=hidden  -DBOOST_ALL_NO_LIB=1 -DNDEBUG -DTEST_BOOST_NO_CXX11_CONSTEXPR  -I"."  -c -o "bin.v2/libs/config/checks/gcc-4.8/release/threading-multi/visibility-hidden/cxx11_constexpr.o" "libs/config/checks/test_case.cpp"

...failed gcc.compile.c++ bin.v2/libs/config/checks/gcc-4.8/release/threading-multi/visibility-hidden/cxx11_constexpr.o...
...failed updating 1 target...
...found 1 target...
...updating 1 target...
gcc.compile.c++ bin.v2/libs/config/checks/gcc-4.8/release/threading-multi/visibility-hidden/cxx11_defaulted_functions.o
libs/config/checks/test_case.cpp:731:7: error: #error "Defect macro BOOST_NO_CXX11_DEFAULTED_FUNCTIONS is defined."
 #     error "Defect macro BOOST_NO_CXX11_DEFAULTED_FUNCTIONS is defined."
       ^

    "g++"   -fvisibility-inlines-hidden -fPIC -m64 -pthread -O3 -finline-functions -Wno-inline -Wall -fvisibility=hidden  -DBOOST_ALL_NO_LIB=1 -DNDEBUG -DTEST_BOOST_NO_CXX11_DEFAULTED_FUNCTIONS  -I"."  -c -o "bin.v2/libs/config/checks/gcc-4.8/release/threading-multi/visibility-hidden/cxx11_defaulted_functions.o" "libs/config/checks/test_case.cpp"

...failed gcc.compile.c++ bin.v2/libs/config/checks/gcc-4.8/release/threading-multi/visibility-hidden/cxx11_defaulted_functions.o...
...failed updating 1 target...
...found 1 target...
...updating 1 target...
gcc.compile.c++ bin.v2/libs/config/checks/gcc-4.8/release/threading-multi/visibility-hidden/cxx11_final.o
libs/config/checks/test_case.cpp:321:7: error: #error "Defect macro BOOST_NO_CXX11_FINAL is defined."
 #     error "Defect macro BOOST_NO_CXX11_FINAL is defined."
       ^

    "g++"   -fvisibility-inlines-hidden -fPIC -m64 -pthread -O3 -finline-functions -Wno-inline -Wall -fvisibility=hidden  -DBOOST_ALL_NO_LIB=1 -DNDEBUG -DTEST_BOOST_NO_CXX11_FINAL  -I"."  -c -o "bin.v2/libs/config/checks/gcc-4.8/release/threading-multi/visibility-hidden/cxx11_final.o" "libs/config/checks/test_case.cpp"

...failed gcc.compile.c++ bin.v2/libs/config/checks/gcc-4.8/release/threading-multi/visibility-hidden/cxx11_final.o...
...failed updating 1 target...
...found 1 target...
...updating 1 target...
gcc.compile.c++ bin.v2/libs/config/checks/gcc-4.8/release/threading-multi/visibility-hidden/cxx11_hdr_mutex.o
libs/config/checks/test_case.cpp:366:7: error: #error "Defect macro BOOST_NO_CXX11_HDR_MUTEX is defined."
 #     error "Defect macro BOOST_NO_CXX11_HDR_MUTEX is defined."
       ^

    "g++"   -fvisibility-inlines-hidden -fPIC -m64 -pthread -O3 -finline-functions -Wno-inline -Wall -fvisibility=hidden  -DBOOST_ALL_NO_LIB=1 -DNDEBUG -DTEST_BOOST_NO_CXX11_HDR_MUTEX  -I"."  -c -o "bin.v2/libs/config/checks/gcc-4.8/release/threading-multi/visibility-hidden/cxx11_hdr_mutex.o" "libs/config/checks/test_case.cpp"

...failed gcc.compile.c++ bin.v2/libs/config/checks/gcc-4.8/release/threading-multi/visibility-hidden/cxx11_hdr_mutex.o...
...failed updating 1 target...
...found 1 target...
...updating 1 target...
gcc.compile.c++ bin.v2/libs/config/checks/gcc-4.8/release/threading-multi/visibility-hidden/cxx11_hdr_tuple.o
libs/config/checks/test_case.cpp:396:7: error: #error "Defect macro BOOST_NO_CXX11_HDR_TUPLE is defined."
 #     error "Defect macro BOOST_NO_CXX11_HDR_TUPLE is defined."
       ^

    "g++"   -fvisibility-inlines-hidden -fPIC -m64 -pthread -O3 -finline-functions -Wno-inline -Wall -fvisibility=hidden  -DBOOST_ALL_NO_LIB=1 -DNDEBUG -DTEST_BOOST_NO_CXX11_HDR_TUPLE  -I"."  -c -o "bin.v2/libs/config/checks/gcc-4.8/release/threading-multi/visibility-hidden/cxx11_hdr_tuple.o" "libs/config/checks/test_case.cpp"

...failed gcc.compile.c++ bin.v2/libs/config/checks/gcc-4.8/release/threading-multi/visibility-hidden/cxx11_hdr_tuple.o...
...failed updating 1 target...
...found 1 target...
...updating 1 target...
gcc.compile.c++ bin.v2/libs/config/checks/gcc-4.8/release/threading-multi/visibility-hidden/cxx11_lambdas.o
libs/config/checks/test_case.cpp:836:7: error: #error "Defect macro BOOST_NO_CXX11_LAMBDAS is defined."
 #     error "Defect macro BOOST_NO_CXX11_LAMBDAS is defined."
       ^

    "g++"   -fvisibility-inlines-hidden -fPIC -m64 -pthread -O3 -finline-functions -Wno-inline -Wall -fvisibility=hidden  -DBOOST_ALL_NO_LIB=1 -DNDEBUG -DTEST_BOOST_NO_CXX11_LAMBDAS  -I"."  -c -o "bin.v2/libs/config/checks/gcc-4.8/release/threading-multi/visibility-hidden/cxx11_lambdas.o" "libs/config/checks/test_case.cpp"

...failed gcc.compile.c++ bin.v2/libs/config/checks/gcc-4.8/release/threading-multi/visibility-hidden/cxx11_lambdas.o...
...failed updating 1 target...
...found 1 target...
...updating 1 target...
gcc.compile.c++ bin.v2/libs/config/checks/gcc-4.8/release/threading-multi/visibility-hidden/cxx11_noexcept.o
libs/config/checks/test_case.cpp:891:7: error: #error "Defect macro BOOST_NO_CXX11_NOEXCEPT is defined."
 #     error "Defect macro BOOST_NO_CXX11_NOEXCEPT is defined."
       ^

    "g++"   -fvisibility-inlines-hidden -fPIC -m64 -pthread -O3 -finline-functions -Wno-inline -Wall -fvisibility=hidden  -DBOOST_ALL_NO_LIB=1 -DNDEBUG -DTEST_BOOST_NO_CXX11_NOEXCEPT  -I"."  -c -o "bin.v2/libs/config/checks/gcc-4.8/release/threading-multi/visibility-hidden/cxx11_noexcept.o" "libs/config/checks/test_case.cpp"

...failed gcc.compile.c++ bin.v2/libs/config/checks/gcc-4.8/release/threading-multi/visibility-hidden/cxx11_noexcept.o...
...failed updating 1 target...
...found 1 target...
...updating 1 target...
gcc.compile.c++ bin.v2/libs/config/checks/gcc-4.8/release/threading-multi/visibility-hidden/cxx11_nullptr.o
libs/config/checks/test_case.cpp:896:7: error: #error "Defect macro BOOST_NO_CXX11_NULLPTR is defined."
 #     error "Defect macro BOOST_NO_CXX11_NULLPTR is defined."
       ^

    "g++"   -fvisibility-inlines-hidden -fPIC -m64 -pthread -O3 -finline-functions -Wno-inline -Wall -fvisibility=hidden  -DBOOST_ALL_NO_LIB=1 -DNDEBUG -DTEST_BOOST_NO_CXX11_NULLPTR  -I"."  -c -o "bin.v2/libs/config/checks/gcc-4.8/release/threading-multi/visibility-hidden/cxx11_nullptr.o" "libs/config/checks/test_case.cpp"

...failed gcc.compile.c++ bin.v2/libs/config/checks/gcc-4.8/release/threading-multi/visibility-hidden/cxx11_nullptr.o...
...failed updating 1 target...
...found 1 target...
...updating 1 target...
gcc.compile.c++ bin.v2/libs/config/checks/gcc-4.8/release/threading-multi/visibility-hidden/cxx11_rvalue_references.o
libs/config/checks/test_case.cpp:951:7: error: #error "Defect macro BOOST_NO_CXX11_RVALUE_REFERENCES is defined."
 #     error "Defect macro BOOST_NO_CXX11_RVALUE_REFERENCES is defined."
       ^

    "g++"   -fvisibility-inlines-hidden -fPIC -m64 -pthread -O3 -finline-functions -Wno-inline -Wall -fvisibility=hidden  -DBOOST_ALL_NO_LIB=1 -DNDEBUG -DTEST_BOOST_NO_CXX11_RVALUE_REFERENCES  -I"."  -c -o "bin.v2/libs/config/checks/gcc-4.8/release/threading-multi/visibility-hidden/cxx11_rvalue_references.o" "libs/config/checks/test_case.cpp"

...failed gcc.compile.c++ bin.v2/libs/config/checks/gcc-4.8/release/threading-multi/visibility-hidden/cxx11_rvalue_references.o...
...failed updating 1 target...
...found 1 target...
...updating 1 target...
gcc.compile.c++ bin.v2/libs/config/checks/gcc-4.8/release/threading-multi/visibility-hidden/cxx11_template_aliases.o
libs/config/checks/test_case.cpp:1056:7: error: #error "Defect macro BOOST_NO_CXX11_TEMPLATE_ALIASES is defined."
 #     error "Defect macro BOOST_NO_CXX11_TEMPLATE_ALIASES is defined."
       ^

    "g++"   -fvisibility-inlines-hidden -fPIC -m64 -pthread -O3 -finline-functions -Wno-inline -Wall -fvisibility=hidden  -DBOOST_ALL_NO_LIB=1 -DNDEBUG -DTEST_BOOST_NO_CXX11_TEMPLATE_ALIASES  -I"."  -c -o "bin.v2/libs/config/checks/gcc-4.8/release/threading-multi/visibility-hidden/cxx11_template_aliases.o" "libs/config/checks/test_case.cpp"

...failed gcc.compile.c++ bin.v2/libs/config/checks/gcc-4.8/release/threading-multi/visibility-hidden/cxx11_template_aliases.o...
...failed updating 1 target...
...found 1 target...
...updating 1 target...
gcc.compile.c++ bin.v2/libs/config/checks/gcc-4.8/release/threading-multi/visibility-hidden/cxx11_thread_local.o
libs/config/checks/test_case.cpp:466:7: error: #error "Defect macro BOOST_NO_CXX11_THREAD_LOCAL is defined."
 #     error "Defect macro BOOST_NO_CXX11_THREAD_LOCAL is defined."
       ^

    "g++"   -fvisibility-inlines-hidden -fPIC -m64 -pthread -O3 -finline-functions -Wno-inline -Wall -fvisibility=hidden  -DBOOST_ALL_NO_LIB=1 -DNDEBUG -DTEST_BOOST_NO_CXX11_THREAD_LOCAL  -I"."  -c -o "bin.v2/libs/config/checks/gcc-4.8/release/threading-multi/visibility-hidden/cxx11_thread_local.o" "libs/config/checks/test_case.cpp"

...failed gcc.compile.c++ bin.v2/libs/config/checks/gcc-4.8/release/threading-multi/visibility-hidden/cxx11_thread_local.o...
...failed updating 1 target...
...found 1 target...
...updating 1 target...
gcc.compile.c++ bin.v2/libs/config/checks/gcc-4.8/release/threading-multi/visibility-hidden/cxx11_variadic_templates.o
libs/config/checks/test_case.cpp:1116:7: error: #error "Defect macro BOOST_NO_CXX11_VARIADIC_TEMPLATES is defined."
 #     error "Defect macro BOOST_NO_CXX11_VARIADIC_TEMPLATES is defined."
       ^

    "g++"   -fvisibility-inlines-hidden -fPIC -m64 -pthread -O3 -finline-functions -Wno-inline -Wall -fvisibility=hidden  -DBOOST_ALL_NO_LIB=1 -DNDEBUG -DTEST_BOOST_NO_CXX11_VARIADIC_TEMPLATES  -I"."  -c -o "bin.v2/libs/config/checks/gcc-4.8/release/threading-multi/visibility-hidden/cxx11_variadic_templates.o" "libs/config/checks/test_case.cpp"

...failed gcc.compile.c++ bin.v2/libs/config/checks/gcc-4.8/release/threading-multi/visibility-hidden/cxx11_variadic_templates.o...
...failed updating 1 target...
...found 252 targets...
...updating 8 targets...
gcc.compile.c++ bin.v2/libs/regex/build/gcc-4.8/release/threading-multi/visibility-hidden/has_icu_test.o
gcc.link bin.v2/libs/regex/build/gcc-4.8/release/threading-multi/visibility-hidden/has_icu
...updated 8 targets...
...found 10 targets...
...updating 8 targets...
gcc.compile.c++ bin.v2/standalone/ac/gcc-4.8/release/threading-multi/visibility-hidden/zlib_h.o
...updated 8 targets...
...found 5 targets...
...updating 3 targets...
gcc.compile.c++ bin.v2/standalone/ac/gcc-4.8/release/threading-multi/visibility-hidden/main-z.o
gcc.link bin.v2/standalone/ac/gcc-4.8/release/threading-multi/visibility-hidden/z
...updated 3 targets...
...found 4 targets...
...updating 2 targets...
gcc.compile.c++ bin.v2/standalone/ac/gcc-4.8/release/threading-multi/visibility-hidden/bzlib_h.o
...updated 2 targets...
...found 5 targets...
...updating 3 targets...
gcc.compile.c++ bin.v2/standalone/ac/gcc-4.8/release/threading-multi/visibility-hidden/main-bz2.o
gcc.link bin.v2/standalone/ac/gcc-4.8/release/threading-multi/visibility-hidden/bz2
...updated 3 targets...
...found 4 targets...
...updating 2 targets...
gcc.compile.c++ bin.v2/standalone/ac/gcc-4.8/release/threading-multi/visibility-hidden/lzma_h.o
...updated 2 targets...
...found 5 targets...
...updating 3 targets...
gcc.compile.c++ bin.v2/standalone/ac/gcc-4.8/release/threading-multi/visibility-hidden/main-lzma.o
gcc.link bin.v2/standalone/ac/gcc-4.8/release/threading-multi/visibility-hidden/lzma
...updated 3 targets...
...found 4 targets...
...updating 2 targets...
gcc.compile.c++ bin.v2/standalone/ac/gcc-4.8/release/threading-multi/visibility-hidden/zstd_h.o
bin.v2/standalone/ac/zstd_h.cpp:1:18: fatal error: zstd.h: No such file or directory
 #include <zstd.h>
                  ^
compilation terminated.

    "g++"   -fvisibility-inlines-hidden -fPIC -m64 -pthread -O3 -finline-functions -Wno-inline -Wall -fvisibility=hidden  -DNDEBUG    -c -o "bin.v2/standalone/ac/gcc-4.8/release/threading-multi/visibility-hidden/zstd_h.o" "bin.v2/standalone/ac/zstd_h.cpp"

...failed gcc.compile.c++ bin.v2/standalone/ac/gcc-4.8/release/threading-multi/visibility-hidden/zstd_h.o...
...failed updating 1 target...
...updated 1 target...
...found 5 targets...
...updating 3 targets...
gcc.compile.c++ bin.v2/standalone/ac/gcc-4.8/release/threading-multi/visibility-hidden/main-zstd.o
gcc.link bin.v2/standalone/ac/gcc-4.8/release/threading-multi/visibility-hidden/zstd
/bin/ld: cannot find -lzstd
collect2: error: ld returned 1 exit status

    "g++"    -o "bin.v2/standalone/ac/gcc-4.8/release/threading-multi/visibility-hidden/zstd" -Wl,--start-group "bin.v2/standalone/ac/gcc-4.8/release/threading-multi/visibility-hidden/main-zstd.o"  -Wl,-Bstatic  -Wl,-Bdynamic -lrt -lzstd -Wl,--end-group -fPIC -m64 -pthread -fvisibility=hidden -fvisibility-inlines-hidden 

...failed gcc.link bin.v2/standalone/ac/gcc-4.8/release/threading-multi/visibility-hidden/zstd...
...failed updating 1 target...
...updated 2 targets...
...found 5 targets...
...updating 3 targets...
gcc.compile.c++ bin.v2/standalone/ac/gcc-4.8/release/threading-multi/visibility-hidden/main-zstd_static.o
gcc.link bin.v2/standalone/ac/gcc-4.8/release/threading-multi/visibility-hidden/zstd_static
/bin/ld: cannot find -lzstd_static
collect2: error: ld returned 1 exit status

    "g++"    -o "bin.v2/standalone/ac/gcc-4.8/release/threading-multi/visibility-hidden/zstd_static" -Wl,--start-group "bin.v2/standalone/ac/gcc-4.8/release/threading-multi/visibility-hidden/main-zstd_static.o"  -Wl,-Bstatic  -Wl,-Bdynamic -lrt -lzstd_static -Wl,--end-group -fPIC -m64 -pthread -fvisibility=hidden -fvisibility-inlines-hidden 

...failed gcc.link bin.v2/standalone/ac/gcc-4.8/release/threading-multi/visibility-hidden/zstd_static...
...failed updating 1 target...
...updated 2 targets...
...found 5 targets...
...updating 3 targets...
gcc.compile.c++ bin.v2/standalone/ac/gcc-4.8/release/threading-multi/visibility-hidden/main-libzstd.o
gcc.link bin.v2/standalone/ac/gcc-4.8/release/threading-multi/visibility-hidden/libzstd
/bin/ld: cannot find -llibzstd
collect2: error: ld returned 1 exit status

    "g++"    -o "bin.v2/standalone/ac/gcc-4.8/release/threading-multi/visibility-hidden/libzstd" -Wl,--start-group "bin.v2/standalone/ac/gcc-4.8/release/threading-multi/visibility-hidden/main-libzstd.o"  -Wl,-Bstatic  -Wl,-Bdynamic -lrt -llibzstd -Wl,--end-group -fPIC -m64 -pthread -fvisibility=hidden -fvisibility-inlines-hidden 

...failed gcc.link bin.v2/standalone/ac/gcc-4.8/release/threading-multi/visibility-hidden/libzstd...
...failed updating 1 target...
...updated 2 targets...
...found 5 targets...
...updating 3 targets...
gcc.compile.c++ bin.v2/standalone/ac/gcc-4.8/release/threading-multi/visibility-hidden/main-libzstd_static.o
gcc.link bin.v2/standalone/ac/gcc-4.8/release/threading-multi/visibility-hidden/libzstd_static
/bin/ld: cannot find -llibzstd_static
collect2: error: ld returned 1 exit status

    "g++"    -o "bin.v2/standalone/ac/gcc-4.8/release/threading-multi/visibility-hidden/libzstd_static" -Wl,--start-group "bin.v2/standalone/ac/gcc-4.8/release/threading-multi/visibility-hidden/main-libzstd_static.o"  -Wl,-Bstatic  -Wl,-Bdynamic -lrt -llibzstd_static -Wl,--end-group -fPIC -m64 -pthread -fvisibility=hidden -fvisibility-inlines-hidden 

...failed gcc.link bin.v2/standalone/ac/gcc-4.8/release/threading-multi/visibility-hidden/libzstd_static...
...failed updating 1 target...
...updated 2 targets...
...found 5 targets...
...updating 5 targets...
gcc.compile.c++ bin.v2/standalone/ac/gcc-4.8/release/link-static/threading-multi/visibility-hidden/main-zstd.o
gcc.link bin.v2/standalone/ac/gcc-4.8/release/link-static/threading-multi/visibility-hidden/zstd
/bin/ld: cannot find -lzstd
collect2: error: ld returned 1 exit status

    "g++"    -o "bin.v2/standalone/ac/gcc-4.8/release/link-static/threading-multi/visibility-hidden/zstd" -Wl,--start-group "bin.v2/standalone/ac/gcc-4.8/release/link-static/threading-multi/visibility-hidden/main-zstd.o"  -Wl,-Bstatic -lzstd -Wl,-Bdynamic -lrt -Wl,--end-group -m64 -pthread -fvisibility=hidden -fvisibility-inlines-hidden 

...failed gcc.link bin.v2/standalone/ac/gcc-4.8/release/link-static/threading-multi/visibility-hidden/zstd...
...failed updating 1 target...
...updated 4 targets...
...found 2 targets...
...updating 2 targets...
gcc.compile.c++ bin.v2/standalone/ac/gcc-4.8/release/link-static/threading-multi/visibility-hidden/main-zstd_static.o
gcc.link bin.v2/standalone/ac/gcc-4.8/release/link-static/threading-multi/visibility-hidden/zstd_static
/bin/ld: cannot find -lzstd_static
collect2: error: ld returned 1 exit status

    "g++"    -o "bin.v2/standalone/ac/gcc-4.8/release/link-static/threading-multi/visibility-hidden/zstd_static" -Wl,--start-group "bin.v2/standalone/ac/gcc-4.8/release/link-static/threading-multi/visibility-hidden/main-zstd_static.o"  -Wl,-Bstatic -lzstd_static -Wl,-Bdynamic -lrt -Wl,--end-group -m64 -pthread -fvisibility=hidden -fvisibility-inlines-hidden 

...failed gcc.link bin.v2/standalone/ac/gcc-4.8/release/link-static/threading-multi/visibility-hidden/zstd_static...
...failed updating 1 target...
...updated 1 target...
...found 2 targets...
...updating 2 targets...
gcc.compile.c++ bin.v2/standalone/ac/gcc-4.8/release/link-static/threading-multi/visibility-hidden/main-libzstd.o
gcc.link bin.v2/standalone/ac/gcc-4.8/release/link-static/threading-multi/visibility-hidden/libzstd
/bin/ld: cannot find -llibzstd
collect2: error: ld returned 1 exit status

    "g++"    -o "bin.v2/standalone/ac/gcc-4.8/release/link-static/threading-multi/visibility-hidden/libzstd" -Wl,--start-group "bin.v2/standalone/ac/gcc-4.8/release/link-static/threading-multi/visibility-hidden/main-libzstd.o"  -Wl,-Bstatic -llibzstd -Wl,-Bdynamic -lrt -Wl,--end-group -m64 -pthread -fvisibility=hidden -fvisibility-inlines-hidden 

...failed gcc.link bin.v2/standalone/ac/gcc-4.8/release/link-static/threading-multi/visibility-hidden/libzstd...
...failed updating 1 target...
...updated 1 target...
...found 2 targets...
...updating 2 targets...
gcc.compile.c++ bin.v2/standalone/ac/gcc-4.8/release/link-static/threading-multi/visibility-hidden/main-libzstd_static.o
gcc.link bin.v2/standalone/ac/gcc-4.8/release/link-static/threading-multi/visibility-hidden/libzstd_static
/bin/ld: cannot find -llibzstd_static
collect2: error: ld returned 1 exit status

    "g++"    -o "bin.v2/standalone/ac/gcc-4.8/release/link-static/threading-multi/visibility-hidden/libzstd_static" -Wl,--start-group "bin.v2/standalone/ac/gcc-4.8/release/link-static/threading-multi/visibility-hidden/main-libzstd_static.o"  -Wl,-Bstatic -llibzstd_static -Wl,-Bdynamic -lrt -Wl,--end-group -m64 -pthread -fvisibility=hidden -fvisibility-inlines-hidden 

...failed gcc.link bin.v2/standalone/ac/gcc-4.8/release/link-static/threading-multi/visibility-hidden/libzstd_static...
...failed updating 1 target...
...updated 1 target...
...found 10 targets...
...updating 8 targets...
gcc.compile.c++ bin.v2/libs/iostreams/build/gcc-4.8/release/threading-multi/visibility-hidden/has_lzma_cputhreads.o
gcc.link bin.v2/libs/iostreams/build/gcc-4.8/release/threading-multi/visibility-hidden/has_lzma_cputhreads
...updated 8 targets...
...found 1 target...
...updating 1 target...
gcc.compile.c++ bin.v2/libs/config/checks/gcc-4.8/release/threading-multi/visibility-hidden/cxx11_decltype.o
libs/config/checks/test_case.cpp:716:7: error: #error "Defect macro BOOST_NO_CXX11_DECLTYPE is defined."
 #     error "Defect macro BOOST_NO_CXX11_DECLTYPE is defined."
       ^

    "g++"   -fvisibility-inlines-hidden -fPIC -m64 -pthread -O3 -finline-functions -Wno-inline -Wall -fvisibility=hidden  -DBOOST_ALL_NO_LIB=1 -DNDEBUG -DTEST_BOOST_NO_CXX11_DECLTYPE  -I"."  -c -o "bin.v2/libs/config/checks/gcc-4.8/release/threading-multi/visibility-hidden/cxx11_decltype.o" "libs/config/checks/test_case.cpp"

...failed gcc.compile.c++ bin.v2/libs/config/checks/gcc-4.8/release/threading-multi/visibility-hidden/cxx11_decltype.o...
...failed updating 1 target...
...found 7 targets...
...updating 6 targets...
gcc.compile.c++ bin.v2/libs/json/gcc-4.8/release/threading-multi/visibility-hidden/check_basic_alignas.o
libs/json/check/basic_alignas.cpp:7:8: error: expected constructor, destructor, or type conversion before ‘(’ token
 alignas(16) char test1[10];
        ^
libs/json/check/basic_alignas.cpp:8:17: error: expected constructor, destructor, or type conversion before ‘char’
 alignas(double) char test2[10];
                 ^
libs/json/check/basic_alignas.cpp:9:22: error: expected constructor, destructor, or type conversion before ‘char’
 alignas(some_struct) char test3[10];
                      ^

    "g++"   -fvisibility-inlines-hidden -fPIC -m64 -pthread -O3 -finline-functions -Wno-inline -Wall -fvisibility=hidden  -DBOOST_ALL_NO_LIB=1 -DNDEBUG  -I"."  -c -o "bin.v2/libs/json/gcc-4.8/release/threading-multi/visibility-hidden/check_basic_alignas.o" "libs/json/check/basic_alignas.cpp"

...failed gcc.compile.c++ bin.v2/libs/json/gcc-4.8/release/threading-multi/visibility-hidden/check_basic_alignas.o...
...failed updating 1 target...
...updated 5 targets...
...found 10 targets...
...updating 8 targets...
gcc.compile.c++ bin.v2/libs/locale/build/gcc-4.8/release/threading-multi/visibility-hidden/has_iconv_libc_obj.o
gcc.link bin.v2/libs/locale/build/gcc-4.8/release/threading-multi/visibility-hidden/has_iconv
...updated 8 targets...
...found 8 targets...
...updating 2 targets...
gcc.compile.c++ bin.v2/libs/locale/build/gcc-4.8/release/threading-multi/visibility-hidden/has_icu_obj.o
libs/locale/src/../build/has_icu_test.cpp: In function ‘int main()’:
libs/locale/src/../build/has_icu_test.cpp:26:12: warning: unused variable ‘c’ [-Wunused-variable]
    UChar32 c = ::u_charFromName(U_UNICODE_CHAR_NAME, "GREEK SMALL LETTER ALPHA", &err);
            ^
gcc.link bin.v2/libs/locale/build/gcc-4.8/release/threading-multi/visibility-hidden/has_icu
...updated 2 targets...
...found 11 targets...
...updating 9 targets...
gcc.compile.c++ bin.v2/libs/log/config/atomic-int32/gcc-4.8/release/pch-off/threading-multi/visibility-hidden/atomic_int32.o
...updated 9 targets...
...found 9 targets...
...updating 7 targets...
gcc.compile.c++ bin.v2/libs/log/config/native-syslog/gcc-4.8/release/pch-off/threading-multi/visibility-hidden/native_syslog.o
...updated 7 targets...
...found 8 targets...
...updating 7 targets...
gcc.compile.c++ bin.v2/libs/log/config/pthread-mutex-robust/gcc-4.8/release/pch-off/threading-multi/visibility-hidden/pthread_mutex_robust.o
...updated 7 targets...
...found 9 targets...
...updating 7 targets...
gcc.compile.c++ bin.v2/libs/log/config/x86-ext/gcc-4.8/release/pch-off/threading-multi/visibility-hidden/ssse3.o
...updated 7 targets...
...found 3 targets...
...updating 1 target...
gcc.compile.c++ bin.v2/libs/log/config/x86-ext/gcc-4.8/release/pch-off/threading-multi/visibility-hidden/avx2.o
...updated 1 target...
...found 8 targets...
...updating 7 targets...
gcc.compile.c++ bin.v2/libs/math/config/gcc-4.8/release/threading-multi/visibility-hidden/has_gcc_visibility.o
...updated 7 targets...
...found 1 target...
...updating 1 target...
gcc.compile.c++ bin.v2/libs/config/checks/gcc-4.8/release/threading-multi/visibility-hidden/sfinae_expr.o
...updated 1 target...
...found 1 target...
...updating 1 target...
gcc.compile.c++ bin.v2/libs/config/checks/gcc-4.8/release/threading-multi/visibility-hidden/cxx11_unified_initialization_syntax.o
libs/config/checks/test_case.cpp:1091:7: error: #error "Defect macro BOOST_NO_CXX11_UNIFIED_INITIALIZATION_SYNTAX is defined."
 #     error "Defect macro BOOST_NO_CXX11_UNIFIED_INITIALIZATION_SYNTAX is defined."
       ^

    "g++"   -fvisibility-inlines-hidden -fPIC -m64 -pthread -O3 -finline-functions -Wno-inline -Wall -fvisibility=hidden  -DBOOST_ALL_NO_LIB=1 -DNDEBUG -DTEST_BOOST_NO_CXX11_UNIFIED_INITIALIZATION_SYNTAX  -I"."  -c -o "bin.v2/libs/config/checks/gcc-4.8/release/threading-multi/visibility-hidden/cxx11_unified_initialization_syntax.o" "libs/config/checks/test_case.cpp"

...failed gcc.compile.c++ bin.v2/libs/config/checks/gcc-4.8/release/threading-multi/visibility-hidden/cxx11_unified_initialization_syntax.o...
...failed updating 1 target...
...found 1 target...
...updating 1 target...
gcc.compile.c++ bin.v2/libs/config/checks/gcc-4.8/release/threading-multi/visibility-hidden/cxx11_hdr_initializer_list.o
libs/config/checks/test_case.cpp:361:7: error: #error "Defect macro BOOST_NO_CXX11_HDR_INITIALIZER_LIST is defined."
 #     error "Defect macro BOOST_NO_CXX11_HDR_INITIALIZER_LIST is defined."
       ^

    "g++"   -fvisibility-inlines-hidden -fPIC -m64 -pthread -O3 -finline-functions -Wno-inline -Wall -fvisibility=hidden  -DBOOST_ALL_NO_LIB=1 -DNDEBUG -DTEST_BOOST_NO_CXX11_HDR_INITIALIZER_LIST  -I"."  -c -o "bin.v2/libs/config/checks/gcc-4.8/release/threading-multi/visibility-hidden/cxx11_hdr_initializer_list.o" "libs/config/checks/test_case.cpp"

...failed gcc.compile.c++ bin.v2/libs/config/checks/gcc-4.8/release/threading-multi/visibility-hidden/cxx11_hdr_initializer_list.o...
...failed updating 1 target...
...found 1 target...
...updating 1 target...
gcc.compile.c++ bin.v2/libs/config/checks/gcc-4.8/release/threading-multi/visibility-hidden/cxx11_hdr_chrono.o
libs/config/checks/test_case.cpp:336:7: error: #error "Defect macro BOOST_NO_CXX11_HDR_CHRONO is defined."
 #     error "Defect macro BOOST_NO_CXX11_HDR_CHRONO is defined."
       ^

    "g++"   -fvisibility-inlines-hidden -fPIC -m64 -pthread -O3 -finline-functions -Wno-inline -Wall -fvisibility=hidden  -DBOOST_ALL_NO_LIB=1 -DNDEBUG -DTEST_BOOST_NO_CXX11_HDR_CHRONO  -I"."  -c -o "bin.v2/libs/config/checks/gcc-4.8/release/threading-multi/visibility-hidden/cxx11_hdr_chrono.o" "libs/config/checks/test_case.cpp"

...failed gcc.compile.c++ bin.v2/libs/config/checks/gcc-4.8/release/threading-multi/visibility-hidden/cxx11_hdr_chrono.o...
...failed updating 1 target...
...found 1 target...
...updating 1 target...
gcc.compile.c++ bin.v2/libs/config/checks/gcc-4.8/release/threading-multi/visibility-hidden/cxx11_numeric_limits.o
libs/config/checks/test_case.cpp:431:7: error: #error "Defect macro BOOST_NO_CXX11_NUMERIC_LIMITS is defined."
 #     error "Defect macro BOOST_NO_CXX11_NUMERIC_LIMITS is defined."
       ^

    "g++"   -fvisibility-inlines-hidden -fPIC -m64 -pthread -O3 -finline-functions -Wno-inline -Wall -fvisibility=hidden  -DBOOST_ALL_NO_LIB=1 -DNDEBUG -DTEST_BOOST_NO_CXX11_NUMERIC_LIMITS  -I"."  -c -o "bin.v2/libs/config/checks/gcc-4.8/release/threading-multi/visibility-hidden/cxx11_numeric_limits.o" "libs/config/checks/test_case.cpp"

...failed gcc.compile.c++ bin.v2/libs/config/checks/gcc-4.8/release/threading-multi/visibility-hidden/cxx11_numeric_limits.o...
...failed updating 1 target...
...found 1 target...
...updating 1 target...
gcc.compile.c++ bin.v2/libs/config/checks/gcc-4.8/release/threading-multi/visibility-hidden/cxx11_hdr_array.o
libs/config/checks/test_case.cpp:326:7: error: #error "Defect macro BOOST_NO_CXX11_HDR_ARRAY is defined."
 #     error "Defect macro BOOST_NO_CXX11_HDR_ARRAY is defined."
       ^

    "g++"   -fvisibility-inlines-hidden -fPIC -m64 -pthread -O3 -finline-functions -Wno-inline -Wall -fvisibility=hidden  -DBOOST_ALL_NO_LIB=1 -DNDEBUG -DTEST_BOOST_NO_CXX11_HDR_ARRAY  -I"."  -c -o "bin.v2/libs/config/checks/gcc-4.8/release/threading-multi/visibility-hidden/cxx11_hdr_array.o" "libs/config/checks/test_case.cpp"

...failed gcc.compile.c++ bin.v2/libs/config/checks/gcc-4.8/release/threading-multi/visibility-hidden/cxx11_hdr_array.o...
...failed updating 1 target...
...found 1 target...
...updating 1 target...
gcc.compile.c++ bin.v2/libs/config/checks/gcc-4.8/release/threading-multi/visibility-hidden/cxx11_hdr_atomic.o
libs/config/checks/test_case.cpp:331:7: error: #error "Defect macro BOOST_NO_CXX11_HDR_ATOMIC is defined."
 #     error "Defect macro BOOST_NO_CXX11_HDR_ATOMIC is defined."
       ^

    "g++"   -fvisibility-inlines-hidden -fPIC -m64 -pthread -O3 -finline-functions -Wno-inline -Wall -fvisibility=hidden  -DBOOST_ALL_NO_LIB=1 -DNDEBUG -DTEST_BOOST_NO_CXX11_HDR_ATOMIC  -I"."  -c -o "bin.v2/libs/config/checks/gcc-4.8/release/threading-multi/visibility-hidden/cxx11_hdr_atomic.o" "libs/config/checks/test_case.cpp"

...failed gcc.compile.c++ bin.v2/libs/config/checks/gcc-4.8/release/threading-multi/visibility-hidden/cxx11_hdr_atomic.o...
...failed updating 1 target...
...found 1 target...
...updating 1 target...
gcc.compile.c++ bin.v2/libs/config/checks/gcc-4.8/release/threading-multi/visibility-hidden/cxx11_hdr_type_traits.o
libs/config/checks/test_case.cpp:401:7: error: #error "Defect macro BOOST_NO_CXX11_HDR_TYPE_TRAITS is defined."
 #     error "Defect macro BOOST_NO_CXX11_HDR_TYPE_TRAITS is defined."
       ^

    "g++"   -fvisibility-inlines-hidden -fPIC -m64 -pthread -O3 -finline-functions -Wno-inline -Wall -fvisibility=hidden  -DBOOST_ALL_NO_LIB=1 -DNDEBUG -DTEST_BOOST_NO_CXX11_HDR_TYPE_TRAITS  -I"."  -c -o "bin.v2/libs/config/checks/gcc-4.8/release/threading-multi/visibility-hidden/cxx11_hdr_type_traits.o" "libs/config/checks/test_case.cpp"

...failed gcc.compile.c++ bin.v2/libs/config/checks/gcc-4.8/release/threading-multi/visibility-hidden/cxx11_hdr_type_traits.o...
...failed updating 1 target...
...found 1 target...
...updating 1 target...
gcc.compile.c++ bin.v2/libs/config/checks/gcc-4.8/release/threading-multi/visibility-hidden/cxx11_allocator.o
libs/config/checks/test_case.cpp:301:7: error: #error "Defect macro BOOST_NO_CXX11_ALLOCATOR is defined."
 #     error "Defect macro BOOST_NO_CXX11_ALLOCATOR is defined."
       ^

    "g++"   -fvisibility-inlines-hidden -fPIC -m64 -pthread -O3 -finline-functions -Wno-inline -Wall -fvisibility=hidden  -DBOOST_ALL_NO_LIB=1 -DNDEBUG -DTEST_BOOST_NO_CXX11_ALLOCATOR  -I"."  -c -o "bin.v2/libs/config/checks/gcc-4.8/release/threading-multi/visibility-hidden/cxx11_allocator.o" "libs/config/checks/test_case.cpp"

...failed gcc.compile.c++ bin.v2/libs/config/checks/gcc-4.8/release/threading-multi/visibility-hidden/cxx11_allocator.o...
...failed updating 1 target...
...found 1 target...
...updating 1 target...
gcc.compile.c++ bin.v2/libs/config/checks/gcc-4.8/release/threading-multi/visibility-hidden/cxx11_explicit_conversion_operators.o
libs/config/checks/test_case.cpp:766:7: error: #error "Defect macro BOOST_NO_CXX11_EXPLICIT_CONVERSION_OPERATORS is defined."
 #     error "Defect macro BOOST_NO_CXX11_EXPLICIT_CONVERSION_OPERATORS is defined."
       ^

    "g++"   -fvisibility-inlines-hidden -fPIC -m64 -pthread -O3 -finline-functions -Wno-inline -Wall -fvisibility=hidden  -DBOOST_ALL_NO_LIB=1 -DNDEBUG -DTEST_BOOST_NO_CXX11_EXPLICIT_CONVERSION_OPERATORS  -I"."  -c -o "bin.v2/libs/config/checks/gcc-4.8/release/threading-multi/visibility-hidden/cxx11_explicit_conversion_operators.o" "libs/config/checks/test_case.cpp"

...failed gcc.compile.c++ bin.v2/libs/config/checks/gcc-4.8/release/threading-multi/visibility-hidden/cxx11_explicit_conversion_operators.o...
...failed updating 1 target...
...found 1 target...
...updating 1 target...
gcc.compile.c++ bin.v2/libs/config/checks/gcc-4.8/release/threading-multi/visibility-hidden/cxx11_static_assert.o
libs/config/checks/test_case.cpp:976:7: error: #error "Defect macro BOOST_NO_CXX11_STATIC_ASSERT is defined."
 #     error "Defect macro BOOST_NO_CXX11_STATIC_ASSERT is defined."
       ^

    "g++"   -fvisibility-inlines-hidden -fPIC -m64 -pthread -O3 -finline-functions -Wno-inline -Wall -fvisibility=hidden  -DBOOST_ALL_NO_LIB=1 -DNDEBUG -DTEST_BOOST_NO_CXX11_STATIC_ASSERT  -I"."  -c -o "bin.v2/libs/config/checks/gcc-4.8/release/threading-multi/visibility-hidden/cxx11_static_assert.o" "libs/config/checks/test_case.cpp"

...failed gcc.compile.c++ bin.v2/libs/config/checks/gcc-4.8/release/threading-multi/visibility-hidden/cxx11_static_assert.o...
...failed updating 1 target...
...found 9 targets...
...updating 7 targets...
gcc.compile.c++ bin.v2/libs/nowide/config/gcc-4.8/release/threading-multi/visibility-hidden/cxx11_moveable_fstreams.o
libs/nowide/config/check_movable_fstreams.cpp: In function ‘void check()’:
libs/nowide/config/check_movable_fstreams.cpp:16:8: error: ‘std::fstream’ has no member named ‘swap’
     s1.swap(s2);
        ^
libs/nowide/config/check_movable_fstreams.cpp:17:10: error: ‘move’ is not a member of ‘std’
     s2 = std::move(s1);
          ^

    "g++"   -fvisibility-inlines-hidden -fPIC -m64 -pthread -O3 -finline-functions -Wno-inline -Wall -fvisibility=hidden  -DBOOST_ALL_NO_LIB=1 -DNDEBUG  -I"."  -c -o "bin.v2/libs/nowide/config/gcc-4.8/release/threading-multi/visibility-hidden/cxx11_moveable_fstreams.o" "libs/nowide/config/check_movable_fstreams.cpp"

...failed gcc.compile.c++ bin.v2/libs/nowide/config/gcc-4.8/release/threading-multi/visibility-hidden/cxx11_moveable_fstreams.o...
...failed updating 1 target...
...updated 6 targets...
...found 4 targets...
...updating 2 targets...
gcc.compile.c++ bin.v2/libs/nowide/config/gcc-4.8/release/threading-multi/visibility-hidden/check_lfs_support.o
libs/nowide/config/check_lfs_support.cpp:29:5: warning: identifier ‘nullptr’ is a keyword in C++11 [-Wc++0x-compat]
     check(nullptr);
     ^
libs/nowide/config/check_lfs_support.cpp: In function ‘int main()’:
libs/nowide/config/check_lfs_support.cpp:29:11: error: ‘nullptr’ was not declared in this scope
     check(nullptr);
           ^

    "g++"   -fvisibility-inlines-hidden -fPIC -m64 -pthread -O3 -finline-functions -Wno-inline -Wall -fvisibility=hidden  -DBOOST_ALL_NO_LIB=1 -DNDEBUG  -I"."  -c -o "bin.v2/libs/nowide/config/gcc-4.8/release/threading-multi/visibility-hidden/check_lfs_support.o" "libs/nowide/config/check_lfs_support.cpp"

...failed gcc.compile.c++ bin.v2/libs/nowide/config/gcc-4.8/release/threading-multi/visibility-hidden/check_lfs_support.o...
...skipped <pbin.v2/libs/nowide/config/gcc-4.8/release/threading-multi/visibility-hidden>lfs_support for lack of <pbin.v2/libs/nowide/config/gcc-4.8/release/threading-multi/visibility-hidden>check_lfs_support.o...
...failed updating 1 target...
...skipped 1 target...
...found 2 targets...
...updating 1 target...
gcc.compile.c++ bin.v2/libs/nowide/config/gcc-4.8/release/threading-multi/visibility-hidden/attribute_init_priority.o
...updated 1 target...
...found 12 targets...
...updating 9 targets...
gcc.compile.c++ bin.v2/libs/stacktrace/build/gcc-4.8/release/threading-multi/visibility-hidden/has_backtrace.o
libs/stacktrace/build/has_backtrace.cpp:7:23: fatal error: backtrace.h: No such file or directory
 #include <backtrace.h>
                       ^
compilation terminated.

    "g++"   -fvisibility-inlines-hidden -fPIC -m64 -pthread -O3 -finline-functions -Wno-inline -Wall -fvisibility=hidden  -DBOOST_ALL_NO_LIB=1 -DNDEBUG  -I"."  -c -o "bin.v2/libs/stacktrace/build/gcc-4.8/release/threading-multi/visibility-hidden/has_backtrace.o" "libs/stacktrace/build/has_backtrace.cpp"

...failed gcc.compile.c++ bin.v2/libs/stacktrace/build/gcc-4.8/release/threading-multi/visibility-hidden/has_backtrace.o...
...skipped <pbin.v2/libs/stacktrace/build/gcc-4.8/release/threading-multi/visibility-hidden>libbacktrace_exe for lack of <pbin.v2/libs/stacktrace/build/gcc-4.8/release/threading-multi/visibility-hidden>has_backtrace.o...
...skipped <pbin.v2/libs/stacktrace/build/gcc-4.8/release/threading-multi/visibility-hidden>libbacktrace.output for lack of <pbin.v2/libs/stacktrace/build/gcc-4.8/release/threading-multi/visibility-hidden>libbacktrace_exe...
...failed updating 1 target...
...skipped 2 targets...
...updated 6 targets...
...found 5 targets...
...updating 3 targets...
gcc.compile.c++ bin.v2/libs/stacktrace/build/gcc-4.8/release/threading-multi/visibility-hidden/has_addr2line.o
gcc.link bin.v2/libs/stacktrace/build/gcc-4.8/release/threading-multi/visibility-hidden/addr2line_exe
Jamfile</data1/devojyoti/PhD/P-AIRCARS/libraries/boost_1_77_0/libs/stacktrace/build>.mp_simple_run_action bin.v2/libs/stacktrace/build/gcc-4.8/release/threading-multi/visibility-hidden/addr2line.output
...updated 3 targets...
...found 5 targets...
...updating 3 targets...
gcc.compile.c++ bin.v2/libs/stacktrace/build/gcc-4.8/release/threading-multi/visibility-hidden/has_windbg.o
libs/stacktrace/build/has_windbg.cpp:8:21: fatal error: windows.h: No such file or directory
 #include <windows.h>
                     ^
compilation terminated.

    "g++"   -fvisibility-inlines-hidden -fPIC -m64 -pthread -O3 -finline-functions -Wno-inline -Wall -fvisibility=hidden  -DBOOST_ALL_NO_LIB=1 -DNDEBUG  -I"."  -c -o "bin.v2/libs/stacktrace/build/gcc-4.8/release/threading-multi/visibility-hidden/has_windbg.o" "libs/stacktrace/build/has_windbg.cpp"

...failed gcc.compile.c++ bin.v2/libs/stacktrace/build/gcc-4.8/release/threading-multi/visibility-hidden/has_windbg.o...
...skipped <pbin.v2/libs/stacktrace/build/gcc-4.8/release/threading-multi/visibility-hidden>WinDbg_exe for lack of <pbin.v2/libs/stacktrace/build/gcc-4.8/release/threading-multi/visibility-hidden>has_windbg.o...
...skipped <pbin.v2/libs/stacktrace/build/gcc-4.8/release/threading-multi/visibility-hidden>WinDbg.output for lack of <pbin.v2/libs/stacktrace/build/gcc-4.8/release/threading-multi/visibility-hidden>WinDbg_exe...
...failed updating 1 target...
...skipped 2 targets...
...found 4 targets...
...updating 3 targets...
gcc.compile.c++ bin.v2/libs/stacktrace/build/gcc-4.8/release/threading-multi/visibility-hidden/has_windbg_cached.o
libs/stacktrace/build/has_windbg_cached.cpp:11:21: fatal error: windows.h: No such file or directory
 #include <windows.h>
                     ^
compilation terminated.

    "g++"   -fvisibility-inlines-hidden -fPIC -m64 -pthread -O3 -finline-functions -Wno-inline -Wall -fvisibility=hidden  -DBOOST_ALL_NO_LIB=1 -DNDEBUG  -I"."  -c -o "bin.v2/libs/stacktrace/build/gcc-4.8/release/threading-multi/visibility-hidden/has_windbg_cached.o" "libs/stacktrace/build/has_windbg_cached.cpp"

...failed gcc.compile.c++ bin.v2/libs/stacktrace/build/gcc-4.8/release/threading-multi/visibility-hidden/has_windbg_cached.o...
...skipped <pbin.v2/libs/stacktrace/build/gcc-4.8/release/threading-multi/visibility-hidden>WinDbgCached_exe for lack of <pbin.v2/libs/stacktrace/build/gcc-4.8/release/threading-multi/visibility-hidden>has_windbg_cached.o...
...skipped <pbin.v2/libs/stacktrace/build/gcc-4.8/release/threading-multi/visibility-hidden>WinDbgCached.output for lack of <pbin.v2/libs/stacktrace/build/gcc-4.8/release/threading-multi/visibility-hidden>WinDbgCached_exe...
...failed updating 1 target...
...skipped 2 targets...
...found 165 targets...
...updating 7 targets...
gcc.compile.c++ bin.v2/check/predef/gcc-4.8/release/threading-multi/visibility-hidden/predef_check_cc_09a06289f4560e2f553bb0cbbec71436.o
...updated 7 targets...
...found 4 targets...
...updating 4 targets...
gcc.compile.c++ bin.v2/check/predef/gcc-4.8/release/link-static/threading-multi/visibility-hidden/predef_check_cc_09a06289f4560e2f553bb0cbbec71436.o
...updated 4 targets...
...found 4 targets...
...updating 4 targets...
gcc.compile.c++ bin.v2/libs/atomic/config/gcc-4.8/release/link-static/threading-multi/visibility-hidden/has_sse2.o
...updated 4 targets...
...found 1 target...
...updating 1 target...
gcc.compile.c++ bin.v2/libs/atomic/config/gcc-4.8/release/link-static/threading-multi/visibility-hidden/has_sse41.o
...updated 1 target...
...found 5 targets...
...updating 5 targets...
gcc.compile.c++ bin.v2/libs/thread/build/gcc-4.8/release/link-static/threading-multi/visibility-hidden/has_atomic_flag_lockfree_test.o
gcc.link bin.v2/libs/thread/build/gcc-4.8/release/link-static/threading-multi/visibility-hidden/has_atomic_flag_lockfree
...updated 5 targets...
...found 4 targets...
...updating 4 targets...
gcc.compile.c++ bin.v2/libs/filesystem/config/gcc-4.8/release/link-static/threading-multi/visibility-hidden/has_cxx20_atomic_ref.o
In file included from /usr/include/c++/4.8.2/atomic:38:0,
                 from libs/filesystem/config/has_cxx20_atomic_ref.cpp:8:
/usr/include/c++/4.8.2/bits/c++0x_warning.h:32:2: error: #error This file requires compiler and library support for the ISO C++ 2011 standard. This support is currently experimental, and must be enabled with the -std=c++11 or -std=gnu++11 compiler options.
 #error This file requires compiler and library support for the \
  ^
In file included from /usr/include/c++/4.8.2/atomic:41:0,
                 from libs/filesystem/config/has_cxx20_atomic_ref.cpp:8:
/usr/include/c++/4.8.2/bits/atomic_base.h:70:3: error: ‘constexpr’ does not name a type
   constexpr memory_order
   ^
/usr/include/c++/4.8.2/bits/atomic_base.h:70:3: note: C++11 ‘constexpr’ only available with -std=c++11 or -std=gnu++11
/usr/include/c++/4.8.2/bits/atomic_base.h:76:3: error: ‘constexpr’ does not name a type
   constexpr memory_order
   ^
/usr/include/c++/4.8.2/bits/atomic_base.h:76:3: note: C++11 ‘constexpr’ only available with -std=c++11 or -std=gnu++11
/usr/include/c++/4.8.2/bits/atomic_base.h:83:3: error: ‘constexpr’ does not name a type
   constexpr memory_order
   ^
/usr/include/c++/4.8.2/bits/atomic_base.h:83:3: note: C++11 ‘constexpr’ only available with -std=c++11 or -std=gnu++11
/usr/include/c++/4.8.2/bits/atomic_base.h:90:3: error: ‘constexpr’ does not name a type
   constexpr memory_order
   ^
/usr/include/c++/4.8.2/bits/atomic_base.h:90:3: note: C++11 ‘constexpr’ only available with -std=c++11 or -std=gnu++11
/usr/include/c++/4.8.2/bits/atomic_base.h:98:41: error: expected initializer before ‘noexcept’
   atomic_thread_fence(memory_order __m) noexcept
                                         ^
/usr/include/c++/4.8.2/bits/atomic_base.h:102:41: error: expected initializer before ‘noexcept’
   atomic_signal_fence(memory_order __m) noexcept
                                         ^
/usr/include/c++/4.8.2/bits/atomic_base.h:108:30: error: expected initializer before ‘noexcept’
     kill_dependency(_Tp __y) noexcept
                              ^
/usr/include/c++/4.8.2/bits/atomic_base.h:156:25: error: ‘char16_t’ was not declared in this scope
   typedef __atomic_base<char16_t>    atomic_char16_t;
                         ^
/usr/include/c++/4.8.2/bits/atomic_base.h:156:33: error: template argument 1 is invalid
   typedef __atomic_base<char16_t>    atomic_char16_t;
                                 ^
/usr/include/c++/4.8.2/bits/atomic_base.h:156:53: error: invalid type in declaration before ‘;’ token
   typedef __atomic_base<char16_t>    atomic_char16_t;
                                                     ^
/usr/include/c++/4.8.2/bits/atomic_base.h:159:25: error: ‘char32_t’ was not declared in this scope
   typedef __atomic_base<char32_t>    atomic_char32_t;
                         ^
/usr/include/c++/4.8.2/bits/atomic_base.h:159:33: error: template argument 1 is invalid
   typedef __atomic_base<char32_t>    atomic_char32_t;
                                 ^
/usr/include/c++/4.8.2/bits/atomic_base.h:159:53: error: invalid type in declaration before ‘;’ token
   typedef __atomic_base<char32_t>    atomic_char32_t;
                                                     ^
/usr/include/c++/4.8.2/bits/atomic_base.h:162:25: error: ‘char32_t’ was not declared in this scope
   typedef __atomic_base<char32_t>    atomic_char32_t;
                         ^
/usr/include/c++/4.8.2/bits/atomic_base.h:162:33: error: template argument 1 is invalid
   typedef __atomic_base<char32_t>    atomic_char32_t;
                                 ^
/usr/include/c++/4.8.2/bits/atomic_base.h:162:53: error: invalid type in declaration before ‘;’ token
   typedef __atomic_base<char32_t>    atomic_char32_t;
                                                     ^
/usr/include/c++/4.8.2/bits/atomic_base.h:273:17: error: expected ‘;’ at end of member declaration
     atomic_flag() noexcept = default;
                 ^
/usr/include/c++/4.8.2/bits/atomic_base.h:273:19: error: ‘noexcept’ does not name a type
     atomic_flag() noexcept = default;
                   ^
/usr/include/c++/4.8.2/bits/atomic_base.h:274:18: error: expected ‘;’ at end of member declaration
     ~atomic_flag() noexcept = default;
                  ^
/usr/include/c++/4.8.2/bits/atomic_base.h:274:20: error: ‘noexcept’ does not name a type
     ~atomic_flag() noexcept = default;
                    ^
/usr/include/c++/4.8.2/bits/atomic_base.h:280:5: error: ‘constexpr’ does not name a type
     constexpr atomic_flag(bool __i) noexcept
     ^
/usr/include/c++/4.8.2/bits/atomic_base.h:280:5: note: C++11 ‘constexpr’ only available with -std=c++11 or -std=gnu++11
/usr/include/c++/4.8.2/bits/atomic_base.h:282:5: error: expected unqualified-id before ‘{’ token
     { }
     ^
/usr/include/c++/4.8.2/bits/atomic_base.h:285:57: error: expected ‘;’ at end of member declaration
     test_and_set(memory_order __m = memory_order_seq_cst) noexcept
                                                         ^
/usr/include/c++/4.8.2/bits/atomic_base.h:285:59: error: ‘noexcept’ does not name a type
     test_and_set(memory_order __m = memory_order_seq_cst) noexcept
                                                           ^
/usr/include/c++/4.8.2/bits/atomic_base.h:291:59: error: expected ‘;’ at end of member declaration
     test_and_set(memory_order __m = memory_order_seq_cst) volatile noexcept
                                                           ^
/usr/include/c++/4.8.2/bits/atomic_base.h:291:68: error: ‘noexcept’ does not name a type
     test_and_set(memory_order __m = memory_order_seq_cst) volatile noexcept
                                                                    ^
/usr/include/c++/4.8.2/bits/atomic_base.h:297:50: error: expected ‘;’ at end of member declaration
     clear(memory_order __m = memory_order_seq_cst) noexcept
                                                  ^
/usr/include/c++/4.8.2/bits/atomic_base.h:297:52: error: ‘noexcept’ does not name a type
     clear(memory_order __m = memory_order_seq_cst) noexcept
                                                    ^
/usr/include/c++/4.8.2/bits/atomic_base.h:308:52: error: expected ‘;’ at end of member declaration
     clear(memory_order __m = memory_order_seq_cst) volatile noexcept
                                                    ^
/usr/include/c++/4.8.2/bits/atomic_base.h:308:61: error: ‘noexcept’ does not name a type
     clear(memory_order __m = memory_order_seq_cst) volatile noexcept
                                                             ^
/usr/include/c++/4.8.2/bits/atomic_base.h:319:12: error: ‘constexpr’ does not name a type
     static constexpr __atomic_flag_data_type
            ^
/usr/include/c++/4.8.2/bits/atomic_base.h:319:12: note: C++11 ‘constexpr’ only available with -std=c++11 or -std=gnu++11
/usr/include/c++/4.8.2/bits/atomic_base.h:357:21: error: expected ‘;’ at end of member declaration
       __atomic_base() noexcept = default;
                     ^
/usr/include/c++/4.8.2/bits/atomic_base.h:357:23: error: ‘noexcept’ does not name a type
       __atomic_base() noexcept = default;
                       ^
/usr/include/c++/4.8.2/bits/atomic_base.h:358:22: error: expected ‘;’ at end of member declaration
       ~__atomic_base() noexcept = default;
                      ^
/usr/include/c++/4.8.2/bits/atomic_base.h:358:24: error: ‘noexcept’ does not name a type
       ~__atomic_base() noexcept = default;
                        ^
/usr/include/c++/4.8.2/bits/atomic_base.h:364:7: error: ‘constexpr’ does not name a type
       constexpr __atomic_base(__int_type __i) noexcept : _M_i (__i) { }
       ^
/usr/include/c++/4.8.2/bits/atomic_base.h:364:7: note: C++11 ‘constexpr’ only available with -std=c++11 or -std=gnu++11
/usr/include/c++/4.8.2/bits/atomic_base.h:366:29: error: expected ‘;’ at end of member declaration
       operator __int_type() const noexcept
                             ^
/usr/include/c++/4.8.2/bits/atomic_base.h:366:35: error: ‘noexcept’ does not name a type
       operator __int_type() const noexcept
                                   ^
/usr/include/c++/4.8.2/bits/atomic_base.h:369:35: error: expected ‘;’ at end of member declaration
       operator __int_type() const volatile noexcept
                                   ^
/usr/include/c++/4.8.2/bits/atomic_base.h:369:44: error: ‘noexcept’ does not name a type
       operator __int_type() const volatile noexcept
                                            ^
/usr/include/c++/4.8.2/bits/atomic_base.h:373:31: error: expected ‘;’ at end of member declaration
       operator=(__int_type __i) noexcept
                               ^
/usr/include/c++/4.8.2/bits/atomic_base.h:373:33: error: ‘noexcept’ does not name a type
       operator=(__int_type __i) noexcept
                                 ^
/usr/include/c++/4.8.2/bits/atomic_base.h:380:33: error: expected ‘;’ at end of member declaration
       operator=(__int_type __i) volatile noexcept
                                 ^
/usr/include/c++/4.8.2/bits/atomic_base.h:380:42: error: ‘noexcept’ does not name a type
       operator=(__int_type __i) volatile noexcept
                                          ^
/usr/include/c++/4.8.2/bits/atomic_base.h:387:21: error: expected ‘;’ at end of member declaration
       operator++(int) noexcept
                     ^
/usr/include/c++/4.8.2/bits/atomic_base.h:387:23: error: ‘noexcept’ does not name a type
       operator++(int) noexcept
                       ^
/usr/include/c++/4.8.2/bits/atomic_base.h:391:23: error: expected ‘;’ at end of member declaration
       operator++(int) volatile noexcept
                       ^
/usr/include/c++/4.8.2/bits/atomic_base.h:391:32: error: ‘noexcept’ does not name a type
       operator++(int) volatile noexcept
                                ^
/usr/include/c++/4.8.2/bits/atomic_base.h:395:21: error: expected ‘;’ at end of member declaration
       operator--(int) noexcept
                     ^
/usr/include/c++/4.8.2/bits/atomic_base.h:395:23: error: ‘noexcept’ does not name a type
       operator--(int) noexcept
                       ^
/usr/include/c++/4.8.2/bits/atomic_base.h:399:23: error: expected ‘;’ at end of member declaration
       operator--(int) volatile noexcept
                       ^
/usr/include/c++/4.8.2/bits/atomic_base.h:399:32: error: ‘noexcept’ does not name a type
       operator--(int) volatile noexcept
                                ^
/usr/include/c++/4.8.2/bits/atomic_base.h:403:18: error: expected ‘;’ at end of member declaration
       operator++() noexcept
                  ^
/usr/include/c++/4.8.2/bits/atomic_base.h:403:20: error: ‘noexcept’ does not name a type
       operator++() noexcept
                    ^
/usr/include/c++/4.8.2/bits/atomic_base.h:407:20: error: expected ‘;’ at end of member declaration
       operator++() volatile noexcept
                    ^
/usr/include/c++/4.8.2/bits/atomic_base.h:407:29: error: ‘noexcept’ does not name a type
       operator++() volatile noexcept
                             ^
/usr/include/c++/4.8.2/bits/atomic_base.h:411:18: error: expected ‘;’ at end of member declaration
       operator--() noexcept
                  ^
/usr/include/c++/4.8.2/bits/atomic_base.h:411:20: error: ‘noexcept’ does not name a type
       operator--() noexcept
                    ^
/usr/include/c++/4.8.2/bits/atomic_base.h:415:20: error: expected ‘;’ at end of member declaration
       operator--() volatile noexcept
                    ^
/usr/include/c++/4.8.2/bits/atomic_base.h:415:29: error: ‘noexcept’ does not name a type
       operator--() volatile noexcept
                             ^
/usr/include/c++/4.8.2/bits/atomic_base.h:419:32: error: expected ‘;’ at end of member declaration
       operator+=(__int_type __i) noexcept
                                ^
/usr/include/c++/4.8.2/bits/atomic_base.h:419:34: error: ‘noexcept’ does not name a type
       operator+=(__int_type __i) noexcept
                                  ^
/usr/include/c++/4.8.2/bits/atomic_base.h:423:34: error: expected ‘;’ at end of member declaration
       operator+=(__int_type __i) volatile noexcept
                                  ^
/usr/include/c++/4.8.2/bits/atomic_base.h:423:43: error: ‘noexcept’ does not name a type
       operator+=(__int_type __i) volatile noexcept
                                           ^
/usr/include/c++/4.8.2/bits/atomic_base.h:427:32: error: expected ‘;’ at end of member declaration
       operator-=(__int_type __i) noexcept
                                ^
/usr/include/c++/4.8.2/bits/atomic_base.h:427:34: error: ‘noexcept’ does not name a type
       operator-=(__int_type __i) noexcept
                                  ^
/usr/include/c++/4.8.2/bits/atomic_base.h:431:34: error: expected ‘;’ at end of member declaration
       operator-=(__int_type __i) volatile noexcept
                                  ^
/usr/include/c++/4.8.2/bits/atomic_base.h:431:43: error: ‘noexcept’ does not name a type
       operator-=(__int_type __i) volatile noexcept
                                           ^
/usr/include/c++/4.8.2/bits/atomic_base.h:435:32: error: expected ‘;’ at end of member declaration
       operator&=(__int_type __i) noexcept
                                ^
/usr/include/c++/4.8.2/bits/atomic_base.h:435:34: error: ‘noexcept’ does not name a type
       operator&=(__int_type __i) noexcept
                                  ^
/usr/include/c++/4.8.2/bits/atomic_base.h:439:34: error: expected ‘;’ at end of member declaration
       operator&=(__int_type __i) volatile noexcept
                                  ^
/usr/include/c++/4.8.2/bits/atomic_base.h:439:43: error: ‘noexcept’ does not name a type
       operator&=(__int_type __i) volatile noexcept
                                           ^
/usr/include/c++/4.8.2/bits/atomic_base.h:443:32: error: expected ‘;’ at end of member declaration
       operator|=(__int_type __i) noexcept
                                ^
/usr/include/c++/4.8.2/bits/atomic_base.h:443:34: error: ‘noexcept’ does not name a type
       operator|=(__int_type __i) noexcept
                                  ^
/usr/include/c++/4.8.2/bits/atomic_base.h:447:34: error: expected ‘;’ at end of member declaration
       operator|=(__int_type __i) volatile noexcept
                                  ^
/usr/include/c++/4.8.2/bits/atomic_base.h:447:43: error: ‘noexcept’ does not name a type
       operator|=(__int_type __i) volatile noexcept
                                           ^
/usr/include/c++/4.8.2/bits/atomic_base.h:451:32: error: expected ‘;’ at end of member declaration
       operator^=(__int_type __i) noexcept
                                ^
/usr/include/c++/4.8.2/bits/atomic_base.h:451:34: error: ‘noexcept’ does not name a type
       operator^=(__int_type __i) noexcept
                                  ^
/usr/include/c++/4.8.2/bits/atomic_base.h:455:34: error: expected ‘;’ at end of member declaration
       operator^=(__int_type __i) volatile noexcept
                                  ^
/usr/include/c++/4.8.2/bits/atomic_base.h:455:43: error: ‘noexcept’ does not name a type
       operator^=(__int_type __i) volatile noexcept
                                           ^
/usr/include/c++/4.8.2/bits/atomic_base.h:459:22: error: expected ‘;’ at end of member declaration
       is_lock_free() const noexcept
                      ^
/usr/include/c++/4.8.2/bits/atomic_base.h:459:28: error: ‘noexcept’ does not name a type
       is_lock_free() const noexcept
                            ^
/usr/include/c++/4.8.2/bits/atomic_base.h:463:28: error: expected ‘;’ at end of member declaration
       is_lock_free() const volatile noexcept
                            ^
/usr/include/c++/4.8.2/bits/atomic_base.h:463:37: error: ‘noexcept’ does not name a type
       is_lock_free() const volatile noexcept
                                     ^
/usr/include/c++/4.8.2/bits/atomic_base.h:467:68: error: expected ‘;’ at end of member declaration
       store(__int_type __i, memory_order __m = memory_order_seq_cst) noexcept
                                                                    ^
/usr/include/c++/4.8.2/bits/atomic_base.h:467:70: error: ‘noexcept’ does not name a type
       store(__int_type __i, memory_order __m = memory_order_seq_cst) noexcept
                                                                      ^
/usr/include/c++/4.8.2/bits/atomic_base.h:479:47: error: expected ‘;’ at end of member declaration
      memory_order __m = memory_order_seq_cst) volatile noexcept
                                               ^
/usr/include/c++/4.8.2/bits/atomic_base.h:479:56: error: ‘noexcept’ does not name a type
      memory_order __m = memory_order_seq_cst) volatile noexcept
                                                        ^
/usr/include/c++/4.8.2/bits/atomic_base.h:490:53: error: expected ‘;’ at end of member declaration
       load(memory_order __m = memory_order_seq_cst) const noexcept
                                                     ^
/usr/include/c++/4.8.2/bits/atomic_base.h:490:59: error: ‘noexcept’ does not name a type
       load(memory_order __m = memory_order_seq_cst) const noexcept
                                                           ^
/usr/include/c++/4.8.2/bits/atomic_base.h:500:59: error: expected ‘;’ at end of member declaration
       load(memory_order __m = memory_order_seq_cst) const volatile noexcept
                                                           ^
/usr/include/c++/4.8.2/bits/atomic_base.h:500:68: error: ‘noexcept’ does not name a type
       load(memory_order __m = memory_order_seq_cst) const volatile noexcept
                                                                    ^
/usr/include/c++/4.8.2/bits/atomic_base.h:511:48: error: expected ‘;’ at end of member declaration
         memory_order __m = memory_order_seq_cst) noexcept
                                                ^
/usr/include/c++/4.8.2/bits/atomic_base.h:511:50: error: ‘noexcept’ does not name a type
         memory_order __m = memory_order_seq_cst) noexcept
                                                  ^
/usr/include/c++/4.8.2/bits/atomic_base.h:519:50: error: expected ‘;’ at end of member declaration
         memory_order __m = memory_order_seq_cst) volatile noexcept
                                                  ^
/usr/include/c++/4.8.2/bits/atomic_base.h:519:59: error: ‘noexcept’ does not name a type
         memory_order __m = memory_order_seq_cst) volatile noexcept
                                                           ^
/usr/include/c++/4.8.2/bits/atomic_base.h:526:44: error: expected ‘;’ at end of member declaration
        memory_order __m1, memory_order __m2) noexcept
                                            ^
/usr/include/c++/4.8.2/bits/atomic_base.h:526:46: error: ‘noexcept’ does not name a type
        memory_order __m1, memory_order __m2) noexcept
                                              ^
/usr/include/c++/4.8.2/bits/atomic_base.h:540:27: error: expected ‘;’ at end of member declaration
        memory_order __m2) volatile noexcept
                           ^
/usr/include/c++/4.8.2/bits/atomic_base.h:540:36: error: ‘noexcept’ does not name a type
        memory_order __m2) volatile noexcept
                                    ^
/usr/include/c++/4.8.2/bits/atomic_base.h:553:47: error: expected ‘;’ at end of member declaration
        memory_order __m = memory_order_seq_cst) noexcept
                                               ^
/usr/include/c++/4.8.2/bits/atomic_base.h:553:49: error: ‘noexcept’ does not name a type
        memory_order __m = memory_order_seq_cst) noexcept
                                                 ^
/usr/include/c++/4.8.2/bits/atomic_base.h:561:47: error: expected ‘;’ at end of member declaration
      memory_order __m = memory_order_seq_cst) volatile noexcept
                                               ^
/usr/include/c++/4.8.2/bits/atomic_base.h:561:56: error: ‘noexcept’ does not name a type
      memory_order __m = memory_order_seq_cst) volatile noexcept
                                                        ^
/usr/include/c++/4.8.2/bits/atomic_base.h:569:46: error: expected ‘;’ at end of member declaration
          memory_order __m1, memory_order __m2) noexcept
                                              ^
/usr/include/c++/4.8.2/bits/atomic_base.h:569:48: error: ‘noexcept’ does not name a type
          memory_order __m1, memory_order __m2) noexcept
                                                ^
/usr/include/c++/4.8.2/bits/atomic_base.h:583:29: error: expected ‘;’ at end of member declaration
          memory_order __m2) volatile noexcept
                             ^
/usr/include/c++/4.8.2/bits/atomic_base.h:583:38: error: ‘noexcept’ does not name a type
          memory_order __m2) volatile noexcept
                                      ^
/usr/include/c++/4.8.2/bits/atomic_base.h:597:49: error: expected ‘;’ at end of member declaration
          memory_order __m = memory_order_seq_cst) noexcept
                                                 ^
/usr/include/c++/4.8.2/bits/atomic_base.h:597:51: error: ‘noexcept’ does not name a type
          memory_order __m = memory_order_seq_cst) noexcept
                                                   ^
/usr/include/c++/4.8.2/bits/atomic_base.h:605:45: error: expected ‘;’ at end of member declaration
    memory_order __m = memory_order_seq_cst) volatile noexcept
                                             ^
/usr/include/c++/4.8.2/bits/atomic_base.h:605:54: error: ‘noexcept’ does not name a type
    memory_order __m = memory_order_seq_cst) volatile noexcept
                                                      ^
/usr/include/c++/4.8.2/bits/atomic_base.h:613:42: error: expected ‘;’ at end of member declaration
   memory_order __m = memory_order_seq_cst) noexcept
                                          ^
/usr/include/c++/4.8.2/bits/atomic_base.h:613:44: error: ‘noexcept’ does not name a type
   memory_order __m = memory_order_seq_cst) noexcept
                                            ^
/usr/include/c++/4.8.2/bits/atomic_base.h:618:44: error: expected ‘;’ at end of member declaration
   memory_order __m = memory_order_seq_cst) volatile noexcept
                                            ^
/usr/include/c++/4.8.2/bits/atomic_base.h:618:53: error: ‘noexcept’ does not name a type
   memory_order __m = memory_order_seq_cst) volatile noexcept
                                                     ^
/usr/include/c++/4.8.2/bits/atomic_base.h:623:42: error: expected ‘;’ at end of member declaration
   memory_order __m = memory_order_seq_cst) noexcept
                                          ^
/usr/include/c++/4.8.2/bits/atomic_base.h:623:44: error: ‘noexcept’ does not name a type
   memory_order __m = memory_order_seq_cst) noexcept
                                            ^
/usr/include/c++/4.8.2/bits/atomic_base.h:628:44: error: expected ‘;’ at end of member declaration
   memory_order __m = memory_order_seq_cst) volatile noexcept
                                            ^
/usr/include/c++/4.8.2/bits/atomic_base.h:628:53: error: ‘noexcept’ does not name a type
   memory_order __m = memory_order_seq_cst) volatile noexcept
                                                     ^
/usr/include/c++/4.8.2/bits/atomic_base.h:633:42: error: expected ‘;’ at end of member declaration
   memory_order __m = memory_order_seq_cst) noexcept
                                          ^
/usr/include/c++/4.8.2/bits/atomic_base.h:633:44: error: ‘noexcept’ does not name a type
   memory_order __m = memory_order_seq_cst) noexcept
                                            ^
/usr/include/c++/4.8.2/bits/atomic_base.h:638:44: error: expected ‘;’ at end of member declaration
   memory_order __m = memory_order_seq_cst) volatile noexcept
                                            ^
/usr/include/c++/4.8.2/bits/atomic_base.h:638:53: error: ‘noexcept’ does not name a type
   memory_order __m = memory_order_seq_cst) volatile noexcept
                                                     ^
/usr/include/c++/4.8.2/bits/atomic_base.h:643:48: error: expected ‘;’ at end of member declaration
         memory_order __m = memory_order_seq_cst) noexcept
                                                ^
/usr/include/c++/4.8.2/bits/atomic_base.h:643:50: error: ‘noexcept’ does not name a type
         memory_order __m = memory_order_seq_cst) noexcept
                                                  ^
/usr/include/c++/4.8.2/bits/atomic_base.h:648:50: error: expected ‘;’ at end of member declaration
         memory_order __m = memory_order_seq_cst) volatile noexcept
                                                  ^
/usr/include/c++/4.8.2/bits/atomic_base.h:648:59: error: ‘noexcept’ does not name a type
         memory_order __m = memory_order_seq_cst) volatile noexcept
                                                           ^
/usr/include/c++/4.8.2/bits/atomic_base.h:653:42: error: expected ‘;’ at end of member declaration
   memory_order __m = memory_order_seq_cst) noexcept
                                          ^
/usr/include/c++/4.8.2/bits/atomic_base.h:653:44: error: ‘noexcept’ does not name a type
   memory_order __m = memory_order_seq_cst) noexcept
                                            ^
/usr/include/c++/4.8.2/bits/atomic_base.h:658:44: error: expected ‘;’ at end of member declaration
   memory_order __m = memory_order_seq_cst) volatile noexcept
                                            ^
/usr/include/c++/4.8.2/bits/atomic_base.h:658:53: error: ‘noexcept’ does not name a type
   memory_order __m = memory_order_seq_cst) volatile noexcept
                                                     ^
/usr/include/c++/4.8.2/bits/atomic_base.h:673:7: error: ‘constexpr’ does not name a type
       constexpr ptrdiff_t
       ^
/usr/include/c++/4.8.2/bits/atomic_base.h:673:7: note: C++11 ‘constexpr’ only available with -std=c++11 or -std=gnu++11
/usr/include/c++/4.8.2/bits/atomic_base.h:676:7: error: ‘constexpr’ does not name a type
       constexpr ptrdiff_t
       ^
/usr/include/c++/4.8.2/bits/atomic_base.h:676:7: note: C++11 ‘constexpr’ only available with -std=c++11 or -std=gnu++11
/usr/include/c++/4.8.2/bits/atomic_base.h:680:21: error: expected ‘;’ at end of member declaration
       __atomic_base() noexcept = default;
                     ^
/usr/include/c++/4.8.2/bits/atomic_base.h:680:23: error: ‘noexcept’ does not name a type
       __atomic_base() noexcept = default;
                       ^
/usr/include/c++/4.8.2/bits/atomic_base.h:681:22: error: expected ‘;’ at end of member declaration
       ~__atomic_base() noexcept = default;
                      ^
/usr/include/c++/4.8.2/bits/atomic_base.h:681:24: error: ‘noexcept’ does not name a type
       ~__atomic_base() noexcept = default;
                        ^
/usr/include/c++/4.8.2/bits/atomic_base.h:687:7: error: ‘constexpr’ does not name a type
       constexpr __atomic_base(__pointer_type __p) noexcept : _M_p (__p) { }
       ^
/usr/include/c++/4.8.2/bits/atomic_base.h:687:7: note: C++11 ‘constexpr’ only available with -std=c++11 or -std=gnu++11
/usr/include/c++/4.8.2/bits/atomic_base.h:689:33: error: expected ‘;’ at end of member declaration
       operator __pointer_type() const noexcept
                                 ^
/usr/include/c++/4.8.2/bits/atomic_base.h:689:39: error: ‘noexcept’ does not name a type
       operator __pointer_type() const noexcept
                                       ^
/usr/include/c++/4.8.2/bits/atomic_base.h:692:39: error: expected ‘;’ at end of member declaration
       operator __pointer_type() const volatile noexcept
                                       ^
/usr/include/c++/4.8.2/bits/atomic_base.h:692:48: error: ‘noexcept’ does not name a type
       operator __pointer_type() const volatile noexcept
                                                ^
/usr/include/c++/4.8.2/bits/atomic_base.h:696:35: error: expected ‘;’ at end of member declaration
       operator=(__pointer_type __p) noexcept
                                   ^
/usr/include/c++/4.8.2/bits/atomic_base.h:696:37: error: ‘noexcept’ does not name a type
       operator=(__pointer_type __p) noexcept
                                     ^
/usr/include/c++/4.8.2/bits/atomic_base.h:703:37: error: expected ‘;’ at end of member declaration
       operator=(__pointer_type __p) volatile noexcept
                                     ^
/usr/include/c++/4.8.2/bits/atomic_base.h:703:46: error: ‘noexcept’ does not name a type
       operator=(__pointer_type __p) volatile noexcept
                                              ^
/usr/include/c++/4.8.2/bits/atomic_base.h:710:21: error: expected ‘;’ at end of member declaration
       operator++(int) noexcept
                     ^
/usr/include/c++/4.8.2/bits/atomic_base.h:710:23: error: ‘noexcept’ does not name a type
       operator++(int) noexcept
                       ^
/usr/include/c++/4.8.2/bits/atomic_base.h:714:23: error: expected ‘;’ at end of member declaration
       operator++(int) volatile noexcept
                       ^
/usr/include/c++/4.8.2/bits/atomic_base.h:714:32: error: ‘noexcept’ does not name a type
       operator++(int) volatile noexcept
                                ^
/usr/include/c++/4.8.2/bits/atomic_base.h:718:21: error: expected ‘;’ at end of member declaration
       operator--(int) noexcept
                     ^
/usr/include/c++/4.8.2/bits/atomic_base.h:718:23: error: ‘noexcept’ does not name a type
       operator--(int) noexcept
                       ^
/usr/include/c++/4.8.2/bits/atomic_base.h:722:23: error: expected ‘;’ at end of member declaration
       operator--(int) volatile noexcept
                       ^
/usr/include/c++/4.8.2/bits/atomic_base.h:722:32: error: ‘noexcept’ does not name a type
       operator--(int) volatile noexcept
                                ^
/usr/include/c++/4.8.2/bits/atomic_base.h:726:18: error: expected ‘;’ at end of member declaration
       operator++() noexcept
                  ^
/usr/include/c++/4.8.2/bits/atomic_base.h:726:20: error: ‘noexcept’ does not name a type
       operator++() noexcept
                    ^
/usr/include/c++/4.8.2/bits/atomic_base.h:731:20: error: expected ‘;’ at end of member declaration
       operator++() volatile noexcept
                    ^
/usr/include/c++/4.8.2/bits/atomic_base.h:731:29: error: ‘noexcept’ does not name a type
       operator++() volatile noexcept
                             ^
/usr/include/c++/4.8.2/bits/atomic_base.h:736:18: error: expected ‘;’ at end of member declaration
       operator--() noexcept
                  ^
/usr/include/c++/4.8.2/bits/atomic_base.h:736:20: error: ‘noexcept’ does not name a type
       operator--() noexcept
                    ^
/usr/include/c++/4.8.2/bits/atomic_base.h:741:20: error: expected ‘;’ at end of member declaration
       operator--() volatile noexcept
                    ^
/usr/include/c++/4.8.2/bits/atomic_base.h:741:29: error: ‘noexcept’ does not name a type
       operator--() volatile noexcept
                             ^
/usr/include/c++/4.8.2/bits/atomic_base.h:746:31: error: expected ‘;’ at end of member declaration
       operator+=(ptrdiff_t __d) noexcept
                               ^
/usr/include/c++/4.8.2/bits/atomic_base.h:746:33: error: ‘noexcept’ does not name a type
       operator+=(ptrdiff_t __d) noexcept
                                 ^
/usr/include/c++/4.8.2/bits/atomic_base.h:751:33: error: expected ‘;’ at end of member declaration
       operator+=(ptrdiff_t __d) volatile noexcept
                                 ^
/usr/include/c++/4.8.2/bits/atomic_base.h:751:42: error: ‘noexcept’ does not name a type
       operator+=(ptrdiff_t __d) volatile noexcept
                                          ^
/usr/include/c++/4.8.2/bits/atomic_base.h:756:31: error: expected ‘;’ at end of member declaration
       operator-=(ptrdiff_t __d) noexcept
                               ^
/usr/include/c++/4.8.2/bits/atomic_base.h:756:33: error: ‘noexcept’ does not name a type
       operator-=(ptrdiff_t __d) noexcept
                                 ^
/usr/include/c++/4.8.2/bits/atomic_base.h:761:33: error: expected ‘;’ at end of member declaration
       operator-=(ptrdiff_t __d) volatile noexcept
                                 ^
/usr/include/c++/4.8.2/bits/atomic_base.h:761:42: error: ‘noexcept’ does not name a type
       operator-=(ptrdiff_t __d) volatile noexcept
                                          ^
/usr/include/c++/4.8.2/bits/atomic_base.h:766:22: error: expected ‘;’ at end of member declaration
       is_lock_free() const noexcept
                      ^
/usr/include/c++/4.8.2/bits/atomic_base.h:766:28: error: ‘noexcept’ does not name a type
       is_lock_free() const noexcept
                            ^
/usr/include/c++/4.8.2/bits/atomic_base.h:770:28: error: expected ‘;’ at end of member declaration
       is_lock_free() const volatile noexcept
                            ^
/usr/include/c++/4.8.2/bits/atomic_base.h:770:37: error: ‘noexcept’ does not name a type
       is_lock_free() const volatile noexcept
                                     ^
/usr/include/c++/4.8.2/bits/atomic_base.h:775:45: error: expected ‘;’ at end of member declaration
      memory_order __m = memory_order_seq_cst) noexcept
                                             ^
/usr/include/c++/4.8.2/bits/atomic_base.h:775:47: error: ‘noexcept’ does not name a type
      memory_order __m = memory_order_seq_cst) noexcept
                                               ^
/usr/include/c++/4.8.2/bits/atomic_base.h:788:47: error: expected ‘;’ at end of member declaration
      memory_order __m = memory_order_seq_cst) volatile noexcept
                                               ^
/usr/include/c++/4.8.2/bits/atomic_base.h:788:56: error: ‘noexcept’ does not name a type
      memory_order __m = memory_order_seq_cst) volatile noexcept
                                                        ^
/usr/include/c++/4.8.2/bits/atomic_base.h:799:53: error: expected ‘;’ at end of member declaration
       load(memory_order __m = memory_order_seq_cst) const noexcept
                                                     ^
/usr/include/c++/4.8.2/bits/atomic_base.h:799:59: error: ‘noexcept’ does not name a type
       load(memory_order __m = memory_order_seq_cst) const noexcept
                                                           ^
/usr/include/c++/4.8.2/bits/atomic_base.h:809:59: error: expected ‘;’ at end of member declaration
       load(memory_order __m = memory_order_seq_cst) const volatile noexcept
                                                           ^
/usr/include/c++/4.8.2/bits/atomic_base.h:809:68: error: ‘noexcept’ does not name a type
       load(memory_order __m = memory_order_seq_cst) const volatile noexcept
                                                                    ^
/usr/include/c++/4.8.2/bits/atomic_base.h:820:48: error: expected ‘;’ at end of member declaration
         memory_order __m = memory_order_seq_cst) noexcept
                                                ^
/usr/include/c++/4.8.2/bits/atomic_base.h:820:50: error: ‘noexcept’ does not name a type
         memory_order __m = memory_order_seq_cst) noexcept
                                                  ^
/usr/include/c++/4.8.2/bits/atomic_base.h:828:50: error: expected ‘;’ at end of member declaration
         memory_order __m = memory_order_seq_cst) volatile noexcept
                                                  ^
/usr/include/c++/4.8.2/bits/atomic_base.h:828:59: error: ‘noexcept’ does not name a type
         memory_order __m = memory_order_seq_cst) volatile noexcept
                                                           ^
/usr/include/c++/4.8.2/bits/atomic_base.h:836:27: error: expected ‘;’ at end of member declaration
          memory_order __m2) noexcept
                           ^
/usr/include/c++/4.8.2/bits/atomic_base.h:836:29: error: ‘noexcept’ does not name a type
          memory_order __m2) noexcept
                             ^
/usr/include/c++/4.8.2/bits/atomic_base.h:850:29: error: expected ‘;’ at end of member declaration
          memory_order __m2) volatile noexcept
                             ^
/usr/include/c++/4.8.2/bits/atomic_base.h:850:38: error: ‘noexcept’ does not name a type
          memory_order __m2) volatile noexcept
                                      ^
/usr/include/c++/4.8.2/bits/atomic_base.h:864:42: error: expected ‘;’ at end of member declaration
   memory_order __m = memory_order_seq_cst) noexcept
                                          ^
/usr/include/c++/4.8.2/bits/atomic_base.h:864:44: error: ‘noexcept’ does not name a type
   memory_order __m = memory_order_seq_cst) noexcept
                                            ^
/usr/include/c++/4.8.2/bits/atomic_base.h:869:44: error: expected ‘;’ at end of member declaration
   memory_order __m = memory_order_seq_cst) volatile noexcept
                                            ^
/usr/include/c++/4.8.2/bits/atomic_base.h:869:53: error: ‘noexcept’ does not name a type
   memory_order __m = memory_order_seq_cst) volatile noexcept
                                                     ^
/usr/include/c++/4.8.2/bits/atomic_base.h:874:42: error: expected ‘;’ at end of member declaration
   memory_order __m = memory_order_seq_cst) noexcept
                                          ^
/usr/include/c++/4.8.2/bits/atomic_base.h:874:44: error: ‘noexcept’ does not name a type
   memory_order __m = memory_order_seq_cst) noexcept
                                            ^
/usr/include/c++/4.8.2/bits/atomic_base.h:879:44: error: expected ‘;’ at end of member declaration
   memory_order __m = memory_order_seq_cst) volatile noexcept
                                            ^
/usr/include/c++/4.8.2/bits/atomic_base.h:879:53: error: ‘noexcept’ does not name a type
   memory_order __m = memory_order_seq_cst) volatile noexcept
                                                     ^
In file included from libs/filesystem/config/has_cxx20_atomic_ref.cpp:8:0:
/usr/include/c++/4.8.2/atomic:60:17: error: expected ‘;’ at end of member declaration
     atomic_bool() noexcept = default;
                 ^
/usr/include/c++/4.8.2/atomic:60:19: error: ‘noexcept’ does not name a type
     atomic_bool() noexcept = default;
                   ^
/usr/include/c++/4.8.2/atomic:61:18: error: expected ‘;’ at end of member declaration
     ~atomic_bool() noexcept = default;
                  ^
/usr/include/c++/4.8.2/atomic:61:20: error: ‘noexcept’ does not name a type
     ~atomic_bool() noexcept = default;
                    ^
/usr/include/c++/4.8.2/atomic:66:5: error: ‘constexpr’ does not name a type
     constexpr atomic_bool(bool __i) noexcept : _M_base(__i) { }
     ^
/usr/include/c++/4.8.2/atomic:66:5: note: C++11 ‘constexpr’ only available with -std=c++11 or -std=gnu++11
/usr/include/c++/4.8.2/atomic:69:23: error: expected ‘;’ at end of member declaration
     operator=(bool __i) noexcept
                       ^
/usr/include/c++/4.8.2/atomic:69:25: error: ‘noexcept’ does not name a type
     operator=(bool __i) noexcept
                         ^
/usr/include/c++/4.8.2/atomic:73:25: error: expected ‘;’ at end of member declaration
     operator=(bool __i) volatile noexcept
                         ^
/usr/include/c++/4.8.2/atomic:73:34: error: ‘noexcept’ does not name a type
     operator=(bool __i) volatile noexcept
                                  ^
/usr/include/c++/4.8.2/atomic:76:21: error: expected ‘;’ at end of member declaration
     operator bool() const noexcept
                     ^
/usr/include/c++/4.8.2/atomic:76:27: error: ‘noexcept’ does not name a type
     operator bool() const noexcept
                           ^
/usr/include/c++/4.8.2/atomic:79:27: error: expected ‘;’ at end of member declaration
     operator bool() const volatile noexcept
                           ^
/usr/include/c++/4.8.2/atomic:79:36: error: ‘noexcept’ does not name a type
     operator bool() const volatile noexcept
                                    ^
/usr/include/c++/4.8.2/atomic:83:20: error: expected ‘;’ at end of member declaration
     is_lock_free() const noexcept { return _M_base.is_lock_free(); }
                    ^
/usr/include/c++/4.8.2/atomic:83:26: error: ‘noexcept’ does not name a type
     is_lock_free() const noexcept { return _M_base.is_lock_free(); }
                          ^
/usr/include/c++/4.8.2/atomic:86:26: error: expected ‘;’ at end of member declaration
     is_lock_free() const volatile noexcept { return _M_base.is_lock_free(); }
                          ^
/usr/include/c++/4.8.2/atomic:86:35: error: ‘noexcept’ does not name a type
     is_lock_free() const volatile noexcept { return _M_base.is_lock_free(); }
                                   ^
/usr/include/c++/4.8.2/atomic:89:60: error: expected ‘;’ at end of member declaration
     store(bool __i, memory_order __m = memory_order_seq_cst) noexcept
                                                            ^
/usr/include/c++/4.8.2/atomic:89:62: error: ‘noexcept’ does not name a type
     store(bool __i, memory_order __m = memory_order_seq_cst) noexcept
                                                              ^
/usr/include/c++/4.8.2/atomic:93:62: error: expected ‘;’ at end of member declaration
     store(bool __i, memory_order __m = memory_order_seq_cst) volatile noexcept
                                                              ^
/usr/include/c++/4.8.2/atomic:93:71: error: ‘noexcept’ does not name a type
     store(bool __i, memory_order __m = memory_order_seq_cst) volatile noexcept
                                                                       ^
/usr/include/c++/4.8.2/atomic:97:51: error: expected ‘;’ at end of member declaration
     load(memory_order __m = memory_order_seq_cst) const noexcept
                                                   ^
/usr/include/c++/4.8.2/atomic:97:57: error: ‘noexcept’ does not name a type
     load(memory_order __m = memory_order_seq_cst) const noexcept
                                                         ^
/usr/include/c++/4.8.2/atomic:101:57: error: expected ‘;’ at end of member declaration
     load(memory_order __m = memory_order_seq_cst) const volatile noexcept
                                                         ^
/usr/include/c++/4.8.2/atomic:101:66: error: ‘noexcept’ does not name a type
     load(memory_order __m = memory_order_seq_cst) const volatile noexcept
                                                                  ^
/usr/include/c++/4.8.2/atomic:105:63: error: expected ‘;’ at end of member declaration
     exchange(bool __i, memory_order __m = memory_order_seq_cst) noexcept
                                                               ^
/usr/include/c++/4.8.2/atomic:105:65: error: ‘noexcept’ does not name a type
     exchange(bool __i, memory_order __m = memory_order_seq_cst) noexcept
                                                                 ^
/usr/include/c++/4.8.2/atomic:110:48: error: expected ‘;’ at end of member declaration
       memory_order __m = memory_order_seq_cst) volatile noexcept
                                                ^
/usr/include/c++/4.8.2/atomic:110:57: error: ‘noexcept’ does not name a type
       memory_order __m = memory_order_seq_cst) volatile noexcept
                                                         ^
/usr/include/c++/4.8.2/atomic:115:23: error: expected ‘;’ at end of member declaration
      memory_order __m2) noexcept
                       ^
/usr/include/c++/4.8.2/atomic:115:25: error: ‘noexcept’ does not name a type
      memory_order __m2) noexcept
                         ^
/usr/include/c++/4.8.2/atomic:120:25: error: expected ‘;’ at end of member declaration
      memory_order __m2) volatile noexcept
                         ^
/usr/include/c++/4.8.2/atomic:120:34: error: ‘noexcept’ does not name a type
      memory_order __m2) volatile noexcept
                                  ^
/usr/include/c++/4.8.2/atomic:125:45: error: expected ‘;’ at end of member declaration
      memory_order __m = memory_order_seq_cst) noexcept
                                             ^
/usr/include/c++/4.8.2/atomic:125:47: error: ‘noexcept’ does not name a type
      memory_order __m = memory_order_seq_cst) noexcept
                                               ^
/usr/include/c++/4.8.2/atomic:130:49: error: expected ‘;’ at end of member declaration
        memory_order __m = memory_order_seq_cst) volatile noexcept
                                                 ^
/usr/include/c++/4.8.2/atomic:130:58: error: ‘noexcept’ does not name a type
        memory_order __m = memory_order_seq_cst) volatile noexcept
                                                          ^
/usr/include/c++/4.8.2/atomic:135:25: error: expected ‘;’ at end of member declaration
        memory_order __m2) noexcept
                         ^
/usr/include/c++/4.8.2/atomic:135:27: error: ‘noexcept’ does not name a type
        memory_order __m2) noexcept
                           ^
/usr/include/c++/4.8.2/atomic:140:27: error: expected ‘;’ at end of member declaration
        memory_order __m2) volatile noexcept
                           ^
/usr/include/c++/4.8.2/atomic:140:36: error: ‘noexcept’ does not name a type
        memory_order __m2) volatile noexcept
                                    ^
/usr/include/c++/4.8.2/atomic:145:47: error: expected ‘;’ at end of member declaration
        memory_order __m = memory_order_seq_cst) noexcept
                                               ^
/usr/include/c++/4.8.2/atomic:145:49: error: ‘noexcept’ does not name a type
        memory_order __m = memory_order_seq_cst) noexcept
                                                 ^
/usr/include/c++/4.8.2/atomic:150:48: error: expected ‘;’ at end of member declaration
       memory_order __m = memory_order_seq_cst) volatile noexcept
                                                ^
/usr/include/c++/4.8.2/atomic:150:57: error: ‘noexcept’ does not name a type
       memory_order __m = memory_order_seq_cst) volatile noexcept
                                                         ^
/usr/include/c++/4.8.2/atomic:167:14: error: expected ‘;’ at end of member declaration
       atomic() noexcept = default;
              ^
/usr/include/c++/4.8.2/atomic:167:16: error: ‘noexcept’ does not name a type
       atomic() noexcept = default;
                ^
/usr/include/c++/4.8.2/atomic:168:15: error: expected ‘;’ at end of member declaration
       ~atomic() noexcept = default;
               ^
/usr/include/c++/4.8.2/atomic:168:17: error: ‘noexcept’ does not name a type
       ~atomic() noexcept = default;
                 ^
/usr/include/c++/4.8.2/atomic:173:7: error: ‘constexpr’ does not name a type
       constexpr atomic(_Tp __i) noexcept : _M_i(__i) { }
       ^
/usr/include/c++/4.8.2/atomic:173:7: note: C++11 ‘constexpr’ only available with -std=c++11 or -std=gnu++11
/usr/include/c++/4.8.2/atomic:175:22: error: expected ‘;’ at end of member declaration
       operator _Tp() const noexcept
                      ^
/usr/include/c++/4.8.2/atomic:175:28: error: ‘noexcept’ does not name a type
       operator _Tp() const noexcept
                            ^
/usr/include/c++/4.8.2/atomic:178:28: error: expected ‘;’ at end of member declaration
       operator _Tp() const volatile noexcept
                            ^
/usr/include/c++/4.8.2/atomic:178:37: error: ‘noexcept’ does not name a type
       operator _Tp() const volatile noexcept
                                     ^
/usr/include/c++/4.8.2/atomic:182:24: error: expected ‘;’ at end of member declaration
       operator=(_Tp __i) noexcept 
                        ^
/usr/include/c++/4.8.2/atomic:182:26: error: ‘noexcept’ does not name a type
       operator=(_Tp __i) noexcept 
                          ^
/usr/include/c++/4.8.2/atomic:186:26: error: expected ‘;’ at end of member declaration
       operator=(_Tp __i) volatile noexcept 
                          ^
/usr/include/c++/4.8.2/atomic:186:35: error: ‘noexcept’ does not name a type
       operator=(_Tp __i) volatile noexcept 
                                   ^
/usr/include/c++/4.8.2/atomic:190:22: error: expected ‘;’ at end of member declaration
       is_lock_free() const noexcept
                      ^
/usr/include/c++/4.8.2/atomic:190:28: error: ‘noexcept’ does not name a type
       is_lock_free() const noexcept
                            ^
/usr/include/c++/4.8.2/atomic:194:28: error: expected ‘;’ at end of member declaration
       is_lock_free() const volatile noexcept
                            ^
/usr/include/c++/4.8.2/atomic:194:37: error: ‘noexcept’ does not name a type
       is_lock_free() const volatile noexcept
                                     ^
/usr/include/c++/4.8.2/atomic:198:60: error: expected ‘;’ at end of member declaration
       store(_Tp __i, memory_order _m = memory_order_seq_cst) noexcept
                                                            ^
/usr/include/c++/4.8.2/atomic:198:62: error: ‘noexcept’ does not name a type
       store(_Tp __i, memory_order _m = memory_order_seq_cst) noexcept
                                                              ^
/usr/include/c++/4.8.2/atomic:202:62: error: expected ‘;’ at end of member declaration
       store(_Tp __i, memory_order _m = memory_order_seq_cst) volatile noexcept
                                                              ^
/usr/include/c++/4.8.2/atomic:202:71: error: ‘noexcept’ does not name a type
       store(_Tp __i, memory_order _m = memory_order_seq_cst) volatile noexcept
                                                                       ^
/usr/include/c++/4.8.2/atomic:206:52: error: expected ‘;’ at end of member declaration
       load(memory_order _m = memory_order_seq_cst) const noexcept
                                                    ^
/usr/include/c++/4.8.2/atomic:206:58: error: ‘noexcept’ does not name a type
       load(memory_order _m = memory_order_seq_cst) const noexcept
                                                          ^
/usr/include/c++/4.8.2/atomic:214:58: error: expected ‘;’ at end of member declaration
       load(memory_order _m = memory_order_seq_cst) const volatile noexcept
                                                          ^
/usr/include/c++/4.8.2/atomic:214:67: error: ‘noexcept’ does not name a type
       load(memory_order _m = memory_order_seq_cst) const volatile noexcept
                                                                   ^
/usr/include/c++/4.8.2/atomic:222:63: error: expected ‘;’ at end of member declaration
       exchange(_Tp __i, memory_order _m = memory_order_seq_cst) noexcept
                                                               ^
/usr/include/c++/4.8.2/atomic:222:65: error: ‘noexcept’ does not name a type
       exchange(_Tp __i, memory_order _m = memory_order_seq_cst) noexcept
                                                                 ^
/usr/include/c++/4.8.2/atomic:231:49: error: expected ‘;’ at end of member declaration
         memory_order _m = memory_order_seq_cst) volatile noexcept
                                                 ^
/usr/include/c++/4.8.2/atomic:231:58: error: ‘noexcept’ does not name a type
         memory_order _m = memory_order_seq_cst) volatile noexcept
                                                          ^
/usr/include/c++/4.8.2/atomic:240:24: error: expected ‘;’ at end of member declaration
        memory_order __f) noexcept
                        ^
/usr/include/c++/4.8.2/atomic:240:26: error: ‘noexcept’ does not name a type
        memory_order __f) noexcept
                          ^
/usr/include/c++/4.8.2/atomic:247:26: error: expected ‘;’ at end of member declaration
        memory_order __f) volatile noexcept
                          ^
/usr/include/c++/4.8.2/atomic:247:35: error: ‘noexcept’ does not name a type
        memory_order __f) volatile noexcept
                                   ^
/usr/include/c++/4.8.2/atomic:254:47: error: expected ‘;’ at end of member declaration
        memory_order __m = memory_order_seq_cst) noexcept
                                               ^
/usr/include/c++/4.8.2/atomic:254:49: error: ‘noexcept’ does not name a type
        memory_order __m = memory_order_seq_cst) noexcept
                                                 ^
/usr/include/c++/4.8.2/atomic:259:49: error: expected ‘;’ at end of member declaration
        memory_order __m = memory_order_seq_cst) volatile noexcept
                                                 ^
/usr/include/c++/4.8.2/atomic:259:58: error: ‘noexcept’ does not name a type
        memory_order __m = memory_order_seq_cst) volatile noexcept
                                                          ^
/usr/include/c++/4.8.2/atomic:264:26: error: expected ‘;’ at end of member declaration
          memory_order __f) noexcept
                          ^
/usr/include/c++/4.8.2/atomic:264:28: error: ‘noexcept’ does not name a type
          memory_order __f) noexcept
                            ^
/usr/include/c++/4.8.2/atomic:271:28: error: expected ‘;’ at end of member declaration
          memory_order __f) volatile noexcept
                            ^
/usr/include/c++/4.8.2/atomic:271:37: error: ‘noexcept’ does not name a type
          memory_order __f) volatile noexcept
                                     ^
/usr/include/c++/4.8.2/atomic:278:50: error: expected ‘;’ at end of member declaration
           memory_order __m = memory_order_seq_cst) noexcept
                                                  ^
/usr/include/c++/4.8.2/atomic:278:52: error: ‘noexcept’ does not name a type
           memory_order __m = memory_order_seq_cst) noexcept
                                                    ^
/usr/include/c++/4.8.2/atomic:283:49: error: expected ‘;’ at end of member declaration
        memory_order __m = memory_order_seq_cst) volatile noexcept
                                                 ^
/usr/include/c++/4.8.2/atomic:283:58: error: ‘noexcept’ does not name a type
        memory_order __m = memory_order_seq_cst) volatile noexcept
                                                          ^
/usr/include/c++/4.8.2/atomic:296:14: error: expected ‘;’ at end of member declaration
       atomic() noexcept = default;
              ^
/usr/include/c++/4.8.2/atomic:296:16: error: ‘noexcept’ does not name a type
       atomic() noexcept = default;
                ^
/usr/include/c++/4.8.2/atomic:297:15: error: expected ‘;’ at end of member declaration
       ~atomic() noexcept = default;
               ^
/usr/include/c++/4.8.2/atomic:297:17: error: ‘noexcept’ does not name a type
       ~atomic() noexcept = default;
                 ^
/usr/include/c++/4.8.2/atomic:302:7: error: ‘constexpr’ does not name a type
       constexpr atomic(__pointer_type __p) noexcept : _M_b(__p) { }
       ^
/usr/include/c++/4.8.2/atomic:302:7: note: C++11 ‘constexpr’ only available with -std=c++11 or -std=gnu++11
/usr/include/c++/4.8.2/atomic:304:33: error: expected ‘;’ at end of member declaration
       operator __pointer_type() const noexcept
                                 ^
/usr/include/c++/4.8.2/atomic:304:39: error: ‘noexcept’ does not name a type
       operator __pointer_type() const noexcept
                                       ^
/usr/include/c++/4.8.2/atomic:307:39: error: expected ‘;’ at end of member declaration
       operator __pointer_type() const volatile noexcept
                                       ^
/usr/include/c++/4.8.2/atomic:307:48: error: ‘noexcept’ does not name a type
       operator __pointer_type() const volatile noexcept
                                                ^
/usr/include/c++/4.8.2/atomic:311:35: error: expected ‘;’ at end of member declaration
       operator=(__pointer_type __p) noexcept
                                   ^
/usr/include/c++/4.8.2/atomic:311:37: error: ‘noexcept’ does not name a type
       operator=(__pointer_type __p) noexcept
                                     ^
/usr/include/c++/4.8.2/atomic:315:37: error: expected ‘;’ at end of member declaration
       operator=(__pointer_type __p) volatile noexcept
                                     ^
/usr/include/c++/4.8.2/atomic:315:46: error: ‘noexcept’ does not name a type
       operator=(__pointer_type __p) volatile noexcept
                                              ^
/usr/include/c++/4.8.2/atomic:319:21: error: expected ‘;’ at end of member declaration
       operator++(int) noexcept
                     ^
/usr/include/c++/4.8.2/atomic:319:23: error: ‘noexcept’ does not name a type
       operator++(int) noexcept
                       ^
/usr/include/c++/4.8.2/atomic:323:23: error: expected ‘;’ at end of member declaration
       operator++(int) volatile noexcept
                       ^
/usr/include/c++/4.8.2/atomic:323:32: error: ‘noexcept’ does not name a type
       operator++(int) volatile noexcept
                                ^
/usr/include/c++/4.8.2/atomic:327:21: error: expected ‘;’ at end of member declaration
       operator--(int) noexcept
                     ^
/usr/include/c++/4.8.2/atomic:327:23: error: ‘noexcept’ does not name a type
       operator--(int) noexcept
                       ^
/usr/include/c++/4.8.2/atomic:331:23: error: expected ‘;’ at end of member declaration
       operator--(int) volatile noexcept
                       ^
/usr/include/c++/4.8.2/atomic:331:32: error: ‘noexcept’ does not name a type
       operator--(int) volatile noexcept
                                ^
/usr/include/c++/4.8.2/atomic:335:18: error: expected ‘;’ at end of member declaration
       operator++() noexcept
                  ^
/usr/include/c++/4.8.2/atomic:335:20: error: ‘noexcept’ does not name a type
       operator++() noexcept
                    ^
/usr/include/c++/4.8.2/atomic:339:20: error: expected ‘;’ at end of member declaration
       operator++() volatile noexcept
                    ^
/usr/include/c++/4.8.2/atomic:339:29: error: ‘noexcept’ does not name a type
       operator++() volatile noexcept
                             ^
/usr/include/c++/4.8.2/atomic:343:18: error: expected ‘;’ at end of member declaration
       operator--() noexcept
                  ^
/usr/include/c++/4.8.2/atomic:343:20: error: ‘noexcept’ does not name a type
       operator--() noexcept
                    ^
/usr/include/c++/4.8.2/atomic:347:20: error: expected ‘;’ at end of member declaration
       operator--() volatile noexcept
                    ^
/usr/include/c++/4.8.2/atomic:347:29: error: ‘noexcept’ does not name a type
       operator--() volatile noexcept
                             ^
/usr/include/c++/4.8.2/atomic:351:31: error: expected ‘;’ at end of member declaration
       operator+=(ptrdiff_t __d) noexcept
                               ^
/usr/include/c++/4.8.2/atomic:351:33: error: ‘noexcept’ does not name a type
       operator+=(ptrdiff_t __d) noexcept
                                 ^
/usr/include/c++/4.8.2/atomic:355:33: error: expected ‘;’ at end of member declaration
       operator+=(ptrdiff_t __d) volatile noexcept
                                 ^
/usr/include/c++/4.8.2/atomic:355:42: error: ‘noexcept’ does not name a type
       operator+=(ptrdiff_t __d) volatile noexcept
                                          ^
/usr/include/c++/4.8.2/atomic:359:31: error: expected ‘;’ at end of member declaration
       operator-=(ptrdiff_t __d) noexcept
                               ^
/usr/include/c++/4.8.2/atomic:359:33: error: ‘noexcept’ does not name a type
       operator-=(ptrdiff_t __d) noexcept
                                 ^
/usr/include/c++/4.8.2/atomic:363:33: error: expected ‘;’ at end of member declaration
       operator-=(ptrdiff_t __d) volatile noexcept
                                 ^
/usr/include/c++/4.8.2/atomic:363:42: error: ‘noexcept’ does not name a type
       operator-=(ptrdiff_t __d) volatile noexcept
                                          ^
/usr/include/c++/4.8.2/atomic:367:22: error: expected ‘;’ at end of member declaration
       is_lock_free() const noexcept
                      ^
/usr/include/c++/4.8.2/atomic:367:28: error: ‘noexcept’ does not name a type
       is_lock_free() const noexcept
                            ^
/usr/include/c++/4.8.2/atomic:371:28: error: expected ‘;’ at end of member declaration
       is_lock_free() const volatile noexcept
                            ^
/usr/include/c++/4.8.2/atomic:371:37: error: ‘noexcept’ does not name a type
       is_lock_free() const volatile noexcept
                                     ^
/usr/include/c++/4.8.2/atomic:376:45: error: expected ‘;’ at end of member declaration
      memory_order __m = memory_order_seq_cst) noexcept
                                             ^
/usr/include/c++/4.8.2/atomic:376:47: error: ‘noexcept’ does not name a type
      memory_order __m = memory_order_seq_cst) noexcept
                                               ^
/usr/include/c++/4.8.2/atomic:381:47: error: expected ‘;’ at end of member declaration
      memory_order __m = memory_order_seq_cst) volatile noexcept
                                               ^
/usr/include/c++/4.8.2/atomic:381:56: error: ‘noexcept’ does not name a type
      memory_order __m = memory_order_seq_cst) volatile noexcept
                                                        ^
/usr/include/c++/4.8.2/atomic:385:53: error: expected ‘;’ at end of member declaration
       load(memory_order __m = memory_order_seq_cst) const noexcept
                                                     ^
/usr/include/c++/4.8.2/atomic:385:59: error: ‘noexcept’ does not name a type
       load(memory_order __m = memory_order_seq_cst) const noexcept
                                                           ^
/usr/include/c++/4.8.2/atomic:389:59: error: expected ‘;’ at end of member declaration
       load(memory_order __m = memory_order_seq_cst) const volatile noexcept
                                                           ^
/usr/include/c++/4.8.2/atomic:389:68: error: ‘noexcept’ does not name a type
       load(memory_order __m = memory_order_seq_cst) const volatile noexcept
                                                                    ^
/usr/include/c++/4.8.2/atomic:394:48: error: expected ‘;’ at end of member declaration
         memory_order __m = memory_order_seq_cst) noexcept
                                                ^
/usr/include/c++/4.8.2/atomic:394:50: error: ‘noexcept’ does not name a type
         memory_order __m = memory_order_seq_cst) noexcept
                                                  ^
/usr/include/c++/4.8.2/atomic:399:50: error: expected ‘;’ at end of member declaration
         memory_order __m = memory_order_seq_cst) volatile noexcept
                                                  ^
/usr/include/c++/4.8.2/atomic:399:59: error: ‘noexcept’ does not name a type
         memory_order __m = memory_order_seq_cst) volatile noexcept
                                                           ^
/usr/include/c++/4.8.2/atomic:404:44: error: expected ‘;’ at end of member declaration
        memory_order __m1, memory_order __m2) noexcept
                                            ^
/usr/include/c++/4.8.2/atomic:404:46: error: ‘noexcept’ does not name a type
        memory_order __m1, memory_order __m2) noexcept
                                              ^
/usr/include/c++/4.8.2/atomic:410:27: error: expected ‘;’ at end of member declaration
        memory_order __m2) volatile noexcept
                           ^
/usr/include/c++/4.8.2/atomic:410:36: error: ‘noexcept’ does not name a type
        memory_order __m2) volatile noexcept
                                    ^
/usr/include/c++/4.8.2/atomic:415:47: error: expected ‘;’ at end of member declaration
        memory_order __m = memory_order_seq_cst) noexcept
                                               ^
/usr/include/c++/4.8.2/atomic:415:49: error: ‘noexcept’ does not name a type
        memory_order __m = memory_order_seq_cst) noexcept
                                                 ^
/usr/include/c++/4.8.2/atomic:423:48: error: expected ‘;’ at end of member declaration
       memory_order __m = memory_order_seq_cst) volatile noexcept
                                                ^
/usr/include/c++/4.8.2/atomic:423:57: error: ‘noexcept’ does not name a type
       memory_order __m = memory_order_seq_cst) volatile noexcept
                                                         ^
/usr/include/c++/4.8.2/atomic:431:46: error: expected ‘;’ at end of member declaration
          memory_order __m1, memory_order __m2) noexcept
                                              ^
/usr/include/c++/4.8.2/atomic:431:48: error: ‘noexcept’ does not name a type
          memory_order __m1, memory_order __m2) noexcept
                                                ^
/usr/include/c++/4.8.2/atomic:437:29: error: expected ‘;’ at end of member declaration
          memory_order __m2) volatile noexcept
                             ^
/usr/include/c++/4.8.2/atomic:437:38: error: ‘noexcept’ does not name a type
          memory_order __m2) volatile noexcept
                                      ^
/usr/include/c++/4.8.2/atomic:442:49: error: expected ‘;’ at end of member declaration
          memory_order __m = memory_order_seq_cst) noexcept
                                                 ^
/usr/include/c++/4.8.2/atomic:442:51: error: ‘noexcept’ does not name a type
          memory_order __m = memory_order_seq_cst) noexcept
                                                   ^
/usr/include/c++/4.8.2/atomic:450:48: error: expected ‘;’ at end of member declaration
       memory_order __m = memory_order_seq_cst) volatile noexcept
                                                ^
/usr/include/c++/4.8.2/atomic:450:57: error: ‘noexcept’ does not name a type
       memory_order __m = memory_order_seq_cst) volatile noexcept
                                                         ^
/usr/include/c++/4.8.2/atomic:458:42: error: expected ‘;’ at end of member declaration
   memory_order __m = memory_order_seq_cst) noexcept
                                          ^
/usr/include/c++/4.8.2/atomic:458:44: error: ‘noexcept’ does not name a type
   memory_order __m = memory_order_seq_cst) noexcept
                                            ^
/usr/include/c++/4.8.2/atomic:463:44: error: expected ‘;’ at end of member declaration
   memory_order __m = memory_order_seq_cst) volatile noexcept
                                            ^
/usr/include/c++/4.8.2/atomic:463:53: error: ‘noexcept’ does not name a type
   memory_order __m = memory_order_seq_cst) volatile noexcept
                                                     ^
/usr/include/c++/4.8.2/atomic:468:42: error: expected ‘;’ at end of member declaration
   memory_order __m = memory_order_seq_cst) noexcept
                                          ^
/usr/include/c++/4.8.2/atomic:468:44: error: ‘noexcept’ does not name a type
   memory_order __m = memory_order_seq_cst) noexcept
                                            ^
/usr/include/c++/4.8.2/atomic:473:44: error: expected ‘;’ at end of member declaration
   memory_order __m = memory_order_seq_cst) volatile noexcept
                                            ^
/usr/include/c++/4.8.2/atomic:473:53: error: ‘noexcept’ does not name a type
   memory_order __m = memory_order_seq_cst) volatile noexcept
                                                     ^
/usr/include/c++/4.8.2/atomic:485:14: error: expected ‘;’ at end of member declaration
       atomic() noexcept = default;
              ^
/usr/include/c++/4.8.2/atomic:485:16: error: ‘noexcept’ does not name a type
       atomic() noexcept = default;
                ^
/usr/include/c++/4.8.2/atomic:486:15: error: expected ‘;’ at end of member declaration
       ~atomic() noexcept = default;
               ^
/usr/include/c++/4.8.2/atomic:486:17: error: ‘noexcept’ does not name a type
       ~atomic() noexcept = default;
                 ^
/usr/include/c++/4.8.2/atomic:491:7: error: ‘constexpr’ does not name a type
       constexpr atomic(__integral_type __i) noexcept : __base_type(__i) { }
       ^
/usr/include/c++/4.8.2/atomic:491:7: note: C++11 ‘constexpr’ only available with -std=c++11 or -std=gnu++11
/usr/include/c++/4.8.2/atomic:504:14: error: expected ‘;’ at end of member declaration
       atomic() noexcept = default;
              ^
/usr/include/c++/4.8.2/atomic:504:16: error: ‘noexcept’ does not name a type
       atomic() noexcept = default;
                ^
/usr/include/c++/4.8.2/atomic:505:15: error: expected ‘;’ at end of member declaration
       ~atomic() noexcept = default;
               ^
/usr/include/c++/4.8.2/atomic:505:17: error: ‘noexcept’ does not name a type
       ~atomic() noexcept = default;
                 ^
/usr/include/c++/4.8.2/atomic:510:7: error: ‘constexpr’ does not name a type
       constexpr atomic(__integral_type __i) noexcept : __base_type(__i) { }
       ^
/usr/include/c++/4.8.2/atomic:510:7: note: C++11 ‘constexpr’ only available with -std=c++11 or -std=gnu++11
/usr/include/c++/4.8.2/atomic:523:14: error: expected ‘;’ at end of member declaration
       atomic() noexcept= default;
              ^
/usr/include/c++/4.8.2/atomic:523:16: error: ‘noexcept’ does not name a type
       atomic() noexcept= default;
                ^
/usr/include/c++/4.8.2/atomic:524:15: error: expected ‘;’ at end of member declaration
       ~atomic() noexcept = default;
               ^
/usr/include/c++/4.8.2/atomic:524:17: error: ‘noexcept’ does not name a type
       ~atomic() noexcept = default;
                 ^
/usr/include/c++/4.8.2/atomic:529:7: error: ‘constexpr’ does not name a type
       constexpr atomic(__integral_type __i) noexcept : __base_type(__i) { }
       ^
/usr/include/c++/4.8.2/atomic:529:7: note: C++11 ‘constexpr’ only available with -std=c++11 or -std=gnu++11
/usr/include/c++/4.8.2/atomic:542:14: error: expected ‘;’ at end of member declaration
       atomic() noexcept= default;
              ^
/usr/include/c++/4.8.2/atomic:542:16: error: ‘noexcept’ does not name a type
       atomic() noexcept= default;
                ^
/usr/include/c++/4.8.2/atomic:543:15: error: expected ‘;’ at end of member declaration
       ~atomic() noexcept = default;
               ^
/usr/include/c++/4.8.2/atomic:543:17: error: ‘noexcept’ does not name a type
       ~atomic() noexcept = default;
                 ^
/usr/include/c++/4.8.2/atomic:548:7: error: ‘constexpr’ does not name a type
       constexpr atomic(__integral_type __i) noexcept : __base_type(__i) { }
       ^
/usr/include/c++/4.8.2/atomic:548:7: note: C++11 ‘constexpr’ only available with -std=c++11 or -std=gnu++11
/usr/include/c++/4.8.2/atomic:561:14: error: expected ‘;’ at end of member declaration
       atomic() noexcept = default;
              ^
/usr/include/c++/4.8.2/atomic:561:16: error: ‘noexcept’ does not name a type
       atomic() noexcept = default;
                ^
/usr/include/c++/4.8.2/atomic:562:15: error: expected ‘;’ at end of member declaration
       ~atomic() noexcept = default;
               ^
/usr/include/c++/4.8.2/atomic:562:17: error: ‘noexcept’ does not name a type
       ~atomic() noexcept = default;
                 ^
/usr/include/c++/4.8.2/atomic:567:7: error: ‘constexpr’ does not name a type
       constexpr atomic(__integral_type __i) noexcept : __base_type(__i) { }
       ^
/usr/include/c++/4.8.2/atomic:567:7: note: C++11 ‘constexpr’ only available with -std=c++11 or -std=gnu++11
/usr/include/c++/4.8.2/atomic:580:14: error: expected ‘;’ at end of member declaration
       atomic() noexcept = default;
              ^
/usr/include/c++/4.8.2/atomic:580:16: error: ‘noexcept’ does not name a type
       atomic() noexcept = default;
                ^
/usr/include/c++/4.8.2/atomic:581:15: error: expected ‘;’ at end of member declaration
       ~atomic() noexcept = default;
               ^
/usr/include/c++/4.8.2/atomic:581:17: error: ‘noexcept’ does not name a type
       ~atomic() noexcept = default;
                 ^
/usr/include/c++/4.8.2/atomic:586:7: error: ‘constexpr’ does not name a type
       constexpr atomic(__integral_type __i) noexcept : __base_type(__i) { }
       ^
/usr/include/c++/4.8.2/atomic:586:7: note: C++11 ‘constexpr’ only available with -std=c++11 or -std=gnu++11
/usr/include/c++/4.8.2/atomic:599:14: error: expected ‘;’ at end of member declaration
       atomic() noexcept = default;
              ^
/usr/include/c++/4.8.2/atomic:599:16: error: ‘noexcept’ does not name a type
       atomic() noexcept = default;
                ^
/usr/include/c++/4.8.2/atomic:600:15: error: expected ‘;’ at end of member declaration
       ~atomic() noexcept = default;
               ^
/usr/include/c++/4.8.2/atomic:600:17: error: ‘noexcept’ does not name a type
       ~atomic() noexcept = default;
                 ^
/usr/include/c++/4.8.2/atomic:605:7: error: ‘constexpr’ does not name a type
       constexpr atomic(__integral_type __i) noexcept : __base_type(__i) { }
       ^
/usr/include/c++/4.8.2/atomic:605:7: note: C++11 ‘constexpr’ only available with -std=c++11 or -std=gnu++11
/usr/include/c++/4.8.2/atomic:618:14: error: expected ‘;’ at end of member declaration
       atomic() noexcept = default;
              ^
/usr/include/c++/4.8.2/atomic:618:16: error: ‘noexcept’ does not name a type
       atomic() noexcept = default;
                ^
/usr/include/c++/4.8.2/atomic:619:15: error: expected ‘;’ at end of member declaration
       ~atomic() noexcept = default;
               ^
/usr/include/c++/4.8.2/atomic:619:17: error: ‘noexcept’ does not name a type
       ~atomic() noexcept = default;
                 ^
/usr/include/c++/4.8.2/atomic:624:7: error: ‘constexpr’ does not name a type
       constexpr atomic(__integral_type __i) noexcept : __base_type(__i) { }
       ^
/usr/include/c++/4.8.2/atomic:624:7: note: C++11 ‘constexpr’ only available with -std=c++11 or -std=gnu++11
/usr/include/c++/4.8.2/atomic:637:14: error: expected ‘;’ at end of member declaration
       atomic() noexcept = default;
              ^
/usr/include/c++/4.8.2/atomic:637:16: error: ‘noexcept’ does not name a type
       atomic() noexcept = default;
                ^
/usr/include/c++/4.8.2/atomic:638:15: error: expected ‘;’ at end of member declaration
       ~atomic() noexcept = default;
               ^
/usr/include/c++/4.8.2/atomic:638:17: error: ‘noexcept’ does not name a type
       ~atomic() noexcept = default;
                 ^
/usr/include/c++/4.8.2/atomic:643:7: error: ‘constexpr’ does not name a type
       constexpr atomic(__integral_type __i) noexcept : __base_type(__i) { }
       ^
/usr/include/c++/4.8.2/atomic:643:7: note: C++11 ‘constexpr’ only available with -std=c++11 or -std=gnu++11
/usr/include/c++/4.8.2/atomic:656:14: error: expected ‘;’ at end of member declaration
       atomic() noexcept = default;
              ^
/usr/include/c++/4.8.2/atomic:656:16: error: ‘noexcept’ does not name a type
       atomic() noexcept = default;
                ^
/usr/include/c++/4.8.2/atomic:657:15: error: expected ‘;’ at end of member declaration
       ~atomic() noexcept = default;
               ^
/usr/include/c++/4.8.2/atomic:657:17: error: ‘noexcept’ does not name a type
       ~atomic() noexcept = default;
                 ^
/usr/include/c++/4.8.2/atomic:662:7: error: ‘constexpr’ does not name a type
       constexpr atomic(__integral_type __i) noexcept : __base_type(__i) { }
       ^
/usr/include/c++/4.8.2/atomic:662:7: note: C++11 ‘constexpr’ only available with -std=c++11 or -std=gnu++11
/usr/include/c++/4.8.2/atomic:675:14: error: expected ‘;’ at end of member declaration
       atomic() noexcept = default;
              ^
/usr/include/c++/4.8.2/atomic:675:16: error: ‘noexcept’ does not name a type
       atomic() noexcept = default;
                ^
/usr/include/c++/4.8.2/atomic:676:15: error: expected ‘;’ at end of member declaration
       ~atomic() noexcept = default;
               ^
/usr/include/c++/4.8.2/atomic:676:17: error: ‘noexcept’ does not name a type
       ~atomic() noexcept = default;
                 ^
/usr/include/c++/4.8.2/atomic:681:7: error: ‘constexpr’ does not name a type
       constexpr atomic(__integral_type __i) noexcept : __base_type(__i) { }
       ^
/usr/include/c++/4.8.2/atomic:681:7: note: C++11 ‘constexpr’ only available with -std=c++11 or -std=gnu++11
/usr/include/c++/4.8.2/atomic:694:14: error: expected ‘;’ at end of member declaration
       atomic() noexcept = default;
              ^
/usr/include/c++/4.8.2/atomic:694:16: error: ‘noexcept’ does not name a type
       atomic() noexcept = default;
                ^
/usr/include/c++/4.8.2/atomic:695:15: error: expected ‘;’ at end of member declaration
       ~atomic() noexcept = default;
               ^
/usr/include/c++/4.8.2/atomic:695:17: error: ‘noexcept’ does not name a type
       ~atomic() noexcept = default;
                 ^
/usr/include/c++/4.8.2/atomic:700:7: error: ‘constexpr’ does not name a type
       constexpr atomic(__integral_type __i) noexcept : __base_type(__i) { }
       ^
/usr/include/c++/4.8.2/atomic:700:7: note: C++11 ‘constexpr’ only available with -std=c++11 or -std=gnu++11
/usr/include/c++/4.8.2/atomic:713:14: error: expected ‘;’ at end of member declaration
       atomic() noexcept = default;
              ^
/usr/include/c++/4.8.2/atomic:713:16: error: ‘noexcept’ does not name a type
       atomic() noexcept = default;
                ^
/usr/include/c++/4.8.2/atomic:714:15: error: expected ‘;’ at end of member declaration
       ~atomic() noexcept = default;
               ^
/usr/include/c++/4.8.2/atomic:714:17: error: ‘noexcept’ does not name a type
       ~atomic() noexcept = default;
                 ^
/usr/include/c++/4.8.2/atomic:719:7: error: ‘constexpr’ does not name a type
       constexpr atomic(__integral_type __i) noexcept : __base_type(__i) { }
       ^
/usr/include/c++/4.8.2/atomic:719:7: note: C++11 ‘constexpr’ only available with -std=c++11 or -std=gnu++11
/usr/include/c++/4.8.2/atomic:727:19: error: ‘char16_t’ was not declared in this scope
     struct atomic<char16_t> : public atomic_char16_t
                   ^
/usr/include/c++/4.8.2/atomic:727:27: error: template argument 1 is invalid
     struct atomic<char16_t> : public atomic_char16_t
                           ^
/usr/include/c++/4.8.2/atomic:728:5: error: expected class-name before ‘{’ token
     {
     ^
/usr/include/c++/4.8.2/atomic:746:19: error: ‘char32_t’ was not declared in this scope
     struct atomic<char32_t> : public atomic_char32_t
                   ^
/usr/include/c++/4.8.2/atomic:746:27: error: template argument 1 is invalid
     struct atomic<char32_t> : public atomic_char32_t
                           ^
/usr/include/c++/4.8.2/atomic:747:5: error: expected class-name before ‘{’ token
     {
     ^
/usr/include/c++/4.8.2/atomic:767:27: error: expected initializer before ‘noexcept’
         memory_order __m) noexcept
                           ^
/usr/include/c++/4.8.2/atomic:772:27: error: expected initializer before ‘noexcept’
         memory_order __m) noexcept
                           ^
/usr/include/c++/4.8.2/atomic:776:66: error: expected initializer before ‘noexcept’
   atomic_flag_clear_explicit(atomic_flag* __a, memory_order __m) noexcept
                                                                  ^
/usr/include/c++/4.8.2/atomic:781:27: error: expected initializer before ‘noexcept’
         memory_order __m) noexcept
                           ^
/usr/include/c++/4.8.2/atomic:785:46: error: expected initializer before ‘noexcept’
   atomic_flag_test_and_set(atomic_flag* __a) noexcept
                                              ^
/usr/include/c++/4.8.2/atomic:789:55: error: expected initializer before ‘noexcept’
   atomic_flag_test_and_set(volatile atomic_flag* __a) noexcept
                                                       ^
/usr/include/c++/4.8.2/atomic:793:39: error: expected initializer before ‘noexcept’
   atomic_flag_clear(atomic_flag* __a) noexcept
                                       ^
/usr/include/c++/4.8.2/atomic:797:48: error: expected initializer before ‘noexcept’
   atomic_flag_clear(volatile atomic_flag* __a) noexcept
                                                ^
/usr/include/c++/4.8.2/atomic:804:50: error: expected initializer before ‘noexcept’
     atomic_is_lock_free(const atomic<_ITp>* __a) noexcept
                                                  ^
/usr/include/c++/4.8.2/atomic:809:59: error: expected initializer before ‘noexcept’
     atomic_is_lock_free(const volatile atomic<_ITp>* __a) noexcept
                                                           ^
/usr/include/c++/4.8.2/atomic:814:46: error: expected initializer before ‘noexcept’
     atomic_init(atomic<_ITp>* __a, _ITp __i) noexcept;
                                              ^
/usr/include/c++/4.8.2/atomic:818:55: error: expected initializer before ‘noexcept’
     atomic_init(volatile atomic<_ITp>* __a, _ITp __i) noexcept;
                                                       ^
/usr/include/c++/4.8.2/atomic:823:24: error: expected initializer before ‘noexcept’
      memory_order __m) noexcept
                        ^
/usr/include/c++/4.8.2/atomic:829:24: error: expected initializer before ‘noexcept’
      memory_order __m) noexcept
                        ^
/usr/include/c++/4.8.2/atomic:834:69: error: expected initializer before ‘noexcept’
     atomic_load_explicit(const atomic<_ITp>* __a, memory_order __m) noexcept
                                                                     ^
/usr/include/c++/4.8.2/atomic:840:23: error: expected initializer before ‘noexcept’
     memory_order __m) noexcept
                       ^
/usr/include/c++/4.8.2/atomic:846:27: error: expected initializer before ‘noexcept’
         memory_order __m) noexcept
                           ^
/usr/include/c++/4.8.2/atomic:852:27: error: expected initializer before ‘noexcept’
         memory_order __m) noexcept
                           ^
/usr/include/c++/4.8.2/atomic:860:27: error: expected initializer before ‘noexcept’
        memory_order __m2) noexcept
                           ^
/usr/include/c++/4.8.2/atomic:868:27: error: expected initializer before ‘noexcept’
        memory_order __m2) noexcept
                           ^
/usr/include/c++/4.8.2/atomic:876:29: error: expected initializer before ‘noexcept’
          memory_order __m2) noexcept
                             ^
/usr/include/c++/4.8.2/atomic:884:29: error: expected initializer before ‘noexcept’
          memory_order __m2) noexcept
                             ^
/usr/include/c++/4.8.2/atomic:890:47: error: expected initializer before ‘noexcept’
     atomic_store(atomic<_ITp>* __a, _ITp __i) noexcept
                                               ^
/usr/include/c++/4.8.2/atomic:895:56: error: expected initializer before ‘noexcept’
     atomic_store(volatile atomic<_ITp>* __a, _ITp __i) noexcept
                                                        ^
/usr/include/c++/4.8.2/atomic:900:42: error: expected initializer before ‘noexcept’
     atomic_load(const atomic<_ITp>* __a) noexcept
                                          ^
/usr/include/c++/4.8.2/atomic:905:51: error: expected initializer before ‘noexcept’
     atomic_load(const volatile atomic<_ITp>* __a) noexcept
                                                   ^
/usr/include/c++/4.8.2/atomic:910:50: error: expected initializer before ‘noexcept’
     atomic_exchange(atomic<_ITp>* __a, _ITp __i) noexcept
                                                  ^
/usr/include/c++/4.8.2/atomic:915:59: error: expected initializer before ‘noexcept’
     atomic_exchange(volatile atomic<_ITp>* __a, _ITp __i) noexcept
                                                           ^
/usr/include/c++/4.8.2/atomic:921:29: error: expected initializer before ‘noexcept’
      _ITp* __i1, _ITp __i2) noexcept
                             ^
/usr/include/c++/4.8.2/atomic:931:29: error: expected initializer before ‘noexcept’
      _ITp* __i1, _ITp __i2) noexcept
                             ^
/usr/include/c++/4.8.2/atomic:941:31: error: expected initializer before ‘noexcept’
        _ITp* __i1, _ITp __i2) noexcept
                               ^
/usr/include/c++/4.8.2/atomic:951:31: error: expected initializer before ‘noexcept’
        _ITp* __i1, _ITp __i2) noexcept
                               ^
/usr/include/c++/4.8.2/atomic:965:28: error: expected initializer before ‘noexcept’
          memory_order __m) noexcept
                            ^
/usr/include/c++/4.8.2/atomic:971:28: error: expected initializer before ‘noexcept’
          memory_order __m) noexcept
                            ^
/usr/include/c++/4.8.2/atomic:977:28: error: expected initializer before ‘noexcept’
          memory_order __m) noexcept
                            ^
/usr/include/c++/4.8.2/atomic:983:28: error: expected initializer before ‘noexcept’
          memory_order __m) noexcept
                            ^
/usr/include/c++/4.8.2/atomic:989:28: error: expected initializer before ‘noexcept’
          memory_order __m) noexcept
                            ^
/usr/include/c++/4.8.2/atomic:995:28: error: expected initializer before ‘noexcept’
          memory_order __m) noexcept
                            ^
/usr/include/c++/4.8.2/atomic:1001:27: error: expected initializer before ‘noexcept’
         memory_order __m) noexcept
                           ^
/usr/include/c++/4.8.2/atomic:1007:27: error: expected initializer before ‘noexcept’
         memory_order __m) noexcept
                           ^
/usr/include/c++/4.8.2/atomic:1013:28: error: expected initializer before ‘noexcept’
          memory_order __m) noexcept
                            ^
/usr/include/c++/4.8.2/atomic:1019:28: error: expected initializer before ‘noexcept’
          memory_order __m) noexcept
                            ^
/usr/include/c++/4.8.2/atomic:1024:58: error: expected initializer before ‘noexcept’
     atomic_fetch_add(__atomic_base<_ITp>* __a, _ITp __i) noexcept
                                                          ^
/usr/include/c++/4.8.2/atomic:1029:67: error: expected initializer before ‘noexcept’
     atomic_fetch_add(volatile __atomic_base<_ITp>* __a, _ITp __i) noexcept
                                                                   ^
/usr/include/c++/4.8.2/atomic:1034:58: error: expected initializer before ‘noexcept’
     atomic_fetch_sub(__atomic_base<_ITp>* __a, _ITp __i) noexcept
                                                          ^
/usr/include/c++/4.8.2/atomic:1039:67: error: expected initializer before ‘noexcept’
     atomic_fetch_sub(volatile __atomic_base<_ITp>* __a, _ITp __i) noexcept
                                                                   ^
/usr/include/c++/4.8.2/atomic:1044:58: error: expected initializer before ‘noexcept’
     atomic_fetch_and(__atomic_base<_ITp>* __a, _ITp __i) noexcept
                                                          ^
/usr/include/c++/4.8.2/atomic:1049:67: error: expected initializer before ‘noexcept’
     atomic_fetch_and(volatile __atomic_base<_ITp>* __a, _ITp __i) noexcept
                                                                   ^
/usr/include/c++/4.8.2/atomic:1054:57: error: expected initializer before ‘noexcept’
     atomic_fetch_or(__atomic_base<_ITp>* __a, _ITp __i) noexcept
                                                         ^
/usr/include/c++/4.8.2/atomic:1059:66: error: expected initializer before ‘noexcept’
     atomic_fetch_or(volatile __atomic_base<_ITp>* __a, _ITp __i) noexcept
                                                                  ^
/usr/include/c++/4.8.2/atomic:1064:58: error: expected initializer before ‘noexcept’
     atomic_fetch_xor(__atomic_base<_ITp>* __a, _ITp __i) noexcept
                                                          ^
/usr/include/c++/4.8.2/atomic:1069:67: error: expected initializer before ‘noexcept’
     atomic_fetch_xor(volatile __atomic_base<_ITp>* __a, _ITp __i) noexcept
                                                                   ^
/usr/include/c++/4.8.2/atomic:1077:28: error: expected initializer before ‘noexcept’
          memory_order __m) noexcept
                            ^
/usr/include/c++/4.8.2/atomic:1083:28: error: expected initializer before ‘noexcept’
          memory_order __m) noexcept
                            ^
/usr/include/c++/4.8.2/atomic:1088:66: error: expected initializer before ‘noexcept’
     atomic_fetch_add(volatile atomic<_ITp*>* __a, ptrdiff_t __d) noexcept
                                                                  ^
/usr/include/c++/4.8.2/atomic:1093:57: error: expected initializer before ‘noexcept’
     atomic_fetch_add(atomic<_ITp*>* __a, ptrdiff_t __d) noexcept
                                                         ^
/usr/include/c++/4.8.2/atomic:1099:43: error: expected initializer before ‘noexcept’
          ptrdiff_t __d, memory_order __m) noexcept
                                           ^
/usr/include/c++/4.8.2/atomic:1105:28: error: expected initializer before ‘noexcept’
          memory_order __m) noexcept
                            ^
/usr/include/c++/4.8.2/atomic:1110:66: error: expected initializer before ‘noexcept’
     atomic_fetch_sub(volatile atomic<_ITp*>* __a, ptrdiff_t __d) noexcept
                                                                  ^
/usr/include/c++/4.8.2/atomic:1115:57: error: expected initializer before ‘noexcept’
     atomic_fetch_sub(atomic<_ITp*>* __a, ptrdiff_t __d) noexcept
                                                         ^
libs/filesystem/config/has_cxx20_atomic_ref.cpp: In function ‘int main()’:
libs/filesystem/config/has_cxx20_atomic_ref.cpp:15:5: error: ‘atomic_ref’ is not a member of ‘std’
     std::atomic_ref< func_t* > ref(func);
     ^
libs/filesystem/config/has_cxx20_atomic_ref.cpp:15:28: error: expected primary-expression before ‘*’ token
     std::atomic_ref< func_t* > ref(func);
                            ^
libs/filesystem/config/has_cxx20_atomic_ref.cpp:15:30: error: expected primary-expression before ‘>’ token
     std::atomic_ref< func_t* > ref(func);
                              ^
libs/filesystem/config/has_cxx20_atomic_ref.cpp:15:40: error: ‘ref’ was not declared in this scope
     std::atomic_ref< func_t* > ref(func);
                                        ^

    "g++"   -fvisibility-inlines-hidden -m64 -pthread -O3 -finline-functions -Wno-inline -Wall -fvisibility=hidden  -DBOOST_ALL_NO_LIB=1 -DNDEBUG  -I"." -I"libs/filesystem/src"  -c -o "bin.v2/libs/filesystem/config/gcc-4.8/release/link-static/threading-multi/visibility-hidden/has_cxx20_atomic_ref.o" "libs/filesystem/config/has_cxx20_atomic_ref.cpp"

...failed gcc.compile.c++ bin.v2/libs/filesystem/config/gcc-4.8/release/link-static/threading-multi/visibility-hidden/has_cxx20_atomic_ref.o...
...failed updating 1 target...
...updated 3 targets...
...found 1 target...
...updating 1 target...
gcc.compile.c++ bin.v2/libs/filesystem/config/gcc-4.8/release/link-static/threading-multi/visibility-hidden/has_statx.o
libs/filesystem/config/has_statx.cpp: In function ‘int main()’:
libs/filesystem/config/has_statx.cpp:17:18: error: aggregate ‘main()::statx st’ has incomplete type and cannot be defined
     struct statx st;
                  ^
libs/filesystem/config/has_statx.cpp:18:75: error: ‘STATX_BTIME’ was not declared in this scope
     int res = statx(AT_FDCWD, ".", AT_SYMLINK_NOFOLLOW | AT_NO_AUTOMOUNT, STATX_BTIME, &st);
                                                                           ^
libs/filesystem/config/has_statx.cpp:18:91: error: invalid use of incomplete type ‘struct main()::statx’
     int res = statx(AT_FDCWD, ".", AT_SYMLINK_NOFOLLOW | AT_NO_AUTOMOUNT, STATX_BTIME, &st);
                                                                                           ^
libs/filesystem/config/has_statx.cpp:17:12: error: forward declaration of ‘struct main()::statx’
     struct statx st;
            ^
libs/filesystem/config/has_statx.cpp:18:9: warning: unused variable ‘res’ [-Wunused-variable]
     int res = statx(AT_FDCWD, ".", AT_SYMLINK_NOFOLLOW | AT_NO_AUTOMOUNT, STATX_BTIME, &st);
         ^

    "g++"   -fvisibility-inlines-hidden -m64 -pthread -O3 -finline-functions -Wno-inline -Wall -fvisibility=hidden  -DBOOST_ALL_NO_LIB=1 -DNDEBUG  -I"." -I"libs/filesystem/src"  -c -o "bin.v2/libs/filesystem/config/gcc-4.8/release/link-static/threading-multi/visibility-hidden/has_statx.o" "libs/filesystem/config/has_statx.cpp"

...failed gcc.compile.c++ bin.v2/libs/filesystem/config/gcc-4.8/release/link-static/threading-multi/visibility-hidden/has_statx.o...
...failed updating 1 target...
...found 1 target...
...updating 1 target...
gcc.compile.c++ bin.v2/libs/filesystem/config/gcc-4.8/release/link-static/threading-multi/visibility-hidden/has_statx_syscall.o
libs/filesystem/config/has_statx_syscall.cpp:21:2: error: #error "No statx syscall"
 #error "No statx syscall"
  ^
libs/filesystem/config/has_statx_syscall.cpp: In function ‘int main()’:
libs/filesystem/config/has_statx_syscall.cpp:26:18: error: aggregate ‘main()::statx st’ has incomplete type and cannot be defined
     struct statx st;
                  ^
libs/filesystem/config/has_statx_syscall.cpp:27:23: error: ‘__NR_statx’ was not declared in this scope
     int res = syscall(__NR_statx, AT_FDCWD, ".", AT_SYMLINK_NOFOLLOW | AT_NO_AUTOMOUNT, STATX_BTIME, &st);
                       ^
libs/filesystem/config/has_statx_syscall.cpp:27:89: error: ‘STATX_BTIME’ was not declared in this scope
     int res = syscall(__NR_statx, AT_FDCWD, ".", AT_SYMLINK_NOFOLLOW | AT_NO_AUTOMOUNT, STATX_BTIME, &st);
                                                                                         ^
libs/filesystem/config/has_statx_syscall.cpp:27:9: warning: unused variable ‘res’ [-Wunused-variable]
     int res = syscall(__NR_statx, AT_FDCWD, ".", AT_SYMLINK_NOFOLLOW | AT_NO_AUTOMOUNT, STATX_BTIME, &st);
         ^

    "g++"   -fvisibility-inlines-hidden -m64 -pthread -O3 -finline-functions -Wno-inline -Wall -fvisibility=hidden  -DBOOST_ALL_NO_LIB=1 -DNDEBUG  -I"." -I"libs/filesystem/src"  -c -o "bin.v2/libs/filesystem/config/gcc-4.8/release/link-static/threading-multi/visibility-hidden/has_statx_syscall.o" "libs/filesystem/config/has_statx_syscall.cpp"

...failed gcc.compile.c++ bin.v2/libs/filesystem/config/gcc-4.8/release/link-static/threading-multi/visibility-hidden/has_statx_syscall.o...
...failed updating 1 target...
...found 1 target...
...updating 1 target...
gcc.compile.c++ bin.v2/libs/filesystem/config/gcc-4.8/release/link-static/threading-multi/visibility-hidden/has_attribute_init_priority.o
...updated 1 target...
...found 1 target...
...updating 1 target...
gcc.compile.c++ bin.v2/libs/filesystem/config/gcc-4.8/release/link-static/threading-multi/visibility-hidden/has_stat_st_mtim.o
libs/filesystem/config/has_stat_st_mtim.cpp: In function ‘int main()’:
libs/filesystem/config/has_stat_st_mtim.cpp:16:17: warning: variable ‘st’ set but not used [-Wunused-but-set-variable]
     struct stat st;
                 ^
...updated 1 target...
...found 1 target...
...updating 1 target...
gcc.compile.c++ bin.v2/libs/filesystem/config/gcc-4.8/release/link-static/threading-multi/visibility-hidden/has_stat_st_mtimensec.o
libs/filesystem/config/has_stat_st_mtimensec.cpp: In function ‘int main()’:
libs/filesystem/config/has_stat_st_mtimensec.cpp:17:8: error: ‘struct stat’ has no member named ‘st_mtimensec’
     st.st_mtimensec = 10;
        ^

    "g++"   -fvisibility-inlines-hidden -m64 -pthread -O3 -finline-functions -Wno-inline -Wall -fvisibility=hidden  -DBOOST_ALL_NO_LIB=1 -DNDEBUG  -I"." -I"libs/filesystem/src"  -c -o "bin.v2/libs/filesystem/config/gcc-4.8/release/link-static/threading-multi/visibility-hidden/has_stat_st_mtimensec.o" "libs/filesystem/config/has_stat_st_mtimensec.cpp"

...failed gcc.compile.c++ bin.v2/libs/filesystem/config/gcc-4.8/release/link-static/threading-multi/visibility-hidden/has_stat_st_mtimensec.o...
...failed updating 1 target...
...found 1 target...
...updating 1 target...
gcc.compile.c++ bin.v2/libs/filesystem/config/gcc-4.8/release/link-static/threading-multi/visibility-hidden/has_stat_st_mtimespec.o
libs/filesystem/config/has_stat_st_mtimespec.cpp: In function ‘int main()’:
libs/filesystem/config/has_stat_st_mtimespec.cpp:17:8: error: ‘struct stat’ has no member named ‘st_mtimespec’
     st.st_mtimespec.tv_nsec = 10;
        ^

    "g++"   -fvisibility-inlines-hidden -m64 -pthread -O3 -finline-functions -Wno-inline -Wall -fvisibility=hidden  -DBOOST_ALL_NO_LIB=1 -DNDEBUG  -I"." -I"libs/filesystem/src"  -c -o "bin.v2/libs/filesystem/config/gcc-4.8/release/link-static/threading-multi/visibility-hidden/has_stat_st_mtimespec.o" "libs/filesystem/config/has_stat_st_mtimespec.cpp"

...failed gcc.compile.c++ bin.v2/libs/filesystem/config/gcc-4.8/release/link-static/threading-multi/visibility-hidden/has_stat_st_mtimespec.o...
...failed updating 1 target...
...found 1 target...
...updating 1 target...
gcc.compile.c++ bin.v2/libs/filesystem/config/gcc-4.8/release/link-static/threading-multi/visibility-hidden/has_stat_st_birthtim.o
libs/filesystem/config/has_stat_st_birthtim.cpp: In function ‘int main()’:
libs/filesystem/config/has_stat_st_birthtim.cpp:17:8: error: ‘struct stat’ has no member named ‘st_birthtim’
     st.st_birthtim.tv_sec = 1;
        ^
libs/filesystem/config/has_stat_st_birthtim.cpp:18:8: error: ‘struct stat’ has no member named ‘st_birthtim’
     st.st_birthtim.tv_nsec = 10;
        ^

    "g++"   -fvisibility-inlines-hidden -m64 -pthread -O3 -finline-functions -Wno-inline -Wall -fvisibility=hidden  -DBOOST_ALL_NO_LIB=1 -DNDEBUG  -I"." -I"libs/filesystem/src"  -c -o "bin.v2/libs/filesystem/config/gcc-4.8/release/link-static/threading-multi/visibility-hidden/has_stat_st_birthtim.o" "libs/filesystem/config/has_stat_st_birthtim.cpp"

...failed gcc.compile.c++ bin.v2/libs/filesystem/config/gcc-4.8/release/link-static/threading-multi/visibility-hidden/has_stat_st_birthtim.o...
...failed updating 1 target...
...found 1 target...
...updating 1 target...
gcc.compile.c++ bin.v2/libs/filesystem/config/gcc-4.8/release/link-static/threading-multi/visibility-hidden/has_stat_st_birthtimensec.o
libs/filesystem/config/has_stat_st_birthtimensec.cpp: In function ‘int main()’:
libs/filesystem/config/has_stat_st_birthtimensec.cpp:17:8: error: ‘struct stat’ has no member named ‘st_birthtime’
     st.st_birthtime = 1;
        ^
libs/filesystem/config/has_stat_st_birthtimensec.cpp:18:8: error: ‘struct stat’ has no member named ‘st_birthtimensec’
     st.st_birthtimensec = 10;
        ^

    "g++"   -fvisibility-inlines-hidden -m64 -pthread -O3 -finline-functions -Wno-inline -Wall -fvisibility=hidden  -DBOOST_ALL_NO_LIB=1 -DNDEBUG  -I"." -I"libs/filesystem/src"  -c -o "bin.v2/libs/filesystem/config/gcc-4.8/release/link-static/threading-multi/visibility-hidden/has_stat_st_birthtimensec.o" "libs/filesystem/config/has_stat_st_birthtimensec.cpp"

...failed gcc.compile.c++ bin.v2/libs/filesystem/config/gcc-4.8/release/link-static/threading-multi/visibility-hidden/has_stat_st_birthtimensec.o...
...failed updating 1 target...
...found 1 target...
...updating 1 target...
gcc.compile.c++ bin.v2/libs/filesystem/config/gcc-4.8/release/link-static/threading-multi/visibility-hidden/has_stat_st_birthtimespec.o
libs/filesystem/config/has_stat_st_birthtimespec.cpp: In function ‘int main()’:
libs/filesystem/config/has_stat_st_birthtimespec.cpp:17:8: error: ‘struct stat’ has no member named ‘st_birthtimespec’
     st.st_birthtimespec.tv_sec = 1;
        ^
libs/filesystem/config/has_stat_st_birthtimespec.cpp:18:8: error: ‘struct stat’ has no member named ‘st_birthtimespec’
     st.st_birthtimespec.tv_nsec = 10;
        ^

    "g++"   -fvisibility-inlines-hidden -m64 -pthread -O3 -finline-functions -Wno-inline -Wall -fvisibility=hidden  -DBOOST_ALL_NO_LIB=1 -DNDEBUG  -I"." -I"libs/filesystem/src"  -c -o "bin.v2/libs/filesystem/config/gcc-4.8/release/link-static/threading-multi/visibility-hidden/has_stat_st_birthtimespec.o" "libs/filesystem/config/has_stat_st_birthtimespec.cpp"

...failed gcc.compile.c++ bin.v2/libs/filesystem/config/gcc-4.8/release/link-static/threading-multi/visibility-hidden/has_stat_st_birthtimespec.o...
...failed updating 1 target...
...found 4 targets...
...updating 4 targets...
gcc.compile.c++ bin.v2/libs/config/checks/gcc-4.8/release/link-static/threading-multi/visibility-hidden/cxx11_auto_declarations.o
libs/config/checks/test_case.cpp:216:7: error: #error "Defect macro BOOST_NO_CXX11_AUTO_DECLARATIONS is defined."
 #     error "Defect macro BOOST_NO_CXX11_AUTO_DECLARATIONS is defined."
       ^

    "g++"   -fvisibility-inlines-hidden -m64 -pthread -O3 -finline-functions -Wno-inline -Wall -fvisibility=hidden  -DBOOST_ALL_NO_LIB=1 -DNDEBUG -DTEST_BOOST_NO_CXX11_AUTO_DECLARATIONS  -I"."  -c -o "bin.v2/libs/config/checks/gcc-4.8/release/link-static/threading-multi/visibility-hidden/cxx11_auto_declarations.o" "libs/config/checks/test_case.cpp"

...failed gcc.compile.c++ bin.v2/libs/config/checks/gcc-4.8/release/link-static/threading-multi/visibility-hidden/cxx11_auto_declarations.o...
...failed updating 1 target...
...updated 3 targets...
...found 1 target...
...updating 1 target...
gcc.compile.c++ bin.v2/libs/config/checks/gcc-4.8/release/link-static/threading-multi/visibility-hidden/cxx11_constexpr.o
libs/config/checks/test_case.cpp:251:7: error: #error "Defect macro BOOST_NO_CXX11_CONSTEXPR is defined."
 #     error "Defect macro BOOST_NO_CXX11_CONSTEXPR is defined."
       ^

    "g++"   -fvisibility-inlines-hidden -m64 -pthread -O3 -finline-functions -Wno-inline -Wall -fvisibility=hidden  -DBOOST_ALL_NO_LIB=1 -DNDEBUG -DTEST_BOOST_NO_CXX11_CONSTEXPR  -I"."  -c -o "bin.v2/libs/config/checks/gcc-4.8/release/link-static/threading-multi/visibility-hidden/cxx11_constexpr.o" "libs/config/checks/test_case.cpp"

...failed gcc.compile.c++ bin.v2/libs/config/checks/gcc-4.8/release/link-static/threading-multi/visibility-hidden/cxx11_constexpr.o...
...failed updating 1 target...
...found 1 target...
...updating 1 target...
gcc.compile.c++ bin.v2/libs/config/checks/gcc-4.8/release/link-static/threading-multi/visibility-hidden/cxx11_defaulted_functions.o
libs/config/checks/test_case.cpp:731:7: error: #error "Defect macro BOOST_NO_CXX11_DEFAULTED_FUNCTIONS is defined."
 #     error "Defect macro BOOST_NO_CXX11_DEFAULTED_FUNCTIONS is defined."
       ^

    "g++"   -fvisibility-inlines-hidden -m64 -pthread -O3 -finline-functions -Wno-inline -Wall -fvisibility=hidden  -DBOOST_ALL_NO_LIB=1 -DNDEBUG -DTEST_BOOST_NO_CXX11_DEFAULTED_FUNCTIONS  -I"."  -c -o "bin.v2/libs/config/checks/gcc-4.8/release/link-static/threading-multi/visibility-hidden/cxx11_defaulted_functions.o" "libs/config/checks/test_case.cpp"

...failed gcc.compile.c++ bin.v2/libs/config/checks/gcc-4.8/release/link-static/threading-multi/visibility-hidden/cxx11_defaulted_functions.o...
...failed updating 1 target...
...found 1 target...
...updating 1 target...
gcc.compile.c++ bin.v2/libs/config/checks/gcc-4.8/release/link-static/threading-multi/visibility-hidden/cxx11_final.o
libs/config/checks/test_case.cpp:321:7: error: #error "Defect macro BOOST_NO_CXX11_FINAL is defined."
 #     error "Defect macro BOOST_NO_CXX11_FINAL is defined."
       ^

    "g++"   -fvisibility-inlines-hidden -m64 -pthread -O3 -finline-functions -Wno-inline -Wall -fvisibility=hidden  -DBOOST_ALL_NO_LIB=1 -DNDEBUG -DTEST_BOOST_NO_CXX11_FINAL  -I"."  -c -o "bin.v2/libs/config/checks/gcc-4.8/release/link-static/threading-multi/visibility-hidden/cxx11_final.o" "libs/config/checks/test_case.cpp"

...failed gcc.compile.c++ bin.v2/libs/config/checks/gcc-4.8/release/link-static/threading-multi/visibility-hidden/cxx11_final.o...
...failed updating 1 target...
...found 1 target...
...updating 1 target...
gcc.compile.c++ bin.v2/libs/config/checks/gcc-4.8/release/link-static/threading-multi/visibility-hidden/cxx11_hdr_mutex.o
libs/config/checks/test_case.cpp:366:7: error: #error "Defect macro BOOST_NO_CXX11_HDR_MUTEX is defined."
 #     error "Defect macro BOOST_NO_CXX11_HDR_MUTEX is defined."
       ^

    "g++"   -fvisibility-inlines-hidden -m64 -pthread -O3 -finline-functions -Wno-inline -Wall -fvisibility=hidden  -DBOOST_ALL_NO_LIB=1 -DNDEBUG -DTEST_BOOST_NO_CXX11_HDR_MUTEX  -I"."  -c -o "bin.v2/libs/config/checks/gcc-4.8/release/link-static/threading-multi/visibility-hidden/cxx11_hdr_mutex.o" "libs/config/checks/test_case.cpp"

...failed gcc.compile.c++ bin.v2/libs/config/checks/gcc-4.8/release/link-static/threading-multi/visibility-hidden/cxx11_hdr_mutex.o...
...failed updating 1 target...
...found 1 target...
...updating 1 target...
gcc.compile.c++ bin.v2/libs/config/checks/gcc-4.8/release/link-static/threading-multi/visibility-hidden/cxx11_hdr_tuple.o
libs/config/checks/test_case.cpp:396:7: error: #error "Defect macro BOOST_NO_CXX11_HDR_TUPLE is defined."
 #     error "Defect macro BOOST_NO_CXX11_HDR_TUPLE is defined."
       ^

    "g++"   -fvisibility-inlines-hidden -m64 -pthread -O3 -finline-functions -Wno-inline -Wall -fvisibility=hidden  -DBOOST_ALL_NO_LIB=1 -DNDEBUG -DTEST_BOOST_NO_CXX11_HDR_TUPLE  -I"."  -c -o "bin.v2/libs/config/checks/gcc-4.8/release/link-static/threading-multi/visibility-hidden/cxx11_hdr_tuple.o" "libs/config/checks/test_case.cpp"

...failed gcc.compile.c++ bin.v2/libs/config/checks/gcc-4.8/release/link-static/threading-multi/visibility-hidden/cxx11_hdr_tuple.o...
...failed updating 1 target...
...found 1 target...
...updating 1 target...
gcc.compile.c++ bin.v2/libs/config/checks/gcc-4.8/release/link-static/threading-multi/visibility-hidden/cxx11_lambdas.o
libs/config/checks/test_case.cpp:836:7: error: #error "Defect macro BOOST_NO_CXX11_LAMBDAS is defined."
 #     error "Defect macro BOOST_NO_CXX11_LAMBDAS is defined."
       ^

    "g++"   -fvisibility-inlines-hidden -m64 -pthread -O3 -finline-functions -Wno-inline -Wall -fvisibility=hidden  -DBOOST_ALL_NO_LIB=1 -DNDEBUG -DTEST_BOOST_NO_CXX11_LAMBDAS  -I"."  -c -o "bin.v2/libs/config/checks/gcc-4.8/release/link-static/threading-multi/visibility-hidden/cxx11_lambdas.o" "libs/config/checks/test_case.cpp"

...failed gcc.compile.c++ bin.v2/libs/config/checks/gcc-4.8/release/link-static/threading-multi/visibility-hidden/cxx11_lambdas.o...
...failed updating 1 target...
...found 1 target...
...updating 1 target...
gcc.compile.c++ bin.v2/libs/config/checks/gcc-4.8/release/link-static/threading-multi/visibility-hidden/cxx11_noexcept.o
libs/config/checks/test_case.cpp:891:7: error: #error "Defect macro BOOST_NO_CXX11_NOEXCEPT is defined."
 #     error "Defect macro BOOST_NO_CXX11_NOEXCEPT is defined."
       ^

    "g++"   -fvisibility-inlines-hidden -m64 -pthread -O3 -finline-functions -Wno-inline -Wall -fvisibility=hidden  -DBOOST_ALL_NO_LIB=1 -DNDEBUG -DTEST_BOOST_NO_CXX11_NOEXCEPT  -I"."  -c -o "bin.v2/libs/config/checks/gcc-4.8/release/link-static/threading-multi/visibility-hidden/cxx11_noexcept.o" "libs/config/checks/test_case.cpp"

...failed gcc.compile.c++ bin.v2/libs/config/checks/gcc-4.8/release/link-static/threading-multi/visibility-hidden/cxx11_noexcept.o...
...failed updating 1 target...
...found 1 target...
...updating 1 target...
gcc.compile.c++ bin.v2/libs/config/checks/gcc-4.8/release/link-static/threading-multi/visibility-hidden/cxx11_nullptr.o
libs/config/checks/test_case.cpp:896:7: error: #error "Defect macro BOOST_NO_CXX11_NULLPTR is defined."
 #     error "Defect macro BOOST_NO_CXX11_NULLPTR is defined."
       ^

    "g++"   -fvisibility-inlines-hidden -m64 -pthread -O3 -finline-functions -Wno-inline -Wall -fvisibility=hidden  -DBOOST_ALL_NO_LIB=1 -DNDEBUG -DTEST_BOOST_NO_CXX11_NULLPTR  -I"."  -c -o "bin.v2/libs/config/checks/gcc-4.8/release/link-static/threading-multi/visibility-hidden/cxx11_nullptr.o" "libs/config/checks/test_case.cpp"

...failed gcc.compile.c++ bin.v2/libs/config/checks/gcc-4.8/release/link-static/threading-multi/visibility-hidden/cxx11_nullptr.o...
...failed updating 1 target...
...found 1 target...
...updating 1 target...
gcc.compile.c++ bin.v2/libs/config/checks/gcc-4.8/release/link-static/threading-multi/visibility-hidden/cxx11_rvalue_references.o
libs/config/checks/test_case.cpp:951:7: error: #error "Defect macro BOOST_NO_CXX11_RVALUE_REFERENCES is defined."
 #     error "Defect macro BOOST_NO_CXX11_RVALUE_REFERENCES is defined."
       ^

    "g++"   -fvisibility-inlines-hidden -m64 -pthread -O3 -finline-functions -Wno-inline -Wall -fvisibility=hidden  -DBOOST_ALL_NO_LIB=1 -DNDEBUG -DTEST_BOOST_NO_CXX11_RVALUE_REFERENCES  -I"."  -c -o "bin.v2/libs/config/checks/gcc-4.8/release/link-static/threading-multi/visibility-hidden/cxx11_rvalue_references.o" "libs/config/checks/test_case.cpp"

...failed gcc.compile.c++ bin.v2/libs/config/checks/gcc-4.8/release/link-static/threading-multi/visibility-hidden/cxx11_rvalue_references.o...
...failed updating 1 target...
...found 1 target...
...updating 1 target...
gcc.compile.c++ bin.v2/libs/config/checks/gcc-4.8/release/link-static/threading-multi/visibility-hidden/cxx11_template_aliases.o
libs/config/checks/test_case.cpp:1056:7: error: #error "Defect macro BOOST_NO_CXX11_TEMPLATE_ALIASES is defined."
 #     error "Defect macro BOOST_NO_CXX11_TEMPLATE_ALIASES is defined."
       ^

    "g++"   -fvisibility-inlines-hidden -m64 -pthread -O3 -finline-functions -Wno-inline -Wall -fvisibility=hidden  -DBOOST_ALL_NO_LIB=1 -DNDEBUG -DTEST_BOOST_NO_CXX11_TEMPLATE_ALIASES  -I"."  -c -o "bin.v2/libs/config/checks/gcc-4.8/release/link-static/threading-multi/visibility-hidden/cxx11_template_aliases.o" "libs/config/checks/test_case.cpp"

...failed gcc.compile.c++ bin.v2/libs/config/checks/gcc-4.8/release/link-static/threading-multi/visibility-hidden/cxx11_template_aliases.o...
...failed updating 1 target...
...found 1 target...
...updating 1 target...
gcc.compile.c++ bin.v2/libs/config/checks/gcc-4.8/release/link-static/threading-multi/visibility-hidden/cxx11_thread_local.o
libs/config/checks/test_case.cpp:466:7: error: #error "Defect macro BOOST_NO_CXX11_THREAD_LOCAL is defined."
 #     error "Defect macro BOOST_NO_CXX11_THREAD_LOCAL is defined."
       ^

    "g++"   -fvisibility-inlines-hidden -m64 -pthread -O3 -finline-functions -Wno-inline -Wall -fvisibility=hidden  -DBOOST_ALL_NO_LIB=1 -DNDEBUG -DTEST_BOOST_NO_CXX11_THREAD_LOCAL  -I"."  -c -o "bin.v2/libs/config/checks/gcc-4.8/release/link-static/threading-multi/visibility-hidden/cxx11_thread_local.o" "libs/config/checks/test_case.cpp"

...failed gcc.compile.c++ bin.v2/libs/config/checks/gcc-4.8/release/link-static/threading-multi/visibility-hidden/cxx11_thread_local.o...
...failed updating 1 target...
...found 1 target...
...updating 1 target...
gcc.compile.c++ bin.v2/libs/config/checks/gcc-4.8/release/link-static/threading-multi/visibility-hidden/cxx11_variadic_templates.o
libs/config/checks/test_case.cpp:1116:7: error: #error "Defect macro BOOST_NO_CXX11_VARIADIC_TEMPLATES is defined."
 #     error "Defect macro BOOST_NO_CXX11_VARIADIC_TEMPLATES is defined."
       ^

    "g++"   -fvisibility-inlines-hidden -m64 -pthread -O3 -finline-functions -Wno-inline -Wall -fvisibility=hidden  -DBOOST_ALL_NO_LIB=1 -DNDEBUG -DTEST_BOOST_NO_CXX11_VARIADIC_TEMPLATES  -I"."  -c -o "bin.v2/libs/config/checks/gcc-4.8/release/link-static/threading-multi/visibility-hidden/cxx11_variadic_templates.o" "libs/config/checks/test_case.cpp"

...failed gcc.compile.c++ bin.v2/libs/config/checks/gcc-4.8/release/link-static/threading-multi/visibility-hidden/cxx11_variadic_templates.o...
...failed updating 1 target...
...found 5 targets...
...updating 5 targets...
gcc.compile.c++ bin.v2/libs/regex/build/gcc-4.8/release/link-static/threading-multi/visibility-hidden/has_icu_test.o
gcc.link bin.v2/libs/regex/build/gcc-4.8/release/link-static/threading-multi/visibility-hidden/has_icu
...updated 5 targets...
...found 1 target...
...updating 1 target...
gcc.compile.c++ bin.v2/standalone/ac/gcc-4.8/release/link-static/threading-multi/visibility-hidden/zlib_h.o
...updated 1 target...
...found 2 targets...
...updating 2 targets...
gcc.compile.c++ bin.v2/standalone/ac/gcc-4.8/release/link-static/threading-multi/visibility-hidden/main-z.o
gcc.link bin.v2/standalone/ac/gcc-4.8/release/link-static/threading-multi/visibility-hidden/z
/bin/ld: cannot find -lz
collect2: error: ld returned 1 exit status

    "g++"    -o "bin.v2/standalone/ac/gcc-4.8/release/link-static/threading-multi/visibility-hidden/z" -Wl,--start-group "bin.v2/standalone/ac/gcc-4.8/release/link-static/threading-multi/visibility-hidden/main-z.o"  -Wl,-Bstatic -lz -Wl,-Bdynamic -lrt -Wl,--end-group -m64 -pthread -fvisibility=hidden -fvisibility-inlines-hidden 

...failed gcc.link bin.v2/standalone/ac/gcc-4.8/release/link-static/threading-multi/visibility-hidden/z...
...failed updating 1 target...
...updated 1 target...
...found 5 targets...
...updating 3 targets...
gcc.compile.c++ bin.v2/standalone/ac/gcc-4.8/release/link-static/threading-multi/visibility-hidden/main-zlib.o
gcc.link bin.v2/standalone/ac/gcc-4.8/release/link-static/threading-multi/visibility-hidden/zlib
/bin/ld: cannot find -lzlib
collect2: error: ld returned 1 exit status

    "g++"    -o "bin.v2/standalone/ac/gcc-4.8/release/link-static/threading-multi/visibility-hidden/zlib" -Wl,--start-group "bin.v2/standalone/ac/gcc-4.8/release/link-static/threading-multi/visibility-hidden/main-zlib.o"  -Wl,-Bstatic -lzlib -Wl,-Bdynamic -lrt -Wl,--end-group -m64 -pthread -fvisibility=hidden -fvisibility-inlines-hidden 

...failed gcc.link bin.v2/standalone/ac/gcc-4.8/release/link-static/threading-multi/visibility-hidden/zlib...
...failed updating 1 target...
...updated 2 targets...
...found 5 targets...
...updating 3 targets...
gcc.compile.c++ bin.v2/standalone/ac/gcc-4.8/release/link-static/threading-multi/visibility-hidden/main-zll.o
gcc.link bin.v2/standalone/ac/gcc-4.8/release/link-static/threading-multi/visibility-hidden/zll
/bin/ld: cannot find -lzll
collect2: error: ld returned 1 exit status

    "g++"    -o "bin.v2/standalone/ac/gcc-4.8/release/link-static/threading-multi/visibility-hidden/zll" -Wl,--start-group "bin.v2/standalone/ac/gcc-4.8/release/link-static/threading-multi/visibility-hidden/main-zll.o"  -Wl,-Bstatic -lzll -Wl,-Bdynamic -lrt -Wl,--end-group -m64 -pthread -fvisibility=hidden -fvisibility-inlines-hidden 

...failed gcc.link bin.v2/standalone/ac/gcc-4.8/release/link-static/threading-multi/visibility-hidden/zll...
...failed updating 1 target...
...updated 2 targets...
...found 5 targets...
...updating 3 targets...
gcc.compile.c++ bin.v2/standalone/ac/gcc-4.8/release/link-static/threading-multi/visibility-hidden/main-zdll.o
gcc.link bin.v2/standalone/ac/gcc-4.8/release/link-static/threading-multi/visibility-hidden/zdll
/bin/ld: cannot find -lzdll
collect2: error: ld returned 1 exit status

    "g++"    -o "bin.v2/standalone/ac/gcc-4.8/release/link-static/threading-multi/visibility-hidden/zdll" -Wl,--start-group "bin.v2/standalone/ac/gcc-4.8/release/link-static/threading-multi/visibility-hidden/main-zdll.o"  -Wl,-Bstatic -lzdll -Wl,-Bdynamic -lrt -Wl,--end-group -m64 -pthread -fvisibility=hidden -fvisibility-inlines-hidden 

...failed gcc.link bin.v2/standalone/ac/gcc-4.8/release/link-static/threading-multi/visibility-hidden/zdll...
...failed updating 1 target...
...updated 2 targets...
...found 1 target...
...updating 1 target...
gcc.compile.c++ bin.v2/standalone/ac/gcc-4.8/release/link-static/threading-multi/visibility-hidden/bzlib_h.o
...updated 1 target...
...found 2 targets...
...updating 2 targets...
gcc.compile.c++ bin.v2/standalone/ac/gcc-4.8/release/link-static/threading-multi/visibility-hidden/main-bz2.o
gcc.link bin.v2/standalone/ac/gcc-4.8/release/link-static/threading-multi/visibility-hidden/bz2
/bin/ld: cannot find -lbz2
collect2: error: ld returned 1 exit status

    "g++"    -o "bin.v2/standalone/ac/gcc-4.8/release/link-static/threading-multi/visibility-hidden/bz2" -Wl,--start-group "bin.v2/standalone/ac/gcc-4.8/release/link-static/threading-multi/visibility-hidden/main-bz2.o"  -Wl,-Bstatic -lbz2 -Wl,-Bdynamic -lrt -Wl,--end-group -m64 -pthread -fvisibility=hidden -fvisibility-inlines-hidden 

...failed gcc.link bin.v2/standalone/ac/gcc-4.8/release/link-static/threading-multi/visibility-hidden/bz2...
...failed updating 1 target...
...updated 1 target...
...found 1 target...
...updating 1 target...
gcc.compile.c++ bin.v2/standalone/ac/gcc-4.8/release/link-static/threading-multi/visibility-hidden/lzma_h.o
...updated 1 target...
...found 2 targets...
...updating 2 targets...
gcc.compile.c++ bin.v2/standalone/ac/gcc-4.8/release/link-static/threading-multi/visibility-hidden/main-lzma.o
gcc.link bin.v2/standalone/ac/gcc-4.8/release/link-static/threading-multi/visibility-hidden/lzma
/bin/ld: cannot find -llzma
collect2: error: ld returned 1 exit status

    "g++"    -o "bin.v2/standalone/ac/gcc-4.8/release/link-static/threading-multi/visibility-hidden/lzma" -Wl,--start-group "bin.v2/standalone/ac/gcc-4.8/release/link-static/threading-multi/visibility-hidden/main-lzma.o"  -Wl,-Bstatic -llzma -Wl,-Bdynamic -lrt -Wl,--end-group -m64 -pthread -fvisibility=hidden -fvisibility-inlines-hidden 

...failed gcc.link bin.v2/standalone/ac/gcc-4.8/release/link-static/threading-multi/visibility-hidden/lzma...
...failed updating 1 target...
...updated 1 target...
...found 5 targets...
...updating 3 targets...
gcc.compile.c++ bin.v2/standalone/ac/gcc-4.8/release/link-static/threading-multi/visibility-hidden/main-liblzma.o
gcc.link bin.v2/standalone/ac/gcc-4.8/release/link-static/threading-multi/visibility-hidden/liblzma
/bin/ld: cannot find -lliblzma
collect2: error: ld returned 1 exit status

    "g++"    -o "bin.v2/standalone/ac/gcc-4.8/release/link-static/threading-multi/visibility-hidden/liblzma" -Wl,--start-group "bin.v2/standalone/ac/gcc-4.8/release/link-static/threading-multi/visibility-hidden/main-liblzma.o"  -Wl,-Bstatic -lliblzma -Wl,-Bdynamic -lrt -Wl,--end-group -m64 -pthread -fvisibility=hidden -fvisibility-inlines-hidden 

...failed gcc.link bin.v2/standalone/ac/gcc-4.8/release/link-static/threading-multi/visibility-hidden/liblzma...
...failed updating 1 target...
...updated 2 targets...
...found 1 target...
...updating 1 target...
gcc.compile.c++ bin.v2/standalone/ac/gcc-4.8/release/link-static/threading-multi/visibility-hidden/zstd_h.o
bin.v2/standalone/ac/zstd_h.cpp:1:18: fatal error: zstd.h: No such file or directory
 #include <zstd.h>
                  ^
compilation terminated.

    "g++"   -fvisibility-inlines-hidden -m64 -pthread -O3 -finline-functions -Wno-inline -Wall -fvisibility=hidden  -DNDEBUG    -c -o "bin.v2/standalone/ac/gcc-4.8/release/link-static/threading-multi/visibility-hidden/zstd_h.o" "bin.v2/standalone/ac/zstd_h.cpp"

...failed gcc.compile.c++ bin.v2/standalone/ac/gcc-4.8/release/link-static/threading-multi/visibility-hidden/zstd_h.o...
...failed updating 1 target...
...found 5 targets...
...updating 5 targets...
gcc.compile.c++ bin.v2/libs/iostreams/build/gcc-4.8/release/link-static/threading-multi/visibility-hidden/has_lzma_cputhreads.o
gcc.link bin.v2/libs/iostreams/build/gcc-4.8/release/link-static/threading-multi/visibility-hidden/has_lzma_cputhreads
...updated 5 targets...
...found 1 target...
...updating 1 target...
gcc.compile.c++ bin.v2/libs/config/checks/gcc-4.8/release/link-static/threading-multi/visibility-hidden/cxx11_decltype.o
libs/config/checks/test_case.cpp:716:7: error: #error "Defect macro BOOST_NO_CXX11_DECLTYPE is defined."
 #     error "Defect macro BOOST_NO_CXX11_DECLTYPE is defined."
       ^

    "g++"   -fvisibility-inlines-hidden -m64 -pthread -O3 -finline-functions -Wno-inline -Wall -fvisibility=hidden  -DBOOST_ALL_NO_LIB=1 -DNDEBUG -DTEST_BOOST_NO_CXX11_DECLTYPE  -I"."  -c -o "bin.v2/libs/config/checks/gcc-4.8/release/link-static/threading-multi/visibility-hidden/cxx11_decltype.o" "libs/config/checks/test_case.cpp"

...failed gcc.compile.c++ bin.v2/libs/config/checks/gcc-4.8/release/link-static/threading-multi/visibility-hidden/cxx11_decltype.o...
...failed updating 1 target...
...found 4 targets...
...updating 4 targets...
gcc.compile.c++ bin.v2/libs/json/gcc-4.8/release/link-static/threading-multi/visibility-hidden/check_basic_alignas.o
libs/json/check/basic_alignas.cpp:7:8: error: expected constructor, destructor, or type conversion before ‘(’ token
 alignas(16) char test1[10];
        ^
libs/json/check/basic_alignas.cpp:8:17: error: expected constructor, destructor, or type conversion before ‘char’
 alignas(double) char test2[10];
                 ^
libs/json/check/basic_alignas.cpp:9:22: error: expected constructor, destructor, or type conversion before ‘char’
 alignas(some_struct) char test3[10];
                      ^

    "g++"   -fvisibility-inlines-hidden -m64 -pthread -O3 -finline-functions -Wno-inline -Wall -fvisibility=hidden  -DBOOST_ALL_NO_LIB=1 -DNDEBUG  -I"."  -c -o "bin.v2/libs/json/gcc-4.8/release/link-static/threading-multi/visibility-hidden/check_basic_alignas.o" "libs/json/check/basic_alignas.cpp"

...failed gcc.compile.c++ bin.v2/libs/json/gcc-4.8/release/link-static/threading-multi/visibility-hidden/check_basic_alignas.o...
...failed updating 1 target...
...updated 3 targets...
...found 5 targets...
...updating 5 targets...
gcc.compile.c++ bin.v2/libs/locale/build/gcc-4.8/release/link-static/threading-multi/visibility-hidden/has_iconv_libc_obj.o
gcc.link bin.v2/libs/locale/build/gcc-4.8/release/link-static/threading-multi/visibility-hidden/has_iconv
...updated 5 targets...
...found 2 targets...
...updating 2 targets...
gcc.compile.c++ bin.v2/libs/locale/build/gcc-4.8/release/link-static/threading-multi/visibility-hidden/has_icu_obj.o
libs/locale/src/../build/has_icu_test.cpp: In function ‘int main()’:
libs/locale/src/../build/has_icu_test.cpp:26:12: warning: unused variable ‘c’ [-Wunused-variable]
    UChar32 c = ::u_charFromName(U_UNICODE_CHAR_NAME, "GREEK SMALL LETTER ALPHA", &err);
            ^
gcc.link bin.v2/libs/locale/build/gcc-4.8/release/link-static/threading-multi/visibility-hidden/has_icu
...updated 2 targets...
...found 5 targets...
...updating 5 targets...
gcc.compile.c++ bin.v2/libs/log/config/atomic-int32/gcc-4.8/release/link-static/pch-off/threading-multi/visibility-hidden/atomic_int32.o
...updated 5 targets...
...found 5 targets...
...updating 5 targets...
gcc.compile.c++ bin.v2/libs/log/config/native-syslog/gcc-4.8/release/link-static/pch-off/threading-multi/visibility-hidden/native_syslog.o
...updated 5 targets...
...found 5 targets...
...updating 5 targets...
gcc.compile.c++ bin.v2/libs/log/config/pthread-mutex-robust/gcc-4.8/release/link-static/pch-off/threading-multi/visibility-hidden/pthread_mutex_robust.o
...updated 5 targets...
...found 5 targets...
...updating 5 targets...
gcc.compile.c++ bin.v2/libs/log/config/x86-ext/gcc-4.8/release/link-static/pch-off/threading-multi/visibility-hidden/ssse3.o
...updated 5 targets...
...found 1 target...
...updating 1 target...
gcc.compile.c++ bin.v2/libs/log/config/x86-ext/gcc-4.8/release/link-static/pch-off/threading-multi/visibility-hidden/avx2.o
...updated 1 target...
...found 4 targets...
...updating 4 targets...
gcc.compile.c++ bin.v2/libs/math/config/gcc-4.8/release/link-static/threading-multi/visibility-hidden/has_gcc_visibility.o
...updated 4 targets...
...found 1 target...
...updating 1 target...
gcc.compile.c++ bin.v2/libs/config/checks/gcc-4.8/release/link-static/threading-multi/visibility-hidden/sfinae_expr.o
...updated 1 target...
...found 1 target...
...updating 1 target...
gcc.compile.c++ bin.v2/libs/config/checks/gcc-4.8/release/link-static/threading-multi/visibility-hidden/cxx11_unified_initialization_syntax.o
libs/config/checks/test_case.cpp:1091:7: error: #error "Defect macro BOOST_NO_CXX11_UNIFIED_INITIALIZATION_SYNTAX is defined."
 #     error "Defect macro BOOST_NO_CXX11_UNIFIED_INITIALIZATION_SYNTAX is defined."
       ^

    "g++"   -fvisibility-inlines-hidden -m64 -pthread -O3 -finline-functions -Wno-inline -Wall -fvisibility=hidden  -DBOOST_ALL_NO_LIB=1 -DNDEBUG -DTEST_BOOST_NO_CXX11_UNIFIED_INITIALIZATION_SYNTAX  -I"."  -c -o "bin.v2/libs/config/checks/gcc-4.8/release/link-static/threading-multi/visibility-hidden/cxx11_unified_initialization_syntax.o" "libs/config/checks/test_case.cpp"

...failed gcc.compile.c++ bin.v2/libs/config/checks/gcc-4.8/release/link-static/threading-multi/visibility-hidden/cxx11_unified_initialization_syntax.o...
...failed updating 1 target...
...found 1 target...
...updating 1 target...
gcc.compile.c++ bin.v2/libs/config/checks/gcc-4.8/release/link-static/threading-multi/visibility-hidden/cxx11_hdr_initializer_list.o
libs/config/checks/test_case.cpp:361:7: error: #error "Defect macro BOOST_NO_CXX11_HDR_INITIALIZER_LIST is defined."
 #     error "Defect macro BOOST_NO_CXX11_HDR_INITIALIZER_LIST is defined."
       ^

    "g++"   -fvisibility-inlines-hidden -m64 -pthread -O3 -finline-functions -Wno-inline -Wall -fvisibility=hidden  -DBOOST_ALL_NO_LIB=1 -DNDEBUG -DTEST_BOOST_NO_CXX11_HDR_INITIALIZER_LIST  -I"."  -c -o "bin.v2/libs/config/checks/gcc-4.8/release/link-static/threading-multi/visibility-hidden/cxx11_hdr_initializer_list.o" "libs/config/checks/test_case.cpp"

...failed gcc.compile.c++ bin.v2/libs/config/checks/gcc-4.8/release/link-static/threading-multi/visibility-hidden/cxx11_hdr_initializer_list.o...
...failed updating 1 target...
...found 1 target...
...updating 1 target...
gcc.compile.c++ bin.v2/libs/config/checks/gcc-4.8/release/link-static/threading-multi/visibility-hidden/cxx11_hdr_chrono.o
libs/config/checks/test_case.cpp:336:7: error: #error "Defect macro BOOST_NO_CXX11_HDR_CHRONO is defined."
 #     error "Defect macro BOOST_NO_CXX11_HDR_CHRONO is defined."
       ^

    "g++"   -fvisibility-inlines-hidden -m64 -pthread -O3 -finline-functions -Wno-inline -Wall -fvisibility=hidden  -DBOOST_ALL_NO_LIB=1 -DNDEBUG -DTEST_BOOST_NO_CXX11_HDR_CHRONO  -I"."  -c -o "bin.v2/libs/config/checks/gcc-4.8/release/link-static/threading-multi/visibility-hidden/cxx11_hdr_chrono.o" "libs/config/checks/test_case.cpp"

...failed gcc.compile.c++ bin.v2/libs/config/checks/gcc-4.8/release/link-static/threading-multi/visibility-hidden/cxx11_hdr_chrono.o...
...failed updating 1 target...
...found 1 target...
...updating 1 target...
gcc.compile.c++ bin.v2/libs/config/checks/gcc-4.8/release/link-static/threading-multi/visibility-hidden/cxx11_numeric_limits.o
libs/config/checks/test_case.cpp:431:7: error: #error "Defect macro BOOST_NO_CXX11_NUMERIC_LIMITS is defined."
 #     error "Defect macro BOOST_NO_CXX11_NUMERIC_LIMITS is defined."
       ^

    "g++"   -fvisibility-inlines-hidden -m64 -pthread -O3 -finline-functions -Wno-inline -Wall -fvisibility=hidden  -DBOOST_ALL_NO_LIB=1 -DNDEBUG -DTEST_BOOST_NO_CXX11_NUMERIC_LIMITS  -I"."  -c -o "bin.v2/libs/config/checks/gcc-4.8/release/link-static/threading-multi/visibility-hidden/cxx11_numeric_limits.o" "libs/config/checks/test_case.cpp"

...failed gcc.compile.c++ bin.v2/libs/config/checks/gcc-4.8/release/link-static/threading-multi/visibility-hidden/cxx11_numeric_limits.o...
...failed updating 1 target...
...found 1 target...
...updating 1 target...
gcc.compile.c++ bin.v2/libs/config/checks/gcc-4.8/release/link-static/threading-multi/visibility-hidden/cxx11_hdr_array.o
libs/config/checks/test_case.cpp:326:7: error: #error "Defect macro BOOST_NO_CXX11_HDR_ARRAY is defined."
 #     error "Defect macro BOOST_NO_CXX11_HDR_ARRAY is defined."
       ^

    "g++"   -fvisibility-inlines-hidden -m64 -pthread -O3 -finline-functions -Wno-inline -Wall -fvisibility=hidden  -DBOOST_ALL_NO_LIB=1 -DNDEBUG -DTEST_BOOST_NO_CXX11_HDR_ARRAY  -I"."  -c -o "bin.v2/libs/config/checks/gcc-4.8/release/link-static/threading-multi/visibility-hidden/cxx11_hdr_array.o" "libs/config/checks/test_case.cpp"

...failed gcc.compile.c++ bin.v2/libs/config/checks/gcc-4.8/release/link-static/threading-multi/visibility-hidden/cxx11_hdr_array.o...
...failed updating 1 target...
...found 1 target...
...updating 1 target...
gcc.compile.c++ bin.v2/libs/config/checks/gcc-4.8/release/link-static/threading-multi/visibility-hidden/cxx11_hdr_atomic.o
libs/config/checks/test_case.cpp:331:7: error: #error "Defect macro BOOST_NO_CXX11_HDR_ATOMIC is defined."
 #     error "Defect macro BOOST_NO_CXX11_HDR_ATOMIC is defined."
       ^

    "g++"   -fvisibility-inlines-hidden -m64 -pthread -O3 -finline-functions -Wno-inline -Wall -fvisibility=hidden  -DBOOST_ALL_NO_LIB=1 -DNDEBUG -DTEST_BOOST_NO_CXX11_HDR_ATOMIC  -I"."  -c -o "bin.v2/libs/config/checks/gcc-4.8/release/link-static/threading-multi/visibility-hidden/cxx11_hdr_atomic.o" "libs/config/checks/test_case.cpp"

...failed gcc.compile.c++ bin.v2/libs/config/checks/gcc-4.8/release/link-static/threading-multi/visibility-hidden/cxx11_hdr_atomic.o...
...failed updating 1 target...
...found 1 target...
...updating 1 target...
gcc.compile.c++ bin.v2/libs/config/checks/gcc-4.8/release/link-static/threading-multi/visibility-hidden/cxx11_hdr_type_traits.o
libs/config/checks/test_case.cpp:401:7: error: #error "Defect macro BOOST_NO_CXX11_HDR_TYPE_TRAITS is defined."
 #     error "Defect macro BOOST_NO_CXX11_HDR_TYPE_TRAITS is defined."
       ^

    "g++"   -fvisibility-inlines-hidden -m64 -pthread -O3 -finline-functions -Wno-inline -Wall -fvisibility=hidden  -DBOOST_ALL_NO_LIB=1 -DNDEBUG -DTEST_BOOST_NO_CXX11_HDR_TYPE_TRAITS  -I"."  -c -o "bin.v2/libs/config/checks/gcc-4.8/release/link-static/threading-multi/visibility-hidden/cxx11_hdr_type_traits.o" "libs/config/checks/test_case.cpp"

...failed gcc.compile.c++ bin.v2/libs/config/checks/gcc-4.8/release/link-static/threading-multi/visibility-hidden/cxx11_hdr_type_traits.o...
...failed updating 1 target...
...found 1 target...
...updating 1 target...
gcc.compile.c++ bin.v2/libs/config/checks/gcc-4.8/release/link-static/threading-multi/visibility-hidden/cxx11_allocator.o
libs/config/checks/test_case.cpp:301:7: error: #error "Defect macro BOOST_NO_CXX11_ALLOCATOR is defined."
 #     error "Defect macro BOOST_NO_CXX11_ALLOCATOR is defined."
       ^

    "g++"   -fvisibility-inlines-hidden -m64 -pthread -O3 -finline-functions -Wno-inline -Wall -fvisibility=hidden  -DBOOST_ALL_NO_LIB=1 -DNDEBUG -DTEST_BOOST_NO_CXX11_ALLOCATOR  -I"."  -c -o "bin.v2/libs/config/checks/gcc-4.8/release/link-static/threading-multi/visibility-hidden/cxx11_allocator.o" "libs/config/checks/test_case.cpp"

...failed gcc.compile.c++ bin.v2/libs/config/checks/gcc-4.8/release/link-static/threading-multi/visibility-hidden/cxx11_allocator.o...
...failed updating 1 target...
...found 1 target...
...updating 1 target...
gcc.compile.c++ bin.v2/libs/config/checks/gcc-4.8/release/link-static/threading-multi/visibility-hidden/cxx11_explicit_conversion_operators.o
libs/config/checks/test_case.cpp:766:7: error: #error "Defect macro BOOST_NO_CXX11_EXPLICIT_CONVERSION_OPERATORS is defined."
 #     error "Defect macro BOOST_NO_CXX11_EXPLICIT_CONVERSION_OPERATORS is defined."
       ^

    "g++"   -fvisibility-inlines-hidden -m64 -pthread -O3 -finline-functions -Wno-inline -Wall -fvisibility=hidden  -DBOOST_ALL_NO_LIB=1 -DNDEBUG -DTEST_BOOST_NO_CXX11_EXPLICIT_CONVERSION_OPERATORS  -I"."  -c -o "bin.v2/libs/config/checks/gcc-4.8/release/link-static/threading-multi/visibility-hidden/cxx11_explicit_conversion_operators.o" "libs/config/checks/test_case.cpp"

...failed gcc.compile.c++ bin.v2/libs/config/checks/gcc-4.8/release/link-static/threading-multi/visibility-hidden/cxx11_explicit_conversion_operators.o...
...failed updating 1 target...
...found 1 target...
...updating 1 target...
gcc.compile.c++ bin.v2/libs/config/checks/gcc-4.8/release/link-static/threading-multi/visibility-hidden/cxx11_static_assert.o
libs/config/checks/test_case.cpp:976:7: error: #error "Defect macro BOOST_NO_CXX11_STATIC_ASSERT is defined."
 #     error "Defect macro BOOST_NO_CXX11_STATIC_ASSERT is defined."
       ^

    "g++"   -fvisibility-inlines-hidden -m64 -pthread -O3 -finline-functions -Wno-inline -Wall -fvisibility=hidden  -DBOOST_ALL_NO_LIB=1 -DNDEBUG -DTEST_BOOST_NO_CXX11_STATIC_ASSERT  -I"."  -c -o "bin.v2/libs/config/checks/gcc-4.8/release/link-static/threading-multi/visibility-hidden/cxx11_static_assert.o" "libs/config/checks/test_case.cpp"

...failed gcc.compile.c++ bin.v2/libs/config/checks/gcc-4.8/release/link-static/threading-multi/visibility-hidden/cxx11_static_assert.o...
...failed updating 1 target...
...found 4 targets...
...updating 4 targets...
gcc.compile.c++ bin.v2/libs/nowide/config/gcc-4.8/release/link-static/threading-multi/visibility-hidden/cxx11_moveable_fstreams.o
libs/nowide/config/check_movable_fstreams.cpp: In function ‘void check()’:
libs/nowide/config/check_movable_fstreams.cpp:16:8: error: ‘std::fstream’ has no member named ‘swap’
     s1.swap(s2);
        ^
libs/nowide/config/check_movable_fstreams.cpp:17:10: error: ‘move’ is not a member of ‘std’
     s2 = std::move(s1);
          ^

    "g++"   -fvisibility-inlines-hidden -m64 -pthread -O3 -finline-functions -Wno-inline -Wall -fvisibility=hidden  -DBOOST_ALL_NO_LIB=1 -DNDEBUG  -I"."  -c -o "bin.v2/libs/nowide/config/gcc-4.8/release/link-static/threading-multi/visibility-hidden/cxx11_moveable_fstreams.o" "libs/nowide/config/check_movable_fstreams.cpp"

...failed gcc.compile.c++ bin.v2/libs/nowide/config/gcc-4.8/release/link-static/threading-multi/visibility-hidden/cxx11_moveable_fstreams.o...
...failed updating 1 target...
...updated 3 targets...
...found 2 targets...
...updating 2 targets...
gcc.compile.c++ bin.v2/libs/nowide/config/gcc-4.8/release/link-static/threading-multi/visibility-hidden/check_lfs_support.o
libs/nowide/config/check_lfs_support.cpp:29:5: warning: identifier ‘nullptr’ is a keyword in C++11 [-Wc++0x-compat]
     check(nullptr);
     ^
libs/nowide/config/check_lfs_support.cpp: In function ‘int main()’:
libs/nowide/config/check_lfs_support.cpp:29:11: error: ‘nullptr’ was not declared in this scope
     check(nullptr);
           ^

    "g++"   -fvisibility-inlines-hidden -m64 -pthread -O3 -finline-functions -Wno-inline -Wall -fvisibility=hidden  -DBOOST_ALL_NO_LIB=1 -DNDEBUG  -I"."  -c -o "bin.v2/libs/nowide/config/gcc-4.8/release/link-static/threading-multi/visibility-hidden/check_lfs_support.o" "libs/nowide/config/check_lfs_support.cpp"

...failed gcc.compile.c++ bin.v2/libs/nowide/config/gcc-4.8/release/link-static/threading-multi/visibility-hidden/check_lfs_support.o...
...skipped <pbin.v2/libs/nowide/config/gcc-4.8/release/link-static/threading-multi/visibility-hidden>lfs_support for lack of <pbin.v2/libs/nowide/config/gcc-4.8/release/link-static/threading-multi/visibility-hidden>check_lfs_support.o...
...failed updating 1 target...
...skipped 1 target...
...found 1 target...
...updating 1 target...
gcc.compile.c++ bin.v2/libs/nowide/config/gcc-4.8/release/link-static/threading-multi/visibility-hidden/attribute_init_priority.o
...updated 1 target...
...found 6 targets...
...updating 6 targets...
gcc.compile.c++ bin.v2/libs/stacktrace/build/gcc-4.8/release/link-static/threading-multi/visibility-hidden/has_backtrace.o
libs/stacktrace/build/has_backtrace.cpp:7:23: fatal error: backtrace.h: No such file or directory
 #include <backtrace.h>
                       ^
compilation terminated.

    "g++"   -fvisibility-inlines-hidden -m64 -pthread -O3 -finline-functions -Wno-inline -Wall -fvisibility=hidden  -DBOOST_ALL_NO_LIB=1 -DNDEBUG  -I"."  -c -o "bin.v2/libs/stacktrace/build/gcc-4.8/release/link-static/threading-multi/visibility-hidden/has_backtrace.o" "libs/stacktrace/build/has_backtrace.cpp"

...failed gcc.compile.c++ bin.v2/libs/stacktrace/build/gcc-4.8/release/link-static/threading-multi/visibility-hidden/has_backtrace.o...
...skipped <pbin.v2/libs/stacktrace/build/gcc-4.8/release/link-static/threading-multi/visibility-hidden>libbacktrace_exe for lack of <pbin.v2/libs/stacktrace/build/gcc-4.8/release/link-static/threading-multi/visibility-hidden>has_backtrace.o...
...skipped <pbin.v2/libs/stacktrace/build/gcc-4.8/release/link-static/threading-multi/visibility-hidden>libbacktrace.output for lack of <pbin.v2/libs/stacktrace/build/gcc-4.8/release/link-static/threading-multi/visibility-hidden>libbacktrace_exe...
...failed updating 1 target...
...skipped 2 targets...
...updated 3 targets...
...found 3 targets...
...updating 3 targets...
gcc.compile.c++ bin.v2/libs/stacktrace/build/gcc-4.8/release/link-static/threading-multi/visibility-hidden/has_addr2line.o
gcc.link bin.v2/libs/stacktrace/build/gcc-4.8/release/link-static/threading-multi/visibility-hidden/addr2line_exe
Jamfile</data1/devojyoti/PhD/P-AIRCARS/libraries/boost_1_77_0/libs/stacktrace/build>.mp_simple_run_action bin.v2/libs/stacktrace/build/gcc-4.8/release/link-static/threading-multi/visibility-hidden/addr2line.output
...updated 3 targets...
...found 3 targets...
...updating 3 targets...
gcc.compile.c++ bin.v2/libs/stacktrace/build/gcc-4.8/release/link-static/threading-multi/visibility-hidden/has_windbg.o
libs/stacktrace/build/has_windbg.cpp:8:21: fatal error: windows.h: No such file or directory
 #include <windows.h>
                     ^
compilation terminated.

    "g++"   -fvisibility-inlines-hidden -m64 -pthread -O3 -finline-functions -Wno-inline -Wall -fvisibility=hidden  -DBOOST_ALL_NO_LIB=1 -DNDEBUG  -I"."  -c -o "bin.v2/libs/stacktrace/build/gcc-4.8/release/link-static/threading-multi/visibility-hidden/has_windbg.o" "libs/stacktrace/build/has_windbg.cpp"

...failed gcc.compile.c++ bin.v2/libs/stacktrace/build/gcc-4.8/release/link-static/threading-multi/visibility-hidden/has_windbg.o...
...skipped <pbin.v2/libs/stacktrace/build/gcc-4.8/release/link-static/threading-multi/visibility-hidden>WinDbg_exe for lack of <pbin.v2/libs/stacktrace/build/gcc-4.8/release/link-static/threading-multi/visibility-hidden>has_windbg.o...
...skipped <pbin.v2/libs/stacktrace/build/gcc-4.8/release/link-static/threading-multi/visibility-hidden>WinDbg.output for lack of <pbin.v2/libs/stacktrace/build/gcc-4.8/release/link-static/threading-multi/visibility-hidden>WinDbg_exe...
...failed updating 1 target...
...skipped 2 targets...
...found 3 targets...
...updating 3 targets...
gcc.compile.c++ bin.v2/libs/stacktrace/build/gcc-4.8/release/link-static/threading-multi/visibility-hidden/has_windbg_cached.o
libs/stacktrace/build/has_windbg_cached.cpp:11:21: fatal error: windows.h: No such file or directory
 #include <windows.h>
                     ^
compilation terminated.

    "g++"   -fvisibility-inlines-hidden -m64 -pthread -O3 -finline-functions -Wno-inline -Wall -fvisibility=hidden  -DBOOST_ALL_NO_LIB=1 -DNDEBUG  -I"."  -c -o "bin.v2/libs/stacktrace/build/gcc-4.8/release/link-static/threading-multi/visibility-hidden/has_windbg_cached.o" "libs/stacktrace/build/has_windbg_cached.cpp"

...failed gcc.compile.c++ bin.v2/libs/stacktrace/build/gcc-4.8/release/link-static/threading-multi/visibility-hidden/has_windbg_cached.o...
...skipped <pbin.v2/libs/stacktrace/build/gcc-4.8/release/link-static/threading-multi/visibility-hidden>WinDbgCached_exe for lack of <pbin.v2/libs/stacktrace/build/gcc-4.8/release/link-static/threading-multi/visibility-hidden>has_windbg_cached.o...
...skipped <pbin.v2/libs/stacktrace/build/gcc-4.8/release/link-static/threading-multi/visibility-hidden>WinDbgCached.output for lack of <pbin.v2/libs/stacktrace/build/gcc-4.8/release/link-static/threading-multi/visibility-hidden>WinDbgCached_exe...
...failed updating 1 target...
...skipped 2 targets...
...found 1 target...
...updating 1 target...
config-cache.write bin.v2/project-cache.jam
...updated 1 target...
